chr1	chr2	policy	relative_flip	flip_source	n_eval_contacts	top1_accuracy	same_cross_accuracy	pmax_threshold_accuracy	pmax_threshold_recall
chr1	chr2	cis_selected_whole_chrom	0	cis_snp_truth_whole_chrom	1440	0.472916667	0.663194444	0.805555556	0.18125
chr1	chr2	pair_independent_trans_oracle	0	snp_truth_oracle	1440	0.472916667	0.663194444	0.805555556	0.18125
chr1	chr2	blind_geometry_nearest_pair_flip	0	blind_posterior_reconstruction_geometry	1440	0.472916667	0.663194444	0.805555556	0.18125
chr1	chr2	blind_posterior_geometry_agreement_pair_flip	0	blind_posterior_reconstruction_geometry	1440	0.472916667	0.663194444	0.805555556	0.18125
chr1	chr2	blind_high_pmax_geometry_pair_flip	0	blind_posterior_reconstruction_geometry	1440	0.472916667	0.663194444	0.805555556	0.18125
chr1	chr2	blind_margin_geometry_pair_flip	0	blind_posterior_reconstruction_geometry	1440	0.472916667	0.663194444	0.805555556	0.18125
chr1	chr3	cis_selected_whole_chrom	0	cis_snp_truth_whole_chrom	1036	0.215250965	0.448841699	0.25	0.0646718147
chr1	chr3	pair_independent_trans_oracle	1	snp_truth_oracle	1036	0.267374517	0.551158301	0.235074627	0.0608108108
chr1	chr3	blind_geometry_nearest_pair_flip	0	blind_posterior_reconstruction_geometry	1036	0.215250965	0.448841699	0.25	0.0646718147
chr1	chr3	blind_posterior_geometry_agreement_pair_flip	0	blind_posterior_reconstruction_geometry	1036	0.215250965	0.448841699	0.25	0.0646718147
chr1	chr3	blind_high_pmax_geometry_pair_flip	0	blind_posterior_reconstruction_geometry	1036	0.215250965	0.448841699	0.25	0.0646718147
chr1	chr3	blind_margin_geometry_pair_flip	0	blind_posterior_reconstruction_geometry	1036	0.215250965	0.448841699	0.25	0.0646718147
chr1	chr4	cis_selected_whole_chrom	0	cis_snp_truth_whole_chrom	1167	0.476435304	0.616966581	0.550744249	0.348757498
chr1	chr4	pair_independent_trans_oracle	0	snp_truth_oracle	1167	0.476435304	0.616966581	0.550744249	0.348757498
chr1	chr4	blind_geometry_nearest_pair_flip	0	blind_posterior_reconstruction_geometry	1167	0.476435304	0.616966581	0.550744249	0.348757498
chr1	chr4	blind_posterior_geometry_agreement_pair_flip	0	blind_posterior_reconstruction_geometry	1167	0.476435304	0.616966581	0.550744249	0.348757498
chr1	chr4	blind_high_pmax_geometry_pair_flip	0	blind_posterior_reconstruction_geometry	1167	0.476435304	0.616966581	0.550744249	0.348757498
chr1	chr4	blind_margin_geometry_pair_flip	0	blind_posterior_reconstruction_geometry	1167	0.476435304	0.616966581	0.550744249	0.348757498
chr1	chr5	cis_selected_whole_chrom	0	cis_snp_truth_whole_chrom	865	0.221965318	0.467052023	0.192477876	0.100578035
chr1	chr5	pair_independent_trans_oracle	1	snp_truth_oracle	865	0.287861272	0.532947977	0.307522124	0.160693642
chr1	chr5	blind_geometry_nearest_pair_flip	0	blind_posterior_reconstruction_geometry	865	0.221965318	0.467052023	0.192477876	0.100578035
chr1	chr5	blind_posterior_geometry_agreement_pair_flip	0	blind_posterior_reconstruction_geometry	865	0.221965318	0.467052023	0.192477876	0.100578035
chr1	chr5	blind_high_pmax_geometry_pair_flip	0	blind_posterior_reconstruction_geometry	865	0.221965318	0.467052023	0.192477876	0.100578035
chr1	chr5	blind_margin_geometry_pair_flip	0	blind_posterior_reconstruction_geometry	865	0.221965318	0.467052023	0.192477876	0.100578035
chr1	chr6	cis_selected_whole_chrom	0	cis_snp_truth_whole_chrom	1600	0.576875	0.691875	0.789272031	0.38625
chr1	chr6	pair_independent_trans_oracle	0	snp_truth_oracle	1600	0.576875	0.691875	0.789272031	0.38625
chr1	chr6	blind_geometry_nearest_pair_flip	0	blind_posterior_reconstruction_geometry	1600	0.576875	0.691875	0.789272031	0.38625
chr1	chr6	blind_posterior_geometry_agreement_pair_flip	0	blind_posterior_reconstruction_geometry	1600	0.576875	0.691875	0.789272031	0.38625
chr1	chr6	blind_high_pmax_geometry_pair_flip	0	blind_posterior_reconstruction_geometry	1600	0.576875	0.691875	0.789272031	0.38625
chr1	chr6	blind_margin_geometry_pair_flip	0	blind_posterior_reconstruction_geometry	1600	0.576875	0.691875	0.789272031	0.38625
chr1	chr7	cis_selected_whole_chrom	0	cis_snp_truth_whole_chrom	778	0.275064267	0.524421594	0.274223035	0.192802057
chr1	chr7	pair_independent_trans_oracle	0	snp_truth_oracle	778	0.275064267	0.524421594	0.274223035	0.192802057
chr1	chr7	blind_geometry_nearest_pair_flip	0	blind_posterior_reconstruction_geometry	778	0.275064267	0.524421594	0.274223035	0.192802057
chr1	chr7	blind_posterior_geometry_agreement_pair_flip	0	blind_posterior_reconstruction_geometry	778	0.275064267	0.524421594	0.274223035	0.192802057
chr1	chr7	blind_high_pmax_geometry_pair_flip	0	blind_posterior_reconstruction_geometry	778	0.275064267	0.524421594	0.274223035	0.192802057
chr1	chr7	blind_margin_geometry_pair_flip	0	blind_posterior_reconstruction_geometry	778	0.275064267	0.524421594	0.274223035	0.192802057
chr1	chr8	cis_selected_whole_chrom	0	cis_snp_truth_whole_chrom	1480	0.164864865	0.335135135	0.0786516854	0.0378378378
chr1	chr8	pair_independent_trans_oracle	1	snp_truth_oracle	1480	0.533783784	0.664864865	0.723314607	0.347972973
chr1	chr8	blind_geometry_nearest_pair_flip	0	blind_posterior_reconstruction_geometry	1480	0.164864865	0.335135135	0.0786516854	0.0378378378
chr1	chr8	blind_posterior_geometry_agreement_pair_flip	0	blind_posterior_reconstruction_geometry	1480	0.164864865	0.335135135	0.0786516854	0.0378378378
chr1	chr8	blind_high_pmax_geometry_pair_flip	0	blind_posterior_reconstruction_geometry	1480	0.164864865	0.335135135	0.0786516854	0.0378378378
chr1	chr8	blind_margin_geometry_pair_flip	0	blind_posterior_reconstruction_geometry	1480	0.164864865	0.335135135	0.0786516854	0.0378378378
chr1	chr9	cis_selected_whole_chrom	0	cis_snp_truth_whole_chrom	1116	0.224910394	0.419354839	0.216494845	0.0564516129
chr1	chr9	pair_independent_trans_oracle	1	snp_truth_oracle	1116	0.35483871	0.580645161	0.498281787	0.129928315
chr1	chr9	blind_geometry_nearest_pair_flip	0	blind_posterior_reconstruction_geometry	1116	0.224910394	0.419354839	0.216494845	0.0564516129
chr1	chr9	blind_posterior_geometry_agreement_pair_flip	0	blind_posterior_reconstruction_geometry	1116	0.224910394	0.419354839	0.216494845	0.0564516129
chr1	chr9	blind_high_pmax_geometry_pair_flip	0	blind_posterior_reconstruction_geometry	1116	0.224910394	0.419354839	0.216494845	0.0564516129
chr1	chr9	blind_margin_geometry_pair_flip	0	blind_posterior_reconstruction_geometry	1116	0.224910394	0.419354839	0.216494845	0.0564516129
chr1	chr10	cis_selected_whole_chrom	0	cis_snp_truth_whole_chrom	758	0.273087071	0.530343008	0.291770574	0.154353562
chr1	chr10	pair_independent_trans_oracle	0	snp_truth_oracle	758	0.273087071	0.530343008	0.291770574	0.154353562
chr1	chr10	blind_geometry_nearest_pair_flip	0	blind_posterior_reconstruction_geometry	758	0.273087071	0.530343008	0.291770574	0.154353562
chr1	chr10	blind_posterior_geometry_agreement_pair_flip	0	blind_posterior_reconstruction_geometry	758	0.273087071	0.530343008	0.291770574	0.154353562
chr1	chr10	blind_high_pmax_geometry_pair_flip	0	blind_posterior_reconstruction_geometry	758	0.273087071	0.530343008	0.291770574	0.154353562
chr1	chr10	blind_margin_geometry_pair_flip	0	blind_posterior_reconstruction_geometry	758	0.273087071	0.530343008	0.291770574	0.154353562
chr1	chr11	cis_selected_whole_chrom	0	cis_snp_truth_whole_chrom	1466	0.212141883	0.39154161	0.24845679	0.109822647
chr1	chr11	pair_independent_trans_oracle	1	snp_truth_oracle	1466	0.467257844	0.60845839	0.557098765	0.246248295
chr1	chr11	blind_geometry_nearest_pair_flip	0	blind_posterior_reconstruction_geometry	1466	0.212141883	0.39154161	0.24845679	0.109822647
chr1	chr11	blind_posterior_geometry_agreement_pair_flip	0	blind_posterior_reconstruction_geometry	1466	0.212141883	0.39154161	0.24845679	0.109822647
chr1	chr11	blind_high_pmax_geometry_pair_flip	0	blind_posterior_reconstruction_geometry	1466	0.212141883	0.39154161	0.24845679	0.109822647
chr1	chr11	blind_margin_geometry_pair_flip	0	blind_posterior_reconstruction_geometry	1466	0.212141883	0.39154161	0.24845679	0.109822647
chr1	chr12	cis_selected_whole_chrom	0	cis_snp_truth_whole_chrom	815	0.271165644	0.527607362	0.396103896	0.0748466258
chr1	chr12	pair_independent_trans_oracle	0	snp_truth_oracle	815	0.271165644	0.527607362	0.396103896	0.0748466258
chr1	chr12	blind_geometry_nearest_pair_flip	0	blind_posterior_reconstruction_geometry	815	0.271165644	0.527607362	0.396103896	0.0748466258
chr1	chr12	blind_posterior_geometry_agreement_pair_flip	0	blind_posterior_reconstruction_geometry	815	0.271165644	0.527607362	0.396103896	0.0748466258
chr1	chr12	blind_high_pmax_geometry_pair_flip	0	blind_posterior_reconstruction_geometry	815	0.271165644	0.527607362	0.396103896	0.0748466258
chr1	chr12	blind_margin_geometry_pair_flip	0	blind_posterior_reconstruction_geometry	815	0.271165644	0.527607362	0.396103896	0.0748466258
chr1	chr13	cis_selected_whole_chrom	0	cis_snp_truth_whole_chrom	897	0.258639911	0.468227425	0.280254777	0.0490523969
chr1	chr13	pair_independent_trans_oracle	0	snp_truth_oracle	897	0.258639911	0.468227425	0.280254777	0.0490523969
chr1	chr13	blind_geometry_nearest_pair_flip	0	blind_posterior_reconstruction_geometry	897	0.258639911	0.468227425	0.280254777	0.0490523969
chr1	chr13	blind_posterior_geometry_agreement_pair_flip	0	blind_posterior_reconstruction_geometry	897	0.258639911	0.468227425	0.280254777	0.0490523969
chr1	chr13	blind_high_pmax_geometry_pair_flip	0	blind_posterior_reconstruction_geometry	897	0.258639911	0.468227425	0.280254777	0.0490523969
chr1	chr13	blind_margin_geometry_pair_flip	0	blind_posterior_reconstruction_geometry	897	0.258639911	0.468227425	0.280254777	0.0490523969
chr1	chr14	cis_selected_whole_chrom	0	cis_snp_truth_whole_chrom	607	0.289950577	0.487644152	0.296875	0.187808896
chr1	chr14	pair_independent_trans_oracle	0	snp_truth_oracle	607	0.289950577	0.487644152	0.296875	0.187808896
chr1	chr14	blind_geometry_nearest_pair_flip	0	blind_posterior_reconstruction_geometry	607	0.289950577	0.487644152	0.296875	0.187808896
chr1	chr14	blind_posterior_geometry_agreement_pair_flip	0	blind_posterior_reconstruction_geometry	607	0.289950577	0.487644152	0.296875	0.187808896
chr1	chr14	blind_high_pmax_geometry_pair_flip	0	blind_posterior_reconstruction_geometry	607	0.289950577	0.487644152	0.296875	0.187808896
chr1	chr14	blind_margin_geometry_pair_flip	0	blind_posterior_reconstruction_geometry	607	0.289950577	0.487644152	0.296875	0.187808896
chr1	chr15	cis_selected_whole_chrom	0	cis_snp_truth_whole_chrom	966	0.152173913	0.35300207	0.107594937	0.0527950311
chr1	chr15	pair_independent_trans_oracle	1	snp_truth_oracle	966	0.50931677	0.64699793	0.689873418	0.338509317
chr1	chr15	blind_geometry_nearest_pair_flip	0	blind_posterior_reconstruction_geometry	966	0.152173913	0.35300207	0.107594937	0.0527950311
chr1	chr15	blind_posterior_geometry_agreement_pair_flip	0	blind_posterior_reconstruction_geometry	966	0.152173913	0.35300207	0.107594937	0.0527950311
chr1	chr15	blind_high_pmax_geometry_pair_flip	0	blind_posterior_reconstruction_geometry	966	0.152173913	0.35300207	0.107594937	0.0527950311
chr1	chr15	blind_margin_geometry_pair_flip	0	blind_posterior_reconstruction_geometry	966	0.152173913	0.35300207	0.107594937	0.0527950311
chr1	chr16	cis_selected_whole_chrom	0	cis_snp_truth_whole_chrom	548	0.27189781	0.49270073	0.202185792	0.0675182482
chr1	chr16	pair_independent_trans_oracle	0	snp_truth_oracle	548	0.27189781	0.49270073	0.202185792	0.0675182482
chr1	chr16	blind_geometry_nearest_pair_flip	0	blind_posterior_reconstruction_geometry	548	0.27189781	0.49270073	0.202185792	0.0675182482
chr1	chr16	blind_posterior_geometry_agreement_pair_flip	0	blind_posterior_reconstruction_geometry	548	0.27189781	0.49270073	0.202185792	0.0675182482
chr1	chr16	blind_high_pmax_geometry_pair_flip	0	blind_posterior_reconstruction_geometry	548	0.27189781	0.49270073	0.202185792	0.0675182482
chr1	chr16	blind_margin_geometry_pair_flip	0	blind_posterior_reconstruction_geometry	548	0.27189781	0.49270073	0.202185792	0.0675182482
chr1	chr17	cis_selected_whole_chrom	0	cis_snp_truth_whole_chrom	1142	0.436952715	0.647110333	0.779456193	0.22591944
chr1	chr17	pair_independent_trans_oracle	0	snp_truth_oracle	1142	0.436952715	0.647110333	0.779456193	0.22591944
chr1	chr17	blind_geometry_nearest_pair_flip	0	blind_posterior_reconstruction_geometry	1142	0.436952715	0.647110333	0.779456193	0.22591944
chr1	chr17	blind_posterior_geometry_agreement_pair_flip	0	blind_posterior_reconstruction_geometry	1142	0.436952715	0.647110333	0.779456193	0.22591944
chr1	chr17	blind_high_pmax_geometry_pair_flip	0	blind_posterior_reconstruction_geometry	1142	0.436952715	0.647110333	0.779456193	0.22591944
chr1	chr17	blind_margin_geometry_pair_flip	0	blind_posterior_reconstruction_geometry	1142	0.436952715	0.647110333	0.779456193	0.22591944
chr1	chr18	cis_selected_whole_chrom	0	cis_snp_truth_whole_chrom	570	0.263157895	0.51754386	0.272727273	0.0684210526
chr1	chr18	pair_independent_trans_oracle	0	snp_truth_oracle	570	0.263157895	0.51754386	0.272727273	0.0684210526
chr1	chr18	blind_geometry_nearest_pair_flip	0	blind_posterior_reconstruction_geometry	570	0.263157895	0.51754386	0.272727273	0.0684210526
chr1	chr18	blind_posterior_geometry_agreement_pair_flip	0	blind_posterior_reconstruction_geometry	570	0.263157895	0.51754386	0.272727273	0.0684210526
chr1	chr18	blind_high_pmax_geometry_pair_flip	0	blind_posterior_reconstruction_geometry	570	0.263157895	0.51754386	0.272727273	0.0684210526
chr1	chr18	blind_margin_geometry_pair_flip	0	blind_posterior_reconstruction_geometry	570	0.263157895	0.51754386	0.272727273	0.0684210526
chr1	chr19	cis_selected_whole_chrom	0	cis_snp_truth_whole_chrom	347	0.268011527	0.498559078	0.307692308	0.0922190202
chr1	chr19	pair_independent_trans_oracle	1	snp_truth_oracle	347	0.273775216	0.501440922	0.336538462	0.100864553
chr1	chr19	blind_geometry_nearest_pair_flip	0	blind_posterior_reconstruction_geometry	347	0.268011527	0.498559078	0.307692308	0.0922190202
chr1	chr19	blind_posterior_geometry_agreement_pair_flip	0	blind_posterior_reconstruction_geometry	347	0.268011527	0.498559078	0.307692308	0.0922190202
chr1	chr19	blind_high_pmax_geometry_pair_flip	0	blind_posterior_reconstruction_geometry	347	0.268011527	0.498559078	0.307692308	0.0922190202
chr1	chr19	blind_margin_geometry_pair_flip	0	blind_posterior_reconstruction_geometry	347	0.268011527	0.498559078	0.307692308	0.0922190202
chr1	chrX	cis_selected_whole_chrom	0	cis_snp_truth_whole_chrom	1233	0.406326034	0.597729116	0.534146341	0.177615572
chr1	chrX	pair_independent_trans_oracle	0	snp_truth_oracle	1233	0.406326034	0.597729116	0.534146341	0.177615572
chr1	chrX	blind_geometry_nearest_pair_flip	0	blind_posterior_reconstruction_geometry	1233	0.406326034	0.597729116	0.534146341	0.177615572
chr1	chrX	blind_posterior_geometry_agreement_pair_flip	0	blind_posterior_reconstruction_geometry	1233	0.406326034	0.597729116	0.534146341	0.177615572
chr1	chrX	blind_high_pmax_geometry_pair_flip	0	blind_posterior_reconstruction_geometry	1233	0.406326034	0.597729116	0.534146341	0.177615572
chr1	chrX	blind_margin_geometry_pair_flip	0	blind_posterior_reconstruction_geometry	1233	0.406326034	0.597729116	0.534146341	0.177615572
chr2	chr3	cis_selected_whole_chrom	0	cis_snp_truth_whole_chrom	1464	0.272540984	0.408469945	0.262222222	0.161202186
chr2	chr3	pair_independent_trans_oracle	1	snp_truth_oracle	1464	0.474043716	0.591530055	0.552222222	0.339480874
chr2	chr3	blind_geometry_nearest_pair_flip	0	blind_posterior_reconstruction_geometry	1464	0.272540984	0.408469945	0.262222222	0.161202186
chr2	chr3	blind_posterior_geometry_agreement_pair_flip	0	blind_posterior_reconstruction_geometry	1464	0.272540984	0.408469945	0.262222222	0.161202186
chr2	chr3	blind_high_pmax_geometry_pair_flip	0	blind_posterior_reconstruction_geometry	1464	0.272540984	0.408469945	0.262222222	0.161202186
chr2	chr3	blind_margin_geometry_pair_flip	0	blind_posterior_reconstruction_geometry	1464	0.272540984	0.408469945	0.262222222	0.161202186
chr2	chr4	cis_selected_whole_chrom	0	cis_snp_truth_whole_chrom	1382	0.584659913	0.743849493	0.756906077	0.396526773
chr2	chr4	pair_independent_trans_oracle	0	snp_truth_oracle	1382	0.584659913	0.743849493	0.756906077	0.396526773
chr2	chr4	blind_geometry_nearest_pair_flip	0	blind_posterior_reconstruction_geometry	1382	0.584659913	0.743849493	0.756906077	0.396526773
chr2	chr4	blind_posterior_geometry_agreement_pair_flip	0	blind_posterior_reconstruction_geometry	1382	0.584659913	0.743849493	0.756906077	0.396526773
chr2	chr4	blind_high_pmax_geometry_pair_flip	0	blind_posterior_reconstruction_geometry	1382	0.584659913	0.743849493	0.756906077	0.396526773
chr2	chr4	blind_margin_geometry_pair_flip	0	blind_posterior_reconstruction_geometry	1382	0.584659913	0.743849493	0.756906077	0.396526773
chr2	chr5	cis_selected_whole_chrom	0	cis_snp_truth_whole_chrom	864	0.241898148	0.476851852	0.2125	0.0393518519
chr2	chr5	pair_independent_trans_oracle	1	snp_truth_oracle	864	0.284722222	0.523148148	0.25625	0.0474537037
chr2	chr5	blind_geometry_nearest_pair_flip	0	blind_posterior_reconstruction_geometry	864	0.241898148	0.476851852	0.2125	0.0393518519
chr2	chr5	blind_posterior_geometry_agreement_pair_flip	0	blind_posterior_reconstruction_geometry	864	0.241898148	0.476851852	0.2125	0.0393518519
chr2	chr5	blind_high_pmax_geometry_pair_flip	0	blind_posterior_reconstruction_geometry	864	0.241898148	0.476851852	0.2125	0.0393518519
chr2	chr5	blind_margin_geometry_pair_flip	0	blind_posterior_reconstruction_geometry	864	0.241898148	0.476851852	0.2125	0.0393518519
chr2	chr6	cis_selected_whole_chrom	0	cis_snp_truth_whole_chrom	1660	0.658433735	0.753614458	0.772007042	0.528313253
chr2	chr6	pair_independent_trans_oracle	0	snp_truth_oracle	1660	0.658433735	0.753614458	0.772007042	0.528313253
chr2	chr6	blind_geometry_nearest_pair_flip	0	blind_posterior_reconstruction_geometry	1660	0.658433735	0.753614458	0.772007042	0.528313253
chr2	chr6	blind_posterior_geometry_agreement_pair_flip	0	blind_posterior_reconstruction_geometry	1660	0.658433735	0.753614458	0.772007042	0.528313253
chr2	chr6	blind_high_pmax_geometry_pair_flip	0	blind_posterior_reconstruction_geometry	1660	0.658433735	0.753614458	0.772007042	0.528313253
chr2	chr6	blind_margin_geometry_pair_flip	0	blind_posterior_reconstruction_geometry	1660	0.658433735	0.753614458	0.772007042	0.528313253
chr2	chr7	cis_selected_whole_chrom	0	cis_snp_truth_whole_chrom	1126	0.327708703	0.507104796	0.383015598	0.196269982
chr2	chr7	pair_independent_trans_oracle	0	snp_truth_oracle	1126	0.327708703	0.507104796	0.383015598	0.196269982
chr2	chr7	blind_geometry_nearest_pair_flip	0	blind_posterior_reconstruction_geometry	1126	0.327708703	0.507104796	0.383015598	0.196269982
chr2	chr7	blind_posterior_geometry_agreement_pair_flip	0	blind_posterior_reconstruction_geometry	1126	0.327708703	0.507104796	0.383015598	0.196269982
chr2	chr7	blind_high_pmax_geometry_pair_flip	0	blind_posterior_reconstruction_geometry	1126	0.327708703	0.507104796	0.383015598	0.196269982
chr2	chr7	blind_margin_geometry_pair_flip	0	blind_posterior_reconstruction_geometry	1126	0.327708703	0.507104796	0.383015598	0.196269982
chr2	chr8	cis_selected_whole_chrom	0	cis_snp_truth_whole_chrom	1477	0.127962085	0.255247123	0.0795918367	0.0528097495
chr2	chr8	pair_independent_trans_oracle	1	snp_truth_oracle	1477	0.582938389	0.744752877	0.715306122	0.474610697
chr2	chr8	blind_geometry_nearest_pair_flip	0	blind_posterior_reconstruction_geometry	1477	0.127962085	0.255247123	0.0795918367	0.0528097495
chr2	chr8	blind_posterior_geometry_agreement_pair_flip	0	blind_posterior_reconstruction_geometry	1477	0.127962085	0.255247123	0.0795918367	0.0528097495
chr2	chr8	blind_high_pmax_geometry_pair_flip	0	blind_posterior_reconstruction_geometry	1477	0.127962085	0.255247123	0.0795918367	0.0528097495
chr2	chr8	blind_margin_geometry_pair_flip	0	blind_posterior_reconstruction_geometry	1477	0.127962085	0.255247123	0.0795918367	0.0528097495
chr2	chr9	cis_selected_whole_chrom	0	cis_snp_truth_whole_chrom	1624	0.554187192	0.642857143	0.677339901	0.338669951
chr2	chr9	pair_independent_trans_oracle	0	snp_truth_oracle	1624	0.554187192	0.642857143	0.677339901	0.338669951
chr2	chr9	blind_geometry_nearest_pair_flip	0	blind_posterior_reconstruction_geometry	1624	0.554187192	0.642857143	0.677339901	0.338669951
chr2	chr9	blind_posterior_geometry_agreement_pair_flip	0	blind_posterior_reconstruction_geometry	1624	0.554187192	0.642857143	0.677339901	0.338669951
chr2	chr9	blind_high_pmax_geometry_pair_flip	0	blind_posterior_reconstruction_geometry	1624	0.554187192	0.642857143	0.677339901	0.338669951
chr2	chr9	blind_margin_geometry_pair_flip	0	blind_posterior_reconstruction_geometry	1624	0.554187192	0.642857143	0.677339901	0.338669951
chr2	chr10	cis_selected_whole_chrom	0	cis_snp_truth_whole_chrom	664	0.277108434	0.506024096	0.311258278	0.0707831325
chr2	chr10	pair_independent_trans_oracle	1	snp_truth_oracle	664	0.281626506	0.493975904	0.278145695	0.063253012
chr2	chr10	blind_geometry_nearest_pair_flip	0	blind_posterior_reconstruction_geometry	664	0.277108434	0.506024096	0.311258278	0.0707831325
chr2	chr10	blind_posterior_geometry_agreement_pair_flip	0	blind_posterior_reconstruction_geometry	664	0.277108434	0.506024096	0.311258278	0.0707831325
chr2	chr10	blind_high_pmax_geometry_pair_flip	0	blind_posterior_reconstruction_geometry	664	0.277108434	0.506024096	0.311258278	0.0707831325
chr2	chr10	blind_margin_geometry_pair_flip	0	blind_posterior_reconstruction_geometry	664	0.277108434	0.506024096	0.311258278	0.0707831325
chr2	chr11	cis_selected_whole_chrom	0	cis_snp_truth_whole_chrom	940	0.213829787	0.463829787	0.111111111	0.00957446809
chr2	chr11	pair_independent_trans_oracle	0	snp_truth_oracle	940	0.213829787	0.463829787	0.111111111	0.00957446809
chr2	chr11	blind_geometry_nearest_pair_flip	0	blind_posterior_reconstruction_geometry	940	0.213829787	0.463829787	0.111111111	0.00957446809
chr2	chr11	blind_posterior_geometry_agreement_pair_flip	0	blind_posterior_reconstruction_geometry	940	0.213829787	0.463829787	0.111111111	0.00957446809
chr2	chr11	blind_high_pmax_geometry_pair_flip	0	blind_posterior_reconstruction_geometry	940	0.213829787	0.463829787	0.111111111	0.00957446809
chr2	chr11	blind_margin_geometry_pair_flip	0	blind_posterior_reconstruction_geometry	940	0.213829787	0.463829787	0.111111111	0.00957446809
chr2	chr12	cis_selected_whole_chrom	0	cis_snp_truth_whole_chrom	701	0.236804565	0.519258203	0.185185185	0.0213980029
chr2	chr12	pair_independent_trans_oracle	1	snp_truth_oracle	701	0.259629101	0.480741797	0.222222222	0.0256776034
chr2	chr12	blind_geometry_nearest_pair_flip	0	blind_posterior_reconstruction_geometry	701	0.236804565	0.519258203	0.185185185	0.0213980029
chr2	chr12	blind_posterior_geometry_agreement_pair_flip	0	blind_posterior_reconstruction_geometry	701	0.236804565	0.519258203	0.185185185	0.0213980029
chr2	chr12	blind_high_pmax_geometry_pair_flip	0	blind_posterior_reconstruction_geometry	701	0.236804565	0.519258203	0.185185185	0.0213980029
chr2	chr12	blind_margin_geometry_pair_flip	0	blind_posterior_reconstruction_geometry	701	0.236804565	0.519258203	0.185185185	0.0213980029
chr2	chr13	cis_selected_whole_chrom	0	cis_snp_truth_whole_chrom	715	0.239160839	0.507692308	0.212121212	0.00979020979
chr2	chr13	pair_independent_trans_oracle	1	snp_truth_oracle	715	0.268531469	0.492307692	0.393939394	0.0181818182
chr2	chr13	blind_geometry_nearest_pair_flip	0	blind_posterior_reconstruction_geometry	715	0.239160839	0.507692308	0.212121212	0.00979020979
chr2	chr13	blind_posterior_geometry_agreement_pair_flip	0	blind_posterior_reconstruction_geometry	715	0.239160839	0.507692308	0.212121212	0.00979020979
chr2	chr13	blind_high_pmax_geometry_pair_flip	0	blind_posterior_reconstruction_geometry	715	0.239160839	0.507692308	0.212121212	0.00979020979
chr2	chr13	blind_margin_geometry_pair_flip	0	blind_posterior_reconstruction_geometry	715	0.239160839	0.507692308	0.212121212	0.00979020979
chr2	chr14	cis_selected_whole_chrom	0	cis_snp_truth_whole_chrom	635	0.234645669	0.519685039	0.244444444	0.155905512
chr2	chr14	pair_independent_trans_oracle	1	snp_truth_oracle	635	0.25511811	0.480314961	0.264197531	0.168503937
chr2	chr14	blind_geometry_nearest_pair_flip	0	blind_posterior_reconstruction_geometry	635	0.234645669	0.519685039	0.244444444	0.155905512
chr2	chr14	blind_posterior_geometry_agreement_pair_flip	0	blind_posterior_reconstruction_geometry	635	0.234645669	0.519685039	0.244444444	0.155905512
chr2	chr14	blind_high_pmax_geometry_pair_flip	0	blind_posterior_reconstruction_geometry	635	0.234645669	0.519685039	0.244444444	0.155905512
chr2	chr14	blind_margin_geometry_pair_flip	0	blind_posterior_reconstruction_geometry	635	0.234645669	0.519685039	0.244444444	0.155905512
chr2	chr15	cis_selected_whole_chrom	0	cis_snp_truth_whole_chrom	490	0.240816327	0.5	0.166666667	0.0306122449
chr2	chr15	pair_independent_trans_oracle	1	snp_truth_oracle	490	0.251020408	0.5	0.266666667	0.0489795918
chr2	chr15	blind_geometry_nearest_pair_flip	0	blind_posterior_reconstruction_geometry	490	0.240816327	0.5	0.166666667	0.0306122449
chr2	chr15	blind_posterior_geometry_agreement_pair_flip	0	blind_posterior_reconstruction_geometry	490	0.240816327	0.5	0.166666667	0.0306122449
chr2	chr15	blind_high_pmax_geometry_pair_flip	0	blind_posterior_reconstruction_geometry	490	0.240816327	0.5	0.166666667	0.0306122449
chr2	chr15	blind_margin_geometry_pair_flip	0	blind_posterior_reconstruction_geometry	490	0.240816327	0.5	0.166666667	0.0306122449
chr2	chr16	cis_selected_whole_chrom	0	cis_snp_truth_whole_chrom	1019	0.599607458	0.722276742	0.801512287	0.41609421
chr2	chr16	pair_independent_trans_oracle	0	snp_truth_oracle	1019	0.599607458	0.722276742	0.801512287	0.41609421
chr2	chr16	blind_geometry_nearest_pair_flip	0	blind_posterior_reconstruction_geometry	1019	0.599607458	0.722276742	0.801512287	0.41609421
chr2	chr16	blind_posterior_geometry_agreement_pair_flip	0	blind_posterior_reconstruction_geometry	1019	0.599607458	0.722276742	0.801512287	0.41609421
chr2	chr16	blind_high_pmax_geometry_pair_flip	0	blind_posterior_reconstruction_geometry	1019	0.599607458	0.722276742	0.801512287	0.41609421
chr2	chr16	blind_margin_geometry_pair_flip	0	blind_posterior_reconstruction_geometry	1019	0.599607458	0.722276742	0.801512287	0.41609421
chr2	chr17	cis_selected_whole_chrom	0	cis_snp_truth_whole_chrom	653	0.306278714	0.516079632	0.301754386	0.131699847
chr2	chr17	pair_independent_trans_oracle	0	snp_truth_oracle	653	0.306278714	0.516079632	0.301754386	0.131699847
chr2	chr17	blind_geometry_nearest_pair_flip	0	blind_posterior_reconstruction_geometry	653	0.306278714	0.516079632	0.301754386	0.131699847
chr2	chr17	blind_posterior_geometry_agreement_pair_flip	0	blind_posterior_reconstruction_geometry	653	0.306278714	0.516079632	0.301754386	0.131699847
chr2	chr17	blind_high_pmax_geometry_pair_flip	0	blind_posterior_reconstruction_geometry	653	0.306278714	0.516079632	0.301754386	0.131699847
chr2	chr17	blind_margin_geometry_pair_flip	0	blind_posterior_reconstruction_geometry	653	0.306278714	0.516079632	0.301754386	0.131699847
chr2	chr18	cis_selected_whole_chrom	0	cis_snp_truth_whole_chrom	568	0.241197183	0.544014085	0.262458472	0.139084507
chr2	chr18	pair_independent_trans_oracle	0	snp_truth_oracle	568	0.241197183	0.544014085	0.262458472	0.139084507
chr2	chr18	blind_geometry_nearest_pair_flip	0	blind_posterior_reconstruction_geometry	568	0.241197183	0.544014085	0.262458472	0.139084507
chr2	chr18	blind_posterior_geometry_agreement_pair_flip	0	blind_posterior_reconstruction_geometry	568	0.241197183	0.544014085	0.262458472	0.139084507
chr2	chr18	blind_high_pmax_geometry_pair_flip	0	blind_posterior_reconstruction_geometry	568	0.241197183	0.544014085	0.262458472	0.139084507
chr2	chr18	blind_margin_geometry_pair_flip	0	blind_posterior_reconstruction_geometry	568	0.241197183	0.544014085	0.262458472	0.139084507
chr2	chr19	cis_selected_whole_chrom	0	cis_snp_truth_whole_chrom	447	0.241610738	0.494407159	0.235955056	0.0469798658
chr2	chr19	pair_independent_trans_oracle	1	snp_truth_oracle	447	0.25950783	0.505592841	0.258426966	0.0514541387
chr2	chr19	blind_geometry_nearest_pair_flip	0	blind_posterior_reconstruction_geometry	447	0.241610738	0.494407159	0.235955056	0.0469798658
chr2	chr19	blind_posterior_geometry_agreement_pair_flip	0	blind_posterior_reconstruction_geometry	447	0.241610738	0.494407159	0.235955056	0.0469798658
chr2	chr19	blind_high_pmax_geometry_pair_flip	0	blind_posterior_reconstruction_geometry	447	0.241610738	0.494407159	0.235955056	0.0469798658
chr2	chr19	blind_margin_geometry_pair_flip	0	blind_posterior_reconstruction_geometry	447	0.241610738	0.494407159	0.235955056	0.0469798658
chr2	chrX	cis_selected_whole_chrom	0	cis_snp_truth_whole_chrom	735	0.296598639	0.459863946	0.444444444	0.103401361
chr2	chrX	pair_independent_trans_oracle	1	snp_truth_oracle	735	0.337414966	0.540136054	0.280701754	0.0653061224
chr2	chrX	blind_geometry_nearest_pair_flip	0	blind_posterior_reconstruction_geometry	735	0.296598639	0.459863946	0.444444444	0.103401361
chr2	chrX	blind_posterior_geometry_agreement_pair_flip	0	blind_posterior_reconstruction_geometry	735	0.296598639	0.459863946	0.444444444	0.103401361
chr2	chrX	blind_high_pmax_geometry_pair_flip	0	blind_posterior_reconstruction_geometry	735	0.296598639	0.459863946	0.444444444	0.103401361
chr2	chrX	blind_margin_geometry_pair_flip	0	blind_posterior_reconstruction_geometry	735	0.296598639	0.459863946	0.444444444	0.103401361
chr3	chr4	cis_selected_whole_chrom	0	cis_snp_truth_whole_chrom	870	0.279310345	0.488505747	0.257142857	0.0931034483
chr3	chr4	pair_independent_trans_oracle	0	snp_truth_oracle	870	0.279310345	0.488505747	0.257142857	0.0931034483
chr3	chr4	blind_geometry_nearest_pair_flip	0	blind_posterior_reconstruction_geometry	870	0.279310345	0.488505747	0.257142857	0.0931034483
chr3	chr4	blind_posterior_geometry_agreement_pair_flip	0	blind_posterior_reconstruction_geometry	870	0.279310345	0.488505747	0.257142857	0.0931034483
chr3	chr4	blind_high_pmax_geometry_pair_flip	0	blind_posterior_reconstruction_geometry	870	0.279310345	0.488505747	0.257142857	0.0931034483
chr3	chr4	blind_margin_geometry_pair_flip	0	blind_posterior_reconstruction_geometry	870	0.279310345	0.488505747	0.257142857	0.0931034483
chr3	chr5	cis_selected_whole_chrom	0	cis_snp_truth_whole_chrom	690	0.231884058	0.484057971	0.225225225	0.0362318841
chr3	chr5	pair_independent_trans_oracle	1	snp_truth_oracle	690	0.269565217	0.515942029	0.315315315	0.0507246377
chr3	chr5	blind_geometry_nearest_pair_flip	0	blind_posterior_reconstruction_geometry	690	0.231884058	0.484057971	0.225225225	0.0362318841
chr3	chr5	blind_posterior_geometry_agreement_pair_flip	0	blind_posterior_reconstruction_geometry	690	0.231884058	0.484057971	0.225225225	0.0362318841
chr3	chr5	blind_high_pmax_geometry_pair_flip	0	blind_posterior_reconstruction_geometry	690	0.231884058	0.484057971	0.225225225	0.0362318841
chr3	chr5	blind_margin_geometry_pair_flip	0	blind_posterior_reconstruction_geometry	690	0.231884058	0.484057971	0.225225225	0.0362318841
chr3	chr6	cis_selected_whole_chrom	0	cis_snp_truth_whole_chrom	683	0.245973646	0.527086384	0.25	0.0234260615
chr3	chr6	pair_independent_trans_oracle	0	snp_truth_oracle	683	0.245973646	0.527086384	0.25	0.0234260615
chr3	chr6	blind_geometry_nearest_pair_flip	0	blind_posterior_reconstruction_geometry	683	0.245973646	0.527086384	0.25	0.0234260615
chr3	chr6	blind_posterior_geometry_agreement_pair_flip	0	blind_posterior_reconstruction_geometry	683	0.245973646	0.527086384	0.25	0.0234260615
chr3	chr6	blind_high_pmax_geometry_pair_flip	0	blind_posterior_reconstruction_geometry	683	0.245973646	0.527086384	0.25	0.0234260615
chr3	chr6	blind_margin_geometry_pair_flip	0	blind_posterior_reconstruction_geometry	683	0.245973646	0.527086384	0.25	0.0234260615
chr3	chr7	cis_selected_whole_chrom	0	cis_snp_truth_whole_chrom	2113	0.504495977	0.668244203	0.759235669	0.282063417
chr3	chr7	pair_independent_trans_oracle	0	snp_truth_oracle	2113	0.504495977	0.668244203	0.759235669	0.282063417
chr3	chr7	blind_geometry_nearest_pair_flip	0	blind_posterior_reconstruction_geometry	2113	0.504495977	0.668244203	0.759235669	0.282063417
chr3	chr7	blind_posterior_geometry_agreement_pair_flip	0	blind_posterior_reconstruction_geometry	2113	0.504495977	0.668244203	0.759235669	0.282063417
chr3	chr7	blind_high_pmax_geometry_pair_flip	0	blind_posterior_reconstruction_geometry	2113	0.504495977	0.668244203	0.759235669	0.282063417
chr3	chr7	blind_margin_geometry_pair_flip	0	blind_posterior_reconstruction_geometry	2113	0.504495977	0.668244203	0.759235669	0.282063417
chr3	chr8	cis_selected_whole_chrom	0	cis_snp_truth_whole_chrom	1041	0.166186359	0.34870317	0.0294117647	0.00480307397
chr3	chr8	pair_independent_trans_oracle	1	snp_truth_oracle	1041	0.361191162	0.65129683	0.552941176	0.0902977906
chr3	chr8	blind_geometry_nearest_pair_flip	0	blind_posterior_reconstruction_geometry	1041	0.166186359	0.34870317	0.0294117647	0.00480307397
chr3	chr8	blind_posterior_geometry_agreement_pair_flip	0	blind_posterior_reconstruction_geometry	1041	0.166186359	0.34870317	0.0294117647	0.00480307397
chr3	chr8	blind_high_pmax_geometry_pair_flip	0	blind_posterior_reconstruction_geometry	1041	0.166186359	0.34870317	0.0294117647	0.00480307397
chr3	chr8	blind_margin_geometry_pair_flip	0	blind_posterior_reconstruction_geometry	1041	0.166186359	0.34870317	0.0294117647	0.00480307397
chr3	chr9	cis_selected_whole_chrom	0	cis_snp_truth_whole_chrom	528	0.261363636	0.517045455	0.263157895	0.00946969697
chr3	chr9	pair_independent_trans_oracle	0	snp_truth_oracle	528	0.261363636	0.517045455	0.263157895	0.00946969697
chr3	chr9	blind_geometry_nearest_pair_flip	0	blind_posterior_reconstruction_geometry	528	0.261363636	0.517045455	0.263157895	0.00946969697
chr3	chr9	blind_posterior_geometry_agreement_pair_flip	0	blind_posterior_reconstruction_geometry	528	0.261363636	0.517045455	0.263157895	0.00946969697
chr3	chr9	blind_high_pmax_geometry_pair_flip	0	blind_posterior_reconstruction_geometry	528	0.261363636	0.517045455	0.263157895	0.00946969697
chr3	chr9	blind_margin_geometry_pair_flip	0	blind_posterior_reconstruction_geometry	528	0.261363636	0.517045455	0.263157895	0.00946969697
chr3	chr10	cis_selected_whole_chrom	0	cis_snp_truth_whole_chrom	665	0.282706767	0.514285714	0.241645244	0.141353383
chr3	chr10	pair_independent_trans_oracle	0	snp_truth_oracle	665	0.282706767	0.514285714	0.241645244	0.141353383
chr3	chr10	blind_geometry_nearest_pair_flip	0	blind_posterior_reconstruction_geometry	665	0.282706767	0.514285714	0.241645244	0.141353383
chr3	chr10	blind_posterior_geometry_agreement_pair_flip	0	blind_posterior_reconstruction_geometry	665	0.282706767	0.514285714	0.241645244	0.141353383
chr3	chr10	blind_high_pmax_geometry_pair_flip	0	blind_posterior_reconstruction_geometry	665	0.282706767	0.514285714	0.241645244	0.141353383
chr3	chr10	blind_margin_geometry_pair_flip	0	blind_posterior_reconstruction_geometry	665	0.282706767	0.514285714	0.241645244	0.141353383
chr3	chr11	cis_selected_whole_chrom	0	cis_snp_truth_whole_chrom	772	0.211139896	0.510362694	0.255319149	0.0310880829
chr3	chr11	pair_independent_trans_oracle	1	snp_truth_oracle	772	0.264248705	0.489637306	0.212765957	0.0259067358
chr3	chr11	blind_geometry_nearest_pair_flip	0	blind_posterior_reconstruction_geometry	772	0.211139896	0.510362694	0.255319149	0.0310880829
chr3	chr11	blind_posterior_geometry_agreement_pair_flip	0	blind_posterior_reconstruction_geometry	772	0.211139896	0.510362694	0.255319149	0.0310880829
chr3	chr11	blind_high_pmax_geometry_pair_flip	0	blind_posterior_reconstruction_geometry	772	0.211139896	0.510362694	0.255319149	0.0310880829
chr3	chr11	blind_margin_geometry_pair_flip	0	blind_posterior_reconstruction_geometry	772	0.211139896	0.510362694	0.255319149	0.0310880829
chr3	chr12	cis_selected_whole_chrom	0	cis_snp_truth_whole_chrom	1358	0.277614138	0.455081001	0.289962825	0.114874816
chr3	chr12	pair_independent_trans_oracle	0	snp_truth_oracle	1358	0.277614138	0.455081001	0.289962825	0.114874816
chr3	chr12	blind_geometry_nearest_pair_flip	0	blind_posterior_reconstruction_geometry	1358	0.277614138	0.455081001	0.289962825	0.114874816
chr3	chr12	blind_posterior_geometry_agreement_pair_flip	0	blind_posterior_reconstruction_geometry	1358	0.277614138	0.455081001	0.289962825	0.114874816
chr3	chr12	blind_high_pmax_geometry_pair_flip	0	blind_posterior_reconstruction_geometry	1358	0.277614138	0.455081001	0.289962825	0.114874816
chr3	chr12	blind_margin_geometry_pair_flip	0	blind_posterior_reconstruction_geometry	1358	0.277614138	0.455081001	0.289962825	0.114874816
chr3	chr13	cis_selected_whole_chrom	0	cis_snp_truth_whole_chrom	1063	0.333019755	0.466603951	0.352017937	0.147695202
chr3	chr13	pair_independent_trans_oracle	1	snp_truth_oracle	1063	0.397930386	0.533396049	0.506726457	0.212605833
chr3	chr13	blind_geometry_nearest_pair_flip	0	blind_posterior_reconstruction_geometry	1063	0.333019755	0.466603951	0.352017937	0.147695202
chr3	chr13	blind_posterior_geometry_agreement_pair_flip	0	blind_posterior_reconstruction_geometry	1063	0.333019755	0.466603951	0.352017937	0.147695202
chr3	chr13	blind_high_pmax_geometry_pair_flip	0	blind_posterior_reconstruction_geometry	1063	0.333019755	0.466603951	0.352017937	0.147695202
chr3	chr13	blind_margin_geometry_pair_flip	0	blind_posterior_reconstruction_geometry	1063	0.333019755	0.466603951	0.352017937	0.147695202
chr3	chr14	cis_selected_whole_chrom	0	cis_snp_truth_whole_chrom	660	0.445454545	0.577272727	0.498452012	0.243939394
chr3	chr14	pair_independent_trans_oracle	0	snp_truth_oracle	660	0.445454545	0.577272727	0.498452012	0.243939394
chr3	chr14	blind_geometry_nearest_pair_flip	0	blind_posterior_reconstruction_geometry	660	0.445454545	0.577272727	0.498452012	0.243939394
chr3	chr14	blind_posterior_geometry_agreement_pair_flip	0	blind_posterior_reconstruction_geometry	660	0.445454545	0.577272727	0.498452012	0.243939394
chr3	chr14	blind_high_pmax_geometry_pair_flip	0	blind_posterior_reconstruction_geometry	660	0.445454545	0.577272727	0.498452012	0.243939394
chr3	chr14	blind_margin_geometry_pair_flip	0	blind_posterior_reconstruction_geometry	660	0.445454545	0.577272727	0.498452012	0.243939394
chr3	chr15	cis_selected_whole_chrom	0	cis_snp_truth_whole_chrom	607	0.166392092	0.327841845	0.115853659	0.0626029654
chr3	chr15	pair_independent_trans_oracle	1	snp_truth_oracle	607	0.169686985	0.672158155	0.146341463	0.07907743
chr3	chr15	blind_geometry_nearest_pair_flip	0	blind_posterior_reconstruction_geometry	607	0.166392092	0.327841845	0.115853659	0.0626029654
chr3	chr15	blind_posterior_geometry_agreement_pair_flip	0	blind_posterior_reconstruction_geometry	607	0.166392092	0.327841845	0.115853659	0.0626029654
chr3	chr15	blind_high_pmax_geometry_pair_flip	0	blind_posterior_reconstruction_geometry	607	0.166392092	0.327841845	0.115853659	0.0626029654
chr3	chr15	blind_margin_geometry_pair_flip	0	blind_posterior_reconstruction_geometry	607	0.166392092	0.327841845	0.115853659	0.0626029654
chr3	chr16	cis_selected_whole_chrom	0	cis_snp_truth_whole_chrom	340	0.229411765	0.476470588	0.277777778	0.0735294118
chr3	chr16	pair_independent_trans_oracle	1	snp_truth_oracle	340	0.261764706	0.523529412	0.133333333	0.0352941176
chr3	chr16	blind_geometry_nearest_pair_flip	0	blind_posterior_reconstruction_geometry	340	0.229411765	0.476470588	0.277777778	0.0735294118
chr3	chr16	blind_posterior_geometry_agreement_pair_flip	0	blind_posterior_reconstruction_geometry	340	0.229411765	0.476470588	0.277777778	0.0735294118
chr3	chr16	blind_high_pmax_geometry_pair_flip	0	blind_posterior_reconstruction_geometry	340	0.229411765	0.476470588	0.277777778	0.0735294118
chr3	chr16	blind_margin_geometry_pair_flip	0	blind_posterior_reconstruction_geometry	340	0.229411765	0.476470588	0.277777778	0.0735294118
chr3	chr17	cis_selected_whole_chrom	0	cis_snp_truth_whole_chrom	566	0.263250883	0.432862191	0.219653179	0.0671378092
chr3	chr17	pair_independent_trans_oracle	1	snp_truth_oracle	566	0.344522968	0.567137809	0.49132948	0.150176678
chr3	chr17	blind_geometry_nearest_pair_flip	0	blind_posterior_reconstruction_geometry	566	0.263250883	0.432862191	0.219653179	0.0671378092
chr3	chr17	blind_posterior_geometry_agreement_pair_flip	0	blind_posterior_reconstruction_geometry	566	0.263250883	0.432862191	0.219653179	0.0671378092
chr3	chr17	blind_high_pmax_geometry_pair_flip	0	blind_posterior_reconstruction_geometry	566	0.263250883	0.432862191	0.219653179	0.0671378092
chr3	chr17	blind_margin_geometry_pair_flip	0	blind_posterior_reconstruction_geometry	566	0.263250883	0.432862191	0.219653179	0.0671378092
chr3	chr18	cis_selected_whole_chrom	0	cis_snp_truth_whole_chrom	763	0.512450852	0.636959371	0.689873418	0.285714286
chr3	chr18	pair_independent_trans_oracle	0	snp_truth_oracle	763	0.512450852	0.636959371	0.689873418	0.285714286
chr3	chr18	blind_geometry_nearest_pair_flip	0	blind_posterior_reconstruction_geometry	763	0.512450852	0.636959371	0.689873418	0.285714286
chr3	chr18	blind_posterior_geometry_agreement_pair_flip	0	blind_posterior_reconstruction_geometry	763	0.512450852	0.636959371	0.689873418	0.285714286
chr3	chr18	blind_high_pmax_geometry_pair_flip	0	blind_posterior_reconstruction_geometry	763	0.512450852	0.636959371	0.689873418	0.285714286
chr3	chr18	blind_margin_geometry_pair_flip	0	blind_posterior_reconstruction_geometry	763	0.512450852	0.636959371	0.689873418	0.285714286
chr3	chr19	cis_selected_whole_chrom	0	cis_snp_truth_whole_chrom	464	0.200431034	0.407327586	0.131386861	0.0387931034
chr3	chr19	pair_independent_trans_oracle	0	snp_truth_oracle	464	0.200431034	0.407327586	0.131386861	0.0387931034
chr3	chr19	blind_geometry_nearest_pair_flip	0	blind_posterior_reconstruction_geometry	464	0.200431034	0.407327586	0.131386861	0.0387931034
chr3	chr19	blind_posterior_geometry_agreement_pair_flip	0	blind_posterior_reconstruction_geometry	464	0.200431034	0.407327586	0.131386861	0.0387931034
chr3	chr19	blind_high_pmax_geometry_pair_flip	0	blind_posterior_reconstruction_geometry	464	0.200431034	0.407327586	0.131386861	0.0387931034
chr3	chr19	blind_margin_geometry_pair_flip	0	blind_posterior_reconstruction_geometry	464	0.200431034	0.407327586	0.131386861	0.0387931034
chr3	chrX	cis_selected_whole_chrom	0	cis_snp_truth_whole_chrom	405	0.207407407	0.528395062	0.208333333	0.024691358
chr3	chrX	pair_independent_trans_oracle	1	snp_truth_oracle	405	0.224691358	0.471604938	0.166666667	0.0197530864
chr3	chrX	blind_geometry_nearest_pair_flip	0	blind_posterior_reconstruction_geometry	405	0.207407407	0.528395062	0.208333333	0.024691358
chr3	chrX	blind_posterior_geometry_agreement_pair_flip	0	blind_posterior_reconstruction_geometry	405	0.207407407	0.528395062	0.208333333	0.024691358
chr3	chrX	blind_high_pmax_geometry_pair_flip	0	blind_posterior_reconstruction_geometry	405	0.207407407	0.528395062	0.208333333	0.024691358
chr3	chrX	blind_margin_geometry_pair_flip	0	blind_posterior_reconstruction_geometry	405	0.207407407	0.528395062	0.208333333	0.024691358
chr4	chr5	cis_selected_whole_chrom	0	cis_snp_truth_whole_chrom	1849	0.386695511	0.488372093	0.4053076	0.181719849
chr4	chr5	pair_independent_trans_oracle	1	snp_truth_oracle	1849	0.420767983	0.511627907	0.545235223	0.244456463
chr4	chr5	blind_geometry_nearest_pair_flip	0	blind_posterior_reconstruction_geometry	1849	0.386695511	0.488372093	0.4053076	0.181719849
chr4	chr5	blind_posterior_geometry_agreement_pair_flip	0	blind_posterior_reconstruction_geometry	1849	0.386695511	0.488372093	0.4053076	0.181719849
chr4	chr5	blind_high_pmax_geometry_pair_flip	0	blind_posterior_reconstruction_geometry	1849	0.386695511	0.488372093	0.4053076	0.181719849
chr4	chr5	blind_margin_geometry_pair_flip	0	blind_posterior_reconstruction_geometry	1849	0.386695511	0.488372093	0.4053076	0.181719849
chr4	chr6	cis_selected_whole_chrom	0	cis_snp_truth_whole_chrom	741	0.36437247	0.577597841	0.450331126	0.183535762
chr4	chr6	pair_independent_trans_oracle	0	snp_truth_oracle	741	0.36437247	0.577597841	0.450331126	0.183535762
chr4	chr6	blind_geometry_nearest_pair_flip	0	blind_posterior_reconstruction_geometry	741	0.36437247	0.577597841	0.450331126	0.183535762
chr4	chr6	blind_posterior_geometry_agreement_pair_flip	0	blind_posterior_reconstruction_geometry	741	0.36437247	0.577597841	0.450331126	0.183535762
chr4	chr6	blind_high_pmax_geometry_pair_flip	0	blind_posterior_reconstruction_geometry	741	0.36437247	0.577597841	0.450331126	0.183535762
chr4	chr6	blind_margin_geometry_pair_flip	0	blind_posterior_reconstruction_geometry	741	0.36437247	0.577597841	0.450331126	0.183535762
chr4	chr7	cis_selected_whole_chrom	0	cis_snp_truth_whole_chrom	1423	0.454673226	0.629655657	0.498964803	0.338721012
chr4	chr7	pair_independent_trans_oracle	0	snp_truth_oracle	1423	0.454673226	0.629655657	0.498964803	0.338721012
chr4	chr7	blind_geometry_nearest_pair_flip	0	blind_posterior_reconstruction_geometry	1423	0.454673226	0.629655657	0.498964803	0.338721012
chr4	chr7	blind_posterior_geometry_agreement_pair_flip	0	blind_posterior_reconstruction_geometry	1423	0.454673226	0.629655657	0.498964803	0.338721012
chr4	chr7	blind_high_pmax_geometry_pair_flip	0	blind_posterior_reconstruction_geometry	1423	0.454673226	0.629655657	0.498964803	0.338721012
chr4	chr7	blind_margin_geometry_pair_flip	0	blind_posterior_reconstruction_geometry	1423	0.454673226	0.629655657	0.498964803	0.338721012
chr4	chr8	cis_selected_whole_chrom	0	cis_snp_truth_whole_chrom	623	0.32905297	0.529695024	0.4	0.00963081862
chr4	chr8	pair_independent_trans_oracle	0	snp_truth_oracle	623	0.32905297	0.529695024	0.4	0.00963081862
chr4	chr8	blind_geometry_nearest_pair_flip	0	blind_posterior_reconstruction_geometry	623	0.32905297	0.529695024	0.4	0.00963081862
chr4	chr8	blind_posterior_geometry_agreement_pair_flip	0	blind_posterior_reconstruction_geometry	623	0.32905297	0.529695024	0.4	0.00963081862
chr4	chr8	blind_high_pmax_geometry_pair_flip	0	blind_posterior_reconstruction_geometry	623	0.32905297	0.529695024	0.4	0.00963081862
chr4	chr8	blind_margin_geometry_pair_flip	0	blind_posterior_reconstruction_geometry	623	0.32905297	0.529695024	0.4	0.00963081862
chr4	chr9	cis_selected_whole_chrom	0	cis_snp_truth_whole_chrom	718	0.186629526	0.402506964	0.199300699	0.0793871866
chr4	chr9	pair_independent_trans_oracle	1	snp_truth_oracle	718	0.353760446	0.597493036	0.367132867	0.146239554
chr4	chr9	blind_geometry_nearest_pair_flip	0	blind_posterior_reconstruction_geometry	718	0.186629526	0.402506964	0.199300699	0.0793871866
chr4	chr9	blind_posterior_geometry_agreement_pair_flip	0	blind_posterior_reconstruction_geometry	718	0.186629526	0.402506964	0.199300699	0.0793871866
chr4	chr9	blind_high_pmax_geometry_pair_flip	0	blind_posterior_reconstruction_geometry	718	0.186629526	0.402506964	0.199300699	0.0793871866
chr4	chr9	blind_margin_geometry_pair_flip	0	blind_posterior_reconstruction_geometry	718	0.186629526	0.402506964	0.199300699	0.0793871866
chr4	chr10	cis_selected_whole_chrom	0	cis_snp_truth_whole_chrom	1850	0.711351351	0.776756757	0.809006211	0.563243243
chr4	chr10	pair_independent_trans_oracle	0	snp_truth_oracle	1850	0.711351351	0.776756757	0.809006211	0.563243243
chr4	chr10	blind_geometry_nearest_pair_flip	0	blind_posterior_reconstruction_geometry	1850	0.711351351	0.776756757	0.809006211	0.563243243
chr4	chr10	blind_posterior_geometry_agreement_pair_flip	0	blind_posterior_reconstruction_geometry	1850	0.711351351	0.776756757	0.809006211	0.563243243
chr4	chr10	blind_high_pmax_geometry_pair_flip	0	blind_posterior_reconstruction_geometry	1850	0.711351351	0.776756757	0.809006211	0.563243243
chr4	chr10	blind_margin_geometry_pair_flip	0	blind_posterior_reconstruction_geometry	1850	0.711351351	0.776756757	0.809006211	0.563243243
chr4	chr11	cis_selected_whole_chrom	0	cis_snp_truth_whole_chrom	649	0.25577812	0.530046225	0.222222222	0.0030816641
chr4	chr11	pair_independent_trans_oracle	0	snp_truth_oracle	649	0.25577812	0.530046225	0.222222222	0.0030816641
chr4	chr11	blind_geometry_nearest_pair_flip	0	blind_posterior_reconstruction_geometry	649	0.25577812	0.530046225	0.222222222	0.0030816641
chr4	chr11	blind_posterior_geometry_agreement_pair_flip	0	blind_posterior_reconstruction_geometry	649	0.25577812	0.530046225	0.222222222	0.0030816641
chr4	chr11	blind_high_pmax_geometry_pair_flip	0	blind_posterior_reconstruction_geometry	649	0.25577812	0.530046225	0.222222222	0.0030816641
chr4	chr11	blind_margin_geometry_pair_flip	0	blind_posterior_reconstruction_geometry	649	0.25577812	0.530046225	0.222222222	0.0030816641
chr4	chr12	cis_selected_whole_chrom	0	cis_snp_truth_whole_chrom	1104	0.115036232	0.737318841	0.104228122	0.0960144928
chr4	chr12	pair_independent_trans_oracle	1	snp_truth_oracle	1104	0.122282609	0.262681159	0.117010816	0.107789855
chr4	chr12	blind_geometry_nearest_pair_flip	0	blind_posterior_reconstruction_geometry	1104	0.115036232	0.737318841	0.104228122	0.0960144928
chr4	chr12	blind_posterior_geometry_agreement_pair_flip	0	blind_posterior_reconstruction_geometry	1104	0.115036232	0.737318841	0.104228122	0.0960144928
chr4	chr12	blind_high_pmax_geometry_pair_flip	0	blind_posterior_reconstruction_geometry	1104	0.115036232	0.737318841	0.104228122	0.0960144928
chr4	chr12	blind_margin_geometry_pair_flip	0	blind_posterior_reconstruction_geometry	1104	0.115036232	0.737318841	0.104228122	0.0960144928
chr4	chr13	cis_selected_whole_chrom	0	cis_snp_truth_whole_chrom	582	0.333333333	0.596219931	0.344748858	0.259450172
chr4	chr13	pair_independent_trans_oracle	0	snp_truth_oracle	582	0.333333333	0.596219931	0.344748858	0.259450172
chr4	chr13	blind_geometry_nearest_pair_flip	0	blind_posterior_reconstruction_geometry	582	0.333333333	0.596219931	0.344748858	0.259450172
chr4	chr13	blind_posterior_geometry_agreement_pair_flip	0	blind_posterior_reconstruction_geometry	582	0.333333333	0.596219931	0.344748858	0.259450172
chr4	chr13	blind_high_pmax_geometry_pair_flip	0	blind_posterior_reconstruction_geometry	582	0.333333333	0.596219931	0.344748858	0.259450172
chr4	chr13	blind_margin_geometry_pair_flip	0	blind_posterior_reconstruction_geometry	582	0.333333333	0.596219931	0.344748858	0.259450172
chr4	chr14	cis_selected_whole_chrom	0	cis_snp_truth_whole_chrom	629	0.271860095	0.491255962	0.612903226	0.0906200318
chr4	chr14	pair_independent_trans_oracle	0	snp_truth_oracle	629	0.271860095	0.491255962	0.612903226	0.0906200318
chr4	chr14	blind_geometry_nearest_pair_flip	0	blind_posterior_reconstruction_geometry	629	0.271860095	0.491255962	0.612903226	0.0906200318
chr4	chr14	blind_posterior_geometry_agreement_pair_flip	0	blind_posterior_reconstruction_geometry	629	0.271860095	0.491255962	0.612903226	0.0906200318
chr4	chr14	blind_high_pmax_geometry_pair_flip	0	blind_posterior_reconstruction_geometry	629	0.271860095	0.491255962	0.612903226	0.0906200318
chr4	chr14	blind_margin_geometry_pair_flip	0	blind_posterior_reconstruction_geometry	629	0.271860095	0.491255962	0.612903226	0.0906200318
chr4	chr15	cis_selected_whole_chrom	0	cis_snp_truth_whole_chrom	471	0.227176221	0.503184713	0.205882353	0.0148619958
chr4	chr15	pair_independent_trans_oracle	0	snp_truth_oracle	471	0.227176221	0.503184713	0.205882353	0.0148619958
chr4	chr15	blind_geometry_nearest_pair_flip	0	blind_posterior_reconstruction_geometry	471	0.227176221	0.503184713	0.205882353	0.0148619958
chr4	chr15	blind_posterior_geometry_agreement_pair_flip	0	blind_posterior_reconstruction_geometry	471	0.227176221	0.503184713	0.205882353	0.0148619958
chr4	chr15	blind_high_pmax_geometry_pair_flip	0	blind_posterior_reconstruction_geometry	471	0.227176221	0.503184713	0.205882353	0.0148619958
chr4	chr15	blind_margin_geometry_pair_flip	0	blind_posterior_reconstruction_geometry	471	0.227176221	0.503184713	0.205882353	0.0148619958
chr4	chr16	cis_selected_whole_chrom	0	cis_snp_truth_whole_chrom	568	0.339788732	0.572183099	0.34159292	0.339788732
chr4	chr16	pair_independent_trans_oracle	0	snp_truth_oracle	568	0.339788732	0.572183099	0.34159292	0.339788732
chr4	chr16	blind_geometry_nearest_pair_flip	0	blind_posterior_reconstruction_geometry	568	0.339788732	0.572183099	0.34159292	0.339788732
chr4	chr16	blind_posterior_geometry_agreement_pair_flip	0	blind_posterior_reconstruction_geometry	568	0.339788732	0.572183099	0.34159292	0.339788732
chr4	chr16	blind_high_pmax_geometry_pair_flip	0	blind_posterior_reconstruction_geometry	568	0.339788732	0.572183099	0.34159292	0.339788732
chr4	chr16	blind_margin_geometry_pair_flip	0	blind_posterior_reconstruction_geometry	568	0.339788732	0.572183099	0.34159292	0.339788732
chr4	chr17	cis_selected_whole_chrom	0	cis_snp_truth_whole_chrom	480	0.239583333	0.45	0.240793201	0.177083333
chr4	chr17	pair_independent_trans_oracle	0	snp_truth_oracle	480	0.239583333	0.45	0.240793201	0.177083333
chr4	chr17	blind_geometry_nearest_pair_flip	0	blind_posterior_reconstruction_geometry	480	0.239583333	0.45	0.240793201	0.177083333
chr4	chr17	blind_posterior_geometry_agreement_pair_flip	0	blind_posterior_reconstruction_geometry	480	0.239583333	0.45	0.240793201	0.177083333
chr4	chr17	blind_high_pmax_geometry_pair_flip	0	blind_posterior_reconstruction_geometry	480	0.239583333	0.45	0.240793201	0.177083333
chr4	chr17	blind_margin_geometry_pair_flip	0	blind_posterior_reconstruction_geometry	480	0.239583333	0.45	0.240793201	0.177083333
chr4	chr18	cis_selected_whole_chrom	0	cis_snp_truth_whole_chrom	424	0.297169811	0.554245283	0.538461538	0.016509434
chr4	chr18	pair_independent_trans_oracle	0	snp_truth_oracle	424	0.297169811	0.554245283	0.538461538	0.016509434
chr4	chr18	blind_geometry_nearest_pair_flip	0	blind_posterior_reconstruction_geometry	424	0.297169811	0.554245283	0.538461538	0.016509434
chr4	chr18	blind_posterior_geometry_agreement_pair_flip	0	blind_posterior_reconstruction_geometry	424	0.297169811	0.554245283	0.538461538	0.016509434
chr4	chr18	blind_high_pmax_geometry_pair_flip	0	blind_posterior_reconstruction_geometry	424	0.297169811	0.554245283	0.538461538	0.016509434
chr4	chr18	blind_margin_geometry_pair_flip	0	blind_posterior_reconstruction_geometry	424	0.297169811	0.554245283	0.538461538	0.016509434
chr4	chr19	cis_selected_whole_chrom	0	cis_snp_truth_whole_chrom	397	0.234256927	0.460957179	0.293478261	0.136020151
chr4	chr19	pair_independent_trans_oracle	1	snp_truth_oracle	397	0.317380353	0.539042821	0.298913043	0.138539043
chr4	chr19	blind_geometry_nearest_pair_flip	0	blind_posterior_reconstruction_geometry	397	0.234256927	0.460957179	0.293478261	0.136020151
chr4	chr19	blind_posterior_geometry_agreement_pair_flip	0	blind_posterior_reconstruction_geometry	397	0.234256927	0.460957179	0.293478261	0.136020151
chr4	chr19	blind_high_pmax_geometry_pair_flip	0	blind_posterior_reconstruction_geometry	397	0.234256927	0.460957179	0.293478261	0.136020151
chr4	chr19	blind_margin_geometry_pair_flip	0	blind_posterior_reconstruction_geometry	397	0.234256927	0.460957179	0.293478261	0.136020151
chr4	chrX	cis_selected_whole_chrom	0	cis_snp_truth_whole_chrom	898	0.679287305	0.756124722	0.740629685	0.550111359
chr4	chrX	pair_independent_trans_oracle	0	snp_truth_oracle	898	0.679287305	0.756124722	0.740629685	0.550111359
chr4	chrX	blind_geometry_nearest_pair_flip	0	blind_posterior_reconstruction_geometry	898	0.679287305	0.756124722	0.740629685	0.550111359
chr4	chrX	blind_posterior_geometry_agreement_pair_flip	0	blind_posterior_reconstruction_geometry	898	0.679287305	0.756124722	0.740629685	0.550111359
chr4	chrX	blind_high_pmax_geometry_pair_flip	0	blind_posterior_reconstruction_geometry	898	0.679287305	0.756124722	0.740629685	0.550111359
chr4	chrX	blind_margin_geometry_pair_flip	0	blind_posterior_reconstruction_geometry	898	0.679287305	0.756124722	0.740629685	0.550111359
chr5	chr6	cis_selected_whole_chrom	0	cis_snp_truth_whole_chrom	884	0.270361991	0.514705882	0.328431373	0.0757918552
chr5	chr6	pair_independent_trans_oracle	0	snp_truth_oracle	884	0.270361991	0.514705882	0.328431373	0.0757918552
chr5	chr6	blind_geometry_nearest_pair_flip	0	blind_posterior_reconstruction_geometry	884	0.270361991	0.514705882	0.328431373	0.0757918552
chr5	chr6	blind_posterior_geometry_agreement_pair_flip	0	blind_posterior_reconstruction_geometry	884	0.270361991	0.514705882	0.328431373	0.0757918552
chr5	chr6	blind_high_pmax_geometry_pair_flip	0	blind_posterior_reconstruction_geometry	884	0.270361991	0.514705882	0.328431373	0.0757918552
chr5	chr6	blind_margin_geometry_pair_flip	0	blind_posterior_reconstruction_geometry	884	0.270361991	0.514705882	0.328431373	0.0757918552
chr5	chr7	cis_selected_whole_chrom	0	cis_snp_truth_whole_chrom	650	0.204615385	0.46	0.206549118	0.126153846
chr5	chr7	pair_independent_trans_oracle	1	snp_truth_oracle	650	0.276923077	0.54	0.259445844	0.158461538
chr5	chr7	blind_geometry_nearest_pair_flip	0	blind_posterior_reconstruction_geometry	650	0.204615385	0.46	0.206549118	0.126153846
chr5	chr7	blind_posterior_geometry_agreement_pair_flip	0	blind_posterior_reconstruction_geometry	650	0.204615385	0.46	0.206549118	0.126153846
chr5	chr7	blind_high_pmax_geometry_pair_flip	0	blind_posterior_reconstruction_geometry	650	0.204615385	0.46	0.206549118	0.126153846
chr5	chr7	blind_margin_geometry_pair_flip	0	blind_posterior_reconstruction_geometry	650	0.204615385	0.46	0.206549118	0.126153846
chr5	chr8	cis_selected_whole_chrom	0	cis_snp_truth_whole_chrom	658	0.32674772	0.521276596	0.375	0.0410334347
chr5	chr8	pair_independent_trans_oracle	0	snp_truth_oracle	658	0.32674772	0.521276596	0.375	0.0410334347
chr5	chr8	blind_geometry_nearest_pair_flip	0	blind_posterior_reconstruction_geometry	658	0.32674772	0.521276596	0.375	0.0410334347
chr5	chr8	blind_posterior_geometry_agreement_pair_flip	0	blind_posterior_reconstruction_geometry	658	0.32674772	0.521276596	0.375	0.0410334347
chr5	chr8	blind_high_pmax_geometry_pair_flip	0	blind_posterior_reconstruction_geometry	658	0.32674772	0.521276596	0.375	0.0410334347
chr5	chr8	blind_margin_geometry_pair_flip	0	blind_posterior_reconstruction_geometry	658	0.32674772	0.521276596	0.375	0.0410334347
chr5	chr9	cis_selected_whole_chrom	0	cis_snp_truth_whole_chrom	2111	0.0800568451	0.273803884	0.036918138	0.0217906206
chr5	chr9	pair_independent_trans_oracle	1	snp_truth_oracle	2111	0.427759356	0.726196116	0.475120385	0.280435812
chr5	chr9	blind_geometry_nearest_pair_flip	0	blind_posterior_reconstruction_geometry	2111	0.0800568451	0.273803884	0.036918138	0.0217906206
chr5	chr9	blind_posterior_geometry_agreement_pair_flip	0	blind_posterior_reconstruction_geometry	2111	0.0800568451	0.273803884	0.036918138	0.0217906206
chr5	chr9	blind_high_pmax_geometry_pair_flip	0	blind_posterior_reconstruction_geometry	2111	0.0800568451	0.273803884	0.036918138	0.0217906206
chr5	chr9	blind_margin_geometry_pair_flip	0	blind_posterior_reconstruction_geometry	2111	0.0800568451	0.273803884	0.036918138	0.0217906206
chr5	chr10	cis_selected_whole_chrom	0	cis_snp_truth_whole_chrom	1519	0.452271231	0.603028308	0.622103387	0.229756419
chr5	chr10	pair_independent_trans_oracle	0	snp_truth_oracle	1519	0.452271231	0.603028308	0.622103387	0.229756419
chr5	chr10	blind_geometry_nearest_pair_flip	0	blind_posterior_reconstruction_geometry	1519	0.452271231	0.603028308	0.622103387	0.229756419
chr5	chr10	blind_posterior_geometry_agreement_pair_flip	0	blind_posterior_reconstruction_geometry	1519	0.452271231	0.603028308	0.622103387	0.229756419
chr5	chr10	blind_high_pmax_geometry_pair_flip	0	blind_posterior_reconstruction_geometry	1519	0.452271231	0.603028308	0.622103387	0.229756419
chr5	chr10	blind_margin_geometry_pair_flip	0	blind_posterior_reconstruction_geometry	1519	0.452271231	0.603028308	0.622103387	0.229756419
chr5	chr11	cis_selected_whole_chrom	0	cis_snp_truth_whole_chrom	786	0.410941476	0.638676845	0.459074733	0.328244275
chr5	chr11	pair_independent_trans_oracle	0	snp_truth_oracle	786	0.410941476	0.638676845	0.459074733	0.328244275
chr5	chr11	blind_geometry_nearest_pair_flip	0	blind_posterior_reconstruction_geometry	786	0.410941476	0.638676845	0.459074733	0.328244275
chr5	chr11	blind_posterior_geometry_agreement_pair_flip	0	blind_posterior_reconstruction_geometry	786	0.410941476	0.638676845	0.459074733	0.328244275
chr5	chr11	blind_high_pmax_geometry_pair_flip	0	blind_posterior_reconstruction_geometry	786	0.410941476	0.638676845	0.459074733	0.328244275
chr5	chr11	blind_margin_geometry_pair_flip	0	blind_posterior_reconstruction_geometry	786	0.410941476	0.638676845	0.459074733	0.328244275
chr5	chr12	cis_selected_whole_chrom	0	cis_snp_truth_whole_chrom	462	0.274891775	0.519480519	0.3	0.0324675325
chr5	chr12	pair_independent_trans_oracle	0	snp_truth_oracle	462	0.274891775	0.519480519	0.3	0.0324675325
chr5	chr12	blind_geometry_nearest_pair_flip	0	blind_posterior_reconstruction_geometry	462	0.274891775	0.519480519	0.3	0.0324675325
chr5	chr12	blind_posterior_geometry_agreement_pair_flip	0	blind_posterior_reconstruction_geometry	462	0.274891775	0.519480519	0.3	0.0324675325
chr5	chr12	blind_high_pmax_geometry_pair_flip	0	blind_posterior_reconstruction_geometry	462	0.274891775	0.519480519	0.3	0.0324675325
chr5	chr12	blind_margin_geometry_pair_flip	0	blind_posterior_reconstruction_geometry	462	0.274891775	0.519480519	0.3	0.0324675325
chr5	chr13	cis_selected_whole_chrom	0	cis_snp_truth_whole_chrom	641	0.326053042	0.508580343	0.37012987	0.0889235569
chr5	chr13	pair_independent_trans_oracle	0	snp_truth_oracle	641	0.326053042	0.508580343	0.37012987	0.0889235569
chr5	chr13	blind_geometry_nearest_pair_flip	0	blind_posterior_reconstruction_geometry	641	0.326053042	0.508580343	0.37012987	0.0889235569
chr5	chr13	blind_posterior_geometry_agreement_pair_flip	0	blind_posterior_reconstruction_geometry	641	0.326053042	0.508580343	0.37012987	0.0889235569
chr5	chr13	blind_high_pmax_geometry_pair_flip	0	blind_posterior_reconstruction_geometry	641	0.326053042	0.508580343	0.37012987	0.0889235569
chr5	chr13	blind_margin_geometry_pair_flip	0	blind_posterior_reconstruction_geometry	641	0.326053042	0.508580343	0.37012987	0.0889235569
chr5	chr14	cis_selected_whole_chrom	0	cis_snp_truth_whole_chrom	998	0.171342685	0.321643287	0.161616162	0.112224449
chr5	chr14	pair_independent_trans_oracle	1	snp_truth_oracle	998	0.524048096	0.678356713	0.595959596	0.413827655
chr5	chr14	blind_geometry_nearest_pair_flip	0	blind_posterior_reconstruction_geometry	998	0.171342685	0.321643287	0.161616162	0.112224449
chr5	chr14	blind_posterior_geometry_agreement_pair_flip	0	blind_posterior_reconstruction_geometry	998	0.171342685	0.321643287	0.161616162	0.112224449
chr5	chr14	blind_high_pmax_geometry_pair_flip	0	blind_posterior_reconstruction_geometry	998	0.171342685	0.321643287	0.161616162	0.112224449
chr5	chr14	blind_margin_geometry_pair_flip	0	blind_posterior_reconstruction_geometry	998	0.171342685	0.321643287	0.161616162	0.112224449
chr5	chr15	cis_selected_whole_chrom	0	cis_snp_truth_whole_chrom	563	0.245115453	0.46714032	0.3	0.0373001776
chr5	chr15	pair_independent_trans_oracle	0	snp_truth_oracle	563	0.245115453	0.46714032	0.3	0.0373001776
chr5	chr15	blind_geometry_nearest_pair_flip	0	blind_posterior_reconstruction_geometry	563	0.245115453	0.46714032	0.3	0.0373001776
chr5	chr15	blind_posterior_geometry_agreement_pair_flip	0	blind_posterior_reconstruction_geometry	563	0.245115453	0.46714032	0.3	0.0373001776
chr5	chr15	blind_high_pmax_geometry_pair_flip	0	blind_posterior_reconstruction_geometry	563	0.245115453	0.46714032	0.3	0.0373001776
chr5	chr15	blind_margin_geometry_pair_flip	0	blind_posterior_reconstruction_geometry	563	0.245115453	0.46714032	0.3	0.0373001776
chr5	chr16	cis_selected_whole_chrom	0	cis_snp_truth_whole_chrom	1282	0.31201248	0.489079563	0.318692543	0.243369735
chr5	chr16	pair_independent_trans_oracle	1	snp_truth_oracle	1282	0.383775351	0.510920437	0.42288049	0.322932917
chr5	chr16	blind_geometry_nearest_pair_flip	0	blind_posterior_reconstruction_geometry	1282	0.31201248	0.489079563	0.318692543	0.243369735
chr5	chr16	blind_posterior_geometry_agreement_pair_flip	0	blind_posterior_reconstruction_geometry	1282	0.31201248	0.489079563	0.318692543	0.243369735
chr5	chr16	blind_high_pmax_geometry_pair_flip	0	blind_posterior_reconstruction_geometry	1282	0.31201248	0.489079563	0.318692543	0.243369735
chr5	chr16	blind_margin_geometry_pair_flip	0	blind_posterior_reconstruction_geometry	1282	0.31201248	0.489079563	0.318692543	0.243369735
chr5	chr17	cis_selected_whole_chrom	0	cis_snp_truth_whole_chrom	398	0.221105528	0.51758794	0.153846154	0.00502512563
chr5	chr17	pair_independent_trans_oracle	1	snp_truth_oracle	398	0.24120603	0.48241206	0.0769230769	0.00251256281
chr5	chr17	blind_geometry_nearest_pair_flip	0	blind_posterior_reconstruction_geometry	398	0.221105528	0.51758794	0.153846154	0.00502512563
chr5	chr17	blind_posterior_geometry_agreement_pair_flip	0	blind_posterior_reconstruction_geometry	398	0.221105528	0.51758794	0.153846154	0.00502512563
chr5	chr17	blind_high_pmax_geometry_pair_flip	0	blind_posterior_reconstruction_geometry	398	0.221105528	0.51758794	0.153846154	0.00502512563
chr5	chr17	blind_margin_geometry_pair_flip	0	blind_posterior_reconstruction_geometry	398	0.221105528	0.51758794	0.153846154	0.00502512563
chr5	chr18	cis_selected_whole_chrom	0	cis_snp_truth_whole_chrom	1009	0.460852329	0.71258672	0.538714992	0.324083251
chr5	chr18	pair_independent_trans_oracle	0	snp_truth_oracle	1009	0.460852329	0.71258672	0.538714992	0.324083251
chr5	chr18	blind_geometry_nearest_pair_flip	0	blind_posterior_reconstruction_geometry	1009	0.460852329	0.71258672	0.538714992	0.324083251
chr5	chr18	blind_posterior_geometry_agreement_pair_flip	0	blind_posterior_reconstruction_geometry	1009	0.460852329	0.71258672	0.538714992	0.324083251
chr5	chr18	blind_high_pmax_geometry_pair_flip	0	blind_posterior_reconstruction_geometry	1009	0.460852329	0.71258672	0.538714992	0.324083251
chr5	chr18	blind_margin_geometry_pair_flip	0	blind_posterior_reconstruction_geometry	1009	0.460852329	0.71258672	0.538714992	0.324083251
chr5	chr19	cis_selected_whole_chrom	0	cis_snp_truth_whole_chrom	578	0.188581315	0.408304498	0.153333333	0.0397923875
chr5	chr19	pair_independent_trans_oracle	1	snp_truth_oracle	578	0.451557093	0.591695502	0.746666667	0.193771626
chr5	chr19	blind_geometry_nearest_pair_flip	0	blind_posterior_reconstruction_geometry	578	0.188581315	0.408304498	0.153333333	0.0397923875
chr5	chr19	blind_posterior_geometry_agreement_pair_flip	0	blind_posterior_reconstruction_geometry	578	0.188581315	0.408304498	0.153333333	0.0397923875
chr5	chr19	blind_high_pmax_geometry_pair_flip	0	blind_posterior_reconstruction_geometry	578	0.188581315	0.408304498	0.153333333	0.0397923875
chr5	chr19	blind_margin_geometry_pair_flip	0	blind_posterior_reconstruction_geometry	578	0.188581315	0.408304498	0.153333333	0.0397923875
chr5	chrX	cis_selected_whole_chrom	0	cis_snp_truth_whole_chrom	324	0.206790123	0.50308642	0.384615385	0.0154320988
chr5	chrX	pair_independent_trans_oracle	1	snp_truth_oracle	324	0.277777778	0.49691358	0.384615385	0.0154320988
chr5	chrX	blind_geometry_nearest_pair_flip	0	blind_posterior_reconstruction_geometry	324	0.206790123	0.50308642	0.384615385	0.0154320988
chr5	chrX	blind_posterior_geometry_agreement_pair_flip	0	blind_posterior_reconstruction_geometry	324	0.206790123	0.50308642	0.384615385	0.0154320988
chr5	chrX	blind_high_pmax_geometry_pair_flip	0	blind_posterior_reconstruction_geometry	324	0.206790123	0.50308642	0.384615385	0.0154320988
chr5	chrX	blind_margin_geometry_pair_flip	0	blind_posterior_reconstruction_geometry	324	0.206790123	0.50308642	0.384615385	0.0154320988
chr6	chr7	cis_selected_whole_chrom	0	cis_snp_truth_whole_chrom	634	0.3170347	0.528391167	0.337988827	0.190851735
chr6	chr7	pair_independent_trans_oracle	0	snp_truth_oracle	634	0.3170347	0.528391167	0.337988827	0.190851735
chr6	chr7	blind_geometry_nearest_pair_flip	0	blind_posterior_reconstruction_geometry	634	0.3170347	0.528391167	0.337988827	0.190851735
chr6	chr7	blind_posterior_geometry_agreement_pair_flip	0	blind_posterior_reconstruction_geometry	634	0.3170347	0.528391167	0.337988827	0.190851735
chr6	chr7	blind_high_pmax_geometry_pair_flip	0	blind_posterior_reconstruction_geometry	634	0.3170347	0.528391167	0.337988827	0.190851735
chr6	chr7	blind_margin_geometry_pair_flip	0	blind_posterior_reconstruction_geometry	634	0.3170347	0.528391167	0.337988827	0.190851735
chr6	chr8	cis_selected_whole_chrom	0	cis_snp_truth_whole_chrom	586	0.274744027	0.470989761	0.273542601	0.104095563
chr6	chr8	pair_independent_trans_oracle	1	snp_truth_oracle	586	0.288395904	0.529010239	0.278026906	0.105802048
chr6	chr8	blind_geometry_nearest_pair_flip	0	blind_posterior_reconstruction_geometry	586	0.274744027	0.470989761	0.273542601	0.104095563
chr6	chr8	blind_posterior_geometry_agreement_pair_flip	0	blind_posterior_reconstruction_geometry	586	0.274744027	0.470989761	0.273542601	0.104095563
chr6	chr8	blind_high_pmax_geometry_pair_flip	0	blind_posterior_reconstruction_geometry	586	0.274744027	0.470989761	0.273542601	0.104095563
chr6	chr8	blind_margin_geometry_pair_flip	0	blind_posterior_reconstruction_geometry	586	0.274744027	0.470989761	0.273542601	0.104095563
chr6	chr9	cis_selected_whole_chrom	0	cis_snp_truth_whole_chrom	896	0.229910714	0.395089286	0.114893617	0.0301339286
chr6	chr9	pair_independent_trans_oracle	1	snp_truth_oracle	896	0.435267857	0.604910714	0.795744681	0.208705357
chr6	chr9	blind_geometry_nearest_pair_flip	0	blind_posterior_reconstruction_geometry	896	0.229910714	0.395089286	0.114893617	0.0301339286
chr6	chr9	blind_posterior_geometry_agreement_pair_flip	0	blind_posterior_reconstruction_geometry	896	0.229910714	0.395089286	0.114893617	0.0301339286
chr6	chr9	blind_high_pmax_geometry_pair_flip	0	blind_posterior_reconstruction_geometry	896	0.229910714	0.395089286	0.114893617	0.0301339286
chr6	chr9	blind_margin_geometry_pair_flip	0	blind_posterior_reconstruction_geometry	896	0.229910714	0.395089286	0.114893617	0.0301339286
chr6	chr10	cis_selected_whole_chrom	0	cis_snp_truth_whole_chrom	1314	0.251902588	0.462709285	0.219339623	0.0707762557
chr6	chr10	pair_independent_trans_oracle	1	snp_truth_oracle	1314	0.398021309	0.537290715	0.613207547	0.197869102
chr6	chr10	blind_geometry_nearest_pair_flip	0	blind_posterior_reconstruction_geometry	1314	0.251902588	0.462709285	0.219339623	0.0707762557
chr6	chr10	blind_posterior_geometry_agreement_pair_flip	0	blind_posterior_reconstruction_geometry	1314	0.251902588	0.462709285	0.219339623	0.0707762557
chr6	chr10	blind_high_pmax_geometry_pair_flip	0	blind_posterior_reconstruction_geometry	1314	0.251902588	0.462709285	0.219339623	0.0707762557
chr6	chr10	blind_margin_geometry_pair_flip	0	blind_posterior_reconstruction_geometry	1314	0.251902588	0.462709285	0.219339623	0.0707762557
chr6	chr11	cis_selected_whole_chrom	0	cis_snp_truth_whole_chrom	707	0.237623762	0.468175389	0.218340611	0.0707213579
chr6	chr11	pair_independent_trans_oracle	1	snp_truth_oracle	707	0.25884017	0.531824611	0.23580786	0.0763790665
chr6	chr11	blind_geometry_nearest_pair_flip	0	blind_posterior_reconstruction_geometry	707	0.237623762	0.468175389	0.218340611	0.0707213579
chr6	chr11	blind_posterior_geometry_agreement_pair_flip	0	blind_posterior_reconstruction_geometry	707	0.237623762	0.468175389	0.218340611	0.0707213579
chr6	chr11	blind_high_pmax_geometry_pair_flip	0	blind_posterior_reconstruction_geometry	707	0.237623762	0.468175389	0.218340611	0.0707213579
chr6	chr11	blind_margin_geometry_pair_flip	0	blind_posterior_reconstruction_geometry	707	0.237623762	0.468175389	0.218340611	0.0707213579
chr6	chr12	cis_selected_whole_chrom	0	cis_snp_truth_whole_chrom	554	0.294223827	0.514440433	NA	0
chr6	chr12	pair_independent_trans_oracle	0	snp_truth_oracle	554	0.294223827	0.514440433	NA	0
chr6	chr12	blind_geometry_nearest_pair_flip	0	blind_posterior_reconstruction_geometry	554	0.294223827	0.514440433	NA	0
chr6	chr12	blind_posterior_geometry_agreement_pair_flip	0	blind_posterior_reconstruction_geometry	554	0.294223827	0.514440433	NA	0
chr6	chr12	blind_high_pmax_geometry_pair_flip	0	blind_posterior_reconstruction_geometry	554	0.294223827	0.514440433	NA	0
chr6	chr12	blind_margin_geometry_pair_flip	0	blind_posterior_reconstruction_geometry	554	0.294223827	0.514440433	NA	0
chr6	chr13	cis_selected_whole_chrom	0	cis_snp_truth_whole_chrom	861	0.457607433	0.658536585	0.527918782	0.241579559
chr6	chr13	pair_independent_trans_oracle	0	snp_truth_oracle	861	0.457607433	0.658536585	0.527918782	0.241579559
chr6	chr13	blind_geometry_nearest_pair_flip	0	blind_posterior_reconstruction_geometry	861	0.457607433	0.658536585	0.527918782	0.241579559
chr6	chr13	blind_posterior_geometry_agreement_pair_flip	0	blind_posterior_reconstruction_geometry	861	0.457607433	0.658536585	0.527918782	0.241579559
chr6	chr13	blind_high_pmax_geometry_pair_flip	0	blind_posterior_reconstruction_geometry	861	0.457607433	0.658536585	0.527918782	0.241579559
chr6	chr13	blind_margin_geometry_pair_flip	0	blind_posterior_reconstruction_geometry	861	0.457607433	0.658536585	0.527918782	0.241579559
chr6	chr14	cis_selected_whole_chrom	0	cis_snp_truth_whole_chrom	1449	0.41131815	0.51552795	0.477348066	0.298136646
chr6	chr14	pair_independent_trans_oracle	0	snp_truth_oracle	1449	0.41131815	0.51552795	0.477348066	0.298136646
chr6	chr14	blind_geometry_nearest_pair_flip	0	blind_posterior_reconstruction_geometry	1449	0.41131815	0.51552795	0.477348066	0.298136646
chr6	chr14	blind_posterior_geometry_agreement_pair_flip	0	blind_posterior_reconstruction_geometry	1449	0.41131815	0.51552795	0.477348066	0.298136646
chr6	chr14	blind_high_pmax_geometry_pair_flip	0	blind_posterior_reconstruction_geometry	1449	0.41131815	0.51552795	0.477348066	0.298136646
chr6	chr14	blind_margin_geometry_pair_flip	0	blind_posterior_reconstruction_geometry	1449	0.41131815	0.51552795	0.477348066	0.298136646
chr6	chr15	cis_selected_whole_chrom	0	cis_snp_truth_whole_chrom	568	0.230633803	0.434859155	0.1875	0.0422535211
chr6	chr15	pair_independent_trans_oracle	1	snp_truth_oracle	568	0.389084507	0.565140845	0.4375	0.0985915493
chr6	chr15	blind_geometry_nearest_pair_flip	0	blind_posterior_reconstruction_geometry	568	0.230633803	0.434859155	0.1875	0.0422535211
chr6	chr15	blind_posterior_geometry_agreement_pair_flip	0	blind_posterior_reconstruction_geometry	568	0.230633803	0.434859155	0.1875	0.0422535211
chr6	chr15	blind_high_pmax_geometry_pair_flip	0	blind_posterior_reconstruction_geometry	568	0.230633803	0.434859155	0.1875	0.0422535211
chr6	chr15	blind_margin_geometry_pair_flip	0	blind_posterior_reconstruction_geometry	568	0.230633803	0.434859155	0.1875	0.0422535211
chr6	chr16	cis_selected_whole_chrom	0	cis_snp_truth_whole_chrom	1190	0.621848739	0.78487395	0.870892019	0.311764706
chr6	chr16	pair_independent_trans_oracle	0	snp_truth_oracle	1190	0.621848739	0.78487395	0.870892019	0.311764706
chr6	chr16	blind_geometry_nearest_pair_flip	0	blind_posterior_reconstruction_geometry	1190	0.621848739	0.78487395	0.870892019	0.311764706
chr6	chr16	blind_posterior_geometry_agreement_pair_flip	0	blind_posterior_reconstruction_geometry	1190	0.621848739	0.78487395	0.870892019	0.311764706
chr6	chr16	blind_high_pmax_geometry_pair_flip	0	blind_posterior_reconstruction_geometry	1190	0.621848739	0.78487395	0.870892019	0.311764706
chr6	chr16	blind_margin_geometry_pair_flip	0	blind_posterior_reconstruction_geometry	1190	0.621848739	0.78487395	0.870892019	0.311764706
chr6	chr17	cis_selected_whole_chrom	0	cis_snp_truth_whole_chrom	482	0.273858921	0.468879668	0.22147651	0.0684647303
chr6	chr17	pair_independent_trans_oracle	1	snp_truth_oracle	482	0.371369295	0.531120332	0.362416107	0.112033195
chr6	chr17	blind_geometry_nearest_pair_flip	0	blind_posterior_reconstruction_geometry	482	0.273858921	0.468879668	0.22147651	0.0684647303
chr6	chr17	blind_posterior_geometry_agreement_pair_flip	0	blind_posterior_reconstruction_geometry	482	0.273858921	0.468879668	0.22147651	0.0684647303
chr6	chr17	blind_high_pmax_geometry_pair_flip	0	blind_posterior_reconstruction_geometry	482	0.273858921	0.468879668	0.22147651	0.0684647303
chr6	chr17	blind_margin_geometry_pair_flip	0	blind_posterior_reconstruction_geometry	482	0.273858921	0.468879668	0.22147651	0.0684647303
chr6	chr18	cis_selected_whole_chrom	0	cis_snp_truth_whole_chrom	775	0.2	0.398709677	0.125541126	0.0374193548
chr6	chr18	pair_independent_trans_oracle	1	snp_truth_oracle	775	0.291612903	0.601290323	0.411255411	0.122580645
chr6	chr18	blind_geometry_nearest_pair_flip	0	blind_posterior_reconstruction_geometry	775	0.2	0.398709677	0.125541126	0.0374193548
chr6	chr18	blind_posterior_geometry_agreement_pair_flip	0	blind_posterior_reconstruction_geometry	775	0.2	0.398709677	0.125541126	0.0374193548
chr6	chr18	blind_high_pmax_geometry_pair_flip	0	blind_posterior_reconstruction_geometry	775	0.2	0.398709677	0.125541126	0.0374193548
chr6	chr18	blind_margin_geometry_pair_flip	0	blind_posterior_reconstruction_geometry	775	0.2	0.398709677	0.125541126	0.0374193548
chr6	chr19	cis_selected_whole_chrom	0	cis_snp_truth_whole_chrom	712	0.594101124	0.706460674	0.859281437	0.403089888
chr6	chr19	pair_independent_trans_oracle	0	snp_truth_oracle	712	0.594101124	0.706460674	0.859281437	0.403089888
chr6	chr19	blind_geometry_nearest_pair_flip	0	blind_posterior_reconstruction_geometry	712	0.594101124	0.706460674	0.859281437	0.403089888
chr6	chr19	blind_posterior_geometry_agreement_pair_flip	0	blind_posterior_reconstruction_geometry	712	0.594101124	0.706460674	0.859281437	0.403089888
chr6	chr19	blind_high_pmax_geometry_pair_flip	0	blind_posterior_reconstruction_geometry	712	0.594101124	0.706460674	0.859281437	0.403089888
chr6	chr19	blind_margin_geometry_pair_flip	0	blind_posterior_reconstruction_geometry	712	0.594101124	0.706460674	0.859281437	0.403089888
chr6	chrX	cis_selected_whole_chrom	0	cis_snp_truth_whole_chrom	374	0.310160428	0.553475936	0.329113924	0.20855615
chr6	chrX	pair_independent_trans_oracle	0	snp_truth_oracle	374	0.310160428	0.553475936	0.329113924	0.20855615
chr6	chrX	blind_geometry_nearest_pair_flip	0	blind_posterior_reconstruction_geometry	374	0.310160428	0.553475936	0.329113924	0.20855615
chr6	chrX	blind_posterior_geometry_agreement_pair_flip	0	blind_posterior_reconstruction_geometry	374	0.310160428	0.553475936	0.329113924	0.20855615
chr6	chrX	blind_high_pmax_geometry_pair_flip	0	blind_posterior_reconstruction_geometry	374	0.310160428	0.553475936	0.329113924	0.20855615
chr6	chrX	blind_margin_geometry_pair_flip	0	blind_posterior_reconstruction_geometry	374	0.310160428	0.553475936	0.329113924	0.20855615
chr7	chr8	cis_selected_whole_chrom	0	cis_snp_truth_whole_chrom	719	0.21418637	0.458970793	0.146341463	0.0083449235
chr7	chr8	pair_independent_trans_oracle	0	snp_truth_oracle	719	0.21418637	0.458970793	0.146341463	0.0083449235
chr7	chr8	blind_geometry_nearest_pair_flip	0	blind_posterior_reconstruction_geometry	719	0.21418637	0.458970793	0.146341463	0.0083449235
chr7	chr8	blind_posterior_geometry_agreement_pair_flip	0	blind_posterior_reconstruction_geometry	719	0.21418637	0.458970793	0.146341463	0.0083449235
chr7	chr8	blind_high_pmax_geometry_pair_flip	0	blind_posterior_reconstruction_geometry	719	0.21418637	0.458970793	0.146341463	0.0083449235
chr7	chr8	blind_margin_geometry_pair_flip	0	blind_posterior_reconstruction_geometry	719	0.21418637	0.458970793	0.146341463	0.0083449235
chr7	chr9	cis_selected_whole_chrom	0	cis_snp_truth_whole_chrom	491	0.234215886	0.511201629	0.242307692	0.128309572
chr7	chr9	pair_independent_trans_oracle	0	snp_truth_oracle	491	0.234215886	0.511201629	0.242307692	0.128309572
chr7	chr9	blind_geometry_nearest_pair_flip	0	blind_posterior_reconstruction_geometry	491	0.234215886	0.511201629	0.242307692	0.128309572
chr7	chr9	blind_posterior_geometry_agreement_pair_flip	0	blind_posterior_reconstruction_geometry	491	0.234215886	0.511201629	0.242307692	0.128309572
chr7	chr9	blind_high_pmax_geometry_pair_flip	0	blind_posterior_reconstruction_geometry	491	0.234215886	0.511201629	0.242307692	0.128309572
chr7	chr9	blind_margin_geometry_pair_flip	0	blind_posterior_reconstruction_geometry	491	0.234215886	0.511201629	0.242307692	0.128309572
chr7	chr10	cis_selected_whole_chrom	0	cis_snp_truth_whole_chrom	542	0.282287823	0.540590406	0.363636364	0.0221402214
chr7	chr10	pair_independent_trans_oracle	0	snp_truth_oracle	542	0.282287823	0.540590406	0.363636364	0.0221402214
chr7	chr10	blind_geometry_nearest_pair_flip	0	blind_posterior_reconstruction_geometry	542	0.282287823	0.540590406	0.363636364	0.0221402214
chr7	chr10	blind_posterior_geometry_agreement_pair_flip	0	blind_posterior_reconstruction_geometry	542	0.282287823	0.540590406	0.363636364	0.0221402214
chr7	chr10	blind_high_pmax_geometry_pair_flip	0	blind_posterior_reconstruction_geometry	542	0.282287823	0.540590406	0.363636364	0.0221402214
chr7	chr10	blind_margin_geometry_pair_flip	0	blind_posterior_reconstruction_geometry	542	0.282287823	0.540590406	0.363636364	0.0221402214
chr7	chr11	cis_selected_whole_chrom	0	cis_snp_truth_whole_chrom	630	0.261904762	0.50952381	0.235772358	0.046031746
chr7	chr11	pair_independent_trans_oracle	0	snp_truth_oracle	630	0.261904762	0.50952381	0.235772358	0.046031746
chr7	chr11	blind_geometry_nearest_pair_flip	0	blind_posterior_reconstruction_geometry	630	0.261904762	0.50952381	0.235772358	0.046031746
chr7	chr11	blind_posterior_geometry_agreement_pair_flip	0	blind_posterior_reconstruction_geometry	630	0.261904762	0.50952381	0.235772358	0.046031746
chr7	chr11	blind_high_pmax_geometry_pair_flip	0	blind_posterior_reconstruction_geometry	630	0.261904762	0.50952381	0.235772358	0.046031746
chr7	chr11	blind_margin_geometry_pair_flip	0	blind_posterior_reconstruction_geometry	630	0.261904762	0.50952381	0.235772358	0.046031746
chr7	chr12	cis_selected_whole_chrom	0	cis_snp_truth_whole_chrom	980	0.254081633	0.401020408	0.131578947	0.0408163265
chr7	chr12	pair_independent_trans_oracle	0	snp_truth_oracle	980	0.254081633	0.401020408	0.131578947	0.0408163265
chr7	chr12	blind_geometry_nearest_pair_flip	0	blind_posterior_reconstruction_geometry	980	0.254081633	0.401020408	0.131578947	0.0408163265
chr7	chr12	blind_posterior_geometry_agreement_pair_flip	0	blind_posterior_reconstruction_geometry	980	0.254081633	0.401020408	0.131578947	0.0408163265
chr7	chr12	blind_high_pmax_geometry_pair_flip	0	blind_posterior_reconstruction_geometry	980	0.254081633	0.401020408	0.131578947	0.0408163265
chr7	chr12	blind_margin_geometry_pair_flip	0	blind_posterior_reconstruction_geometry	980	0.254081633	0.401020408	0.131578947	0.0408163265
chr7	chr13	cis_selected_whole_chrom	0	cis_snp_truth_whole_chrom	548	0.291970803	0.510948905	0.345679012	0.153284672
chr7	chr13	pair_independent_trans_oracle	0	snp_truth_oracle	548	0.291970803	0.510948905	0.345679012	0.153284672
chr7	chr13	blind_geometry_nearest_pair_flip	0	blind_posterior_reconstruction_geometry	548	0.291970803	0.510948905	0.345679012	0.153284672
chr7	chr13	blind_posterior_geometry_agreement_pair_flip	0	blind_posterior_reconstruction_geometry	548	0.291970803	0.510948905	0.345679012	0.153284672
chr7	chr13	blind_high_pmax_geometry_pair_flip	0	blind_posterior_reconstruction_geometry	548	0.291970803	0.510948905	0.345679012	0.153284672
chr7	chr13	blind_margin_geometry_pair_flip	0	blind_posterior_reconstruction_geometry	548	0.291970803	0.510948905	0.345679012	0.153284672
chr7	chr14	cis_selected_whole_chrom	0	cis_snp_truth_whole_chrom	840	0.188095238	0.358333333	0.117647059	0.0285714286
chr7	chr14	pair_independent_trans_oracle	1	snp_truth_oracle	840	0.216666667	0.641666667	0.171568627	0.0416666667
chr7	chr14	blind_geometry_nearest_pair_flip	0	blind_posterior_reconstruction_geometry	840	0.188095238	0.358333333	0.117647059	0.0285714286
chr7	chr14	blind_posterior_geometry_agreement_pair_flip	0	blind_posterior_reconstruction_geometry	840	0.188095238	0.358333333	0.117647059	0.0285714286
chr7	chr14	blind_high_pmax_geometry_pair_flip	0	blind_posterior_reconstruction_geometry	840	0.188095238	0.358333333	0.117647059	0.0285714286
chr7	chr14	blind_margin_geometry_pair_flip	0	blind_posterior_reconstruction_geometry	840	0.188095238	0.358333333	0.117647059	0.0285714286
chr7	chr15	cis_selected_whole_chrom	0	cis_snp_truth_whole_chrom	514	0.350194553	0.544747082	0.657142857	0.0447470817
chr7	chr15	pair_independent_trans_oracle	0	snp_truth_oracle	514	0.350194553	0.544747082	0.657142857	0.0447470817
chr7	chr15	blind_geometry_nearest_pair_flip	0	blind_posterior_reconstruction_geometry	514	0.350194553	0.544747082	0.657142857	0.0447470817
chr7	chr15	blind_posterior_geometry_agreement_pair_flip	0	blind_posterior_reconstruction_geometry	514	0.350194553	0.544747082	0.657142857	0.0447470817
chr7	chr15	blind_high_pmax_geometry_pair_flip	0	blind_posterior_reconstruction_geometry	514	0.350194553	0.544747082	0.657142857	0.0447470817
chr7	chr15	blind_margin_geometry_pair_flip	0	blind_posterior_reconstruction_geometry	514	0.350194553	0.544747082	0.657142857	0.0447470817
chr7	chr16	cis_selected_whole_chrom	0	cis_snp_truth_whole_chrom	339	0.233038348	0.457227139	0.277777778	0.103244838
chr7	chr16	pair_independent_trans_oracle	1	snp_truth_oracle	339	0.280235988	0.542772861	0.285714286	0.10619469
chr7	chr16	blind_geometry_nearest_pair_flip	0	blind_posterior_reconstruction_geometry	339	0.233038348	0.457227139	0.277777778	0.103244838
chr7	chr16	blind_posterior_geometry_agreement_pair_flip	0	blind_posterior_reconstruction_geometry	339	0.233038348	0.457227139	0.277777778	0.103244838
chr7	chr16	blind_high_pmax_geometry_pair_flip	0	blind_posterior_reconstruction_geometry	339	0.233038348	0.457227139	0.277777778	0.103244838
chr7	chr16	blind_margin_geometry_pair_flip	0	blind_posterior_reconstruction_geometry	339	0.233038348	0.457227139	0.277777778	0.103244838
chr7	chr17	cis_selected_whole_chrom	0	cis_snp_truth_whole_chrom	379	0.240105541	0.485488127	0.5	0.00263852243
chr7	chr17	pair_independent_trans_oracle	1	snp_truth_oracle	379	0.27176781	0.514511873	0.5	0.00263852243
chr7	chr17	blind_geometry_nearest_pair_flip	0	blind_posterior_reconstruction_geometry	379	0.240105541	0.485488127	0.5	0.00263852243
chr7	chr17	blind_posterior_geometry_agreement_pair_flip	0	blind_posterior_reconstruction_geometry	379	0.240105541	0.485488127	0.5	0.00263852243
chr7	chr17	blind_high_pmax_geometry_pair_flip	0	blind_posterior_reconstruction_geometry	379	0.240105541	0.485488127	0.5	0.00263852243
chr7	chr17	blind_margin_geometry_pair_flip	0	blind_posterior_reconstruction_geometry	379	0.240105541	0.485488127	0.5	0.00263852243
chr7	chr18	cis_selected_whole_chrom	0	cis_snp_truth_whole_chrom	1117	0.684870188	0.765443151	0.835680751	0.478066249
chr7	chr18	pair_independent_trans_oracle	0	snp_truth_oracle	1117	0.684870188	0.765443151	0.835680751	0.478066249
chr7	chr18	blind_geometry_nearest_pair_flip	0	blind_posterior_reconstruction_geometry	1117	0.684870188	0.765443151	0.835680751	0.478066249
chr7	chr18	blind_posterior_geometry_agreement_pair_flip	0	blind_posterior_reconstruction_geometry	1117	0.684870188	0.765443151	0.835680751	0.478066249
chr7	chr18	blind_high_pmax_geometry_pair_flip	0	blind_posterior_reconstruction_geometry	1117	0.684870188	0.765443151	0.835680751	0.478066249
chr7	chr18	blind_margin_geometry_pair_flip	0	blind_posterior_reconstruction_geometry	1117	0.684870188	0.765443151	0.835680751	0.478066249
chr7	chr19	cis_selected_whole_chrom	0	cis_snp_truth_whole_chrom	404	0.188118812	0.408415842	0.12244898	0.0148514851
chr7	chr19	pair_independent_trans_oracle	1	snp_truth_oracle	404	0.292079208	0.591584158	0.836734694	0.101485149
chr7	chr19	blind_geometry_nearest_pair_flip	0	blind_posterior_reconstruction_geometry	404	0.188118812	0.408415842	0.12244898	0.0148514851
chr7	chr19	blind_posterior_geometry_agreement_pair_flip	0	blind_posterior_reconstruction_geometry	404	0.188118812	0.408415842	0.12244898	0.0148514851
chr7	chr19	blind_high_pmax_geometry_pair_flip	0	blind_posterior_reconstruction_geometry	404	0.188118812	0.408415842	0.12244898	0.0148514851
chr7	chr19	blind_margin_geometry_pair_flip	0	blind_posterior_reconstruction_geometry	404	0.188118812	0.408415842	0.12244898	0.0148514851
chr7	chrX	cis_selected_whole_chrom	0	cis_snp_truth_whole_chrom	350	0.262857143	0.505714286	0.4375	0.02
chr7	chrX	pair_independent_trans_oracle	0	snp_truth_oracle	350	0.262857143	0.505714286	0.4375	0.02
chr7	chrX	blind_geometry_nearest_pair_flip	0	blind_posterior_reconstruction_geometry	350	0.262857143	0.505714286	0.4375	0.02
chr7	chrX	blind_posterior_geometry_agreement_pair_flip	0	blind_posterior_reconstruction_geometry	350	0.262857143	0.505714286	0.4375	0.02
chr7	chrX	blind_high_pmax_geometry_pair_flip	0	blind_posterior_reconstruction_geometry	350	0.262857143	0.505714286	0.4375	0.02
chr7	chrX	blind_margin_geometry_pair_flip	0	blind_posterior_reconstruction_geometry	350	0.262857143	0.505714286	0.4375	0.02
chr8	chr9	cis_selected_whole_chrom	0	cis_snp_truth_whole_chrom	472	0.296610169	0.502118644	0.340425532	0.203389831
chr8	chr9	pair_independent_trans_oracle	0	snp_truth_oracle	472	0.296610169	0.502118644	0.340425532	0.203389831
chr8	chr9	blind_geometry_nearest_pair_flip	0	blind_posterior_reconstruction_geometry	472	0.296610169	0.502118644	0.340425532	0.203389831
chr8	chr9	blind_posterior_geometry_agreement_pair_flip	0	blind_posterior_reconstruction_geometry	472	0.296610169	0.502118644	0.340425532	0.203389831
chr8	chr9	blind_high_pmax_geometry_pair_flip	0	blind_posterior_reconstruction_geometry	472	0.296610169	0.502118644	0.340425532	0.203389831
chr8	chr9	blind_margin_geometry_pair_flip	0	blind_posterior_reconstruction_geometry	472	0.296610169	0.502118644	0.340425532	0.203389831
chr8	chr10	cis_selected_whole_chrom	0	cis_snp_truth_whole_chrom	534	0.213483146	0.483146067	0.195876289	0.0711610487
chr8	chr10	pair_independent_trans_oracle	1	snp_truth_oracle	534	0.269662921	0.516853933	0.24742268	0.0898876404
chr8	chr10	blind_geometry_nearest_pair_flip	0	blind_posterior_reconstruction_geometry	534	0.213483146	0.483146067	0.195876289	0.0711610487
chr8	chr10	blind_posterior_geometry_agreement_pair_flip	0	blind_posterior_reconstruction_geometry	534	0.213483146	0.483146067	0.195876289	0.0711610487
chr8	chr10	blind_high_pmax_geometry_pair_flip	0	blind_posterior_reconstruction_geometry	534	0.213483146	0.483146067	0.195876289	0.0711610487
chr8	chr10	blind_margin_geometry_pair_flip	0	blind_posterior_reconstruction_geometry	534	0.213483146	0.483146067	0.195876289	0.0711610487
chr8	chr11	cis_selected_whole_chrom	0	cis_snp_truth_whole_chrom	2859	0.4795383	0.794333683	0.499597747	0.434417629
chr8	chr11	pair_independent_trans_oracle	0	snp_truth_oracle	2859	0.4795383	0.794333683	0.499597747	0.434417629
chr8	chr11	blind_geometry_nearest_pair_flip	0	blind_posterior_reconstruction_geometry	2859	0.4795383	0.794333683	0.499597747	0.434417629
chr8	chr11	blind_posterior_geometry_agreement_pair_flip	0	blind_posterior_reconstruction_geometry	2859	0.4795383	0.794333683	0.499597747	0.434417629
chr8	chr11	blind_high_pmax_geometry_pair_flip	0	blind_posterior_reconstruction_geometry	2859	0.4795383	0.794333683	0.499597747	0.434417629
chr8	chr11	blind_margin_geometry_pair_flip	0	blind_posterior_reconstruction_geometry	2859	0.4795383	0.794333683	0.499597747	0.434417629
chr8	chr12	cis_selected_whole_chrom	0	cis_snp_truth_whole_chrom	522	0.216475096	0.392720307	0.215384615	0.187739464
chr8	chr12	pair_independent_trans_oracle	1	snp_truth_oracle	522	0.381226054	0.607279693	0.371428571	0.323754789
chr8	chr12	blind_geometry_nearest_pair_flip	0	blind_posterior_reconstruction_geometry	522	0.216475096	0.392720307	0.215384615	0.187739464
chr8	chr12	blind_posterior_geometry_agreement_pair_flip	0	blind_posterior_reconstruction_geometry	522	0.216475096	0.392720307	0.215384615	0.187739464
chr8	chr12	blind_high_pmax_geometry_pair_flip	0	blind_posterior_reconstruction_geometry	522	0.216475096	0.392720307	0.215384615	0.187739464
chr8	chr12	blind_margin_geometry_pair_flip	0	blind_posterior_reconstruction_geometry	522	0.216475096	0.392720307	0.215384615	0.187739464
chr8	chr13	cis_selected_whole_chrom	0	cis_snp_truth_whole_chrom	662	0.234138973	0.574018127	0.186666667	0.0634441088
chr8	chr13	pair_independent_trans_oracle	0	snp_truth_oracle	662	0.234138973	0.574018127	0.186666667	0.0634441088
chr8	chr13	blind_geometry_nearest_pair_flip	0	blind_posterior_reconstruction_geometry	662	0.234138973	0.574018127	0.186666667	0.0634441088
chr8	chr13	blind_posterior_geometry_agreement_pair_flip	0	blind_posterior_reconstruction_geometry	662	0.234138973	0.574018127	0.186666667	0.0634441088
chr8	chr13	blind_high_pmax_geometry_pair_flip	0	blind_posterior_reconstruction_geometry	662	0.234138973	0.574018127	0.186666667	0.0634441088
chr8	chr13	blind_margin_geometry_pair_flip	0	blind_posterior_reconstruction_geometry	662	0.234138973	0.574018127	0.186666667	0.0634441088
chr8	chr14	cis_selected_whole_chrom	0	cis_snp_truth_whole_chrom	1031	0.392822502	0.511154219	0.482071713	0.234723569
chr8	chr14	pair_independent_trans_oracle	0	snp_truth_oracle	1031	0.392822502	0.511154219	0.482071713	0.234723569
chr8	chr14	blind_geometry_nearest_pair_flip	0	blind_posterior_reconstruction_geometry	1031	0.392822502	0.511154219	0.482071713	0.234723569
chr8	chr14	blind_posterior_geometry_agreement_pair_flip	0	blind_posterior_reconstruction_geometry	1031	0.392822502	0.511154219	0.482071713	0.234723569
chr8	chr14	blind_high_pmax_geometry_pair_flip	0	blind_posterior_reconstruction_geometry	1031	0.392822502	0.511154219	0.482071713	0.234723569
chr8	chr14	blind_margin_geometry_pair_flip	0	blind_posterior_reconstruction_geometry	1031	0.392822502	0.511154219	0.482071713	0.234723569
chr8	chr15	cis_selected_whole_chrom	0	cis_snp_truth_whole_chrom	1141	0.672217353	0.807186678	0.739030023	0.560911481
chr8	chr15	pair_independent_trans_oracle	0	snp_truth_oracle	1141	0.672217353	0.807186678	0.739030023	0.560911481
chr8	chr15	blind_geometry_nearest_pair_flip	0	blind_posterior_reconstruction_geometry	1141	0.672217353	0.807186678	0.739030023	0.560911481
chr8	chr15	blind_posterior_geometry_agreement_pair_flip	0	blind_posterior_reconstruction_geometry	1141	0.672217353	0.807186678	0.739030023	0.560911481
chr8	chr15	blind_high_pmax_geometry_pair_flip	0	blind_posterior_reconstruction_geometry	1141	0.672217353	0.807186678	0.739030023	0.560911481
chr8	chr15	blind_margin_geometry_pair_flip	0	blind_posterior_reconstruction_geometry	1141	0.672217353	0.807186678	0.739030023	0.560911481
chr8	chr16	cis_selected_whole_chrom	0	cis_snp_truth_whole_chrom	376	0.25	0.486702128	0.338461538	0.0585106383
chr8	chr16	pair_independent_trans_oracle	1	snp_truth_oracle	376	0.279255319	0.513297872	0.246153846	0.0425531915
chr8	chr16	blind_geometry_nearest_pair_flip	0	blind_posterior_reconstruction_geometry	376	0.25	0.486702128	0.338461538	0.0585106383
chr8	chr16	blind_posterior_geometry_agreement_pair_flip	0	blind_posterior_reconstruction_geometry	376	0.25	0.486702128	0.338461538	0.0585106383
chr8	chr16	blind_high_pmax_geometry_pair_flip	0	blind_posterior_reconstruction_geometry	376	0.25	0.486702128	0.338461538	0.0585106383
chr8	chr16	blind_margin_geometry_pair_flip	0	blind_posterior_reconstruction_geometry	376	0.25	0.486702128	0.338461538	0.0585106383
chr8	chr17	cis_selected_whole_chrom	0	cis_snp_truth_whole_chrom	477	0.352201258	0.612159329	0.378548896	0.251572327
chr8	chr17	pair_independent_trans_oracle	0	snp_truth_oracle	477	0.352201258	0.612159329	0.378548896	0.251572327
chr8	chr17	blind_geometry_nearest_pair_flip	0	blind_posterior_reconstruction_geometry	477	0.352201258	0.612159329	0.378548896	0.251572327
chr8	chr17	blind_posterior_geometry_agreement_pair_flip	0	blind_posterior_reconstruction_geometry	477	0.352201258	0.612159329	0.378548896	0.251572327
chr8	chr17	blind_high_pmax_geometry_pair_flip	0	blind_posterior_reconstruction_geometry	477	0.352201258	0.612159329	0.378548896	0.251572327
chr8	chr17	blind_margin_geometry_pair_flip	0	blind_posterior_reconstruction_geometry	477	0.352201258	0.612159329	0.378548896	0.251572327
chr8	chr18	cis_selected_whole_chrom	0	cis_snp_truth_whole_chrom	435	0.305747126	0.496551724	0.323943662	0.211494253
chr8	chr18	pair_independent_trans_oracle	0	snp_truth_oracle	435	0.305747126	0.496551724	0.323943662	0.211494253
chr8	chr18	blind_geometry_nearest_pair_flip	0	blind_posterior_reconstruction_geometry	435	0.305747126	0.496551724	0.323943662	0.211494253
chr8	chr18	blind_posterior_geometry_agreement_pair_flip	0	blind_posterior_reconstruction_geometry	435	0.305747126	0.496551724	0.323943662	0.211494253
chr8	chr18	blind_high_pmax_geometry_pair_flip	0	blind_posterior_reconstruction_geometry	435	0.305747126	0.496551724	0.323943662	0.211494253
chr8	chr18	blind_margin_geometry_pair_flip	0	blind_posterior_reconstruction_geometry	435	0.305747126	0.496551724	0.323943662	0.211494253
chr8	chr19	cis_selected_whole_chrom	0	cis_snp_truth_whole_chrom	579	0.599309154	0.72193437	0.62109375	0.549222798
chr8	chr19	pair_independent_trans_oracle	0	snp_truth_oracle	579	0.599309154	0.72193437	0.62109375	0.549222798
chr8	chr19	blind_geometry_nearest_pair_flip	0	blind_posterior_reconstruction_geometry	579	0.599309154	0.72193437	0.62109375	0.549222798
chr8	chr19	blind_posterior_geometry_agreement_pair_flip	0	blind_posterior_reconstruction_geometry	579	0.599309154	0.72193437	0.62109375	0.549222798
chr8	chr19	blind_high_pmax_geometry_pair_flip	0	blind_posterior_reconstruction_geometry	579	0.599309154	0.72193437	0.62109375	0.549222798
chr8	chr19	blind_margin_geometry_pair_flip	0	blind_posterior_reconstruction_geometry	579	0.599309154	0.72193437	0.62109375	0.549222798
chr8	chrX	cis_selected_whole_chrom	0	cis_snp_truth_whole_chrom	464	0.24137931	0.596982759	0.253968254	0.137931034
chr8	chrX	pair_independent_trans_oracle	0	snp_truth_oracle	464	0.24137931	0.596982759	0.253968254	0.137931034
chr8	chrX	blind_geometry_nearest_pair_flip	0	blind_posterior_reconstruction_geometry	464	0.24137931	0.596982759	0.253968254	0.137931034
chr8	chrX	blind_posterior_geometry_agreement_pair_flip	0	blind_posterior_reconstruction_geometry	464	0.24137931	0.596982759	0.253968254	0.137931034
chr8	chrX	blind_high_pmax_geometry_pair_flip	0	blind_posterior_reconstruction_geometry	464	0.24137931	0.596982759	0.253968254	0.137931034
chr8	chrX	blind_margin_geometry_pair_flip	0	blind_posterior_reconstruction_geometry	464	0.24137931	0.596982759	0.253968254	0.137931034
chr9	chr10	cis_selected_whole_chrom	0	cis_snp_truth_whole_chrom	559	0.250447227	0.47763864	0.275362319	0.0339892665
chr9	chr10	pair_independent_trans_oracle	1	snp_truth_oracle	559	0.305903399	0.52236136	0.333333333	0.0411449016
chr9	chr10	blind_geometry_nearest_pair_flip	0	blind_posterior_reconstruction_geometry	559	0.250447227	0.47763864	0.275362319	0.0339892665
chr9	chr10	blind_posterior_geometry_agreement_pair_flip	0	blind_posterior_reconstruction_geometry	559	0.250447227	0.47763864	0.275362319	0.0339892665
chr9	chr10	blind_high_pmax_geometry_pair_flip	0	blind_posterior_reconstruction_geometry	559	0.250447227	0.47763864	0.275362319	0.0339892665
chr9	chr10	blind_margin_geometry_pair_flip	0	blind_posterior_reconstruction_geometry	559	0.250447227	0.47763864	0.275362319	0.0339892665
chr9	chr11	cis_selected_whole_chrom	0	cis_snp_truth_whole_chrom	700	0.251428571	0.458571429	0.258970359	0.237142857
chr9	chr11	pair_independent_trans_oracle	1	snp_truth_oracle	700	0.302857143	0.541428571	0.291731669	0.267142857
chr9	chr11	blind_geometry_nearest_pair_flip	0	blind_posterior_reconstruction_geometry	700	0.251428571	0.458571429	0.258970359	0.237142857
chr9	chr11	blind_posterior_geometry_agreement_pair_flip	0	blind_posterior_reconstruction_geometry	700	0.251428571	0.458571429	0.258970359	0.237142857
chr9	chr11	blind_high_pmax_geometry_pair_flip	0	blind_posterior_reconstruction_geometry	700	0.251428571	0.458571429	0.258970359	0.237142857
chr9	chr11	blind_margin_geometry_pair_flip	0	blind_posterior_reconstruction_geometry	700	0.251428571	0.458571429	0.258970359	0.237142857
chr9	chr12	cis_selected_whole_chrom	0	cis_snp_truth_whole_chrom	576	0.368055556	0.569444444	0.50462963	0.189236111
chr9	chr12	pair_independent_trans_oracle	0	snp_truth_oracle	576	0.368055556	0.569444444	0.50462963	0.189236111
chr9	chr12	blind_geometry_nearest_pair_flip	0	blind_posterior_reconstruction_geometry	576	0.368055556	0.569444444	0.50462963	0.189236111
chr9	chr12	blind_posterior_geometry_agreement_pair_flip	0	blind_posterior_reconstruction_geometry	576	0.368055556	0.569444444	0.50462963	0.189236111
chr9	chr12	blind_high_pmax_geometry_pair_flip	0	blind_posterior_reconstruction_geometry	576	0.368055556	0.569444444	0.50462963	0.189236111
chr9	chr12	blind_margin_geometry_pair_flip	0	blind_posterior_reconstruction_geometry	576	0.368055556	0.569444444	0.50462963	0.189236111
chr9	chr13	cis_selected_whole_chrom	0	cis_snp_truth_whole_chrom	561	0.258467023	0.472370766	0.23943662	0.0303030303
chr9	chr13	pair_independent_trans_oracle	1	snp_truth_oracle	561	0.270944742	0.527629234	0.267605634	0.0338680927
chr9	chr13	blind_geometry_nearest_pair_flip	0	blind_posterior_reconstruction_geometry	561	0.258467023	0.472370766	0.23943662	0.0303030303
chr9	chr13	blind_posterior_geometry_agreement_pair_flip	0	blind_posterior_reconstruction_geometry	561	0.258467023	0.472370766	0.23943662	0.0303030303
chr9	chr13	blind_high_pmax_geometry_pair_flip	0	blind_posterior_reconstruction_geometry	561	0.258467023	0.472370766	0.23943662	0.0303030303
chr9	chr13	blind_margin_geometry_pair_flip	0	blind_posterior_reconstruction_geometry	561	0.258467023	0.472370766	0.23943662	0.0303030303
chr9	chr14	cis_selected_whole_chrom	0	cis_snp_truth_whole_chrom	446	0.239910314	0.52690583	0.22826087	0.188340807
chr9	chr14	pair_independent_trans_oracle	0	snp_truth_oracle	446	0.239910314	0.52690583	0.22826087	0.188340807
chr9	chr14	blind_geometry_nearest_pair_flip	0	blind_posterior_reconstruction_geometry	446	0.239910314	0.52690583	0.22826087	0.188340807
chr9	chr14	blind_posterior_geometry_agreement_pair_flip	0	blind_posterior_reconstruction_geometry	446	0.239910314	0.52690583	0.22826087	0.188340807
chr9	chr14	blind_high_pmax_geometry_pair_flip	0	blind_posterior_reconstruction_geometry	446	0.239910314	0.52690583	0.22826087	0.188340807
chr9	chr14	blind_margin_geometry_pair_flip	0	blind_posterior_reconstruction_geometry	446	0.239910314	0.52690583	0.22826087	0.188340807
chr9	chr15	cis_selected_whole_chrom	0	cis_snp_truth_whole_chrom	431	0.248259861	0.538283063	0.269230769	0.0162412993
chr9	chr15	pair_independent_trans_oracle	0	snp_truth_oracle	431	0.248259861	0.538283063	0.269230769	0.0162412993
chr9	chr15	blind_geometry_nearest_pair_flip	0	blind_posterior_reconstruction_geometry	431	0.248259861	0.538283063	0.269230769	0.0162412993
chr9	chr15	blind_posterior_geometry_agreement_pair_flip	0	blind_posterior_reconstruction_geometry	431	0.248259861	0.538283063	0.269230769	0.0162412993
chr9	chr15	blind_high_pmax_geometry_pair_flip	0	blind_posterior_reconstruction_geometry	431	0.248259861	0.538283063	0.269230769	0.0162412993
chr9	chr15	blind_margin_geometry_pair_flip	0	blind_posterior_reconstruction_geometry	431	0.248259861	0.538283063	0.269230769	0.0162412993
chr9	chr16	cis_selected_whole_chrom	0	cis_snp_truth_whole_chrom	798	0.580200501	0.71679198	0.854477612	0.286967419
chr9	chr16	pair_independent_trans_oracle	0	snp_truth_oracle	798	0.580200501	0.71679198	0.854477612	0.286967419
chr9	chr16	blind_geometry_nearest_pair_flip	0	blind_posterior_reconstruction_geometry	798	0.580200501	0.71679198	0.854477612	0.286967419
chr9	chr16	blind_posterior_geometry_agreement_pair_flip	0	blind_posterior_reconstruction_geometry	798	0.580200501	0.71679198	0.854477612	0.286967419
chr9	chr16	blind_high_pmax_geometry_pair_flip	0	blind_posterior_reconstruction_geometry	798	0.580200501	0.71679198	0.854477612	0.286967419
chr9	chr16	blind_margin_geometry_pair_flip	0	blind_posterior_reconstruction_geometry	798	0.580200501	0.71679198	0.854477612	0.286967419
chr9	chr17	cis_selected_whole_chrom	0	cis_snp_truth_whole_chrom	1022	0.697651663	0.791585127	0.859237537	0.573385519
chr9	chr17	pair_independent_trans_oracle	0	snp_truth_oracle	1022	0.697651663	0.791585127	0.859237537	0.573385519
chr9	chr17	blind_geometry_nearest_pair_flip	0	blind_posterior_reconstruction_geometry	1022	0.697651663	0.791585127	0.859237537	0.573385519
chr9	chr17	blind_posterior_geometry_agreement_pair_flip	0	blind_posterior_reconstruction_geometry	1022	0.697651663	0.791585127	0.859237537	0.573385519
chr9	chr17	blind_high_pmax_geometry_pair_flip	0	blind_posterior_reconstruction_geometry	1022	0.697651663	0.791585127	0.859237537	0.573385519
chr9	chr17	blind_margin_geometry_pair_flip	0	blind_posterior_reconstruction_geometry	1022	0.697651663	0.791585127	0.859237537	0.573385519
chr9	chr18	cis_selected_whole_chrom	0	cis_snp_truth_whole_chrom	444	0.245495495	0.502252252	0.19047619	0.00900900901
chr9	chr18	pair_independent_trans_oracle	1	snp_truth_oracle	444	0.259009009	0.497747748	0.0476190476	0.00225225225
chr9	chr18	blind_geometry_nearest_pair_flip	0	blind_posterior_reconstruction_geometry	444	0.245495495	0.502252252	0.19047619	0.00900900901
chr9	chr18	blind_posterior_geometry_agreement_pair_flip	0	blind_posterior_reconstruction_geometry	444	0.245495495	0.502252252	0.19047619	0.00900900901
chr9	chr18	blind_high_pmax_geometry_pair_flip	0	blind_posterior_reconstruction_geometry	444	0.245495495	0.502252252	0.19047619	0.00900900901
chr9	chr18	blind_margin_geometry_pair_flip	0	blind_posterior_reconstruction_geometry	444	0.245495495	0.502252252	0.19047619	0.00900900901
chr9	chr19	cis_selected_whole_chrom	0	cis_snp_truth_whole_chrom	309	0.294498382	0.608414239	0.257668712	0.13592233
chr9	chr19	pair_independent_trans_oracle	0	snp_truth_oracle	309	0.294498382	0.608414239	0.257668712	0.13592233
chr9	chr19	blind_geometry_nearest_pair_flip	0	blind_posterior_reconstruction_geometry	309	0.294498382	0.608414239	0.257668712	0.13592233
chr9	chr19	blind_posterior_geometry_agreement_pair_flip	0	blind_posterior_reconstruction_geometry	309	0.294498382	0.608414239	0.257668712	0.13592233
chr9	chr19	blind_high_pmax_geometry_pair_flip	0	blind_posterior_reconstruction_geometry	309	0.294498382	0.608414239	0.257668712	0.13592233
chr9	chr19	blind_margin_geometry_pair_flip	0	blind_posterior_reconstruction_geometry	309	0.294498382	0.608414239	0.257668712	0.13592233
chr9	chrX	cis_selected_whole_chrom	0	cis_snp_truth_whole_chrom	497	0.44668008	0.641851107	0.698113208	0.29778672
chr9	chrX	pair_independent_trans_oracle	0	snp_truth_oracle	497	0.44668008	0.641851107	0.698113208	0.29778672
chr9	chrX	blind_geometry_nearest_pair_flip	0	blind_posterior_reconstruction_geometry	497	0.44668008	0.641851107	0.698113208	0.29778672
chr9	chrX	blind_posterior_geometry_agreement_pair_flip	0	blind_posterior_reconstruction_geometry	497	0.44668008	0.641851107	0.698113208	0.29778672
chr9	chrX	blind_high_pmax_geometry_pair_flip	0	blind_posterior_reconstruction_geometry	497	0.44668008	0.641851107	0.698113208	0.29778672
chr9	chrX	blind_margin_geometry_pair_flip	0	blind_posterior_reconstruction_geometry	497	0.44668008	0.641851107	0.698113208	0.29778672
chr10	chr11	cis_selected_whole_chrom	0	cis_snp_truth_whole_chrom	579	0.208981002	0.478411054	0.162790698	0.0362694301
chr10	chr11	pair_independent_trans_oracle	1	snp_truth_oracle	579	0.274611399	0.521588946	0.286821705	0.0639032815
chr10	chr11	blind_geometry_nearest_pair_flip	0	blind_posterior_reconstruction_geometry	579	0.208981002	0.478411054	0.162790698	0.0362694301
chr10	chr11	blind_posterior_geometry_agreement_pair_flip	0	blind_posterior_reconstruction_geometry	579	0.208981002	0.478411054	0.162790698	0.0362694301
chr10	chr11	blind_high_pmax_geometry_pair_flip	0	blind_posterior_reconstruction_geometry	579	0.208981002	0.478411054	0.162790698	0.0362694301
chr10	chr11	blind_margin_geometry_pair_flip	0	blind_posterior_reconstruction_geometry	579	0.208981002	0.478411054	0.162790698	0.0362694301
chr10	chr12	cis_selected_whole_chrom	0	cis_snp_truth_whole_chrom	954	0.590146751	0.727463312	0.741682975	0.397274633
chr10	chr12	pair_independent_trans_oracle	0	snp_truth_oracle	954	0.590146751	0.727463312	0.741682975	0.397274633
chr10	chr12	blind_geometry_nearest_pair_flip	0	blind_posterior_reconstruction_geometry	954	0.590146751	0.727463312	0.741682975	0.397274633
chr10	chr12	blind_posterior_geometry_agreement_pair_flip	0	blind_posterior_reconstruction_geometry	954	0.590146751	0.727463312	0.741682975	0.397274633
chr10	chr12	blind_high_pmax_geometry_pair_flip	0	blind_posterior_reconstruction_geometry	954	0.590146751	0.727463312	0.741682975	0.397274633
chr10	chr12	blind_margin_geometry_pair_flip	0	blind_posterior_reconstruction_geometry	954	0.590146751	0.727463312	0.741682975	0.397274633
chr10	chr13	cis_selected_whole_chrom	0	cis_snp_truth_whole_chrom	1070	0.489719626	0.623364486	0.579816514	0.295327103
chr10	chr13	pair_independent_trans_oracle	0	snp_truth_oracle	1070	0.489719626	0.623364486	0.579816514	0.295327103
chr10	chr13	blind_geometry_nearest_pair_flip	0	blind_posterior_reconstruction_geometry	1070	0.489719626	0.623364486	0.579816514	0.295327103
chr10	chr13	blind_posterior_geometry_agreement_pair_flip	0	blind_posterior_reconstruction_geometry	1070	0.489719626	0.623364486	0.579816514	0.295327103
chr10	chr13	blind_high_pmax_geometry_pair_flip	0	blind_posterior_reconstruction_geometry	1070	0.489719626	0.623364486	0.579816514	0.295327103
chr10	chr13	blind_margin_geometry_pair_flip	0	blind_posterior_reconstruction_geometry	1070	0.489719626	0.623364486	0.579816514	0.295327103
chr10	chr14	cis_selected_whole_chrom	0	cis_snp_truth_whole_chrom	523	0.260038241	0.479923518	0.230769231	0.00573613767
chr10	chr14	pair_independent_trans_oracle	1	snp_truth_oracle	523	0.290630975	0.520076482	0.461538462	0.0114722753
chr10	chr14	blind_geometry_nearest_pair_flip	0	blind_posterior_reconstruction_geometry	523	0.260038241	0.479923518	0.230769231	0.00573613767
chr10	chr14	blind_posterior_geometry_agreement_pair_flip	0	blind_posterior_reconstruction_geometry	523	0.260038241	0.479923518	0.230769231	0.00573613767
chr10	chr14	blind_high_pmax_geometry_pair_flip	0	blind_posterior_reconstruction_geometry	523	0.260038241	0.479923518	0.230769231	0.00573613767
chr10	chr14	blind_margin_geometry_pair_flip	0	blind_posterior_reconstruction_geometry	523	0.260038241	0.479923518	0.230769231	0.00573613767
chr10	chr15	cis_selected_whole_chrom	0	cis_snp_truth_whole_chrom	908	0.107929515	0.22907489	0.0660377358	0.0231277533
chr10	chr15	pair_independent_trans_oracle	1	snp_truth_oracle	908	0.221365639	0.77092511	0.116352201	0.0407488987
chr10	chr15	blind_geometry_nearest_pair_flip	0	blind_posterior_reconstruction_geometry	908	0.107929515	0.22907489	0.0660377358	0.0231277533
chr10	chr15	blind_posterior_geometry_agreement_pair_flip	0	blind_posterior_reconstruction_geometry	908	0.107929515	0.22907489	0.0660377358	0.0231277533
chr10	chr15	blind_high_pmax_geometry_pair_flip	0	blind_posterior_reconstruction_geometry	908	0.107929515	0.22907489	0.0660377358	0.0231277533
chr10	chr15	blind_margin_geometry_pair_flip	0	blind_posterior_reconstruction_geometry	908	0.107929515	0.22907489	0.0660377358	0.0231277533
chr10	chr16	cis_selected_whole_chrom	0	cis_snp_truth_whole_chrom	1086	0.276243094	0.398710866	0.287292818	0.143646409
chr10	chr16	pair_independent_trans_oracle	0	snp_truth_oracle	1086	0.276243094	0.398710866	0.287292818	0.143646409
chr10	chr16	blind_geometry_nearest_pair_flip	0	blind_posterior_reconstruction_geometry	1086	0.276243094	0.398710866	0.287292818	0.143646409
chr10	chr16	blind_posterior_geometry_agreement_pair_flip	0	blind_posterior_reconstruction_geometry	1086	0.276243094	0.398710866	0.287292818	0.143646409
chr10	chr16	blind_high_pmax_geometry_pair_flip	0	blind_posterior_reconstruction_geometry	1086	0.276243094	0.398710866	0.287292818	0.143646409
chr10	chr16	blind_margin_geometry_pair_flip	0	blind_posterior_reconstruction_geometry	1086	0.276243094	0.398710866	0.287292818	0.143646409
chr10	chr17	cis_selected_whole_chrom	0	cis_snp_truth_whole_chrom	693	0.125541126	0.281385281	0.0682414698	0.0375180375
chr10	chr17	pair_independent_trans_oracle	1	snp_truth_oracle	693	0.577200577	0.718614719	0.737532808	0.405483405
chr10	chr17	blind_geometry_nearest_pair_flip	0	blind_posterior_reconstruction_geometry	693	0.125541126	0.281385281	0.0682414698	0.0375180375
chr10	chr17	blind_posterior_geometry_agreement_pair_flip	0	blind_posterior_reconstruction_geometry	693	0.125541126	0.281385281	0.0682414698	0.0375180375
chr10	chr17	blind_high_pmax_geometry_pair_flip	0	blind_posterior_reconstruction_geometry	693	0.125541126	0.281385281	0.0682414698	0.0375180375
chr10	chr17	blind_margin_geometry_pair_flip	0	blind_posterior_reconstruction_geometry	693	0.125541126	0.281385281	0.0682414698	0.0375180375
chr10	chr18	cis_selected_whole_chrom	0	cis_snp_truth_whole_chrom	585	0.34017094	0.574358974	0.653846154	0.0871794872
chr10	chr18	pair_independent_trans_oracle	0	snp_truth_oracle	585	0.34017094	0.574358974	0.653846154	0.0871794872
chr10	chr18	blind_geometry_nearest_pair_flip	0	blind_posterior_reconstruction_geometry	585	0.34017094	0.574358974	0.653846154	0.0871794872
chr10	chr18	blind_posterior_geometry_agreement_pair_flip	0	blind_posterior_reconstruction_geometry	585	0.34017094	0.574358974	0.653846154	0.0871794872
chr10	chr18	blind_high_pmax_geometry_pair_flip	0	blind_posterior_reconstruction_geometry	585	0.34017094	0.574358974	0.653846154	0.0871794872
chr10	chr18	blind_margin_geometry_pair_flip	0	blind_posterior_reconstruction_geometry	585	0.34017094	0.574358974	0.653846154	0.0871794872
chr10	chr19	cis_selected_whole_chrom	0	cis_snp_truth_whole_chrom	365	0.243835616	0.531506849	0	0
chr10	chr19	pair_independent_trans_oracle	0	snp_truth_oracle	365	0.243835616	0.531506849	0	0
chr10	chr19	blind_geometry_nearest_pair_flip	0	blind_posterior_reconstruction_geometry	365	0.243835616	0.531506849	0	0
chr10	chr19	blind_posterior_geometry_agreement_pair_flip	0	blind_posterior_reconstruction_geometry	365	0.243835616	0.531506849	0	0
chr10	chr19	blind_high_pmax_geometry_pair_flip	0	blind_posterior_reconstruction_geometry	365	0.243835616	0.531506849	0	0
chr10	chr19	blind_margin_geometry_pair_flip	0	blind_posterior_reconstruction_geometry	365	0.243835616	0.531506849	0	0
chr10	chrX	cis_selected_whole_chrom	0	cis_snp_truth_whole_chrom	304	0.292763158	0.555921053	0.329896907	0.210526316
chr10	chrX	pair_independent_trans_oracle	0	snp_truth_oracle	304	0.292763158	0.555921053	0.329896907	0.210526316
chr10	chrX	blind_geometry_nearest_pair_flip	0	blind_posterior_reconstruction_geometry	304	0.292763158	0.555921053	0.329896907	0.210526316
chr10	chrX	blind_posterior_geometry_agreement_pair_flip	0	blind_posterior_reconstruction_geometry	304	0.292763158	0.555921053	0.329896907	0.210526316
chr10	chrX	blind_high_pmax_geometry_pair_flip	0	blind_posterior_reconstruction_geometry	304	0.292763158	0.555921053	0.329896907	0.210526316
chr10	chrX	blind_margin_geometry_pair_flip	0	blind_posterior_reconstruction_geometry	304	0.292763158	0.555921053	0.329896907	0.210526316
chr11	chr12	cis_selected_whole_chrom	0	cis_snp_truth_whole_chrom	595	0.231932773	0.460504202	0.231578947	0.221848739
chr11	chr12	pair_independent_trans_oracle	1	snp_truth_oracle	595	0.257142857	0.539495798	0.259649123	0.248739496
chr11	chr12	blind_geometry_nearest_pair_flip	0	blind_posterior_reconstruction_geometry	595	0.231932773	0.460504202	0.231578947	0.221848739
chr11	chr12	blind_posterior_geometry_agreement_pair_flip	0	blind_posterior_reconstruction_geometry	595	0.231932773	0.460504202	0.231578947	0.221848739
chr11	chr12	blind_high_pmax_geometry_pair_flip	0	blind_posterior_reconstruction_geometry	595	0.231932773	0.460504202	0.231578947	0.221848739
chr11	chr12	blind_margin_geometry_pair_flip	0	blind_posterior_reconstruction_geometry	595	0.231932773	0.460504202	0.231578947	0.221848739
chr11	chr13	cis_selected_whole_chrom	0	cis_snp_truth_whole_chrom	1022	0.453033268	0.773972603	0.552587646	0.323874755
chr11	chr13	pair_independent_trans_oracle	0	snp_truth_oracle	1022	0.453033268	0.773972603	0.552587646	0.323874755
chr11	chr13	blind_geometry_nearest_pair_flip	0	blind_posterior_reconstruction_geometry	1022	0.453033268	0.773972603	0.552587646	0.323874755
chr11	chr13	blind_posterior_geometry_agreement_pair_flip	0	blind_posterior_reconstruction_geometry	1022	0.453033268	0.773972603	0.552587646	0.323874755
chr11	chr13	blind_high_pmax_geometry_pair_flip	0	blind_posterior_reconstruction_geometry	1022	0.453033268	0.773972603	0.552587646	0.323874755
chr11	chr13	blind_margin_geometry_pair_flip	0	blind_posterior_reconstruction_geometry	1022	0.453033268	0.773972603	0.552587646	0.323874755
chr11	chr14	cis_selected_whole_chrom	0	cis_snp_truth_whole_chrom	903	0.222591362	0.357696567	0.221830986	0.209302326
chr11	chr14	pair_independent_trans_oracle	1	snp_truth_oracle	903	0.531561462	0.642303433	0.549295775	0.518272425
chr11	chr14	blind_geometry_nearest_pair_flip	0	blind_posterior_reconstruction_geometry	903	0.222591362	0.357696567	0.221830986	0.209302326
chr11	chr14	blind_posterior_geometry_agreement_pair_flip	0	blind_posterior_reconstruction_geometry	903	0.222591362	0.357696567	0.221830986	0.209302326
chr11	chr14	blind_high_pmax_geometry_pair_flip	0	blind_posterior_reconstruction_geometry	903	0.222591362	0.357696567	0.221830986	0.209302326
chr11	chr14	blind_margin_geometry_pair_flip	0	blind_posterior_reconstruction_geometry	903	0.222591362	0.357696567	0.221830986	0.209302326
chr11	chr15	cis_selected_whole_chrom	0	cis_snp_truth_whole_chrom	544	0.384191176	0.632352941	0.393782383	0.279411765
chr11	chr15	pair_independent_trans_oracle	0	snp_truth_oracle	544	0.384191176	0.632352941	0.393782383	0.279411765
chr11	chr15	blind_geometry_nearest_pair_flip	0	blind_posterior_reconstruction_geometry	544	0.384191176	0.632352941	0.393782383	0.279411765
chr11	chr15	blind_posterior_geometry_agreement_pair_flip	0	blind_posterior_reconstruction_geometry	544	0.384191176	0.632352941	0.393782383	0.279411765
chr11	chr15	blind_high_pmax_geometry_pair_flip	0	blind_posterior_reconstruction_geometry	544	0.384191176	0.632352941	0.393782383	0.279411765
chr11	chr15	blind_margin_geometry_pair_flip	0	blind_posterior_reconstruction_geometry	544	0.384191176	0.632352941	0.393782383	0.279411765
chr11	chr16	cis_selected_whole_chrom	0	cis_snp_truth_whole_chrom	413	0.220338983	0.440677966	0.234042553	0.10653753
chr11	chr16	pair_independent_trans_oracle	1	snp_truth_oracle	413	0.285714286	0.559322034	0.308510638	0.140435835
chr11	chr16	blind_geometry_nearest_pair_flip	0	blind_posterior_reconstruction_geometry	413	0.220338983	0.440677966	0.234042553	0.10653753
chr11	chr16	blind_posterior_geometry_agreement_pair_flip	0	blind_posterior_reconstruction_geometry	413	0.220338983	0.440677966	0.234042553	0.10653753
chr11	chr16	blind_high_pmax_geometry_pair_flip	0	blind_posterior_reconstruction_geometry	413	0.220338983	0.440677966	0.234042553	0.10653753
chr11	chr16	blind_margin_geometry_pair_flip	0	blind_posterior_reconstruction_geometry	413	0.220338983	0.440677966	0.234042553	0.10653753
chr11	chr17	cis_selected_whole_chrom	0	cis_snp_truth_whole_chrom	479	0.252609603	0.607515658	0.245977011	0.223382046
chr11	chr17	pair_independent_trans_oracle	0	snp_truth_oracle	479	0.252609603	0.607515658	0.245977011	0.223382046
chr11	chr17	blind_geometry_nearest_pair_flip	0	blind_posterior_reconstruction_geometry	479	0.252609603	0.607515658	0.245977011	0.223382046
chr11	chr17	blind_posterior_geometry_agreement_pair_flip	0	blind_posterior_reconstruction_geometry	479	0.252609603	0.607515658	0.245977011	0.223382046
chr11	chr17	blind_high_pmax_geometry_pair_flip	0	blind_posterior_reconstruction_geometry	479	0.252609603	0.607515658	0.245977011	0.223382046
chr11	chr17	blind_margin_geometry_pair_flip	0	blind_posterior_reconstruction_geometry	479	0.252609603	0.607515658	0.245977011	0.223382046
chr11	chr18	cis_selected_whole_chrom	0	cis_snp_truth_whole_chrom	424	0.320754717	0.573113208	0.354716981	0.221698113
chr11	chr18	pair_independent_trans_oracle	0	snp_truth_oracle	424	0.320754717	0.573113208	0.354716981	0.221698113
chr11	chr18	blind_geometry_nearest_pair_flip	0	blind_posterior_reconstruction_geometry	424	0.320754717	0.573113208	0.354716981	0.221698113
chr11	chr18	blind_posterior_geometry_agreement_pair_flip	0	blind_posterior_reconstruction_geometry	424	0.320754717	0.573113208	0.354716981	0.221698113
chr11	chr18	blind_high_pmax_geometry_pair_flip	0	blind_posterior_reconstruction_geometry	424	0.320754717	0.573113208	0.354716981	0.221698113
chr11	chr18	blind_margin_geometry_pair_flip	0	blind_posterior_reconstruction_geometry	424	0.320754717	0.573113208	0.354716981	0.221698113
chr11	chr19	cis_selected_whole_chrom	0	cis_snp_truth_whole_chrom	701	0.57489301	0.681883024	0.575322812	0.572039943
chr11	chr19	pair_independent_trans_oracle	0	snp_truth_oracle	701	0.57489301	0.681883024	0.575322812	0.572039943
chr11	chr19	blind_geometry_nearest_pair_flip	0	blind_posterior_reconstruction_geometry	701	0.57489301	0.681883024	0.575322812	0.572039943
chr11	chr19	blind_posterior_geometry_agreement_pair_flip	0	blind_posterior_reconstruction_geometry	701	0.57489301	0.681883024	0.575322812	0.572039943
chr11	chr19	blind_high_pmax_geometry_pair_flip	0	blind_posterior_reconstruction_geometry	701	0.57489301	0.681883024	0.575322812	0.572039943
chr11	chr19	blind_margin_geometry_pair_flip	0	blind_posterior_reconstruction_geometry	701	0.57489301	0.681883024	0.575322812	0.572039943
chr11	chrX	cis_selected_whole_chrom	0	cis_snp_truth_whole_chrom	864	0.141203704	0.25462963	0.0396600567	0.0162037037
chr11	chrX	pair_independent_trans_oracle	1	snp_truth_oracle	864	0.539351852	0.74537037	0.759206799	0.310185185
chr11	chrX	blind_geometry_nearest_pair_flip	0	blind_posterior_reconstruction_geometry	864	0.141203704	0.25462963	0.0396600567	0.0162037037
chr11	chrX	blind_posterior_geometry_agreement_pair_flip	0	blind_posterior_reconstruction_geometry	864	0.141203704	0.25462963	0.0396600567	0.0162037037
chr11	chrX	blind_high_pmax_geometry_pair_flip	0	blind_posterior_reconstruction_geometry	864	0.141203704	0.25462963	0.0396600567	0.0162037037
chr11	chrX	blind_margin_geometry_pair_flip	0	blind_posterior_reconstruction_geometry	864	0.141203704	0.25462963	0.0396600567	0.0162037037
chr12	chr13	cis_selected_whole_chrom	0	cis_snp_truth_whole_chrom	1950	0.487692308	0.576410256	0.527415144	0.414358974
chr12	chr13	pair_independent_trans_oracle	0	snp_truth_oracle	1950	0.487692308	0.576410256	0.527415144	0.414358974
chr12	chr13	blind_geometry_nearest_pair_flip	0	blind_posterior_reconstruction_geometry	1950	0.487692308	0.576410256	0.527415144	0.414358974
chr12	chr13	blind_posterior_geometry_agreement_pair_flip	0	blind_posterior_reconstruction_geometry	1950	0.487692308	0.576410256	0.527415144	0.414358974
chr12	chr13	blind_high_pmax_geometry_pair_flip	0	blind_posterior_reconstruction_geometry	1950	0.487692308	0.576410256	0.527415144	0.414358974
chr12	chr13	blind_margin_geometry_pair_flip	0	blind_posterior_reconstruction_geometry	1950	0.487692308	0.576410256	0.527415144	0.414358974
chr12	chr14	cis_selected_whole_chrom	0	cis_snp_truth_whole_chrom	451	0.274944568	0.465631929	0.304347826	0.0310421286
chr12	chr14	pair_independent_trans_oracle	1	snp_truth_oracle	451	0.277161863	0.534368071	0.282608696	0.0288248337
chr12	chr14	blind_geometry_nearest_pair_flip	0	blind_posterior_reconstruction_geometry	451	0.274944568	0.465631929	0.304347826	0.0310421286
chr12	chr14	blind_posterior_geometry_agreement_pair_flip	0	blind_posterior_reconstruction_geometry	451	0.274944568	0.465631929	0.304347826	0.0310421286
chr12	chr14	blind_high_pmax_geometry_pair_flip	0	blind_posterior_reconstruction_geometry	451	0.274944568	0.465631929	0.304347826	0.0310421286
chr12	chr14	blind_margin_geometry_pair_flip	0	blind_posterior_reconstruction_geometry	451	0.274944568	0.465631929	0.304347826	0.0310421286
chr12	chr15	cis_selected_whole_chrom	0	cis_snp_truth_whole_chrom	928	0.0872844828	0.174568966	0.0767160162	0.0614224138
chr12	chr15	pair_independent_trans_oracle	1	snp_truth_oracle	928	0.117456897	0.825431034	0.0861372813	0.0689655172
chr12	chr15	blind_geometry_nearest_pair_flip	0	blind_posterior_reconstruction_geometry	928	0.0872844828	0.174568966	0.0767160162	0.0614224138
chr12	chr15	blind_posterior_geometry_agreement_pair_flip	0	blind_posterior_reconstruction_geometry	928	0.0872844828	0.174568966	0.0767160162	0.0614224138
chr12	chr15	blind_high_pmax_geometry_pair_flip	0	blind_posterior_reconstruction_geometry	928	0.0872844828	0.174568966	0.0767160162	0.0614224138
chr12	chr15	blind_margin_geometry_pair_flip	0	blind_posterior_reconstruction_geometry	928	0.0872844828	0.174568966	0.0767160162	0.0614224138
chr12	chr16	cis_selected_whole_chrom	0	cis_snp_truth_whole_chrom	388	0.242268041	0.430412371	0.23828125	0.157216495
chr12	chr16	pair_independent_trans_oracle	1	snp_truth_oracle	388	0.340206186	0.569587629	0.34765625	0.229381443
chr12	chr16	blind_geometry_nearest_pair_flip	0	blind_posterior_reconstruction_geometry	388	0.242268041	0.430412371	0.23828125	0.157216495
chr12	chr16	blind_posterior_geometry_agreement_pair_flip	0	blind_posterior_reconstruction_geometry	388	0.242268041	0.430412371	0.23828125	0.157216495
chr12	chr16	blind_high_pmax_geometry_pair_flip	0	blind_posterior_reconstruction_geometry	388	0.242268041	0.430412371	0.23828125	0.157216495
chr12	chr16	blind_margin_geometry_pair_flip	0	blind_posterior_reconstruction_geometry	388	0.242268041	0.430412371	0.23828125	0.157216495
chr12	chr17	cis_selected_whole_chrom	0	cis_snp_truth_whole_chrom	798	0.320802005	0.448621554	0.362190813	0.256892231
chr12	chr17	pair_independent_trans_oracle	0	snp_truth_oracle	798	0.320802005	0.448621554	0.362190813	0.256892231
chr12	chr17	blind_geometry_nearest_pair_flip	0	blind_posterior_reconstruction_geometry	798	0.320802005	0.448621554	0.362190813	0.256892231
chr12	chr17	blind_posterior_geometry_agreement_pair_flip	0	blind_posterior_reconstruction_geometry	798	0.320802005	0.448621554	0.362190813	0.256892231
chr12	chr17	blind_high_pmax_geometry_pair_flip	0	blind_posterior_reconstruction_geometry	798	0.320802005	0.448621554	0.362190813	0.256892231
chr12	chr17	blind_margin_geometry_pair_flip	0	blind_posterior_reconstruction_geometry	798	0.320802005	0.448621554	0.362190813	0.256892231
chr12	chr18	cis_selected_whole_chrom	0	cis_snp_truth_whole_chrom	541	0.469500924	0.598890943	0.808510638	0.210720887
chr12	chr18	pair_independent_trans_oracle	0	snp_truth_oracle	541	0.469500924	0.598890943	0.808510638	0.210720887
chr12	chr18	blind_geometry_nearest_pair_flip	0	blind_posterior_reconstruction_geometry	541	0.469500924	0.598890943	0.808510638	0.210720887
chr12	chr18	blind_posterior_geometry_agreement_pair_flip	0	blind_posterior_reconstruction_geometry	541	0.469500924	0.598890943	0.808510638	0.210720887
chr12	chr18	blind_high_pmax_geometry_pair_flip	0	blind_posterior_reconstruction_geometry	541	0.469500924	0.598890943	0.808510638	0.210720887
chr12	chr18	blind_margin_geometry_pair_flip	0	blind_posterior_reconstruction_geometry	541	0.469500924	0.598890943	0.808510638	0.210720887
chr12	chr19	cis_selected_whole_chrom	0	cis_snp_truth_whole_chrom	631	0.155309033	0.228209192	0.130526316	0.0982567353
chr12	chr19	pair_independent_trans_oracle	1	snp_truth_oracle	631	0.633914422	0.771790808	0.734736842	0.553090333
chr12	chr19	blind_geometry_nearest_pair_flip	0	blind_posterior_reconstruction_geometry	631	0.155309033	0.228209192	0.130526316	0.0982567353
chr12	chr19	blind_posterior_geometry_agreement_pair_flip	0	blind_posterior_reconstruction_geometry	631	0.155309033	0.228209192	0.130526316	0.0982567353
chr12	chr19	blind_high_pmax_geometry_pair_flip	0	blind_posterior_reconstruction_geometry	631	0.155309033	0.228209192	0.130526316	0.0982567353
chr12	chr19	blind_margin_geometry_pair_flip	0	blind_posterior_reconstruction_geometry	631	0.155309033	0.228209192	0.130526316	0.0982567353
chr12	chrX	cis_selected_whole_chrom	0	cis_snp_truth_whole_chrom	320	0.328125	0.596875	0.315436242	0.146875
chr12	chrX	pair_independent_trans_oracle	0	snp_truth_oracle	320	0.328125	0.596875	0.315436242	0.146875
chr12	chrX	blind_geometry_nearest_pair_flip	0	blind_posterior_reconstruction_geometry	320	0.328125	0.596875	0.315436242	0.146875
chr12	chrX	blind_posterior_geometry_agreement_pair_flip	0	blind_posterior_reconstruction_geometry	320	0.328125	0.596875	0.315436242	0.146875
chr12	chrX	blind_high_pmax_geometry_pair_flip	0	blind_posterior_reconstruction_geometry	320	0.328125	0.596875	0.315436242	0.146875
chr12	chrX	blind_margin_geometry_pair_flip	0	blind_posterior_reconstruction_geometry	320	0.328125	0.596875	0.315436242	0.146875
chr13	chr14	cis_selected_whole_chrom	0	cis_snp_truth_whole_chrom	737	0.464043419	0.611940299	0.702702703	0.246947083
chr13	chr14	pair_independent_trans_oracle	0	snp_truth_oracle	737	0.464043419	0.611940299	0.702702703	0.246947083
chr13	chr14	blind_geometry_nearest_pair_flip	0	blind_posterior_reconstruction_geometry	737	0.464043419	0.611940299	0.702702703	0.246947083
chr13	chr14	blind_posterior_geometry_agreement_pair_flip	0	blind_posterior_reconstruction_geometry	737	0.464043419	0.611940299	0.702702703	0.246947083
chr13	chr14	blind_high_pmax_geometry_pair_flip	0	blind_posterior_reconstruction_geometry	737	0.464043419	0.611940299	0.702702703	0.246947083
chr13	chr14	blind_margin_geometry_pair_flip	0	blind_posterior_reconstruction_geometry	737	0.464043419	0.611940299	0.702702703	0.246947083
chr13	chr15	cis_selected_whole_chrom	0	cis_snp_truth_whole_chrom	395	0.235443038	0.524050633	0.277777778	0.0506329114
chr13	chr15	pair_independent_trans_oracle	1	snp_truth_oracle	395	0.321518987	0.475949367	0.277777778	0.0506329114
chr13	chr15	blind_geometry_nearest_pair_flip	0	blind_posterior_reconstruction_geometry	395	0.235443038	0.524050633	0.277777778	0.0506329114
chr13	chr15	blind_posterior_geometry_agreement_pair_flip	0	blind_posterior_reconstruction_geometry	395	0.235443038	0.524050633	0.277777778	0.0506329114
chr13	chr15	blind_high_pmax_geometry_pair_flip	0	blind_posterior_reconstruction_geometry	395	0.235443038	0.524050633	0.277777778	0.0506329114
chr13	chr15	blind_margin_geometry_pair_flip	0	blind_posterior_reconstruction_geometry	395	0.235443038	0.524050633	0.277777778	0.0506329114
chr13	chr16	cis_selected_whole_chrom	0	cis_snp_truth_whole_chrom	798	0.601503759	0.731829574	0.660522273	0.538847118
chr13	chr16	pair_independent_trans_oracle	0	snp_truth_oracle	798	0.601503759	0.731829574	0.660522273	0.538847118
chr13	chr16	blind_geometry_nearest_pair_flip	0	blind_posterior_reconstruction_geometry	798	0.601503759	0.731829574	0.660522273	0.538847118
chr13	chr16	blind_posterior_geometry_agreement_pair_flip	0	blind_posterior_reconstruction_geometry	798	0.601503759	0.731829574	0.660522273	0.538847118
chr13	chr16	blind_high_pmax_geometry_pair_flip	0	blind_posterior_reconstruction_geometry	798	0.601503759	0.731829574	0.660522273	0.538847118
chr13	chr16	blind_margin_geometry_pair_flip	0	blind_posterior_reconstruction_geometry	798	0.601503759	0.731829574	0.660522273	0.538847118
chr13	chr17	cis_selected_whole_chrom	0	cis_snp_truth_whole_chrom	960	0.577083333	0.730208333	0.897360704	0.31875
chr13	chr17	pair_independent_trans_oracle	0	snp_truth_oracle	960	0.577083333	0.730208333	0.897360704	0.31875
chr13	chr17	blind_geometry_nearest_pair_flip	0	blind_posterior_reconstruction_geometry	960	0.577083333	0.730208333	0.897360704	0.31875
chr13	chr17	blind_posterior_geometry_agreement_pair_flip	0	blind_posterior_reconstruction_geometry	960	0.577083333	0.730208333	0.897360704	0.31875
chr13	chr17	blind_high_pmax_geometry_pair_flip	0	blind_posterior_reconstruction_geometry	960	0.577083333	0.730208333	0.897360704	0.31875
chr13	chr17	blind_margin_geometry_pair_flip	0	blind_posterior_reconstruction_geometry	960	0.577083333	0.730208333	0.897360704	0.31875
chr13	chr18	cis_selected_whole_chrom	0	cis_snp_truth_whole_chrom	808	0.548267327	0.653465347	0.65394402	0.318069307
chr13	chr18	pair_independent_trans_oracle	0	snp_truth_oracle	808	0.548267327	0.653465347	0.65394402	0.318069307
chr13	chr18	blind_geometry_nearest_pair_flip	0	blind_posterior_reconstruction_geometry	808	0.548267327	0.653465347	0.65394402	0.318069307
chr13	chr18	blind_posterior_geometry_agreement_pair_flip	0	blind_posterior_reconstruction_geometry	808	0.548267327	0.653465347	0.65394402	0.318069307
chr13	chr18	blind_high_pmax_geometry_pair_flip	0	blind_posterior_reconstruction_geometry	808	0.548267327	0.653465347	0.65394402	0.318069307
chr13	chr18	blind_margin_geometry_pair_flip	0	blind_posterior_reconstruction_geometry	808	0.548267327	0.653465347	0.65394402	0.318069307
chr13	chr19	cis_selected_whole_chrom	0	cis_snp_truth_whole_chrom	833	0.154861945	0.230492197	0.138263666	0.103241297
chr13	chr19	pair_independent_trans_oracle	1	snp_truth_oracle	833	0.683073229	0.769507803	0.737942122	0.551020408
chr13	chr19	blind_geometry_nearest_pair_flip	0	blind_posterior_reconstruction_geometry	833	0.154861945	0.230492197	0.138263666	0.103241297
chr13	chr19	blind_posterior_geometry_agreement_pair_flip	0	blind_posterior_reconstruction_geometry	833	0.154861945	0.230492197	0.138263666	0.103241297
chr13	chr19	blind_high_pmax_geometry_pair_flip	0	blind_posterior_reconstruction_geometry	833	0.154861945	0.230492197	0.138263666	0.103241297
chr13	chr19	blind_margin_geometry_pair_flip	0	blind_posterior_reconstruction_geometry	833	0.154861945	0.230492197	0.138263666	0.103241297
chr13	chrX	cis_selected_whole_chrom	0	cis_snp_truth_whole_chrom	462	0.391774892	0.575757576	0.535714286	0.12987013
chr13	chrX	pair_independent_trans_oracle	0	snp_truth_oracle	462	0.391774892	0.575757576	0.535714286	0.12987013
chr13	chrX	blind_geometry_nearest_pair_flip	0	blind_posterior_reconstruction_geometry	462	0.391774892	0.575757576	0.535714286	0.12987013
chr13	chrX	blind_posterior_geometry_agreement_pair_flip	0	blind_posterior_reconstruction_geometry	462	0.391774892	0.575757576	0.535714286	0.12987013
chr13	chrX	blind_high_pmax_geometry_pair_flip	0	blind_posterior_reconstruction_geometry	462	0.391774892	0.575757576	0.535714286	0.12987013
chr13	chrX	blind_margin_geometry_pair_flip	0	blind_posterior_reconstruction_geometry	462	0.391774892	0.575757576	0.535714286	0.12987013
chr14	chr15	cis_selected_whole_chrom	0	cis_snp_truth_whole_chrom	340	0.314705882	0.526470588	0.285714286	0.0235294118
chr14	chr15	pair_independent_trans_oracle	0	snp_truth_oracle	340	0.314705882	0.526470588	0.285714286	0.0235294118
chr14	chr15	blind_geometry_nearest_pair_flip	0	blind_posterior_reconstruction_geometry	340	0.314705882	0.526470588	0.285714286	0.0235294118
chr14	chr15	blind_posterior_geometry_agreement_pair_flip	0	blind_posterior_reconstruction_geometry	340	0.314705882	0.526470588	0.285714286	0.0235294118
chr14	chr15	blind_high_pmax_geometry_pair_flip	0	blind_posterior_reconstruction_geometry	340	0.314705882	0.526470588	0.285714286	0.0235294118
chr14	chr15	blind_margin_geometry_pair_flip	0	blind_posterior_reconstruction_geometry	340	0.314705882	0.526470588	0.285714286	0.0235294118
chr14	chr16	cis_selected_whole_chrom	0	cis_snp_truth_whole_chrom	334	0.24251497	0.464071856	0.25	0.0299401198
chr14	chr16	pair_independent_trans_oracle	1	snp_truth_oracle	334	0.30239521	0.535928144	0.4	0.0479041916
chr14	chr16	blind_geometry_nearest_pair_flip	0	blind_posterior_reconstruction_geometry	334	0.24251497	0.464071856	0.25	0.0299401198
chr14	chr16	blind_posterior_geometry_agreement_pair_flip	0	blind_posterior_reconstruction_geometry	334	0.24251497	0.464071856	0.25	0.0299401198
chr14	chr16	blind_high_pmax_geometry_pair_flip	0	blind_posterior_reconstruction_geometry	334	0.24251497	0.464071856	0.25	0.0299401198
chr14	chr16	blind_margin_geometry_pair_flip	0	blind_posterior_reconstruction_geometry	334	0.24251497	0.464071856	0.25	0.0299401198
chr14	chr17	cis_selected_whole_chrom	0	cis_snp_truth_whole_chrom	260	0.292307692	0.476923077	0.354545455	0.15
chr14	chr17	pair_independent_trans_oracle	0	snp_truth_oracle	260	0.292307692	0.476923077	0.354545455	0.15
chr14	chr17	blind_geometry_nearest_pair_flip	0	blind_posterior_reconstruction_geometry	260	0.292307692	0.476923077	0.354545455	0.15
chr14	chr17	blind_posterior_geometry_agreement_pair_flip	0	blind_posterior_reconstruction_geometry	260	0.292307692	0.476923077	0.354545455	0.15
chr14	chr17	blind_high_pmax_geometry_pair_flip	0	blind_posterior_reconstruction_geometry	260	0.292307692	0.476923077	0.354545455	0.15
chr14	chr17	blind_margin_geometry_pair_flip	0	blind_posterior_reconstruction_geometry	260	0.292307692	0.476923077	0.354545455	0.15
chr14	chr18	cis_selected_whole_chrom	0	cis_snp_truth_whole_chrom	681	0.606461087	0.723935389	0.867507886	0.403817915
chr14	chr18	pair_independent_trans_oracle	0	snp_truth_oracle	681	0.606461087	0.723935389	0.867507886	0.403817915
chr14	chr18	blind_geometry_nearest_pair_flip	0	blind_posterior_reconstruction_geometry	681	0.606461087	0.723935389	0.867507886	0.403817915
chr14	chr18	blind_posterior_geometry_agreement_pair_flip	0	blind_posterior_reconstruction_geometry	681	0.606461087	0.723935389	0.867507886	0.403817915
chr14	chr18	blind_high_pmax_geometry_pair_flip	0	blind_posterior_reconstruction_geometry	681	0.606461087	0.723935389	0.867507886	0.403817915
chr14	chr18	blind_margin_geometry_pair_flip	0	blind_posterior_reconstruction_geometry	681	0.606461087	0.723935389	0.867507886	0.403817915
chr14	chr19	cis_selected_whole_chrom	0	cis_snp_truth_whole_chrom	431	0.313225058	0.598607889	0.432038835	0.20649652
chr14	chr19	pair_independent_trans_oracle	0	snp_truth_oracle	431	0.313225058	0.598607889	0.432038835	0.20649652
chr14	chr19	blind_geometry_nearest_pair_flip	0	blind_posterior_reconstruction_geometry	431	0.313225058	0.598607889	0.432038835	0.20649652
chr14	chr19	blind_posterior_geometry_agreement_pair_flip	0	blind_posterior_reconstruction_geometry	431	0.313225058	0.598607889	0.432038835	0.20649652
chr14	chr19	blind_high_pmax_geometry_pair_flip	0	blind_posterior_reconstruction_geometry	431	0.313225058	0.598607889	0.432038835	0.20649652
chr14	chr19	blind_margin_geometry_pair_flip	0	blind_posterior_reconstruction_geometry	431	0.313225058	0.598607889	0.432038835	0.20649652
chr14	chrX	cis_selected_whole_chrom	0	cis_snp_truth_whole_chrom	244	0.258196721	0.491803279	0.0454545455	0.00409836066
chr14	chrX	pair_independent_trans_oracle	0	snp_truth_oracle	244	0.258196721	0.491803279	0.0454545455	0.00409836066
chr14	chrX	blind_geometry_nearest_pair_flip	0	blind_posterior_reconstruction_geometry	244	0.258196721	0.491803279	0.0454545455	0.00409836066
chr14	chrX	blind_posterior_geometry_agreement_pair_flip	0	blind_posterior_reconstruction_geometry	244	0.258196721	0.491803279	0.0454545455	0.00409836066
chr14	chrX	blind_high_pmax_geometry_pair_flip	0	blind_posterior_reconstruction_geometry	244	0.258196721	0.491803279	0.0454545455	0.00409836066
chr14	chrX	blind_margin_geometry_pair_flip	0	blind_posterior_reconstruction_geometry	244	0.258196721	0.491803279	0.0454545455	0.00409836066
chr15	chr16	cis_selected_whole_chrom	0	cis_snp_truth_whole_chrom	331	0.181268882	0.459214502	0.15	0.00906344411
chr15	chr16	pair_independent_trans_oracle	1	snp_truth_oracle	331	0.232628399	0.540785498	0.15	0.00906344411
chr15	chr16	blind_geometry_nearest_pair_flip	0	blind_posterior_reconstruction_geometry	331	0.181268882	0.459214502	0.15	0.00906344411
chr15	chr16	blind_posterior_geometry_agreement_pair_flip	0	blind_posterior_reconstruction_geometry	331	0.181268882	0.459214502	0.15	0.00906344411
chr15	chr16	blind_high_pmax_geometry_pair_flip	0	blind_posterior_reconstruction_geometry	331	0.181268882	0.459214502	0.15	0.00906344411
chr15	chr16	blind_margin_geometry_pair_flip	0	blind_posterior_reconstruction_geometry	331	0.181268882	0.459214502	0.15	0.00906344411
chr15	chr17	cis_selected_whole_chrom	0	cis_snp_truth_whole_chrom	904	0.275442478	0.841814159	0.305683564	0.220132743
chr15	chr17	pair_independent_trans_oracle	0	snp_truth_oracle	904	0.275442478	0.841814159	0.305683564	0.220132743
chr15	chr17	blind_geometry_nearest_pair_flip	0	blind_posterior_reconstruction_geometry	904	0.275442478	0.841814159	0.305683564	0.220132743
chr15	chr17	blind_posterior_geometry_agreement_pair_flip	0	blind_posterior_reconstruction_geometry	904	0.275442478	0.841814159	0.305683564	0.220132743
chr15	chr17	blind_high_pmax_geometry_pair_flip	0	blind_posterior_reconstruction_geometry	904	0.275442478	0.841814159	0.305683564	0.220132743
chr15	chr17	blind_margin_geometry_pair_flip	0	blind_posterior_reconstruction_geometry	904	0.275442478	0.841814159	0.305683564	0.220132743
chr15	chr18	cis_selected_whole_chrom	0	cis_snp_truth_whole_chrom	830	0.118072289	0.827710843	0.0993006993	0.0855421687
chr15	chr18	pair_independent_trans_oracle	0	snp_truth_oracle	830	0.118072289	0.827710843	0.0993006993	0.0855421687
chr15	chr18	blind_geometry_nearest_pair_flip	0	blind_posterior_reconstruction_geometry	830	0.118072289	0.827710843	0.0993006993	0.0855421687
chr15	chr18	blind_posterior_geometry_agreement_pair_flip	0	blind_posterior_reconstruction_geometry	830	0.118072289	0.827710843	0.0993006993	0.0855421687
chr15	chr18	blind_high_pmax_geometry_pair_flip	0	blind_posterior_reconstruction_geometry	830	0.118072289	0.827710843	0.0993006993	0.0855421687
chr15	chr18	blind_margin_geometry_pair_flip	0	blind_posterior_reconstruction_geometry	830	0.118072289	0.827710843	0.0993006993	0.0855421687
chr15	chr19	cis_selected_whole_chrom	0	cis_snp_truth_whole_chrom	390	0.638461538	0.764102564	0.75177305	0.543589744
chr15	chr19	pair_independent_trans_oracle	0	snp_truth_oracle	390	0.638461538	0.764102564	0.75177305	0.543589744
chr15	chr19	blind_geometry_nearest_pair_flip	0	blind_posterior_reconstruction_geometry	390	0.638461538	0.764102564	0.75177305	0.543589744
chr15	chr19	blind_posterior_geometry_agreement_pair_flip	0	blind_posterior_reconstruction_geometry	390	0.638461538	0.764102564	0.75177305	0.543589744
chr15	chr19	blind_high_pmax_geometry_pair_flip	0	blind_posterior_reconstruction_geometry	390	0.638461538	0.764102564	0.75177305	0.543589744
chr15	chr19	blind_margin_geometry_pair_flip	0	blind_posterior_reconstruction_geometry	390	0.638461538	0.764102564	0.75177305	0.543589744
chr15	chrX	cis_selected_whole_chrom	0	cis_snp_truth_whole_chrom	257	0.182879377	0.494163424	0.168421053	0.124513619
chr15	chrX	pair_independent_trans_oracle	1	snp_truth_oracle	257	0.26459144	0.505836576	0.242105263	0.178988327
chr15	chrX	blind_geometry_nearest_pair_flip	0	blind_posterior_reconstruction_geometry	257	0.182879377	0.494163424	0.168421053	0.124513619
chr15	chrX	blind_posterior_geometry_agreement_pair_flip	0	blind_posterior_reconstruction_geometry	257	0.182879377	0.494163424	0.168421053	0.124513619
chr15	chrX	blind_high_pmax_geometry_pair_flip	0	blind_posterior_reconstruction_geometry	257	0.182879377	0.494163424	0.168421053	0.124513619
chr15	chrX	blind_margin_geometry_pair_flip	0	blind_posterior_reconstruction_geometry	257	0.182879377	0.494163424	0.168421053	0.124513619
chr16	chr17	cis_selected_whole_chrom	0	cis_snp_truth_whole_chrom	310	0.203225806	0.525806452	0.192307692	0.0322580645
chr16	chr17	pair_independent_trans_oracle	1	snp_truth_oracle	310	0.248387097	0.474193548	0.211538462	0.035483871
chr16	chr17	blind_geometry_nearest_pair_flip	0	blind_posterior_reconstruction_geometry	310	0.203225806	0.525806452	0.192307692	0.0322580645
chr16	chr17	blind_posterior_geometry_agreement_pair_flip	0	blind_posterior_reconstruction_geometry	310	0.203225806	0.525806452	0.192307692	0.0322580645
chr16	chr17	blind_high_pmax_geometry_pair_flip	0	blind_posterior_reconstruction_geometry	310	0.203225806	0.525806452	0.192307692	0.0322580645
chr16	chr17	blind_margin_geometry_pair_flip	0	blind_posterior_reconstruction_geometry	310	0.203225806	0.525806452	0.192307692	0.0322580645
chr16	chr18	cis_selected_whole_chrom	0	cis_snp_truth_whole_chrom	1135	0.0863436123	0.165638767	0.0421545667	0.0317180617
chr16	chr18	pair_independent_trans_oracle	1	snp_truth_oracle	1135	0.0986784141	0.834361233	0.056206089	0.0422907489
chr16	chr18	blind_geometry_nearest_pair_flip	0	blind_posterior_reconstruction_geometry	1135	0.0863436123	0.165638767	0.0421545667	0.0317180617
chr16	chr18	blind_posterior_geometry_agreement_pair_flip	0	blind_posterior_reconstruction_geometry	1135	0.0863436123	0.165638767	0.0421545667	0.0317180617
chr16	chr18	blind_high_pmax_geometry_pair_flip	0	blind_posterior_reconstruction_geometry	1135	0.0863436123	0.165638767	0.0421545667	0.0317180617
chr16	chr18	blind_margin_geometry_pair_flip	0	blind_posterior_reconstruction_geometry	1135	0.0863436123	0.165638767	0.0421545667	0.0317180617
chr16	chr19	cis_selected_whole_chrom	0	cis_snp_truth_whole_chrom	534	0.541198502	0.741573034	0.814345992	0.361423221
chr16	chr19	pair_independent_trans_oracle	0	snp_truth_oracle	534	0.541198502	0.741573034	0.814345992	0.361423221
chr16	chr19	blind_geometry_nearest_pair_flip	0	blind_posterior_reconstruction_geometry	534	0.541198502	0.741573034	0.814345992	0.361423221
chr16	chr19	blind_posterior_geometry_agreement_pair_flip	0	blind_posterior_reconstruction_geometry	534	0.541198502	0.741573034	0.814345992	0.361423221
chr16	chr19	blind_high_pmax_geometry_pair_flip	0	blind_posterior_reconstruction_geometry	534	0.541198502	0.741573034	0.814345992	0.361423221
chr16	chr19	blind_margin_geometry_pair_flip	0	blind_posterior_reconstruction_geometry	534	0.541198502	0.741573034	0.814345992	0.361423221
chr16	chrX	cis_selected_whole_chrom	0	cis_snp_truth_whole_chrom	222	0.261261261	0.531531532	0.285714286	0.00900900901
chr16	chrX	pair_independent_trans_oracle	1	snp_truth_oracle	222	0.292792793	0.468468468	0	0
chr16	chrX	blind_geometry_nearest_pair_flip	0	blind_posterior_reconstruction_geometry	222	0.261261261	0.531531532	0.285714286	0.00900900901
chr16	chrX	blind_posterior_geometry_agreement_pair_flip	0	blind_posterior_reconstruction_geometry	222	0.261261261	0.531531532	0.285714286	0.00900900901
chr16	chrX	blind_high_pmax_geometry_pair_flip	0	blind_posterior_reconstruction_geometry	222	0.261261261	0.531531532	0.285714286	0.00900900901
chr16	chrX	blind_margin_geometry_pair_flip	0	blind_posterior_reconstruction_geometry	222	0.261261261	0.531531532	0.285714286	0.00900900901
chr17	chr18	cis_selected_whole_chrom	0	cis_snp_truth_whole_chrom	282	0.25177305	0.489361702	0.25	0.00354609929
chr17	chr18	pair_independent_trans_oracle	0	snp_truth_oracle	282	0.25177305	0.489361702	0.25	0.00354609929
chr17	chr18	blind_geometry_nearest_pair_flip	0	blind_posterior_reconstruction_geometry	282	0.25177305	0.489361702	0.25	0.00354609929
chr17	chr18	blind_posterior_geometry_agreement_pair_flip	0	blind_posterior_reconstruction_geometry	282	0.25177305	0.489361702	0.25	0.00354609929
chr17	chr18	blind_high_pmax_geometry_pair_flip	0	blind_posterior_reconstruction_geometry	282	0.25177305	0.489361702	0.25	0.00354609929
chr17	chr18	blind_margin_geometry_pair_flip	0	blind_posterior_reconstruction_geometry	282	0.25177305	0.489361702	0.25	0.00354609929
chr17	chr19	cis_selected_whole_chrom	0	cis_snp_truth_whole_chrom	426	0.600938967	0.751173709	0.662125341	0.570422535
chr17	chr19	pair_independent_trans_oracle	0	snp_truth_oracle	426	0.600938967	0.751173709	0.662125341	0.570422535
chr17	chr19	blind_geometry_nearest_pair_flip	0	blind_posterior_reconstruction_geometry	426	0.600938967	0.751173709	0.662125341	0.570422535
chr17	chr19	blind_posterior_geometry_agreement_pair_flip	0	blind_posterior_reconstruction_geometry	426	0.600938967	0.751173709	0.662125341	0.570422535
chr17	chr19	blind_high_pmax_geometry_pair_flip	0	blind_posterior_reconstruction_geometry	426	0.600938967	0.751173709	0.662125341	0.570422535
chr17	chr19	blind_margin_geometry_pair_flip	0	blind_posterior_reconstruction_geometry	426	0.600938967	0.751173709	0.662125341	0.570422535
chr17	chrX	cis_selected_whole_chrom	0	cis_snp_truth_whole_chrom	550	0.641818182	0.761818182	0.806451613	0.5
chr17	chrX	pair_independent_trans_oracle	0	snp_truth_oracle	550	0.641818182	0.761818182	0.806451613	0.5
chr17	chrX	blind_geometry_nearest_pair_flip	0	blind_posterior_reconstruction_geometry	550	0.641818182	0.761818182	0.806451613	0.5
chr17	chrX	blind_posterior_geometry_agreement_pair_flip	0	blind_posterior_reconstruction_geometry	550	0.641818182	0.761818182	0.806451613	0.5
chr17	chrX	blind_high_pmax_geometry_pair_flip	0	blind_posterior_reconstruction_geometry	550	0.641818182	0.761818182	0.806451613	0.5
chr17	chrX	blind_margin_geometry_pair_flip	0	blind_posterior_reconstruction_geometry	550	0.641818182	0.761818182	0.806451613	0.5
chr18	chr19	cis_selected_whole_chrom	0	cis_snp_truth_whole_chrom	450	0.562222222	0.671111111	0.852459016	0.346666667
chr18	chr19	pair_independent_trans_oracle	0	snp_truth_oracle	450	0.562222222	0.671111111	0.852459016	0.346666667
chr18	chr19	blind_geometry_nearest_pair_flip	0	blind_posterior_reconstruction_geometry	450	0.562222222	0.671111111	0.852459016	0.346666667
chr18	chr19	blind_posterior_geometry_agreement_pair_flip	0	blind_posterior_reconstruction_geometry	450	0.562222222	0.671111111	0.852459016	0.346666667
chr18	chr19	blind_high_pmax_geometry_pair_flip	0	blind_posterior_reconstruction_geometry	450	0.562222222	0.671111111	0.852459016	0.346666667
chr18	chr19	blind_margin_geometry_pair_flip	0	blind_posterior_reconstruction_geometry	450	0.562222222	0.671111111	0.852459016	0.346666667
chr18	chrX	cis_selected_whole_chrom	0	cis_snp_truth_whole_chrom	209	0.282296651	0.511961722	0.298969072	0.138755981
chr18	chrX	pair_independent_trans_oracle	0	snp_truth_oracle	209	0.282296651	0.511961722	0.298969072	0.138755981
chr18	chrX	blind_geometry_nearest_pair_flip	0	blind_posterior_reconstruction_geometry	209	0.282296651	0.511961722	0.298969072	0.138755981
chr18	chrX	blind_posterior_geometry_agreement_pair_flip	0	blind_posterior_reconstruction_geometry	209	0.282296651	0.511961722	0.298969072	0.138755981
chr18	chrX	blind_high_pmax_geometry_pair_flip	0	blind_posterior_reconstruction_geometry	209	0.282296651	0.511961722	0.298969072	0.138755981
chr18	chrX	blind_margin_geometry_pair_flip	0	blind_posterior_reconstruction_geometry	209	0.282296651	0.511961722	0.298969072	0.138755981
chr19	chrX	cis_selected_whole_chrom	0	cis_snp_truth_whole_chrom	143	0.195804196	0.391608392	0.169811321	0.0629370629
chr19	chrX	pair_independent_trans_oracle	1	snp_truth_oracle	143	0.20979021	0.608391608	0.226415094	0.0839160839
chr19	chrX	blind_geometry_nearest_pair_flip	0	blind_posterior_reconstruction_geometry	143	0.195804196	0.391608392	0.169811321	0.0629370629
chr19	chrX	blind_posterior_geometry_agreement_pair_flip	0	blind_posterior_reconstruction_geometry	143	0.195804196	0.391608392	0.169811321	0.0629370629
chr19	chrX	blind_high_pmax_geometry_pair_flip	0	blind_posterior_reconstruction_geometry	143	0.195804196	0.391608392	0.169811321	0.0629370629
chr19	chrX	blind_margin_geometry_pair_flip	0	blind_posterior_reconstruction_geometry	143	0.195804196	0.391608392	0.169811321	0.0629370629
