chr	bid	start	end	bead_size_bp	n_child_1mb
chr1	0	0	1000000	1000000	-1
chr1	1	1000000	2000000	1000000	-1
chr1	2	2000000	3000000	1000000	-1
chr1	3	3000000	4000000	1000000	-1
chr1	4	4000000	5000000	1000000	-1
chr1	5	5000000	6000000	1000000	-1
chr1	6	6000000	7000000	1000000	-1
chr1	7	7000000	8000000	1000000	-1
chr1	8	8000000	9000000	1000000	-1
chr1	9	9000000	10000000	1000000	-1
chr1	10	10000000	11000000	1000000	-1
chr1	11	11000000	12000000	1000000	-1
chr1	12	12000000	13000000	1000000	-1
chr1	13	13000000	14000000	1000000	-1
chr1	14	14000000	15000000	1000000	-1
chr1	15	15000000	16000000	1000000	-1
chr1	16	16000000	17000000	1000000	-1
chr1	17	17000000	18000000	1000000	-1
chr1	18	18000000	19000000	1000000	-1
chr1	19	19000000	20000000	1000000	-1
chr1	20	20000000	21000000	1000000	-1
chr1	21	21000000	22000000	1000000	-1
chr1	22	22000000	23000000	1000000	-1
chr1	23	23000000	24000000	1000000	-1
chr1	24	24000000	25000000	1000000	-1
chr1	25	25000000	26000000	1000000	-1
chr1	26	26000000	27000000	1000000	-1
chr1	27	27000000	28000000	1000000	-1
chr1	28	28000000	29000000	1000000	-1
chr1	29	29000000	30000000	1000000	-1
chr1	30	30000000	31000000	1000000	-1
chr1	31	31000000	32000000	1000000	-1
chr1	32	32000000	33000000	1000000	-1
chr1	33	33000000	34000000	1000000	-1
chr1	34	34000000	35000000	1000000	-1
chr1	35	35000000	36000000	1000000	-1
chr1	36	36000000	37000000	1000000	-1
chr1	37	37000000	38000000	1000000	-1
chr1	38	38000000	39000000	1000000	-1
chr1	39	39000000	40000000	1000000	-1
chr1	40	40000000	41000000	1000000	-1
chr1	41	41000000	42000000	1000000	-1
chr1	42	42000000	43000000	1000000	-1
chr1	43	43000000	44000000	1000000	-1
chr1	44	44000000	45000000	1000000	-1
chr1	45	45000000	46000000	1000000	-1
chr1	46	46000000	47000000	1000000	-1
chr1	47	47000000	48000000	1000000	-1
chr1	48	48000000	49000000	1000000	-1
chr1	49	49000000	50000000	1000000	-1
chr1	50	50000000	51000000	1000000	-1
chr1	51	51000000	52000000	1000000	-1
chr1	52	52000000	53000000	1000000	-1
chr1	53	53000000	54000000	1000000	-1
chr1	54	54000000	55000000	1000000	-1
chr1	55	55000000	56000000	1000000	-1
chr1	56	56000000	57000000	1000000	-1
chr1	57	57000000	58000000	1000000	-1
chr1	58	58000000	59000000	1000000	-1
chr1	59	59000000	60000000	1000000	-1
chr1	60	60000000	61000000	1000000	-1
chr1	61	61000000	62000000	1000000	-1
chr1	62	62000000	63000000	1000000	-1
chr1	63	63000000	64000000	1000000	-1
chr1	64	64000000	65000000	1000000	-1
chr1	65	65000000	66000000	1000000	-1
chr1	66	66000000	67000000	1000000	-1
chr1	67	67000000	68000000	1000000	-1
chr1	68	68000000	69000000	1000000	-1
chr1	69	69000000	70000000	1000000	-1
chr1	70	70000000	71000000	1000000	-1
chr1	71	71000000	72000000	1000000	-1
chr1	72	72000000	73000000	1000000	-1
chr1	73	73000000	74000000	1000000	-1
chr1	74	74000000	75000000	1000000	-1
chr1	75	75000000	76000000	1000000	-1
chr1	76	76000000	77000000	1000000	-1
chr1	77	77000000	78000000	1000000	-1
chr1	78	78000000	79000000	1000000	-1
chr1	79	79000000	80000000	1000000	-1
chr1	80	80000000	81000000	1000000	-1
chr1	81	81000000	82000000	1000000	-1
chr1	82	82000000	83000000	1000000	-1
chr1	83	83000000	84000000	1000000	-1
chr1	84	84000000	85000000	1000000	-1
chr1	85	85000000	86000000	1000000	-1
chr1	86	86000000	87000000	1000000	-1
chr1	87	87000000	88000000	1000000	-1
chr1	88	88000000	89000000	1000000	-1
chr1	89	89000000	90000000	1000000	-1
chr1	90	90000000	91000000	1000000	-1
chr1	91	91000000	92000000	1000000	-1
chr1	92	92000000	93000000	1000000	-1
chr1	93	93000000	94000000	1000000	-1
chr1	94	94000000	95000000	1000000	-1
chr1	95	95000000	96000000	1000000	-1
chr1	96	96000000	97000000	1000000	-1
chr1	97	97000000	98000000	1000000	-1
chr1	98	98000000	99000000	1000000	-1
chr1	99	99000000	100000000	1000000	-1
chr1	100	100000000	101000000	1000000	-1
chr1	101	101000000	102000000	1000000	-1
chr1	102	102000000	103000000	1000000	-1
chr1	103	103000000	104000000	1000000	-1
chr1	104	104000000	105000000	1000000	-1
chr1	105	105000000	106000000	1000000	-1
chr1	106	106000000	107000000	1000000	-1
chr1	107	107000000	108000000	1000000	-1
chr1	108	108000000	109000000	1000000	-1
chr1	109	109000000	110000000	1000000	-1
chr1	110	110000000	111000000	1000000	-1
chr1	111	111000000	112000000	1000000	-1
chr1	112	112000000	113000000	1000000	-1
chr1	113	113000000	114000000	1000000	-1
chr1	114	114000000	115000000	1000000	-1
chr1	115	115000000	116000000	1000000	-1
chr1	116	116000000	117000000	1000000	-1
chr1	117	117000000	118000000	1000000	-1
chr1	118	118000000	119000000	1000000	-1
chr1	119	119000000	120000000	1000000	-1
chr1	120	120000000	121000000	1000000	-1
chr1	121	121000000	122000000	1000000	-1
chr1	122	122000000	123000000	1000000	-1
chr1	123	123000000	124000000	1000000	-1
chr1	124	124000000	125000000	1000000	-1
chr1	125	125000000	126000000	1000000	-1
chr1	126	126000000	127000000	1000000	-1
chr1	127	127000000	128000000	1000000	-1
chr1	128	128000000	129000000	1000000	-1
chr1	129	129000000	130000000	1000000	-1
chr1	130	130000000	131000000	1000000	-1
chr1	131	131000000	132000000	1000000	-1
chr1	132	132000000	133000000	1000000	-1
chr1	133	133000000	134000000	1000000	-1
chr1	134	134000000	135000000	1000000	-1
chr1	135	135000000	136000000	1000000	-1
chr1	136	136000000	137000000	1000000	-1
chr1	137	137000000	138000000	1000000	-1
chr1	138	138000000	139000000	1000000	-1
chr1	139	139000000	140000000	1000000	-1
chr1	140	140000000	141000000	1000000	-1
chr1	141	141000000	142000000	1000000	-1
chr1	142	142000000	143000000	1000000	-1
chr1	143	143000000	144000000	1000000	-1
chr1	144	144000000	145000000	1000000	-1
chr1	145	145000000	146000000	1000000	-1
chr1	146	146000000	147000000	1000000	-1
chr1	147	147000000	148000000	1000000	-1
chr1	148	148000000	149000000	1000000	-1
chr1	149	149000000	150000000	1000000	-1
chr1	150	150000000	151000000	1000000	-1
chr1	151	151000000	152000000	1000000	-1
chr1	152	152000000	153000000	1000000	-1
chr1	153	153000000	154000000	1000000	-1
chr1	154	154000000	155000000	1000000	-1
chr1	155	155000000	156000000	1000000	-1
chr1	156	156000000	157000000	1000000	-1
chr1	157	157000000	158000000	1000000	-1
chr1	158	158000000	159000000	1000000	-1
chr1	159	159000000	160000000	1000000	-1
chr1	160	160000000	161000000	1000000	-1
chr1	161	161000000	162000000	1000000	-1
chr1	162	162000000	163000000	1000000	-1
chr1	163	163000000	164000000	1000000	-1
chr1	164	164000000	165000000	1000000	-1
chr1	165	165000000	166000000	1000000	-1
chr1	166	166000000	167000000	1000000	-1
chr1	167	167000000	168000000	1000000	-1
chr1	168	168000000	169000000	1000000	-1
chr1	169	169000000	170000000	1000000	-1
chr1	170	170000000	171000000	1000000	-1
chr1	171	171000000	172000000	1000000	-1
chr1	172	172000000	173000000	1000000	-1
chr1	173	173000000	174000000	1000000	-1
chr1	174	174000000	175000000	1000000	-1
chr1	175	175000000	176000000	1000000	-1
chr1	176	176000000	177000000	1000000	-1
chr1	177	177000000	178000000	1000000	-1
chr1	178	178000000	179000000	1000000	-1
chr1	179	179000000	180000000	1000000	-1
chr1	180	180000000	181000000	1000000	-1
chr1	181	181000000	182000000	1000000	-1
chr1	182	182000000	183000000	1000000	-1
chr1	183	183000000	184000000	1000000	-1
chr1	184	184000000	185000000	1000000	-1
chr1	185	185000000	186000000	1000000	-1
chr1	186	186000000	187000000	1000000	-1
chr1	187	187000000	188000000	1000000	-1
chr1	188	188000000	189000000	1000000	-1
chr1	189	189000000	190000000	1000000	-1
chr1	190	190000000	191000000	1000000	-1
chr1	191	191000000	192000000	1000000	-1
chr1	192	192000000	193000000	1000000	-1
chr1	193	193000000	194000000	1000000	-1
chr1	194	194000000	195471971	1471971	-1
chr2	195	0	1000000	1000000	-1
chr2	196	1000000	2000000	1000000	-1
chr2	197	2000000	3000000	1000000	-1
chr2	198	3000000	4000000	1000000	-1
chr2	199	4000000	5000000	1000000	-1
chr2	200	5000000	6000000	1000000	-1
chr2	201	6000000	7000000	1000000	-1
chr2	202	7000000	8000000	1000000	-1
chr2	203	8000000	9000000	1000000	-1
chr2	204	9000000	10000000	1000000	-1
chr2	205	10000000	11000000	1000000	-1
chr2	206	11000000	12000000	1000000	-1
chr2	207	12000000	13000000	1000000	-1
chr2	208	13000000	14000000	1000000	-1
chr2	209	14000000	15000000	1000000	-1
chr2	210	15000000	16000000	1000000	-1
chr2	211	16000000	17000000	1000000	-1
chr2	212	17000000	18000000	1000000	-1
chr2	213	18000000	19000000	1000000	-1
chr2	214	19000000	20000000	1000000	-1
chr2	215	20000000	21000000	1000000	-1
chr2	216	21000000	22000000	1000000	-1
chr2	217	22000000	23000000	1000000	-1
chr2	218	23000000	24000000	1000000	-1
chr2	219	24000000	25000000	1000000	-1
chr2	220	25000000	26000000	1000000	-1
chr2	221	26000000	27000000	1000000	-1
chr2	222	27000000	28000000	1000000	-1
chr2	223	28000000	29000000	1000000	-1
chr2	224	29000000	30000000	1000000	-1
chr2	225	30000000	31000000	1000000	-1
chr2	226	31000000	32000000	1000000	-1
chr2	227	32000000	33000000	1000000	-1
chr2	228	33000000	34000000	1000000	-1
chr2	229	34000000	35000000	1000000	-1
chr2	230	35000000	36000000	1000000	-1
chr2	231	36000000	37000000	1000000	-1
chr2	232	37000000	38000000	1000000	-1
chr2	233	38000000	39000000	1000000	-1
chr2	234	39000000	40000000	1000000	-1
chr2	235	40000000	41000000	1000000	-1
chr2	236	41000000	42000000	1000000	-1
chr2	237	42000000	43000000	1000000	-1
chr2	238	43000000	44000000	1000000	-1
chr2	239	44000000	45000000	1000000	-1
chr2	240	45000000	46000000	1000000	-1
chr2	241	46000000	47000000	1000000	-1
chr2	242	47000000	48000000	1000000	-1
chr2	243	48000000	49000000	1000000	-1
chr2	244	49000000	50000000	1000000	-1
chr2	245	50000000	51000000	1000000	-1
chr2	246	51000000	52000000	1000000	-1
chr2	247	52000000	53000000	1000000	-1
chr2	248	53000000	54000000	1000000	-1
chr2	249	54000000	55000000	1000000	-1
chr2	250	55000000	56000000	1000000	-1
chr2	251	56000000	57000000	1000000	-1
chr2	252	57000000	58000000	1000000	-1
chr2	253	58000000	59000000	1000000	-1
chr2	254	59000000	60000000	1000000	-1
chr2	255	60000000	61000000	1000000	-1
chr2	256	61000000	62000000	1000000	-1
chr2	257	62000000	63000000	1000000	-1
chr2	258	63000000	64000000	1000000	-1
chr2	259	64000000	65000000	1000000	-1
chr2	260	65000000	66000000	1000000	-1
chr2	261	66000000	67000000	1000000	-1
chr2	262	67000000	68000000	1000000	-1
chr2	263	68000000	69000000	1000000	-1
chr2	264	69000000	70000000	1000000	-1
chr2	265	70000000	71000000	1000000	-1
chr2	266	71000000	72000000	1000000	-1
chr2	267	72000000	73000000	1000000	-1
chr2	268	73000000	74000000	1000000	-1
chr2	269	74000000	75000000	1000000	-1
chr2	270	75000000	76000000	1000000	-1
chr2	271	76000000	77000000	1000000	-1
chr2	272	77000000	78000000	1000000	-1
chr2	273	78000000	79000000	1000000	-1
chr2	274	79000000	80000000	1000000	-1
chr2	275	80000000	81000000	1000000	-1
chr2	276	81000000	82000000	1000000	-1
chr2	277	82000000	83000000	1000000	-1
chr2	278	83000000	84000000	1000000	-1
chr2	279	84000000	85000000	1000000	-1
chr2	280	85000000	86000000	1000000	-1
chr2	281	86000000	87000000	1000000	-1
chr2	282	87000000	88000000	1000000	-1
chr2	283	88000000	89000000	1000000	-1
chr2	284	89000000	90000000	1000000	-1
chr2	285	90000000	91000000	1000000	-1
chr2	286	91000000	92000000	1000000	-1
chr2	287	92000000	93000000	1000000	-1
chr2	288	93000000	94000000	1000000	-1
chr2	289	94000000	95000000	1000000	-1
chr2	290	95000000	96000000	1000000	-1
chr2	291	96000000	97000000	1000000	-1
chr2	292	97000000	98000000	1000000	-1
chr2	293	98000000	99000000	1000000	-1
chr2	294	99000000	100000000	1000000	-1
chr2	295	100000000	101000000	1000000	-1
chr2	296	101000000	102000000	1000000	-1
chr2	297	102000000	103000000	1000000	-1
chr2	298	103000000	104000000	1000000	-1
chr2	299	104000000	105000000	1000000	-1
chr2	300	105000000	106000000	1000000	-1
chr2	301	106000000	107000000	1000000	-1
chr2	302	107000000	108000000	1000000	-1
chr2	303	108000000	109000000	1000000	-1
chr2	304	109000000	110000000	1000000	-1
chr2	305	110000000	111000000	1000000	-1
chr2	306	111000000	112000000	1000000	-1
chr2	307	112000000	113000000	1000000	-1
chr2	308	113000000	114000000	1000000	-1
chr2	309	114000000	115000000	1000000	-1
chr2	310	115000000	116000000	1000000	-1
chr2	311	116000000	117000000	1000000	-1
chr2	312	117000000	118000000	1000000	-1
chr2	313	118000000	119000000	1000000	-1
chr2	314	119000000	120000000	1000000	-1
chr2	315	120000000	121000000	1000000	-1
chr2	316	121000000	122000000	1000000	-1
chr2	317	122000000	123000000	1000000	-1
chr2	318	123000000	124000000	1000000	-1
chr2	319	124000000	125000000	1000000	-1
chr2	320	125000000	126000000	1000000	-1
chr2	321	126000000	127000000	1000000	-1
chr2	322	127000000	128000000	1000000	-1
chr2	323	128000000	129000000	1000000	-1
chr2	324	129000000	130000000	1000000	-1
chr2	325	130000000	131000000	1000000	-1
chr2	326	131000000	132000000	1000000	-1
chr2	327	132000000	133000000	1000000	-1
chr2	328	133000000	134000000	1000000	-1
chr2	329	134000000	135000000	1000000	-1
chr2	330	135000000	136000000	1000000	-1
chr2	331	136000000	137000000	1000000	-1
chr2	332	137000000	138000000	1000000	-1
chr2	333	138000000	139000000	1000000	-1
chr2	334	139000000	140000000	1000000	-1
chr2	335	140000000	141000000	1000000	-1
chr2	336	141000000	142000000	1000000	-1
chr2	337	142000000	143000000	1000000	-1
chr2	338	143000000	144000000	1000000	-1
chr2	339	144000000	145000000	1000000	-1
chr2	340	145000000	146000000	1000000	-1
chr2	341	146000000	147000000	1000000	-1
chr2	342	147000000	148000000	1000000	-1
chr2	343	148000000	149000000	1000000	-1
chr2	344	149000000	150000000	1000000	-1
chr2	345	150000000	151000000	1000000	-1
chr2	346	151000000	152000000	1000000	-1
chr2	347	152000000	153000000	1000000	-1
chr2	348	153000000	154000000	1000000	-1
chr2	349	154000000	155000000	1000000	-1
chr2	350	155000000	156000000	1000000	-1
chr2	351	156000000	157000000	1000000	-1
chr2	352	157000000	158000000	1000000	-1
chr2	353	158000000	159000000	1000000	-1
chr2	354	159000000	160000000	1000000	-1
chr2	355	160000000	161000000	1000000	-1
chr2	356	161000000	162000000	1000000	-1
chr2	357	162000000	163000000	1000000	-1
chr2	358	163000000	164000000	1000000	-1
chr2	359	164000000	165000000	1000000	-1
chr2	360	165000000	166000000	1000000	-1
chr2	361	166000000	167000000	1000000	-1
chr2	362	167000000	168000000	1000000	-1
chr2	363	168000000	169000000	1000000	-1
chr2	364	169000000	170000000	1000000	-1
chr2	365	170000000	171000000	1000000	-1
chr2	366	171000000	172000000	1000000	-1
chr2	367	172000000	173000000	1000000	-1
chr2	368	173000000	174000000	1000000	-1
chr2	369	174000000	175000000	1000000	-1
chr2	370	175000000	176000000	1000000	-1
chr2	371	176000000	177000000	1000000	-1
chr2	372	177000000	178000000	1000000	-1
chr2	373	178000000	179000000	1000000	-1
chr2	374	179000000	180000000	1000000	-1
chr2	375	180000000	181000000	1000000	-1
chr2	376	181000000	182113224	1113224	-1
chr3	377	0	1000000	1000000	-1
chr3	378	1000000	2000000	1000000	-1
chr3	379	2000000	3000000	1000000	-1
chr3	380	3000000	4000000	1000000	-1
chr3	381	4000000	5000000	1000000	-1
chr3	382	5000000	6000000	1000000	-1
chr3	383	6000000	7000000	1000000	-1
chr3	384	7000000	8000000	1000000	-1
chr3	385	8000000	9000000	1000000	-1
chr3	386	9000000	10000000	1000000	-1
chr3	387	10000000	11000000	1000000	-1
chr3	388	11000000	12000000	1000000	-1
chr3	389	12000000	13000000	1000000	-1
chr3	390	13000000	14000000	1000000	-1
chr3	391	14000000	15000000	1000000	-1
chr3	392	15000000	16000000	1000000	-1
chr3	393	16000000	17000000	1000000	-1
chr3	394	17000000	18000000	1000000	-1
chr3	395	18000000	19000000	1000000	-1
chr3	396	19000000	20000000	1000000	-1
chr3	397	20000000	21000000	1000000	-1
chr3	398	21000000	22000000	1000000	-1
chr3	399	22000000	23000000	1000000	-1
chr3	400	23000000	24000000	1000000	-1
chr3	401	24000000	25000000	1000000	-1
chr3	402	25000000	26000000	1000000	-1
chr3	403	26000000	27000000	1000000	-1
chr3	404	27000000	28000000	1000000	-1
chr3	405	28000000	29000000	1000000	-1
chr3	406	29000000	30000000	1000000	-1
chr3	407	30000000	31000000	1000000	-1
chr3	408	31000000	32000000	1000000	-1
chr3	409	32000000	33000000	1000000	-1
chr3	410	33000000	34000000	1000000	-1
chr3	411	34000000	35000000	1000000	-1
chr3	412	35000000	36000000	1000000	-1
chr3	413	36000000	37000000	1000000	-1
chr3	414	37000000	38000000	1000000	-1
chr3	415	38000000	39000000	1000000	-1
chr3	416	39000000	40000000	1000000	-1
chr3	417	40000000	41000000	1000000	-1
chr3	418	41000000	42000000	1000000	-1
chr3	419	42000000	43000000	1000000	-1
chr3	420	43000000	44000000	1000000	-1
chr3	421	44000000	45000000	1000000	-1
chr3	422	45000000	46000000	1000000	-1
chr3	423	46000000	47000000	1000000	-1
chr3	424	47000000	48000000	1000000	-1
chr3	425	48000000	49000000	1000000	-1
chr3	426	49000000	50000000	1000000	-1
chr3	427	50000000	51000000	1000000	-1
chr3	428	51000000	52000000	1000000	-1
chr3	429	52000000	53000000	1000000	-1
chr3	430	53000000	54000000	1000000	-1
chr3	431	54000000	55000000	1000000	-1
chr3	432	55000000	56000000	1000000	-1
chr3	433	56000000	57000000	1000000	-1
chr3	434	57000000	58000000	1000000	-1
chr3	435	58000000	59000000	1000000	-1
chr3	436	59000000	60000000	1000000	-1
chr3	437	60000000	61000000	1000000	-1
chr3	438	61000000	62000000	1000000	-1
chr3	439	62000000	63000000	1000000	-1
chr3	440	63000000	64000000	1000000	-1
chr3	441	64000000	65000000	1000000	-1
chr3	442	65000000	66000000	1000000	-1
chr3	443	66000000	67000000	1000000	-1
chr3	444	67000000	68000000	1000000	-1
chr3	445	68000000	69000000	1000000	-1
chr3	446	69000000	70000000	1000000	-1
chr3	447	70000000	71000000	1000000	-1
chr3	448	71000000	72000000	1000000	-1
chr3	449	72000000	73000000	1000000	-1
chr3	450	73000000	74000000	1000000	-1
chr3	451	74000000	75000000	1000000	-1
chr3	452	75000000	76000000	1000000	-1
chr3	453	76000000	77000000	1000000	-1
chr3	454	77000000	78000000	1000000	-1
chr3	455	78000000	79000000	1000000	-1
chr3	456	79000000	80000000	1000000	-1
chr3	457	80000000	81000000	1000000	-1
chr3	458	81000000	82000000	1000000	-1
chr3	459	82000000	83000000	1000000	-1
chr3	460	83000000	84000000	1000000	-1
chr3	461	84000000	85000000	1000000	-1
chr3	462	85000000	86000000	1000000	-1
chr3	463	86000000	87000000	1000000	-1
chr3	464	87000000	88000000	1000000	-1
chr3	465	88000000	89000000	1000000	-1
chr3	466	89000000	90000000	1000000	-1
chr3	467	90000000	91000000	1000000	-1
chr3	468	91000000	92000000	1000000	-1
chr3	469	92000000	93000000	1000000	-1
chr3	470	93000000	94000000	1000000	-1
chr3	471	94000000	95000000	1000000	-1
chr3	472	95000000	96000000	1000000	-1
chr3	473	96000000	97000000	1000000	-1
chr3	474	97000000	98000000	1000000	-1
chr3	475	98000000	99000000	1000000	-1
chr3	476	99000000	100000000	1000000	-1
chr3	477	100000000	101000000	1000000	-1
chr3	478	101000000	102000000	1000000	-1
chr3	479	102000000	103000000	1000000	-1
chr3	480	103000000	104000000	1000000	-1
chr3	481	104000000	105000000	1000000	-1
chr3	482	105000000	106000000	1000000	-1
chr3	483	106000000	107000000	1000000	-1
chr3	484	107000000	108000000	1000000	-1
chr3	485	108000000	109000000	1000000	-1
chr3	486	109000000	110000000	1000000	-1
chr3	487	110000000	111000000	1000000	-1
chr3	488	111000000	112000000	1000000	-1
chr3	489	112000000	113000000	1000000	-1
chr3	490	113000000	114000000	1000000	-1
chr3	491	114000000	115000000	1000000	-1
chr3	492	115000000	116000000	1000000	-1
chr3	493	116000000	117000000	1000000	-1
chr3	494	117000000	118000000	1000000	-1
chr3	495	118000000	119000000	1000000	-1
chr3	496	119000000	120000000	1000000	-1
chr3	497	120000000	121000000	1000000	-1
chr3	498	121000000	122000000	1000000	-1
chr3	499	122000000	123000000	1000000	-1
chr3	500	123000000	124000000	1000000	-1
chr3	501	124000000	125000000	1000000	-1
chr3	502	125000000	126000000	1000000	-1
chr3	503	126000000	127000000	1000000	-1
chr3	504	127000000	128000000	1000000	-1
chr3	505	128000000	129000000	1000000	-1
chr3	506	129000000	130000000	1000000	-1
chr3	507	130000000	131000000	1000000	-1
chr3	508	131000000	132000000	1000000	-1
chr3	509	132000000	133000000	1000000	-1
chr3	510	133000000	134000000	1000000	-1
chr3	511	134000000	135000000	1000000	-1
chr3	512	135000000	136000000	1000000	-1
chr3	513	136000000	137000000	1000000	-1
chr3	514	137000000	138000000	1000000	-1
chr3	515	138000000	139000000	1000000	-1
chr3	516	139000000	140000000	1000000	-1
chr3	517	140000000	141000000	1000000	-1
chr3	518	141000000	142000000	1000000	-1
chr3	519	142000000	143000000	1000000	-1
chr3	520	143000000	144000000	1000000	-1
chr3	521	144000000	145000000	1000000	-1
chr3	522	145000000	146000000	1000000	-1
chr3	523	146000000	147000000	1000000	-1
chr3	524	147000000	148000000	1000000	-1
chr3	525	148000000	149000000	1000000	-1
chr3	526	149000000	150000000	1000000	-1
chr3	527	150000000	151000000	1000000	-1
chr3	528	151000000	152000000	1000000	-1
chr3	529	152000000	153000000	1000000	-1
chr3	530	153000000	154000000	1000000	-1
chr3	531	154000000	155000000	1000000	-1
chr3	532	155000000	156000000	1000000	-1
chr3	533	156000000	157000000	1000000	-1
chr3	534	157000000	158000000	1000000	-1
chr3	535	158000000	159000000	1000000	-1
chr3	536	159000000	160039680	1039680	-1
chr4	537	0	1000000	1000000	-1
chr4	538	1000000	2000000	1000000	-1
chr4	539	2000000	3000000	1000000	-1
chr4	540	3000000	4000000	1000000	-1
chr4	541	4000000	5000000	1000000	-1
chr4	542	5000000	6000000	1000000	-1
chr4	543	6000000	7000000	1000000	-1
chr4	544	7000000	8000000	1000000	-1
chr4	545	8000000	9000000	1000000	-1
chr4	546	9000000	10000000	1000000	-1
chr4	547	10000000	11000000	1000000	-1
chr4	548	11000000	12000000	1000000	-1
chr4	549	12000000	13000000	1000000	-1
chr4	550	13000000	14000000	1000000	-1
chr4	551	14000000	15000000	1000000	-1
chr4	552	15000000	16000000	1000000	-1
chr4	553	16000000	17000000	1000000	-1
chr4	554	17000000	18000000	1000000	-1
chr4	555	18000000	19000000	1000000	-1
chr4	556	19000000	20000000	1000000	-1
chr4	557	20000000	21000000	1000000	-1
chr4	558	21000000	22000000	1000000	-1
chr4	559	22000000	23000000	1000000	-1
chr4	560	23000000	24000000	1000000	-1
chr4	561	24000000	25000000	1000000	-1
chr4	562	25000000	26000000	1000000	-1
chr4	563	26000000	27000000	1000000	-1
chr4	564	27000000	28000000	1000000	-1
chr4	565	28000000	29000000	1000000	-1
chr4	566	29000000	30000000	1000000	-1
chr4	567	30000000	31000000	1000000	-1
chr4	568	31000000	32000000	1000000	-1
chr4	569	32000000	33000000	1000000	-1
chr4	570	33000000	34000000	1000000	-1
chr4	571	34000000	35000000	1000000	-1
chr4	572	35000000	36000000	1000000	-1
chr4	573	36000000	37000000	1000000	-1
chr4	574	37000000	38000000	1000000	-1
chr4	575	38000000	39000000	1000000	-1
chr4	576	39000000	40000000	1000000	-1
chr4	577	40000000	41000000	1000000	-1
chr4	578	41000000	42000000	1000000	-1
chr4	579	42000000	43000000	1000000	-1
chr4	580	43000000	44000000	1000000	-1
chr4	581	44000000	45000000	1000000	-1
chr4	582	45000000	46000000	1000000	-1
chr4	583	46000000	47000000	1000000	-1
chr4	584	47000000	48000000	1000000	-1
chr4	585	48000000	49000000	1000000	-1
chr4	586	49000000	50000000	1000000	-1
chr4	587	50000000	51000000	1000000	-1
chr4	588	51000000	52000000	1000000	-1
chr4	589	52000000	53000000	1000000	-1
chr4	590	53000000	54000000	1000000	-1
chr4	591	54000000	55000000	1000000	-1
chr4	592	55000000	56000000	1000000	-1
chr4	593	56000000	57000000	1000000	-1
chr4	594	57000000	58000000	1000000	-1
chr4	595	58000000	59000000	1000000	-1
chr4	596	59000000	60000000	1000000	-1
chr4	597	60000000	61000000	1000000	-1
chr4	598	61000000	62000000	1000000	-1
chr4	599	62000000	63000000	1000000	-1
chr4	600	63000000	64000000	1000000	-1
chr4	601	64000000	65000000	1000000	-1
chr4	602	65000000	66000000	1000000	-1
chr4	603	66000000	67000000	1000000	-1
chr4	604	67000000	68000000	1000000	-1
chr4	605	68000000	69000000	1000000	-1
chr4	606	69000000	70000000	1000000	-1
chr4	607	70000000	71000000	1000000	-1
chr4	608	71000000	72000000	1000000	-1
chr4	609	72000000	73000000	1000000	-1
chr4	610	73000000	74000000	1000000	-1
chr4	611	74000000	75000000	1000000	-1
chr4	612	75000000	76000000	1000000	-1
chr4	613	76000000	77000000	1000000	-1
chr4	614	77000000	78000000	1000000	-1
chr4	615	78000000	79000000	1000000	-1
chr4	616	79000000	80000000	1000000	-1
chr4	617	80000000	81000000	1000000	-1
chr4	618	81000000	82000000	1000000	-1
chr4	619	82000000	83000000	1000000	-1
chr4	620	83000000	84000000	1000000	-1
chr4	621	84000000	85000000	1000000	-1
chr4	622	85000000	86000000	1000000	-1
chr4	623	86000000	87000000	1000000	-1
chr4	624	87000000	88000000	1000000	-1
chr4	625	88000000	89000000	1000000	-1
chr4	626	89000000	90000000	1000000	-1
chr4	627	90000000	91000000	1000000	-1
chr4	628	91000000	92000000	1000000	-1
chr4	629	92000000	93000000	1000000	-1
chr4	630	93000000	94000000	1000000	-1
chr4	631	94000000	95000000	1000000	-1
chr4	632	95000000	96000000	1000000	-1
chr4	633	96000000	97000000	1000000	-1
chr4	634	97000000	98000000	1000000	-1
chr4	635	98000000	99000000	1000000	-1
chr4	636	99000000	100000000	1000000	-1
chr4	637	100000000	101000000	1000000	-1
chr4	638	101000000	102000000	1000000	-1
chr4	639	102000000	103000000	1000000	-1
chr4	640	103000000	104000000	1000000	-1
chr4	641	104000000	105000000	1000000	-1
chr4	642	105000000	106000000	1000000	-1
chr4	643	106000000	107000000	1000000	-1
chr4	644	107000000	108000000	1000000	-1
chr4	645	108000000	109000000	1000000	-1
chr4	646	109000000	110000000	1000000	-1
chr4	647	110000000	111000000	1000000	-1
chr4	648	111000000	112000000	1000000	-1
chr4	649	112000000	113000000	1000000	-1
chr4	650	113000000	114000000	1000000	-1
chr4	651	114000000	115000000	1000000	-1
chr4	652	115000000	116000000	1000000	-1
chr4	653	116000000	117000000	1000000	-1
chr4	654	117000000	118000000	1000000	-1
chr4	655	118000000	119000000	1000000	-1
chr4	656	119000000	120000000	1000000	-1
chr4	657	120000000	121000000	1000000	-1
chr4	658	121000000	122000000	1000000	-1
chr4	659	122000000	123000000	1000000	-1
chr4	660	123000000	124000000	1000000	-1
chr4	661	124000000	125000000	1000000	-1
chr4	662	125000000	126000000	1000000	-1
chr4	663	126000000	127000000	1000000	-1
chr4	664	127000000	128000000	1000000	-1
chr4	665	128000000	129000000	1000000	-1
chr4	666	129000000	130000000	1000000	-1
chr4	667	130000000	131000000	1000000	-1
chr4	668	131000000	132000000	1000000	-1
chr4	669	132000000	133000000	1000000	-1
chr4	670	133000000	134000000	1000000	-1
chr4	671	134000000	135000000	1000000	-1
chr4	672	135000000	136000000	1000000	-1
chr4	673	136000000	137000000	1000000	-1
chr4	674	137000000	138000000	1000000	-1
chr4	675	138000000	139000000	1000000	-1
chr4	676	139000000	140000000	1000000	-1
chr4	677	140000000	141000000	1000000	-1
chr4	678	141000000	142000000	1000000	-1
chr4	679	142000000	143000000	1000000	-1
chr4	680	143000000	144000000	1000000	-1
chr4	681	144000000	145000000	1000000	-1
chr4	682	145000000	146000000	1000000	-1
chr4	683	146000000	147000000	1000000	-1
chr4	684	147000000	148000000	1000000	-1
chr4	685	148000000	149000000	1000000	-1
chr4	686	149000000	150000000	1000000	-1
chr4	687	150000000	151000000	1000000	-1
chr4	688	151000000	152000000	1000000	-1
chr4	689	152000000	153000000	1000000	-1
chr4	690	153000000	154000000	1000000	-1
chr4	691	154000000	155000000	1000000	-1
chr4	692	155000000	156000000	1000000	-1
chr4	693	156000000	156508116	508116	-1
chr5	694	0	1000000	1000000	-1
chr5	695	1000000	2000000	1000000	-1
chr5	696	2000000	3000000	1000000	-1
chr5	697	3000000	4000000	1000000	-1
chr5	698	4000000	5000000	1000000	-1
chr5	699	5000000	6000000	1000000	-1
chr5	700	6000000	7000000	1000000	-1
chr5	701	7000000	8000000	1000000	-1
chr5	702	8000000	9000000	1000000	-1
chr5	703	9000000	10000000	1000000	-1
chr5	704	10000000	11000000	1000000	-1
chr5	705	11000000	12000000	1000000	-1
chr5	706	12000000	13000000	1000000	-1
chr5	707	13000000	14000000	1000000	-1
chr5	708	14000000	15000000	1000000	-1
chr5	709	15000000	16000000	1000000	-1
chr5	710	16000000	17000000	1000000	-1
chr5	711	17000000	18000000	1000000	-1
chr5	712	18000000	19000000	1000000	-1
chr5	713	19000000	20000000	1000000	-1
chr5	714	20000000	21000000	1000000	-1
chr5	715	21000000	22000000	1000000	-1
chr5	716	22000000	23000000	1000000	-1
chr5	717	23000000	24000000	1000000	-1
chr5	718	24000000	25000000	1000000	-1
chr5	719	25000000	26000000	1000000	-1
chr5	720	26000000	27000000	1000000	-1
chr5	721	27000000	28000000	1000000	-1
chr5	722	28000000	29000000	1000000	-1
chr5	723	29000000	30000000	1000000	-1
chr5	724	30000000	31000000	1000000	-1
chr5	725	31000000	32000000	1000000	-1
chr5	726	32000000	33000000	1000000	-1
chr5	727	33000000	34000000	1000000	-1
chr5	728	34000000	35000000	1000000	-1
chr5	729	35000000	36000000	1000000	-1
chr5	730	36000000	37000000	1000000	-1
chr5	731	37000000	38000000	1000000	-1
chr5	732	38000000	39000000	1000000	-1
chr5	733	39000000	40000000	1000000	-1
chr5	734	40000000	41000000	1000000	-1
chr5	735	41000000	42000000	1000000	-1
chr5	736	42000000	43000000	1000000	-1
chr5	737	43000000	44000000	1000000	-1
chr5	738	44000000	45000000	1000000	-1
chr5	739	45000000	46000000	1000000	-1
chr5	740	46000000	47000000	1000000	-1
chr5	741	47000000	48000000	1000000	-1
chr5	742	48000000	49000000	1000000	-1
chr5	743	49000000	50000000	1000000	-1
chr5	744	50000000	51000000	1000000	-1
chr5	745	51000000	52000000	1000000	-1
chr5	746	52000000	53000000	1000000	-1
chr5	747	53000000	54000000	1000000	-1
chr5	748	54000000	55000000	1000000	-1
chr5	749	55000000	56000000	1000000	-1
chr5	750	56000000	57000000	1000000	-1
chr5	751	57000000	58000000	1000000	-1
chr5	752	58000000	59000000	1000000	-1
chr5	753	59000000	60000000	1000000	-1
chr5	754	60000000	61000000	1000000	-1
chr5	755	61000000	62000000	1000000	-1
chr5	756	62000000	63000000	1000000	-1
chr5	757	63000000	64000000	1000000	-1
chr5	758	64000000	65000000	1000000	-1
chr5	759	65000000	66000000	1000000	-1
chr5	760	66000000	67000000	1000000	-1
chr5	761	67000000	68000000	1000000	-1
chr5	762	68000000	69000000	1000000	-1
chr5	763	69000000	70000000	1000000	-1
chr5	764	70000000	71000000	1000000	-1
chr5	765	71000000	72000000	1000000	-1
chr5	766	72000000	73000000	1000000	-1
chr5	767	73000000	74000000	1000000	-1
chr5	768	74000000	75000000	1000000	-1
chr5	769	75000000	76000000	1000000	-1
chr5	770	76000000	77000000	1000000	-1
chr5	771	77000000	78000000	1000000	-1
chr5	772	78000000	79000000	1000000	-1
chr5	773	79000000	80000000	1000000	-1
chr5	774	80000000	81000000	1000000	-1
chr5	775	81000000	82000000	1000000	-1
chr5	776	82000000	83000000	1000000	-1
chr5	777	83000000	84000000	1000000	-1
chr5	778	84000000	85000000	1000000	-1
chr5	779	85000000	86000000	1000000	-1
chr5	780	86000000	87000000	1000000	-1
chr5	781	87000000	88000000	1000000	-1
chr5	782	88000000	89000000	1000000	-1
chr5	783	89000000	90000000	1000000	-1
chr5	784	90000000	91000000	1000000	-1
chr5	785	91000000	92000000	1000000	-1
chr5	786	92000000	93000000	1000000	-1
chr5	787	93000000	94000000	1000000	-1
chr5	788	94000000	95000000	1000000	-1
chr5	789	95000000	96000000	1000000	-1
chr5	790	96000000	97000000	1000000	-1
chr5	791	97000000	98000000	1000000	-1
chr5	792	98000000	99000000	1000000	-1
chr5	793	99000000	100000000	1000000	-1
chr5	794	100000000	101000000	1000000	-1
chr5	795	101000000	102000000	1000000	-1
chr5	796	102000000	103000000	1000000	-1
chr5	797	103000000	104000000	1000000	-1
chr5	798	104000000	105000000	1000000	-1
chr5	799	105000000	106000000	1000000	-1
chr5	800	106000000	107000000	1000000	-1
chr5	801	107000000	108000000	1000000	-1
chr5	802	108000000	109000000	1000000	-1
chr5	803	109000000	110000000	1000000	-1
chr5	804	110000000	111000000	1000000	-1
chr5	805	111000000	112000000	1000000	-1
chr5	806	112000000	113000000	1000000	-1
chr5	807	113000000	114000000	1000000	-1
chr5	808	114000000	115000000	1000000	-1
chr5	809	115000000	116000000	1000000	-1
chr5	810	116000000	117000000	1000000	-1
chr5	811	117000000	118000000	1000000	-1
chr5	812	118000000	119000000	1000000	-1
chr5	813	119000000	120000000	1000000	-1
chr5	814	120000000	121000000	1000000	-1
chr5	815	121000000	122000000	1000000	-1
chr5	816	122000000	123000000	1000000	-1
chr5	817	123000000	124000000	1000000	-1
chr5	818	124000000	125000000	1000000	-1
chr5	819	125000000	126000000	1000000	-1
chr5	820	126000000	127000000	1000000	-1
chr5	821	127000000	128000000	1000000	-1
chr5	822	128000000	129000000	1000000	-1
chr5	823	129000000	130000000	1000000	-1
chr5	824	130000000	131000000	1000000	-1
chr5	825	131000000	132000000	1000000	-1
chr5	826	132000000	133000000	1000000	-1
chr5	827	133000000	134000000	1000000	-1
chr5	828	134000000	135000000	1000000	-1
chr5	829	135000000	136000000	1000000	-1
chr5	830	136000000	137000000	1000000	-1
chr5	831	137000000	138000000	1000000	-1
chr5	832	138000000	139000000	1000000	-1
chr5	833	139000000	140000000	1000000	-1
chr5	834	140000000	141000000	1000000	-1
chr5	835	141000000	142000000	1000000	-1
chr5	836	142000000	143000000	1000000	-1
chr5	837	143000000	144000000	1000000	-1
chr5	838	144000000	145000000	1000000	-1
chr5	839	145000000	146000000	1000000	-1
chr5	840	146000000	147000000	1000000	-1
chr5	841	147000000	148000000	1000000	-1
chr5	842	148000000	149000000	1000000	-1
chr5	843	149000000	150000000	1000000	-1
chr5	844	150000000	151000000	1000000	-1
chr5	845	151000000	151834684	834684	-1
chr6	846	0	1000000	1000000	-1
chr6	847	1000000	2000000	1000000	-1
chr6	848	2000000	3000000	1000000	-1
chr6	849	3000000	4000000	1000000	-1
chr6	850	4000000	5000000	1000000	-1
chr6	851	5000000	6000000	1000000	-1
chr6	852	6000000	7000000	1000000	-1
chr6	853	7000000	8000000	1000000	-1
chr6	854	8000000	9000000	1000000	-1
chr6	855	9000000	10000000	1000000	-1
chr6	856	10000000	11000000	1000000	-1
chr6	857	11000000	12000000	1000000	-1
chr6	858	12000000	13000000	1000000	-1
chr6	859	13000000	14000000	1000000	-1
chr6	860	14000000	15000000	1000000	-1
chr6	861	15000000	16000000	1000000	-1
chr6	862	16000000	17000000	1000000	-1
chr6	863	17000000	18000000	1000000	-1
chr6	864	18000000	19000000	1000000	-1
chr6	865	19000000	20000000	1000000	-1
chr6	866	20000000	21000000	1000000	-1
chr6	867	21000000	22000000	1000000	-1
chr6	868	22000000	23000000	1000000	-1
chr6	869	23000000	24000000	1000000	-1
chr6	870	24000000	25000000	1000000	-1
chr6	871	25000000	26000000	1000000	-1
chr6	872	26000000	27000000	1000000	-1
chr6	873	27000000	28000000	1000000	-1
chr6	874	28000000	29000000	1000000	-1
chr6	875	29000000	30000000	1000000	-1
chr6	876	30000000	31000000	1000000	-1
chr6	877	31000000	32000000	1000000	-1
chr6	878	32000000	33000000	1000000	-1
chr6	879	33000000	34000000	1000000	-1
chr6	880	34000000	35000000	1000000	-1
chr6	881	35000000	36000000	1000000	-1
chr6	882	36000000	37000000	1000000	-1
chr6	883	37000000	38000000	1000000	-1
chr6	884	38000000	39000000	1000000	-1
chr6	885	39000000	40000000	1000000	-1
chr6	886	40000000	41000000	1000000	-1
chr6	887	41000000	42000000	1000000	-1
chr6	888	42000000	43000000	1000000	-1
chr6	889	43000000	44000000	1000000	-1
chr6	890	44000000	45000000	1000000	-1
chr6	891	45000000	46000000	1000000	-1
chr6	892	46000000	47000000	1000000	-1
chr6	893	47000000	48000000	1000000	-1
chr6	894	48000000	49000000	1000000	-1
chr6	895	49000000	50000000	1000000	-1
chr6	896	50000000	51000000	1000000	-1
chr6	897	51000000	52000000	1000000	-1
chr6	898	52000000	53000000	1000000	-1
chr6	899	53000000	54000000	1000000	-1
chr6	900	54000000	55000000	1000000	-1
chr6	901	55000000	56000000	1000000	-1
chr6	902	56000000	57000000	1000000	-1
chr6	903	57000000	58000000	1000000	-1
chr6	904	58000000	59000000	1000000	-1
chr6	905	59000000	60000000	1000000	-1
chr6	906	60000000	61000000	1000000	-1
chr6	907	61000000	62000000	1000000	-1
chr6	908	62000000	63000000	1000000	-1
chr6	909	63000000	64000000	1000000	-1
chr6	910	64000000	65000000	1000000	-1
chr6	911	65000000	66000000	1000000	-1
chr6	912	66000000	67000000	1000000	-1
chr6	913	67000000	68000000	1000000	-1
chr6	914	68000000	69000000	1000000	-1
chr6	915	69000000	70000000	1000000	-1
chr6	916	70000000	71000000	1000000	-1
chr6	917	71000000	72000000	1000000	-1
chr6	918	72000000	73000000	1000000	-1
chr6	919	73000000	74000000	1000000	-1
chr6	920	74000000	75000000	1000000	-1
chr6	921	75000000	76000000	1000000	-1
chr6	922	76000000	77000000	1000000	-1
chr6	923	77000000	78000000	1000000	-1
chr6	924	78000000	79000000	1000000	-1
chr6	925	79000000	80000000	1000000	-1
chr6	926	80000000	81000000	1000000	-1
chr6	927	81000000	82000000	1000000	-1
chr6	928	82000000	83000000	1000000	-1
chr6	929	83000000	84000000	1000000	-1
chr6	930	84000000	85000000	1000000	-1
chr6	931	85000000	86000000	1000000	-1
chr6	932	86000000	87000000	1000000	-1
chr6	933	87000000	88000000	1000000	-1
chr6	934	88000000	89000000	1000000	-1
chr6	935	89000000	90000000	1000000	-1
chr6	936	90000000	91000000	1000000	-1
chr6	937	91000000	92000000	1000000	-1
chr6	938	92000000	93000000	1000000	-1
chr6	939	93000000	94000000	1000000	-1
chr6	940	94000000	95000000	1000000	-1
chr6	941	95000000	96000000	1000000	-1
chr6	942	96000000	97000000	1000000	-1
chr6	943	97000000	98000000	1000000	-1
chr6	944	98000000	99000000	1000000	-1
chr6	945	99000000	100000000	1000000	-1
chr6	946	100000000	101000000	1000000	-1
chr6	947	101000000	102000000	1000000	-1
chr6	948	102000000	103000000	1000000	-1
chr6	949	103000000	104000000	1000000	-1
chr6	950	104000000	105000000	1000000	-1
chr6	951	105000000	106000000	1000000	-1
chr6	952	106000000	107000000	1000000	-1
chr6	953	107000000	108000000	1000000	-1
chr6	954	108000000	109000000	1000000	-1
chr6	955	109000000	110000000	1000000	-1
chr6	956	110000000	111000000	1000000	-1
chr6	957	111000000	112000000	1000000	-1
chr6	958	112000000	113000000	1000000	-1
chr6	959	113000000	114000000	1000000	-1
chr6	960	114000000	115000000	1000000	-1
chr6	961	115000000	116000000	1000000	-1
chr6	962	116000000	117000000	1000000	-1
chr6	963	117000000	118000000	1000000	-1
chr6	964	118000000	119000000	1000000	-1
chr6	965	119000000	120000000	1000000	-1
chr6	966	120000000	121000000	1000000	-1
chr6	967	121000000	122000000	1000000	-1
chr6	968	122000000	123000000	1000000	-1
chr6	969	123000000	124000000	1000000	-1
chr6	970	124000000	125000000	1000000	-1
chr6	971	125000000	126000000	1000000	-1
chr6	972	126000000	127000000	1000000	-1
chr6	973	127000000	128000000	1000000	-1
chr6	974	128000000	129000000	1000000	-1
chr6	975	129000000	130000000	1000000	-1
chr6	976	130000000	131000000	1000000	-1
chr6	977	131000000	132000000	1000000	-1
chr6	978	132000000	133000000	1000000	-1
chr6	979	133000000	134000000	1000000	-1
chr6	980	134000000	135000000	1000000	-1
chr6	981	135000000	136000000	1000000	-1
chr6	982	136000000	137000000	1000000	-1
chr6	983	137000000	138000000	1000000	-1
chr6	984	138000000	139000000	1000000	-1
chr6	985	139000000	140000000	1000000	-1
chr6	986	140000000	141000000	1000000	-1
chr6	987	141000000	142000000	1000000	-1
chr6	988	142000000	143000000	1000000	-1
chr6	989	143000000	144000000	1000000	-1
chr6	990	144000000	145000000	1000000	-1
chr6	991	145000000	146000000	1000000	-1
chr6	992	146000000	147000000	1000000	-1
chr6	993	147000000	148000000	1000000	-1
chr6	994	148000000	149000000	1000000	-1
chr6	995	149000000	149736546	736546	-1
chr7	996	0	1000000	1000000	-1
chr7	997	1000000	2000000	1000000	-1
chr7	998	2000000	3000000	1000000	-1
chr7	999	3000000	4000000	1000000	-1
chr7	1000	4000000	5000000	1000000	-1
chr7	1001	5000000	6000000	1000000	-1
chr7	1002	6000000	7000000	1000000	-1
chr7	1003	7000000	8000000	1000000	-1
chr7	1004	8000000	9000000	1000000	-1
chr7	1005	9000000	10000000	1000000	-1
chr7	1006	10000000	11000000	1000000	-1
chr7	1007	11000000	12000000	1000000	-1
chr7	1008	12000000	13000000	1000000	-1
chr7	1009	13000000	14000000	1000000	-1
chr7	1010	14000000	15000000	1000000	-1
chr7	1011	15000000	16000000	1000000	-1
chr7	1012	16000000	17000000	1000000	-1
chr7	1013	17000000	18000000	1000000	-1
chr7	1014	18000000	19000000	1000000	-1
chr7	1015	19000000	20000000	1000000	-1
chr7	1016	20000000	21000000	1000000	-1
chr7	1017	21000000	22000000	1000000	-1
chr7	1018	22000000	23000000	1000000	-1
chr7	1019	23000000	24000000	1000000	-1
chr7	1020	24000000	25000000	1000000	-1
chr7	1021	25000000	26000000	1000000	-1
chr7	1022	26000000	27000000	1000000	-1
chr7	1023	27000000	28000000	1000000	-1
chr7	1024	28000000	29000000	1000000	-1
chr7	1025	29000000	30000000	1000000	-1
chr7	1026	30000000	31000000	1000000	-1
chr7	1027	31000000	32000000	1000000	-1
chr7	1028	32000000	33000000	1000000	-1
chr7	1029	33000000	34000000	1000000	-1
chr7	1030	34000000	35000000	1000000	-1
chr7	1031	35000000	36000000	1000000	-1
chr7	1032	36000000	37000000	1000000	-1
chr7	1033	37000000	38000000	1000000	-1
chr7	1034	38000000	39000000	1000000	-1
chr7	1035	39000000	40000000	1000000	-1
chr7	1036	40000000	41000000	1000000	-1
chr7	1037	41000000	42000000	1000000	-1
chr7	1038	42000000	43000000	1000000	-1
chr7	1039	43000000	44000000	1000000	-1
chr7	1040	44000000	45000000	1000000	-1
chr7	1041	45000000	46000000	1000000	-1
chr7	1042	46000000	47000000	1000000	-1
chr7	1043	47000000	48000000	1000000	-1
chr7	1044	48000000	49000000	1000000	-1
chr7	1045	49000000	50000000	1000000	-1
chr7	1046	50000000	51000000	1000000	-1
chr7	1047	51000000	52000000	1000000	-1
chr7	1048	52000000	53000000	1000000	-1
chr7	1049	53000000	54000000	1000000	-1
chr7	1050	54000000	55000000	1000000	-1
chr7	1051	55000000	56000000	1000000	-1
chr7	1052	56000000	57000000	1000000	-1
chr7	1053	57000000	58000000	1000000	-1
chr7	1054	58000000	59000000	1000000	-1
chr7	1055	59000000	60000000	1000000	-1
chr7	1056	60000000	61000000	1000000	-1
chr7	1057	61000000	62000000	1000000	-1
chr7	1058	62000000	63000000	1000000	-1
chr7	1059	63000000	64000000	1000000	-1
chr7	1060	64000000	65000000	1000000	-1
chr7	1061	65000000	66000000	1000000	-1
chr7	1062	66000000	67000000	1000000	-1
chr7	1063	67000000	68000000	1000000	-1
chr7	1064	68000000	69000000	1000000	-1
chr7	1065	69000000	70000000	1000000	-1
chr7	1066	70000000	71000000	1000000	-1
chr7	1067	71000000	72000000	1000000	-1
chr7	1068	72000000	73000000	1000000	-1
chr7	1069	73000000	74000000	1000000	-1
chr7	1070	74000000	75000000	1000000	-1
chr7	1071	75000000	76000000	1000000	-1
chr7	1072	76000000	77000000	1000000	-1
chr7	1073	77000000	78000000	1000000	-1
chr7	1074	78000000	79000000	1000000	-1
chr7	1075	79000000	80000000	1000000	-1
chr7	1076	80000000	81000000	1000000	-1
chr7	1077	81000000	82000000	1000000	-1
chr7	1078	82000000	83000000	1000000	-1
chr7	1079	83000000	84000000	1000000	-1
chr7	1080	84000000	85000000	1000000	-1
chr7	1081	85000000	86000000	1000000	-1
chr7	1082	86000000	87000000	1000000	-1
chr7	1083	87000000	88000000	1000000	-1
chr7	1084	88000000	89000000	1000000	-1
chr7	1085	89000000	90000000	1000000	-1
chr7	1086	90000000	91000000	1000000	-1
chr7	1087	91000000	92000000	1000000	-1
chr7	1088	92000000	93000000	1000000	-1
chr7	1089	93000000	94000000	1000000	-1
chr7	1090	94000000	95000000	1000000	-1
chr7	1091	95000000	96000000	1000000	-1
chr7	1092	96000000	97000000	1000000	-1
chr7	1093	97000000	98000000	1000000	-1
chr7	1094	98000000	99000000	1000000	-1
chr7	1095	99000000	100000000	1000000	-1
chr7	1096	100000000	101000000	1000000	-1
chr7	1097	101000000	102000000	1000000	-1
chr7	1098	102000000	103000000	1000000	-1
chr7	1099	103000000	104000000	1000000	-1
chr7	1100	104000000	105000000	1000000	-1
chr7	1101	105000000	106000000	1000000	-1
chr7	1102	106000000	107000000	1000000	-1
chr7	1103	107000000	108000000	1000000	-1
chr7	1104	108000000	109000000	1000000	-1
chr7	1105	109000000	110000000	1000000	-1
chr7	1106	110000000	111000000	1000000	-1
chr7	1107	111000000	112000000	1000000	-1
chr7	1108	112000000	113000000	1000000	-1
chr7	1109	113000000	114000000	1000000	-1
chr7	1110	114000000	115000000	1000000	-1
chr7	1111	115000000	116000000	1000000	-1
chr7	1112	116000000	117000000	1000000	-1
chr7	1113	117000000	118000000	1000000	-1
chr7	1114	118000000	119000000	1000000	-1
chr7	1115	119000000	120000000	1000000	-1
chr7	1116	120000000	121000000	1000000	-1
chr7	1117	121000000	122000000	1000000	-1
chr7	1118	122000000	123000000	1000000	-1
chr7	1119	123000000	124000000	1000000	-1
chr7	1120	124000000	125000000	1000000	-1
chr7	1121	125000000	126000000	1000000	-1
chr7	1122	126000000	127000000	1000000	-1
chr7	1123	127000000	128000000	1000000	-1
chr7	1124	128000000	129000000	1000000	-1
chr7	1125	129000000	130000000	1000000	-1
chr7	1126	130000000	131000000	1000000	-1
chr7	1127	131000000	132000000	1000000	-1
chr7	1128	132000000	133000000	1000000	-1
chr7	1129	133000000	134000000	1000000	-1
chr7	1130	134000000	135000000	1000000	-1
chr7	1131	135000000	136000000	1000000	-1
chr7	1132	136000000	137000000	1000000	-1
chr7	1133	137000000	138000000	1000000	-1
chr7	1134	138000000	139000000	1000000	-1
chr7	1135	139000000	140000000	1000000	-1
chr7	1136	140000000	141000000	1000000	-1
chr7	1137	141000000	142000000	1000000	-1
chr7	1138	142000000	143000000	1000000	-1
chr7	1139	143000000	144000000	1000000	-1
chr7	1140	144000000	145441459	1441459	-1
chr8	1141	0	1000000	1000000	-1
chr8	1142	1000000	2000000	1000000	-1
chr8	1143	2000000	3000000	1000000	-1
chr8	1144	3000000	4000000	1000000	-1
chr8	1145	4000000	5000000	1000000	-1
chr8	1146	5000000	6000000	1000000	-1
chr8	1147	6000000	7000000	1000000	-1
chr8	1148	7000000	8000000	1000000	-1
chr8	1149	8000000	9000000	1000000	-1
chr8	1150	9000000	10000000	1000000	-1
chr8	1151	10000000	11000000	1000000	-1
chr8	1152	11000000	12000000	1000000	-1
chr8	1153	12000000	13000000	1000000	-1
chr8	1154	13000000	14000000	1000000	-1
chr8	1155	14000000	15000000	1000000	-1
chr8	1156	15000000	16000000	1000000	-1
chr8	1157	16000000	17000000	1000000	-1
chr8	1158	17000000	18000000	1000000	-1
chr8	1159	18000000	19000000	1000000	-1
chr8	1160	19000000	20000000	1000000	-1
chr8	1161	20000000	21000000	1000000	-1
chr8	1162	21000000	22000000	1000000	-1
chr8	1163	22000000	23000000	1000000	-1
chr8	1164	23000000	24000000	1000000	-1
chr8	1165	24000000	25000000	1000000	-1
chr8	1166	25000000	26000000	1000000	-1
chr8	1167	26000000	27000000	1000000	-1
chr8	1168	27000000	28000000	1000000	-1
chr8	1169	28000000	29000000	1000000	-1
chr8	1170	29000000	30000000	1000000	-1
chr8	1171	30000000	31000000	1000000	-1
chr8	1172	31000000	32000000	1000000	-1
chr8	1173	32000000	33000000	1000000	-1
chr8	1174	33000000	34000000	1000000	-1
chr8	1175	34000000	35000000	1000000	-1
chr8	1176	35000000	36000000	1000000	-1
chr8	1177	36000000	37000000	1000000	-1
chr8	1178	37000000	38000000	1000000	-1
chr8	1179	38000000	39000000	1000000	-1
chr8	1180	39000000	40000000	1000000	-1
chr8	1181	40000000	41000000	1000000	-1
chr8	1182	41000000	42000000	1000000	-1
chr8	1183	42000000	43000000	1000000	-1
chr8	1184	43000000	44000000	1000000	-1
chr8	1185	44000000	45000000	1000000	-1
chr8	1186	45000000	46000000	1000000	-1
chr8	1187	46000000	47000000	1000000	-1
chr8	1188	47000000	48000000	1000000	-1
chr8	1189	48000000	49000000	1000000	-1
chr8	1190	49000000	50000000	1000000	-1
chr8	1191	50000000	51000000	1000000	-1
chr8	1192	51000000	52000000	1000000	-1
chr8	1193	52000000	53000000	1000000	-1
chr8	1194	53000000	54000000	1000000	-1
chr8	1195	54000000	55000000	1000000	-1
chr8	1196	55000000	56000000	1000000	-1
chr8	1197	56000000	57000000	1000000	-1
chr8	1198	57000000	58000000	1000000	-1
chr8	1199	58000000	59000000	1000000	-1
chr8	1200	59000000	60000000	1000000	-1
chr8	1201	60000000	61000000	1000000	-1
chr8	1202	61000000	62000000	1000000	-1
chr8	1203	62000000	63000000	1000000	-1
chr8	1204	63000000	64000000	1000000	-1
chr8	1205	64000000	65000000	1000000	-1
chr8	1206	65000000	66000000	1000000	-1
chr8	1207	66000000	67000000	1000000	-1
chr8	1208	67000000	68000000	1000000	-1
chr8	1209	68000000	69000000	1000000	-1
chr8	1210	69000000	70000000	1000000	-1
chr8	1211	70000000	71000000	1000000	-1
chr8	1212	71000000	72000000	1000000	-1
chr8	1213	72000000	73000000	1000000	-1
chr8	1214	73000000	74000000	1000000	-1
chr8	1215	74000000	75000000	1000000	-1
chr8	1216	75000000	76000000	1000000	-1
chr8	1217	76000000	77000000	1000000	-1
chr8	1218	77000000	78000000	1000000	-1
chr8	1219	78000000	79000000	1000000	-1
chr8	1220	79000000	80000000	1000000	-1
chr8	1221	80000000	81000000	1000000	-1
chr8	1222	81000000	82000000	1000000	-1
chr8	1223	82000000	83000000	1000000	-1
chr8	1224	83000000	84000000	1000000	-1
chr8	1225	84000000	85000000	1000000	-1
chr8	1226	85000000	86000000	1000000	-1
chr8	1227	86000000	87000000	1000000	-1
chr8	1228	87000000	88000000	1000000	-1
chr8	1229	88000000	89000000	1000000	-1
chr8	1230	89000000	90000000	1000000	-1
chr8	1231	90000000	91000000	1000000	-1
chr8	1232	91000000	92000000	1000000	-1
chr8	1233	92000000	93000000	1000000	-1
chr8	1234	93000000	94000000	1000000	-1
chr8	1235	94000000	95000000	1000000	-1
chr8	1236	95000000	96000000	1000000	-1
chr8	1237	96000000	97000000	1000000	-1
chr8	1238	97000000	98000000	1000000	-1
chr8	1239	98000000	99000000	1000000	-1
chr8	1240	99000000	100000000	1000000	-1
chr8	1241	100000000	101000000	1000000	-1
chr8	1242	101000000	102000000	1000000	-1
chr8	1243	102000000	103000000	1000000	-1
chr8	1244	103000000	104000000	1000000	-1
chr8	1245	104000000	105000000	1000000	-1
chr8	1246	105000000	106000000	1000000	-1
chr8	1247	106000000	107000000	1000000	-1
chr8	1248	107000000	108000000	1000000	-1
chr8	1249	108000000	109000000	1000000	-1
chr8	1250	109000000	110000000	1000000	-1
chr8	1251	110000000	111000000	1000000	-1
chr8	1252	111000000	112000000	1000000	-1
chr8	1253	112000000	113000000	1000000	-1
chr8	1254	113000000	114000000	1000000	-1
chr8	1255	114000000	115000000	1000000	-1
chr8	1256	115000000	116000000	1000000	-1
chr8	1257	116000000	117000000	1000000	-1
chr8	1258	117000000	118000000	1000000	-1
chr8	1259	118000000	119000000	1000000	-1
chr8	1260	119000000	120000000	1000000	-1
chr8	1261	120000000	121000000	1000000	-1
chr8	1262	121000000	122000000	1000000	-1
chr8	1263	122000000	123000000	1000000	-1
chr8	1264	123000000	124000000	1000000	-1
chr8	1265	124000000	125000000	1000000	-1
chr8	1266	125000000	126000000	1000000	-1
chr8	1267	126000000	127000000	1000000	-1
chr8	1268	127000000	128000000	1000000	-1
chr8	1269	128000000	129401213	1401213	-1
chr9	1270	0	1000000	1000000	-1
chr9	1271	1000000	2000000	1000000	-1
chr9	1272	2000000	3000000	1000000	-1
chr9	1273	3000000	4000000	1000000	-1
chr9	1274	4000000	5000000	1000000	-1
chr9	1275	5000000	6000000	1000000	-1
chr9	1276	6000000	7000000	1000000	-1
chr9	1277	7000000	8000000	1000000	-1
chr9	1278	8000000	9000000	1000000	-1
chr9	1279	9000000	10000000	1000000	-1
chr9	1280	10000000	11000000	1000000	-1
chr9	1281	11000000	12000000	1000000	-1
chr9	1282	12000000	13000000	1000000	-1
chr9	1283	13000000	14000000	1000000	-1
chr9	1284	14000000	15000000	1000000	-1
chr9	1285	15000000	16000000	1000000	-1
chr9	1286	16000000	17000000	1000000	-1
chr9	1287	17000000	18000000	1000000	-1
chr9	1288	18000000	19000000	1000000	-1
chr9	1289	19000000	20000000	1000000	-1
chr9	1290	20000000	21000000	1000000	-1
chr9	1291	21000000	22000000	1000000	-1
chr9	1292	22000000	23000000	1000000	-1
chr9	1293	23000000	24000000	1000000	-1
chr9	1294	24000000	25000000	1000000	-1
chr9	1295	25000000	26000000	1000000	-1
chr9	1296	26000000	27000000	1000000	-1
chr9	1297	27000000	28000000	1000000	-1
chr9	1298	28000000	29000000	1000000	-1
chr9	1299	29000000	30000000	1000000	-1
chr9	1300	30000000	31000000	1000000	-1
chr9	1301	31000000	32000000	1000000	-1
chr9	1302	32000000	33000000	1000000	-1
chr9	1303	33000000	34000000	1000000	-1
chr9	1304	34000000	35000000	1000000	-1
chr9	1305	35000000	36000000	1000000	-1
chr9	1306	36000000	37000000	1000000	-1
chr9	1307	37000000	38000000	1000000	-1
chr9	1308	38000000	39000000	1000000	-1
chr9	1309	39000000	40000000	1000000	-1
chr9	1310	40000000	41000000	1000000	-1
chr9	1311	41000000	42000000	1000000	-1
chr9	1312	42000000	43000000	1000000	-1
chr9	1313	43000000	44000000	1000000	-1
chr9	1314	44000000	45000000	1000000	-1
chr9	1315	45000000	46000000	1000000	-1
chr9	1316	46000000	47000000	1000000	-1
chr9	1317	47000000	48000000	1000000	-1
chr9	1318	48000000	49000000	1000000	-1
chr9	1319	49000000	50000000	1000000	-1
chr9	1320	50000000	51000000	1000000	-1
chr9	1321	51000000	52000000	1000000	-1
chr9	1322	52000000	53000000	1000000	-1
chr9	1323	53000000	54000000	1000000	-1
chr9	1324	54000000	55000000	1000000	-1
chr9	1325	55000000	56000000	1000000	-1
chr9	1326	56000000	57000000	1000000	-1
chr9	1327	57000000	58000000	1000000	-1
chr9	1328	58000000	59000000	1000000	-1
chr9	1329	59000000	60000000	1000000	-1
chr9	1330	60000000	61000000	1000000	-1
chr9	1331	61000000	62000000	1000000	-1
chr9	1332	62000000	63000000	1000000	-1
chr9	1333	63000000	64000000	1000000	-1
chr9	1334	64000000	65000000	1000000	-1
chr9	1335	65000000	66000000	1000000	-1
chr9	1336	66000000	67000000	1000000	-1
chr9	1337	67000000	68000000	1000000	-1
chr9	1338	68000000	69000000	1000000	-1
chr9	1339	69000000	70000000	1000000	-1
chr9	1340	70000000	71000000	1000000	-1
chr9	1341	71000000	72000000	1000000	-1
chr9	1342	72000000	73000000	1000000	-1
chr9	1343	73000000	74000000	1000000	-1
chr9	1344	74000000	75000000	1000000	-1
chr9	1345	75000000	76000000	1000000	-1
chr9	1346	76000000	77000000	1000000	-1
chr9	1347	77000000	78000000	1000000	-1
chr9	1348	78000000	79000000	1000000	-1
chr9	1349	79000000	80000000	1000000	-1
chr9	1350	80000000	81000000	1000000	-1
chr9	1351	81000000	82000000	1000000	-1
chr9	1352	82000000	83000000	1000000	-1
chr9	1353	83000000	84000000	1000000	-1
chr9	1354	84000000	85000000	1000000	-1
chr9	1355	85000000	86000000	1000000	-1
chr9	1356	86000000	87000000	1000000	-1
chr9	1357	87000000	88000000	1000000	-1
chr9	1358	88000000	89000000	1000000	-1
chr9	1359	89000000	90000000	1000000	-1
chr9	1360	90000000	91000000	1000000	-1
chr9	1361	91000000	92000000	1000000	-1
chr9	1362	92000000	93000000	1000000	-1
chr9	1363	93000000	94000000	1000000	-1
chr9	1364	94000000	95000000	1000000	-1
chr9	1365	95000000	96000000	1000000	-1
chr9	1366	96000000	97000000	1000000	-1
chr9	1367	97000000	98000000	1000000	-1
chr9	1368	98000000	99000000	1000000	-1
chr9	1369	99000000	100000000	1000000	-1
chr9	1370	100000000	101000000	1000000	-1
chr9	1371	101000000	102000000	1000000	-1
chr9	1372	102000000	103000000	1000000	-1
chr9	1373	103000000	104000000	1000000	-1
chr9	1374	104000000	105000000	1000000	-1
chr9	1375	105000000	106000000	1000000	-1
chr9	1376	106000000	107000000	1000000	-1
chr9	1377	107000000	108000000	1000000	-1
chr9	1378	108000000	109000000	1000000	-1
chr9	1379	109000000	110000000	1000000	-1
chr9	1380	110000000	111000000	1000000	-1
chr9	1381	111000000	112000000	1000000	-1
chr9	1382	112000000	113000000	1000000	-1
chr9	1383	113000000	114000000	1000000	-1
chr9	1384	114000000	115000000	1000000	-1
chr9	1385	115000000	116000000	1000000	-1
chr9	1386	116000000	117000000	1000000	-1
chr9	1387	117000000	118000000	1000000	-1
chr9	1388	118000000	119000000	1000000	-1
chr9	1389	119000000	120000000	1000000	-1
chr9	1390	120000000	121000000	1000000	-1
chr9	1391	121000000	122000000	1000000	-1
chr9	1392	122000000	123000000	1000000	-1
chr9	1393	123000000	124000000	1000000	-1
chr9	1394	124000000	124595110	595110	-1
chr10	1395	0	1000000	1000000	-1
chr10	1396	1000000	2000000	1000000	-1
chr10	1397	2000000	3000000	1000000	-1
chr10	1398	3000000	4000000	1000000	-1
chr10	1399	4000000	5000000	1000000	-1
chr10	1400	5000000	6000000	1000000	-1
chr10	1401	6000000	7000000	1000000	-1
chr10	1402	7000000	8000000	1000000	-1
chr10	1403	8000000	9000000	1000000	-1
chr10	1404	9000000	10000000	1000000	-1
chr10	1405	10000000	11000000	1000000	-1
chr10	1406	11000000	12000000	1000000	-1
chr10	1407	12000000	13000000	1000000	-1
chr10	1408	13000000	14000000	1000000	-1
chr10	1409	14000000	15000000	1000000	-1
chr10	1410	15000000	16000000	1000000	-1
chr10	1411	16000000	17000000	1000000	-1
chr10	1412	17000000	18000000	1000000	-1
chr10	1413	18000000	19000000	1000000	-1
chr10	1414	19000000	20000000	1000000	-1
chr10	1415	20000000	21000000	1000000	-1
chr10	1416	21000000	22000000	1000000	-1
chr10	1417	22000000	23000000	1000000	-1
chr10	1418	23000000	24000000	1000000	-1
chr10	1419	24000000	25000000	1000000	-1
chr10	1420	25000000	26000000	1000000	-1
chr10	1421	26000000	27000000	1000000	-1
chr10	1422	27000000	28000000	1000000	-1
chr10	1423	28000000	29000000	1000000	-1
chr10	1424	29000000	30000000	1000000	-1
chr10	1425	30000000	31000000	1000000	-1
chr10	1426	31000000	32000000	1000000	-1
chr10	1427	32000000	33000000	1000000	-1
chr10	1428	33000000	34000000	1000000	-1
chr10	1429	34000000	35000000	1000000	-1
chr10	1430	35000000	36000000	1000000	-1
chr10	1431	36000000	37000000	1000000	-1
chr10	1432	37000000	38000000	1000000	-1
chr10	1433	38000000	39000000	1000000	-1
chr10	1434	39000000	40000000	1000000	-1
chr10	1435	40000000	41000000	1000000	-1
chr10	1436	41000000	42000000	1000000	-1
chr10	1437	42000000	43000000	1000000	-1
chr10	1438	43000000	44000000	1000000	-1
chr10	1439	44000000	45000000	1000000	-1
chr10	1440	45000000	46000000	1000000	-1
chr10	1441	46000000	47000000	1000000	-1
chr10	1442	47000000	48000000	1000000	-1
chr10	1443	48000000	49000000	1000000	-1
chr10	1444	49000000	50000000	1000000	-1
chr10	1445	50000000	51000000	1000000	-1
chr10	1446	51000000	52000000	1000000	-1
chr10	1447	52000000	53000000	1000000	-1
chr10	1448	53000000	54000000	1000000	-1
chr10	1449	54000000	55000000	1000000	-1
chr10	1450	55000000	56000000	1000000	-1
chr10	1451	56000000	57000000	1000000	-1
chr10	1452	57000000	58000000	1000000	-1
chr10	1453	58000000	59000000	1000000	-1
chr10	1454	59000000	60000000	1000000	-1
chr10	1455	60000000	61000000	1000000	-1
chr10	1456	61000000	62000000	1000000	-1
chr10	1457	62000000	63000000	1000000	-1
chr10	1458	63000000	64000000	1000000	-1
chr10	1459	64000000	65000000	1000000	-1
chr10	1460	65000000	66000000	1000000	-1
chr10	1461	66000000	67000000	1000000	-1
chr10	1462	67000000	68000000	1000000	-1
chr10	1463	68000000	69000000	1000000	-1
chr10	1464	69000000	70000000	1000000	-1
chr10	1465	70000000	71000000	1000000	-1
chr10	1466	71000000	72000000	1000000	-1
chr10	1467	72000000	73000000	1000000	-1
chr10	1468	73000000	74000000	1000000	-1
chr10	1469	74000000	75000000	1000000	-1
chr10	1470	75000000	76000000	1000000	-1
chr10	1471	76000000	77000000	1000000	-1
chr10	1472	77000000	78000000	1000000	-1
chr10	1473	78000000	79000000	1000000	-1
chr10	1474	79000000	80000000	1000000	-1
chr10	1475	80000000	81000000	1000000	-1
chr10	1476	81000000	82000000	1000000	-1
chr10	1477	82000000	83000000	1000000	-1
chr10	1478	83000000	84000000	1000000	-1
chr10	1479	84000000	85000000	1000000	-1
chr10	1480	85000000	86000000	1000000	-1
chr10	1481	86000000	87000000	1000000	-1
chr10	1482	87000000	88000000	1000000	-1
chr10	1483	88000000	89000000	1000000	-1
chr10	1484	89000000	90000000	1000000	-1
chr10	1485	90000000	91000000	1000000	-1
chr10	1486	91000000	92000000	1000000	-1
chr10	1487	92000000	93000000	1000000	-1
chr10	1488	93000000	94000000	1000000	-1
chr10	1489	94000000	95000000	1000000	-1
chr10	1490	95000000	96000000	1000000	-1
chr10	1491	96000000	97000000	1000000	-1
chr10	1492	97000000	98000000	1000000	-1
chr10	1493	98000000	99000000	1000000	-1
chr10	1494	99000000	100000000	1000000	-1
chr10	1495	100000000	101000000	1000000	-1
chr10	1496	101000000	102000000	1000000	-1
chr10	1497	102000000	103000000	1000000	-1
chr10	1498	103000000	104000000	1000000	-1
chr10	1499	104000000	105000000	1000000	-1
chr10	1500	105000000	106000000	1000000	-1
chr10	1501	106000000	107000000	1000000	-1
chr10	1502	107000000	108000000	1000000	-1
chr10	1503	108000000	109000000	1000000	-1
chr10	1504	109000000	110000000	1000000	-1
chr10	1505	110000000	111000000	1000000	-1
chr10	1506	111000000	112000000	1000000	-1
chr10	1507	112000000	113000000	1000000	-1
chr10	1508	113000000	114000000	1000000	-1
chr10	1509	114000000	115000000	1000000	-1
chr10	1510	115000000	116000000	1000000	-1
chr10	1511	116000000	117000000	1000000	-1
chr10	1512	117000000	118000000	1000000	-1
chr10	1513	118000000	119000000	1000000	-1
chr10	1514	119000000	120000000	1000000	-1
chr10	1515	120000000	121000000	1000000	-1
chr10	1516	121000000	122000000	1000000	-1
chr10	1517	122000000	123000000	1000000	-1
chr10	1518	123000000	124000000	1000000	-1
chr10	1519	124000000	125000000	1000000	-1
chr10	1520	125000000	126000000	1000000	-1
chr10	1521	126000000	127000000	1000000	-1
chr10	1522	127000000	128000000	1000000	-1
chr10	1523	128000000	129000000	1000000	-1
chr10	1524	129000000	130000000	1000000	-1
chr10	1525	130000000	130694993	694993	-1
chr11	1526	0	1000000	1000000	-1
chr11	1527	1000000	2000000	1000000	-1
chr11	1528	2000000	3000000	1000000	-1
chr11	1529	3000000	4000000	1000000	-1
chr11	1530	4000000	5000000	1000000	-1
chr11	1531	5000000	6000000	1000000	-1
chr11	1532	6000000	7000000	1000000	-1
chr11	1533	7000000	8000000	1000000	-1
chr11	1534	8000000	9000000	1000000	-1
chr11	1535	9000000	10000000	1000000	-1
chr11	1536	10000000	11000000	1000000	-1
chr11	1537	11000000	12000000	1000000	-1
chr11	1538	12000000	13000000	1000000	-1
chr11	1539	13000000	14000000	1000000	-1
chr11	1540	14000000	15000000	1000000	-1
chr11	1541	15000000	16000000	1000000	-1
chr11	1542	16000000	17000000	1000000	-1
chr11	1543	17000000	18000000	1000000	-1
chr11	1544	18000000	19000000	1000000	-1
chr11	1545	19000000	20000000	1000000	-1
chr11	1546	20000000	21000000	1000000	-1
chr11	1547	21000000	22000000	1000000	-1
chr11	1548	22000000	23000000	1000000	-1
chr11	1549	23000000	24000000	1000000	-1
chr11	1550	24000000	25000000	1000000	-1
chr11	1551	25000000	26000000	1000000	-1
chr11	1552	26000000	27000000	1000000	-1
chr11	1553	27000000	28000000	1000000	-1
chr11	1554	28000000	29000000	1000000	-1
chr11	1555	29000000	30000000	1000000	-1
chr11	1556	30000000	31000000	1000000	-1
chr11	1557	31000000	32000000	1000000	-1
chr11	1558	32000000	33000000	1000000	-1
chr11	1559	33000000	34000000	1000000	-1
chr11	1560	34000000	35000000	1000000	-1
chr11	1561	35000000	36000000	1000000	-1
chr11	1562	36000000	37000000	1000000	-1
chr11	1563	37000000	38000000	1000000	-1
chr11	1564	38000000	39000000	1000000	-1
chr11	1565	39000000	40000000	1000000	-1
chr11	1566	40000000	41000000	1000000	-1
chr11	1567	41000000	42000000	1000000	-1
chr11	1568	42000000	43000000	1000000	-1
chr11	1569	43000000	44000000	1000000	-1
chr11	1570	44000000	45000000	1000000	-1
chr11	1571	45000000	46000000	1000000	-1
chr11	1572	46000000	47000000	1000000	-1
chr11	1573	47000000	48000000	1000000	-1
chr11	1574	48000000	49000000	1000000	-1
chr11	1575	49000000	50000000	1000000	-1
chr11	1576	50000000	51000000	1000000	-1
chr11	1577	51000000	52000000	1000000	-1
chr11	1578	52000000	53000000	1000000	-1
chr11	1579	53000000	54000000	1000000	-1
chr11	1580	54000000	55000000	1000000	-1
chr11	1581	55000000	56000000	1000000	-1
chr11	1582	56000000	57000000	1000000	-1
chr11	1583	57000000	58000000	1000000	-1
chr11	1584	58000000	59000000	1000000	-1
chr11	1585	59000000	60000000	1000000	-1
chr11	1586	60000000	61000000	1000000	-1
chr11	1587	61000000	62000000	1000000	-1
chr11	1588	62000000	63000000	1000000	-1
chr11	1589	63000000	64000000	1000000	-1
chr11	1590	64000000	65000000	1000000	-1
chr11	1591	65000000	66000000	1000000	-1
chr11	1592	66000000	67000000	1000000	-1
chr11	1593	67000000	68000000	1000000	-1
chr11	1594	68000000	69000000	1000000	-1
chr11	1595	69000000	70000000	1000000	-1
chr11	1596	70000000	71000000	1000000	-1
chr11	1597	71000000	72000000	1000000	-1
chr11	1598	72000000	73000000	1000000	-1
chr11	1599	73000000	74000000	1000000	-1
chr11	1600	74000000	75000000	1000000	-1
chr11	1601	75000000	76000000	1000000	-1
chr11	1602	76000000	77000000	1000000	-1
chr11	1603	77000000	78000000	1000000	-1
chr11	1604	78000000	79000000	1000000	-1
chr11	1605	79000000	80000000	1000000	-1
chr11	1606	80000000	81000000	1000000	-1
chr11	1607	81000000	82000000	1000000	-1
chr11	1608	82000000	83000000	1000000	-1
chr11	1609	83000000	84000000	1000000	-1
chr11	1610	84000000	85000000	1000000	-1
chr11	1611	85000000	86000000	1000000	-1
chr11	1612	86000000	87000000	1000000	-1
chr11	1613	87000000	88000000	1000000	-1
chr11	1614	88000000	89000000	1000000	-1
chr11	1615	89000000	90000000	1000000	-1
chr11	1616	90000000	91000000	1000000	-1
chr11	1617	91000000	92000000	1000000	-1
chr11	1618	92000000	93000000	1000000	-1
chr11	1619	93000000	94000000	1000000	-1
chr11	1620	94000000	95000000	1000000	-1
chr11	1621	95000000	96000000	1000000	-1
chr11	1622	96000000	97000000	1000000	-1
chr11	1623	97000000	98000000	1000000	-1
chr11	1624	98000000	99000000	1000000	-1
chr11	1625	99000000	100000000	1000000	-1
chr11	1626	100000000	101000000	1000000	-1
chr11	1627	101000000	102000000	1000000	-1
chr11	1628	102000000	103000000	1000000	-1
chr11	1629	103000000	104000000	1000000	-1
chr11	1630	104000000	105000000	1000000	-1
chr11	1631	105000000	106000000	1000000	-1
chr11	1632	106000000	107000000	1000000	-1
chr11	1633	107000000	108000000	1000000	-1
chr11	1634	108000000	109000000	1000000	-1
chr11	1635	109000000	110000000	1000000	-1
chr11	1636	110000000	111000000	1000000	-1
chr11	1637	111000000	112000000	1000000	-1
chr11	1638	112000000	113000000	1000000	-1
chr11	1639	113000000	114000000	1000000	-1
chr11	1640	114000000	115000000	1000000	-1
chr11	1641	115000000	116000000	1000000	-1
chr11	1642	116000000	117000000	1000000	-1
chr11	1643	117000000	118000000	1000000	-1
chr11	1644	118000000	119000000	1000000	-1
chr11	1645	119000000	120000000	1000000	-1
chr11	1646	120000000	121000000	1000000	-1
chr11	1647	121000000	122082543	1082543	-1
chr12	1648	0	1000000	1000000	-1
chr12	1649	1000000	2000000	1000000	-1
chr12	1650	2000000	3000000	1000000	-1
chr12	1651	3000000	4000000	1000000	-1
chr12	1652	4000000	5000000	1000000	-1
chr12	1653	5000000	6000000	1000000	-1
chr12	1654	6000000	7000000	1000000	-1
chr12	1655	7000000	8000000	1000000	-1
chr12	1656	8000000	9000000	1000000	-1
chr12	1657	9000000	10000000	1000000	-1
chr12	1658	10000000	11000000	1000000	-1
chr12	1659	11000000	12000000	1000000	-1
chr12	1660	12000000	13000000	1000000	-1
chr12	1661	13000000	14000000	1000000	-1
chr12	1662	14000000	15000000	1000000	-1
chr12	1663	15000000	16000000	1000000	-1
chr12	1664	16000000	17000000	1000000	-1
chr12	1665	17000000	18000000	1000000	-1
chr12	1666	18000000	19000000	1000000	-1
chr12	1667	19000000	20000000	1000000	-1
chr12	1668	20000000	21000000	1000000	-1
chr12	1669	21000000	22000000	1000000	-1
chr12	1670	22000000	23000000	1000000	-1
chr12	1671	23000000	24000000	1000000	-1
chr12	1672	24000000	25000000	1000000	-1
chr12	1673	25000000	26000000	1000000	-1
chr12	1674	26000000	27000000	1000000	-1
chr12	1675	27000000	28000000	1000000	-1
chr12	1676	28000000	29000000	1000000	-1
chr12	1677	29000000	30000000	1000000	-1
chr12	1678	30000000	31000000	1000000	-1
chr12	1679	31000000	32000000	1000000	-1
chr12	1680	32000000	33000000	1000000	-1
chr12	1681	33000000	34000000	1000000	-1
chr12	1682	34000000	35000000	1000000	-1
chr12	1683	35000000	36000000	1000000	-1
chr12	1684	36000000	37000000	1000000	-1
chr12	1685	37000000	38000000	1000000	-1
chr12	1686	38000000	39000000	1000000	-1
chr12	1687	39000000	40000000	1000000	-1
chr12	1688	40000000	41000000	1000000	-1
chr12	1689	41000000	42000000	1000000	-1
chr12	1690	42000000	43000000	1000000	-1
chr12	1691	43000000	44000000	1000000	-1
chr12	1692	44000000	45000000	1000000	-1
chr12	1693	45000000	46000000	1000000	-1
chr12	1694	46000000	47000000	1000000	-1
chr12	1695	47000000	48000000	1000000	-1
chr12	1696	48000000	49000000	1000000	-1
chr12	1697	49000000	50000000	1000000	-1
chr12	1698	50000000	51000000	1000000	-1
chr12	1699	51000000	52000000	1000000	-1
chr12	1700	52000000	53000000	1000000	-1
chr12	1701	53000000	54000000	1000000	-1
chr12	1702	54000000	55000000	1000000	-1
chr12	1703	55000000	56000000	1000000	-1
chr12	1704	56000000	57000000	1000000	-1
chr12	1705	57000000	58000000	1000000	-1
chr12	1706	58000000	59000000	1000000	-1
chr12	1707	59000000	60000000	1000000	-1
chr12	1708	60000000	61000000	1000000	-1
chr12	1709	61000000	62000000	1000000	-1
chr12	1710	62000000	63000000	1000000	-1
chr12	1711	63000000	64000000	1000000	-1
chr12	1712	64000000	65000000	1000000	-1
chr12	1713	65000000	66000000	1000000	-1
chr12	1714	66000000	67000000	1000000	-1
chr12	1715	67000000	68000000	1000000	-1
chr12	1716	68000000	69000000	1000000	-1
chr12	1717	69000000	70000000	1000000	-1
chr12	1718	70000000	71000000	1000000	-1
chr12	1719	71000000	72000000	1000000	-1
chr12	1720	72000000	73000000	1000000	-1
chr12	1721	73000000	74000000	1000000	-1
chr12	1722	74000000	75000000	1000000	-1
chr12	1723	75000000	76000000	1000000	-1
chr12	1724	76000000	77000000	1000000	-1
chr12	1725	77000000	78000000	1000000	-1
chr12	1726	78000000	79000000	1000000	-1
chr12	1727	79000000	80000000	1000000	-1
chr12	1728	80000000	81000000	1000000	-1
chr12	1729	81000000	82000000	1000000	-1
chr12	1730	82000000	83000000	1000000	-1
chr12	1731	83000000	84000000	1000000	-1
chr12	1732	84000000	85000000	1000000	-1
chr12	1733	85000000	86000000	1000000	-1
chr12	1734	86000000	87000000	1000000	-1
chr12	1735	87000000	88000000	1000000	-1
chr12	1736	88000000	89000000	1000000	-1
chr12	1737	89000000	90000000	1000000	-1
chr12	1738	90000000	91000000	1000000	-1
chr12	1739	91000000	92000000	1000000	-1
chr12	1740	92000000	93000000	1000000	-1
chr12	1741	93000000	94000000	1000000	-1
chr12	1742	94000000	95000000	1000000	-1
chr12	1743	95000000	96000000	1000000	-1
chr12	1744	96000000	97000000	1000000	-1
chr12	1745	97000000	98000000	1000000	-1
chr12	1746	98000000	99000000	1000000	-1
chr12	1747	99000000	100000000	1000000	-1
chr12	1748	100000000	101000000	1000000	-1
chr12	1749	101000000	102000000	1000000	-1
chr12	1750	102000000	103000000	1000000	-1
chr12	1751	103000000	104000000	1000000	-1
chr12	1752	104000000	105000000	1000000	-1
chr12	1753	105000000	106000000	1000000	-1
chr12	1754	106000000	107000000	1000000	-1
chr12	1755	107000000	108000000	1000000	-1
chr12	1756	108000000	109000000	1000000	-1
chr12	1757	109000000	110000000	1000000	-1
chr12	1758	110000000	111000000	1000000	-1
chr12	1759	111000000	112000000	1000000	-1
chr12	1760	112000000	113000000	1000000	-1
chr12	1761	113000000	114000000	1000000	-1
chr12	1762	114000000	115000000	1000000	-1
chr12	1763	115000000	116000000	1000000	-1
chr12	1764	116000000	117000000	1000000	-1
chr12	1765	117000000	118000000	1000000	-1
chr12	1766	118000000	119000000	1000000	-1
chr12	1767	119000000	120129022	1129022	-1
chr13	1768	0	1000000	1000000	-1
chr13	1769	1000000	2000000	1000000	-1
chr13	1770	2000000	3000000	1000000	-1
chr13	1771	3000000	4000000	1000000	-1
chr13	1772	4000000	5000000	1000000	-1
chr13	1773	5000000	6000000	1000000	-1
chr13	1774	6000000	7000000	1000000	-1
chr13	1775	7000000	8000000	1000000	-1
chr13	1776	8000000	9000000	1000000	-1
chr13	1777	9000000	10000000	1000000	-1
chr13	1778	10000000	11000000	1000000	-1
chr13	1779	11000000	12000000	1000000	-1
chr13	1780	12000000	13000000	1000000	-1
chr13	1781	13000000	14000000	1000000	-1
chr13	1782	14000000	15000000	1000000	-1
chr13	1783	15000000	16000000	1000000	-1
chr13	1784	16000000	17000000	1000000	-1
chr13	1785	17000000	18000000	1000000	-1
chr13	1786	18000000	19000000	1000000	-1
chr13	1787	19000000	20000000	1000000	-1
chr13	1788	20000000	21000000	1000000	-1
chr13	1789	21000000	22000000	1000000	-1
chr13	1790	22000000	23000000	1000000	-1
chr13	1791	23000000	24000000	1000000	-1
chr13	1792	24000000	25000000	1000000	-1
chr13	1793	25000000	26000000	1000000	-1
chr13	1794	26000000	27000000	1000000	-1
chr13	1795	27000000	28000000	1000000	-1
chr13	1796	28000000	29000000	1000000	-1
chr13	1797	29000000	30000000	1000000	-1
chr13	1798	30000000	31000000	1000000	-1
chr13	1799	31000000	32000000	1000000	-1
chr13	1800	32000000	33000000	1000000	-1
chr13	1801	33000000	34000000	1000000	-1
chr13	1802	34000000	35000000	1000000	-1
chr13	1803	35000000	36000000	1000000	-1
chr13	1804	36000000	37000000	1000000	-1
chr13	1805	37000000	38000000	1000000	-1
chr13	1806	38000000	39000000	1000000	-1
chr13	1807	39000000	40000000	1000000	-1
chr13	1808	40000000	41000000	1000000	-1
chr13	1809	41000000	42000000	1000000	-1
chr13	1810	42000000	43000000	1000000	-1
chr13	1811	43000000	44000000	1000000	-1
chr13	1812	44000000	45000000	1000000	-1
chr13	1813	45000000	46000000	1000000	-1
chr13	1814	46000000	47000000	1000000	-1
chr13	1815	47000000	48000000	1000000	-1
chr13	1816	48000000	49000000	1000000	-1
chr13	1817	49000000	50000000	1000000	-1
chr13	1818	50000000	51000000	1000000	-1
chr13	1819	51000000	52000000	1000000	-1
chr13	1820	52000000	53000000	1000000	-1
chr13	1821	53000000	54000000	1000000	-1
chr13	1822	54000000	55000000	1000000	-1
chr13	1823	55000000	56000000	1000000	-1
chr13	1824	56000000	57000000	1000000	-1
chr13	1825	57000000	58000000	1000000	-1
chr13	1826	58000000	59000000	1000000	-1
chr13	1827	59000000	60000000	1000000	-1
chr13	1828	60000000	61000000	1000000	-1
chr13	1829	61000000	62000000	1000000	-1
chr13	1830	62000000	63000000	1000000	-1
chr13	1831	63000000	64000000	1000000	-1
chr13	1832	64000000	65000000	1000000	-1
chr13	1833	65000000	66000000	1000000	-1
chr13	1834	66000000	67000000	1000000	-1
chr13	1835	67000000	68000000	1000000	-1
chr13	1836	68000000	69000000	1000000	-1
chr13	1837	69000000	70000000	1000000	-1
chr13	1838	70000000	71000000	1000000	-1
chr13	1839	71000000	72000000	1000000	-1
chr13	1840	72000000	73000000	1000000	-1
chr13	1841	73000000	74000000	1000000	-1
chr13	1842	74000000	75000000	1000000	-1
chr13	1843	75000000	76000000	1000000	-1
chr13	1844	76000000	77000000	1000000	-1
chr13	1845	77000000	78000000	1000000	-1
chr13	1846	78000000	79000000	1000000	-1
chr13	1847	79000000	80000000	1000000	-1
chr13	1848	80000000	81000000	1000000	-1
chr13	1849	81000000	82000000	1000000	-1
chr13	1850	82000000	83000000	1000000	-1
chr13	1851	83000000	84000000	1000000	-1
chr13	1852	84000000	85000000	1000000	-1
chr13	1853	85000000	86000000	1000000	-1
chr13	1854	86000000	87000000	1000000	-1
chr13	1855	87000000	88000000	1000000	-1
chr13	1856	88000000	89000000	1000000	-1
chr13	1857	89000000	90000000	1000000	-1
chr13	1858	90000000	91000000	1000000	-1
chr13	1859	91000000	92000000	1000000	-1
chr13	1860	92000000	93000000	1000000	-1
chr13	1861	93000000	94000000	1000000	-1
chr13	1862	94000000	95000000	1000000	-1
chr13	1863	95000000	96000000	1000000	-1
chr13	1864	96000000	97000000	1000000	-1
chr13	1865	97000000	98000000	1000000	-1
chr13	1866	98000000	99000000	1000000	-1
chr13	1867	99000000	100000000	1000000	-1
chr13	1868	100000000	101000000	1000000	-1
chr13	1869	101000000	102000000	1000000	-1
chr13	1870	102000000	103000000	1000000	-1
chr13	1871	103000000	104000000	1000000	-1
chr13	1872	104000000	105000000	1000000	-1
chr13	1873	105000000	106000000	1000000	-1
chr13	1874	106000000	107000000	1000000	-1
chr13	1875	107000000	108000000	1000000	-1
chr13	1876	108000000	109000000	1000000	-1
chr13	1877	109000000	110000000	1000000	-1
chr13	1878	110000000	111000000	1000000	-1
chr13	1879	111000000	112000000	1000000	-1
chr13	1880	112000000	113000000	1000000	-1
chr13	1881	113000000	114000000	1000000	-1
chr13	1882	114000000	115000000	1000000	-1
chr13	1883	115000000	116000000	1000000	-1
chr13	1884	116000000	117000000	1000000	-1
chr13	1885	117000000	118000000	1000000	-1
chr13	1886	118000000	119000000	1000000	-1
chr13	1887	119000000	120421639	1421639	-1
chr14	1888	0	1000000	1000000	-1
chr14	1889	1000000	2000000	1000000	-1
chr14	1890	2000000	3000000	1000000	-1
chr14	1891	3000000	4000000	1000000	-1
chr14	1892	4000000	5000000	1000000	-1
chr14	1893	5000000	6000000	1000000	-1
chr14	1894	6000000	7000000	1000000	-1
chr14	1895	7000000	8000000	1000000	-1
chr14	1896	8000000	9000000	1000000	-1
chr14	1897	9000000	10000000	1000000	-1
chr14	1898	10000000	11000000	1000000	-1
chr14	1899	11000000	12000000	1000000	-1
chr14	1900	12000000	13000000	1000000	-1
chr14	1901	13000000	14000000	1000000	-1
chr14	1902	14000000	15000000	1000000	-1
chr14	1903	15000000	16000000	1000000	-1
chr14	1904	16000000	17000000	1000000	-1
chr14	1905	17000000	18000000	1000000	-1
chr14	1906	18000000	19000000	1000000	-1
chr14	1907	19000000	20000000	1000000	-1
chr14	1908	20000000	21000000	1000000	-1
chr14	1909	21000000	22000000	1000000	-1
chr14	1910	22000000	23000000	1000000	-1
chr14	1911	23000000	24000000	1000000	-1
chr14	1912	24000000	25000000	1000000	-1
chr14	1913	25000000	26000000	1000000	-1
chr14	1914	26000000	27000000	1000000	-1
chr14	1915	27000000	28000000	1000000	-1
chr14	1916	28000000	29000000	1000000	-1
chr14	1917	29000000	30000000	1000000	-1
chr14	1918	30000000	31000000	1000000	-1
chr14	1919	31000000	32000000	1000000	-1
chr14	1920	32000000	33000000	1000000	-1
chr14	1921	33000000	34000000	1000000	-1
chr14	1922	34000000	35000000	1000000	-1
chr14	1923	35000000	36000000	1000000	-1
chr14	1924	36000000	37000000	1000000	-1
chr14	1925	37000000	38000000	1000000	-1
chr14	1926	38000000	39000000	1000000	-1
chr14	1927	39000000	40000000	1000000	-1
chr14	1928	40000000	41000000	1000000	-1
chr14	1929	41000000	42000000	1000000	-1
chr14	1930	42000000	43000000	1000000	-1
chr14	1931	43000000	44000000	1000000	-1
chr14	1932	44000000	45000000	1000000	-1
chr14	1933	45000000	46000000	1000000	-1
chr14	1934	46000000	47000000	1000000	-1
chr14	1935	47000000	48000000	1000000	-1
chr14	1936	48000000	49000000	1000000	-1
chr14	1937	49000000	50000000	1000000	-1
chr14	1938	50000000	51000000	1000000	-1
chr14	1939	51000000	52000000	1000000	-1
chr14	1940	52000000	53000000	1000000	-1
chr14	1941	53000000	54000000	1000000	-1
chr14	1942	54000000	55000000	1000000	-1
chr14	1943	55000000	56000000	1000000	-1
chr14	1944	56000000	57000000	1000000	-1
chr14	1945	57000000	58000000	1000000	-1
chr14	1946	58000000	59000000	1000000	-1
chr14	1947	59000000	60000000	1000000	-1
chr14	1948	60000000	61000000	1000000	-1
chr14	1949	61000000	62000000	1000000	-1
chr14	1950	62000000	63000000	1000000	-1
chr14	1951	63000000	64000000	1000000	-1
chr14	1952	64000000	65000000	1000000	-1
chr14	1953	65000000	66000000	1000000	-1
chr14	1954	66000000	67000000	1000000	-1
chr14	1955	67000000	68000000	1000000	-1
chr14	1956	68000000	69000000	1000000	-1
chr14	1957	69000000	70000000	1000000	-1
chr14	1958	70000000	71000000	1000000	-1
chr14	1959	71000000	72000000	1000000	-1
chr14	1960	72000000	73000000	1000000	-1
chr14	1961	73000000	74000000	1000000	-1
chr14	1962	74000000	75000000	1000000	-1
chr14	1963	75000000	76000000	1000000	-1
chr14	1964	76000000	77000000	1000000	-1
chr14	1965	77000000	78000000	1000000	-1
chr14	1966	78000000	79000000	1000000	-1
chr14	1967	79000000	80000000	1000000	-1
chr14	1968	80000000	81000000	1000000	-1
chr14	1969	81000000	82000000	1000000	-1
chr14	1970	82000000	83000000	1000000	-1
chr14	1971	83000000	84000000	1000000	-1
chr14	1972	84000000	85000000	1000000	-1
chr14	1973	85000000	86000000	1000000	-1
chr14	1974	86000000	87000000	1000000	-1
chr14	1975	87000000	88000000	1000000	-1
chr14	1976	88000000	89000000	1000000	-1
chr14	1977	89000000	90000000	1000000	-1
chr14	1978	90000000	91000000	1000000	-1
chr14	1979	91000000	92000000	1000000	-1
chr14	1980	92000000	93000000	1000000	-1
chr14	1981	93000000	94000000	1000000	-1
chr14	1982	94000000	95000000	1000000	-1
chr14	1983	95000000	96000000	1000000	-1
chr14	1984	96000000	97000000	1000000	-1
chr14	1985	97000000	98000000	1000000	-1
chr14	1986	98000000	99000000	1000000	-1
chr14	1987	99000000	100000000	1000000	-1
chr14	1988	100000000	101000000	1000000	-1
chr14	1989	101000000	102000000	1000000	-1
chr14	1990	102000000	103000000	1000000	-1
chr14	1991	103000000	104000000	1000000	-1
chr14	1992	104000000	105000000	1000000	-1
chr14	1993	105000000	106000000	1000000	-1
chr14	1994	106000000	107000000	1000000	-1
chr14	1995	107000000	108000000	1000000	-1
chr14	1996	108000000	109000000	1000000	-1
chr14	1997	109000000	110000000	1000000	-1
chr14	1998	110000000	111000000	1000000	-1
chr14	1999	111000000	112000000	1000000	-1
chr14	2000	112000000	113000000	1000000	-1
chr14	2001	113000000	114000000	1000000	-1
chr14	2002	114000000	115000000	1000000	-1
chr14	2003	115000000	116000000	1000000	-1
chr14	2004	116000000	117000000	1000000	-1
chr14	2005	117000000	118000000	1000000	-1
chr14	2006	118000000	119000000	1000000	-1
chr14	2007	119000000	120000000	1000000	-1
chr14	2008	120000000	121000000	1000000	-1
chr14	2009	121000000	122000000	1000000	-1
chr14	2010	122000000	123000000	1000000	-1
chr14	2011	123000000	124000000	1000000	-1
chr14	2012	124000000	124902244	902244	-1
chr15	2013	0	1000000	1000000	-1
chr15	2014	1000000	2000000	1000000	-1
chr15	2015	2000000	3000000	1000000	-1
chr15	2016	3000000	4000000	1000000	-1
chr15	2017	4000000	5000000	1000000	-1
chr15	2018	5000000	6000000	1000000	-1
chr15	2019	6000000	7000000	1000000	-1
chr15	2020	7000000	8000000	1000000	-1
chr15	2021	8000000	9000000	1000000	-1
chr15	2022	9000000	10000000	1000000	-1
chr15	2023	10000000	11000000	1000000	-1
chr15	2024	11000000	12000000	1000000	-1
chr15	2025	12000000	13000000	1000000	-1
chr15	2026	13000000	14000000	1000000	-1
chr15	2027	14000000	15000000	1000000	-1
chr15	2028	15000000	16000000	1000000	-1
chr15	2029	16000000	17000000	1000000	-1
chr15	2030	17000000	18000000	1000000	-1
chr15	2031	18000000	19000000	1000000	-1
chr15	2032	19000000	20000000	1000000	-1
chr15	2033	20000000	21000000	1000000	-1
chr15	2034	21000000	22000000	1000000	-1
chr15	2035	22000000	23000000	1000000	-1
chr15	2036	23000000	24000000	1000000	-1
chr15	2037	24000000	25000000	1000000	-1
chr15	2038	25000000	26000000	1000000	-1
chr15	2039	26000000	27000000	1000000	-1
chr15	2040	27000000	28000000	1000000	-1
chr15	2041	28000000	29000000	1000000	-1
chr15	2042	29000000	30000000	1000000	-1
chr15	2043	30000000	31000000	1000000	-1
chr15	2044	31000000	32000000	1000000	-1
chr15	2045	32000000	33000000	1000000	-1
chr15	2046	33000000	34000000	1000000	-1
chr15	2047	34000000	35000000	1000000	-1
chr15	2048	35000000	36000000	1000000	-1
chr15	2049	36000000	37000000	1000000	-1
chr15	2050	37000000	38000000	1000000	-1
chr15	2051	38000000	39000000	1000000	-1
chr15	2052	39000000	40000000	1000000	-1
chr15	2053	40000000	41000000	1000000	-1
chr15	2054	41000000	42000000	1000000	-1
chr15	2055	42000000	43000000	1000000	-1
chr15	2056	43000000	44000000	1000000	-1
chr15	2057	44000000	45000000	1000000	-1
chr15	2058	45000000	46000000	1000000	-1
chr15	2059	46000000	47000000	1000000	-1
chr15	2060	47000000	48000000	1000000	-1
chr15	2061	48000000	49000000	1000000	-1
chr15	2062	49000000	50000000	1000000	-1
chr15	2063	50000000	51000000	1000000	-1
chr15	2064	51000000	52000000	1000000	-1
chr15	2065	52000000	53000000	1000000	-1
chr15	2066	53000000	54000000	1000000	-1
chr15	2067	54000000	55000000	1000000	-1
chr15	2068	55000000	56000000	1000000	-1
chr15	2069	56000000	57000000	1000000	-1
chr15	2070	57000000	58000000	1000000	-1
chr15	2071	58000000	59000000	1000000	-1
chr15	2072	59000000	60000000	1000000	-1
chr15	2073	60000000	61000000	1000000	-1
chr15	2074	61000000	62000000	1000000	-1
chr15	2075	62000000	63000000	1000000	-1
chr15	2076	63000000	64000000	1000000	-1
chr15	2077	64000000	65000000	1000000	-1
chr15	2078	65000000	66000000	1000000	-1
chr15	2079	66000000	67000000	1000000	-1
chr15	2080	67000000	68000000	1000000	-1
chr15	2081	68000000	69000000	1000000	-1
chr15	2082	69000000	70000000	1000000	-1
chr15	2083	70000000	71000000	1000000	-1
chr15	2084	71000000	72000000	1000000	-1
chr15	2085	72000000	73000000	1000000	-1
chr15	2086	73000000	74000000	1000000	-1
chr15	2087	74000000	75000000	1000000	-1
chr15	2088	75000000	76000000	1000000	-1
chr15	2089	76000000	77000000	1000000	-1
chr15	2090	77000000	78000000	1000000	-1
chr15	2091	78000000	79000000	1000000	-1
chr15	2092	79000000	80000000	1000000	-1
chr15	2093	80000000	81000000	1000000	-1
chr15	2094	81000000	82000000	1000000	-1
chr15	2095	82000000	83000000	1000000	-1
chr15	2096	83000000	84000000	1000000	-1
chr15	2097	84000000	85000000	1000000	-1
chr15	2098	85000000	86000000	1000000	-1
chr15	2099	86000000	87000000	1000000	-1
chr15	2100	87000000	88000000	1000000	-1
chr15	2101	88000000	89000000	1000000	-1
chr15	2102	89000000	90000000	1000000	-1
chr15	2103	90000000	91000000	1000000	-1
chr15	2104	91000000	92000000	1000000	-1
chr15	2105	92000000	93000000	1000000	-1
chr15	2106	93000000	94000000	1000000	-1
chr15	2107	94000000	95000000	1000000	-1
chr15	2108	95000000	96000000	1000000	-1
chr15	2109	96000000	97000000	1000000	-1
chr15	2110	97000000	98000000	1000000	-1
chr15	2111	98000000	99000000	1000000	-1
chr15	2112	99000000	100000000	1000000	-1
chr15	2113	100000000	101000000	1000000	-1
chr15	2114	101000000	102000000	1000000	-1
chr15	2115	102000000	103000000	1000000	-1
chr15	2116	103000000	104043685	1043685	-1
chr16	2117	0	1000000	1000000	-1
chr16	2118	1000000	2000000	1000000	-1
chr16	2119	2000000	3000000	1000000	-1
chr16	2120	3000000	4000000	1000000	-1
chr16	2121	4000000	5000000	1000000	-1
chr16	2122	5000000	6000000	1000000	-1
chr16	2123	6000000	7000000	1000000	-1
chr16	2124	7000000	8000000	1000000	-1
chr16	2125	8000000	9000000	1000000	-1
chr16	2126	9000000	10000000	1000000	-1
chr16	2127	10000000	11000000	1000000	-1
chr16	2128	11000000	12000000	1000000	-1
chr16	2129	12000000	13000000	1000000	-1
chr16	2130	13000000	14000000	1000000	-1
chr16	2131	14000000	15000000	1000000	-1
chr16	2132	15000000	16000000	1000000	-1
chr16	2133	16000000	17000000	1000000	-1
chr16	2134	17000000	18000000	1000000	-1
chr16	2135	18000000	19000000	1000000	-1
chr16	2136	19000000	20000000	1000000	-1
chr16	2137	20000000	21000000	1000000	-1
chr16	2138	21000000	22000000	1000000	-1
chr16	2139	22000000	23000000	1000000	-1
chr16	2140	23000000	24000000	1000000	-1
chr16	2141	24000000	25000000	1000000	-1
chr16	2142	25000000	26000000	1000000	-1
chr16	2143	26000000	27000000	1000000	-1
chr16	2144	27000000	28000000	1000000	-1
chr16	2145	28000000	29000000	1000000	-1
chr16	2146	29000000	30000000	1000000	-1
chr16	2147	30000000	31000000	1000000	-1
chr16	2148	31000000	32000000	1000000	-1
chr16	2149	32000000	33000000	1000000	-1
chr16	2150	33000000	34000000	1000000	-1
chr16	2151	34000000	35000000	1000000	-1
chr16	2152	35000000	36000000	1000000	-1
chr16	2153	36000000	37000000	1000000	-1
chr16	2154	37000000	38000000	1000000	-1
chr16	2155	38000000	39000000	1000000	-1
chr16	2156	39000000	40000000	1000000	-1
chr16	2157	40000000	41000000	1000000	-1
chr16	2158	41000000	42000000	1000000	-1
chr16	2159	42000000	43000000	1000000	-1
chr16	2160	43000000	44000000	1000000	-1
chr16	2161	44000000	45000000	1000000	-1
chr16	2162	45000000	46000000	1000000	-1
chr16	2163	46000000	47000000	1000000	-1
chr16	2164	47000000	48000000	1000000	-1
chr16	2165	48000000	49000000	1000000	-1
chr16	2166	49000000	50000000	1000000	-1
chr16	2167	50000000	51000000	1000000	-1
chr16	2168	51000000	52000000	1000000	-1
chr16	2169	52000000	53000000	1000000	-1
chr16	2170	53000000	54000000	1000000	-1
chr16	2171	54000000	55000000	1000000	-1
chr16	2172	55000000	56000000	1000000	-1
chr16	2173	56000000	57000000	1000000	-1
chr16	2174	57000000	58000000	1000000	-1
chr16	2175	58000000	59000000	1000000	-1
chr16	2176	59000000	60000000	1000000	-1
chr16	2177	60000000	61000000	1000000	-1
chr16	2178	61000000	62000000	1000000	-1
chr16	2179	62000000	63000000	1000000	-1
chr16	2180	63000000	64000000	1000000	-1
chr16	2181	64000000	65000000	1000000	-1
chr16	2182	65000000	66000000	1000000	-1
chr16	2183	66000000	67000000	1000000	-1
chr16	2184	67000000	68000000	1000000	-1
chr16	2185	68000000	69000000	1000000	-1
chr16	2186	69000000	70000000	1000000	-1
chr16	2187	70000000	71000000	1000000	-1
chr16	2188	71000000	72000000	1000000	-1
chr16	2189	72000000	73000000	1000000	-1
chr16	2190	73000000	74000000	1000000	-1
chr16	2191	74000000	75000000	1000000	-1
chr16	2192	75000000	76000000	1000000	-1
chr16	2193	76000000	77000000	1000000	-1
chr16	2194	77000000	78000000	1000000	-1
chr16	2195	78000000	79000000	1000000	-1
chr16	2196	79000000	80000000	1000000	-1
chr16	2197	80000000	81000000	1000000	-1
chr16	2198	81000000	82000000	1000000	-1
chr16	2199	82000000	83000000	1000000	-1
chr16	2200	83000000	84000000	1000000	-1
chr16	2201	84000000	85000000	1000000	-1
chr16	2202	85000000	86000000	1000000	-1
chr16	2203	86000000	87000000	1000000	-1
chr16	2204	87000000	88000000	1000000	-1
chr16	2205	88000000	89000000	1000000	-1
chr16	2206	89000000	90000000	1000000	-1
chr16	2207	90000000	91000000	1000000	-1
chr16	2208	91000000	92000000	1000000	-1
chr16	2209	92000000	93000000	1000000	-1
chr16	2210	93000000	94000000	1000000	-1
chr16	2211	94000000	95000000	1000000	-1
chr16	2212	95000000	96000000	1000000	-1
chr16	2213	96000000	97000000	1000000	-1
chr16	2214	97000000	98207768	1207768	-1
chr17	2215	0	1000000	1000000	-1
chr17	2216	1000000	2000000	1000000	-1
chr17	2217	2000000	3000000	1000000	-1
chr17	2218	3000000	4000000	1000000	-1
chr17	2219	4000000	5000000	1000000	-1
chr17	2220	5000000	6000000	1000000	-1
chr17	2221	6000000	7000000	1000000	-1
chr17	2222	7000000	8000000	1000000	-1
chr17	2223	8000000	9000000	1000000	-1
chr17	2224	9000000	10000000	1000000	-1
chr17	2225	10000000	11000000	1000000	-1
chr17	2226	11000000	12000000	1000000	-1
chr17	2227	12000000	13000000	1000000	-1
chr17	2228	13000000	14000000	1000000	-1
chr17	2229	14000000	15000000	1000000	-1
chr17	2230	15000000	16000000	1000000	-1
chr17	2231	16000000	17000000	1000000	-1
chr17	2232	17000000	18000000	1000000	-1
chr17	2233	18000000	19000000	1000000	-1
chr17	2234	19000000	20000000	1000000	-1
chr17	2235	20000000	21000000	1000000	-1
chr17	2236	21000000	22000000	1000000	-1
chr17	2237	22000000	23000000	1000000	-1
chr17	2238	23000000	24000000	1000000	-1
chr17	2239	24000000	25000000	1000000	-1
chr17	2240	25000000	26000000	1000000	-1
chr17	2241	26000000	27000000	1000000	-1
chr17	2242	27000000	28000000	1000000	-1
chr17	2243	28000000	29000000	1000000	-1
chr17	2244	29000000	30000000	1000000	-1
chr17	2245	30000000	31000000	1000000	-1
chr17	2246	31000000	32000000	1000000	-1
chr17	2247	32000000	33000000	1000000	-1
chr17	2248	33000000	34000000	1000000	-1
chr17	2249	34000000	35000000	1000000	-1
chr17	2250	35000000	36000000	1000000	-1
chr17	2251	36000000	37000000	1000000	-1
chr17	2252	37000000	38000000	1000000	-1
chr17	2253	38000000	39000000	1000000	-1
chr17	2254	39000000	40000000	1000000	-1
chr17	2255	40000000	41000000	1000000	-1
chr17	2256	41000000	42000000	1000000	-1
chr17	2257	42000000	43000000	1000000	-1
chr17	2258	43000000	44000000	1000000	-1
chr17	2259	44000000	45000000	1000000	-1
chr17	2260	45000000	46000000	1000000	-1
chr17	2261	46000000	47000000	1000000	-1
chr17	2262	47000000	48000000	1000000	-1
chr17	2263	48000000	49000000	1000000	-1
chr17	2264	49000000	50000000	1000000	-1
chr17	2265	50000000	51000000	1000000	-1
chr17	2266	51000000	52000000	1000000	-1
chr17	2267	52000000	53000000	1000000	-1
chr17	2268	53000000	54000000	1000000	-1
chr17	2269	54000000	55000000	1000000	-1
chr17	2270	55000000	56000000	1000000	-1
chr17	2271	56000000	57000000	1000000	-1
chr17	2272	57000000	58000000	1000000	-1
chr17	2273	58000000	59000000	1000000	-1
chr17	2274	59000000	60000000	1000000	-1
chr17	2275	60000000	61000000	1000000	-1
chr17	2276	61000000	62000000	1000000	-1
chr17	2277	62000000	63000000	1000000	-1
chr17	2278	63000000	64000000	1000000	-1
chr17	2279	64000000	65000000	1000000	-1
chr17	2280	65000000	66000000	1000000	-1
chr17	2281	66000000	67000000	1000000	-1
chr17	2282	67000000	68000000	1000000	-1
chr17	2283	68000000	69000000	1000000	-1
chr17	2284	69000000	70000000	1000000	-1
chr17	2285	70000000	71000000	1000000	-1
chr17	2286	71000000	72000000	1000000	-1
chr17	2287	72000000	73000000	1000000	-1
chr17	2288	73000000	74000000	1000000	-1
chr17	2289	74000000	75000000	1000000	-1
chr17	2290	75000000	76000000	1000000	-1
chr17	2291	76000000	77000000	1000000	-1
chr17	2292	77000000	78000000	1000000	-1
chr17	2293	78000000	79000000	1000000	-1
chr17	2294	79000000	80000000	1000000	-1
chr17	2295	80000000	81000000	1000000	-1
chr17	2296	81000000	82000000	1000000	-1
chr17	2297	82000000	83000000	1000000	-1
chr17	2298	83000000	84000000	1000000	-1
chr17	2299	84000000	85000000	1000000	-1
chr17	2300	85000000	86000000	1000000	-1
chr17	2301	86000000	87000000	1000000	-1
chr17	2302	87000000	88000000	1000000	-1
chr17	2303	88000000	89000000	1000000	-1
chr17	2304	89000000	90000000	1000000	-1
chr17	2305	90000000	91000000	1000000	-1
chr17	2306	91000000	92000000	1000000	-1
chr17	2307	92000000	93000000	1000000	-1
chr17	2308	93000000	94000000	1000000	-1
chr17	2309	94000000	94987271	987271	-1
chr18	2310	0	1000000	1000000	-1
chr18	2311	1000000	2000000	1000000	-1
chr18	2312	2000000	3000000	1000000	-1
chr18	2313	3000000	4000000	1000000	-1
chr18	2314	4000000	5000000	1000000	-1
chr18	2315	5000000	6000000	1000000	-1
chr18	2316	6000000	7000000	1000000	-1
chr18	2317	7000000	8000000	1000000	-1
chr18	2318	8000000	9000000	1000000	-1
chr18	2319	9000000	10000000	1000000	-1
chr18	2320	10000000	11000000	1000000	-1
chr18	2321	11000000	12000000	1000000	-1
chr18	2322	12000000	13000000	1000000	-1
chr18	2323	13000000	14000000	1000000	-1
chr18	2324	14000000	15000000	1000000	-1
chr18	2325	15000000	16000000	1000000	-1
chr18	2326	16000000	17000000	1000000	-1
chr18	2327	17000000	18000000	1000000	-1
chr18	2328	18000000	19000000	1000000	-1
chr18	2329	19000000	20000000	1000000	-1
chr18	2330	20000000	21000000	1000000	-1
chr18	2331	21000000	22000000	1000000	-1
chr18	2332	22000000	23000000	1000000	-1
chr18	2333	23000000	24000000	1000000	-1
chr18	2334	24000000	25000000	1000000	-1
chr18	2335	25000000	26000000	1000000	-1
chr18	2336	26000000	27000000	1000000	-1
chr18	2337	27000000	28000000	1000000	-1
chr18	2338	28000000	29000000	1000000	-1
chr18	2339	29000000	30000000	1000000	-1
chr18	2340	30000000	31000000	1000000	-1
chr18	2341	31000000	32000000	1000000	-1
chr18	2342	32000000	33000000	1000000	-1
chr18	2343	33000000	34000000	1000000	-1
chr18	2344	34000000	35000000	1000000	-1
chr18	2345	35000000	36000000	1000000	-1
chr18	2346	36000000	37000000	1000000	-1
chr18	2347	37000000	38000000	1000000	-1
chr18	2348	38000000	39000000	1000000	-1
chr18	2349	39000000	40000000	1000000	-1
chr18	2350	40000000	41000000	1000000	-1
chr18	2351	41000000	42000000	1000000	-1
chr18	2352	42000000	43000000	1000000	-1
chr18	2353	43000000	44000000	1000000	-1
chr18	2354	44000000	45000000	1000000	-1
chr18	2355	45000000	46000000	1000000	-1
chr18	2356	46000000	47000000	1000000	-1
chr18	2357	47000000	48000000	1000000	-1
chr18	2358	48000000	49000000	1000000	-1
chr18	2359	49000000	50000000	1000000	-1
chr18	2360	50000000	51000000	1000000	-1
chr18	2361	51000000	52000000	1000000	-1
chr18	2362	52000000	53000000	1000000	-1
chr18	2363	53000000	54000000	1000000	-1
chr18	2364	54000000	55000000	1000000	-1
chr18	2365	55000000	56000000	1000000	-1
chr18	2366	56000000	57000000	1000000	-1
chr18	2367	57000000	58000000	1000000	-1
chr18	2368	58000000	59000000	1000000	-1
chr18	2369	59000000	60000000	1000000	-1
chr18	2370	60000000	61000000	1000000	-1
chr18	2371	61000000	62000000	1000000	-1
chr18	2372	62000000	63000000	1000000	-1
chr18	2373	63000000	64000000	1000000	-1
chr18	2374	64000000	65000000	1000000	-1
chr18	2375	65000000	66000000	1000000	-1
chr18	2376	66000000	67000000	1000000	-1
chr18	2377	67000000	68000000	1000000	-1
chr18	2378	68000000	69000000	1000000	-1
chr18	2379	69000000	70000000	1000000	-1
chr18	2380	70000000	71000000	1000000	-1
chr18	2381	71000000	72000000	1000000	-1
chr18	2382	72000000	73000000	1000000	-1
chr18	2383	73000000	74000000	1000000	-1
chr18	2384	74000000	75000000	1000000	-1
chr18	2385	75000000	76000000	1000000	-1
chr18	2386	76000000	77000000	1000000	-1
chr18	2387	77000000	78000000	1000000	-1
chr18	2388	78000000	79000000	1000000	-1
chr18	2389	79000000	80000000	1000000	-1
chr18	2390	80000000	81000000	1000000	-1
chr18	2391	81000000	82000000	1000000	-1
chr18	2392	82000000	83000000	1000000	-1
chr18	2393	83000000	84000000	1000000	-1
chr18	2394	84000000	85000000	1000000	-1
chr18	2395	85000000	86000000	1000000	-1
chr18	2396	86000000	87000000	1000000	-1
chr18	2397	87000000	88000000	1000000	-1
chr18	2398	88000000	89000000	1000000	-1
chr18	2399	89000000	90000000	1000000	-1
chr18	2400	90000000	90702639	702639	-1
chr19	2401	0	1000000	1000000	-1
chr19	2402	1000000	2000000	1000000	-1
chr19	2403	2000000	3000000	1000000	-1
chr19	2404	3000000	4000000	1000000	-1
chr19	2405	4000000	5000000	1000000	-1
chr19	2406	5000000	6000000	1000000	-1
chr19	2407	6000000	7000000	1000000	-1
chr19	2408	7000000	8000000	1000000	-1
chr19	2409	8000000	9000000	1000000	-1
chr19	2410	9000000	10000000	1000000	-1
chr19	2411	10000000	11000000	1000000	-1
chr19	2412	11000000	12000000	1000000	-1
chr19	2413	12000000	13000000	1000000	-1
chr19	2414	13000000	14000000	1000000	-1
chr19	2415	14000000	15000000	1000000	-1
chr19	2416	15000000	16000000	1000000	-1
chr19	2417	16000000	17000000	1000000	-1
chr19	2418	17000000	18000000	1000000	-1
chr19	2419	18000000	19000000	1000000	-1
chr19	2420	19000000	20000000	1000000	-1
chr19	2421	20000000	21000000	1000000	-1
chr19	2422	21000000	22000000	1000000	-1
chr19	2423	22000000	23000000	1000000	-1
chr19	2424	23000000	24000000	1000000	-1
chr19	2425	24000000	25000000	1000000	-1
chr19	2426	25000000	26000000	1000000	-1
chr19	2427	26000000	27000000	1000000	-1
chr19	2428	27000000	28000000	1000000	-1
chr19	2429	28000000	29000000	1000000	-1
chr19	2430	29000000	30000000	1000000	-1
chr19	2431	30000000	31000000	1000000	-1
chr19	2432	31000000	32000000	1000000	-1
chr19	2433	32000000	33000000	1000000	-1
chr19	2434	33000000	34000000	1000000	-1
chr19	2435	34000000	35000000	1000000	-1
chr19	2436	35000000	36000000	1000000	-1
chr19	2437	36000000	37000000	1000000	-1
chr19	2438	37000000	38000000	1000000	-1
chr19	2439	38000000	39000000	1000000	-1
chr19	2440	39000000	40000000	1000000	-1
chr19	2441	40000000	41000000	1000000	-1
chr19	2442	41000000	42000000	1000000	-1
chr19	2443	42000000	43000000	1000000	-1
chr19	2444	43000000	44000000	1000000	-1
chr19	2445	44000000	45000000	1000000	-1
chr19	2446	45000000	46000000	1000000	-1
chr19	2447	46000000	47000000	1000000	-1
chr19	2448	47000000	48000000	1000000	-1
chr19	2449	48000000	49000000	1000000	-1
chr19	2450	49000000	50000000	1000000	-1
chr19	2451	50000000	51000000	1000000	-1
chr19	2452	51000000	52000000	1000000	-1
chr19	2453	52000000	53000000	1000000	-1
chr19	2454	53000000	54000000	1000000	-1
chr19	2455	54000000	55000000	1000000	-1
chr19	2456	55000000	56000000	1000000	-1
chr19	2457	56000000	57000000	1000000	-1
chr19	2458	57000000	58000000	1000000	-1
chr19	2459	58000000	59000000	1000000	-1
chr19	2460	59000000	60000000	1000000	-1
chr19	2461	60000000	61431566	1431566	-1
chrX	2462	0	1000000	1000000	-1
chrX	2463	1000000	2000000	1000000	-1
chrX	2464	2000000	3000000	1000000	-1
chrX	2465	3000000	4000000	1000000	-1
chrX	2466	4000000	5000000	1000000	-1
chrX	2467	5000000	6000000	1000000	-1
chrX	2468	6000000	7000000	1000000	-1
chrX	2469	7000000	8000000	1000000	-1
chrX	2470	8000000	9000000	1000000	-1
chrX	2471	9000000	10000000	1000000	-1
chrX	2472	10000000	11000000	1000000	-1
chrX	2473	11000000	12000000	1000000	-1
chrX	2474	12000000	13000000	1000000	-1
chrX	2475	13000000	14000000	1000000	-1
chrX	2476	14000000	15000000	1000000	-1
chrX	2477	15000000	16000000	1000000	-1
chrX	2478	16000000	17000000	1000000	-1
chrX	2479	17000000	18000000	1000000	-1
chrX	2480	18000000	19000000	1000000	-1
chrX	2481	19000000	20000000	1000000	-1
chrX	2482	20000000	21000000	1000000	-1
chrX	2483	21000000	22000000	1000000	-1
chrX	2484	22000000	23000000	1000000	-1
chrX	2485	23000000	24000000	1000000	-1
chrX	2486	24000000	25000000	1000000	-1
chrX	2487	25000000	26000000	1000000	-1
chrX	2488	26000000	27000000	1000000	-1
chrX	2489	27000000	28000000	1000000	-1
chrX	2490	28000000	29000000	1000000	-1
chrX	2491	29000000	30000000	1000000	-1
chrX	2492	30000000	31000000	1000000	-1
chrX	2493	31000000	32000000	1000000	-1
chrX	2494	32000000	33000000	1000000	-1
chrX	2495	33000000	34000000	1000000	-1
chrX	2496	34000000	35000000	1000000	-1
chrX	2497	35000000	36000000	1000000	-1
chrX	2498	36000000	37000000	1000000	-1
chrX	2499	37000000	38000000	1000000	-1
chrX	2500	38000000	39000000	1000000	-1
chrX	2501	39000000	40000000	1000000	-1
chrX	2502	40000000	41000000	1000000	-1
chrX	2503	41000000	42000000	1000000	-1
chrX	2504	42000000	43000000	1000000	-1
chrX	2505	43000000	44000000	1000000	-1
chrX	2506	44000000	45000000	1000000	-1
chrX	2507	45000000	46000000	1000000	-1
chrX	2508	46000000	47000000	1000000	-1
chrX	2509	47000000	48000000	1000000	-1
chrX	2510	48000000	49000000	1000000	-1
chrX	2511	49000000	50000000	1000000	-1
chrX	2512	50000000	51000000	1000000	-1
chrX	2513	51000000	52000000	1000000	-1
chrX	2514	52000000	53000000	1000000	-1
chrX	2515	53000000	54000000	1000000	-1
chrX	2516	54000000	55000000	1000000	-1
chrX	2517	55000000	56000000	1000000	-1
chrX	2518	56000000	57000000	1000000	-1
chrX	2519	57000000	58000000	1000000	-1
chrX	2520	58000000	59000000	1000000	-1
chrX	2521	59000000	60000000	1000000	-1
chrX	2522	60000000	61000000	1000000	-1
chrX	2523	61000000	62000000	1000000	-1
chrX	2524	62000000	63000000	1000000	-1
chrX	2525	63000000	64000000	1000000	-1
chrX	2526	64000000	65000000	1000000	-1
chrX	2527	65000000	66000000	1000000	-1
chrX	2528	66000000	67000000	1000000	-1
chrX	2529	67000000	68000000	1000000	-1
chrX	2530	68000000	69000000	1000000	-1
chrX	2531	69000000	70000000	1000000	-1
chrX	2532	70000000	71000000	1000000	-1
chrX	2533	71000000	72000000	1000000	-1
chrX	2534	72000000	73000000	1000000	-1
chrX	2535	73000000	74000000	1000000	-1
chrX	2536	74000000	75000000	1000000	-1
chrX	2537	75000000	76000000	1000000	-1
chrX	2538	76000000	77000000	1000000	-1
chrX	2539	77000000	78000000	1000000	-1
chrX	2540	78000000	79000000	1000000	-1
chrX	2541	79000000	80000000	1000000	-1
chrX	2542	80000000	81000000	1000000	-1
chrX	2543	81000000	82000000	1000000	-1
chrX	2544	82000000	83000000	1000000	-1
chrX	2545	83000000	84000000	1000000	-1
chrX	2546	84000000	85000000	1000000	-1
chrX	2547	85000000	86000000	1000000	-1
chrX	2548	86000000	87000000	1000000	-1
chrX	2549	87000000	88000000	1000000	-1
chrX	2550	88000000	89000000	1000000	-1
chrX	2551	89000000	90000000	1000000	-1
chrX	2552	90000000	91000000	1000000	-1
chrX	2553	91000000	92000000	1000000	-1
chrX	2554	92000000	93000000	1000000	-1
chrX	2555	93000000	94000000	1000000	-1
chrX	2556	94000000	95000000	1000000	-1
chrX	2557	95000000	96000000	1000000	-1
chrX	2558	96000000	97000000	1000000	-1
chrX	2559	97000000	98000000	1000000	-1
chrX	2560	98000000	99000000	1000000	-1
chrX	2561	99000000	100000000	1000000	-1
chrX	2562	100000000	101000000	1000000	-1
chrX	2563	101000000	102000000	1000000	-1
chrX	2564	102000000	103000000	1000000	-1
chrX	2565	103000000	104000000	1000000	-1
chrX	2566	104000000	105000000	1000000	-1
chrX	2567	105000000	106000000	1000000	-1
chrX	2568	106000000	107000000	1000000	-1
chrX	2569	107000000	108000000	1000000	-1
chrX	2570	108000000	109000000	1000000	-1
chrX	2571	109000000	110000000	1000000	-1
chrX	2572	110000000	111000000	1000000	-1
chrX	2573	111000000	112000000	1000000	-1
chrX	2574	112000000	113000000	1000000	-1
chrX	2575	113000000	114000000	1000000	-1
chrX	2576	114000000	115000000	1000000	-1
chrX	2577	115000000	116000000	1000000	-1
chrX	2578	116000000	117000000	1000000	-1
chrX	2579	117000000	118000000	1000000	-1
chrX	2580	118000000	119000000	1000000	-1
chrX	2581	119000000	120000000	1000000	-1
chrX	2582	120000000	121000000	1000000	-1
chrX	2583	121000000	122000000	1000000	-1
chrX	2584	122000000	123000000	1000000	-1
chrX	2585	123000000	124000000	1000000	-1
chrX	2586	124000000	125000000	1000000	-1
chrX	2587	125000000	126000000	1000000	-1
chrX	2588	126000000	127000000	1000000	-1
chrX	2589	127000000	128000000	1000000	-1
chrX	2590	128000000	129000000	1000000	-1
chrX	2591	129000000	130000000	1000000	-1
chrX	2592	130000000	131000000	1000000	-1
chrX	2593	131000000	132000000	1000000	-1
chrX	2594	132000000	133000000	1000000	-1
chrX	2595	133000000	134000000	1000000	-1
chrX	2596	134000000	135000000	1000000	-1
chrX	2597	135000000	136000000	1000000	-1
chrX	2598	136000000	137000000	1000000	-1
chrX	2599	137000000	138000000	1000000	-1
chrX	2600	138000000	139000000	1000000	-1
chrX	2601	139000000	140000000	1000000	-1
chrX	2602	140000000	141000000	1000000	-1
chrX	2603	141000000	142000000	1000000	-1
chrX	2604	142000000	143000000	1000000	-1
chrX	2605	143000000	144000000	1000000	-1
chrX	2606	144000000	145000000	1000000	-1
chrX	2607	145000000	146000000	1000000	-1
chrX	2608	146000000	147000000	1000000	-1
chrX	2609	147000000	148000000	1000000	-1
chrX	2610	148000000	149000000	1000000	-1
chrX	2611	149000000	150000000	1000000	-1
chrX	2612	150000000	151000000	1000000	-1
chrX	2613	151000000	152000000	1000000	-1
chrX	2614	152000000	153000000	1000000	-1
chrX	2615	153000000	154000000	1000000	-1
chrX	2616	154000000	155000000	1000000	-1
chrX	2617	155000000	156000000	1000000	-1
chrX	2618	156000000	157000000	1000000	-1
chrX	2619	157000000	158000000	1000000	-1
chrX	2620	158000000	159000000	1000000	-1
chrX	2621	159000000	160000000	1000000	-1
chrX	2622	160000000	161000000	1000000	-1
chrX	2623	161000000	162000000	1000000	-1
chrX	2624	162000000	163000000	1000000	-1
chrX	2625	163000000	164000000	1000000	-1
chrX	2626	164000000	165000000	1000000	-1
chrX	2627	165000000	166000000	1000000	-1
chrX	2628	166000000	167000000	1000000	-1
chrX	2629	167000000	168000000	1000000	-1
chrX	2630	168000000	169000000	1000000	-1
chrX	2631	169000000	170000000	1000000	-1
chrX	2632	170000000	171031299	1031299	-1
