run_id	config_name	status	strict_pairs_only_candidate	boundary_reasons	model_top1_accuracy_genome_trans	model_top1_accuracy_genome_cis	model_top1_accuracy_genome_all	model_same_cross_accuracy_genome_trans	mean_per_chrom_cis_distance_spearman	input_contact_source	sample	uses_phase_labels	uses_charm_or_reference	uses_charm_for_training	readgroup_mode	fixed_posterior	manifest_path	summary_path
016-20260618_150851-p9016_charm_contacts_condition_sweep_1m	p9016_charm3dg20k_1pr_pcgamma1_common_ieps1_noise0p05	OK	0	input_contact_source=charm3dg_derived_pairs;uses_charm_or_reference=1;uses_charm_for_training=1	0.455277	0.63827	0.616042	0.56259	0.77942	charm3dg_derived_pairs	P9016	0	1	1	NA	NA	/mnt/ssd/zliu/phase3/test_res/016-20260618_150851-p9016_charm_contacts_condition_sweep_1m/outputs/1pr/p9016_charm3dg20k_1pr_pcgamma1_common_ieps1_noise0p05/p9016_full.manifest.tsv	/mnt/ssd/zliu/phase3/test_res/016-20260618_150851-p9016_charm_contacts_condition_sweep_1m/summary.tsv
016-20260618_150851-p9016_charm_contacts_condition_sweep_1m	p9016_charm3dg20k_1pr_expected_common_msep1p5_lsep0p5	OK	0	input_contact_source=charm3dg_derived_pairs;uses_charm_or_reference=1;uses_charm_for_training=1	0.455087	0.638008	0.615788	0.575298	0.779509	charm3dg_derived_pairs	P9016	0	1	1	NA	NA	/mnt/ssd/zliu/phase3/test_res/016-20260618_150851-p9016_charm_contacts_condition_sweep_1m/outputs/1pr/p9016_charm3dg20k_1pr_expected_common_msep1p5_lsep0p5/p9016_full.manifest.tsv	/mnt/ssd/zliu/phase3/test_res/016-20260618_150851-p9016_charm_contacts_condition_sweep_1m/summary.tsv
016-20260618_150851-p9016_charm_contacts_condition_sweep_1m	p9016_charm3dg20k_1pr_pcgamma1_common_msep1p5_lsep1	OK	0	input_contact_source=charm3dg_derived_pairs;uses_charm_or_reference=1;uses_charm_for_training=1	0.455087	0.638402	0.616134	0.574577	0.78049	charm3dg_derived_pairs	P9016	0	1	1	NA	NA	/mnt/ssd/zliu/phase3/test_res/016-20260618_150851-p9016_charm_contacts_condition_sweep_1m/outputs/1pr/p9016_charm3dg20k_1pr_pcgamma1_common_msep1p5_lsep1/p9016_full.manifest.tsv	/mnt/ssd/zliu/phase3/test_res/016-20260618_150851-p9016_charm_contacts_condition_sweep_1m/summary.tsv
018-20260618_214516-p9016_fixed_posterior_graph_semantics_1m	p9016_fixed_pc_same_cross_gated	OK	0	input_contact_source=charm3dg_derived_pairs;uses_charm_or_reference=1;uses_charm_for_training=1;fixed_posterior=1	0.455087	0.638402	0.616134	0.574577	0.784787	charm3dg_derived_pairs	P9016	0	1	1	NA	1	/mnt/ssd/zliu/phase3/test_res/018-20260618_214516-p9016_fixed_posterior_graph_semantics_1m/outputs/p9016_fixed_pc_same_cross_gated/p9016_full.manifest.tsv	/mnt/ssd/zliu/phase3/test_res/018-20260618_214516-p9016_fixed_posterior_graph_semantics_1m/summary.tsv
018-20260618_214516-p9016_fixed_posterior_graph_semantics_1m	p9016_fixed_pc_softall_replay	OK	0	input_contact_source=charm3dg_derived_pairs;uses_charm_or_reference=1;uses_charm_for_training=1;fixed_posterior=1	0.455087	0.638402	0.616134	0.574577	0.779202	charm3dg_derived_pairs	P9016	0	1	1	NA	1	/mnt/ssd/zliu/phase3/test_res/018-20260618_214516-p9016_fixed_posterior_graph_semantics_1m/outputs/p9016_fixed_pc_softall_replay/p9016_full.manifest.tsv	/mnt/ssd/zliu/phase3/test_res/018-20260618_214516-p9016_fixed_posterior_graph_semantics_1m/summary.tsv
018-20260618_214516-p9016_fixed_posterior_graph_semantics_1m	p9016_fixed_pc_softall_trans_dscale0p5	OK	0	input_contact_source=charm3dg_derived_pairs;uses_charm_or_reference=1;uses_charm_for_training=1;fixed_posterior=1	0.455087	0.638402	0.616134	0.574577	0.776702	charm3dg_derived_pairs	P9016	0	1	1	NA	1	/mnt/ssd/zliu/phase3/test_res/018-20260618_214516-p9016_fixed_posterior_graph_semantics_1m/outputs/p9016_fixed_pc_softall_trans_dscale0p5/p9016_full.manifest.tsv	/mnt/ssd/zliu/phase3/test_res/018-20260618_214516-p9016_fixed_posterior_graph_semantics_1m/summary.tsv
018-20260618_214516-p9016_fixed_posterior_graph_semantics_1m	p9016_fixed_pc_softall_trans_dscale0p75	OK	0	input_contact_source=charm3dg_derived_pairs;uses_charm_or_reference=1;uses_charm_for_training=1;fixed_posterior=1	0.455087	0.638402	0.616134	0.574577	0.777715	charm3dg_derived_pairs	P9016	0	1	1	NA	1	/mnt/ssd/zliu/phase3/test_res/018-20260618_214516-p9016_fixed_posterior_graph_semantics_1m/outputs/p9016_fixed_pc_softall_trans_dscale0p75/p9016_full.manifest.tsv	/mnt/ssd/zliu/phase3/test_res/018-20260618_214516-p9016_fixed_posterior_graph_semantics_1m/summary.tsv
018-20260618_214516-p9016_fixed_posterior_graph_semantics_1m	p9016_fixed_pc_top1_only	OK	0	input_contact_source=charm3dg_derived_pairs;uses_charm_or_reference=1;uses_charm_for_training=1;fixed_posterior=1	0.455087	0.638402	0.616134	0.574577	0.779803	charm3dg_derived_pairs	P9016	0	1	1	NA	1	/mnt/ssd/zliu/phase3/test_res/018-20260618_214516-p9016_fixed_posterior_graph_semantics_1m/outputs/p9016_fixed_pc_top1_only/p9016_full.manifest.tsv	/mnt/ssd/zliu/phase3/test_res/018-20260618_214516-p9016_fixed_posterior_graph_semantics_1m/summary.tsv
018-20260618_214516-p9016_fixed_posterior_graph_semantics_1m	p9016_fixed_pc_top2_only	OK	0	input_contact_source=charm3dg_derived_pairs;uses_charm_or_reference=1;uses_charm_for_training=1;fixed_posterior=1	0.455087	0.638402	0.616134	0.574577	0.780691	charm3dg_derived_pairs	P9016	0	1	1	NA	1	/mnt/ssd/zliu/phase3/test_res/018-20260618_214516-p9016_fixed_posterior_graph_semantics_1m/outputs/p9016_fixed_pc_top2_only/p9016_full.manifest.tsv	/mnt/ssd/zliu/phase3/test_res/018-20260618_214516-p9016_fixed_posterior_graph_semantics_1m/summary.tsv
018-20260618_220644-p9016_fixed_posterior_graph_semantics_1m	source_016_before_018_relax	OK	0	manifest_missing;sample=missing;input_contact_source=missing	0.455087	0.638402	0.616134	0.574577	0.78049	NA	NA	NA	NA	NA	NA	NA	NA	/mnt/ssd/zliu/phase3/test_res/018-20260618_220644-p9016_fixed_posterior_graph_semantics_1m/summary.tsv
018-20260618_220644-p9016_fixed_posterior_graph_semantics_1m	p9016_fixed_state_same_cross_gated	OK	0	input_contact_source=charm3dg_derived_pairs;uses_charm_or_reference=1;uses_charm_for_training=1;fixed_posterior=1	0.455087	0.638402	0.616134	0.574577	0.783279	charm3dg_derived_pairs	P9016	0	1	1	NA	1	/mnt/ssd/zliu/phase3/test_res/018-20260618_220644-p9016_fixed_posterior_graph_semantics_1m/outputs/p9016_fixed_state_same_cross_gated/p9016_full.manifest.tsv	/mnt/ssd/zliu/phase3/test_res/018-20260618_220644-p9016_fixed_posterior_graph_semantics_1m/summary.tsv
018-20260618_220644-p9016_fixed_posterior_graph_semantics_1m	p9016_fixed_state_softall	OK	0	input_contact_source=charm3dg_derived_pairs;uses_charm_or_reference=1;uses_charm_for_training=1;fixed_posterior=1	0.455087	0.638402	0.616134	0.574577	0.777347	charm3dg_derived_pairs	P9016	0	1	1	NA	1	/mnt/ssd/zliu/phase3/test_res/018-20260618_220644-p9016_fixed_posterior_graph_semantics_1m/outputs/p9016_fixed_state_softall/p9016_full.manifest.tsv	/mnt/ssd/zliu/phase3/test_res/018-20260618_220644-p9016_fixed_posterior_graph_semantics_1m/summary.tsv
018-20260618_220644-p9016_fixed_posterior_graph_semantics_1m	p9016_fixed_state_softall_trans_dscale0p5	OK	0	input_contact_source=charm3dg_derived_pairs;uses_charm_or_reference=1;uses_charm_for_training=1;fixed_posterior=1	0.455087	0.638402	0.616134	0.574577	0.775514	charm3dg_derived_pairs	P9016	0	1	1	NA	1	/mnt/ssd/zliu/phase3/test_res/018-20260618_220644-p9016_fixed_posterior_graph_semantics_1m/outputs/p9016_fixed_state_softall_trans_dscale0p5/p9016_full.manifest.tsv	/mnt/ssd/zliu/phase3/test_res/018-20260618_220644-p9016_fixed_posterior_graph_semantics_1m/summary.tsv
018-20260618_220644-p9016_fixed_posterior_graph_semantics_1m	p9016_fixed_state_softall_trans_dscale0p75	OK	0	input_contact_source=charm3dg_derived_pairs;uses_charm_or_reference=1;uses_charm_for_training=1;fixed_posterior=1	0.455087	0.638402	0.616134	0.574577	0.776217	charm3dg_derived_pairs	P9016	0	1	1	NA	1	/mnt/ssd/zliu/phase3/test_res/018-20260618_220644-p9016_fixed_posterior_graph_semantics_1m/outputs/p9016_fixed_state_softall_trans_dscale0p75/p9016_full.manifest.tsv	/mnt/ssd/zliu/phase3/test_res/018-20260618_220644-p9016_fixed_posterior_graph_semantics_1m/summary.tsv
018-20260618_220644-p9016_fixed_posterior_graph_semantics_1m	p9016_fixed_state_top1_only	OK	0	input_contact_source=charm3dg_derived_pairs;uses_charm_or_reference=1;uses_charm_for_training=1;fixed_posterior=1	0.455087	0.638402	0.616134	0.574577	0.776641	charm3dg_derived_pairs	P9016	0	1	1	NA	1	/mnt/ssd/zliu/phase3/test_res/018-20260618_220644-p9016_fixed_posterior_graph_semantics_1m/outputs/p9016_fixed_state_top1_only/p9016_full.manifest.tsv	/mnt/ssd/zliu/phase3/test_res/018-20260618_220644-p9016_fixed_posterior_graph_semantics_1m/summary.tsv
018-20260618_220644-p9016_fixed_posterior_graph_semantics_1m	p9016_fixed_state_top2_only	OK	0	input_contact_source=charm3dg_derived_pairs;uses_charm_or_reference=1;uses_charm_for_training=1;fixed_posterior=1	0.455087	0.638402	0.616134	0.574577	0.779302	charm3dg_derived_pairs	P9016	0	1	1	NA	1	/mnt/ssd/zliu/phase3/test_res/018-20260618_220644-p9016_fixed_posterior_graph_semantics_1m/outputs/p9016_fixed_state_top2_only/p9016_full.manifest.tsv	/mnt/ssd/zliu/phase3/test_res/018-20260618_220644-p9016_fixed_posterior_graph_semantics_1m/summary.tsv
016-20260618_150851-p9016_charm_contacts_condition_sweep_1m	p9016_charm3dg20k_1pr_pcgamma1_msep1p5_lsep1_ieps0p5_noise0	OK	0	input_contact_source=charm3dg_derived_pairs;uses_charm_or_reference=1;uses_charm_for_training=1	0.436158	0.572352	0.555808	0.564676	0.581216	charm3dg_derived_pairs	P9016	0	1	1	NA	NA	/mnt/ssd/zliu/phase3/test_res/016-20260618_150851-p9016_charm_contacts_condition_sweep_1m/outputs/1pr/p9016_charm3dg20k_1pr_pcgamma1_msep1p5_lsep1_ieps0p5_noise0/p9016_full.manifest.tsv	/mnt/ssd/zliu/phase3/test_res/016-20260618_150851-p9016_charm_contacts_condition_sweep_1m/summary.tsv
016-20260618_150851-p9016_charm_contacts_condition_sweep_1m	p9016_charm3dg20k_2pr_raw_common_ieps1_noise0p05	OK	0	input_contact_source=charm3dg_derived_pairs;uses_charm_or_reference=1;uses_charm_for_training=1	0.411483	0.578884	0.556849	0.572696	0.795088	charm3dg_derived_pairs	P9016	0	1	1	NA	NA	/mnt/ssd/zliu/phase3/test_res/016-20260618_150851-p9016_charm_contacts_condition_sweep_1m/outputs/2pr/p9016_charm3dg20k_2pr_raw_common_ieps1_noise0p05/p9016_full.manifest.tsv	/mnt/ssd/zliu/phase3/test_res/016-20260618_150851-p9016_charm_contacts_condition_sweep_1m/summary.tsv
016-20260618_150851-p9016_charm_contacts_condition_sweep_1m	p9016_charm3dg20k_2pr_pcgamma1_msep1p5_lsep1_ieps0p5_noise0	OK	0	input_contact_source=charm3dg_derived_pairs;uses_charm_or_reference=1;uses_charm_for_training=1	0.403623	0.50134	0.488477	0.527695	0.499117	charm3dg_derived_pairs	P9016	0	1	1	NA	NA	/mnt/ssd/zliu/phase3/test_res/016-20260618_150851-p9016_charm_contacts_condition_sweep_1m/outputs/2pr/p9016_charm3dg20k_2pr_pcgamma1_msep1p5_lsep1_ieps0p5_noise0/p9016_full.manifest.tsv	/mnt/ssd/zliu/phase3/test_res/016-20260618_150851-p9016_charm_contacts_condition_sweep_1m/summary.tsv
016-20260618_150851-p9016_charm_contacts_condition_sweep_1m	p9016_charm3dg20k_1pr_raw_common_ieps1_noise0p05	OK	0	input_contact_source=charm3dg_derived_pairs;uses_charm_or_reference=1;uses_charm_for_training=1	0.40308	0.629611	0.602094	0.531295	0.83663	charm3dg_derived_pairs	P9016	0	1	1	NA	NA	/mnt/ssd/zliu/phase3/test_res/016-20260618_150851-p9016_charm_contacts_condition_sweep_1m/outputs/1pr/p9016_charm3dg20k_1pr_raw_common_ieps1_noise0p05/p9016_full.manifest.tsv	/mnt/ssd/zliu/phase3/test_res/016-20260618_150851-p9016_charm_contacts_condition_sweep_1m/summary.tsv
016-20260618_150851-p9016_charm_contacts_condition_sweep_1m	p9016_charm3dg20k_2pr_raw_msep1p5_lsep1_ieps0p5_noise0	OK	0	input_contact_source=charm3dg_derived_pairs;uses_charm_or_reference=1;uses_charm_for_training=1	0.392019	0.359694	0.363949	0.529955	0.215679	charm3dg_derived_pairs	P9016	0	1	1	NA	NA	/mnt/ssd/zliu/phase3/test_res/016-20260618_150851-p9016_charm_contacts_condition_sweep_1m/outputs/2pr/p9016_charm3dg20k_2pr_raw_msep1p5_lsep1_ieps0p5_noise0/p9016_full.manifest.tsv	/mnt/ssd/zliu/phase3/test_res/016-20260618_150851-p9016_charm_contacts_condition_sweep_1m/summary.tsv
014-20260617_205632-p9016_p1006_dscale_gamma_sep_1m	p1006_pcgamma0p5_msep1_lsep0p5_ieps0p5_noise0_seed17	OK	0	sample=P1006;approved_p9016_pairs_unverified	0.391239	0.519754	0.460673	0.567466	0.614501	raw_pairs	P1006	0	0	0	NA	NA	/mnt/ssd/zliu/phase3/test_res/014-20260617_205632-p9016_p1006_dscale_gamma_sep_1m/outputs/P1006/p1006_pcgamma0p5_msep1_lsep0p5_ieps0p5_noise0_seed17/p9016_full.manifest.tsv	/mnt/ssd/zliu/phase3/test_res/014-20260617_205632-p9016_p1006_dscale_gamma_sep_1m/summary.tsv
014-20260617_205632-p9016_p1006_dscale_gamma_sep_1m	p1006_pcgamma0p5_msep1_lsep1_ieps0p5_noise0_seed17	OK	0	sample=P1006;approved_p9016_pairs_unverified	0.390666	0.518706	0.459843	0.566489	0.60475	raw_pairs	P1006	0	0	0	NA	NA	/mnt/ssd/zliu/phase3/test_res/014-20260617_205632-p9016_p1006_dscale_gamma_sep_1m/outputs/P1006/p1006_pcgamma0p5_msep1_lsep1_ieps0p5_noise0_seed17/p9016_full.manifest.tsv	/mnt/ssd/zliu/phase3/test_res/014-20260617_205632-p9016_p1006_dscale_gamma_sep_1m/summary.tsv
016-20260618_150851-p9016_charm_contacts_condition_sweep_1m	p9016_charm3dg20k_2pr_pcgamma0p5_msep1_lsep1_ieps0p5_noise0	OK	0	input_contact_source=charm3dg_derived_pairs;uses_charm_or_reference=1;uses_charm_for_training=1	0.387566	0.379703	0.380738	0.539806	0.248294	charm3dg_derived_pairs	P9016	0	1	1	NA	NA	/mnt/ssd/zliu/phase3/test_res/016-20260618_150851-p9016_charm_contacts_condition_sweep_1m/outputs/2pr/p9016_charm3dg20k_2pr_pcgamma0p5_msep1_lsep1_ieps0p5_noise0/p9016_full.manifest.tsv	/mnt/ssd/zliu/phase3/test_res/016-20260618_150851-p9016_charm_contacts_condition_sweep_1m/summary.tsv
016-20260618_150851-p9016_charm_contacts_condition_sweep_1m	p9016_charm3dg20k_2pr_pcgamma0p75_sep_off_ieps0p5_noise0	OK	0	input_contact_source=charm3dg_derived_pairs;uses_charm_or_reference=1;uses_charm_for_training=1	0.384665	0.396091	0.394587	0.544899	0.268549	charm3dg_derived_pairs	P9016	0	1	1	NA	NA	/mnt/ssd/zliu/phase3/test_res/016-20260618_150851-p9016_charm_contacts_condition_sweep_1m/outputs/2pr/p9016_charm3dg20k_2pr_pcgamma0p75_sep_off_ieps0p5_noise0/p9016_full.manifest.tsv	/mnt/ssd/zliu/phase3/test_res/016-20260618_150851-p9016_charm_contacts_condition_sweep_1m/summary.tsv
016-20260618_150851-p9016_charm_contacts_condition_sweep_1m	p9016_charm3dg20k_2pr_tempered_pcgamma0p75_sep_off_ieps0p5_noise0	OK	0	input_contact_source=charm3dg_derived_pairs;uses_charm_or_reference=1;uses_charm_for_training=1	0.384395	0.396071	0.394534	0.544596	0.268546	charm3dg_derived_pairs	P9016	0	1	1	NA	NA	/mnt/ssd/zliu/phase3/test_res/016-20260618_150851-p9016_charm_contacts_condition_sweep_1m/outputs/2pr/p9016_charm3dg20k_2pr_tempered_pcgamma0p75_sep_off_ieps0p5_noise0/p9016_full.manifest.tsv	/mnt/ssd/zliu/phase3/test_res/016-20260618_150851-p9016_charm_contacts_condition_sweep_1m/summary.tsv
016-20260618_150851-p9016_charm_contacts_condition_sweep_1m	p9016_charm3dg20k_2pr_pcgamma1_common_msep1p5_lsep1	OK	0	input_contact_source=charm3dg_derived_pairs;uses_charm_or_reference=1;uses_charm_for_training=1	0.381932	0.610817	0.580689	0.518554	0.776927	charm3dg_derived_pairs	P9016	0	1	1	NA	NA	/mnt/ssd/zliu/phase3/test_res/016-20260618_150851-p9016_charm_contacts_condition_sweep_1m/outputs/2pr/p9016_charm3dg20k_2pr_pcgamma1_common_msep1p5_lsep1/p9016_full.manifest.tsv	/mnt/ssd/zliu/phase3/test_res/016-20260618_150851-p9016_charm_contacts_condition_sweep_1m/summary.tsv
016-20260618_150851-p9016_charm_contacts_condition_sweep_1m	p9016_charm3dg20k_2pr_expected_common_msep1p5_lsep0p5	OK	0	input_contact_source=charm3dg_derived_pairs;uses_charm_or_reference=1;uses_charm_for_training=1	0.380684	0.611824	0.5814	0.500978	0.778696	charm3dg_derived_pairs	P9016	0	1	1	NA	NA	/mnt/ssd/zliu/phase3/test_res/016-20260618_150851-p9016_charm_contacts_condition_sweep_1m/outputs/2pr/p9016_charm3dg20k_2pr_expected_common_msep1p5_lsep0p5/p9016_full.manifest.tsv	/mnt/ssd/zliu/phase3/test_res/016-20260618_150851-p9016_charm_contacts_condition_sweep_1m/summary.tsv
016-20260618_150851-p9016_charm_contacts_condition_sweep_1m	p9016_charm3dg20k_2pr_pcgamma1_common_ieps1_noise0p05	OK	0	input_contact_source=charm3dg_derived_pairs;uses_charm_or_reference=1;uses_charm_for_training=1	0.380684	0.612049	0.581595	0.497841	0.778746	charm3dg_derived_pairs	P9016	0	1	1	NA	NA	/mnt/ssd/zliu/phase3/test_res/016-20260618_150851-p9016_charm_contacts_condition_sweep_1m/outputs/2pr/p9016_charm3dg20k_2pr_pcgamma1_common_ieps1_noise0p05/p9016_full.manifest.tsv	/mnt/ssd/zliu/phase3/test_res/016-20260618_150851-p9016_charm_contacts_condition_sweep_1m/summary.tsv
016-20260618_150851-p9016_charm_contacts_condition_sweep_1m	p9016_charm3dg20k_2pr_pcgamma1_msep1_lsep1_ieps0p5_noise0	OK	0	input_contact_source=charm3dg_derived_pairs;uses_charm_or_reference=1;uses_charm_for_training=1	0.377277	0.43752	0.42959	0.540717	0.39836	charm3dg_derived_pairs	P9016	0	1	1	NA	NA	/mnt/ssd/zliu/phase3/test_res/016-20260618_150851-p9016_charm_contacts_condition_sweep_1m/outputs/2pr/p9016_charm3dg20k_2pr_pcgamma1_msep1_lsep1_ieps0p5_noise0/p9016_full.manifest.tsv	/mnt/ssd/zliu/phase3/test_res/016-20260618_150851-p9016_charm_contacts_condition_sweep_1m/summary.tsv
014-20260617_205632-p9016_p1006_dscale_gamma_sep_1m	p1006_pcgamma0p5_sep_off_ieps0p5_noise0_seed17	OK	0	sample=P1006;approved_p9016_pairs_unverified	0.376832	0.512146	0.449939	0.559155	0.582439	raw_pairs	P1006	0	0	0	NA	NA	/mnt/ssd/zliu/phase3/test_res/014-20260617_205632-p9016_p1006_dscale_gamma_sep_1m/outputs/P1006/p1006_pcgamma0p5_sep_off_ieps0p5_noise0_seed17/p9016_full.manifest.tsv	/mnt/ssd/zliu/phase3/test_res/014-20260617_205632-p9016_p1006_dscale_gamma_sep_1m/summary.tsv
014-20260617_205632-p9016_p1006_dscale_gamma_sep_1m	p1006_pcgamma1_sep_off_ieps0p5_noise0_seed17	OK	0	sample=P1006;approved_p9016_pairs_unverified	0.376664	0.516639	0.45229	0.551353	0.619827	raw_pairs	P1006	0	0	0	NA	NA	/mnt/ssd/zliu/phase3/test_res/014-20260617_205632-p9016_p1006_dscale_gamma_sep_1m/outputs/P1006/p1006_pcgamma1_sep_off_ieps0p5_noise0_seed17/p9016_full.manifest.tsv	/mnt/ssd/zliu/phase3/test_res/014-20260617_205632-p9016_p1006_dscale_gamma_sep_1m/summary.tsv
013-20260617_115651-p1006_dscale_semantics_gpu_1m	p1006_posterior_count_gpu_exact_ieps0p5_noise0_seed17	OK	0	sample=P1006;approved_p9016_pairs_unverified	0.376369	0.515881	0.451744	0.55115	0.619957	raw_pairs	P1006	0	0	0	NA	NA	/mnt/ssd/zliu/phase3/test_res/013-20260617_115651-p1006_dscale_semantics_gpu_1m/outputs/p1006_posterior_count_gpu_exact_ieps0p5_noise0_seed17/p9016_full.manifest.tsv	/mnt/ssd/zliu/phase3/test_res/013-20260617_115651-p1006_dscale_semantics_gpu_1m/summary.tsv
016-20260618_150851-p9016_charm_contacts_condition_sweep_1m	p9016_charm3dg20k_2pr_pcgamma0p5_sep_off_ieps0p5_noise0	OK	0	input_contact_source=charm3dg_derived_pairs;uses_charm_or_reference=1;uses_charm_for_training=1	0.374241	0.372498	0.372728	0.521994	0.225868	charm3dg_derived_pairs	P9016	0	1	1	NA	NA	/mnt/ssd/zliu/phase3/test_res/016-20260618_150851-p9016_charm_contacts_condition_sweep_1m/outputs/2pr/p9016_charm3dg20k_2pr_pcgamma0p5_sep_off_ieps0p5_noise0/p9016_full.manifest.tsv	/mnt/ssd/zliu/phase3/test_res/016-20260618_150851-p9016_charm_contacts_condition_sweep_1m/summary.tsv
016-20260618_150851-p9016_charm_contacts_condition_sweep_1m	p9016_charm3dg20k_2pr_tempered_pcgamma0p5_sep_off_ieps0p5_noise0	OK	0	input_contact_source=charm3dg_derived_pairs;uses_charm_or_reference=1;uses_charm_for_training=1	0.372521	0.372161	0.372208	0.518992	0.225575	charm3dg_derived_pairs	P9016	0	1	1	NA	NA	/mnt/ssd/zliu/phase3/test_res/016-20260618_150851-p9016_charm_contacts_condition_sweep_1m/outputs/2pr/p9016_charm3dg20k_2pr_tempered_pcgamma0p5_sep_off_ieps0p5_noise0/p9016_full.manifest.tsv	/mnt/ssd/zliu/phase3/test_res/016-20260618_150851-p9016_charm_contacts_condition_sweep_1m/summary.tsv
013-20260617_115651-p1006_dscale_semantics_gpu_1m	p1006_current_raw_gpu_exact_ieps0p5_noise0_seed17	OK	0	sample=P1006;approved_p9016_pairs_unverified	0.371719	0.498652	0.440298	0.550855	0.566779	raw_pairs	P1006	0	0	0	NA	NA	/mnt/ssd/zliu/phase3/test_res/013-20260617_115651-p1006_dscale_semantics_gpu_1m/outputs/p1006_current_raw_gpu_exact_ieps0p5_noise0_seed17/p9016_full.manifest.tsv	/mnt/ssd/zliu/phase3/test_res/013-20260617_115651-p1006_dscale_semantics_gpu_1m/summary.tsv
016-20260618_150851-p9016_charm_contacts_condition_sweep_1m	p9016_charm3dg20k_1pr_legacy_raw_ieps0p5_noise0_gpu	OK	0	input_contact_source=charm3dg_derived_pairs;uses_charm_or_reference=1;uses_charm_for_training=1	0.370913	0.337529	0.341584	0.541006	0.182052	charm3dg_derived_pairs	P9016	0	1	1	NA	NA	/mnt/ssd/zliu/phase3/test_res/016-20260618_150851-p9016_charm_contacts_condition_sweep_1m/outputs/1pr/p9016_charm3dg20k_1pr_legacy_raw_ieps0p5_noise0_gpu/p9016_full.manifest.tsv	/mnt/ssd/zliu/phase3/test_res/016-20260618_150851-p9016_charm_contacts_condition_sweep_1m/summary.tsv
016-20260618_150851-p9016_charm_contacts_condition_sweep_1m	p9016_charm3dg20k_1pr_tempered_pcgamma0_sep_off_ieps0p5_noise0	OK	0	input_contact_source=charm3dg_derived_pairs;uses_charm_or_reference=1;uses_charm_for_training=1	0.370495	0.337451	0.341465	0.539944	0.182127	charm3dg_derived_pairs	P9016	0	1	1	NA	NA	/mnt/ssd/zliu/phase3/test_res/016-20260618_150851-p9016_charm_contacts_condition_sweep_1m/outputs/1pr/p9016_charm3dg20k_1pr_tempered_pcgamma0_sep_off_ieps0p5_noise0/p9016_full.manifest.tsv	/mnt/ssd/zliu/phase3/test_res/016-20260618_150851-p9016_charm_contacts_condition_sweep_1m/summary.tsv
016-20260618_150851-p9016_charm_contacts_condition_sweep_1m	p9016_charm3dg20k_1pr_pcgamma0_sep_off_ieps0p5_noise0	OK	0	input_contact_source=charm3dg_derived_pairs;uses_charm_or_reference=1;uses_charm_for_training=1	0.370344	0.337613	0.341589	0.540437	0.182051	charm3dg_derived_pairs	P9016	0	1	1	NA	NA	/mnt/ssd/zliu/phase3/test_res/016-20260618_150851-p9016_charm_contacts_condition_sweep_1m/outputs/1pr/p9016_charm3dg20k_1pr_pcgamma0_sep_off_ieps0p5_noise0/p9016_full.manifest.tsv	/mnt/ssd/zliu/phase3/test_res/016-20260618_150851-p9016_charm_contacts_condition_sweep_1m/summary.tsv
016-20260618_150851-p9016_charm_contacts_condition_sweep_1m	p9016_charm3dg20k_2pr_pcgamma0p25_sep_off_ieps0p5_noise0	OK	0	input_contact_source=charm3dg_derived_pairs;uses_charm_or_reference=1;uses_charm_for_training=1	0.36773	0.349626	0.352009	0.548981	0.189457	charm3dg_derived_pairs	P9016	0	1	1	NA	NA	/mnt/ssd/zliu/phase3/test_res/016-20260618_150851-p9016_charm_contacts_condition_sweep_1m/outputs/2pr/p9016_charm3dg20k_2pr_pcgamma0p25_sep_off_ieps0p5_noise0/p9016_full.manifest.tsv	/mnt/ssd/zliu/phase3/test_res/016-20260618_150851-p9016_charm_contacts_condition_sweep_1m/summary.tsv
016-20260618_150851-p9016_charm_contacts_condition_sweep_1m	p9016_charm3dg20k_2pr_tempered_pcgamma0p25_sep_off_ieps0p5_noise0	OK	0	input_contact_source=charm3dg_derived_pairs;uses_charm_or_reference=1;uses_charm_for_training=1	0.367157	0.349585	0.351898	0.547767	0.189413	charm3dg_derived_pairs	P9016	0	1	1	NA	NA	/mnt/ssd/zliu/phase3/test_res/016-20260618_150851-p9016_charm_contacts_condition_sweep_1m/outputs/2pr/p9016_charm3dg20k_2pr_tempered_pcgamma0p25_sep_off_ieps0p5_noise0/p9016_full.manifest.tsv	/mnt/ssd/zliu/phase3/test_res/016-20260618_150851-p9016_charm_contacts_condition_sweep_1m/summary.tsv
016-20260618_150851-p9016_charm_contacts_condition_sweep_1m	p9016_charm3dg20k_1pr_pcgamma0p5_msep1_lsep0p5_ieps0p5_noise0	OK	0	input_contact_source=charm3dg_derived_pairs;uses_charm_or_reference=1;uses_charm_for_training=1	0.36693	0.370725	0.370264	0.516956	0.22355	charm3dg_derived_pairs	P9016	0	1	1	NA	NA	/mnt/ssd/zliu/phase3/test_res/016-20260618_150851-p9016_charm_contacts_condition_sweep_1m/outputs/1pr/p9016_charm3dg20k_1pr_pcgamma0p5_msep1_lsep0p5_ieps0p5_noise0/p9016_full.manifest.tsv	/mnt/ssd/zliu/phase3/test_res/016-20260618_150851-p9016_charm_contacts_condition_sweep_1m/summary.tsv
016-20260618_150851-p9016_charm_contacts_condition_sweep_1m	p9016_charm3dg20k_2pr_pcgamma0p5_msep1_lsep0p5_ieps0p5_noise0	OK	0	input_contact_source=charm3dg_derived_pairs;uses_charm_or_reference=1;uses_charm_for_training=1	0.366583	0.371235	0.370623	0.529686	0.240371	charm3dg_derived_pairs	P9016	0	1	1	NA	NA	/mnt/ssd/zliu/phase3/test_res/016-20260618_150851-p9016_charm_contacts_condition_sweep_1m/outputs/2pr/p9016_charm3dg20k_2pr_pcgamma0p5_msep1_lsep0p5_ieps0p5_noise0/p9016_full.manifest.tsv	/mnt/ssd/zliu/phase3/test_res/016-20260618_150851-p9016_charm_contacts_condition_sweep_1m/summary.tsv
014-20260617_205632-p9016_p1006_dscale_gamma_sep_1m	p1006_pcgamma0p75_sep_off_ieps0p5_noise0_seed17	OK	0	sample=P1006;approved_p9016_pairs_unverified	0.365334	0.519818	0.448798	0.547264	0.597272	raw_pairs	P1006	0	0	0	NA	NA	/mnt/ssd/zliu/phase3/test_res/014-20260617_205632-p9016_p1006_dscale_gamma_sep_1m/outputs/P1006/p1006_pcgamma0p75_sep_off_ieps0p5_noise0_seed17/p9016_full.manifest.tsv	/mnt/ssd/zliu/phase3/test_res/014-20260617_205632-p9016_p1006_dscale_gamma_sep_1m/summary.tsv
014-20260617_205632-p9016_p1006_dscale_gamma_sep_1m	p1006_pcgamma0_sep_off_ieps0p5_noise0_seed17	OK	0	sample=P1006;approved_p9016_pairs_unverified	0.365062	0.498543	0.437179	0.547958	0.561463	raw_pairs	P1006	0	0	0	NA	NA	/mnt/ssd/zliu/phase3/test_res/014-20260617_205632-p9016_p1006_dscale_gamma_sep_1m/outputs/P1006/p1006_pcgamma0_sep_off_ieps0p5_noise0_seed17/p9016_full.manifest.tsv	/mnt/ssd/zliu/phase3/test_res/014-20260617_205632-p9016_p1006_dscale_gamma_sep_1m/summary.tsv
015-20260617_234926-p9016_charm3dg_clean_contacts_1m	p9016_charm3dg20k_2pr_clean_contacts_pcgamma1_ieps0p5_noise0_seed17	OK	0	input_contact_source=charm3dg_derived_pairs;uses_charm_or_reference=1;uses_charm_for_training=1	0.362535	0.435357	0.425772	0.540008	0.377934	charm3dg_derived_pairs	P9016	0	1	1	NA	NA	/mnt/ssd/zliu/phase3/test_res/015-20260617_234926-p9016_charm3dg_clean_contacts_1m/outputs/p9016_charm3dg20k_2pr_clean_contacts_pcgamma1_ieps0p5_noise0_seed17/p9016_full.manifest.tsv	/mnt/ssd/zliu/phase3/test_res/015-20260617_234926-p9016_charm3dg_clean_contacts_1m/summary.tsv
016-20260618_150851-p9016_charm_contacts_condition_sweep_1m	p9016_charm3dg20k_2pr_expected_alias_gamma1_ieps0p5_noise0	OK	0	input_contact_source=charm3dg_derived_pairs;uses_charm_or_reference=1;uses_charm_for_training=1	0.362535	0.435413	0.42582	0.540008	0.377932	charm3dg_derived_pairs	P9016	0	1	1	NA	NA	/mnt/ssd/zliu/phase3/test_res/016-20260618_150851-p9016_charm_contacts_condition_sweep_1m/outputs/2pr/p9016_charm3dg20k_2pr_expected_alias_gamma1_ieps0p5_noise0/p9016_full.manifest.tsv	/mnt/ssd/zliu/phase3/test_res/016-20260618_150851-p9016_charm_contacts_condition_sweep_1m/summary.tsv
016-20260618_150851-p9016_charm_contacts_condition_sweep_1m	p9016_charm3dg20k_2pr_pcgamma1_sep_off_ieps0p5_noise0	OK	0	input_contact_source=charm3dg_derived_pairs;uses_charm_or_reference=1;uses_charm_for_training=1	0.362535	0.435357	0.425772	0.540008	0.377933	charm3dg_derived_pairs	P9016	0	1	1	NA	NA	/mnt/ssd/zliu/phase3/test_res/016-20260618_150851-p9016_charm_contacts_condition_sweep_1m/outputs/2pr/p9016_charm3dg20k_2pr_pcgamma1_sep_off_ieps0p5_noise0/p9016_full.manifest.tsv	/mnt/ssd/zliu/phase3/test_res/016-20260618_150851-p9016_charm_contacts_condition_sweep_1m/summary.tsv
016-20260618_150851-p9016_charm_contacts_condition_sweep_1m	p9016_charm3dg20k_2pr_tempered_pcgamma1_sep_off_ieps0p5_noise0	OK	0	input_contact_source=charm3dg_derived_pairs;uses_charm_or_reference=1;uses_charm_for_training=1	0.362535	0.435413	0.42582	0.540008	0.377933	charm3dg_derived_pairs	P9016	0	1	1	NA	NA	/mnt/ssd/zliu/phase3/test_res/016-20260618_150851-p9016_charm_contacts_condition_sweep_1m/outputs/2pr/p9016_charm3dg20k_2pr_tempered_pcgamma1_sep_off_ieps0p5_noise0/p9016_full.manifest.tsv	/mnt/ssd/zliu/phase3/test_res/016-20260618_150851-p9016_charm_contacts_condition_sweep_1m/summary.tsv
014-20260617_205632-p9016_p1006_dscale_gamma_sep_1m	p1006_pcgamma0p25_sep_off_ieps0p5_noise0_seed17	OK	0	sample=P1006;approved_p9016_pairs_unverified	0.362327	0.503976	0.438857	0.544135	0.586205	raw_pairs	P1006	0	0	0	NA	NA	/mnt/ssd/zliu/phase3/test_res/014-20260617_205632-p9016_p1006_dscale_gamma_sep_1m/outputs/P1006/p1006_pcgamma0p25_sep_off_ieps0p5_noise0_seed17/p9016_full.manifest.tsv	/mnt/ssd/zliu/phase3/test_res/014-20260617_205632-p9016_p1006_dscale_gamma_sep_1m/summary.tsv
014-20260617_205632-p9016_p1006_dscale_gamma_sep_1m	p1006_pcgamma1_msep1p5_lsep1_ieps0p5_noise0_seed17	OK	0	sample=P1006;approved_p9016_pairs_unverified	0.360626	0.527318	0.450686	0.533533	0.658392	raw_pairs	P1006	0	0	0	NA	NA	/mnt/ssd/zliu/phase3/test_res/014-20260617_205632-p9016_p1006_dscale_gamma_sep_1m/outputs/P1006/p1006_pcgamma1_msep1p5_lsep1_ieps0p5_noise0_seed17/p9016_full.manifest.tsv	/mnt/ssd/zliu/phase3/test_res/014-20260617_205632-p9016_p1006_dscale_gamma_sep_1m/summary.tsv
014-20260617_205632-p9016_p1006_dscale_gamma_sep_1m	p1006_pcgamma1_msep1_lsep0p5_ieps0p5_noise0_seed17	OK	0	sample=P1006;approved_p9016_pairs_unverified	0.35995	0.518317	0.445512	0.525963	0.633733	raw_pairs	P1006	0	0	0	NA	NA	/mnt/ssd/zliu/phase3/test_res/014-20260617_205632-p9016_p1006_dscale_gamma_sep_1m/outputs/P1006/p1006_pcgamma1_msep1_lsep0p5_ieps0p5_noise0_seed17/p9016_full.manifest.tsv	/mnt/ssd/zliu/phase3/test_res/014-20260617_205632-p9016_p1006_dscale_gamma_sep_1m/summary.tsv
016-20260618_150851-p9016_charm_contacts_condition_sweep_1m	p9016_charm3dg20k_1pr_raw_msep1p5_lsep1_ieps0p5_noise0	OK	0	input_contact_source=charm3dg_derived_pairs;uses_charm_or_reference=1;uses_charm_for_training=1	0.358926	0.397621	0.392921	0.510508	0.279991	charm3dg_derived_pairs	P9016	0	1	1	NA	NA	/mnt/ssd/zliu/phase3/test_res/016-20260618_150851-p9016_charm_contacts_condition_sweep_1m/outputs/1pr/p9016_charm3dg20k_1pr_raw_msep1p5_lsep1_ieps0p5_noise0/p9016_full.manifest.tsv	/mnt/ssd/zliu/phase3/test_res/016-20260618_150851-p9016_charm_contacts_condition_sweep_1m/summary.tsv
014-20260617_205632-p9016_p1006_dscale_gamma_sep_1m	p1006_pcgamma1_msep1_lsep1_ieps0p5_noise0_seed17	OK	0	sample=P1006;approved_p9016_pairs_unverified	0.358718	0.521905	0.446884	0.538207	0.643198	raw_pairs	P1006	0	0	0	NA	NA	/mnt/ssd/zliu/phase3/test_res/014-20260617_205632-p9016_p1006_dscale_gamma_sep_1m/outputs/P1006/p1006_pcgamma1_msep1_lsep1_ieps0p5_noise0_seed17/p9016_full.manifest.tsv	/mnt/ssd/zliu/phase3/test_res/014-20260617_205632-p9016_p1006_dscale_gamma_sep_1m/summary.tsv
016-20260618_150851-p9016_charm_contacts_condition_sweep_1m	p9016_charm3dg20k_1pr_pcgamma1_msep1_lsep0p5_ieps0p5_noise0	OK	0	input_contact_source=charm3dg_derived_pairs;uses_charm_or_reference=1;uses_charm_for_training=1	0.35866	0.48324	0.468107	0.511608	0.422843	charm3dg_derived_pairs	P9016	0	1	1	NA	NA	/mnt/ssd/zliu/phase3/test_res/016-20260618_150851-p9016_charm_contacts_condition_sweep_1m/outputs/1pr/p9016_charm3dg20k_1pr_pcgamma1_msep1_lsep0p5_ieps0p5_noise0/p9016_full.manifest.tsv	/mnt/ssd/zliu/phase3/test_res/016-20260618_150851-p9016_charm_contacts_condition_sweep_1m/summary.tsv
047-20260620_082138-p9016_init_coord_anchor_1m	p9016_initanchor_k0p001_seed71_noise0p05_best035	OK	1	OK	0.358585	0.574695	0.485804	0.563729	0.744353	raw_pairs	P9016	0	0	0	off	NA	/mnt/ssd/zliu/phase3/test_res/047-20260620_082138-p9016_init_coord_anchor_1m/outputs/p9016_initanchor_k0p001_seed71_noise0p05_best035/p9016_initanchor_k0p001_seed71_noise0p05_best035/p9016_full.manifest.tsv	/mnt/ssd/zliu/phase3/test_res/047-20260620_082138-p9016_init_coord_anchor_1m/summary.tsv
047-20260620_082138-p9016_init_coord_anchor_1m	p9016_initanchor_k0p003_seed71_noise0p05_best035	OK	1	OK	0.357981	0.572327	0.484162	0.561902	0.745886	raw_pairs	P9016	0	0	0	off	NA	/mnt/ssd/zliu/phase3/test_res/047-20260620_082138-p9016_init_coord_anchor_1m/outputs/p9016_initanchor_k0p003_seed71_noise0p05_best035/p9016_initanchor_k0p003_seed71_noise0p05_best035/p9016_full.manifest.tsv	/mnt/ssd/zliu/phase3/test_res/047-20260620_082138-p9016_init_coord_anchor_1m/summary.tsv
047-20260620_082138-p9016_init_coord_anchor_1m	p9016_initanchor_k0p01_seed71_noise0p05_best035	OK	1	OK	0.355918	0.572191	0.483233	0.561874	0.749965	raw_pairs	P9016	0	0	0	off	NA	/mnt/ssd/zliu/phase3/test_res/047-20260620_082138-p9016_init_coord_anchor_1m/outputs/p9016_initanchor_k0p01_seed71_noise0p05_best035/p9016_initanchor_k0p01_seed71_noise0p05_best035/p9016_full.manifest.tsv	/mnt/ssd/zliu/phase3/test_res/047-20260620_082138-p9016_init_coord_anchor_1m/summary.tsv
048-20260620_092323-p9016_callable_anchor_mstep_1m	p9016_callable_negent_t0p10_m0p05_w10_seed71_best035	OK	1	OK	0.355793	0.573128	0.483733	0.561437	0.747643	raw_pairs	P9016	0	0	0	off	NA	/mnt/ssd/zliu/phase3/test_res/048-20260620_092323-p9016_callable_anchor_mstep_1m/outputs/p9016_callable_negent_t0p10_m0p05_w10_seed71_best035/p9016_callable_negent_t0p10_m0p05_w10_seed71_best035/p9016_full.manifest.tsv	/mnt/ssd/zliu/phase3/test_res/048-20260620_092323-p9016_callable_anchor_mstep_1m/summary.tsv
048-20260620_092323-p9016_callable_anchor_mstep_1m	p9016_callable_negent_t0p02_m0p05_w10_seed71_best035	OK	1	OK	0.355737	0.572643	0.483424	0.561159	0.747986	raw_pairs	P9016	0	0	0	off	NA	/mnt/ssd/zliu/phase3/test_res/048-20260620_092323-p9016_callable_anchor_mstep_1m/outputs/p9016_callable_negent_t0p02_m0p05_w10_seed71_best035/p9016_callable_negent_t0p02_m0p05_w10_seed71_best035/p9016_full.manifest.tsv	/mnt/ssd/zliu/phase3/test_res/048-20260620_092323-p9016_callable_anchor_mstep_1m/summary.tsv
048-20260620_092323-p9016_callable_anchor_mstep_1m	p9016_callable_negent_t0p10_m0p10_w10_seed71_best035	OK	1	OK	0.355668	0.572725	0.483444	0.561152	0.747764	raw_pairs	P9016	0	0	0	off	NA	/mnt/ssd/zliu/phase3/test_res/048-20260620_092323-p9016_callable_anchor_mstep_1m/outputs/p9016_callable_negent_t0p10_m0p10_w10_seed71_best035/p9016_callable_negent_t0p10_m0p10_w10_seed71_best035/p9016_full.manifest.tsv	/mnt/ssd/zliu/phase3/test_res/048-20260620_092323-p9016_callable_anchor_mstep_1m/summary.tsv
047-20260620_082138-p9016_init_coord_anchor_1m	p9016_initanchor_off_seed71_noise0p05_best035	OK	1	OK	0.355661	0.572065	0.483053	0.56111	0.748189	raw_pairs	P9016	0	0	0	off	NA	/mnt/ssd/zliu/phase3/test_res/047-20260620_082138-p9016_init_coord_anchor_1m/outputs/p9016_initanchor_off_seed71_noise0p05_best035/p9016_initanchor_off_seed71_noise0p05_best035/p9016_full.manifest.tsv	/mnt/ssd/zliu/phase3/test_res/047-20260620_082138-p9016_init_coord_anchor_1m/summary.tsv
048-20260620_092323-p9016_callable_anchor_mstep_1m	p9016_callable_anchor_off_seed71_noise0p05_best035	OK	1	OK	0.355661	0.572482	0.483299	0.561208	0.748009	raw_pairs	P9016	0	0	0	off	NA	/mnt/ssd/zliu/phase3/test_res/048-20260620_092323-p9016_callable_anchor_mstep_1m/outputs/p9016_callable_anchor_off_seed71_noise0p05_best035/p9016_callable_anchor_off_seed71_noise0p05_best035/p9016_full.manifest.tsv	/mnt/ssd/zliu/phase3/test_res/048-20260620_092323-p9016_callable_anchor_mstep_1m/summary.tsv
049-20260620_103248-p9016_trans_dscale_gamma_1m	p9016_transgamma_g1_td0p5_seed71_best035_replay	OK	1	OK	0.355661	0.572482	0.483299	0.561208	0.748009	raw_pairs	P9016	0	0	0	off	NA	/mnt/ssd/zliu/phase3/test_res/049-20260620_103248-p9016_trans_dscale_gamma_1m/outputs/p9016_transgamma_g1_td0p5_seed71_best035_replay/p9016_transgamma_g1_td0p5_seed71_best035_replay/p9016_full.manifest.tsv	/mnt/ssd/zliu/phase3/test_res/049-20260620_103248-p9016_trans_dscale_gamma_1m/summary.tsv
048-20260620_092323-p9016_callable_anchor_mstep_1m	p9016_callable_negent_t0p01_m0p10_w10_seed71_best035	OK	1	OK	0.355647	0.573147	0.483684	0.561312	0.748077	raw_pairs	P9016	0	0	0	off	NA	/mnt/ssd/zliu/phase3/test_res/048-20260620_092323-p9016_callable_anchor_mstep_1m/outputs/p9016_callable_negent_t0p01_m0p10_w10_seed71_best035/p9016_callable_negent_t0p01_m0p10_w10_seed71_best035/p9016_full.manifest.tsv	/mnt/ssd/zliu/phase3/test_res/048-20260620_092323-p9016_callable_anchor_mstep_1m/summary.tsv
048-20260620_092323-p9016_callable_anchor_mstep_1m	p9016_callable_negent_t0p05_m0p05_w10_seed71_best035	OK	1	OK	0.355647	0.572371	0.483227	0.561201	0.747949	raw_pairs	P9016	0	0	0	off	NA	/mnt/ssd/zliu/phase3/test_res/048-20260620_092323-p9016_callable_anchor_mstep_1m/outputs/p9016_callable_negent_t0p05_m0p05_w10_seed71_best035/p9016_callable_negent_t0p05_m0p05_w10_seed71_best035/p9016_full.manifest.tsv	/mnt/ssd/zliu/phase3/test_res/048-20260620_092323-p9016_callable_anchor_mstep_1m/summary.tsv
044-20260620_040939-p9016_multiseed_basin_audit_1m	p9016_multiseed_best035_seed71_noise0p05	OK	1	OK	0.35564	0.572808	0.483482	0.561305	0.748036	raw_pairs	P9016	0	0	0	off	NA	/mnt/ssd/zliu/phase3/test_res/044-20260620_040939-p9016_multiseed_basin_audit_1m/outputs/p9016_multiseed_best035_seed71_noise0p05/p9016_multiseed_best035_seed71_noise0p05/p9016_full.manifest.tsv	/mnt/ssd/zliu/phase3/test_res/044-20260620_040939-p9016_multiseed_basin_audit_1m/summary.tsv
048-20260620_092323-p9016_callable_anchor_mstep_1m	p9016_callable_negent_t0p01_m0p05_w10_seed71_best035	OK	1	OK	0.355612	0.572579	0.483336	0.561194	0.747996	raw_pairs	P9016	0	0	0	off	NA	/mnt/ssd/zliu/phase3/test_res/048-20260620_092323-p9016_callable_anchor_mstep_1m/outputs/p9016_callable_negent_t0p01_m0p05_w10_seed71_best035/p9016_callable_negent_t0p01_m0p05_w10_seed71_best035/p9016_full.manifest.tsv	/mnt/ssd/zliu/phase3/test_res/048-20260620_092323-p9016_callable_anchor_mstep_1m/summary.tsv
048-20260620_092323-p9016_callable_anchor_mstep_1m	p9016_callable_negent_t0p02_m0p10_w10_seed71_best035	OK	1	OK	0.355557	0.572429	0.483224	0.561242	0.748036	raw_pairs	P9016	0	0	0	off	NA	/mnt/ssd/zliu/phase3/test_res/048-20260620_092323-p9016_callable_anchor_mstep_1m/outputs/p9016_callable_negent_t0p02_m0p10_w10_seed71_best035/p9016_callable_negent_t0p02_m0p10_w10_seed71_best035/p9016_full.manifest.tsv	/mnt/ssd/zliu/phase3/test_res/048-20260620_092323-p9016_callable_anchor_mstep_1m/summary.tsv
048-20260620_092323-p9016_callable_anchor_mstep_1m	p9016_callable_negent_t0p05_m0p10_w10_seed71_best035	OK	1	OK	0.355376	0.572468	0.483173	0.561013	0.747819	raw_pairs	P9016	0	0	0	off	NA	/mnt/ssd/zliu/phase3/test_res/048-20260620_092323-p9016_callable_anchor_mstep_1m/outputs/p9016_callable_negent_t0p05_m0p10_w10_seed71_best035/p9016_callable_negent_t0p05_m0p10_w10_seed71_best035/p9016_full.manifest.tsv	/mnt/ssd/zliu/phase3/test_res/048-20260620_092323-p9016_callable_anchor_mstep_1m/summary.tsv
048-20260620_092323-p9016_callable_anchor_mstep_1m	p9016_samecross_m0p25_p1_w10_seed71_best035	OK	1	OK	0.355335	0.574477	0.484339	0.562909	0.763075	raw_pairs	P9016	0	0	0	off	NA	/mnt/ssd/zliu/phase3/test_res/048-20260620_092323-p9016_callable_anchor_mstep_1m/outputs/p9016_samecross_m0p25_p1_w10_seed71_best035/p9016_samecross_m0p25_p1_w10_seed71_best035/p9016_full.manifest.tsv	/mnt/ssd/zliu/phase3/test_res/048-20260620_092323-p9016_callable_anchor_mstep_1m/summary.tsv
047-20260620_082138-p9016_init_coord_anchor_1m	p9016_initanchor_k0p0003_seed71_noise0p05_best035	OK	1	OK	0.354689	0.574477	0.484073	0.560478	0.750541	raw_pairs	P9016	0	0	0	off	NA	/mnt/ssd/zliu/phase3/test_res/047-20260620_082138-p9016_init_coord_anchor_1m/outputs/p9016_initanchor_k0p0003_seed71_noise0p05_best035/p9016_initanchor_k0p0003_seed71_noise0p05_best035/p9016_full.manifest.tsv	/mnt/ssd/zliu/phase3/test_res/047-20260620_082138-p9016_init_coord_anchor_1m/summary.tsv
027-20260619_030956-p9016_contacts_seg_source_sweep_1m	p9016_seg_all_pcgamma1_ieps0p5_noise0_seed17	OK	0	approved_p9016_pairs_unverified	0.353975	0.533829	0.476217	0.563828	0.797352	raw_pairs	P9016	0	0	0	NA	NA	/mnt/ssd/zliu/phase3/test_res/027-20260619_030956-p9016_contacts_seg_source_sweep_1m/outputs/p9016_seg_all_pcgamma1_ieps0p5_noise0_seed17/p9016_full.manifest.tsv	/mnt/ssd/zliu/phase3/test_res/027-20260619_030956-p9016_contacts_seg_source_sweep_1m/summary.tsv
029-20260619_061138-p9016_readgroup_joint_marginal_1m	p9016_seg_all_pairwise_pcgamma1_ieps0p5_noise0_seed17	OK	0	input_contact_source=contacts_seg_derived_pairs	0.353975	0.533829	0.476217	0.563828	0.797352	contacts_seg_derived_pairs	P9016	0	0	0	off	NA	/mnt/ssd/zliu/phase3/test_res/029-20260619_061138-p9016_readgroup_joint_marginal_1m/outputs/p9016_seg_all_pairwise_pcgamma1_ieps0p5_noise0_seed17/p9016_full.manifest.tsv	/mnt/ssd/zliu/phase3/test_res/029-20260619_061138-p9016_readgroup_joint_marginal_1m/summary.tsv
016-20260618_150851-p9016_charm_contacts_condition_sweep_1m	p9016_charm3dg20k_1pr_pcgamma0p75_sep_off_ieps0p5_noise0	OK	0	input_contact_source=charm3dg_derived_pairs;uses_charm_or_reference=1;uses_charm_for_training=1	0.353767	0.417935	0.41014	0.510697	0.305263	charm3dg_derived_pairs	P9016	0	1	1	NA	NA	/mnt/ssd/zliu/phase3/test_res/016-20260618_150851-p9016_charm_contacts_condition_sweep_1m/outputs/1pr/p9016_charm3dg20k_1pr_pcgamma0p75_sep_off_ieps0p5_noise0/p9016_full.manifest.tsv	/mnt/ssd/zliu/phase3/test_res/016-20260618_150851-p9016_charm_contacts_condition_sweep_1m/summary.tsv
016-20260618_150851-p9016_charm_contacts_condition_sweep_1m	p9016_charm3dg20k_1pr_tempered_pcgamma0p75_sep_off_ieps0p5_noise0	OK	0	input_contact_source=charm3dg_derived_pairs;uses_charm_or_reference=1;uses_charm_for_training=1	0.353767	0.417908	0.410117	0.510697	0.305268	charm3dg_derived_pairs	P9016	0	1	1	NA	NA	/mnt/ssd/zliu/phase3/test_res/016-20260618_150851-p9016_charm_contacts_condition_sweep_1m/outputs/1pr/p9016_charm3dg20k_1pr_tempered_pcgamma0p75_sep_off_ieps0p5_noise0/p9016_full.manifest.tsv	/mnt/ssd/zliu/phase3/test_res/016-20260618_150851-p9016_charm_contacts_condition_sweep_1m/summary.tsv
016-20260618_150851-p9016_charm_contacts_condition_sweep_1m	p9016_charm3dg20k_1pr_pcgamma1_msep1_lsep1_ieps0p5_noise0	OK	0	input_contact_source=charm3dg_derived_pairs;uses_charm_or_reference=1;uses_charm_for_training=1	0.35335	0.47436	0.459661	0.513884	0.419026	charm3dg_derived_pairs	P9016	0	1	1	NA	NA	/mnt/ssd/zliu/phase3/test_res/016-20260618_150851-p9016_charm_contacts_condition_sweep_1m/outputs/1pr/p9016_charm3dg20k_1pr_pcgamma1_msep1_lsep1_ieps0p5_noise0/p9016_full.manifest.tsv	/mnt/ssd/zliu/phase3/test_res/016-20260618_150851-p9016_charm_contacts_condition_sweep_1m/summary.tsv
049-20260620_103248-p9016_trans_dscale_gamma_1m	p9016_transgamma_g0p75_td0p75_seed71_best035	OK	1	OK	0.353181	0.567794	0.479519	0.556554	0.789754	raw_pairs	P9016	0	0	0	off	NA	/mnt/ssd/zliu/phase3/test_res/049-20260620_103248-p9016_trans_dscale_gamma_1m/outputs/p9016_transgamma_g0p75_td0p75_seed71_best035/p9016_transgamma_g0p75_td0p75_seed71_best035/p9016_full.manifest.tsv	/mnt/ssd/zliu/phase3/test_res/049-20260620_103248-p9016_trans_dscale_gamma_1m/summary.tsv
040-20260620_010533-p9016_normdir_copytrack_1m	p9016_pcgamma1_td0p5_normdir0p03_lct0p03_gct0p003	OK	1	OK	0.35307	0.572235	0.482087	0.547532	0.760968	raw_pairs	P9016	0	0	0	off	NA	/mnt/ssd/zliu/phase3/test_res/040-20260620_010533-p9016_normdir_copytrack_1m/outputs/p9016_pcgamma1_td0p5_normdir0p03_lct0p03_gct0p003/p9016_full.manifest.tsv	/mnt/ssd/zliu/phase3/test_res/040-20260620_010533-p9016_normdir_copytrack_1m/summary.tsv
048-20260620_092323-p9016_callable_anchor_mstep_1m	p9016_callable_negent_t0p05_m0p05_w10_seed17_best035	OK	1	OK	0.353022	0.572754	0.482373	0.552699	0.769506	raw_pairs	P9016	0	0	0	off	NA	/mnt/ssd/zliu/phase3/test_res/048-20260620_092323-p9016_callable_anchor_mstep_1m/outputs/p9016_callable_negent_t0p05_m0p05_w10_seed17_best035/p9016_callable_negent_t0p05_m0p05_w10_seed17_best035/p9016_full.manifest.tsv	/mnt/ssd/zliu/phase3/test_res/048-20260620_092323-p9016_callable_anchor_mstep_1m/summary.tsv
048-20260620_092323-p9016_callable_anchor_mstep_1m	p9016_callable_negent_t0p05_m0p10_w10_seed17_best035	OK	1	OK	0.353015	0.571706	0.481753	0.552616	0.769406	raw_pairs	P9016	0	0	0	off	NA	/mnt/ssd/zliu/phase3/test_res/048-20260620_092323-p9016_callable_anchor_mstep_1m/outputs/p9016_callable_negent_t0p05_m0p10_w10_seed17_best035/p9016_callable_negent_t0p05_m0p10_w10_seed17_best035/p9016_full.manifest.tsv	/mnt/ssd/zliu/phase3/test_res/048-20260620_092323-p9016_callable_anchor_mstep_1m/summary.tsv
035-20260619_143807-p9016_copytrack_entropy_combo_1m	p9016_pcgamma1_td0p5_sep0_lct0p03_gct0p003	OK	1	OK	0.353008	0.572094	0.481979	0.552637	0.769483	raw_pairs	P9016	0	0	0	off	NA	/mnt/ssd/zliu/phase3/test_res/035-20260619_143807-p9016_copytrack_entropy_combo_1m/outputs/p9016_pcgamma1_td0p5_sep0_lct0p03_gct0p003/p9016_full.manifest.tsv	/mnt/ssd/zliu/phase3/test_res/035-20260619_143807-p9016_copytrack_entropy_combo_1m/summary.tsv
037-20260619_230802-p9016_trans_chrpair_mstep_1m	p9016_pcgamma1_td0p5_lct0p03_gct0p003_best035	OK	1	OK	0.353008	0.572342	0.482125	0.55272	0.769536	raw_pairs	P9016	0	0	0	off	NA	/mnt/ssd/zliu/phase3/test_res/037-20260619_230802-p9016_trans_chrpair_mstep_1m/outputs/p9016_pcgamma1_td0p5_lct0p03_gct0p003_best035/p9016_full.manifest.tsv	/mnt/ssd/zliu/phase3/test_res/037-20260619_230802-p9016_trans_chrpair_mstep_1m/summary.tsv
048-20260620_092323-p9016_callable_anchor_mstep_1m	p9016_callable_negent_t0p01_m0p05_w10_seed17_best035	OK	1	OK	0.353008	0.572579	0.482265	0.552637	0.769446	raw_pairs	P9016	0	0	0	off	NA	/mnt/ssd/zliu/phase3/test_res/048-20260620_092323-p9016_callable_anchor_mstep_1m/outputs/p9016_callable_negent_t0p01_m0p05_w10_seed17_best035/p9016_callable_negent_t0p01_m0p05_w10_seed17_best035/p9016_full.manifest.tsv	/mnt/ssd/zliu/phase3/test_res/048-20260620_092323-p9016_callable_anchor_mstep_1m/summary.tsv
048-20260620_092323-p9016_callable_anchor_mstep_1m	p9016_callable_negent_t0p01_m0p10_w10_seed17_best035	OK	1	OK	0.353008	0.572094	0.481979	0.552637	0.769483	raw_pairs	P9016	0	0	0	off	NA	/mnt/ssd/zliu/phase3/test_res/048-20260620_092323-p9016_callable_anchor_mstep_1m/outputs/p9016_callable_negent_t0p01_m0p10_w10_seed17_best035/p9016_callable_negent_t0p01_m0p10_w10_seed17_best035/p9016_full.manifest.tsv	/mnt/ssd/zliu/phase3/test_res/048-20260620_092323-p9016_callable_anchor_mstep_1m/summary.tsv
047-20260620_082138-p9016_init_coord_anchor_1m	p9016_initanchor_off_seed17_noise0_best035	OK	1	OK	0.353001	0.572313	0.482105	0.552755	0.769509	raw_pairs	P9016	0	0	0	off	NA	/mnt/ssd/zliu/phase3/test_res/047-20260620_082138-p9016_init_coord_anchor_1m/outputs/p9016_initanchor_off_seed17_noise0_best035/p9016_initanchor_off_seed17_noise0_best035/p9016_full.manifest.tsv	/mnt/ssd/zliu/phase3/test_res/047-20260620_082138-p9016_init_coord_anchor_1m/summary.tsv
048-20260620_092323-p9016_callable_anchor_mstep_1m	p9016_callable_negent_t0p02_m0p05_w10_seed17_best035	OK	1	OK	0.35298	0.572235	0.48205	0.552623	0.769464	raw_pairs	P9016	0	0	0	off	NA	/mnt/ssd/zliu/phase3/test_res/048-20260620_092323-p9016_callable_anchor_mstep_1m/outputs/p9016_callable_negent_t0p02_m0p05_w10_seed17_best035/p9016_callable_negent_t0p02_m0p05_w10_seed17_best035/p9016_full.manifest.tsv	/mnt/ssd/zliu/phase3/test_res/048-20260620_092323-p9016_callable_anchor_mstep_1m/summary.tsv
040-20260620_010533-p9016_normdir_copytrack_1m	p9016_pcgamma1_td0p5_lct0p03_gct0p003_best035_replay	OK	1	OK	0.352917	0.572298	0.482062	0.552554	0.769497	raw_pairs	P9016	0	0	0	off	NA	/mnt/ssd/zliu/phase3/test_res/040-20260620_010533-p9016_normdir_copytrack_1m/outputs/p9016_pcgamma1_td0p5_lct0p03_gct0p003_best035_replay/p9016_full.manifest.tsv	/mnt/ssd/zliu/phase3/test_res/040-20260620_010533-p9016_normdir_copytrack_1m/summary.tsv
048-20260620_092323-p9016_callable_anchor_mstep_1m	p9016_callable_negent_t0p10_m0p10_w10_seed17_best035	OK	1	OK	0.352917	0.57239	0.482116	0.552713	0.769525	raw_pairs	P9016	0	0	0	off	NA	/mnt/ssd/zliu/phase3/test_res/048-20260620_092323-p9016_callable_anchor_mstep_1m/outputs/p9016_callable_negent_t0p10_m0p10_w10_seed17_best035/p9016_callable_negent_t0p10_m0p10_w10_seed17_best035/p9016_full.manifest.tsv	/mnt/ssd/zliu/phase3/test_res/048-20260620_092323-p9016_callable_anchor_mstep_1m/summary.tsv
036-20260619_212753-p9016_trans_confidence_rho_1m	p9016_pcgamma1_td0p5_lct0p03_gct0p003_best035	OK	1	OK	0.352897	0.57223	0.482013	0.552567	0.769441	raw_pairs	P9016	0	0	0	off	NA	/mnt/ssd/zliu/phase3/test_res/036-20260619_212753-p9016_trans_confidence_rho_1m/outputs/p9016_pcgamma1_td0p5_lct0p03_gct0p003_best035/p9016_full.manifest.tsv	/mnt/ssd/zliu/phase3/test_res/036-20260619_212753-p9016_trans_confidence_rho_1m/summary.tsv
044-20260620_040939-p9016_multiseed_basin_audit_1m	p9016_multiseed_best035_seed17_noise0	OK	1	OK	0.352883	0.572055	0.481905	0.55263	0.769516	raw_pairs	P9016	0	0	0	off	NA	/mnt/ssd/zliu/phase3/test_res/044-20260620_040939-p9016_multiseed_basin_audit_1m/outputs/p9016_multiseed_best035_seed17_noise0/p9016_multiseed_best035_seed17_noise0/p9016_full.manifest.tsv	/mnt/ssd/zliu/phase3/test_res/044-20260620_040939-p9016_multiseed_basin_audit_1m/summary.tsv
043-20260620_031947-p9016_raw_pairs_remaining_ablation_1m	p9016_rawremain_best035_td0p5_lct0p03_gct0p003	OK	1	OK	0.352848	0.572337	0.482056	0.552651	0.769549	raw_pairs	P9016	0	0	0	off	NA	/mnt/ssd/zliu/phase3/test_res/043-20260620_031947-p9016_raw_pairs_remaining_ablation_1m/outputs/p9016_rawremain_best035_td0p5_lct0p03_gct0p003/p9016_rawremain_best035_td0p5_lct0p03_gct0p003/p9016_full.manifest.tsv	/mnt/ssd/zliu/phase3/test_res/043-20260620_031947-p9016_raw_pairs_remaining_ablation_1m/summary.tsv
048-20260620_092323-p9016_callable_anchor_mstep_1m	p9016_callable_anchor_off_seed17_noise0_best035	OK	1	OK	0.352834	0.572181	0.481959	0.552685	0.769483	raw_pairs	P9016	0	0	0	off	NA	/mnt/ssd/zliu/phase3/test_res/048-20260620_092323-p9016_callable_anchor_mstep_1m/outputs/p9016_callable_anchor_off_seed17_noise0_best035/p9016_callable_anchor_off_seed17_noise0_best035/p9016_full.manifest.tsv	/mnt/ssd/zliu/phase3/test_res/048-20260620_092323-p9016_callable_anchor_mstep_1m/summary.tsv
040-20260620_010533-p9016_normdir_copytrack_1m	p9016_pcgamma1_td0p5_normdir0p01_lct0p03_gct0p003	OK	1	OK	0.35282	0.572157	0.481939	0.547469	0.761469	raw_pairs	P9016	0	0	0	off	NA	/mnt/ssd/zliu/phase3/test_res/040-20260620_010533-p9016_normdir_copytrack_1m/outputs/p9016_pcgamma1_td0p5_normdir0p01_lct0p03_gct0p003/p9016_full.manifest.tsv	/mnt/ssd/zliu/phase3/test_res/040-20260620_010533-p9016_normdir_copytrack_1m/summary.tsv
048-20260620_092323-p9016_callable_anchor_mstep_1m	p9016_callable_negent_t0p02_m0p10_w10_seed17_best035	OK	1	OK	0.352772	0.572138	0.481907	0.552484	0.76942	raw_pairs	P9016	0	0	0	off	NA	/mnt/ssd/zliu/phase3/test_res/048-20260620_092323-p9016_callable_anchor_mstep_1m/outputs/p9016_callable_negent_t0p02_m0p10_w10_seed17_best035/p9016_callable_negent_t0p02_m0p10_w10_seed17_best035/p9016_full.manifest.tsv	/mnt/ssd/zliu/phase3/test_res/048-20260620_092323-p9016_callable_anchor_mstep_1m/summary.tsv
042-20260620_022516-p9016_trans_gate_mstep_1m	p9016_transgate_off_best035_td0p5_lct0p03_gct0p003	OK	1	OK	0.352751	0.572114	0.481885	0.552484	0.769473	raw_pairs	P9016	0	0	0	off	NA	/mnt/ssd/zliu/phase3/test_res/042-20260620_022516-p9016_trans_gate_mstep_1m/outputs/p9016_transgate_off_best035_td0p5_lct0p03_gct0p003/p9016_full.manifest.tsv	/mnt/ssd/zliu/phase3/test_res/042-20260620_022516-p9016_trans_gate_mstep_1m/summary.tsv
049-20260620_103248-p9016_trans_dscale_gamma_1m	p9016_transgamma_g1_td0p5_seed17_best035_replay	OK	1	OK	0.352619	0.570929	0.481133	0.55256	0.76939	raw_pairs	P9016	0	0	0	off	NA	/mnt/ssd/zliu/phase3/test_res/049-20260620_103248-p9016_trans_dscale_gamma_1m/outputs/p9016_transgamma_g1_td0p5_seed17_best035_replay/p9016_transgamma_g1_td0p5_seed17_best035_replay/p9016_full.manifest.tsv	/mnt/ssd/zliu/phase3/test_res/049-20260620_103248-p9016_trans_dscale_gamma_1m/summary.tsv
048-20260620_092323-p9016_callable_anchor_mstep_1m	p9016_callable_negent_t0p10_m0p05_w10_seed17_best035	OK	1	OK	0.352584	0.572138	0.48183	0.552672	0.769291	raw_pairs	P9016	0	0	0	off	NA	/mnt/ssd/zliu/phase3/test_res/048-20260620_092323-p9016_callable_anchor_mstep_1m/outputs/p9016_callable_negent_t0p10_m0p05_w10_seed17_best035/p9016_callable_negent_t0p10_m0p05_w10_seed17_best035/p9016_full.manifest.tsv	/mnt/ssd/zliu/phase3/test_res/048-20260620_092323-p9016_callable_anchor_mstep_1m/summary.tsv
047-20260620_082138-p9016_init_coord_anchor_1m	p9016_initanchor_k0p0003_seed17_noise0_best035	OK	1	OK	0.352244	0.570017	0.480442	0.551977	0.767643	raw_pairs	P9016	0	0	0	off	NA	/mnt/ssd/zliu/phase3/test_res/047-20260620_082138-p9016_init_coord_anchor_1m/outputs/p9016_initanchor_k0p0003_seed17_noise0_best035/p9016_initanchor_k0p0003_seed17_noise0_best035/p9016_full.manifest.tsv	/mnt/ssd/zliu/phase3/test_res/047-20260620_082138-p9016_init_coord_anchor_1m/summary.tsv
043-20260620_031947-p9016_raw_pairs_remaining_ablation_1m	p9016_rawremain_chrpair_estep_l0p10_w20_best035	OK	1	OK	0.351938	0.577762	0.484876	0.54822	0.782694	raw_pairs	P9016	0	0	0	off	NA	/mnt/ssd/zliu/phase3/test_res/043-20260620_031947-p9016_raw_pairs_remaining_ablation_1m/outputs/p9016_rawremain_chrpair_estep_l0p10_w20_best035/p9016_rawremain_chrpair_estep_l0p10_w20_best035/p9016_full.manifest.tsv	/mnt/ssd/zliu/phase3/test_res/043-20260620_031947-p9016_raw_pairs_remaining_ablation_1m/summary.tsv
035-20260619_143807-p9016_copytrack_entropy_combo_1m	p9016_pcgamma1_td0p5_entropyfloor0p5_sep0_lct0p01_gct0	OK	1	OK	0.351403	0.568003	0.478911	0.542295	0.763052	raw_pairs	P9016	0	0	0	off	NA	/mnt/ssd/zliu/phase3/test_res/035-20260619_143807-p9016_copytrack_entropy_combo_1m/outputs/p9016_pcgamma1_td0p5_entropyfloor0p5_sep0_lct0p01_gct0/p9016_full.manifest.tsv	/mnt/ssd/zliu/phase3/test_res/035-20260619_143807-p9016_copytrack_entropy_combo_1m/summary.tsv
035-20260619_143807-p9016_copytrack_entropy_combo_1m	p9016_pcgamma1_td0p5_sep0_lct0p01_gct0	OK	1	OK	0.35107	0.568867	0.479282	0.541906	0.762935	raw_pairs	P9016	0	0	0	off	NA	/mnt/ssd/zliu/phase3/test_res/035-20260619_143807-p9016_copytrack_entropy_combo_1m/outputs/p9016_pcgamma1_td0p5_sep0_lct0p01_gct0/p9016_full.manifest.tsv	/mnt/ssd/zliu/phase3/test_res/035-20260619_143807-p9016_copytrack_entropy_combo_1m/summary.tsv
049-20260620_103248-p9016_trans_dscale_gamma_1m	p9016_transgamma_g0p5_td0p75_seed71_best035	OK	1	OK	0.35107	0.56116	0.474745	0.564396	0.780464	raw_pairs	P9016	0	0	0	off	NA	/mnt/ssd/zliu/phase3/test_res/049-20260620_103248-p9016_trans_dscale_gamma_1m/outputs/p9016_transgamma_g0p5_td0p75_seed71_best035/p9016_transgamma_g0p5_td0p75_seed71_best035/p9016_full.manifest.tsv	/mnt/ssd/zliu/phase3/test_res/049-20260620_103248-p9016_trans_dscale_gamma_1m/summary.tsv
035-20260619_143807-p9016_copytrack_entropy_combo_1m	p9016_pcgamma1_td0p5_sep0_lct0_gct0p01	OK	1	OK	0.350959	0.570012	0.479911	0.551588	0.758948	raw_pairs	P9016	0	0	0	off	NA	/mnt/ssd/zliu/phase3/test_res/035-20260619_143807-p9016_copytrack_entropy_combo_1m/outputs/p9016_pcgamma1_td0p5_sep0_lct0_gct0p01/p9016_full.manifest.tsv	/mnt/ssd/zliu/phase3/test_res/035-20260619_143807-p9016_copytrack_entropy_combo_1m/summary.tsv
036-20260619_212753-p9016_trans_confidence_rho_1m	p9016_pcgamma1_td0p5_transfloor0p25_lct0p03_gct0p003	OK	1	OK	0.350924	0.591564	0.492584	0.548977	0.766898	raw_pairs	P9016	0	0	0	off	NA	/mnt/ssd/zliu/phase3/test_res/036-20260619_212753-p9016_trans_confidence_rho_1m/outputs/p9016_pcgamma1_td0p5_transfloor0p25_lct0p03_gct0p003/p9016_full.manifest.tsv	/mnt/ssd/zliu/phase3/test_res/036-20260619_212753-p9016_trans_confidence_rho_1m/summary.tsv
015-20260617_234926-p9016_charm3dg_clean_contacts_1m	p9016_charm3dg20k_1pr_clean_contacts_pcgamma1_ieps0p5_noise0_seed17	OK	0	input_contact_source=charm3dg_derived_pairs;uses_charm_or_reference=1;uses_charm_for_training=1	0.350884	0.468187	0.453938	0.540892	0.40785	charm3dg_derived_pairs	P9016	0	1	1	NA	NA	/mnt/ssd/zliu/phase3/test_res/015-20260617_234926-p9016_charm3dg_clean_contacts_1m/outputs/p9016_charm3dg20k_1pr_clean_contacts_pcgamma1_ieps0p5_noise0_seed17/p9016_full.manifest.tsv	/mnt/ssd/zliu/phase3/test_res/015-20260617_234926-p9016_charm3dg_clean_contacts_1m/summary.tsv
016-20260618_150851-p9016_charm_contacts_condition_sweep_1m	p9016_charm3dg20k_1pr_expected_alias_gamma1_ieps0p5_noise0	OK	0	input_contact_source=charm3dg_derived_pairs;uses_charm_or_reference=1;uses_charm_for_training=1	0.350884	0.468202	0.453951	0.540892	0.407842	charm3dg_derived_pairs	P9016	0	1	1	NA	NA	/mnt/ssd/zliu/phase3/test_res/016-20260618_150851-p9016_charm_contacts_condition_sweep_1m/outputs/1pr/p9016_charm3dg20k_1pr_expected_alias_gamma1_ieps0p5_noise0/p9016_full.manifest.tsv	/mnt/ssd/zliu/phase3/test_res/016-20260618_150851-p9016_charm_contacts_condition_sweep_1m/summary.tsv
016-20260618_150851-p9016_charm_contacts_condition_sweep_1m	p9016_charm3dg20k_1pr_pcgamma1_sep_off_ieps0p5_noise0	OK	0	input_contact_source=charm3dg_derived_pairs;uses_charm_or_reference=1;uses_charm_for_training=1	0.350884	0.468208	0.453956	0.540892	0.407848	charm3dg_derived_pairs	P9016	0	1	1	NA	NA	/mnt/ssd/zliu/phase3/test_res/016-20260618_150851-p9016_charm_contacts_condition_sweep_1m/outputs/1pr/p9016_charm3dg20k_1pr_pcgamma1_sep_off_ieps0p5_noise0/p9016_full.manifest.tsv	/mnt/ssd/zliu/phase3/test_res/016-20260618_150851-p9016_charm_contacts_condition_sweep_1m/summary.tsv
016-20260618_150851-p9016_charm_contacts_condition_sweep_1m	p9016_charm3dg20k_1pr_tempered_pcgamma1_sep_off_ieps0p5_noise0	OK	0	input_contact_source=charm3dg_derived_pairs;uses_charm_or_reference=1;uses_charm_for_training=1	0.350884	0.468213	0.453961	0.540892	0.407846	charm3dg_derived_pairs	P9016	0	1	1	NA	NA	/mnt/ssd/zliu/phase3/test_res/016-20260618_150851-p9016_charm_contacts_condition_sweep_1m/outputs/1pr/p9016_charm3dg20k_1pr_tempered_pcgamma1_sep_off_ieps0p5_noise0/p9016_full.manifest.tsv	/mnt/ssd/zliu/phase3/test_res/016-20260618_150851-p9016_charm_contacts_condition_sweep_1m/summary.tsv
040-20260620_010533-p9016_normdir_copytrack_1m	p9016_pcgamma1_td0p5_normdir0p003_lct0p03_gct0p003	OK	1	OK	0.350111	0.568857	0.478882	0.549303	0.761056	raw_pairs	P9016	0	0	0	off	NA	/mnt/ssd/zliu/phase3/test_res/040-20260620_010533-p9016_normdir_copytrack_1m/outputs/p9016_pcgamma1_td0p5_normdir0p003_lct0p03_gct0p003/p9016_full.manifest.tsv	/mnt/ssd/zliu/phase3/test_res/040-20260620_010533-p9016_normdir_copytrack_1m/summary.tsv
047-20260620_082138-p9016_init_coord_anchor_1m	p9016_initanchor_k0p03_seed17_noise0_best035	OK	1	OK	0.350021	0.568843	0.478836	0.542406	0.769066	raw_pairs	P9016	0	0	0	off	NA	/mnt/ssd/zliu/phase3/test_res/047-20260620_082138-p9016_init_coord_anchor_1m/outputs/p9016_initanchor_k0p03_seed17_noise0_best035/p9016_initanchor_k0p03_seed17_noise0_best035/p9016_full.manifest.tsv	/mnt/ssd/zliu/phase3/test_res/047-20260620_082138-p9016_init_coord_anchor_1m/summary.tsv
035-20260619_143807-p9016_copytrack_entropy_combo_1m	p9016_pcgamma1_td0p5_sep0_lct0p01_gct0p003	OK	1	OK	0.34998	0.565392	0.476788	0.54872	0.757005	raw_pairs	P9016	0	0	0	off	NA	/mnt/ssd/zliu/phase3/test_res/035-20260619_143807-p9016_copytrack_entropy_combo_1m/outputs/p9016_pcgamma1_td0p5_sep0_lct0p01_gct0p003/p9016_full.manifest.tsv	/mnt/ssd/zliu/phase3/test_res/035-20260619_143807-p9016_copytrack_entropy_combo_1m/summary.tsv
035-20260619_143807-p9016_copytrack_entropy_combo_1m	p9016_pcgamma1_td0p5_entropyfloor0p5_sep0_lct0p01_gct0p003	OK	1	OK	0.349931	0.56512	0.476608	0.548553	0.757059	raw_pairs	P9016	0	0	0	off	NA	/mnt/ssd/zliu/phase3/test_res/035-20260619_143807-p9016_copytrack_entropy_combo_1m/outputs/p9016_pcgamma1_td0p5_entropyfloor0p5_sep0_lct0p01_gct0p003/p9016_full.manifest.tsv	/mnt/ssd/zliu/phase3/test_res/035-20260619_143807-p9016_copytrack_entropy_combo_1m/summary.tsv
047-20260620_082138-p9016_init_coord_anchor_1m	p9016_initanchor_k0p01_seed17_noise0_best035	OK	1	OK	0.349417	0.568891	0.478616	0.5411	0.759412	raw_pairs	P9016	0	0	0	off	NA	/mnt/ssd/zliu/phase3/test_res/047-20260620_082138-p9016_init_coord_anchor_1m/outputs/p9016_initanchor_k0p01_seed17_noise0_best035/p9016_initanchor_k0p01_seed17_noise0_best035/p9016_full.manifest.tsv	/mnt/ssd/zliu/phase3/test_res/047-20260620_082138-p9016_init_coord_anchor_1m/summary.tsv
036-20260619_212753-p9016_trans_confidence_rho_1m	p9016_pcgamma1_td0p5_transfloor0p25_sep0	OK	1	OK	0.349146	0.585396	0.488221	0.547685	0.765617	raw_pairs	P9016	0	0	0	off	NA	/mnt/ssd/zliu/phase3/test_res/036-20260619_212753-p9016_trans_confidence_rho_1m/outputs/p9016_pcgamma1_td0p5_transfloor0p25_sep0/p9016_full.manifest.tsv	/mnt/ssd/zliu/phase3/test_res/036-20260619_212753-p9016_trans_confidence_rho_1m/summary.tsv
047-20260620_082138-p9016_init_coord_anchor_1m	p9016_initanchor_k0p001_seed17_noise0_best035	OK	1	OK	0.34909	0.5681	0.478016	0.548546	0.762925	raw_pairs	P9016	0	0	0	off	NA	/mnt/ssd/zliu/phase3/test_res/047-20260620_082138-p9016_init_coord_anchor_1m/outputs/p9016_initanchor_k0p001_seed17_noise0_best035/p9016_initanchor_k0p001_seed17_noise0_best035/p9016_full.manifest.tsv	/mnt/ssd/zliu/phase3/test_res/047-20260620_082138-p9016_init_coord_anchor_1m/summary.tsv
048-20260620_092323-p9016_callable_anchor_mstep_1m	p9016_samecross_m0p50_p1_w10_seed71_best035	OK	1	OK	0.34841	0.573841	0.481116	0.547275	0.782815	raw_pairs	P9016	0	0	0	off	NA	/mnt/ssd/zliu/phase3/test_res/048-20260620_092323-p9016_callable_anchor_mstep_1m/outputs/p9016_samecross_m0p50_p1_w10_seed71_best035/p9016_samecross_m0p50_p1_w10_seed71_best035/p9016_full.manifest.tsv	/mnt/ssd/zliu/phase3/test_res/048-20260620_092323-p9016_callable_anchor_mstep_1m/summary.tsv
047-20260620_082138-p9016_init_coord_anchor_1m	p9016_initanchor_k0p03_seed71_noise0p05_best035	OK	1	OK	0.348174	0.566455	0.476671	0.547664	0.777702	raw_pairs	P9016	0	0	0	off	NA	/mnt/ssd/zliu/phase3/test_res/047-20260620_082138-p9016_init_coord_anchor_1m/outputs/p9016_initanchor_k0p03_seed71_noise0p05_best035/p9016_initanchor_k0p03_seed71_noise0p05_best035/p9016_full.manifest.tsv	/mnt/ssd/zliu/phase3/test_res/047-20260620_082138-p9016_init_coord_anchor_1m/summary.tsv
016-20260618_150851-p9016_charm_contacts_condition_sweep_1m	p9016_charm3dg20k_2pr_pcgamma1_msep1_lsep0p5_ieps0p5_noise0	OK	0	input_contact_source=charm3dg_derived_pairs;uses_charm_or_reference=1;uses_charm_for_training=1	0.347693	0.436589	0.424888	0.521859	0.381628	charm3dg_derived_pairs	P9016	0	1	1	NA	NA	/mnt/ssd/zliu/phase3/test_res/016-20260618_150851-p9016_charm_contacts_condition_sweep_1m/outputs/2pr/p9016_charm3dg20k_2pr_pcgamma1_msep1_lsep0p5_ieps0p5_noise0/p9016_full.manifest.tsv	/mnt/ssd/zliu/phase3/test_res/016-20260618_150851-p9016_charm_contacts_condition_sweep_1m/summary.tsv
035-20260619_143807-p9016_copytrack_entropy_combo_1m	p9016_pcgamma1_td0p5_sep0_lct0p03_gct0	OK	1	OK	0.347465	0.568702	0.477702	0.539267	0.762043	raw_pairs	P9016	0	0	0	off	NA	/mnt/ssd/zliu/phase3/test_res/035-20260619_143807-p9016_copytrack_entropy_combo_1m/outputs/p9016_pcgamma1_td0p5_sep0_lct0p03_gct0/p9016_full.manifest.tsv	/mnt/ssd/zliu/phase3/test_res/035-20260619_143807-p9016_copytrack_entropy_combo_1m/summary.tsv
049-20260620_103248-p9016_trans_dscale_gamma_1m	p9016_transgamma_g0p25_td0p75_seed71_best035	OK	1	OK	0.34668	0.574433	0.480753	0.561423	0.765422	raw_pairs	P9016	0	0	0	off	NA	/mnt/ssd/zliu/phase3/test_res/049-20260620_103248-p9016_trans_dscale_gamma_1m/outputs/p9016_transgamma_g0p25_td0p75_seed71_best035/p9016_transgamma_g0p25_td0p75_seed71_best035/p9016_full.manifest.tsv	/mnt/ssd/zliu/phase3/test_res/049-20260620_103248-p9016_trans_dscale_gamma_1m/summary.tsv
048-20260620_092323-p9016_callable_anchor_mstep_1m	p9016_samecross_m0p50_p1_w10_seed17_best035	OK	1	OK	0.346291	0.567848	0.476717	0.540052	0.772799	raw_pairs	P9016	0	0	0	off	NA	/mnt/ssd/zliu/phase3/test_res/048-20260620_092323-p9016_callable_anchor_mstep_1m/outputs/p9016_samecross_m0p50_p1_w10_seed17_best035/p9016_samecross_m0p50_p1_w10_seed17_best035/p9016_full.manifest.tsv	/mnt/ssd/zliu/phase3/test_res/048-20260620_092323-p9016_callable_anchor_mstep_1m/summary.tsv
036-20260619_212753-p9016_trans_confidence_rho_1m	p9016_pcgamma1_td0p5_transfloor0p5_sep0	OK	1	OK	0.346194	0.571051	0.478562	0.552929	0.800016	raw_pairs	P9016	0	0	0	off	NA	/mnt/ssd/zliu/phase3/test_res/036-20260619_212753-p9016_trans_confidence_rho_1m/outputs/p9016_pcgamma1_td0p5_transfloor0p5_sep0/p9016_full.manifest.tsv	/mnt/ssd/zliu/phase3/test_res/036-20260619_212753-p9016_trans_confidence_rho_1m/summary.tsv
049-20260620_103248-p9016_trans_dscale_gamma_1m	p9016_transgamma_g0_td1_seed71_best035	OK	1	OK	0.34593	0.570439	0.478094	0.547803	0.779605	raw_pairs	P9016	0	0	0	off	NA	/mnt/ssd/zliu/phase3/test_res/049-20260620_103248-p9016_trans_dscale_gamma_1m/outputs/p9016_transgamma_g0_td1_seed71_best035/p9016_transgamma_g0_td1_seed71_best035/p9016_full.manifest.tsv	/mnt/ssd/zliu/phase3/test_res/049-20260620_103248-p9016_trans_dscale_gamma_1m/summary.tsv
032-20260619_122253-p9016_trans_contact_scaling_1m	p9016_pcgamma1_tk1_td0p5_sep0_ieps0p5_noise0_seed17	OK	1	OK	0.345333	0.567358	0.476034	0.539267	0.760296	raw_pairs	P9016	0	0	0	off	NA	/mnt/ssd/zliu/phase3/test_res/032-20260619_122253-p9016_trans_contact_scaling_1m/outputs/p9016_pcgamma1_tk1_td0p5_sep0_ieps0p5_noise0_seed17/p9016_full.manifest.tsv	/mnt/ssd/zliu/phase3/test_res/032-20260619_122253-p9016_trans_contact_scaling_1m/summary.tsv
036-20260619_212753-p9016_trans_confidence_rho_1m	p9016_pcgamma1_td0p5_baseline_sep0_lct0_gct0	OK	1	OK	0.345333	0.567358	0.476034	0.539267	0.760296	raw_pairs	P9016	0	0	0	off	NA	/mnt/ssd/zliu/phase3/test_res/036-20260619_212753-p9016_trans_confidence_rho_1m/outputs/p9016_pcgamma1_td0p5_baseline_sep0_lct0_gct0/p9016_full.manifest.tsv	/mnt/ssd/zliu/phase3/test_res/036-20260619_212753-p9016_trans_confidence_rho_1m/summary.tsv
047-20260620_082138-p9016_init_coord_anchor_1m	p9016_initanchor_k0p003_seed17_noise0_best035	OK	1	OK	0.34502	0.571488	0.478336	0.540517	0.767616	raw_pairs	P9016	0	0	0	off	NA	/mnt/ssd/zliu/phase3/test_res/047-20260620_082138-p9016_init_coord_anchor_1m/outputs/p9016_initanchor_k0p003_seed17_noise0_best035/p9016_initanchor_k0p003_seed17_noise0_best035/p9016_full.manifest.tsv	/mnt/ssd/zliu/phase3/test_res/047-20260620_082138-p9016_init_coord_anchor_1m/summary.tsv
034-20260619_140108-p9016_entropy_rho_temperature_1m	p9016_pcgamma1_rho_entropy_floor0p5_temp1_td0p5_sep0	OK	1	OK	0.344944	0.567333	0.475859	0.538746	0.75923	raw_pairs	P9016	0	0	0	off	NA	/mnt/ssd/zliu/phase3/test_res/034-20260619_140108-p9016_entropy_rho_temperature_1m/outputs/p9016_pcgamma1_rho_entropy_floor0p5_temp1_td0p5_sep0/p9016_full.manifest.tsv	/mnt/ssd/zliu/phase3/test_res/034-20260619_140108-p9016_entropy_rho_temperature_1m/summary.tsv
034-20260619_140108-p9016_entropy_rho_temperature_1m	p9016_pcgamma1_rho_constant_temp1_td0p5_sep0	OK	1	OK	0.344895	0.565979	0.475042	0.539371	0.758404	raw_pairs	P9016	0	0	0	off	NA	/mnt/ssd/zliu/phase3/test_res/034-20260619_140108-p9016_entropy_rho_temperature_1m/outputs/p9016_pcgamma1_rho_constant_temp1_td0p5_sep0/p9016_full.manifest.tsv	/mnt/ssd/zliu/phase3/test_res/034-20260619_140108-p9016_entropy_rho_temperature_1m/summary.tsv
048-20260620_092323-p9016_callable_anchor_mstep_1m	p9016_samecross_m0p25_p1_w10_seed17_best035	OK	1	OK	0.344826	0.57007	0.477422	0.538906	0.766235	raw_pairs	P9016	0	0	0	off	NA	/mnt/ssd/zliu/phase3/test_res/048-20260620_092323-p9016_callable_anchor_mstep_1m/outputs/p9016_samecross_m0p25_p1_w10_seed17_best035/p9016_samecross_m0p25_p1_w10_seed17_best035/p9016_full.manifest.tsv	/mnt/ssd/zliu/phase3/test_res/048-20260620_092323-p9016_callable_anchor_mstep_1m/summary.tsv
035-20260619_143807-p9016_copytrack_entropy_combo_1m	p9016_pcgamma1_td0p5_entropyfloor0p5_sep0_lct0_gct0	OK	1	OK	0.344583	0.566867	0.475437	0.538447	0.759551	raw_pairs	P9016	0	0	0	off	NA	/mnt/ssd/zliu/phase3/test_res/035-20260619_143807-p9016_copytrack_entropy_combo_1m/outputs/p9016_pcgamma1_td0p5_entropyfloor0p5_sep0_lct0_gct0/p9016_full.manifest.tsv	/mnt/ssd/zliu/phase3/test_res/035-20260619_143807-p9016_copytrack_entropy_combo_1m/summary.tsv
037-20260619_230802-p9016_trans_chrpair_mstep_1m	p9016_pcgamma1_td0p5_mstep0_sep0	OK	1	OK	0.344374	0.565892	0.474777	0.538392	0.75945	raw_pairs	P9016	0	0	0	off	NA	/mnt/ssd/zliu/phase3/test_res/037-20260619_230802-p9016_trans_chrpair_mstep_1m/outputs/p9016_pcgamma1_td0p5_mstep0_sep0/p9016_full.manifest.tsv	/mnt/ssd/zliu/phase3/test_res/037-20260619_230802-p9016_trans_chrpair_mstep_1m/summary.tsv
042-20260620_022516-p9016_trans_gate_mstep_1m	p9016_transgate_off_td0p5	OK	1	OK	0.344374	0.565892	0.474777	0.538392	0.75945	raw_pairs	P9016	0	0	0	off	NA	/mnt/ssd/zliu/phase3/test_res/042-20260620_022516-p9016_trans_gate_mstep_1m/outputs/p9016_transgate_off_td0p5/p9016_full.manifest.tsv	/mnt/ssd/zliu/phase3/test_res/042-20260620_022516-p9016_trans_gate_mstep_1m/summary.tsv
034-20260619_140108-p9016_entropy_rho_temperature_1m	p9016_pcgamma1_rho_entropy_floor0p25_temp1_td0p5_sep0	OK	1	OK	0.344312	0.565149	0.474314	0.538683	0.758114	raw_pairs	P9016	0	0	0	off	NA	/mnt/ssd/zliu/phase3/test_res/034-20260619_140108-p9016_entropy_rho_temperature_1m/outputs/p9016_pcgamma1_rho_entropy_floor0p25_temp1_td0p5_sep0/p9016_full.manifest.tsv	/mnt/ssd/zliu/phase3/test_res/034-20260619_140108-p9016_entropy_rho_temperature_1m/summary.tsv
035-20260619_143807-p9016_copytrack_entropy_combo_1m	p9016_pcgamma1_td0p5_best034_sep0_lct0_gct0	OK	1	OK	0.344284	0.565261	0.474368	0.538697	0.757868	raw_pairs	P9016	0	0	0	off	NA	/mnt/ssd/zliu/phase3/test_res/035-20260619_143807-p9016_copytrack_entropy_combo_1m/outputs/p9016_pcgamma1_td0p5_best034_sep0_lct0_gct0/p9016_full.manifest.tsv	/mnt/ssd/zliu/phase3/test_res/035-20260619_143807-p9016_copytrack_entropy_combo_1m/summary.tsv
044-20260620_040939-p9016_multiseed_basin_audit_1m	p9016_multiseed_chrpair_m0p5_p4_w10_seed71_noise0p05	OK	1	OK	0.344284	0.556463	0.469189	0.554616	0.796257	raw_pairs	P9016	0	0	0	off	NA	/mnt/ssd/zliu/phase3/test_res/044-20260620_040939-p9016_multiseed_basin_audit_1m/outputs/p9016_multiseed_chrpair_m0p5_p4_w10_seed71_noise0p05/p9016_multiseed_chrpair_m0p5_p4_w10_seed71_noise0p05/p9016_full.manifest.tsv	/mnt/ssd/zliu/phase3/test_res/044-20260620_040939-p9016_multiseed_basin_audit_1m/summary.tsv
033-20260619_131815-p9016_trans_top1_mstep_1m	p9016_pcgamma1_top1off_td0p5_sep0_ieps0p5_noise0_seed17	OK	1	OK	0.344277	0.565227	0.474345	0.538746	0.757987	raw_pairs	P9016	0	0	0	off	NA	/mnt/ssd/zliu/phase3/test_res/033-20260619_131815-p9016_trans_top1_mstep_1m/outputs/p9016_pcgamma1_top1off_td0p5_sep0_ieps0p5_noise0_seed17/p9016_full.manifest.tsv	/mnt/ssd/zliu/phase3/test_res/033-20260619_131815-p9016_trans_top1_mstep_1m/summary.tsv
034-20260619_140108-p9016_entropy_rho_temperature_1m	p9016_pcgamma1_rho_entropy_floor0p5_temp2to1_td0p5_sep0	OK	1	OK	0.344187	0.524797	0.450508	0.54283	0.55646	raw_pairs	P9016	0	0	0	off	NA	/mnt/ssd/zliu/phase3/test_res/034-20260619_140108-p9016_entropy_rho_temperature_1m/outputs/p9016_pcgamma1_rho_entropy_floor0p5_temp2to1_td0p5_sep0/p9016_full.manifest.tsv	/mnt/ssd/zliu/phase3/test_res/034-20260619_140108-p9016_entropy_rho_temperature_1m/summary.tsv
049-20260620_103248-p9016_trans_dscale_gamma_1m	p9016_transgamma_g1_td0p75_seed71_best035	OK	1	OK	0.343458	0.557268	0.469323	0.543635	0.78117	raw_pairs	P9016	0	0	0	off	NA	/mnt/ssd/zliu/phase3/test_res/049-20260620_103248-p9016_trans_dscale_gamma_1m/outputs/p9016_transgamma_g1_td0p75_seed71_best035/p9016_transgamma_g1_td0p75_seed71_best035/p9016_full.manifest.tsv	/mnt/ssd/zliu/phase3/test_res/049-20260620_103248-p9016_trans_dscale_gamma_1m/summary.tsv
049-20260620_103248-p9016_trans_dscale_gamma_1m	p9016_transgamma_g0_td0p75_seed71_best035	OK	1	OK	0.342735	0.568396	0.475577	0.540538	0.778882	raw_pairs	P9016	0	0	0	off	NA	/mnt/ssd/zliu/phase3/test_res/049-20260620_103248-p9016_trans_dscale_gamma_1m/outputs/p9016_transgamma_g0_td0p75_seed71_best035/p9016_transgamma_g0_td0p75_seed71_best035/p9016_full.manifest.tsv	/mnt/ssd/zliu/phase3/test_res/049-20260620_103248-p9016_trans_dscale_gamma_1m/summary.tsv
035-20260619_143807-p9016_copytrack_entropy_combo_1m	p9016_pcgamma1_td0p5_sep0_lct0_gct0p003	OK	1	OK	0.342673	0.566756	0.474585	0.539572	0.760717	raw_pairs	P9016	0	0	0	off	NA	/mnt/ssd/zliu/phase3/test_res/035-20260619_143807-p9016_copytrack_entropy_combo_1m/outputs/p9016_pcgamma1_td0p5_sep0_lct0_gct0p003/p9016_full.manifest.tsv	/mnt/ssd/zliu/phase3/test_res/035-20260619_143807-p9016_copytrack_entropy_combo_1m/summary.tsv
044-20260620_040939-p9016_multiseed_basin_audit_1m	p9016_multiseed_best035_seed31_noise0p05	OK	1	OK	0.342548	0.559539	0.470286	0.54299	0.725411	raw_pairs	P9016	0	0	0	off	NA	/mnt/ssd/zliu/phase3/test_res/044-20260620_040939-p9016_multiseed_basin_audit_1m/outputs/p9016_multiseed_best035_seed31_noise0p05/p9016_multiseed_best035_seed31_noise0p05/p9016_full.manifest.tsv	/mnt/ssd/zliu/phase3/test_res/044-20260620_040939-p9016_multiseed_basin_audit_1m/summary.tsv
045-20260620_055343-p9016_raw_heldout_selection_1m	p9016_heldout_chrpair_m1_p1_w0_seed23_noise0p05	OK	1	OK	0.34251	0.586062	0.489025	0.535938	0.805144	raw_pairs	P9016	0	0	0	off	NA	/mnt/ssd/zliu/phase3/test_res/045-20260620_055343-p9016_raw_heldout_selection_1m/outputs/p9016_heldout_chrpair_m1_p1_w0_seed23_noise0p05/p9016_heldout_chrpair_m1_p1_w0_seed23_noise0p05/p9016_full.manifest.tsv	/mnt/ssd/zliu/phase3/test_res/045-20260620_055343-p9016_raw_heldout_selection_1m/summary.tsv
035-20260619_143807-p9016_copytrack_entropy_combo_1m	p9016_pcgamma1_td0p5_entropyfloor0p5_sep0_lct0_gct0p003	OK	1	OK	0.342492	0.567018	0.474665	0.539149	0.762797	raw_pairs	P9016	0	0	0	off	NA	/mnt/ssd/zliu/phase3/test_res/035-20260619_143807-p9016_copytrack_entropy_combo_1m/outputs/p9016_pcgamma1_td0p5_entropyfloor0p5_sep0_lct0_gct0p003/p9016_full.manifest.tsv	/mnt/ssd/zliu/phase3/test_res/035-20260619_143807-p9016_copytrack_entropy_combo_1m/summary.tsv
021-20260618_234407-p9016_trans_chr_pair_prior_1m	p9016_pcgamma1_msep1_lsep0p5_copytrack0p03_prior0	OK	1	OK	0.342332	0.569731	0.476197	0.539343	0.797915	raw_pairs	P9016	0	0	0	NA	NA	/mnt/ssd/zliu/phase3/test_res/021-20260618_234407-p9016_trans_chr_pair_prior_1m/outputs/p9016_pcgamma1_msep1_lsep0p5_copytrack0p03_prior0/p9016_full.manifest.tsv	/mnt/ssd/zliu/phase3/test_res/021-20260618_234407-p9016_trans_chr_pair_prior_1m/summary.tsv
022-20260619_004818-p9016_trans_pair_sharpen_warmup_1m	p9016_pcgamma1_msep1_lsep0p5_copytrack0p03_prior0	OK	1	OK	0.342332	0.569731	0.476197	0.539343	0.797915	raw_pairs	P9016	0	0	0	NA	NA	/mnt/ssd/zliu/phase3/test_res/022-20260619_004818-p9016_trans_pair_sharpen_warmup_1m/outputs/p9016_pcgamma1_msep1_lsep0p5_copytrack0p03_prior0/p9016_full.manifest.tsv	/mnt/ssd/zliu/phase3/test_res/022-20260619_004818-p9016_trans_pair_sharpen_warmup_1m/summary.tsv
016-20260618_150851-p9016_charm_contacts_condition_sweep_1m	p9016_charm3dg20k_1pr_pcgamma0p5_msep1_lsep1_ieps0p5_noise0	OK	0	input_contact_source=charm3dg_derived_pairs;uses_charm_or_reference=1;uses_charm_for_training=1	0.341742	0.383402	0.378341	0.481602	0.239246	charm3dg_derived_pairs	P9016	0	1	1	NA	NA	/mnt/ssd/zliu/phase3/test_res/016-20260618_150851-p9016_charm_contacts_condition_sweep_1m/outputs/1pr/p9016_charm3dg20k_1pr_pcgamma0p5_msep1_lsep1_ieps0p5_noise0/p9016_full.manifest.tsv	/mnt/ssd/zliu/phase3/test_res/016-20260618_150851-p9016_charm_contacts_condition_sweep_1m/summary.tsv
045-20260620_055343-p9016_raw_heldout_selection_1m	p9016_heldout_best035_seed31_noise0p05	OK	1	OK	0.341186	0.561044	0.473447	0.540244	0.693584	raw_pairs	P9016	0	0	0	off	NA	/mnt/ssd/zliu/phase3/test_res/045-20260620_055343-p9016_raw_heldout_selection_1m/outputs/p9016_heldout_best035_seed31_noise0p05/p9016_heldout_best035_seed31_noise0p05/p9016_full.manifest.tsv	/mnt/ssd/zliu/phase3/test_res/045-20260620_055343-p9016_raw_heldout_selection_1m/summary.tsv
021-20260618_234407-p9016_trans_chr_pair_prior_1m	p9016_pcgamma1_prior0p5_sep_off	OK	1	OK	0.340971	0.561578	0.470837	0.534558	0.813097	raw_pairs	P9016	0	0	0	NA	NA	/mnt/ssd/zliu/phase3/test_res/021-20260618_234407-p9016_trans_chr_pair_prior_1m/outputs/p9016_pcgamma1_prior0p5_sep_off/p9016_full.manifest.tsv	/mnt/ssd/zliu/phase3/test_res/021-20260618_234407-p9016_trans_chr_pair_prior_1m/summary.tsv
022-20260619_004818-p9016_trans_pair_sharpen_warmup_1m	p9016_pcgamma1_prior0p5_power1_warmup0_sep_off	OK	1	OK	0.340971	0.561578	0.470837	0.534558	0.813097	raw_pairs	P9016	0	0	0	NA	NA	/mnt/ssd/zliu/phase3/test_res/022-20260619_004818-p9016_trans_pair_sharpen_warmup_1m/outputs/p9016_pcgamma1_prior0p5_power1_warmup0_sep_off/p9016_full.manifest.tsv	/mnt/ssd/zliu/phase3/test_res/022-20260619_004818-p9016_trans_pair_sharpen_warmup_1m/summary.tsv
019-20260618_224538-p9016_copytrack_continuity_1m	p9016_pcgamma1_msep1_lsep0p5_copytrack0p03_ieps0p5_noise0_seed17	OK	1	OK	0.340943	0.571172	0.476474	0.54051	0.800932	raw_pairs	P9016	0	0	0	NA	NA	/mnt/ssd/zliu/phase3/test_res/019-20260618_224538-p9016_copytrack_continuity_1m/outputs/p9016_pcgamma1_msep1_lsep0p5_copytrack0p03_ieps0p5_noise0_seed17/p9016_full.manifest.tsv	/mnt/ssd/zliu/phase3/test_res/019-20260618_224538-p9016_copytrack_continuity_1m/summary.tsv
040-20260620_010533-p9016_normdir_copytrack_1m	p9016_pcgamma1_td0p5_normdir0p1_lct0p03_gct0p003	OK	1	OK	0.340943	0.571051	0.476402	0.542198	0.749153	raw_pairs	P9016	0	0	0	off	NA	/mnt/ssd/zliu/phase3/test_res/040-20260620_010533-p9016_normdir_copytrack_1m/outputs/p9016_pcgamma1_td0p5_normdir0p1_lct0p03_gct0p003/p9016_full.manifest.tsv	/mnt/ssd/zliu/phase3/test_res/040-20260620_010533-p9016_normdir_copytrack_1m/summary.tsv
044-20260620_040939-p9016_multiseed_basin_audit_1m	p9016_multiseed_best035_seed17_noise0p05	OK	1	OK	0.340728	0.570818	0.476177	0.53969	0.752456	raw_pairs	P9016	0	0	0	off	NA	/mnt/ssd/zliu/phase3/test_res/044-20260620_040939-p9016_multiseed_basin_audit_1m/outputs/p9016_multiseed_best035_seed17_noise0p05/p9016_multiseed_best035_seed17_noise0p05/p9016_full.manifest.tsv	/mnt/ssd/zliu/phase3/test_res/044-20260620_040939-p9016_multiseed_basin_audit_1m/summary.tsv
034-20260619_140108-p9016_entropy_rho_temperature_1m	p9016_pcgamma1_rho_entropy_floor0p25_temp2to1_td0p5_sep0	OK	1	OK	0.340547	0.526257	0.449871	0.537558	0.566328	raw_pairs	P9016	0	0	0	off	NA	/mnt/ssd/zliu/phase3/test_res/034-20260619_140108-p9016_entropy_rho_temperature_1m/outputs/p9016_pcgamma1_rho_entropy_floor0p25_temp2to1_td0p5_sep0/p9016_full.manifest.tsv	/mnt/ssd/zliu/phase3/test_res/034-20260619_140108-p9016_entropy_rho_temperature_1m/summary.tsv
044-20260620_040939-p9016_multiseed_basin_audit_1m	p9016_multiseed_chrpair_m0p5_p4_w10_seed31_noise0p05	OK	1	OK	0.339978	0.578078	0.480142	0.544393	0.809394	raw_pairs	P9016	0	0	0	off	NA	/mnt/ssd/zliu/phase3/test_res/044-20260620_040939-p9016_multiseed_basin_audit_1m/outputs/p9016_multiseed_chrpair_m0p5_p4_w10_seed31_noise0p05/p9016_multiseed_chrpair_m0p5_p4_w10_seed31_noise0p05/p9016_full.manifest.tsv	/mnt/ssd/zliu/phase3/test_res/044-20260620_040939-p9016_multiseed_basin_audit_1m/summary.tsv
044-20260620_040939-p9016_multiseed_basin_audit_1m	p9016_multiseed_chrpair_m1_p1_w0_seed47_noise0p05	OK	1	OK	0.339749	0.567537	0.473843	0.540878	0.801155	raw_pairs	P9016	0	0	0	off	NA	/mnt/ssd/zliu/phase3/test_res/044-20260620_040939-p9016_multiseed_basin_audit_1m/outputs/p9016_multiseed_chrpair_m1_p1_w0_seed47_noise0p05/p9016_multiseed_chrpair_m1_p1_w0_seed47_noise0p05/p9016_full.manifest.tsv	/mnt/ssd/zliu/phase3/test_res/044-20260620_040939-p9016_multiseed_basin_audit_1m/summary.tsv
019-20260618_224538-p9016_copytrack_continuity_1m	p9016_pcgamma1_msep1_lsep1_copytrack0p03_ieps0p5_noise0_seed17	OK	1	OK	0.339415	0.570803	0.475628	0.53985	0.803514	raw_pairs	P9016	0	0	0	NA	NA	/mnt/ssd/zliu/phase3/test_res/019-20260618_224538-p9016_copytrack_continuity_1m/outputs/p9016_pcgamma1_msep1_lsep1_copytrack0p03_ieps0p5_noise0_seed17/p9016_full.manifest.tsv	/mnt/ssd/zliu/phase3/test_res/019-20260618_224538-p9016_copytrack_continuity_1m/summary.tsv
040-20260620_010533-p9016_normdir_copytrack_1m	p9016_pcgamma1_td0p5_normdir0p03_only	OK	1	OK	0.339311	0.570119	0.475182	0.534391	0.759681	raw_pairs	P9016	0	0	0	off	NA	/mnt/ssd/zliu/phase3/test_res/040-20260620_010533-p9016_normdir_copytrack_1m/outputs/p9016_pcgamma1_td0p5_normdir0p03_only/p9016_full.manifest.tsv	/mnt/ssd/zliu/phase3/test_res/040-20260620_010533-p9016_normdir_copytrack_1m/summary.tsv
040-20260620_010533-p9016_normdir_copytrack_1m	p9016_pcgamma1_td0p5_normdir0p03_msep1_lsep0p5_lct0p03_gct0p003	OK	1	OK	0.339026	0.562325	0.470477	0.537114	0.77229	raw_pairs	P9016	0	0	0	off	NA	/mnt/ssd/zliu/phase3/test_res/040-20260620_010533-p9016_normdir_copytrack_1m/outputs/p9016_pcgamma1_td0p5_normdir0p03_msep1_lsep0p5_lct0p03_gct0p003/p9016_full.manifest.tsv	/mnt/ssd/zliu/phase3/test_res/040-20260620_010533-p9016_normdir_copytrack_1m/summary.tsv
032-20260619_122253-p9016_trans_contact_scaling_1m	p9016_pcgamma1_tk1_td1p25_sep0_ieps0p5_noise0_seed17	OK	1	OK	0.338429	0.561738	0.469886	0.541587	0.796829	raw_pairs	P9016	0	0	0	off	NA	/mnt/ssd/zliu/phase3/test_res/032-20260619_122253-p9016_trans_contact_scaling_1m/outputs/p9016_pcgamma1_tk1_td1p25_sep0_ieps0p5_noise0_seed17/p9016_full.manifest.tsv	/mnt/ssd/zliu/phase3/test_res/032-20260619_122253-p9016_trans_contact_scaling_1m/summary.tsv
019-20260618_224538-p9016_copytrack_continuity_1m	p9016_pcgamma1_msep1_lsep0p5_copytrack0p01_ieps0p5_noise0_seed17	OK	1	OK	0.338012	0.566363	0.472437	0.535544	0.800769	raw_pairs	P9016	0	0	0	NA	NA	/mnt/ssd/zliu/phase3/test_res/019-20260618_224538-p9016_copytrack_continuity_1m/outputs/p9016_pcgamma1_msep1_lsep0p5_copytrack0p01_ieps0p5_noise0_seed17/p9016_full.manifest.tsv	/mnt/ssd/zliu/phase3/test_res/019-20260618_224538-p9016_copytrack_continuity_1m/summary.tsv
044-20260620_040939-p9016_multiseed_basin_audit_1m	p9016_multiseed_chrpair_m1_p1_w0_seed31_noise0p05	OK	1	OK	0.337755	0.584712	0.483133	0.54092	0.819437	raw_pairs	P9016	0	0	0	off	NA	/mnt/ssd/zliu/phase3/test_res/044-20260620_040939-p9016_multiseed_basin_audit_1m/outputs/p9016_multiseed_chrpair_m1_p1_w0_seed31_noise0p05/p9016_multiseed_chrpair_m1_p1_w0_seed31_noise0p05/p9016_full.manifest.tsv	/mnt/ssd/zliu/phase3/test_res/044-20260620_040939-p9016_multiseed_basin_audit_1m/summary.tsv
044-20260620_040939-p9016_multiseed_basin_audit_1m	p9016_multiseed_chrpair_m1_p1_w0_seed71_noise0p05	OK	1	OK	0.337394	0.575938	0.477819	0.541309	0.826292	raw_pairs	P9016	0	0	0	off	NA	/mnt/ssd/zliu/phase3/test_res/044-20260620_040939-p9016_multiseed_basin_audit_1m/outputs/p9016_multiseed_chrpair_m1_p1_w0_seed71_noise0p05/p9016_multiseed_chrpair_m1_p1_w0_seed71_noise0p05/p9016_full.manifest.tsv	/mnt/ssd/zliu/phase3/test_res/044-20260620_040939-p9016_multiseed_basin_audit_1m/summary.tsv
030-20260619_081645-p9016_global_copytrack_1m	p9016_pcgamma1_msep1_lsep1_lct0_gct0p01_ieps0p5_noise0_seed17	OK	1	OK	0.33738	0.571827	0.475394	0.542614	0.79352	raw_pairs	P9016	0	0	0	off	NA	/mnt/ssd/zliu/phase3/test_res/030-20260619_081645-p9016_global_copytrack_1m/outputs/p9016_pcgamma1_msep1_lsep1_lct0_gct0p01_ieps0p5_noise0_seed17/p9016_full.manifest.tsv	/mnt/ssd/zliu/phase3/test_res/030-20260619_081645-p9016_global_copytrack_1m/summary.tsv
037-20260619_230802-p9016_trans_chrpair_mstep_1m	p9016_pcgamma1_td0p5_mstep0p5_p4_w10_sep0	OK	1	OK	0.33729	0.570085	0.474331	0.535843	0.818153	raw_pairs	P9016	0	0	0	off	NA	/mnt/ssd/zliu/phase3/test_res/037-20260619_230802-p9016_trans_chrpair_mstep_1m/outputs/p9016_pcgamma1_td0p5_mstep0p5_p4_w10_sep0/p9016_full.manifest.tsv	/mnt/ssd/zliu/phase3/test_res/037-20260619_230802-p9016_trans_chrpair_mstep_1m/summary.tsv
014-20260617_205632-p9016_p1006_dscale_gamma_sep_1m	p9016_pcgamma1_msep1_lsep0p5_ieps0p5_noise0_seed17	OK	1	OK	0.337082	0.56745	0.472694	0.535988	0.798876	raw_pairs	P9016	0	0	0	NA	NA	/mnt/ssd/zliu/phase3/test_res/014-20260617_205632-p9016_p1006_dscale_gamma_sep_1m/outputs/P9016/p9016_pcgamma1_msep1_lsep0p5_ieps0p5_noise0_seed17/p9016_full.manifest.tsv	/mnt/ssd/zliu/phase3/test_res/014-20260617_205632-p9016_p1006_dscale_gamma_sep_1m/summary.tsv
037-20260619_230802-p9016_trans_chrpair_mstep_1m	p9016_pcgamma1_td0p5_mstep1_p1_w0_sep0	OK	1	OK	0.335693	0.586435	0.483299	0.537169	0.807377	raw_pairs	P9016	0	0	0	off	NA	/mnt/ssd/zliu/phase3/test_res/037-20260619_230802-p9016_trans_chrpair_mstep_1m/outputs/p9016_pcgamma1_td0p5_mstep1_p1_w0_sep0/p9016_full.manifest.tsv	/mnt/ssd/zliu/phase3/test_res/037-20260619_230802-p9016_trans_chrpair_mstep_1m/summary.tsv
045-20260620_055343-p9016_raw_heldout_selection_1m	p9016_heldout_best035_seed97_noise0p05	OK	1	OK	0.335188	0.572064	0.477687	0.533326	0.718532	raw_pairs	P9016	0	0	0	off	NA	/mnt/ssd/zliu/phase3/test_res/045-20260620_055343-p9016_raw_heldout_selection_1m/outputs/p9016_heldout_best035_seed97_noise0p05/p9016_heldout_best035_seed97_noise0p05/p9016_full.manifest.tsv	/mnt/ssd/zliu/phase3/test_res/045-20260620_055343-p9016_raw_heldout_selection_1m/summary.tsv
044-20260620_040939-p9016_multiseed_basin_audit_1m	p9016_multiseed_chrpair_m0p5_p4_w10_seed17_noise0p05	OK	1	OK	0.334769	0.575224	0.476319	0.529154	0.797472	raw_pairs	P9016	0	0	0	off	NA	/mnt/ssd/zliu/phase3/test_res/044-20260620_040939-p9016_multiseed_basin_audit_1m/outputs/p9016_multiseed_chrpair_m0p5_p4_w10_seed17_noise0p05/p9016_multiseed_chrpair_m0p5_p4_w10_seed17_noise0p05/p9016_full.manifest.tsv	/mnt/ssd/zliu/phase3/test_res/044-20260620_040939-p9016_multiseed_basin_audit_1m/summary.tsv
035-20260619_143807-p9016_copytrack_entropy_combo_1m	p9016_pcgamma1_td0p5_entropyfloor0p5_msep1_lsep0p5_lct0p01_gct0p003	OK	1	OK	0.334498	0.567823	0.471851	0.529112	0.766508	raw_pairs	P9016	0	0	0	off	NA	/mnt/ssd/zliu/phase3/test_res/035-20260619_143807-p9016_copytrack_entropy_combo_1m/outputs/p9016_pcgamma1_td0p5_entropyfloor0p5_msep1_lsep0p5_lct0p01_gct0p003/p9016_full.manifest.tsv	/mnt/ssd/zliu/phase3/test_res/035-20260619_143807-p9016_copytrack_entropy_combo_1m/summary.tsv
035-20260619_143807-p9016_copytrack_entropy_combo_1m	p9016_pcgamma1_td0p5_msep1_lsep0p5_lct0p01_gct0p003	OK	1	OK	0.334456	0.568969	0.472508	0.529314	0.768668	raw_pairs	P9016	0	0	0	off	NA	/mnt/ssd/zliu/phase3/test_res/035-20260619_143807-p9016_copytrack_entropy_combo_1m/outputs/p9016_pcgamma1_td0p5_msep1_lsep0p5_lct0p01_gct0p003/p9016_full.manifest.tsv	/mnt/ssd/zliu/phase3/test_res/035-20260619_143807-p9016_copytrack_entropy_combo_1m/summary.tsv
045-20260620_055343-p9016_raw_heldout_selection_1m	p9016_heldout_chrpair_m0p5_p4_w10_seed47_noise0p05	OK	1	OK	0.334239	0.560946	0.470621	0.549891	0.799091	raw_pairs	P9016	0	0	0	off	NA	/mnt/ssd/zliu/phase3/test_res/045-20260620_055343-p9016_raw_heldout_selection_1m/outputs/p9016_heldout_chrpair_m0p5_p4_w10_seed47_noise0p05/p9016_heldout_chrpair_m0p5_p4_w10_seed47_noise0p05/p9016_full.manifest.tsv	/mnt/ssd/zliu/phase3/test_res/045-20260620_055343-p9016_raw_heldout_selection_1m/summary.tsv
029-20260619_061138-p9016_readgroup_joint_marginal_1m	p9016_seg_all_readgroup_joint_pcgamma1_ieps0p5_noise0_seed17	OK	0	input_contact_source=contacts_seg_derived_pairs;readgroup_mode=joint_marginal	0.333725	0.528319	0.465985	0.532047	0.776265	contacts_seg_derived_pairs	P9016	0	0	0	joint_marginal	NA	/mnt/ssd/zliu/phase3/test_res/029-20260619_061138-p9016_readgroup_joint_marginal_1m/outputs/p9016_seg_all_readgroup_joint_pcgamma1_ieps0p5_noise0_seed17/p9016_full.manifest.tsv	/mnt/ssd/zliu/phase3/test_res/029-20260619_061138-p9016_readgroup_joint_marginal_1m/summary.tsv
036-20260619_212753-p9016_trans_confidence_rho_1m	p9016_pcgamma1_td1_transfloor0p5_sep0	OK	1	OK	0.33322	0.573734	0.474805	0.537634	0.792767	raw_pairs	P9016	0	0	0	off	NA	/mnt/ssd/zliu/phase3/test_res/036-20260619_212753-p9016_trans_confidence_rho_1m/outputs/p9016_pcgamma1_td1_transfloor0p5_sep0/p9016_full.manifest.tsv	/mnt/ssd/zliu/phase3/test_res/036-20260619_212753-p9016_trans_confidence_rho_1m/summary.tsv
044-20260620_040939-p9016_multiseed_basin_audit_1m	p9016_multiseed_chrpair_m1_p1_w0_seed83_noise0p05	OK	1	OK	0.333137	0.582732	0.480068	0.550692	0.809694	raw_pairs	P9016	0	0	0	off	NA	/mnt/ssd/zliu/phase3/test_res/044-20260620_040939-p9016_multiseed_basin_audit_1m/outputs/p9016_multiseed_chrpair_m1_p1_w0_seed83_noise0p05/p9016_multiseed_chrpair_m1_p1_w0_seed83_noise0p05/p9016_full.manifest.tsv	/mnt/ssd/zliu/phase3/test_res/044-20260620_040939-p9016_multiseed_basin_audit_1m/summary.tsv
043-20260620_031947-p9016_raw_pairs_remaining_ablation_1m	p9016_rawremain_pmaxmargin_p045_m002_best035	OK	1	OK	0.332866	0.580703	0.478762	0.535718	0.802833	raw_pairs	P9016	0	0	0	off	NA	/mnt/ssd/zliu/phase3/test_res/043-20260620_031947-p9016_raw_pairs_remaining_ablation_1m/outputs/p9016_rawremain_pmaxmargin_p045_m002_best035/p9016_rawremain_pmaxmargin_p045_m002_best035/p9016_full.manifest.tsv	/mnt/ssd/zliu/phase3/test_res/043-20260620_031947-p9016_raw_pairs_remaining_ablation_1m/summary.tsv
030-20260619_081645-p9016_global_copytrack_1m	p9016_pcgamma1_sep0_lct0p01_gct0p003_ieps0p5_noise0_seed17	OK	1	OK	0.332838	0.56761	0.471043	0.534169	0.793358	raw_pairs	P9016	0	0	0	off	NA	/mnt/ssd/zliu/phase3/test_res/030-20260619_081645-p9016_global_copytrack_1m/outputs/p9016_pcgamma1_sep0_lct0p01_gct0p003_ieps0p5_noise0_seed17/p9016_full.manifest.tsv	/mnt/ssd/zliu/phase3/test_res/030-20260619_081645-p9016_global_copytrack_1m/summary.tsv
037-20260619_230802-p9016_trans_chrpair_mstep_1m	p9016_pcgamma1_td0p5_mstep0p5_p1_w0_sep0	OK	1	OK	0.332748	0.580689	0.478705	0.533363	0.802712	raw_pairs	P9016	0	0	0	off	NA	/mnt/ssd/zliu/phase3/test_res/037-20260619_230802-p9016_trans_chrpair_mstep_1m/outputs/p9016_pcgamma1_td0p5_mstep0p5_p1_w0_sep0/p9016_full.manifest.tsv	/mnt/ssd/zliu/phase3/test_res/037-20260619_230802-p9016_trans_chrpair_mstep_1m/summary.tsv
036-20260619_212753-p9016_trans_confidence_rho_1m	p9016_pcgamma1_td0p5_transfloor0p5_lct0p03_gct0p003	OK	1	OK	0.332741	0.568105	0.471294	0.539711	0.785175	raw_pairs	P9016	0	0	0	off	NA	/mnt/ssd/zliu/phase3/test_res/036-20260619_212753-p9016_trans_confidence_rho_1m/outputs/p9016_pcgamma1_td0p5_transfloor0p5_lct0p03_gct0p003/p9016_full.manifest.tsv	/mnt/ssd/zliu/phase3/test_res/036-20260619_212753-p9016_trans_confidence_rho_1m/summary.tsv
042-20260620_022516-p9016_trans_gate_mstep_1m	p9016_transgate_ne0p20_td0p5_no_copytrack	OK	1	OK	0.332449	0.588856	0.48339	0.532224	0.736288	raw_pairs	P9016	0	0	0	off	NA	/mnt/ssd/zliu/phase3/test_res/042-20260620_022516-p9016_trans_gate_mstep_1m/outputs/p9016_transgate_ne0p20_td0p5_no_copytrack/p9016_full.manifest.tsv	/mnt/ssd/zliu/phase3/test_res/042-20260620_022516-p9016_trans_gate_mstep_1m/summary.tsv
049-20260620_103248-p9016_trans_dscale_gamma_1m	p9016_transgamma_g0p25_td1_seed71_best035	OK	1	OK	0.332317	0.559025	0.465775	0.537912	0.771652	raw_pairs	P9016	0	0	0	off	NA	/mnt/ssd/zliu/phase3/test_res/049-20260620_103248-p9016_trans_dscale_gamma_1m/outputs/p9016_transgamma_g0p25_td1_seed71_best035/p9016_transgamma_g0p25_td1_seed71_best035/p9016_full.manifest.tsv	/mnt/ssd/zliu/phase3/test_res/049-20260620_103248-p9016_trans_dscale_gamma_1m/summary.tsv
030-20260619_081645-p9016_global_copytrack_1m	p9016_pcgamma1_sep0_lct0p1_gct0_ieps0p5_noise0_seed17	OK	1	OK	0.332303	0.564659	0.469086	0.532481	0.790981	raw_pairs	P9016	0	0	0	off	NA	/mnt/ssd/zliu/phase3/test_res/030-20260619_081645-p9016_global_copytrack_1m/outputs/p9016_pcgamma1_sep0_lct0p1_gct0_ieps0p5_noise0_seed17/p9016_full.manifest.tsv	/mnt/ssd/zliu/phase3/test_res/030-20260619_081645-p9016_global_copytrack_1m/summary.tsv
042-20260620_022516-p9016_trans_gate_mstep_1m	p9016_transgate_pmax0p5_best035	OK	1	OK	0.332192	0.578811	0.477371	0.530335	0.784239	raw_pairs	P9016	0	0	0	off	NA	/mnt/ssd/zliu/phase3/test_res/042-20260620_022516-p9016_trans_gate_mstep_1m/outputs/p9016_transgate_pmax0p5_best035/p9016_full.manifest.tsv	/mnt/ssd/zliu/phase3/test_res/042-20260620_022516-p9016_trans_gate_mstep_1m/summary.tsv
036-20260619_212753-p9016_trans_confidence_rho_1m	p9016_pcgamma1_td0p5_transfloor0p75_lct0p03_gct0p003	OK	1	OK	0.33197	0.58047	0.478256	0.536718	0.793719	raw_pairs	P9016	0	0	0	off	NA	/mnt/ssd/zliu/phase3/test_res/036-20260619_212753-p9016_trans_confidence_rho_1m/outputs/p9016_pcgamma1_td0p5_transfloor0p75_lct0p03_gct0p003/p9016_full.manifest.tsv	/mnt/ssd/zliu/phase3/test_res/036-20260619_212753-p9016_trans_confidence_rho_1m/summary.tsv
042-20260620_022516-p9016_trans_gate_mstep_1m	p9016_transgate_ne0p20_best035	OK	1	OK	0.331942	0.592258	0.485184	0.540184	0.74861	raw_pairs	P9016	0	0	0	off	NA	/mnt/ssd/zliu/phase3/test_res/042-20260620_022516-p9016_trans_gate_mstep_1m/outputs/p9016_transgate_ne0p20_best035/p9016_full.manifest.tsv	/mnt/ssd/zliu/phase3/test_res/042-20260620_022516-p9016_trans_gate_mstep_1m/summary.tsv
030-20260619_081645-p9016_global_copytrack_1m	p9016_pcgamma1_sep0_lct0p01_gct0_ieps0p5_noise0_seed17	OK	1	OK	0.331838	0.56366	0.468306	0.532488	0.79502	raw_pairs	P9016	0	0	0	off	NA	/mnt/ssd/zliu/phase3/test_res/030-20260619_081645-p9016_global_copytrack_1m/outputs/p9016_pcgamma1_sep0_lct0p01_gct0_ieps0p5_noise0_seed17/p9016_full.manifest.tsv	/mnt/ssd/zliu/phase3/test_res/030-20260619_081645-p9016_global_copytrack_1m/summary.tsv
045-20260620_055343-p9016_raw_heldout_selection_1m	p9016_heldout_chrpair_m1_p1_w0_seed59_noise0p05	OK	1	OK	0.331685	0.581485	0.481959	0.544549	0.805928	raw_pairs	P9016	0	0	0	off	NA	/mnt/ssd/zliu/phase3/test_res/045-20260620_055343-p9016_raw_heldout_selection_1m/outputs/p9016_heldout_chrpair_m1_p1_w0_seed59_noise0p05/p9016_heldout_chrpair_m1_p1_w0_seed59_noise0p05/p9016_full.manifest.tsv	/mnt/ssd/zliu/phase3/test_res/045-20260620_055343-p9016_raw_heldout_selection_1m/summary.tsv
030-20260619_081645-p9016_global_copytrack_1m	p9016_pcgamma1_sep0_lct0p003_gct0p01_ieps0p5_noise0_seed17	OK	1	OK	0.331581	0.570473	0.472211	0.529987	0.794388	raw_pairs	P9016	0	0	0	off	NA	/mnt/ssd/zliu/phase3/test_res/030-20260619_081645-p9016_global_copytrack_1m/outputs/p9016_pcgamma1_sep0_lct0p003_gct0p01_ieps0p5_noise0_seed17/p9016_full.manifest.tsv	/mnt/ssd/zliu/phase3/test_res/030-20260619_081645-p9016_global_copytrack_1m/summary.tsv
016-20260618_150851-p9016_charm_contacts_condition_sweep_1m	p9016_charm3dg20k_2pr_tempered_pcgamma0_sep_off_ieps0p5_noise0	OK	0	input_contact_source=charm3dg_derived_pairs;uses_charm_or_reference=1;uses_charm_for_training=1	0.331568	0.344912	0.343155	0.527291	0.173546	charm3dg_derived_pairs	P9016	0	1	1	NA	NA	/mnt/ssd/zliu/phase3/test_res/016-20260618_150851-p9016_charm_contacts_condition_sweep_1m/outputs/2pr/p9016_charm3dg20k_2pr_tempered_pcgamma0_sep_off_ieps0p5_noise0/p9016_full.manifest.tsv	/mnt/ssd/zliu/phase3/test_res/016-20260618_150851-p9016_charm_contacts_condition_sweep_1m/summary.tsv
030-20260619_081645-p9016_global_copytrack_1m	p9016_pcgamma1_sep0_lct0_gct0p01_ieps0p5_noise0_seed17	OK	1	OK	0.331393	0.57057	0.472191	0.529946	0.794273	raw_pairs	P9016	0	0	0	off	NA	/mnt/ssd/zliu/phase3/test_res/030-20260619_081645-p9016_global_copytrack_1m/outputs/p9016_pcgamma1_sep0_lct0_gct0p01_ieps0p5_noise0_seed17/p9016_full.manifest.tsv	/mnt/ssd/zliu/phase3/test_res/030-20260619_081645-p9016_global_copytrack_1m/summary.tsv
030-20260619_081645-p9016_global_copytrack_1m	p9016_pcgamma1_sep0_lct0p003_gct0p003_ieps0p5_noise0_seed17	OK	1	OK	0.331275	0.569051	0.471249	0.531634	0.799291	raw_pairs	P9016	0	0	0	off	NA	/mnt/ssd/zliu/phase3/test_res/030-20260619_081645-p9016_global_copytrack_1m/outputs/p9016_pcgamma1_sep0_lct0p003_gct0p003_ieps0p5_noise0_seed17/p9016_full.manifest.tsv	/mnt/ssd/zliu/phase3/test_res/030-20260619_081645-p9016_global_copytrack_1m/summary.tsv
016-20260618_150851-p9016_charm_contacts_condition_sweep_1m	p9016_charm3dg20k_1pr_tempered_pcgamma0p5_sep_off_ieps0p5_noise0	OK	0	input_contact_source=charm3dg_derived_pairs;uses_charm_or_reference=1;uses_charm_for_training=1	0.331045	0.360439	0.356869	0.503035	0.216146	charm3dg_derived_pairs	P9016	0	1	1	NA	NA	/mnt/ssd/zliu/phase3/test_res/016-20260618_150851-p9016_charm_contacts_condition_sweep_1m/outputs/1pr/p9016_charm3dg20k_1pr_tempered_pcgamma0p5_sep_off_ieps0p5_noise0/p9016_full.manifest.tsv	/mnt/ssd/zliu/phase3/test_res/016-20260618_150851-p9016_charm_contacts_condition_sweep_1m/summary.tsv
016-20260618_150851-p9016_charm_contacts_condition_sweep_1m	p9016_charm3dg20k_2pr_pcgamma0_sep_off_ieps0p5_noise0	OK	0	input_contact_source=charm3dg_derived_pairs;uses_charm_or_reference=1;uses_charm_for_training=1	0.330994	0.34485	0.343027	0.52665	0.173555	charm3dg_derived_pairs	P9016	0	1	1	NA	NA	/mnt/ssd/zliu/phase3/test_res/016-20260618_150851-p9016_charm_contacts_condition_sweep_1m/outputs/2pr/p9016_charm3dg20k_2pr_pcgamma0_sep_off_ieps0p5_noise0/p9016_full.manifest.tsv	/mnt/ssd/zliu/phase3/test_res/016-20260618_150851-p9016_charm_contacts_condition_sweep_1m/summary.tsv
037-20260619_230802-p9016_trans_chrpair_mstep_1m	p9016_pcgamma1_td0p5_mstep0p25_p4_w10_sep0	OK	1	OK	0.330949	0.568843	0.470991	0.531967	0.794245	raw_pairs	P9016	0	0	0	off	NA	/mnt/ssd/zliu/phase3/test_res/037-20260619_230802-p9016_trans_chrpair_mstep_1m/outputs/p9016_pcgamma1_td0p5_mstep0p25_p4_w10_sep0/p9016_full.manifest.tsv	/mnt/ssd/zliu/phase3/test_res/037-20260619_230802-p9016_trans_chrpair_mstep_1m/summary.tsv
016-20260618_150851-p9016_charm_contacts_condition_sweep_1m	p9016_charm3dg20k_1pr_pcgamma0p5_sep_off_ieps0p5_noise0	OK	0	input_contact_source=charm3dg_derived_pairs;uses_charm_or_reference=1;uses_charm_for_training=1	0.330779	0.360193	0.35662	0.502314	0.216299	charm3dg_derived_pairs	P9016	0	1	1	NA	NA	/mnt/ssd/zliu/phase3/test_res/016-20260618_150851-p9016_charm_contacts_condition_sweep_1m/outputs/1pr/p9016_charm3dg20k_1pr_pcgamma0p5_sep_off_ieps0p5_noise0/p9016_full.manifest.tsv	/mnt/ssd/zliu/phase3/test_res/016-20260618_150851-p9016_charm_contacts_condition_sweep_1m/summary.tsv
036-20260619_212753-p9016_trans_confidence_rho_1m	p9016_pcgamma1_td0p5_transfloor0p5_msep1_lsep0p5_lct0p01_gct0p003	OK	1	OK	0.330574	0.577238	0.475779	0.535905	0.798418	raw_pairs	P9016	0	0	0	off	NA	/mnt/ssd/zliu/phase3/test_res/036-20260619_212753-p9016_trans_confidence_rho_1m/outputs/p9016_pcgamma1_td0p5_transfloor0p5_msep1_lsep0p5_lct0p01_gct0p003/p9016_full.manifest.tsv	/mnt/ssd/zliu/phase3/test_res/036-20260619_212753-p9016_trans_confidence_rho_1m/summary.tsv
049-20260620_103248-p9016_trans_dscale_gamma_1m	p9016_transgamma_g1_td1_seed17_best035	OK	1	OK	0.330435	0.568794	0.470751	0.538565	0.794001	raw_pairs	P9016	0	0	0	off	NA	/mnt/ssd/zliu/phase3/test_res/049-20260620_103248-p9016_trans_dscale_gamma_1m/outputs/p9016_transgamma_g1_td1_seed17_best035/p9016_transgamma_g1_td1_seed17_best035/p9016_full.manifest.tsv	/mnt/ssd/zliu/phase3/test_res/049-20260620_103248-p9016_trans_dscale_gamma_1m/summary.tsv
035-20260619_143807-p9016_copytrack_entropy_combo_1m	p9016_pcgamma1_td0p5_msep1_lsep1_lct0p01_gct0p003	OK	1	OK	0.3304	0.567183	0.469789	0.535974	0.766694	raw_pairs	P9016	0	0	0	off	NA	/mnt/ssd/zliu/phase3/test_res/035-20260619_143807-p9016_copytrack_entropy_combo_1m/outputs/p9016_pcgamma1_td0p5_msep1_lsep1_lct0p01_gct0p003/p9016_full.manifest.tsv	/mnt/ssd/zliu/phase3/test_res/035-20260619_143807-p9016_copytrack_entropy_combo_1m/summary.tsv
037-20260619_230802-p9016_trans_chrpair_mstep_1m	p9016_pcgamma1_td0p5_mstep0p25_p2_w10_lct0p03_gct0p003	OK	1	OK	0.330275	0.573084	0.473211	0.533821	0.781496	raw_pairs	P9016	0	0	0	off	NA	/mnt/ssd/zliu/phase3/test_res/037-20260619_230802-p9016_trans_chrpair_mstep_1m/outputs/p9016_pcgamma1_td0p5_mstep0p25_p2_w10_lct0p03_gct0p003/p9016_full.manifest.tsv	/mnt/ssd/zliu/phase3/test_res/037-20260619_230802-p9016_trans_chrpair_mstep_1m/summary.tsv
030-20260619_081645-p9016_global_copytrack_1m	p9016_pcgamma1_sep0_lct0p01_gct0p01_ieps0p5_noise0_seed17	OK	1	OK	0.330122	0.571337	0.47212	0.528758	0.794973	raw_pairs	P9016	0	0	0	off	NA	/mnt/ssd/zliu/phase3/test_res/030-20260619_081645-p9016_global_copytrack_1m/outputs/p9016_pcgamma1_sep0_lct0p01_gct0p01_ieps0p5_noise0_seed17/p9016_full.manifest.tsv	/mnt/ssd/zliu/phase3/test_res/030-20260619_081645-p9016_global_copytrack_1m/summary.tsv
045-20260620_055343-p9016_raw_heldout_selection_1m	p9016_heldout_chrpair_m0p5_p4_w10_seed59_noise0p05	OK	1	OK	0.330103	0.575207	0.477552	0.53822	0.810218	raw_pairs	P9016	0	0	0	off	NA	/mnt/ssd/zliu/phase3/test_res/045-20260620_055343-p9016_raw_heldout_selection_1m/outputs/p9016_heldout_chrpair_m0p5_p4_w10_seed59_noise0p05/p9016_heldout_chrpair_m0p5_p4_w10_seed59_noise0p05/p9016_full.manifest.tsv	/mnt/ssd/zliu/phase3/test_res/045-20260620_055343-p9016_raw_heldout_selection_1m/summary.tsv
030-20260619_081645-p9016_global_copytrack_1m	p9016_pcgamma1_sep0_lct0p001_gct0_ieps0p5_noise0_seed17	OK	1	OK	0.330032	0.566678	0.46934	0.531092	0.79793	raw_pairs	P9016	0	0	0	off	NA	/mnt/ssd/zliu/phase3/test_res/030-20260619_081645-p9016_global_copytrack_1m/outputs/p9016_pcgamma1_sep0_lct0p001_gct0_ieps0p5_noise0_seed17/p9016_full.manifest.tsv	/mnt/ssd/zliu/phase3/test_res/030-20260619_081645-p9016_global_copytrack_1m/summary.tsv
030-20260619_081645-p9016_global_copytrack_1m	p9016_pcgamma1_sep0_lct0p03_gct0_ieps0p5_noise0_seed17	OK	1	OK	0.330032	0.565033	0.468372	0.536322	0.795811	raw_pairs	P9016	0	0	0	off	NA	/mnt/ssd/zliu/phase3/test_res/030-20260619_081645-p9016_global_copytrack_1m/outputs/p9016_pcgamma1_sep0_lct0p03_gct0_ieps0p5_noise0_seed17/p9016_full.manifest.tsv	/mnt/ssd/zliu/phase3/test_res/030-20260619_081645-p9016_global_copytrack_1m/summary.tsv
045-20260620_055343-p9016_raw_heldout_selection_1m	p9016_heldout_chrpair_m0p5_p4_w10_seed31_noise0p05	OK	1	OK	0.329978	0.589605	0.486164	0.538978	0.757152	raw_pairs	P9016	0	0	0	off	NA	/mnt/ssd/zliu/phase3/test_res/045-20260620_055343-p9016_raw_heldout_selection_1m/outputs/p9016_heldout_chrpair_m0p5_p4_w10_seed31_noise0p05/p9016_heldout_chrpair_m0p5_p4_w10_seed31_noise0p05/p9016_full.manifest.tsv	/mnt/ssd/zliu/phase3/test_res/045-20260620_055343-p9016_raw_heldout_selection_1m/summary.tsv
019-20260618_224538-p9016_copytrack_continuity_1m	p9016_pcgamma1_copytrack0p03_sep_off_ieps0p5_noise0_seed17	OK	1	OK	0.329969	0.566314	0.4691	0.536475	0.79623	raw_pairs	P9016	0	0	0	NA	NA	/mnt/ssd/zliu/phase3/test_res/019-20260618_224538-p9016_copytrack_continuity_1m/outputs/p9016_pcgamma1_copytrack0p03_sep_off_ieps0p5_noise0_seed17/p9016_full.manifest.tsv	/mnt/ssd/zliu/phase3/test_res/019-20260618_224538-p9016_copytrack_continuity_1m/summary.tsv
031-20260619_105814-p9016_confidence_boost_pairs_1m	p9016_pcgamma1_confboost_pmax_margin_top0p005_b2_sep0_ieps0p5_noise0_seed17	OK	0	approved_p9016_pairs_unverified	0.329685	0.570371	0.471371	0.530182	0.808165	raw_pairs	P9016	0	0	0	off	NA	/mnt/ssd/zliu/phase3/test_res/031-20260619_105814-p9016_confidence_boost_pairs_1m/outputs/p9016_pcgamma1_confboost_pmax_margin_top0p005_b2_sep0_ieps0p5_noise0_seed17/p9016_full.manifest.tsv	/mnt/ssd/zliu/phase3/test_res/031-20260619_105814-p9016_confidence_boost_pairs_1m/summary.tsv
016-20260618_150851-p9016_charm_contacts_condition_sweep_1m	p9016_charm3dg20k_2pr_legacy_raw_ieps0p5_noise0_gpu	OK	0	input_contact_source=charm3dg_derived_pairs;uses_charm_or_reference=1;uses_charm_for_training=1	0.329578	0.344728	0.342733	0.526076	0.173686	charm3dg_derived_pairs	P9016	0	1	1	NA	NA	/mnt/ssd/zliu/phase3/test_res/016-20260618_150851-p9016_charm_contacts_condition_sweep_1m/outputs/2pr/p9016_charm3dg20k_2pr_legacy_raw_ieps0p5_noise0_gpu/p9016_full.manifest.tsv	/mnt/ssd/zliu/phase3/test_res/016-20260618_150851-p9016_charm_contacts_condition_sweep_1m/summary.tsv
022-20260619_004818-p9016_trans_pair_sharpen_warmup_1m	p9016_pcgamma1_prior0p35_power4_warmup10_sep_off	OK	1	OK	0.32933	0.553221	0.461129	0.53055	0.821153	raw_pairs	P9016	0	0	0	NA	NA	/mnt/ssd/zliu/phase3/test_res/022-20260619_004818-p9016_trans_pair_sharpen_warmup_1m/outputs/p9016_pcgamma1_prior0p35_power4_warmup10_sep_off/p9016_full.manifest.tsv	/mnt/ssd/zliu/phase3/test_res/022-20260619_004818-p9016_trans_pair_sharpen_warmup_1m/summary.tsv
045-20260620_055343-p9016_raw_heldout_selection_1m	p9016_heldout_chrpair_m1_p1_w0_seed97_noise0p05	OK	1	OK	0.329094	0.582684	0.481648	0.52239	0.819105	raw_pairs	P9016	0	0	0	off	NA	/mnt/ssd/zliu/phase3/test_res/045-20260620_055343-p9016_raw_heldout_selection_1m/outputs/p9016_heldout_chrpair_m1_p1_w0_seed97_noise0p05/p9016_heldout_chrpair_m1_p1_w0_seed97_noise0p05/p9016_full.manifest.tsv	/mnt/ssd/zliu/phase3/test_res/045-20260620_055343-p9016_raw_heldout_selection_1m/summary.tsv
016-20260618_150851-p9016_charm_contacts_condition_sweep_1m	p9016_charm3dg20k_1pr_pcgamma0p25_sep_off_ieps0p5_noise0	OK	0	input_contact_source=charm3dg_derived_pairs;uses_charm_or_reference=1;uses_charm_for_training=1	0.328996	0.34718	0.344971	0.511797	0.194397	charm3dg_derived_pairs	P9016	0	1	1	NA	NA	/mnt/ssd/zliu/phase3/test_res/016-20260618_150851-p9016_charm_contacts_condition_sweep_1m/outputs/1pr/p9016_charm3dg20k_1pr_pcgamma0p25_sep_off_ieps0p5_noise0/p9016_full.manifest.tsv	/mnt/ssd/zliu/phase3/test_res/016-20260618_150851-p9016_charm_contacts_condition_sweep_1m/summary.tsv
016-20260618_150851-p9016_charm_contacts_condition_sweep_1m	p9016_charm3dg20k_1pr_tempered_pcgamma0p25_sep_off_ieps0p5_noise0	OK	0	input_contact_source=charm3dg_derived_pairs;uses_charm_or_reference=1;uses_charm_for_training=1	0.32892	0.34696	0.344768	0.511949	0.194359	charm3dg_derived_pairs	P9016	0	1	1	NA	NA	/mnt/ssd/zliu/phase3/test_res/016-20260618_150851-p9016_charm_contacts_condition_sweep_1m/outputs/1pr/p9016_charm3dg20k_1pr_tempered_pcgamma0p25_sep_off_ieps0p5_noise0/p9016_full.manifest.tsv	/mnt/ssd/zliu/phase3/test_res/016-20260618_150851-p9016_charm_contacts_condition_sweep_1m/summary.tsv
036-20260619_212753-p9016_trans_confidence_rho_1m	p9016_pcgamma1_td0p5_transfloor0p1_sep0	OK	1	OK	0.328914	0.585653	0.480051	0.531877	0.765002	raw_pairs	P9016	0	0	0	off	NA	/mnt/ssd/zliu/phase3/test_res/036-20260619_212753-p9016_trans_confidence_rho_1m/outputs/p9016_pcgamma1_td0p5_transfloor0p1_sep0/p9016_full.manifest.tsv	/mnt/ssd/zliu/phase3/test_res/036-20260619_212753-p9016_trans_confidence_rho_1m/summary.tsv
032-20260619_122253-p9016_trans_contact_scaling_1m	p9016_pcgamma1_tk3_td1_sep0_ieps0p5_noise0_seed17	OK	1	OK	0.328386	0.543932	0.455273	0.529967	0.767364	raw_pairs	P9016	0	0	0	off	NA	/mnt/ssd/zliu/phase3/test_res/032-20260619_122253-p9016_trans_contact_scaling_1m/outputs/p9016_pcgamma1_tk3_td1_sep0_ieps0p5_noise0_seed17/p9016_full.manifest.tsv	/mnt/ssd/zliu/phase3/test_res/032-20260619_122253-p9016_trans_contact_scaling_1m/summary.tsv
019-20260618_224538-p9016_copytrack_continuity_1m	p9016_pcgamma0p5_copytrack0p01_sep_off_ieps0p5_noise0_seed17	OK	1	OK	0.328379	0.542903	0.454664	0.545052	0.723658	raw_pairs	P9016	0	0	0	NA	NA	/mnt/ssd/zliu/phase3/test_res/019-20260618_224538-p9016_copytrack_continuity_1m/outputs/p9016_pcgamma0p5_copytrack0p01_sep_off_ieps0p5_noise0_seed17/p9016_full.manifest.tsv	/mnt/ssd/zliu/phase3/test_res/019-20260618_224538-p9016_copytrack_continuity_1m/summary.tsv
031-20260619_105814-p9016_confidence_boost_pairs_1m	p9016_pcgamma1_confboost_pmax_top0p02_b2_sep0_ieps0p5_noise0_seed17	OK	0	approved_p9016_pairs_unverified	0.32817	0.551949	0.459904	0.541746	0.739462	raw_pairs	P9016	0	0	0	off	NA	/mnt/ssd/zliu/phase3/test_res/031-20260619_105814-p9016_confidence_boost_pairs_1m/outputs/p9016_pcgamma1_confboost_pmax_top0p02_b2_sep0_ieps0p5_noise0_seed17/p9016_full.manifest.tsv	/mnt/ssd/zliu/phase3/test_res/031-20260619_105814-p9016_confidence_boost_pairs_1m/summary.tsv
036-20260619_212753-p9016_trans_confidence_rho_1m	p9016_pcgamma1_td0p5_transentropy_sep0	OK	1	OK	0.328073	0.567896	0.469252	0.526334	0.74236	raw_pairs	P9016	0	0	0	off	NA	/mnt/ssd/zliu/phase3/test_res/036-20260619_212753-p9016_trans_confidence_rho_1m/outputs/p9016_pcgamma1_td0p5_transentropy_sep0/p9016_full.manifest.tsv	/mnt/ssd/zliu/phase3/test_res/036-20260619_212753-p9016_trans_confidence_rho_1m/summary.tsv
030-20260619_081645-p9016_global_copytrack_1m	p9016_pcgamma1_msep1_lsep0p5_lct0p01_gct0p01_ieps0p5_noise0_seed17	OK	1	OK	0.328004	0.574724	0.473243	0.526827	0.793963	raw_pairs	P9016	0	0	0	off	NA	/mnt/ssd/zliu/phase3/test_res/030-20260619_081645-p9016_global_copytrack_1m/outputs/p9016_pcgamma1_msep1_lsep0p5_lct0p01_gct0p01_ieps0p5_noise0_seed17/p9016_full.manifest.tsv	/mnt/ssd/zliu/phase3/test_res/030-20260619_081645-p9016_global_copytrack_1m/summary.tsv
042-20260620_022516-p9016_trans_gate_mstep_1m	p9016_transgate_ne0p20_best035_msep1_lsep0p5	OK	1	OK	0.327754	0.6008	0.48849	0.538774	0.761912	raw_pairs	P9016	0	0	0	off	NA	/mnt/ssd/zliu/phase3/test_res/042-20260620_022516-p9016_trans_gate_mstep_1m/outputs/p9016_transgate_ne0p20_best035_msep1_lsep0p5/p9016_full.manifest.tsv	/mnt/ssd/zliu/phase3/test_res/042-20260620_022516-p9016_trans_gate_mstep_1m/summary.tsv
011-20260617_014152-p9016_regression_copytrack_1m	common_raw_msep1p5_lsep1_ieps1_noise0p05_seed17	OK	1	OK	0.32767	0.54416	0.455113	0.547087	0.825303	raw_pairs	P9016	0	0	0	NA	NA	/mnt/ssd/zliu/phase3/test_res/011-20260617_014152-p9016_regression_copytrack_1m/outputs/common_raw_msep1p5_lsep1_ieps1_noise0p05_seed17/p9016_full.manifest.tsv	/mnt/ssd/zliu/phase3/test_res/011-20260617_014152-p9016_regression_copytrack_1m/summary.tsv
049-20260620_103248-p9016_trans_dscale_gamma_1m	p9016_transgamma_g0p5_td0p75_seed17_best035	OK	1	OK	0.327476	0.563621	0.466489	0.532557	0.783198	raw_pairs	P9016	0	0	0	off	NA	/mnt/ssd/zliu/phase3/test_res/049-20260620_103248-p9016_trans_dscale_gamma_1m/outputs/p9016_transgamma_g0p5_td0p75_seed17_best035/p9016_transgamma_g0p5_td0p75_seed17_best035/p9016_full.manifest.tsv	/mnt/ssd/zliu/phase3/test_res/049-20260620_103248-p9016_trans_dscale_gamma_1m/summary.tsv
030-20260619_081645-p9016_global_copytrack_1m	p9016_pcgamma1_msep1_lsep0p5_lct0_gct0p01_ieps0p5_noise0_seed17	OK	1	OK	0.327434	0.571628	0.471186	0.527765	0.791643	raw_pairs	P9016	0	0	0	off	NA	/mnt/ssd/zliu/phase3/test_res/030-20260619_081645-p9016_global_copytrack_1m/outputs/p9016_pcgamma1_msep1_lsep0p5_lct0_gct0p01_ieps0p5_noise0_seed17/p9016_full.manifest.tsv	/mnt/ssd/zliu/phase3/test_res/030-20260619_081645-p9016_global_copytrack_1m/summary.tsv
031-20260619_105814-p9016_confidence_boost_pairs_1m	p9016_pcgamma1_confboost_pmax_margin_entropy_top0p05_b2_sep0_ieps0p5_noise0_seed17	OK	0	approved_p9016_pairs_unverified	0.327254	0.555599	0.461675	0.537871	0.742854	raw_pairs	P9016	0	0	0	off	NA	/mnt/ssd/zliu/phase3/test_res/031-20260619_105814-p9016_confidence_boost_pairs_1m/outputs/p9016_pcgamma1_confboost_pmax_margin_entropy_top0p05_b2_sep0_ieps0p5_noise0_seed17/p9016_full.manifest.tsv	/mnt/ssd/zliu/phase3/test_res/031-20260619_105814-p9016_confidence_boost_pairs_1m/summary.tsv
030-20260619_081645-p9016_global_copytrack_1m	p9016_pcgamma1_sep0_lct0p003_gct0_ieps0p5_noise0_seed17	OK	1	OK	0.327122	0.567862	0.46884	0.532279	0.798299	raw_pairs	P9016	0	0	0	off	NA	/mnt/ssd/zliu/phase3/test_res/030-20260619_081645-p9016_global_copytrack_1m/outputs/p9016_pcgamma1_sep0_lct0p003_gct0_ieps0p5_noise0_seed17/p9016_full.manifest.tsv	/mnt/ssd/zliu/phase3/test_res/030-20260619_081645-p9016_global_copytrack_1m/summary.tsv
042-20260620_022516-p9016_trans_gate_mstep_1m	p9016_transgate_ne0p20_td1_no_copytrack	OK	1	OK	0.327094	0.580111	0.476039	0.530758	0.770559	raw_pairs	P9016	0	0	0	off	NA	/mnt/ssd/zliu/phase3/test_res/042-20260620_022516-p9016_trans_gate_mstep_1m/outputs/p9016_transgate_ne0p20_td1_no_copytrack/p9016_full.manifest.tsv	/mnt/ssd/zliu/phase3/test_res/042-20260620_022516-p9016_trans_gate_mstep_1m/summary.tsv
042-20260620_022516-p9016_trans_gate_mstep_1m	p9016_transgate_ne0p30_best035	OK	1	OK	0.327038	0.589157	0.481342	0.528862	0.790367	raw_pairs	P9016	0	0	0	off	NA	/mnt/ssd/zliu/phase3/test_res/042-20260620_022516-p9016_trans_gate_mstep_1m/outputs/p9016_transgate_ne0p30_best035/p9016_full.manifest.tsv	/mnt/ssd/zliu/phase3/test_res/042-20260620_022516-p9016_trans_gate_mstep_1m/summary.tsv
045-20260620_055343-p9016_raw_heldout_selection_1m	p9016_heldout_chrpair_m0p5_p4_w10_seed97_noise0p05	OK	1	OK	0.326975	0.595717	0.488644	0.51807	0.80719	raw_pairs	P9016	0	0	0	off	NA	/mnt/ssd/zliu/phase3/test_res/045-20260620_055343-p9016_raw_heldout_selection_1m/outputs/p9016_heldout_chrpair_m0p5_p4_w10_seed97_noise0p05/p9016_heldout_chrpair_m0p5_p4_w10_seed97_noise0p05/p9016_full.manifest.tsv	/mnt/ssd/zliu/phase3/test_res/045-20260620_055343-p9016_raw_heldout_selection_1m/summary.tsv
044-20260620_040939-p9016_multiseed_basin_audit_1m	p9016_multiseed_chrpair_m0p5_p4_w10_seed83_noise0p05	OK	1	OK	0.326865	0.561112	0.464761	0.540788	0.792351	raw_pairs	P9016	0	0	0	off	NA	/mnt/ssd/zliu/phase3/test_res/044-20260620_040939-p9016_multiseed_basin_audit_1m/outputs/p9016_multiseed_chrpair_m0p5_p4_w10_seed83_noise0p05/p9016_multiseed_chrpair_m0p5_p4_w10_seed83_noise0p05/p9016_full.manifest.tsv	/mnt/ssd/zliu/phase3/test_res/044-20260620_040939-p9016_multiseed_basin_audit_1m/summary.tsv
049-20260620_103248-p9016_trans_dscale_gamma_1m	p9016_transgamma_g0p75_td0p75_seed17_best035	OK	1	OK	0.326552	0.565208	0.467043	0.528987	0.779458	raw_pairs	P9016	0	0	0	off	NA	/mnt/ssd/zliu/phase3/test_res/049-20260620_103248-p9016_trans_dscale_gamma_1m/outputs/p9016_transgamma_g0p75_td0p75_seed17_best035/p9016_transgamma_g0p75_td0p75_seed17_best035/p9016_full.manifest.tsv	/mnt/ssd/zliu/phase3/test_res/049-20260620_103248-p9016_trans_dscale_gamma_1m/summary.tsv
019-20260618_224538-p9016_copytrack_continuity_1m	p9016_pcgamma1_copytrack0p1_sep_off_ieps0p5_noise0_seed17	OK	1	OK	0.326365	0.56877	0.469063	0.527577	0.789224	raw_pairs	P9016	0	0	0	NA	NA	/mnt/ssd/zliu/phase3/test_res/019-20260618_224538-p9016_copytrack_continuity_1m/outputs/p9016_pcgamma1_copytrack0p1_sep_off_ieps0p5_noise0_seed17/p9016_full.manifest.tsv	/mnt/ssd/zliu/phase3/test_res/019-20260618_224538-p9016_copytrack_continuity_1m/summary.tsv
032-20260619_122253-p9016_trans_contact_scaling_1m	p9016_pcgamma1_tk2_td0p5_sep0_ieps0p5_noise0_seed17	OK	1	OK	0.325802	0.548377	0.456827	0.526299	0.682825	raw_pairs	P9016	0	0	0	off	NA	/mnt/ssd/zliu/phase3/test_res/032-20260619_122253-p9016_trans_contact_scaling_1m/outputs/p9016_pcgamma1_tk2_td0p5_sep0_ieps0p5_noise0_seed17/p9016_full.manifest.tsv	/mnt/ssd/zliu/phase3/test_res/032-20260619_122253-p9016_trans_contact_scaling_1m/summary.tsv
021-20260618_234407-p9016_trans_chr_pair_prior_1m	p9016_pcgamma1_prior0p25_sep_off	OK	1	OK	0.325795	0.557428	0.462152	0.531835	0.803608	raw_pairs	P9016	0	0	0	NA	NA	/mnt/ssd/zliu/phase3/test_res/021-20260618_234407-p9016_trans_chr_pair_prior_1m/outputs/p9016_pcgamma1_prior0p25_sep_off/p9016_full.manifest.tsv	/mnt/ssd/zliu/phase3/test_res/021-20260618_234407-p9016_trans_chr_pair_prior_1m/summary.tsv
033-20260619_131815-p9016_trans_top1_mstep_1m	p9016_pcgamma1_top1mix0p5_pmax0p30_m0_td1_sep0	OK	1	OK	0.325677	0.554293	0.460258	0.53371	0.785996	raw_pairs	P9016	0	0	0	off	NA	/mnt/ssd/zliu/phase3/test_res/033-20260619_131815-p9016_trans_top1_mstep_1m/outputs/p9016_pcgamma1_top1mix0p5_pmax0p30_m0_td1_sep0/p9016_full.manifest.tsv	/mnt/ssd/zliu/phase3/test_res/033-20260619_131815-p9016_trans_top1_mstep_1m/summary.tsv
044-20260620_040939-p9016_multiseed_basin_audit_1m	p9016_multiseed_chrpair_m1_p1_w0_seed17_noise0p05	OK	1	OK	0.325545	0.577796	0.47404	0.525695	0.823713	raw_pairs	P9016	0	0	0	off	NA	/mnt/ssd/zliu/phase3/test_res/044-20260620_040939-p9016_multiseed_basin_audit_1m/outputs/p9016_multiseed_chrpair_m1_p1_w0_seed17_noise0p05/p9016_multiseed_chrpair_m1_p1_w0_seed17_noise0p05/p9016_full.manifest.tsv	/mnt/ssd/zliu/phase3/test_res/044-20260620_040939-p9016_multiseed_basin_audit_1m/summary.tsv
042-20260620_022516-p9016_trans_gate_mstep_1m	p9016_transgate_pmax0p4_best035	OK	1	OK	0.325517	0.570929	0.469986	0.532147	0.798421	raw_pairs	P9016	0	0	0	off	NA	/mnt/ssd/zliu/phase3/test_res/042-20260620_022516-p9016_trans_gate_mstep_1m/outputs/p9016_transgate_pmax0p4_best035/p9016_full.manifest.tsv	/mnt/ssd/zliu/phase3/test_res/042-20260620_022516-p9016_trans_gate_mstep_1m/summary.tsv
019-20260618_224538-p9016_copytrack_continuity_1m	p9016_pcgamma1_msep1p5_lsep1_copytrack0p01_ieps0p5_noise0_seed17	OK	1	OK	0.325448	0.57355	0.4715	0.530015	0.79733	raw_pairs	P9016	0	0	0	NA	NA	/mnt/ssd/zliu/phase3/test_res/019-20260618_224538-p9016_copytrack_continuity_1m/outputs/p9016_pcgamma1_msep1p5_lsep1_copytrack0p01_ieps0p5_noise0_seed17/p9016_full.manifest.tsv	/mnt/ssd/zliu/phase3/test_res/019-20260618_224538-p9016_copytrack_continuity_1m/summary.tsv
021-20260618_234407-p9016_trans_chr_pair_prior_1m	p9016_pcgamma1_msep1_lsep0p5_copytrack0p03_prior0p5	OK	1	OK	0.325399	0.557496	0.462029	0.519597	0.814805	raw_pairs	P9016	0	0	0	NA	NA	/mnt/ssd/zliu/phase3/test_res/021-20260618_234407-p9016_trans_chr_pair_prior_1m/outputs/p9016_pcgamma1_msep1_lsep0p5_copytrack0p03_prior0p5/p9016_full.manifest.tsv	/mnt/ssd/zliu/phase3/test_res/021-20260618_234407-p9016_trans_chr_pair_prior_1m/summary.tsv
037-20260619_230802-p9016_trans_chrpair_mstep_1m	p9016_pcgamma1_td0p5_mstep0p25_p1_w0_sep0	OK	1	OK	0.325288	0.567028	0.467595	0.522625	0.784669	raw_pairs	P9016	0	0	0	off	NA	/mnt/ssd/zliu/phase3/test_res/037-20260619_230802-p9016_trans_chrpair_mstep_1m/outputs/p9016_pcgamma1_td0p5_mstep0p25_p1_w0_sep0/p9016_full.manifest.tsv	/mnt/ssd/zliu/phase3/test_res/037-20260619_230802-p9016_trans_chrpair_mstep_1m/summary.tsv
014-20260617_205632-p9016_p1006_dscale_gamma_sep_1m	p9016_pcgamma1_msep1_lsep1_ieps0p5_noise0_seed17	OK	1	OK	0.325045	0.567741	0.467915	0.527487	0.794501	raw_pairs	P9016	0	0	0	NA	NA	/mnt/ssd/zliu/phase3/test_res/014-20260617_205632-p9016_p1006_dscale_gamma_sep_1m/outputs/P9016/p9016_pcgamma1_msep1_lsep1_ieps0p5_noise0_seed17/p9016_full.manifest.tsv	/mnt/ssd/zliu/phase3/test_res/014-20260617_205632-p9016_p1006_dscale_gamma_sep_1m/summary.tsv
032-20260619_122253-p9016_trans_contact_scaling_1m	p9016_pcgamma1_tk1_td1_msep1_lsep1_ieps0p5_noise0_seed17	OK	1	OK	0.325045	0.567741	0.467915	0.527487	0.794501	raw_pairs	P9016	0	0	0	off	NA	/mnt/ssd/zliu/phase3/test_res/032-20260619_122253-p9016_trans_contact_scaling_1m/outputs/p9016_pcgamma1_tk1_td1_msep1_lsep1_ieps0p5_noise0_seed17/p9016_full.manifest.tsv	/mnt/ssd/zliu/phase3/test_res/032-20260619_122253-p9016_trans_contact_scaling_1m/summary.tsv
042-20260620_022516-p9016_trans_gate_mstep_1m	p9016_transgate_ne0p30_td0p5_no_copytrack	OK	1	OK	0.325017	0.592443	0.482445	0.522146	0.809395	raw_pairs	P9016	0	0	0	off	NA	/mnt/ssd/zliu/phase3/test_res/042-20260620_022516-p9016_trans_gate_mstep_1m/outputs/p9016_transgate_ne0p30_td0p5_no_copytrack/p9016_full.manifest.tsv	/mnt/ssd/zliu/phase3/test_res/042-20260620_022516-p9016_trans_gate_mstep_1m/summary.tsv
019-20260618_224538-p9016_copytrack_continuity_1m	p9016_pcgamma1_copytrack0p01_sep_off_ieps0p5_noise0_seed17	OK	1	OK	0.324934	0.564101	0.465726	0.526188	0.796511	raw_pairs	P9016	0	0	0	NA	NA	/mnt/ssd/zliu/phase3/test_res/019-20260618_224538-p9016_copytrack_continuity_1m/outputs/p9016_pcgamma1_copytrack0p01_sep_off_ieps0p5_noise0_seed17/p9016_full.manifest.tsv	/mnt/ssd/zliu/phase3/test_res/019-20260618_224538-p9016_copytrack_continuity_1m/summary.tsv
030-20260619_081645-p9016_global_copytrack_1m	p9016_pcgamma1_msep1_lsep1_lct0p01_gct0p01_ieps0p5_noise0_seed17	OK	1	OK	0.324781	0.575147	0.472166	0.52557	0.792007	raw_pairs	P9016	0	0	0	off	NA	/mnt/ssd/zliu/phase3/test_res/030-20260619_081645-p9016_global_copytrack_1m/outputs/p9016_pcgamma1_msep1_lsep1_lct0p01_gct0p01_ieps0p5_noise0_seed17/p9016_full.manifest.tsv	/mnt/ssd/zliu/phase3/test_res/030-20260619_081645-p9016_global_copytrack_1m/summary.tsv
044-20260620_040939-p9016_multiseed_basin_audit_1m	p9016_multiseed_chrpair_m0p5_p4_w10_seed59_noise0p05	OK	1	OK	0.324649	0.575433	0.47228	0.533794	0.785623	raw_pairs	P9016	0	0	0	off	NA	/mnt/ssd/zliu/phase3/test_res/044-20260620_040939-p9016_multiseed_basin_audit_1m/outputs/p9016_multiseed_chrpair_m0p5_p4_w10_seed59_noise0p05/p9016_multiseed_chrpair_m0p5_p4_w10_seed59_noise0p05/p9016_full.manifest.tsv	/mnt/ssd/zliu/phase3/test_res/044-20260620_040939-p9016_multiseed_basin_audit_1m/summary.tsv
022-20260619_004818-p9016_trans_pair_sharpen_warmup_1m	p9016_pcgamma1_prior0p5_power2_warmup10_sep_off	OK	1	OK	0.324538	0.552066	0.458478	0.526626	0.813624	raw_pairs	P9016	0	0	0	NA	NA	/mnt/ssd/zliu/phase3/test_res/022-20260619_004818-p9016_trans_pair_sharpen_warmup_1m/outputs/p9016_pcgamma1_prior0p5_power2_warmup10_sep_off/p9016_full.manifest.tsv	/mnt/ssd/zliu/phase3/test_res/022-20260619_004818-p9016_trans_pair_sharpen_warmup_1m/summary.tsv
049-20260620_103248-p9016_trans_dscale_gamma_1m	p9016_transgamma_g1_td0p75_seed17_best035	OK	1	OK	0.324343	0.558384	0.462118	0.52398	0.779609	raw_pairs	P9016	0	0	0	off	NA	/mnt/ssd/zliu/phase3/test_res/049-20260620_103248-p9016_trans_dscale_gamma_1m/outputs/p9016_transgamma_g1_td0p75_seed17_best035/p9016_transgamma_g1_td0p75_seed17_best035/p9016_full.manifest.tsv	/mnt/ssd/zliu/phase3/test_res/049-20260620_103248-p9016_trans_dscale_gamma_1m/summary.tsv
032-20260619_122253-p9016_trans_contact_scaling_1m	p9016_pcgamma1_tk1p5_td0p75_sep0_ieps0p5_noise0_seed17	OK	1	OK	0.324121	0.564902	0.465863	0.53146	0.771768	raw_pairs	P9016	0	0	0	off	NA	/mnt/ssd/zliu/phase3/test_res/032-20260619_122253-p9016_trans_contact_scaling_1m/outputs/p9016_pcgamma1_tk1p5_td0p75_sep0_ieps0p5_noise0_seed17/p9016_full.manifest.tsv	/mnt/ssd/zliu/phase3/test_res/032-20260619_122253-p9016_trans_contact_scaling_1m/summary.tsv
030-20260619_081645-p9016_global_copytrack_1m	p9016_pcgamma1_sep0_lct0_gct0p003_ieps0p5_noise0_seed17	OK	1	OK	0.323795	0.568687	0.467957	0.522313	0.797256	raw_pairs	P9016	0	0	0	off	NA	/mnt/ssd/zliu/phase3/test_res/030-20260619_081645-p9016_global_copytrack_1m/outputs/p9016_pcgamma1_sep0_lct0_gct0p003_ieps0p5_noise0_seed17/p9016_full.manifest.tsv	/mnt/ssd/zliu/phase3/test_res/030-20260619_081645-p9016_global_copytrack_1m/summary.tsv
049-20260620_103248-p9016_trans_dscale_gamma_1m	p9016_transgamma_g0p25_td0p75_seed17_best035	OK	1	OK	0.323663	0.559059	0.462235	0.531627	0.765965	raw_pairs	P9016	0	0	0	off	NA	/mnt/ssd/zliu/phase3/test_res/049-20260620_103248-p9016_trans_dscale_gamma_1m/outputs/p9016_transgamma_g0p25_td0p75_seed17_best035/p9016_transgamma_g0p25_td0p75_seed17_best035/p9016_full.manifest.tsv	/mnt/ssd/zliu/phase3/test_res/049-20260620_103248-p9016_trans_dscale_gamma_1m/summary.tsv
019-20260618_224538-p9016_copytrack_continuity_1m	p9016_pcgamma1_msep1_lsep1_copytrack0p01_ieps0p5_noise0_seed17	OK	1	OK	0.323593	0.571138	0.469317	0.529119	0.796419	raw_pairs	P9016	0	0	0	NA	NA	/mnt/ssd/zliu/phase3/test_res/019-20260618_224538-p9016_copytrack_continuity_1m/outputs/p9016_pcgamma1_msep1_lsep1_copytrack0p01_ieps0p5_noise0_seed17/p9016_full.manifest.tsv	/mnt/ssd/zliu/phase3/test_res/019-20260618_224538-p9016_copytrack_continuity_1m/summary.tsv
031-20260619_105814-p9016_confidence_boost_pairs_1m	p9016_pcgamma1_approved_msep1_lsep1_ieps0p5_noise0_seed17	OK	1	OK	0.323489	0.568061	0.467463	0.529216	0.79463	raw_pairs	P9016	0	0	0	off	NA	/mnt/ssd/zliu/phase3/test_res/031-20260619_105814-p9016_confidence_boost_pairs_1m/outputs/p9016_pcgamma1_approved_msep1_lsep1_ieps0p5_noise0_seed17/p9016_full.manifest.tsv	/mnt/ssd/zliu/phase3/test_res/031-20260619_105814-p9016_confidence_boost_pairs_1m/summary.tsv
030-20260619_081645-p9016_global_copytrack_1m	p9016_pcgamma1_sep0_lct0p03_gct0p01_ieps0p5_noise0_seed17	OK	1	OK	0.323461	0.571225	0.469314	0.527619	0.791962	raw_pairs	P9016	0	0	0	off	NA	/mnt/ssd/zliu/phase3/test_res/030-20260619_081645-p9016_global_copytrack_1m/outputs/p9016_pcgamma1_sep0_lct0p03_gct0p01_ieps0p5_noise0_seed17/p9016_full.manifest.tsv	/mnt/ssd/zliu/phase3/test_res/030-20260619_081645-p9016_global_copytrack_1m/summary.tsv
031-20260619_105814-p9016_confidence_boost_pairs_1m	p9016_pcgamma1_confboost_pmax_margin_entropy_top0p02_b2_sep0_ieps0p5_noise0_seed17	OK	0	approved_p9016_pairs_unverified	0.322961	0.557283	0.460901	0.534947	0.747853	raw_pairs	P9016	0	0	0	off	NA	/mnt/ssd/zliu/phase3/test_res/031-20260619_105814-p9016_confidence_boost_pairs_1m/outputs/p9016_pcgamma1_confboost_pmax_margin_entropy_top0p02_b2_sep0_ieps0p5_noise0_seed17/p9016_full.manifest.tsv	/mnt/ssd/zliu/phase3/test_res/031-20260619_105814-p9016_confidence_boost_pairs_1m/summary.tsv
045-20260620_055343-p9016_raw_heldout_selection_1m	p9016_heldout_chrpair_m0p5_p4_w10_seed23_noise0p05	OK	1	OK	0.322891	0.56757	0.470084	0.535674	0.795929	raw_pairs	P9016	0	0	0	off	NA	/mnt/ssd/zliu/phase3/test_res/045-20260620_055343-p9016_raw_heldout_selection_1m/outputs/p9016_heldout_chrpair_m0p5_p4_w10_seed23_noise0p05/p9016_heldout_chrpair_m0p5_p4_w10_seed23_noise0p05/p9016_full.manifest.tsv	/mnt/ssd/zliu/phase3/test_res/045-20260620_055343-p9016_raw_heldout_selection_1m/summary.tsv
014-20260617_205632-p9016_p1006_dscale_gamma_sep_1m	p9016_pcgamma1_msep1p5_lsep1_ieps0p5_noise0_seed17	OK	1	OK	0.322774	0.572123	0.46956	0.530029	0.796762	raw_pairs	P9016	0	0	0	NA	NA	/mnt/ssd/zliu/phase3/test_res/014-20260617_205632-p9016_p1006_dscale_gamma_sep_1m/outputs/P9016/p9016_pcgamma1_msep1p5_lsep1_ieps0p5_noise0_seed17/p9016_full.manifest.tsv	/mnt/ssd/zliu/phase3/test_res/014-20260617_205632-p9016_p1006_dscale_gamma_sep_1m/summary.tsv
034-20260619_140108-p9016_entropy_rho_temperature_1m	p9016_pcgamma1_rho_entropy_floor0p5_temp2to1_td1_sep0	OK	1	OK	0.322774	0.518536	0.438015	0.520361	0.590908	raw_pairs	P9016	0	0	0	off	NA	/mnt/ssd/zliu/phase3/test_res/034-20260619_140108-p9016_entropy_rho_temperature_1m/outputs/p9016_pcgamma1_rho_entropy_floor0p5_temp2to1_td1_sep0/p9016_full.manifest.tsv	/mnt/ssd/zliu/phase3/test_res/034-20260619_140108-p9016_entropy_rho_temperature_1m/summary.tsv
034-20260619_140108-p9016_entropy_rho_temperature_1m	p9016_pcgamma1_rho_entropy_temp2to1_td1_sep0	OK	1	OK	0.322718	0.518667	0.438069	0.520278	0.590851	raw_pairs	P9016	0	0	0	off	NA	/mnt/ssd/zliu/phase3/test_res/034-20260619_140108-p9016_entropy_rho_temperature_1m/outputs/p9016_pcgamma1_rho_entropy_temp2to1_td1_sep0/p9016_full.manifest.tsv	/mnt/ssd/zliu/phase3/test_res/034-20260619_140108-p9016_entropy_rho_temperature_1m/summary.tsv
034-20260619_140108-p9016_entropy_rho_temperature_1m	p9016_pcgamma1_rho_entropy_cis_floor_trans0p5_temp1_td1_sep0	OK	1	OK	0.322683	0.569541	0.468003	0.518729	0.800553	raw_pairs	P9016	0	0	0	off	NA	/mnt/ssd/zliu/phase3/test_res/034-20260619_140108-p9016_entropy_rho_temperature_1m/outputs/p9016_pcgamma1_rho_entropy_cis_floor_trans0p5_temp1_td1_sep0/p9016_full.manifest.tsv	/mnt/ssd/zliu/phase3/test_res/034-20260619_140108-p9016_entropy_rho_temperature_1m/summary.tsv
033-20260619_131815-p9016_trans_top1_mstep_1m	p9016_pcgamma1_top1off_td1_sep0_ieps0p5_noise0_seed17	OK	1	OK	0.32267	0.569648	0.46806	0.518708	0.800789	raw_pairs	P9016	0	0	0	off	NA	/mnt/ssd/zliu/phase3/test_res/033-20260619_131815-p9016_trans_top1_mstep_1m/outputs/p9016_pcgamma1_top1off_td1_sep0_ieps0p5_noise0_seed17/p9016_full.manifest.tsv	/mnt/ssd/zliu/phase3/test_res/033-20260619_131815-p9016_trans_top1_mstep_1m/summary.tsv
034-20260619_140108-p9016_entropy_rho_temperature_1m	p9016_pcgamma1_rho_entropy_floor0p5_temp1_td1_sep0	OK	1	OK	0.322656	0.56878	0.467543	0.519076	0.800904	raw_pairs	P9016	0	0	0	off	NA	/mnt/ssd/zliu/phase3/test_res/034-20260619_140108-p9016_entropy_rho_temperature_1m/outputs/p9016_pcgamma1_rho_entropy_floor0p5_temp1_td1_sep0/p9016_full.manifest.tsv	/mnt/ssd/zliu/phase3/test_res/034-20260619_140108-p9016_entropy_rho_temperature_1m/summary.tsv
034-20260619_140108-p9016_entropy_rho_temperature_1m	p9016_pcgamma1_rho_entropy_cis_floor_trans0p25_temp1_td1_sep0	OK	1	OK	0.3226	0.569328	0.467843	0.518708	0.800545	raw_pairs	P9016	0	0	0	off	NA	/mnt/ssd/zliu/phase3/test_res/034-20260619_140108-p9016_entropy_rho_temperature_1m/outputs/p9016_pcgamma1_rho_entropy_cis_floor_trans0p25_temp1_td1_sep0/p9016_full.manifest.tsv	/mnt/ssd/zliu/phase3/test_res/034-20260619_140108-p9016_entropy_rho_temperature_1m/summary.tsv
049-20260620_103248-p9016_trans_dscale_gamma_1m	p9016_transgamma_g0_td0p75_seed17_best035	OK	1	OK	0.32244	0.561757	0.463321	0.529341	0.763758	raw_pairs	P9016	0	0	0	off	NA	/mnt/ssd/zliu/phase3/test_res/049-20260620_103248-p9016_trans_dscale_gamma_1m/outputs/p9016_transgamma_g0_td0p75_seed17_best035/p9016_transgamma_g0_td0p75_seed17_best035/p9016_full.manifest.tsv	/mnt/ssd/zliu/phase3/test_res/049-20260620_103248-p9016_trans_dscale_gamma_1m/summary.tsv
037-20260619_230802-p9016_trans_chrpair_mstep_1m	p9016_pcgamma1_td0p5_mstep0p5_p2_w10_lct0p03_gct0p003	OK	1	OK	0.322426	0.565926	0.465769	0.522063	0.797939	raw_pairs	P9016	0	0	0	off	NA	/mnt/ssd/zliu/phase3/test_res/037-20260619_230802-p9016_trans_chrpair_mstep_1m/outputs/p9016_pcgamma1_td0p5_mstep0p5_p2_w10_lct0p03_gct0p003/p9016_full.manifest.tsv	/mnt/ssd/zliu/phase3/test_res/037-20260619_230802-p9016_trans_chrpair_mstep_1m/summary.tsv
037-20260619_230802-p9016_trans_chrpair_mstep_1m	p9016_pcgamma1_td0p5_mstep0p5_p2_w10_sep0	OK	1	OK	0.322336	0.565717	0.465609	0.520882	0.804731	raw_pairs	P9016	0	0	0	off	NA	/mnt/ssd/zliu/phase3/test_res/037-20260619_230802-p9016_trans_chrpair_mstep_1m/outputs/p9016_pcgamma1_td0p5_mstep0p5_p2_w10_sep0/p9016_full.manifest.tsv	/mnt/ssd/zliu/phase3/test_res/037-20260619_230802-p9016_trans_chrpair_mstep_1m/summary.tsv
032-20260619_122253-p9016_trans_contact_scaling_1m	p9016_pcgamma1_tk1_td0p75_sep0_ieps0p5_noise0_seed17	OK	1	OK	0.322156	0.561141	0.462841	0.514645	0.783085	raw_pairs	P9016	0	0	0	off	NA	/mnt/ssd/zliu/phase3/test_res/032-20260619_122253-p9016_trans_contact_scaling_1m/outputs/p9016_pcgamma1_tk1_td0p75_sep0_ieps0p5_noise0_seed17/p9016_full.manifest.tsv	/mnt/ssd/zliu/phase3/test_res/032-20260619_122253-p9016_trans_contact_scaling_1m/summary.tsv
034-20260619_140108-p9016_entropy_rho_temperature_1m	p9016_pcgamma1_rho_entropy_floor0p25_temp2to1_td1_sep0	OK	1	OK	0.322086	0.517473	0.437106	0.519694	0.59082	raw_pairs	P9016	0	0	0	off	NA	/mnt/ssd/zliu/phase3/test_res/034-20260619_140108-p9016_entropy_rho_temperature_1m/outputs/p9016_pcgamma1_rho_entropy_floor0p25_temp2to1_td1_sep0/p9016_full.manifest.tsv	/mnt/ssd/zliu/phase3/test_res/034-20260619_140108-p9016_entropy_rho_temperature_1m/summary.tsv
045-20260620_055343-p9016_raw_heldout_selection_1m	p9016_heldout_best035_seed17_noise0	OK	1	OK	0.321963	0.546646	0.457128	0.544247	0.693877	raw_pairs	P9016	0	0	0	off	NA	/mnt/ssd/zliu/phase3/test_res/045-20260620_055343-p9016_raw_heldout_selection_1m/outputs/p9016_heldout_best035_seed17_noise0/p9016_heldout_best035_seed17_noise0/p9016_full.manifest.tsv	/mnt/ssd/zliu/phase3/test_res/045-20260620_055343-p9016_raw_heldout_selection_1m/summary.tsv
037-20260619_230802-p9016_trans_chrpair_mstep_1m	p9016_pcgamma1_td0p5_mstep0p75_p1_w0_sep0	OK	1	OK	0.321739	0.579209	0.473305	0.522049	0.81151	raw_pairs	P9016	0	0	0	off	NA	/mnt/ssd/zliu/phase3/test_res/037-20260619_230802-p9016_trans_chrpair_mstep_1m/outputs/p9016_pcgamma1_td0p5_mstep0p75_p1_w0_sep0/p9016_full.manifest.tsv	/mnt/ssd/zliu/phase3/test_res/037-20260619_230802-p9016_trans_chrpair_mstep_1m/summary.tsv
033-20260619_131815-p9016_trans_top1_mstep_1m	p9016_pcgamma1_top1mix0p5_pmax0p35_m0p02_td0p5_sep0	OK	1	OK	0.32169	0.557817	0.460692	0.529203	0.771866	raw_pairs	P9016	0	0	0	off	NA	/mnt/ssd/zliu/phase3/test_res/033-20260619_131815-p9016_trans_top1_mstep_1m/outputs/p9016_pcgamma1_top1mix0p5_pmax0p35_m0p02_td0p5_sep0/p9016_full.manifest.tsv	/mnt/ssd/zliu/phase3/test_res/033-20260619_131815-p9016_trans_top1_mstep_1m/summary.tsv
030-20260619_081645-p9016_global_copytrack_1m	p9016_pcgamma1_msep1_lsep0p5_lct0p03_gct0p01_ieps0p5_noise0_seed17	OK	1	OK	0.321551	0.572196	0.4691	0.522834	0.791861	raw_pairs	P9016	0	0	0	off	NA	/mnt/ssd/zliu/phase3/test_res/030-20260619_081645-p9016_global_copytrack_1m/outputs/p9016_pcgamma1_msep1_lsep0p5_lct0p03_gct0p01_ieps0p5_noise0_seed17/p9016_full.manifest.tsv	/mnt/ssd/zliu/phase3/test_res/030-20260619_081645-p9016_global_copytrack_1m/summary.tsv
031-20260619_105814-p9016_confidence_boost_pairs_1m	p9016_pcgamma1_confboost_pmax_margin_top0p02_b2_sep0_ieps0p5_noise0_seed17	OK	0	approved_p9016_pairs_unverified	0.321496	0.562403	0.463312	0.525945	0.781876	raw_pairs	P9016	0	0	0	off	NA	/mnt/ssd/zliu/phase3/test_res/031-20260619_105814-p9016_confidence_boost_pairs_1m/outputs/p9016_pcgamma1_confboost_pmax_margin_top0p02_b2_sep0_ieps0p5_noise0_seed17/p9016_full.manifest.tsv	/mnt/ssd/zliu/phase3/test_res/031-20260619_105814-p9016_confidence_boost_pairs_1m/summary.tsv
036-20260619_212753-p9016_trans_confidence_rho_1m	p9016_pcgamma1_td1_transfloor0p25_sep0	OK	1	OK	0.321128	0.57785	0.472254	0.528834	0.789651	raw_pairs	P9016	0	0	0	off	NA	/mnt/ssd/zliu/phase3/test_res/036-20260619_212753-p9016_trans_confidence_rho_1m/outputs/p9016_pcgamma1_td1_transfloor0p25_sep0/p9016_full.manifest.tsv	/mnt/ssd/zliu/phase3/test_res/036-20260619_212753-p9016_trans_confidence_rho_1m/summary.tsv
033-20260619_131815-p9016_trans_top1_mstep_1m	p9016_pcgamma1_top1mix0p5_pmax0p35_m0p02_td1_sep0	OK	1	OK	0.320878	0.553944	0.458078	0.522965	0.802735	raw_pairs	P9016	0	0	0	off	NA	/mnt/ssd/zliu/phase3/test_res/033-20260619_131815-p9016_trans_top1_mstep_1m/outputs/p9016_pcgamma1_top1mix0p5_pmax0p35_m0p02_td1_sep0/p9016_full.manifest.tsv	/mnt/ssd/zliu/phase3/test_res/033-20260619_131815-p9016_trans_top1_mstep_1m/summary.tsv
045-20260620_055343-p9016_raw_heldout_selection_1m	p9016_heldout_chrpair_m0p5_p4_w10_seed83_noise0p05	OK	1	OK	0.320874	0.564489	0.467428	0.536218	0.737694	raw_pairs	P9016	0	0	0	off	NA	/mnt/ssd/zliu/phase3/test_res/045-20260620_055343-p9016_raw_heldout_selection_1m/outputs/p9016_heldout_chrpair_m0p5_p4_w10_seed83_noise0p05/p9016_heldout_chrpair_m0p5_p4_w10_seed83_noise0p05/p9016_full.manifest.tsv	/mnt/ssd/zliu/phase3/test_res/045-20260620_055343-p9016_raw_heldout_selection_1m/summary.tsv
030-20260619_081645-p9016_global_copytrack_1m	p9016_pcgamma1_msep1_lsep1_lct0p03_gct0p01_ieps0p5_noise0_seed17	OK	1	OK	0.320489	0.571007	0.467963	0.521528	0.788995	raw_pairs	P9016	0	0	0	off	NA	/mnt/ssd/zliu/phase3/test_res/030-20260619_081645-p9016_global_copytrack_1m/outputs/p9016_pcgamma1_msep1_lsep1_lct0p03_gct0p01_ieps0p5_noise0_seed17/p9016_full.manifest.tsv	/mnt/ssd/zliu/phase3/test_res/030-20260619_081645-p9016_global_copytrack_1m/summary.tsv
032-20260619_122253-p9016_trans_contact_scaling_1m	p9016_pcgamma1_tk2_td0p75_sep0_ieps0p5_noise0_seed17	OK	1	OK	0.320239	0.537943	0.448396	0.53105	0.756175	raw_pairs	P9016	0	0	0	off	NA	/mnt/ssd/zliu/phase3/test_res/032-20260619_122253-p9016_trans_contact_scaling_1m/outputs/p9016_pcgamma1_tk2_td0p75_sep0_ieps0p5_noise0_seed17/p9016_full.manifest.tsv	/mnt/ssd/zliu/phase3/test_res/032-20260619_122253-p9016_trans_contact_scaling_1m/summary.tsv
031-20260619_105814-p9016_confidence_boost_pairs_1m	p9016_pcgamma1_confboost_pmax_top0p05_b5_sep0_ieps0p5_noise0_seed17	OK	0	approved_p9016_pairs_unverified	0.320232	0.54564	0.452925	0.521312	0.755212	raw_pairs	P9016	0	0	0	off	NA	/mnt/ssd/zliu/phase3/test_res/031-20260619_105814-p9016_confidence_boost_pairs_1m/outputs/p9016_pcgamma1_confboost_pmax_top0p05_b5_sep0_ieps0p5_noise0_seed17/p9016_full.manifest.tsv	/mnt/ssd/zliu/phase3/test_res/031-20260619_105814-p9016_confidence_boost_pairs_1m/summary.tsv
030-20260619_081645-p9016_global_copytrack_1m	p9016_pcgamma1_sep0_lct0_gct0p03_ieps0p5_noise0_seed17	OK	1	OK	0.320114	0.559748	0.461181	0.525278	0.781911	raw_pairs	P9016	0	0	0	off	NA	/mnt/ssd/zliu/phase3/test_res/030-20260619_081645-p9016_global_copytrack_1m/outputs/p9016_pcgamma1_sep0_lct0_gct0p03_ieps0p5_noise0_seed17/p9016_full.manifest.tsv	/mnt/ssd/zliu/phase3/test_res/030-20260619_081645-p9016_global_copytrack_1m/summary.tsv
044-20260620_040939-p9016_multiseed_basin_audit_1m	p9016_multiseed_chrpair_m0p5_p4_w10_seed23_noise0p05	OK	1	OK	0.319954	0.556768	0.459361	0.538919	0.775214	raw_pairs	P9016	0	0	0	off	NA	/mnt/ssd/zliu/phase3/test_res/044-20260620_040939-p9016_multiseed_basin_audit_1m/outputs/p9016_multiseed_chrpair_m0p5_p4_w10_seed23_noise0p05/p9016_multiseed_chrpair_m0p5_p4_w10_seed23_noise0p05/p9016_full.manifest.tsv	/mnt/ssd/zliu/phase3/test_res/044-20260620_040939-p9016_multiseed_basin_audit_1m/summary.tsv
032-20260619_122253-p9016_trans_contact_scaling_1m	p9016_pcgamma1_tk1_td0p9_sep0_ieps0p5_noise0_seed17	OK	1	OK	0.319933	0.569143	0.466638	0.53328	0.792774	raw_pairs	P9016	0	0	0	off	NA	/mnt/ssd/zliu/phase3/test_res/032-20260619_122253-p9016_trans_contact_scaling_1m/outputs/p9016_pcgamma1_tk1_td0p9_sep0_ieps0p5_noise0_seed17/p9016_full.manifest.tsv	/mnt/ssd/zliu/phase3/test_res/032-20260619_122253-p9016_trans_contact_scaling_1m/summary.tsv
042-20260620_022516-p9016_trans_gate_mstep_1m	p9016_transgate_ne0p30_td1_no_copytrack	OK	1	OK	0.319648	0.571589	0.46796	0.528425	0.773537	raw_pairs	P9016	0	0	0	off	NA	/mnt/ssd/zliu/phase3/test_res/042-20260620_022516-p9016_trans_gate_mstep_1m/outputs/p9016_transgate_ne0p30_td1_no_copytrack/p9016_full.manifest.tsv	/mnt/ssd/zliu/phase3/test_res/042-20260620_022516-p9016_trans_gate_mstep_1m/summary.tsv
032-20260619_122253-p9016_trans_contact_scaling_1m	p9016_pcgamma1_tk2_td1_sep0_ieps0p5_noise0_seed17	OK	1	OK	0.3196	0.551983	0.456399	0.517048	0.776025	raw_pairs	P9016	0	0	0	off	NA	/mnt/ssd/zliu/phase3/test_res/032-20260619_122253-p9016_trans_contact_scaling_1m/outputs/p9016_pcgamma1_tk2_td1_sep0_ieps0p5_noise0_seed17/p9016_full.manifest.tsv	/mnt/ssd/zliu/phase3/test_res/032-20260619_122253-p9016_trans_contact_scaling_1m/summary.tsv
019-20260618_224538-p9016_copytrack_continuity_1m	p9016_pcgamma1_copytrack0p003_sep_off_ieps0p5_noise0_seed17	OK	1	OK	0.319544	0.565538	0.464355	0.526591	0.796921	raw_pairs	P9016	0	0	0	NA	NA	/mnt/ssd/zliu/phase3/test_res/019-20260618_224538-p9016_copytrack_continuity_1m/outputs/p9016_pcgamma1_copytrack0p003_sep_off_ieps0p5_noise0_seed17/p9016_full.manifest.tsv	/mnt/ssd/zliu/phase3/test_res/019-20260618_224538-p9016_copytrack_continuity_1m/summary.tsv
030-20260619_081645-p9016_global_copytrack_1m	p9016_pcgamma1_sep0_lct0p01_gct0p03_ieps0p5_noise0_seed17	OK	1	OK	0.319093	0.563626	0.463044	0.523035	0.779025	raw_pairs	P9016	0	0	0	off	NA	/mnt/ssd/zliu/phase3/test_res/030-20260619_081645-p9016_global_copytrack_1m/outputs/p9016_pcgamma1_sep0_lct0p01_gct0p03_ieps0p5_noise0_seed17/p9016_full.manifest.tsv	/mnt/ssd/zliu/phase3/test_res/030-20260619_081645-p9016_global_copytrack_1m/summary.tsv
049-20260620_103248-p9016_trans_dscale_gamma_1m	p9016_transgamma_g0_td1_seed17_best035	OK	1	OK	0.319072	0.575748	0.470171	0.519798	0.80583	raw_pairs	P9016	0	0	0	off	NA	/mnt/ssd/zliu/phase3/test_res/049-20260620_103248-p9016_trans_dscale_gamma_1m/outputs/p9016_transgamma_g0_td1_seed17_best035/p9016_transgamma_g0_td1_seed17_best035/p9016_full.manifest.tsv	/mnt/ssd/zliu/phase3/test_res/049-20260620_103248-p9016_trans_dscale_gamma_1m/summary.tsv
032-20260619_122253-p9016_trans_contact_scaling_1m	p9016_pcgamma1_tk1p5_td1_sep0_ieps0p5_noise0_seed17	OK	1	OK	0.318988	0.55325	0.456893	0.521319	0.781341	raw_pairs	P9016	0	0	0	off	NA	/mnt/ssd/zliu/phase3/test_res/032-20260619_122253-p9016_trans_contact_scaling_1m/outputs/p9016_pcgamma1_tk1p5_td1_sep0_ieps0p5_noise0_seed17/p9016_full.manifest.tsv	/mnt/ssd/zliu/phase3/test_res/032-20260619_122253-p9016_trans_contact_scaling_1m/summary.tsv
045-20260620_055343-p9016_raw_heldout_selection_1m	p9016_heldout_chrpair_m1_p1_w0_seed31_noise0p05	OK	1	OK	0.318725	0.581461	0.476781	0.529404	0.772307	raw_pairs	P9016	0	0	0	off	NA	/mnt/ssd/zliu/phase3/test_res/045-20260620_055343-p9016_raw_heldout_selection_1m/outputs/p9016_heldout_chrpair_m1_p1_w0_seed31_noise0p05/p9016_heldout_chrpair_m1_p1_w0_seed31_noise0p05/p9016_full.manifest.tsv	/mnt/ssd/zliu/phase3/test_res/045-20260620_055343-p9016_raw_heldout_selection_1m/summary.tsv
022-20260619_004818-p9016_trans_pair_sharpen_warmup_1m	p9016_pcgamma1_msep1_lsep0p5_copytrack0p03_prior0p5_power4_warmup10	OK	1	OK	0.31787	0.560855	0.46091	0.529307	0.809986	raw_pairs	P9016	0	0	0	NA	NA	/mnt/ssd/zliu/phase3/test_res/022-20260619_004818-p9016_trans_pair_sharpen_warmup_1m/outputs/p9016_pcgamma1_msep1_lsep0p5_copytrack0p03_prior0p5_power4_warmup10/p9016_full.manifest.tsv	/mnt/ssd/zliu/phase3/test_res/022-20260619_004818-p9016_trans_pair_sharpen_warmup_1m/summary.tsv
031-20260619_105814-p9016_confidence_boost_pairs_1m	p9016_pcgamma1_approved_baseline_ieps0p5_noise0_seed17	OK	1	OK	0.317592	0.569799	0.46606	0.514624	0.801886	raw_pairs	P9016	0	0	0	off	NA	/mnt/ssd/zliu/phase3/test_res/031-20260619_105814-p9016_confidence_boost_pairs_1m/outputs/p9016_pcgamma1_approved_baseline_ieps0p5_noise0_seed17/p9016_full.manifest.tsv	/mnt/ssd/zliu/phase3/test_res/031-20260619_105814-p9016_confidence_boost_pairs_1m/summary.tsv
044-20260620_040939-p9016_multiseed_basin_audit_1m	p9016_multiseed_chrpair_m1_p1_w0_seed23_noise0p05	OK	1	OK	0.317565	0.575234	0.469249	0.53462	0.797971	raw_pairs	P9016	0	0	0	off	NA	/mnt/ssd/zliu/phase3/test_res/044-20260620_040939-p9016_multiseed_basin_audit_1m/outputs/p9016_multiseed_chrpair_m1_p1_w0_seed23_noise0p05/p9016_multiseed_chrpair_m1_p1_w0_seed23_noise0p05/p9016_full.manifest.tsv	/mnt/ssd/zliu/phase3/test_res/044-20260620_040939-p9016_multiseed_basin_audit_1m/summary.tsv
045-20260620_055343-p9016_raw_heldout_selection_1m	p9016_heldout_best035_seed47_noise0p05	OK	1	OK	0.317533	0.543059	0.453204	0.526607	0.708303	raw_pairs	P9016	0	0	0	off	NA	/mnt/ssd/zliu/phase3/test_res/045-20260620_055343-p9016_raw_heldout_selection_1m/outputs/p9016_heldout_best035_seed47_noise0p05/p9016_heldout_best035_seed47_noise0p05/p9016_full.manifest.tsv	/mnt/ssd/zliu/phase3/test_res/045-20260620_055343-p9016_raw_heldout_selection_1m/summary.tsv
044-20260620_040939-p9016_multiseed_basin_audit_1m	p9016_multiseed_td1_seed17_noise0	OK	1	OK	0.317509	0.569915	0.466095	0.514631	0.80181	raw_pairs	P9016	0	0	0	off	NA	/mnt/ssd/zliu/phase3/test_res/044-20260620_040939-p9016_multiseed_basin_audit_1m/outputs/p9016_multiseed_td1_seed17_noise0/p9016_multiseed_td1_seed17_noise0/p9016_full.manifest.tsv	/mnt/ssd/zliu/phase3/test_res/044-20260620_040939-p9016_multiseed_basin_audit_1m/summary.tsv
042-20260620_022516-p9016_trans_gate_mstep_1m	p9016_transgate_off_td1_baseline	OK	1	OK	0.317391	0.567561	0.464661	0.514353	0.802138	raw_pairs	P9016	0	0	0	off	NA	/mnt/ssd/zliu/phase3/test_res/042-20260620_022516-p9016_trans_gate_mstep_1m/outputs/p9016_transgate_off_td1_baseline/p9016_full.manifest.tsv	/mnt/ssd/zliu/phase3/test_res/042-20260620_022516-p9016_trans_gate_mstep_1m/summary.tsv
034-20260619_140108-p9016_entropy_rho_temperature_1m	p9016_pcgamma1_rho_constant_temp1_td1_sep0_ieps0p5_noise0_seed17	OK	1	OK	0.317356	0.567178	0.464421	0.514353	0.80206	raw_pairs	P9016	0	0	0	off	NA	/mnt/ssd/zliu/phase3/test_res/034-20260619_140108-p9016_entropy_rho_temperature_1m/outputs/p9016_pcgamma1_rho_constant_temp1_td1_sep0_ieps0p5_noise0_seed17/p9016_full.manifest.tsv	/mnt/ssd/zliu/phase3/test_res/034-20260619_140108-p9016_entropy_rho_temperature_1m/summary.tsv
019-20260618_224538-p9016_copytrack_continuity_1m	p9016_pcgamma1_copytrack0_sep_off_ieps0p5_noise0_seed17	OK	1	OK	0.317349	0.566906	0.464258	0.514332	0.802046	raw_pairs	P9016	0	0	0	NA	NA	/mnt/ssd/zliu/phase3/test_res/019-20260618_224538-p9016_copytrack_continuity_1m/outputs/p9016_pcgamma1_copytrack0_sep_off_ieps0p5_noise0_seed17/p9016_full.manifest.tsv	/mnt/ssd/zliu/phase3/test_res/019-20260618_224538-p9016_copytrack_continuity_1m/summary.tsv
031-20260619_105814-p9016_confidence_boost_pairs_1m	p9016_pcgamma1_confboost_pmax_margin_top0p02_b2_msep1_lsep1_ieps0p5_noise0_seed17	OK	0	approved_p9016_pairs_unverified	0.317328	0.559141	0.459678	0.523577	0.767741	raw_pairs	P9016	0	0	0	off	NA	/mnt/ssd/zliu/phase3/test_res/031-20260619_105814-p9016_confidence_boost_pairs_1m/outputs/p9016_pcgamma1_confboost_pmax_margin_top0p02_b2_msep1_lsep1_ieps0p5_noise0_seed17/p9016_full.manifest.tsv	/mnt/ssd/zliu/phase3/test_res/031-20260619_105814-p9016_confidence_boost_pairs_1m/summary.tsv
033-20260619_131815-p9016_trans_top1_mstep_1m	p9016_pcgamma1_top1hard_pmax0p40_m0p05_td1_sep0	OK	1	OK	0.317287	0.531518	0.4434	0.534064	0.785341	raw_pairs	P9016	0	0	0	off	NA	/mnt/ssd/zliu/phase3/test_res/033-20260619_131815-p9016_trans_top1_mstep_1m/outputs/p9016_pcgamma1_top1hard_pmax0p40_m0p05_td1_sep0/p9016_full.manifest.tsv	/mnt/ssd/zliu/phase3/test_res/033-20260619_131815-p9016_trans_top1_mstep_1m/summary.tsv
045-20260620_055343-p9016_raw_heldout_selection_1m	p9016_heldout_chrpair_m1_p1_w0_seed83_noise0p05	OK	1	OK	0.316959	0.569573	0.468926	0.52412	0.778843	raw_pairs	P9016	0	0	0	off	NA	/mnt/ssd/zliu/phase3/test_res/045-20260620_055343-p9016_raw_heldout_selection_1m/outputs/p9016_heldout_chrpair_m1_p1_w0_seed83_noise0p05/p9016_heldout_chrpair_m1_p1_w0_seed83_noise0p05/p9016_full.manifest.tsv	/mnt/ssd/zliu/phase3/test_res/045-20260620_055343-p9016_raw_heldout_selection_1m/summary.tsv
014-20260617_205632-p9016_p1006_dscale_gamma_sep_1m	p9016_pcgamma0p5_sep_off_ieps0p5_noise0_seed17	OK	1	OK	0.316842	0.536662	0.446245	0.533377	0.727488	raw_pairs	P9016	0	0	0	NA	NA	/mnt/ssd/zliu/phase3/test_res/014-20260617_205632-p9016_p1006_dscale_gamma_sep_1m/outputs/P9016/p9016_pcgamma0p5_sep_off_ieps0p5_noise0_seed17/p9016_full.manifest.tsv	/mnt/ssd/zliu/phase3/test_res/014-20260617_205632-p9016_p1006_dscale_gamma_sep_1m/summary.tsv
036-20260619_212753-p9016_trans_confidence_rho_1m	p9016_pcgamma1_td1_transfloor0p75_sep0	OK	1	OK	0.31646	0.569386	0.465352	0.518395	0.792164	raw_pairs	P9016	0	0	0	off	NA	/mnt/ssd/zliu/phase3/test_res/036-20260619_212753-p9016_trans_confidence_rho_1m/outputs/p9016_pcgamma1_td1_transfloor0p75_sep0/p9016_full.manifest.tsv	/mnt/ssd/zliu/phase3/test_res/036-20260619_212753-p9016_trans_confidence_rho_1m/summary.tsv
021-20260618_234407-p9016_trans_chr_pair_prior_1m	p9016_pcgamma1_msep1_lsep0p5_copytrack0p03_prior0p25	OK	1	OK	0.316321	0.564742	0.462561	0.523264	0.799927	raw_pairs	P9016	0	0	0	NA	NA	/mnt/ssd/zliu/phase3/test_res/021-20260618_234407-p9016_trans_chr_pair_prior_1m/outputs/p9016_pcgamma1_msep1_lsep0p5_copytrack0p03_prior0p25/p9016_full.manifest.tsv	/mnt/ssd/zliu/phase3/test_res/021-20260618_234407-p9016_trans_chr_pair_prior_1m/summary.tsv
012-20260617_111813-p9016_dscale_semantics_regression_1m	posterior_count_gpu_exact_ieps0p5_noise0_seed17	OK	1	OK	0.316266	0.568022	0.464469	0.51352	0.801884	raw_pairs	P9016	0	0	0	NA	NA	/mnt/ssd/zliu/phase3/test_res/012-20260617_111813-p9016_dscale_semantics_regression_1m/outputs/posterior_count_gpu_exact_ieps0p5_noise0_seed17/p9016_full.manifest.tsv	/mnt/ssd/zliu/phase3/test_res/012-20260617_111813-p9016_dscale_semantics_regression_1m/summary.tsv
035-20260619_143807-p9016_copytrack_entropy_combo_1m	p9016_pcgamma1_td1_baseline_sep0_lct0_gct0	OK	1	OK	0.316266	0.568022	0.464469	0.51352	0.801884	raw_pairs	P9016	0	0	0	off	NA	/mnt/ssd/zliu/phase3/test_res/035-20260619_143807-p9016_copytrack_entropy_combo_1m/outputs/p9016_pcgamma1_td1_baseline_sep0_lct0_gct0/p9016_full.manifest.tsv	/mnt/ssd/zliu/phase3/test_res/035-20260619_143807-p9016_copytrack_entropy_combo_1m/summary.tsv
044-20260620_040939-p9016_multiseed_basin_audit_1m	p9016_multiseed_best035_seed83_noise0p05	OK	1	OK	0.316224	0.548635	0.453039	0.522993	0.708704	raw_pairs	P9016	0	0	0	off	NA	/mnt/ssd/zliu/phase3/test_res/044-20260620_040939-p9016_multiseed_basin_audit_1m/outputs/p9016_multiseed_best035_seed83_noise0p05/p9016_multiseed_best035_seed83_noise0p05/p9016_full.manifest.tsv	/mnt/ssd/zliu/phase3/test_res/044-20260620_040939-p9016_multiseed_basin_audit_1m/summary.tsv
019-20260618_224538-p9016_copytrack_continuity_1m	p9016_pcgamma0p5_msep1_lsep1_copytrack0p01_ieps0p5_noise0_seed17	OK	1	OK	0.316078	0.54565	0.451222	0.519847	0.7772	raw_pairs	P9016	0	0	0	NA	NA	/mnt/ssd/zliu/phase3/test_res/019-20260618_224538-p9016_copytrack_continuity_1m/outputs/p9016_pcgamma0p5_msep1_lsep1_copytrack0p01_ieps0p5_noise0_seed17/p9016_full.manifest.tsv	/mnt/ssd/zliu/phase3/test_res/019-20260618_224538-p9016_copytrack_continuity_1m/summary.tsv
031-20260619_105814-p9016_confidence_boost_pairs_1m	p9016_pcgamma1_confboost_pmax_top0p02_b5_sep0_ieps0p5_noise0_seed17	OK	0	approved_p9016_pairs_unverified	0.316044	0.549052	0.45321	0.525042	0.763133	raw_pairs	P9016	0	0	0	off	NA	/mnt/ssd/zliu/phase3/test_res/031-20260619_105814-p9016_confidence_boost_pairs_1m/outputs/p9016_pcgamma1_confboost_pmax_top0p02_b5_sep0_ieps0p5_noise0_seed17/p9016_full.manifest.tsv	/mnt/ssd/zliu/phase3/test_res/031-20260619_105814-p9016_confidence_boost_pairs_1m/summary.tsv
031-20260619_105814-p9016_confidence_boost_pairs_1m	p9016_pcgamma1_confboost_pmax_margin_top0p01_b2_sep0_ieps0p5_noise0_seed17	OK	0	approved_p9016_pairs_unverified	0.316037	0.556642	0.457676	0.526563	0.751412	raw_pairs	P9016	0	0	0	off	NA	/mnt/ssd/zliu/phase3/test_res/031-20260619_105814-p9016_confidence_boost_pairs_1m/outputs/p9016_pcgamma1_confboost_pmax_margin_top0p01_b2_sep0_ieps0p5_noise0_seed17/p9016_full.manifest.tsv	/mnt/ssd/zliu/phase3/test_res/031-20260619_105814-p9016_confidence_boost_pairs_1m/summary.tsv
049-20260620_103248-p9016_trans_dscale_gamma_1m	p9016_transgamma_g0p75_td1_seed17_best035	OK	1	OK	0.315745	0.562587	0.461055	0.533217	0.795562	raw_pairs	P9016	0	0	0	off	NA	/mnt/ssd/zliu/phase3/test_res/049-20260620_103248-p9016_trans_dscale_gamma_1m/outputs/p9016_transgamma_g0p75_td1_seed17_best035/p9016_transgamma_g0p75_td1_seed17_best035/p9016_full.manifest.tsv	/mnt/ssd/zliu/phase3/test_res/049-20260620_103248-p9016_trans_dscale_gamma_1m/summary.tsv
045-20260620_055343-p9016_raw_heldout_selection_1m	p9016_heldout_best035_seed59_noise0p05	OK	1	OK	0.315679	0.558075	0.461499	0.525128	0.713955	raw_pairs	P9016	0	0	0	off	NA	/mnt/ssd/zliu/phase3/test_res/045-20260620_055343-p9016_raw_heldout_selection_1m/outputs/p9016_heldout_best035_seed59_noise0p05/p9016_heldout_best035_seed59_noise0p05/p9016_full.manifest.tsv	/mnt/ssd/zliu/phase3/test_res/045-20260620_055343-p9016_raw_heldout_selection_1m/summary.tsv
030-20260619_081645-p9016_global_copytrack_1m	p9016_pcgamma1_msep1p5_lsep1_lct0p01_gct0p01_ieps0p5_noise0_seed17	OK	1	OK	0.315668	0.571832	0.466466	0.519444	0.797739	raw_pairs	P9016	0	0	0	off	NA	/mnt/ssd/zliu/phase3/test_res/030-20260619_081645-p9016_global_copytrack_1m/outputs/p9016_pcgamma1_msep1p5_lsep1_lct0p01_gct0p01_ieps0p5_noise0_seed17/p9016_full.manifest.tsv	/mnt/ssd/zliu/phase3/test_res/030-20260619_081645-p9016_global_copytrack_1m/summary.tsv
044-20260620_040939-p9016_multiseed_basin_audit_1m	p9016_multiseed_best035_seed47_noise0p05	OK	1	OK	0.315641	0.55621	0.457258	0.514624	0.709321	raw_pairs	P9016	0	0	0	off	NA	/mnt/ssd/zliu/phase3/test_res/044-20260620_040939-p9016_multiseed_basin_audit_1m/outputs/p9016_multiseed_best035_seed47_noise0p05/p9016_multiseed_best035_seed47_noise0p05/p9016_full.manifest.tsv	/mnt/ssd/zliu/phase3/test_res/044-20260620_040939-p9016_multiseed_basin_audit_1m/summary.tsv
022-20260619_004818-p9016_trans_pair_sharpen_warmup_1m	p9016_pcgamma1_prior0p65_power4_warmup10_sep_off	OK	1	OK	0.31546	0.54564	0.450962	0.516207	0.818329	raw_pairs	P9016	0	0	0	NA	NA	/mnt/ssd/zliu/phase3/test_res/022-20260619_004818-p9016_trans_pair_sharpen_warmup_1m/outputs/p9016_pcgamma1_prior0p65_power4_warmup10_sep_off/p9016_full.manifest.tsv	/mnt/ssd/zliu/phase3/test_res/022-20260619_004818-p9016_trans_pair_sharpen_warmup_1m/summary.tsv
012-20260617_111813-p9016_dscale_semantics_regression_1m	posterior_count_cpu_exact_ieps0p5_noise0_seed17	OK	1	OK	0.31537	0.569634	0.465049	0.51179	0.800612	raw_pairs	P9016	0	0	0	NA	NA	/mnt/ssd/zliu/phase3/test_res/012-20260617_111813-p9016_dscale_semantics_regression_1m/outputs/posterior_count_cpu_exact_ieps0p5_noise0_seed17/p9016_full.manifest.tsv	/mnt/ssd/zliu/phase3/test_res/012-20260617_111813-p9016_dscale_semantics_regression_1m/summary.tsv
021-20260618_234407-p9016_trans_chr_pair_prior_1m	p9016_pcgamma1_baseline_sep_off_copytrack0_prior0	OK	1	OK	0.31537	0.569634	0.465049	0.51179	0.800612	raw_pairs	P9016	0	0	0	NA	NA	/mnt/ssd/zliu/phase3/test_res/021-20260618_234407-p9016_trans_chr_pair_prior_1m/outputs/p9016_pcgamma1_baseline_sep_off_copytrack0_prior0/p9016_full.manifest.tsv	/mnt/ssd/zliu/phase3/test_res/021-20260618_234407-p9016_trans_chr_pair_prior_1m/summary.tsv
022-20260619_004818-p9016_trans_pair_sharpen_warmup_1m	p9016_pcgamma1_baseline_sep_off_copytrack0_prior0	OK	1	OK	0.31537	0.569634	0.465049	0.51179	0.800612	raw_pairs	P9016	0	0	0	NA	NA	/mnt/ssd/zliu/phase3/test_res/022-20260619_004818-p9016_trans_pair_sharpen_warmup_1m/outputs/p9016_pcgamma1_baseline_sep_off_copytrack0_prior0/p9016_full.manifest.tsv	/mnt/ssd/zliu/phase3/test_res/022-20260619_004818-p9016_trans_pair_sharpen_warmup_1m/summary.tsv
027-20260619_030956-p9016_contacts_seg_source_sweep_1m	p9016_approved_baseline_pcgamma1_ieps0p5_noise0_seed17	OK	1	OK	0.31537	0.569634	0.465049	0.51179	0.800612	raw_pairs	P9016	0	0	0	NA	NA	/mnt/ssd/zliu/phase3/test_res/027-20260619_030956-p9016_contacts_seg_source_sweep_1m/outputs/p9016_approved_baseline_pcgamma1_ieps0p5_noise0_seed17/p9016_full.manifest.tsv	/mnt/ssd/zliu/phase3/test_res/027-20260619_030956-p9016_contacts_seg_source_sweep_1m/summary.tsv
029-20260619_061138-p9016_readgroup_joint_marginal_1m	p9016_approved_baseline_pcgamma1_ieps0p5_noise0_seed17	OK	1	OK	0.31537	0.569634	0.465049	0.51179	0.800612	raw_pairs	P9016	0	0	0	off	NA	/mnt/ssd/zliu/phase3/test_res/029-20260619_061138-p9016_readgroup_joint_marginal_1m/outputs/p9016_approved_baseline_pcgamma1_ieps0p5_noise0_seed17/p9016_full.manifest.tsv	/mnt/ssd/zliu/phase3/test_res/029-20260619_061138-p9016_readgroup_joint_marginal_1m/summary.tsv
030-20260619_081645-p9016_global_copytrack_1m	p9016_pcgamma1_sep0_lct0_gct0_ieps0p5_noise0_seed17	OK	1	OK	0.31537	0.569634	0.465049	0.51179	0.800612	raw_pairs	P9016	0	0	0	off	NA	/mnt/ssd/zliu/phase3/test_res/030-20260619_081645-p9016_global_copytrack_1m/outputs/p9016_pcgamma1_sep0_lct0_gct0_ieps0p5_noise0_seed17/p9016_full.manifest.tsv	/mnt/ssd/zliu/phase3/test_res/030-20260619_081645-p9016_global_copytrack_1m/summary.tsv
014-20260617_205632-p9016_p1006_dscale_gamma_sep_1m	p9016_pcgamma1_sep_off_ieps0p5_noise0_seed17	OK	1	OK	0.315307	0.569275	0.464812	0.511769	0.80079	raw_pairs	P9016	0	0	0	NA	NA	/mnt/ssd/zliu/phase3/test_res/014-20260617_205632-p9016_p1006_dscale_gamma_sep_1m/outputs/P9016/p9016_pcgamma1_sep_off_ieps0p5_noise0_seed17/p9016_full.manifest.tsv	/mnt/ssd/zliu/phase3/test_res/014-20260617_205632-p9016_p1006_dscale_gamma_sep_1m/summary.tsv
043-20260620_031947-p9016_raw_pairs_remaining_ablation_1m	p9016_rawremain_td1_baseline	OK	1	OK	0.315307	0.569275	0.464812	0.511769	0.80079	raw_pairs	P9016	0	0	0	off	NA	/mnt/ssd/zliu/phase3/test_res/043-20260620_031947-p9016_raw_pairs_remaining_ablation_1m/outputs/p9016_rawremain_td1_baseline/p9016_rawremain_td1_baseline/p9016_full.manifest.tsv	/mnt/ssd/zliu/phase3/test_res/043-20260620_031947-p9016_raw_pairs_remaining_ablation_1m/summary.tsv
032-20260619_122253-p9016_trans_contact_scaling_1m	p9016_pcgamma1_tk1_td1_sep0_ieps0p5_noise0_seed17	OK	1	OK	0.315293	0.56925	0.464792	0.511755	0.800822	raw_pairs	P9016	0	0	0	off	NA	/mnt/ssd/zliu/phase3/test_res/032-20260619_122253-p9016_trans_contact_scaling_1m/outputs/p9016_pcgamma1_tk1_td1_sep0_ieps0p5_noise0_seed17/p9016_full.manifest.tsv	/mnt/ssd/zliu/phase3/test_res/032-20260619_122253-p9016_trans_contact_scaling_1m/summary.tsv
034-20260619_140108-p9016_entropy_rho_temperature_1m	p9016_pcgamma1_rho_entropy_floor0p25_temp1_td1_sep0	OK	1	OK	0.315286	0.569037	0.464663	0.5117	0.800898	raw_pairs	P9016	0	0	0	off	NA	/mnt/ssd/zliu/phase3/test_res/034-20260619_140108-p9016_entropy_rho_temperature_1m/outputs/p9016_pcgamma1_rho_entropy_floor0p25_temp1_td1_sep0/p9016_full.manifest.tsv	/mnt/ssd/zliu/phase3/test_res/034-20260619_140108-p9016_entropy_rho_temperature_1m/summary.tsv
034-20260619_140108-p9016_entropy_rho_temperature_1m	p9016_pcgamma1_rho_entropy_temp1_td1_sep0	OK	1	OK	0.315286	0.569148	0.464729	0.511741	0.800824	raw_pairs	P9016	0	0	0	off	NA	/mnt/ssd/zliu/phase3/test_res/034-20260619_140108-p9016_entropy_rho_temperature_1m/outputs/p9016_pcgamma1_rho_entropy_temp1_td1_sep0/p9016_full.manifest.tsv	/mnt/ssd/zliu/phase3/test_res/034-20260619_140108-p9016_entropy_rho_temperature_1m/summary.tsv
036-20260619_212753-p9016_trans_confidence_rho_1m	p9016_pcgamma1_td1_baseline_sep0_lct0_gct0	OK	1	OK	0.315286	0.569056	0.464675	0.511735	0.800914	raw_pairs	P9016	0	0	0	off	NA	/mnt/ssd/zliu/phase3/test_res/036-20260619_212753-p9016_trans_confidence_rho_1m/outputs/p9016_pcgamma1_td1_baseline_sep0_lct0_gct0/p9016_full.manifest.tsv	/mnt/ssd/zliu/phase3/test_res/036-20260619_212753-p9016_trans_confidence_rho_1m/summary.tsv
037-20260619_230802-p9016_trans_chrpair_mstep_1m	p9016_pcgamma1_td1_mstep0_sep0	OK	1	OK	0.315217	0.568804	0.464498	0.511943	0.800771	raw_pairs	P9016	0	0	0	off	NA	/mnt/ssd/zliu/phase3/test_res/037-20260619_230802-p9016_trans_chrpair_mstep_1m/outputs/p9016_pcgamma1_td1_mstep0_sep0/p9016_full.manifest.tsv	/mnt/ssd/zliu/phase3/test_res/037-20260619_230802-p9016_trans_chrpair_mstep_1m/summary.tsv
014-20260617_205632-p9016_p1006_dscale_gamma_sep_1m	p9016_pcgamma0p5_msep1_lsep1_ieps0p5_noise0_seed17	OK	1	OK	0.315203	0.547737	0.45209	0.52041	0.77686	raw_pairs	P9016	0	0	0	NA	NA	/mnt/ssd/zliu/phase3/test_res/014-20260617_205632-p9016_p1006_dscale_gamma_sep_1m/outputs/P9016/p9016_pcgamma0p5_msep1_lsep1_ieps0p5_noise0_seed17/p9016_full.manifest.tsv	/mnt/ssd/zliu/phase3/test_res/014-20260617_205632-p9016_p1006_dscale_gamma_sep_1m/summary.tsv
045-20260620_055343-p9016_raw_heldout_selection_1m	p9016_heldout_best035_seed23_noise0p05	OK	1	OK	0.31484	0.547913	0.455052	0.520131	0.738765	raw_pairs	P9016	0	0	0	off	NA	/mnt/ssd/zliu/phase3/test_res/045-20260620_055343-p9016_raw_heldout_selection_1m/outputs/p9016_heldout_best035_seed23_noise0p05/p9016_heldout_best035_seed23_noise0p05/p9016_full.manifest.tsv	/mnt/ssd/zliu/phase3/test_res/045-20260620_055343-p9016_raw_heldout_selection_1m/summary.tsv
019-20260618_224538-p9016_copytrack_continuity_1m	p9016_pcgamma0p5_copytrack0p003_sep_off_ieps0p5_noise0_seed17	OK	1	OK	0.314571	0.53706	0.445545	0.536266	0.728268	raw_pairs	P9016	0	0	0	NA	NA	/mnt/ssd/zliu/phase3/test_res/019-20260618_224538-p9016_copytrack_continuity_1m/outputs/p9016_pcgamma0p5_copytrack0p003_sep_off_ieps0p5_noise0_seed17/p9016_full.manifest.tsv	/mnt/ssd/zliu/phase3/test_res/019-20260618_224538-p9016_copytrack_continuity_1m/summary.tsv
036-20260619_212753-p9016_trans_confidence_rho_1m	p9016_pcgamma1_td0p5_transfloor0p75_sep0	OK	1	OK	0.314453	0.575836	0.468323	0.516506	0.79455	raw_pairs	P9016	0	0	0	off	NA	/mnt/ssd/zliu/phase3/test_res/036-20260619_212753-p9016_trans_confidence_rho_1m/outputs/p9016_pcgamma1_td0p5_transfloor0p75_sep0/p9016_full.manifest.tsv	/mnt/ssd/zliu/phase3/test_res/036-20260619_212753-p9016_trans_confidence_rho_1m/summary.tsv
019-20260618_224538-p9016_copytrack_continuity_1m	p9016_pcgamma0p5_copytrack0p03_sep_off_ieps0p5_noise0_seed17	OK	1	OK	0.3143	0.536381	0.445034	0.537107	0.721601	raw_pairs	P9016	0	0	0	NA	NA	/mnt/ssd/zliu/phase3/test_res/019-20260618_224538-p9016_copytrack_continuity_1m/outputs/p9016_pcgamma0p5_copytrack0p03_sep_off_ieps0p5_noise0_seed17/p9016_full.manifest.tsv	/mnt/ssd/zliu/phase3/test_res/019-20260618_224538-p9016_copytrack_continuity_1m/summary.tsv
045-20260620_055343-p9016_raw_heldout_selection_1m	p9016_heldout_chrpair_m1_p1_w0_seed17_noise0p05	OK	1	OK	0.313993	0.570709	0.468428	0.545005	0.808542	raw_pairs	P9016	0	0	0	off	NA	/mnt/ssd/zliu/phase3/test_res/045-20260620_055343-p9016_raw_heldout_selection_1m/outputs/p9016_heldout_chrpair_m1_p1_w0_seed17_noise0p05/p9016_heldout_chrpair_m1_p1_w0_seed17_noise0p05/p9016_full.manifest.tsv	/mnt/ssd/zliu/phase3/test_res/045-20260620_055343-p9016_raw_heldout_selection_1m/summary.tsv
030-20260619_081645-p9016_global_copytrack_1m	p9016_pcgamma1_sep0_lct0_gct0p001_ieps0p5_noise0_seed17	OK	1	OK	0.31389	0.567324	0.463081	0.517222	0.797198	raw_pairs	P9016	0	0	0	off	NA	/mnt/ssd/zliu/phase3/test_res/030-20260619_081645-p9016_global_copytrack_1m/outputs/p9016_pcgamma1_sep0_lct0_gct0p001_ieps0p5_noise0_seed17/p9016_full.manifest.tsv	/mnt/ssd/zliu/phase3/test_res/030-20260619_081645-p9016_global_copytrack_1m/summary.tsv
049-20260620_103248-p9016_trans_dscale_gamma_1m	p9016_transgamma_g0p5_td1_seed71_best035	OK	1	OK	0.31355	0.551275	0.453493	0.538454	0.77753	raw_pairs	P9016	0	0	0	off	NA	/mnt/ssd/zliu/phase3/test_res/049-20260620_103248-p9016_trans_dscale_gamma_1m/outputs/p9016_transgamma_g0p5_td1_seed71_best035/p9016_transgamma_g0p5_td1_seed71_best035/p9016_full.manifest.tsv	/mnt/ssd/zliu/phase3/test_res/049-20260620_103248-p9016_trans_dscale_gamma_1m/summary.tsv
031-20260619_105814-p9016_confidence_boost_pairs_1m	p9016_pcgamma1_confboost_pmax_margin_top0p01_b5_sep0_ieps0p5_noise0_seed17	OK	0	approved_p9016_pairs_unverified	0.313543	0.557006	0.456864	0.51818	0.753231	raw_pairs	P9016	0	0	0	off	NA	/mnt/ssd/zliu/phase3/test_res/031-20260619_105814-p9016_confidence_boost_pairs_1m/outputs/p9016_pcgamma1_confboost_pmax_margin_top0p01_b5_sep0_ieps0p5_noise0_seed17/p9016_full.manifest.tsv	/mnt/ssd/zliu/phase3/test_res/031-20260619_105814-p9016_confidence_boost_pairs_1m/summary.tsv
049-20260620_103248-p9016_trans_dscale_gamma_1m	p9016_transgamma_g0p75_td1_seed71_best035	OK	1	OK	0.31321	0.551561	0.453522	0.521215	0.770784	raw_pairs	P9016	0	0	0	off	NA	/mnt/ssd/zliu/phase3/test_res/049-20260620_103248-p9016_trans_dscale_gamma_1m/outputs/p9016_transgamma_g0p75_td1_seed71_best035/p9016_transgamma_g0p75_td1_seed71_best035/p9016_full.manifest.tsv	/mnt/ssd/zliu/phase3/test_res/049-20260620_103248-p9016_trans_dscale_gamma_1m/summary.tsv
036-20260619_212753-p9016_trans_confidence_rho_1m	p9016_pcgamma1_td1_transentropy_sep0	OK	1	OK	0.313119	0.57042	0.464586	0.520312	0.769132	raw_pairs	P9016	0	0	0	off	NA	/mnt/ssd/zliu/phase3/test_res/036-20260619_212753-p9016_trans_confidence_rho_1m/outputs/p9016_pcgamma1_td1_transentropy_sep0/p9016_full.manifest.tsv	/mnt/ssd/zliu/phase3/test_res/036-20260619_212753-p9016_trans_confidence_rho_1m/summary.tsv
027-20260619_034240-p9016_contacts_seg_source_sweep_1m_fast20	p9016_approved_baseline_pcgamma1_ieps0p5_noise0_seed17	OK	1	OK	0.313057	0.557409	0.456901	0.52948	0.805746	raw_pairs	P9016	0	0	0	NA	NA	/mnt/ssd/zliu/phase3/test_res/027-20260619_034240-p9016_contacts_seg_source_sweep_1m_fast20/outputs/p9016_approved_baseline_pcgamma1_ieps0p5_noise0_seed17/p9016_full.manifest.tsv	/mnt/ssd/zliu/phase3/test_res/027-20260619_034240-p9016_contacts_seg_source_sweep_1m_fast20/summary.tsv
045-20260620_055343-p9016_raw_heldout_selection_1m	p9016_heldout_chrpair_m0p5_p4_w10_seed17_noise0p05	OK	1	OK	0.312993	0.577786	0.472286	0.520322	0.774067	raw_pairs	P9016	0	0	0	off	NA	/mnt/ssd/zliu/phase3/test_res/045-20260620_055343-p9016_raw_heldout_selection_1m/outputs/p9016_heldout_chrpair_m0p5_p4_w10_seed17_noise0p05/p9016_heldout_chrpair_m0p5_p4_w10_seed17_noise0p05/p9016_full.manifest.tsv	/mnt/ssd/zliu/phase3/test_res/045-20260620_055343-p9016_raw_heldout_selection_1m/summary.tsv
019-20260618_224538-p9016_copytrack_continuity_1m	p9016_pcgamma1_copytrack0p001_sep_off_ieps0p5_noise0_seed17	OK	1	OK	0.312411	0.568416	0.463115	0.514791	0.798059	raw_pairs	P9016	0	0	0	NA	NA	/mnt/ssd/zliu/phase3/test_res/019-20260618_224538-p9016_copytrack_continuity_1m/outputs/p9016_pcgamma1_copytrack0p001_sep_off_ieps0p5_noise0_seed17/p9016_full.manifest.tsv	/mnt/ssd/zliu/phase3/test_res/019-20260618_224538-p9016_copytrack_continuity_1m/summary.tsv
032-20260619_122253-p9016_trans_contact_scaling_1m	p9016_pcgamma1_tk3_td0p75_sep0_ieps0p5_noise0_seed17	OK	1	OK	0.311723	0.531023	0.44082	0.51661	0.719835	raw_pairs	P9016	0	0	0	off	NA	/mnt/ssd/zliu/phase3/test_res/032-20260619_122253-p9016_trans_contact_scaling_1m/outputs/p9016_pcgamma1_tk3_td0p75_sep0_ieps0p5_noise0_seed17/p9016_full.manifest.tsv	/mnt/ssd/zliu/phase3/test_res/032-20260619_122253-p9016_trans_contact_scaling_1m/summary.tsv
044-20260620_040939-p9016_multiseed_basin_audit_1m	p9016_multiseed_best035_seed97_noise0p05	OK	1	OK	0.311404	0.523981	0.436543	0.523903	0.630451	raw_pairs	P9016	0	0	0	off	NA	/mnt/ssd/zliu/phase3/test_res/044-20260620_040939-p9016_multiseed_basin_audit_1m/outputs/p9016_multiseed_best035_seed97_noise0p05/p9016_multiseed_best035_seed97_noise0p05/p9016_full.manifest.tsv	/mnt/ssd/zliu/phase3/test_res/044-20260620_040939-p9016_multiseed_basin_audit_1m/summary.tsv
044-20260620_040939-p9016_multiseed_basin_audit_1m	p9016_multiseed_best035_seed59_noise0p05	OK	1	OK	0.31139	0.544806	0.448796	0.528939	0.704147	raw_pairs	P9016	0	0	0	off	NA	/mnt/ssd/zliu/phase3/test_res/044-20260620_040939-p9016_multiseed_basin_audit_1m/outputs/p9016_multiseed_best035_seed59_noise0p05/p9016_multiseed_best035_seed59_noise0p05/p9016_full.manifest.tsv	/mnt/ssd/zliu/phase3/test_res/044-20260620_040939-p9016_multiseed_basin_audit_1m/summary.tsv
049-20260620_103248-p9016_trans_dscale_gamma_1m	p9016_transgamma_g0p5_td1_seed17_best035	OK	1	OK	0.311328	0.55176	0.452865	0.523146	0.795267	raw_pairs	P9016	0	0	0	off	NA	/mnt/ssd/zliu/phase3/test_res/049-20260620_103248-p9016_trans_dscale_gamma_1m/outputs/p9016_transgamma_g0p5_td1_seed17_best035/p9016_transgamma_g0p5_td1_seed17_best035/p9016_full.manifest.tsv	/mnt/ssd/zliu/phase3/test_res/049-20260620_103248-p9016_trans_dscale_gamma_1m/summary.tsv
032-20260619_122253-p9016_trans_contact_scaling_1m	p9016_pcgamma1_tk2_td0p75_msep1_lsep1_ieps0p5_noise0_seed17	OK	1	OK	0.311244	0.547912	0.450565	0.508039	0.758491	raw_pairs	P9016	0	0	0	off	NA	/mnt/ssd/zliu/phase3/test_res/032-20260619_122253-p9016_trans_contact_scaling_1m/outputs/p9016_pcgamma1_tk2_td0p75_msep1_lsep1_ieps0p5_noise0_seed17/p9016_full.manifest.tsv	/mnt/ssd/zliu/phase3/test_res/032-20260619_122253-p9016_trans_contact_scaling_1m/summary.tsv
045-20260620_055343-p9016_raw_heldout_selection_1m	p9016_heldout_best035_seed83_noise0p05	OK	1	OK	0.311145	0.528203	0.441723	0.519704	0.601046	raw_pairs	P9016	0	0	0	off	NA	/mnt/ssd/zliu/phase3/test_res/045-20260620_055343-p9016_raw_heldout_selection_1m/outputs/p9016_heldout_best035_seed83_noise0p05/p9016_heldout_best035_seed83_noise0p05/p9016_full.manifest.tsv	/mnt/ssd/zliu/phase3/test_res/045-20260620_055343-p9016_raw_heldout_selection_1m/summary.tsv
031-20260619_105814-p9016_confidence_boost_pairs_1m	p9016_pcgamma1_confboost_pmax_top0p05_b2_sep0_ieps0p5_noise0_seed17	OK	0	approved_p9016_pairs_unverified	0.311008	0.548115	0.450588	0.516541	0.755258	raw_pairs	P9016	0	0	0	off	NA	/mnt/ssd/zliu/phase3/test_res/031-20260619_105814-p9016_confidence_boost_pairs_1m/outputs/p9016_pcgamma1_confboost_pmax_top0p05_b2_sep0_ieps0p5_noise0_seed17/p9016_full.manifest.tsv	/mnt/ssd/zliu/phase3/test_res/031-20260619_105814-p9016_confidence_boost_pairs_1m/summary.tsv
033-20260619_131815-p9016_trans_top1_mstep_1m	p9016_pcgamma1_top1mix0p75_pmax0p35_m0p02_td1_sep0	OK	1	OK	0.310855	0.554075	0.454033	0.518388	0.808294	raw_pairs	P9016	0	0	0	off	NA	/mnt/ssd/zliu/phase3/test_res/033-20260619_131815-p9016_trans_top1_mstep_1m/outputs/p9016_pcgamma1_top1mix0p75_pmax0p35_m0p02_td1_sep0/p9016_full.manifest.tsv	/mnt/ssd/zliu/phase3/test_res/033-20260619_131815-p9016_trans_top1_mstep_1m/summary.tsv
019-20260618_224538-p9016_copytrack_continuity_1m	p9016_pcgamma0p5_msep1_lsep0p5_copytrack0p01_ieps0p5_noise0_seed17	OK	1	OK	0.310536	0.543568	0.447717	0.524125	0.751398	raw_pairs	P9016	0	0	0	NA	NA	/mnt/ssd/zliu/phase3/test_res/019-20260618_224538-p9016_copytrack_continuity_1m/outputs/p9016_pcgamma0p5_msep1_lsep0p5_copytrack0p01_ieps0p5_noise0_seed17/p9016_full.manifest.tsv	/mnt/ssd/zliu/phase3/test_res/019-20260618_224538-p9016_copytrack_continuity_1m/summary.tsv
033-20260619_131815-p9016_trans_top1_mstep_1m	p9016_pcgamma1_top1mix0p75_pmax0p30_m0_td1_sep0	OK	1	OK	0.310244	0.543782	0.447722	0.519472	0.788626	raw_pairs	P9016	0	0	0	off	NA	/mnt/ssd/zliu/phase3/test_res/033-20260619_131815-p9016_trans_top1_mstep_1m/outputs/p9016_pcgamma1_top1mix0p75_pmax0p30_m0_td1_sep0/p9016_full.manifest.tsv	/mnt/ssd/zliu/phase3/test_res/033-20260619_131815-p9016_trans_top1_mstep_1m/summary.tsv
045-20260620_055343-p9016_raw_heldout_selection_1m	p9016_heldout_chrpair_m0p5_p4_w10_seed71_noise0p05	OK	1	OK	0.310027	0.548703	0.453609	0.520757	0.734778	raw_pairs	P9016	0	0	0	off	NA	/mnt/ssd/zliu/phase3/test_res/045-20260620_055343-p9016_raw_heldout_selection_1m/outputs/p9016_heldout_chrpair_m0p5_p4_w10_seed71_noise0p05/p9016_heldout_chrpair_m0p5_p4_w10_seed71_noise0p05/p9016_full.manifest.tsv	/mnt/ssd/zliu/phase3/test_res/045-20260620_055343-p9016_raw_heldout_selection_1m/summary.tsv
014-20260617_205632-p9016_p1006_dscale_gamma_sep_1m	p9016_pcgamma0p5_msep1_lsep0p5_ieps0p5_noise0_seed17	OK	1	OK	0.309681	0.541675	0.446251	0.523799	0.751263	raw_pairs	P9016	0	0	0	NA	NA	/mnt/ssd/zliu/phase3/test_res/014-20260617_205632-p9016_p1006_dscale_gamma_sep_1m/outputs/P9016/p9016_pcgamma0p5_msep1_lsep0p5_ieps0p5_noise0_seed17/p9016_full.manifest.tsv	/mnt/ssd/zliu/phase3/test_res/014-20260617_205632-p9016_p1006_dscale_gamma_sep_1m/summary.tsv
016-20260618_150851-p9016_charm_contacts_condition_sweep_1m	p9016_charm3dg20k_2pr_random_diploid_pcgamma1_sep_off	OK	0	input_contact_source=charm3dg_derived_pairs;uses_charm_or_reference=1;uses_charm_for_training=1	0.309304	0.295379	0.297211	0.504554	0.113701	charm3dg_derived_pairs	P9016	0	1	1	NA	NA	/mnt/ssd/zliu/phase3/test_res/016-20260618_150851-p9016_charm_contacts_condition_sweep_1m/outputs/2pr/p9016_charm3dg20k_2pr_random_diploid_pcgamma1_sep_off/p9016_full.manifest.tsv	/mnt/ssd/zliu/phase3/test_res/016-20260618_150851-p9016_charm_contacts_condition_sweep_1m/summary.tsv
032-20260619_122253-p9016_trans_contact_scaling_1m	p9016_pcgamma1_tk1p25_td1_sep0_ieps0p5_noise0_seed17	OK	1	OK	0.308799	0.553861	0.453062	0.523855	0.784836	raw_pairs	P9016	0	0	0	off	NA	/mnt/ssd/zliu/phase3/test_res/032-20260619_122253-p9016_trans_contact_scaling_1m/outputs/p9016_pcgamma1_tk1p25_td1_sep0_ieps0p5_noise0_seed17/p9016_full.manifest.tsv	/mnt/ssd/zliu/phase3/test_res/032-20260619_122253-p9016_trans_contact_scaling_1m/summary.tsv
031-20260619_105814-p9016_confidence_boost_pairs_1m	p9016_pcgamma1_confboost_pmax_margin_top0p02_b5_sep0_ieps0p5_noise0_seed17	OK	0	approved_p9016_pairs_unverified	0.308702	0.546625	0.448762	0.521424	0.756678	raw_pairs	P9016	0	0	0	off	NA	/mnt/ssd/zliu/phase3/test_res/031-20260619_105814-p9016_confidence_boost_pairs_1m/outputs/p9016_pcgamma1_confboost_pmax_margin_top0p02_b5_sep0_ieps0p5_noise0_seed17/p9016_full.manifest.tsv	/mnt/ssd/zliu/phase3/test_res/031-20260619_105814-p9016_confidence_boost_pairs_1m/summary.tsv
045-20260620_055343-p9016_raw_heldout_selection_1m	p9016_heldout_best035_seed17_noise0p05	OK	1	OK	0.308533	0.544229	0.450322	0.530191	0.689667	raw_pairs	P9016	0	0	0	off	NA	/mnt/ssd/zliu/phase3/test_res/045-20260620_055343-p9016_raw_heldout_selection_1m/outputs/p9016_heldout_best035_seed17_noise0p05/p9016_heldout_best035_seed17_noise0p05/p9016_full.manifest.tsv	/mnt/ssd/zliu/phase3/test_res/045-20260620_055343-p9016_raw_heldout_selection_1m/summary.tsv
022-20260619_004818-p9016_trans_pair_sharpen_warmup_1m	p9016_pcgamma1_prior0p5_power4_warmup20_sep_off	OK	1	OK	0.308237	0.553531	0.452636	0.515818	0.813577	raw_pairs	P9016	0	0	0	NA	NA	/mnt/ssd/zliu/phase3/test_res/022-20260619_004818-p9016_trans_pair_sharpen_warmup_1m/outputs/p9016_pcgamma1_prior0p5_power4_warmup20_sep_off/p9016_full.manifest.tsv	/mnt/ssd/zliu/phase3/test_res/022-20260619_004818-p9016_trans_pair_sharpen_warmup_1m/summary.tsv
044-20260620_040939-p9016_multiseed_basin_audit_1m	p9016_multiseed_chrpair_m0p5_p4_w10_seed47_noise0p05	OK	1	OK	0.307521	0.550823	0.450748	0.509984	0.76474	raw_pairs	P9016	0	0	0	off	NA	/mnt/ssd/zliu/phase3/test_res/044-20260620_040939-p9016_multiseed_basin_audit_1m/outputs/p9016_multiseed_chrpair_m0p5_p4_w10_seed47_noise0p05/p9016_multiseed_chrpair_m0p5_p4_w10_seed47_noise0p05/p9016_full.manifest.tsv	/mnt/ssd/zliu/phase3/test_res/044-20260620_040939-p9016_multiseed_basin_audit_1m/summary.tsv
031-20260619_105814-p9016_confidence_boost_pairs_1m	p9016_pcgamma1_confboost_pmax_margin_top0p05_b2_msep1_lsep1_ieps0p5_noise0_seed17	OK	0	approved_p9016_pairs_unverified	0.306848	0.537264	0.442488	0.518277	0.73027	raw_pairs	P9016	0	0	0	off	NA	/mnt/ssd/zliu/phase3/test_res/031-20260619_105814-p9016_confidence_boost_pairs_1m/outputs/p9016_pcgamma1_confboost_pmax_margin_top0p05_b2_msep1_lsep1_ieps0p5_noise0_seed17/p9016_full.manifest.tsv	/mnt/ssd/zliu/phase3/test_res/031-20260619_105814-p9016_confidence_boost_pairs_1m/summary.tsv
022-20260619_004818-p9016_trans_pair_sharpen_warmup_1m	p9016_pcgamma0p5_prior0p5_power4_warmup10_sep_off	OK	1	OK	0.306389	0.555269	0.452899	0.520917	0.824543	raw_pairs	P9016	0	0	0	NA	NA	/mnt/ssd/zliu/phase3/test_res/022-20260619_004818-p9016_trans_pair_sharpen_warmup_1m/outputs/p9016_pcgamma0p5_prior0p5_power4_warmup10_sep_off/p9016_full.manifest.tsv	/mnt/ssd/zliu/phase3/test_res/022-20260619_004818-p9016_trans_pair_sharpen_warmup_1m/summary.tsv
014-20260617_205632-p9016_p1006_dscale_gamma_sep_1m	p9016_pcgamma0p25_sep_off_ieps0p5_noise0_seed17	OK	1	OK	0.306223	0.504749	0.42309	0.520034	0.607277	raw_pairs	P9016	0	0	0	NA	NA	/mnt/ssd/zliu/phase3/test_res/014-20260617_205632-p9016_p1006_dscale_gamma_sep_1m/outputs/P9016/p9016_pcgamma0p25_sep_off_ieps0p5_noise0_seed17/p9016_full.manifest.tsv	/mnt/ssd/zliu/phase3/test_res/014-20260617_205632-p9016_p1006_dscale_gamma_sep_1m/summary.tsv
014-20260617_205632-p9016_p1006_dscale_gamma_sep_1m	p9016_pcgamma0p75_sep_off_ieps0p5_noise0_seed17	OK	1	OK	0.306021	0.563034	0.457318	0.511561	0.797652	raw_pairs	P9016	0	0	0	NA	NA	/mnt/ssd/zliu/phase3/test_res/014-20260617_205632-p9016_p1006_dscale_gamma_sep_1m/outputs/P9016/p9016_pcgamma0p75_sep_off_ieps0p5_noise0_seed17/p9016_full.manifest.tsv	/mnt/ssd/zliu/phase3/test_res/014-20260617_205632-p9016_p1006_dscale_gamma_sep_1m/summary.tsv
011-20260617_014152-p9016_regression_copytrack_1m	common_raw_sep_off_ieps1_noise0p05_seed17	OK	1	OK	0.30582	0.549596	0.449325	0.525014	0.804125	raw_pairs	P9016	0	0	0	NA	NA	/mnt/ssd/zliu/phase3/test_res/011-20260617_014152-p9016_regression_copytrack_1m/outputs/common_raw_sep_off_ieps1_noise0p05_seed17/p9016_full.manifest.tsv	/mnt/ssd/zliu/phase3/test_res/011-20260617_014152-p9016_regression_copytrack_1m/summary.tsv
030-20260619_081645-p9016_global_copytrack_1m	p9016_pcgamma1_sep0_lct0_gct0p1_ieps0p5_noise0_seed17	OK	1	OK	0.305799	0.537376	0.442123	0.507324	0.6899	raw_pairs	P9016	0	0	0	off	NA	/mnt/ssd/zliu/phase3/test_res/030-20260619_081645-p9016_global_copytrack_1m/outputs/p9016_pcgamma1_sep0_lct0_gct0p1_ieps0p5_noise0_seed17/p9016_full.manifest.tsv	/mnt/ssd/zliu/phase3/test_res/030-20260619_081645-p9016_global_copytrack_1m/summary.tsv
044-20260620_040939-p9016_multiseed_basin_audit_1m	p9016_multiseed_best035_seed23_noise0p05	OK	1	OK	0.303417	0.552153	0.449842	0.526167	0.710717	raw_pairs	P9016	0	0	0	off	NA	/mnt/ssd/zliu/phase3/test_res/044-20260620_040939-p9016_multiseed_basin_audit_1m/outputs/p9016_multiseed_best035_seed23_noise0p05/p9016_multiseed_best035_seed23_noise0p05/p9016_full.manifest.tsv	/mnt/ssd/zliu/phase3/test_res/044-20260620_040939-p9016_multiseed_basin_audit_1m/summary.tsv
012-20260617_111813-p9016_dscale_semantics_regression_1m	current_raw_gpu_exact_ieps0p5_noise0_seed17	OK	1	OK	0.30268	0.49531	0.416077	0.518236	0.573947	raw_pairs	P9016	0	0	0	NA	NA	/mnt/ssd/zliu/phase3/test_res/012-20260617_111813-p9016_dscale_semantics_regression_1m/outputs/current_raw_gpu_exact_ieps0p5_noise0_seed17/p9016_full.manifest.tsv	/mnt/ssd/zliu/phase3/test_res/012-20260617_111813-p9016_dscale_semantics_regression_1m/summary.tsv
045-20260620_055343-p9016_raw_heldout_selection_1m	p9016_heldout_best035_seed71_noise0p05	OK	1	OK	0.302116	0.524962	0.436175	0.508077	0.633453	raw_pairs	P9016	0	0	0	off	NA	/mnt/ssd/zliu/phase3/test_res/045-20260620_055343-p9016_raw_heldout_selection_1m/outputs/p9016_heldout_best035_seed71_noise0p05/p9016_heldout_best035_seed71_noise0p05/p9016_full.manifest.tsv	/mnt/ssd/zliu/phase3/test_res/045-20260620_055343-p9016_raw_heldout_selection_1m/summary.tsv
049-20260620_103248-p9016_trans_dscale_gamma_1m	p9016_transgamma_g0p25_td1_seed17_best035	OK	1	OK	0.301298	0.556424	0.451485	0.504713	0.800419	raw_pairs	P9016	0	0	0	off	NA	/mnt/ssd/zliu/phase3/test_res/049-20260620_103248-p9016_trans_dscale_gamma_1m/outputs/p9016_transgamma_g0p25_td1_seed17_best035/p9016_transgamma_g0p25_td1_seed17_best035/p9016_full.manifest.tsv	/mnt/ssd/zliu/phase3/test_res/049-20260620_103248-p9016_trans_dscale_gamma_1m/summary.tsv
044-20260620_040939-p9016_multiseed_basin_audit_1m	p9016_multiseed_chrpair_m0p5_p4_w10_seed97_noise0p05	OK	1	OK	0.301027	0.535095	0.438817	0.501594	0.756854	raw_pairs	P9016	0	0	0	off	NA	/mnt/ssd/zliu/phase3/test_res/044-20260620_040939-p9016_multiseed_basin_audit_1m/outputs/p9016_multiseed_chrpair_m0p5_p4_w10_seed97_noise0p05/p9016_multiseed_chrpair_m0p5_p4_w10_seed97_noise0p05/p9016_full.manifest.tsv	/mnt/ssd/zliu/phase3/test_res/044-20260620_040939-p9016_multiseed_basin_audit_1m/summary.tsv
022-20260619_004818-p9016_trans_pair_sharpen_warmup_1m	p9016_pcgamma1_prior0p5_power8_warmup10_sep_off	OK	1	OK	0.300062	0.546975	0.445414	0.512193	0.815216	raw_pairs	P9016	0	0	0	NA	NA	/mnt/ssd/zliu/phase3/test_res/022-20260619_004818-p9016_trans_pair_sharpen_warmup_1m/outputs/p9016_pcgamma1_prior0p5_power8_warmup10_sep_off/p9016_full.manifest.tsv	/mnt/ssd/zliu/phase3/test_res/022-20260619_004818-p9016_trans_pair_sharpen_warmup_1m/summary.tsv
022-20260619_004818-p9016_trans_pair_sharpen_warmup_1m	p9016_pcgamma1_msep1_lsep0p5_copytrack0p03_prior0p5_power2_warmup10	OK	1	OK	0.299874	0.552051	0.448325	0.506643	0.807221	raw_pairs	P9016	0	0	0	NA	NA	/mnt/ssd/zliu/phase3/test_res/022-20260619_004818-p9016_trans_pair_sharpen_warmup_1m/outputs/p9016_pcgamma1_msep1_lsep0p5_copytrack0p03_prior0p5_power2_warmup10/p9016_full.manifest.tsv	/mnt/ssd/zliu/phase3/test_res/022-20260619_004818-p9016_trans_pair_sharpen_warmup_1m/summary.tsv
044-20260620_040939-p9016_multiseed_basin_audit_1m	p9016_multiseed_chrpair_m1_p1_w0_seed97_noise0p05	OK	1	OK	0.299569	0.557283	0.451279	0.506859	0.803181	raw_pairs	P9016	0	0	0	off	NA	/mnt/ssd/zliu/phase3/test_res/044-20260620_040939-p9016_multiseed_basin_audit_1m/outputs/p9016_multiseed_chrpair_m1_p1_w0_seed97_noise0p05/p9016_multiseed_chrpair_m1_p1_w0_seed97_noise0p05/p9016_full.manifest.tsv	/mnt/ssd/zliu/phase3/test_res/044-20260620_040939-p9016_multiseed_basin_audit_1m/summary.tsv
031-20260619_105814-p9016_confidence_boost_pairs_1m	p9016_pcgamma1_confboost_pmax_margin_entropy_top0p05_b5_sep0_ieps0p5_noise0_seed17	OK	0	approved_p9016_pairs_unverified	0.299235	0.538817	0.440272	0.514207	0.735932	raw_pairs	P9016	0	0	0	off	NA	/mnt/ssd/zliu/phase3/test_res/031-20260619_105814-p9016_confidence_boost_pairs_1m/outputs/p9016_pcgamma1_confboost_pmax_margin_entropy_top0p05_b5_sep0_ieps0p5_noise0_seed17/p9016_full.manifest.tsv	/mnt/ssd/zliu/phase3/test_res/031-20260619_105814-p9016_confidence_boost_pairs_1m/summary.tsv
031-20260619_105814-p9016_confidence_boost_pairs_1m	p9016_pcgamma1_confboost_pmax_margin_top0p02_b5_msep1_lsep1_ieps0p5_noise0_seed17	OK	0	approved_p9016_pairs_unverified	0.298548	0.544922	0.443583	0.510936	0.762145	raw_pairs	P9016	0	0	0	off	NA	/mnt/ssd/zliu/phase3/test_res/031-20260619_105814-p9016_confidence_boost_pairs_1m/outputs/p9016_pcgamma1_confboost_pmax_margin_top0p02_b5_msep1_lsep1_ieps0p5_noise0_seed17/p9016_full.manifest.tsv	/mnt/ssd/zliu/phase3/test_res/031-20260619_105814-p9016_confidence_boost_pairs_1m/summary.tsv
031-20260619_105814-p9016_confidence_boost_pairs_1m	p9016_pcgamma1_confboost_pmax_margin_entropy_top0p02_b5_sep0_ieps0p5_noise0_seed17	OK	0	approved_p9016_pairs_unverified	0.298131	0.539579	0.440266	0.506532	0.760632	raw_pairs	P9016	0	0	0	off	NA	/mnt/ssd/zliu/phase3/test_res/031-20260619_105814-p9016_confidence_boost_pairs_1m/outputs/p9016_pcgamma1_confboost_pmax_margin_entropy_top0p02_b5_sep0_ieps0p5_noise0_seed17/p9016_full.manifest.tsv	/mnt/ssd/zliu/phase3/test_res/031-20260619_105814-p9016_confidence_boost_pairs_1m/summary.tsv
045-20260620_055343-p9016_raw_heldout_selection_1m	p9016_heldout_chrpair_m1_p1_w0_seed47_noise0p05	OK	1	OK	0.297899	0.562228	0.456913	0.513905	0.810883	raw_pairs	P9016	0	0	0	off	NA	/mnt/ssd/zliu/phase3/test_res/045-20260620_055343-p9016_raw_heldout_selection_1m/outputs/p9016_heldout_chrpair_m1_p1_w0_seed47_noise0p05/p9016_heldout_chrpair_m1_p1_w0_seed47_noise0p05/p9016_full.manifest.tsv	/mnt/ssd/zliu/phase3/test_res/045-20260620_055343-p9016_raw_heldout_selection_1m/summary.tsv
043-20260620_031947-p9016_raw_pairs_remaining_ablation_1m	p9016_rawremain_chain4m1m_chrpair_l0p10_w20_best035	OK	1	OK	0.296804	0.518983	0.427596	0.514089	0.652946	raw_pairs	P9016	0	0	0	off	NA	/mnt/ssd/zliu/phase3/test_res/043-20260620_031947-p9016_raw_pairs_remaining_ablation_1m/outputs/p9016_rawremain_chain4m1m_chrpair_l0p10_w20_best035/1m/p9016_rawremain_chain4m1m_chrpair_l0p10_w20_best035/p9016_full.manifest.tsv	/mnt/ssd/zliu/phase3/test_res/043-20260620_031947-p9016_raw_pairs_remaining_ablation_1m/summary.tsv
022-20260619_004818-p9016_trans_pair_sharpen_warmup_1m	p9016_pcgamma1_prior0p5_power4_warmup10_sep_off	OK	1	OK	0.296527	0.546116	0.443454	0.511318	0.814129	raw_pairs	P9016	0	0	0	NA	NA	/mnt/ssd/zliu/phase3/test_res/022-20260619_004818-p9016_trans_pair_sharpen_warmup_1m/outputs/p9016_pcgamma1_prior0p5_power4_warmup10_sep_off/p9016_full.manifest.tsv	/mnt/ssd/zliu/phase3/test_res/022-20260619_004818-p9016_trans_pair_sharpen_warmup_1m/summary.tsv
031-20260619_105814-p9016_confidence_boost_pairs_1m	p9016_pcgamma1_confboost_pmax_margin_top0p1_b5_sep0_ieps0p5_noise0_seed17	OK	0	approved_p9016_pairs_unverified	0.295707	0.528761	0.432901	0.513172	0.72688	raw_pairs	P9016	0	0	0	off	NA	/mnt/ssd/zliu/phase3/test_res/031-20260619_105814-p9016_confidence_boost_pairs_1m/outputs/p9016_pcgamma1_confboost_pmax_margin_top0p1_b5_sep0_ieps0p5_noise0_seed17/p9016_full.manifest.tsv	/mnt/ssd/zliu/phase3/test_res/031-20260619_105814-p9016_confidence_boost_pairs_1m/summary.tsv
044-20260620_040939-p9016_multiseed_basin_audit_1m	p9016_multiseed_chrpair_m1_p1_w0_seed59_noise0p05	OK	1	OK	0.295235	0.561932	0.452233	0.512075	0.768932	raw_pairs	P9016	0	0	0	off	NA	/mnt/ssd/zliu/phase3/test_res/044-20260620_040939-p9016_multiseed_basin_audit_1m/outputs/p9016_multiseed_chrpair_m1_p1_w0_seed59_noise0p05/p9016_multiseed_chrpair_m1_p1_w0_seed59_noise0p05/p9016_full.manifest.tsv	/mnt/ssd/zliu/phase3/test_res/044-20260620_040939-p9016_multiseed_basin_audit_1m/summary.tsv
031-20260619_105814-p9016_confidence_boost_pairs_1m	p9016_pcgamma1_confboost_pmax_margin_top0p1_b2_msep1_lsep1_ieps0p5_noise0_seed17	OK	0	approved_p9016_pairs_unverified	0.294082	0.53394	0.435281	0.500247	0.722743	raw_pairs	P9016	0	0	0	off	NA	/mnt/ssd/zliu/phase3/test_res/031-20260619_105814-p9016_confidence_boost_pairs_1m/outputs/p9016_pcgamma1_confboost_pmax_margin_top0p1_b2_msep1_lsep1_ieps0p5_noise0_seed17/p9016_full.manifest.tsv	/mnt/ssd/zliu/phase3/test_res/031-20260619_105814-p9016_confidence_boost_pairs_1m/summary.tsv
031-20260619_105814-p9016_confidence_boost_pairs_1m	p9016_pcgamma1_confboost_pmax_margin_top0p05_b5_sep0_ieps0p5_noise0_seed17	OK	0	approved_p9016_pairs_unverified	0.294054	0.531479	0.433821	0.510936	0.73203	raw_pairs	P9016	0	0	0	off	NA	/mnt/ssd/zliu/phase3/test_res/031-20260619_105814-p9016_confidence_boost_pairs_1m/outputs/p9016_pcgamma1_confboost_pmax_margin_top0p05_b5_sep0_ieps0p5_noise0_seed17/p9016_full.manifest.tsv	/mnt/ssd/zliu/phase3/test_res/031-20260619_105814-p9016_confidence_boost_pairs_1m/summary.tsv
021-20260618_234407-p9016_trans_chr_pair_prior_1m	p9016_pcgamma1_msep1_lsep0p5_copytrack0p03_prior0p75	OK	1	OK	0.292963	0.549299	0.443863	0.509602	0.815416	raw_pairs	P9016	0	0	0	NA	NA	/mnt/ssd/zliu/phase3/test_res/021-20260618_234407-p9016_trans_chr_pair_prior_1m/outputs/p9016_pcgamma1_msep1_lsep0p5_copytrack0p03_prior0p75/p9016_full.manifest.tsv	/mnt/ssd/zliu/phase3/test_res/021-20260618_234407-p9016_trans_chr_pair_prior_1m/summary.tsv
031-20260619_105814-p9016_confidence_boost_pairs_1m	p9016_pcgamma1_confboost_pmax_margin_top0p05_b2_sep0_ieps0p5_noise0_seed17	OK	0	approved_p9016_pairs_unverified	0.291956	0.543854	0.440243	0.502365	0.739751	raw_pairs	P9016	0	0	0	off	NA	/mnt/ssd/zliu/phase3/test_res/031-20260619_105814-p9016_confidence_boost_pairs_1m/outputs/p9016_pcgamma1_confboost_pmax_margin_top0p05_b2_sep0_ieps0p5_noise0_seed17/p9016_full.manifest.tsv	/mnt/ssd/zliu/phase3/test_res/031-20260619_105814-p9016_confidence_boost_pairs_1m/summary.tsv
031-20260619_105814-p9016_confidence_boost_pairs_1m	p9016_pcgamma1_confboost_pmax_margin_top0p05_b5_msep1_lsep1_ieps0p5_noise0_seed17	OK	0	approved_p9016_pairs_unverified	0.291477	0.540797	0.438246	0.501733	0.743593	raw_pairs	P9016	0	0	0	off	NA	/mnt/ssd/zliu/phase3/test_res/031-20260619_105814-p9016_confidence_boost_pairs_1m/outputs/p9016_pcgamma1_confboost_pmax_margin_top0p05_b5_msep1_lsep1_ieps0p5_noise0_seed17/p9016_full.manifest.tsv	/mnt/ssd/zliu/phase3/test_res/031-20260619_105814-p9016_confidence_boost_pairs_1m/summary.tsv
031-20260619_105814-p9016_confidence_boost_pairs_1m	p9016_pcgamma1_confboost_pmax_margin_top0p1_b2_sep0_ieps0p5_noise0_seed17	OK	0	approved_p9016_pairs_unverified	0.29063	0.529737	0.431387	0.497163	0.704715	raw_pairs	P9016	0	0	0	off	NA	/mnt/ssd/zliu/phase3/test_res/031-20260619_105814-p9016_confidence_boost_pairs_1m/outputs/p9016_pcgamma1_confboost_pmax_margin_top0p1_b2_sep0_ieps0p5_noise0_seed17/p9016_full.manifest.tsv	/mnt/ssd/zliu/phase3/test_res/031-20260619_105814-p9016_confidence_boost_pairs_1m/summary.tsv
033-20260619_131815-p9016_trans_top1_mstep_1m	p9016_pcgamma1_top1hard_pmax0p30_m0p02_td1_sep0	OK	1	OK	0.290526	0.523807	0.427853	0.518361	0.783327	raw_pairs	P9016	0	0	0	off	NA	/mnt/ssd/zliu/phase3/test_res/033-20260619_131815-p9016_trans_top1_mstep_1m/outputs/p9016_pcgamma1_top1hard_pmax0p30_m0p02_td1_sep0/p9016_full.manifest.tsv	/mnt/ssd/zliu/phase3/test_res/033-20260619_131815-p9016_trans_top1_mstep_1m/summary.tsv
021-20260618_234407-p9016_trans_chr_pair_prior_1m	p9016_pcgamma1_prior0p75_sep_off	OK	1	OK	0.289845	0.542287	0.438452	0.499385	0.806051	raw_pairs	P9016	0	0	0	NA	NA	/mnt/ssd/zliu/phase3/test_res/021-20260618_234407-p9016_trans_chr_pair_prior_1m/outputs/p9016_pcgamma1_prior0p75_sep_off/p9016_full.manifest.tsv	/mnt/ssd/zliu/phase3/test_res/021-20260618_234407-p9016_trans_chr_pair_prior_1m/summary.tsv
031-20260619_105814-p9016_confidence_boost_pairs_1m	p9016_pcgamma1_confboost_pmax_margin_top0p2_b2_sep0_ieps0p5_noise0_seed17	OK	0	approved_p9016_pairs_unverified	0.289164	0.513081	0.420979	0.517951	0.759403	raw_pairs	P9016	0	0	0	off	NA	/mnt/ssd/zliu/phase3/test_res/031-20260619_105814-p9016_confidence_boost_pairs_1m/outputs/p9016_pcgamma1_confboost_pmax_margin_top0p2_b2_sep0_ieps0p5_noise0_seed17/p9016_full.manifest.tsv	/mnt/ssd/zliu/phase3/test_res/031-20260619_105814-p9016_confidence_boost_pairs_1m/summary.tsv
011-20260617_014152-p9016_regression_copytrack_1m	legacy_1m_cpu_exact_ieps0p5_noise0_seed17	OK	1	OK	0.288164	0.494038	0.409357	0.502872	0.572039	raw_pairs	P9016	0	0	0	NA	NA	/mnt/ssd/zliu/phase3/test_res/011-20260617_014152-p9016_regression_copytrack_1m/outputs/legacy_1m_cpu_exact_ieps0p5_noise0_seed17/p9016_full.manifest.tsv	/mnt/ssd/zliu/phase3/test_res/011-20260617_014152-p9016_regression_copytrack_1m/summary.tsv
012-20260617_111813-p9016_dscale_semantics_regression_1m	current_raw_cpu_exact_ieps0p5_noise0_seed17	OK	1	OK	0.288164	0.494038	0.409357	0.502872	0.572039	raw_pairs	P9016	0	0	0	NA	NA	/mnt/ssd/zliu/phase3/test_res/012-20260617_111813-p9016_dscale_semantics_regression_1m/outputs/current_raw_cpu_exact_ieps0p5_noise0_seed17/p9016_full.manifest.tsv	/mnt/ssd/zliu/phase3/test_res/012-20260617_111813-p9016_dscale_semantics_regression_1m/summary.tsv
014-20260617_205632-p9016_p1006_dscale_gamma_sep_1m	p9016_pcgamma0_sep_off_ieps0p5_noise0_seed17	OK	1	OK	0.288074	0.496261	0.410629	0.503775	0.57727	raw_pairs	P9016	0	0	0	NA	NA	/mnt/ssd/zliu/phase3/test_res/014-20260617_205632-p9016_p1006_dscale_gamma_sep_1m/outputs/P9016/p9016_pcgamma0_sep_off_ieps0p5_noise0_seed17/p9016_full.manifest.tsv	/mnt/ssd/zliu/phase3/test_res/014-20260617_205632-p9016_p1006_dscale_gamma_sep_1m/summary.tsv
045-20260620_055343-p9016_raw_heldout_selection_1m	p9016_heldout_td1_seed17_noise0	OK	1	OK	0.287868	0.543707	0.441775	0.517195	0.770306	raw_pairs	P9016	0	0	0	off	NA	/mnt/ssd/zliu/phase3/test_res/045-20260620_055343-p9016_raw_heldout_selection_1m/outputs/p9016_heldout_td1_seed17_noise0/p9016_heldout_td1_seed17_noise0/p9016_full.manifest.tsv	/mnt/ssd/zliu/phase3/test_res/045-20260620_055343-p9016_raw_heldout_selection_1m/summary.tsv
011-20260617_014152-p9016_regression_copytrack_1m	legacy_1m_gpu_exact_ieps0p5_noise0_seed17	OK	1	OK	0.28756	0.495188	0.409786	0.504185	0.571805	raw_pairs	P9016	0	0	0	NA	NA	/mnt/ssd/zliu/phase3/test_res/011-20260617_014152-p9016_regression_copytrack_1m/outputs/legacy_1m_gpu_exact_ieps0p5_noise0_seed17/p9016_full.manifest.tsv	/mnt/ssd/zliu/phase3/test_res/011-20260617_014152-p9016_regression_copytrack_1m/summary.tsv
043-20260620_031947-p9016_raw_pairs_remaining_ablation_1m	p9016_rawremain_chain4m1m_best035	OK	1	OK	0.286157	0.505486	0.415271	0.505789	0.609572	raw_pairs	P9016	0	0	0	off	NA	/mnt/ssd/zliu/phase3/test_res/043-20260620_031947-p9016_raw_pairs_remaining_ablation_1m/outputs/p9016_rawremain_chain4m1m_best035/1m/p9016_rawremain_chain4m1m_best035/p9016_full.manifest.tsv	/mnt/ssd/zliu/phase3/test_res/043-20260620_031947-p9016_raw_pairs_remaining_ablation_1m/summary.tsv
033-20260619_131815-p9016_trans_top1_mstep_1m	p9016_pcgamma1_top1hard_pmax0p40_m0_td1_sep0	OK	1	OK	0.285143	0.520511	0.423699	0.498142	0.775418	raw_pairs	P9016	0	0	0	off	NA	/mnt/ssd/zliu/phase3/test_res/033-20260619_131815-p9016_trans_top1_mstep_1m/outputs/p9016_pcgamma1_top1hard_pmax0p40_m0_td1_sep0/p9016_full.manifest.tsv	/mnt/ssd/zliu/phase3/test_res/033-20260619_131815-p9016_trans_top1_mstep_1m/summary.tsv
027-20260619_034240-p9016_contacts_seg_source_sweep_1m_fast20	p9016_seg_all_pcgamma1_ieps0p5_noise0_seed17	OK	0	approved_p9016_pairs_unverified	0.282582	0.52912	0.450147	0.49392	0.789421	raw_pairs	P9016	0	0	0	NA	NA	/mnt/ssd/zliu/phase3/test_res/027-20260619_034240-p9016_contacts_seg_source_sweep_1m_fast20/outputs/p9016_seg_all_pcgamma1_ieps0p5_noise0_seed17/p9016_full.manifest.tsv	/mnt/ssd/zliu/phase3/test_res/027-20260619_034240-p9016_contacts_seg_source_sweep_1m_fast20/summary.tsv
045-20260620_055343-p9016_raw_heldout_selection_1m	p9016_heldout_chrpair_m1_p1_w0_seed71_noise0p05	OK	1	OK	0.280671	0.571425	0.455582	0.480921	0.791879	raw_pairs	P9016	0	0	0	off	NA	/mnt/ssd/zliu/phase3/test_res/045-20260620_055343-p9016_raw_heldout_selection_1m/outputs/p9016_heldout_chrpair_m1_p1_w0_seed71_noise0p05/p9016_heldout_chrpair_m1_p1_w0_seed71_noise0p05/p9016_full.manifest.tsv	/mnt/ssd/zliu/phase3/test_res/045-20260620_055343-p9016_raw_heldout_selection_1m/summary.tsv
027-20260619_034240-p9016_contacts_seg_source_sweep_1m_fast20	p9016_seg_multiseg_pcgamma1_ieps0p5_noise0_seed17	OK	0	approved_p9016_pairs_unverified	0.280611	0.514744	0.447867	0.529227	0.787611	raw_pairs	P9016	0	0	0	NA	NA	/mnt/ssd/zliu/phase3/test_res/027-20260619_034240-p9016_contacts_seg_source_sweep_1m_fast20/outputs/p9016_seg_multiseg_pcgamma1_ieps0p5_noise0_seed17/p9016_full.manifest.tsv	/mnt/ssd/zliu/phase3/test_res/027-20260619_034240-p9016_contacts_seg_source_sweep_1m_fast20/summary.tsv
033-20260619_131815-p9016_trans_top1_mstep_1m	p9016_pcgamma1_top1hard_pmax0p35_m0p02_td0p5_sep0	OK	1	OK	0.280059	0.505811	0.412954	0.508255	0.736093	raw_pairs	P9016	0	0	0	off	NA	/mnt/ssd/zliu/phase3/test_res/033-20260619_131815-p9016_trans_top1_mstep_1m/outputs/p9016_pcgamma1_top1hard_pmax0p35_m0p02_td0p5_sep0/p9016_full.manifest.tsv	/mnt/ssd/zliu/phase3/test_res/033-20260619_131815-p9016_trans_top1_mstep_1m/summary.tsv
033-20260619_131815-p9016_trans_top1_mstep_1m	p9016_pcgamma1_top1hard_pmax0p35_m0_td1_sep0	OK	1	OK	0.2791	0.527961	0.425599	0.504004	0.787892	raw_pairs	P9016	0	0	0	off	NA	/mnt/ssd/zliu/phase3/test_res/033-20260619_131815-p9016_trans_top1_mstep_1m/outputs/p9016_pcgamma1_top1hard_pmax0p35_m0_td1_sep0/p9016_full.manifest.tsv	/mnt/ssd/zliu/phase3/test_res/033-20260619_131815-p9016_trans_top1_mstep_1m/summary.tsv
033-20260619_131815-p9016_trans_top1_mstep_1m	p9016_pcgamma1_top1hard_pmax0p50_m0_td1_sep0	OK	1	OK	0.277273	0.519754	0.420016	0.502886	0.782778	raw_pairs	P9016	0	0	0	off	NA	/mnt/ssd/zliu/phase3/test_res/033-20260619_131815-p9016_trans_top1_mstep_1m/outputs/p9016_pcgamma1_top1hard_pmax0p50_m0_td1_sep0/p9016_full.manifest.tsv	/mnt/ssd/zliu/phase3/test_res/033-20260619_131815-p9016_trans_top1_mstep_1m/summary.tsv
049-20260620_103248-p9016_trans_dscale_gamma_1m	p9016_transgamma_g1_td1_seed71_best035	OK	1	OK	0.277141	0.543961	0.434212	0.491669	0.791948	raw_pairs	P9016	0	0	0	off	NA	/mnt/ssd/zliu/phase3/test_res/049-20260620_103248-p9016_trans_dscale_gamma_1m/outputs/p9016_transgamma_g1_td1_seed71_best035/p9016_transgamma_g1_td1_seed71_best035/p9016_full.manifest.tsv	/mnt/ssd/zliu/phase3/test_res/049-20260620_103248-p9016_trans_dscale_gamma_1m/summary.tsv
012-20260617_111813-p9016_dscale_semantics_regression_1m	posterior_count_common_sep_off_ieps1_noise0p05_seed17	OK	1	OK	0.275259	0.550382	0.437218	0.49917	0.815783	raw_pairs	P9016	0	0	0	NA	NA	/mnt/ssd/zliu/phase3/test_res/012-20260617_111813-p9016_dscale_semantics_regression_1m/outputs/posterior_count_common_sep_off_ieps1_noise0p05_seed17/p9016_full.manifest.tsv	/mnt/ssd/zliu/phase3/test_res/012-20260617_111813-p9016_dscale_semantics_regression_1m/summary.tsv
012-20260617_111813-p9016_dscale_semantics_regression_1m	posterior_count_common_msep1p5_lsep1_ieps1_noise0p05_seed17	OK	1	OK	0.275148	0.54979	0.436823	0.499128	0.816021	raw_pairs	P9016	0	0	0	NA	NA	/mnt/ssd/zliu/phase3/test_res/012-20260617_111813-p9016_dscale_semantics_regression_1m/outputs/posterior_count_common_msep1p5_lsep1_ieps1_noise0p05_seed17/p9016_full.manifest.tsv	/mnt/ssd/zliu/phase3/test_res/012-20260617_111813-p9016_dscale_semantics_regression_1m/summary.tsv
033-20260619_131815-p9016_trans_top1_mstep_1m	p9016_pcgamma1_top1hard_pmax0p35_m0p02_td1_msep1_lsep1	OK	1	OK	0.268946	0.521365	0.417539	0.499753	0.772309	raw_pairs	P9016	0	0	0	off	NA	/mnt/ssd/zliu/phase3/test_res/033-20260619_131815-p9016_trans_top1_mstep_1m/outputs/p9016_pcgamma1_top1hard_pmax0p35_m0p02_td1_msep1_lsep1/p9016_full.manifest.tsv	/mnt/ssd/zliu/phase3/test_res/033-20260619_131815-p9016_trans_top1_mstep_1m/summary.tsv
033-20260619_131815-p9016_trans_top1_mstep_1m	p9016_pcgamma1_top1hard_pmax0p35_m0p02_td1_sep0	OK	1	OK	0.267765	0.523768	0.418468	0.499469	0.770581	raw_pairs	P9016	0	0	0	off	NA	/mnt/ssd/zliu/phase3/test_res/033-20260619_131815-p9016_trans_top1_mstep_1m/outputs/p9016_pcgamma1_top1hard_pmax0p35_m0p02_td1_sep0/p9016_full.manifest.tsv	/mnt/ssd/zliu/phase3/test_res/033-20260619_131815-p9016_trans_top1_mstep_1m/summary.tsv
033-20260619_131815-p9016_trans_top1_mstep_1m	p9016_pcgamma1_top1hard_pmax0p30_m0_td1_sep0	OK	1	OK	0.26732	0.522496	0.417537	0.496857	0.779285	raw_pairs	P9016	0	0	0	off	NA	/mnt/ssd/zliu/phase3/test_res/033-20260619_131815-p9016_trans_top1_mstep_1m/outputs/p9016_pcgamma1_top1hard_pmax0p30_m0_td1_sep0/p9016_full.manifest.tsv	/mnt/ssd/zliu/phase3/test_res/033-20260619_131815-p9016_trans_top1_mstep_1m/summary.tsv
027-20260619_030956-p9016_contacts_seg_source_sweep_1m	p9016_seg_multiseg_pcgamma1_ieps0p5_noise0_seed17	OK	0	approved_p9016_pairs_unverified	0.266229	0.521484	0.448574	0.477873	0.792498	raw_pairs	P9016	0	0	0	NA	NA	/mnt/ssd/zliu/phase3/test_res/027-20260619_030956-p9016_contacts_seg_source_sweep_1m/outputs/p9016_seg_multiseg_pcgamma1_ieps0p5_noise0_seed17/p9016_full.manifest.tsv	/mnt/ssd/zliu/phase3/test_res/027-20260619_030956-p9016_contacts_seg_source_sweep_1m/summary.tsv
016-20260618_150851-p9016_charm_contacts_condition_sweep_1m	p9016_charm3dg20k_2pr_random_haploid_pcgamma1_sep_off	OK	0	input_contact_source=charm3dg_derived_pairs;uses_charm_or_reference=1;uses_charm_for_training=1	0.26599	0.326371	0.318423	0.497403	0.180361	charm3dg_derived_pairs	P9016	0	1	1	NA	NA	/mnt/ssd/zliu/phase3/test_res/016-20260618_150851-p9016_charm_contacts_condition_sweep_1m/outputs/2pr/p9016_charm3dg20k_2pr_random_haploid_pcgamma1_sep_off/p9016_full.manifest.tsv	/mnt/ssd/zliu/phase3/test_res/016-20260618_150851-p9016_charm_contacts_condition_sweep_1m/summary.tsv
042-20260620_022516-p9016_trans_gate_mstep_1m	p9016_transgate_ne0p10_best035	OK	1	OK	0.265667	0.547261	0.431435	0.497614	0.68524	raw_pairs	P9016	0	0	0	off	NA	/mnt/ssd/zliu/phase3/test_res/042-20260620_022516-p9016_trans_gate_mstep_1m/outputs/p9016_transgate_ne0p10_best035/p9016_full.manifest.tsv	/mnt/ssd/zliu/phase3/test_res/042-20260620_022516-p9016_trans_gate_mstep_1m/summary.tsv
016-20260618_150851-p9016_charm_contacts_condition_sweep_1m	p9016_charm3dg20k_1pr_random_haploid_pcgamma1_sep_off	OK	0	input_contact_source=charm3dg_derived_pairs;uses_charm_or_reference=1;uses_charm_for_training=1	0.265648	0.345801	0.336064	0.507587	0.204433	charm3dg_derived_pairs	P9016	0	1	1	NA	NA	/mnt/ssd/zliu/phase3/test_res/016-20260618_150851-p9016_charm_contacts_condition_sweep_1m/outputs/1pr/p9016_charm3dg20k_1pr_random_haploid_pcgamma1_sep_off/p9016_full.manifest.tsv	/mnt/ssd/zliu/phase3/test_res/016-20260618_150851-p9016_charm_contacts_condition_sweep_1m/summary.tsv
016-20260618_150851-p9016_charm_contacts_condition_sweep_1m	p9016_charm3dg20k_1pr_random_diploid_pcgamma1_sep_off	OK	0	input_contact_source=charm3dg_derived_pairs;uses_charm_or_reference=1;uses_charm_for_training=1	0.254419	0.291835	0.28729	0.484371	0.123741	charm3dg_derived_pairs	P9016	0	1	1	NA	NA	/mnt/ssd/zliu/phase3/test_res/016-20260618_150851-p9016_charm_contacts_condition_sweep_1m/outputs/1pr/p9016_charm3dg20k_1pr_random_diploid_pcgamma1_sep_off/p9016_full.manifest.tsv	/mnt/ssd/zliu/phase3/test_res/016-20260618_150851-p9016_charm_contacts_condition_sweep_1m/summary.tsv
027-20260619_030956-p9016_contacts_seg_source_sweep_1m	p9016_seg_multichrom_pcgamma1_ieps0p5_noise0_seed17	OK	0	approved_p9016_pairs_unverified	0.254006	nan	0.254006	0.502623	0.603643	raw_pairs	P9016	0	0	0	NA	NA	/mnt/ssd/zliu/phase3/test_res/027-20260619_030956-p9016_contacts_seg_source_sweep_1m/outputs/p9016_seg_multichrom_pcgamma1_ieps0p5_noise0_seed17/p9016_full.manifest.tsv	/mnt/ssd/zliu/phase3/test_res/027-20260619_030956-p9016_contacts_seg_source_sweep_1m/summary.tsv
027-20260619_034240-p9016_contacts_seg_source_sweep_1m_fast20	p9016_seg_multichrom_pcgamma1_ieps0p5_noise0_seed17	OK	0	approved_p9016_pairs_unverified	0.252508	nan	0.252508	0.503621	0.684903	raw_pairs	P9016	0	0	0	NA	NA	/mnt/ssd/zliu/phase3/test_res/027-20260619_034240-p9016_contacts_seg_source_sweep_1m_fast20/outputs/p9016_seg_multichrom_pcgamma1_ieps0p5_noise0_seed17/p9016_full.manifest.tsv	/mnt/ssd/zliu/phase3/test_res/027-20260619_034240-p9016_contacts_seg_source_sweep_1m_fast20/summary.tsv
029-20260619_061138-p9016_readgroup_joint_marginal_1m	p9016_seg_multiseg_multichrom_readgroup_joint_pcgamma1_ieps0p5_noise0_seed17	OK	0	input_contact_source=contacts_seg_derived_pairs;readgroup_mode=joint_marginal	0.250306	nan	0.250306	0.503516	0.279528	contacts_seg_derived_pairs	P9016	0	0	0	joint_marginal	NA	/mnt/ssd/zliu/phase3/test_res/029-20260619_061138-p9016_readgroup_joint_marginal_1m/outputs/p9016_seg_multiseg_multichrom_readgroup_joint_pcgamma1_ieps0p5_noise0_seed17/p9016_full.manifest.tsv	/mnt/ssd/zliu/phase3/test_res/029-20260619_061138-p9016_readgroup_joint_marginal_1m/summary.tsv
042-20260620_022516-p9016_trans_gate_mstep_1m	p9016_transgate_ne0p05_best035	OK	1	OK	0.24813	0.533784	0.416288	0.496774	0.632907	raw_pairs	P9016	0	0	0	off	NA	/mnt/ssd/zliu/phase3/test_res/042-20260620_022516-p9016_trans_gate_mstep_1m/outputs/p9016_transgate_ne0p05_best035/p9016_full.manifest.tsv	/mnt/ssd/zliu/phase3/test_res/042-20260620_022516-p9016_trans_gate_mstep_1m/summary.tsv
027-20260619_030956-p9016_contacts_seg_source_sweep_1m	p9016_seg_multiseg_multichrom_pcgamma1_ieps0p5_noise0_seed17	OK	0	approved_p9016_pairs_unverified	0.247202	nan	0.247202	0.489408	0.616479	raw_pairs	P9016	0	0	0	NA	NA	/mnt/ssd/zliu/phase3/test_res/027-20260619_030956-p9016_contacts_seg_source_sweep_1m/outputs/p9016_seg_multiseg_multichrom_pcgamma1_ieps0p5_noise0_seed17/p9016_full.manifest.tsv	/mnt/ssd/zliu/phase3/test_res/027-20260619_030956-p9016_contacts_seg_source_sweep_1m/summary.tsv
027-20260619_034240-p9016_contacts_seg_source_sweep_1m_fast20	p9016_seg_multiseg_multichrom_pcgamma1_ieps0p5_noise0_seed17	OK	0	approved_p9016_pairs_unverified	0.247202	nan	0.247202	0.486649	0.653222	raw_pairs	P9016	0	0	0	NA	NA	/mnt/ssd/zliu/phase3/test_res/027-20260619_034240-p9016_contacts_seg_source_sweep_1m_fast20/outputs/p9016_seg_multiseg_multichrom_pcgamma1_ieps0p5_noise0_seed17/p9016_full.manifest.tsv	/mnt/ssd/zliu/phase3/test_res/027-20260619_034240-p9016_contacts_seg_source_sweep_1m_fast20/summary.tsv
029-20260619_061138-p9016_readgroup_joint_marginal_1m	p9016_seg_multiseg_multichrom_pairwise_pcgamma1_ieps0p5_noise0_seed17	OK	0	input_contact_source=contacts_seg_derived_pairs	0.247202	nan	0.247202	0.489408	0.616479	contacts_seg_derived_pairs	P9016	0	0	0	off	NA	/mnt/ssd/zliu/phase3/test_res/029-20260619_061138-p9016_readgroup_joint_marginal_1m/outputs/p9016_seg_multiseg_multichrom_pairwise_pcgamma1_ieps0p5_noise0_seed17/p9016_full.manifest.tsv	/mnt/ssd/zliu/phase3/test_res/029-20260619_061138-p9016_readgroup_joint_marginal_1m/summary.tsv
