config_name	policy	chrom1	chrom2	all_score0	all_score1	all_score2	all_score3	split_a_score0	split_a_score1	split_a_score2	split_a_score3	split_b_score0	split_b_score1	split_b_score2	split_b_score3	all_selected_swap_code	split_a_selected_swap_code	split_b_selected_swap_code	split_agree
p9016_multiseed_best035_seed17_noise0	geom_nearest_gap	chr1	chr10	5603.56043	0	0	0	2786.95604	0	0	0	2816.60438	0	0	0	0	0	0	1
p9016_multiseed_best035_seed17_noise0	geom_nearest_gap	chr1	chr11	7085.17908	0	0	0	3302.98662	0	0	0	3782.19246	0	0	0	0	0	0	1
p9016_multiseed_best035_seed17_noise0	geom_nearest_gap	chr1	chr12	3258.49495	0	0	0.187248892	1644.45995	0	0	0.187248892	1614.035	0	0	0	0	0	0	1
p9016_multiseed_best035_seed17_noise0	geom_nearest_gap	chr1	chr13	3151.79756	0	0	0	1521.39694	0	0	0	1630.40062	0	0	0	0	0	0	1
p9016_multiseed_best035_seed17_noise0	geom_nearest_gap	chr1	chr14	3358.51104	0	0	0	1706.41868	0	0	0	1652.09237	0	0	0	0	0	0	1
p9016_multiseed_best035_seed17_noise0	geom_nearest_gap	chr1	chr15	7015.73453	0	0	0	3533.33251	0	0	0	3482.40202	0	0	0	0	0	0	1
p9016_multiseed_best035_seed17_noise0	geom_nearest_gap	chr1	chr16	3066.00064	0	0	0	1573.86359	0	0	0	1492.13705	0	0	0	0	0	0	1
p9016_multiseed_best035_seed17_noise0	geom_nearest_gap	chr1	chr17	3663.5696	0	0	17.6012264	1835.11278	0	0	9.20642109	1828.45681	0	0	8.39480529	0	0	0	1
p9016_multiseed_best035_seed17_noise0	geom_nearest_gap	chr1	chr18	3857.66008	0	0	0	1828.58338	0	0	0	2029.0767	0	0	0	0	0	0	1
p9016_multiseed_best035_seed17_noise0	geom_nearest_gap	chr1	chr19	969.963791	0	0	0	493.555378	0	0	0	476.408413	0	0	0	0	0	0	1
p9016_multiseed_best035_seed17_noise0	geom_nearest_gap	chr1	chr2	6050.09311	0	0	0.0277277986	2772.74335	0	0	0.0277277986	3277.34976	0	0	0	0	0	0	1
p9016_multiseed_best035_seed17_noise0	geom_nearest_gap	chr1	chr3	2860.14035	0	0	0	1447.83789	0	0	0	1412.30246	0	0	0	0	0	0	1
p9016_multiseed_best035_seed17_noise0	geom_nearest_gap	chr1	chr4	12833.9638	0	0	0	6273.09781	0	0	0	6560.86598	0	0	0	0	0	0	1
p9016_multiseed_best035_seed17_noise0	geom_nearest_gap	chr1	chr5	4292.35225	0	0	0	2093.06908	0	0	0	2199.28317	0	0	0	0	0	0	1
p9016_multiseed_best035_seed17_noise0	geom_nearest_gap	chr1	chr6	12216.0165	0	0	0	5853.22833	0	0	0	6362.7882	0	0	0	0	0	0	1
p9016_multiseed_best035_seed17_noise0	geom_nearest_gap	chr1	chr7	5212.33064	0	0	0	2666.60537	0	0	0	2545.72527	0	0	0	0	0	0	1
p9016_multiseed_best035_seed17_noise0	geom_nearest_gap	chr1	chr8	7969.82199	0.202917977	0	0	4195.0626	0.202917977	0	0	3774.75939	0	0	0	0	0	0	1
p9016_multiseed_best035_seed17_noise0	geom_nearest_gap	chr1	chr9	6455.31854	0	0	0	3002.85825	0	0	0	3452.46029	0	0	0	0	0	0	1
p9016_multiseed_best035_seed17_noise0	geom_nearest_gap	chr1	chrX	9370.543	0	0	4.1038247	4759.27827	0	0	1.18509182	4611.26473	0	0	2.91873288	0	0	0	1
p9016_multiseed_best035_seed17_noise0	geom_nearest_gap	chr10	chr11	1820.33005	0	0	0	909.974649	0	0	0	910.355402	0	0	0	0	0	0	1
p9016_multiseed_best035_seed17_noise0	geom_nearest_gap	chr10	chr12	6309.7007	0	0	0	3599.7868	0	0	0	2709.9139	0	0	0	0	0	0	1
p9016_multiseed_best035_seed17_noise0	geom_nearest_gap	chr10	chr13	3978.53184	0	0	0.995642768	1965.55464	0	0	0.995642768	2012.9772	0	0	0	0	0	0	1
p9016_multiseed_best035_seed17_noise0	geom_nearest_gap	chr10	chr14	1404.851	0	0	0	696.168639	0	0	0	708.682359	0	0	0	0	0	0	1
p9016_multiseed_best035_seed17_noise0	geom_nearest_gap	chr10	chr15	3928.12541	0	2.04733109	5.45850708	1851.30446	0	0.206623786	0	2076.82095	0	1.8407073	5.45850708	0	0	0	1
p9016_multiseed_best035_seed17_noise0	geom_nearest_gap	chr10	chr16	5450.62476	0	7.73577547	0	2508.82557	0	4.44305677	0	2941.79919	0	3.2927187	0	0	0	0	1
p9016_multiseed_best035_seed17_noise0	geom_nearest_gap	chr10	chr17	5292.7981	0	0	0	2832.57646	0	0	0	2460.22163	0	0	0	0	0	0	1
p9016_multiseed_best035_seed17_noise0	geom_nearest_gap	chr10	chr18	1864.93419	0	0	0	936.872388	0	0	0	928.061801	0	0	0	0	0	0	1
p9016_multiseed_best035_seed17_noise0	geom_nearest_gap	chr10	chr19	676.13508	9.79969413	0	0	340.591839	3.63138919	0	0	335.543241	6.16830494	0	0	0	0	0	1
p9016_multiseed_best035_seed17_noise0	geom_nearest_gap	chr10	chrX	3133.41279	0	0	0	1584.36161	0	0	0	1549.05119	0	0	0	0	0	0	1
p9016_multiseed_best035_seed17_noise0	geom_nearest_gap	chr11	chr12	2924.50831	0	0	0	1481.63561	0	0	0	1442.8727	0	0	0	0	0	0	1
p9016_multiseed_best035_seed17_noise0	geom_nearest_gap	chr11	chr13	5319.91941	0	0	3.19833231	2746.33907	0	0	2.8035637	2573.58034	0	0	0.394768609	0	0	0	1
p9016_multiseed_best035_seed17_noise0	geom_nearest_gap	chr11	chr14	7600.76565	0	0	0	3768.13963	0	0	0	3832.62601	0	0	0	0	0	0	1
p9016_multiseed_best035_seed17_noise0	geom_nearest_gap	chr11	chr15	2057.56001	0	0	0	984.123583	0	0	0	1073.43643	0	0	0	0	0	0	1
p9016_multiseed_best035_seed17_noise0	geom_nearest_gap	chr11	chr16	2870.04178	0	0	0	1429.71993	0	0	0	1440.32185	0	0	0	0	0	0	1
p9016_multiseed_best035_seed17_noise0	geom_nearest_gap	chr11	chr17	2409.90214	0	0	0	1181.58048	0	0	0	1228.32166	0	0	0	0	0	0	1
p9016_multiseed_best035_seed17_noise0	geom_nearest_gap	chr11	chr18	1954.90376	0	0	0	1026.06212	0	0	0	928.84164	0	0	0	0	0	0	1
p9016_multiseed_best035_seed17_noise0	geom_nearest_gap	chr11	chr19	4005.14785	3.06538891	0	0	1938.66024	1.96650787	0	0	2066.48761	1.09888104	0	0	0	0	0	1
p9016_multiseed_best035_seed17_noise0	geom_nearest_gap	chr11	chrX	7937.9352	1.06681742	0	8.62459399	4302.39276	0.139284442	0	1.7140365	3635.54244	0.927532983	0	6.91055749	0	0	0	1
p9016_multiseed_best035_seed17_noise0	geom_nearest_gap	chr12	chr13	7381.59779	19.5987873	0	34.2092999	3613.07634	8.16297247	0	10.1690535	3768.52145	11.4358148	0	24.0402464	0	0	0	1
p9016_multiseed_best035_seed17_noise0	geom_nearest_gap	chr12	chr14	1177.56237	0	0	0	608.820076	0	0	0	568.742295	0	0	0	0	0	0	1
p9016_multiseed_best035_seed17_noise0	geom_nearest_gap	chr12	chr15	7300.00363	0	0	0	3537.53011	0	0	0	3762.47352	0	0	0	0	0	0	1
p9016_multiseed_best035_seed17_noise0	geom_nearest_gap	chr12	chr16	1061.44225	0	0	0	551.536281	0	0	0	509.905965	0	0	0	0	0	0	1
p9016_multiseed_best035_seed17_noise0	geom_nearest_gap	chr12	chr17	2706.57743	0	0	5.10339072	1413.74074	0	0	3.22607147	1292.83669	0	0	1.87731925	0	0	0	1
p9016_multiseed_best035_seed17_noise0	geom_nearest_gap	chr12	chr18	1601.53091	0	0	0	656.701764	0	0	0	944.829145	0	0	0	0	0	0	1
p9016_multiseed_best035_seed17_noise0	geom_nearest_gap	chr12	chr19	1709.02806	24.374148	0	0	604.33579	13.1810609	0	0	1104.69227	11.1930871	0	0	0	0	0	1
p9016_multiseed_best035_seed17_noise0	geom_nearest_gap	chr12	chrX	2136.24511	0	0	0	1082.41926	0	0	0	1053.82585	0	0	0	0	0	0	1
p9016_multiseed_best035_seed17_noise0	geom_nearest_gap	chr13	chr14	2855.65268	4.80307556	0	0	1321.60099	2.35584036	0	0	1534.05169	2.4472352	0	0	0	0	0	1
p9016_multiseed_best035_seed17_noise0	geom_nearest_gap	chr13	chr15	1078.32199	0	1.39424838	0	525.828585	0	0.307352404	0	552.493402	0	1.08689597	0	0	0	0	1
p9016_multiseed_best035_seed17_noise0	geom_nearest_gap	chr13	chr16	5022.0222	0	0	0	2572.19382	0	0	0	2449.82837	0	0	0	0	0	0	1
p9016_multiseed_best035_seed17_noise0	geom_nearest_gap	chr13	chr17	6247.93944	0	0	0.175145767	3165.92255	0	0	0.175145767	3082.01689	0	0	0	0	0	0	1
p9016_multiseed_best035_seed17_noise0	geom_nearest_gap	chr13	chr18	4958.60747	0	0	1.30450419	2285.28711	0	0	0.74328222	2673.32036	0	0	0.561221969	0	0	0	1
p9016_multiseed_best035_seed17_noise0	geom_nearest_gap	chr13	chr19	2432.00052	97.2362747	0	3.66576297	1069.48212	44.9179425	0	0.943730287	1362.5184	52.3183322	0	2.72203268	0	0	0	1
p9016_multiseed_best035_seed17_noise0	geom_nearest_gap	chr13	chrX	3145.93665	0	0	0	1620.68886	0	0	0	1525.24779	0	0	0	0	0	0	1
p9016_multiseed_best035_seed17_noise0	geom_nearest_gap	chr14	chr15	853.950044	0	0	0	420.648498	0	0	0	433.301546	0	0	0	0	0	0	1
p9016_multiseed_best035_seed17_noise0	geom_nearest_gap	chr14	chr16	1656.00492	0	0	0	840.883282	0	0	0	815.121641	0	0	0	0	0	0	1
p9016_multiseed_best035_seed17_noise0	geom_nearest_gap	chr14	chr17	1213.46039	0	0	0	618.189735	0	0	0	595.270657	0	0	0	0	0	0	1
p9016_multiseed_best035_seed17_noise0	geom_nearest_gap	chr14	chr18	2694.68008	0	9.51736185	0	1435.85021	0	4.83841417	0	1258.82987	0	4.67894768	0	0	0	0	1
p9016_multiseed_best035_seed17_noise0	geom_nearest_gap	chr14	chr19	1305.18304	0.175752185	1.22507547	0.659451467	671.310987	0	0.84051868	0.293432751	633.87205	0.175752185	0.384556792	0.366018716	0	0	0	1
p9016_multiseed_best035_seed17_noise0	geom_nearest_gap	chr14	chrX	1990.75437	0	0	0	1009.31736	0	0	0	981.437019	0	0	0	0	0	0	1
p9016_multiseed_best035_seed17_noise0	geom_nearest_gap	chr15	chr16	736.25703	0	0	0	403.549639	0	0	0	332.707391	0	0	0	0	0	0	1
p9016_multiseed_best035_seed17_noise0	geom_nearest_gap	chr15	chr17	8152.10243	0	0	0	4274.20944	0	0	0	3877.89299	0	0	0	0	0	0	1
p9016_multiseed_best035_seed17_noise0	geom_nearest_gap	chr15	chr18	6815.97942	0	0	0	3217.60381	0	0	0	3598.37561	0	0	0	0	0	0	1
p9016_multiseed_best035_seed17_noise0	geom_nearest_gap	chr15	chr19	1776.90182	0.261524217	0	0	925.293197	0	0	0	851.608621	0.261524217	0	0	0	0	0	1
p9016_multiseed_best035_seed17_noise0	geom_nearest_gap	chr15	chrX	1498.72571	0	0	0	782.42358	0	0	0	716.302126	0	0	0	0	0	0	1
p9016_multiseed_best035_seed17_noise0	geom_nearest_gap	chr16	chr17	867.0619	0	0	0	408.634537	0	0	0	458.427363	0	0	0	0	0	0	1
p9016_multiseed_best035_seed17_noise0	geom_nearest_gap	chr16	chr18	6502.50651	0	0	0	3034.62145	0	0	0	3467.88506	0	0	0	0	0	0	1
p9016_multiseed_best035_seed17_noise0	geom_nearest_gap	chr16	chr19	2191.73206	30.9353531	0	0	1081.44137	15.8395507	0	0	1110.29069	15.0958024	0	0	0	0	0	1
p9016_multiseed_best035_seed17_noise0	geom_nearest_gap	chr16	chrX	1626.03128	0	0	0	832.126959	0	0	0	793.904324	0	0	0	0	0	0	1
p9016_multiseed_best035_seed17_noise0	geom_nearest_gap	chr17	chr18	560.693877	0	0	0	279.687927	0	0	0	281.00595	0	0	0	0	0	0	1
p9016_multiseed_best035_seed17_noise0	geom_nearest_gap	chr17	chr19	1405.63507	0.681026606	0	4.24229035	625.933432	0.454298243	0	1.63885031	779.701642	0.226728363	0	2.60344004	0	0	0	1
p9016_multiseed_best035_seed17_noise0	geom_nearest_gap	chr17	chrX	3533.97339	0	0	0	1626.18205	0	0	0	1907.79134	0	0	0	0	0	0	1
p9016_multiseed_best035_seed17_noise0	geom_nearest_gap	chr18	chr19	1360.13625	6.70075953	0	0	675.170862	3.48520072	0	0	684.965393	3.21555881	0	0	0	0	0	1
p9016_multiseed_best035_seed17_noise0	geom_nearest_gap	chr18	chrX	788.867091	0	0	0	390.885341	0	0	0	397.98175	0	0	0	0	0	0	1
p9016_multiseed_best035_seed17_noise0	geom_nearest_gap	chr19	chrX	441.93192	0	0	0	205.102694	0	0	0	236.829227	0	0	0	0	0	0	1
p9016_multiseed_best035_seed17_noise0	geom_nearest_gap	chr2	chr10	2128.25022	0	0	0	1061.75414	0	0	0	1066.49608	0	0	0	0	0	0	1
p9016_multiseed_best035_seed17_noise0	geom_nearest_gap	chr2	chr11	3951.23365	0	0	0	1878.19869	0	0	0	2073.03497	0	0	0	0	0	0	1
p9016_multiseed_best035_seed17_noise0	geom_nearest_gap	chr2	chr12	3242.65666	0	0	0	1582.97724	0	0	0	1659.67942	0	0	0	0	0	0	1
p9016_multiseed_best035_seed17_noise0	geom_nearest_gap	chr2	chr13	2511.02652	0	0	0	1227.64539	0	0	0	1283.38112	0	0	0	0	0	0	1
p9016_multiseed_best035_seed17_noise0	geom_nearest_gap	chr2	chr14	6304.57655	0	0	0	3072.65694	0	0	0	3231.91961	0	0	0	0	0	0	1
p9016_multiseed_best035_seed17_noise0	geom_nearest_gap	chr2	chr15	2205.50344	0	0	0	1061.24256	0	0	0	1144.26088	0	0	0	0	0	0	1
p9016_multiseed_best035_seed17_noise0	geom_nearest_gap	chr2	chr16	9592.57435	0	0	0	4841.0146	0	0	0	4751.55975	0	0	0	0	0	0	1
p9016_multiseed_best035_seed17_noise0	geom_nearest_gap	chr2	chr17	5584.43654	0	0	0	2633.969	0	0	0	2950.46754	0	0	0	0	0	0	1
p9016_multiseed_best035_seed17_noise0	geom_nearest_gap	chr2	chr18	1537.22082	0	0	0	751.078087	0	0	0	786.142731	0	0	0	0	0	0	1
p9016_multiseed_best035_seed17_noise0	geom_nearest_gap	chr2	chr19	1326.55279	4.02710243	0	0	695.341601	2.61055055	0	0	631.211185	1.41655188	0	0	0	0	0	1
p9016_multiseed_best035_seed17_noise0	geom_nearest_gap	chr2	chr3	10155.3126	1.93961558	0	3.46782518	4738.50027	1.58906841	0	2.12960568	5416.81237	0.350547165	0	1.3382195	0	0	0	1
p9016_multiseed_best035_seed17_noise0	geom_nearest_gap	chr2	chr4	12830.9563	0	0	0	6226.67365	0	0	0	6604.28261	0	0	0	0	0	0	1
p9016_multiseed_best035_seed17_noise0	geom_nearest_gap	chr2	chr5	6145.28695	0	0	0	3126.09044	0	0	0	3019.19652	0	0	0	0	0	0	1
p9016_multiseed_best035_seed17_noise0	geom_nearest_gap	chr2	chr6	15710.4951	0	0	0	7950.78027	0	0	0	7759.71483	0	0	0	0	0	0	1
p9016_multiseed_best035_seed17_noise0	geom_nearest_gap	chr2	chr7	6194.93736	0	0	0	3092.16045	0	0	0	3102.77691	0	0	0	0	0	0	1
p9016_multiseed_best035_seed17_noise0	geom_nearest_gap	chr2	chr8	10747.4114	0	0	0	5044.02394	0	0	0	5703.38741	0	0	0	0	0	0	1
p9016_multiseed_best035_seed17_noise0	geom_nearest_gap	chr2	chr9	11647.5067	2.07036499	0	0	5864.08401	0.94216708	0	0	5783.42267	1.12819791	0	0	0	0	0	1
p9016_multiseed_best035_seed17_noise0	geom_nearest_gap	chr2	chrX	6862.54457	0	0	0	3404.44085	0	0	0	3458.10373	0	0	0	0	0	0	1
p9016_multiseed_best035_seed17_noise0	geom_nearest_gap	chr3	chr10	3495.36984	0	0	0	1671.32418	0	0	0	1824.04566	0	0	0	0	0	0	1
p9016_multiseed_best035_seed17_noise0	geom_nearest_gap	chr3	chr11	1769.59125	0	0	0	859.064252	0	0	0	910.526995	0	0	0	0	0	0	1
p9016_multiseed_best035_seed17_noise0	geom_nearest_gap	chr3	chr12	6585.26245	0	0	9.9977485	3870.95551	0	0	2.50275665	2714.30694	0	0	7.49499185	0	0	0	1
p9016_multiseed_best035_seed17_noise0	geom_nearest_gap	chr3	chr13	4661.10102	13.6323708	0	0	2340.90569	6.73544865	0	0	2320.19533	6.89692211	0	0	0	0	0	1
p9016_multiseed_best035_seed17_noise0	geom_nearest_gap	chr3	chr14	2770.41359	0	0	0	1267.15667	0	0	0	1503.25691	0	0	0	0	0	0	1
p9016_multiseed_best035_seed17_noise0	geom_nearest_gap	chr3	chr15	3567.82186	0	0	0	1982.39394	0	0	0	1585.42792	0	0	0	0	0	0	1
p9016_multiseed_best035_seed17_noise0	geom_nearest_gap	chr3	chr16	1942.68617	0	0	0	1018.91893	0	0	0	923.767241	0	0	0	0	0	0	1
p9016_multiseed_best035_seed17_noise0	geom_nearest_gap	chr3	chr17	2676.61	0	0	0	1359.37267	0	0	0	1317.23733	0	0	0	0	0	0	1
p9016_multiseed_best035_seed17_noise0	geom_nearest_gap	chr3	chr18	7068.8901	0	0	0	3632.75145	0	0	0	3436.13865	0	0	0	0	0	0	1
p9016_multiseed_best035_seed17_noise0	geom_nearest_gap	chr3	chr19	1611.10042	1.32760462	0	0	893.002846	0.486132544	0	0	718.097577	0.841472072	0	0	0	0	0	1
p9016_multiseed_best035_seed17_noise0	geom_nearest_gap	chr3	chr4	4420.69463	0	0.115925869	0	2142.30743	0	0.115925869	0	2278.3872	0	0	0	0	0	0	1
p9016_multiseed_best035_seed17_noise0	geom_nearest_gap	chr3	chr5	2050.28539	0	0	0	985.989671	0	0	0	1064.29572	0	0	0	0	0	0	1
p9016_multiseed_best035_seed17_noise0	geom_nearest_gap	chr3	chr6	5752.33149	0	0	0	2822.12777	0	0	0	2930.20373	0	0	0	0	0	0	1
p9016_multiseed_best035_seed17_noise0	geom_nearest_gap	chr3	chr7	7701.37823	0	3.18252868	18.7196402	3924.38809	0	1.93105424	7.81587462	3776.99014	0	1.25147444	10.9037655	0	0	0	1
p9016_multiseed_best035_seed17_noise0	geom_nearest_gap	chr3	chr8	4544.53154	0	0.118742025	0	2100.45405	0	0.118742025	0	2444.07749	0	0	0	0	0	0	1
p9016_multiseed_best035_seed17_noise0	geom_nearest_gap	chr3	chr9	1750.87769	0	0	0	882.31737	0	0	0	868.56032	0	0	0	0	0	0	1
p9016_multiseed_best035_seed17_noise0	geom_nearest_gap	chr3	chrX	2061.88091	0	0	0	1032.63434	0	0	0	1029.24657	0	0	0	0	0	0	1
p9016_multiseed_best035_seed17_noise0	geom_nearest_gap	chr4	chr10	17499.2106	4.30159583	0	0	8534.81441	1.77795753	0	0	8964.39618	2.52363831	0	0	0	0	0	1
p9016_multiseed_best035_seed17_noise0	geom_nearest_gap	chr4	chr11	1839.84384	0	0	0	948.054763	0	0	0	891.789076	0	0	0	0	0	0	1
p9016_multiseed_best035_seed17_noise0	geom_nearest_gap	chr4	chr12	5041.43734	0	0	3.01427116	2461.87313	0	0	1.48662444	2579.56421	0	0	1.52764673	0	0	0	1
p9016_multiseed_best035_seed17_noise0	geom_nearest_gap	chr4	chr13	3047.06668	0	0	0	1515.38244	0	0	0	1531.68423	0	0	0	0	0	0	1
p9016_multiseed_best035_seed17_noise0	geom_nearest_gap	chr4	chr14	2314.54997	0	0	0	1222.10023	0	0	0	1092.44973	0	0	0	0	0	0	1
p9016_multiseed_best035_seed17_noise0	geom_nearest_gap	chr4	chr15	1801.92076	0	0	0	935.638223	0	0	0	866.282538	0	0	0	0	0	0	1
p9016_multiseed_best035_seed17_noise0	geom_nearest_gap	chr4	chr16	5178.0577	0	0	0	2568.11903	0	0	0	2609.93867	0	0	0	0	0	0	1
p9016_multiseed_best035_seed17_noise0	geom_nearest_gap	chr4	chr17	2916.58164	0	0	0	1438.71076	0	0	0	1477.87088	0	0	0	0	0	0	1
p9016_multiseed_best035_seed17_noise0	geom_nearest_gap	chr4	chr18	2172.96065	0	0	0	1039.41478	0	0	0	1133.54588	0	0	0	0	0	0	1
p9016_multiseed_best035_seed17_noise0	geom_nearest_gap	chr4	chr19	958.808132	6.64610501	0	0.420833263	483.844489	2.72501267	0	0.420833263	474.963643	3.92109233	0	0	0	0	0	1
p9016_multiseed_best035_seed17_noise0	geom_nearest_gap	chr4	chr5	17100.9109	0	0	0	8321.00483	0	0	0	8779.90609	0	0	0	0	0	0	1
p9016_multiseed_best035_seed17_noise0	geom_nearest_gap	chr4	chr6	6888.05163	0	0	0	3403.9529	0	0	0	3484.09872	0	0	0	0	0	0	1
p9016_multiseed_best035_seed17_noise0	geom_nearest_gap	chr4	chr7	10611.7531	0	0	0	5019.52207	0	0	0	5592.23099	0	0	0	0	0	0	1
p9016_multiseed_best035_seed17_noise0	geom_nearest_gap	chr4	chr8	2642.40574	0.125504632	0	0	1305.07742	0	0	0	1337.32831	0.125504632	0	0	0	0	0	1
p9016_multiseed_best035_seed17_noise0	geom_nearest_gap	chr4	chr9	3234.33008	0	0	0	1593.62857	0	0	0	1640.70151	0	0	0	0	0	0	1
p9016_multiseed_best035_seed17_noise0	geom_nearest_gap	chr4	chrX	13115.951	0	0	0	6046.66248	0	0	0	7069.28848	0	0	0	0	0	0	1
p9016_multiseed_best035_seed17_noise0	geom_nearest_gap	chr5	chr10	5668.37396	1.58005675	0	6.2927513	2668.45526	0.706899139	0	4.57221888	2999.91869	0.873157609	0	1.72053241	0	0	0	1
p9016_multiseed_best035_seed17_noise0	geom_nearest_gap	chr5	chr11	4894.42042	0	0	0	2526.96397	0	0	0	2367.45645	0	0	0	0	0	0	1
p9016_multiseed_best035_seed17_noise0	geom_nearest_gap	chr5	chr12	2440.74299	0	0	0	1237.94028	0	0	0	1202.80272	0	0	0	0	0	0	1
p9016_multiseed_best035_seed17_noise0	geom_nearest_gap	chr5	chr13	3377.10014	0	0	0.486299664	1689.45383	0	0	0.486299664	1687.64631	0	0	0	0	0	0	1
p9016_multiseed_best035_seed17_noise0	geom_nearest_gap	chr5	chr14	5127.88231	0	0	10.4990783	2614.4102	0	0	5.42099374	2513.47211	0	0	5.07808456	0	0	0	1
p9016_multiseed_best035_seed17_noise0	geom_nearest_gap	chr5	chr15	1955.63679	0	0	0	939.297487	0	0	0	1016.33931	0	0	0	0	0	0	1
p9016_multiseed_best035_seed17_noise0	geom_nearest_gap	chr5	chr16	4844.24996	0	0	6.06987183	2484.60038	0	0	4.65588845	2359.64958	0	0	1.41398339	0	0	0	1
p9016_multiseed_best035_seed17_noise0	geom_nearest_gap	chr5	chr17	2369.07829	0	0	0	1189.19004	0	0	0	1179.88826	0	0	0	0	0	0	1
p9016_multiseed_best035_seed17_noise0	geom_nearest_gap	chr5	chr18	5532.34026	0	0	6.28241313	2747.21679	0	0	2.26177917	2785.12347	0	0	4.02063396	0	0	0	1
p9016_multiseed_best035_seed17_noise0	geom_nearest_gap	chr5	chr19	1848.61291	5.60934661	0	0.193698727	948.370813	1.78190248	0	0.193698727	900.242096	3.82744413	0	0	0	0	0	1
p9016_multiseed_best035_seed17_noise0	geom_nearest_gap	chr5	chr6	2281.59973	0	0	1.56754067	1147.26133	0	0	0.592999307	1134.33839	0	0	0.974541364	0	0	0	1
p9016_multiseed_best035_seed17_noise0	geom_nearest_gap	chr5	chr7	3435.04043	0	0	0	1750.55245	0	0	0	1684.48798	0	0	0	0	0	0	1
p9016_multiseed_best035_seed17_noise0	geom_nearest_gap	chr5	chr8	3510.59056	0	0	0	1662.59939	0	0	0	1847.99117	0	0	0	0	0	0	1
p9016_multiseed_best035_seed17_noise0	geom_nearest_gap	chr5	chr9	10624.4634	0	0	30.8243613	5506.74692	0	0	13.0483657	5117.71651	0	0	17.7759956	0	0	0	1
p9016_multiseed_best035_seed17_noise0	geom_nearest_gap	chr5	chrX	2150.68849	0	0	0	1161.66545	0	0	0	989.023039	0	0	0	0	0	0	1
p9016_multiseed_best035_seed17_noise0	geom_nearest_gap	chr6	chr10	6554.06973	3.32606536	0	0	3381.24898	1.76500487	0	0	3172.82076	1.56106049	0	0	0	0	0	1
p9016_multiseed_best035_seed17_noise0	geom_nearest_gap	chr6	chr11	3004.81404	0	0	0	1485.04829	0	0	0	1519.76574	0	0	0	0	0	0	1
p9016_multiseed_best035_seed17_noise0	geom_nearest_gap	chr6	chr12	1627.46523	0	0	0	802.185207	0	0	0	825.280021	0	0	0	0	0	0	1
p9016_multiseed_best035_seed17_noise0	geom_nearest_gap	chr6	chr13	4401.51627	0	0	2.73975847	2136.60802	0	0	1.15583877	2264.90825	0	0	1.5839197	0	0	0	1
p9016_multiseed_best035_seed17_noise0	geom_nearest_gap	chr6	chr14	14002.1121	2.03928021	0	0	7143.55329	1.40261702	0	0	6858.55876	0.636663189	0	0	0	0	0	1
p9016_multiseed_best035_seed17_noise0	geom_nearest_gap	chr6	chr15	2035.73502	0	0	0	1032.92683	0	0	0	1002.80819	0	0	0	0	0	0	1
p9016_multiseed_best035_seed17_noise0	geom_nearest_gap	chr6	chr16	4853.23908	0	0	25.8534102	2228.17507	0	0	10.1982401	2625.06401	0	0	15.6551701	0	0	0	1
p9016_multiseed_best035_seed17_noise0	geom_nearest_gap	chr6	chr17	1958.09962	0	0	0	953.782088	0	0	0	1004.31754	0	0	0	0	0	0	1
p9016_multiseed_best035_seed17_noise0	geom_nearest_gap	chr6	chr18	2871.99505	0	0	0.337413525	1462.73311	0	0	0.129006451	1409.26194	0	0	0.208407074	0	0	0	1
p9016_multiseed_best035_seed17_noise0	geom_nearest_gap	chr6	chr19	2584.70953	48.8405202	0	0	1434.11722	17.1018139	0	0	1150.59231	31.7387063	0	0	0	0	0	1
p9016_multiseed_best035_seed17_noise0	geom_nearest_gap	chr6	chr7	3225.11273	0	0	0	1593.96423	0	0	0	1631.1485	0	0	0	0	0	0	1
p9016_multiseed_best035_seed17_noise0	geom_nearest_gap	chr6	chr8	2938.8674	0	0	0	1498.61811	0	0	0	1440.24929	0	0	0	0	0	0	1
p9016_multiseed_best035_seed17_noise0	geom_nearest_gap	chr6	chr9	5887.28896	0	0	0	3002.26818	0	0	0	2885.02078	0	0	0	0	0	0	1
p9016_multiseed_best035_seed17_noise0	geom_nearest_gap	chr6	chrX	3846.71722	0	0	0	1927.64201	0	0	0	1919.07521	0	0	0	0	0	0	1
p9016_multiseed_best035_seed17_noise0	geom_nearest_gap	chr7	chr10	1044.54526	0	0	0	518.707251	0	0	0	525.838004	0	0	0	0	0	0	1
p9016_multiseed_best035_seed17_noise0	geom_nearest_gap	chr7	chr11	3671.79365	0	0	0	1884.00044	0	0	0	1787.79321	0	0	0	0	0	0	1
p9016_multiseed_best035_seed17_noise0	geom_nearest_gap	chr7	chr12	6065.39256	0	0	1.48758838	3133.732	0	0	0.317519158	2931.66057	0	0	1.17006922	0	0	0	1
p9016_multiseed_best035_seed17_noise0	geom_nearest_gap	chr7	chr13	2366.40992	0	0	0	1243.65015	0	0	0	1122.75977	0	0	0	0	0	0	1
p9016_multiseed_best035_seed17_noise0	geom_nearest_gap	chr7	chr14	5382.29083	0	0	0	2486.51784	0	0	0	2895.77299	0	0	0	0	0	0	1
p9016_multiseed_best035_seed17_noise0	geom_nearest_gap	chr7	chr15	1594.32867	0	0	0	763.648136	0	0	0	830.680532	0	0	0	0	0	0	1
p9016_multiseed_best035_seed17_noise0	geom_nearest_gap	chr7	chr16	1409.254	0	0	0	684.932508	0	0	0	724.321488	0	0	0	0	0	0	1
p9016_multiseed_best035_seed17_noise0	geom_nearest_gap	chr7	chr17	1556.93964	0	0	0	805.641292	0	0	0	751.298347	0	0	0	0	0	0	1
p9016_multiseed_best035_seed17_noise0	geom_nearest_gap	chr7	chr18	7325.84188	0	0	0	3403.48058	0	0	0	3922.36129	0	0	0	0	0	0	1
p9016_multiseed_best035_seed17_noise0	geom_nearest_gap	chr7	chr19	1917.23036	0	0	0	995.638592	0	0	0	921.591769	0	0	0	0	0	0	1
p9016_multiseed_best035_seed17_noise0	geom_nearest_gap	chr7	chr8	2846.30306	0.38343354	0	0	1434.01157	0.38343354	0	0	1412.29149	0	0	0	0	0	0	1
p9016_multiseed_best035_seed17_noise0	geom_nearest_gap	chr7	chr9	4935.80497	0	0	0	2551.73273	0	0	0	2384.07223	0	0	0	0	0	0	1
p9016_multiseed_best035_seed17_noise0	geom_nearest_gap	chr7	chrX	2618.26553	0	0	0	1295.8914	0	0	0	1322.37413	0	0	0	0	0	0	1
p9016_multiseed_best035_seed17_noise0	geom_nearest_gap	chr8	chr10	1709.57646	0	0	0	855.498862	0	0	0	854.077601	0	0	0	0	0	0	1
p9016_multiseed_best035_seed17_noise0	geom_nearest_gap	chr8	chr11	7665.50487	0	8.0225153	165.475875	4179.30159	0	4.70756926	86.6598252	3486.20328	0	3.31494603	78.8160496	0	0	0	1
p9016_multiseed_best035_seed17_noise0	geom_nearest_gap	chr8	chr12	2898.91137	0	0	0	1477.69008	0	0	0	1421.2213	0	0	0	0	0	0	1
p9016_multiseed_best035_seed17_noise0	geom_nearest_gap	chr8	chr13	2135.03686	0	0	0	1026.40212	0	0	0	1108.63473	0	0	0	0	0	0	1
p9016_multiseed_best035_seed17_noise0	geom_nearest_gap	chr8	chr14	6714.25357	0	0.177614075	0	3225.43333	0	0.177614075	0	3488.82024	0	0	0	0	0	0	1
p9016_multiseed_best035_seed17_noise0	geom_nearest_gap	chr8	chr15	8886.36071	0	0	0	4625.17305	0	0	0	4261.18766	0	0	0	0	0	0	1
p9016_multiseed_best035_seed17_noise0	geom_nearest_gap	chr8	chr16	2149.0212	0	0	0	1092.96806	0	0	0	1056.05315	0	0	0	0	0	0	1
p9016_multiseed_best035_seed17_noise0	geom_nearest_gap	chr8	chr17	2103.22697	0	0	0	1046.46085	0	0	0	1056.76612	0	0	0	0	0	0	1
p9016_multiseed_best035_seed17_noise0	geom_nearest_gap	chr8	chr18	3256.70613	0	0	0	1627.53555	0	0	0	1629.17058	0	0	0	0	0	0	1
p9016_multiseed_best035_seed17_noise0	geom_nearest_gap	chr8	chr19	3572.12107	0	0	0	1778.22546	0	0	0	1793.89562	0	0	0	0	0	0	1
p9016_multiseed_best035_seed17_noise0	geom_nearest_gap	chr8	chr9	1928.65648	0	0	0	956.837032	0	0	0	971.819449	0	0	0	0	0	0	1
p9016_multiseed_best035_seed17_noise0	geom_nearest_gap	chr8	chrX	1493.9251	0	0	0	734.157387	0	0	0	759.767714	0	0	0	0	0	0	1
p9016_multiseed_best035_seed17_noise0	geom_nearest_gap	chr9	chr10	1839.78537	0	0	0	903.706735	0	0	0	936.078636	0	0	0	0	0	0	1
p9016_multiseed_best035_seed17_noise0	geom_nearest_gap	chr9	chr11	3240.90747	0	0.125436085	0	1607.63723	0	0	0	1633.27023	0	0.125436085	0	0	0	0	1
p9016_multiseed_best035_seed17_noise0	geom_nearest_gap	chr9	chr12	3251.73632	0	0	0	1652.51299	0	0	0	1599.22333	0	0	0	0	0	0	1
p9016_multiseed_best035_seed17_noise0	geom_nearest_gap	chr9	chr13	2687.92727	0	0	0	1309.85993	0	0	0	1378.06733	0	0	0	0	0	0	1
p9016_multiseed_best035_seed17_noise0	geom_nearest_gap	chr9	chr14	1893.38595	0	0	0	949.975289	0	0	0	943.410658	0	0	0	0	0	0	1
p9016_multiseed_best035_seed17_noise0	geom_nearest_gap	chr9	chr15	1713.00623	0	0	0	873.65089	0	0	0	839.355343	0	0	0	0	0	0	1
p9016_multiseed_best035_seed17_noise0	geom_nearest_gap	chr9	chr16	3596.45103	0	0	0	1760.7715	0	0	0	1835.67953	0	0	0	0	0	0	1
p9016_multiseed_best035_seed17_noise0	geom_nearest_gap	chr9	chr17	6130.04028	0	0	0	3175.63441	0	0	0	2954.40587	0	0	0	0	0	0	1
p9016_multiseed_best035_seed17_noise0	geom_nearest_gap	chr9	chr18	3297.13147	0	0	0	1609.9284	0	0	0	1687.20307	0	0	0	0	0	0	1
p9016_multiseed_best035_seed17_noise0	geom_nearest_gap	chr9	chr19	722.680223	0.0899429322	0	0	332.569813	0	0	0	390.110409	0.0899429322	0	0	0	0	0	1
p9016_multiseed_best035_seed17_noise0	geom_nearest_gap	chr9	chrX	4238.50284	0	0.0135241379	0	2448.06302	0	0	0	1790.43982	0	0.0135241379	0	0	0	0	1
p9016_multiseed_best035_seed17_noise0	geom_top_to_nearest	chr1	chr10	3043	0	0	0	1510	0	0	0	1533	0	0	0	0	0	0	1
p9016_multiseed_best035_seed17_noise0	geom_top_to_nearest	chr1	chr11	5490	0	0	0	2675	0	0	0	2815	0	0	0	0	0	0	1
p9016_multiseed_best035_seed17_noise0	geom_top_to_nearest	chr1	chr12	3151	0	0	1	1603	0	0	1	1548	0	0	0	0	0	0	1
p9016_multiseed_best035_seed17_noise0	geom_top_to_nearest	chr1	chr13	3650	0	0	0	1832	0	0	0	1818	0	0	0	0	0	0	1
p9016_multiseed_best035_seed17_noise0	geom_top_to_nearest	chr1	chr14	2568	0	0	0	1280	0	0	0	1288	0	0	0	0	0	0	1
p9016_multiseed_best035_seed17_noise0	geom_top_to_nearest	chr1	chr15	3676	0	0	0	1825	0	0	0	1851	0	0	0	0	0	0	1
p9016_multiseed_best035_seed17_noise0	geom_top_to_nearest	chr1	chr16	2273	0	0	0	1150	0	0	0	1123	0	0	0	0	0	0	1
p9016_multiseed_best035_seed17_noise0	geom_top_to_nearest	chr1	chr17	4263	0	0	74	2091	0	0	33	2172	0	0	41	0	0	0	1
p9016_multiseed_best035_seed17_noise0	geom_top_to_nearest	chr1	chr18	2269	0	0	0	1075	0	0	0	1194	0	0	0	0	0	0	1
p9016_multiseed_best035_seed17_noise0	geom_top_to_nearest	chr1	chr19	1454	0	0	0	726	0	0	0	728	0	0	0	0	0	0	1
p9016_multiseed_best035_seed17_noise0	geom_top_to_nearest	chr1	chr2	6068	0	0	1	2930	0	0	1	3138	0	0	0	0	0	0	1
p9016_multiseed_best035_seed17_noise0	geom_top_to_nearest	chr1	chr3	4137	0	0	0	2089	0	0	0	2048	0	0	0	0	0	0	1
p9016_multiseed_best035_seed17_noise0	geom_top_to_nearest	chr1	chr4	4546	0	0	0	2262	0	0	0	2284	0	0	0	0	0	0	1
p9016_multiseed_best035_seed17_noise0	geom_top_to_nearest	chr1	chr5	3498	0	0	0	1768	0	0	0	1730	0	0	0	0	0	0	1
p9016_multiseed_best035_seed17_noise0	geom_top_to_nearest	chr1	chr6	6089	0	0	0	2913	0	0	0	3176	0	0	0	0	0	0	1
p9016_multiseed_best035_seed17_noise0	geom_top_to_nearest	chr1	chr7	3168	0	0	0	1623	0	0	0	1545	0	0	0	0	0	0	1
p9016_multiseed_best035_seed17_noise0	geom_top_to_nearest	chr1	chr8	5574	1	0	0	2924	1	0	0	2650	0	0	0	0	0	0	1
p9016_multiseed_best035_seed17_noise0	geom_top_to_nearest	chr1	chr9	4474	0	0	0	2191	0	0	0	2283	0	0	0	0	0	0	1
p9016_multiseed_best035_seed17_noise0	geom_top_to_nearest	chr1	chrX	7010	0	0	16	3489	0	0	7	3521	0	0	9	0	0	0	1
p9016_multiseed_best035_seed17_noise0	geom_top_to_nearest	chr10	chr11	2108	0	0	0	1061	0	0	0	1047	0	0	0	0	0	0	1
p9016_multiseed_best035_seed17_noise0	geom_top_to_nearest	chr10	chr12	3533	0	0	0	1952	0	0	0	1581	0	0	0	0	0	0	1
p9016_multiseed_best035_seed17_noise0	geom_top_to_nearest	chr10	chr13	3844	0	0	1	1940	0	0	1	1904	0	0	0	0	0	0	1
p9016_multiseed_best035_seed17_noise0	geom_top_to_nearest	chr10	chr14	2066	0	0	0	1032	0	0	0	1034	0	0	0	0	0	0	1
p9016_multiseed_best035_seed17_noise0	geom_top_to_nearest	chr10	chr15	3046	0	8	13	1482	0	3	0	1564	0	5	13	0	0	0	1
p9016_multiseed_best035_seed17_noise0	geom_top_to_nearest	chr10	chr16	4136	0	33	0	2019	0	19	0	2117	0	14	0	0	0	0	1
p9016_multiseed_best035_seed17_noise0	geom_top_to_nearest	chr10	chr17	2720	0	0	0	1412	0	0	0	1308	0	0	0	0	0	0	1
p9016_multiseed_best035_seed17_noise0	geom_top_to_nearest	chr10	chr18	2169	0	0	0	1090	0	0	0	1079	0	0	0	0	0	0	1
p9016_multiseed_best035_seed17_noise0	geom_top_to_nearest	chr10	chr19	1254	22	0	0	633	10	0	0	621	12	0	0	0	0	0	1
p9016_multiseed_best035_seed17_noise0	geom_top_to_nearest	chr10	chrX	1712	0	0	0	882	0	0	0	830	0	0	0	0	0	0	1
p9016_multiseed_best035_seed17_noise0	geom_top_to_nearest	chr11	chr12	2217	0	0	0	1109	0	0	0	1108	0	0	0	0	0	0	1
p9016_multiseed_best035_seed17_noise0	geom_top_to_nearest	chr11	chr13	3793	0	0	10	1907	0	0	7	1886	0	0	3	0	0	0	1
p9016_multiseed_best035_seed17_noise0	geom_top_to_nearest	chr11	chr14	3439	0	0	0	1713	0	0	0	1726	0	0	0	0	0	0	1
p9016_multiseed_best035_seed17_noise0	geom_top_to_nearest	chr11	chr15	2121	0	0	0	1023	0	0	0	1098	0	0	0	0	0	0	1
p9016_multiseed_best035_seed17_noise0	geom_top_to_nearest	chr11	chr16	1559	0	0	0	777	0	0	0	782	0	0	0	0	0	0	1
p9016_multiseed_best035_seed17_noise0	geom_top_to_nearest	chr11	chr17	2003	0	0	0	997	0	0	0	1006	0	0	0	0	0	0	1
p9016_multiseed_best035_seed17_noise0	geom_top_to_nearest	chr11	chr18	1531	0	0	0	797	0	0	0	734	0	0	0	0	0	0	1
p9016_multiseed_best035_seed17_noise0	geom_top_to_nearest	chr11	chr19	2373	14	0	0	1198	8	0	0	1175	6	0	0	0	0	0	1
p9016_multiseed_best035_seed17_noise0	geom_top_to_nearest	chr11	chrX	4893	4	0	22	2558	1	0	7	2335	3	0	15	0	0	0	1
p9016_multiseed_best035_seed17_noise0	geom_top_to_nearest	chr12	chr13	6546	46	0	136	3171	18	0	31	3375	28	0	105	0	0	0	1
p9016_multiseed_best035_seed17_noise0	geom_top_to_nearest	chr12	chr14	1767	0	0	0	892	0	0	0	875	0	0	0	0	0	0	1
p9016_multiseed_best035_seed17_noise0	geom_top_to_nearest	chr12	chr15	3462	0	0	0	1756	0	0	0	1706	0	0	0	0	0	0	1
p9016_multiseed_best035_seed17_noise0	geom_top_to_nearest	chr12	chr16	1469	0	0	0	761	0	0	0	708	0	0	0	0	0	0	1
p9016_multiseed_best035_seed17_noise0	geom_top_to_nearest	chr12	chr17	2857	0	0	11	1502	0	0	7	1355	0	0	4	0	0	0	1
p9016_multiseed_best035_seed17_noise0	geom_top_to_nearest	chr12	chr18	1915	0	0	0	871	0	0	0	1044	0	0	0	0	0	0	1
p9016_multiseed_best035_seed17_noise0	geom_top_to_nearest	chr12	chr19	2242	134	0	0	939	87	0	0	1303	47	0	0	0	0	0	1
p9016_multiseed_best035_seed17_noise0	geom_top_to_nearest	chr12	chrX	1972	0	0	0	1024	0	0	0	948	0	0	0	0	0	0	1
p9016_multiseed_best035_seed17_noise0	geom_top_to_nearest	chr13	chr14	2575	43	0	0	1260	13	0	0	1315	30	0	0	0	0	0	1
p9016_multiseed_best035_seed17_noise0	geom_top_to_nearest	chr13	chr15	1607	0	6	0	797	0	1	0	810	0	5	0	0	0	0	1
p9016_multiseed_best035_seed17_noise0	geom_top_to_nearest	chr13	chr16	2823	0	0	0	1434	0	0	0	1389	0	0	0	0	0	0	1
p9016_multiseed_best035_seed17_noise0	geom_top_to_nearest	chr13	chr17	3678	0	0	1	1864	0	0	1	1814	0	0	0	0	0	0	1
p9016_multiseed_best035_seed17_noise0	geom_top_to_nearest	chr13	chr18	2808	0	0	2	1342	0	0	1	1466	0	0	1	0	0	0	1
p9016_multiseed_best035_seed17_noise0	geom_top_to_nearest	chr13	chr19	2683	406	0	9	1214	200	0	4	1469	206	0	5	0	0	0	1
p9016_multiseed_best035_seed17_noise0	geom_top_to_nearest	chr13	chrX	2579	0	0	0	1315	0	0	0	1264	0	0	0	0	0	0	1
p9016_multiseed_best035_seed17_noise0	geom_top_to_nearest	chr14	chr15	1408	0	0	0	702	0	0	0	706	0	0	0	0	0	0	1
p9016_multiseed_best035_seed17_noise0	geom_top_to_nearest	chr14	chr16	1315	0	0	0	669	0	0	0	646	0	0	0	0	0	0	1
p9016_multiseed_best035_seed17_noise0	geom_top_to_nearest	chr14	chr17	1220	0	0	0	612	0	0	0	608	0	0	0	0	0	0	1
p9016_multiseed_best035_seed17_noise0	geom_top_to_nearest	chr14	chr18	2307	0	35	0	1094	0	15	0	1213	0	20	0	0	0	0	1
p9016_multiseed_best035_seed17_noise0	geom_top_to_nearest	chr14	chr19	1641	1	3	3	879	0	2	1	762	1	1	2	0	0	0	1
p9016_multiseed_best035_seed17_noise0	geom_top_to_nearest	chr14	chrX	1641	0	0	0	828	0	0	0	813	0	0	0	0	0	0	1
p9016_multiseed_best035_seed17_noise0	geom_top_to_nearest	chr15	chr16	1302	0	0	0	698	0	0	0	604	0	0	0	0	0	0	1
p9016_multiseed_best035_seed17_noise0	geom_top_to_nearest	chr15	chr17	3195	0	0	0	1638	0	0	0	1557	0	0	0	0	0	0	1
p9016_multiseed_best035_seed17_noise0	geom_top_to_nearest	chr15	chr18	2985	0	0	0	1436	0	0	0	1549	0	0	0	0	0	0	1
p9016_multiseed_best035_seed17_noise0	geom_top_to_nearest	chr15	chr19	1414	1	0	0	722	0	0	0	692	1	0	0	0	0	0	1
p9016_multiseed_best035_seed17_noise0	geom_top_to_nearest	chr15	chrX	1592	0	0	0	828	0	0	0	764	0	0	0	0	0	0	1
p9016_multiseed_best035_seed17_noise0	geom_top_to_nearest	chr16	chr17	1311	0	0	0	663	0	0	0	648	0	0	0	0	0	0	1
p9016_multiseed_best035_seed17_noise0	geom_top_to_nearest	chr16	chr18	3559	0	0	0	1654	0	0	0	1905	0	0	0	0	0	0	1
p9016_multiseed_best035_seed17_noise0	geom_top_to_nearest	chr16	chr19	1885	65	0	0	902	30	0	0	983	35	0	0	0	0	0	1
p9016_multiseed_best035_seed17_noise0	geom_top_to_nearest	chr16	chrX	1393	0	0	0	701	0	0	0	692	0	0	0	0	0	0	1
p9016_multiseed_best035_seed17_noise0	geom_top_to_nearest	chr17	chr18	1121	0	0	0	579	0	0	0	542	0	0	0	0	0	0	1
p9016_multiseed_best035_seed17_noise0	geom_top_to_nearest	chr17	chr19	1687	3	0	19	791	1	0	6	896	2	0	13	0	0	0	1
p9016_multiseed_best035_seed17_noise0	geom_top_to_nearest	chr17	chrX	2904	0	0	0	1394	0	0	0	1510	0	0	0	0	0	0	1
p9016_multiseed_best035_seed17_noise0	geom_top_to_nearest	chr18	chr19	1491	18	0	0	728	10	0	0	763	8	0	0	0	0	0	1
p9016_multiseed_best035_seed17_noise0	geom_top_to_nearest	chr18	chrX	1270	0	0	0	632	0	0	0	638	0	0	0	0	0	0	1
p9016_multiseed_best035_seed17_noise0	geom_top_to_nearest	chr19	chrX	901	0	0	0	433	0	0	0	468	0	0	0	0	0	0	1
p9016_multiseed_best035_seed17_noise0	geom_top_to_nearest	chr2	chr10	2775	0	0	0	1415	0	0	0	1360	0	0	0	0	0	0	1
p9016_multiseed_best035_seed17_noise0	geom_top_to_nearest	chr2	chr11	3988	0	0	0	1966	0	0	0	2022	0	0	0	0	0	0	1
p9016_multiseed_best035_seed17_noise0	geom_top_to_nearest	chr2	chr12	3013	0	0	0	1470	0	0	0	1543	0	0	0	0	0	0	1
p9016_multiseed_best035_seed17_noise0	geom_top_to_nearest	chr2	chr13	3064	0	0	0	1545	0	0	0	1519	0	0	0	0	0	0	1
p9016_multiseed_best035_seed17_noise0	geom_top_to_nearest	chr2	chr14	2747	0	0	0	1351	0	0	0	1396	0	0	0	0	0	0	1
p9016_multiseed_best035_seed17_noise0	geom_top_to_nearest	chr2	chr15	2227	0	0	0	1061	0	0	0	1166	0	0	0	0	0	0	1
p9016_multiseed_best035_seed17_noise0	geom_top_to_nearest	chr2	chr16	4260	0	0	0	2128	0	0	0	2132	0	0	0	0	0	0	1
p9016_multiseed_best035_seed17_noise0	geom_top_to_nearest	chr2	chr17	3091	0	0	0	1485	0	0	0	1606	0	0	0	0	0	0	1
p9016_multiseed_best035_seed17_noise0	geom_top_to_nearest	chr2	chr18	2439	0	0	0	1170	0	0	0	1269	0	0	0	0	0	0	1
p9016_multiseed_best035_seed17_noise0	geom_top_to_nearest	chr2	chr19	1759	18	0	0	897	13	0	0	862	5	0	0	0	0	0	1
p9016_multiseed_best035_seed17_noise0	geom_top_to_nearest	chr2	chr3	6165	9	0	8	2972	7	0	5	3193	2	0	3	0	0	0	1
p9016_multiseed_best035_seed17_noise0	geom_top_to_nearest	chr2	chr4	6038	0	0	0	2955	0	0	0	3083	0	0	0	0	0	0	1
p9016_multiseed_best035_seed17_noise0	geom_top_to_nearest	chr2	chr5	3768	0	0	0	1911	0	0	0	1857	0	0	0	0	0	0	1
p9016_multiseed_best035_seed17_noise0	geom_top_to_nearest	chr2	chr6	6215	0	0	0	3168	0	0	0	3047	0	0	0	0	0	0	1
p9016_multiseed_best035_seed17_noise0	geom_top_to_nearest	chr2	chr7	4371	0	0	0	2150	0	0	0	2221	0	0	0	0	0	0	1
p9016_multiseed_best035_seed17_noise0	geom_top_to_nearest	chr2	chr8	5892	0	0	0	2836	0	0	0	3056	0	0	0	0	0	0	1
p9016_multiseed_best035_seed17_noise0	geom_top_to_nearest	chr2	chr9	6693	7	0	0	3344	3	0	0	3349	4	0	0	0	0	0	1
p9016_multiseed_best035_seed17_noise0	geom_top_to_nearest	chr2	chrX	4551	0	0	0	2243	0	0	0	2308	0	0	0	0	0	0	1
p9016_multiseed_best035_seed17_noise0	geom_top_to_nearest	chr3	chr10	2484	0	0	0	1198	0	0	0	1286	0	0	0	0	0	0	1
p9016_multiseed_best035_seed17_noise0	geom_top_to_nearest	chr3	chr11	2990	0	0	0	1486	0	0	0	1504	0	0	0	0	0	0	1
p9016_multiseed_best035_seed17_noise0	geom_top_to_nearest	chr3	chr12	5288	0	0	25	2874	0	0	5	2414	0	0	20	0	0	0	1
p9016_multiseed_best035_seed17_noise0	geom_top_to_nearest	chr3	chr13	4035	30	0	0	1967	11	0	0	2068	19	0	0	0	0	0	1
p9016_multiseed_best035_seed17_noise0	geom_top_to_nearest	chr3	chr14	2687	0	0	0	1283	0	0	0	1404	0	0	0	0	0	0	1
p9016_multiseed_best035_seed17_noise0	geom_top_to_nearest	chr3	chr15	2624	0	0	0	1367	0	0	0	1257	0	0	0	0	0	0	1
p9016_multiseed_best035_seed17_noise0	geom_top_to_nearest	chr3	chr16	1557	0	0	0	811	0	0	0	746	0	0	0	0	0	0	1
p9016_multiseed_best035_seed17_noise0	geom_top_to_nearest	chr3	chr17	2378	0	0	0	1197	0	0	0	1181	0	0	0	0	0	0	1
p9016_multiseed_best035_seed17_noise0	geom_top_to_nearest	chr3	chr18	2999	0	0	0	1520	0	0	0	1479	0	0	0	0	0	0	1
p9016_multiseed_best035_seed17_noise0	geom_top_to_nearest	chr3	chr19	1891	8	0	0	1010	3	0	0	881	5	0	0	0	0	0	1
p9016_multiseed_best035_seed17_noise0	geom_top_to_nearest	chr3	chr4	3377	0	1	0	1655	0	1	0	1722	0	0	0	0	0	0	1
p9016_multiseed_best035_seed17_noise0	geom_top_to_nearest	chr3	chr5	2588	0	0	0	1245	0	0	0	1343	0	0	0	0	0	0	1
p9016_multiseed_best035_seed17_noise0	geom_top_to_nearest	chr3	chr6	2721	0	0	0	1333	0	0	0	1388	0	0	0	0	0	0	1
p9016_multiseed_best035_seed17_noise0	geom_top_to_nearest	chr3	chr7	7349	0	8	73	3686	0	3	27	3663	0	5	46	0	0	0	1
p9016_multiseed_best035_seed17_noise0	geom_top_to_nearest	chr3	chr8	3921	0	1	0	1870	0	1	0	2051	0	0	0	0	0	0	1
p9016_multiseed_best035_seed17_noise0	geom_top_to_nearest	chr3	chr9	2267	0	0	0	1142	0	0	0	1125	0	0	0	0	0	0	1
p9016_multiseed_best035_seed17_noise0	geom_top_to_nearest	chr3	chrX	2651	0	0	0	1348	0	0	0	1303	0	0	0	0	0	0	1
p9016_multiseed_best035_seed17_noise0	geom_top_to_nearest	chr4	chr10	6226	22	0	0	3056	8	0	0	3170	14	0	0	0	0	0	1
p9016_multiseed_best035_seed17_noise0	geom_top_to_nearest	chr4	chr11	2637	0	0	0	1369	0	0	0	1268	0	0	0	0	0	0	1
p9016_multiseed_best035_seed17_noise0	geom_top_to_nearest	chr4	chr12	3911	0	0	3	1951	0	0	1	1960	0	0	2	0	0	0	1
p9016_multiseed_best035_seed17_noise0	geom_top_to_nearest	chr4	chr13	2352	0	0	0	1177	0	0	0	1175	0	0	0	0	0	0	1
p9016_multiseed_best035_seed17_noise0	geom_top_to_nearest	chr4	chr14	2674	0	0	0	1364	0	0	0	1310	0	0	0	0	0	0	1
p9016_multiseed_best035_seed17_noise0	geom_top_to_nearest	chr4	chr15	2012	0	0	0	1017	0	0	0	995	0	0	0	0	0	0	1
p9016_multiseed_best035_seed17_noise0	geom_top_to_nearest	chr4	chr16	2220	0	0	0	1118	0	0	0	1102	0	0	0	0	0	0	1
p9016_multiseed_best035_seed17_noise0	geom_top_to_nearest	chr4	chr17	2057	0	0	0	987	0	0	0	1070	0	0	0	0	0	0	1
p9016_multiseed_best035_seed17_noise0	geom_top_to_nearest	chr4	chr18	1640	0	0	0	796	0	0	0	844	0	0	0	0	0	0	1
p9016_multiseed_best035_seed17_noise0	geom_top_to_nearest	chr4	chr19	1519	23	0	2	777	12	0	2	742	11	0	0	0	0	0	1
p9016_multiseed_best035_seed17_noise0	geom_top_to_nearest	chr4	chr5	6855	0	0	0	3367	0	0	0	3488	0	0	0	0	0	0	1
p9016_multiseed_best035_seed17_noise0	geom_top_to_nearest	chr4	chr6	3169	0	0	0	1592	0	0	0	1577	0	0	0	0	0	0	1
p9016_multiseed_best035_seed17_noise0	geom_top_to_nearest	chr4	chr7	5388	0	0	0	2600	0	0	0	2788	0	0	0	0	0	0	1
p9016_multiseed_best035_seed17_noise0	geom_top_to_nearest	chr4	chr8	2593	1	0	0	1295	0	0	0	1298	1	0	0	0	0	0	1
p9016_multiseed_best035_seed17_noise0	geom_top_to_nearest	chr4	chr9	2786	0	0	0	1370	0	0	0	1416	0	0	0	0	0	0	1
p9016_multiseed_best035_seed17_noise0	geom_top_to_nearest	chr4	chrX	4562	0	0	0	2182	0	0	0	2380	0	0	0	0	0	0	1
p9016_multiseed_best035_seed17_noise0	geom_top_to_nearest	chr5	chr10	4991	8	0	16	2434	4	0	8	2557	4	0	8	0	0	0	1
p9016_multiseed_best035_seed17_noise0	geom_top_to_nearest	chr5	chr11	3049	0	0	0	1548	0	0	0	1501	0	0	0	0	0	0	1
p9016_multiseed_best035_seed17_noise0	geom_top_to_nearest	chr5	chr12	1872	0	0	0	929	0	0	0	943	0	0	0	0	0	0	1
p9016_multiseed_best035_seed17_noise0	geom_top_to_nearest	chr5	chr13	2509	0	0	2	1249	0	0	2	1260	0	0	0	0	0	0	1
p9016_multiseed_best035_seed17_noise0	geom_top_to_nearest	chr5	chr14	3620	0	0	30	1819	0	0	17	1801	0	0	13	0	0	0	1
p9016_multiseed_best035_seed17_noise0	geom_top_to_nearest	chr5	chr15	2176	0	0	0	1052	0	0	0	1124	0	0	0	0	0	0	1
p9016_multiseed_best035_seed17_noise0	geom_top_to_nearest	chr5	chr16	4627	0	0	18	2354	0	0	10	2273	0	0	8	0	0	0	1
p9016_multiseed_best035_seed17_noise0	geom_top_to_nearest	chr5	chr17	1717	0	0	0	860	0	0	0	857	0	0	0	0	0	0	1
p9016_multiseed_best035_seed17_noise0	geom_top_to_nearest	chr5	chr18	3460	0	0	29	1717	0	0	14	1743	0	0	15	0	0	0	1
p9016_multiseed_best035_seed17_noise0	geom_top_to_nearest	chr5	chr19	2075	16	0	1	1040	7	0	1	1035	9	0	0	0	0	0	1
p9016_multiseed_best035_seed17_noise0	geom_top_to_nearest	chr5	chr6	3396	0	0	6	1715	0	0	3	1681	0	0	3	0	0	0	1
p9016_multiseed_best035_seed17_noise0	geom_top_to_nearest	chr5	chr7	2415	0	0	0	1220	0	0	0	1195	0	0	0	0	0	0	1
p9016_multiseed_best035_seed17_noise0	geom_top_to_nearest	chr5	chr8	2478	0	0	0	1194	0	0	0	1284	0	0	0	0	0	0	1
p9016_multiseed_best035_seed17_noise0	geom_top_to_nearest	chr5	chr9	7170	0	0	108	3806	0	0	52	3364	0	0	56	0	0	0	1
p9016_multiseed_best035_seed17_noise0	geom_top_to_nearest	chr5	chrX	2073	0	0	0	1093	0	0	0	980	0	0	0	0	0	0	1
p9016_multiseed_best035_seed17_noise0	geom_top_to_nearest	chr6	chr10	4766	9	0	0	2390	4	0	0	2376	5	0	0	0	0	0	1
p9016_multiseed_best035_seed17_noise0	geom_top_to_nearest	chr6	chr11	2580	0	0	0	1273	0	0	0	1307	0	0	0	0	0	0	1
p9016_multiseed_best035_seed17_noise0	geom_top_to_nearest	chr6	chr12	2129	0	0	0	1043	0	0	0	1086	0	0	0	0	0	0	1
p9016_multiseed_best035_seed17_noise0	geom_top_to_nearest	chr6	chr13	3089	0	0	8	1489	0	0	3	1600	0	0	5	0	0	0	1
p9016_multiseed_best035_seed17_noise0	geom_top_to_nearest	chr6	chr14	5448	3	0	0	2752	2	0	0	2696	1	0	0	0	0	0	1
p9016_multiseed_best035_seed17_noise0	geom_top_to_nearest	chr6	chr15	2123	0	0	0	1055	0	0	0	1068	0	0	0	0	0	0	1
p9016_multiseed_best035_seed17_noise0	geom_top_to_nearest	chr6	chr16	4236	0	0	73	2027	0	0	31	2209	0	0	42	0	0	0	1
p9016_multiseed_best035_seed17_noise0	geom_top_to_nearest	chr6	chr17	1988	0	0	0	984	0	0	0	1004	0	0	0	0	0	0	1
p9016_multiseed_best035_seed17_noise0	geom_top_to_nearest	chr6	chr18	2833	0	0	4	1426	0	0	1	1407	0	0	3	0	0	0	1
p9016_multiseed_best035_seed17_noise0	geom_top_to_nearest	chr6	chr19	2449	122	0	0	1335	54	0	0	1114	68	0	0	0	0	0	1
p9016_multiseed_best035_seed17_noise0	geom_top_to_nearest	chr6	chr7	2450	0	0	0	1218	0	0	0	1232	0	0	0	0	0	0	1
p9016_multiseed_best035_seed17_noise0	geom_top_to_nearest	chr6	chr8	2353	0	0	0	1214	0	0	0	1139	0	0	0	0	0	0	1
p9016_multiseed_best035_seed17_noise0	geom_top_to_nearest	chr6	chr9	3428	0	0	0	1781	0	0	0	1647	0	0	0	0	0	0	1
p9016_multiseed_best035_seed17_noise0	geom_top_to_nearest	chr6	chrX	2292	0	0	0	1135	0	0	0	1157	0	0	0	0	0	0	1
p9016_multiseed_best035_seed17_noise0	geom_top_to_nearest	chr7	chr10	2060	0	0	0	1044	0	0	0	1016	0	0	0	0	0	0	1
p9016_multiseed_best035_seed17_noise0	geom_top_to_nearest	chr7	chr11	2406	0	0	0	1206	0	0	0	1200	0	0	0	0	0	0	1
p9016_multiseed_best035_seed17_noise0	geom_top_to_nearest	chr7	chr12	3689	0	0	4	1902	0	0	1	1787	0	0	3	0	0	0	1
p9016_multiseed_best035_seed17_noise0	geom_top_to_nearest	chr7	chr13	2217	0	0	0	1156	0	0	0	1061	0	0	0	0	0	0	1
p9016_multiseed_best035_seed17_noise0	geom_top_to_nearest	chr7	chr14	3293	0	0	0	1600	0	0	0	1693	0	0	0	0	0	0	1
p9016_multiseed_best035_seed17_noise0	geom_top_to_nearest	chr7	chr15	2080	0	0	0	1024	0	0	0	1056	0	0	0	0	0	0	1
p9016_multiseed_best035_seed17_noise0	geom_top_to_nearest	chr7	chr16	1394	0	0	0	703	0	0	0	691	0	0	0	0	0	0	1
p9016_multiseed_best035_seed17_noise0	geom_top_to_nearest	chr7	chr17	1652	0	0	0	877	0	0	0	775	0	0	0	0	0	0	1
p9016_multiseed_best035_seed17_noise0	geom_top_to_nearest	chr7	chr18	3592	0	0	0	1745	0	0	0	1847	0	0	0	0	0	0	1
p9016_multiseed_best035_seed17_noise0	geom_top_to_nearest	chr7	chr19	1755	0	0	0	913	0	0	0	842	0	0	0	0	0	0	1
p9016_multiseed_best035_seed17_noise0	geom_top_to_nearest	chr7	chr8	2806	1	0	0	1399	1	0	0	1407	0	0	0	0	0	0	1
p9016_multiseed_best035_seed17_noise0	geom_top_to_nearest	chr7	chr9	2043	0	0	0	1056	0	0	0	987	0	0	0	0	0	0	1
p9016_multiseed_best035_seed17_noise0	geom_top_to_nearest	chr7	chrX	2356	0	0	0	1158	0	0	0	1198	0	0	0	0	0	0	1
p9016_multiseed_best035_seed17_noise0	geom_top_to_nearest	chr8	chr10	2004	0	0	0	996	0	0	0	1008	0	0	0	0	0	0	1
p9016_multiseed_best035_seed17_noise0	geom_top_to_nearest	chr8	chr11	8696	0	9	553	4545	0	5	291	4151	0	4	262	0	0	0	1
p9016_multiseed_best035_seed17_noise0	geom_top_to_nearest	chr8	chr12	2085	0	0	0	1047	0	0	0	1038	0	0	0	0	0	0	1
p9016_multiseed_best035_seed17_noise0	geom_top_to_nearest	chr8	chr13	2477	0	0	0	1245	0	0	0	1232	0	0	0	0	0	0	1
p9016_multiseed_best035_seed17_noise0	geom_top_to_nearest	chr8	chr14	3325	0	1	0	1600	0	1	0	1725	0	0	0	0	0	0	1
p9016_multiseed_best035_seed17_noise0	geom_top_to_nearest	chr8	chr15	4112	0	0	0	2115	0	0	0	1997	0	0	0	0	0	0	1
p9016_multiseed_best035_seed17_noise0	geom_top_to_nearest	chr8	chr16	1463	0	0	0	753	0	0	0	710	0	0	0	0	0	0	1
p9016_multiseed_best035_seed17_noise0	geom_top_to_nearest	chr8	chr17	1862	0	0	0	915	0	0	0	947	0	0	0	0	0	0	1
p9016_multiseed_best035_seed17_noise0	geom_top_to_nearest	chr8	chr18	1533	0	0	0	763	0	0	0	770	0	0	0	0	0	0	1
p9016_multiseed_best035_seed17_noise0	geom_top_to_nearest	chr8	chr19	2020	0	0	0	1054	0	0	0	966	0	0	0	0	0	0	1
p9016_multiseed_best035_seed17_noise0	geom_top_to_nearest	chr8	chr9	2080	0	0	0	1015	0	0	0	1065	0	0	0	0	0	0	1
p9016_multiseed_best035_seed17_noise0	geom_top_to_nearest	chr8	chrX	2775	0	0	0	1390	0	0	0	1385	0	0	0	0	0	0	1
p9016_multiseed_best035_seed17_noise0	geom_top_to_nearest	chr9	chr10	2132	0	0	0	1081	0	0	0	1051	0	0	0	0	0	0	1
p9016_multiseed_best035_seed17_noise0	geom_top_to_nearest	chr9	chr11	2605	0	1	0	1290	0	0	0	1315	0	1	0	0	0	0	1
p9016_multiseed_best035_seed17_noise0	geom_top_to_nearest	chr9	chr12	2310	0	0	0	1140	0	0	0	1170	0	0	0	0	0	0	1
p9016_multiseed_best035_seed17_noise0	geom_top_to_nearest	chr9	chr13	2236	0	0	0	1079	0	0	0	1157	0	0	0	0	0	0	1
p9016_multiseed_best035_seed17_noise0	geom_top_to_nearest	chr9	chr14	1849	0	0	0	930	0	0	0	919	0	0	0	0	0	0	1
p9016_multiseed_best035_seed17_noise0	geom_top_to_nearest	chr9	chr15	1834	0	0	0	940	0	0	0	894	0	0	0	0	0	0	1
p9016_multiseed_best035_seed17_noise0	geom_top_to_nearest	chr9	chr16	2922	0	0	0	1444	0	0	0	1478	0	0	0	0	0	0	1
p9016_multiseed_best035_seed17_noise0	geom_top_to_nearest	chr9	chr17	3794	0	0	0	1951	0	0	0	1843	0	0	0	0	0	0	1
p9016_multiseed_best035_seed17_noise0	geom_top_to_nearest	chr9	chr18	1678	0	0	0	807	0	0	0	871	0	0	0	0	0	0	1
p9016_multiseed_best035_seed17_noise0	geom_top_to_nearest	chr9	chr19	1247	2	0	0	589	0	0	0	658	2	0	0	0	0	0	1
p9016_multiseed_best035_seed17_noise0	geom_top_to_nearest	chr9	chrX	2927	0	1	0	1590	0	0	0	1337	0	1	0	0	0	0	1
p9016_multiseed_best035_seed17_noise0	margin_geom_gap	chr1	chr10	4688.50567	0	0	0	2333.78518	0	0	0	2354.72049	0	0	0	0	0	0	1
p9016_multiseed_best035_seed17_noise0	margin_geom_gap	chr1	chr11	5490.72935	0	0	0	2515.43172	0	0	0	2975.29763	0	0	0	0	0	0	1
p9016_multiseed_best035_seed17_noise0	margin_geom_gap	chr1	chr12	2121.47374	0	0	0	1078.52568	0	0	0	1042.94806	0	0	0	0	0	0	1
p9016_multiseed_best035_seed17_noise0	margin_geom_gap	chr1	chr13	1949.16264	0	0	0	909.202411	0	0	0	1039.96023	0	0	0	0	0	0	1
p9016_multiseed_best035_seed17_noise0	margin_geom_gap	chr1	chr14	2512.75784	0	0	0	1289.58561	0	0	0	1223.17223	0	0	0	0	0	0	1
p9016_multiseed_best035_seed17_noise0	margin_geom_gap	chr1	chr15	6089.21842	0	0	0	3063.96637	0	0	0	3025.25205	0	0	0	0	0	0	1
p9016_multiseed_best035_seed17_noise0	margin_geom_gap	chr1	chr16	2188.23674	0	0	0	1134.45055	0	0	0	1053.78619	0	0	0	0	0	0	1
p9016_multiseed_best035_seed17_noise0	margin_geom_gap	chr1	chr17	2179.70782	0	0	0.00420558162	1107.3884	0	0	0.00420558162	1072.31942	0	0	0	0	0	0	1
p9016_multiseed_best035_seed17_noise0	margin_geom_gap	chr1	chr18	3171.90852	0	0	0	1509.91884	0	0	0	1661.98968	0	0	0	0	0	0	1
p9016_multiseed_best035_seed17_noise0	margin_geom_gap	chr1	chr19	491.558614	0	0	0	262.302736	0	0	0	229.255878	0	0	0	0	0	0	1
p9016_multiseed_best035_seed17_noise0	margin_geom_gap	chr1	chr2	4176.50162	0	0	0	1819.28612	0	0	0	2357.2155	0	0	0	0	0	0	1
p9016_multiseed_best035_seed17_noise0	margin_geom_gap	chr1	chr3	1562.86936	0	0	0	796.82214	0	0	0	766.04722	0	0	0	0	0	0	1
p9016_multiseed_best035_seed17_noise0	margin_geom_gap	chr1	chr4	12041.1429	0	0	0	5873.25126	0	0	0	6167.89165	0	0	0	0	0	0	1
p9016_multiseed_best035_seed17_noise0	margin_geom_gap	chr1	chr5	3143.74111	0	0	0	1514.52644	0	0	0	1629.21466	0	0	0	0	0	0	1
p9016_multiseed_best035_seed17_noise0	margin_geom_gap	chr1	chr6	10655.8531	0	0	0	5084.31558	0	0	0	5571.53753	0	0	0	0	0	0	1
p9016_multiseed_best035_seed17_noise0	margin_geom_gap	chr1	chr7	4179.83972	0	0	0	2138.17627	0	0	0	2041.66344	0	0	0	0	0	0	1
p9016_multiseed_best035_seed17_noise0	margin_geom_gap	chr1	chr8	6351.39405	0	0	0	3382.16965	0	0	0	2969.2244	0	0	0	0	0	0	1
p9016_multiseed_best035_seed17_noise0	margin_geom_gap	chr1	chr9	5054.27412	0	0	0	2282.50063	0	0	0	2771.7735	0	0	0	0	0	0	1
p9016_multiseed_best035_seed17_noise0	margin_geom_gap	chr1	chrX	7175.67453	0	0	0	3667.90559	0	0	0	3507.76894	0	0	0	0	0	0	1
p9016_multiseed_best035_seed17_noise0	margin_geom_gap	chr10	chr11	1128.98344	0	0	0	558.754039	0	0	0	570.229399	0	0	0	0	0	0	1
p9016_multiseed_best035_seed17_noise0	margin_geom_gap	chr10	chr12	5260.14038	0	0	0	3062.49082	0	0	0	2197.64956	0	0	0	0	0	0	1
p9016_multiseed_best035_seed17_noise0	margin_geom_gap	chr10	chr13	2689.64848	0	0	0.00386065497	1315.35671	0	0	0.00386065497	1374.29176	0	0	0	0	0	0	1
p9016_multiseed_best035_seed17_noise0	margin_geom_gap	chr10	chr14	701.080336	0	0	0	340.932649	0	0	0	360.147688	0	0	0	0	0	0	1
p9016_multiseed_best035_seed17_noise0	margin_geom_gap	chr10	chr15	3073.74819	0	0	0.0150198924	1415.07021	0	0	0	1658.67798	0	0	0.0150198924	0	0	0	1
p9016_multiseed_best035_seed17_noise0	margin_geom_gap	chr10	chr16	4171.14588	0	0	0	1856.94447	0	0	0	2314.20142	0	0	0	0	0	0	1
p9016_multiseed_best035_seed17_noise0	margin_geom_gap	chr10	chr17	4661.10242	0	0	0	2512.48619	0	0	0	2148.61623	0	0	0	0	0	0	1
p9016_multiseed_best035_seed17_noise0	margin_geom_gap	chr10	chr18	1138.60642	0	0	0	552.903015	0	0	0	585.703407	0	0	0	0	0	0	1
p9016_multiseed_best035_seed17_noise0	margin_geom_gap	chr10	chr19	249.477746	0.0120520635	0	0	126.143362	0.00283424025	0	0	123.334384	0.00921782328	0	0	0	0	0	1
p9016_multiseed_best035_seed17_noise0	margin_geom_gap	chr10	chrX	2511.41112	0	0	0	1260.27727	0	0	0	1251.13385	0	0	0	0	0	0	1
p9016_multiseed_best035_seed17_noise0	margin_geom_gap	chr11	chr12	2147.03585	0	0	0	1092.48001	0	0	0	1054.55585	0	0	0	0	0	0	1
p9016_multiseed_best035_seed17_noise0	margin_geom_gap	chr11	chr13	4251.29453	0	0	0.00258188679	2205.69912	0	0	0.00258188679	2045.5954	0	0	0	0	0	0	1
p9016_multiseed_best035_seed17_noise0	margin_geom_gap	chr11	chr14	6766.29685	0	0	0	3343.28008	0	0	0	3423.01677	0	0	0	0	0	0	1
p9016_multiseed_best035_seed17_noise0	margin_geom_gap	chr11	chr15	1342.37798	0	0	0	628.73116	0	0	0	713.646823	0	0	0	0	0	0	1
p9016_multiseed_best035_seed17_noise0	margin_geom_gap	chr11	chr16	2385.48015	0	0	0	1190.3058	0	0	0	1195.17435	0	0	0	0	0	0	1
p9016_multiseed_best035_seed17_noise0	margin_geom_gap	chr11	chr17	1729.64616	0	0	0	851.745237	0	0	0	877.900925	0	0	0	0	0	0	1
p9016_multiseed_best035_seed17_noise0	margin_geom_gap	chr11	chr18	1439.84899	0	0	0	760.358162	0	0	0	679.490833	0	0	0	0	0	0	1
p9016_multiseed_best035_seed17_noise0	margin_geom_gap	chr11	chr19	3204.33272	0.0208922401	0	0	1516.86442	0.00290742879	0	0	1687.4683	0.0179848113	0	0	0	0	0	1
p9016_multiseed_best035_seed17_noise0	margin_geom_gap	chr11	chrX	6567.00427	0	0	0.00671282273	3620.61851	0	0	0.000930868366	2946.38576	0	0	0.00578195437	0	0	0	1
p9016_multiseed_best035_seed17_noise0	margin_geom_gap	chr12	chr13	5649.04894	0.0223188387	0	0.125131646	2749.9049	0.00528624723	0	0.0910998704	2899.14404	0.0170325915	0	0.0340317752	0	0	0	1
p9016_multiseed_best035_seed17_noise0	margin_geom_gap	chr12	chr14	589.292917	0	0	0	314.088798	0	0	0	275.204119	0	0	0	0	0	0	1
p9016_multiseed_best035_seed17_noise0	margin_geom_gap	chr12	chr15	6458.56073	0	0	0	3102.39202	0	0	0	3356.16871	0	0	0	0	0	0	1
p9016_multiseed_best035_seed17_noise0	margin_geom_gap	chr12	chr16	596.742577	0	0	0	312.427668	0	0	0	284.314909	0	0	0	0	0	0	1
p9016_multiseed_best035_seed17_noise0	margin_geom_gap	chr12	chr17	1764.51253	0	0	0.0221334763	937.168594	0	0	0.0136925941	827.34394	0	0	0.00844088212	0	0	0	1
p9016_multiseed_best035_seed17_noise0	margin_geom_gap	chr12	chr18	1057.31051	0	0	0	395.007535	0	0	0	662.302975	0	0	0	0	0	0	1
p9016_multiseed_best035_seed17_noise0	margin_geom_gap	chr12	chr19	1124.51794	0.145714803	0	0	318.501539	0.0712813726	0	0	806.016403	0.0744334306	0	0	0	0	0	1
p9016_multiseed_best035_seed17_noise0	margin_geom_gap	chr12	chrX	1399.49296	0	0	0	705.965354	0	0	0	693.527608	0	0	0	0	0	0	1
p9016_multiseed_best035_seed17_noise0	margin_geom_gap	chr13	chr14	1983.26957	0	0	0	888.997384	0	0	0	1094.27218	0	0	0	0	0	0	1
p9016_multiseed_best035_seed17_noise0	margin_geom_gap	chr13	chr15	493.772183	0	0	0	238.874935	0	0	0	254.897248	0	0	0	0	0	0	1
p9016_multiseed_best035_seed17_noise0	margin_geom_gap	chr13	chr16	4184.05537	0	0	0	2135.59576	0	0	0	2048.45961	0	0	0	0	0	0	1
p9016_multiseed_best035_seed17_noise0	margin_geom_gap	chr13	chr17	4985.90857	0	0	0	2534.80708	0	0	0	2451.10148	0	0	0	0	0	0	1
p9016_multiseed_best035_seed17_noise0	margin_geom_gap	chr13	chr18	4104.53992	0	0	0	1856.1221	0	0	0	2248.41782	0	0	0	0	0	0	1
p9016_multiseed_best035_seed17_noise0	margin_geom_gap	chr13	chr19	1560.3585	0.394321057	0	0	645.529063	0.0851150181	0	0	914.82944	0.309206039	0	0	0	0	0	1
p9016_multiseed_best035_seed17_noise0	margin_geom_gap	chr13	chrX	2253.56986	0	0	0	1176.14398	0	0	0	1077.42588	0	0	0	0	0	0	1
p9016_multiseed_best035_seed17_noise0	margin_geom_gap	chr14	chr15	411.621168	0	0	0	201.037674	0	0	0	210.583494	0	0	0	0	0	0	1
p9016_multiseed_best035_seed17_noise0	margin_geom_gap	chr14	chr16	1232.26506	0	0	0	621.854959	0	0	0	610.410097	0	0	0	0	0	0	1
p9016_multiseed_best035_seed17_noise0	margin_geom_gap	chr14	chr17	763.285604	0	0	0	389.424376	0	0	0	373.861228	0	0	0	0	0	0	1
p9016_multiseed_best035_seed17_noise0	margin_geom_gap	chr14	chr18	2020.06726	0	0.114659535	0	1111.04871	0	0.114659535	0	909.018549	0	0	0	0	0	0	1
p9016_multiseed_best035_seed17_noise0	margin_geom_gap	chr14	chr19	753.666402	0	0	0	387.327691	0	0	0	366.338711	0	0	0	0	0	0	1
p9016_multiseed_best035_seed17_noise0	margin_geom_gap	chr14	chrX	1354.40476	0	0	0	682.749	0	0	0	671.655764	0	0	0	0	0	0	1
p9016_multiseed_best035_seed17_noise0	margin_geom_gap	chr15	chr16	373.010483	0	0	0	208.48348	0	0	0	164.527003	0	0	0	0	0	0	1
p9016_multiseed_best035_seed17_noise0	margin_geom_gap	chr15	chr17	7588.12338	0	0	0	3993.52043	0	0	0	3594.60295	0	0	0	0	0	0	1
p9016_multiseed_best035_seed17_noise0	margin_geom_gap	chr15	chr18	6165.2957	0	0	0	2897.85073	0	0	0	3267.44497	0	0	0	0	0	0	1
p9016_multiseed_best035_seed17_noise0	margin_geom_gap	chr15	chr19	1359.55037	0	0	0	723.208388	0	0	0	636.341981	0	0	0	0	0	0	1
p9016_multiseed_best035_seed17_noise0	margin_geom_gap	chr15	chrX	945.345666	0	0	0	492.871313	0	0	0	452.474353	0	0	0	0	0	0	1
p9016_multiseed_best035_seed17_noise0	margin_geom_gap	chr16	chr17	460.790044	0	0	0	198.975606	0	0	0	261.814437	0	0	0	0	0	0	1
p9016_multiseed_best035_seed17_noise0	margin_geom_gap	chr16	chr18	5698.5376	0	0	0	2651.19269	0	0	0	3047.34491	0	0	0	0	0	0	1
p9016_multiseed_best035_seed17_noise0	margin_geom_gap	chr16	chr19	1543.03767	0.103538104	0	0	750.521048	0.075013284	0	0	792.516619	0.0285248197	0	0	0	0	0	1
p9016_multiseed_best035_seed17_noise0	margin_geom_gap	chr16	chrX	1081.545	0	0	0	555.425794	0	0	0	526.119208	0	0	0	0	0	0	1
p9016_multiseed_best035_seed17_noise0	margin_geom_gap	chr17	chr18	225.800456	0	0	0	107.781027	0	0	0	118.019429	0	0	0	0	0	0	1
p9016_multiseed_best035_seed17_noise0	margin_geom_gap	chr17	chr19	963.527091	0	0	0.0112430751	404.942763	0	0	0.00911214971	558.584329	0	0	0.00213092539	0	0	0	1
p9016_multiseed_best035_seed17_noise0	margin_geom_gap	chr17	chrX	2742.13098	0	0	0	1224.99992	0	0	0	1517.13105	0	0	0	0	0	0	1
p9016_multiseed_best035_seed17_noise0	margin_geom_gap	chr18	chr19	954.568968	0.058846622	0	0	473.170073	0.0217593911	0	0	481.398895	0.0370872308	0	0	0	0	0	1
p9016_multiseed_best035_seed17_noise0	margin_geom_gap	chr18	chrX	372.176992	0	0	0	188.67431	0	0	0	183.502682	0	0	0	0	0	0	1
p9016_multiseed_best035_seed17_noise0	margin_geom_gap	chr19	chrX	178.133882	0	0	0	80.8746897	0	0	0	97.2591921	0	0	0	0	0	0	1
p9016_multiseed_best035_seed17_noise0	margin_geom_gap	chr2	chr10	1217.71484	0	0	0	599.390243	0	0	0	618.324598	0	0	0	0	0	0	1
p9016_multiseed_best035_seed17_noise0	margin_geom_gap	chr2	chr11	2598.56351	0	0	0	1193.61947	0	0	0	1404.94404	0	0	0	0	0	0	1
p9016_multiseed_best035_seed17_noise0	margin_geom_gap	chr2	chr12	2309.06094	0	0	0	1128.01298	0	0	0	1181.04797	0	0	0	0	0	0	1
p9016_multiseed_best035_seed17_noise0	margin_geom_gap	chr2	chr13	1479.55225	0	0	0	712.650799	0	0	0	766.901448	0	0	0	0	0	0	1
p9016_multiseed_best035_seed17_noise0	margin_geom_gap	chr2	chr14	5613.35304	0	0	0	2735.63449	0	0	0	2877.71855	0	0	0	0	0	0	1
p9016_multiseed_best035_seed17_noise0	margin_geom_gap	chr2	chr15	1437.31329	0	0	0	688.447181	0	0	0	748.866111	0	0	0	0	0	0	1
p9016_multiseed_best035_seed17_noise0	margin_geom_gap	chr2	chr16	8575.1844	0	0	0	4336.46597	0	0	0	4238.71844	0	0	0	0	0	0	1
p9016_multiseed_best035_seed17_noise0	margin_geom_gap	chr2	chr17	4704.62849	0	0	0	2192.22999	0	0	0	2512.3985	0	0	0	0	0	0	1
p9016_multiseed_best035_seed17_noise0	margin_geom_gap	chr2	chr18	837.693455	0	0	0	407.550929	0	0	0	430.142525	0	0	0	0	0	0	1
p9016_multiseed_best035_seed17_noise0	margin_geom_gap	chr2	chr19	779.679411	0	0	0	417.591622	0	0	0	362.08779	0	0	0	0	0	0	1
p9016_multiseed_best035_seed17_noise0	margin_geom_gap	chr2	chr3	8499.29335	0	0	0.0613888775	3910.11918	0	0	0.0613888775	4589.17416	0	0	0	0	0	0	1
p9016_multiseed_best035_seed17_noise0	margin_geom_gap	chr2	chr4	11226.9063	0	0	0	5443.48263	0	0	0	5783.4237	0	0	0	0	0	0	1
p9016_multiseed_best035_seed17_noise0	margin_geom_gap	chr2	chr5	5000.95396	0	0	0	2549.47173	0	0	0	2451.48223	0	0	0	0	0	0	1
p9016_multiseed_best035_seed17_noise0	margin_geom_gap	chr2	chr6	14585.1291	0	0	0	7397.53203	0	0	0	7187.59708	0	0	0	0	0	0	1
p9016_multiseed_best035_seed17_noise0	margin_geom_gap	chr2	chr7	4817.71001	0	0	0	2404.38044	0	0	0	2413.32958	0	0	0	0	0	0	1
p9016_multiseed_best035_seed17_noise0	margin_geom_gap	chr2	chr8	9216.07935	0	0	0	4286.67484	0	0	0	4929.40451	0	0	0	0	0	0	1
p9016_multiseed_best035_seed17_noise0	margin_geom_gap	chr2	chr9	9683.92888	0	0	0	4890.8732	0	0	0	4793.05568	0	0	0	0	0	0	1
p9016_multiseed_best035_seed17_noise0	margin_geom_gap	chr2	chrX	5355.10102	0	0	0	2663.11943	0	0	0	2691.9816	0	0	0	0	0	0	1
p9016_multiseed_best035_seed17_noise0	margin_geom_gap	chr3	chr10	2580.01406	0	0	0	1221.61081	0	0	0	1358.40325	0	0	0	0	0	0	1
p9016_multiseed_best035_seed17_noise0	margin_geom_gap	chr3	chr11	833.11669	0	0	0	399.87198	0	0	0	433.24471	0	0	0	0	0	0	1
p9016_multiseed_best035_seed17_noise0	margin_geom_gap	chr3	chr12	5034.70678	0	0	0.0253321916	3085.64667	0	0	0.0152312586	1949.06011	0	0	0.010100933	0	0	0	1
p9016_multiseed_best035_seed17_noise0	margin_geom_gap	chr3	chr13	3278.91809	0.0381912241	0	0	1639.88227	0.0153168657	0	0	1639.03582	0.0228743585	0	0	0	0	0	1
p9016_multiseed_best035_seed17_noise0	margin_geom_gap	chr3	chr14	1918.63317	0	0	0	847.13918	0	0	0	1071.49399	0	0	0	0	0	0	1
p9016_multiseed_best035_seed17_noise0	margin_geom_gap	chr3	chr15	2755.83927	0	0	0	1574.63514	0	0	0	1181.20413	0	0	0	0	0	0	1
p9016_multiseed_best035_seed17_noise0	margin_geom_gap	chr3	chr16	1365.1727	0	0	0	721.096897	0	0	0	644.075807	0	0	0	0	0	0	1
p9016_multiseed_best035_seed17_noise0	margin_geom_gap	chr3	chr17	1920.74177	0	0	0	974.668439	0	0	0	946.073335	0	0	0	0	0	0	1
p9016_multiseed_best035_seed17_noise0	margin_geom_gap	chr3	chr18	6475.31494	0	0	0	3343.4486	0	0	0	3131.86633	0	0	0	0	0	0	1
p9016_multiseed_best035_seed17_noise0	margin_geom_gap	chr3	chr19	1028.85859	0.0016183806	0	0	606.153809	0.0016183806	0	0	422.70478	0	0	0	0	0	0	1
p9016_multiseed_best035_seed17_noise0	margin_geom_gap	chr3	chr4	3187.92428	0	0	0	1535.97244	0	0	0	1651.95185	0	0	0	0	0	0	1
p9016_multiseed_best035_seed17_noise0	margin_geom_gap	chr3	chr5	1170.65451	0	0	0	558.770942	0	0	0	611.883571	0	0	0	0	0	0	1
p9016_multiseed_best035_seed17_noise0	margin_geom_gap	chr3	chr6	5002.11097	0	0	0	2446.87589	0	0	0	2555.23507	0	0	0	0	0	0	1
p9016_multiseed_best035_seed17_noise0	margin_geom_gap	chr3	chr7	5214.0386	0	0.0109147867	0.174511691	2640.73157	0	0.0109147867	0.0497163134	2573.30704	0	0	0.124795377	0	0	0	1
p9016_multiseed_best035_seed17_noise0	margin_geom_gap	chr3	chr8	3239.62318	0	0	0	1439.30652	0	0	0	1800.31666	0	0	0	0	0	0	1
p9016_multiseed_best035_seed17_noise0	margin_geom_gap	chr3	chr9	1003.33868	0	0	0	504.151406	0	0	0	499.187277	0	0	0	0	0	0	1
p9016_multiseed_best035_seed17_noise0	margin_geom_gap	chr3	chrX	1179.8258	0	0	0	588.124197	0	0	0	591.701602	0	0	0	0	0	0	1
p9016_multiseed_best035_seed17_noise0	margin_geom_gap	chr4	chr10	16577.7902	0.0342455772	0	0	8087.85115	0	0	0	8489.93903	0.0342455772	0	0	0	0	0	1
p9016_multiseed_best035_seed17_noise0	margin_geom_gap	chr4	chr11	944.939106	0	0	0	494.798998	0	0	0	450.140109	0	0	0	0	0	0	1
p9016_multiseed_best035_seed17_noise0	margin_geom_gap	chr4	chr12	4066.91173	0	0	0.140081338	1965.92369	0	0	0.0952458807	2100.98804	0	0	0.0448354576	0	0	0	1
p9016_multiseed_best035_seed17_noise0	margin_geom_gap	chr4	chr13	2201.45668	0	0	0	1084.3883	0	0	0	1117.06837	0	0	0	0	0	0	1
p9016_multiseed_best035_seed17_noise0	margin_geom_gap	chr4	chr14	1424.2857	0	0	0	768.408385	0	0	0	655.877312	0	0	0	0	0	0	1
p9016_multiseed_best035_seed17_noise0	margin_geom_gap	chr4	chr15	1107.46267	0	0	0	579.986456	0	0	0	527.476217	0	0	0	0	0	0	1
p9016_multiseed_best035_seed17_noise0	margin_geom_gap	chr4	chr16	4633.77718	0	0	0	2286.43019	0	0	0	2347.34699	0	0	0	0	0	0	1
p9016_multiseed_best035_seed17_noise0	margin_geom_gap	chr4	chr17	2339.64516	0	0	0	1161.67988	0	0	0	1177.96529	0	0	0	0	0	0	1
p9016_multiseed_best035_seed17_noise0	margin_geom_gap	chr4	chr18	1593.89977	0	0	0	756.222549	0	0	0	837.677226	0	0	0	0	0	0	1
p9016_multiseed_best035_seed17_noise0	margin_geom_gap	chr4	chr19	515.041033	0	0	0	255.018529	0	0	0	260.022504	0	0	0	0	0	0	1
p9016_multiseed_best035_seed17_noise0	margin_geom_gap	chr4	chr5	15666.1945	0	0	0	7620.03914	0	0	0	8046.15531	0	0	0	0	0	0	1
p9016_multiseed_best035_seed17_noise0	margin_geom_gap	chr4	chr6	6064.35077	0	0	0	2976.3167	0	0	0	3088.03406	0	0	0	0	0	0	1
p9016_multiseed_best035_seed17_noise0	margin_geom_gap	chr4	chr7	9203.24672	0	0	0	4321.99822	0	0	0	4881.24849	0	0	0	0	0	0	1
p9016_multiseed_best035_seed17_noise0	margin_geom_gap	chr4	chr8	1740.81614	0	0	0	851.904248	0	0	0	888.911889	0	0	0	0	0	0	1
p9016_multiseed_best035_seed17_noise0	margin_geom_gap	chr4	chr9	2300.80083	0	0	0	1135.29211	0	0	0	1165.50872	0	0	0	0	0	0	1
p9016_multiseed_best035_seed17_noise0	margin_geom_gap	chr4	chrX	12353.0188	0	0	0	5656.59146	0	0	0	6696.42735	0	0	0	0	0	0	1
p9016_multiseed_best035_seed17_noise0	margin_geom_gap	chr5	chr10	4035.22429	0	0	0.0374293842	1860.87553	0	0	0.0239631392	2174.34875	0	0	0.013466245	0	0	0	1
p9016_multiseed_best035_seed17_noise0	margin_geom_gap	chr5	chr11	4035.27769	0	0	0	2096.99547	0	0	0	1938.28222	0	0	0	0	0	0	1
p9016_multiseed_best035_seed17_noise0	margin_geom_gap	chr5	chr12	1748.24114	0	0	0	894.121986	0	0	0	854.11915	0	0	0	0	0	0	1
p9016_multiseed_best035_seed17_noise0	margin_geom_gap	chr5	chr13	2512.8919	0	0	0	1263.22111	0	0	0	1249.67078	0	0	0	0	0	0	1
p9016_multiseed_best035_seed17_noise0	margin_geom_gap	chr5	chr14	3880.85105	0	0	0	1984.4013	0	0	0	1896.44975	0	0	0	0	0	0	1
p9016_multiseed_best035_seed17_noise0	margin_geom_gap	chr5	chr15	1211.82583	0	0	0	586.334964	0	0	0	625.490871	0	0	0	0	0	0	1
p9016_multiseed_best035_seed17_noise0	margin_geom_gap	chr5	chr16	3292.12221	0	0	0.0389284951	1702.64653	0	0	0.037696968	1589.47568	0	0	0.00123152714	0	0	0	1
p9016_multiseed_best035_seed17_noise0	margin_geom_gap	chr5	chr17	1811.828	0	0	0	911.644753	0	0	0	900.183248	0	0	0	0	0	0	1
p9016_multiseed_best035_seed17_noise0	margin_geom_gap	chr5	chr18	4552.46412	0	0	0	2261.4778	0	0	0	2290.98631	0	0	0	0	0	0	1
p9016_multiseed_best035_seed17_noise0	margin_geom_gap	chr5	chr19	1289.0213	0.0122008254	0	0	661.577342	0	0	0	627.443961	0.0122008254	0	0	0	0	0	1
p9016_multiseed_best035_seed17_noise0	margin_geom_gap	chr5	chr6	1195.36507	0	0	0	595.795259	0	0	0	599.569811	0	0	0	0	0	0	1
p9016_multiseed_best035_seed17_noise0	margin_geom_gap	chr5	chr7	2664.66945	0	0	0	1362.99745	0	0	0	1301.672	0	0	0	0	0	0	1
p9016_multiseed_best035_seed17_noise0	margin_geom_gap	chr5	chr8	2753.61996	0	0	0	1293.69063	0	0	0	1459.92932	0	0	0	0	0	0	1
p9016_multiseed_best035_seed17_noise0	margin_geom_gap	chr5	chr9	8469.38914	0	0	0.153495534	4412.30428	0	0	0.0286640057	4057.08486	0	0	0.124831528	0	0	0	1
p9016_multiseed_best035_seed17_noise0	margin_geom_gap	chr5	chrX	1370.64613	0	0	0	748.058468	0	0	0	622.587665	0	0	0	0	0	0	1
p9016_multiseed_best035_seed17_noise0	margin_geom_gap	chr6	chr10	5168.90925	0	0	0	2700.29823	0	0	0	2468.61102	0	0	0	0	0	0	1
p9016_multiseed_best035_seed17_noise0	margin_geom_gap	chr6	chr11	2132.06594	0	0	0	1050.40033	0	0	0	1081.66561	0	0	0	0	0	0	1
p9016_multiseed_best035_seed17_noise0	margin_geom_gap	chr6	chr12	881.951871	0	0	0	429.401135	0	0	0	452.550735	0	0	0	0	0	0	1
p9016_multiseed_best035_seed17_noise0	margin_geom_gap	chr6	chr13	3215.78803	0	0	0.000194743839	1568.94362	0	0	0	1646.84441	0	0	0.000194743839	0	0	0	1
p9016_multiseed_best035_seed17_noise0	margin_geom_gap	chr6	chr14	12907.3585	0	0	0	6609.00944	0	0	0	6298.34907	0	0	0	0	0	0	1
p9016_multiseed_best035_seed17_noise0	margin_geom_gap	chr6	chr15	1369.77226	0	0	0	706.623282	0	0	0	663.148979	0	0	0	0	0	0	1
p9016_multiseed_best035_seed17_noise0	margin_geom_gap	chr6	chr16	3366.36854	0	0	0.0323633052	1529.27724	0	0	0.0170142232	1837.0913	0	0	0.0153490819	0	0	0	1
p9016_multiseed_best035_seed17_noise0	margin_geom_gap	chr6	chr17	1291.75302	0	0	0	626.180555	0	0	0	665.572467	0	0	0	0	0	0	1
p9016_multiseed_best035_seed17_noise0	margin_geom_gap	chr6	chr18	2007.30377	0	0	0	1045.60793	0	0	0	961.695845	0	0	0	0	0	0	1
p9016_multiseed_best035_seed17_noise0	margin_geom_gap	chr6	chr19	1848.12554	0.1435473	0	0	1064.87458	0.0128179683	0	0	783.250965	0.130729332	0	0	0	0	0	1
p9016_multiseed_best035_seed17_noise0	margin_geom_gap	chr6	chr7	2410.59283	0	0	0	1184.07189	0	0	0	1226.52094	0	0	0	0	0	0	1
p9016_multiseed_best035_seed17_noise0	margin_geom_gap	chr6	chr8	2094.10772	0	0	0	1061.51569	0	0	0	1032.59202	0	0	0	0	0	0	1
p9016_multiseed_best035_seed17_noise0	margin_geom_gap	chr6	chr9	4836.39989	0	0	0	2458.41399	0	0	0	2377.98589	0	0	0	0	0	0	1
p9016_multiseed_best035_seed17_noise0	margin_geom_gap	chr6	chrX	3079.73137	0	0	0	1540.52667	0	0	0	1539.2047	0	0	0	0	0	0	1
p9016_multiseed_best035_seed17_noise0	margin_geom_gap	chr7	chr10	432.612581	0	0	0	208.680458	0	0	0	223.932123	0	0	0	0	0	0	1
p9016_multiseed_best035_seed17_noise0	margin_geom_gap	chr7	chr11	2738.84375	0	0	0	1419.19513	0	0	0	1319.64862	0	0	0	0	0	0	1
p9016_multiseed_best035_seed17_noise0	margin_geom_gap	chr7	chr12	4980.22041	0	0	0	2579.24498	0	0	0	2400.97543	0	0	0	0	0	0	1
p9016_multiseed_best035_seed17_noise0	margin_geom_gap	chr7	chr13	1628.77826	0	0	0	866.263082	0	0	0	762.515174	0	0	0	0	0	0	1
p9016_multiseed_best035_seed17_noise0	margin_geom_gap	chr7	chr14	4385.2409	0	0	0	1979.95244	0	0	0	2405.28845	0	0	0	0	0	0	1
p9016_multiseed_best035_seed17_noise0	margin_geom_gap	chr7	chr15	927.94244	0	0	0	435.954376	0	0	0	491.988064	0	0	0	0	0	0	1
p9016_multiseed_best035_seed17_noise0	margin_geom_gap	chr7	chr16	919.193826	0	0	0	439.568489	0	0	0	479.625336	0	0	0	0	0	0	1
p9016_multiseed_best035_seed17_noise0	margin_geom_gap	chr7	chr17	1050.0097	0	0	0	535.041433	0	0	0	514.968269	0	0	0	0	0	0	1
p9016_multiseed_best035_seed17_noise0	margin_geom_gap	chr7	chr18	6543.08156	0	0	0	2998.67916	0	0	0	3544.4024	0	0	0	0	0	0	1
p9016_multiseed_best035_seed17_noise0	margin_geom_gap	chr7	chr19	1433.94269	0	0	0	747.897135	0	0	0	686.045558	0	0	0	0	0	0	1
p9016_multiseed_best035_seed17_noise0	margin_geom_gap	chr7	chr8	1914.57132	0	0	0	981.015893	0	0	0	933.555424	0	0	0	0	0	0	1
p9016_multiseed_best035_seed17_noise0	margin_geom_gap	chr7	chr9	4383.10845	0	0	0	2265.86843	0	0	0	2117.24002	0	0	0	0	0	0	1
p9016_multiseed_best035_seed17_noise0	margin_geom_gap	chr7	chrX	1777.93597	0	0	0	873.516011	0	0	0	904.419956	0	0	0	0	0	0	1
p9016_multiseed_best035_seed17_noise0	margin_geom_gap	chr8	chr10	1068.3026	0	0	0	536.184882	0	0	0	532.117722	0	0	0	0	0	0	1
p9016_multiseed_best035_seed17_noise0	margin_geom_gap	chr8	chr11	5264.76997	0	0.117356901	0.629542311	3012.95117	0	0.100093068	0.155415735	2251.81881	0	0.0172638329	0.474126576	0	0	0	1
p9016_multiseed_best035_seed17_noise0	margin_geom_gap	chr8	chr12	2151.95357	0	0	0	1105.31922	0	0	0	1046.63436	0	0	0	0	0	0	1
p9016_multiseed_best035_seed17_noise0	margin_geom_gap	chr8	chr13	1288.06744	0	0	0	591.655319	0	0	0	696.412119	0	0	0	0	0	0	1
p9016_multiseed_best035_seed17_noise0	margin_geom_gap	chr8	chr14	5919.63995	0	0	0	2831.52817	0	0	0	3088.11177	0	0	0	0	0	0	1
p9016_multiseed_best035_seed17_noise0	margin_geom_gap	chr8	chr15	7925.23471	0	0	0	4141.56863	0	0	0	3783.66607	0	0	0	0	0	0	1
p9016_multiseed_best035_seed17_noise0	margin_geom_gap	chr8	chr16	1624.94441	0	0	0	819.110401	0	0	0	805.834006	0	0	0	0	0	0	1
p9016_multiseed_best035_seed17_noise0	margin_geom_gap	chr8	chr17	1514.84942	0	0	0	759.733212	0	0	0	755.116207	0	0	0	0	0	0	1
p9016_multiseed_best035_seed17_noise0	margin_geom_gap	chr8	chr18	2839.11274	0	0	0	1421.48927	0	0	0	1417.62347	0	0	0	0	0	0	1
p9016_multiseed_best035_seed17_noise0	margin_geom_gap	chr8	chr19	3011.36108	0	0	0	1502.98284	0	0	0	1508.37824	0	0	0	0	0	0	1
p9016_multiseed_best035_seed17_noise0	margin_geom_gap	chr8	chr9	1310.42867	0	0	0	658.445946	0	0	0	651.982723	0	0	0	0	0	0	1
p9016_multiseed_best035_seed17_noise0	margin_geom_gap	chr8	chrX	621.117366	0	0	0	297.809748	0	0	0	323.307618	0	0	0	0	0	0	1
p9016_multiseed_best035_seed17_noise0	margin_geom_gap	chr9	chr10	1080.38489	0	0	0	525.366106	0	0	0	555.018784	0	0	0	0	0	0	1
p9016_multiseed_best035_seed17_noise0	margin_geom_gap	chr9	chr11	2275.65149	0	0	0	1133.16532	0	0	0	1142.48617	0	0	0	0	0	0	1
p9016_multiseed_best035_seed17_noise0	margin_geom_gap	chr9	chr12	2533.91436	0	0	0	1286.08802	0	0	0	1247.82634	0	0	0	0	0	0	1
p9016_multiseed_best035_seed17_noise0	margin_geom_gap	chr9	chr13	1899.72131	0	0	0	934.055551	0	0	0	965.665756	0	0	0	0	0	0	1
p9016_multiseed_best035_seed17_noise0	margin_geom_gap	chr9	chr14	1256.37039	0	0	0	629.2178	0	0	0	627.152591	0	0	0	0	0	0	1
p9016_multiseed_best035_seed17_noise0	margin_geom_gap	chr9	chr15	1108.44979	0	0	0	568.172721	0	0	0	540.27707	0	0	0	0	0	0	1
p9016_multiseed_best035_seed17_noise0	margin_geom_gap	chr9	chr16	2456.45194	0	0	0	1196.80285	0	0	0	1259.64909	0	0	0	0	0	0	1
p9016_multiseed_best035_seed17_noise0	margin_geom_gap	chr9	chr17	5241.93262	0	0	0	2736.33564	0	0	0	2505.59697	0	0	0	0	0	0	1
p9016_multiseed_best035_seed17_noise0	margin_geom_gap	chr9	chr18	2802.71898	0	0	0	1369.7449	0	0	0	1432.97408	0	0	0	0	0	0	1
p9016_multiseed_best035_seed17_noise0	margin_geom_gap	chr9	chr19	361.176569	0	0	0	162.13718	0	0	0	199.039389	0	0	0	0	0	0	1
p9016_multiseed_best035_seed17_noise0	margin_geom_gap	chr9	chrX	3347.33627	0	0	0	1994.4805	0	0	0	1352.85576	0	0	0	0	0	0	1
p9016_multiseed_best035_seed17_noise0	pmax_geom_gap	chr1	chr10	5042.99675	0	0	0	2509.11405	0	0	0	2533.8827	0	0	0	0	0	0	1
p9016_multiseed_best035_seed17_noise0	pmax_geom_gap	chr1	chr11	6153.80787	0	0	0	2843.79081	0	0	0	3310.01706	0	0	0	0	0	0	1
p9016_multiseed_best035_seed17_noise0	pmax_geom_gap	chr1	chr12	2602.37343	0	0	0.0751050917	1318.16908	0	0	0.0751050917	1284.20435	0	0	0	0	0	0	1
p9016_multiseed_best035_seed17_noise0	pmax_geom_gap	chr1	chr13	2401.0957	0	0	0	1138.93533	0	0	0	1262.16037	0	0	0	0	0	0	1
p9016_multiseed_best035_seed17_noise0	pmax_geom_gap	chr1	chr14	2829.77126	0	0	0	1445.75736	0	0	0	1384.0139	0	0	0	0	0	0	1
p9016_multiseed_best035_seed17_noise0	pmax_geom_gap	chr1	chr15	6527.15243	0	0	0	3286.50063	0	0	0	3240.6518	0	0	0	0	0	0	1
p9016_multiseed_best035_seed17_noise0	pmax_geom_gap	chr1	chr16	2506.12229	0	0	0	1293.77832	0	0	0	1212.34397	0	0	0	0	0	0	1
p9016_multiseed_best035_seed17_noise0	pmax_geom_gap	chr1	chr17	2799.2614	0	0	8.48241613	1411.09626	0	0	4.44589116	1388.16514	0	0	4.03652497	0	0	0	1
p9016_multiseed_best035_seed17_noise0	pmax_geom_gap	chr1	chr18	3436.54411	0	0	0	1632.79143	0	0	0	1803.75268	0	0	0	0	0	0	1
p9016_multiseed_best035_seed17_noise0	pmax_geom_gap	chr1	chr19	670.838673	0	0	0	349.648711	0	0	0	321.189962	0	0	0	0	0	0	1
p9016_multiseed_best035_seed17_noise0	pmax_geom_gap	chr1	chr2	4949.65439	0	0	0.0127373342	2211.3509	0	0	0.0127373342	2738.3035	0	0	0	0	0	0	1
p9016_multiseed_best035_seed17_noise0	pmax_geom_gap	chr1	chr3	2084.47139	0	0	0	1059.13321	0	0	0	1025.33818	0	0	0	0	0	0	1
p9016_multiseed_best035_seed17_noise0	pmax_geom_gap	chr1	chr4	12364.8371	0	0	0	6037.08335	0	0	0	6327.75374	0	0	0	0	0	0	1
p9016_multiseed_best035_seed17_noise0	pmax_geom_gap	chr1	chr5	3597.54282	0	0	0	1744.47805	0	0	0	1853.06478	0	0	0	0	0	0	1
p9016_multiseed_best035_seed17_noise0	pmax_geom_gap	chr1	chr6	11266.1797	0	0	0	5384.30123	0	0	0	5881.87851	0	0	0	0	0	0	1
p9016_multiseed_best035_seed17_noise0	pmax_geom_gap	chr1	chr7	4590.39656	0	0	0	2347.82832	0	0	0	2242.56824	0	0	0	0	0	0	1
p9016_multiseed_best035_seed17_noise0	pmax_geom_gap	chr1	chr8	7036.63192	0.100844528	0	0	3727.724	0.100844528	0	0	3308.90791	0	0	0	0	0	0	1
p9016_multiseed_best035_seed17_noise0	pmax_geom_gap	chr1	chr9	5609.66283	0	0	0	2568.75762	0	0	0	3040.90521	0	0	0	0	0	0	1
p9016_multiseed_best035_seed17_noise0	pmax_geom_gap	chr1	chrX	8129.4327	0	0	1.961394	4141.31203	0	0	0.555237972	3988.12067	0	0	1.40615603	0	0	0	1
p9016_multiseed_best035_seed17_noise0	pmax_geom_gap	chr10	chr11	1418.61311	0	0	0	705.75855	0	0	0	712.854565	0	0	0	0	0	0	1
p9016_multiseed_best035_seed17_noise0	pmax_geom_gap	chr10	chr12	5667.44302	0	0	0	3271.01067	0	0	0	2396.43235	0	0	0	0	0	0	1
p9016_multiseed_best035_seed17_noise0	pmax_geom_gap	chr10	chr13	3212.4737	0	0	0.35343605	1577.67648	0	0	0.35343605	1634.79723	0	0	0	0	0	0	1
p9016_multiseed_best035_seed17_noise0	pmax_geom_gap	chr10	chr14	975.404919	0	0	0	478.947787	0	0	0	496.457132	0	0	0	0	0	0	1
p9016_multiseed_best035_seed17_noise0	pmax_geom_gap	chr10	chr15	3425.50155	0	0.947291001	2.73675844	1595.2861	0	0.0916431711	0	1830.21545	0	0.855647829	2.73675844	0	0	0	1
p9016_multiseed_best035_seed17_noise0	pmax_geom_gap	chr10	chr16	4689.93986	0	3.45934782	0	2121.63869	0	1.99930843	0	2568.30116	0	1.46003939	0	0	0	0	1
p9016_multiseed_best035_seed17_noise0	pmax_geom_gap	chr10	chr17	4919.21548	0	0	0	2642.77861	0	0	0	2276.43687	0	0	0	0	0	0	1
p9016_multiseed_best035_seed17_noise0	pmax_geom_gap	chr10	chr18	1415.94389	0	0	0	699.531188	0	0	0	716.412702	0	0	0	0	0	0	1
p9016_multiseed_best035_seed17_noise0	pmax_geom_gap	chr10	chr19	404.503188	4.09699571	0	0	204.766403	1.52088234	0	0	199.736785	2.57611337	0	0	0	0	0	1
p9016_multiseed_best035_seed17_noise0	pmax_geom_gap	chr10	chrX	2736.25912	0	0	0	1377.61692	0	0	0	1358.6422	0	0	0	0	0	0	1
p9016_multiseed_best035_seed17_noise0	pmax_geom_gap	chr11	chr12	2454.8532	0	0	0	1246.14151	0	0	0	1208.71169	0	0	0	0	0	0	1
p9016_multiseed_best035_seed17_noise0	pmax_geom_gap	chr11	chr13	4688.25466	0	0	1.54720673	2427.08832	0	0	1.38029474	2261.16635	0	0	0.166911988	0	0	0	1
p9016_multiseed_best035_seed17_noise0	pmax_geom_gap	chr11	chr14	7102.29631	0	0	0	3514.64885	0	0	0	3587.64746	0	0	0	0	0	0	1
p9016_multiseed_best035_seed17_noise0	pmax_geom_gap	chr11	chr15	1649.82015	0	0	0	781.374271	0	0	0	868.445883	0	0	0	0	0	0	1
p9016_multiseed_best035_seed17_noise0	pmax_geom_gap	chr11	chr16	2579.61613	0	0	0	1285.70054	0	0	0	1293.91559	0	0	0	0	0	0	1
p9016_multiseed_best035_seed17_noise0	pmax_geom_gap	chr11	chr17	2004.99189	0	0	0	985.141099	0	0	0	1019.85079	0	0	0	0	0	0	1
p9016_multiseed_best035_seed17_noise0	pmax_geom_gap	chr11	chr18	1642.40641	0	0	0	864.874181	0	0	0	777.532224	0	0	0	0	0	0	1
p9016_multiseed_best035_seed17_noise0	pmax_geom_gap	chr11	chr19	3570.98798	1.49814953	0	0	1710.88306	0.962305109	0	0	1860.10493	0.535844423	0	0	0	0	0	1
p9016_multiseed_best035_seed17_noise0	pmax_geom_gap	chr11	chrX	7101.3705	0.510493855	0	4.27733036	3886.59972	0.0674934973	0	0.843333319	3214.77078	0.443000358	0	3.43399704	0	0	0	1
p9016_multiseed_best035_seed17_noise0	pmax_geom_gap	chr12	chr13	6368.21965	8.41572921	0	16.0847738	3106.11958	3.53425295	0	4.70904462	3262.10007	4.88147626	0	11.3757292	0	0	0	1
p9016_multiseed_best035_seed17_noise0	pmax_geom_gap	chr12	chr14	798.202088	0	0	0	418.841794	0	0	0	379.360294	0	0	0	0	0	0	1
p9016_multiseed_best035_seed17_noise0	pmax_geom_gap	chr12	chr15	6788.31487	0	0	0	3274.17558	0	0	0	3514.1393	0	0	0	0	0	0	1
p9016_multiseed_best035_seed17_noise0	pmax_geom_gap	chr12	chr16	795.796802	0	0	0	414.708094	0	0	0	381.088708	0	0	0	0	0	0	1
p9016_multiseed_best035_seed17_noise0	pmax_geom_gap	chr12	chr17	2165.64065	0	0	2.36652363	1140.97	0	0	1.44283477	1024.67065	0	0	0.923688869	0	0	0	1
p9016_multiseed_best035_seed17_noise0	pmax_geom_gap	chr12	chr18	1266.30537	0	0	0	496.110729	0	0	0	770.194645	0	0	0	0	0	0	1
p9016_multiseed_best035_seed17_noise0	pmax_geom_gap	chr12	chr19	1373.62751	11.5606422	0	0	440.025396	6.26216053	0	0	933.602111	5.29848165	0	0	0	0	0	1
p9016_multiseed_best035_seed17_noise0	pmax_geom_gap	chr12	chrX	1694.15253	0	0	0	857.175775	0	0	0	836.976751	0	0	0	0	0	0	1
p9016_multiseed_best035_seed17_noise0	pmax_geom_gap	chr13	chr14	2337.52886	2.30384225	0	0	1064.86479	1.10967652	0	0	1272.66408	1.19416573	0	0	0	0	0	1
p9016_multiseed_best035_seed17_noise0	pmax_geom_gap	chr13	chr15	720.462998	0	0.647565952	0	350.11683	0	0.141193883	0	370.346168	0	0.506372069	0	0	0	0	1
p9016_multiseed_best035_seed17_noise0	pmax_geom_gap	chr13	chr16	4543.3685	0	0	0	2323.05969	0	0	0	2220.30881	0	0	0	0	0	0	1
p9016_multiseed_best035_seed17_noise0	pmax_geom_gap	chr13	chr17	5479.13345	0	0	0.0678252358	2782.00739	0	0	0.0678252358	2697.12606	0	0	0	0	0	0	1
p9016_multiseed_best035_seed17_noise0	pmax_geom_gap	chr13	chr18	4429.1168	0	0	0.52384135	2018.75362	0	0	0.277300419	2410.36318	0	0	0.246540931	0	0	0	1
p9016_multiseed_best035_seed17_noise0	pmax_geom_gap	chr13	chr19	1934.56704	43.1750011	0	1.22594019	825.81852	19.5732682	0	0.268221703	1108.74852	23.6017329	0	0.957718484	0	0	0	1
p9016_multiseed_best035_seed17_noise0	pmax_geom_gap	chr13	chrX	2605.51714	0	0	0	1351.69368	0	0	0	1253.82347	0	0	0	0	0	0	1
p9016_multiseed_best035_seed17_noise0	pmax_geom_gap	chr14	chr15	586.618983	0	0	0	288.248679	0	0	0	298.370303	0	0	0	0	0	0	1
p9016_multiseed_best035_seed17_noise0	pmax_geom_gap	chr14	chr16	1414.84429	0	0	0	715.868153	0	0	0	698.97614	0	0	0	0	0	0	1
p9016_multiseed_best035_seed17_noise0	pmax_geom_gap	chr14	chr17	918.899208	0	0	0	468.006192	0	0	0	450.893015	0	0	0	0	0	0	1
p9016_multiseed_best035_seed17_noise0	pmax_geom_gap	chr14	chr18	2309.34136	0	4.7273023	0	1249.66438	0	2.42138481	0	1059.67698	0	2.3059175	0	0	0	0	1
p9016_multiseed_best035_seed17_noise0	pmax_geom_gap	chr14	chr19	968.774114	0.0682832915	0.40174034	0.230303864	498.365789	0	0.269980644	0.136144878	470.408325	0.0682832915	0.131759696	0.0941589858	0	0	0	1
p9016_multiseed_best035_seed17_noise0	pmax_geom_gap	chr14	chrX	1612.55803	0	0	0	815.059898	0	0	0	797.498137	0	0	0	0	0	0	1
p9016_multiseed_best035_seed17_noise0	pmax_geom_gap	chr15	chr16	516.640245	0	0	0	286.272999	0	0	0	230.367245	0	0	0	0	0	0	1
p9016_multiseed_best035_seed17_noise0	pmax_geom_gap	chr15	chr17	7840.30376	0	0	0	4119.30202	0	0	0	3721.00174	0	0	0	0	0	0	1
p9016_multiseed_best035_seed17_noise0	pmax_geom_gap	chr15	chr18	6432.67877	0	0	0	3029.22813	0	0	0	3403.45064	0	0	0	0	0	0	1
p9016_multiseed_best035_seed17_noise0	pmax_geom_gap	chr15	chr19	1520.66424	0.115925473	0	0	802.352146	0	0	0	718.312091	0.115925473	0	0	0	0	0	1
p9016_multiseed_best035_seed17_noise0	pmax_geom_gap	chr15	chrX	1206.58518	0	0	0	629.342368	0	0	0	577.242816	0	0	0	0	0	0	1
p9016_multiseed_best035_seed17_noise0	pmax_geom_gap	chr16	chr17	629.683637	0	0	0	286.398788	0	0	0	343.284849	0	0	0	0	0	0	1
p9016_multiseed_best035_seed17_noise0	pmax_geom_gap	chr16	chr18	6028.89497	0	0	0	2808.41487	0	0	0	3220.4801	0	0	0	0	0	0	1
p9016_multiseed_best035_seed17_noise0	pmax_geom_gap	chr16	chr19	1837.4969	14.5332308	0	0	900.358253	7.53976724	0	0	937.13865	6.99346354	0	0	0	0	0	1
p9016_multiseed_best035_seed17_noise0	pmax_geom_gap	chr16	chrX	1288.71669	0	0	0	661.08054	0	0	0	627.636147	0	0	0	0	0	0	1
p9016_multiseed_best035_seed17_noise0	pmax_geom_gap	chr17	chr18	342.128711	0	0	0	166.96099	0	0	0	175.167721	0	0	0	0	0	0	1
p9016_multiseed_best035_seed17_noise0	pmax_geom_gap	chr17	chr19	1156.75727	0.327455682	0	2.09925878	500.67587	0.218681836	0	0.811842227	656.081398	0.108773846	0	1.28741655	0	0	0	1
p9016_multiseed_best035_seed17_noise0	pmax_geom_gap	chr17	chrX	3075.16066	0	0	0	1393.40107	0	0	0	1681.7596	0	0	0	0	0	0	1
p9016_multiseed_best035_seed17_noise0	pmax_geom_gap	chr18	chr19	1121.65574	3.28018823	0	0	556.717725	1.71277089	0	0	564.938013	1.56741734	0	0	0	0	0	1
p9016_multiseed_best035_seed17_noise0	pmax_geom_gap	chr18	chrX	526.553001	0	0	0	263.773456	0	0	0	262.779545	0	0	0	0	0	0	1
p9016_multiseed_best035_seed17_noise0	pmax_geom_gap	chr19	chrX	272.492717	0	0	0	125.074186	0	0	0	147.41853	0	0	0	0	0	0	1
p9016_multiseed_best035_seed17_noise0	pmax_geom_gap	chr2	chr10	1555.09556	0	0	0	770.74728	0	0	0	784.348282	0	0	0	0	0	0	1
p9016_multiseed_best035_seed17_noise0	pmax_geom_gap	chr2	chr11	3142.09832	0	0	0	1467.6124	0	0	0	1674.48592	0	0	0	0	0	0	1
p9016_multiseed_best035_seed17_noise0	pmax_geom_gap	chr2	chr12	2700.52626	0	0	0	1318.76508	0	0	0	1381.76118	0	0	0	0	0	0	1
p9016_multiseed_best035_seed17_noise0	pmax_geom_gap	chr2	chr13	1867.21894	0	0	0	905.66955	0	0	0	961.549385	0	0	0	0	0	0	1
p9016_multiseed_best035_seed17_noise0	pmax_geom_gap	chr2	chr14	5880.20394	0	0	0	2865.14674	0	0	0	3015.0572	0	0	0	0	0	0	1
p9016_multiseed_best035_seed17_noise0	pmax_geom_gap	chr2	chr15	1758.29182	0	0	0	844.159945	0	0	0	914.131878	0	0	0	0	0	0	1
p9016_multiseed_best035_seed17_noise0	pmax_geom_gap	chr2	chr16	9002.57545	0	0	0	4548.14662	0	0	0	4454.42884	0	0	0	0	0	0	1
p9016_multiseed_best035_seed17_noise0	pmax_geom_gap	chr2	chr17	5075.64478	0	0	0	2378.59164	0	0	0	2697.05314	0	0	0	0	0	0	1
p9016_multiseed_best035_seed17_noise0	pmax_geom_gap	chr2	chr18	1158.58693	0	0	0	565.347717	0	0	0	593.239217	0	0	0	0	0	0	1
p9016_multiseed_best035_seed17_noise0	pmax_geom_gap	chr2	chr19	997.959262	1.88096935	0	0	528.717108	1.22682842	0	0	469.242154	0.654140928	0	0	0	0	0	1
p9016_multiseed_best035_seed17_noise0	pmax_geom_gap	chr2	chr3	9225.61349	0.91491664	0	1.73045605	4274.78416	0.748312314	0	1.08145586	4950.82933	0.166604326	0	0.649000189	0	0	0	1
p9016_multiseed_best035_seed17_noise0	pmax_geom_gap	chr2	chr4	11848.6468	0	0	0	5747.09459	0	0	0	6101.5522	0	0	0	0	0	0	1
p9016_multiseed_best035_seed17_noise0	pmax_geom_gap	chr2	chr5	5478.33577	0	0	0	2790.4873	0	0	0	2687.84847	0	0	0	0	0	0	1
p9016_multiseed_best035_seed17_noise0	pmax_geom_gap	chr2	chr6	15038.7111	0	0	0	7621.86984	0	0	0	7416.84127	0	0	0	0	0	0	1
p9016_multiseed_best035_seed17_noise0	pmax_geom_gap	chr2	chr7	5423.98164	0	0	0	2705.64598	0	0	0	2718.33566	0	0	0	0	0	0	1
p9016_multiseed_best035_seed17_noise0	pmax_geom_gap	chr2	chr8	9876.3556	0	0	0	4612.23219	0	0	0	5264.12341	0	0	0	0	0	0	1
p9016_multiseed_best035_seed17_noise0	pmax_geom_gap	chr2	chr9	10490.1051	0.99756701	0	0	5289.26288	0.451308681	0	0	5200.84224	0.546258329	0	0	0	0	0	1
p9016_multiseed_best035_seed17_noise0	pmax_geom_gap	chr2	chrX	5974.7486	0	0	0	2967.36101	0	0	0	3007.38759	0	0	0	0	0	0	1
p9016_multiseed_best035_seed17_noise0	pmax_geom_gap	chr3	chr10	2958.26467	0	0	0	1407.43409	0	0	0	1550.83057	0	0	0	0	0	0	1
p9016_multiseed_best035_seed17_noise0	pmax_geom_gap	chr3	chr11	1186.36004	0	0	0	574.106225	0	0	0	612.253815	0	0	0	0	0	0	1
p9016_multiseed_best035_seed17_noise0	pmax_geom_gap	chr3	chr12	5761.2424	0	0	4.8136555	3452.90373	0	0	1.19604361	2308.33867	0	0	3.61761189	0	0	0	1
p9016_multiseed_best035_seed17_noise0	pmax_geom_gap	chr3	chr13	3926.43845	6.6709608	0	0	1966.88504	3.27901653	0	0	1959.55341	3.39194428	0	0	0	0	0	1
p9016_multiseed_best035_seed17_noise0	pmax_geom_gap	chr3	chr14	2265.08824	0	0	0	1018.19112	0	0	0	1246.89712	0	0	0	0	0	0	1
p9016_multiseed_best035_seed17_noise0	pmax_geom_gap	chr3	chr15	3072.26076	0	0	0	1733.99015	0	0	0	1338.27061	0	0	0	0	0	0	1
p9016_multiseed_best035_seed17_noise0	pmax_geom_gap	chr3	chr16	1595.63952	0	0	0	840.169512	0	0	0	755.470012	0	0	0	0	0	0	1
p9016_multiseed_best035_seed17_noise0	pmax_geom_gap	chr3	chr17	2243.75482	0	0	0	1138.29681	0	0	0	1105.458	0	0	0	0	0	0	1
p9016_multiseed_best035_seed17_noise0	pmax_geom_gap	chr3	chr18	6732.33077	0	0	0	3468.42205	0	0	0	3263.90872	0	0	0	0	0	0	1
p9016_multiseed_best035_seed17_noise0	pmax_geom_gap	chr3	chr19	1277.13113	0.62705843	0	0	729.151384	0.231409638	0	0	547.979741	0.395648793	0	0	0	0	0	1
p9016_multiseed_best035_seed17_noise0	pmax_geom_gap	chr3	chr4	3639.86065	0	0.050439175	0	1759.35018	0	0.050439175	0	1880.51047	0	0	0	0	0	0	1
p9016_multiseed_best035_seed17_noise0	pmax_geom_gap	chr3	chr5	1515.60886	0	0	0	726.258842	0	0	0	789.350016	0	0	0	0	0	0	1
p9016_multiseed_best035_seed17_noise0	pmax_geom_gap	chr3	chr6	5316.36	0	0	0	2603.62347	0	0	0	2712.73653	0	0	0	0	0	0	1
p9016_multiseed_best035_seed17_noise0	pmax_geom_gap	chr3	chr7	6329.49397	0	1.54038749	9.01874009	3215.88121	0	0.945472634	3.63754312	3113.61277	0	0.594914857	5.38119698	0	0	0	1
p9016_multiseed_best035_seed17_noise0	pmax_geom_gap	chr3	chr8	3780.98696	0	0.0519920376	0	1713.69508	0	0.0519920376	0	2067.29188	0	0	0	0	0	0	1
p9016_multiseed_best035_seed17_noise0	pmax_geom_gap	chr3	chr9	1295.47648	0	0	0	652.326808	0	0	0	643.149672	0	0	0	0	0	0	1
p9016_multiseed_best035_seed17_noise0	pmax_geom_gap	chr3	chrX	1533.45593	0	0	0	766.984249	0	0	0	766.471682	0	0	0	0	0	0	1
p9016_multiseed_best035_seed17_noise0	pmax_geom_gap	chr4	chr10	16963.0532	2.13067367	0	0	8274.16236	0.865578746	0	0	8688.89086	1.26509492	0	0	0	0	0	1
p9016_multiseed_best035_seed17_noise0	pmax_geom_gap	chr4	chr11	1318.08792	0	0	0	684.64897	0	0	0	633.43895	0	0	0	0	0	0	1
p9016_multiseed_best035_seed17_noise0	pmax_geom_gap	chr4	chr12	4473.08241	0	0	1.56896051	2172.12575	0	0	0.786873822	2300.95667	0	0	0.782086691	0	0	0	1
p9016_multiseed_best035_seed17_noise0	pmax_geom_gap	chr4	chr13	2513.07551	0	0	0	1242.8268	0	0	0	1270.24872	0	0	0	0	0	0	1
p9016_multiseed_best035_seed17_noise0	pmax_geom_gap	chr4	chr14	1785.97059	0	0	0	953.177754	0	0	0	832.792838	0	0	0	0	0	0	1
p9016_multiseed_best035_seed17_noise0	pmax_geom_gap	chr4	chr15	1399.45947	0	0	0	729.317064	0	0	0	670.142408	0	0	0	0	0	0	1
p9016_multiseed_best035_seed17_noise0	pmax_geom_gap	chr4	chr16	4847.98153	0	0	0	2397.71643	0	0	0	2450.26509	0	0	0	0	0	0	1
p9016_multiseed_best035_seed17_noise0	pmax_geom_gap	chr4	chr17	2591.47743	0	0	0	1282.0111	0	0	0	1309.46633	0	0	0	0	0	0	1
p9016_multiseed_best035_seed17_noise0	pmax_geom_gap	chr4	chr18	1829.63297	0	0	0	871.331041	0	0	0	958.301927	0	0	0	0	0	0	1
p9016_multiseed_best035_seed17_noise0	pmax_geom_gap	chr4	chr19	702.167238	2.94537783	0	0.144619378	351.878473	1.27404966	0	0.144619378	350.288765	1.67132816	0	0	0	0	0	1
p9016_multiseed_best035_seed17_noise0	pmax_geom_gap	chr4	chr5	16253.1897	0	0	0	7906.53589	0	0	0	8346.65383	0	0	0	0	0	0	1
p9016_multiseed_best035_seed17_noise0	pmax_geom_gap	chr4	chr6	6380.08165	0	0	0	3140.81518	0	0	0	3239.26647	0	0	0	0	0	0	1
p9016_multiseed_best035_seed17_noise0	pmax_geom_gap	chr4	chr7	9787.65573	0	0	0	4611.27856	0	0	0	5176.37717	0	0	0	0	0	0	1
p9016_multiseed_best035_seed17_noise0	pmax_geom_gap	chr4	chr8	2114.6392	0.0406713255	0	0	1039.79325	0	0	0	1074.84595	0.0406713255	0	0	0	0	0	1
p9016_multiseed_best035_seed17_noise0	pmax_geom_gap	chr4	chr9	2671.29751	0	0	0	1317.18059	0	0	0	1354.11692	0	0	0	0	0	0	1
p9016_multiseed_best035_seed17_noise0	pmax_geom_gap	chr4	chrX	12672.0407	0	0	0	5819.58946	0	0	0	6852.4512	0	0	0	0	0	0	1
p9016_multiseed_best035_seed17_noise0	pmax_geom_gap	chr5	chr10	4693.08655	0.7376882	0	2.69262205	2185.02928	0.317955754	0	1.90335642	2508.05727	0.419732446	0	0.78926563	0	0	0	1
p9016_multiseed_best035_seed17_noise0	pmax_geom_gap	chr5	chr11	4424.29824	0	0	0	2291.00632	0	0	0	2133.29192	0	0	0	0	0	0	1
p9016_multiseed_best035_seed17_noise0	pmax_geom_gap	chr5	chr12	2018.16103	0	0	0	1028.1977	0	0	0	989.963332	0	0	0	0	0	0	1
p9016_multiseed_best035_seed17_noise0	pmax_geom_gap	chr5	chr13	2873.1667	0	0	0.191827627	1442.03153	0	0	0.191827627	1431.13516	0	0	0	0	0	0	1
p9016_multiseed_best035_seed17_noise0	pmax_geom_gap	chr5	chr14	4364.73174	0	0	4.95723511	2229.9835	0	0	2.5539142	2134.74823	0	0	2.40332092	0	0	0	1
p9016_multiseed_best035_seed17_noise0	pmax_geom_gap	chr5	chr15	1511.07125	0	0	0	728.718707	0	0	0	782.352545	0	0	0	0	0	0	1
p9016_multiseed_best035_seed17_noise0	pmax_geom_gap	chr5	chr16	3941.75786	0	0	2.91204009	2028.0757	0	0	2.2416482	1913.68216	0	0	0.670391897	0	0	0	1
p9016_multiseed_best035_seed17_noise0	pmax_geom_gap	chr5	chr17	2040.22003	0	0	0	1024.81469	0	0	0	1015.40534	0	0	0	0	0	0	1
p9016_multiseed_best035_seed17_noise0	pmax_geom_gap	chr5	chr18	4991.15644	0	0	3.07288709	2478.99826	0	0	1.11328613	2512.15818	0	0	1.95960096	0	0	0	1
p9016_multiseed_best035_seed17_noise0	pmax_geom_gap	chr5	chr19	1515.02833	2.50576094	0	0.0674954769	778.335383	0.846123672	0	0.0674954769	736.692952	1.65963727	0	0	0	0	0	1
p9016_multiseed_best035_seed17_noise0	pmax_geom_gap	chr5	chr6	1647.28788	0	0	0.727448358	824.894957	0	0	0.286882787	822.392922	0	0	0.440565571	0	0	0	1
p9016_multiseed_best035_seed17_noise0	pmax_geom_gap	chr5	chr7	2966.50792	0	0	0	1514.43403	0	0	0	1452.0739	0	0	0	0	0	0	1
p9016_multiseed_best035_seed17_noise0	pmax_geom_gap	chr5	chr8	3093.61543	0	0	0	1459.55407	0	0	0	1634.06135	0	0	0	0	0	0	1
p9016_multiseed_best035_seed17_noise0	pmax_geom_gap	chr5	chr9	9427.22112	0	0	15.1490149	4899.16117	0	0	6.33802512	4528.05995	0	0	8.81098978	0	0	0	1
p9016_multiseed_best035_seed17_noise0	pmax_geom_gap	chr5	chrX	1675.54371	0	0	0	909.864599	0	0	0	765.679108	0	0	0	0	0	0	1
p9016_multiseed_best035_seed17_noise0	pmax_geom_gap	chr6	chr10	5758.25468	1.65706105	0	0	2989.26964	0.880876816	0	0	2768.98504	0.776184238	0	0	0	0	0	1
p9016_multiseed_best035_seed17_noise0	pmax_geom_gap	chr6	chr11	2459.07363	0	0	0	1213.97451	0	0	0	1245.09912	0	0	0	0	0	0	1
p9016_multiseed_best035_seed17_noise0	pmax_geom_gap	chr6	chr12	1173.72524	0	0	0	574.691962	0	0	0	599.033276	0	0	0	0	0	0	1
p9016_multiseed_best035_seed17_noise0	pmax_geom_gap	chr6	chr13	3681.74956	0	0	1.28947431	1791.97372	0	0	0.539232292	1889.77584	0	0	0.75024202	0	0	0	1
p9016_multiseed_best035_seed17_noise0	pmax_geom_gap	chr6	chr14	13430.2121	0.99162359	0	0	6864.50619	0.684269788	0	0	6565.70594	0.307353802	0	0	0	0	0	1
p9016_multiseed_best035_seed17_noise0	pmax_geom_gap	chr6	chr15	1642.76845	0	0	0	839.77629	0	0	0	802.992164	0	0	0	0	0	0	1
p9016_multiseed_best035_seed17_noise0	pmax_geom_gap	chr6	chr16	4066.63654	0	0	12.5368074	1857.77253	0	0	4.95820331	2208.86401	0	0	7.5786041	0	0	0	1
p9016_multiseed_best035_seed17_noise0	pmax_geom_gap	chr6	chr17	1527.35867	0	0	0	742.31972	0	0	0	785.038949	0	0	0	0	0	0	1
p9016_multiseed_best035_seed17_noise0	pmax_geom_gap	chr6	chr18	2380.80818	0	0	0.167743815	1224.44015	0	0	0.0641031314	1156.36804	0	0	0.103640683	0	0	0	1
p9016_multiseed_best035_seed17_noise0	pmax_geom_gap	chr6	chr19	2177.01092	23.5159099	0	0	1230.6417	8.1954385	0	0	946.369216	15.3204714	0	0	0	0	0	1
p9016_multiseed_best035_seed17_noise0	pmax_geom_gap	chr6	chr7	2761.45269	0	0	0	1359.41353	0	0	0	1402.03917	0	0	0	0	0	0	1
p9016_multiseed_best035_seed17_noise0	pmax_geom_gap	chr6	chr8	2418.37489	0	0	0	1228.56531	0	0	0	1189.80958	0	0	0	0	0	0	1
p9016_multiseed_best035_seed17_noise0	pmax_geom_gap	chr6	chr9	5239.63952	0	0	0	2666.71167	0	0	0	2572.92785	0	0	0	0	0	0	1
p9016_multiseed_best035_seed17_noise0	pmax_geom_gap	chr6	chrX	3369.49558	0	0	0	1685.7891	0	0	0	1683.70648	0	0	0	0	0	0	1
p9016_multiseed_best035_seed17_noise0	pmax_geom_gap	chr7	chr10	655.985113	0	0	0	321.600753	0	0	0	334.38436	0	0	0	0	0	0	1
p9016_multiseed_best035_seed17_noise0	pmax_geom_gap	chr7	chr11	3088.28416	0	0	0	1592.9899	0	0	0	1495.29426	0	0	0	0	0	0	1
p9016_multiseed_best035_seed17_noise0	pmax_geom_gap	chr7	chr12	5422.30737	0	0	0.740304959	2804.57979	0	0	0.158230958	2617.72758	0	0	0.582074001	0	0	0	1
p9016_multiseed_best035_seed17_noise0	pmax_geom_gap	chr7	chr13	1899.1825	0	0	0	1005.03385	0	0	0	894.14865	0	0	0	0	0	0	1
p9016_multiseed_best035_seed17_noise0	pmax_geom_gap	chr7	chr14	4792.26288	0	0	0	2186.45546	0	0	0	2605.80742	0	0	0	0	0	0	1
p9016_multiseed_best035_seed17_noise0	pmax_geom_gap	chr7	chr15	1177.47532	0	0	0	557.97586	0	0	0	619.49946	0	0	0	0	0	0	1
p9016_multiseed_best035_seed17_noise0	pmax_geom_gap	chr7	chr16	1122.78472	0	0	0	542.004155	0	0	0	580.780561	0	0	0	0	0	0	1
p9016_multiseed_best035_seed17_noise0	pmax_geom_gap	chr7	chr17	1259.59877	0	0	0	647.565523	0	0	0	612.033243	0	0	0	0	0	0	1
p9016_multiseed_best035_seed17_noise0	pmax_geom_gap	chr7	chr18	6920.14971	0	0	0	3193.31017	0	0	0	3726.83954	0	0	0	0	0	0	1
p9016_multiseed_best035_seed17_noise0	pmax_geom_gap	chr7	chr19	1620.66183	0	0	0	843.531889	0	0	0	777.129938	0	0	0	0	0	0	1
p9016_multiseed_best035_seed17_noise0	pmax_geom_gap	chr7	chr8	2310.18075	0.186800624	0	0	1173.17501	0.186800624	0	0	1137.00574	0	0	0	0	0	0	1
p9016_multiseed_best035_seed17_noise0	pmax_geom_gap	chr7	chr9	4596.03923	0	0	0	2376.05268	0	0	0	2219.98655	0	0	0	0	0	0	1
p9016_multiseed_best035_seed17_noise0	pmax_geom_gap	chr7	chrX	2094.19543	0	0	0	1032.17795	0	0	0	1062.01748	0	0	0	0	0	0	1
p9016_multiseed_best035_seed17_noise0	pmax_geom_gap	chr8	chr10	1343.72787	0	0	0	673.071031	0	0	0	670.65684	0	0	0	0	0	0	1
p9016_multiseed_best035_seed17_noise0	pmax_geom_gap	chr8	chr11	6326.14541	0	3.67866025	78.3444394	3529.00093	0	2.16740525	41.1559335	2797.14448	0	1.511255	37.1885059	0	0	0	1
p9016_multiseed_best035_seed17_noise0	pmax_geom_gap	chr8	chr12	2447.27342	0	0	0	1253.98414	0	0	0	1193.28928	0	0	0	0	0	0	1
p9016_multiseed_best035_seed17_noise0	pmax_geom_gap	chr8	chr13	1631.92364	0	0	0	768.256943	0	0	0	863.666694	0	0	0	0	0	0	1
p9016_multiseed_best035_seed17_noise0	pmax_geom_gap	chr8	chr14	6266.29537	0	0.0874680836	0	3003.75625	0	0.0874680836	0	3262.53912	0	0	0	0	0	0	1
p9016_multiseed_best035_seed17_noise0	pmax_geom_gap	chr8	chr15	8315.6238	0	0	0	4339.12048	0	0	0	3976.50332	0	0	0	0	0	0	1
p9016_multiseed_best035_seed17_noise0	pmax_geom_gap	chr8	chr16	1841.0919	0	0	0	931.551933	0	0	0	909.539962	0	0	0	0	0	0	1
p9016_multiseed_best035_seed17_noise0	pmax_geom_gap	chr8	chr17	1741.65251	0	0	0	869.472435	0	0	0	872.180074	0	0	0	0	0	0	1
p9016_multiseed_best035_seed17_noise0	pmax_geom_gap	chr8	chr18	3013.32031	0	0	0	1507.77688	0	0	0	1505.54343	0	0	0	0	0	0	1
p9016_multiseed_best035_seed17_noise0	pmax_geom_gap	chr8	chr19	3268.43675	0	0	0	1629.07667	0	0	0	1639.36008	0	0	0	0	0	0	1
p9016_multiseed_best035_seed17_noise0	pmax_geom_gap	chr8	chr9	1580.14691	0	0	0	788.016475	0	0	0	792.130435	0	0	0	0	0	0	1
p9016_multiseed_best035_seed17_noise0	pmax_geom_gap	chr8	chrX	939.910292	0	0	0	458.144505	0	0	0	481.765787	0	0	0	0	0	0	1
p9016_multiseed_best035_seed17_noise0	pmax_geom_gap	chr9	chr10	1364.30526	0	0	0	667.452399	0	0	0	696.852857	0	0	0	0	0	0	1
p9016_multiseed_best035_seed17_noise0	pmax_geom_gap	chr9	chr11	2704.61614	0	0.0591910739	0	1343.91809	0	0	0	1360.69805	0	0.0591910739	0	0	0	0	1
p9016_multiseed_best035_seed17_noise0	pmax_geom_gap	chr9	chr12	2855.31818	0	0	0	1448.97485	0	0	0	1406.34333	0	0	0	0	0	0	1
p9016_multiseed_best035_seed17_noise0	pmax_geom_gap	chr9	chr13	2207.36313	0	0	0	1080.36476	0	0	0	1126.99838	0	0	0	0	0	0	1
p9016_multiseed_best035_seed17_noise0	pmax_geom_gap	chr9	chr14	1476.42528	0	0	0	740.122994	0	0	0	736.302288	0	0	0	0	0	0	1
p9016_multiseed_best035_seed17_noise0	pmax_geom_gap	chr9	chr15	1366.70005	0	0	0	699.11293	0	0	0	667.587116	0	0	0	0	0	0	1
p9016_multiseed_best035_seed17_noise0	pmax_geom_gap	chr9	chr16	2903.96897	0	0	0	1417.70313	0	0	0	1486.26584	0	0	0	0	0	0	1
p9016_multiseed_best035_seed17_noise0	pmax_geom_gap	chr9	chr17	5652.36386	0	0	0	2938.84135	0	0	0	2713.52251	0	0	0	0	0	0	1
p9016_multiseed_best035_seed17_noise0	pmax_geom_gap	chr9	chr18	2985.82581	0	0	0	1458.78228	0	0	0	1527.04353	0	0	0	0	0	0	1
p9016_multiseed_best035_seed17_noise0	pmax_geom_gap	chr9	chr19	498.148099	0.0364247913	0	0	227.264133	0	0	0	270.883966	0.0364247913	0	0	0	0	0	1
p9016_multiseed_best035_seed17_noise0	pmax_geom_gap	chr9	chrX	3696.79227	0	0.00637734979	0	2172.10406	0	0	0	1524.68821	0	0.00637734979	0	0	0	0	1
p9016_multiseed_best035_seed17_noise0	posterior_same_cross_mass	chr1	chr10	2077.1231	121.8011	121.8011	2077.1231	1026.76067	65.2105095	65.2105095	1026.76067	1050.36243	56.5905902	56.5905902	1050.36243	0	0	0	1
p9016_multiseed_best035_seed17_noise0	posterior_same_cross_mass	chr1	chr11	1655.6549	1832.92077	1832.92077	1655.6549	781.784133	875.945786	875.945786	781.784133	873.870771	956.97498	956.97498	873.870771	1	1	1	1
p9016_multiseed_best035_seed17_noise0	posterior_same_cross_mass	chr1	chr12	963.016428	760.760824	760.760824	963.016428	530.506914	368.277248	368.277248	530.506914	432.509514	392.483576	392.483576	432.509514	0	0	0	1
p9016_multiseed_best035_seed17_noise0	posterior_same_cross_mass	chr1	chr13	618.719132	1144.74744	1144.74744	618.719132	290.920889	571.287811	571.287811	290.920889	327.798243	573.459627	573.459627	327.798243	1	1	1	1
p9016_multiseed_best035_seed17_noise0	posterior_same_cross_mass	chr1	chr14	1840.54601	17.6699518	17.6699518	1840.54601	921.493731	7.30278662	7.30278662	921.493731	919.052277	10.3671652	10.3671652	919.052277	0	0	0	1
p9016_multiseed_best035_seed17_noise0	posterior_same_cross_mass	chr1	chr15	112.573525	2468.05543	2468.05543	112.573525	52.1794057	1214.31398	1214.31398	52.1794057	60.3941197	1253.74146	1253.74146	60.3941197	1	1	1	1
p9016_multiseed_best035_seed17_noise0	posterior_same_cross_mass	chr1	chr16	45.3953517	1409.49738	1409.49738	45.3953517	24.4230272	718.818878	718.818878	24.4230272	20.9723245	690.6785	690.6785	20.9723245	1	1	1	1
p9016_multiseed_best035_seed17_noise0	posterior_same_cross_mass	chr1	chr17	3013.72322	160.812991	160.812991	3013.72322	1423.28688	112.305828	112.305828	1423.28688	1590.43634	48.507163	48.507163	1590.43634	0	0	0	1
p9016_multiseed_best035_seed17_noise0	posterior_same_cross_mass	chr1	chr18	1915.30107	1.63494556	1.63494556	1915.30107	903.34747	0.958308601	0.958308601	903.34747	1011.9536	0.676636962	0.676636962	1011.9536	0	0	0	1
p9016_multiseed_best035_seed17_noise0	posterior_same_cross_mass	chr1	chr19	635.313367	18.1260937	18.1260937	635.313367	314.316502	9.62654316	9.62654316	314.316502	320.996864	8.49955053	8.49955053	320.996864	0	0	0	1
p9016_multiseed_best035_seed17_noise0	posterior_same_cross_mass	chr1	chr2	3173.64966	687.164702	687.164702	3173.64966	1515.51268	303.469682	303.469682	1515.51268	1658.13698	383.69502	383.69502	1658.13698	0	0	0	1
p9016_multiseed_best035_seed17_noise0	posterior_same_cross_mass	chr1	chr3	1771.09826	431.570526	431.570526	1771.09826	877.370343	226.83739	226.83739	877.370343	893.727912	204.733136	204.733136	893.727912	0	0	0	1
p9016_multiseed_best035_seed17_noise0	posterior_same_cross_mass	chr1	chr4	4150.30338	1.37289979	1.37289979	4150.30338	2060.91093	0.654611677	0.654611677	2060.91093	2089.39245	0.718288108	0.718288108	2089.39245	0	0	0	1
p9016_multiseed_best035_seed17_noise0	posterior_same_cross_mass	chr1	chr5	134.958828	2124.94693	2124.94693	134.958828	64.8954313	1061.1291	1061.1291	64.8954313	70.0633972	1063.81783	1063.81783	70.0633972	1	1	1	1
p9016_multiseed_best035_seed17_noise0	posterior_same_cross_mass	chr1	chr6	128.239084	4425.73888	4425.73888	128.239084	60.8553786	2090.5237	2090.5237	60.8553786	67.3837058	2335.21518	2335.21518	67.3837058	1	1	1	1
p9016_multiseed_best035_seed17_noise0	posterior_same_cross_mass	chr1	chr7	24.0359019	2365.85841	2365.85841	24.0359019	13.7524439	1208.08411	1208.08411	13.7524439	10.283458	1157.7743	1157.7743	10.283458	1	1	1	1
p9016_multiseed_best035_seed17_noise0	posterior_same_cross_mass	chr1	chr8	3273.11359	264.345098	264.345098	3273.11359	1755.42405	130.894637	130.894637	1755.42405	1517.68954	133.450462	133.450462	1517.68954	0	0	0	1
p9016_multiseed_best035_seed17_noise0	posterior_same_cross_mass	chr1	chr9	8.26492782	3511.08387	3511.08387	8.26492782	5.60945347	1703.88641	1703.88641	5.60945347	2.65547435	1807.19746	1807.19746	2.65547435	1	1	1	1
p9016_multiseed_best035_seed17_noise0	posterior_same_cross_mass	chr1	chrX	407.480489	5183.77333	5183.77333	407.480489	186.32688	2579.16289	2579.16289	186.32688	221.153609	2604.61044	2604.61044	221.153609	1	1	1	1
p9016_multiseed_best035_seed17_noise0	posterior_same_cross_mass	chr10	chr11	243.238678	884.430482	884.430482	243.238678	109.9236	446.829042	446.829042	109.9236	133.315078	437.601441	437.601441	133.315078	1	1	1	1
p9016_multiseed_best035_seed17_noise0	posterior_same_cross_mass	chr10	chr12	682.622417	1746.1055	1746.1055	682.622417	420.72625	972.510832	972.510832	420.72625	261.896168	773.594672	773.594672	261.896168	1	1	1	1
p9016_multiseed_best035_seed17_noise0	posterior_same_cross_mass	chr10	chr13	520.594856	1427.77618	1427.77618	520.594856	256.06153	724.768369	724.768369	256.06153	264.533326	703.007813	703.007813	264.533326	1	1	1	1
p9016_multiseed_best035_seed17_noise0	posterior_same_cross_mass	chr10	chr14	122.45923	663.504553	663.504553	122.45923	62.8948503	321.361178	321.361178	62.8948503	59.5643798	342.143375	342.143375	59.5643798	1	1	1	1
p9016_multiseed_best035_seed17_noise0	posterior_same_cross_mass	chr10	chr15	2510.65895	43.5426526	43.5426526	2510.65895	1218.14999	15.8305045	15.8305045	1218.14999	1292.50896	27.712148	27.712148	1292.50896	0	0	0	1
p9016_multiseed_best035_seed17_noise0	posterior_same_cross_mass	chr10	chr16	453.470425	2324.5507	2324.5507	453.470425	149.501481	1156.04559	1156.04559	149.501481	303.968944	1168.50511	1168.50511	303.968944	1	1	1	1
p9016_multiseed_best035_seed17_noise0	posterior_same_cross_mass	chr10	chr17	1304.84699	766.957563	766.957563	1304.84699	730.579381	353.196755	353.196755	730.579381	574.267608	413.760808	413.760808	574.267608	0	0	0	1
p9016_multiseed_best035_seed17_noise0	posterior_same_cross_mass	chr10	chr18	1198.75594	174.325487	174.325487	1198.75594	649.726582	44.8591357	44.8591357	649.726582	549.029357	129.466351	129.466351	549.029357	0	0	0	1
p9016_multiseed_best035_seed17_noise0	posterior_same_cross_mass	chr10	chr19	247.056529	179.81196	179.81196	247.056529	120.312942	93.3843174	93.3843174	120.312942	126.743587	86.4276425	86.4276425	126.743587	0	0	0	1
p9016_multiseed_best035_seed17_noise0	posterior_same_cross_mass	chr10	chrX	249.041752	912.596303	912.596303	249.041752	125.214556	467.152064	467.152064	125.214556	123.827196	445.444239	445.444239	123.827196	1	1	1	1
p9016_multiseed_best035_seed17_noise0	posterior_same_cross_mass	chr11	chr12	75.8055835	1295.65352	1295.65352	75.8055835	42.5218829	649.278174	649.278174	42.5218829	33.2837006	646.375342	646.375342	33.2837006	1	1	1	1
p9016_multiseed_best035_seed17_noise0	posterior_same_cross_mass	chr11	chr13	284.184844	2837.9064	2837.9064	284.184844	120.061969	1452.40912	1452.40912	120.061969	164.122875	1385.49729	1385.49729	164.122875	1	1	1	1
p9016_multiseed_best035_seed17_noise0	posterior_same_cross_mass	chr11	chr14	1263.19025	1615.46332	1615.46332	1263.19025	534.885364	890.738839	890.738839	534.885364	728.304891	724.724483	724.724483	728.304891	1	1	0	0
p9016_multiseed_best035_seed17_noise0	posterior_same_cross_mass	chr11	chr15	557.754555	439.593525	439.593525	557.754555	277.177023	202.394306	202.394306	277.177023	280.577532	237.199219	237.199219	280.577532	0	0	0	1
p9016_multiseed_best035_seed17_noise0	posterior_same_cross_mass	chr11	chr16	1148.68818	49.493516	49.493516	1148.68818	570.198709	25.5034235	25.5034235	570.198709	578.489466	23.9900925	23.9900925	578.489466	0	0	0	1
p9016_multiseed_best035_seed17_noise0	posterior_same_cross_mass	chr11	chr17	42.1860048	1426.63225	1426.63225	42.1860048	18.4395082	709.631973	709.631973	18.4395082	23.7464965	717.000277	717.000277	23.7464965	1	1	1	1
p9016_multiseed_best035_seed17_noise0	posterior_same_cross_mass	chr11	chr18	110.239985	789.022626	789.022626	110.239985	55.5982518	415.380168	415.380168	55.5982518	54.6417329	373.642458	373.642458	54.6417329	1	1	1	1
p9016_multiseed_best035_seed17_noise0	posterior_same_cross_mass	chr11	chr19	39.7389058	1308.81702	1308.81702	39.7389058	20.9671568	629.955776	629.955776	20.9671568	18.771749	678.861246	678.861246	18.771749	1	1	1	1
p9016_multiseed_best035_seed17_noise0	posterior_same_cross_mass	chr11	chrX	935.906752	2676.52169	2676.52169	935.906752	455.559185	1464.77746	1464.77746	455.559185	480.347567	1211.74423	1211.74423	480.347567	1	1	1	1
p9016_multiseed_best035_seed17_noise0	posterior_same_cross_mass	chr12	chr13	3844.77639	950.126962	950.126962	3844.77639	1828.73401	439.02275	439.02275	1828.73401	2016.04238	511.104212	511.104212	2016.04238	0	0	0	1
p9016_multiseed_best035_seed17_noise0	posterior_same_cross_mass	chr12	chr14	789.602086	94.2154022	94.2154022	789.602086	399.181285	49.5721451	49.5721451	399.181285	390.420801	44.6432572	44.6432572	390.420801	0	0	0	1
p9016_multiseed_best035_seed17_noise0	posterior_same_cross_mass	chr12	chr15	68.7898369	2914.75125	2914.75125	68.7898369	43.0296242	1465.56213	1465.56213	43.0296242	25.7602127	1449.18912	1449.18912	25.7602127	1	1	1	1
p9016_multiseed_best035_seed17_noise0	posterior_same_cross_mass	chr12	chr16	76.5086236	460.741107	460.741107	76.5086236	35.9365936	247.194332	247.194332	35.9365936	40.57203	213.546775	213.546775	40.57203	1	1	1	1
p9016_multiseed_best035_seed17_noise0	posterior_same_cross_mass	chr12	chr17	2124.81065	38.6868969	38.6868969	2124.81065	1130.71518	17.5966039	17.5966039	1130.71518	994.095471	21.090293	21.090293	994.095471	0	0	0	1
p9016_multiseed_best035_seed17_noise0	posterior_same_cross_mass	chr12	chr18	110.426763	936.578999	936.578999	110.426763	59.1577743	399.877906	399.877906	59.1577743	51.2689882	536.701093	536.701093	51.2689882	1	1	1	1
p9016_multiseed_best035_seed17_noise0	posterior_same_cross_mass	chr12	chr19	689.278119	406.031329	406.031329	689.278119	280.309014	73.9999618	73.9999618	280.309014	408.969105	332.031367	332.031367	408.969105	0	0	0	1
p9016_multiseed_best035_seed17_noise0	posterior_same_cross_mass	chr12	chrX	708.244675	401.967667	401.967667	708.244675	367.001055	197.946911	197.946911	367.001055	341.243621	204.020756	204.020756	341.243621	0	0	0	1
p9016_multiseed_best035_seed17_noise0	posterior_same_cross_mass	chr13	chr14	583.029836	1068.93264	1068.93264	583.029836	256.680503	525.588439	525.588439	256.680503	326.349333	543.344197	543.344197	326.349333	1	1	1	1
p9016_multiseed_best035_seed17_noise0	posterior_same_cross_mass	chr13	chr15	490.813292	153.452371	153.452371	490.813292	245.873296	71.233111	71.233111	245.873296	244.939996	82.2192599	82.2192599	244.939996	0	0	0	1
p9016_multiseed_best035_seed17_noise0	posterior_same_cross_mass	chr13	chr16	7.11440098	2090.07375	2090.07375	7.11440098	2.85964665	1062.77192	1062.77192	2.85964665	4.25475433	1027.30183	1027.30183	4.25475433	1	1	1	1
p9016_multiseed_best035_seed17_noise0	posterior_same_cross_mass	chr13	chr17	2630.08326	295.608626	295.608626	2630.08326	1354.11904	131.212247	131.212247	1354.11904	1275.96422	164.39638	164.39638	1275.96422	0	0	0	1
p9016_multiseed_best035_seed17_noise0	posterior_same_cross_mass	chr13	chr18	693.256853	1416.14036	1416.14036	693.256853	308.411444	680.357112	680.357112	308.411444	384.84541	735.783244	735.783244	384.84541	1	1	1	1
p9016_multiseed_best035_seed17_noise0	posterior_same_cross_mass	chr13	chr19	380.739897	862.730052	862.730052	380.739897	200.254853	349.281223	349.281223	200.254853	180.485044	513.44883	513.44883	180.485044	1	1	1	1
p9016_multiseed_best035_seed17_noise0	posterior_same_cross_mass	chr13	chrX	488.940702	999.18998	999.18998	488.940702	244.493792	526.466819	526.466819	244.493792	244.44691	472.723161	472.723161	244.44691	1	1	1	1
p9016_multiseed_best035_seed17_noise0	posterior_same_cross_mass	chr14	chr15	52.2124337	706.58339	706.58339	52.2124337	36.4256801	336.882569	336.882569	36.4256801	15.7867536	369.700821	369.700821	15.7867536	1	1	1	1
p9016_multiseed_best035_seed17_noise0	posterior_same_cross_mass	chr14	chr16	623.375793	83.0884668	83.0884668	623.375793	316.628002	45.1528857	45.1528857	316.628002	306.74779	37.9355811	37.9355811	306.74779	0	0	0	1
p9016_multiseed_best035_seed17_noise0	posterior_same_cross_mass	chr14	chr17	578.755829	94.3218245	94.3218245	578.755829	287.470793	47.070415	47.070415	287.470793	291.285036	47.2514094	47.2514094	291.285036	0	0	0	1
p9016_multiseed_best035_seed17_noise0	posterior_same_cross_mass	chr14	chr18	1168.97993	190.040409	190.040409	1168.97993	591.740095	66.0923799	66.0923799	591.740095	577.239833	123.948029	123.948029	577.239833	0	0	0	1
p9016_multiseed_best035_seed17_noise0	posterior_same_cross_mass	chr14	chr19	784.545165	32.4075942	32.4075942	784.545165	429.062523	10.877763	10.877763	429.062523	355.482642	21.5298312	21.5298312	355.482642	0	0	0	1
p9016_multiseed_best035_seed17_noise0	posterior_same_cross_mass	chr14	chrX	102.032659	825.62945	825.62945	102.032659	47.9542897	425.835639	425.835639	47.9542897	54.0783691	399.793811	399.793811	54.0783691	1	1	1	1
p9016_multiseed_best035_seed17_noise0	posterior_same_cross_mass	chr15	chr16	94.1497008	389.558266	389.558266	94.1497008	52.9759708	208.662788	208.662788	52.9759708	41.17373	180.895478	180.895478	41.17373	1	1	1	1
p9016_multiseed_best035_seed17_noise0	posterior_same_cross_mass	chr15	chr17	28.4573295	2681.3751	2681.3751	28.4573295	12.1346382	1383.072	1383.072	12.1346382	16.3226914	1298.3031	1298.3031	16.3226914	1	1	1	1
p9016_multiseed_best035_seed17_noise0	posterior_same_cross_mass	chr15	chr18	2399.93956	50.3205121	50.3205121	2399.93956	1151.97491	26.1474202	26.1474202	1151.97491	1247.96465	24.173092	24.173092	1247.96465	0	0	0	1
p9016_multiseed_best035_seed17_noise0	posterior_same_cross_mass	chr15	chr19	51.4112895	714.979131	714.979131	51.4112895	34.0761106	359.282702	359.282702	34.0761106	17.3351789	355.696429	355.696429	17.3351789	1	1	1	1
p9016_multiseed_best035_seed17_noise0	posterior_same_cross_mass	chr15	chrX	327.024958	397.884802	397.884802	327.024958	174.073339	203.898485	203.898485	174.073339	152.951619	193.986317	193.986317	152.951619	1	1	1	1
p9016_multiseed_best035_seed17_noise0	posterior_same_cross_mass	chr16	chr17	238.311823	229.155642	229.155642	238.311823	96.8330465	130.000251	130.000251	96.8330465	141.478777	99.1553909	99.1553909	141.478777	0	1	0	0
p9016_multiseed_best035_seed17_noise0	posterior_same_cross_mass	chr16	chr18	62.7178678	2767.02497	2767.02497	62.7178678	34.002174	1264.76288	1264.76288	34.002174	28.7156939	1502.26209	1502.26209	28.7156939	1	1	1	1
p9016_multiseed_best035_seed17_noise0	posterior_same_cross_mass	chr16	chr19	687.873955	335.767572	335.767572	687.873955	307.920454	168.569396	168.569396	307.920454	379.953502	167.198176	167.198176	379.953502	0	0	0	1
p9016_multiseed_best035_seed17_noise0	posterior_same_cross_mass	chr16	chrX	592.986301	145.554075	145.554075	592.986301	307.155685	71.1145627	71.1145627	307.155685	285.830616	74.4395122	74.4395122	285.830616	0	0	0	1
p9016_multiseed_best035_seed17_noise0	posterior_same_cross_mass	chr17	chr18	105.938362	229.182422	229.182422	105.938362	42.7267419	123.517511	123.517511	42.7267419	63.2116196	105.664911	105.664911	63.2116196	1	1	1	1
p9016_multiseed_best035_seed17_noise0	posterior_same_cross_mass	chr17	chr19	1083.15824	38.2862269	38.2862269	1083.15824	481.672324	16.9105158	16.9105158	481.672324	601.485914	21.3757111	21.3757111	601.485914	0	0	0	1
p9016_multiseed_best035_seed17_noise0	posterior_same_cross_mass	chr17	chrX	416.946791	1515.18895	1515.18895	416.946791	211.764031	684.634614	684.634614	211.764031	205.18276	830.554335	830.554335	205.18276	1	1	1	1
p9016_multiseed_best035_seed17_noise0	posterior_same_cross_mass	chr18	chr19	687.666086	75.2050847	75.2050847	687.666086	346.878229	32.4436354	32.4436354	346.878229	340.787857	42.7614493	42.7614493	340.787857	0	0	0	1
p9016_multiseed_best035_seed17_noise0	posterior_same_cross_mass	chr18	chrX	50.6991726	662.090123	662.090123	50.6991726	23.0412205	334.414132	334.414132	23.0412205	27.6579521	327.675991	327.675991	27.6579521	1	1	1	1
p9016_multiseed_best035_seed17_noise0	posterior_same_cross_mass	chr19	chrX	56.6108368	194.464908	194.464908	56.6108368	23.8810475	89.2450137	89.2450137	23.8810475	32.7297893	105.219894	105.219894	32.7297893	1	1	1	1
p9016_multiseed_best035_seed17_noise0	posterior_same_cross_mass	chr2	chr10	986.704542	190.848778	190.848778	986.704542	491.429145	96.2485365	96.2485365	491.429145	495.275397	94.6002415	94.6002415	495.275397	0	0	0	1
p9016_multiseed_best035_seed17_noise0	posterior_same_cross_mass	chr2	chr11	1708.73092	505.421917	505.421917	1708.73092	842.037697	226.081738	226.081738	842.037697	866.693219	279.340179	279.340179	866.693219	0	0	0	1
p9016_multiseed_best035_seed17_noise0	posterior_same_cross_mass	chr2	chr12	366.296873	1267.0789	1267.0789	366.296873	174.276187	624.405141	624.405141	174.276187	192.020686	642.673762	642.673762	192.020686	1	1	1	1
p9016_multiseed_best035_seed17_noise0	posterior_same_cross_mass	chr2	chr13	434.909622	1483.97063	1483.97063	434.909622	228.050202	736.268771	736.268771	228.050202	206.85942	747.701859	747.701859	206.85942	1	1	1	1
p9016_multiseed_best035_seed17_noise0	posterior_same_cross_mass	chr2	chr14	2212.8737	16.4630709	16.4630709	2212.8737	1084.3919	7.49663982	7.49663982	1084.3919	1128.4818	8.96643104	8.96643104	1128.4818	0	0	0	1
p9016_multiseed_best035_seed17_noise0	posterior_same_cross_mass	chr2	chr15	527.872388	555.014564	555.014564	527.872388	269.275244	252.303613	252.303613	269.275244	258.597144	302.710951	302.710951	258.597144	1	0	1	0
p9016_multiseed_best035_seed17_noise0	posterior_same_cross_mass	chr2	chr16	228.506999	3199.93988	3199.93988	228.506999	125.553851	1590.95995	1590.95995	125.553851	102.953147	1608.97993	1608.97993	102.953147	1	1	1	1
p9016_multiseed_best035_seed17_noise0	posterior_same_cross_mass	chr2	chr17	69.4629934	2140.04317	2140.04317	69.4629934	36.7988679	1014.86207	1014.86207	36.7988679	32.6641255	1125.1811	1125.1811	32.6641255	1	1	1	1
p9016_multiseed_best035_seed17_noise0	posterior_same_cross_mass	chr2	chr18	2145.45536	7.82917061	7.82917061	2145.45536	1042.35766	2.78995546	2.78995546	1042.35766	1103.09771	5.03921515	5.03921515	1103.09771	0	0	0	1
p9016_multiseed_best035_seed17_noise0	posterior_same_cross_mass	chr2	chr19	546.585845	194.45171	194.45171	546.585845	282.620888	107.861973	107.861973	282.620888	263.964957	86.5897368	86.5897368	263.964957	0	0	0	1
p9016_multiseed_best035_seed17_noise0	posterior_same_cross_mass	chr2	chr3	3750.65222	512.746188	512.746188	3750.65222	1747.78857	263.517175	263.517175	1747.78857	2002.86365	249.229012	249.229012	2002.86365	0	0	0	1
p9016_multiseed_best035_seed17_noise0	posterior_same_cross_mass	chr2	chr4	4762.42665	63.1120082	63.1120082	4762.42665	2335.78252	31.4592374	31.4592374	2335.78252	2426.64413	31.6527707	31.6527707	2426.64413	0	0	0	1
p9016_multiseed_best035_seed17_noise0	posterior_same_cross_mass	chr2	chr5	42.6955683	3157.85065	3157.85065	42.6955683	24.402705	1597.41035	1597.41035	24.402705	18.2928633	1560.4403	1560.4403	18.2928633	1	1	1	1
p9016_multiseed_best035_seed17_noise0	posterior_same_cross_mass	chr2	chr6	44.2347151	5382.75648	5382.75648	44.2347151	26.2729726	2745.58801	2745.58801	26.2729726	17.9617425	2637.16847	2637.16847	17.9617425	1	1	1	1
p9016_multiseed_best035_seed17_noise0	posterior_same_cross_mass	chr2	chr7	272.546828	2302.94307	2302.94307	272.546828	115.207914	1164.25758	1164.25758	115.207914	157.338914	1138.6855	1138.6855	157.338914	1	1	1	1
p9016_multiseed_best035_seed17_noise0	posterior_same_cross_mass	chr2	chr8	3977.74362	174.615325	174.615325	3977.74362	1875.31406	86.6567591	86.6567591	1875.31406	2102.42955	87.9585658	87.9585658	2102.42955	0	0	0	1
p9016_multiseed_best035_seed17_noise0	posterior_same_cross_mass	chr2	chr9	1191.9437	3840.25572	3840.25572	1191.9437	570.090729	1949.38979	1949.38979	570.090729	621.852972	1890.86593	1890.86593	621.852972	1	1	1	1
p9016_multiseed_best035_seed17_noise0	posterior_same_cross_mass	chr2	chrX	552.221268	3279.27893	3279.27893	552.221268	287.797496	1595.5929	1595.5929	287.797496	264.423773	1683.68603	1683.68603	264.423773	1	1	1	1
p9016_multiseed_best035_seed17_noise0	posterior_same_cross_mass	chr3	chr10	1617.75052	29.5479301	29.5479301	1617.75052	774.335437	14.1511457	14.1511457	774.335437	843.415079	15.3967844	15.3967844	843.415079	0	0	0	1
p9016_multiseed_best035_seed17_noise0	posterior_same_cross_mass	chr3	chr11	393.333687	748.546834	748.546834	393.333687	195.345768	367.957291	367.957291	195.345768	197.987918	380.589543	380.589543	197.987918	1	1	1	1
p9016_multiseed_best035_seed17_noise0	posterior_same_cross_mass	chr3	chr12	2481.78249	1024.79227	1024.79227	2481.78249	1375.16661	636.039243	636.039243	1375.16661	1106.61588	388.753028	388.753028	1106.61588	0	0	0	1
p9016_multiseed_best035_seed17_noise0	posterior_same_cross_mass	chr3	chr13	1936.13998	318.848801	318.848801	1936.13998	932.842663	154.475962	154.475962	932.842663	1003.29731	164.372839	164.372839	1003.29731	0	0	0	1
p9016_multiseed_best035_seed17_noise0	posterior_same_cross_mass	chr3	chr14	624.875279	706.907521	706.907521	624.875279	289.484245	323.950443	323.950443	289.484245	335.391034	382.957079	382.957079	335.391034	1	1	1	1
p9016_multiseed_best035_seed17_noise0	posterior_same_cross_mass	chr3	chr15	1318.02376	236.223668	236.223668	1318.02376	728.29373	115.828473	115.828473	728.29373	589.730026	120.395195	120.395195	589.730026	0	0	0	1
p9016_multiseed_best035_seed17_noise0	posterior_same_cross_mass	chr3	chr16	798.802143	35.3637622	35.3637622	798.802143	425.165661	16.6469675	16.6469675	425.165661	373.636482	18.7167948	18.7167948	373.636482	0	0	0	1
p9016_multiseed_best035_seed17_noise0	posterior_same_cross_mass	chr3	chr17	1240.4808	226.990383	226.990383	1240.4808	600.231339	145.788253	145.788253	600.231339	640.249465	81.2021304	81.2021304	640.249465	0	0	0	1
p9016_multiseed_best035_seed17_noise0	posterior_same_cross_mass	chr3	chr18	54.2130181	2280.25865	2280.25865	54.2130181	26.3791284	1168.64452	1168.64452	26.3791284	27.8338897	1111.61412	1111.61412	27.8338897	1	1	1	1
p9016_multiseed_best035_seed17_noise0	posterior_same_cross_mass	chr3	chr19	208.46036	633.320816	633.320816	208.46036	106.218297	368.369378	368.369378	106.218297	102.242062	264.951438	264.951438	102.242062	1	1	1	1
p9016_multiseed_best035_seed17_noise0	posterior_same_cross_mass	chr3	chr4	2161.74516	68.2578102	68.2578102	2161.74516	1065.28231	33.9847303	33.9847303	1065.28231	1096.46284	34.2730799	34.2730799	1096.46284	0	0	0	1
p9016_multiseed_best035_seed17_noise0	posterior_same_cross_mass	chr3	chr5	263.862074	930.67489	930.67489	263.862074	125.151716	447.767287	447.767287	125.151716	138.710359	482.907603	482.907603	138.710359	1	1	1	1
p9016_multiseed_best035_seed17_noise0	posterior_same_cross_mass	chr3	chr6	2086.90905	9.46463015	9.46463015	2086.90905	1015.25294	4.83421347	4.83421347	1015.25294	1071.65611	4.63041667	4.63041667	1071.65611	0	0	0	1
p9016_multiseed_best035_seed17_noise0	posterior_same_cross_mass	chr3	chr7	468.299805	6009.31897	6009.31897	468.299805	213.416433	3028.33637	3028.33637	213.416433	254.883372	2980.9826	2980.9826	254.883372	1	1	1	1
p9016_multiseed_best035_seed17_noise0	posterior_same_cross_mass	chr3	chr8	443.499698	1682.90033	1682.90033	443.499698	182.062874	777.102003	777.102003	182.062874	261.436824	905.798327	905.798327	261.436824	1	1	1	1
p9016_multiseed_best035_seed17_noise0	posterior_same_cross_mass	chr3	chr9	74.8161725	1365.91653	1365.91653	74.8161725	34.2751141	694.169439	694.169439	34.2751141	40.5410584	671.747091	671.747091	40.5410584	1	1	1	1
p9016_multiseed_best035_seed17_noise0	posterior_same_cross_mass	chr3	chrX	216.923228	1496.77416	1496.77416	216.923228	111.575808	759.425418	759.425418	111.575808	105.34742	737.348742	737.348742	105.34742	1	1	1	1
p9016_multiseed_best035_seed17_noise0	posterior_same_cross_mass	chr4	chr10	222.515161	5300.87108	5300.87108	222.515161	137.176451	2588.22064	2588.22064	137.176451	85.3387101	2712.65044	2712.65044	85.3387101	1	1	1	1
p9016_multiseed_best035_seed17_noise0	posterior_same_cross_mass	chr4	chr11	823.244357	295.801854	295.801854	823.244357	431.950927	151.381793	151.381793	431.950927	391.29343	144.420061	144.420061	391.29343	0	0	0	1
p9016_multiseed_best035_seed17_noise0	posterior_same_cross_mass	chr4	chr12	2006.12247	419.814715	419.814715	2006.12247	975.355394	218.484486	218.484486	975.355394	1030.76707	201.330229	201.330229	1030.76707	0	0	0	1
p9016_multiseed_best035_seed17_noise0	posterior_same_cross_mass	chr4	chr13	16.1860624	1570.92683	1570.92683	16.1860624	12.4617606	769.888994	769.888994	12.4617606	3.72430182	801.037835	801.037835	3.72430182	1	1	1	1
p9016_multiseed_best035_seed17_noise0	posterior_same_cross_mass	chr4	chr14	1029.71573	529.517741	529.517741	1029.71573	529.892479	285.43785	285.43785	529.892479	499.823255	244.079891	244.079891	499.823255	0	0	0	1
p9016_multiseed_best035_seed17_noise0	posterior_same_cross_mass	chr4	chr15	0.477535564	1662.26639	1662.26639	0.477535564	0.477535564	841.49191	841.49191	0.477535564	0	820.774478	820.774478	0	1	1	1	1
p9016_multiseed_best035_seed17_noise0	posterior_same_cross_mass	chr4	chr16	1892.61417	3.29891476	3.29891476	1892.61417	944.710329	2.14892503	2.14892503	944.710329	947.903841	1.14998973	1.14998973	947.903841	0	0	0	1
p9016_multiseed_best035_seed17_noise0	posterior_same_cross_mass	chr4	chr17	1295.75872	53.682311	53.682311	1295.75872	635.864783	18.74154	18.74154	635.864783	659.893936	34.940771	34.940771	659.893936	0	0	0	1
p9016_multiseed_best035_seed17_noise0	posterior_same_cross_mass	chr4	chr18	33.9233462	889.608564	889.608564	33.9233462	15.8218705	428.086879	428.086879	15.8218705	18.1014757	461.521685	461.521685	18.1014757	1	1	1	1
p9016_multiseed_best035_seed17_noise0	posterior_same_cross_mass	chr4	chr19	382.439594	206.540371	206.540371	382.439594	194.164046	104.289298	104.289298	194.164046	188.275548	102.251073	102.251073	188.275548	0	0	0	1
p9016_multiseed_best035_seed17_noise0	posterior_same_cross_mass	chr4	chr5	5557.91288	77.9627089	77.9627089	5557.91288	2720.02751	45.5975778	45.5975778	2720.02751	2837.88537	32.3651311	32.3651311	2837.88537	0	0	0	1
p9016_multiseed_best035_seed17_noise0	posterior_same_cross_mass	chr4	chr6	2811.74006	0	0	2811.74006	1402.28413	0	0	1402.28413	1409.45594	0	0	1409.45594	0	0	0	1
p9016_multiseed_best035_seed17_noise0	posterior_same_cross_mass	chr4	chr7	474.286531	3464.74628	3464.74628	474.286531	196.641743	1680.09127	1680.09127	196.641743	277.644789	1784.65501	1784.65501	277.644789	1	1	1	1
p9016_multiseed_best035_seed17_noise0	posterior_same_cross_mass	chr4	chr8	1153.60993	89.8917271	89.8917271	1153.60993	564.277365	49.1915044	49.1915044	564.277365	589.332569	40.7002227	40.7002227	589.332569	0	0	0	1
p9016_multiseed_best035_seed17_noise0	posterior_same_cross_mass	chr4	chr9	368.312611	1191.99022	1191.99022	368.312611	177.433824	598.729467	598.729467	177.433824	190.878788	593.260752	593.260752	190.878788	1	1	1	1
p9016_multiseed_best035_seed17_noise0	posterior_same_cross_mass	chr4	chrX	487.296412	3588.57088	3588.57088	487.296412	266.19906	1668.32335	1668.32335	266.19906	221.097353	1920.24752	1920.24752	221.097353	1	1	1	1
p9016_multiseed_best035_seed17_noise0	posterior_same_cross_mass	chr5	chr10	536.957304	3125.41517	3125.41517	536.957304	226.600575	1545.98937	1545.98937	226.600575	310.35673	1579.4258	1579.4258	310.35673	1	1	1	1
p9016_multiseed_best035_seed17_noise0	posterior_same_cross_mass	chr5	chr11	1448.63248	656.98509	656.98509	1448.63248	765.186802	316.328001	316.328001	765.186802	683.445681	340.65709	340.65709	683.445681	0	0	0	1
p9016_multiseed_best035_seed17_noise0	posterior_same_cross_mass	chr5	chr12	905.287612	238.356717	238.356717	905.287612	459.362974	121.464459	121.464459	459.362974	445.924639	116.892258	116.892258	445.924639	0	0	0	1
p9016_multiseed_best035_seed17_noise0	posterior_same_cross_mass	chr5	chr13	1161.61292	428.32721	428.32721	1161.61292	594.269162	198.997671	198.997671	594.269162	567.34376	229.329539	229.329539	567.34376	0	0	0	1
p9016_multiseed_best035_seed17_noise0	posterior_same_cross_mass	chr5	chr14	738.848905	1850.96682	1850.96682	738.848905	350.611372	952.572215	952.572215	350.611372	388.237533	898.394605	898.394605	388.237533	1	1	1	1
p9016_multiseed_best035_seed17_noise0	posterior_same_cross_mass	chr5	chr15	21.3144696	1507.41417	1507.41417	21.3144696	10.3228704	729.22956	729.22956	10.3228704	10.9915992	778.184608	778.184608	10.9915992	1	1	1	1
p9016_multiseed_best035_seed17_noise0	posterior_same_cross_mass	chr5	chr16	2017.17753	919.311956	919.311956	2017.17753	1113.29891	396.857847	396.857847	1113.29891	903.878622	522.454108	522.454108	903.878622	0	0	0	1
p9016_multiseed_best035_seed17_noise0	posterior_same_cross_mass	chr5	chr17	889.144684	114.015471	114.015471	889.144684	446.177105	54.1403659	54.1403659	446.177105	442.96758	59.8751052	59.8751052	442.96758	0	0	0	1
p9016_multiseed_best035_seed17_noise0	posterior_same_cross_mass	chr5	chr18	0.647377689	3290.05177	3290.05177	0.647377689	0.647377689	1631.2733	1631.2733	0.647377689	0	1658.77847	1658.77847	0	1	1	1	1
p9016_multiseed_best035_seed17_noise0	posterior_same_cross_mass	chr5	chr19	209.886898	752.653594	752.653594	209.886898	119.347945	356.922031	356.922031	119.347945	90.5389532	395.731563	395.731563	90.5389532	1	1	1	1
p9016_multiseed_best035_seed17_noise0	posterior_same_cross_mass	chr5	chr6	2108.64799	43.0303034	43.0303034	2108.64799	1070.6079	21.9484636	21.9484636	1070.6079	1038.04009	21.0818398	21.0818398	1038.04009	0	0	0	1
p9016_multiseed_best035_seed17_noise0	posterior_same_cross_mass	chr5	chr7	1205.66663	284.666601	284.666601	1205.66663	613.341532	141.943922	141.943922	613.341532	592.325099	142.722679	142.722679	592.325099	0	0	0	1
p9016_multiseed_best035_seed17_noise0	posterior_same_cross_mass	chr5	chr8	519.121331	1058.56664	1058.56664	519.121331	237.546691	514.585924	514.585924	237.546691	281.574639	543.980713	543.980713	281.574639	1	1	1	1
p9016_multiseed_best035_seed17_noise0	posterior_same_cross_mass	chr5	chr9	6256.66118	48.5390617	48.5390617	6256.66118	3347.74719	20.7988376	20.7988376	3347.74719	2908.914	27.7402241	27.7402241	2908.914	0	0	0	1
p9016_multiseed_best035_seed17_noise0	posterior_same_cross_mass	chr5	chrX	1099.15827	195.162992	195.162992	1099.15827	592.672686	98.3116846	98.3116846	592.672686	506.485587	96.8513078	96.8513078	506.485587	0	0	0	1
p9016_multiseed_best035_seed17_noise0	posterior_same_cross_mass	chr6	chr10	1371.35624	1586.24082	1586.24082	1371.35624	770.010433	763.098363	763.098363	770.010433	601.345805	823.14246	823.14246	601.345805	1	0	1	0
p9016_multiseed_best035_seed17_noise0	posterior_same_cross_mass	chr6	chr11	1478.7307	169.527029	169.527029	1478.7307	738.654836	76.1988312	76.1988312	738.654836	740.075864	93.3281974	93.3281974	740.075864	0	0	0	1
p9016_multiseed_best035_seed17_noise0	posterior_same_cross_mass	chr6	chr12	778.749364	147.339696	147.339696	778.749364	396.404783	67.0244833	67.0244833	396.404783	382.344581	80.3152126	80.3152126	382.344581	0	0	0	1
p9016_multiseed_best035_seed17_noise0	posterior_same_cross_mass	chr6	chr13	17.0243992	2059.38934	2059.38934	17.0243992	9.15138505	987.769249	987.769249	9.15138505	7.87301415	1071.62009	1071.62009	7.87301415	1	1	1	1
p9016_multiseed_best035_seed17_noise0	posterior_same_cross_mass	chr6	chr14	4426.35455	42.0775931	42.0775931	4426.35455	2250.33899	22.4292867	22.4292867	2250.33899	2176.01556	19.6483064	19.6483064	2176.01556	0	0	0	1
p9016_multiseed_best035_seed17_noise0	posterior_same_cross_mass	chr6	chr15	25.5912506	1401.36294	1401.36294	25.5912506	12.586311	694.136276	694.136276	12.586311	13.0049397	707.226666	707.226666	13.0049397	1	1	1	1
p9016_multiseed_best035_seed17_noise0	posterior_same_cross_mass	chr6	chr16	4117.02085	0	0	4117.02085	1965.79717	0	0	1965.79717	2151.22368	0	0	2151.22368	0	0	0	1
p9016_multiseed_best035_seed17_noise0	posterior_same_cross_mass	chr6	chr17	1112.18969	34.9066788	34.9066788	1112.18969	544.615166	19.8676302	19.8676302	544.615166	567.574524	15.0390486	15.0390486	567.574524	0	0	0	1
p9016_multiseed_best035_seed17_noise0	posterior_same_cross_mass	chr6	chr18	315.014684	1933.09644	1933.09644	315.014684	189.388409	945.827352	945.827352	189.388409	125.626274	987.26909	987.26909	125.626274	1	1	1	1
p9016_multiseed_best035_seed17_noise0	posterior_same_cross_mass	chr6	chr19	950.753269	409.178362	409.178362	950.753269	578.053546	206.096822	206.096822	578.053546	372.699723	203.08154	203.08154	372.699723	0	0	0	1
p9016_multiseed_best035_seed17_noise0	posterior_same_cross_mass	chr6	chr7	136.803835	1410.87082	1410.87082	136.803835	61.7501857	706.115746	706.115746	61.7501857	75.0536491	704.755079	704.755079	75.0536491	1	1	1	1
p9016_multiseed_best035_seed17_noise0	posterior_same_cross_mass	chr6	chr8	193.935944	1303.62864	1303.62864	193.935944	113.460742	653.252573	653.252573	113.460742	80.4752017	650.376067	650.376067	80.4752017	1	1	1	1
p9016_multiseed_best035_seed17_noise0	posterior_same_cross_mass	chr6	chr9	2522.64546	51.780297	51.780297	2522.64546	1309.42295	23.5923512	23.5923512	1309.42295	1213.22251	28.1879458	28.1879458	1213.22251	0	0	0	1
p9016_multiseed_best035_seed17_noise0	posterior_same_cross_mass	chr6	chrX	1332.11134	151.979837	151.979837	1332.11134	660.566518	76.071001	76.071001	660.566518	671.544826	75.9088362	75.9088362	671.544826	0	0	0	1
p9016_multiseed_best035_seed17_noise0	posterior_same_cross_mass	chr7	chr10	94.0507953	788.695706	788.695706	94.0507953	48.0081304	399.67226	399.67226	48.0081304	46.0426648	389.023446	389.023446	46.0426648	1	1	1	1
p9016_multiseed_best035_seed17_noise0	posterior_same_cross_mass	chr7	chr11	1683.1436	35.0544726	35.0544726	1683.1436	855.571165	17.6896658	17.6896658	855.571165	827.572436	17.3648068	17.3648068	827.572436	0	0	0	1
p9016_multiseed_best035_seed17_noise0	posterior_same_cross_mass	chr7	chr12	16.0882361	2985.80825	2985.80825	16.0882361	8.9518732	1544.73237	1544.73237	8.9518732	7.13636295	1441.07588	1441.07588	7.13636295	1	1	1	1
p9016_multiseed_best035_seed17_noise0	posterior_same_cross_mass	chr7	chr13	102.219307	1117.93023	1117.93023	102.219307	55.1647455	584.197659	584.197659	55.1647455	47.0545615	533.732571	533.732571	47.0545615	1	1	1	1
p9016_multiseed_best035_seed17_noise0	posterior_same_cross_mass	chr7	chr14	507.389235	1702.38666	1702.38666	507.389235	249.542727	804.141339	804.141339	249.542727	257.846508	898.245323	898.245323	257.846508	1	1	1	1
p9016_multiseed_best035_seed17_noise0	posterior_same_cross_mass	chr7	chr15	1079.71543	98.4393817	98.4393817	1079.71543	511.662337	53.1961544	53.1961544	511.662337	568.05309	45.2432273	45.2432273	568.05309	0	0	0	1
p9016_multiseed_best035_seed17_noise0	posterior_same_cross_mass	chr7	chr16	605.898256	51.3702749	51.3702749	605.898256	295.84306	25.3456265	25.3456265	295.84306	310.055196	26.0246484	26.0246484	310.055196	0	0	0	1
p9016_multiseed_best035_seed17_noise0	posterior_same_cross_mass	chr7	chr17	0.0888923168	1347.87703	1347.87703	0.0888923168	0	720.401603	720.401603	0	0.0888923168	627.475427	627.475427	0.0888923168	1	1	1	1
p9016_multiseed_best035_seed17_noise0	posterior_same_cross_mass	chr7	chr18	2626.81619	171.293678	171.293678	2626.81619	1273.48231	66.5149449	66.5149449	1273.48231	1353.33388	104.778733	104.778733	1353.33388	0	0	0	1
p9016_multiseed_best035_seed17_noise0	posterior_same_cross_mass	chr7	chr19	83.4697512	927.393678	927.393678	83.4697512	42.5622079	487.813327	487.813327	42.5622079	40.9075433	439.580352	439.580352	40.9075433	1	1	1	1
p9016_multiseed_best035_seed17_noise0	posterior_same_cross_mass	chr7	chr8	352.172368	1070.71465	1070.71465	352.172368	167.507175	542.045361	542.045361	167.507175	184.665193	528.669292	528.669292	184.665193	1	1	1	1
p9016_multiseed_best035_seed17_noise0	posterior_same_cross_mass	chr7	chr9	1775.55453	0	0	1775.55453	919.101422	0	0	919.101422	856.453104	0	0	856.453104	0	0	0	1
p9016_multiseed_best035_seed17_noise0	posterior_same_cross_mass	chr7	chrX	1118.7619	217.830646	217.830646	1118.7619	554.804222	103.896789	103.896789	554.804222	563.957679	113.933856	113.933856	563.957679	0	0	0	1
p9016_multiseed_best035_seed17_noise0	posterior_same_cross_mass	chr8	chr10	178.344273	714.033279	714.033279	178.344273	76.1084352	366.008859	366.008859	76.1084352	102.235838	348.02442	348.02442	102.235838	1	1	1	1
p9016_multiseed_best035_seed17_noise0	posterior_same_cross_mass	chr8	chr11	1813.48786	6084.14884	6084.14884	1813.48786	1104.7555	3064.9868	3064.9868	1104.7555	708.732366	3019.16205	3019.16205	708.732366	1	1	1	1
p9016_multiseed_best035_seed17_noise0	posterior_same_cross_mass	chr8	chr12	1199.58143	70.683598	70.683598	1199.58143	612.760124	35.6241503	35.6241503	612.760124	586.821306	35.0594477	35.0594477	586.821306	0	0	0	1
p9016_multiseed_best035_seed17_noise0	posterior_same_cross_mass	chr8	chr13	893.428119	361.252496	361.252496	893.428119	431.861135	179.437027	179.437027	431.861135	461.566984	181.815469	181.815469	461.566984	0	0	0	1
p9016_multiseed_best035_seed17_noise0	posterior_same_cross_mass	chr8	chr14	1724.45651	863.069651	863.069651	1724.45651	838.844183	386.544282	386.544282	838.844183	885.612328	476.52537	476.52537	885.612328	0	0	0	1
p9016_multiseed_best035_seed17_noise0	posterior_same_cross_mass	chr8	chr15	418.41557	2818.67871	2818.67871	418.41557	230.907319	1440.66931	1440.66931	230.907319	187.508251	1378.0094	1378.0094	187.508251	1	1	1	1
p9016_multiseed_best035_seed17_noise0	posterior_same_cross_mass	chr8	chr16	104.871623	915.338731	915.338731	104.871623	53.6150327	467.394906	467.394906	53.6150327	51.2565904	447.943825	447.943825	51.2565904	1	1	1	1
p9016_multiseed_best035_seed17_noise0	posterior_same_cross_mass	chr8	chr17	1140.14665	58.1641519	58.1641519	1140.14665	559.138678	32.9254101	32.9254101	559.138678	581.007971	25.2387417	25.2387417	581.007971	0	0	0	1
p9016_multiseed_best035_seed17_noise0	posterior_same_cross_mass	chr8	chr18	1119.78996	135.851363	135.851363	1119.78996	568.215342	56.7861147	56.7861147	568.215342	551.574617	79.0652486	79.0652486	551.574617	0	0	0	1
p9016_multiseed_best035_seed17_noise0	posterior_same_cross_mass	chr8	chr19	1105.58627	227.146127	227.146127	1105.58627	559.506497	154.885127	154.885127	559.506497	546.079777	72.2610001	72.2610001	546.079777	0	0	0	1
p9016_multiseed_best035_seed17_noise0	posterior_same_cross_mass	chr8	chr9	134.181046	841.388021	841.388021	134.181046	65.5557333	413.269646	413.269646	65.5557333	68.6253132	428.118375	428.118375	68.6253132	1	1	1	1
p9016_multiseed_best035_seed17_noise0	posterior_same_cross_mass	chr8	chrX	366.872088	627.377604	627.377604	366.872088	177.424637	308.541535	308.541535	177.424637	189.447452	318.836069	318.836069	189.447452	1	1	1	1
p9016_multiseed_best035_seed17_noise0	posterior_same_cross_mass	chr9	chr10	58.3320783	1191.73313	1191.73313	58.3320783	31.693109	595.400495	595.400495	31.693109	26.6389694	596.332632	596.332632	26.6389694	1	1	1	1
p9016_multiseed_best035_seed17_noise0	posterior_same_cross_mass	chr9	chr11	1519.04067	31.322025	31.322025	1519.04067	755.683524	17.5367149	17.5367149	755.683524	763.357151	13.7853101	13.7853101	763.357151	0	0	0	1
p9016_multiseed_best035_seed17_noise0	posterior_same_cross_mass	chr9	chr12	880.833205	684.38026	684.38026	880.833205	440.382405	339.286263	339.286263	440.382405	440.4508	345.093997	345.093997	440.4508	0	0	0	1
p9016_multiseed_best035_seed17_noise0	posterior_same_cross_mass	chr9	chr13	956.033219	302.958414	302.958414	956.033219	465.301012	145.54079	145.54079	465.301012	490.732206	157.417624	157.417624	490.732206	0	0	0	1
p9016_multiseed_best035_seed17_noise0	posterior_same_cross_mass	chr9	chr14	27.0768164	1065.26019	1065.26019	27.0768164	13.790252	537.862151	537.862151	13.790252	13.2865645	527.398043	527.398043	13.2865645	1	1	1	1
p9016_multiseed_best035_seed17_noise0	posterior_same_cross_mass	chr9	chr15	371.250276	561.020232	561.020232	371.250276	182.999183	300.155905	300.155905	182.999183	188.251093	260.864326	260.864326	188.251093	1	1	1	1
p9016_multiseed_best035_seed17_noise0	posterior_same_cross_mass	chr9	chr16	1848.95961	69.6772997	69.6772997	1848.95961	911.110837	27.8535399	27.8535399	911.110837	937.848777	41.8237598	41.8237598	937.848777	0	0	0	1
p9016_multiseed_best035_seed17_noise0	posterior_same_cross_mass	chr9	chr17	696.790458	1921.38216	1921.38216	696.790458	364.539153	994.838471	994.838471	364.539153	332.251304	926.54369	926.54369	332.251304	1	1	1	1
p9016_multiseed_best035_seed17_noise0	posterior_same_cross_mass	chr9	chr18	2.64405617	1447.50083	1447.50083	2.64405617	1.72610662	696.691213	696.691213	1.72610662	0.917949543	750.809613	750.809613	0.917949543	1	1	1	1
p9016_multiseed_best035_seed17_noise0	posterior_same_cross_mass	chr9	chr19	30.5762725	377.280713	377.280713	30.5762725	16.0321778	168.965044	168.965044	16.0321778	14.5440947	208.315669	208.315669	14.5440947	1	1	1	1
p9016_multiseed_best035_seed17_noise0	posterior_same_cross_mass	chr9	chrX	1110.72989	1048.23359	1048.23359	1110.72989	575.253899	620.386546	620.386546	575.253899	535.475986	427.847043	427.847043	535.475986	0	1	0	0
p9016_multiseed_best035_seed17_noise0	same_cross_distance_sum	chr1	chr10	6001.23669	179.652057	179.652057	6001.23669	2966.95373	90.9000565	90.9000565	2966.95373	3034.28296	88.7520004	88.7520004	3034.28296	0	0	0	1
p9016_multiseed_best035_seed17_noise0	same_cross_distance_sum	chr1	chr11	4766.56582	4881.40699	4881.40699	4766.56582	2248.27521	2294.11304	2294.11304	2248.27521	2518.2906	2587.29396	2587.29396	2518.2906	1	1	1	1
p9016_multiseed_best035_seed17_noise0	same_cross_distance_sum	chr1	chr12	5656.58574	618.657488	618.657488	5656.58574	3106.11841	320.112626	320.112626	3106.11841	2550.46733	298.544862	298.544862	2550.46733	0	0	0	1
p9016_multiseed_best035_seed17_noise0	same_cross_distance_sum	chr1	chr13	1903.50219	3383.22044	3383.22044	1903.50219	930.832098	1646.89075	1646.89075	930.832098	972.670091	1736.32969	1736.32969	972.670091	1	1	1	1
p9016_multiseed_best035_seed17_noise0	same_cross_distance_sum	chr1	chr14	7435.31023	8.84568647	8.84568647	7435.31023	3726.34829	2.48608051	2.48608051	3726.34829	3708.96194	6.35960596	6.35960596	3708.96194	0	0	0	1
p9016_multiseed_best035_seed17_noise0	same_cross_distance_sum	chr1	chr15	356.166079	5215.77391	5215.77391	356.166079	171.931638	2599.44423	2599.44423	171.931638	184.234441	2616.32968	2616.32968	184.234441	1	1	1	1
p9016_multiseed_best035_seed17_noise0	same_cross_distance_sum	chr1	chr16	103.057808	4269.38894	4269.38894	103.057808	51.6910025	2167.78767	2167.78767	51.6910025	51.3668058	2101.60127	2101.60127	51.3668058	1	1	1	1
p9016_multiseed_best035_seed17_noise0	same_cross_distance_sum	chr1	chr17	16802.8833	45.7637803	45.7637803	16802.8833	7796.57504	34.6356164	34.6356164	7796.57504	9006.30827	11.1281639	11.1281639	9006.30827	0	0	0	1
p9016_multiseed_best035_seed17_noise0	same_cross_distance_sum	chr1	chr18	8312.00022	4.91214144	4.91214144	8312.00022	3886.96828	2.77451391	2.77451391	3886.96828	4425.03194	2.13762753	2.13762753	4425.03194	0	0	0	1
p9016_multiseed_best035_seed17_noise0	same_cross_distance_sum	chr1	chr19	2798.12074	14.1311464	14.1311464	2798.12074	1397.24891	4.34204036	4.34204036	1397.24891	1400.87184	9.78910601	9.78910601	1400.87184	0	0	0	1
p9016_multiseed_best035_seed17_noise0	same_cross_distance_sum	chr1	chr2	19652.6228	236.106233	236.106233	19652.6228	9287.63917	126.285208	126.285208	9287.63917	10364.9836	109.821025	109.821025	10364.9836	0	0	0	1
p9016_multiseed_best035_seed17_noise0	same_cross_distance_sum	chr1	chr3	14017.2825	0.671765213	0.671765213	14017.2825	7010.97366	0.136026916	0.136026916	7010.97366	7006.30886	0.535738297	0.535738297	7006.30886	0	0	0	1
p9016_multiseed_best035_seed17_noise0	same_cross_distance_sum	chr1	chr4	12649.6831	4.00786843	4.00786843	12649.6831	6207.47699	3.19721907	3.19721907	6207.47699	6442.20616	0.810649359	0.810649359	6442.20616	0	0	0	1
p9016_multiseed_best035_seed17_noise0	same_cross_distance_sum	chr1	chr5	129.428797	8282.82733	8282.82733	129.428797	71.167127	4113.11524	4113.11524	71.167127	58.2616699	4169.71209	4169.71209	58.2616699	1	1	1	1
p9016_multiseed_best035_seed17_noise0	same_cross_distance_sum	chr1	chr6	889.601204	10541.8797	10541.8797	889.601204	454.194319	5082.8758	5082.8758	454.194319	435.406886	5459.00388	5459.00388	435.406886	1	1	1	1
p9016_multiseed_best035_seed17_noise0	same_cross_distance_sum	chr1	chr7	93.3605648	7430.13447	7430.13447	93.3605648	54.0296376	3762.17108	3762.17108	54.0296376	39.3309272	3667.96339	3667.96339	39.3309272	1	1	1	1
p9016_multiseed_best035_seed17_noise0	same_cross_distance_sum	chr1	chr8	4945.03019	1500.61884	1500.61884	4945.03019	2640.16784	744.251152	744.251152	2640.16784	2304.86235	756.367687	756.367687	2304.86235	0	0	0	1
p9016_multiseed_best035_seed17_noise0	same_cross_distance_sum	chr1	chr9	0.015793145	16216.1106	16216.1106	0.015793145	0	7933.25154	7933.25154	0	0.015793145	8282.85901	8282.85901	0.015793145	1	1	1	1
p9016_multiseed_best035_seed17_noise0	same_cross_distance_sum	chr1	chrX	1870.92192	29431.1371	29431.1371	1870.92192	917.202373	14605.8892	14605.8892	917.202373	953.719542	14825.2479	14825.2479	953.719542	1	1	1	1
p9016_multiseed_best035_seed17_noise0	same_cross_distance_sum	chr10	chr11	1.085493	4849.74945	4849.74945	1.085493	0.410056879	2465.91206	2465.91206	0.410056879	0.675436119	2383.83739	2383.83739	0.675436119	1	1	1	1
p9016_multiseed_best035_seed17_noise0	same_cross_distance_sum	chr10	chr12	2559.54186	2179.29848	2179.29848	2559.54186	1525.90985	1170.14147	1170.14147	1525.90985	1033.63201	1009.15701	1009.15701	1033.63201	0	0	0	1
p9016_multiseed_best035_seed17_noise0	same_cross_distance_sum	chr10	chr13	5330.59441	355.468582	355.468582	5330.59441	2723.46579	200.750802	200.750802	2723.46579	2607.12862	154.71778	154.71778	2607.12862	0	0	0	1
p9016_multiseed_best035_seed17_noise0	same_cross_distance_sum	chr10	chr14	870.398567	2173.59917	2173.59917	870.398567	431.981596	1085.18146	1085.18146	431.981596	438.416971	1088.41772	1088.41772	438.416971	1	1	1	1
p9016_multiseed_best035_seed17_noise0	same_cross_distance_sum	chr10	chr15	11383.9076	32.755465	32.755465	11383.9076	5419.07928	13.1685187	13.1685187	5419.07928	5964.82834	19.5869463	19.5869463	5964.82834	0	0	0	1
p9016_multiseed_best035_seed17_noise0	same_cross_distance_sum	chr10	chr16	13.9517648	11112.2577	11112.2577	13.9517648	10.2778676	5536.37959	5536.37959	10.2778676	3.67389718	5575.87807	5575.87807	3.67389718	1	1	1	1
p9016_multiseed_best035_seed17_noise0	same_cross_distance_sum	chr10	chr17	5318.47196	564.572003	564.572003	5318.47196	2992.606	288.279681	288.279681	2992.606	2325.86597	276.292322	276.292322	2325.86597	0	0	0	1
p9016_multiseed_best035_seed17_noise0	same_cross_distance_sum	chr10	chr18	4436.66616	378.013801	378.013801	4436.66616	2437.76167	105.054222	105.054222	2437.76167	1998.90449	272.95958	272.95958	1998.90449	0	0	0	1
p9016_multiseed_best035_seed17_noise0	same_cross_distance_sum	chr10	chr19	1323.33253	460.75724	460.75724	1323.33253	625.561055	249.690296	249.690296	625.561055	697.771472	211.066943	211.066943	697.771472	0	0	0	1
p9016_multiseed_best035_seed17_noise0	same_cross_distance_sum	chr10	chrX	765.990424	2576.82622	2576.82622	765.990424	397.211075	1304.84286	1304.84286	397.211075	368.779349	1271.98336	1271.98336	368.779349	1	1	1	1
p9016_multiseed_best035_seed17_noise0	same_cross_distance_sum	chr11	chr12	42.6758051	3163.88407	3163.88407	42.6758051	21.1055694	1619.28149	1619.28149	21.1055694	21.5702356	1544.60258	1544.60258	21.5702356	1	1	1	1
p9016_multiseed_best035_seed17_noise0	same_cross_distance_sum	chr11	chr13	250.692684	12491.2585	12491.2585	250.692684	109.993501	6502.27074	6502.27074	109.993501	140.699184	5988.98773	5988.98773	140.699184	1	1	1	1
p9016_multiseed_best035_seed17_noise0	same_cross_distance_sum	chr11	chr14	6527.50389	1485.68545	1485.68545	6527.50389	2827.03581	805.052228	805.052228	2827.03581	3700.46808	680.633218	680.633218	3700.46808	0	0	0	1
p9016_multiseed_best035_seed17_noise0	same_cross_distance_sum	chr11	chr15	123.697875	3894.65329	3894.65329	123.697875	64.0798881	1871.36774	1871.36774	64.0798881	59.6179871	2023.28556	2023.28556	59.6179871	1	1	1	1
p9016_multiseed_best035_seed17_noise0	same_cross_distance_sum	chr11	chr16	3025.36329	115.761887	115.761887	3025.36329	1502.39592	58.8332164	58.8332164	1502.39592	1522.96737	56.9286711	56.9286711	1522.96737	0	0	0	1
p9016_multiseed_best035_seed17_noise0	same_cross_distance_sum	chr11	chr17	4.69509198	5677.1031	5677.1031	4.69509198	2.47152668	2849.56678	2849.56678	2.47152668	2.2235653	2827.53632	2827.53632	2.2235653	1	1	1	1
p9016_multiseed_best035_seed17_noise0	same_cross_distance_sum	chr11	chr18	1007.30603	777.414584	777.414584	1007.30603	542.480155	414.63058	414.63058	542.480155	464.825877	362.784004	362.784004	464.825877	0	0	0	1
p9016_multiseed_best035_seed17_noise0	same_cross_distance_sum	chr11	chr19	364.182433	3889.99085	3889.99085	364.182433	195.761232	1701.93507	1701.93507	195.761232	168.4212	2188.05578	2188.05578	168.4212	1	1	1	1
p9016_multiseed_best035_seed17_noise0	same_cross_distance_sum	chr11	chrX	3578.11459	9771.58049	9771.58049	3578.11459	1766.83287	5242.51453	5242.51453	1766.83287	1811.28172	4529.06596	4529.06596	1811.28172	1	1	1	1
p9016_multiseed_best035_seed17_noise0	same_cross_distance_sum	chr12	chr13	14986.6504	3247.49362	3247.49362	14986.6504	7212.3684	1468.76707	1468.76707	7212.3684	7774.28205	1778.72655	1778.72655	7774.28205	0	0	0	1
p9016_multiseed_best035_seed17_noise0	same_cross_distance_sum	chr12	chr14	2934.14996	259.911313	259.911313	2934.14996	1448.49325	139.884888	139.884888	1448.49325	1485.65671	120.026425	120.026425	1485.65671	0	0	0	1
p9016_multiseed_best035_seed17_noise0	same_cross_distance_sum	chr12	chr15	109.335159	12318.2603	12318.2603	109.335159	67.6808571	6165.50428	6165.50428	67.6808571	41.6543015	6152.75599	6152.75599	41.6543015	1	1	1	1
p9016_multiseed_best035_seed17_noise0	same_cross_distance_sum	chr12	chr16	1029.56898	192.435854	192.435854	1029.56898	522.865635	108.242699	108.242699	522.865635	506.703342	84.1931551	84.1931551	506.703342	0	0	0	1
p9016_multiseed_best035_seed17_noise0	same_cross_distance_sum	chr12	chr17	12850.663	0.233931504	0.233931504	12850.663	6852.73535	0	0	6852.73535	5997.92769	0.233931504	0.233931504	5997.92769	0	0	0	1
p9016_multiseed_best035_seed17_noise0	same_cross_distance_sum	chr12	chr18	264.757983	4315.5996	4315.5996	264.757983	114.191803	1931.62294	1931.62294	114.191803	150.566181	2383.97666	2383.97666	150.566181	1	1	1	1
p9016_multiseed_best035_seed17_noise0	same_cross_distance_sum	chr12	chr19	2705.5738	737.527557	737.527557	2705.5738	1157.27112	186.382748	186.382748	1157.27112	1548.30268	551.144809	551.144809	1548.30268	0	0	0	1
p9016_multiseed_best035_seed17_noise0	same_cross_distance_sum	chr12	chrX	1124.25814	1656.9678	1656.9678	1124.25814	589.176434	817.305015	817.305015	589.176434	535.081707	839.662781	839.662781	535.081707	1	1	1	1
p9016_multiseed_best035_seed17_noise0	same_cross_distance_sum	chr13	chr14	590.217082	4237.07212	4237.07212	590.217082	257.983465	2109.67365	2109.67365	257.983465	332.233617	2127.39847	2127.39847	332.233617	1	1	1	1
p9016_multiseed_best035_seed17_noise0	same_cross_distance_sum	chr13	chr15	2583.64208	177.881459	177.881459	2583.64208	1321.20064	86.2915992	86.2915992	1321.20064	1262.44144	91.5898599	91.5898599	1262.44144	0	0	0	1
p9016_multiseed_best035_seed17_noise0	same_cross_distance_sum	chr13	chr16	89.0924481	4156.84447	4156.84447	89.0924481	44.8092687	2158.27467	2158.27467	44.8092687	44.2831794	1998.56979	1998.56979	44.2831794	1	1	1	1
p9016_multiseed_best035_seed17_noise0	same_cross_distance_sum	chr13	chr17	11216.8686	1050.34033	1050.34033	11216.8686	5733.09289	464.156638	464.156638	5733.09289	5483.77567	586.183689	586.183689	5483.77567	0	0	0	1
p9016_multiseed_best035_seed17_noise0	same_cross_distance_sum	chr13	chr18	2128.7797	5703.4345	5703.4345	2128.7797	878.293075	2708.94878	2708.94878	878.293075	1250.48662	2994.48572	2994.48572	1250.48662	1	1	1	1
p9016_multiseed_best035_seed17_noise0	same_cross_distance_sum	chr13	chr19	1294.1957	2683.56805	2683.56805	1294.1957	664.256694	1191.77119	1191.77119	664.256694	629.93901	1491.79686	1491.79686	629.93901	1	1	1	1
p9016_multiseed_best035_seed17_noise0	same_cross_distance_sum	chr13	chrX	1714.22712	1646.36638	1646.36638	1714.22712	850.426399	901.645981	901.645981	850.426399	863.800719	744.720401	744.720401	863.800719	0	1	0	0
p9016_multiseed_best035_seed17_noise0	same_cross_distance_sum	chr14	chr15	24.1139014	3675.35296	3675.35296	24.1139014	15.8418011	1785.80205	1785.80205	15.8418011	8.27210033	1889.55091	1889.55091	8.27210033	1	1	1	1
p9016_multiseed_best035_seed17_noise0	same_cross_distance_sum	chr14	chr16	1064.62139	206.824927	206.824927	1064.62139	541.680486	103.280782	103.280782	541.680486	522.940907	103.544145	103.544145	522.940907	0	0	0	1
p9016_multiseed_best035_seed17_noise0	same_cross_distance_sum	chr14	chr17	1736.92801	197.135536	197.135536	1736.92801	865.381905	101.941219	101.941219	865.381905	871.54611	95.194317	95.194317	871.54611	0	0	0	1
p9016_multiseed_best035_seed17_noise0	same_cross_distance_sum	chr14	chr18	5376.65167	39.0325751	39.0325751	5376.65167	2788.14433	10.9714924	10.9714924	2788.14433	2588.50734	28.0610827	28.0610827	2588.50734	0	0	0	1
p9016_multiseed_best035_seed17_noise0	same_cross_distance_sum	chr14	chr19	3129.81446	55.9910259	55.9910259	3129.81446	1632.06983	23.5816059	23.5816059	1632.06983	1497.74463	32.40942	32.40942	1497.74463	0	0	0	1
p9016_multiseed_best035_seed17_noise0	same_cross_distance_sum	chr14	chrX	228.191907	3200.17993	3200.17993	228.191907	110.435549	1647.81047	1647.81047	110.435549	117.756358	1552.36946	1552.36946	117.756358	1	1	1	1
p9016_multiseed_best035_seed17_noise0	same_cross_distance_sum	chr15	chr16	0	3621.9835	3621.9835	0	0	1924.72381	1924.72381	0	0	1697.25968	1697.25968	0	1	1	1	1
p9016_multiseed_best035_seed17_noise0	same_cross_distance_sum	chr15	chr17	81.7405012	7910.03648	7910.03648	81.7405012	33.8256584	4139.0005	4139.0005	33.8256584	47.9148428	3771.03598	3771.03598	47.9148428	1	1	1	1
p9016_multiseed_best035_seed17_noise0	same_cross_distance_sum	chr15	chr18	10817.536	45.9467387	45.9467387	10817.536	5249.93554	22.641869	22.641869	5249.93554	5567.60048	23.3048697	23.3048697	5567.60048	0	0	0	1
p9016_multiseed_best035_seed17_noise0	same_cross_distance_sum	chr15	chr19	221.137185	2173.28501	2173.28501	221.137185	117.783073	1103.78526	1103.78526	117.783073	103.354111	1069.49975	1069.49975	103.354111	1	1	1	1
p9016_multiseed_best035_seed17_noise0	same_cross_distance_sum	chr15	chrX	732.686323	1225.4945	1225.4945	732.686323	379.238018	630.72224	630.72224	379.238018	353.448305	594.772265	594.772265	353.448305	1	1	1	1
p9016_multiseed_best035_seed17_noise0	same_cross_distance_sum	chr16	chr17	476.524945	610.49687	610.49687	476.524945	214.770507	333.623303	333.623303	214.770507	261.754438	276.873566	276.873566	261.754438	1	1	1	1
p9016_multiseed_best035_seed17_noise0	same_cross_distance_sum	chr16	chr18	0	15976.8176	15976.8176	0	0	7482.19016	7482.19016	0	0	8494.62748	8494.62748	0	1	1	1	1
p9016_multiseed_best035_seed17_noise0	same_cross_distance_sum	chr16	chr19	1105.61782	898.586441	898.586441	1105.61782	558.884773	443.532309	443.532309	558.884773	546.733051	455.054132	455.054132	546.733051	0	0	0	1
p9016_multiseed_best035_seed17_noise0	same_cross_distance_sum	chr16	chrX	1926.72576	335.741377	335.741377	1926.72576	996.413914	166.278484	166.278484	996.413914	930.311849	169.462894	169.462894	930.311849	0	0	0	1
p9016_multiseed_best035_seed17_noise0	same_cross_distance_sum	chr17	chr18	255.145268	628.342678	628.342678	255.145268	121.259666	315.775995	315.775995	121.259666	133.885602	312.566682	312.566682	133.885602	1	1	1	1
p9016_multiseed_best035_seed17_noise0	same_cross_distance_sum	chr17	chr19	5620.54302	118.418656	118.418656	5620.54302	2463.71965	54.8246228	54.8246228	2463.71965	3156.82337	63.5940335	63.5940335	3156.82337	0	0	0	1
p9016_multiseed_best035_seed17_noise0	same_cross_distance_sum	chr17	chrX	1357.84063	7315.7068	7315.7068	1357.84063	695.943637	3313.81031	3313.81031	695.943637	661.896997	4001.89649	4001.89649	661.896997	1	1	1	1
p9016_multiseed_best035_seed17_noise0	same_cross_distance_sum	chr18	chr19	2284.57081	46.9969504	46.9969504	2284.57081	1105.56929	21.1787857	21.1787857	1105.56929	1179.00152	25.8181647	25.8181647	1179.00152	0	0	0	1
p9016_multiseed_best035_seed17_noise0	same_cross_distance_sum	chr18	chrX	321.763611	3399.28846	3399.28846	321.763611	138.756586	1699.91059	1699.91059	138.756586	183.007025	1699.37788	1699.37788	183.007025	1	1	1	1
p9016_multiseed_best035_seed17_noise0	same_cross_distance_sum	chr19	chrX	116.662267	1061.71652	1061.71652	116.662267	50.5272647	498.691387	498.691387	50.5272647	66.1350019	563.025128	563.025128	66.1350019	1	1	1	1
p9016_multiseed_best035_seed17_noise0	same_cross_distance_sum	chr2	chr10	2502.05147	325.241738	325.241738	2502.05147	1274.60513	156.46085	156.46085	1274.60513	1227.44634	168.780888	168.780888	1227.44634	0	0	0	1
p9016_multiseed_best035_seed17_noise0	same_cross_distance_sum	chr2	chr11	8038.65941	522.934818	522.934818	8038.65941	3936.21885	249.98867	249.98867	3936.21885	4102.44056	272.946148	272.946148	4102.44056	0	0	0	1
p9016_multiseed_best035_seed17_noise0	same_cross_distance_sum	chr2	chr12	520.711333	5028.71589	5028.71589	520.711333	241.788652	2504.93948	2504.93948	241.788652	278.922681	2523.77641	2523.77641	278.922681	1	1	1	1
p9016_multiseed_best035_seed17_noise0	same_cross_distance_sum	chr2	chr13	1570.84733	5627.9043	5627.9043	1570.84733	833.262221	2804.98378	2804.98378	833.262221	737.585107	2822.92052	2822.92052	737.585107	1	1	1	1
p9016_multiseed_best035_seed17_noise0	same_cross_distance_sum	chr2	chr14	7273.2924	0.322779344	0.322779344	7273.2924	3516.1881	0.0391524015	0.0391524015	3516.1881	3757.10431	0.283626943	0.283626943	3757.10431	0	0	0	1
p9016_multiseed_best035_seed17_noise0	same_cross_distance_sum	chr2	chr15	3911.92008	141.736911	141.736911	3911.92008	1934.88845	63.2243182	63.2243182	1934.88845	1977.03163	78.5125932	78.5125932	1977.03163	0	0	0	1
p9016_multiseed_best035_seed17_noise0	same_cross_distance_sum	chr2	chr16	19.2892891	14828.0594	14828.0594	19.2892891	9.83907113	7455.10162	7455.10162	9.83907113	9.45021798	7372.95778	7372.95778	9.45021798	1	1	1	1
p9016_multiseed_best035_seed17_noise0	same_cross_distance_sum	chr2	chr17	78.3120925	5075.13879	5075.13879	78.3120925	35.3476965	2497.34835	2497.34835	35.3476965	42.9643959	2577.79044	2577.79044	42.9643959	1	1	1	1
p9016_multiseed_best035_seed17_noise0	same_cross_distance_sum	chr2	chr18	13099.1814	0	0	13099.1814	6356.37522	0	0	6356.37522	6742.80619	0	0	6742.80619	0	0	0	1
p9016_multiseed_best035_seed17_noise0	same_cross_distance_sum	chr2	chr19	1657.08503	88.0107431	88.0107431	1657.08503	865.273252	46.7778739	46.7778739	865.273252	791.811775	41.2328692	41.2328692	791.811775	0	0	0	1
p9016_multiseed_best035_seed17_noise0	same_cross_distance_sum	chr2	chr3	15364.455	192.29104	192.29104	15364.455	7096.45973	102.169515	102.169515	7096.45973	8267.99529	90.1215247	90.1215247	8267.99529	0	0	0	1
p9016_multiseed_best035_seed17_noise0	same_cross_distance_sum	chr2	chr4	15609.4171	751.594255	751.594255	15609.4171	7701.70315	363.574248	363.574248	7701.70315	7907.71397	388.020007	388.020007	7907.71397	0	0	0	1
p9016_multiseed_best035_seed17_noise0	same_cross_distance_sum	chr2	chr5	0	14619.9933	14619.9933	0	0	7390.434	7390.434	0	0	7229.55933	7229.55933	0	1	1	1	1
p9016_multiseed_best035_seed17_noise0	same_cross_distance_sum	chr2	chr6	0.157213738	27901.0541	27901.0541	0.157213738	0.134971968	14386.6362	14386.6362	0.134971968	0.0222417705	13514.4179	13514.4179	0.0222417705	1	1	1	1
p9016_multiseed_best035_seed17_noise0	same_cross_distance_sum	chr2	chr7	3210.44028	1120.51938	1120.51938	3210.44028	1514.73015	552.271039	552.271039	1514.73015	1695.71013	568.248344	568.248344	1695.71013	0	0	0	1
p9016_multiseed_best035_seed17_noise0	same_cross_distance_sum	chr2	chr8	4418.37184	2224.30237	2224.30237	4418.37184	2129.56052	1047.88885	1047.88885	2129.56052	2288.81132	1176.41351	1176.41351	2288.81132	0	0	0	1
p9016_multiseed_best035_seed17_noise0	same_cross_distance_sum	chr2	chr9	390.07977	18090.9983	18090.9983	390.07977	228.597371	9072.96561	9072.96561	228.597371	161.482399	9018.03274	9018.03274	161.482399	1	1	1	1
p9016_multiseed_best035_seed17_noise0	same_cross_distance_sum	chr2	chrX	2137.69467	14364.0275	14364.0275	2137.69467	1093.30768	7081.7795	7081.7795	1093.30768	1044.38699	7282.24798	7282.24798	1044.38699	1	1	1	1
p9016_multiseed_best035_seed17_noise0	same_cross_distance_sum	chr3	chr10	5577.86381	40.8703976	40.8703976	5577.86381	2710.43447	19.2074704	19.2074704	2710.43447	2867.42934	21.6629272	21.6629272	2867.42934	0	0	0	1
p9016_multiseed_best035_seed17_noise0	same_cross_distance_sum	chr3	chr11	517.2144	4213.60636	4213.60636	517.2144	259.407113	2113.61362	2113.61362	259.407113	257.807288	2099.99274	2099.99274	257.807288	1	1	1	1
p9016_multiseed_best035_seed17_noise0	same_cross_distance_sum	chr3	chr12	12391.5034	363.04482	363.04482	12391.5034	6253.35228	268.114393	268.114393	6253.35228	6138.15108	94.9304271	94.9304271	6138.15108	0	0	0	1
p9016_multiseed_best035_seed17_noise0	same_cross_distance_sum	chr3	chr13	4909.67474	609.667986	609.667986	4909.67474	2458.99626	313.58601	313.58601	2458.99626	2450.67848	296.081976	296.081976	2450.67848	0	0	0	1
p9016_multiseed_best035_seed17_noise0	same_cross_distance_sum	chr3	chr14	5722.42328	595.401073	595.401073	5722.42328	2824.16947	221.909256	221.909256	2824.16947	2898.25381	373.491817	373.491817	2898.25381	0	0	0	1
p9016_multiseed_best035_seed17_noise0	same_cross_distance_sum	chr3	chr15	2648.04715	1106.02004	1106.02004	2648.04715	1509.12485	529.249587	529.249587	1509.12485	1138.9223	576.770456	576.770456	1138.9223	0	0	0	1
p9016_multiseed_best035_seed17_noise0	same_cross_distance_sum	chr3	chr16	240.437877	1002.18063	1002.18063	240.437877	122.800225	496.285179	496.285179	122.800225	117.637652	505.895452	505.895452	117.637652	1	1	1	1
p9016_multiseed_best035_seed17_noise0	same_cross_distance_sum	chr3	chr17	7403.96844	62.0902041	62.0902041	7403.96844	3660.13976	42.4616469	42.4616469	3660.13976	3743.82868	19.6285572	19.6285572	3743.82868	0	0	0	1
p9016_multiseed_best035_seed17_noise0	same_cross_distance_sum	chr3	chr18	2217.3047	1362.6939	1362.6939	2217.3047	1116.17473	690.413726	690.413726	1116.17473	1101.12997	672.280174	672.280174	1101.12997	0	0	0	1
p9016_multiseed_best035_seed17_noise0	same_cross_distance_sum	chr3	chr19	2534.8534	268.540039	268.540039	2534.8534	1359.18852	166.014022	166.014022	1359.18852	1175.66487	102.526017	102.526017	1175.66487	0	0	0	1
p9016_multiseed_best035_seed17_noise0	same_cross_distance_sum	chr3	chr4	7471.65321	100.691354	100.691354	7471.65321	3705.37569	52.5876083	52.5876083	3705.37569	3766.27752	48.1037453	48.1037453	3766.27752	0	0	0	1
p9016_multiseed_best035_seed17_noise0	same_cross_distance_sum	chr3	chr5	136.087226	4620.87527	4620.87527	136.087226	66.8137195	2258.64083	2258.64083	66.8137195	69.2735062	2362.23444	2362.23444	69.2735062	1	1	1	1
p9016_multiseed_best035_seed17_noise0	same_cross_distance_sum	chr3	chr6	2493.77217	570.88185	570.88185	2493.77217	1220.51166	272.799648	272.799648	1220.51166	1273.26051	298.082202	298.082202	1273.26051	0	0	0	1
p9016_multiseed_best035_seed17_noise0	same_cross_distance_sum	chr3	chr7	1163.98513	32789.0417	32789.0417	1163.98513	616.159873	16360.7381	16360.7381	616.159873	547.825259	16428.3036	16428.3036	547.825259	1	1	1	1
p9016_multiseed_best035_seed17_noise0	same_cross_distance_sum	chr3	chr8	2852.48656	1812.16175	1812.16175	2852.48656	1283.92665	711.83795	711.83795	1283.92665	1568.55991	1100.3238	1100.3238	1568.55991	0	0	0	1
p9016_multiseed_best035_seed17_noise0	same_cross_distance_sum	chr3	chr9	2.55226491	6373.84485	6373.84485	2.55226491	1.57355858	3221.65017	3221.65017	1.57355858	0.978706333	3152.19467	3152.19467	0.978706333	1	1	1	1
p9016_multiseed_best035_seed17_noise0	same_cross_distance_sum	chr3	chrX	1039.94403	8280.82509	8280.82509	1039.94403	538.821433	4249.78058	4249.78058	538.821433	501.122597	4031.04451	4031.04451	501.122597	1	1	1	1
p9016_multiseed_best035_seed17_noise0	same_cross_distance_sum	chr4	chr10	720.588584	16288.1959	16288.1959	720.588584	426.752625	7924.29967	7924.29967	426.752625	293.835959	8363.89626	8363.89626	293.835959	1	1	1	1
p9016_multiseed_best035_seed17_noise0	same_cross_distance_sum	chr4	chr11	6448.18446	67.9843584	67.9843584	6448.18446	3291.34575	37.8720933	37.8720933	3291.34575	3156.83871	30.1122651	30.1122651	3156.83871	0	0	0	1
p9016_multiseed_best035_seed17_noise0	same_cross_distance_sum	chr4	chr12	9009.4334	188.363395	188.363395	9009.4334	4224.07558	92.0562834	92.0562834	4224.07558	4785.35782	96.3071121	96.3071121	4785.35782	0	0	0	1
p9016_multiseed_best035_seed17_noise0	same_cross_distance_sum	chr4	chr13	37.9396754	5116.12517	5116.12517	37.9396754	22.7712922	2499.58351	2499.58351	22.7712922	15.1683831	2616.54166	2616.54166	15.1683831	1	1	1	1
p9016_multiseed_best035_seed17_noise0	same_cross_distance_sum	chr4	chr14	8393.33834	1.85682473	1.85682473	8393.33834	4254.12405	1.05263843	1.05263843	4254.12405	4139.21429	0.804186297	0.804186297	4139.21429	0	0	0	1
p9016_multiseed_best035_seed17_noise0	same_cross_distance_sum	chr4	chr15	0	8594.16033	8594.16033	0	0	4341.49374	4341.49374	0	0	4252.66659	4252.66659	0	1	1	1	1
p9016_multiseed_best035_seed17_noise0	same_cross_distance_sum	chr4	chr16	5233.81138	18.0390473	18.0390473	5233.81138	2613.3762	12.3587567	12.3587567	2613.3762	2620.43518	5.68029059	5.68029059	2620.43518	0	0	0	1
p9016_multiseed_best035_seed17_noise0	same_cross_distance_sum	chr4	chr17	2876.71938	84.1603382	84.1603382	2876.71938	1402.09103	43.0968193	43.0968193	1402.09103	1474.62835	41.0635189	41.0635189	1474.62835	0	0	0	1
p9016_multiseed_best035_seed17_noise0	same_cross_distance_sum	chr4	chr18	817.465965	1039.87541	1039.87541	817.465965	378.470758	498.067624	498.067624	378.470758	438.995208	541.807783	541.807783	438.995208	1	1	1	1
p9016_multiseed_best035_seed17_noise0	same_cross_distance_sum	chr4	chr19	1865.50838	169.905683	169.905683	1865.50838	973.900511	87.0087663	87.0087663	973.900511	891.607869	82.8969164	82.8969164	891.607869	0	0	0	1
p9016_multiseed_best035_seed17_noise0	same_cross_distance_sum	chr4	chr5	13807.8684	869.735866	869.735866	13807.8684	6537.41146	441.973724	441.973724	6537.41146	7270.45691	427.762141	427.762141	7270.45691	0	0	0	1
p9016_multiseed_best035_seed17_noise0	same_cross_distance_sum	chr4	chr6	10524.4656	0.205206826	0.205206826	10524.4656	5239.7053	0	0	5239.7053	5284.76029	0.205206826	0.205206826	5284.76029	0	0	0	1
p9016_multiseed_best035_seed17_noise0	same_cross_distance_sum	chr4	chr7	892.288043	11233.6736	11233.6736	892.288043	373.174758	5605.55986	5605.55986	373.174758	519.113285	5628.11376	5628.11376	519.113285	1	1	1	1
p9016_multiseed_best035_seed17_noise0	same_cross_distance_sum	chr4	chr8	547.506546	3713.02858	3713.02858	547.506546	297.881224	1828.32022	1828.32022	297.881224	249.625322	1884.70836	1884.70836	249.625322	1	1	1	1
p9016_multiseed_best035_seed17_noise0	same_cross_distance_sum	chr4	chr9	677.227459	3272.15361	3272.15361	677.227459	330.351323	1637.26661	1637.26661	330.351323	346.876136	1634.887	1634.887	346.876136	1	1	1	1
p9016_multiseed_best035_seed17_noise0	same_cross_distance_sum	chr4	chrX	1006.23504	11328.4007	11328.4007	1006.23504	548.832392	5195.40841	5195.40841	548.832392	457.402643	6132.9923	6132.9923	457.402643	1	1	1	1
p9016_multiseed_best035_seed17_noise0	same_cross_distance_sum	chr5	chr10	1436.16622	12915.8626	12915.8626	1436.16622	615.31805	6505.65434	6505.65434	615.31805	820.848174	6410.20823	6410.20823	820.848174	1	1	1	1
p9016_multiseed_best035_seed17_noise0	same_cross_distance_sum	chr5	chr11	2748.60708	1029.52197	1029.52197	2748.60708	1434.37945	540.993248	540.993248	1434.37945	1314.22763	488.52872	488.52872	1314.22763	0	0	0	1
p9016_multiseed_best035_seed17_noise0	same_cross_distance_sum	chr5	chr12	2683.35719	579.269225	579.269225	2683.35719	1322.91025	309.951664	309.951664	1322.91025	1360.44694	269.317561	269.317561	1360.44694	0	0	0	1
p9016_multiseed_best035_seed17_noise0	same_cross_distance_sum	chr5	chr13	2041.82972	1642.02238	1642.02238	2041.82972	1050.66206	752.701732	752.701732	1050.66206	991.167662	889.320647	889.320647	991.167662	0	0	0	1
p9016_multiseed_best035_seed17_noise0	same_cross_distance_sum	chr5	chr14	1627.34023	7418.12488	7418.12488	1627.34023	798.124349	3773.79553	3773.79553	798.124349	829.215877	3644.32935	3644.32935	829.215877	1	1	1	1
p9016_multiseed_best035_seed17_noise0	same_cross_distance_sum	chr5	chr15	286.453921	6946.85998	6946.85998	286.453921	130.426064	3374.29	3374.29	130.426064	156.027857	3572.56998	3572.56998	156.027857	1	1	1	1
p9016_multiseed_best035_seed17_noise0	same_cross_distance_sum	chr5	chr16	15500.5755	69.5505223	69.5505223	15500.5755	8232.34282	36.7661339	36.7661339	8232.34282	7268.23272	32.7843884	32.7843884	7268.23272	0	0	0	1
p9016_multiseed_best035_seed17_noise0	same_cross_distance_sum	chr5	chr17	1149.20997	715.551088	715.551088	1149.20997	573.945775	336.989919	336.989919	573.945775	575.264195	378.561168	378.561168	575.264195	0	0	0	1
p9016_multiseed_best035_seed17_noise0	same_cross_distance_sum	chr5	chr18	0	17838.1866	17838.1866	0	0	8861.99155	8861.99155	0	0	8976.19507	8976.19507	0	1	1	1	1
p9016_multiseed_best035_seed17_noise0	same_cross_distance_sum	chr5	chr19	295.544626	2454.74574	2454.74574	295.544626	151.392404	1187.28922	1187.28922	151.392404	144.152223	1267.45652	1267.45652	144.152223	1	1	1	1
p9016_multiseed_best035_seed17_noise0	same_cross_distance_sum	chr5	chr6	13258.9941	125.662188	125.662188	13258.9941	6742.74821	64.8023495	64.8023495	6742.74821	6516.24587	60.8598382	60.8598382	6516.24587	0	0	0	1
p9016_multiseed_best035_seed17_noise0	same_cross_distance_sum	chr5	chr7	1751.33713	1278.93853	1278.93853	1751.33713	912.625813	642.08789	642.08789	912.625813	838.711319	636.850644	636.850644	838.711319	0	0	0	1
p9016_multiseed_best035_seed17_noise0	same_cross_distance_sum	chr5	chr8	394.180953	1921.39686	1921.39686	394.180953	170.705942	962.065178	962.065178	170.705942	223.47501	959.331683	959.331683	223.47501	1	1	1	1
p9016_multiseed_best035_seed17_noise0	same_cross_distance_sum	chr5	chr9	28654.6095	61.4708621	61.4708621	28654.6095	15336.9726	32.6358179	32.6358179	15336.9726	13317.6369	28.8350441	28.8350441	13317.6369	0	0	0	1
p9016_multiseed_best035_seed17_noise0	same_cross_distance_sum	chr5	chrX	4046.58046	466.38547	466.38547	4046.58046	2186.44019	230.953824	230.953824	2186.44019	1860.14027	235.431646	235.431646	1860.14027	0	0	0	1
p9016_multiseed_best035_seed17_noise0	same_cross_distance_sum	chr6	chr10	502.251235	10458.036	10458.036	502.251235	310.127661	5047.46182	5047.46182	310.127661	192.123574	5410.57419	5410.57419	192.123574	1	1	1	1
p9016_multiseed_best035_seed17_noise0	same_cross_distance_sum	chr6	chr11	4423.26308	340.553437	340.553437	4423.26308	2207.62655	139.455332	139.455332	2207.62655	2215.63654	201.098106	201.098106	2215.63654	0	0	0	1
p9016_multiseed_best035_seed17_noise0	same_cross_distance_sum	chr6	chr12	5476.24158	31.0178864	31.0178864	5476.24158	2699.41563	14.7994873	14.7994873	2699.41563	2776.82595	16.2183992	16.2183992	2776.82595	0	0	0	1
p9016_multiseed_best035_seed17_noise0	same_cross_distance_sum	chr6	chr13	274.687493	5720.76003	5720.76003	274.687493	127.867246	2662.51051	2662.51051	127.867246	146.820246	3058.24952	3058.24952	146.820246	1	1	1	1
p9016_multiseed_best035_seed17_noise0	same_cross_distance_sum	chr6	chr14	14277.8196	72.3297292	72.3297292	14277.8196	7320.39517	38.4472385	38.4472385	7320.39517	6957.42441	33.8824907	33.8824907	6957.42441	0	0	0	1
p9016_multiseed_best035_seed17_noise0	same_cross_distance_sum	chr6	chr15	0	10386.3996	10386.3996	0	0	5128.85832	5128.85832	0	0	5257.5413	5257.5413	0	1	1	1	1
p9016_multiseed_best035_seed17_noise0	same_cross_distance_sum	chr6	chr16	24100.5816	0	0	24100.5816	11570.3394	0	0	11570.3394	12530.2423	0	0	12530.2423	0	0	0	1
p9016_multiseed_best035_seed17_noise0	same_cross_distance_sum	chr6	chr17	3419.7082	135.537005	135.537005	3419.7082	1667.4049	71.9518342	71.9518342	1667.4049	1752.3033	63.5851705	63.5851705	1752.3033	0	0	0	1
p9016_multiseed_best035_seed17_noise0	same_cross_distance_sum	chr6	chr18	115.2683	12581.3341	12581.3341	115.2683	77.7635781	6089.4399	6089.4399	77.7635781	37.5047217	6491.89418	6491.89418	37.5047217	1	1	1	1
p9016_multiseed_best035_seed17_noise0	same_cross_distance_sum	chr6	chr19	2202.03071	1154.8016	1154.8016	2202.03071	1235.98504	590.282674	590.282674	1235.98504	966.045664	564.518921	564.518921	966.045664	0	0	0	1
p9016_multiseed_best035_seed17_noise0	same_cross_distance_sum	chr6	chr7	103.028523	4587.14978	4587.14978	103.028523	37.2730873	2315.07109	2315.07109	37.2730873	65.7554356	2272.07869	2272.07869	65.7554356	1	1	1	1
p9016_multiseed_best035_seed17_noise0	same_cross_distance_sum	chr6	chr8	505.386313	3951.70036	3951.70036	505.386313	294.735056	1986.80726	1986.80726	294.735056	210.651257	1964.8931	1964.8931	210.651257	1	1	1	1
p9016_multiseed_best035_seed17_noise0	same_cross_distance_sum	chr6	chr9	7906.06477	148.797736	148.797736	7906.06477	4130.27029	70.3438646	70.3438646	4130.27029	3775.79447	78.4538712	78.4538712	3775.79447	0	0	0	1
p9016_multiseed_best035_seed17_noise0	same_cross_distance_sum	chr6	chrX	3602.57227	517.02437	517.02437	3602.57227	1804.46173	261.816174	261.816174	1804.46173	1798.11055	255.208196	255.208196	1798.11055	0	0	0	1
p9016_multiseed_best035_seed17_noise0	same_cross_distance_sum	chr7	chr10	137.55371	3223.99873	3223.99873	137.55371	71.3206927	1605.33729	1605.33729	71.3206927	66.2330172	1618.66145	1618.66145	66.2330172	1	1	1	1
p9016_multiseed_best035_seed17_noise0	same_cross_distance_sum	chr7	chr11	5581.22449	2.47554879	2.47554879	5581.22449	2786.65238	2.03346535	2.03346535	2786.65238	2794.57212	0.442083436	0.442083436	2794.57212	0	0	0	1
p9016_multiseed_best035_seed17_noise0	same_cross_distance_sum	chr7	chr12	10.2979575	13565.2494	13565.2494	10.2979575	4.37202271	6940.82079	6940.82079	4.37202271	5.92593484	6624.42861	6624.42861	5.92593484	1	1	1	1
p9016_multiseed_best035_seed17_noise0	same_cross_distance_sum	chr7	chr13	450.006125	3725.61089	3725.61089	450.006125	233.25204	1944.04233	1944.04233	233.25204	216.754085	1781.56855	1781.56855	216.754085	1	1	1	1
p9016_multiseed_best035_seed17_noise0	same_cross_distance_sum	chr7	chr14	607.416214	6875.09419	6875.09419	607.416214	286.446002	3215.97681	3215.97681	286.446002	320.970212	3659.11738	3659.11738	320.970212	1	1	1	1
p9016_multiseed_best035_seed17_noise0	same_cross_distance_sum	chr7	chr15	3917.3282	193.987879	193.987879	3917.3282	1900.53816	109.715258	109.715258	1900.53816	2016.79005	84.2726212	84.2726212	2016.79005	0	0	0	1
p9016_multiseed_best035_seed17_noise0	same_cross_distance_sum	chr7	chr16	579.142225	437.888343	437.888343	579.142225	255.161512	239.190927	239.190927	255.161512	323.980714	198.697416	198.697416	323.980714	0	0	0	1
p9016_multiseed_best035_seed17_noise0	same_cross_distance_sum	chr7	chr17	0.332413518	6461.75825	6461.75825	0.332413518	0.00685866247	3444.52362	3444.52362	0.00685866247	0.325554855	3017.23463	3017.23463	0.325554855	1	1	1	1
p9016_multiseed_best035_seed17_noise0	same_cross_distance_sum	chr7	chr18	6796.87846	143.699236	143.699236	6796.87846	3204.99944	69.9773742	69.9773742	3204.99944	3591.87902	73.7218614	73.7218614	3591.87902	0	0	0	1
p9016_multiseed_best035_seed17_noise0	same_cross_distance_sum	chr7	chr19	189.925496	2331.06744	2331.06744	189.925496	100.825248	1177.26333	1177.26333	100.825248	89.1002484	1153.80411	1153.80411	89.1002484	1	1	1	1
p9016_multiseed_best035_seed17_noise0	same_cross_distance_sum	chr7	chr8	516.097845	3423.69269	3423.69269	516.097845	222.096467	1733.53467	1733.53467	222.096467	294.001378	1690.15802	1690.15802	294.001378	1	1	1	1
p9016_multiseed_best035_seed17_noise0	same_cross_distance_sum	chr7	chr9	4258.59702	63.6127015	63.6127015	4258.59702	2175.62086	34.1670083	34.1670083	2175.62086	2082.97616	29.4456932	29.4456932	2082.97616	0	0	0	1
p9016_multiseed_best035_seed17_noise0	same_cross_distance_sum	chr7	chrX	3510.19161	1190.00753	1190.00753	3510.19161	1735.50884	584.326287	584.326287	1735.50884	1774.68278	605.68124	605.68124	1774.68278	0	0	0	1
p9016_multiseed_best035_seed17_noise0	same_cross_distance_sum	chr8	chr10	2519.41103	405.708626	405.708626	2519.41103	1228.43257	202.217581	202.217581	1228.43257	1290.97846	203.491045	203.491045	1290.97846	0	0	0	1
p9016_multiseed_best035_seed17_noise0	same_cross_distance_sum	chr8	chr11	6662.37354	35473.7358	35473.7358	6662.37354	3968.82273	17781.6906	17781.6906	3968.82273	2693.55081	17692.0451	17692.0451	2693.55081	1	1	1	1
p9016_multiseed_best035_seed17_noise0	same_cross_distance_sum	chr8	chr12	2036.02756	231.31597	231.31597	2036.02756	1021.37383	106.930186	106.930186	1021.37383	1014.65373	124.385784	124.385784	1014.65373	0	0	0	1
p9016_multiseed_best035_seed17_noise0	same_cross_distance_sum	chr8	chr13	5158.8894	532.026256	532.026256	5158.8894	2595.23178	251.018408	251.018408	2595.23178	2563.65763	281.007848	281.007848	2563.65763	0	0	0	1
p9016_multiseed_best035_seed17_noise0	same_cross_distance_sum	chr8	chr14	2611.0827	3607.32998	3607.32998	2611.0827	1311.73746	1646.38663	1646.38663	1311.73746	1299.34524	1960.94335	1960.94335	1299.34524	1	1	1	1
p9016_multiseed_best035_seed17_noise0	same_cross_distance_sum	chr8	chr15	4592.6997	1034.3664	1034.3664	4592.6997	2420.87828	488.414067	488.414067	2420.87828	2171.82143	545.952331	545.952331	2171.82143	0	0	0	1
p9016_multiseed_best035_seed17_noise0	same_cross_distance_sum	chr8	chr16	252.513177	2170.12363	2170.12363	252.513177	131.20878	1122.98025	1122.98025	131.20878	121.304397	1047.14339	1047.14339	121.304397	1	1	1	1
p9016_multiseed_best035_seed17_noise0	same_cross_distance_sum	chr8	chr17	3351.41778	238.559135	238.559135	3351.41778	1627.21552	130.713639	130.713639	1627.21552	1724.20227	107.845496	107.845496	1724.20227	0	0	0	1
p9016_multiseed_best035_seed17_noise0	same_cross_distance_sum	chr8	chr18	1239.83029	266.316386	266.316386	1239.83029	648.073239	119.5952	119.5952	648.073239	591.757046	146.721186	146.721186	591.757046	0	0	0	1
p9016_multiseed_best035_seed17_noise0	same_cross_distance_sum	chr8	chr19	1952.09455	428.926533	428.926533	1952.09455	1080.53384	252.086927	252.086927	1080.53384	871.560707	176.839607	176.839607	871.560707	0	0	0	1
p9016_multiseed_best035_seed17_noise0	same_cross_distance_sum	chr8	chr9	281.713119	1499.33547	1499.33547	281.713119	140.147559	744.129349	744.129349	140.147559	141.56556	755.206122	755.206122	141.56556	1	1	1	1
p9016_multiseed_best035_seed17_noise0	same_cross_distance_sum	chr8	chrX	1929.71294	1697.43759	1697.43759	1929.71294	970.400985	866.84973	866.84973	970.400985	959.311954	830.587861	830.587861	959.311954	0	0	0	1
p9016_multiseed_best035_seed17_noise0	same_cross_distance_sum	chr9	chr10	132.247473	4315.78218	4315.78218	132.247473	64.340666	2183.05011	2183.05011	64.340666	67.9068067	2132.73208	2132.73208	67.9068067	1	1	1	1
p9016_multiseed_best035_seed17_noise0	same_cross_distance_sum	chr9	chr11	3114.08593	328.899027	328.899027	3114.08593	1555.38768	162.749026	162.749026	1555.38768	1558.69825	166.15	166.15	1558.69825	0	0	0	1
p9016_multiseed_best035_seed17_noise0	same_cross_distance_sum	chr9	chr12	701.537145	2539.12607	2539.12607	701.537145	350.724446	1257.49585	1257.49585	350.724446	350.812698	1281.63022	1281.63022	350.812698	1	1	1	1
p9016_multiseed_best035_seed17_noise0	same_cross_distance_sum	chr9	chr13	1237.41673	1026.26988	1026.26988	1237.41673	593.179513	512.1566	512.1566	593.179513	644.237221	514.113277	514.113277	644.237221	0	0	0	1
p9016_multiseed_best035_seed17_noise0	same_cross_distance_sum	chr9	chr14	81.1561693	3495.2525	3495.2525	81.1561693	38.6228106	1746.30412	1746.30412	38.6228106	42.5333588	1748.94838	1748.94838	42.5333588	1	1	1	1
p9016_multiseed_best035_seed17_noise0	same_cross_distance_sum	chr9	chr15	443.669331	1896.34569	1896.34569	443.669331	217.948577	980.255634	980.255634	217.948577	225.720754	916.090054	916.090054	225.720754	1	1	1	1
p9016_multiseed_best035_seed17_noise0	same_cross_distance_sum	chr9	chr16	8024.67005	63.7141312	63.7141312	8024.67005	3916.6524	35.7663115	35.7663115	3916.6524	4108.01765	27.9478197	27.9478197	4108.01765	0	0	0	1
p9016_multiseed_best035_seed17_noise0	same_cross_distance_sum	chr9	chr17	124.269477	7659.57171	7659.57171	124.269477	75.5888356	4065.96569	4065.96569	75.5888356	48.6806411	3593.60603	3593.60603	48.6806411	1	1	1	1
p9016_multiseed_best035_seed17_noise0	same_cross_distance_sum	chr9	chr18	0	5746.14763	5746.14763	0	0	2763.0477	2763.0477	0	0	2983.09993	2983.09993	0	1	1	1	1
p9016_multiseed_best035_seed17_noise0	same_cross_distance_sum	chr9	chr19	26.212505	1708.71166	1708.71166	26.212505	14.4488191	813.16286	813.16286	14.4488191	11.7636859	895.5488	895.5488	11.7636859	1	1	1	1
p9016_multiseed_best035_seed17_noise0	same_cross_distance_sum	chr9	chrX	4966.20838	1632.72403	1632.72403	4966.20838	2560.24014	983.689962	983.689962	2560.24014	2405.96824	649.034067	649.034067	2405.96824	0	0	0	1
