condition_id	diagram	grid_stage	generator_family	configuration	n_replicates	contacts_per_cell	homolog_separation	trans_fraction	background_fraction	anchor_fraction	readchain_length	molecule_count	truth_used_in_inference	likelihood_match_status	exact_top1_accuracy_mean	exact_top1_accuracy_sd	exact_top1_accuracy_n_finite_replicates	same_cross_accuracy_mean	same_cross_accuracy_sd	same_cross_accuracy_n_finite_replicates	exact_log_loss_mean	exact_log_loss_sd	exact_log_loss_n_finite_replicates	same_cross_log_loss_mean	same_cross_log_loss_sd	same_cross_log_loss_n_finite_replicates	exact_ece_mean	exact_ece_sd	exact_ece_n_finite_replicates	same_cross_ece_mean	same_cross_ece_sd	same_cross_ece_n_finite_replicates	unordered_structure_rmsd_mean	unordered_structure_rmsd_sd	unordered_structure_rmsd_n_finite_replicates	geometry_gauge_aligned_exact_top1_accuracy_mean	geometry_gauge_aligned_exact_top1_accuracy_sd	geometry_gauge_aligned_exact_top1_accuracy_n_finite_replicates	geometry_gauge_aligned_same_cross_accuracy_mean	geometry_gauge_aligned_same_cross_accuracy_sd	geometry_gauge_aligned_same_cross_accuracy_n_finite_replicates	geometry_gauge_aligned_exact_log_loss_mean	geometry_gauge_aligned_exact_log_loss_sd	geometry_gauge_aligned_exact_log_loss_n_finite_replicates	geometry_gauge_aligned_same_cross_log_loss_mean	geometry_gauge_aligned_same_cross_log_loss_sd	geometry_gauge_aligned_same_cross_log_loss_n_finite_replicates	geometry_gauge_aligned_exact_ece_mean	geometry_gauge_aligned_exact_ece_sd	geometry_gauge_aligned_exact_ece_n_finite_replicates	geometry_gauge_aligned_same_cross_ece_mean	geometry_gauge_aligned_same_cross_ece_sd	geometry_gauge_aligned_same_cross_ece_n_finite_replicates	unordered_structure_distance_spearman_mean	unordered_structure_distance_spearman_sd	unordered_structure_distance_spearman_n_finite_replicates	globally_aligned_structure_rmsd_mean	globally_aligned_structure_rmsd_sd	globally_aligned_structure_rmsd_n_finite_replicates	gauge_recovery_mean	gauge_recovery_sd	gauge_recovery_n_finite_replicates	relative_gauge_recovery_mean	relative_gauge_recovery_sd	relative_gauge_recovery_n_finite_replicates	mean_homolog_separation_spearman_mean	mean_homolog_separation_spearman_sd	mean_homolog_separation_spearman_n_finite_replicates	cis_exact_top1_accuracy_mean	cis_exact_top1_accuracy_sd	cis_exact_top1_accuracy_n_finite_replicates	cis_same_cross_accuracy_mean	cis_same_cross_accuracy_sd	cis_same_cross_accuracy_n_finite_replicates	trans_exact_top1_accuracy_mean	trans_exact_top1_accuracy_sd	trans_exact_top1_accuracy_n_finite_replicates	trans_same_cross_accuracy_mean	trans_same_cross_accuracy_sd	trans_same_cross_accuracy_n_finite_replicates	geometry_gauge_aligned_cis_exact_top1_accuracy_mean	geometry_gauge_aligned_cis_exact_top1_accuracy_sd	geometry_gauge_aligned_cis_exact_top1_accuracy_n_finite_replicates	geometry_gauge_aligned_cis_same_cross_accuracy_mean	geometry_gauge_aligned_cis_same_cross_accuracy_sd	geometry_gauge_aligned_cis_same_cross_accuracy_n_finite_replicates	geometry_gauge_aligned_trans_exact_top1_accuracy_mean	geometry_gauge_aligned_trans_exact_top1_accuracy_sd	geometry_gauge_aligned_trans_exact_top1_accuracy_n_finite_replicates	geometry_gauge_aligned_trans_same_cross_accuracy_mean	geometry_gauge_aligned_trans_same_cross_accuracy_sd	geometry_gauge_aligned_trans_same_cross_accuracy_n_finite_replicates	runtime_seconds_mean	runtime_seconds_sd	runtime_seconds_n_finite_replicates	converged_mean	converged_sd	converged_n_finite_replicates	failure_mean	failure_sd	failure_n_finite_replicates	actual_anchor_fraction_mean	actual_anchor_fraction_sd	actual_anchor_fraction_n_finite_replicates	n_anchor_contacts_mean	n_anchor_contacts_sd	n_anchor_contacts_n_finite_replicates	background_accuracy_mean	background_accuracy_sd	background_accuracy_n_finite_replicates	background_log_loss_mean	background_log_loss_sd	background_log_loss_n_finite_replicates	background_brier_mean	background_brier_sd	background_brier_n_finite_replicates	background_ece_mean	background_ece_sd	background_ece_n_finite_replicates	exact_coverage_at_precision_0.55_mean	exact_coverage_at_precision_0.55_sd	exact_coverage_at_precision_0.55_n_finite_replicates	exact_coverage_at_precision_0.70_mean	exact_coverage_at_precision_0.70_sd	exact_coverage_at_precision_0.70_n_finite_replicates	exact_coverage_at_precision_0.90_mean	exact_coverage_at_precision_0.90_sd	exact_coverage_at_precision_0.90_n_finite_replicates	same_cross_coverage_at_precision_0.70_mean	same_cross_coverage_at_precision_0.70_sd	same_cross_coverage_at_precision_0.70_n_finite_replicates	same_cross_coverage_at_precision_0.90_mean	same_cross_coverage_at_precision_0.90_sd	same_cross_coverage_at_precision_0.90_n_finite_replicates	geometry_gauge_aligned_exact_coverage_at_precision_0.55_mean	geometry_gauge_aligned_exact_coverage_at_precision_0.55_sd	geometry_gauge_aligned_exact_coverage_at_precision_0.55_n_finite_replicates	geometry_gauge_aligned_exact_coverage_at_precision_0.70_mean	geometry_gauge_aligned_exact_coverage_at_precision_0.70_sd	geometry_gauge_aligned_exact_coverage_at_precision_0.70_n_finite_replicates	geometry_gauge_aligned_exact_coverage_at_precision_0.90_mean	geometry_gauge_aligned_exact_coverage_at_precision_0.90_sd	geometry_gauge_aligned_exact_coverage_at_precision_0.90_n_finite_replicates	geometry_gauge_aligned_same_cross_coverage_at_precision_0.70_mean	geometry_gauge_aligned_same_cross_coverage_at_precision_0.70_sd	geometry_gauge_aligned_same_cross_coverage_at_precision_0.70_n_finite_replicates	geometry_gauge_aligned_same_cross_coverage_at_precision_0.90_mean	geometry_gauge_aligned_same_cross_coverage_at_precision_0.90_sd	geometry_gauge_aligned_same_cross_coverage_at_precision_0.90_n_finite_replicates	exact_signal_aware_coverage_at_precision_0.55_mean	exact_signal_aware_coverage_at_precision_0.55_sd	exact_signal_aware_coverage_at_precision_0.55_n_finite_replicates	exact_signal_aware_coverage_at_precision_0.70_mean	exact_signal_aware_coverage_at_precision_0.70_sd	exact_signal_aware_coverage_at_precision_0.70_n_finite_replicates	exact_signal_aware_coverage_at_precision_0.90_mean	exact_signal_aware_coverage_at_precision_0.90_sd	exact_signal_aware_coverage_at_precision_0.90_n_finite_replicates	same_cross_signal_aware_coverage_at_precision_0.70_mean	same_cross_signal_aware_coverage_at_precision_0.70_sd	same_cross_signal_aware_coverage_at_precision_0.70_n_finite_replicates	same_cross_signal_aware_coverage_at_precision_0.90_mean	same_cross_signal_aware_coverage_at_precision_0.90_sd	same_cross_signal_aware_coverage_at_precision_0.90_n_finite_replicates	fitted_signal_fraction_mean	fitted_signal_fraction_sd	fitted_signal_fraction_n_finite_replicates
anchor_fraction_x_contacts__model_mismatched__d10000__sep1__cis0.65__bg0.05__a0.001__r2__m0	anchor_fraction_x_contacts	coarse	model_mismatched	ORACLE_coordinates_generator_conditional	3	10000	1.0	0.35	0.05	0.001	2	0	ORACLE_COORDINATES_AND_GENERATOR	ORACLE_GENERATOR_CONDITIONAL	0.34863786418958903	0.020396267972991915	3	0.6044197317818555	0.008080383528330258	3	1.2550234871654464	0.028681970330378767	3	0.6481296303614233	0.009034298888784443	3	0.009049158504919943	0.003129477323296144	3	0.0074253977413855045	0.0026008822259476335	3	0.0	0.0	3	0.34863786418958903	0.020396267972991915	3	0.6044197317818555	0.008080383528330258	3	1.2550234871654464	0.028681970330378767	3	0.6481296303614233	0.009034298888784443	3	0.009049158504919943	0.003129477323296144	3	0.0074253977413855045	0.0026008822259476335	3	1.0	0.0	3	0.0	0.0	3	1.0	0.0	3	1.0	0.0	3	1.0	0.0	3	0.40268982723644337	0.03636558645965529	3	0.6622605585609435	0.01340235931795535	3	0.24903943389581892	0.009876900868228518	3	0.4976863603937254	0.012449537224506538	3	0.40268982723644337	0.03636558645965529	3	0.6622605585609435	0.01340235931795535	3	0.24903943389581892	0.009876900868228518	3	0.4976863603937254	0.012449537224506538	3	0.0	0.0	3	1.0	0.0	3	0.0	0.0	3	0.001	0.0	3	10.0	0.0	3	nan	nan	0	nan	nan	0	nan	nan	0	nan	nan	0	0.16916187690867035	0.09226929720834086	3	0.08517823132223595	0.049519519088248	3	0.001402770471681571	0.00242966972830984	3	0.4209768089185841	0.13162667881421705	3	0.001402770471681571	0.00242966972830984	3	0.16916187690867035	0.09226929720834086	3	0.08517823132223595	0.049519519088248	3	0.001402770471681571	0.00242966972830984	3	0.4209768089185841	0.13162667881421705	3	0.001402770471681571	0.00242966972830984	3	0.16916187690867035	0.09226929720834086	3	0.08517823132223595	0.049519519088248	3	0.001402770471681571	0.00242966972830984	3	0.4209768089185841	0.13162667881421705	3	0.001402770471681571	0.00242966972830984	3	nan	nan	0
anchor_fraction_x_contacts__model_mismatched__d10000__sep1__cis0.65__bg0.05__a0.001__r2__m0	anchor_fraction_x_contacts	coarse	model_mismatched	ORACLE_coordinates_inference_monotone_log	3	10000	1.0	0.35	0.05	0.001	2	0	ORACLE_COORDINATES	MISMATCHED_INFERENCE_SCORE_OR_MOLECULE_COMPOSITE	0.34860296252853	0.02106245236123479	3	0.5775091612253075	0.01995440454525719	3	1.3059113734151209	0.014058152014777007	3	0.6852839219771375	0.01585209155224096	3	0.04560772803293911	0.010237298559312307	3	0.035284771861514276	0.003672977974775244	3	0.0	0.0	3	0.34860296252853	0.02106245236123479	3	0.5775091612253075	0.01995440454525719	3	1.3059113734151209	0.014058152014777007	3	0.6852839219771375	0.01585209155224096	3	0.04560772803293911	0.010237298559312307	3	0.035284771861514276	0.003672977974775244	3	1.0	0.0	3	0.0	0.0	3	1.0	0.0	3	1.0	0.0	3	1.0	0.0	3	0.40268982723644337	0.03636558645965529	3	0.6171823208103828	0.029156244193960394	3	0.24893295327093912	0.008671706397159936	3	0.5042104427773797	0.00278967882943385	3	0.40268982723644337	0.03636558645965529	3	0.6171823208103828	0.029156244193960394	3	0.24893295327093912	0.008671706397159936	3	0.5042104427773797	0.00278967882943385	3	0.0	0.0	3	1.0	0.0	3	0.0	0.0	3	0.001	0.0	3	10.0	0.0	3	nan	nan	0	nan	nan	0	nan	nan	0	nan	nan	0	0.06785689133037538	0.11753158342789022	3	0.0	0.0	3	0.0	0.0	3	0.05363297460786382	0.09289503698187164	3	0.0	0.0	3	0.06785689133037538	0.11753158342789022	3	0.0	0.0	3	0.0	0.0	3	0.05363297460786382	0.09289503698187164	3	0.0	0.0	3	0.06785689133037538	0.11753158342789022	3	0.0	0.0	3	0.0	0.0	3	0.05363297460786382	0.09289503698187164	3	0.0	0.0	3	nan	nan	0
anchor_fraction_x_contacts__model_mismatched__d10000__sep1__cis0.65__bg0.05__a0.001__r2__m0	anchor_fraction_x_contacts	coarse	model_mismatched	ORACLE_external_phase_anchors_monotone_log_midpoint_delta_pairwise	3	10000	1.0	0.35	0.05	0.001	2	0	ORACLE_EXTERNAL_PHASE_ANCHORS	MISMATCHED_OR_MOLECULE_COMPOSITE	0.23661037602636034	0.018187589938475364	3	0.4766110780519514	0.019079428577403214	3	2.019444093103223	0.15590881974320842	3	0.9400911830393719	0.12084437545733757	3	0.3549591516416332	0.02569550967968957	3	0.21565246625405612	0.04389641082853304	3	1.1902056746198564	0.12908717209660397	3	0.26234605243890535	0.01607227591572718	3	0.4762593864151785	0.019650402667726153	3	1.8989445227123227	0.15796178658148444	3	0.9400971850978106	0.12085475108672354	3	0.3302537274753162	0.03670427642826011	3	0.21600415789082902	0.04448526567677367	3	0.8567636854400885	0.045230912073137945	3	4.744525586832527	1.6223795426813918	3	0.8888888888888888	0.1924500897298753	3	0.8333333333333334	0.28867513459481287	3	-0.12323232323232321	0.15527982909556065	3	0.22900410170907995	0.030941477437794254	3	0.46372792458299683	0.031931094802575326	3	0.2506805845907942	0.00658022834505116	3	0.5004966285984788	0.0069937513051353765	3	0.2693606615739232	0.0248644957016073	3	0.46372792458299683	0.031931094802575326	3	0.24948529271536857	0.006298154762214078	3	0.499488055729089	0.006552759292714825	3	1.2937458149778347	0.03995174386560318	3	1.0	0.0	3	0.0	0.0	3	0.001	0.0	3	10.0	0.0	3	0.9357691024357692	0.010361367760055128	3	0.20494462133131205	0.03084402569690482	3	0.05433821468619229	0.010644662195397893	3	0.042301985175671915	0.015090593061954849	3	0.0	0.0	3	0.0	0.0	3	0.0	0.0	3	0.0	0.0	3	0.0	0.0	3	0.0	0.0	3	0.0	0.0	3	0.0	0.0	3	0.0	0.0	3	0.0	0.0	3	0.0	0.0	3	0.0	0.0	3	0.0	0.0	3	0.0	0.0	3	0.0	0.0	3	0.8840106126351143	0.037862915348647545	3
anchor_fraction_x_contacts__model_mismatched__d10000__sep1__cis0.65__bg0.05__a0.005__r2__m0	anchor_fraction_x_contacts	coarse	model_mismatched	ORACLE_coordinates_generator_conditional	3	10000	1.0	0.35	0.05	0.005	2	0	ORACLE_COORDINATES_AND_GENERATOR	ORACLE_GENERATOR_CONDITIONAL	0.34842051271012253	0.02031373828615831	3	0.6044737364157179	0.007995351655140663	3	1.2549086227634303	0.028546313715866453	3	0.6480263936666532	0.00909051038051382	3	0.00882245288788593	0.003227137728517026	3	0.007479152846607935	0.0026567606083154035	3	0.0	0.0	3	0.34842051271012253	0.02031373828615831	3	0.6044737364157179	0.007995351655140663	3	1.2549086227634303	0.028546313715866453	3	0.6480263936666532	0.00909051038051382	3	0.00882245288788593	0.003227137728517026	3	0.007479152846607935	0.0026567606083154035	3	1.0	0.0	3	0.0	0.0	3	1.0	0.0	3	1.0	0.0	3	1.0	0.0	3	0.40236139200648396	0.03586536527974482	3	0.6626056892295135	0.013380654028813522	3	0.24887924181363394	0.009263819594261242	3	0.497063897993006	0.012560468468563598	3	0.40236139200648396	0.03586536527974482	3	0.6626056892295135	0.013380654028813522	3	0.24887924181363394	0.009263819594261242	3	0.497063897993006	0.012560468468563598	3	0.0	0.0	3	1.0	0.0	3	0.0	0.0	3	0.005	0.0	3	50.0	0.0	3	nan	nan	0	nan	nan	0	nan	nan	0	nan	nan	0	0.16931415836100414	0.09227464315236543	3	0.08522139214405787	0.04945214617527524	3	0.001408698714562423	0.002439937746179084	3	0.42110093111148567	0.13150855939955203	3	0.001408698714562423	0.002439937746179084	3	0.16931415836100414	0.09227464315236543	3	0.08522139214405787	0.04945214617527524	3	0.001408698714562423	0.002439937746179084	3	0.42110093111148567	0.13150855939955203	3	0.001408698714562423	0.002439937746179084	3	0.16931415836100414	0.09227464315236543	3	0.08522139214405787	0.04945214617527524	3	0.001408698714562423	0.002439937746179084	3	0.42110093111148567	0.13150855939955203	3	0.001408698714562423	0.002439937746179084	3	nan	nan	0
anchor_fraction_x_contacts__model_mismatched__d10000__sep1__cis0.65__bg0.05__a0.005__r2__m0	anchor_fraction_x_contacts	coarse	model_mismatched	ORACLE_coordinates_inference_monotone_log	3	10000	1.0	0.35	0.05	0.005	2	0	ORACLE_COORDINATES	MISMATCHED_INFERENCE_SCORE_OR_MOLECULE_COMPOSITE	0.34842069256100544	0.02072811464822331	3	0.5779793697537056	0.020317530254434956	3	1.305972912451473	0.013961529027794035	3	0.6852550185001466	0.015958331701449238	3	0.0453969936437417	0.010138347622588747	3	0.03576215785772699	0.00397135933042476	3	0.0	0.0	3	0.34842069256100544	0.02072811464822331	3	0.5779793697537056	0.020317530254434956	3	1.305972912451473	0.013961529027794035	3	0.6852550185001466	0.015958331701449238	3	0.0453969936437417	0.010138347622588747	3	0.03576215785772699	0.00397135933042476	3	1.0	0.0	3	0.0	0.0	3	1.0	0.0	3	1.0	0.0	3	1.0	0.0	3	0.40236139200648396	0.03586536527974482	3	0.6174651257002107	0.02952200564806985	3	0.24887606419579625	0.008450940869386187	3	0.5049378961593661	0.003322260605245141	3	0.40236139200648396	0.03586536527974482	3	0.6174651257002107	0.02952200564806985	3	0.24887606419579625	0.008450940869386187	3	0.5049378961593661	0.003322260605245141	3	0.0	0.0	3	1.0	0.0	3	0.0	0.0	3	0.005	0.0	3	50.0	0.0	3	nan	nan	0	nan	nan	0	nan	nan	0	nan	nan	0	0.06810948440483768	0.11796908746649896	3	0.0	0.0	3	0.0	0.0	3	0.053683690047326406	0.09298287869974901	3	0.0	0.0	3	0.06810948440483768	0.11796908746649896	3	0.0	0.0	3	0.0	0.0	3	0.053683690047326406	0.09298287869974901	3	0.0	0.0	3	0.06810948440483768	0.11796908746649896	3	0.0	0.0	3	0.0	0.0	3	0.053683690047326406	0.09298287869974901	3	0.0	0.0	3	nan	nan	0
anchor_fraction_x_contacts__model_mismatched__d10000__sep1__cis0.65__bg0.05__a0.005__r2__m0	anchor_fraction_x_contacts	coarse	model_mismatched	ORACLE_external_phase_anchors_monotone_log_midpoint_delta_pairwise	3	10000	1.0	0.35	0.05	0.005	2	0	ORACLE_EXTERNAL_PHASE_ANCHORS	MISMATCHED_OR_MOLECULE_COMPOSITE	0.2554355443177855	0.03132739633752576	3	0.4829268089470407	0.021926151597682037	3	1.928209927336513	0.24777928588323284	3	0.9165151120121969	0.1289312350069307	3	0.32768518869851077	0.057778419583980854	3	0.20255435471269811	0.04649189155133453	3	1.182605583672494	0.13325076771725797	3	0.258109900168917	0.0005543561558076259	3	0.4809185065353383	0.021237253609582642	3	1.894885118279577	0.14152466461829627	3	0.9166316459527644	0.12878812002319015	3	0.32501083284737925	0.027595187565733814	3	0.2045626571244006	0.04550223779782636	3	0.8518969519979901	0.04577724489850795	3	4.7414882526605675	1.622366476940532	3	0.7777777777777777	0.1924500897298753	3	0.6666666666666666	0.28867513459481287	3	-0.13804713804713806	0.07332340788587852	3	0.2567639435609101	0.045183671145505484	3	0.47338255518063993	0.03417032465050034	3	0.2531708614367015	0.013590158398994278	3	0.5006852059343604	0.006768453661370834	3	0.26333179439360876	0.0062565111949452745	3	0.47338255518063993	0.03417032465050034	3	0.24852935024306702	0.010012438889174462	3	0.49499152278140546	0.00305036040558631	3	1.2841613253888984	0.043664721900825355	3	1.0	0.0	3	0.0	0.0	3	0.005	0.0	3	50.0	0.0	3	0.9368174204355109	0.010875808399217474	3	0.19785843550093396	0.028251408996704985	3	0.052034207579933746	0.009676341130711356	3	0.03819650870997996	0.017547531262873187	3	0.0	0.0	3	0.0	0.0	3	0.0	0.0	3	0.0	0.0	3	0.0	0.0	3	0.0	0.0	3	0.0	0.0	3	0.0	0.0	3	0.0	0.0	3	0.0	0.0	3	0.0	0.0	3	0.0	0.0	3	0.0	0.0	3	0.0	0.0	3	0.0	0.0	3	0.8942937857603975	0.037920951162981734	3
anchor_fraction_x_contacts__model_mismatched__d10000__sep1__cis0.65__bg0.05__a0.01__r2__m0	anchor_fraction_x_contacts	coarse	model_mismatched	ORACLE_coordinates_generator_conditional	3	10000	1.0	0.35	0.05	0.01	2	0	ORACLE_COORDINATES_AND_GENERATOR	ORACLE_GENERATOR_CONDITIONAL	0.348394852806059	0.020490369106239033	3	0.604816760492899	0.007835214470174608	3	1.25500963038453	0.028827701532638656	3	0.6479120351968249	0.009083866941072292	3	0.008919409512100851	0.003400693123599405	3	0.007796133639951501	0.0028586427197204865	3	0.0	0.0	3	0.348394852806059	0.020490369106239033	3	0.604816760492899	0.007835214470174608	3	1.25500963038453	0.028827701532638656	3	0.6479120351968249	0.009083866941072292	3	0.008919409512100851	0.003400693123599405	3	0.007796133639951501	0.0028586427197204865	3	1.0	0.0	3	0.0	0.0	3	1.0	0.0	3	1.0	0.0	3	1.0	0.0	3	0.4023416886226998	0.036063807165887134	3	0.6631254924785807	0.01317683989653196	3	0.24904795697751334	0.009097523398075914	3	0.4972999873920571	0.01309127330027189	3	0.4023416886226998	0.036063807165887134	3	0.6631254924785807	0.01317683989653196	3	0.24904795697751334	0.009097523398075914	3	0.4972999873920571	0.01309127330027189	3	0.0	0.0	3	1.0	0.0	3	0.0	0.0	3	0.01	0.0	3	100.0	0.0	3	nan	nan	0	nan	nan	0	nan	nan	0	nan	nan	0	0.16398178338811106	0.09093049316182128	3	0.08524909502134	0.049401392593581665	3	0.0014161798548415648	0.002452895461241108	3	0.4208223759081138	0.13110146340941004	3	0.0014161798548415648	0.002452895461241108	3	0.16398178338811106	0.09093049316182128	3	0.08524909502134	0.049401392593581665	3	0.0014161798548415648	0.002452895461241108	3	0.4208223759081138	0.13110146340941004	3	0.0014161798548415648	0.002452895461241108	3	0.16398178338811106	0.09093049316182128	3	0.08524909502134	0.049401392593581665	3	0.0014161798548415648	0.002452895461241108	3	0.4208223759081138	0.13110146340941004	3	0.0014161798548415648	0.002452895461241108	3	nan	nan	0
anchor_fraction_x_contacts__model_mismatched__d10000__sep1__cis0.65__bg0.05__a0.01__r2__m0	anchor_fraction_x_contacts	coarse	model_mismatched	ORACLE_coordinates_inference_monotone_log	3	10000	1.0	0.35	0.05	0.01	2	0	ORACLE_COORDINATES	MISMATCHED_INFERENCE_SCORE_OR_MOLECULE_COMPOSITE	0.3482883338456841	0.020625091534062567	3	0.5783586138575244	0.01999826529943183	3	1.3061102195232837	0.014065280707459115	3	0.685209440438891	0.015773875055525643	3	0.04572999068254246	0.010333630808592653	3	0.03620018249084313	0.004046454723201169	3	0.0	0.0	3	0.3482883338456841	0.020625091534062567	3	0.5783586138575244	0.01999826529943183	3	1.3061102195232837	0.014065280707459115	3	0.685209440438891	0.015773875055525643	3	0.04572999068254246	0.010333630808592653	3	0.03620018249084313	0.004046454723201169	3	1.0	0.0	3	0.0	0.0	3	1.0	0.0	3	1.0	0.0	3	1.0	0.0	3	0.4023416886226998	0.036063807165887134	3	0.6179803287022422	0.029042248902187227	3	0.24874261346606294	0.008983545490791377	3	0.5052105896254048	0.002975762010218408	3	0.4023416886226998	0.036063807165887134	3	0.6179803287022422	0.029042248902187227	3	0.24874261346606294	0.008983545490791377	3	0.5052105896254048	0.002975762010218408	3	0.0	0.0	3	1.0	0.0	3	0.0	0.0	3	0.01	0.0	3	100.0	0.0	3	nan	nan	0	nan	nan	0	nan	nan	0	nan	nan	0	0.06808162684869169	0.11792083676387942	3	0.0	0.0	3	0.0	0.0	3	0.05354353074847323	0.09274011567298206	3	0.0	0.0	3	0.06808162684869169	0.11792083676387942	3	0.0	0.0	3	0.0	0.0	3	0.05354353074847323	0.09274011567298206	3	0.0	0.0	3	0.06808162684869169	0.11792083676387942	3	0.0	0.0	3	0.0	0.0	3	0.05354353074847323	0.09274011567298206	3	0.0	0.0	3	nan	nan	0
anchor_fraction_x_contacts__model_mismatched__d10000__sep1__cis0.65__bg0.05__a0.01__r2__m0	anchor_fraction_x_contacts	coarse	model_mismatched	ORACLE_external_phase_anchors_monotone_log_midpoint_delta_pairwise	3	10000	1.0	0.35	0.05	0.01	2	0	ORACLE_EXTERNAL_PHASE_ANCHORS	MISMATCHED_OR_MOLECULE_COMPOSITE	0.26543645821124473	0.01864246046998318	3	0.48216608239975267	0.018560879882323387	3	1.8548775027227953	0.18082143344991844	3	0.903491105322127	0.10989479920765675	3	0.3148982169552638	0.037116287844821357	3	0.20138745866687593	0.03449912777635368	3	1.1800712234335824	0.13192955064986378	3	0.2675026469700079	0.008740030491792276	3	0.4813137270692452	0.020185777049832463	3	1.833948013835874	0.1441737398305738	3	0.9036620963482277	0.10984395911151638	3	0.3128320281965007	0.02676950463709791	3	0.20223981399738342	0.03616028728672252	3	0.8576326408419733	0.0488459744603802	3	4.769581312219247	1.652673318738875	3	0.7777777777777777	0.1924500897298753	3	0.3333333333333333	0.5773502691896258	3	-0.19730639730639724	0.05675773065509892	3	0.27210498747655426	0.029984221876465475	3	0.4725900401985052	0.031491943150576476	3	0.25328157935920254	0.010969484971473953	3	0.4999608067532686	0.0063976754108382	3	0.27766202502480125	0.018262532442785917	3	0.4725900401985052	0.031491943150576476	3	0.24889812429119593	0.008932141425692123	3	0.4975143364485963	0.00438529078174837	3	1.3106886252450447	0.0444180414425378	3	1.0	0.0	3	0.0	0.0	3	0.01	0.0	3	100.0	0.0	3	0.9397306397306396	0.008202575821687558	3	0.19206729689955293	0.02190995302572473	3	0.05007183759900663	0.0072579591136954094	3	0.0358600313546924	0.019247724002406517	3	0.0	0.0	3	0.0	0.0	3	0.0	0.0	3	0.0	0.0	3	0.0	0.0	3	0.0	0.0	3	0.0	0.0	3	0.0	0.0	3	0.0	0.0	3	0.0	0.0	3	0.0	0.0	3	0.0	0.0	3	0.0	0.0	3	0.0	0.0	3	0.0	0.0	3	0.9024055263977999	0.03189899238446859	3
anchor_fraction_x_contacts__model_mismatched__d10000__sep1__cis0.65__bg0.05__a0.05__r2__m0	anchor_fraction_x_contacts	coarse	model_mismatched	ORACLE_coordinates_generator_conditional	3	10000	1.0	0.35	0.05	0.05	2	0	ORACLE_COORDINATES_AND_GENERATOR	ORACLE_GENERATOR_CONDITIONAL	0.3484712719905417	0.021591413957642618	3	0.6047692585031398	0.006212600625621625	3	1.2550630141570103	0.028766547726522148	3	0.6479133589049031	0.00823019236778515	3	0.009170285444696023	0.003953844793772086	3	0.0077335015377313744	0.003940389020603313	3	0.0	0.0	3	0.3484712719905417	0.021591413957642618	3	0.6047692585031398	0.006212600625621625	3	1.2550630141570103	0.028766547726522148	3	0.6479133589049031	0.00823019236778515	3	0.009170285444696023	0.003953844793772086	3	0.0077335015377313744	0.003940389020603313	3	1.0	0.0	3	0.0	0.0	3	1.0	0.0	3	1.0	0.0	3	1.0	0.0	3	0.4021661874174752	0.03722785099352719	3	0.6628919118906241	0.011492015297568457	3	0.24976033700464914	0.009545476274422444	3	0.4977524917864751	0.013463308044603236	3	0.4021661874174752	0.03722785099352719	3	0.6628919118906241	0.011492015297568457	3	0.24976033700464914	0.009545476274422444	3	0.4977524917864751	0.013463308044603236	3	0.0	0.0	3	1.0	0.0	3	0.0	0.0	3	0.05000000000000001	8.498374721940739e-18	3	500.0	0.0	3	nan	nan	0	nan	nan	0	nan	nan	0	nan	nan	0	0.16829859673967307	0.09209215894375981	3	0.08474143440248127	0.0491363725721728	3	0.001405065631355149	0.00243364506147596	3	0.4225577519775663	0.12784859016046501	3	0.001405065631355149	0.00243364506147596	3	0.16829859673967307	0.09209215894375981	3	0.08474143440248127	0.0491363725721728	3	0.001405065631355149	0.00243364506147596	3	0.4225577519775663	0.12784859016046501	3	0.001405065631355149	0.00243364506147596	3	0.16829859673967307	0.09209215894375981	3	0.08474143440248127	0.0491363725721728	3	0.001405065631355149	0.00243364506147596	3	0.4225577519775663	0.12784859016046501	3	0.001405065631355149	0.00243364506147596	3	nan	nan	0
anchor_fraction_x_contacts__model_mismatched__d10000__sep1__cis0.65__bg0.05__a0.05__r2__m0	anchor_fraction_x_contacts	coarse	model_mismatched	ORACLE_coordinates_inference_monotone_log	3	10000	1.0	0.35	0.05	0.05	2	0	ORACLE_COORDINATES	MISMATCHED_INFERENCE_SCORE_OR_MOLECULE_COMPOSITE	0.34858208521982653	0.02046264206852664	3	0.578729096607422	0.0193672494905358	3	1.3062305669666858	0.013821801319787658	3	0.6854901565878259	0.015419208534386664	3	0.04545970374318451	0.01180302666505912	3	0.03657344277529088	0.0038372656718114297	3	0.0	0.0	3	0.34858208521982653	0.02046264206852664	3	0.578729096607422	0.0193672494905358	3	1.3062305669666858	0.013821801319787658	3	0.6854901565878259	0.015419208534386664	3	0.04545970374318451	0.01180302666505912	3	0.03657344277529088	0.0038372656718114297	3	1.0	0.0	3	0.0	0.0	3	1.0	0.0	3	1.0	0.0	3	1.0	0.0	3	0.4021661874174752	0.03722785099352719	3	0.6178865493607142	0.02736476152959454	3	0.25008928437307015	0.011376955172192279	3	0.5065500383827186	0.003957696533517923	3	0.4021661874174752	0.03722785099352719	3	0.6178865493607142	0.02736476152959454	3	0.25008928437307015	0.011376955172192279	3	0.5065500383827186	0.003957696533517923	3	0.0	0.0	3	1.0	0.0	3	0.0	0.0	3	0.05000000000000001	8.498374721940739e-18	3	500.0	0.0	3	nan	nan	0	nan	nan	0	nan	nan	0	nan	nan	0	0.06847890671420083	0.11860894567576538	3	0.0	0.0	3	0.0	0.0	3	0.053478712357217024	0.09262784692606146	3	0.0	0.0	3	0.06847890671420083	0.11860894567576538	3	0.0	0.0	3	0.0	0.0	3	0.053478712357217024	0.09262784692606146	3	0.0	0.0	3	0.06847890671420083	0.11860894567576538	3	0.0	0.0	3	0.0	0.0	3	0.053478712357217024	0.09262784692606146	3	0.0	0.0	3	nan	nan	0
anchor_fraction_x_contacts__model_mismatched__d10000__sep1__cis0.65__bg0.05__a0.05__r2__m0	anchor_fraction_x_contacts	coarse	model_mismatched	ORACLE_external_phase_anchors_monotone_log_midpoint_delta_pairwise	3	10000	1.0	0.35	0.05	0.05	2	0	ORACLE_EXTERNAL_PHASE_ANCHORS	MISMATCHED_OR_MOLECULE_COMPOSITE	0.2957027637387542	0.0274392858623366	3	0.4747295467033232	0.03099094290040875	3	1.6280928385249804	0.12183301367095228	3	0.8413706769424607	0.06141989385951896	3	0.24811991124366659	0.04929218092247082	3	0.1778324394410126	0.049871232810039516	3	1.1406563958952003	0.15673049256764388	3	0.29054085048860573	0.024218479135956525	3	0.47235283844426207	0.026968501979738047	3	1.644050212543316	0.11516303978346969	3	0.8417038836778076	0.061006231875184315	3	0.25328182449381514	0.044616018085686056	3	0.1802091477000738	0.046267186199198326	3	0.8827287337988174	0.06595039319959611	3	4.766087986357594	1.6425492159012498	3	0.8888888888888888	0.1924500897298753	3	0.6666666666666666	0.5773502691896258	3	-0.26195286195286194	0.23442469275035466	3	0.31666477327078	0.04282970323565927	3	0.45916762458039523	0.0454228391804224	3	0.2573687090823839	0.0011875237727642664	3	0.5034971960022995	0.006415386579911015	3	0.31172905242596827	0.039155858983179574	3	0.45916762458039523	0.0454228391804224	3	0.2517921097557846	0.010846477136156113	3	0.4967631892682927	0.0075193842733761816	3	1.3018476680542033	0.06065155498385821	3	1.0	0.0	3	0.0	0.0	3	0.05000000000000001	8.498374721940739e-18	3	500.0	0.0	3	0.9454736842105262	0.002924725050410512	3	0.17824588943083133	0.007033869274699428	3	0.04596830086247746	0.0024040410153103498	3	0.009163077207390324	0.0067308111802499	3	0.007801811795156221	0.013513134420300724	3	0.007801811795156221	0.013513134420300724	3	0.0	0.0	3	0.030239135634349216	0.034172356835818395	3	0.0	0.0	3	0.007801811795156221	0.013513134420300724	3	0.007801811795156221	0.013513134420300724	3	0.0	0.0	3	0.030239135634349216	0.034172356835818395	3	0.0	0.0	3	0.00403031983730819	0.006980718728970517	3	0.00403031983730819	0.006980718728970517	3	0.0	0.0	3	0.030239135634349216	0.034172356835818395	3	0.0	0.0	3	0.9397701735839559	0.011320278818271821	3
anchor_fraction_x_contacts__model_mismatched__d10000__sep1__cis0.65__bg0.05__a0__r2__m0	anchor_fraction_x_contacts	coarse	model_mismatched	ORACLE_coordinates_generator_conditional	3	10000	1.0	0.35	0.05	0.0	2	0	ORACLE_COORDINATES_AND_GENERATOR	ORACLE_GENERATOR_CONDITIONAL	0.3486569117470233	0.02062681886279571	3	0.6044150264470516	0.008149808803790726	3	1.2550021882110942	0.028651553038969733	3	0.6481525842253956	0.008936212948458514	3	0.009130222809109993	0.0031387198202019783	3	0.007428358336523488	0.0025056240645373847	3	0.0	0.0	3	0.3486569117470233	0.02062681886279571	3	0.6044150264470516	0.008149808803790726	3	1.2550021882110942	0.028651553038969733	3	0.6481525842253956	0.008936212948458514	3	0.009130222809109993	0.0031387198202019783	3	0.007428358336523488	0.0025056240645373847	3	1.0	0.0	3	0.0	0.0	3	1.0	0.0	3	1.0	0.0	3	1.0	0.0	3	0.40278893668311166	0.03658513157619669	3	0.6622106105192651	0.013298429479171621	3	0.24896280426970963	0.0097601324542169	3	0.4978377115796891	0.012362223075274249	3	0.40278893668311166	0.03658513157619669	3	0.6622106105192651	0.013298429479171621	3	0.24896280426970963	0.0097601324542169	3	0.4978377115796891	0.012362223075274249	3	0.0	0.0	3	1.0	0.0	3	0.0	0.0	3	0.0	0.0	3	0.0	0.0	3	nan	nan	0	nan	nan	0	nan	nan	0	nan	nan	0	0.16919424432910515	0.09223962737613679	3	0.0852287686733484	0.049547330128958005	3	0.0014012961989840601	0.0024271162130935398	3	0.42095459481938974	0.13145857012255413	3	0.0014012961989840601	0.0024271162130935398	3	0.16919424432910515	0.09223962737613679	3	0.0852287686733484	0.049547330128958005	3	0.0014012961989840601	0.0024271162130935398	3	0.42095459481938974	0.13145857012255413	3	0.0014012961989840601	0.0024271162130935398	3	0.16919424432910515	0.09223962737613679	3	0.0852287686733484	0.049547330128958005	3	0.0014012961989840601	0.0024271162130935398	3	0.42095459481938974	0.13145857012255413	3	0.0014012961989840601	0.0024271162130935398	3	nan	nan	0
anchor_fraction_x_contacts__model_mismatched__d10000__sep1__cis0.65__bg0.05__a0__r2__m0	anchor_fraction_x_contacts	coarse	model_mismatched	ORACLE_coordinates_inference_monotone_log	3	10000	1.0	0.35	0.05	0.0	2	0	ORACLE_COORDINATES	MISMATCHED_INFERENCE_SCORE_OR_MOLECULE_COMPOSITE	0.3485869144923393	0.021338828530028105	3	0.5774977451036235	0.019832572498561532	3	1.305860427899913	0.014141159537913266	3	0.685255809467069	0.015803528836257658	3	0.04577973289149497	0.010314202811484761	3	0.03525434172727825	0.0037859100593612407	3	0.0	0.0	3	0.3485869144923393	0.021338828530028105	3	0.5774977451036235	0.019832572498561532	3	1.305860427899913	0.014141159537913266	3	0.685255809467069	0.015803528836257658	3	0.04577973289149497	0.010314202811484761	3	0.03525434172727825	0.0037859100593612407	3	1.0	0.0	3	0.0	0.0	3	1.0	0.0	3	1.0	0.0	3	1.0	0.0	3	0.40278893668311166	0.03658513157619669	3	0.6172799417928276	0.02907507247285101	3	0.2487566330217008	0.008562627908408954	3	0.5040537456934696	0.0028543800386147166	3	0.40278893668311166	0.03658513157619669	3	0.6172799417928276	0.02907507247285101	3	0.2487566330217008	0.008562627908408954	3	0.5040537456934696	0.0028543800386147166	3	0.0	0.0	3	1.0	0.0	3	0.0	0.0	3	0.0	0.0	3	0.0	0.0	3	nan	nan	0	nan	nan	0	nan	nan	0	nan	nan	0	0.06785563528915155	0.11752940790067413	3	0.0	0.0	3	0.0	0.0	3	0.05364671163575042	0.09291883021211621	3	0.0	0.0	3	0.06785563528915155	0.11752940790067413	3	0.0	0.0	3	0.0	0.0	3	0.05364671163575042	0.09291883021211621	3	0.0	0.0	3	0.06785563528915155	0.11752940790067413	3	0.0	0.0	3	0.0	0.0	3	0.05364671163575042	0.09291883021211621	3	0.0	0.0	3	nan	nan	0
anchor_fraction_x_contacts__model_mismatched__d10000__sep1__cis0.65__bg0.05__a0__r2__m0	anchor_fraction_x_contacts	coarse	model_mismatched	blind_normalized_endpoint_monotone_log_midpoint_delta_pairwise	3	10000	1.0	0.35	0.05	0.0	2	0	none	MISMATCHED_OR_MOLECULE_COMPOSITE	0.2262126731890118	0.018366163798608174	3	0.4808435225086456	0.01845981593395651	3	2.0025147912846157	0.156508126237384	3	0.9060175071675434	0.08009727129802831	3	0.35354109546967316	0.030356664163887253	3	0.20125246440643776	0.030634574439874388	3	1.1837387704985092	0.14545595947403261	3	0.26308737844932023	0.015718171944566716	3	0.4785261001197487	0.021360146317166262	3	1.844723730370746	0.07856476956177777	3	0.9060273573012504	0.08016362730559355	3	0.31666639020936477	0.019605348394069622	3	0.2035698867953347	0.03339693600789173	3	0.8559917342318372	0.05111631499548643	3	4.740556961705841	1.6224070658525618	3	0.7777777777777777	0.1924500897298753	3	0.6666666666666666	0.28867513459481287	3	-0.09764309764309764	0.1346329883809499	3	0.2105012171174969	0.025893299887594447	3	0.4699032693484884	0.034322958184200655	3	0.25524655922643663	0.004341392626450859	3	0.5011942932309191	0.01115427765869447	3	0.27070573880428894	0.023571220644277902	3	0.4699032693484884	0.034322958184200655	3	0.24910756950338575	0.0059731390597106675	3	0.494572771104282	0.002870119761172937	3	0.9154699095524848	0.021275325433252973	3	1.0	0.0	3	0.0	0.0	3	0.0	0.0	3	0.0	0.0	3	0.9387	0.006934695379034299	3	0.19988784036479434	0.02512388390319841	3	0.05223879425570314	0.008122694669754611	3	0.04348892687464151	0.01721022275324355	3	0.0	0.0	3	0.0	0.0	3	0.0	0.0	3	0.011734120292299045	0.02032409252838691	3	0.0	0.0	3	0.0	0.0	3	0.0	0.0	3	0.0	0.0	3	0.011734120292299045	0.02032409252838691	3	0.0	0.0	3	0.0	0.0	3	0.0	0.0	3	0.0	0.0	3	0.011734120292299045	0.02032409252838691	3	0.0	0.0	3	0.8867976281224569	0.033649430613134794	3
anchor_fraction_x_contacts__model_mismatched__d2500__sep1__cis0.65__bg0.05__a0.001__r2__m0	anchor_fraction_x_contacts	coarse	model_mismatched	ORACLE_coordinates_generator_conditional	3	2500	1.0	0.35	0.05	0.001	2	0	ORACLE_COORDINATES_AND_GENERATOR	ORACLE_GENERATOR_CONDITIONAL	0.34514370177063824	0.004737035632709527	3	0.5949975313294847	0.001191249737999389	3	1.2596889736058725	0.014752426128535088	3	0.6558115232899904	0.003084823354857249	3	0.014479826995715095	0.0007661605454110236	3	0.010752434571976633	0.005076859750005049	3	0.0	0.0	3	0.34514370177063824	0.004737035632709527	3	0.5949975313294847	0.001191249737999389	3	1.2596889736058725	0.014752426128535088	3	0.6558115232899904	0.003084823354857249	3	0.014479826995715095	0.0007661605454110236	3	0.010752434571976633	0.005076859750005049	3	1.0	0.0	3	0.0	0.0	3	1.0	0.0	3	1.0	0.0	3	1.0	0.0	3	0.3997540234731885	0.0073804331393874005	3	0.6479692952449797	0.007186698029817716	3	0.24725278930140204	0.00044805212705157705	3	0.4999861507586789	0.01634726245277322	3	0.3997540234731885	0.0073804331393874005	3	0.6479692952449797	0.007186698029817716	3	0.24725278930140204	0.00044805212705157705	3	0.4999861507586789	0.01634726245277322	3	0.0	0.0	3	1.0	0.0	3	0.0	0.0	3	0.0008	0.0	3	2.0	0.0	3	nan	nan	0	nan	nan	0	nan	nan	0	nan	nan	0	0.14656301804530023	0.06358621421406739	3	0.08410693907453994	0.0365068160153904	3	0.008423450257270688	0.008435284182860246	3	0.35955805668348634	0.06644508875784785	3	0.010677576410513123	0.014352378600116825	3	0.14656301804530023	0.06358621421406739	3	0.08410693907453994	0.0365068160153904	3	0.008423450257270688	0.008435284182860246	3	0.35955805668348634	0.06644508875784785	3	0.010677576410513123	0.014352378600116825	3	0.14656301804530023	0.06358621421406739	3	0.08410693907453994	0.0365068160153904	3	0.008423450257270688	0.008435284182860246	3	0.35955805668348634	0.06644508875784785	3	0.010677576410513123	0.014352378600116825	3	nan	nan	0
anchor_fraction_x_contacts__model_mismatched__d2500__sep1__cis0.65__bg0.05__a0.001__r2__m0	anchor_fraction_x_contacts	coarse	model_mismatched	ORACLE_coordinates_inference_monotone_log	3	2500	1.0	0.35	0.05	0.001	2	0	ORACLE_COORDINATES	MISMATCHED_INFERENCE_SCORE_OR_MOLECULE_COMPOSITE	0.3481017644367961	0.005515937022168552	3	0.5764238017872058	0.01205906713550501	3	1.303048505611547	0.004634595133008349	3	0.6871069881696551	0.013537299346247948	3	0.04344397666604949	0.007625740555914914	3	0.03444141759795711	0.0034943786286004753	3	0.0	0.0	3	0.3481017644367961	0.005515937022168552	3	0.5764238017872058	0.01205906713550501	3	1.303048505611547	0.004634595133008349	3	0.6871069881696551	0.013537299346247948	3	0.04344397666604949	0.007625740555914914	3	0.03444141759795711	0.0034943786286004753	3	1.0	0.0	3	0.0	0.0	3	1.0	0.0	3	1.0	0.0	3	1.0	0.0	3	0.3997540234731885	0.0073804331393874005	3	0.604795896853365	0.024917067355635744	3	0.25552846914898825	0.011430640081650189	3	0.5254900430674136	0.013624791889624552	3	0.3997540234731885	0.0073804331393874005	3	0.604795896853365	0.024917067355635744	3	0.25552846914898825	0.011430640081650189	3	0.5254900430674136	0.013624791889624552	3	0.0	0.0	3	1.0	0.0	3	0.0	0.0	3	0.0008	0.0	3	2.0	0.0	3	nan	nan	0	nan	nan	0	nan	nan	0	nan	nan	0	0.0	0.0	3	0.0	0.0	3	0.0	0.0	3	0.005459890802183957	0.009456808273160608	3	0.0	0.0	3	0.0	0.0	3	0.0	0.0	3	0.0	0.0	3	0.005459890802183957	0.009456808273160608	3	0.0	0.0	3	0.0	0.0	3	0.0	0.0	3	0.0	0.0	3	0.005459890802183957	0.009456808273160608	3	0.0	0.0	3	nan	nan	0
anchor_fraction_x_contacts__model_mismatched__d2500__sep1__cis0.65__bg0.05__a0.001__r2__m0	anchor_fraction_x_contacts	coarse	model_mismatched	ORACLE_external_phase_anchors_monotone_log_midpoint_delta_pairwise	3	2500	1.0	0.35	0.05	0.001	2	0	ORACLE_EXTERNAL_PHASE_ANCHORS	MISMATCHED_OR_MOLECULE_COMPOSITE	0.21624094203009048	0.01990455278870558	3	0.46325875904728725	0.032230373451108074	3	1.990060762331513	0.09094056301299383	3	0.9571006481279696	0.12298274122323795	3	0.3695368810393249	0.029514392722388382	3	0.22785756145230474	0.05155057894356483	3	0.9178586518360253	0.12749565643873417	3	0.2761796498008257	0.017937048980507325	3	0.47027810410956356	0.02947242848663476	3	1.7858593073261015	0.12617324716128697	3	0.9567136773921705	0.12294308748235758	3	0.3095981732685897	0.04193661176604982	3	0.22083821639002843	0.050398967305888366	3	0.8857685225279605	0.05483114332266004	3	4.34665561288535	0.2631339436077914	3	0.7777777777777777	0.1924500897298753	3	0.5	0.5	3	-0.03299663299663299	0.3087760549497465	3	0.19960156105452934	0.0413314728580186	3	0.4469057874045676	0.03941668104898559	3	0.24613098225609412	0.020018755270112862	3	0.49260453995486264	0.02151102690480163	3	0.2910002710761724	0.03431822835058956	3	0.4469057874045676	0.03941668104898559	3	0.24956685470840637	0.01396538803952496	3	0.5121741708227177	0.013337303161360748	3	0.7466864284748832	0.0016769143293439022	3	1.0	0.0	3	0.0	0.0	3	0.0008	0.0	3	2.0	0.0	3	0.9310114758473446	0.009391186714658587	3	0.20855883019454644	0.022810488880738982	3	0.05608034910213914	0.007911825346236375	3	0.04905484677039801	0.00963976784516487	3	0.0	0.0	3	0.0	0.0	3	0.0	0.0	3	0.0	0.0	3	0.0	0.0	3	0.0	0.0	3	0.0	0.0	3	0.0	0.0	3	0.0	0.0	3	0.0	0.0	3	0.0	0.0	3	0.0	0.0	3	0.0	0.0	3	0.0	0.0	3	0.0	0.0	3	0.8763441865972568	0.030683135011270787	3
anchor_fraction_x_contacts__model_mismatched__d2500__sep1__cis0.65__bg0.05__a0.005__r2__m0	anchor_fraction_x_contacts	coarse	model_mismatched	ORACLE_coordinates_generator_conditional	3	2500	1.0	0.35	0.05	0.005	2	0	ORACLE_COORDINATES_AND_GENERATOR	ORACLE_GENERATOR_CONDITIONAL	0.3443460834737692	0.005046227249275542	3	0.5948351705061407	0.0009517994083723018	3	1.2601832613940207	0.014658093513041493	3	0.6559232077806274	0.003274453870861638	3	0.014497633792790445	0.0011428136006333928	3	0.011160544381134951	0.0054209762728517855	3	0.0	0.0	3	0.3443460834737692	0.005046227249275542	3	0.5948351705061407	0.0009517994083723018	3	1.2601832613940207	0.014658093513041493	3	0.6559232077806274	0.003274453870861638	3	0.014497633792790445	0.0011428136006333928	3	0.011160544381134951	0.0054209762728517855	3	1.0	0.0	3	0.0	0.0	3	1.0	0.0	3	1.0	0.0	3	1.0	0.0	3	0.3984796476049333	0.007961322638459046	3	0.6478933302307232	0.007687788718613484	3	0.247239101850501	0.0003485658712119417	3	0.4995864345390215	0.01675108985863955	3	0.3984796476049333	0.007961322638459046	3	0.6478933302307232	0.007687788718613484	3	0.247239101850501	0.0003485658712119417	3	0.4995864345390215	0.01675108985863955	3	0.0	0.0	3	1.0	0.0	3	0.0	0.0	3	0.0048	0.0	3	12.0	0.0	3	nan	nan	0	nan	nan	0	nan	nan	0	nan	nan	0	0.14647792965750014	0.06361185422168732	3	0.08361412899733756	0.03612894139042606	3	0.0028117531280753547	0.004870099276167236	3	0.3364499378356698	0.06938842605040657	3	0.010581588090314084	0.014172512953806997	3	0.14647792965750014	0.06361185422168732	3	0.08361412899733756	0.03612894139042606	3	0.0028117531280753547	0.004870099276167236	3	0.3364499378356698	0.06938842605040657	3	0.010581588090314084	0.014172512953806997	3	0.14647792965750014	0.06361185422168732	3	0.08361412899733756	0.03612894139042606	3	0.0028117531280753547	0.004870099276167236	3	0.3364499378356698	0.06938842605040657	3	0.010581588090314084	0.014172512953806997	3	nan	nan	0
anchor_fraction_x_contacts__model_mismatched__d2500__sep1__cis0.65__bg0.05__a0.005__r2__m0	anchor_fraction_x_contacts	coarse	model_mismatched	ORACLE_coordinates_inference_monotone_log	3	2500	1.0	0.35	0.05	0.005	2	0	ORACLE_COORDINATES	MISMATCHED_INFERENCE_SCORE_OR_MOLECULE_COMPOSITE	0.34745830240446457	0.005463777035758575	3	0.5763238860530495	0.01211030973258416	3	1.3036098795941742	0.004725506152566852	3	0.6873042534124769	0.013515551588169304	3	0.0430550126775878	0.007651243004880659	3	0.03458294702445643	0.0036189570931007362	3	0.0	0.0	3	0.34745830240446457	0.005463777035758575	3	0.5763238860530495	0.01211030973258416	3	1.3036098795941742	0.004725506152566852	3	0.6873042534124769	0.013515551588169304	3	0.0430550126775878	0.007651243004880659	3	0.03458294702445643	0.0036189570931007362	3	1.0	0.0	3	0.0	0.0	3	1.0	0.0	3	1.0	0.0	3	1.0	0.0	3	0.3984796476049333	0.007961322638459046	3	0.6045434730518829	0.025166040186869857	3	0.2559429085024554	0.011915710841705153	3	0.5256100129728923	0.013777785664466935	3	0.3984796476049333	0.007961322638459046	3	0.6045434730518829	0.025166040186869857	3	0.2559429085024554	0.011915710841705153	3	0.5256100129728923	0.013777785664466935	3	0.0	0.0	3	1.0	0.0	3	0.0	0.0	3	0.0048	0.0	3	12.0	0.0	3	nan	nan	0	nan	nan	0	nan	nan	0	nan	nan	0	0.0	0.0	3	0.0	0.0	3	0.0	0.0	3	0.005342330943343175	0.009253188624717749	3	0.0	0.0	3	0.0	0.0	3	0.0	0.0	3	0.0	0.0	3	0.005342330943343175	0.009253188624717749	3	0.0	0.0	3	0.0	0.0	3	0.0	0.0	3	0.0	0.0	3	0.005342330943343175	0.009253188624717749	3	0.0	0.0	3	nan	nan	0
anchor_fraction_x_contacts__model_mismatched__d2500__sep1__cis0.65__bg0.05__a0.005__r2__m0	anchor_fraction_x_contacts	coarse	model_mismatched	ORACLE_external_phase_anchors_monotone_log_midpoint_delta_pairwise	3	2500	1.0	0.35	0.05	0.005	2	0	ORACLE_EXTERNAL_PHASE_ANCHORS	MISMATCHED_OR_MOLECULE_COMPOSITE	0.25236401694200183	0.022704000486637926	3	0.45729808789221643	0.024542417497895593	3	1.885205303842356	0.12382220668347226	3	0.9703089550600135	0.11456841776116289	3	0.3379942241813106	0.03581174734680746	3	0.23657332562956399	0.04132871280993209	3	0.9208042480418781	0.12285495594232392	3	0.270533765729545	0.010607256332490671	3	0.45799367494808507	0.020291815779753843	3	1.8076774931590929	0.08438536017300031	3	0.9704765865487875	0.11447829164366292	3	0.3215115272706127	0.023389203076795213	3	0.23587773857369543	0.037362833469910525	3	0.8737174524443745	0.0463291982335523	3	4.345129850384537	0.24228509100909146	3	0.6666666666666666	0.0	3	0.3333333333333333	0.2886751345948129	3	0.015488215488215459	0.4249985245577578	3	0.24818272650607356	0.02680469042714889	3	0.4396644296571702	0.03645609632644336	3	0.259902599741757	0.022059309471927444	3	0.4889704126904008	0.0047456423107640954	3	0.27935941991049096	0.020120021513680676	3	0.4396644296571702	0.03645609632644336	3	0.25470380578669466	0.021529168582336503	3	0.4909208339606466	0.009209373314678705	3	0.7552106520161033	0.007484370533912858	3	1.0	0.0	3	0.0	0.0	3	0.0048	0.0	3	12.0	0.0	3	0.9314040728831725	0.009044152642946295	3	0.20564416737319505	0.020133190020204382	3	0.05511543429796647	0.006899037886135292	3	0.04677404677648764	0.012586953109953128	3	0.0	0.0	3	0.0	0.0	3	0.0	0.0	3	0.0	0.0	3	0.0	0.0	3	0.0	0.0	3	0.0	0.0	3	0.0	0.0	3	0.0	0.0	3	0.0	0.0	3	0.0	0.0	3	0.0	0.0	3	0.0	0.0	3	0.0	0.0	3	0.0	0.0	3	0.8805413040451019	0.029066979921698367	3
anchor_fraction_x_contacts__model_mismatched__d2500__sep1__cis0.65__bg0.05__a0.01__r2__m0	anchor_fraction_x_contacts	coarse	model_mismatched	ORACLE_coordinates_generator_conditional	3	2500	1.0	0.35	0.05	0.01	2	0	ORACLE_COORDINATES_AND_GENERATOR	ORACLE_GENERATOR_CONDITIONAL	0.3444074252611824	0.004581014745180594	3	0.5947193917769243	0.0012678234811553692	3	1.2605785395813516	0.014234133354129349	3	0.6561121435303429	0.003712193611868966	3	0.014484916384299704	0.001484755794179112	3	0.010904472845299084	0.00599140870473194	3	0.0	0.0	3	0.3444074252611824	0.004581014745180594	3	0.5947193917769243	0.0012678234811553692	3	1.2605785395813516	0.014234133354129349	3	0.6561121435303429	0.003712193611868966	3	0.014484916384299704	0.001484755794179112	3	0.010904472845299084	0.00599140870473194	3	1.0	0.0	3	0.0	0.0	3	1.0	0.0	3	1.0	0.0	3	1.0	0.0	3	0.39856514403282445	0.007687630544620285	3	0.64785130523118	0.00804311558693548	3	0.24732572877178896	0.0002813707799247341	3	0.499360849810842	0.016687639940117467	3	0.39856514403282445	0.007687630544620285	3	0.64785130523118	0.00804311558693548	3	0.24732572877178896	0.0002813707799247341	3	0.499360849810842	0.016687639940117467	3	0.0	0.0	3	1.0	0.0	3	0.0	0.0	3	0.01	0.0	3	25.0	0.0	3	nan	nan	0	nan	nan	0	nan	nan	0	nan	nan	0	0.14601302269206698	0.0638835506317976	3	0.08336821564746594	0.03639886379424037	3	0.002827254735651682	0.004896948848088429	3	0.3320659253212344	0.07570593756449205	3	0.010640134783469373	0.014251004015126389	3	0.14601302269206698	0.0638835506317976	3	0.08336821564746594	0.03639886379424037	3	0.002827254735651682	0.004896948848088429	3	0.3320659253212344	0.07570593756449205	3	0.010640134783469373	0.014251004015126389	3	0.14601302269206698	0.0638835506317976	3	0.08336821564746594	0.03639886379424037	3	0.002827254735651682	0.004896948848088429	3	0.3320659253212344	0.07570593756449205	3	0.010640134783469373	0.014251004015126389	3	nan	nan	0
anchor_fraction_x_contacts__model_mismatched__d2500__sep1__cis0.65__bg0.05__a0.01__r2__m0	anchor_fraction_x_contacts	coarse	model_mismatched	ORACLE_coordinates_inference_monotone_log	3	2500	1.0	0.35	0.05	0.01	2	0	ORACLE_COORDINATES	MISMATCHED_INFERENCE_SCORE_OR_MOLECULE_COMPOSITE	0.347394520733384	0.005327655813025076	3	0.5763911535939646	0.012843273592391815	3	1.3040183098978717	0.00430122480228478	3	0.6874807030411324	0.013831158440379585	3	0.043402191588257234	0.007803587356166953	3	0.03495977948293024	0.002623662384731917	3	0.0	0.0	3	0.347394520733384	0.005327655813025076	3	0.5763911535939646	0.012843273592391815	3	1.3040183098978717	0.00430122480228478	3	0.6874807030411324	0.013831158440379585	3	0.043402191588257234	0.007803587356166953	3	0.03495977948293024	0.002623662384731917	3	1.0	0.0	3	0.0	0.0	3	1.0	0.0	3	1.0	0.0	3	1.0	0.0	3	0.39856514403282445	0.007687630544620285	3	0.6042422271044648	0.026320648722010564	3	0.25569182290670467	0.011803161646058533	3	0.526318192513052	0.013320964636819385	3	0.39856514403282445	0.007687630544620285	3	0.6042422271044648	0.026320648722010564	3	0.25569182290670467	0.011803161646058533	3	0.526318192513052	0.013320964636819385	3	0.0	0.0	3	1.0	0.0	3	0.0	0.0	3	0.01	0.0	3	25.0	0.0	3	nan	nan	0	nan	nan	0	nan	nan	0	nan	nan	0	0.0	0.0	3	0.0	0.0	3	0.0	0.0	3	0.005371783997738196	0.009304202811368014	3	0.0	0.0	3	0.0	0.0	3	0.0	0.0	3	0.0	0.0	3	0.005371783997738196	0.009304202811368014	3	0.0	0.0	3	0.0	0.0	3	0.0	0.0	3	0.0	0.0	3	0.005371783997738196	0.009304202811368014	3	0.0	0.0	3	nan	nan	0
anchor_fraction_x_contacts__model_mismatched__d2500__sep1__cis0.65__bg0.05__a0.01__r2__m0	anchor_fraction_x_contacts	coarse	model_mismatched	ORACLE_external_phase_anchors_monotone_log_midpoint_delta_pairwise	3	2500	1.0	0.35	0.05	0.01	2	0	ORACLE_EXTERNAL_PHASE_ANCHORS	MISMATCHED_OR_MOLECULE_COMPOSITE	0.2487801239064329	0.011327191179713359	3	0.4544188472598714	0.018554487915373757	3	1.8367472732590933	0.12924639303917962	3	0.9349664219778907	0.12399188825456438	3	0.32171091400926216	0.04108681795877777	3	0.22442131352940056	0.04619747931081784	3	0.919231682539849	0.12493328299992847	3	0.25752709275584457	0.016019626447130987	3	0.4568350038945197	0.01889566107485101	3	1.798963459299408	0.07469841197591202	3	0.9349386362218715	0.12418128117937732	3	0.3153312686828046	0.023709708286497117	3	0.22200515689475245	0.0464260830676331	3	0.8726093885090855	0.04612387154565186	3	4.348403356273532	0.2582000885805712	3	0.6666666666666666	0.0	3	0.5	0.0	3	-0.06397306397306396	0.4597073162168966	3	0.24539853533556769	0.013686470270168104	3	0.43488834815989463	0.028501036031843997	3	0.2549295685076956	0.020301104007041434	3	0.48947989714327983	0.0042750987117581235	3	0.25878767189411417	0.01800127429426943	3	0.43488834815989463	0.028501036031843997	3	0.2552173817880936	0.020795097353966258	3	0.49626283554224887	0.0071229027908786624	3	0.7669538262610635	0.014616635150354503	3	1.0	0.0	3	0.0	0.0	3	0.01	0.0	3	25.0	0.0	3	0.9372390572390573	0.003924256507564548	3	0.1974907818749518	0.01453480264124999	3	0.05238507351601565	0.004891918423957181	3	0.0412086211269779	0.012864090619915117	3	0.0	0.0	3	0.0	0.0	3	0.0	0.0	3	0.0	0.0	3	0.0	0.0	3	0.0	0.0	3	0.0	0.0	3	0.0	0.0	3	0.0	0.0	3	0.0	0.0	3	0.0	0.0	3	0.0	0.0	3	0.0	0.0	3	0.0	0.0	3	0.0	0.0	3	0.8910463271973542	0.025420934568726003	3
anchor_fraction_x_contacts__model_mismatched__d2500__sep1__cis0.65__bg0.05__a0.05__r2__m0	anchor_fraction_x_contacts	coarse	model_mismatched	ORACLE_coordinates_generator_conditional	3	2500	1.0	0.35	0.05	0.05	2	0	ORACLE_COORDINATES_AND_GENERATOR	ORACLE_GENERATOR_CONDITIONAL	0.34742792317818805	0.006334705645434107	3	0.5956783943389213	0.003199436895046464	3	1.2591535272288894	0.016051920475527847	3	0.6556578923042914	0.0020518743988382224	3	0.01572966874662605	0.002341749873377312	3	0.013138649472783167	0.004604496230793378	3	0.0	0.0	3	0.34742792317818805	0.006334705645434107	3	0.5956783943389213	0.003199436895046464	3	1.2591535272288894	0.016051920475527847	3	0.6556578923042914	0.0020518743988382224	3	0.01572966874662605	0.002341749873377312	3	0.013138649472783167	0.004604496230793378	3	1.0	0.0	3	0.0	0.0	3	1.0	0.0	3	1.0	0.0	3	1.0	0.0	3	0.4002964605324011	0.008499465843609917	3	0.6476169228637295	0.00467720157071041	3	0.2519942185241611	0.004180807187009326	3	0.5018815839160383	0.017527800483838542	3	0.4002964605324011	0.008499465843609917	3	0.6476169228637295	0.00467720157071041	3	0.2519942185241611	0.004180807187009326	3	0.5018815839160383	0.017527800483838542	3	0.0	0.0	3	1.0	0.0	3	0.0	0.0	3	0.05000000000000001	8.498374721940739e-18	3	125.0	0.0	3	nan	nan	0	nan	nan	0	nan	nan	0	nan	nan	0	0.14568906450543997	0.06467534143590484	3	0.08322850520442239	0.03857714227377583	3	0.0016238559196929435	0.0028126009570796644	3	0.3607161074473373	0.06706285025482703	3	0.0109654929303691	0.014973338057468736	3	0.14568906450543997	0.06467534143590484	3	0.08322850520442239	0.03857714227377583	3	0.0016238559196929435	0.0028126009570796644	3	0.3607161074473373	0.06706285025482703	3	0.0109654929303691	0.014973338057468736	3	0.14568906450543997	0.06467534143590484	3	0.08322850520442239	0.03857714227377583	3	0.0016238559196929435	0.0028126009570796644	3	0.3607161074473373	0.06706285025482703	3	0.0109654929303691	0.014973338057468736	3	nan	nan	0
anchor_fraction_x_contacts__model_mismatched__d2500__sep1__cis0.65__bg0.05__a0.05__r2__m0	anchor_fraction_x_contacts	coarse	model_mismatched	ORACLE_coordinates_inference_monotone_log	3	2500	1.0	0.35	0.05	0.05	2	0	ORACLE_COORDINATES	MISMATCHED_INFERENCE_SCORE_OR_MOLECULE_COMPOSITE	0.34921172077055207	0.007778490410013493	3	0.5771231382636385	0.012808347934406524	3	1.3027058291830633	0.0033384691716093055	3	0.6868886238242151	0.01334894881141191	3	0.04231649151984442	0.007965172434452193	3	0.03437053205320224	0.0025630067882740928	3	0.0	0.0	3	0.34921172077055207	0.007778490410013493	3	0.5771231382636385	0.012808347934406524	3	1.3027058291830633	0.0033384691716093055	3	0.6868886238242151	0.01334894881141191	3	0.04231649151984442	0.007965172434452193	3	0.03437053205320224	0.0025630067882740928	3	1.0	0.0	3	0.0	0.0	3	1.0	0.0	3	1.0	0.0	3	1.0	0.0	3	0.4002964605324011	0.008499465843609917	3	0.6047297258541415	0.025959198103245838	3	0.25702045652824984	0.011638469051131058	3	0.5272289282133417	0.01124972689095573	3	0.4002964605324011	0.008499465843609917	3	0.6047297258541415	0.025959198103245838	3	0.25702045652824984	0.011638469051131058	3	0.5272289282133417	0.01124972689095573	3	0.0	0.0	3	1.0	0.0	3	0.0	0.0	3	0.05000000000000001	8.498374721940739e-18	3	125.0	0.0	3	nan	nan	0	nan	nan	0	nan	nan	0	nan	nan	0	0.0	0.0	3	0.0	0.0	3	0.0	0.0	3	0.005314437555358725	0.00920487585953345	3	0.0	0.0	3	0.0	0.0	3	0.0	0.0	3	0.0	0.0	3	0.005314437555358725	0.00920487585953345	3	0.0	0.0	3	0.0	0.0	3	0.0	0.0	3	0.0	0.0	3	0.005314437555358725	0.00920487585953345	3	0.0	0.0	3	nan	nan	0
anchor_fraction_x_contacts__model_mismatched__d2500__sep1__cis0.65__bg0.05__a0.05__r2__m0	anchor_fraction_x_contacts	coarse	model_mismatched	ORACLE_external_phase_anchors_monotone_log_midpoint_delta_pairwise	3	2500	1.0	0.35	0.05	0.05	2	0	ORACLE_EXTERNAL_PHASE_ANCHORS	MISMATCHED_OR_MOLECULE_COMPOSITE	0.27330354288518227	0.0022725619372792097	3	0.4519356081129085	0.013229955471002653	3	1.6121700908389975	0.053508571129053585	3	0.8518508946211075	0.041943010858175936	3	0.25204727793715354	0.0354156305854996	3	0.19089159990085858	0.03668954330831637	3	0.8793508701204136	0.112345373121485	3	0.2670563318186941	0.012962273941871886	3	0.45238183747480054	0.013656808547485126	3	1.6211733496055267	0.038913226795834824	3	0.8518965135425834	0.04186815704975395	3	0.2582944890036417	0.024602523427701396	3	0.19044537053896657	0.037431744950210157	3	0.9010609712180394	0.044073447216001635	3	4.339936183975817	0.22939022587772226	3	0.8888888888888888	0.1924500897298753	3	0.6666666666666666	0.5773502691896258	3	0.03838383838383836	0.20027529262858548	3	0.2844455472356538	0.006174847237878007	3	0.42402355512732387	0.01332651847304452	3	0.2531895777178796	0.01106795470561434	3	0.5022956625909867	0.015634780568909504	3	0.2782214808456123	0.012058744683290136	3	0.42402355512732387	0.01332651847304452	3	0.24690026954177893	0.019757180189160565	3	0.5035535242262067	0.01603569145052547	3	0.7504129487400254	0.0065099918928224745	3	1.0	0.0	3	0.0	0.0	3	0.05000000000000001	8.498374721940739e-18	3	125.0	0.0	3	0.944	0.0021878536516659083	3	0.17557317213928245	0.009038786112861904	3	0.04610778780886888	0.0026779246655700335	3	0.012406965004854562	0.006205406414300489	3	0.0	0.0	3	0.0	0.0	3	0.0	0.0	3	0.01195748449955713	0.02071097068395026	3	0.0	0.0	3	0.0	0.0	3	0.0	0.0	3	0.0	0.0	3	0.01195748449955713	0.02071097068395026	3	0.0	0.0	3	0.0	0.0	3	0.0	0.0	3	0.0	0.0	3	0.01195748449955713	0.02071097068395026	3	0.0	0.0	3	0.9368512742343048	0.0020073089726556866	3
anchor_fraction_x_contacts__model_mismatched__d2500__sep1__cis0.65__bg0.05__a0__r2__m0	anchor_fraction_x_contacts	coarse	model_mismatched	ORACLE_coordinates_generator_conditional	3	2500	1.0	0.35	0.05	0.0	2	0	ORACLE_COORDINATES_AND_GENERATOR	ORACLE_GENERATOR_CONDITIONAL	0.34499280418982803	0.004533889896587786	3	0.5950573784407552	0.001085348816096306	3	1.2597050035833106	0.014684295254398834	3	0.6557448978203593	0.0031201780912440565	3	0.014601276112267393	0.000723069659454962	3	0.010522436506135885	0.00490659526323315	3	0.0	0.0	3	0.34499280418982803	0.004533889896587786	3	0.5950573784407552	0.001085348816096306	3	1.2597050035833106	0.014684295254398834	3	0.6557448978203593	0.0031201780912440565	3	0.014601276112267393	0.000723069659454962	3	0.010522436506135885	0.00490659526323315	3	1.0	0.0	3	0.0	0.0	3	1.0	0.0	3	1.0	0.0	3	1.0	0.0	3	0.39979685725418906	0.007053427812649271	3	0.6481232569922128	0.007174629916807279	3	0.24686479029064437	0.0004521288358220604	3	0.4999875755880397	0.015748728899469936	3	0.39979685725418906	0.007053427812649271	3	0.6481232569922128	0.007174629916807279	3	0.24686479029064437	0.0004521288358220604	3	0.4999875755880397	0.015748728899469936	3	0.0	0.0	3	1.0	0.0	3	0.0	0.0	3	0.0	0.0	3	0.0	0.0	3	nan	nan	0	nan	nan	0	nan	nan	0	nan	nan	0	0.14643943221623734	0.06353236855426138	3	0.08403602212111373	0.03647591807500499	3	0.008416360749814158	0.008428174757230584	3	0.35953553491326007	0.06632214994702934	3	0.010668583130602078	0.01434027869924669	3	0.14643943221623734	0.06353236855426138	3	0.08403602212111373	0.03647591807500499	3	0.008416360749814158	0.008428174757230584	3	0.35953553491326007	0.06632214994702934	3	0.010668583130602078	0.01434027869924669	3	0.14643943221623734	0.06353236855426138	3	0.08403602212111373	0.03647591807500499	3	0.008416360749814158	0.008428174757230584	3	0.35953553491326007	0.06632214994702934	3	0.010668583130602078	0.01434027869924669	3	nan	nan	0
anchor_fraction_x_contacts__model_mismatched__d2500__sep1__cis0.65__bg0.05__a0__r2__m0	anchor_fraction_x_contacts	coarse	model_mismatched	ORACLE_coordinates_inference_monotone_log	3	2500	1.0	0.35	0.05	0.0	2	0	ORACLE_COORDINATES	MISMATCHED_INFERENCE_SCORE_OR_MOLECULE_COMPOSITE	0.3479483689130418	0.005273577995894561	3	0.5766407910195294	0.0118102262828647	3	1.3030899398359823	0.004684578672892894	3	0.6870357845645311	0.013575695636948304	3	0.04360516345089711	0.007808663012137516	3	0.03464931406818991	0.0036299526036417014	3	0.0	0.0	3	0.3479483689130418	0.005273577995894561	3	0.5766407910195294	0.0118102262828647	3	1.3030899398359823	0.004684578672892894	3	0.6870357845645311	0.013575695636948304	3	0.04360516345089711	0.007808663012137516	3	0.03464931406818991	0.0036299526036417014	3	1.0	0.0	3	0.0	0.0	3	1.0	0.0	3	1.0	0.0	3	1.0	0.0	3	0.39979685725418906	0.007053427812649271	3	0.60496783042844	0.024919907176042304	3	0.2551223244764756	0.01123416953775337	3	0.5258457308159872	0.013923614049303295	3	0.39979685725418906	0.007053427812649271	3	0.60496783042844	0.024919907176042304	3	0.2551223244764756	0.01123416953775337	3	0.5258457308159872	0.013923614049303295	3	0.0	0.0	3	1.0	0.0	3	0.0	0.0	3	0.0	0.0	3	0.0	0.0	3	nan	nan	0	nan	nan	0	nan	nan	0	nan	nan	0	0.0	0.0	3	0.0	0.0	3	0.0	0.0	3	0.005455308434746119	0.009448871379939322	3	0.0	0.0	3	0.0	0.0	3	0.0	0.0	3	0.0	0.0	3	0.005455308434746119	0.009448871379939322	3	0.0	0.0	3	0.0	0.0	3	0.0	0.0	3	0.0	0.0	3	0.005455308434746119	0.009448871379939322	3	0.0	0.0	3	nan	nan	0
anchor_fraction_x_contacts__model_mismatched__d2500__sep1__cis0.65__bg0.05__a0__r2__m0	anchor_fraction_x_contacts	coarse	model_mismatched	blind_normalized_endpoint_monotone_log_midpoint_delta_pairwise	3	2500	1.0	0.35	0.05	0.0	2	0	none	MISMATCHED_OR_MOLECULE_COMPOSITE	0.24137012499668675	0.0025493244003291647	3	0.4616987079056017	0.012811560036304324	3	1.9481711663869514	0.05378246456199477	3	0.9818707067669737	0.110601861439079	3	0.35157557338803275	0.025136739466916302	3	0.23617583895299488	0.0431318885535172	3	0.9213346772278165	0.13259769913931369	3	0.269183778869758	0.007497181537358039	3	0.46312631226862305	0.023932393604071425	3	1.8095796145942151	0.11579511425058722	3	0.9814195167296442	0.11098196454016881	3	0.32188077341388205	0.03241381839489651	3	0.23325571862405822	0.043228278660853096	3	0.8841767984047769	0.055069403630730096	3	4.36257530801646	0.25372230738921625	3	0.6666666666666666	0.0	3	0.16666666666666666	0.2886751345948129	3	-0.010101010101010088	0.26222191094283553	3	0.2242807360712913	0.010010655975351598	3	0.4357461004238481	0.0272848301855735	3	0.2720055499865555	0.024622725406301525	3	0.5082510236076846	0.021573041673541616	3	0.2812263836945499	0.01917673125827231	3	0.4357461004238481	0.0272848301855735	3	0.24761448691113216	0.014100068785660943	3	0.5121842537737781	0.019783369550701563	3	0.5688182290953895	0.007283481250112611	3	1.0	0.0	3	0.0	0.0	3	0.0	0.0	3	0.0	0.0	3	0.93	0.009457272334029477	3	0.2116119682486469	0.02484141103393446	3	0.057138007710798196	0.008667092670421149	3	0.051550574917823895	0.010486688870533636	3	0.0	0.0	3	0.0	0.0	3	0.0	0.0	3	0.0	0.0	3	0.0	0.0	3	0.0	0.0	3	0.0	0.0	3	0.0	0.0	3	0.0	0.0	3	0.0	0.0	3	0.0	0.0	3	0.0	0.0	3	0.0	0.0	3	0.0	0.0	3	0.0	0.0	3	0.8731461158117227	0.031960626178333826	3
anchor_fraction_x_contacts__model_mismatched__d500__sep1__cis0.65__bg0.05__a0.001__r2__m0	anchor_fraction_x_contacts	coarse	model_mismatched	ORACLE_coordinates_generator_conditional	3	500	1.0	0.35	0.05	0.001	2	0	ORACLE_COORDINATES_AND_GENERATOR	ORACLE_GENERATOR_CONDITIONAL	0.33459412554597323	0.02004630510169633	3	0.6027352068113546	0.026246855742428413	3	1.2771300899845526	0.018960461584926362	3	0.6564003626679413	0.007506103259718905	3	0.026921376374866246	0.013798796142844334	3	0.025712335049922513	0.008061438814929378	3	0.0	0.0	3	0.33459412554597323	0.02004630510169633	3	0.6027352068113546	0.026246855742428413	3	1.2771300899845526	0.018960461584926362	3	0.6564003626679413	0.007506103259718905	3	0.026921376374866246	0.013798796142844334	3	0.025712335049922513	0.008061438814929378	3	1.0	0.0	3	0.0	0.0	3	1.0	0.0	3	1.0	0.0	3	1.0	0.0	3	0.3913456124283437	0.013963567581472887	3	0.655659803489253	0.024647460268153537	3	0.2248498052419621	0.03786203373091618	3	0.5006381901806738	0.024958107346677222	3	0.3913456124283437	0.013963567581472887	3	0.655659803489253	0.024647460268153537	3	0.2248498052419621	0.03786203373091618	3	0.5006381901806738	0.024958107346677222	3	0.0	0.0	3	1.0	0.0	3	0.0	0.0	3	0.002	0.0	3	1.0	0.0	3	nan	nan	0	nan	nan	0	nan	nan	0	nan	nan	0	0.08556513786077054	0.056698267350088476	3	0.0352668906308324	0.03059718836670159	3	0.0	0.0	3	0.3749035386661366	0.04946062547091921	3	0.0	0.0	3	0.08556513786077054	0.056698267350088476	3	0.0352668906308324	0.03059718836670159	3	0.0	0.0	3	0.3749035386661366	0.04946062547091921	3	0.0	0.0	3	0.08556513786077054	0.056698267350088476	3	0.0352668906308324	0.03059718836670159	3	0.0	0.0	3	0.3749035386661366	0.04946062547091921	3	0.0	0.0	3	nan	nan	0
anchor_fraction_x_contacts__model_mismatched__d500__sep1__cis0.65__bg0.05__a0.001__r2__m0	anchor_fraction_x_contacts	coarse	model_mismatched	ORACLE_coordinates_inference_monotone_log	3	500	1.0	0.35	0.05	0.001	2	0	ORACLE_COORDINATES	MISMATCHED_INFERENCE_SCORE_OR_MOLECULE_COMPOSITE	0.3381375747557158	0.02123179785643139	3	0.57320564467261	0.03898970950125915	3	1.305043530170055	0.00843677583176738	3	0.6729823335623824	0.02078523288175589	3	0.052911558954909926	0.006091456275094458	3	0.037086985039311224	0.007163460898971126	3	0.0	0.0	3	0.3381375747557158	0.02123179785643139	3	0.57320564467261	0.03898970950125915	3	1.305043530170055	0.00843677583176738	3	0.6729823335623824	0.02078523288175589	3	0.052911558954909926	0.006091456275094458	3	0.037086985039311224	0.007163460898971126	3	1.0	0.0	3	0.0	0.0	3	1.0	0.0	3	1.0	0.0	3	1.0	0.0	3	0.3913456124283437	0.013963567581472887	3	0.6077950770552786	0.047772570022703055	3	0.23530512092603595	0.04107517262747867	3	0.5063268854118528	0.023159860931053964	3	0.3913456124283437	0.013963567581472887	3	0.6077950770552786	0.047772570022703055	3	0.23530512092603595	0.04107517262747867	3	0.5063268854118528	0.023159860931053964	3	0.0	0.0	3	1.0	0.0	3	0.0	0.0	3	0.002	0.0	3	1.0	0.0	3	nan	nan	0	nan	nan	0	nan	nan	0	nan	nan	0	0.030459126539753644	0.04395692594923967	3	0.009891750653228816	0.009590226472655575	3	0.0035087719298245615	0.006077371254627639	3	0.2517817755219771	0.20920754187141596	3	0.0035087719298245615	0.006077371254627639	3	0.030459126539753644	0.04395692594923967	3	0.009891750653228816	0.009590226472655575	3	0.0035087719298245615	0.006077371254627639	3	0.2517817755219771	0.20920754187141596	3	0.0035087719298245615	0.006077371254627639	3	0.030459126539753644	0.04395692594923967	3	0.009891750653228816	0.009590226472655575	3	0.0035087719298245615	0.006077371254627639	3	0.2517817755219771	0.20920754187141596	3	0.0035087719298245615	0.006077371254627639	3	nan	nan	0
anchor_fraction_x_contacts__model_mismatched__d500__sep1__cis0.65__bg0.05__a0.001__r2__m0	anchor_fraction_x_contacts	coarse	model_mismatched	ORACLE_external_phase_anchors_monotone_log_midpoint_delta_pairwise	3	500	1.0	0.35	0.05	0.001	2	0	ORACLE_EXTERNAL_PHASE_ANCHORS	MISMATCHED_OR_MOLECULE_COMPOSITE	0.22010441965649133	0.028283821132997666	3	0.43270242013803045	0.014330509672916217	3	2.056506194005465	0.14255878158097585	3	1.0687417321453936	0.13416703973669034	3	0.3934110804854967	0.025871611987180673	3	0.277976721686765	0.03860398829927878	3	0.9197965284903201	0.13392713725076652	3	0.2413932962645169	0.03374495269648448	3	0.42183078586214084	0.0391959395021823	3	1.972283687608881	0.19834089801727808	3	1.0696335114857074	0.1344332063291953	3	0.3731697025365488	0.05793548033826181	3	0.28294357369197704	0.05433635835545713	3	0.9235260927187078	0.03386397894227969	3	5.063729659673984	1.0045125066134282	3	0.7777777777777777	0.1924500897298753	3	0.5	0.5	3	0.0707070707070707	0.22528649469819229	3	0.19281639021742816	0.03869414274259102	3	0.4005221442058727	0.04666704679593899	3	0.27250940780352545	0.015652966732242743	3	0.4930503289980414	0.050727876472016126	3	0.23781463767624345	0.032376337429199535	3	0.4005221442058727	0.04666704679593899	3	0.2479390858475826	0.045196851424860005	3	0.4626702757421712	0.026488769372931664	3	0.5546810842740039	0.0022851271326386475	3	0.6666666666666666	0.5773502691896258	3	0.3333333333333333	0.5773502691896258	3	0.002	0.0	3	1.0	0.0	3	0.8891115564462257	0.04811010709427083	3	0.28792803900023484	0.061209280002118734	3	0.08676877964326057	0.025242700394348578	3	0.05582234759719653	0.0232382804549041	3	0.0	0.0	3	0.0	0.0	3	0.0	0.0	3	0.0	0.0	3	0.0	0.0	3	0.0	0.0	3	0.0	0.0	3	0.0	0.0	3	0.0	0.0	3	0.0	0.0	3	0.0	0.0	3	0.0	0.0	3	0.0	0.0	3	0.0	0.0	3	0.0	0.0	3	0.8245768739192574	0.05681019187009915	3
anchor_fraction_x_contacts__model_mismatched__d500__sep1__cis0.65__bg0.05__a0.005__r2__m0	anchor_fraction_x_contacts	coarse	model_mismatched	ORACLE_coordinates_generator_conditional	3	500	1.0	0.35	0.05	0.005	2	0	ORACLE_COORDINATES_AND_GENERATOR	ORACLE_GENERATOR_CONDITIONAL	0.33458575162716797	0.021320843137421615	3	0.6025895439154797	0.02544429725826467	3	1.2773940032117654	0.01942099750011993	3	0.6568266701169468	0.007165906772149823	3	0.026959446647923033	0.012833400394858481	3	0.025001424434289005	0.008290822510285303	3	0.0	0.0	3	0.33458575162716797	0.021320843137421615	3	0.6025895439154797	0.02544429725826467	3	1.2773940032117654	0.01942099750011993	3	0.6568266701169468	0.007165906772149823	3	0.026959446647923033	0.012833400394858481	3	0.025001424434289005	0.008290822510285303	3	1.0	0.0	3	0.0	0.0	3	1.0	0.0	3	1.0	0.0	3	1.0	0.0	3	0.3910836812331655	0.015539166186414821	3	0.6549372414650168	0.024179558831463544	3	0.22537949235701507	0.03861598356648855	3	0.5016236545807723	0.024065327030836154	3	0.3910836812331655	0.015539166186414821	3	0.6549372414650168	0.024179558831463544	3	0.22537949235701507	0.03861598356648855	3	0.5016236545807723	0.024065327030836154	3	0.0	0.0	3	1.0	0.0	3	0.0	0.0	3	0.004	0.0	3	2.0	0.0	3	nan	nan	0	nan	nan	0	nan	nan	0	nan	nan	0	0.0857470573073344	0.05681829648155706	3	0.0353416761880771	0.03066203588154019	3	0.0	0.0	3	0.37427166422466973	0.04833576047563438	3	0.0	0.0	3	0.0857470573073344	0.05681829648155706	3	0.0353416761880771	0.03066203588154019	3	0.0	0.0	3	0.37427166422466973	0.04833576047563438	3	0.0	0.0	3	0.0857470573073344	0.05681829648155706	3	0.0353416761880771	0.03066203588154019	3	0.0	0.0	3	0.37427166422466973	0.04833576047563438	3	0.0	0.0	3	nan	nan	0
anchor_fraction_x_contacts__model_mismatched__d500__sep1__cis0.65__bg0.05__a0.005__r2__m0	anchor_fraction_x_contacts	coarse	model_mismatched	ORACLE_coordinates_inference_monotone_log	3	500	1.0	0.35	0.05	0.005	2	0	ORACLE_COORDINATES	MISMATCHED_INFERENCE_SCORE_OR_MOLECULE_COMPOSITE	0.3374335164146371	0.02207163476573205	3	0.5722943339731854	0.039060499571424455	3	1.3053079722038292	0.00866960679820002	3	0.6733440489796018	0.020484750963910548	3	0.05331929410187166	0.007392901669059782	3	0.03703382617452484	0.007943212769889092	3	0.0	0.0	3	0.3374335164146371	0.02207163476573205	3	0.5722943339731854	0.039060499571424455	3	1.3053079722038292	0.00866960679820002	3	0.6733440489796018	0.020484750963910548	3	0.05331929410187166	0.007392901669059782	3	0.03703382617452484	0.007943212769889092	3	1.0	0.0	3	0.0	0.0	3	1.0	0.0	3	1.0	0.0	3	1.0	0.0	3	0.3910836812331655	0.015539166186414821	3	0.6069993076144655	0.047167243891119585	3	0.23382692432588814	0.03908673827853673	3	0.505279829486748	0.024640117621301867	3	0.3910836812331655	0.015539166186414821	3	0.6069993076144655	0.047167243891119585	3	0.23382692432588814	0.03908673827853673	3	0.505279829486748	0.024640117621301867	3	0.0	0.0	3	1.0	0.0	3	0.0	0.0	3	0.004	0.0	3	2.0	0.0	3	nan	nan	0	nan	nan	0	nan	nan	0	nan	nan	0	0.030523992454844523	0.04405070441747461	3	0.009912762888391076	0.009610666884983275	3	0.0035161744022503515	0.006090192712970736	3	0.2501787400987138	0.20786020385429677	3	0.0035161744022503515	0.006090192712970736	3	0.030523992454844523	0.04405070441747461	3	0.009912762888391076	0.009610666884983275	3	0.0035161744022503515	0.006090192712970736	3	0.2501787400987138	0.20786020385429677	3	0.0035161744022503515	0.006090192712970736	3	0.030523992454844523	0.04405070441747461	3	0.009912762888391076	0.009610666884983275	3	0.0035161744022503515	0.006090192712970736	3	0.2501787400987138	0.20786020385429677	3	0.0035161744022503515	0.006090192712970736	3	nan	nan	0
anchor_fraction_x_contacts__model_mismatched__d500__sep1__cis0.65__bg0.05__a0.005__r2__m0	anchor_fraction_x_contacts	coarse	model_mismatched	ORACLE_external_phase_anchors_monotone_log_midpoint_delta_pairwise	3	500	1.0	0.35	0.05	0.005	2	0	ORACLE_EXTERNAL_PHASE_ANCHORS	MISMATCHED_OR_MOLECULE_COMPOSITE	0.2531480339070522	0.04524929914785151	3	0.4308209058980859	0.014462782440493397	3	1.8878995907858407	0.21203933197212968	3	1.0614939460585104	0.0954645887853641	3	0.3583307632046802	0.04809997987467034	3	0.28404158743242564	0.027240402414681886	3	0.9471214825917222	0.13447872256132753	3	0.2363020768068486	0.020828244727711883	3	0.4283300618660258	0.04789100942109527	3	1.969736327193483	0.12690688877252324	3	1.0590082384536281	0.09899570089258034	3	0.3844017764346002	0.02129924263392166	3	0.2815909123158848	0.048116888300807896	3	0.9137607446967236	0.03721420905021267	3	5.053985997291199	0.9975250310907499	3	0.6666666666666666	0.0	3	0.16666666666666666	0.2886751345948129	3	0.07744107744107742	0.08094264889598231	3	0.246338709905028	0.07508301481223945	3	0.3886179511306005	0.03603619684379614	3	0.26495828683777034	0.011685549234944652	3	0.5105050451375973	0.055324277508929064	3	0.21800318470032817	0.03426671591840242	3	0.3886179511306005	0.03603619684379614	3	0.27053775439715183	0.06742068920293035	3	0.505291637883699	0.07219791337212601	3	0.5506427969473103	0.0036138357043231724	3	0.6666666666666666	0.5773502691896258	3	0.3333333333333333	0.5773502691896258	3	0.004	0.0	3	2.0	0.0	3	0.8975903614457831	0.03846836156760649	3	0.2752319810049167	0.036226676467784526	3	0.08130184068257486	0.014722748016122668	3	0.051190367154606564	0.013718075350387568	3	0.0	0.0	3	0.0	0.0	3	0.0	0.0	3	0.0	0.0	3	0.0	0.0	3	0.0	0.0	3	0.0	0.0	3	0.0	0.0	3	0.0	0.0	3	0.0	0.0	3	0.0	0.0	3	0.0	0.0	3	0.0	0.0	3	0.0	0.0	3	0.0	0.0	3	0.8328572298433908	0.03971941516236107	3
anchor_fraction_x_contacts__model_mismatched__d500__sep1__cis0.65__bg0.05__a0.01__r2__m0	anchor_fraction_x_contacts	coarse	model_mismatched	ORACLE_coordinates_generator_conditional	3	500	1.0	0.35	0.05	0.01	2	0	ORACLE_COORDINATES_AND_GENERATOR	ORACLE_GENERATOR_CONDITIONAL	0.336015728476964	0.022682445422318842	3	0.6043395605195948	0.024101990818305156	3	1.276844929462474	0.01942176272099809	3	0.6557978785169724	0.00740681955496712	3	0.027633472515992824	0.011572588884650467	3	0.02439185052006281	0.008644453924641369	3	0.0	0.0	3	0.336015728476964	0.022682445422318842	3	0.6043395605195948	0.024101990818305156	3	1.276844929462474	0.01942176272099809	3	0.6557978785169724	0.00740681955496712	3	0.027633472515992824	0.011572588884650467	3	0.02439185052006281	0.008644453924641369	3	1.0	0.0	3	0.0	0.0	3	1.0	0.0	3	1.0	0.0	3	1.0	0.0	3	0.39209397238173027	0.017170813555815796	3	0.6574661753685933	0.02362510307271467	3	0.22734355346229232	0.0396290910701178	3	0.501551113425001	0.02150024318504878	3	0.39209397238173027	0.017170813555815796	3	0.6574661753685933	0.02362510307271467	3	0.22734355346229232	0.0396290910701178	3	0.501551113425001	0.02150024318504878	3	0.0	0.0	3	1.0	0.0	3	0.0	0.0	3	0.01	0.0	3	5.0	0.0	3	nan	nan	0	nan	nan	0	nan	nan	0	nan	nan	0	0.08629748707185285	0.05718145251778973	3	0.03556794814551573	0.030858238345781587	3	0.0	0.0	3	0.38812126906371075	0.06259507078383263	3	0.0	0.0	3	0.08629748707185285	0.05718145251778973	3	0.03556794814551573	0.030858238345781587	3	0.0	0.0	3	0.38812126906371075	0.06259507078383263	3	0.0	0.0	3	0.08629748707185285	0.05718145251778973	3	0.03556794814551573	0.030858238345781587	3	0.0	0.0	3	0.38812126906371075	0.06259507078383263	3	0.0	0.0	3	nan	nan	0
anchor_fraction_x_contacts__model_mismatched__d500__sep1__cis0.65__bg0.05__a0.01__r2__m0	anchor_fraction_x_contacts	coarse	model_mismatched	ORACLE_coordinates_inference_monotone_log	3	500	1.0	0.35	0.05	0.01	2	0	ORACLE_COORDINATES	MISMATCHED_INFERENCE_SCORE_OR_MOLECULE_COMPOSITE	0.3388818597628407	0.023430104032968236	3	0.5731107431480678	0.03829919082460538	3	1.3052011633750504	0.008936556452379013	3	0.6727994644287426	0.0210321598133661	3	0.053850201786237735	0.005766375762124615	3	0.037134334539282776	0.008053798050616474	3	0.0	0.0	3	0.3388818597628407	0.023430104032968236	3	0.5731107431480678	0.03829919082460538	3	1.3052011633750504	0.008936556452379013	3	0.6727994644287426	0.0210321598133661	3	0.053850201786237735	0.005766375762124615	3	0.037134334539282776	0.008053798050616474	3	1.0	0.0	3	0.0	0.0	3	1.0	0.0	3	1.0	0.0	3	1.0	0.0	3	0.39209397238173027	0.017170813555815796	3	0.6070993085195463	0.04842997637894494	3	0.23585752491803855	0.04006820515734785	3	0.5073945263050271	0.020160371292091864	3	0.39209397238173027	0.017170813555815796	3	0.6070993085195463	0.04842997637894494	3	0.23585752491803855	0.04006820515734785	3	0.5073945263050271	0.020160371292091864	3	0.0	0.0	3	1.0	0.0	3	0.0	0.0	3	0.01	0.0	3	5.0	0.0	3	nan	nan	0	nan	nan	0	nan	nan	0	nan	nan	0	0.03072025854344544	0.044334456096989015	3	0.009976338657894657	0.009672514295571614	3	0.003538570417551309	0.006128983749359084	3	0.25107560086029235	0.20852374995478196	3	0.003538570417551309	0.006128983749359084	3	0.03072025854344544	0.044334456096989015	3	0.009976338657894657	0.009672514295571614	3	0.003538570417551309	0.006128983749359084	3	0.25107560086029235	0.20852374995478196	3	0.003538570417551309	0.006128983749359084	3	0.03072025854344544	0.044334456096989015	3	0.009976338657894657	0.009672514295571614	3	0.003538570417551309	0.006128983749359084	3	0.25107560086029235	0.20852374995478196	3	0.003538570417551309	0.006128983749359084	3	nan	nan	0
anchor_fraction_x_contacts__model_mismatched__d500__sep1__cis0.65__bg0.05__a0.01__r2__m0	anchor_fraction_x_contacts	coarse	model_mismatched	ORACLE_external_phase_anchors_monotone_log_midpoint_delta_pairwise	3	500	1.0	0.35	0.05	0.01	2	0	ORACLE_EXTERNAL_PHASE_ANCHORS	MISMATCHED_OR_MOLECULE_COMPOSITE	0.23294718037872816	0.021273127506671097	3	0.4405665938499876	0.04143505007556422	3	2.0744832453959487	0.274423535168296	3	1.11322486279503	0.1710216285397882	3	0.4100220952673457	0.05547014184147478	3	0.30452239218941135	0.046139478477608416	3	0.9246827341675319	0.11483425967267114	3	0.2408123871146828	0.01481221408063709	3	0.41482774343725737	0.024337183650644197	3	1.9811301057457025	0.19408687841838773	3	1.1151142331613637	0.17166482716032325	3	0.38490068779094083	0.03822461595635254	3	0.30312796214284227	0.040539916572057154	3	0.9235272591017977	0.033537584828966335	3	5.070184917751367	0.9888243595374138	3	0.7777777777777777	0.1924500897298753	3	0.6666666666666666	0.28867513459481287	3	0.10841750841750841	0.10851575530496257	3	0.19815661198383352	0.06657071696851474	3	0.3829568470695592	0.04919789408545776	3	0.2974226360318402	0.06812682558023803	3	0.5497718396904768	0.0780047538845057	3	0.2420911025202658	0.028208569544282122	3	0.3829568470695592	0.04919789408545776	3	0.23757293125459922	0.02412678139712118	3	0.4755316229381828	0.023910814699120028	3	0.5699573028832674	0.00859975925083249	3	0.6666666666666666	0.5773502691896258	3	0.3333333333333333	0.5773502691896258	3	0.01	0.0	3	5.0	0.0	3	0.8942760942760942	0.03321579112495228	3	0.27684524943294125	0.03975577017561532	3	0.08216341526536312	0.015978172703805627	3	0.05010767054827108	0.019404916277990503	3	0.0	0.0	3	0.0	0.0	3	0.0	0.0	3	0.0	0.0	3	0.0	0.0	3	0.0	0.0	3	0.0	0.0	3	0.0	0.0	3	0.0	0.0	3	0.0	0.0	3	0.0	0.0	3	0.0	0.0	3	0.0	0.0	3	0.0	0.0	3	0.0	0.0	3	0.8329339663309826	0.044963850728936015	3
anchor_fraction_x_contacts__model_mismatched__d500__sep1__cis0.65__bg0.05__a0.05__r2__m0	anchor_fraction_x_contacts	coarse	model_mismatched	ORACLE_coordinates_generator_conditional	3	500	1.0	0.35	0.05	0.05	2	0	ORACLE_COORDINATES_AND_GENERATOR	ORACLE_GENERATOR_CONDITIONAL	0.3324000433376721	0.023791513668558337	3	0.6030060008813124	0.023776135582782378	3	1.277089264625146	0.01922647377192443	3	0.6554565804182663	0.005552538252437613	3	0.02452338433502976	0.013104933837173103	3	0.027915378128959268	0.00626498988207481	3	0.0	0.0	3	0.3324000433376721	0.023791513668558337	3	0.6030060008813124	0.023776135582782378	3	1.277089264625146	0.01922647377192443	3	0.6554565804182663	0.005552538252437613	3	0.02452338433502976	0.013104933837173103	3	0.027915378128959268	0.00626498988207481	3	1.0	0.0	3	0.0	0.0	3	1.0	0.0	3	1.0	0.0	3	1.0	0.0	3	0.38923239172865903	0.01446627261579294	3	0.6600156881745162	0.019224375518405973	3	0.22189234865291205	0.036905718212397486	3	0.4919739884528617	0.025471179186921076	3	0.38923239172865903	0.01446627261579294	3	0.6600156881745162	0.019224375518405973	3	0.22189234865291205	0.036905718212397486	3	0.4919739884528617	0.025471179186921076	3	0.0	0.0	3	1.0	0.0	3	0.0	0.0	3	0.05000000000000001	8.498374721940739e-18	3	25.0	0.0	3	nan	nan	0	nan	nan	0	nan	nan	0	nan	nan	0	0.09165046687352096	0.061505976775015285	3	0.036406391377407456	0.03167508624006059	3	0.0	0.0	3	0.4071306648823096	0.05317647224827031	3	0.0	0.0	3	0.09165046687352096	0.061505976775015285	3	0.036406391377407456	0.03167508624006059	3	0.0	0.0	3	0.4071306648823096	0.05317647224827031	3	0.0	0.0	3	0.09165046687352096	0.061505976775015285	3	0.036406391377407456	0.03167508624006059	3	0.0	0.0	3	0.4071306648823096	0.05317647224827031	3	0.0	0.0	3	nan	nan	0
anchor_fraction_x_contacts__model_mismatched__d500__sep1__cis0.65__bg0.05__a0.05__r2__m0	anchor_fraction_x_contacts	coarse	model_mismatched	ORACLE_coordinates_inference_monotone_log	3	500	1.0	0.35	0.05	0.05	2	0	ORACLE_COORDINATES	MISMATCHED_INFERENCE_SCORE_OR_MOLECULE_COMPOSITE	0.3346309890900483	0.022955328696976075	3	0.5741168477530901	0.03614789106960299	3	1.3074147007620145	0.008091996426305356	3	0.673889897775178	0.021631389958770675	3	0.0529780456001925	0.0063283966476235425	3	0.03043927521230343	0.009694172041319614	3	0.0	0.0	3	0.3346309890900483	0.022955328696976075	3	0.5741168477530901	0.03614789106960299	3	1.3074147007620145	0.008091996426305356	3	0.673889897775178	0.021631389958770675	3	0.0529780456001925	0.0063283966476235425	3	0.03043927521230343	0.009694172041319614	3	1.0	0.0	3	0.0	0.0	3	1.0	0.0	3	1.0	0.0	3	1.0	0.0	3	0.38923239172865903	0.01446627261579294	3	0.6043481191157563	0.04683207492978984	3	0.22817518944279505	0.04033401272301793	3	0.5157721777440087	0.01932403173036476	3	0.38923239172865903	0.01446627261579294	3	0.6043481191157563	0.04683207492978984	3	0.22817518944279505	0.04033401272301793	3	0.5157721777440087	0.01932403173036476	3	0.0	0.0	3	1.0	0.0	3	0.0	0.0	3	0.05000000000000001	8.498374721940739e-18	3	25.0	0.0	3	nan	nan	0	nan	nan	0	nan	nan	0	nan	nan	0	0.03134870525223801	0.045038805663268816	3	0.01042194889947269	0.010106085358624688	3	0.0036954915003695496	0.006400779037579	3	0.25129464787770645	0.2117545322584816	3	0.0036954915003695496	0.006400779037579	3	0.03134870525223801	0.045038805663268816	3	0.01042194889947269	0.010106085358624688	3	0.0036954915003695496	0.006400779037579	3	0.25129464787770645	0.2117545322584816	3	0.0036954915003695496	0.006400779037579	3	0.03134870525223801	0.045038805663268816	3	0.01042194889947269	0.010106085358624688	3	0.0036954915003695496	0.006400779037579	3	0.25129464787770645	0.2117545322584816	3	0.0036954915003695496	0.006400779037579	3	nan	nan	0
anchor_fraction_x_contacts__model_mismatched__d500__sep1__cis0.65__bg0.05__a0.05__r2__m0	anchor_fraction_x_contacts	coarse	model_mismatched	ORACLE_external_phase_anchors_monotone_log_midpoint_delta_pairwise	3	500	1.0	0.35	0.05	0.05	2	0	ORACLE_EXTERNAL_PHASE_ANCHORS	MISMATCHED_OR_MOLECULE_COMPOSITE	0.2632618747544606	0.052362875662564506	3	0.4298501700930986	0.015702330884274293	3	1.823311240657781	0.1161846688109421	3	1.025432619895451	0.10211538648179798	3	0.3407174096090276	0.03865097248040386	3	0.2717197273252556	0.034316039794763484	3	0.9168716297548364	0.10716308639344659	3	0.25124912485854833	0.06337063981501934	3	0.41462946994089167	0.035818017325551996	3	1.8033803987301134	0.06231904474179958	3	1.0254521384797253	0.10297675648345647	3	0.34350795860337735	0.027325993712767893	3	0.27495939601283453	0.03941658918674518	3	0.9295422966957826	0.023375312648696387	3	5.080325238496562	1.063823439664154	3	0.7777777777777777	0.1924500897298753	3	0.6666666666666666	0.28867513459481287	3	0.08013468013468013	0.00617181911778564	3	0.2447483262386211	0.07786736510216483	3	0.37275344586841413	0.044407423635040175	3	0.29716683942036054	0.04521149386132058	3	0.5381512071652916	0.05927003743121562	3	0.251342826674107	0.06903325779935152	3	0.37275344586841413	0.044407423635040175	3	0.25145238173407186	0.05225345339570405	3	0.4954161644302489	0.027087367113239846	3	0.5538673607322077	0.0043916424520349575	3	0.6666666666666666	0.5773502691896258	3	0.3333333333333333	0.5773502691896258	3	0.05000000000000001	8.498374721940739e-18	3	25.0	0.0	3	0.9150877192982456	0.019561206827742234	3	0.24305718590584233	0.030698029983045737	3	0.06822473998034737	0.012331503373334626	3	0.0374306649227116	0.02145220640249765	3	0.0	0.0	3	0.0	0.0	3	0.0	0.0	3	0.0	0.0	3	0.0	0.0	3	0.0	0.0	3	0.0	0.0	3	0.0	0.0	3	0.0	0.0	3	0.0	0.0	3	0.0	0.0	3	0.0	0.0	3	0.0	0.0	3	0.0	0.0	3	0.0	0.0	3	0.8868332229589981	0.04895237176501826	3
anchor_fraction_x_contacts__model_mismatched__d500__sep1__cis0.65__bg0.05__a0__r2__m0	anchor_fraction_x_contacts	coarse	model_mismatched	ORACLE_coordinates_generator_conditional	3	500	1.0	0.35	0.05	0.0	2	0	ORACLE_COORDINATES_AND_GENERATOR	ORACLE_GENERATOR_CONDITIONAL	0.33530269673913965	0.019250256271812816	3	0.602880211482134	0.027074269785518062	3	1.277064886509782	0.01938224486450933	3	0.6566437622937253	0.007731914270819697	3	0.026933469718329175	0.012281962551291872	3	0.025227751317657584	0.009250208640513494	3	0.0	0.0	3	0.33530269673913965	0.019250256271812816	3	0.602880211482134	0.027074269785518062	3	1.277064886509782	0.01938224486450933	3	0.6566437622937253	0.007731914270819697	3	0.026933469718329175	0.012281962551291872	3	0.025227751317657584	0.009250208640513494	3	1.0	0.0	3	0.0	0.0	3	1.0	0.0	3	1.0	0.0	3	1.0	0.0	3	0.3920025290690794	0.013707751106592692	3	0.654982142112494	0.02562128678361222	3	0.2260209456528475	0.03522769002887779	3	0.5027045211094291	0.02594658871623697	3	0.3920025290690794	0.013707751106592692	3	0.654982142112494	0.02562128678361222	3	0.2260209456528475	0.03522769002887779	3	0.5027045211094291	0.02594658871623697	3	0.0	0.0	3	1.0	0.0	3	0.0	0.0	3	0.0	0.0	3	0.0	0.0	3	nan	nan	0	nan	nan	0	nan	nan	0	nan	nan	0	0.08538398874244318	0.05657874426834966	3	0.03519242091741155	0.03053261458543293	3	0.0	0.0	3	0.3741050317216394	0.04934773721655833	3	0.0	0.0	3	0.08538398874244318	0.05657874426834966	3	0.03519242091741155	0.03053261458543293	3	0.0	0.0	3	0.3741050317216394	0.04934773721655833	3	0.0	0.0	3	0.08538398874244318	0.05657874426834966	3	0.03519242091741155	0.03053261458543293	3	0.0	0.0	3	0.3741050317216394	0.04934773721655833	3	0.0	0.0	3	nan	nan	0
anchor_fraction_x_contacts__model_mismatched__d500__sep1__cis0.65__bg0.05__a0__r2__m0	anchor_fraction_x_contacts	coarse	model_mismatched	ORACLE_coordinates_inference_monotone_log	3	500	1.0	0.35	0.05	0.0	2	0	ORACLE_COORDINATES	MISMATCHED_INFERENCE_SCORE_OR_MOLECULE_COMPOSITE	0.3388386275348574	0.02043892841707677	3	0.5741130796781347	0.038919167682226606	3	1.3046802258599015	0.008550432919443358	3	0.6728877876985638	0.020530525077699653	3	0.05217000638629641	0.00607887068127693	3	0.03673543395154041	0.006066936161107568	3	0.0	0.0	3	0.3388386275348574	0.02043892841707677	3	0.5741130796781347	0.038919167682226606	3	1.3046802258599015	0.008550432919443358	3	0.6728877876985638	0.020530525077699653	3	0.05217000638629641	0.00607887068127693	3	0.03673543395154041	0.006066936161107568	3	1.0	0.0	3	0.0	0.0	3	1.0	0.0	3	1.0	0.0	3	1.0	0.0	3	0.3920025290690794	0.013707751106592692	3	0.608268748527809	0.047034282140738876	3	0.236435343797307	0.03834742283875405	3	0.5083614408767784	0.024500386508507947	3	0.3920025290690794	0.013707751106592692	3	0.608268748527809	0.047034282140738876	3	0.236435343797307	0.03834742283875405	3	0.5083614408767784	0.024500386508507947	3	0.0	0.0	3	1.0	0.0	3	0.0	0.0	3	0.0	0.0	3	0.0	0.0	3	nan	nan	0	nan	nan	0	nan	nan	0	nan	nan	0	0.03039453573361404	0.04386354591600198	3	0.009870827311816446	0.009569872825284485	3	0.0035014005602240898	0.006064603667958255	3	0.2512426003725194	0.20875881768460147	3	0.0035014005602240898	0.006064603667958255	3	0.03039453573361404	0.04386354591600198	3	0.009870827311816446	0.009569872825284485	3	0.0035014005602240898	0.006064603667958255	3	0.2512426003725194	0.20875881768460147	3	0.0035014005602240898	0.006064603667958255	3	0.03039453573361404	0.04386354591600198	3	0.009870827311816446	0.009569872825284485	3	0.0035014005602240898	0.006064603667958255	3	0.2512426003725194	0.20875881768460147	3	0.0035014005602240898	0.006064603667958255	3	nan	nan	0
anchor_fraction_x_contacts__model_mismatched__d500__sep1__cis0.65__bg0.05__a0__r2__m0	anchor_fraction_x_contacts	coarse	model_mismatched	blind_normalized_endpoint_monotone_log_midpoint_delta_pairwise	3	500	1.0	0.35	0.05	0.0	2	0	none	MISMATCHED_OR_MOLECULE_COMPOSITE	0.22372168477338064	0.04817325721388981	3	0.42590873734222656	0.03957809589095054	3	2.0250989906769448	0.21644162069946854	3	1.069845310004643	0.09886550939683382	3	0.39988339173705806	0.045605518519416154	3	0.2859028733208202	0.03747667318854784	3	0.9463623138550044	0.13704744528161647	3	0.22816362241200014	0.02235310773274931	3	0.43005719527450914	0.04737834991810664	3	1.9841778653424063	0.11345387979027859	3	1.0692074599655157	0.10084248518166099	3	0.3954414540984386	0.017634129532831503	3	0.2843192482917292	0.046785822349544134	3	0.9118684825307404	0.03600016533405393	3	5.091066104228218	1.0520660945226268	3	0.7777777777777777	0.1924500897298753	3	0.6666666666666666	0.28867513459481287	3	0.07205387205387205	0.07071669006235731	3	0.20122771426929176	0.07572063072864467	3	0.38843467078711075	0.0372008301732992	3	0.26417018564257827	0.07213165532190134	3	0.4964748271496737	0.06808886203361737	3	0.21837107213820164	0.03289774197964509	3	0.38843467078711075	0.0372008301732992	3	0.24552625288821606	0.0865437499585568	3	0.5104179392522951	0.06839696647463364	3	0.47078051635374624	0.009137437149900762	3	0.6666666666666666	0.5773502691896258	3	0.3333333333333333	0.5773502691896258	3	0.0	0.0	3	0.0	0.0	3	0.8946666666666667	0.038798625405203936	3	0.27911531987049126	0.037554239065660376	3	0.08267720699560266	0.015663073935700652	3	0.04893596016611943	0.014445410568702305	3	0.0	0.0	3	0.0	0.0	3	0.0	0.0	3	0.0	0.0	3	0.0	0.0	3	0.0	0.0	3	0.0	0.0	3	0.0	0.0	3	0.0	0.0	3	0.0	0.0	3	0.0	0.0	3	0.0	0.0	3	0.0	0.0	3	0.0	0.0	3	0.0	0.0	3	0.8288136758165252	0.04077633434355636	3
anchor_fraction_x_contacts__well_specified__d10000__sep1__cis0.65__bg0.05__a0.001__r2__m0	anchor_fraction_x_contacts	coarse	well_specified	ORACLE_coordinates_generator_conditional	3	10000	1.0	0.35	0.05	0.001	2	0	ORACLE_COORDINATES_AND_GENERATOR	ORACLE_GENERATOR_CONDITIONAL	0.42932969386284014	0.07572304167588284	3	0.5916828185425865	0.04915221832276544	3	1.2066521386417637	0.1294998318901236	3	0.6391928807853396	0.05788379629462621	3	0.006532580421586067	0.0026590694551614545	3	0.0086363640613909	0.005141015809809143	3	0.0	0.0	3	0.42932969386284014	0.07572304167588284	3	0.5916828185425865	0.04915221832276544	3	1.2066521386417637	0.1294998318901236	3	0.6391928807853396	0.05788379629462621	3	0.006532580421586067	0.0026590694551614545	3	0.0086363640613909	0.005141015809809143	3	1.0	0.0	3	0.0	0.0	3	1.0	0.0	3	1.0	0.0	3	1.0	0.0	3	0.5049640749567326	0.12872334155678736	3	0.641217959032211	0.0784711607307683	3	0.28979428922112405	0.028434683199396862	3	0.5004110026969584	0.007820588639177086	3	0.5049640749567326	0.12872334155678736	3	0.641217959032211	0.0784711607307683	3	0.28979428922112405	0.028434683199396862	3	0.5004110026969584	0.007820588639177086	3	0.0	0.0	3	1.0	0.0	3	0.0	0.0	3	0.001	0.0	3	10.0	0.0	3	nan	nan	0	nan	nan	0	nan	nan	0	nan	nan	0	0.4977892887364314	0.34417555941166844	3	0.24799597287736042	0.27945017337456185	3	0.06642754158314872	0.11505587704390789	3	0.34899389280499454	0.35476193524287114	3	0.08541688645075078	0.14794638715704198	3	0.4977892887364314	0.34417555941166844	3	0.24799597287736042	0.27945017337456185	3	0.06642754158314872	0.11505587704390789	3	0.34899389280499454	0.35476193524287114	3	0.08541688645075078	0.14794638715704198	3	0.4977892887364314	0.34417555941166844	3	0.24799597287736042	0.27945017337456185	3	0.06642754158314872	0.11505587704390789	3	0.34899389280499454	0.35476193524287114	3	0.08541688645075078	0.14794638715704198	3	nan	nan	0
anchor_fraction_x_contacts__well_specified__d10000__sep1__cis0.65__bg0.05__a0.001__r2__m0	anchor_fraction_x_contacts	coarse	well_specified	ORACLE_coordinates_inference_monotone_log	3	10000	1.0	0.35	0.05	0.001	2	0	ORACLE_COORDINATES	MATCHED_PAIRWISE_ENDPOINT_LIKELIHOOD	0.42932969386284014	0.07572304167588284	3	0.5916828185425865	0.04915221832276544	3	1.2066521386417637	0.1294998318901236	3	0.6391928807853396	0.05788379629462621	3	0.00653258042158607	0.002659069455161455	3	0.008636364061390922	0.005141015809809096	3	0.0	0.0	3	0.42932969386284014	0.07572304167588284	3	0.5916828185425865	0.04915221832276544	3	1.2066521386417637	0.1294998318901236	3	0.6391928807853396	0.05788379629462621	3	0.00653258042158607	0.002659069455161455	3	0.008636364061390922	0.005141015809809096	3	1.0	0.0	3	0.0	0.0	3	1.0	0.0	3	1.0	0.0	3	1.0	0.0	3	0.5049640749567326	0.12872334155678736	3	0.641217959032211	0.0784711607307683	3	0.28979428922112405	0.028434683199396862	3	0.5004110026969584	0.007820588639177086	3	0.5049640749567326	0.12872334155678736	3	0.641217959032211	0.0784711607307683	3	0.28979428922112405	0.028434683199396862	3	0.5004110026969584	0.007820588639177086	3	0.0	0.0	3	1.0	0.0	3	0.0	0.0	3	0.001	0.0	3	10.0	0.0	3	nan	nan	0	nan	nan	0	nan	nan	0	nan	nan	0	0.4977892887364314	0.34417555941166844	3	0.24799597287736042	0.27945017337456185	3	0.06642754158314872	0.11505587704390789	3	0.34899389280499454	0.35476193524287114	3	0.08541688645075078	0.14794638715704198	3	0.4977892887364314	0.34417555941166844	3	0.24799597287736042	0.27945017337456185	3	0.06642754158314872	0.11505587704390789	3	0.34899389280499454	0.35476193524287114	3	0.08541688645075078	0.14794638715704198	3	0.4977892887364314	0.34417555941166844	3	0.24799597287736042	0.27945017337456185	3	0.06642754158314872	0.11505587704390789	3	0.34899389280499454	0.35476193524287114	3	0.08541688645075078	0.14794638715704198	3	nan	nan	0
anchor_fraction_x_contacts__well_specified__d10000__sep1__cis0.65__bg0.05__a0.001__r2__m0	anchor_fraction_x_contacts	coarse	well_specified	ORACLE_external_phase_anchors_monotone_log_midpoint_delta_pairwise	3	10000	1.0	0.35	0.05	0.001	2	0	ORACLE_EXTERNAL_PHASE_ANCHORS	MATCHED_PAIRWISE_ENDPOINT_LIKELIHOOD	0.2619076437147905	0.035153679356530146	3	0.5387698867332401	0.07135513026660531	3	1.9029171452275035	0.10053668568617084	3	0.7970812899069716	0.100499284663407	3	0.30737604751243436	0.052318026461801975	3	0.14718516166333023	0.04023598525297165	3	1.0360716898737898	0.14650335112989377	3	0.28191381202378857	0.06704186261238484	3	0.5378899475325588	0.0721293457346344	3	1.8639933383416085	0.20627839108018095	3	0.7967872879545838	0.10045518464594962	3	0.2996011092653996	0.04610511301660661	3	0.14806510086401142	0.040700199525338474	3	0.8431158369065965	0.029462381213368034	3	6.213436299897169	0.8216529972563039	3	0.7777777777777777	0.1924500897298753	3	0.3333333333333333	0.5773502691896258	3	0.29966329966329963	0.16729094388355822	3	0.26587874718365345	0.046146819210586845	3	0.5575808356201241	0.11199281241888355	3	0.2545152695385233	0.020002340286227212	3	0.5033623166904851	0.007916301405300037	3	0.29772368941456273	0.09504859107070479	3	0.5575808356201241	0.11199281241888355	3	0.2521962038352106	0.030170735855819992	3	0.5009074023477009	0.0044364455371392105	3	1.301410948857665	0.03523119323620126	3	1.0	0.0	3	0.0	0.0	3	0.001	0.0	3	10.0	0.0	3	0.8824491157824491	0.05455467700102276	3	0.29833726163967694	0.08247783582652969	3	0.08857731967924294	0.03052605931001018	3	0.05447401131122759	0.019302669618738704	3	0.04332383866089953	0.07503908973959478	3	0.03368850441326441	0.0583502012747823	3	0.02053662481977705	0.03557047760383389	3	0.10939972570946303	0.1894858832628891	3	0.02053662481977705	0.03557047760383389	3	0.0	0.0	3	0.0	0.0	3	0.0	0.0	3	0.10939972570946303	0.1894858832628891	3	0.02053662481977705	0.03557047760383389	3	0.0476843548897563	0.08259172539520333	3	0.029890635439743993	0.05177209925215549	3	0.02053662481977705	0.03557047760383389	3	0.1996694447374899	0.3458376230043987	3	0.02053662481977705	0.03557047760383389	3	0.7834145178462052	0.08512203618217216	3
anchor_fraction_x_contacts__well_specified__d10000__sep1__cis0.65__bg0.05__a0.005__r2__m0	anchor_fraction_x_contacts	coarse	well_specified	ORACLE_coordinates_generator_conditional	3	10000	1.0	0.35	0.05	0.005	2	0	ORACLE_COORDINATES_AND_GENERATOR	ORACLE_GENERATOR_CONDITIONAL	0.4294538133618122	0.07564427936357025	3	0.5918238135269506	0.0493151272995718	3	1.2062798415648872	0.12951211594488263	3	0.6390946250612657	0.057973525521485825	3	0.006691012890441221	0.0024930783582889577	3	0.00893129876679115	0.005267117467601065	3	0.0	0.0	3	0.4294538133618122	0.07564427936357025	3	0.5918238135269506	0.0493151272995718	3	1.2062798415648872	0.12951211594488263	3	0.6390946250612657	0.057973525521485825	3	0.006691012890441221	0.0024930783582889577	3	0.00893129876679115	0.005267117467601065	3	1.0	0.0	3	0.0	0.0	3	1.0	0.0	3	1.0	0.0	3	1.0	0.0	3	0.5052001062070329	0.12871012730974415	3	0.6411554078927916	0.07859700465256333	3	0.2897903846876609	0.02821847379269693	3	0.5009703508849991	0.0078501366684726	3	0.5052001062070329	0.12871012730974415	3	0.6411554078927916	0.07859700465256333	3	0.2897903846876609	0.02821847379269693	3	0.5009703508849991	0.0078501366684726	3	0.0	0.0	3	1.0	0.0	3	0.0	0.0	3	0.005	0.0	3	50.0	0.0	3	nan	nan	0	nan	nan	0	nan	nan	0	nan	nan	0	0.4980976658751412	0.34475274662257427	3	0.24788169548645866	0.27953521097487133	3	0.07596143659285941	0.1315690675947542	3	0.3494842468368437	0.35600447669680496	3	0.08528445809937495	0.14771701452409644	3	0.4980976658751412	0.34475274662257427	3	0.24788169548645866	0.27953521097487133	3	0.07596143659285941	0.1315690675947542	3	0.3494842468368437	0.35600447669680496	3	0.08528445809937495	0.14771701452409644	3	0.4980976658751412	0.34475274662257427	3	0.24788169548645866	0.27953521097487133	3	0.07596143659285941	0.1315690675947542	3	0.3494842468368437	0.35600447669680496	3	0.08528445809937495	0.14771701452409644	3	nan	nan	0
anchor_fraction_x_contacts__well_specified__d10000__sep1__cis0.65__bg0.05__a0.005__r2__m0	anchor_fraction_x_contacts	coarse	well_specified	ORACLE_coordinates_inference_monotone_log	3	10000	1.0	0.35	0.05	0.005	2	0	ORACLE_COORDINATES	MATCHED_PAIRWISE_ENDPOINT_LIKELIHOOD	0.4294538133618122	0.07564427936357025	3	0.5918238135269506	0.0493151272995718	3	1.2062798415648872	0.12951211594488263	3	0.6390946250612657	0.057973525521485825	3	0.006691012890441203	0.0024930783582889633	3	0.00893129876679115	0.005267117467601044	3	0.0	0.0	3	0.4294538133618122	0.07564427936357025	3	0.5918238135269506	0.0493151272995718	3	1.2062798415648872	0.12951211594488263	3	0.6390946250612657	0.057973525521485825	3	0.006691012890441203	0.0024930783582889633	3	0.00893129876679115	0.005267117467601044	3	1.0	0.0	3	0.0	0.0	3	1.0	0.0	3	1.0	0.0	3	1.0	0.0	3	0.5052001062070329	0.12871012730974415	3	0.6411554078927916	0.07859700465256333	3	0.2897903846876609	0.02821847379269693	3	0.5009703508849991	0.0078501366684726	3	0.5052001062070329	0.12871012730974415	3	0.6411554078927916	0.07859700465256333	3	0.2897903846876609	0.02821847379269693	3	0.5009703508849991	0.0078501366684726	3	0.0	0.0	3	1.0	0.0	3	0.0	0.0	3	0.005	0.0	3	50.0	0.0	3	nan	nan	0	nan	nan	0	nan	nan	0	nan	nan	0	0.4980976658751412	0.34475274662257427	3	0.24788169548645866	0.27953521097487133	3	0.07596143659285941	0.1315690675947542	3	0.3494842468368437	0.35600447669680496	3	0.08528445809937495	0.14771701452409644	3	0.4980976658751412	0.34475274662257427	3	0.24788169548645866	0.27953521097487133	3	0.07596143659285941	0.1315690675947542	3	0.3494842468368437	0.35600447669680496	3	0.08528445809937495	0.14771701452409644	3	0.4980976658751412	0.34475274662257427	3	0.24788169548645866	0.27953521097487133	3	0.07596143659285941	0.1315690675947542	3	0.3494842468368437	0.35600447669680496	3	0.08528445809937495	0.14771701452409644	3	nan	nan	0
anchor_fraction_x_contacts__well_specified__d10000__sep1__cis0.65__bg0.05__a0.005__r2__m0	anchor_fraction_x_contacts	coarse	well_specified	ORACLE_external_phase_anchors_monotone_log_midpoint_delta_pairwise	3	10000	1.0	0.35	0.05	0.005	2	0	ORACLE_EXTERNAL_PHASE_ANCHORS	MATCHED_PAIRWISE_ENDPOINT_LIKELIHOOD	0.2855885425769938	0.014456636773767169	3	0.5389292647626155	0.08622138211266595	3	1.81197912552699	0.08382434917826039	3	0.7650257322316087	0.14593997405966638	3	0.29227394079878005	0.022875540440791715	3	0.13080623212703266	0.07410682123602155	3	1.034816420411803	0.06657348625337409	3	0.30085176050263	0.037880030794446115	3	0.5435190794034795	0.08226610634031939	3	1.783534857369565	0.07003006648076023	3	0.763446160071775	0.1451936019604435	3	0.2776541909429129	0.025082814088071847	3	0.1262164174861686	0.070131914223302	3	0.8419473154478206	0.009040928995264335	3	6.229141254031514	0.8524888240935276	3	0.7777777777777777	0.1924500897298753	3	0.5	0.5	3	0.362962962962963	0.23035028164335167	3	0.3034996611967182	0.02169021953836863	3	0.5630780473766147	0.12881945854513221	3	0.2526699040079163	0.004168813215898632	3	0.4937647382542385	0.006763749671292589	3	0.3249537814280913	0.053776611120752174	3	0.5630780473766147	0.12881945854513221	3	0.256396630933787	0.03159726654993737	3	0.5066641128801218	0.004632693810419278	3	1.27580321362863	0.023951585515287737	3	1.0	0.0	3	0.0	0.0	3	0.005	0.0	3	50.0	0.0	3	0.8941373534338358	0.049252008002197374	3	0.2756954422335935	0.070143637453773	3	0.07999591179379928	0.025359265088756633	3	0.060155734407841055	0.015635503577489943	3	0.0204470812586079	0.03541538360639828	3	0.0204470812586079	0.03541538360639828	3	0.0204470812586079	0.03541538360639828	3	0.23028569410601407	0.3988665224478811	3	0.0658614966274676	0.11407545842130014	3	0.05650316064554861	0.09786634502631648	3	0.0	0.0	3	0.0	0.0	3	0.23028569410601407	0.3988665224478811	3	0.0658614966274676	0.11407545842130014	3	0.0204470812586079	0.03541538360639828	3	0.0204470812586079	0.03541538360639828	3	0.0204470812586079	0.03541538360639828	3	0.2298972348765759	0.3981936913258252	3	0.07084083765935657	0.12269993007674428	3	0.8053479725162701	0.07906524191015628	3
anchor_fraction_x_contacts__well_specified__d10000__sep1__cis0.65__bg0.05__a0.01__r2__m0	anchor_fraction_x_contacts	coarse	well_specified	ORACLE_coordinates_generator_conditional	3	10000	1.0	0.35	0.05	0.01	2	0	ORACLE_COORDINATES_AND_GENERATOR	ORACLE_GENERATOR_CONDITIONAL	0.42939752297536554	0.07564549118735818	3	0.5919223721546374	0.04944943684183933	3	1.206241518897518	0.1297175906824023	3	0.6390218972544027	0.058159285051228374	3	0.006879227993768278	0.0026449314972192667	3	0.008989618408733321	0.004951615404695918	3	0.0	0.0	3	0.42939752297536554	0.07564549118735818	3	0.5919223721546374	0.04944943684183933	3	1.206241518897518	0.1297175906824023	3	0.6390218972544027	0.058159285051228374	3	0.006879227993768278	0.0026449314972192667	3	0.008989618408733321	0.004951615404695918	3	1.0	0.0	3	0.0	0.0	3	1.0	0.0	3	1.0	0.0	3	1.0	0.0	3	0.5053272860789703	0.1289131134577303	3	0.6414879198618336	0.07903668663856672	3	0.2894375609521936	0.02861953283978144	3	0.5006686370882015	0.008263518822555275	3	0.5053272860789703	0.1289131134577303	3	0.6414879198618336	0.07903668663856672	3	0.2894375609521936	0.02861953283978144	3	0.5006686370882015	0.008263518822555275	3	0.0	0.0	3	1.0	0.0	3	0.0	0.0	3	0.01	0.0	3	100.0	0.0	3	nan	nan	0	nan	nan	0	nan	nan	0	nan	nan	0	0.4978388793543896	0.3447970068035841	3	0.24778170106738884	0.2793745076901029	3	0.0663542443284695	0.11492892247474817	3	0.34971230941587655	0.356330219607703	3	0.08524159477402633	0.1476427730668113	3	0.4978388793543896	0.3447970068035841	3	0.24778170106738884	0.2793745076901029	3	0.0663542443284695	0.11492892247474817	3	0.34971230941587655	0.356330219607703	3	0.08524159477402633	0.1476427730668113	3	0.4978388793543896	0.3447970068035841	3	0.24778170106738884	0.2793745076901029	3	0.0663542443284695	0.11492892247474817	3	0.34971230941587655	0.356330219607703	3	0.08524159477402633	0.1476427730668113	3	nan	nan	0
anchor_fraction_x_contacts__well_specified__d10000__sep1__cis0.65__bg0.05__a0.01__r2__m0	anchor_fraction_x_contacts	coarse	well_specified	ORACLE_coordinates_inference_monotone_log	3	10000	1.0	0.35	0.05	0.01	2	0	ORACLE_COORDINATES	MATCHED_PAIRWISE_ENDPOINT_LIKELIHOOD	0.42939752297536554	0.07564549118735818	3	0.5919223721546374	0.04944943684183933	3	1.206241518897518	0.1297175906824023	3	0.6390218972544027	0.058159285051228374	3	0.006879227993768268	0.0026449314972192568	3	0.008989618408733345	0.004951615404695869	3	0.0	0.0	3	0.42939752297536554	0.07564549118735818	3	0.5919223721546374	0.04944943684183933	3	1.206241518897518	0.1297175906824023	3	0.6390218972544027	0.058159285051228374	3	0.006879227993768268	0.0026449314972192568	3	0.008989618408733345	0.004951615404695869	3	1.0	0.0	3	0.0	0.0	3	1.0	0.0	3	1.0	0.0	3	1.0	0.0	3	0.5053272860789703	0.1289131134577303	3	0.6414879198618336	0.07903668663856672	3	0.2894375609521936	0.02861953283978144	3	0.5006686370882015	0.008263518822555275	3	0.5053272860789703	0.1289131134577303	3	0.6414879198618336	0.07903668663856672	3	0.2894375609521936	0.02861953283978144	3	0.5006686370882015	0.008263518822555275	3	0.0	0.0	3	1.0	0.0	3	0.0	0.0	3	0.01	0.0	3	100.0	0.0	3	nan	nan	0	nan	nan	0	nan	nan	0	nan	nan	0	0.4978388793543896	0.3447970068035841	3	0.24778170106738884	0.2793745076901029	3	0.0663542443284695	0.11492892247474817	3	0.34971230941587655	0.356330219607703	3	0.08524159477402633	0.1476427730668113	3	0.4978388793543896	0.3447970068035841	3	0.24778170106738884	0.2793745076901029	3	0.0663542443284695	0.11492892247474817	3	0.34971230941587655	0.356330219607703	3	0.08524159477402633	0.1476427730668113	3	0.4978388793543896	0.3447970068035841	3	0.24778170106738884	0.2793745076901029	3	0.0663542443284695	0.11492892247474817	3	0.34971230941587655	0.356330219607703	3	0.08524159477402633	0.1476427730668113	3	nan	nan	0
anchor_fraction_x_contacts__well_specified__d10000__sep1__cis0.65__bg0.05__a0.01__r2__m0	anchor_fraction_x_contacts	coarse	well_specified	ORACLE_external_phase_anchors_monotone_log_midpoint_delta_pairwise	3	10000	1.0	0.35	0.05	0.01	2	0	ORACLE_EXTERNAL_PHASE_ANCHORS	MATCHED_PAIRWISE_ENDPOINT_LIKELIHOOD	0.3062707371888622	0.013241005866523915	3	0.5403024729092739	0.06253051917671162	3	1.7826207220619867	0.049097880667810866	3	0.8122352971237933	0.16719564233298784	3	0.2982856841313313	0.02841882498402119	3	0.1548946897806493	0.0683257946192718	3	1.0363382377681463	0.05064361915033521	3	0.30115837165472653	0.004934361947769467	3	0.5420065947539857	0.06544544933630263	3	1.78979383725468	0.04290400410340997	3	0.812206754072981	0.16724342639087025	3	0.30339804966546696	0.020078811513384854	3	0.1531905679359374	0.07127710144278805	3	0.8419659775772571	0.014564099528738644	3	6.216860257829599	0.8188710223004219	3	0.8888888888888888	0.1924500897298753	3	0.6666666666666666	0.5773502691896258	3	0.27811447811447804	0.09322161605749339	3	0.336238052758323	0.024922831808883064	3	0.5625522304307732	0.09846778695523717	3	0.2516070542469297	0.032952055889925766	3	0.498781147870212	0.0078116810111024905	3	0.3283326989255894	0.015783717444108242	3	0.5625522304307732	0.09846778695523717	3	0.2517088354174132	0.032941189515422464	3	0.5036666440534181	0.00639114318641948	3	1.3108481098897755	0.05860643147984558	3	1.0	0.0	3	0.0	0.0	3	0.01	0.0	3	100.0	0.0	3	0.9117508417508419	0.028322002691887303	3	0.2603730166851377	0.05155302313085983	3	0.07363278634598623	0.018004755888616684	3	0.06483008974834513	0.013522304051837873	3	0.0908154933077715	0.1572970485234916	3	0.035999573969538824	0.06235309116607524	3	0.035999573969538824	0.06235309116607524	3	0.1903646110696915	0.3297211783357944	3	0.06592821386729152	0.1141910160704159	3	0.056520041182944576	0.09789558297474536	3	0.035999573969538824	0.06235309116607524	3	0.035999573969538824	0.06235309116607524	3	0.1900805907622395	0.32922924073290616	3	0.06592821386729152	0.1141910160704159	3	0.10235785362109	0.13224767481065258	3	0.035999573969538824	0.06235309116607524	3	0.035999573969538824	0.06235309116607524	3	0.19000958568537651	0.32910625633218415	3	0.06369155394610715	0.1103170074476716	3	0.8157099049094492	0.061742128559593185	3
anchor_fraction_x_contacts__well_specified__d10000__sep1__cis0.65__bg0.05__a0.05__r2__m0	anchor_fraction_x_contacts	coarse	well_specified	ORACLE_coordinates_generator_conditional	3	10000	1.0	0.35	0.05	0.05	2	0	ORACLE_COORDINATES_AND_GENERATOR	ORACLE_GENERATOR_CONDITIONAL	0.42900018610150187	0.07575132847107073	3	0.5924526047049433	0.048186298268164014	3	1.20691816080872	0.1292002224707328	3	0.6388705038393839	0.05800360137217202	3	0.006446957776239349	0.002411015993879903	3	0.00937054651565888	0.003463370315400199	3	0.0	0.0	3	0.42900018610150187	0.07575132847107073	3	0.5924526047049433	0.048186298268164014	3	1.20691816080872	0.1292002224707328	3	0.6388705038393839	0.05800360137217202	3	0.006446957776239349	0.002411015993879903	3	0.00937054651565888	0.003463370315400199	3	1.0	0.0	3	0.0	0.0	3	1.0	0.0	3	1.0	0.0	3	1.0	0.0	3	0.5047527539806437	0.1294653683788929	3	0.6420748542495763	0.07809562005490915	3	0.28993324447657715	0.028451728911624	3	0.501468921699436	0.010337051166507068	3	0.5047527539806437	0.1294653683788929	3	0.6420748542495763	0.07809562005490915	3	0.28993324447657715	0.028451728911624	3	0.501468921699436	0.010337051166507068	3	0.0	0.0	3	1.0	0.0	3	0.0	0.0	3	0.05000000000000001	8.498374721940739e-18	3	500.0	0.0	3	nan	nan	0	nan	nan	0	nan	nan	0	nan	nan	0	0.49700134063985574	0.34426729245340976	3	0.24790592471948694	0.2791163044172566	3	0.06663700077872955	0.11541867101276643	3	0.3520311942386534	0.35263625224295164	3	0.08566025141840027	0.14836790764579322	3	0.49700134063985574	0.34426729245340976	3	0.24790592471948694	0.2791163044172566	3	0.06663700077872955	0.11541867101276643	3	0.3520311942386534	0.35263625224295164	3	0.08566025141840027	0.14836790764579322	3	0.49700134063985574	0.34426729245340976	3	0.24790592471948694	0.2791163044172566	3	0.06663700077872955	0.11541867101276643	3	0.3520311942386534	0.35263625224295164	3	0.08566025141840027	0.14836790764579322	3	nan	nan	0
anchor_fraction_x_contacts__well_specified__d10000__sep1__cis0.65__bg0.05__a0.05__r2__m0	anchor_fraction_x_contacts	coarse	well_specified	ORACLE_coordinates_inference_monotone_log	3	10000	1.0	0.35	0.05	0.05	2	0	ORACLE_COORDINATES	MATCHED_PAIRWISE_ENDPOINT_LIKELIHOOD	0.42900018610150187	0.07575132847107073	3	0.5924526047049433	0.048186298268164014	3	1.20691816080872	0.1292002224707328	3	0.6388705038393839	0.05800360137217202	3	0.006446957776239368	0.0024110159938799014	3	0.009370546515658879	0.0034633703154002	3	0.0	0.0	3	0.42900018610150187	0.07575132847107073	3	0.5924526047049433	0.048186298268164014	3	1.20691816080872	0.1292002224707328	3	0.6388705038393839	0.05800360137217202	3	0.006446957776239368	0.0024110159938799014	3	0.009370546515658879	0.0034633703154002	3	1.0	0.0	3	0.0	0.0	3	1.0	0.0	3	1.0	0.0	3	1.0	0.0	3	0.5047527539806437	0.1294653683788929	3	0.6420748542495763	0.07809562005490915	3	0.28993324447657715	0.028451728911624	3	0.501468921699436	0.010337051166507068	3	0.5047527539806437	0.1294653683788929	3	0.6420748542495763	0.07809562005490915	3	0.28993324447657715	0.028451728911624	3	0.501468921699436	0.010337051166507068	3	0.0	0.0	3	1.0	0.0	3	0.0	0.0	3	0.05000000000000001	8.498374721940739e-18	3	500.0	0.0	3	nan	nan	0	nan	nan	0	nan	nan	0	nan	nan	0	0.49700134063985574	0.34426729245340976	3	0.24790592471948694	0.2791163044172566	3	0.06663700077872955	0.11541867101276643	3	0.3520311942386534	0.35263625224295164	3	0.08566025141840027	0.14836790764579322	3	0.49700134063985574	0.34426729245340976	3	0.24790592471948694	0.2791163044172566	3	0.06663700077872955	0.11541867101276643	3	0.3520311942386534	0.35263625224295164	3	0.08566025141840027	0.14836790764579322	3	0.49700134063985574	0.34426729245340976	3	0.24790592471948694	0.2791163044172566	3	0.06663700077872955	0.11541867101276643	3	0.3520311942386534	0.35263625224295164	3	0.08566025141840027	0.14836790764579322	3	nan	nan	0
anchor_fraction_x_contacts__well_specified__d10000__sep1__cis0.65__bg0.05__a0.05__r2__m0	anchor_fraction_x_contacts	coarse	well_specified	ORACLE_external_phase_anchors_monotone_log_midpoint_delta_pairwise	3	10000	1.0	0.35	0.05	0.05	2	0	ORACLE_EXTERNAL_PHASE_ANCHORS	MATCHED_PAIRWISE_ENDPOINT_LIKELIHOOD	0.37861496039319653	0.05875505415693407	3	0.5807459827433535	0.05712947614983251	3	1.4921996128134971	0.15713923245873374	3	0.7024856436907118	0.10592727261276358	3	0.1893241214216594	0.05859439469510585	3	0.09132479144906573	0.05514281712337805	3	1.0001362700052203	0.11542697445385976	3	0.38194189665912065	0.047339512183280856	3	0.5811519120747528	0.05480247687803065	3	1.4744175443691676	0.10603591838839034	3	0.7019695432537357	0.10475321001076096	3	0.18599718515573527	0.0456409548248456	3	0.09091886211766646	0.05243650483381442	3	0.8612698121102641	0.02669573338517865	3	6.1613733503200985	0.9164064407038751	3	0.7777777777777777	0.1924500897298753	3	0.6666666666666666	0.28867513459481287	3	0.3993265993265993	0.19319441652544675	3	0.446364682216252	0.08628006371212955	3	0.6211453771149612	0.08651709587762083	3	0.25471631556496327	0.011356363336708048	3	0.506501600283939	0.010837448241267535	3	0.44329181669367296	0.07748357581587638	3	0.6211453771149612	0.08651709587762083	3	0.2697695531880598	0.013147532851191584	3	0.5076209951362444	0.008024510566734939	3	1.3215501209100087	0.07034711242192201	3	1.0	0.0	3	0.0	0.0	3	0.05000000000000001	8.498374721940739e-18	3	500.0	0.0	3	0.9388070175438595	0.004581467344489577	3	0.2072515504481621	0.015560995631244261	3	0.054613608103759946	0.004355473853433564	3	0.04799283226836634	0.013209543977701318	3	0.23190767170660012	0.3418881048345449	3	0.036155300923350765	0.06262281816218546	3	0.036155300923350765	0.06262281816218546	3	0.2379575036155301	0.412154486304353	3	0.0663032595394371	0.11484061422973088	3	0.2266790589576848	0.33288242198079604	3	0.036155300923350765	0.06262281816218546	3	0.036155300923350765	0.06262281816218546	3	0.23732710349686656	0.4110626012697302	3	0.0663032595394371	0.11484061422973088	3	0.2065116624021953	0.35768869163611366	3	0.036155300923350765	0.06262281816218546	3	0.036155300923350765	0.06262281816218546	3	0.24337152816405236	0.4215318518958186	3	0.07145770756850965	0.12376838010105784	3	0.8809240462050071	0.026466833554441637	3
anchor_fraction_x_contacts__well_specified__d10000__sep1__cis0.65__bg0.05__a0__r2__m0	anchor_fraction_x_contacts	coarse	well_specified	ORACLE_coordinates_generator_conditional	3	10000	1.0	0.35	0.05	0.0	2	0	ORACLE_COORDINATES_AND_GENERATOR	ORACLE_GENERATOR_CONDITIONAL	0.42929893088039256	0.07576227802855216	3	0.5916918024323542	0.049273517380330666	3	1.2067501710644866	0.1294597988071687	3	0.6391483169700175	0.05795300716428811	3	0.006486431004263448	0.002569246459576722	3	0.00855795977584521	0.005230530080124667	3	0.0	0.0	3	0.42929893088039256	0.07576227802855216	3	0.5916918024323542	0.049273517380330666	3	1.2067501710644866	0.1294597988071687	3	0.6391483169700175	0.05795300716428811	3	0.006486431004263448	0.002569246459576722	3	0.00855795977584521	0.005230530080124667	3	1.0	0.0	3	0.0	0.0	3	1.0	0.0	3	1.0	0.0	3	1.0	0.0	3	0.5049090328001784	0.12864406751151794	3	0.6412868102326246	0.07863545611761963	3	0.2898118075800169	0.028328808462170407	3	0.5003098424774001	0.007597449226443111	3	0.5049090328001784	0.12864406751151794	3	0.6412868102326246	0.07863545611761963	3	0.2898118075800169	0.028328808462170407	3	0.5003098424774001	0.007597449226443111	3	0.0	0.0	3	1.0	0.0	3	0.0	0.0	3	0.0	0.0	3	0.0	0.0	3	nan	nan	0	nan	nan	0	nan	nan	0	nan	nan	0	0.49751068621895844	0.34381319241482894	3	0.2480156911673368	0.2794751018482651	3	0.06639266519127411	0.1149954693611964	3	0.3490126009481203	0.3548066807576173	3	0.08536199810306672	0.14785131775010968	3	0.49751068621895844	0.34381319241482894	3	0.2480156911673368	0.2794751018482651	3	0.06639266519127411	0.1149954693611964	3	0.3490126009481203	0.3548066807576173	3	0.08536199810306672	0.14785131775010968	3	0.49751068621895844	0.34381319241482894	3	0.2480156911673368	0.2794751018482651	3	0.06639266519127411	0.1149954693611964	3	0.3490126009481203	0.3548066807576173	3	0.08536199810306672	0.14785131775010968	3	nan	nan	0
anchor_fraction_x_contacts__well_specified__d10000__sep1__cis0.65__bg0.05__a0__r2__m0	anchor_fraction_x_contacts	coarse	well_specified	ORACLE_coordinates_inference_monotone_log	3	10000	1.0	0.35	0.05	0.0	2	0	ORACLE_COORDINATES	MATCHED_PAIRWISE_ENDPOINT_LIKELIHOOD	0.42929893088039256	0.07576227802855216	3	0.5916918024323542	0.049273517380330666	3	1.2067501710644866	0.1294597988071687	3	0.6391483169700175	0.05795300716428811	3	0.00648643100426347	0.002569246459576726	3	0.008557959775845213	0.005230530080124656	3	0.0	0.0	3	0.42929893088039256	0.07576227802855216	3	0.5916918024323542	0.049273517380330666	3	1.2067501710644866	0.1294597988071687	3	0.6391483169700175	0.05795300716428811	3	0.00648643100426347	0.002569246459576726	3	0.008557959775845213	0.005230530080124656	3	1.0	0.0	3	0.0	0.0	3	1.0	0.0	3	1.0	0.0	3	1.0	0.0	3	0.5049090328001784	0.12864406751151794	3	0.6412868102326246	0.07863545611761963	3	0.2898118075800169	0.028328808462170407	3	0.5003098424774001	0.007597449226443111	3	0.5049090328001784	0.12864406751151794	3	0.6412868102326246	0.07863545611761963	3	0.2898118075800169	0.028328808462170407	3	0.5003098424774001	0.007597449226443111	3	0.0	0.0	3	1.0	0.0	3	0.0	0.0	3	0.0	0.0	3	0.0	0.0	3	nan	nan	0	nan	nan	0	nan	nan	0	nan	nan	0	0.49751068621895844	0.34381319241482894	3	0.2480156911673368	0.2794751018482651	3	0.06639266519127411	0.1149954693611964	3	0.3490126009481203	0.3548066807576173	3	0.08536199810306672	0.14785131775010968	3	0.49751068621895844	0.34381319241482894	3	0.2480156911673368	0.2794751018482651	3	0.06639266519127411	0.1149954693611964	3	0.3490126009481203	0.3548066807576173	3	0.08536199810306672	0.14785131775010968	3	0.49751068621895844	0.34381319241482894	3	0.2480156911673368	0.2794751018482651	3	0.06639266519127411	0.1149954693611964	3	0.3490126009481203	0.3548066807576173	3	0.08536199810306672	0.14785131775010968	3	nan	nan	0
anchor_fraction_x_contacts__well_specified__d10000__sep1__cis0.65__bg0.05__a0__r2__m0	anchor_fraction_x_contacts	coarse	well_specified	blind_normalized_endpoint_monotone_log_midpoint_delta_pairwise	3	10000	1.0	0.35	0.05	0.0	2	0	none	MATCHED_PAIRWISE_ENDPOINT_LIKELIHOOD	0.22475388216983147	0.047096406142246354	3	0.5122401611294535	0.008861791113595637	3	2.026164687290579	0.17894334792712144	3	0.8634521684765873	0.01494697744748968	3	0.3734099566633338	0.076020575218138	3	0.17440294636905243	0.018633792557218285	3	1.0464040836344115	0.10052632168247527	3	0.2568184508099239	0.04172094778911704	3	0.5124860598894211	0.009284581234266063	3	1.9467690735025711	0.13899419163490961	3	0.8635339355544364	0.014998934895167543	3	0.3413453880232414	0.02675079243271923	3	0.17415704760908476	0.01855688139887543	3	0.8298556163532741	0.004357754618834234	3	6.261269502866942	0.8262463305936515	3	0.8888888888888888	0.1924500897298753	3	0.6666666666666666	0.5773502691896258	3	0.29427609427609425	0.25119921200343187	3	0.20940801795353806	0.06194651395685839	3	0.5151974145965769	0.017668025818189537	3	0.2532628364609038	0.02251075850043511	3	0.5066766000927329	0.009741651452498258	3	0.25865263023020457	0.048388695415098326	3	0.5151974145965769	0.017668025818189537	3	0.25351071093751415	0.03038001508387059	3	0.5073819608343694	0.008819656205762774	3	0.8970327163115144	0.006025197933380879	3	1.0	0.0	3	0.0	0.0	3	0.0	0.0	3	0.0	0.0	3	0.8797333333333334	0.05595510104837033	3	0.30170062733269454	0.07399904472367368	3	0.08978857672695095	0.027563017718036528	3	0.06458278054419232	0.010354768246887133	3	0.0	0.0	3	0.0	0.0	3	0.0	0.0	3	0.029894263533213897	0.051778383294379976	3	0.020514982260160887	0.035532991590972854	3	0.0	0.0	3	0.0	0.0	3	0.0	0.0	3	0.029894263533213897	0.051778383294379976	3	0.020514982260160887	0.035532991590972854	3	0.0	0.0	3	0.0	0.0	3	0.0	0.0	3	0.020514982260160887	0.035532991590972854	3	0.020514982260160887	0.035532991590972854	3	0.7796489648396988	0.07484859758354251	3
anchor_fraction_x_contacts__well_specified__d2500__sep1__cis0.65__bg0.05__a0.001__r2__m0	anchor_fraction_x_contacts	coarse	well_specified	ORACLE_coordinates_generator_conditional	3	2500	1.0	0.35	0.05	0.001	2	0	ORACLE_COORDINATES_AND_GENERATOR	ORACLE_GENERATOR_CONDITIONAL	0.42180087269603206	0.029543909686541314	3	0.5799101012146043	0.032861147258641143	3	1.2424229851608317	0.03437701474029319	3	0.6562428578019192	0.018630704487652423	3	0.019618432108342656	0.002317019712345664	3	0.011909985212157586	0.00750315260374589	3	0.0	0.0	3	0.42180087269603206	0.029543909686541314	3	0.5799101012146043	0.032861147258641143	3	1.2424229851608317	0.03437701474029319	3	0.6562428578019192	0.018630704487652423	3	0.019618432108342656	0.002317019712345664	3	0.011909985212157586	0.00750315260374589	3	1.0	0.0	3	0.0	0.0	3	1.0	0.0	3	1.0	0.0	3	1.0	0.0	3	0.46997621339481377	0.023713872832548735	3	0.6152050347915341	0.0379180487546266	3	0.3280180944303082	0.05173556180462511	3	0.5109728897684792	0.04182535236479319	3	0.46997621339481377	0.023713872832548735	3	0.6152050347915341	0.0379180487546266	3	0.3280180944303082	0.05173556180462511	3	0.5109728897684792	0.04182535236479319	3	0.0	0.0	3	1.0	0.0	3	0.0	0.0	3	0.0008	0.0	3	2.0	0.0	3	nan	nan	0	nan	nan	0	nan	nan	0	nan	nan	0	0.4397435684381749	0.1071395412846895	3	0.1714815851473812	0.0803411016849947	3	0.0	0.0	3	0.33779289345394475	0.15014848566805714	3	0.0	0.0	3	0.4397435684381749	0.1071395412846895	3	0.1714815851473812	0.0803411016849947	3	0.0	0.0	3	0.33779289345394475	0.15014848566805714	3	0.0	0.0	3	0.4397435684381749	0.1071395412846895	3	0.1714815851473812	0.0803411016849947	3	0.0	0.0	3	0.33779289345394475	0.15014848566805714	3	0.0	0.0	3	nan	nan	0
anchor_fraction_x_contacts__well_specified__d2500__sep1__cis0.65__bg0.05__a0.001__r2__m0	anchor_fraction_x_contacts	coarse	well_specified	ORACLE_coordinates_inference_monotone_log	3	2500	1.0	0.35	0.05	0.001	2	0	ORACLE_COORDINATES	MATCHED_PAIRWISE_ENDPOINT_LIKELIHOOD	0.42180087269603206	0.029543909686541314	3	0.5799101012146043	0.032861147258641143	3	1.242422985160832	0.034377014740293116	3	0.6562428578019192	0.018630704487652423	3	0.01961843210834262	0.0023170197123456512	3	0.011909985212157586	0.007503152603745893	3	0.0	0.0	3	0.42180087269603206	0.029543909686541314	3	0.5799101012146043	0.032861147258641143	3	1.242422985160832	0.034377014740293116	3	0.6562428578019192	0.018630704487652423	3	0.01961843210834262	0.0023170197123456512	3	0.011909985212157586	0.007503152603745893	3	1.0	0.0	3	0.0	0.0	3	1.0	0.0	3	1.0	0.0	3	1.0	0.0	3	0.46997621339481377	0.023713872832548735	3	0.6152050347915341	0.0379180487546266	3	0.3280180944303082	0.05173556180462511	3	0.5109728897684792	0.04182535236479319	3	0.46997621339481377	0.023713872832548735	3	0.6152050347915341	0.0379180487546266	3	0.3280180944303082	0.05173556180462511	3	0.5109728897684792	0.04182535236479319	3	0.0	0.0	3	1.0	0.0	3	0.0	0.0	3	0.0008	0.0	3	2.0	0.0	3	nan	nan	0	nan	nan	0	nan	nan	0	nan	nan	0	0.4397435684381749	0.1071395412846895	3	0.1714815851473812	0.0803411016849947	3	0.0	0.0	3	0.33779289345394475	0.15014848566805714	3	0.0	0.0	3	0.4397435684381749	0.1071395412846895	3	0.1714815851473812	0.0803411016849947	3	0.0	0.0	3	0.33779289345394475	0.15014848566805714	3	0.0	0.0	3	0.4397435684381749	0.1071395412846895	3	0.1714815851473812	0.0803411016849947	3	0.0	0.0	3	0.33779289345394475	0.15014848566805714	3	0.0	0.0	3	nan	nan	0
anchor_fraction_x_contacts__well_specified__d2500__sep1__cis0.65__bg0.05__a0.001__r2__m0	anchor_fraction_x_contacts	coarse	well_specified	ORACLE_external_phase_anchors_monotone_log_midpoint_delta_pairwise	3	2500	1.0	0.35	0.05	0.001	2	0	ORACLE_EXTERNAL_PHASE_ANCHORS	MATCHED_PAIRWISE_ENDPOINT_LIKELIHOOD	0.2948789019508771	0.026764837237601022	3	0.5231011835214733	0.010038799315128988	3	1.574822773159223	0.05843466624908718	3	0.7270595820445216	0.032493881908253995	3	0.20326681866590057	0.02755940878382328	3	0.09671744964376512	0.023236863821049634	3	1.0512876648637148	0.11598238482807126	3	0.30241175711824725	0.07551803333048679	3	0.5246470728951708	0.014616809228887999	3	1.5200558420258385	0.12879881193150208	3	0.7270691162941985	0.03256391042396463	3	0.19573396349853042	0.03621621617229602	3	0.09517156027006775	0.022256095174654045	3	0.8861363219956037	0.033918127783000296	3	3.929315569906013	0.44281988855010107	3	0.7777777777777777	0.1924500897298753	3	0.6666666666666666	0.28867513459481287	3	0.21346801346801345	0.29142304020398213	3	0.3231094596107806	0.04781626570098058	3	0.5367109576819368	0.02081270458014983	3	0.24084754814186538	0.024448656756706343	3	0.4966952533534383	0.010640425077593142	3	0.31824519681955116	0.08980941141486337	3	0.5367109576819368	0.02081270458014983	3	0.2722332171017498	0.05057724765628087	3	0.5012220023246318	0.0032806489214275785	3	0.8110262088788053	0.05268898794498795	3	1.0	0.0	3	0.0	0.0	3	0.0008	0.0	3	2.0	0.0	3	0.87016279690419	0.09923287001359553	3	0.31187913269040474	0.1418205128942963	3	0.09417571359724176	0.054620175521603	3	0.05974529611415876	0.016541641042343565	3	0.08801656155665712	0.10975545590353845	3	0.05729069827265429	0.05952112072778467	3	0.0	0.0	3	0.09002908621892315	0.09316770511781239	3	0.0	0.0	3	0.11966173361522199	0.20726020234333714	3	0.03960535588442565	0.06859848864367224	3	0.0	0.0	3	0.08594170073618883	0.08690777148825315	3	0.0	0.0	3	0.09196300271240058	0.11639995237102657	3	0.05729069827265429	0.05952112072778467	3	0.0	0.0	3	0.09186136246980404	0.09601085527397983	3	0.0	0.0	3	0.7946115948319905	0.12488314495313887	3
anchor_fraction_x_contacts__well_specified__d2500__sep1__cis0.65__bg0.05__a0.005__r2__m0	anchor_fraction_x_contacts	coarse	well_specified	ORACLE_coordinates_generator_conditional	3	2500	1.0	0.35	0.05	0.005	2	0	ORACLE_COORDINATES_AND_GENERATOR	ORACLE_GENERATOR_CONDITIONAL	0.4223192062946408	0.029847572948622825	3	0.580249398090309	0.03340868119549284	3	1.2416647951948625	0.035188653862482065	3	0.6563492734363284	0.01865956726380672	3	0.019561926294083445	0.0023758988002254146	3	0.012291358905179383	0.007578953680486146	3	0.0	0.0	3	0.4223192062946408	0.029847572948622825	3	0.580249398090309	0.03340868119549284	3	1.2416647951948625	0.035188653862482065	3	0.6563492734363284	0.01865956726380672	3	0.019561926294083445	0.0023758988002254146	3	0.012291358905179383	0.007578953680486146	3	1.0	0.0	3	0.0	0.0	3	1.0	0.0	3	1.0	0.0	3	1.0	0.0	3	0.47039934512255543	0.024476223538884408	3	0.6153693301097851	0.038072195021458734	3	0.3286245449535819	0.052052798919116676	3	0.5116041207701333	0.042469596454741146	3	0.47039934512255543	0.024476223538884408	3	0.6153693301097851	0.038072195021458734	3	0.3286245449535819	0.052052798919116676	3	0.5116041207701333	0.042469596454741146	3	0.0	0.0	3	1.0	0.0	3	0.0	0.0	3	0.0048	0.0	3	12.0	0.0	3	nan	nan	0	nan	nan	0	nan	nan	0	nan	nan	0	0.4400553129909508	0.10694568923359656	3	0.16195627460308906	0.09543345672260048	3	0.0	0.0	3	0.33481585023360977	0.15975207991018117	3	0.0	0.0	3	0.4400553129909508	0.10694568923359656	3	0.16195627460308906	0.09543345672260048	3	0.0	0.0	3	0.33481585023360977	0.15975207991018117	3	0.0	0.0	3	0.4400553129909508	0.10694568923359656	3	0.16195627460308906	0.09543345672260048	3	0.0	0.0	3	0.33481585023360977	0.15975207991018117	3	0.0	0.0	3	nan	nan	0
anchor_fraction_x_contacts__well_specified__d2500__sep1__cis0.65__bg0.05__a0.005__r2__m0	anchor_fraction_x_contacts	coarse	well_specified	ORACLE_coordinates_inference_monotone_log	3	2500	1.0	0.35	0.05	0.005	2	0	ORACLE_COORDINATES	MATCHED_PAIRWISE_ENDPOINT_LIKELIHOOD	0.4223192062946408	0.029847572948622825	3	0.580249398090309	0.03340868119549284	3	1.2416647951948625	0.03518865386248198	3	0.6563492734363284	0.01865956726380672	3	0.019561926294083442	0.002375898800225401	3	0.012291358905179383	0.007578953680486141	3	0.0	0.0	3	0.4223192062946408	0.029847572948622825	3	0.580249398090309	0.03340868119549284	3	1.2416647951948625	0.03518865386248198	3	0.6563492734363284	0.01865956726380672	3	0.019561926294083442	0.002375898800225401	3	0.012291358905179383	0.007578953680486141	3	1.0	0.0	3	0.0	0.0	3	1.0	0.0	3	1.0	0.0	3	1.0	0.0	3	0.47039934512255543	0.024476223538884408	3	0.6153693301097851	0.038072195021458734	3	0.3286245449535819	0.052052798919116676	3	0.5116041207701333	0.042469596454741146	3	0.47039934512255543	0.024476223538884408	3	0.6153693301097851	0.038072195021458734	3	0.3286245449535819	0.052052798919116676	3	0.5116041207701333	0.042469596454741146	3	0.0	0.0	3	1.0	0.0	3	0.0	0.0	3	0.0048	0.0	3	12.0	0.0	3	nan	nan	0	nan	nan	0	nan	nan	0	nan	nan	0	0.4400553129909508	0.10694568923359656	3	0.16195627460308906	0.09543345672260048	3	0.0	0.0	3	0.33481585023360977	0.15975207991018117	3	0.0	0.0	3	0.4400553129909508	0.10694568923359656	3	0.16195627460308906	0.09543345672260048	3	0.0	0.0	3	0.33481585023360977	0.15975207991018117	3	0.0	0.0	3	0.4400553129909508	0.10694568923359656	3	0.16195627460308906	0.09543345672260048	3	0.0	0.0	3	0.33481585023360977	0.15975207991018117	3	0.0	0.0	3	nan	nan	0
anchor_fraction_x_contacts__well_specified__d2500__sep1__cis0.65__bg0.05__a0.005__r2__m0	anchor_fraction_x_contacts	coarse	well_specified	ORACLE_external_phase_anchors_monotone_log_midpoint_delta_pairwise	3	2500	1.0	0.35	0.05	0.005	2	0	ORACLE_EXTERNAL_PHASE_ANCHORS	MATCHED_PAIRWISE_ENDPOINT_LIKELIHOOD	0.27641057942750485	0.04055453213905867	3	0.5481785957725488	0.02616038600990831	3	1.620284225224644	0.08890789681140991	3	0.7224578137254598	0.055887617949817905	3	0.2251941578786751	0.024603604121421825	3	0.08222564111787935	0.04194378901263175	3	1.0423685322713327	0.1334874011584365	3	0.32458672240384984	0.05483390930710056	3	0.5500197383959419	0.027505621176990843	3	1.5044079285481329	0.10357302097771968	3	0.7166173940106049	0.05558502560880992	3	0.18194199727749424	0.02937168275234767	3	0.08032221551503303	0.04213349193470644	3	0.8897291707064833	0.03086422351972014	3	3.9406364032965677	0.43815842102726815	3	0.7777777777777777	0.1924500897298753	3	0.5	0.5	3	0.16498316498316495	0.4080874753597426	3	0.29371845237828226	0.056788603650585336	3	0.567528707036942	0.0495068514471931	3	0.24346957896374222	0.030217791988102146	3	0.5101342861724975	0.019732372259293193	3	0.3473332093178474	0.05435367530506921	3	0.567528707036942	0.0495068514471931	3	0.28041998116508765	0.05669956948617691	3	0.5155247548868881	0.01605350118954797	3	0.7645393038789431	0.04064128232205504	3	1.0	0.0	3	0.0	0.0	3	0.0048	0.0	3	12.0	0.0	3	0.8784833869239015	0.1009733447164536	3	0.30519604753036905	0.14128616515785333	3	0.09148247824028422	0.0543800087545087	3	0.060640871083253056	0.022543789347941517	3	0.058881811748053785	0.10198628958933516	3	0.03708421797593772	0.0642317496932832	3	0.0	0.0	3	0.14771368530796422	0.1444100866223877	3	0.0	0.0	3	0.07374380750176929	0.12772802133664332	3	0.03708421797593772	0.0642317496932832	3	0.0	0.0	3	0.15988636754434074	0.14679572000033142	3	0.0	0.0	3	0.05576786978060863	0.09659278388989917	3	0.04062278839348903	0.07036073344264229	3	0.0	0.0	3	0.14301453619387383	0.13428457726312176	3	0.0	0.0	3	0.8017234482151897	0.12376919001068991	3
anchor_fraction_x_contacts__well_specified__d2500__sep1__cis0.65__bg0.05__a0.01__r2__m0	anchor_fraction_x_contacts	coarse	well_specified	ORACLE_coordinates_generator_conditional	3	2500	1.0	0.35	0.05	0.01	2	0	ORACLE_COORDINATES_AND_GENERATOR	ORACLE_GENERATOR_CONDITIONAL	0.42238633754515637	0.029937772695023915	3	0.5804825118744015	0.03372622115379899	3	1.2411130696560086	0.03610565778751987	3	0.6560045838772317	0.01906511327202395	3	0.018976489978357592	0.003020904606871264	3	0.012540635307549642	0.0072303014705882625	3	0.0	0.0	3	0.42238633754515637	0.029937772695023915	3	0.5804825118744015	0.03372622115379899	3	1.2411130696560086	0.03610565778751987	3	0.6560045838772317	0.01906511327202395	3	0.018976489978357592	0.003020904606871264	3	0.012540635307549642	0.0072303014705882625	3	1.0	0.0	3	0.0	0.0	3	1.0	0.0	3	1.0	0.0	3	1.0	0.0	3	0.4709478516496683	0.025496903920903834	3	0.6161792963697836	0.03936426241365305	3	0.32801912500098546	0.050742145449008694	3	0.5109023377735159	0.041310608174805453	3	0.4709478516496683	0.025496903920903834	3	0.6161792963697836	0.03936426241365305	3	0.32801912500098546	0.050742145449008694	3	0.5109023377735159	0.041310608174805453	3	0.0	0.0	3	1.0	0.0	3	0.0	0.0	3	0.01	0.0	3	25.0	0.0	3	nan	nan	0	nan	nan	0	nan	nan	0	nan	nan	0	0.43979152790503573	0.10751257701049419	3	0.17283691782463242	0.10340012264979048	3	0.0	0.0	3	0.3411215730069342	0.15440099352444378	3	0.0	0.0	3	0.43979152790503573	0.10751257701049419	3	0.17283691782463242	0.10340012264979048	3	0.0	0.0	3	0.3411215730069342	0.15440099352444378	3	0.0	0.0	3	0.43979152790503573	0.10751257701049419	3	0.17283691782463242	0.10340012264979048	3	0.0	0.0	3	0.3411215730069342	0.15440099352444378	3	0.0	0.0	3	nan	nan	0
anchor_fraction_x_contacts__well_specified__d2500__sep1__cis0.65__bg0.05__a0.01__r2__m0	anchor_fraction_x_contacts	coarse	well_specified	ORACLE_coordinates_inference_monotone_log	3	2500	1.0	0.35	0.05	0.01	2	0	ORACLE_COORDINATES	MATCHED_PAIRWISE_ENDPOINT_LIKELIHOOD	0.42238633754515637	0.029937772695023915	3	0.5804825118744015	0.03372622115379899	3	1.2411130696560086	0.03610565778751987	3	0.6560045838772317	0.019065113272023867	3	0.018976489978357585	0.0030209046068712664	3	0.012540635307549642	0.0072303014705882625	3	0.0	0.0	3	0.42238633754515637	0.029937772695023915	3	0.5804825118744015	0.03372622115379899	3	1.2411130696560086	0.03610565778751987	3	0.6560045838772317	0.019065113272023867	3	0.018976489978357585	0.0030209046068712664	3	0.012540635307549642	0.0072303014705882625	3	1.0	0.0	3	0.0	0.0	3	1.0	0.0	3	1.0	0.0	3	1.0	0.0	3	0.4709478516496683	0.025496903920903834	3	0.6161792963697836	0.03936426241365305	3	0.32801912500098546	0.050742145449008694	3	0.5109023377735159	0.041310608174805453	3	0.4709478516496683	0.025496903920903834	3	0.6161792963697836	0.03936426241365305	3	0.32801912500098546	0.050742145449008694	3	0.5109023377735159	0.041310608174805453	3	0.0	0.0	3	1.0	0.0	3	0.0	0.0	3	0.01	0.0	3	25.0	0.0	3	nan	nan	0	nan	nan	0	nan	nan	0	nan	nan	0	0.43979152790503573	0.10751257701049419	3	0.17283691782463242	0.10340012264979048	3	0.0	0.0	3	0.3411215730069342	0.15440099352444378	3	0.0	0.0	3	0.43979152790503573	0.10751257701049419	3	0.17283691782463242	0.10340012264979048	3	0.0	0.0	3	0.3411215730069342	0.15440099352444378	3	0.0	0.0	3	0.43979152790503573	0.10751257701049419	3	0.17283691782463242	0.10340012264979048	3	0.0	0.0	3	0.3411215730069342	0.15440099352444378	3	0.0	0.0	3	nan	nan	0
anchor_fraction_x_contacts__well_specified__d2500__sep1__cis0.65__bg0.05__a0.01__r2__m0	anchor_fraction_x_contacts	coarse	well_specified	ORACLE_external_phase_anchors_monotone_log_midpoint_delta_pairwise	3	2500	1.0	0.35	0.05	0.01	2	0	ORACLE_EXTERNAL_PHASE_ANCHORS	MATCHED_PAIRWISE_ENDPOINT_LIKELIHOOD	0.31998990456436843	0.039138777935351844	3	0.551520504456699	0.032823713092035106	3	1.4742585047031458	0.08543717357708647	3	0.7027634723218558	0.04767566856747117	3	0.17323762021297504	0.015325254002832148	3	0.06651908027759622	0.0387149900472254	3	1.023400959311429	0.10238272137421355	3	0.3358340030846645	0.041571772303381764	3	0.5485264768023388	0.031760343933348714	3	1.4546420823419999	0.09341147296712579	3	0.7026865558861307	0.04765463371353515	3	0.15739352169267892	0.016977799093786897	3	0.06951310793195642	0.038897118687143885	3	0.9017837399393386	0.03777103062874652	3	3.9251335259328335	0.4497471559423523	3	0.6666666666666666	0.0	3	0.5	0.0	3	0.36700336700336694	0.3882433752296181	3	0.3455977532750454	0.03682485426463481	3	0.5682648197922167	0.04583301064678591	3	0.27063666338937065	0.053070330563616305	3	0.5187478956173658	0.008244348235638336	3	0.3672030046030583	0.0414434445497081	3	0.5682648197922167	0.04583301064678591	3	0.27521252589062517	0.04367385449687078	3	0.5099504142752187	0.010893736125161185	3	0.7371287327259779	0.004345155580408064	3	1.0	0.0	3	0.0	0.0	3	0.01	0.0	3	25.0	0.0	3	0.8837710437710437	0.09335198845732844	3	0.2924894805119999	0.1261167950535785	3	0.08653814067685972	0.04781709467988624	3	0.06163367347317714	0.025679512242508952	3	0.09023626530031313	0.1562937961854068	3	0.04341019072018218	0.07518865589361053	3	0.0	0.0	3	0.16108034952901043	0.15347789228614286	3	0.0	0.0	3	0.09023626530031313	0.1562937961854068	3	0.04341019072018218	0.07518865589361053	3	0.0	0.0	3	0.16108034952901043	0.15347789228614286	3	0.0	0.0	3	0.11101622544833477	0.19228574294103676	3	0.03985197836606889	0.06902565131216705	3	0.0	0.0	3	0.1567973172695526	0.14850891489082382	3	0.0	0.0	3	0.8131548252275037	0.11755355556992492	3
anchor_fraction_x_contacts__well_specified__d2500__sep1__cis0.65__bg0.05__a0.05__r2__m0	anchor_fraction_x_contacts	coarse	well_specified	ORACLE_coordinates_generator_conditional	3	2500	1.0	0.35	0.05	0.05	2	0	ORACLE_COORDINATES_AND_GENERATOR	ORACLE_GENERATOR_CONDITIONAL	0.42309025591753846	0.029907718075735973	3	0.5812516106845639	0.034286784695775674	3	1.2420926319718248	0.03535705920490812	3	0.655802553751697	0.018840373355372222	3	0.020283127590438713	0.005633764824210719	3	0.014345630861211564	0.005251043837718049	3	0.0	0.0	3	0.42309025591753846	0.029907718075735973	3	0.5812516106845639	0.034286784695775674	3	1.2420926319718248	0.03535705920490812	3	0.655802553751697	0.018840373355372222	3	0.020283127590438713	0.005633764824210719	3	0.014345630861211564	0.005251043837718049	3	1.0	0.0	3	0.0	0.0	3	1.0	0.0	3	1.0	0.0	3	1.0	0.0	3	0.4718440215079556	0.025317534598804984	3	0.6175716178245506	0.040622994487470955	3	0.328985508804706	0.05208940314044802	3	0.5109224141986385	0.04280870712953418	3	0.4718440215079556	0.025317534598804984	3	0.6175716178245506	0.040622994487470955	3	0.328985508804706	0.05208940314044802	3	0.5109224141986385	0.04280870712953418	3	0.0	0.0	3	1.0	0.0	3	0.0	0.0	3	0.05000000000000001	8.498374721940739e-18	3	125.0	0.0	3	nan	nan	0	nan	nan	0	nan	nan	0	nan	nan	0	0.43288760052478814	0.1267864685328223	3	0.1664212240017485	0.10226950337298292	3	0.0	0.0	3	0.3444746849790444	0.15539965917982967	3	0.0	0.0	3	0.43288760052478814	0.1267864685328223	3	0.1664212240017485	0.10226950337298292	3	0.0	0.0	3	0.3444746849790444	0.15539965917982967	3	0.0	0.0	3	0.43288760052478814	0.1267864685328223	3	0.1664212240017485	0.10226950337298292	3	0.0	0.0	3	0.3444746849790444	0.15539965917982967	3	0.0	0.0	3	nan	nan	0
anchor_fraction_x_contacts__well_specified__d2500__sep1__cis0.65__bg0.05__a0.05__r2__m0	anchor_fraction_x_contacts	coarse	well_specified	ORACLE_coordinates_inference_monotone_log	3	2500	1.0	0.35	0.05	0.05	2	0	ORACLE_COORDINATES	MATCHED_PAIRWISE_ENDPOINT_LIKELIHOOD	0.42309025591753846	0.029907718075735973	3	0.5812516106845639	0.034286784695775674	3	1.242092631971825	0.03535705920490801	3	0.655802553751697	0.018840373355372222	3	0.02028312759043871	0.005633764824210718	3	0.014345630861211588	0.005251043837718094	3	0.0	0.0	3	0.42309025591753846	0.029907718075735973	3	0.5812516106845639	0.034286784695775674	3	1.242092631971825	0.03535705920490801	3	0.655802553751697	0.018840373355372222	3	0.02028312759043871	0.005633764824210718	3	0.014345630861211588	0.005251043837718094	3	1.0	0.0	3	0.0	0.0	3	1.0	0.0	3	1.0	0.0	3	1.0	0.0	3	0.4718440215079556	0.025317534598804984	3	0.6175716178245506	0.040622994487470955	3	0.328985508804706	0.05208940314044802	3	0.5109224141986385	0.04280870712953418	3	0.4718440215079556	0.025317534598804984	3	0.6175716178245506	0.040622994487470955	3	0.328985508804706	0.05208940314044802	3	0.5109224141986385	0.04280870712953418	3	0.0	0.0	3	1.0	0.0	3	0.0	0.0	3	0.05000000000000001	8.498374721940739e-18	3	125.0	0.0	3	nan	nan	0	nan	nan	0	nan	nan	0	nan	nan	0	0.43288760052478814	0.1267864685328223	3	0.1664212240017485	0.10226950337298292	3	0.0	0.0	3	0.3444746849790444	0.15539965917982967	3	0.0	0.0	3	0.43288760052478814	0.1267864685328223	3	0.1664212240017485	0.10226950337298292	3	0.0	0.0	3	0.3444746849790444	0.15539965917982967	3	0.0	0.0	3	0.43288760052478814	0.1267864685328223	3	0.1664212240017485	0.10226950337298292	3	0.0	0.0	3	0.3444746849790444	0.15539965917982967	3	0.0	0.0	3	nan	nan	0
anchor_fraction_x_contacts__well_specified__d2500__sep1__cis0.65__bg0.05__a0.05__r2__m0	anchor_fraction_x_contacts	coarse	well_specified	ORACLE_external_phase_anchors_monotone_log_midpoint_delta_pairwise	3	2500	1.0	0.35	0.05	0.05	2	0	ORACLE_EXTERNAL_PHASE_ANCHORS	MATCHED_PAIRWISE_ENDPOINT_LIKELIHOOD	0.3751893170801421	0.03277638528386182	3	0.5652935754334223	0.032266733555061114	3	1.3196728716027755	0.03404561575880979	3	0.6750158536324524	0.014748509414447447	3	0.08660903892298073	0.019533661856333904	3	0.03766028908653032	0.020440134968384826	3	0.9569861688542932	0.17223508771899038	3	0.382073307365337	0.02289790432586286	3	0.564700493193467	0.028187282013582098	3	1.3086784907204005	0.02226861278177597	3	0.6753727729758653	0.014053125687849593	3	0.0797250486377858	0.017860065389980754	3	0.03825337132648557	0.015803308328795004	3	0.9387157052997047	0.02173389161145772	3	3.8734211459966708	0.4085609124656803	3	0.7777777777777777	0.1924500897298753	3	0.6666666666666666	0.28867513459481287	3	-0.07609427609427609	0.46354429372720096	3	0.42728436880829745	0.040836998804901804	3	0.592404507645882	0.04171330794613174	3	0.27431722926733104	0.0534015183848593	3	0.5128519631100628	0.016643235483558314	3	0.4435111899249004	0.019944312382442046	3	0.592404507645882	0.04171330794613174	3	0.26344676294608754	0.060318629502301414	3	0.510947530179723	0.01924661342648475	3	0.7644792379190525	0.00999740522512273	3	1.0	0.0	3	0.0	0.0	3	0.05000000000000001	8.498374721940739e-18	3	125.0	0.0	3	0.9326315789473685	0.016905145178850275	3	0.2300397800789149	0.054669805713715686	3	0.0623954880562538	0.01759868340934037	3	0.04758721040870537	0.049233165293690866	3	0.3461494800723468	0.07342687315624417	3	0.12509817079198668	0.08676460992817547	3	0.0	0.0	3	0.22011098827062733	0.09947845054355485	3	0.0	0.0	3	0.33838712748240796	0.07527033052473034	3	0.12509817079198668	0.08676460992817547	3	0.0	0.0	3	0.21936460821390247	0.09818572157943606	3	0.0	0.0	3	0.3427420798111748	0.0653031394269868	3	0.12376007980179933	0.08665589350841346	3	0.0	0.0	3	0.22340944215199673	0.11462274100183298	3	0.0	0.0	3	0.8856080347282375	0.0694945719529658	3
anchor_fraction_x_contacts__well_specified__d2500__sep1__cis0.65__bg0.05__a0__r2__m0	anchor_fraction_x_contacts	coarse	well_specified	ORACLE_coordinates_generator_conditional	3	2500	1.0	0.35	0.05	0.0	2	0	ORACLE_COORDINATES_AND_GENERATOR	ORACLE_GENERATOR_CONDITIONAL	0.4218666875897119	0.02976633800738828	3	0.5798418687159974	0.032932761558195786	3	1.2424043192920728	0.03435613431263569	3	0.6561546067556135	0.018632060062784596	3	0.019602700632319132	0.00240896556454297	3	0.012093544603284032	0.007311808066648676	3	0.0	0.0	3	0.4218666875897119	0.02976633800738828	3	0.5798418687159974	0.032932761558195786	3	1.2424043192920728	0.03435613431263569	3	0.6561546067556135	0.018632060062784596	3	0.019602700632319132	0.00240896556454297	3	0.012093544603284032	0.007311808066648676	3	1.0	0.0	3	0.0	0.0	3	1.0	0.0	3	1.0	0.0	3	1.0	0.0	3	0.47021456046848903	0.023680078631332854	3	0.6153194290889688	0.03770467655323514	3	0.32776926533283474	0.05195079026562485	3	0.510566609290112	0.04217729331171054	3	0.47021456046848903	0.023680078631332854	3	0.6153194290889688	0.03770467655323514	3	0.32776926533283474	0.05195079026562485	3	0.510566609290112	0.04217729331171054	3	0.0	0.0	3	1.0	0.0	3	0.0	0.0	3	0.0	0.0	3	0.0	0.0	3	nan	nan	0	nan	nan	0	nan	nan	0	nan	nan	0	0.4405034604198268	0.10592075629642621	3	0.17753256410811633	0.08071763156934617	3	0.0	0.0	3	0.3397598846909191	0.15120145568587598	3	0.0	0.0	3	0.4405034604198268	0.10592075629642621	3	0.17753256410811633	0.08071763156934617	3	0.0	0.0	3	0.3397598846909191	0.15120145568587598	3	0.0	0.0	3	0.4405034604198268	0.10592075629642621	3	0.17753256410811633	0.08071763156934617	3	0.0	0.0	3	0.3397598846909191	0.15120145568587598	3	0.0	0.0	3	nan	nan	0
anchor_fraction_x_contacts__well_specified__d2500__sep1__cis0.65__bg0.05__a0__r2__m0	anchor_fraction_x_contacts	coarse	well_specified	ORACLE_coordinates_inference_monotone_log	3	2500	1.0	0.35	0.05	0.0	2	0	ORACLE_COORDINATES	MATCHED_PAIRWISE_ENDPOINT_LIKELIHOOD	0.4218666875897119	0.02976633800738828	3	0.5798418687159974	0.032932761558195786	3	1.2424043192920726	0.03435613431263574	3	0.6561546067556135	0.018632060062784596	3	0.019602700632319118	0.0024089655645429878	3	0.012093544603284032	0.007311808066648678	3	0.0	0.0	3	0.4218666875897119	0.02976633800738828	3	0.5798418687159974	0.032932761558195786	3	1.2424043192920726	0.03435613431263574	3	0.6561546067556135	0.018632060062784596	3	0.019602700632319118	0.0024089655645429878	3	0.012093544603284032	0.007311808066648678	3	1.0	0.0	3	0.0	0.0	3	1.0	0.0	3	1.0	0.0	3	1.0	0.0	3	0.47021456046848903	0.023680078631332854	3	0.6153194290889688	0.03770467655323514	3	0.32776926533283474	0.05195079026562485	3	0.510566609290112	0.04217729331171054	3	0.47021456046848903	0.023680078631332854	3	0.6153194290889688	0.03770467655323514	3	0.32776926533283474	0.05195079026562485	3	0.510566609290112	0.04217729331171054	3	0.0	0.0	3	1.0	0.0	3	0.0	0.0	3	0.0	0.0	3	0.0	0.0	3	nan	nan	0	nan	nan	0	nan	nan	0	nan	nan	0	0.4405034604198268	0.10592075629642621	3	0.17753256410811633	0.08071763156934617	3	0.0	0.0	3	0.3397598846909191	0.15120145568587598	3	0.0	0.0	3	0.4405034604198268	0.10592075629642621	3	0.17753256410811633	0.08071763156934617	3	0.0	0.0	3	0.3397598846909191	0.15120145568587598	3	0.0	0.0	3	0.4405034604198268	0.10592075629642621	3	0.17753256410811633	0.08071763156934617	3	0.0	0.0	3	0.3397598846909191	0.15120145568587598	3	0.0	0.0	3	nan	nan	0
anchor_fraction_x_contacts__well_specified__d2500__sep1__cis0.65__bg0.05__a0__r2__m0	anchor_fraction_x_contacts	coarse	well_specified	blind_normalized_endpoint_monotone_log_midpoint_delta_pairwise	3	2500	1.0	0.35	0.05	0.0	2	0	none	MATCHED_PAIRWISE_ENDPOINT_LIKELIHOOD	0.26235221357898836	0.04108932112733236	3	0.5198105006570785	0.01994752486269836	3	1.6366617166694741	0.059159474129739084	3	0.7350480051391011	0.04122759745052568	3	0.23855137630426437	0.003333385172548276	3	0.1018622814006002	0.022492082326992888	3	1.0533808692878688	0.1190051544053117	3	0.29605144543974254	0.07608377890053515	3	0.5169613029956417	0.03099080259133232	3	1.5344386960269263	0.14200774613999442	3	0.7351427116193268	0.04106168397694503	3	0.2048521444435102	0.04049997303383318	3	0.10437776622848728	0.030746622826245622	3	0.885221294461673	0.0334019176437075	3	3.9466135008217935	0.45864603985543206	3	0.6666666666666666	0.0	3	0.5	0.0	3	0.10303030303030299	0.41663207692361065	3	0.2790642155789518	0.06583339925950131	3	0.5282535174696632	0.037299336275837425	3	0.23051004306990883	0.009547208702509196	3	0.5032291809178793	0.015892429739217145	3	0.30882891227897546	0.09120316713399175	3	0.5282535174696632	0.037299336275837425	3	0.2716802707497156	0.04769130875410998	3	0.4950295297214764	0.018817774161072862	3	0.5659722425043583	0.005293220227523268	3	1.0	0.0	3	0.0	0.0	3	0.0	0.0	3	0.0	0.0	3	0.8682666666666666	0.10226423291323967	3	0.3151807633634051	0.14754407530177302	3	0.09553881486946092	0.05710237401826433	3	0.06192760418534382	0.01608199577849663	3	0.07801718067877764	0.13512972079892382	3	0.03971271651880017	0.06878444271714172	3	0.0	0.0	3	0.09009375090703277	0.09330675566622111	3	0.0	0.0	3	0.11646247007463738	0.20171891534424186	3	0.03971271651880017	0.06878444271714172	3	0.0	0.0	3	0.08600981906644693	0.08704793188922015	3	0.0	0.0	3	0.07548232643289678	0.13073922445527647	3	0.03971271651880017	0.06878444271714172	3	0.0	0.0	3	0.09192447897350227	0.0961491160991127	3	0.0	0.0	3	0.7921769373861682	0.12743498940823367	3
anchor_fraction_x_contacts__well_specified__d500__sep1__cis0.65__bg0.05__a0.001__r2__m0	anchor_fraction_x_contacts	coarse	well_specified	ORACLE_coordinates_generator_conditional	3	500	1.0	0.35	0.05	0.001	2	0	ORACLE_COORDINATES_AND_GENERATOR	ORACLE_GENERATOR_CONDITIONAL	0.36625433403836866	0.05435526455672548	3	0.5716658951465643	0.03451390052598468	3	1.296464825279043	0.06680110136125963	3	0.66602708527101	0.017852478191391838	3	0.03658093039308367	0.012112918846749341	3	0.02035810664681321	0.0030725200356876902	3	0.0	0.0	3	0.36625433403836866	0.05435526455672548	3	0.5716658951465643	0.03451390052598468	3	1.296464825279043	0.06680110136125963	3	0.66602708527101	0.017852478191391838	3	0.03658093039308367	0.012112918846749341	3	0.02035810664681321	0.0030725200356876902	3	1.0	0.0	3	0.0	0.0	3	1.0	0.0	3	1.0	0.0	3	1.0	0.0	3	0.4000735218681804	0.08552712752402122	3	0.6080338038697702	0.04965767449512472	3	0.30747822964359456	0.0032884375450924334	3	0.5067555435856002	0.017471107732221748	3	0.4000735218681804	0.08552712752402122	3	0.6080338038697702	0.04965767449512472	3	0.30747822964359456	0.0032884375450924334	3	0.5067555435856002	0.017471107732221748	3	0.0	0.0	3	1.0	0.0	3	0.0	0.0	3	0.002	0.0	3	1.0	0.0	3	nan	nan	0	nan	nan	0	nan	nan	0	nan	nan	0	0.22492246677046812	0.19232461458809486	3	0.129418410488904	0.10859293330973828	3	0.012037931428452726	0.015740988597080573	3	0.2574337771102407	0.18389480293816923	3	0.009950248756218905	0.017234336393720174	3	0.22492246677046812	0.19232461458809486	3	0.129418410488904	0.10859293330973828	3	0.012037931428452726	0.015740988597080573	3	0.2574337771102407	0.18389480293816923	3	0.009950248756218905	0.017234336393720174	3	0.22492246677046812	0.19232461458809486	3	0.129418410488904	0.10859293330973828	3	0.012037931428452726	0.015740988597080573	3	0.2574337771102407	0.18389480293816923	3	0.009950248756218905	0.017234336393720174	3	nan	nan	0
anchor_fraction_x_contacts__well_specified__d500__sep1__cis0.65__bg0.05__a0.001__r2__m0	anchor_fraction_x_contacts	coarse	well_specified	ORACLE_coordinates_inference_monotone_log	3	500	1.0	0.35	0.05	0.001	2	0	ORACLE_COORDINATES	MATCHED_PAIRWISE_ENDPOINT_LIKELIHOOD	0.36625433403836866	0.05435526455672548	3	0.5716658951465643	0.03451390052598468	3	1.296464825279043	0.06680110136125976	3	0.66602708527101	0.017852478191391838	3	0.03658093039308368	0.01211291884674936	3	0.020358106646813267	0.003072520035687644	3	0.0	0.0	3	0.36625433403836866	0.05435526455672548	3	0.5716658951465643	0.03451390052598468	3	1.296464825279043	0.06680110136125976	3	0.66602708527101	0.017852478191391838	3	0.03658093039308368	0.01211291884674936	3	0.020358106646813267	0.003072520035687644	3	1.0	0.0	3	0.0	0.0	3	1.0	0.0	3	1.0	0.0	3	1.0	0.0	3	0.4000735218681804	0.08552712752402122	3	0.6080338038697702	0.04965767449512472	3	0.30747822964359456	0.0032884375450924334	3	0.5067555435856002	0.017471107732221748	3	0.4000735218681804	0.08552712752402122	3	0.6080338038697702	0.04965767449512472	3	0.30747822964359456	0.0032884375450924334	3	0.5067555435856002	0.017471107732221748	3	0.0	0.0	3	1.0	0.0	3	0.0	0.0	3	0.002	0.0	3	1.0	0.0	3	nan	nan	0	nan	nan	0	nan	nan	0	nan	nan	0	0.22492246677046812	0.19232461458809486	3	0.129418410488904	0.10859293330973828	3	0.012037931428452726	0.015740988597080573	3	0.2574337771102407	0.18389480293816923	3	0.009950248756218905	0.017234336393720174	3	0.22492246677046812	0.19232461458809486	3	0.129418410488904	0.10859293330973828	3	0.012037931428452726	0.015740988597080573	3	0.2574337771102407	0.18389480293816923	3	0.009950248756218905	0.017234336393720174	3	0.22492246677046812	0.19232461458809486	3	0.129418410488904	0.10859293330973828	3	0.012037931428452726	0.015740988597080573	3	0.2574337771102407	0.18389480293816923	3	0.009950248756218905	0.017234336393720174	3	nan	nan	0
anchor_fraction_x_contacts__well_specified__d500__sep1__cis0.65__bg0.05__a0.001__r2__m0	anchor_fraction_x_contacts	coarse	well_specified	ORACLE_external_phase_anchors_monotone_log_midpoint_delta_pairwise	3	500	1.0	0.35	0.05	0.001	2	0	ORACLE_EXTERNAL_PHASE_ANCHORS	MATCHED_PAIRWISE_ENDPOINT_LIKELIHOOD	0.22655846770501928	0.030480301775320625	3	0.5272639149192683	0.048891403803117524	3	1.6676762934337015	0.12459701621471998	3	0.7069178982234915	0.027533233545314256	3	0.22590306940283245	0.05141283753517886	3	0.07249745518955335	0.036543263227015385	3	0.9015370078223656	0.10453388882113387	3	0.29569426032177093	0.034577477856464506	3	0.5265988256613612	0.03303556993958541	3	1.5072114585467498	0.06891392778250421	3	0.7068192631585591	0.026723328246951034	3	0.15886991733720682	0.052784202136937235	3	0.06855594984538986	0.027537079887747982	3	0.924665065805876	0.05352061637647487	3	4.7736986914157935	1.6626017906750736	3	0.6666666666666666	0.0	3	0.16666666666666666	0.2886751345948129	3	-0.21346801346801345	0.6418691882497068	3	0.2092501702106917	0.027967911795022664	3	0.5368003346318443	0.05514759267028052	3	0.25733907891193103	0.051578006507721444	3	0.5153514678157823	0.06691441284992776	3	0.3165237847114988	0.06281762558371821	3	0.5368003346318443	0.05514759267028052	3	0.2577655085734806	0.022291171039135083	3	0.5095385582188706	0.013825061674332737	3	0.5727398656308651	0.045177163922131364	3	1.0	0.0	3	0.0	0.0	3	0.002	0.0	3	1.0	0.0	3	0.8610554442217769	0.06707691545106038	3	0.3538405572535725	0.10406670623795856	3	0.10798665874264866	0.039824427176158646	3	0.07151905761325666	0.03025442694040553	3	0.0020876826722338207	0.00361597245839014	3	0.0	0.0	3	0.0	0.0	3	0.1252706566833606	0.10850350552274773	3	0.0	0.0	3	0.09691706941415094	0.07852338163240255	3	0.062291983152795376	0.054145879578168306	3	0.0	0.0	3	0.1252706566833606	0.10850350552274773	3	0.0	0.0	3	0.0	0.0	3	0.0	0.0	3	0.0	0.0	3	0.12457194546746786	0.10800012102295384	3	0.0	0.0	3	0.753400608955682	0.0698779840873725	3
anchor_fraction_x_contacts__well_specified__d500__sep1__cis0.65__bg0.05__a0.005__r2__m0	anchor_fraction_x_contacts	coarse	well_specified	ORACLE_coordinates_generator_conditional	3	500	1.0	0.35	0.05	0.005	2	0	ORACLE_COORDINATES_AND_GENERATOR	ORACLE_GENERATOR_CONDITIONAL	0.3670299241269386	0.054476271039639625	3	0.5707601206679286	0.034577261780587155	3	1.2964064598142508	0.06695644471163884	3	0.6662150927628218	0.017845669002578	3	0.03728290281645546	0.012165726652278469	3	0.02010567584013714	0.0028368234227795744	3	0.0	0.0	3	0.3670299241269386	0.054476271039639625	3	0.5707601206679286	0.034577261780587155	3	1.2964064598142508	0.06695644471163884	3	0.6662150927628218	0.017845669002578	3	0.03728290281645546	0.012165726652278469	3	0.02010567584013714	0.0028368234227795744	3	1.0	0.0	3	0.0	0.0	3	1.0	0.0	3	1.0	0.0	3	1.0	0.0	3	0.40139805125872	0.08584713951333015	3	0.6067485592963301	0.049750564757297076	3	0.30747822964359456	0.0032884375450924334	3	0.5067555435856002	0.017471107732221748	3	0.40139805125872	0.08584713951333015	3	0.6067485592963301	0.049750564757297076	3	0.30747822964359456	0.0032884375450924334	3	0.5067555435856002	0.017471107732221748	3	0.0	0.0	3	1.0	0.0	3	0.0	0.0	3	0.004	0.0	3	2.0	0.0	3	nan	nan	0	nan	nan	0	nan	nan	0	nan	nan	0	0.22540075656875883	0.19273324833529135	3	0.12969357611581567	0.10882368287906458	3	0.012063560180714993	0.015774674545083665	3	0.2572689122490555	0.1831723267095788	3	0.009971509971509971	0.01727116189883496	3	0.22540075656875883	0.19273324833529135	3	0.12969357611581567	0.10882368287906458	3	0.012063560180714993	0.015774674545083665	3	0.2572689122490555	0.1831723267095788	3	0.009971509971509971	0.01727116189883496	3	0.22540075656875883	0.19273324833529135	3	0.12969357611581567	0.10882368287906458	3	0.012063560180714993	0.015774674545083665	3	0.2572689122490555	0.1831723267095788	3	0.009971509971509971	0.01727116189883496	3	nan	nan	0
anchor_fraction_x_contacts__well_specified__d500__sep1__cis0.65__bg0.05__a0.005__r2__m0	anchor_fraction_x_contacts	coarse	well_specified	ORACLE_coordinates_inference_monotone_log	3	500	1.0	0.35	0.05	0.005	2	0	ORACLE_COORDINATES	MATCHED_PAIRWISE_ENDPOINT_LIKELIHOOD	0.3670299241269386	0.054476271039639625	3	0.5707601206679286	0.034577261780587155	3	1.2964064598142508	0.06695644471163904	3	0.6662150927628219	0.01784566900257802	3	0.037282902816455445	0.012165726652278467	3	0.02010567584013714	0.0028368234227795744	3	0.0	0.0	3	0.3670299241269386	0.054476271039639625	3	0.5707601206679286	0.034577261780587155	3	1.2964064598142508	0.06695644471163904	3	0.6662150927628219	0.01784566900257802	3	0.037282902816455445	0.012165726652278467	3	0.02010567584013714	0.0028368234227795744	3	1.0	0.0	3	0.0	0.0	3	1.0	0.0	3	1.0	0.0	3	1.0	0.0	3	0.40139805125872	0.08584713951333015	3	0.6067485592963301	0.049750564757297076	3	0.30747822964359456	0.0032884375450924334	3	0.5067555435856002	0.017471107732221748	3	0.40139805125872	0.08584713951333015	3	0.6067485592963301	0.049750564757297076	3	0.30747822964359456	0.0032884375450924334	3	0.5067555435856002	0.017471107732221748	3	0.0	0.0	3	1.0	0.0	3	0.0	0.0	3	0.004	0.0	3	2.0	0.0	3	nan	nan	0	nan	nan	0	nan	nan	0	nan	nan	0	0.22540075656875883	0.19273324833529135	3	0.12969357611581567	0.10882368287906458	3	0.012063560180714993	0.015774674545083665	3	0.2572689122490555	0.1831723267095788	3	0.009971509971509971	0.01727116189883496	3	0.22540075656875883	0.19273324833529135	3	0.12969357611581567	0.10882368287906458	3	0.012063560180714993	0.015774674545083665	3	0.2572689122490555	0.1831723267095788	3	0.009971509971509971	0.01727116189883496	3	0.22540075656875883	0.19273324833529135	3	0.12969357611581567	0.10882368287906458	3	0.012063560180714993	0.015774674545083665	3	0.2572689122490555	0.1831723267095788	3	0.009971509971509971	0.01727116189883496	3	nan	nan	0
anchor_fraction_x_contacts__well_specified__d500__sep1__cis0.65__bg0.05__a0.005__r2__m0	anchor_fraction_x_contacts	coarse	well_specified	ORACLE_external_phase_anchors_monotone_log_midpoint_delta_pairwise	3	500	1.0	0.35	0.05	0.005	2	0	ORACLE_EXTERNAL_PHASE_ANCHORS	MATCHED_PAIRWISE_ENDPOINT_LIKELIHOOD	0.23479439941924873	0.03846173587728507	3	0.5395998970390857	0.040548636019409855	3	1.6604953645104905	0.12038315993747936	3	0.7043274261490174	0.024989058568148332	3	0.22702196668414487	0.04313400099876002	3	0.06157904438617817	0.024237929131222306	3	0.8974189911017971	0.10623908985464774	3	0.30058121597728715	0.04429851283884338	3	0.5368116332498292	0.023014552407085533	3	1.506733856057347	0.06674348035517569	3	0.7036937332660242	0.02352029793400585	3	0.15522391635088287	0.04481019608382918	3	0.059361122331573035	0.023770166536468972	3	0.9229331813147373	0.0507086615897867	3	4.770554144412235	1.6582472146853673	3	0.6666666666666666	0.0	3	0.3333333333333333	0.2886751345948129	3	-0.23771043771043762	0.6482844755837225	3	0.22051107067030631	0.03988508463591919	3	0.5511127540188049	0.03994018407808769	3	0.25911212855732113	0.05045596278383021	3	0.5227803213933028	0.05933745895433169	3	0.3282520094024871	0.06841925870738151	3	0.5511127540188049	0.03994018407808769	3	0.24932669000807972	0.010294599318186526	3	0.5113116078642607	0.015320132827333337	3	0.5514257800144454	0.005896998907714529	3	1.0	0.0	3	0.0	0.0	3	0.004	0.0	3	2.0	0.0	3	0.8714859437751005	0.05792050241709218	3	0.34235059853778965	0.10124921772566921	3	0.1034443697441972	0.03863405218059852	3	0.07486687982648903	0.022209948385626416	3	0.0020920502092050207	0.0036235372543281952	3	0.0	0.0	3	0.0	0.0	3	0.1389552851417258	0.12171659147620374	3	0.0	0.0	3	0.09712319608780852	0.07869055171546939	3	0.0624245497126853	0.054261182395661245	3	0.0	0.0	3	0.1389552851417258	0.12171659147620374	3	0.0	0.0	3	0.0	0.0	3	0.0	0.0	3	0.0	0.0	3	0.12624945675793134	0.10937458325898064	3	0.0	0.0	3	0.7621021484601044	0.06973655700149166	3
anchor_fraction_x_contacts__well_specified__d500__sep1__cis0.65__bg0.05__a0.01__r2__m0	anchor_fraction_x_contacts	coarse	well_specified	ORACLE_coordinates_generator_conditional	3	500	1.0	0.35	0.05	0.01	2	0	ORACLE_COORDINATES_AND_GENERATOR	ORACLE_GENERATOR_CONDITIONAL	0.36794895278639544	0.053634454293833594	3	0.5715675965712709	0.03440114457809238	3	1.2967551868870426	0.06572103017130698	3	0.6662940240699825	0.017974096429531922	3	0.03661937145484423	0.012908444082386533	3	0.01994788413867467	0.0023332688525053978	3	0.0	0.0	3	0.36794895278639544	0.053634454293833594	3	0.5715675965712709	0.03440114457809238	3	1.2967551868870426	0.06572103017130698	3	0.6662940240699825	0.017974096429531922	3	0.03661937145484423	0.012908444082386533	3	0.01994788413867467	0.0023332688525053978	3	1.0	0.0	3	0.0	0.0	3	1.0	0.0	3	1.0	0.0	3	1.0	0.0	3	0.4018062763142171	0.08457381138541682	3	0.606399785831712	0.049480624111698505	3	0.3093316075706484	0.0032645989837527573	3	0.5098039215686274	0.017276950936359427	3	0.4018062763142171	0.08457381138541682	3	0.606399785831712	0.049480624111698505	3	0.3093316075706484	0.0032645989837527573	3	0.5098039215686274	0.017276950936359427	3	0.0	0.0	3	1.0	0.0	3	0.0	0.0	3	0.01	0.0	3	5.0	0.0	3	nan	nan	0	nan	nan	0	nan	nan	0	nan	nan	0	0.22257128940148477	0.18995904189390242	3	0.1291291299988054	0.10681836076939231	3	0.012141105451801547	0.0158766030188155	3	0.2567761081406775	0.1822164460413947	3	0.01003584229390681	0.017382588749795185	3	0.22257128940148477	0.18995904189390242	3	0.1291291299988054	0.10681836076939231	3	0.012141105451801547	0.0158766030188155	3	0.2567761081406775	0.1822164460413947	3	0.01003584229390681	0.017382588749795185	3	0.22257128940148477	0.18995904189390242	3	0.1291291299988054	0.10681836076939231	3	0.012141105451801547	0.0158766030188155	3	0.2567761081406775	0.1822164460413947	3	0.01003584229390681	0.017382588749795185	3	nan	nan	0
anchor_fraction_x_contacts__well_specified__d500__sep1__cis0.65__bg0.05__a0.01__r2__m0	anchor_fraction_x_contacts	coarse	well_specified	ORACLE_coordinates_inference_monotone_log	3	500	1.0	0.35	0.05	0.01	2	0	ORACLE_COORDINATES	MATCHED_PAIRWISE_ENDPOINT_LIKELIHOOD	0.36794895278639544	0.053634454293833594	3	0.5715675965712709	0.03440114457809238	3	1.2967551868870422	0.06572103017130705	3	0.6662940240699825	0.017974096429531967	3	0.03661937145484422	0.012908444082386528	3	0.01994788413867467	0.0023332688525053978	3	0.0	0.0	3	0.36794895278639544	0.053634454293833594	3	0.5715675965712709	0.03440114457809238	3	1.2967551868870422	0.06572103017130705	3	0.6662940240699825	0.017974096429531967	3	0.03661937145484422	0.012908444082386528	3	0.01994788413867467	0.0023332688525053978	3	1.0	0.0	3	0.0	0.0	3	1.0	0.0	3	1.0	0.0	3	1.0	0.0	3	0.4018062763142171	0.08457381138541682	3	0.606399785831712	0.049480624111698505	3	0.3093316075706484	0.0032645989837527573	3	0.5098039215686274	0.017276950936359427	3	0.4018062763142171	0.08457381138541682	3	0.606399785831712	0.049480624111698505	3	0.3093316075706484	0.0032645989837527573	3	0.5098039215686274	0.017276950936359427	3	0.0	0.0	3	1.0	0.0	3	0.0	0.0	3	0.01	0.0	3	5.0	0.0	3	nan	nan	0	nan	nan	0	nan	nan	0	nan	nan	0	0.22257128940148477	0.18995904189390242	3	0.1291291299988054	0.10681836076939231	3	0.012141105451801547	0.0158766030188155	3	0.2567761081406775	0.1822164460413947	3	0.01003584229390681	0.017382588749795185	3	0.22257128940148477	0.18995904189390242	3	0.1291291299988054	0.10681836076939231	3	0.012141105451801547	0.0158766030188155	3	0.2567761081406775	0.1822164460413947	3	0.01003584229390681	0.017382588749795185	3	0.22257128940148477	0.18995904189390242	3	0.1291291299988054	0.10681836076939231	3	0.012141105451801547	0.0158766030188155	3	0.2567761081406775	0.1822164460413947	3	0.01003584229390681	0.017382588749795185	3	nan	nan	0
anchor_fraction_x_contacts__well_specified__d500__sep1__cis0.65__bg0.05__a0.01__r2__m0	anchor_fraction_x_contacts	coarse	well_specified	ORACLE_external_phase_anchors_monotone_log_midpoint_delta_pairwise	3	500	1.0	0.35	0.05	0.01	2	0	ORACLE_EXTERNAL_PHASE_ANCHORS	MATCHED_PAIRWISE_ENDPOINT_LIKELIHOOD	0.280587667210073	0.0724566743543989	3	0.5417353526650843	0.035597684692625364	3	1.4978617083382264	0.06211317537611134	3	0.6972702809277408	0.018897356746975066	3	0.15875732987696012	0.054962832873562045	3	0.056664379722829096	0.02312459224871626	3	0.8583554615755835	0.15968461838566578	3	0.29608740194250677	0.03824444390178942	3	0.5423742633746942	0.021332535894261963	3	1.485749218078264	0.059099569640244744	3	0.6986003244974727	0.014905035845174691	3	0.13876831872429746	0.03692133065018864	3	0.05776737163440093	0.017864091148647024	3	0.9274344480553721	0.0547664209295839	3	4.786204570187625	1.6106465004373105	3	0.6666666666666666	0.0	3	0.16666666666666666	0.2886751345948129	3	-0.2471380471380471	0.5541739784778149	3	0.30370261120566533	0.08251518634055409	3	0.5632591169444705	0.04207926661828794	3	0.23698581922635875	0.054698724465714964	3	0.5006301304540345	0.03771438126336643	3	0.32390778233726514	0.06375684812966653	3	0.5632591169444705	0.04207926661828794	3	0.24513777717224702	0.01382390019253265	3	0.5027532727045654	0.04539507615464552	3	0.5538077799913784	0.012212719212013301	3	1.0	0.0	3	0.0	0.0	3	0.01	0.0	3	5.0	0.0	3	0.8814814814814814	0.05577855458553219	3	0.3181865428034949	0.0935531761581825	3	0.09387803770052601	0.035140324889579994	3	0.07924123540626819	0.011428011596830944	3	0.0729226371980344	0.07537843541225771	3	0.05215856202856684	0.048826048219469974	3	0.0	0.0	3	0.1548035551887261	0.13739139796847138	3	0.0	0.0	3	0.09921972319661294	0.08594377544006412	3	0.045761973542426115	0.04860025668842776	3	0.0	0.0	3	0.15338209108069484	0.13573584984219636	3	0.0	0.0	3	0.0686215619292172	0.06881803859184692	3	0.05215856202856684	0.048826048219469974	3	0.0	0.0	3	0.16187419278415907	0.15007178411183614	3	0.0	0.0	3	0.7818323849514188	0.06819640013216688	3
anchor_fraction_x_contacts__well_specified__d500__sep1__cis0.65__bg0.05__a0.05__r2__m0	anchor_fraction_x_contacts	coarse	well_specified	ORACLE_coordinates_generator_conditional	3	500	1.0	0.35	0.05	0.05	2	0	ORACLE_COORDINATES_AND_GENERATOR	ORACLE_GENERATOR_CONDITIONAL	0.37098269714070126	0.05355026039426251	3	0.5762406808176433	0.0347170055465605	3	1.2957942966445923	0.0678517609911041	3	0.6652402200083926	0.02014879815911512	3	0.03945631584177455	0.011144662862936819	3	0.01960869951264709	0.010677810531405747	3	0.0	0.0	3	0.37098269714070126	0.05355026039426251	3	0.5762406808176433	0.0347170055465605	3	1.2957942966445923	0.0678517609911041	3	0.6652402200083926	0.02014879815911512	3	0.03945631584177455	0.011144662862936819	3	0.01960869951264709	0.010677810531405747	3	1.0	0.0	3	0.0	0.0	3	1.0	0.0	3	1.0	0.0	3	1.0	0.0	3	0.4022247193758379	0.08774841771820785	3	0.6101628245801781	0.055999269104966186	3	0.3171757157857314	0.011327511224615675	3	0.5167988689634645	0.018716017341438563	3	0.4022247193758379	0.08774841771820785	3	0.6101628245801781	0.055999269104966186	3	0.3171757157857314	0.011327511224615675	3	0.5167988689634645	0.018716017341438563	3	0.0	0.0	3	1.0	0.0	3	0.0	0.0	3	0.05000000000000001	8.498374721940739e-18	3	25.0	0.0	3	nan	nan	0	nan	nan	0	nan	nan	0	nan	nan	0	0.23556700383606613	0.19872099967854168	3	0.13042949476472163	0.10774107646344207	3	0.011935629913158004	0.015321925854146504	3	0.24252743494504214	0.2171571241531947	3	0.009737827715355805	0.01686641235834862	3	0.23556700383606613	0.19872099967854168	3	0.13042949476472163	0.10774107646344207	3	0.011935629913158004	0.015321925854146504	3	0.24252743494504214	0.2171571241531947	3	0.009737827715355805	0.01686641235834862	3	0.23556700383606613	0.19872099967854168	3	0.13042949476472163	0.10774107646344207	3	0.011935629913158004	0.015321925854146504	3	0.24252743494504214	0.2171571241531947	3	0.009737827715355805	0.01686641235834862	3	nan	nan	0
anchor_fraction_x_contacts__well_specified__d500__sep1__cis0.65__bg0.05__a0.05__r2__m0	anchor_fraction_x_contacts	coarse	well_specified	ORACLE_coordinates_inference_monotone_log	3	500	1.0	0.35	0.05	0.05	2	0	ORACLE_COORDINATES	MATCHED_PAIRWISE_ENDPOINT_LIKELIHOOD	0.37098269714070126	0.05355026039426251	3	0.5762406808176433	0.0347170055465605	3	1.295794296644592	0.0678517609911044	3	0.6652402200083926	0.02014879815911509	3	0.03945631584177456	0.011144662862936828	3	0.019608699512647005	0.010677810531405749	3	0.0	0.0	3	0.37098269714070126	0.05355026039426251	3	0.5762406808176433	0.0347170055465605	3	1.295794296644592	0.0678517609911044	3	0.6652402200083926	0.02014879815911509	3	0.03945631584177456	0.011144662862936828	3	0.019608699512647005	0.010677810531405749	3	1.0	0.0	3	0.0	0.0	3	1.0	0.0	3	1.0	0.0	3	1.0	0.0	3	0.4022247193758379	0.08774841771820785	3	0.6101628245801781	0.055999269104966186	3	0.3171757157857314	0.011327511224615675	3	0.5167988689634645	0.018716017341438563	3	0.4022247193758379	0.08774841771820785	3	0.6101628245801781	0.055999269104966186	3	0.3171757157857314	0.011327511224615675	3	0.5167988689634645	0.018716017341438563	3	0.0	0.0	3	1.0	0.0	3	0.0	0.0	3	0.05000000000000001	8.498374721940739e-18	3	25.0	0.0	3	nan	nan	0	nan	nan	0	nan	nan	0	nan	nan	0	0.23556700383606613	0.19872099967854168	3	0.13042949476472163	0.10774107646344207	3	0.011935629913158004	0.015321925854146504	3	0.24252743494504214	0.2171571241531947	3	0.009737827715355805	0.01686641235834862	3	0.23556700383606613	0.19872099967854168	3	0.13042949476472163	0.10774107646344207	3	0.011935629913158004	0.015321925854146504	3	0.24252743494504214	0.2171571241531947	3	0.009737827715355805	0.01686641235834862	3	0.23556700383606613	0.19872099967854168	3	0.13042949476472163	0.10774107646344207	3	0.011935629913158004	0.015321925854146504	3	0.24252743494504214	0.2171571241531947	3	0.009737827715355805	0.01686641235834862	3	nan	nan	0
anchor_fraction_x_contacts__well_specified__d500__sep1__cis0.65__bg0.05__a0.05__r2__m0	anchor_fraction_x_contacts	coarse	well_specified	ORACLE_external_phase_anchors_monotone_log_midpoint_delta_pairwise	3	500	1.0	0.35	0.05	0.05	2	0	ORACLE_EXTERNAL_PHASE_ANCHORS	MATCHED_PAIRWISE_ENDPOINT_LIKELIHOOD	0.29078681384679733	0.06921635401946509	3	0.5301422183332045	0.026748617207417245	3	1.4443560121670054	0.04954766423404569	3	0.685208921727752	0.01921150868362398	3	0.13060996792348636	0.03608009845830203	3	0.04095315966233435	0.009427114143647877	3	0.8558258862901287	0.13069484400690606	3	0.31385027141389593	0.04896803571793614	3	0.546555327341594	0.033712337088414625	3	1.420730235400902	0.05920804521738093	3	0.6851449036537431	0.016347564418605492	3	0.10728247570319671	0.02703342383718358	3	0.04100446473753521	0.017952842005243712	3	0.9354995983268236	0.03425522153309375	3	4.7449783461394075	1.5866320386538775	3	0.6666666666666666	0.0	3	0.5	0.0	3	-0.024915824915824947	0.5908437616769024	3	0.3224154425737769	0.09172777383049509	3	0.5655490874057335	0.05690771515002008	3	0.2357012343841721	0.03469864317004972	3	0.4688119982472241	0.03278614446667476	3	0.3520196519671128	0.07134778821591806	3	0.5655490874057335	0.05690771515002008	3	0.24559780406941656	0.012556343461536524	3	0.5123838579259369	0.02598317866857094	3	0.5627478606378039	0.007562915042154837	3	1.0	0.0	3	0.0	0.0	3	0.05000000000000001	8.498374721940739e-18	3	25.0	0.0	3	0.9256140350877193	0.03409833154598272	3	0.2550514104945531	0.07514402692918633	3	0.06998698494219836	0.027065558007606114	3	0.07554514298512402	0.01813755770448711	3	0.07244295789127	0.0756377170719332	3	0.03295880149812734	0.05708631875133379	3	0.0	0.0	3	0.1750289865952637	0.1676103264545664	3	0.0	0.0	3	0.10892686303211567	0.09386161613799889	3	0.06636637388120083	0.05747890766225161	3	0.0	0.0	3	0.13271272824337063	0.11521471359280996	3	0.0	0.0	3	0.0702451556934678	0.07854761685153794	3	0.047064220948758374	0.04960890245762434	3	0.0	0.0	3	0.13493989973557552	0.11741597335366578	3	0.0	0.0	3	0.8453831879840146	0.061420995666087795	3
anchor_fraction_x_contacts__well_specified__d500__sep1__cis0.65__bg0.05__a0__r2__m0	anchor_fraction_x_contacts	coarse	well_specified	ORACLE_coordinates_generator_conditional	3	500	1.0	0.35	0.05	0.0	2	0	ORACLE_COORDINATES_AND_GENERATOR	ORACLE_GENERATOR_CONDITIONAL	0.3668796944668881	0.053880362560398166	3	0.5711641903821408	0.03487452837375162	3	1.2962838026534218	0.06669340579019288	3	0.6661087308680971	0.017904574075784985	3	0.036282646479571926	0.012771923430757597	3	0.02066331462861366	0.0018649603694006738	3	0.0	0.0	3	0.3668796944668881	0.053880362560398166	3	0.5711641903821408	0.03487452837375162	3	1.2962838026534218	0.06669340579019288	3	0.6661087308680971	0.017904574075784985	3	0.036282646479571926	0.012771923430757597	3	0.02066331462861366	0.0018649603694006738	3	1.0	0.0	3	0.0	0.0	3	1.0	0.0	3	1.0	0.0	3	1.0	0.0	3	0.4007959021110808	0.08428705410148969	3	0.607462994481407	0.050634377910464545	3	0.3083936632619062	0.001635030089415639	3	0.5068750213245079	0.01541171959575038	3	0.4007959021110808	0.08428705410148969	3	0.607462994481407	0.050634377910464545	3	0.3083936632619062	0.001635030089415639	3	0.5068750213245079	0.01541171959575038	3	0.0	0.0	3	1.0	0.0	3	0.0	0.0	3	0.0	0.0	3	0.0	0.0	3	nan	nan	0	nan	nan	0	nan	nan	0	nan	nan	0	0.22444620253164557	0.19191771001312	3	0.12914441003082264	0.10836316026584648	3	0.01201241134751773	0.01570744620808745	3	0.2568887093395577	0.18350157079877558	3	0.009929078014184398	0.017197667592882472	3	0.22444620253164557	0.19191771001312	3	0.12914441003082264	0.10836316026584648	3	0.01201241134751773	0.01570744620808745	3	0.2568887093395577	0.18350157079877558	3	0.009929078014184398	0.017197667592882472	3	0.22444620253164557	0.19191771001312	3	0.12914441003082264	0.10836316026584648	3	0.01201241134751773	0.01570744620808745	3	0.2568887093395577	0.18350157079877558	3	0.009929078014184398	0.017197667592882472	3	nan	nan	0
anchor_fraction_x_contacts__well_specified__d500__sep1__cis0.65__bg0.05__a0__r2__m0	anchor_fraction_x_contacts	coarse	well_specified	ORACLE_coordinates_inference_monotone_log	3	500	1.0	0.35	0.05	0.0	2	0	ORACLE_COORDINATES	MATCHED_PAIRWISE_ENDPOINT_LIKELIHOOD	0.3668796944668881	0.053880362560398166	3	0.5711641903821408	0.03487452837375162	3	1.2962838026534218	0.066693405790193	3	0.6661087308680971	0.017904574075784985	3	0.03628264647957192	0.012771923430757594	3	0.020663314628613632	0.0018649603694006313	3	0.0	0.0	3	0.3668796944668881	0.053880362560398166	3	0.5711641903821408	0.03487452837375162	3	1.2962838026534218	0.066693405790193	3	0.6661087308680971	0.017904574075784985	3	0.03628264647957192	0.012771923430757594	3	0.020663314628613632	0.0018649603694006313	3	1.0	0.0	3	0.0	0.0	3	1.0	0.0	3	1.0	0.0	3	1.0	0.0	3	0.4007959021110808	0.08428705410148969	3	0.607462994481407	0.050634377910464545	3	0.3083936632619062	0.001635030089415639	3	0.5068750213245079	0.01541171959575038	3	0.4007959021110808	0.08428705410148969	3	0.607462994481407	0.050634377910464545	3	0.3083936632619062	0.001635030089415639	3	0.5068750213245079	0.01541171959575038	3	0.0	0.0	3	1.0	0.0	3	0.0	0.0	3	0.0	0.0	3	0.0	0.0	3	nan	nan	0	nan	nan	0	nan	nan	0	nan	nan	0	0.22444620253164557	0.19191771001312	3	0.12914441003082264	0.10836316026584648	3	0.01201241134751773	0.01570744620808745	3	0.2568887093395577	0.18350157079877558	3	0.009929078014184398	0.017197667592882472	3	0.22444620253164557	0.19191771001312	3	0.12914441003082264	0.10836316026584648	3	0.01201241134751773	0.01570744620808745	3	0.2568887093395577	0.18350157079877558	3	0.009929078014184398	0.017197667592882472	3	0.22444620253164557	0.19191771001312	3	0.12914441003082264	0.10836316026584648	3	0.01201241134751773	0.01570744620808745	3	0.2568887093395577	0.18350157079877558	3	0.009929078014184398	0.017197667592882472	3	nan	nan	0
anchor_fraction_x_contacts__well_specified__d500__sep1__cis0.65__bg0.05__a0__r2__m0	anchor_fraction_x_contacts	coarse	well_specified	blind_normalized_endpoint_monotone_log_midpoint_delta_pairwise	3	500	1.0	0.35	0.05	0.0	2	0	none	MATCHED_PAIRWISE_ENDPOINT_LIKELIHOOD	0.22902227907951042	0.014351951322303208	3	0.5275363213334531	0.032718986188268705	3	1.7153645276469593	0.08667543268822298	3	0.7174655668213207	0.03308938044360644	3	0.2433404812721989	0.009640354087347829	3	0.07800099226131128	0.02932223195893177	3	0.8769316889711977	0.1243087617207779	3	0.2944061031810157	0.03750473426708825	3	0.5199860849268336	0.054027880419009196	3	1.5163998036958988	0.07383924937492388	3	0.7179280161647345	0.03402071228562719	3	0.1777649745800961	0.037734912394402687	3	0.08848284389572747	0.04655303286562361	3	0.9241576891618227	0.05429483244083864	3	4.817743715663146	1.6762825268563508	3	0.7777777777777777	0.1924500897298753	3	0.6666666666666666	0.28867513459481287	3	-0.18922558922558916	0.6525638207738569	3	0.20698915356195258	0.005441042444839576	3	0.5342397546637063	0.05955692943646975	3	0.26796955723792754	0.029600289333363936	3	0.5201387598887798	0.03529104058136356	3	0.31619032883151715	0.05379045798619422	3	0.5342397546637063	0.05955692943646975	3	0.2539733086664064	0.014814122364570963	3	0.4948557915678367	0.045504107447398516	3	0.46749374999975163	0.007682516174719428	3	1.0	0.0	3	0.0	0.0	3	0.0	0.0	3	0.0	0.0	3	0.8526666666666666	0.07223111056416989	3	0.35726622616469267	0.1139992633386508	3	0.10955240637325646	0.04367152111719339	3	0.06107410500060234	0.020637129754088105	3	0.0	0.0	3	0.0	0.0	3	0.0	0.0	3	0.08703055331118892	0.09560358113210668	3	0.0	0.0	3	0.0840799593021516	0.07420734234005066	3	0.06286321333453034	0.0545585588651245	3	0.0	0.0	3	0.08703055331118892	0.09560358113210668	3	0.0	0.0	3	0.0	0.0	3	0.0	0.0	3	0.0	0.0	3	0.1411856240835503	0.12394225218562974	3	0.0	0.0	3	0.7539254137742879	0.08118389527101733	3
contacts_x_homolog_separation__model_mismatched__d12000__sep0.1__cis0.65__bg0.05__a0__r2__m0	contacts_x_homolog_separation	coarse	model_mismatched	ORACLE_coordinates_generator_conditional	3	12000	0.1	0.35	0.05	0.0	2	0	ORACLE_COORDINATES_AND_GENERATOR	ORACLE_GENERATOR_CONDITIONAL	0.26886101769633447	0.005433577284175053	3	0.5130776436128713	0.0026714469380841087	3	1.3797690708080586	0.003148546569425247	3	0.6925130163478288	0.00035713622299312253	3	0.004451977332646903	0.0026583269990658105	3	0.004374555406814057	0.0023954856880774554	3	0.0	0.0	3	0.26886101769633447	0.005433577284175053	3	0.5130776436128713	0.0026714469380841087	3	1.3797690708080586	0.003148546569425247	3	0.6925130163478288	0.00035713622299312253	3	0.004451977332646903	0.0026583269990658105	3	0.004374555406814057	0.0023954856880774554	3	1.0	0.0	3	0.0	0.0	3	1.0	0.0	3	1.0	0.0	3	1.0	0.0	3	0.2764907043040153	0.009841923867635645	3	0.5168407584125356	0.0003353946395805607	3	0.2548370316007394	0.005743326621261518	3	0.506158191955803	0.008263996358678938	3	0.2764907043040153	0.009841923867635645	3	0.5168407584125356	0.0003353946395805607	3	0.2548370316007394	0.005743326621261518	3	0.506158191955803	0.008263996358678938	3	0.0	0.0	3	1.0	0.0	3	0.0	0.0	3	0.0	0.0	3	0.0	0.0	3	nan	nan	0	nan	nan	0	nan	nan	0	nan	nan	0	0.003975910658948722	0.006886479267653842	3	0.0	0.0	3	0.0	0.0	3	0.0	0.0	3	0.0	0.0	3	0.003975910658948722	0.006886479267653842	3	0.0	0.0	3	0.0	0.0	3	0.0	0.0	3	0.0	0.0	3	0.003975910658948722	0.006886479267653842	3	0.0	0.0	3	0.0	0.0	3	0.0	0.0	3	0.0	0.0	3	nan	nan	0
contacts_x_homolog_separation__model_mismatched__d12000__sep0.1__cis0.65__bg0.05__a0__r2__m0	contacts_x_homolog_separation	coarse	model_mismatched	ORACLE_coordinates_inference_monotone_log	3	12000	0.1	0.35	0.05	0.0	2	0	ORACLE_COORDINATES	MISMATCHED_INFERENCE_SCORE_OR_MOLECULE_COMPOSITE	0.26964843734654625	0.0065397911820551154	3	0.5088744725058335	0.003383007144904966	3	1.382722905984264	0.001873783907987328	3	0.6932286837769177	0.00024624519730298496	3	0.013581550937431089	0.000666167297529528	3	0.004385639614016871	0.0021793814769169545	3	0.0	0.0	3	0.26964843734654625	0.0065397911820551154	3	0.5088744725058335	0.003383007144904966	3	1.382722905984264	0.001873783907987328	3	0.6932286837769177	0.00024624519730298496	3	0.013581550937431089	0.000666167297529528	3	0.004385639614016871	0.0021793814769169545	3	1.0	0.0	3	0.0	0.0	3	1.0	0.0	3	1.0	0.0	3	1.0	0.0	3	0.2764907043040153	0.009841923867635645	3	0.5093034796429697	0.003195009895772347	3	0.25706212777476595	0.0074971150445312116	3	0.508075869886217	0.00428826173750804	3	0.2764907043040153	0.009841923867635645	3	0.5093034796429697	0.003195009895772347	3	0.25706212777476595	0.0074971150445312116	3	0.508075869886217	0.00428826173750804	3	0.0	0.0	3	1.0	0.0	3	0.0	0.0	3	0.0	0.0	3	0.0	0.0	3	nan	nan	0	nan	nan	0	nan	nan	0	nan	nan	0	0.0	0.0	3	0.0	0.0	3	0.0	0.0	3	0.0	0.0	3	0.0	0.0	3	0.0	0.0	3	0.0	0.0	3	0.0	0.0	3	0.0	0.0	3	0.0	0.0	3	0.0	0.0	3	0.0	0.0	3	0.0	0.0	3	0.0	0.0	3	0.0	0.0	3	nan	nan	0
contacts_x_homolog_separation__model_mismatched__d12000__sep0.1__cis0.65__bg0.05__a0__r2__m0	contacts_x_homolog_separation	coarse	model_mismatched	blind_normalized_endpoint_monotone_log_midpoint_delta_pairwise	3	12000	0.1	0.35	0.05	0.0	2	0	none	MISMATCHED_OR_MOLECULE_COMPOSITE	0.2503865478944618	0.0059962973188439125	3	0.5018077602211932	0.0017256207884677251	3	2.296528038332468	0.045919472894640614	3	1.0978622729800225	0.018828010223179748	3	0.4258126086055272	0.04069107251071649	3	0.2602326219287508	0.020111141356465603	3	0.9166763765660574	0.21783042523997306	3	0.2572084807273749	0.0040118202259460745	3	0.5058711902328694	0.003955879844160199	3	2.26981116637069	0.02508787771914519	3	1.097816728758809	0.01887581546943159	3	0.41899067577261406	0.033830990390175245	3	0.25825833473694826	0.02175409522000151	3	0.8842215097565517	0.008783716454843818	3	5.071633974177067	1.6784255114108062	3	0.7777777777777777	0.1924500897298753	3	0.6666666666666666	0.28867513459481287	3	0.13939393939393938	0.1728896395582599	3	0.2504023349414617	0.00925463155219501	3	0.504018451752613	0.003988445842146748	3	0.2503398735704316	0.001822223822357004	3	0.4977534600638611	0.007237860902176017	3	0.2598545478101457	0.008214333331571535	3	0.504018451752613	0.003988445842146748	3	0.2524154830781367	0.0037201118113163395	3	0.5093219758024213	0.010619195089383889	3	1.0193149785821636	0.041597351430998554	3	1.0	0.0	3	0.0	0.0	3	0.0	0.0	3	0.0	0.0	3	0.9303055555555556	0.012344683216012649	3	0.22821746308127092	0.025211907172792123	3	0.06427745843801905	0.008302802435724572	3	0.05459014310343139	0.013072465965189878	3	0.0	0.0	3	0.0	0.0	3	0.0	0.0	3	0.0	0.0	3	0.0	0.0	3	0.0	0.0	3	0.0	0.0	3	0.0	0.0	3	0.0	0.0	3	0.0	0.0	3	0.0	0.0	3	0.0	0.0	3	0.0	0.0	3	0.0	0.0	3	0.0	0.0	3	0.8488963253462835	0.019106028135465573	3
contacts_x_homolog_separation__model_mismatched__d12000__sep0.75__cis0.65__bg0.05__a0__r2__m0	contacts_x_homolog_separation	coarse	model_mismatched	ORACLE_coordinates_generator_conditional	3	12000	0.75	0.35	0.05	0.0	2	0	ORACLE_COORDINATES_AND_GENERATOR	ORACLE_GENERATOR_CONDITIONAL	0.3360162443487101	0.033938972727053755	3	0.56862095604729	0.015879284535623726	3	1.2988151384972402	0.04151771249479135	3	0.676360348285935	0.007631599203025256	3	0.005109814238287647	0.0021908189340029745	3	0.004399970236840267	0.003032769351545975	3	0.0	0.0	3	0.3360162443487101	0.033938972727053755	3	0.56862095604729	0.015879284535623726	3	1.2988151384972402	0.04151771249479135	3	0.676360348285935	0.007631599203025256	3	0.005109814238287647	0.0021908189340029745	3	0.004399970236840267	0.003032769351545975	3	1.0	0.0	3	0.0	0.0	3	1.0	0.0	3	1.0	0.0	3	1.0	0.0	3	0.35273863212816625	0.0117572669554376	3	0.594223999568591	0.015643674794806564	3	0.3051685494465813	0.07614865219173793	3	0.5210694215366062	0.017360521223297804	3	0.35273863212816625	0.0117572669554376	3	0.594223999568591	0.015643674794806564	3	0.3051685494465813	0.07614865219173793	3	0.5210694215366062	0.017360521223297804	3	0.0	0.0	3	1.0	0.0	3	0.0	0.0	3	0.0	0.0	3	0.0	0.0	3	nan	nan	0	nan	nan	0	nan	nan	0	nan	nan	0	0.09744197976703846	0.07557008197444191	3	0.0323945333979088	0.013967405118904474	3	0.0009363295880149813	0.0016217704190719824	3	0.08664902659329697	0.07711138248330117	3	0.0009363295880149813	0.0016217704190719824	3	0.09744197976703846	0.07557008197444191	3	0.0323945333979088	0.013967405118904474	3	0.0009363295880149813	0.0016217704190719824	3	0.08664902659329697	0.07711138248330117	3	0.0009363295880149813	0.0016217704190719824	3	0.09744197976703846	0.07557008197444191	3	0.0323945333979088	0.013967405118904474	3	0.0009363295880149813	0.0016217704190719824	3	0.08664902659329697	0.07711138248330117	3	0.0009363295880149813	0.0016217704190719824	3	nan	nan	0
contacts_x_homolog_separation__model_mismatched__d12000__sep0.75__cis0.65__bg0.05__a0__r2__m0	contacts_x_homolog_separation	coarse	model_mismatched	ORACLE_coordinates_inference_monotone_log	3	12000	0.75	0.35	0.05	0.0	2	0	ORACLE_COORDINATES	MISMATCHED_INFERENCE_SCORE_OR_MOLECULE_COMPOSITE	0.3344074873802718	0.03503142844580681	3	0.5420801218010244	0.01118393201507105	3	1.3343790195361895	0.014492553572648875	3	0.6994573979303422	0.01112448839004398	3	0.03770500584985197	0.025835414129681933	3	0.018851247437557967	0.0170249041925701	3	0.0	0.0	3	0.3344074873802718	0.03503142844580681	3	0.5420801218010244	0.01118393201507105	3	1.3343790195361895	0.014492553572648875	3	0.6994573979303422	0.01112448839004398	3	0.03770500584985197	0.025835414129681933	3	0.018851247437557967	0.0170249041925701	3	1.0	0.0	3	0.0	0.0	3	1.0	0.0	3	1.0	0.0	3	1.0	0.0	3	0.35273863212816625	0.0117572669554376	3	0.5557358519788996	0.007073968346092672	3	0.30053438092098594	0.07906827523284186	3	0.5166344442543445	0.01954783733137066	3	0.35273863212816625	0.0117572669554376	3	0.5557358519788996	0.007073968346092672	3	0.30053438092098594	0.07906827523284186	3	0.5166344442543445	0.01954783733137066	3	0.0	0.0	3	1.0	0.0	3	0.0	0.0	3	0.0	0.0	3	0.0	0.0	3	nan	nan	0	nan	nan	0	nan	nan	0	nan	nan	0	0.0	0.0	3	0.0	0.0	3	0.0	0.0	3	0.0	0.0	3	0.0	0.0	3	0.0	0.0	3	0.0	0.0	3	0.0	0.0	3	0.0	0.0	3	0.0	0.0	3	0.0	0.0	3	0.0	0.0	3	0.0	0.0	3	0.0	0.0	3	0.0	0.0	3	nan	nan	0
contacts_x_homolog_separation__model_mismatched__d12000__sep0.75__cis0.65__bg0.05__a0__r2__m0	contacts_x_homolog_separation	coarse	model_mismatched	blind_normalized_endpoint_monotone_log_midpoint_delta_pairwise	3	12000	0.75	0.35	0.05	0.0	2	0	none	MISMATCHED_OR_MOLECULE_COMPOSITE	0.2567697377429505	0.022240204170352797	3	0.49338815564305677	0.011254778997175812	3	2.04611022568684	0.09627544688636168	3	0.9609740589046935	0.043306416409572446	3	0.3766213094575046	0.016331397824742414	3	0.22896998335420157	0.005955571215789033	3	1.1400821157585044	0.30599809972162945	3	0.2701211939558888	0.014604252590453214	3	0.49458893829746886	0.010677775025455985	3	2.002373064201358	0.069844890950525	3	0.9610174284487397	0.04328012146874925	3	0.36326985324456623	0.02050816467654371	3	0.22776920069978943	0.008598024034856159	3	0.8674992697955867	0.06240368651240587	3	4.04472663365594	1.1072375230096891	3	0.7777777777777777	0.1924500897298753	3	0.5	0.5	3	0.011447811447811448	0.23056279283967246	3	0.2516456270058325	0.02522706051104581	3	0.49365227462559397	0.015009281063500088	3	0.2661124856601787	0.025990757422530937	3	0.49288202711703405	0.004248626890411044	3	0.2725247201398429	0.0118997370533425	3	0.49365227462559397	0.015009281063500088	3	0.2657791915832397	0.025782549389377615	3	0.49623410668026974	0.009098918225026833	3	1.0125645122801263	0.0308169624278325	3	1.0	0.0	3	0.0	0.0	3	0.0	0.0	3	0.0	0.0	3	0.9399444444444445	0.0016379469986450455	3	0.18095345733242	0.013605906290607912	3	0.048499083170053386	0.0020213111908886374	3	0.03342379381087746	0.011297022352973448	3	0.0	0.0	3	0.0	0.0	3	0.0	0.0	3	0.0	0.0	3	0.0	0.0	3	0.0	0.0	3	0.0	0.0	3	0.0	0.0	3	0.0	0.0	3	0.0	0.0	3	0.0	0.0	3	0.0	0.0	3	0.0	0.0	3	0.0	0.0	3	0.0	0.0	3	0.8989962084330622	0.014618701566810511	3
contacts_x_homolog_separation__model_mismatched__d12000__sep2__cis0.65__bg0.05__a0__r2__m0	contacts_x_homolog_separation	coarse	model_mismatched	ORACLE_coordinates_generator_conditional	3	12000	2.0	0.35	0.05	0.0	2	0	ORACLE_COORDINATES_AND_GENERATOR	ORACLE_GENERATOR_CONDITIONAL	0.4168623356979495	0.01817165794472628	3	0.7156925002347639	0.009452021348846996	3	1.1044992908900266	0.022284856328529775	3	0.49334226323790364	0.01660437032647227	3	0.010733542002568347	0.002472039707580449	3	0.00430482944930556	0.0007881565731437647	3	0.0	0.0	3	0.4168623356979495	0.01817165794472628	3	0.7156925002347639	0.009452021348846996	3	1.1044992908900266	0.022284856328529775	3	0.49334226323790364	0.01660437032647227	3	0.010733542002568347	0.002472039707580449	3	0.00430482944930556	0.0007881565731437647	3	1.0	0.0	3	0.0	0.0	3	1.0	0.0	3	1.0	0.0	3	1.0	0.0	3	0.5021682441629132	0.03333846779341498	3	0.8305335865859722	0.020288634648670357	3	0.2592950246123831	0.012560367387429633	3	0.503495769144888	0.009177133176853078	3	0.5021682441629132	0.03333846779341498	3	0.8305335865859722	0.020288634648670357	3	0.2592950246123831	0.012560367387429633	3	0.503495769144888	0.009177133176853078	3	0.0	0.0	3	1.0	0.0	3	0.0	0.0	3	0.0	0.0	3	0.0	0.0	3	nan	nan	0	nan	nan	0	nan	nan	0	nan	nan	0	0.48980402696170117	0.11798805290466784	3	0.17537144086413217	0.06937537099428463	3	0.05129057777043603	0.03383421894264629	3	1.0	0.0	3	0.4542968440952471	0.058031858592116514	3	0.48980402696170117	0.11798805290466784	3	0.17537144086413217	0.06937537099428463	3	0.05129057777043603	0.03383421894264629	3	1.0	0.0	3	0.4542968440952471	0.058031858592116514	3	0.48980402696170117	0.11798805290466784	3	0.17537144086413217	0.06937537099428463	3	0.05129057777043603	0.03383421894264629	3	1.0	0.0	3	0.4542968440952471	0.058031858592116514	3	nan	nan	0
contacts_x_homolog_separation__model_mismatched__d12000__sep2__cis0.65__bg0.05__a0__r2__m0	contacts_x_homolog_separation	coarse	model_mismatched	ORACLE_coordinates_inference_monotone_log	3	12000	2.0	0.35	0.05	0.0	2	0	ORACLE_COORDINATES	MISMATCHED_INFERENCE_SCORE_OR_MOLECULE_COMPOSITE	0.41537153940914084	0.020704615613555882	3	0.7118591890455539	0.006627845272907811	3	1.1512962888119753	0.023223102152160762	3	0.5279592828367337	0.014154872513932123	3	0.04674637655581634	0.006988701678480301	3	0.061849915357466166	0.006168881550410038	3	0.0	0.0	3	0.41537153940914084	0.020704615613555882	3	0.7118591890455539	0.006627845272907811	3	1.1512962888119753	0.023223102152160762	3	0.5279592828367337	0.014154872513932123	3	0.04674637655581634	0.006988701678480301	3	0.061849915357466166	0.006168881550410038	3	1.0	0.0	3	0.0	0.0	3	1.0	0.0	3	1.0	0.0	3	1.0	0.0	3	0.5021682441629132	0.03333846779341498	3	0.8264562916889481	0.015241245832496754	3	0.2549749256708002	0.003179665177796572	3	0.5000424678965644	0.009551225197057181	3	0.5021682441629132	0.03333846779341498	3	0.8264562916889481	0.015241245832496754	3	0.2549749256708002	0.003179665177796572	3	0.5000424678965644	0.009551225197057181	3	0.0	0.0	3	1.0	0.0	3	0.0	0.0	3	0.0	0.0	3	0.0	0.0	3	nan	nan	0	nan	nan	0	nan	nan	0	nan	nan	0	0.4730494278100448	0.11826111291836311	3	0.14831200696478955	0.09172508746109012	3	0.034148801565933785	0.045390189617161604	3	1.0	0.0	3	0.43867670411080456	0.055337838103172	3	0.4730494278100448	0.11826111291836311	3	0.14831200696478955	0.09172508746109012	3	0.034148801565933785	0.045390189617161604	3	1.0	0.0	3	0.43867670411080456	0.055337838103172	3	0.4730494278100448	0.11826111291836311	3	0.14831200696478955	0.09172508746109012	3	0.034148801565933785	0.045390189617161604	3	1.0	0.0	3	0.43867670411080456	0.055337838103172	3	nan	nan	0
contacts_x_homolog_separation__model_mismatched__d12000__sep2__cis0.65__bg0.05__a0__r2__m0	contacts_x_homolog_separation	coarse	model_mismatched	blind_normalized_endpoint_monotone_log_midpoint_delta_pairwise	3	12000	2.0	0.35	0.05	0.0	2	0	none	MISMATCHED_OR_MOLECULE_COMPOSITE	0.24845181938909713	0.040571731695251384	3	0.48032965565944324	0.037898483518174875	3	1.8828138315723617	0.11968939235734537	3	0.9207889156376644	0.04981377335477317	3	0.33372688233972797	0.051805546587069255	3	0.2096664590212588	0.04450448555522577	3	1.3831511899103663	0.07699784265778359	3	0.2587974351846571	0.02710656263934139	3	0.47863044939673566	0.036987376727568376	3	1.862385352177056	0.07523984455904514	3	0.9208450384949529	0.049701897184491944	3	0.32338126654416804	0.03445075393127822	3	0.2103113690267181	0.04360623366343046	3	0.7694453313815858	0.08599364977459596	3	5.352564236098128	2.2633332887228708	3	0.7777777777777777	0.1924500897298753	3	0.6666666666666666	0.28867513459481287	3	0.0707070707070707	0.06311312869419519	3	0.2468650222342302	0.060351752529011864	3	0.46874077483060184	0.055060290614921056	3	0.2514645922485033	0.004344228848624112	3	0.5017528725519843	0.009153925970616468	3	0.26468233850190054	0.03984248924206413	3	0.46874077483060184	0.055060290614921056	3	0.2478809495410592	0.0046464047039352875	3	0.4969405363287371	0.004324220547213517	3	1.061072819090138	0.06460295301712472	3	1.0	0.0	3	0.0	0.0	3	0.0	0.0	3	0.0	0.0	3	0.9305	0.016861156873450658	3	0.21621090659914843	0.04954471004062811	3	0.05828967008707967	0.016605606812862356	3	0.04324112815663789	0.019624633046968723	3	0.00827050090595593	0.0143249277731601	3	0.0	0.0	3	0.0	0.0	3	0.02387632240341341	0.04135500350060708	3	0.015313577649190486	0.02652389453404909	3	0.0	0.0	3	0.0	0.0	3	0.0	0.0	3	0.02387632240341341	0.04135500350060708	3	0.015313577649190486	0.02652389453404909	3	0.00827050090595593	0.0143249277731601	3	0.0	0.0	3	0.0	0.0	3	0.03676427611198784	0.06367759412945373	3	0.00827050090595593	0.0143249277731601	3	0.8768774660475299	0.04976005618208454	3
contacts_x_homolog_separation__model_mismatched__d1500__sep1.25__cis0.65__bg0.05__a0__r2__m0	contacts_x_homolog_separation	transition_refinement	model_mismatched	ORACLE_coordinates_generator_conditional	3	1500	1.25	0.35	0.05	0.0	2	0	ORACLE_COORDINATES_AND_GENERATOR	ORACLE_GENERATOR_CONDITIONAL	0.3969572688250777	0.021594713999687667	3	0.6397052773242217	0.004613210312661508	3	1.1896612537753175	0.024396328328887776	3	0.6208174316466915	0.00752783370475697	3	0.015629740333763662	0.004357900374869651	3	0.013101756258305402	0.003053374397745035	3	0.0	0.0	3	0.3969572688250777	0.021594713999687667	3	0.6397052773242217	0.004613210312661508	3	1.1896612537753175	0.024396328328887776	3	0.6208174316466915	0.00752783370475697	3	0.015629740333763662	0.004357900374869651	3	0.013101756258305402	0.003053374397745035	3	1.0	0.0	3	0.0	0.0	3	1.0	0.0	3	1.0	0.0	3	1.0	0.0	3	0.42819316829387516	0.02426670551993959	3	0.6877247895075819	0.028855899462378688	3	0.34041288845319434	0.09420170923696429	3	0.554750781706393	0.04352817208899092	3	0.42819316829387516	0.02426670551993959	3	0.6877247895075819	0.028855899462378688	3	0.34041288845319434	0.09420170923696429	3	0.554750781706393	0.04352817208899092	3	0.0	0.0	3	1.0	0.0	3	0.0	0.0	3	0.0	0.0	3	0.0	0.0	3	nan	nan	0	nan	nan	0	nan	nan	0	nan	nan	0	0.33437354041302125	0.08342238046742613	3	0.14813274546751695	0.039380391615316	3	0.006356634736467875	0.00578824156193485	3	0.6503706284514971	0.06567960591406731	3	0.03268319964990881	0.030683693318460863	3	0.33437354041302125	0.08342238046742613	3	0.14813274546751695	0.039380391615316	3	0.006356634736467875	0.00578824156193485	3	0.6503706284514971	0.06567960591406731	3	0.03268319964990881	0.030683693318460863	3	0.33437354041302125	0.08342238046742613	3	0.14813274546751695	0.039380391615316	3	0.006356634736467875	0.00578824156193485	3	0.6503706284514971	0.06567960591406731	3	0.03268319964990881	0.030683693318460863	3	nan	nan	0
contacts_x_homolog_separation__model_mismatched__d1500__sep1.25__cis0.65__bg0.05__a0__r2__m0	contacts_x_homolog_separation	transition_refinement	model_mismatched	ORACLE_coordinates_inference_monotone_log	3	1500	1.25	0.35	0.05	0.0	2	0	ORACLE_COORDINATES	MISMATCHED_INFERENCE_SCORE_OR_MOLECULE_COMPOSITE	0.39743290271787873	0.020802598317115017	3	0.6204157590011746	0.010793012711560981	3	1.240740963178788	0.01910617486612413	3	0.6498465656344702	0.010903435025645529	3	0.0447015308767926	0.004887115009974948	3	0.038706896670860684	0.0061785868234764145	3	0.0	0.0	3	0.39743290271787873	0.020802598317115017	3	0.6204157590011746	0.010793012711560981	3	1.240740963178788	0.01910617486612413	3	0.6498465656344702	0.010903435025645529	3	0.0447015308767926	0.004887115009974948	3	0.038706896670860684	0.0061785868234764145	3	1.0	0.0	3	0.0	0.0	3	1.0	0.0	3	1.0	0.0	3	1.0	0.0	3	0.42819316829387516	0.02426670551993959	3	0.6587799120010082	0.030712602798873487	3	0.34174512128716844	0.08768087188798629	3	0.5522882026074	0.05232594240375763	3	0.42819316829387516	0.02426670551993959	3	0.6587799120010082	0.030712602798873487	3	0.34174512128716844	0.08768087188798629	3	0.5522882026074	0.05232594240375763	3	0.0	0.0	3	1.0	0.0	3	0.0	0.0	3	0.0	0.0	3	0.0	0.0	3	nan	nan	0	nan	nan	0	nan	nan	0	nan	nan	0	0.33037078994537566	0.07144443971419356	3	0.01580561453172918	0.02737612741380391	3	0.0	0.0	3	0.5382212669427292	0.11859182963080649	3	0.005897617362585515	0.010214972915598475	3	0.33037078994537566	0.07144443971419356	3	0.01580561453172918	0.02737612741380391	3	0.0	0.0	3	0.5382212669427292	0.11859182963080649	3	0.005897617362585515	0.010214972915598475	3	0.33037078994537566	0.07144443971419356	3	0.01580561453172918	0.02737612741380391	3	0.0	0.0	3	0.5382212669427292	0.11859182963080649	3	0.005897617362585515	0.010214972915598475	3	nan	nan	0
contacts_x_homolog_separation__model_mismatched__d1500__sep1.25__cis0.65__bg0.05__a0__r2__m0	contacts_x_homolog_separation	transition_refinement	model_mismatched	blind_normalized_endpoint_monotone_log_midpoint_delta_pairwise	3	1500	1.25	0.35	0.05	0.0	2	0	none	MISMATCHED_OR_MOLECULE_COMPOSITE	0.24204599762920806	0.04262418654026995	3	0.4478119764071142	0.021106747355780144	3	1.9283661704789203	0.3198646053708845	3	1.0101934569430309	0.17540087298110393	3	0.35963346419264797	0.0711127224608701	3	0.2510163745462612	0.04440742278389561	3	0.9364520638064748	0.17709664116110455	3	0.2606305698836591	0.028534895471805453	3	0.4376984854775312	0.020303523453281545	3	1.7830592738362065	0.2728784594180898	3	1.0117284809650438	0.1768384829546358	3	0.32204004492523053	0.06648999400990571	3	0.24977247093319419	0.03999840933506514	3	0.9034380599550068	0.05164485261368607	3	3.663169393510961	0.7441584906578931	3	0.6666666666666666	0.0	3	0.3333333333333333	0.2886751345948129	3	0.07474747474747474	0.2748365868557958	3	0.20789090194421347	0.05506864240517639	3	0.40203888253340564	0.030124897514080522	3	0.29898231726062297	0.07441192706525301	3	0.5273160604414041	0.004987023687785055	3	0.29207941880169114	0.03136197761760988	3	0.40203888253340564	0.030124897514080522	3	0.20623435967509277	0.03349729027985864	3	0.49961702487526133	0.003363498273450583	3	0.5236523980274796	0.019680796254958187	3	1.0	0.0	3	0.0	0.0	3	0.0	0.0	3	0.0	0.0	3	0.8346666666666667	0.1570010615675363	3	0.32024917223831345	0.17764529867986883	3	0.1001945035493132	0.07072632138242885	3	0.07642147931584674	0.06639361800822627	3	0.004718093890068412	0.008171978332478779	3	0.0	0.0	3	0.0	0.0	3	0.0	0.0	3	0.0	0.0	3	0.004718093890068412	0.008171978332478779	3	0.0	0.0	3	0.0	0.0	3	0.0	0.0	3	0.0	0.0	3	0.0	0.0	3	0.0	0.0	3	0.0	0.0	3	0.0	0.0	3	0.0	0.0	3	0.8080783396133882	0.13176500096306692	3
contacts_x_homolog_separation__model_mismatched__d1500__sep1.6__cis0.65__bg0.05__a0__r2__m0	contacts_x_homolog_separation	transition_refinement	model_mismatched	ORACLE_coordinates_generator_conditional	3	1500	1.6	0.35	0.05	0.0	2	0	ORACLE_COORDINATES_AND_GENERATOR	ORACLE_GENERATOR_CONDITIONAL	0.41267436285176856	0.04295581698691803	3	0.685294057381248	0.02984718750234312	3	1.112575216745532	0.06847170621537739	3	0.5540596312766379	0.022862845094029177	3	0.02161821499030242	0.007685737629571468	3	0.021208554970843424	0.001834105970682173	3	0.0	0.0	3	0.41267436285176856	0.04295581698691803	3	0.685294057381248	0.02984718750234312	3	1.112575216745532	0.06847170621537739	3	0.5540596312766379	0.022862845094029177	3	0.02161821499030242	0.007685737629571468	3	0.021208554970843424	0.001834105970682173	3	1.0	0.0	3	0.0	0.0	3	1.0	0.0	3	1.0	0.0	3	1.0	0.0	3	0.46979255174458107	0.024942720138484805	3	0.7616038508582882	0.004562572460545806	3	0.30946953172111735	0.11317987351334789	3	0.5461484623746781	0.07445624014623513	3	0.46979255174458107	0.024942720138484805	3	0.7616038508582882	0.004562572460545806	3	0.30946953172111735	0.11317987351334789	3	0.5461484623746781	0.07445624014623513	3	0.0	0.0	3	1.0	0.0	3	0.0	0.0	3	0.0	0.0	3	0.0	0.0	3	nan	nan	0	nan	nan	0	nan	nan	0	nan	nan	0	0.48844547715937825	0.17893628802638592	3	0.2417556153874525	0.11694330385019809	3	0.06500825762139523	0.07027329099541725	3	0.8618501170000451	0.11966955026924662	3	0.28104927115733735	0.08364646912684975	3	0.48844547715937825	0.17893628802638592	3	0.2417556153874525	0.11694330385019809	3	0.06500825762139523	0.07027329099541725	3	0.8618501170000451	0.11966955026924662	3	0.28104927115733735	0.08364646912684975	3	0.48844547715937825	0.17893628802638592	3	0.2417556153874525	0.11694330385019809	3	0.06500825762139523	0.07027329099541725	3	0.8620837072826893	0.11947544128151467	3	0.28104927115733735	0.08364646912684975	3	nan	nan	0
contacts_x_homolog_separation__model_mismatched__d1500__sep1.6__cis0.65__bg0.05__a0__r2__m0	contacts_x_homolog_separation	transition_refinement	model_mismatched	ORACLE_coordinates_inference_monotone_log	3	1500	1.6	0.35	0.05	0.0	2	0	ORACLE_COORDINATES	MISMATCHED_INFERENCE_SCORE_OR_MOLECULE_COMPOSITE	0.4159479052688952	0.043690406630794876	3	0.6757125937946946	0.032412352372362556	3	1.162826745565188	0.0541428663769016	3	0.5824157643429264	0.015404388293922593	3	0.03967416436190314	0.0140252806499458	3	0.05991243146092451	0.012941508835936382	3	0.0	0.0	3	0.4159479052688952	0.043690406630794876	3	0.6757125937946946	0.032412352372362556	3	1.162826745565188	0.0541428663769016	3	0.5824157643429264	0.015404388293922593	3	0.03967416436190314	0.0140252806499458	3	0.05991243146092451	0.012941508835936382	3	1.0	0.0	3	0.0	0.0	3	1.0	0.0	3	1.0	0.0	3	1.0	0.0	3	0.46979255174458107	0.024942720138484805	3	0.7572352594383857	0.01067741842226166	3	0.31883124509974403	0.11580986222091524	3	0.526883147390547	0.08234929437445583	3	0.46979255174458107	0.024942720138484805	3	0.7572352594383857	0.01067741842226166	3	0.31883124509974403	0.11580986222091524	3	0.526883147390547	0.08234929437445583	3	0.0	0.0	3	1.0	0.0	3	0.0	0.0	3	0.0	0.0	3	0.0	0.0	3	nan	nan	0	nan	nan	0	nan	nan	0	nan	nan	0	0.47323063557047257	0.16564526826309345	3	0.2027152206608556	0.1057639158427027	3	0.011212333566923617	0.01942033140932168	3	0.8725808447772082	0.12097196081753984	3	0.22610113229815956	0.04633999646949989	3	0.47323063557047257	0.16564526826309345	3	0.2027152206608556	0.1057639158427027	3	0.011212333566923617	0.01942033140932168	3	0.8725808447772082	0.12097196081753984	3	0.22610113229815956	0.04633999646949989	3	0.47323063557047257	0.16564526826309345	3	0.2027152206608556	0.1057639158427027	3	0.011212333566923617	0.01942033140932168	3	0.8725808447772082	0.12097196081753984	3	0.22610113229815956	0.04633999646949989	3	nan	nan	0
contacts_x_homolog_separation__model_mismatched__d1500__sep1.6__cis0.65__bg0.05__a0__r2__m0	contacts_x_homolog_separation	transition_refinement	model_mismatched	blind_normalized_endpoint_monotone_log_midpoint_delta_pairwise	3	1500	1.6	0.35	0.05	0.0	2	0	none	MISMATCHED_OR_MOLECULE_COMPOSITE	0.20103779654696188	0.07028923428979661	3	0.42714155161320727	0.05049128707014896	3	1.8477220787690378	0.23510435436968696	3	0.9003321336212874	0.0891499612115641	3	0.34740028029826814	0.0880479423273402	3	0.228103488876537	0.06308726426867481	3	1.0151368588972194	0.16791568945191865	3	0.2744710409520648	0.037833566593462375	3	0.45941667998541086	0.033491184631216205	3	1.6305807129171643	0.1364170876969663	3	0.8871917735567951	0.08004352754341472	3	0.2790613947156287	0.05054957357821091	3	0.20688310924286787	0.042579865586342025	3	0.8786467817789578	0.03370640678037826	3	5.246452340569779	0.36714263613679926	3	0.6666666666666666	0.0	3	0.16666666666666666	0.2886751345948129	3	0.04377104377104376	0.13974970459367825	3	0.17278717370241992	0.09998369070485544	3	0.4143817333957216	0.06433077637876335	3	0.2527858368238918	0.027489118827208933	3	0.4502760668194072	0.032036298789531126	3	0.26161581805246936	0.07401611546984554	3	0.4143817333957216	0.06433077637876335	3	0.30094550152689686	0.08117742154153362	3	0.5431870807135079	0.037467874232193825	3	0.530313890427351	0.01624990200506291	3	1.0	0.0	3	0.0	0.0	3	0.0	0.0	3	0.0	0.0	3	0.9380000000000001	0.009165151389911627	3	0.20769974994516105	0.023668308647751136	3	0.05484942950055325	0.00791602923528009	3	0.060593802353993476	0.014503687444052636	3	0.010044382153702406	0.01739738022085067	3	0.010044382153702406	0.01739738022085067	3	0.0	0.0	3	0.01752976227066147	0.015658976009099608	3	0.0	0.0	3	0.01752976227066147	0.015658976009099608	3	0.01752976227066147	0.015658976009099608	3	0.0	0.0	3	0.01752976227066147	0.015658976009099608	3	0.0	0.0	3	0.010044382153702406	0.01739738022085067	3	0.010044382153702406	0.01739738022085067	3	0.0	0.0	3	0.01752976227066147	0.015658976009099608	3	0.0	0.0	3	0.8720419942622568	0.02822584390187684	3
contacts_x_homolog_separation__model_mismatched__d3000__sep0.1__cis0.65__bg0.05__a0__r2__m0	contacts_x_homolog_separation	coarse	model_mismatched	ORACLE_coordinates_generator_conditional	3	3000	0.1	0.35	0.05	0.0	2	0	ORACLE_COORDINATES_AND_GENERATOR	ORACLE_GENERATOR_CONDITIONAL	0.28063922951760867	0.009723499846167171	3	0.5143980659921166	0.0076243029870083365	3	1.3789970153547972	0.002164122025827622	3	0.6926482072566479	0.0010556481592347928	3	0.012565196342707322	0.005388399058122387	3	0.007678251304437001	0.006638871581289454	3	0.0	0.0	3	0.28063922951760867	0.009723499846167171	3	0.5143980659921166	0.0076243029870083365	3	1.3789970153547972	0.002164122025827622	3	0.6926482072566479	0.0010556481592347928	3	0.012565196342707322	0.005388399058122387	3	0.007678251304437001	0.006638871581289454	3	1.0	0.0	3	0.0	0.0	3	1.0	0.0	3	1.0	0.0	3	1.0	0.0	3	0.28744565091639546	0.017897556015438555	3	0.5153686926454691	0.012487499632420065	3	0.2680590131017972	0.018574842683683285	3	0.512895476657146	0.015356283018743372	3	0.28744565091639546	0.017897556015438555	3	0.5153686926454691	0.012487499632420065	3	0.2680590131017972	0.018574842683683285	3	0.512895476657146	0.015356283018743372	3	0.0	0.0	3	1.0	0.0	3	0.0	0.0	3	0.0	0.0	3	0.0	0.0	3	nan	nan	0	nan	nan	0	nan	nan	0	nan	nan	0	0.0036333802156586965	0.006293199136736427	3	0.0	0.0	3	0.0	0.0	3	0.0	0.0	3	0.0	0.0	3	0.0036333802156586965	0.006293199136736427	3	0.0	0.0	3	0.0	0.0	3	0.0	0.0	3	0.0	0.0	3	0.0036333802156586965	0.006293199136736427	3	0.0	0.0	3	0.0	0.0	3	0.0	0.0	3	0.0	0.0	3	nan	nan	0
contacts_x_homolog_separation__model_mismatched__d3000__sep0.1__cis0.65__bg0.05__a0__r2__m0	contacts_x_homolog_separation	coarse	model_mismatched	ORACLE_coordinates_inference_monotone_log	3	3000	0.1	0.35	0.05	0.0	2	0	ORACLE_COORDINATES	MISMATCHED_INFERENCE_SCORE_OR_MOLECULE_COMPOSITE	0.28262515759217094	0.012579743173954829	3	0.5063231246823451	0.011844841431064235	3	1.3819691446110085	0.0017227439984841145	3	0.6932520698917632	0.0008460251920354257	3	0.01340992745309145	0.00488595992675773	3	0.00855451139482897	0.00550778863921837	3	0.0	0.0	3	0.28262515759217094	0.012579743173954829	3	0.5063231246823451	0.011844841431064235	3	1.3819691446110085	0.0017227439984841145	3	0.6932520698917632	0.0008460251920354257	3	0.01340992745309145	0.00488595992675773	3	0.00855451139482897	0.00550778863921837	3	1.0	0.0	3	0.0	0.0	3	1.0	0.0	3	1.0	0.0	3	1.0	0.0	3	0.28744565091639546	0.017897556015438555	3	0.5121045824056513	0.02008950607755872	3	0.2738082056864153	0.016113334128942194	3	0.4957905057331901	0.006652034005156503	3	0.28744565091639546	0.017897556015438555	3	0.5121045824056513	0.02008950607755872	3	0.2738082056864153	0.016113334128942194	3	0.4957905057331901	0.006652034005156503	3	0.0	0.0	3	1.0	0.0	3	0.0	0.0	3	0.0	0.0	3	0.0	0.0	3	nan	nan	0	nan	nan	0	nan	nan	0	nan	nan	0	0.0	0.0	3	0.0	0.0	3	0.0	0.0	3	0.0	0.0	3	0.0	0.0	3	0.0	0.0	3	0.0	0.0	3	0.0	0.0	3	0.0	0.0	3	0.0	0.0	3	0.0	0.0	3	0.0	0.0	3	0.0	0.0	3	0.0	0.0	3	0.0	0.0	3	nan	nan	0
contacts_x_homolog_separation__model_mismatched__d3000__sep0.1__cis0.65__bg0.05__a0__r2__m0	contacts_x_homolog_separation	coarse	model_mismatched	blind_normalized_endpoint_monotone_log_midpoint_delta_pairwise	3	3000	0.1	0.35	0.05	0.0	2	0	none	MISMATCHED_OR_MOLECULE_COMPOSITE	0.25504108631568156	0.011555503100374342	3	0.5063155634743509	0.0073461389621509495	3	2.0978389106301774	0.13666426502439138	3	0.9793942292010199	0.045012831647881064	3	0.403252710569985	0.06511037183330914	3	0.23949982388689706	0.03660078782901467	3	1.170399595040837	0.1948916305015793	3	0.2587823010671128	0.0079415354801623	3	0.5066633261302315	0.013376766988175822	3	2.078517160459064	0.12546192885339466	3	0.9794820380896293	0.0452515334805747	3	0.3995114958185537	0.06105147181107521	3	0.24146909000238445	0.03975804426819366	3	0.8499943867813805	0.053793639683017896	3	3.465906828251613	0.4775875725305444	3	0.7777777777777777	0.1924500897298753	3	0.5	0.5	3	0.18518518518518515	0.0445056205841301	3	0.25560911069422415	0.01569488456848336	3	0.504345059742389	0.01330400550678837	3	0.25417306998876876	0.004389789774832544	3	0.5096079754687168	0.013001010779659167	3	0.2643612345711455	0.008355659487224516	3	0.504345059742389	0.01330400550678837	3	0.24841355224927564	0.011108039905508687	3	0.5106527267945626	0.019063419189081426	3	0.584278997965157	0.02966813570179302	3	1.0	0.0	3	0.0	0.0	3	0.0	0.0	3	0.0	0.0	3	0.9372222222222222	0.004032277180360919	3	0.18880954986723034	0.02010060537401736	3	0.05114445639787899	0.004150447977014818	3	0.03946674000610741	0.01755851211532592	3	0.0	0.0	3	0.0	0.0	3	0.0	0.0	3	0.0	0.0	3	0.0	0.0	3	0.0	0.0	3	0.0	0.0	3	0.0	0.0	3	0.0	0.0	3	0.0	0.0	3	0.0	0.0	3	0.0	0.0	3	0.0	0.0	3	0.0	0.0	3	0.0	0.0	3	0.8883393655988742	0.011329652403639713	3
contacts_x_homolog_separation__model_mismatched__d3000__sep0.75__cis0.65__bg0.05__a0__r2__m0	contacts_x_homolog_separation	coarse	model_mismatched	ORACLE_coordinates_generator_conditional	3	3000	0.75	0.35	0.05	0.0	2	0	ORACLE_COORDINATES_AND_GENERATOR	ORACLE_GENERATOR_CONDITIONAL	0.31041119798817624	0.007202271549523813	3	0.5681339185117662	0.008276715778437131	3	1.3214102926100422	0.011759707543735542	3	0.6774888828337211	0.004922903974282453	3	0.015514095805541597	0.0057498423551991555	3	0.013278885400461677	0.007709908638147352	3	0.0	0.0	3	0.31041119798817624	0.007202271549523813	3	0.5681339185117662	0.008276715778437131	3	1.3214102926100422	0.011759707543735542	3	0.6774888828337211	0.004922903974282453	3	0.015514095805541597	0.0057498423551991555	3	0.013278885400461677	0.007709908638147352	3	1.0	0.0	3	0.0	0.0	3	1.0	0.0	3	1.0	0.0	3	1.0	0.0	3	0.3373938637798099	0.006764393772235372	3	0.594114734886109	0.012099478517087803	3	0.2592546605692954	0.019400945015011488	3	0.5182854779961642	0.017470328182588823	3	0.3373938637798099	0.006764393772235372	3	0.594114734886109	0.012099478517087803	3	0.2592546605692954	0.019400945015011488	3	0.5182854779961642	0.017470328182588823	3	0.0	0.0	3	1.0	0.0	3	0.0	0.0	3	0.0	0.0	3	0.0	0.0	3	nan	nan	0	nan	nan	0	nan	nan	0	nan	nan	0	0.05876135472999552	0.018942219136355333	3	0.032392774532427254	0.010977862668768778	3	0.0	0.0	3	0.05157957972563437	0.023485921265205056	3	0.0	0.0	3	0.05876135472999552	0.018942219136355333	3	0.032392774532427254	0.010977862668768778	3	0.0	0.0	3	0.05157957972563437	0.023485921265205056	3	0.0	0.0	3	0.05876135472999552	0.018942219136355333	3	0.032392774532427254	0.010977862668768778	3	0.0	0.0	3	0.05157957972563437	0.023485921265205056	3	0.0	0.0	3	nan	nan	0
contacts_x_homolog_separation__model_mismatched__d3000__sep0.75__cis0.65__bg0.05__a0__r2__m0	contacts_x_homolog_separation	coarse	model_mismatched	ORACLE_coordinates_inference_monotone_log	3	3000	0.75	0.35	0.05	0.0	2	0	ORACLE_COORDINATES	MISMATCHED_INFERENCE_SCORE_OR_MOLECULE_COMPOSITE	0.31100977537072455	0.005079150527526876	3	0.53768395597736	0.018559356978066963	3	1.345490764096019	0.009512385382133599	3	0.6953523804927452	0.00522895937545289	3	0.036467344593866184	0.0036421251927470206	3	0.031310570635619164	0.001584047256558615	3	0.0	0.0	3	0.31100977537072455	0.005079150527526876	3	0.53768395597736	0.018559356978066963	3	1.345490764096019	0.009512385382133599	3	0.6953523804927452	0.00522895937545289	3	0.036467344593866184	0.0036421251927470206	3	0.031310570635619164	0.001584047256558615	3	1.0	0.0	3	0.0	0.0	3	1.0	0.0	3	1.0	0.0	3	1.0	0.0	3	0.3373938637798099	0.006764393772235372	3	0.5464046758377382	0.02527178549365212	3	0.2613940234794921	0.020273783944871036	3	0.5206470739586976	0.0060921037245806	3	0.3373938637798099	0.006764393772235372	3	0.5464046758377382	0.02527178549365212	3	0.2613940234794921	0.020273783944871036	3	0.5206470739586976	0.0060921037245806	3	0.0	0.0	3	1.0	0.0	3	0.0	0.0	3	0.0	0.0	3	0.0	0.0	3	nan	nan	0	nan	nan	0	nan	nan	0	nan	nan	0	0.0	0.0	3	0.0	0.0	3	0.0	0.0	3	0.0	0.0	3	0.0	0.0	3	0.0	0.0	3	0.0	0.0	3	0.0	0.0	3	0.0	0.0	3	0.0	0.0	3	0.0	0.0	3	0.0	0.0	3	0.0	0.0	3	0.0	0.0	3	0.0	0.0	3	nan	nan	0
contacts_x_homolog_separation__model_mismatched__d3000__sep0.75__cis0.65__bg0.05__a0__r2__m0	contacts_x_homolog_separation	coarse	model_mismatched	blind_normalized_endpoint_monotone_log_midpoint_delta_pairwise	3	3000	0.75	0.35	0.05	0.0	2	0	none	MISMATCHED_OR_MOLECULE_COMPOSITE	0.2402654897445	0.03207413402203059	3	0.480598488114365	0.0070441826779540405	3	2.031234701794809	0.19366107832943955	3	0.9777224479890135	0.07351834474877234	3	0.37938359358404733	0.04569216814966873	3	0.23402912905271325	0.016196217640185244	3	1.0336101830951954	0.16421437995429433	3	0.27059181827343876	0.012121125640445856	3	0.4761666684246136	0.014631349899071585	3	1.912053071112658	0.11896671326553519	3	0.9777845149945753	0.07355801580668218	3	0.34905726505510865	0.023393700519574366	3	0.23846094874246473	0.022664598848038522	3	0.9110022486893986	0.05573862861921928	3	3.7268333590527942	0.5361799554825641	3	0.6666666666666666	0.0	3	0.16666666666666666	0.2886751345948129	3	0.06262626262626263	0.15417199214819322	3	0.23420168335559147	0.04897504498684602	3	0.47005922555766994	0.015660803294663815	3	0.2506454171136645	0.005224825102441393	3	0.5002129577008141	0.013194829320665976	3	0.28253885858173516	0.015311143387850718	3	0.47005922555766994	0.015660803294663815	3	0.2472816461722438	0.02365266829156815	3	0.4875789001222052	0.0135806514584299	3	0.6994826993905008	0.22050095070620654	3	1.0	0.0	3	0.0	0.0	3	0.0	0.0	3	0.0	0.0	3	0.9406666666666667	0.004618802153517011	3	0.18619411524393895	0.00518695172275942	3	0.04833867346797061	0.0019245655119297627	3	0.04036485135604571	0.008269727987393005	3	0.0041079812206572764	0.007115232190717219	3	0.0041079812206572764	0.007115232190717219	3	0.0	0.0	3	0.0041079812206572764	0.007115232190717219	3	0.0	0.0	3	0.0041079812206572764	0.007115232190717219	3	0.0041079812206572764	0.007115232190717219	3	0.0	0.0	3	0.0041079812206572764	0.007115232190717219	3	0.0	0.0	3	0.0	0.0	3	0.0	0.0	3	0.0	0.0	3	0.0	0.0	3	0.0	0.0	3	0.8957347092015614	0.004354186055514693	3
contacts_x_homolog_separation__model_mismatched__d3000__sep2__cis0.65__bg0.05__a0__r2__m0	contacts_x_homolog_separation	coarse	model_mismatched	ORACLE_coordinates_generator_conditional	3	3000	2.0	0.35	0.05	0.0	2	0	ORACLE_COORDINATES_AND_GENERATOR	ORACLE_GENERATOR_CONDITIONAL	0.4408236928691811	0.06786258019737255	3	0.7331369491142598	0.030531270751628158	3	1.056608747836975	0.1056794032189233	3	0.4669468661968481	0.04010106344343709	3	0.017751027865382307	0.004091524101444366	3	0.01429393843812979	0.00434858855090737	3	0.0	0.0	3	0.4408236928691811	0.06786258019737255	3	0.7331369491142598	0.030531270751628158	3	1.056608747836975	0.1056794032189233	3	0.4669468661968481	0.04010106344343709	3	0.017751027865382307	0.004091524101444366	3	0.01429393843812979	0.00434858855090737	3	1.0	0.0	3	0.0	0.0	3	1.0	0.0	3	1.0	0.0	3	1.0	0.0	3	0.5051156084277318	0.028332190572823178	3	0.8399763565066184	0.01219163052992753	3	0.32203056531818364	0.14287454232936	3	0.5370634452148842	0.07662188888041968	3	0.5051156084277318	0.028332190572823178	3	0.8399763565066184	0.01219163052992753	3	0.32203056531818364	0.14287454232936	3	0.5370634452148842	0.07662188888041968	3	0.0	0.0	3	1.0	0.0	3	0.0	0.0	3	0.0	0.0	3	0.0	0.0	3	nan	nan	0	nan	nan	0	nan	nan	0	nan	nan	0	0.5880589289190925	0.2711029715749044	3	0.22412189513024272	0.21118327776635712	3	0.0725851790801648	0.1106430864284418	3	1.0	0.0	3	0.549267601604701	0.08026559894607328	3	0.5880589289190925	0.2711029715749044	3	0.22412189513024272	0.21118327776635712	3	0.0725851790801648	0.1106430864284418	3	1.0	0.0	3	0.549267601604701	0.08026559894607328	3	0.5880589289190925	0.2711029715749044	3	0.22412189513024272	0.21118327776635712	3	0.0725851790801648	0.1106430864284418	3	1.0	0.0	3	0.549267601604701	0.08026559894607328	3	nan	nan	0
contacts_x_homolog_separation__model_mismatched__d3000__sep2__cis0.65__bg0.05__a0__r2__m0	contacts_x_homolog_separation	coarse	model_mismatched	ORACLE_coordinates_inference_monotone_log	3	3000	2.0	0.35	0.05	0.0	2	0	ORACLE_COORDINATES	MISMATCHED_INFERENCE_SCORE_OR_MOLECULE_COMPOSITE	0.44164859709078846	0.0701766880920719	3	0.7305632383644723	0.028803546107982206	3	1.1180084367646541	0.08550050964677328	3	0.5083585853784302	0.024428616172461944	3	0.056007348109331	0.020695837529395376	3	0.07701049086807837	0.012313715341661478	3	0.0	0.0	3	0.44164859709078846	0.0701766880920719	3	0.7305632383644723	0.028803546107982206	3	1.1180084367646541	0.08550050964677328	3	0.5083585853784302	0.024428616172461944	3	0.056007348109331	0.020695837529395376	3	0.07701049086807837	0.012313715341661478	3	1.0	0.0	3	0.0	0.0	3	1.0	0.0	3	1.0	0.0	3	1.0	0.0	3	0.5051156084277318	0.028332190572823178	3	0.8358318605544278	0.014584423683092432	3	0.3242917986012442	0.14868595079167274	3	0.5374565768616377	0.06747694806427969	3	0.5051156084277318	0.028332190572823178	3	0.8358318605544278	0.014584423683092432	3	0.3242917986012442	0.14868595079167274	3	0.5374565768616377	0.06747694806427969	3	0.0	0.0	3	1.0	0.0	3	0.0	0.0	3	0.0	0.0	3	0.0	0.0	3	nan	nan	0	nan	nan	0	nan	nan	0	nan	nan	0	0.5337650705163447	0.325875656163861	3	0.20281110189583365	0.19047191589377926	3	0.060659392232781884	0.10506514930342714	3	1.0	0.0	3	0.5265168033722184	0.09345986560684989	3	0.5337650705163447	0.325875656163861	3	0.20281110189583365	0.19047191589377926	3	0.060659392232781884	0.10506514930342714	3	1.0	0.0	3	0.5265168033722184	0.09345986560684989	3	0.5337650705163447	0.325875656163861	3	0.20281110189583365	0.19047191589377926	3	0.060659392232781884	0.10506514930342714	3	1.0	0.0	3	0.5265168033722184	0.09345986560684989	3	nan	nan	0
contacts_x_homolog_separation__model_mismatched__d3000__sep2__cis0.65__bg0.05__a0__r2__m0	contacts_x_homolog_separation	coarse	model_mismatched	blind_normalized_endpoint_monotone_log_midpoint_delta_pairwise	3	3000	2.0	0.35	0.05	0.0	2	0	none	MISMATCHED_OR_MOLECULE_COMPOSITE	0.16418120599829364	0.02865591269098855	3	0.4150261790922966	0.029706580321334587	3	2.120235776149884	0.306866290839126	3	1.0047553460622025	0.1404628468277446	3	0.428507796331504	0.0918106317047222	3	0.27537002537113103	0.035372123282626976	3	1.2603592367876433	0.10986330171665644	3	0.2539761501889025	0.04832030266563735	3	0.4149100366077671	0.03026147330874838	3	1.824581067569824	0.21820741741771973	3	1.0045853247502714	0.14051990360538685	3	0.3387128521408951	0.05675782149299076	3	0.27548616785566055	0.03418237812587924	3	0.8183090069560172	0.00558033911206641	3	4.7641419089942785	0.9535705887310812	3	0.7777777777777777	0.1924500897298753	3	0.3333333333333333	0.5773502691896258	3	-0.11245791245791247	0.14747935973600287	3	0.14106060425286135	0.019749503987293363	3	0.3603332674062735	0.025865212267315103	3	0.20708084866864085	0.06656083748020086	3	0.5149130696745146	0.035469032646259474	3	0.22871760421778178	0.015783061245767723	3	0.3603332674062735	0.025865212267315103	3	0.299192522970773	0.10664875836385466	3	0.5145790723345292	0.03652656531729373	3	0.5926585964237651	0.027544462928116253	3	1.0	0.0	3	0.0	0.0	3	0.0	0.0	3	0.0	0.0	3	0.9277777777777777	0.015536098943118581	3	0.21782367055974886	0.039730581523183525	3	0.05980005053500497	0.014457270293906968	3	0.051779795694833486	0.011903199583245207	3	0.0	0.0	3	0.0	0.0	3	0.0	0.0	3	0.04220514908533424	0.05915566749423407	3	0.0	0.0	3	0.0	0.0	3	0.0	0.0	3	0.0	0.0	3	0.04220514908533424	0.05915566749423407	3	0.0	0.0	3	0.0	0.0	3	0.0	0.0	3	0.0	0.0	3	0.04622785404200399	0.08006899192562919	3	0.0	0.0	3	0.8663869894453712	0.03901692325741493	3
contacts_x_homolog_separation__model_mismatched__d300__sep0.1__cis0.65__bg0.05__a0__r2__m0	contacts_x_homolog_separation	coarse	model_mismatched	ORACLE_coordinates_generator_conditional	3	300	0.1	0.35	0.05	0.0	2	0	ORACLE_COORDINATES_AND_GENERATOR	ORACLE_GENERATOR_CONDITIONAL	0.2778490292501709	0.04012405265398838	3	0.5278799186168154	0.04020646851054064	3	1.3800333087502192	0.01303186811747852	3	0.6914650603729604	0.003519234133830243	3	0.035971270744268896	0.020020303205820964	3	0.02984708427711145	0.026497453081393944	3	0.0	0.0	3	0.2778490292501709	0.04012405265398838	3	0.5278799186168154	0.04020646851054064	3	1.3800333087502192	0.01303186811747852	3	0.6914650603729604	0.003519234133830243	3	0.035971270744268896	0.020020303205820964	3	0.02984708427711145	0.026497453081393944	3	1.0	0.0	3	0.0	0.0	3	1.0	0.0	3	1.0	0.0	3	1.0	0.0	3	0.27032200264176515	0.023101622220268854	3	0.530169855457253	0.04627830855844531	3	0.2965973433672165	0.0748096175514671	3	0.5266296913436757	0.031818307090011724	3	0.27032200264176515	0.023101622220268854	3	0.530169855457253	0.04627830855844531	3	0.2965973433672165	0.0748096175514671	3	0.5266296913436757	0.031818307090011724	3	0.0	0.0	3	1.0	0.0	3	0.0	0.0	3	0.0	0.0	3	0.0	0.0	3	nan	nan	0	nan	nan	0	nan	nan	0	nan	nan	0	0.02345532573866772	0.020669736268316124	3	0.011820330969267141	0.02047341380105056	3	0.002364066193853428	0.0040946827602101115	3	0.06382978723404255	0.11055643452567303	3	0.001182033096926714	0.0020473413801050558	3	0.02345532573866772	0.020669736268316124	3	0.011820330969267141	0.02047341380105056	3	0.002364066193853428	0.0040946827602101115	3	0.06382978723404255	0.11055643452567303	3	0.001182033096926714	0.0020473413801050558	3	0.02345532573866772	0.020669736268316124	3	0.011820330969267141	0.02047341380105056	3	0.002364066193853428	0.0040946827602101115	3	0.06382978723404255	0.11055643452567303	3	0.001182033096926714	0.0020473413801050558	3	nan	nan	0
contacts_x_homolog_separation__model_mismatched__d300__sep0.1__cis0.65__bg0.05__a0__r2__m0	contacts_x_homolog_separation	coarse	model_mismatched	ORACLE_coordinates_inference_monotone_log	3	300	0.1	0.35	0.05	0.0	2	0	ORACLE_COORDINATES	MISMATCHED_INFERENCE_SCORE_OR_MOLECULE_COMPOSITE	0.2660783271966458	0.023582515934872303	3	0.5148316323588767	0.022402380529766248	3	1.3852793207466316	0.008979864240507885	3	0.6934087400181176	0.0005257822834423696	3	0.03497652988384895	0.0039027342946547448	3	0.015381083572931423	0.012973147839461121	3	0.0	0.0	3	0.2660783271966458	0.023582515934872303	3	0.5148316323588767	0.022402380529766248	3	1.3852793207466316	0.008979864240507885	3	0.6934087400181176	0.0005257822834423696	3	0.03497652988384895	0.0039027342946547448	3	0.015381083572931423	0.012973147839461121	3	1.0	0.0	3	0.0	0.0	3	1.0	0.0	3	1.0	0.0	3	1.0	0.0	3	0.27032200264176515	0.023101622220268854	3	0.5133229585750724	0.026416028534567162	3	0.2623991524497057	0.04234789485458767	3	0.5213422780883193	0.03368334988712954	3	0.27032200264176515	0.023101622220268854	3	0.5133229585750724	0.026416028534567162	3	0.2623991524497057	0.04234789485458767	3	0.5213422780883193	0.03368334988712954	3	0.0	0.0	3	1.0	0.0	3	0.0	0.0	3	0.0	0.0	3	0.0	0.0	3	nan	nan	0	nan	nan	0	nan	nan	0	nan	nan	0	0.014285714285714285	0.024743582965269677	3	0.0	0.0	3	0.0	0.0	3	0.0	0.0	3	0.0	0.0	3	0.014285714285714285	0.024743582965269677	3	0.0	0.0	3	0.0	0.0	3	0.0	0.0	3	0.0	0.0	3	0.014285714285714285	0.024743582965269677	3	0.0	0.0	3	0.0	0.0	3	0.0	0.0	3	0.0	0.0	3	nan	nan	0
contacts_x_homolog_separation__model_mismatched__d300__sep0.1__cis0.65__bg0.05__a0__r2__m0	contacts_x_homolog_separation	coarse	model_mismatched	blind_normalized_endpoint_monotone_log_midpoint_delta_pairwise	3	300	0.1	0.35	0.05	0.0	2	0	none	MISMATCHED_OR_MOLECULE_COMPOSITE	0.2908872249816723	0.00522730351427358	3	0.5285751352954259	0.03413941962570907	3	1.9912033720386422	0.15253367790225467	3	1.0001464778577576	0.12283251504883494	3	0.3477313117116769	0.05243102642783641	3	0.24814080057340857	0.07058766075680856	3	0.9524989177194437	0.11917674552826368	3	0.2697753725257617	0.015251716666499358	3	0.5096626057445984	0.05706351021318689	3	2.020391845377105	0.1787015760801202	3	1.0013676504616624	0.12489539017923805	3	0.3611160486401226	0.06407413426842135	3	0.24108305080138448	0.05932077224266851	3	0.9216110860824741	0.03262792981235072	3	5.458006309980885	0.574976229361585	3	0.8888888888888888	0.1924500897298753	3	0.8333333333333334	0.28867513459481287	3	-0.03569023569023568	0.11994852028666567	3	0.2818164167136134	0.018170929360671044	3	0.5049117016701873	0.062273000641598145	3	0.3044457286115571	0.024847958049215857	3	0.5684235376245274	0.04963262313221546	3	0.27764691133140873	0.006351386557072224	3	0.5049117016701873	0.062273000641598145	3	0.2542444498997408	0.04946044218725531	3	0.5166436023494465	0.04778978171172604	3	0.4672569593725105	0.0540660050919308	3	1.0	0.0	3	0.0	0.0	3	0.0	0.0	3	0.0	0.0	3	0.8488888888888889	0.061943821621183795	3	0.33798379541893525	0.09589360900119326	3	0.1064591142806815	0.03676434599956612	3	0.06282282120787407	0.019701670218591844	3	0.0	0.0	3	0.0	0.0	3	0.0	0.0	3	0.0	0.0	3	0.0	0.0	3	0.0	0.0	3	0.0	0.0	3	0.0	0.0	3	0.0	0.0	3	0.0	0.0	3	0.0	0.0	3	0.0	0.0	3	0.0	0.0	3	0.0	0.0	3	0.0	0.0	3	0.7832291356172675	0.051516916572379216	3
contacts_x_homolog_separation__model_mismatched__d300__sep0.75__cis0.65__bg0.05__a0__r2__m0	contacts_x_homolog_separation	coarse	model_mismatched	ORACLE_coordinates_generator_conditional	3	300	0.75	0.35	0.05	0.0	2	0	ORACLE_COORDINATES_AND_GENERATOR	ORACLE_GENERATOR_CONDITIONAL	0.359916975160572	0.0426225048322877	3	0.586968549135859	0.007920648470294885	3	1.2783299891208098	0.039604478086192316	3	0.6671912626764137	0.009735024421795843	3	0.03042043673830029	0.02686590263042165	3	0.03718149394648465	0.013932187077080683	3	0.0	0.0	3	0.359916975160572	0.0426225048322877	3	0.586968549135859	0.007920648470294885	3	1.2783299891208098	0.039604478086192316	3	0.6671912626764137	0.009735024421795843	3	0.03042043673830029	0.02686590263042165	3	0.03718149394648465	0.013932187077080683	3	1.0	0.0	3	0.0	0.0	3	1.0	0.0	3	1.0	0.0	3	1.0	0.0	3	0.39132514460404894	0.04345758313439809	3	0.610196460500894	0.00978582486504952	3	0.2915345840289999	0.04031563401439909	3	0.5373107598935066	0.011489623841989151	3	0.39132514460404894	0.04345758313439809	3	0.610196460500894	0.00978582486504952	3	0.2915345840289999	0.04031563401439909	3	0.5373107598935066	0.011489623841989151	3	0.0	0.0	3	1.0	0.0	3	0.0	0.0	3	0.0	0.0	3	0.0	0.0	3	nan	nan	0	nan	nan	0	nan	nan	0	nan	nan	0	0.1591196049368572	0.11909817027684706	3	0.07001075253418494	0.03837724617039832	3	0.0047619047619047615	0.008247860988423226	3	0.1859391222781529	0.07257894021221958	3	0.03809523809523809	0.06598288790738581	3	0.1591196049368572	0.11909817027684706	3	0.07001075253418494	0.03837724617039832	3	0.0047619047619047615	0.008247860988423226	3	0.1859391222781529	0.07257894021221958	3	0.03809523809523809	0.06598288790738581	3	0.1591196049368572	0.11909817027684706	3	0.07001075253418494	0.03837724617039832	3	0.0047619047619047615	0.008247860988423226	3	0.1859391222781529	0.07257894021221958	3	0.03809523809523809	0.06598288790738581	3	nan	nan	0
contacts_x_homolog_separation__model_mismatched__d300__sep0.75__cis0.65__bg0.05__a0__r2__m0	contacts_x_homolog_separation	coarse	model_mismatched	ORACLE_coordinates_inference_monotone_log	3	300	0.75	0.35	0.05	0.0	2	0	ORACLE_COORDINATES	MISMATCHED_INFERENCE_SCORE_OR_MOLECULE_COMPOSITE	0.3563790811297202	0.046142779323534465	3	0.5419029002007298	0.02511656895249535	3	1.3384718568501002	0.029118192544813334	3	0.717323276110814	0.027089616335389116	3	0.08044653029555913	0.03375227135991352	3	0.057543785147628625	0.01797066115217865	3	0.0	0.0	3	0.3563790811297202	0.046142779323534465	3	0.5419029002007298	0.02511656895249535	3	1.3384718568501002	0.029118192544813334	3	0.717323276110814	0.027089616335389116	3	0.08044653029555913	0.03375227135991352	3	0.057543785147628625	0.01797066115217865	3	1.0	0.0	3	0.0	0.0	3	1.0	0.0	3	1.0	0.0	3	1.0	0.0	3	0.39132514460404894	0.04345758313439809	3	0.5584273859668071	0.02366050954443852	3	0.2805740753275274	0.05056524070584419	3	0.5059944835521862	0.03209407636885946	3	0.39132514460404894	0.04345758313439809	3	0.5584273859668071	0.02366050954443852	3	0.2805740753275274	0.05056524070584419	3	0.5059944835521862	0.03209407636885946	3	0.0	0.0	3	1.0	0.0	3	0.0	0.0	3	0.0	0.0	3	0.0	0.0	3	nan	nan	0	nan	nan	0	nan	nan	0	nan	nan	0	0.005868544600938968	0.010164617415310313	3	0.0	0.0	3	0.0	0.0	3	0.03169014084507042	0.05488893404267569	3	0.0	0.0	3	0.005868544600938968	0.010164617415310313	3	0.0	0.0	3	0.0	0.0	3	0.03169014084507042	0.05488893404267569	3	0.0	0.0	3	0.005868544600938968	0.010164617415310313	3	0.0	0.0	3	0.0	0.0	3	0.03169014084507042	0.05488893404267569	3	0.0	0.0	3	nan	nan	0
contacts_x_homolog_separation__model_mismatched__d300__sep0.75__cis0.65__bg0.05__a0__r2__m0	contacts_x_homolog_separation	coarse	model_mismatched	blind_normalized_endpoint_monotone_log_midpoint_delta_pairwise	3	300	0.75	0.35	0.05	0.0	2	0	none	MISMATCHED_OR_MOLECULE_COMPOSITE	0.2105365287812283	0.06543383192346058	3	0.4497508777457151	0.023687278839922454	3	1.9043803816561917	0.2946272447158955	3	0.9227335190152743	0.08242213290106416	3	0.3615416824683204	0.10684610082159561	3	0.24164108289878938	0.03482877246087409	3	1.126874433014419	0.2836115616213755	3	0.26042088831923926	0.06120270295428081	3	0.46053223254115444	0.03622678852385226	3	1.786892566234626	0.05554709680251826	3	0.9200054883933898	0.08747000715654918	3	0.3272092483220161	0.005000908090568062	3	0.23085972810335006	0.055368129417026915	3	0.8895777353019936	0.05078854244928755	3	4.65685180677328	1.9901608104112076	3	0.7777777777777777	0.1924500897298753	3	0.6666666666666666	0.28867513459481287	3	0.026262626262626237	0.22766520544615443	3	0.1943525668718724	0.08969113986215078	3	0.43110344589648514	0.0325215142702572	3	0.2476807980987621	0.03598789333048629	3	0.48646035452672104	0.06808176603774399	3	0.246176017928502	0.08450354123992938	3	0.43110344589648514	0.0325215142702572	3	0.2907152956394868	0.01315699903222414	3	0.5247803009791977	0.050358478246863854	3	0.4323681954604884	0.0004474132730487136	3	1.0	0.0	3	0.0	0.0	3	0.0	0.0	3	0.0	0.0	3	0.8888888888888888	0.04550132273209619	3	0.2827872310621911	0.06841626761647991	3	0.08518223228685036	0.02429674672565445	3	0.06523206221758841	0.017207188192199525	3	0.014084507042253521	0.02439508179674475	3	0.0	0.0	3	0.0	0.0	3	0.0	0.0	3	0.0	0.0	3	0.0	0.0	3	0.0	0.0	3	0.0	0.0	3	0.0	0.0	3	0.0	0.0	3	0.014084507042253521	0.02439508179674475	3	0.0	0.0	3	0.0	0.0	3	0.0	0.0	3	0.0	0.0	3	0.8072462432515856	0.05221746569491072	3
contacts_x_homolog_separation__model_mismatched__d300__sep2__cis0.65__bg0.05__a0__r2__m0	contacts_x_homolog_separation	coarse	model_mismatched	ORACLE_coordinates_generator_conditional	3	300	2.0	0.35	0.05	0.0	2	0	ORACLE_COORDINATES_AND_GENERATOR	ORACLE_GENERATOR_CONDITIONAL	0.424367193389979	0.020445401752372833	3	0.6954256831102145	0.021643986331559555	3	1.1084851981630335	0.02525021425512425	3	0.5184215216768742	0.0481739230127047	3	0.04735647765808865	0.016099073851265498	3	0.03317035692132123	0.0016189893631608904	3	0.0	0.0	3	0.424367193389979	0.020445401752372833	3	0.6954256831102145	0.021643986331559555	3	1.1084851981630335	0.02525021425512425	3	0.5184215216768742	0.0481739230127047	3	0.04735647765808865	0.016099073851265498	3	0.03317035692132123	0.0016189893631608904	3	1.0	0.0	3	0.0	0.0	3	1.0	0.0	3	1.0	0.0	3	1.0	0.0	3	0.5215474242640347	0.009604353688169264	3	0.8128119744198363	0.03647728839617918	3	0.2442951251646904	0.04230054840546076	3	0.47401844532279314	0.047812060356686746	3	0.5215474242640347	0.009604353688169264	3	0.8128119744198363	0.03647728839617918	3	0.2442951251646904	0.04230054840546076	3	0.47401844532279314	0.047812060356686746	3	0.0	0.0	3	1.0	0.0	3	0.0	0.0	3	0.0	0.0	3	0.0	0.0	3	nan	nan	0	nan	nan	0	nan	nan	0	nan	nan	0	0.5309695733235528	0.12293323757016458	3	0.24282598433753758	0.05620941764610655	3	0.011614401858304297	0.020116734118105425	3	0.8468512066073042	0.16075380232750153	3	0.3831553392288309	0.17853730839534532	3	0.5309695733235528	0.12293323757016458	3	0.24282598433753758	0.05620941764610655	3	0.011614401858304297	0.020116734118105425	3	0.8468512066073042	0.16075380232750153	3	0.3831553392288309	0.17853730839534532	3	0.5309695733235528	0.12293323757016458	3	0.24282598433753758	0.05620941764610655	3	0.011614401858304297	0.020116734118105425	3	0.8503355271647955	0.1553328353222222	3	0.3831553392288309	0.17853730839534532	3	nan	nan	0
contacts_x_homolog_separation__model_mismatched__d300__sep2__cis0.65__bg0.05__a0__r2__m0	contacts_x_homolog_separation	coarse	model_mismatched	ORACLE_coordinates_inference_monotone_log	3	300	2.0	0.35	0.05	0.0	2	0	ORACLE_COORDINATES	MISMATCHED_INFERENCE_SCORE_OR_MOLECULE_COMPOSITE	0.4220523785751642	0.016448451198538463	3	0.6965344424747505	0.015255424386357571	3	1.1504061266223704	0.007556397388367591	3	0.5454398421160295	0.035213508631337646	3	0.05186733853184955	0.01857466689292622	3	0.07070958823859912	0.018972141219823747	3	0.0	0.0	3	0.4220523785751642	0.016448451198538463	3	0.6965344424747505	0.015255424386357571	3	1.1504061266223704	0.007556397388367591	3	0.5454398421160295	0.035213508631337646	3	0.05186733853184955	0.01857466689292622	3	0.07070958823859912	0.018972141219823747	3	1.0	0.0	3	0.0	0.0	3	1.0	0.0	3	1.0	0.0	3	1.0	0.0	3	0.5215474242640347	0.009604353688169264	3	0.8002721157074105	0.03838468390485383	3	0.23762845849802372	0.031758026261559005	3	0.5006982872200263	0.06970774938990917	3	0.5215474242640347	0.009604353688169264	3	0.8002721157074105	0.03838468390485383	3	0.23762845849802372	0.031758026261559005	3	0.5006982872200263	0.06970774938990917	3	0.0	0.0	3	1.0	0.0	3	0.0	0.0	3	0.0	0.0	3	0.0	0.0	3	nan	nan	0	nan	nan	0	nan	nan	0	nan	nan	0	0.5442531633962956	0.020999157422694467	3	0.2150441737813368	0.04212184888799041	3	0.017425720466477848	0.02413652184545007	3	0.9698025551684087	0.052303508707074134	3	0.30784689535491844	0.2726786502876906	3	0.5442531633962956	0.020999157422694467	3	0.2150441737813368	0.04212184888799041	3	0.017425720466477848	0.02413652184545007	3	0.9698025551684087	0.052303508707074134	3	0.30784689535491844	0.2726786502876906	3	0.5442531633962956	0.020999157422694467	3	0.2150441737813368	0.04212184888799041	3	0.017425720466477848	0.02413652184545007	3	0.9698025551684087	0.052303508707074134	3	0.30784689535491844	0.2726786502876906	3	nan	nan	0
contacts_x_homolog_separation__model_mismatched__d300__sep2__cis0.65__bg0.05__a0__r2__m0	contacts_x_homolog_separation	coarse	model_mismatched	blind_normalized_endpoint_monotone_log_midpoint_delta_pairwise	3	300	2.0	0.35	0.05	0.0	2	0	none	MISMATCHED_OR_MOLECULE_COMPOSITE	0.20936712546950031	0.022089262830952233	3	0.4731647462151313	0.032317435258644396	3	1.8049405065458004	0.11309514147470422	3	0.9076415684525635	0.09654904886939657	3	0.3153796851977732	0.0494366061214026	3	0.22648525055447308	0.05970883814713467	3	1.1574531798066117	0.014902720619578579	3	0.26842674097167035	0.05318446911517228	3	0.4336099819331527	0.03125649592323735	3	1.583198827882778	0.19964071681497256	3	0.9081916077270815	0.09893840065758114	3	0.26263572322184653	0.0825389056577923	3	0.2138654532242871	0.04643895322207854	3	0.8590391044510636	0.03431753934714317	3	6.23420356987486	2.1504892576034997	3	0.6666666666666666	0.0	3	0.5	0.0	3	-0.008754208754208745	0.3947690477926636	3	0.16717017518837063	0.02426558580658936	3	0.4265203507545932	0.05566146470908878	3	0.2904874835309618	0.04968996243930149	3	0.5613965744400528	0.03227723098325606	3	0.2935147936315748	0.07050539306371933	3	0.4265203507545932	0.05566146470908878	3	0.22339920948616598	0.029593421477756014	3	0.44523056653491433	0.04145407235956602	3	0.5106224874034524	0.13539646107330322	3	0.6666666666666666	0.5773502691896258	3	0.3333333333333333	0.5773502691896258	3	0.0	0.0	3	0.0	0.0	3	0.8466666666666667	0.08020806277010645	3	0.3437148236956249	0.0958694372696529	3	0.10584920270236907	0.037257000141737155	3	0.06749077882568714	0.004152481807444097	3	0.008187134502923977	0.014180532927464492	3	0.008187134502923977	0.014180532927464492	3	0.0	0.0	3	0.006944444444444444	0.012028130608117204	3	0.006944444444444444	0.012028130608117204	3	0.006944444444444444	0.012028130608117204	3	0.006944444444444444	0.012028130608117204	3	0.006944444444444444	0.012028130608117204	3	0.006944444444444444	0.012028130608117204	3	0.006944444444444444	0.012028130608117204	3	0.0	0.0	3	0.0	0.0	3	0.0	0.0	3	0.0	0.0	3	0.0	0.0	3	0.7619114046986293	0.08167691203823943	3
contacts_x_homolog_separation__model_mismatched__d6000__sep1.25__cis0.65__bg0.05__a0__r2__m0	contacts_x_homolog_separation	transition_refinement	model_mismatched	ORACLE_coordinates_generator_conditional	3	6000	1.25	0.35	0.05	0.0	2	0	ORACLE_COORDINATES_AND_GENERATOR	ORACLE_GENERATOR_CONDITIONAL	0.3614807606357948	0.02492081499967989	3	0.6245135526502477	0.015025231985936095	3	1.2246048111674384	0.04223694066348257	3	0.6305639071271227	0.012806777583001585	3	0.005100243912213767	0.0017575922475289146	3	0.010133545270903205	0.0036257237284174656	3	0.0	0.0	3	0.3614807606357948	0.02492081499967989	3	0.6245135526502477	0.015025231985936095	3	1.2246048111674384	0.04223694066348257	3	0.6305639071271227	0.012806777583001585	3	0.005100243912213767	0.0017575922475289146	3	0.010133545270903205	0.0036257237284174656	3	1.0	0.0	3	0.0	0.0	3	1.0	0.0	3	1.0	0.0	3	1.0	0.0	3	0.4210167980841863	0.036341249020323305	3	0.6878973021909961	0.01802728943079026	3	0.2533609134134111	0.004479630632948527	3	0.5093705328451462	0.01132090430271981	3	0.4210167980841863	0.036341249020323305	3	0.6878973021909961	0.01802728943079026	3	0.2533609134134111	0.004479630632948527	3	0.5093705328451462	0.01132090430271981	3	0.0	0.0	3	1.0	0.0	3	0.0	0.0	3	0.0	0.0	3	0.0	0.0	3	nan	nan	0	nan	nan	0	nan	nan	0	nan	nan	0	0.20474622026459535	0.1200444548668812	3	0.08746549454999525	0.06211363944119765	3	0.009735187987980854	0.009211229541285221	3	0.5742722042993885	0.08282803510401322	3	0.021291553817533504	0.022143166000105026	3	0.20474622026459535	0.1200444548668812	3	0.08746549454999525	0.06211363944119765	3	0.009735187987980854	0.009211229541285221	3	0.5742722042993885	0.08282803510401322	3	0.021291553817533504	0.022143166000105026	3	0.20474622026459535	0.1200444548668812	3	0.08746549454999525	0.06211363944119765	3	0.009735187987980854	0.009211229541285221	3	0.5742722042993885	0.08282803510401322	3	0.021291553817533504	0.022143166000105026	3	nan	nan	0
contacts_x_homolog_separation__model_mismatched__d6000__sep1.25__cis0.65__bg0.05__a0__r2__m0	contacts_x_homolog_separation	transition_refinement	model_mismatched	ORACLE_coordinates_inference_monotone_log	3	6000	1.25	0.35	0.05	0.0	2	0	ORACLE_COORDINATES	MISMATCHED_INFERENCE_SCORE_OR_MOLECULE_COMPOSITE	0.36019301892951944	0.02583107547946997	3	0.6008367769803945	0.008512880500893247	3	1.2657055151373078	0.024518467193990586	3	0.6509805096370406	0.005791749506214479	3	0.030255989725665514	0.00749271228972244	3	0.026495632323299597	0.00895755079851785	3	0.0	0.0	3	0.36019301892951944	0.02583107547946997	3	0.6008367769803945	0.008512880500893247	3	1.2657055151373078	0.024518467193990586	3	0.6509805096370406	0.005791749506214479	3	0.030255989725665514	0.00749271228972244	3	0.026495632323299597	0.00895755079851785	3	1.0	0.0	3	0.0	0.0	3	1.0	0.0	3	1.0	0.0	3	1.0	0.0	3	0.4210167980841863	0.036341249020323305	3	0.6518912732544951	0.009344146842704801	3	0.24977417183540315	0.006025465539689577	3	0.5081097778416429	0.011274149932700895	3	0.4210167980841863	0.036341249020323305	3	0.6518912732544951	0.009344146842704801	3	0.24977417183540315	0.006025465539689577	3	0.5081097778416429	0.011274149932700895	3	0.0	0.0	3	1.0	0.0	3	0.0	0.0	3	0.0	0.0	3	0.0	0.0	3	nan	nan	0	nan	nan	0	nan	nan	0	nan	nan	0	0.13908323656052532	0.1306262207860938	3	0.025379660321118547	0.013881621802303692	3	0.005106532840288783	0.008844774329899179	3	0.4248086236621204	0.14770227646564418	3	0.0017608733932030288	0.003049922182723855	3	0.13908323656052532	0.1306262207860938	3	0.025379660321118547	0.013881621802303692	3	0.005106532840288783	0.008844774329899179	3	0.4248086236621204	0.14770227646564418	3	0.0017608733932030288	0.003049922182723855	3	0.13908323656052532	0.1306262207860938	3	0.025379660321118547	0.013881621802303692	3	0.005106532840288783	0.008844774329899179	3	0.4248086236621204	0.14770227646564418	3	0.0017608733932030288	0.003049922182723855	3	nan	nan	0
contacts_x_homolog_separation__model_mismatched__d6000__sep1.25__cis0.65__bg0.05__a0__r2__m0	contacts_x_homolog_separation	transition_refinement	model_mismatched	blind_normalized_endpoint_monotone_log_midpoint_delta_pairwise	3	6000	1.25	0.35	0.05	0.0	2	0	none	MISMATCHED_OR_MOLECULE_COMPOSITE	0.226903022312735	0.022073787188250565	3	0.4643448620217628	0.04441114150811519	3	2.015460403967993	0.06825032372537147	3	0.9788026245391229	0.0840445216676171	3	0.375135074446414	0.008347610606678543	3	0.2395848312074728	0.042986405695817506	3	1.147631893999055	0.38812118548261204	3	0.27554953171139746	0.0667013527611901	3	0.4677325013764703	0.03626098878818292	3	1.8728157922831332	0.3023073539424179	3	0.9786630994837404	0.08368166722897445	3	0.3264885650477514	0.08445590520612122	3	0.23580106146545202	0.03521896001213058	3	0.833705458138268	0.0737277744339535	3	4.484992298054968	1.3147924090910073	3	0.6666666666666666	0.0	3	0.16666666666666666	0.2886751345948129	3	0.1851851851851852	0.38975416441134464	3	0.2152542806642209	0.03492122330072071	3	0.44720969342002886	0.05861638375176436	3	0.2484539476496955	0.0065316180829382425	3	0.49573949410221196	0.01798032682635169	3	0.2855378148399373	0.09747350751630225	3	0.44720969342002886	0.05861638375176436	3	0.25728826684380257	0.012542969518188833	3	0.5054259332950467	0.007988858671831104	3	0.7442962833059331	0.02642549836573674	3	1.0	0.0	3	0.0	0.0	3	0.0	0.0	3	0.0	0.0	3	0.9376666666666665	0.006808899405271859	3	0.1985565508033771	0.01591988276824678	3	0.05181016372754662	0.004765347369053425	3	0.04548363356125073	0.012424674330336642	3	0.0	0.0	3	0.0	0.0	3	0.0	0.0	3	0.0	0.0	3	0.0	0.0	3	0.0	0.0	3	0.0	0.0	3	0.0	0.0	3	0.0	0.0	3	0.0	0.0	3	0.0	0.0	3	0.0	0.0	3	0.0	0.0	3	0.0	0.0	3	0.0	0.0	3	0.8876943798987574	0.020158122665032023	3
contacts_x_homolog_separation__model_mismatched__d6000__sep1.6__cis0.65__bg0.05__a0__r2__m0	contacts_x_homolog_separation	transition_refinement	model_mismatched	ORACLE_coordinates_generator_conditional	3	6000	1.6	0.35	0.05	0.0	2	0	ORACLE_COORDINATES_AND_GENERATOR	ORACLE_GENERATOR_CONDITIONAL	0.3991838761510429	0.013867836305630914	3	0.6796158092952661	0.0028954960848930748	3	1.1487351976915736	0.01433961989428791	3	0.5579847207353998	0.008171336901198159	3	0.013161456082352937	0.002832073886462184	3	0.0078113656253236685	0.00237542966881805	3	0.0	0.0	3	0.3991838761510429	0.013867836305630914	3	0.6796158092952661	0.0028954960848930748	3	1.1487351976915736	0.01433961989428791	3	0.5579847207353998	0.008171336901198159	3	0.013161456082352937	0.002832073886462184	3	0.0078113656253236685	0.00237542966881805	3	1.0	0.0	3	0.0	0.0	3	1.0	0.0	3	1.0	0.0	3	1.0	0.0	3	0.4712984462818421	0.01524396999120098	3	0.7722828249110364	0.00743033873045721	3	0.26068490638417424	0.011569970698496154	3	0.5017619914900893	0.008510521841374992	3	0.4712984462818421	0.01524396999120098	3	0.7722828249110364	0.00743033873045721	3	0.26068490638417424	0.011569970698496154	3	0.5017619914900893	0.008510521841374992	3	0.0	0.0	3	1.0	0.0	3	0.0	0.0	3	0.0	0.0	3	0.0	0.0	3	nan	nan	0	nan	nan	0	nan	nan	0	nan	nan	0	0.37242821964107886	0.0679491465421295	3	0.15726108059955357	0.05368373034658672	3	0.026179866211255027	0.00726687529485061	3	0.8270081578525496	0.050009428210508154	3	0.22903896715516972	0.06767004852179417	3	0.37242821964107886	0.0679491465421295	3	0.15726108059955357	0.05368373034658672	3	0.026179866211255027	0.00726687529485061	3	0.8270081578525496	0.050009428210508154	3	0.22903896715516972	0.06767004852179417	3	0.37242821964107886	0.0679491465421295	3	0.15726108059955357	0.05368373034658672	3	0.026179866211255027	0.00726687529485061	3	0.8273017401436658	0.049914317176900605	3	0.22903896715516972	0.06767004852179417	3	nan	nan	0
contacts_x_homolog_separation__model_mismatched__d6000__sep1.6__cis0.65__bg0.05__a0__r2__m0	contacts_x_homolog_separation	transition_refinement	model_mismatched	ORACLE_coordinates_inference_monotone_log	3	6000	1.6	0.35	0.05	0.0	2	0	ORACLE_COORDINATES	MISMATCHED_INFERENCE_SCORE_OR_MOLECULE_COMPOSITE	0.39859747306359816	0.015114589448565956	3	0.672822204683571	0.005572718087111433	3	1.1958802039264278	0.014471420589454321	3	0.5865705329070904	0.0072432766830046735	3	0.03537562815263078	0.008283416158805531	3	0.06013608737287638	0.0011295477596478716	3	0.0	0.0	3	0.39859747306359816	0.015114589448565956	3	0.672822204683571	0.005572718087111433	3	1.1958802039264278	0.014471420589454321	3	0.5865705329070904	0.0072432766830046735	3	0.03537562815263078	0.008283416158805531	3	0.06013608737287638	0.0011295477596478716	3	1.0	0.0	3	0.0	0.0	3	1.0	0.0	3	1.0	0.0	3	1.0	0.0	3	0.4712984462818421	0.01524396999120098	3	0.7620351510111121	0.004360219967149046	3	0.2589338573988867	0.015188810719960602	3	0.5016009270038002	0.01162059921933423	3	0.4712984462818421	0.01524396999120098	3	0.7620351510111121	0.004360219967149046	3	0.2589338573988867	0.015188810719960602	3	0.5016009270038002	0.01162059921933423	3	0.0	0.0	3	1.0	0.0	3	0.0	0.0	3	0.0	0.0	3	0.0	0.0	3	nan	nan	0	nan	nan	0	nan	nan	0	nan	nan	0	0.30500227780712014	0.09115747210157663	3	0.13799372354511483	0.05250084840681148	3	0.0006458810404556397	0.0011186987777146175	3	0.8591657754160685	0.012317263285920445	3	0.1803817028377912	0.10457916506491004	3	0.30500227780712014	0.09115747210157663	3	0.13799372354511483	0.05250084840681148	3	0.0006458810404556397	0.0011186987777146175	3	0.8591657754160685	0.012317263285920445	3	0.1803817028377912	0.10457916506491004	3	0.30500227780712014	0.09115747210157663	3	0.13799372354511483	0.05250084840681148	3	0.0006458810404556397	0.0011186987777146175	3	0.8591657754160685	0.012317263285920445	3	0.1803817028377912	0.10457916506491004	3	nan	nan	0
contacts_x_homolog_separation__model_mismatched__d6000__sep1.6__cis0.65__bg0.05__a0__r2__m0	contacts_x_homolog_separation	transition_refinement	model_mismatched	blind_normalized_endpoint_monotone_log_midpoint_delta_pairwise	3	6000	1.6	0.35	0.05	0.0	2	0	none	MISMATCHED_OR_MOLECULE_COMPOSITE	0.2055606102246944	0.007642566110483618	3	0.4499467753389532	0.047740292719443446	3	2.1012533503388564	0.12918636593106894	3	0.9982099266259832	0.1922959495729883	3	0.40299206179952507	0.03855888123170547	3	0.2555944476348829	0.07170152753404047	3	1.3126371103529	0.22434857329581023	3	0.24896742576207098	0.019377272761347476	3	0.4458403190967431	0.05438043268414914	3	1.8935329614263126	0.15032525352799558	3	0.9983083915157005	0.19239823872146045	3	0.3595852462621485	0.050412721834790175	3	0.259700903877093	0.07825282116215525	3	0.7920500300586643	0.014020501821649644	3	4.938914942326387	0.8628060628907911	3	0.6666666666666666	0.0	3	0.5	0.0	3	0.08417508417508417	0.12468645844858331	3	0.18024259700530756	0.012868897793683637	3	0.42184706168530256	0.07680885922962918	3	0.2543229246624185	0.003854852468698946	3	0.5048921049064418	0.010270997848771788	3	0.24683667254988487	0.033413616573865886	3	0.42184706168530256	0.07680885922962918	3	0.2532777905324114	0.008120661657334279	3	0.4925931370622357	0.010560472960986594	3	0.7610707002071043	0.023131982740246828	3	1.0	0.0	3	0.0	0.0	3	0.0	0.0	3	0.0	0.0	3	0.9358333333333334	0.0012018504251546539	3	0.21085984144179956	0.012370751996040518	3	0.055426697028446735	0.0040283721640096545	3	0.05273747455383606	0.009675308314946406	3	0.0	0.0	3	0.0	0.0	3	0.0	0.0	3	0.08204999099041631	0.11394765838632688	3	0.02476290832455216	0.04289061536129463	3	0.0	0.0	3	0.0	0.0	3	0.0	0.0	3	0.08204999099041631	0.11394765838632688	3	0.02476290832455216	0.04289061536129463	3	0.0	0.0	3	0.0	0.0	3	0.0	0.0	3	0.08204999099041631	0.11394765838632688	3	0.021777309448542323	0.03771940641702507	3	0.8745853819352334	0.017079062771623636	3
contacts_x_homolog_separation__model_mismatched__d900__sep0.1__cis0.65__bg0.05__a0__r2__m0	contacts_x_homolog_separation	coarse	model_mismatched	ORACLE_coordinates_generator_conditional	3	900	0.1	0.35	0.05	0.0	2	0	ORACLE_COORDINATES_AND_GENERATOR	ORACLE_GENERATOR_CONDITIONAL	0.26503811767089636	0.016196979424592545	3	0.5165193157272027	0.013454254530702812	3	1.3840520622617511	0.004752782351539121	3	0.6930954403207488	0.0002795658782132812	3	0.016805201816093154	0.004937623719903105	3	0.012050275107726641	0.012403088711201323	3	0.0	0.0	3	0.26503811767089636	0.016196979424592545	3	0.5165193157272027	0.013454254530702812	3	1.3840520622617511	0.004752782351539121	3	0.6930954403207488	0.0002795658782132812	3	0.016805201816093154	0.004937623719903105	3	0.012050275107726641	0.012403088711201323	3	1.0	0.0	3	0.0	0.0	3	1.0	0.0	3	1.0	0.0	3	1.0	0.0	3	0.26860036974706497	0.028881539945400377	3	0.512544726500968	0.018855229521256806	3	0.258600893201903	0.01532804348483446	3	0.523776947231147	0.010079617682372956	3	0.26860036974706497	0.028881539945400377	3	0.512544726500968	0.018855229521256806	3	0.258600893201903	0.01532804348483446	3	0.523776947231147	0.010079617682372956	3	0.0	0.0	3	1.0	0.0	3	0.0	0.0	3	0.0	0.0	3	0.0	0.0	3	nan	nan	0	nan	nan	0	nan	nan	0	nan	nan	0	0.0	0.0	3	0.0	0.0	3	0.0	0.0	3	0.0	0.0	3	0.0	0.0	3	0.0	0.0	3	0.0	0.0	3	0.0	0.0	3	0.0	0.0	3	0.0	0.0	3	0.0	0.0	3	0.0	0.0	3	0.0	0.0	3	0.0	0.0	3	0.0	0.0	3	nan	nan	0
contacts_x_homolog_separation__model_mismatched__d900__sep0.1__cis0.65__bg0.05__a0__r2__m0	contacts_x_homolog_separation	coarse	model_mismatched	ORACLE_coordinates_inference_monotone_log	3	900	0.1	0.35	0.05	0.0	2	0	ORACLE_COORDINATES	MISMATCHED_INFERENCE_SCORE_OR_MOLECULE_COMPOSITE	0.27205198620744553	0.01066255141282973	3	0.48856560327953075	0.015984811928001042	3	1.3853620149653356	0.005073587334031761	3	0.6938242591705598	0.00030682935828245833	3	0.016050553173209938	0.0029736800576321367	3	0.017439029176598175	0.017792749971148745	3	0.0	0.0	3	0.27205198620744553	0.01066255141282973	3	0.48856560327953075	0.015984811928001042	3	1.3853620149653356	0.005073587334031761	3	0.6938242591705598	0.00030682935828245833	3	0.016050553173209938	0.0029736800576321367	3	0.017439029176598175	0.017792749971148745	3	1.0	0.0	3	0.0	0.0	3	1.0	0.0	3	1.0	0.0	3	1.0	0.0	3	0.26860036974706497	0.028881539945400377	3	0.4904333961007963	0.007615054811106391	3	0.2785276011044813	0.02453741007496489	3	0.48506087032544315	0.032542517468300364	3	0.26860036974706497	0.028881539945400377	3	0.4904333961007963	0.007615054811106391	3	0.2785276011044813	0.02453741007496489	3	0.48506087032544315	0.032542517468300364	3	0.0	0.0	3	1.0	0.0	3	0.0	0.0	3	0.0	0.0	3	0.0	0.0	3	nan	nan	0	nan	nan	0	nan	nan	0	nan	nan	0	0.0	0.0	3	0.0	0.0	3	0.0	0.0	3	0.0	0.0	3	0.0	0.0	3	0.0	0.0	3	0.0	0.0	3	0.0	0.0	3	0.0	0.0	3	0.0	0.0	3	0.0	0.0	3	0.0	0.0	3	0.0	0.0	3	0.0	0.0	3	0.0	0.0	3	nan	nan	0
contacts_x_homolog_separation__model_mismatched__d900__sep0.1__cis0.65__bg0.05__a0__r2__m0	contacts_x_homolog_separation	coarse	model_mismatched	blind_normalized_endpoint_monotone_log_midpoint_delta_pairwise	3	900	0.1	0.35	0.05	0.0	2	0	none	MISMATCHED_OR_MOLECULE_COMPOSITE	0.2421602787456446	0.015281185049051111	3	0.49438863380623127	0.01543762818160889	3	2.1686816137396896	0.1718320789135146	3	1.0616796086743994	0.11539131835772183	3	0.40795777717289744	0.04369338364317652	3	0.24996502309374194	0.03277267031142609	3	0.9213063087727748	0.27490954404572204	3	0.25338753387533874	0.006315469049992294	3	0.5009497758528988	0.009808573018854023	3	2.143508113674087	0.13129846995120373	3	1.0613419705713196	0.115660383692022	3	0.3967305220432033	0.027949094984407494	3	0.2528407693756816	0.030636274266123326	3	0.9075536426872883	0.017353628851672794	3	6.097533285061357	0.7462388827839185	3	0.6666666666666666	0.0	3	0.3333333333333333	0.2886751345948129	3	-0.041077441077441046	0.1306952570392795	3	0.24764219782888394	0.014900163893275167	3	0.48924082516619727	0.010108811351452461	3	0.23196759411040443	0.027885671602356884	3	0.503828528548219	0.025824075310649584	3	0.2572089588193514	0.004381619509648888	3	0.48924082516619727	0.010108811351452461	3	0.24639331482817153	0.02176873036591394	3	0.5226691145935786	0.03971972587232541	3	0.5035933068332573	0.030528133519794574	3	1.0	0.0	3	0.0	0.0	3	0.0	0.0	3	0.0	0.0	3	0.9411111111111111	0.010943175335329037	3	0.2080747415426327	0.04050225986829556	3	0.05675166651559132	0.014083303867144098	3	0.050655494380710014	0.01693682721582425	3	0.0	0.0	3	0.0	0.0	3	0.0	0.0	3	0.0	0.0	3	0.0	0.0	3	0.0	0.0	3	0.0	0.0	3	0.0	0.0	3	0.0	0.0	3	0.0	0.0	3	0.0	0.0	3	0.0	0.0	3	0.0	0.0	3	0.0	0.0	3	0.0	0.0	3	0.8705322445998531	0.034430904019524124	3
contacts_x_homolog_separation__model_mismatched__d900__sep0.75__cis0.65__bg0.05__a0__r2__m0	contacts_x_homolog_separation	coarse	model_mismatched	ORACLE_coordinates_generator_conditional	3	900	0.75	0.35	0.05	0.0	2	0	ORACLE_COORDINATES_AND_GENERATOR	ORACLE_GENERATOR_CONDITIONAL	0.3389593308371858	0.013961339728013224	3	0.5829665515512229	0.013881432856258336	3	1.2936523490124494	0.029824242175036788	3	0.6713864432511624	0.005403792241688714	3	0.01684478288416245	0.0024250834023978166	3	0.02126374847275739	0.014291788744985613	3	0.0	0.0	3	0.3389593308371858	0.013961339728013224	3	0.5829665515512229	0.013881432856258336	3	1.2936523490124494	0.029824242175036788	3	0.6713864432511624	0.005403792241688714	3	0.01684478288416245	0.0024250834023978166	3	0.02126374847275739	0.014291788744985613	3	1.0	0.0	3	0.0	0.0	3	1.0	0.0	3	1.0	0.0	3	1.0	0.0	3	0.3785465324268565	0.01393237819005666	3	0.610736922274191	0.009842151682704353	3	0.2612588172933001	0.023402878153649744	3	0.5287533373740271	0.03204300264182427	3	0.3785465324268565	0.01393237819005666	3	0.610736922274191	0.009842151682704353	3	0.2612588172933001	0.023402878153649744	3	0.5287533373740271	0.03204300264182427	3	0.0	0.0	3	1.0	0.0	3	0.0	0.0	3	0.0	0.0	3	0.0	0.0	3	nan	nan	0	nan	nan	0	nan	nan	0	nan	nan	0	0.13395298440881478	0.06114749432644133	3	0.0759064146779469	0.03175929033349676	3	0.001539645881447267	0.002666744892330835	3	0.1072913211946554	0.05444867865191367	3	0.0069977355500632525	0.008442344518921672	3	0.13395298440881478	0.06114749432644133	3	0.0759064146779469	0.03175929033349676	3	0.001539645881447267	0.002666744892330835	3	0.1072913211946554	0.05444867865191367	3	0.0069977355500632525	0.008442344518921672	3	0.13395298440881478	0.06114749432644133	3	0.0759064146779469	0.03175929033349676	3	0.001539645881447267	0.002666744892330835	3	0.1072913211946554	0.05444867865191367	3	0.0069977355500632525	0.008442344518921672	3	nan	nan	0
contacts_x_homolog_separation__model_mismatched__d900__sep0.75__cis0.65__bg0.05__a0__r2__m0	contacts_x_homolog_separation	coarse	model_mismatched	ORACLE_coordinates_inference_monotone_log	3	900	0.75	0.35	0.05	0.0	2	0	ORACLE_COORDINATES	MISMATCHED_INFERENCE_SCORE_OR_MOLECULE_COMPOSITE	0.3346852851328892	0.015481441470499065	3	0.5310542078703065	0.004932676336082538	3	1.3538366871459246	0.012813276712381725	3	0.7230550003443698	0.02841582236960971	3	0.06234121124244043	0.03683004843108218	3	0.055791043128411856	0.03764989762005021	3	0.0	0.0	3	0.3346852851328892	0.015481441470499065	3	0.5310542078703065	0.004932676336082538	3	1.3538366871459246	0.012813276712381725	3	0.7230550003443698	0.02841582236960971	3	0.06234121124244043	0.03683004843108218	3	0.055791043128411856	0.03764989762005021	3	1.0	0.0	3	0.0	0.0	3	1.0	0.0	3	1.0	0.0	3	1.0	0.0	3	0.3785465324268565	0.01393237819005666	3	0.5376106826648929	0.016788119265341357	3	0.24866733142595213	0.025330925922377356	3	0.5182743087915501	0.019003266866420645	3	0.3785465324268565	0.01393237819005666	3	0.5376106826648929	0.016788119265341357	3	0.24866733142595213	0.025330925922377356	3	0.5182743087915501	0.019003266866420645	3	0.0	0.0	3	1.0	0.0	3	0.0	0.0	3	0.0	0.0	3	0.0	0.0	3	nan	nan	0	nan	nan	0	nan	nan	0	nan	nan	0	0.0	0.0	3	0.0	0.0	3	0.0	0.0	3	0.0	0.0	3	0.0	0.0	3	0.0	0.0	3	0.0	0.0	3	0.0	0.0	3	0.0	0.0	3	0.0	0.0	3	0.0	0.0	3	0.0	0.0	3	0.0	0.0	3	0.0	0.0	3	0.0	0.0	3	nan	nan	0
contacts_x_homolog_separation__model_mismatched__d900__sep0.75__cis0.65__bg0.05__a0__r2__m0	contacts_x_homolog_separation	coarse	model_mismatched	blind_normalized_endpoint_monotone_log_midpoint_delta_pairwise	3	900	0.75	0.35	0.05	0.0	2	0	none	MISMATCHED_OR_MOLECULE_COMPOSITE	0.23375050185945068	0.038636274639702275	3	0.45807711901070153	0.017763990764724943	3	1.9989469840467275	0.2199358454759016	3	1.0034749300316614	0.11423750469365375	3	0.38079741068832834	0.05837221599788727	3	0.25311850857497675	0.0410657253971953	3	0.8859852609877702	0.1334479661801332	3	0.27351658373079574	0.035124052684725696	3	0.4639250722270758	0.024276902417116247	3	1.8907618009135083	0.17525772100460796	3	1.0027563631720917	0.11406473867982847	3	0.3450574837992393	0.04957598941466896	3	0.257444640232437	0.04026398626469258	3	0.9018177594461236	0.005148279541289615	3	4.399173726171607	0.3552161841362869	3	0.8888888888888888	0.1924500897298753	3	0.8333333333333334	0.28867513459481287	3	0.05454545454545453	0.12328199032236245	3	0.24948676846517484	0.059704171457736877	3	0.46816306196636753	0.021371276292442898	3	0.20285015543636234	0.015282055793456399	3	0.4384009823664996	0.03243599989231172	3	0.29693843806095693	0.039668963106730626	3	0.46816306196636753	0.021371276292442898	3	0.2273256799118868	0.04207220843693189	3	0.4558834998490171	0.06257831650046951	3	0.49081853854780394	0.005376838983317264	3	1.0	0.0	3	0.0	0.0	3	0.0	0.0	3	0.0	0.0	3	0.9192592592592592	0.022342268343489884	3	0.25476116299950774	0.03557649674847198	3	0.07211934089965087	0.014646681489417385	3	0.0678078726556711	0.012830635754623626	3	0.0	0.0	3	0.0	0.0	3	0.0	0.0	3	0.0	0.0	3	0.0	0.0	3	0.0	0.0	3	0.0	0.0	3	0.0	0.0	3	0.0	0.0	3	0.0	0.0	3	0.0	0.0	3	0.0	0.0	3	0.0	0.0	3	0.0	0.0	3	0.0	0.0	3	0.8293013477069561	0.01813721963901447	3
contacts_x_homolog_separation__model_mismatched__d900__sep2__cis0.65__bg0.05__a0__r2__m0	contacts_x_homolog_separation	coarse	model_mismatched	ORACLE_coordinates_generator_conditional	3	900	2.0	0.35	0.05	0.0	2	0	ORACLE_COORDINATES_AND_GENERATOR	ORACLE_GENERATOR_CONDITIONAL	0.4120925140765273	0.0452327989883366	3	0.7290656889411071	0.03678793372337522	3	1.086167296956677	0.05809275949249295	3	0.4679615521978339	0.05806276195175878	3	0.03733367545063245	0.006446615873617106	3	0.017298536218857158	0.004505122885593209	3	0.0	0.0	3	0.4120925140765273	0.0452327989883366	3	0.7290656889411071	0.03678793372337522	3	1.086167296956677	0.05809275949249295	3	0.4679615521978339	0.05806276195175878	3	0.03733367545063245	0.006446615873617106	3	0.017298536218857158	0.004505122885593209	3	1.0	0.0	3	0.0	0.0	3	1.0	0.0	3	1.0	0.0	3	1.0	0.0	3	0.4903708706868579	0.030282121819170373	3	0.8442662805333616	0.03228862825524486	3	0.27101286348904485	0.09908442415789213	3	0.5190191290753331	0.06589679913371775	3	0.4903708706868579	0.030282121819170373	3	0.8442662805333616	0.03228862825524486	3	0.27101286348904485	0.09908442415789213	3	0.5190191290753331	0.06589679913371775	3	0.0	0.0	3	1.0	0.0	3	0.0	0.0	3	0.0	0.0	3	0.0	0.0	3	nan	nan	0	nan	nan	0	nan	nan	0	nan	nan	0	0.41375371783209197	0.3780781346811164	3	0.1375408852812312	0.12403570873054368	3	0.04892450019577649	0.046462057535949175	3	0.979264475743349	0.03591498153409641	3	0.5383737733993427	0.12510710391329438	3	0.41375371783209197	0.3780781346811164	3	0.1375408852812312	0.12403570873054368	3	0.04892450019577649	0.046462057535949175	3	0.979264475743349	0.03591498153409641	3	0.5383737733993427	0.12510710391329438	3	0.41375371783209197	0.3780781346811164	3	0.1375408852812312	0.12403570873054368	3	0.04892450019577649	0.046462057535949175	3	0.979264475743349	0.03591498153409641	3	0.5383737733993427	0.12510710391329438	3	nan	nan	0
contacts_x_homolog_separation__model_mismatched__d900__sep2__cis0.65__bg0.05__a0__r2__m0	contacts_x_homolog_separation	coarse	model_mismatched	ORACLE_coordinates_inference_monotone_log	3	900	2.0	0.35	0.05	0.0	2	0	ORACLE_COORDINATES	MISMATCHED_INFERENCE_SCORE_OR_MOLECULE_COMPOSITE	0.41948597042183433	0.038700782597270666	3	0.7372353228226233	0.03382020311081848	3	1.1503976015860662	0.03270894868256806	3	0.5055774499730815	0.04315494647891157	3	0.0483436372370484	0.007978307073985688	3	0.07438347160044868	0.0242721255526049	3	0.0	0.0	3	0.41948597042183433	0.038700782597270666	3	0.7372353228226233	0.03382020311081848	3	1.1503976015860662	0.03270894868256806	3	0.5055774499730815	0.04315494647891157	3	0.0483436372370484	0.007978307073985688	3	0.07438347160044868	0.0242721255526049	3	1.0	0.0	3	0.0	0.0	3	1.0	0.0	3	1.0	0.0	3	1.0	0.0	3	0.4903708706868579	0.030282121819170373	3	0.8465450157446681	0.039814335491352035	3	0.2922275240985804	0.08284894297595131	3	0.5370683167975946	0.05367031530074065	3	0.4903708706868579	0.030282121819170373	3	0.8465450157446681	0.039814335491352035	3	0.2922275240985804	0.08284894297595131	3	0.5370683167975946	0.05367031530074065	3	0.0	0.0	3	1.0	0.0	3	0.0	0.0	3	0.0	0.0	3	0.0	0.0	3	nan	nan	0	nan	nan	0	nan	nan	0	nan	nan	0	0.37479711991982834	0.35335493107937566	3	0.1153892937413084	0.10536800878513722	3	0.024602500281399663	0.03307861973902842	3	0.9972613458528952	0.004743488127144785	3	0.5167123703629959	0.11806156248383219	3	0.37479711991982834	0.35335493107937566	3	0.1153892937413084	0.10536800878513722	3	0.024602500281399663	0.03307861973902842	3	0.9972613458528952	0.004743488127144785	3	0.5167123703629959	0.11806156248383219	3	0.37479711991982834	0.35335493107937566	3	0.1153892937413084	0.10536800878513722	3	0.024602500281399663	0.03307861973902842	3	0.9972613458528952	0.004743488127144785	3	0.5167123703629959	0.11806156248383219	3	nan	nan	0
contacts_x_homolog_separation__model_mismatched__d900__sep2__cis0.65__bg0.05__a0__r2__m0	contacts_x_homolog_separation	coarse	model_mismatched	blind_normalized_endpoint_monotone_log_midpoint_delta_pairwise	3	900	2.0	0.35	0.05	0.0	2	0	none	MISMATCHED_OR_MOLECULE_COMPOSITE	0.1444848452453843	0.015501175217781308	3	0.32425109057674645	0.05971204772669827	3	2.0897813289209446	0.06404445453746484	3	1.2437757451287075	0.11780436506984693	3	0.44911270441516254	0.03582445802664493	3	0.37783732739270387	0.06764987949249611	3	1.3048891310176964	0.15571259303207283	3	0.1882915363003033	0.06287465212460192	3	0.33313164598241923	0.059968551197240094	3	1.9922106964100423	0.1922120354374884	3	1.2349983546954617	0.11050518823524942	3	0.41286722763477623	0.0795613269068625	3	0.3690851592596829	0.05955161635045997	3	0.8271921805677662	0.05956997670304598	3	3.5630045993045534	0.5083312030003931	3	0.7777777777777777	0.1924500897298753	3	0.6666666666666666	0.28867513459481287	3	0.21481481481481476	0.14994925963331207	3	0.09491350716448939	0.034360680679508315	3	0.22882788254058672	0.07175842501913814	3	0.23489775479478645	0.06094288219743908	3	0.4995474037582151	0.0537371507399564	3	0.15709989899253007	0.08371763041558507	3	0.22882788254058672	0.07175842501913814	3	0.24704789072513897	0.03453126582080817	3	0.5225943845703326	0.04391230367992888	3	0.49788354787354666	0.022672505531279766	3	0.6666666666666666	0.5773502691896258	3	0.3333333333333333	0.5773502691896258	3	0.0	0.0	3	0.0	0.0	3	0.7566666666666667	0.06058358168984706	3	0.45705519695472424	0.05881528270567425	3	0.1536989927468008	0.02403542746705461	3	0.08459335320338239	0.01048991872931364	3	0.0	0.0	3	0.0	0.0	3	0.0	0.0	3	0.0	0.0	3	0.0	0.0	3	0.0	0.0	3	0.0	0.0	3	0.0	0.0	3	0.0	0.0	3	0.0	0.0	3	0.0	0.0	3	0.0	0.0	3	0.0	0.0	3	0.0	0.0	3	0.0	0.0	3	0.6951117283944148	0.035583864175094806	3
contacts_x_homolog_separation__well_specified__d12000__sep0.1__cis0.65__bg0.05__a0__r2__m0	contacts_x_homolog_separation	coarse	well_specified	ORACLE_coordinates_generator_conditional	3	12000	0.1	0.35	0.05	0.0	2	0	ORACLE_COORDINATES_AND_GENERATOR	ORACLE_GENERATOR_CONDITIONAL	0.28176452093860976	0.011945309760986737	3	0.4997092323807439	0.003026997235482245	3	1.377189072052408	0.004702912416649785	3	0.692993928427364	0.00018814392222076182	3	0.0028214195582505395	0.0019549087833729837	3	0.005863601253262869	0.002427038169501164	3	0.0	0.0	3	0.28176452093860976	0.011945309760986737	3	0.4997092323807439	0.003026997235482245	3	1.377189072052408	0.004702912416649785	3	0.692993928427364	0.00018814392222076182	3	0.0028214195582505395	0.0019549087833729837	3	0.005863601253262869	0.002427038169501164	3	1.0	0.0	3	0.0	0.0	3	1.0	0.0	3	1.0	0.0	3	1.0	0.0	3	0.2914241048277894	0.017666896962118577	3	0.5053526468549863	0.002955171149409281	3	0.2634519777666762	0.010275235103398167	3	0.48910394964970766	0.0032920351152758735	3	0.2914241048277894	0.017666896962118577	3	0.5053526468549863	0.002955171149409281	3	0.2634519777666762	0.010275235103398167	3	0.48910394964970766	0.0032920351152758735	3	0.0	0.0	3	1.0	0.0	3	0.0	0.0	3	0.0	0.0	3	0.0	0.0	3	nan	nan	0	nan	nan	0	nan	nan	0	nan	nan	0	0.0	0.0	3	0.0	0.0	3	0.0	0.0	3	0.0	0.0	3	0.0	0.0	3	0.0	0.0	3	0.0	0.0	3	0.0	0.0	3	0.0	0.0	3	0.0	0.0	3	0.0	0.0	3	0.0	0.0	3	0.0	0.0	3	0.0	0.0	3	0.0	0.0	3	nan	nan	0
contacts_x_homolog_separation__well_specified__d12000__sep0.1__cis0.65__bg0.05__a0__r2__m0	contacts_x_homolog_separation	coarse	well_specified	ORACLE_coordinates_inference_monotone_log	3	12000	0.1	0.35	0.05	0.0	2	0	ORACLE_COORDINATES	MATCHED_PAIRWISE_ENDPOINT_LIKELIHOOD	0.28176452093860976	0.011945309760986737	3	0.4997092323807439	0.003026997235482245	3	1.377189072052408	0.004702912416649785	3	0.6929939284273642	0.0001881439222208094	3	0.0028214195582505525	0.001954908783372981	3	0.005863601253262869	0.0024270381695012267	3	0.0	0.0	3	0.28176452093860976	0.011945309760986737	3	0.4997092323807439	0.003026997235482245	3	1.377189072052408	0.004702912416649785	3	0.6929939284273642	0.0001881439222208094	3	0.0028214195582505525	0.001954908783372981	3	0.005863601253262869	0.0024270381695012267	3	1.0	0.0	3	0.0	0.0	3	1.0	0.0	3	1.0	0.0	3	1.0	0.0	3	0.2914241048277894	0.017666896962118577	3	0.5053526468549863	0.002955171149409281	3	0.2634519777666762	0.010275235103398167	3	0.48910394964970766	0.0032920351152758735	3	0.2914241048277894	0.017666896962118577	3	0.5053526468549863	0.002955171149409281	3	0.2634519777666762	0.010275235103398167	3	0.48910394964970766	0.0032920351152758735	3	0.0	0.0	3	1.0	0.0	3	0.0	0.0	3	0.0	0.0	3	0.0	0.0	3	nan	nan	0	nan	nan	0	nan	nan	0	nan	nan	0	0.0	0.0	3	0.0	0.0	3	0.0	0.0	3	0.0	0.0	3	0.0	0.0	3	0.0	0.0	3	0.0	0.0	3	0.0	0.0	3	0.0	0.0	3	0.0	0.0	3	0.0	0.0	3	0.0	0.0	3	0.0	0.0	3	0.0	0.0	3	0.0	0.0	3	nan	nan	0
contacts_x_homolog_separation__well_specified__d12000__sep0.1__cis0.65__bg0.05__a0__r2__m0	contacts_x_homolog_separation	coarse	well_specified	blind_normalized_endpoint_monotone_log_midpoint_delta_pairwise	3	12000	0.1	0.35	0.05	0.0	2	0	none	MATCHED_PAIRWISE_ENDPOINT_LIKELIHOOD	0.2549820540482128	0.010378172135950934	3	0.5011990777886492	0.0042483010769877195	3	1.7150679205150225	0.21798533844296947	3	0.7963730188360807	0.12601326019606668	3	0.25831123823454627	0.09540879867627129	3	0.1219003359789133	0.07442711711762007	3	0.9081922598561896	0.13470252726187423	3	0.2606635513098993	0.014325371520346927	3	0.5005560783889945	0.0017977812968711932	3	1.7207041751706693	0.284067679329832	3	0.7996408618183749	0.1319804088007647	3	0.25262974097285973	0.1125952279917677	3	0.12254333537856799	0.07429415199472526	3	0.8368051211993529	0.12273836030543026	3	3.30888288825099	0.6110389309264496	3	0.6666666666666666	0.0	3	0.3333333333333333	0.2886751345948129	3	0.11919191919191911	0.5010101010101009	3	0.2545256208175419	0.007308248481719806	3	0.5010880375295619	0.002143985097762063	3	0.2558411443442337	0.019305971593320176	3	0.5014565915896019	0.008271328472421896	3	0.26893226858656355	0.01721452842068901	3	0.5010880375295619	0.002143985097762063	3	0.24501601465201747	0.01071016172959283	3	0.49948384442080024	0.007914619847875079	3	1.0728948675096035	0.03312161685413495	3	1.0	0.0	3	0.0	0.0	3	0.0	0.0	3	0.0	0.0	3	0.9277222222222222	0.020996417242878266	3	0.22573637690645762	0.039705252437153296	3	0.06074969367821331	0.013499879220302276	3	0.05853403245764682	0.023646168102133908	3	0.0	0.0	3	0.0	0.0	3	0.0	0.0	3	0.0	0.0	3	0.0	0.0	3	0.0	0.0	3	0.0	0.0	3	0.0	0.0	3	0.0	0.0	3	0.0	0.0	3	0.0	0.0	3	0.0	0.0	3	0.0	0.0	3	0.0	0.0	3	0.0	0.0	3	0.8591571324640753	0.04867948984136538	3
contacts_x_homolog_separation__well_specified__d12000__sep0.75__cis0.65__bg0.05__a0__r2__m0	contacts_x_homolog_separation	coarse	well_specified	ORACLE_coordinates_generator_conditional	3	12000	0.75	0.35	0.05	0.0	2	0	ORACLE_COORDINATES_AND_GENERATOR	ORACLE_GENERATOR_CONDITIONAL	0.36272825300684924	0.03275928197907938	3	0.5531577907555492	0.01828791321210413	3	1.3052799517917617	0.03603808158385147	3	0.6756422969123513	0.008937142232562556	3	0.00464934327471044	0.0008528359986603496	3	0.005291117732575439	0.0031293215719336337	3	0.0	0.0	3	0.36272825300684924	0.03275928197907938	3	0.5531577907555492	0.01828791321210413	3	1.3052799517917617	0.03603808158385147	3	0.6756422969123513	0.008937142232562556	3	0.00464934327471044	0.0008528359986603496	3	0.005291117732575439	0.0031293215719336337	3	1.0	0.0	3	0.0	0.0	3	1.0	0.0	3	1.0	0.0	3	1.0	0.0	3	0.39327845698918046	0.06486209997391572	3	0.5708165923328629	0.02429650888492592	3	0.3053812024038548	0.06427624401240888	3	0.5201704509450801	0.03082541579421001	3	0.39327845698918046	0.06486209997391572	3	0.5708165923328629	0.02429650888492592	3	0.3053812024038548	0.06427624401240888	3	0.5201704509450801	0.03082541579421001	3	0.0	0.0	3	1.0	0.0	3	0.0	0.0	3	0.0	0.0	3	0.0	0.0	3	nan	nan	0	nan	nan	0	nan	nan	0	nan	nan	0	0.23583122457569428	0.15097125317708426	3	0.06373193581646079	0.06400878772336371	3	0.0	0.0	3	0.11836343837703238	0.10569949053295186	3	0.0	0.0	3	0.23583122457569428	0.15097125317708426	3	0.06373193581646079	0.06400878772336371	3	0.0	0.0	3	0.11836343837703238	0.10569949053295186	3	0.0	0.0	3	0.23583122457569428	0.15097125317708426	3	0.06373193581646079	0.06400878772336371	3	0.0	0.0	3	0.11836343837703238	0.10569949053295186	3	0.0	0.0	3	nan	nan	0
contacts_x_homolog_separation__well_specified__d12000__sep0.75__cis0.65__bg0.05__a0__r2__m0	contacts_x_homolog_separation	coarse	well_specified	ORACLE_coordinates_inference_monotone_log	3	12000	0.75	0.35	0.05	0.0	2	0	ORACLE_COORDINATES	MATCHED_PAIRWISE_ENDPOINT_LIKELIHOOD	0.36272825300684924	0.03275928197907938	3	0.5531577907555492	0.01828791321210413	3	1.305279951791762	0.03603808158385158	3	0.6756422969123511	0.00893714223256258	3	0.004649343274710457	0.0008528359986603714	3	0.005291117732575442	0.0031293215719336363	3	0.0	0.0	3	0.36272825300684924	0.03275928197907938	3	0.5531577907555492	0.01828791321210413	3	1.305279951791762	0.03603808158385158	3	0.6756422969123511	0.00893714223256258	3	0.004649343274710457	0.0008528359986603714	3	0.005291117732575442	0.0031293215719336363	3	1.0	0.0	3	0.0	0.0	3	1.0	0.0	3	1.0	0.0	3	1.0	0.0	3	0.39327845698918046	0.06486209997391572	3	0.5708165923328629	0.02429650888492592	3	0.3053812024038548	0.06427624401240888	3	0.5201704509450801	0.03082541579421001	3	0.39327845698918046	0.06486209997391572	3	0.5708165923328629	0.02429650888492592	3	0.3053812024038548	0.06427624401240888	3	0.5201704509450801	0.03082541579421001	3	0.0	0.0	3	1.0	0.0	3	0.0	0.0	3	0.0	0.0	3	0.0	0.0	3	nan	nan	0	nan	nan	0	nan	nan	0	nan	nan	0	0.23583122457569428	0.15097125317708426	3	0.06373193581646079	0.06400878772336371	3	0.0	0.0	3	0.11836343837703238	0.10569949053295186	3	0.0	0.0	3	0.23583122457569428	0.15097125317708426	3	0.06373193581646079	0.06400878772336371	3	0.0	0.0	3	0.11836343837703238	0.10569949053295186	3	0.0	0.0	3	0.23583122457569428	0.15097125317708426	3	0.06373193581646079	0.06400878772336371	3	0.0	0.0	3	0.11836343837703238	0.10569949053295186	3	0.0	0.0	3	nan	nan	0
contacts_x_homolog_separation__well_specified__d12000__sep0.75__cis0.65__bg0.05__a0__r2__m0	contacts_x_homolog_separation	coarse	well_specified	blind_normalized_endpoint_monotone_log_midpoint_delta_pairwise	3	12000	0.75	0.35	0.05	0.0	2	0	none	MATCHED_PAIRWISE_ENDPOINT_LIKELIHOOD	0.2735052710394915	0.05902987249177617	3	0.519934747783883	0.021983676388950005	3	1.7577978579866949	0.39902440666046396	3	0.7536549467817303	0.07755981563617007	3	0.23693653162774952	0.10178558608091932	3	0.10452710940291449	0.05428451204019182	3	1.0100237115883333	0.11624823060068457	3	0.2951767374269017	0.03693129773726371	3	0.5195856771843542	0.022317720487717043	3	1.6054334767187661	0.14158956893182273	3	0.7537157990340488	0.07766465134716964	3	0.2152650652403393	0.06435952094462193	3	0.10487618000244325	0.05488643639059538	3	0.8701656215388192	0.05054949990504632	3	3.902875895199429	1.462790936692563	3	0.8888888888888888	0.1924500897298753	3	0.8333333333333334	0.28867513459481287	3	0.032996632996632996	0.08023364853121336	3	0.2891213298251473	0.07659777649145799	3	0.5236780984548847	0.03822836268973458	3	0.24468904848600895	0.03140094187001012	3	0.5128385612576009	0.015471222073227417	3	0.3014302707151784	0.0628635797565442	3	0.5236780984548847	0.03822836268973458	3	0.28338391649715833	0.036225402141655656	3	0.5118547934268091	0.01378939012700204	3	1.0050780687791605	0.01668145083641902	3	1.0	0.0	3	0.0	0.0	3	0.0	0.0	3	0.0	0.0	3	0.8618333333333333	0.14362554999411184	3	0.3126830210460268	0.18737446521528364	3	0.09525614495703505	0.07462483204420854	3	0.08155595202106143	0.03662054404558046	3	0.03986555604267134	0.06904916853789124	3	0.024784451264065466	0.04292792882707608	3	0.0	0.0	3	0.07165274203742633	0.0672687600163787	3	0.0	0.0	3	0.07506350816182078	0.06538285232031618	3	0.04104532335877995	0.037775714174539995	3	0.0	0.0	3	0.07165274203742633	0.0672687600163787	3	0.0	0.0	3	0.03787812362998685	0.0656068346225125	3	0.024784451264065466	0.04292792882707608	3	0.0	0.0	3	0.068356294876509	0.06424262235861887	3	0.0	0.0	3	0.7933872712284322	0.15155660715589536	3
contacts_x_homolog_separation__well_specified__d12000__sep2__cis0.65__bg0.05__a0__r2__m0	contacts_x_homolog_separation	coarse	well_specified	ORACLE_coordinates_generator_conditional	3	12000	2.0	0.35	0.05	0.0	2	0	ORACLE_COORDINATES_AND_GENERATOR	ORACLE_GENERATOR_CONDITIONAL	0.4118843987551138	0.006821252471129535	3	0.6422375986131902	0.007279083666599777	3	1.2337569759493914	0.009464047994265055	3	0.6194957321441626	0.005435106662768497	3	0.008045190241283638	0.002126658103103423	3	0.005900239459775451	0.0005497919681778516	3	0.0	0.0	3	0.4118843987551138	0.006821252471129535	3	0.6422375986131902	0.007279083666599777	3	1.2337569759493914	0.009464047994265055	3	0.6194957321441626	0.005435106662768497	3	0.008045190241283638	0.002126658103103423	3	0.005900239459775451	0.0005497919681778516	3	1.0	0.0	3	0.0	0.0	3	1.0	0.0	3	1.0	0.0	3	1.0	0.0	3	0.44616174500857303	0.01126018435107671	3	0.7017772650714601	0.0071625695484263405	3	0.34758617803763703	0.0263509736351952	3	0.5305308437759647	0.012676479571028252	3	0.44616174500857303	0.01126018435107671	3	0.7017772650714601	0.0071625695484263405	3	0.34758617803763703	0.0263509736351952	3	0.5305308437759647	0.012676479571028252	3	0.0	0.0	3	1.0	0.0	3	0.0	0.0	3	0.0	0.0	3	0.0	0.0	3	nan	nan	0	nan	nan	0	nan	nan	0	nan	nan	0	0.2843642658841357	0.01758728634544931	3	0.11663542641324609	0.019866148663231373	3	0.015045486354093772	0.02605954678987464	3	0.6793904758727157	0.031593262640216835	3	0.015045486354093772	0.02605954678987464	3	0.2843642658841357	0.01758728634544931	3	0.11663542641324609	0.019866148663231373	3	0.015045486354093772	0.02605954678987464	3	0.6793904758727157	0.031593262640216835	3	0.015045486354093772	0.02605954678987464	3	0.2843642658841357	0.01758728634544931	3	0.11663542641324609	0.019866148663231373	3	0.015045486354093772	0.02605954678987464	3	0.6793904758727157	0.031593262640216835	3	0.015045486354093772	0.02605954678987464	3	nan	nan	0
contacts_x_homolog_separation__well_specified__d12000__sep2__cis0.65__bg0.05__a0__r2__m0	contacts_x_homolog_separation	coarse	well_specified	ORACLE_coordinates_inference_monotone_log	3	12000	2.0	0.35	0.05	0.0	2	0	ORACLE_COORDINATES	MATCHED_PAIRWISE_ENDPOINT_LIKELIHOOD	0.4118843987551138	0.006821252471129535	3	0.6422375986131902	0.007279083666599777	3	1.2337569759493914	0.009464047994264998	3	0.6194957321441626	0.005435106662768497	3	0.00804519024128364	0.002126658103103433	3	0.005900239459775458	0.0005497919681778605	3	0.0	0.0	3	0.4118843987551138	0.006821252471129535	3	0.6422375986131902	0.007279083666599777	3	1.2337569759493914	0.009464047994264998	3	0.6194957321441626	0.005435106662768497	3	0.00804519024128364	0.002126658103103433	3	0.005900239459775458	0.0005497919681778605	3	1.0	0.0	3	0.0	0.0	3	1.0	0.0	3	1.0	0.0	3	1.0	0.0	3	0.44616174500857303	0.01126018435107671	3	0.7017772650714601	0.0071625695484263405	3	0.34758617803763703	0.0263509736351952	3	0.5305308437759647	0.012676479571028252	3	0.44616174500857303	0.01126018435107671	3	0.7017772650714601	0.0071625695484263405	3	0.34758617803763703	0.0263509736351952	3	0.5305308437759647	0.012676479571028252	3	0.0	0.0	3	1.0	0.0	3	0.0	0.0	3	0.0	0.0	3	0.0	0.0	3	nan	nan	0	nan	nan	0	nan	nan	0	nan	nan	0	0.2843642658841357	0.01758728634544931	3	0.11663542641324609	0.019866148663231373	3	0.015045486354093772	0.02605954678987464	3	0.6793904758727157	0.031593262640216835	3	0.015045486354093772	0.02605954678987464	3	0.2843642658841357	0.01758728634544931	3	0.11663542641324609	0.019866148663231373	3	0.015045486354093772	0.02605954678987464	3	0.6793904758727157	0.031593262640216835	3	0.015045486354093772	0.02605954678987464	3	0.2843642658841357	0.01758728634544931	3	0.11663542641324609	0.019866148663231373	3	0.015045486354093772	0.02605954678987464	3	0.6793904758727157	0.031593262640216835	3	0.015045486354093772	0.02605954678987464	3	nan	nan	0
contacts_x_homolog_separation__well_specified__d12000__sep2__cis0.65__bg0.05__a0__r2__m0	contacts_x_homolog_separation	coarse	well_specified	blind_normalized_endpoint_monotone_log_midpoint_delta_pairwise	3	12000	2.0	0.35	0.05	0.0	2	0	none	MATCHED_PAIRWISE_ENDPOINT_LIKELIHOOD	0.24564360367254678	0.029909254110168856	3	0.5278613185445056	0.06569972881274984	3	1.6126401922238494	0.05724380601044936	3	0.7140424972485028	0.039050703823528425	3	0.24162614862802914	0.02273883599288501	3	0.0933439872285226	0.04059388226683275	3	1.2940655639451923	0.14658717457455706	3	0.26145807388348175	0.05114705625649693	3	0.5302938414340662	0.06935430653215315	3	1.5769256865624577	0.12154390039885957	3	0.7131637161831175	0.038694806121199445	3	0.22556108727434218	0.05066129813827692	3	0.09091146433896186	0.04327966980463307	3	0.7637168352333229	0.09953018333935158	3	3.8876307488814916	1.1644336960863741	3	0.6666666666666666	0.0	3	0.5	0.0	3	-0.12592592592592597	0.4929513711454565	3	0.2422132486492731	0.044602806313578	3	0.5476640435276899	0.10398874917775418	3	0.25214817266018313	0.008783430748541477	3	0.4909154723483689	0.0071172361192188595	3	0.2745696790553578	0.09759084422434677	3	0.5476640435276899	0.10398874917775418	3	0.23706997299743562	0.03681509970215828	3	0.49789056673001125	0.006297143476780943	3	1.0504962480627	0.09719464473565273	3	1.0	0.0	3	0.0	0.0	3	0.0	0.0	3	0.0	0.0	3	0.9344444444444445	0.009549699432927699	3	0.2447409776616092	0.03233147948088763	3	0.0643444844817679	0.010291448602696845	3	0.08396795102796266	0.0213014178883404	3	0.028456352333420892	0.04928784803956616	3	0.014359513177480082	0.024871406395350307	3	0.0	0.0	3	0.17956739718858286	0.18330167721247376	3	0.0	0.0	3	0.03155887960111453	0.05466158289907939	3	0.019416336706261916	0.03363008167211019	3	0.0	0.0	3	0.17833554501084423	0.18142119783929783	3	0.0	0.0	3	0.03146251057992586	0.054494666858104945	3	0.014359513177480082	0.024871406395350307	3	0.0	0.0	3	0.22053995799347148	0.2029008555931366	3	0.0	0.0	3	0.8452635144946274	0.03481391489396709	3
contacts_x_homolog_separation__well_specified__d1500__sep1.25__cis0.65__bg0.05__a0__r2__m0	contacts_x_homolog_separation	transition_refinement	well_specified	ORACLE_coordinates_generator_conditional	3	1500	1.25	0.35	0.05	0.0	2	0	ORACLE_COORDINATES_AND_GENERATOR	ORACLE_GENERATOR_CONDITIONAL	0.3696315518171027	0.01100102703742992	3	0.5727301378438162	0.004835444865183732	3	1.290899107561246	0.017251707633689228	3	0.6678877473900027	0.006604828060853077	3	0.031204883942569508	0.010302467469762473	3	0.021139331701434675	0.008983687003159829	3	0.0	0.0	3	0.3696315518171027	0.01100102703742992	3	0.5727301378438162	0.004835444865183732	3	1.290899107561246	0.017251707633689228	3	0.6678877473900027	0.006604828060853077	3	0.031204883942569508	0.010302467469762473	3	0.021139331701434675	0.008983687003159829	3	1.0	0.0	3	0.0	0.0	3	1.0	0.0	3	1.0	0.0	3	1.0	0.0	3	0.4208795546098314	0.006920981494982908	3	0.6085020215926585	0.018312246489919262	3	0.27631955681133324	0.017516085676465277	3	0.5076461333264658	0.019512583925185206	3	0.4208795546098314	0.006920981494982908	3	0.6085020215926585	0.018312246489919262	3	0.27631955681133324	0.017516085676465277	3	0.5076461333264658	0.019512583925185206	3	0.0	0.0	3	1.0	0.0	3	0.0	0.0	3	0.0	0.0	3	0.0	0.0	3	nan	nan	0	nan	nan	0	nan	nan	0	nan	nan	0	0.19742798440724343	0.09257068299199898	3	0.056387438217876375	0.08576615108894864	3	0.0	0.0	3	0.27564478795681574	0.07734208902972807	3	0.004691531785127844	0.008125971417165739	3	0.19742798440724343	0.09257068299199898	3	0.056387438217876375	0.08576615108894864	3	0.0	0.0	3	0.27564478795681574	0.07734208902972807	3	0.004691531785127844	0.008125971417165739	3	0.19742798440724343	0.09257068299199898	3	0.056387438217876375	0.08576615108894864	3	0.0	0.0	3	0.27564478795681574	0.07734208902972807	3	0.004691531785127844	0.008125971417165739	3	nan	nan	0
contacts_x_homolog_separation__well_specified__d1500__sep1.25__cis0.65__bg0.05__a0__r2__m0	contacts_x_homolog_separation	transition_refinement	well_specified	ORACLE_coordinates_inference_monotone_log	3	1500	1.25	0.35	0.05	0.0	2	0	ORACLE_COORDINATES	MATCHED_PAIRWISE_ENDPOINT_LIKELIHOOD	0.3696315518171027	0.01100102703742992	3	0.5727301378438162	0.004835444865183732	3	1.290899107561246	0.017251707633689228	3	0.6678877473900027	0.006604828060853077	3	0.031204883942569487	0.010302467469762464	3	0.021139331701434654	0.008983687003159819	3	0.0	0.0	3	0.3696315518171027	0.01100102703742992	3	0.5727301378438162	0.004835444865183732	3	1.290899107561246	0.017251707633689228	3	0.6678877473900027	0.006604828060853077	3	0.031204883942569487	0.010302467469762464	3	0.021139331701434654	0.008983687003159819	3	1.0	0.0	3	0.0	0.0	3	1.0	0.0	3	1.0	0.0	3	1.0	0.0	3	0.4208795546098314	0.006920981494982908	3	0.6085020215926585	0.018312246489919262	3	0.27631955681133324	0.017516085676465277	3	0.5076461333264658	0.019512583925185206	3	0.4208795546098314	0.006920981494982908	3	0.6085020215926585	0.018312246489919262	3	0.27631955681133324	0.017516085676465277	3	0.5076461333264658	0.019512583925185206	3	0.0	0.0	3	1.0	0.0	3	0.0	0.0	3	0.0	0.0	3	0.0	0.0	3	nan	nan	0	nan	nan	0	nan	nan	0	nan	nan	0	0.19742798440724343	0.09257068299199898	3	0.056387438217876375	0.08576615108894864	3	0.0	0.0	3	0.27564478795681574	0.07734208902972807	3	0.004691531785127844	0.008125971417165739	3	0.19742798440724343	0.09257068299199898	3	0.056387438217876375	0.08576615108894864	3	0.0	0.0	3	0.27564478795681574	0.07734208902972807	3	0.004691531785127844	0.008125971417165739	3	0.19742798440724343	0.09257068299199898	3	0.056387438217876375	0.08576615108894864	3	0.0	0.0	3	0.27564478795681574	0.07734208902972807	3	0.004691531785127844	0.008125971417165739	3	nan	nan	0
contacts_x_homolog_separation__well_specified__d1500__sep1.25__cis0.65__bg0.05__a0__r2__m0	contacts_x_homolog_separation	transition_refinement	well_specified	blind_normalized_endpoint_monotone_log_midpoint_delta_pairwise	3	1500	1.25	0.35	0.05	0.0	2	0	none	MATCHED_PAIRWISE_ENDPOINT_LIKELIHOOD	0.2484862729690589	0.06748683833594214	3	0.48440053592700644	0.049897641388418325	3	1.5968127042535671	0.212785303007864	3	0.7491799797300075	0.0705692180093295	3	0.22414672432466487	0.0971577304707473	3	0.11660922099803635	0.06814962224354379	3	1.002184796531932	0.23493992257753468	3	0.2895154061690997	0.02789930585942643	3	0.49706075096963076	0.047360452919494346	3	1.4884030568914752	0.10458117237600233	3	0.7489562445087731	0.07078558331026957	3	0.1778299236416685	0.054656697262955176	3	0.10394900595541197	0.0633916007886831	3	0.9195042094279718	0.0229570556882011	3	4.989404006970143	1.0361964371642147	3	0.6666666666666666	0.0	3	0.5	0.0	3	-0.05050505050505053	0.4770586340401073	3	0.24067808321464312	0.10655123712584222	3	0.4831814486832797	0.07129218983704293	3	0.26305156722540884	0.004427810537482918	3	0.4870835238390426	0.013857787471347702	3	0.30820442517333396	0.047506471323176626	3	0.4831814486832797	0.07129218983704293	3	0.2558717737865771	0.010455493756596136	3	0.5226919111067283	0.022060353959082013	3	0.50990438926965	0.002542580415542805	3	0.6666666666666666	0.5773502691896258	3	0.3333333333333333	0.5773502691896258	3	0.0	0.0	3	0.0	0.0	3	0.7800000000000001	0.20219132853150093	3	0.4269090202995687	0.24930433232770297	3	0.14053539481320818	0.10108825261897636	3	0.091902586715907	0.07104720464510383	3	0.07812865497076023	0.13532279993637544	3	0.04748538011695907	0.08224709097929406	3	0.0	0.0	3	0.08729294500619365	0.11495813622463757	3	0.004691531785127844	0.008125971417165739	3	0.07744006979682375	0.1221440728188631	3	0.02855118090793486	0.03792182845720985	3	0.0	0.0	3	0.08729294500619365	0.11495813622463757	3	0.004691531785127844	0.008125971417165739	3	0.08611018515089036	0.12386848582877431	3	0.04748538011695907	0.08224709097929406	3	0.0	0.0	3	0.06807017543859649	0.11790100233977623	3	0.0	0.0	3	0.7329193395367408	0.17085620053375236	3
contacts_x_homolog_separation__well_specified__d1500__sep1.6__cis0.65__bg0.05__a0__r2__m0	contacts_x_homolog_separation	transition_refinement	well_specified	ORACLE_coordinates_generator_conditional	3	1500	1.6	0.35	0.05	0.0	2	0	ORACLE_COORDINATES_AND_GENERATOR	ORACLE_GENERATOR_CONDITIONAL	0.4083511245209192	0.034389510526050965	3	0.6164810120407894	0.003513163321162284	3	1.2433234390106573	0.055506208573668905	3	0.6377058839079599	0.011451894166829965	3	0.02794618038879849	0.0032696296585511043	3	0.019635934425327083	0.0055692983779656036	3	0.0	0.0	3	0.4083511245209192	0.034389510526050965	3	0.6164810120407894	0.003513163321162284	3	1.2433234390106573	0.055506208573668905	3	0.6377058839079599	0.011451894166829965	3	0.02794618038879849	0.0032696296585511043	3	0.019635934425327083	0.0055692983779656036	3	1.0	0.0	3	0.0	0.0	3	1.0	0.0	3	1.0	0.0	3	1.0	0.0	3	0.45154301729868246	0.043936348024645064	3	0.6738017855091921	0.005402684397773411	3	0.3246319293498421	0.04558971102127245	3	0.5069466771943022	0.009249344675908563	3	0.45154301729868246	0.043936348024645064	3	0.6738017855091921	0.005402684397773411	3	0.3246319293498421	0.04558971102127245	3	0.5069466771943022	0.009249344675908563	3	0.0	0.0	3	1.0	0.0	3	0.0	0.0	3	0.0	0.0	3	0.0	0.0	3	nan	nan	0	nan	nan	0	nan	nan	0	nan	nan	0	0.34036053853446546	0.21726032334637738	3	0.12194356793731821	0.10182359689961339	3	0.023190442726633873	0.040167025052546004	3	0.5350959925547422	0.07062237864852412	3	0.033731553056922	0.05842476371279417	3	0.34036053853446546	0.21726032334637738	3	0.12194356793731821	0.10182359689961339	3	0.023190442726633873	0.040167025052546004	3	0.5350959925547422	0.07062237864852412	3	0.033731553056922	0.05842476371279417	3	0.34036053853446546	0.21726032334637738	3	0.12194356793731821	0.10182359689961339	3	0.023190442726633873	0.040167025052546004	3	0.5350959925547422	0.07062237864852412	3	0.033731553056922	0.05842476371279417	3	nan	nan	0
contacts_x_homolog_separation__well_specified__d1500__sep1.6__cis0.65__bg0.05__a0__r2__m0	contacts_x_homolog_separation	transition_refinement	well_specified	ORACLE_coordinates_inference_monotone_log	3	1500	1.6	0.35	0.05	0.0	2	0	ORACLE_COORDINATES	MATCHED_PAIRWISE_ENDPOINT_LIKELIHOOD	0.4083511245209192	0.034389510526050965	3	0.6164810120407894	0.003513163321162284	3	1.2433234390106573	0.055506208573668905	3	0.6377058839079599	0.011451894166829965	3	0.027946180388798453	0.0032696296585511546	3	0.01963593442532713	0.0055692983779655906	3	0.0	0.0	3	0.4083511245209192	0.034389510526050965	3	0.6164810120407894	0.003513163321162284	3	1.2433234390106573	0.055506208573668905	3	0.6377058839079599	0.011451894166829965	3	0.027946180388798453	0.0032696296585511546	3	0.01963593442532713	0.0055692983779655906	3	1.0	0.0	3	0.0	0.0	3	1.0	0.0	3	1.0	0.0	3	1.0	0.0	3	0.45154301729868246	0.043936348024645064	3	0.6738017855091921	0.005402684397773411	3	0.3246319293498421	0.04558971102127245	3	0.5069466771943022	0.009249344675908563	3	0.45154301729868246	0.043936348024645064	3	0.6738017855091921	0.005402684397773411	3	0.3246319293498421	0.04558971102127245	3	0.5069466771943022	0.009249344675908563	3	0.0	0.0	3	1.0	0.0	3	0.0	0.0	3	0.0	0.0	3	0.0	0.0	3	nan	nan	0	nan	nan	0	nan	nan	0	nan	nan	0	0.34036053853446546	0.21726032334637738	3	0.12194356793731821	0.10182359689961339	3	0.023190442726633873	0.040167025052546004	3	0.5350959925547422	0.07062237864852412	3	0.033731553056922	0.05842476371279417	3	0.34036053853446546	0.21726032334637738	3	0.12194356793731821	0.10182359689961339	3	0.023190442726633873	0.040167025052546004	3	0.5350959925547422	0.07062237864852412	3	0.033731553056922	0.05842476371279417	3	0.34036053853446546	0.21726032334637738	3	0.12194356793731821	0.10182359689961339	3	0.023190442726633873	0.040167025052546004	3	0.5350959925547422	0.07062237864852412	3	0.033731553056922	0.05842476371279417	3	nan	nan	0
contacts_x_homolog_separation__well_specified__d1500__sep1.6__cis0.65__bg0.05__a0__r2__m0	contacts_x_homolog_separation	transition_refinement	well_specified	blind_normalized_endpoint_monotone_log_midpoint_delta_pairwise	3	1500	1.6	0.35	0.05	0.0	2	0	none	MATCHED_PAIRWISE_ENDPOINT_LIKELIHOOD	0.2465142935665389	0.046448013667138584	3	0.5076120978886455	0.07362842540843088	3	1.6577116565774694	0.19488420428401357	3	0.764229154190471	0.0335476949781038	3	0.2540614884440475	0.07916324500633112	3	0.1256465816837428	0.02725191886400775	3	1.2808269413883038	0.32594979897952087	3	0.2688975363878648	0.006584272006321423	3	0.5207285997133707	0.09482416214731323	3	1.6360208798941318	0.3180946218157184	3	0.7463851517866119	0.0171813279642893	3	0.2326205306639466	0.09851299633843386	3	0.12203900886426622	0.022442029657567017	3	0.7985213178379341	0.17090768144240978	3	4.333937180424954	1.170957941750872	3	0.7777777777777777	0.1924500897298753	3	0.6666666666666666	0.28867513459481287	3	-0.1070707070707071	0.28170049314833706	3	0.24532511870565457	0.08337143693409298	3	0.5220375582370328	0.12154316753254663	3	0.24668976815971932	0.02228283157052073	3	0.47929619117706607	0.018093574087904837	3	0.28221910097315134	0.022255012120945813	3	0.5220375582370328	0.12154316753254663	3	0.24263297302787346	0.02616460971613054	3	0.5171730544060761	0.04927329638321657	3	0.5231145969592035	0.011230050385046644	3	0.6666666666666666	0.5773502691896258	3	0.3333333333333333	0.5773502691896258	3	0.0	0.0	3	0.0	0.0	3	0.8897777777777778	0.082095698448236	3	0.2877348328303751	0.126258020158386	3	0.08386193383749234	0.046628228446720696	3	0.05050560031361362	0.03977002984222695	3	0.0	0.0	3	0.0	0.0	3	0.0	0.0	3	0.10596435639630601	0.14612616531160447	3	0.0	0.0	3	0.022143698468786808	0.0383540108154239	3	0.015076560659599529	0.026113369065820527	3	0.0	0.0	3	0.14742605702877262	0.2173590347343703	3	0.0	0.0	3	0.0	0.0	3	0.0	0.0	3	0.0	0.0	3	0.09774982265937272	0.13870444177232646	3	0.0	0.0	3	0.8276165586656625	0.12737378013708428	3
contacts_x_homolog_separation__well_specified__d3000__sep0.1__cis0.65__bg0.05__a0__r2__m0	contacts_x_homolog_separation	coarse	well_specified	ORACLE_coordinates_generator_conditional	3	3000	0.1	0.35	0.05	0.0	2	0	ORACLE_COORDINATES_AND_GENERATOR	ORACLE_GENERATOR_CONDITIONAL	0.29239296453512825	0.012455736526020531	3	0.5096108108852592	0.004711530418638066	3	1.3711429128447863	0.004837366990837151	3	0.6921051591737712	0.00013237812286824693	3	0.010981174435622937	0.0029320085576854055	3	0.008539570976183313	0.01048653190947962	3	0.0	0.0	3	0.29239296453512825	0.012455736526020531	3	0.5096108108852592	0.004711530418638066	3	1.3711429128447863	0.004837366990837151	3	0.6921051591737712	0.00013237812286824693	3	0.010981174435622937	0.0029320085576854055	3	0.008539570976183313	0.01048653190947962	3	1.0	0.0	3	0.0	0.0	3	1.0	0.0	3	1.0	0.0	3	1.0	0.0	3	0.29899160383299034	0.007326321882794763	3	0.5147391836110881	0.013231301860717231	3	0.27932948018739806	0.046792938165930685	3	0.4995612130019653	0.012736083216334156	3	0.29899160383299034	0.007326321882794763	3	0.5147391836110881	0.013231301860717231	3	0.27932948018739806	0.046792938165930685	3	0.4995612130019653	0.012736083216334156	3	0.0	0.0	3	1.0	0.0	3	0.0	0.0	3	0.0	0.0	3	0.0	0.0	3	nan	nan	0	nan	nan	0	nan	nan	0	nan	nan	0	0.01113063854715876	0.0192788314843636	3	0.0	0.0	3	0.0	0.0	3	0.0	0.0	3	0.0	0.0	3	0.01113063854715876	0.0192788314843636	3	0.0	0.0	3	0.0	0.0	3	0.0	0.0	3	0.0	0.0	3	0.01113063854715876	0.0192788314843636	3	0.0	0.0	3	0.0	0.0	3	0.0	0.0	3	0.0	0.0	3	nan	nan	0
contacts_x_homolog_separation__well_specified__d3000__sep0.1__cis0.65__bg0.05__a0__r2__m0	contacts_x_homolog_separation	coarse	well_specified	ORACLE_coordinates_inference_monotone_log	3	3000	0.1	0.35	0.05	0.0	2	0	ORACLE_COORDINATES	MATCHED_PAIRWISE_ENDPOINT_LIKELIHOOD	0.29239296453512825	0.012455736526020531	3	0.5096108108852592	0.004711530418638066	3	1.3711429128447863	0.004837366990837151	3	0.6921051591737712	0.00013237812286824693	3	0.010981174435622904	0.0029320085576853678	3	0.008539570976183311	0.010486531909479619	3	0.0	0.0	3	0.29239296453512825	0.012455736526020531	3	0.5096108108852592	0.004711530418638066	3	1.3711429128447863	0.004837366990837151	3	0.6921051591737712	0.00013237812286824693	3	0.010981174435622904	0.0029320085576853678	3	0.008539570976183311	0.010486531909479619	3	1.0	0.0	3	0.0	0.0	3	1.0	0.0	3	1.0	0.0	3	1.0	0.0	3	0.29899160383299034	0.007326321882794763	3	0.5147391836110881	0.013231301860717231	3	0.27932948018739806	0.046792938165930685	3	0.4995612130019653	0.012736083216334156	3	0.29899160383299034	0.007326321882794763	3	0.5147391836110881	0.013231301860717231	3	0.27932948018739806	0.046792938165930685	3	0.4995612130019653	0.012736083216334156	3	0.0	0.0	3	1.0	0.0	3	0.0	0.0	3	0.0	0.0	3	0.0	0.0	3	nan	nan	0	nan	nan	0	nan	nan	0	nan	nan	0	0.01113063854715876	0.0192788314843636	3	0.0	0.0	3	0.0	0.0	3	0.0	0.0	3	0.0	0.0	3	0.01113063854715876	0.0192788314843636	3	0.0	0.0	3	0.0	0.0	3	0.0	0.0	3	0.0	0.0	3	0.01113063854715876	0.0192788314843636	3	0.0	0.0	3	0.0	0.0	3	0.0	0.0	3	0.0	0.0	3	nan	nan	0
contacts_x_homolog_separation__well_specified__d3000__sep0.1__cis0.65__bg0.05__a0__r2__m0	contacts_x_homolog_separation	coarse	well_specified	blind_normalized_endpoint_monotone_log_midpoint_delta_pairwise	3	3000	0.1	0.35	0.05	0.0	2	0	none	MATCHED_PAIRWISE_ENDPOINT_LIKELIHOOD	0.2400414507720887	0.004056069525750667	3	0.4949708313669128	0.009911786689912019	3	1.8323953063104537	0.39724298312296186	3	0.850176755518581	0.21123578456868272	3	0.28736709300561564	0.10554733078595371	3	0.1473595577896879	0.08499469586941089	3	0.9547328091213644	0.17531184056623822	3	0.2617230458834183	0.00964622627095443	3	0.4922746866376421	0.0059218557791810705	3	1.7490929365515913	0.3652284902735835	3	0.8502888879218795	0.21113358760521966	3	0.2642659748018952	0.11061376843551367	3	0.15005570251895858	0.08202424004429834	3	0.8497074565412951	0.10070840860621745	3	4.575852518512671	1.6786607685265549	3	0.6666666666666666	0.0	3	0.5	0.0	3	0.03838383838383837	0.2801897122842151	3	0.2422704472856194	0.008034697062958862	3	0.4982124185859285	0.005637795104637056	3	0.23580186105604897	0.02630751437917701	3	0.48876328605674185	0.018135659878136815	3	0.2717591546219362	0.017067734289383806	3	0.4982124185859285	0.005637795104637056	3	0.24220495286500707	0.010771386266357473	3	0.48083621725965203	0.007118283121764654	3	0.5979720503091812	0.029651898576958366	3	1.0	0.0	3	0.0	0.0	3	0.0	0.0	3	0.0	0.0	3	0.8844444444444445	0.07960062348536762	3	0.3054835151780775	0.1371559373446856	3	0.09138236927708514	0.04874018029646337	3	0.059829608848834336	0.048581828494603775	3	0.0	0.0	3	0.0	0.0	3	0.0	0.0	3	0.0	0.0	3	0.0	0.0	3	0.0	0.0	3	0.0	0.0	3	0.0	0.0	3	0.0	0.0	3	0.0	0.0	3	0.0	0.0	3	0.0	0.0	3	0.0	0.0	3	0.0	0.0	3	0.0	0.0	3	0.8121144829976524	0.131377221864218	3
contacts_x_homolog_separation__well_specified__d3000__sep0.75__cis0.65__bg0.05__a0__r2__m0	contacts_x_homolog_separation	coarse	well_specified	ORACLE_coordinates_generator_conditional	3	3000	0.75	0.35	0.05	0.0	2	0	ORACLE_COORDINATES_AND_GENERATOR	ORACLE_GENERATOR_CONDITIONAL	0.3577016866641258	0.026389206052397925	3	0.5381353095074378	0.012670503707293246	3	1.3153007302669086	0.023076586325480288	3	0.6802189736156619	0.0062418912211517725	3	0.021545746441067718	0.003039898714430351	3	0.013014203564831258	0.010574282979263338	3	0.0	0.0	3	0.3577016866641258	0.026389206052397925	3	0.5381353095074378	0.012670503707293246	3	1.3153007302669086	0.023076586325480288	3	0.6802189736156619	0.0062418912211517725	3	0.021545746441067718	0.003039898714430351	3	0.013014203564831258	0.010574282979263338	3	1.0	0.0	3	0.0	0.0	3	1.0	0.0	3	1.0	0.0	3	1.0	0.0	3	0.41555655782503886	0.03801416353857224	3	0.5654300746083517	0.019790902957520815	3	0.24832504471283776	0.013642626273598047	3	0.48645208540071955	0.010153724491586016	3	0.41555655782503886	0.03801416353857224	3	0.5654300746083517	0.019790902957520815	3	0.24832504471283776	0.013642626273598047	3	0.48645208540071955	0.010153724491586016	3	0.0	0.0	3	1.0	0.0	3	0.0	0.0	3	0.0	0.0	3	0.0	0.0	3	nan	nan	0	nan	nan	0	nan	nan	0	nan	nan	0	0.20576029821430178	0.11554719993539568	3	0.033216374269005845	0.05753244787714166	3	0.0	0.0	3	0.11237661796514557	0.10902612565286673	3	0.0	0.0	3	0.20576029821430178	0.11554719993539568	3	0.033216374269005845	0.05753244787714166	3	0.0	0.0	3	0.11237661796514557	0.10902612565286673	3	0.0	0.0	3	0.20576029821430178	0.11554719993539568	3	0.033216374269005845	0.05753244787714166	3	0.0	0.0	3	0.11237661796514557	0.10902612565286673	3	0.0	0.0	3	nan	nan	0
contacts_x_homolog_separation__well_specified__d3000__sep0.75__cis0.65__bg0.05__a0__r2__m0	contacts_x_homolog_separation	coarse	well_specified	ORACLE_coordinates_inference_monotone_log	3	3000	0.75	0.35	0.05	0.0	2	0	ORACLE_COORDINATES	MATCHED_PAIRWISE_ENDPOINT_LIKELIHOOD	0.3577016866641258	0.026389206052397925	3	0.5381353095074378	0.012670503707293246	3	1.3153007302669086	0.023076586325480288	3	0.6802189736156619	0.0062418912211518	3	0.021545746441067725	0.0030398987144303544	3	0.013014203564831265	0.010574282979263343	3	0.0	0.0	3	0.3577016866641258	0.026389206052397925	3	0.5381353095074378	0.012670503707293246	3	1.3153007302669086	0.023076586325480288	3	0.6802189736156619	0.0062418912211518	3	0.021545746441067725	0.0030398987144303544	3	0.013014203564831265	0.010574282979263343	3	1.0	0.0	3	0.0	0.0	3	1.0	0.0	3	1.0	0.0	3	1.0	0.0	3	0.41555655782503886	0.03801416353857224	3	0.5654300746083517	0.019790902957520815	3	0.24832504471283776	0.013642626273598047	3	0.48645208540071955	0.010153724491586016	3	0.41555655782503886	0.03801416353857224	3	0.5654300746083517	0.019790902957520815	3	0.24832504471283776	0.013642626273598047	3	0.48645208540071955	0.010153724491586016	3	0.0	0.0	3	1.0	0.0	3	0.0	0.0	3	0.0	0.0	3	0.0	0.0	3	nan	nan	0	nan	nan	0	nan	nan	0	nan	nan	0	0.20576029821430178	0.11554719993539568	3	0.033216374269005845	0.05753244787714166	3	0.0	0.0	3	0.11237661796514557	0.10902612565286673	3	0.0	0.0	3	0.20576029821430178	0.11554719993539568	3	0.033216374269005845	0.05753244787714166	3	0.0	0.0	3	0.11237661796514557	0.10902612565286673	3	0.0	0.0	3	0.20576029821430178	0.11554719993539568	3	0.033216374269005845	0.05753244787714166	3	0.0	0.0	3	0.11237661796514557	0.10902612565286673	3	0.0	0.0	3	nan	nan	0
contacts_x_homolog_separation__well_specified__d3000__sep0.75__cis0.65__bg0.05__a0__r2__m0	contacts_x_homolog_separation	coarse	well_specified	blind_normalized_endpoint_monotone_log_midpoint_delta_pairwise	3	3000	0.75	0.35	0.05	0.0	2	0	none	MATCHED_PAIRWISE_ENDPOINT_LIKELIHOOD	0.25188330535841946	0.03799722382881985	3	0.5229236222956168	0.009435138008216996	3	1.5993755750624234	0.16863247346975987	3	0.7090431937466013	0.011393970279050189	3	0.19696327413968148	0.09008541467596898	3	0.06251313322866489	0.038690407542119484	3	0.7773707138534683	0.207370106726886	3	0.3082231503886898	0.028114088654485673	3	0.5264484724894835	0.004465149690657336	3	1.4420288754331239	0.010330638457452935	3	0.708860668840677	0.01111906702730354	3	0.14062342910941103	0.03676297753509909	3	0.05898828303479812	0.034098375143397246	3	0.9363003203179562	0.022070659275702748	3	4.28427307506399	1.882194088781064	3	0.8888888888888888	0.1924500897298753	3	0.6666666666666666	0.5773502691896258	3	-0.20404040404040402	0.3261734875260427	3	0.25544429404167623	0.061146660181205015	3	0.5334108895145405	0.006989398150347741	3	0.24615400523321543	0.011127092536481255	3	0.5031348139187671	0.014804143443772804	3	0.33845679328230566	0.042929515747542925	3	0.5334108895145405	0.006989398150347741	3	0.25061063097950337	0.007643634321205976	3	0.5133702284530558	0.0035919920714443145	3	0.581624705499659	0.00206526414352582	3	1.0	0.0	3	0.0	0.0	3	0.0	0.0	3	0.0	0.0	3	0.9315555555555556	0.026779621882098124	3	0.22128196334109584	0.06400928446241258	3	0.05925866435937521	0.021404123346613204	3	0.044205882636264175	0.03464317912667869	3	0.0	0.0	3	0.0	0.0	3	0.0	0.0	3	0.019110954451102495	0.016670947637109725	3	0.0	0.0	3	0.05623937649316571	0.07550207544616223	3	0.0	0.0	3	0.0	0.0	3	0.019110954451102495	0.016670947637109725	3	0.0	0.0	3	0.0	0.0	3	0.0	0.0	3	0.0	0.0	3	0.019110954451102495	0.016670947637109725	3	0.0	0.0	3	0.8793071001310494	0.07406861042162872	3
contacts_x_homolog_separation__well_specified__d3000__sep2__cis0.65__bg0.05__a0__r2__m0	contacts_x_homolog_separation	coarse	well_specified	ORACLE_coordinates_generator_conditional	3	3000	2.0	0.35	0.05	0.0	2	0	ORACLE_COORDINATES_AND_GENERATOR	ORACLE_GENERATOR_CONDITIONAL	0.4117834676361807	0.01082461680953183	3	0.6436390558394279	0.009828919104723118	3	1.2429545395020654	0.016184348747997134	3	0.6216630924769136	0.004521155741163334	3	0.009054580565379193	0.004383369575301489	3	0.01275293336056791	0.008734008203305854	3	0.0	0.0	3	0.4117834676361807	0.01082461680953183	3	0.6436390558394279	0.009828919104723118	3	1.2429545395020654	0.016184348747997134	3	0.6216630924769136	0.004521155741163334	3	0.009054580565379193	0.004383369575301489	3	0.01275293336056791	0.008734008203305854	3	1.0	0.0	3	0.0	0.0	3	1.0	0.0	3	1.0	0.0	3	1.0	0.0	3	0.43838034968165335	0.02835101626355379	3	0.7006582339695647	0.005357998933129966	3	0.36316072178160436	0.022936340628495824	3	0.5382471902167706	0.02821760375808837	3	0.43838034968165335	0.02835101626355379	3	0.7006582339695647	0.005357998933129966	3	0.36316072178160436	0.022936340628495824	3	0.5382471902167706	0.02821760375808837	3	0.0	0.0	3	1.0	0.0	3	0.0	0.0	3	0.0	0.0	3	0.0	0.0	3	nan	nan	0	nan	nan	0	nan	nan	0	nan	nan	0	0.2236325726697721	0.12111241455144832	3	0.08382884652682236	0.06299175368785083	3	0.0038569424964936885	0.006680420365798615	3	0.6797077092883828	0.03545610728074789	3	0.007246376811594203	0.012551092808470124	3	0.2236325726697721	0.12111241455144832	3	0.08382884652682236	0.06299175368785083	3	0.0038569424964936885	0.006680420365798615	3	0.6797077092883828	0.03545610728074789	3	0.007246376811594203	0.012551092808470124	3	0.2236325726697721	0.12111241455144832	3	0.08382884652682236	0.06299175368785083	3	0.0038569424964936885	0.006680420365798615	3	0.6797077092883828	0.03545610728074789	3	0.007246376811594203	0.012551092808470124	3	nan	nan	0
contacts_x_homolog_separation__well_specified__d3000__sep2__cis0.65__bg0.05__a0__r2__m0	contacts_x_homolog_separation	coarse	well_specified	ORACLE_coordinates_inference_monotone_log	3	3000	2.0	0.35	0.05	0.0	2	0	ORACLE_COORDINATES	MATCHED_PAIRWISE_ENDPOINT_LIKELIHOOD	0.4117834676361807	0.01082461680953183	3	0.6436390558394279	0.009828919104723118	3	1.2429545395020654	0.016184348747997134	3	0.6216630924769136	0.004521155741163271	3	0.009054580565379191	0.00438336957530149	3	0.01275293336056791	0.008734008203305854	3	0.0	0.0	3	0.4117834676361807	0.01082461680953183	3	0.6436390558394279	0.009828919104723118	3	1.2429545395020654	0.016184348747997134	3	0.6216630924769136	0.004521155741163271	3	0.009054580565379191	0.00438336957530149	3	0.01275293336056791	0.008734008203305854	3	1.0	0.0	3	0.0	0.0	3	1.0	0.0	3	1.0	0.0	3	1.0	0.0	3	0.43838034968165335	0.02835101626355379	3	0.7006582339695647	0.005357998933129966	3	0.36316072178160436	0.022936340628495824	3	0.5382471902167706	0.02821760375808837	3	0.43838034968165335	0.02835101626355379	3	0.7006582339695647	0.005357998933129966	3	0.36316072178160436	0.022936340628495824	3	0.5382471902167706	0.02821760375808837	3	0.0	0.0	3	1.0	0.0	3	0.0	0.0	3	0.0	0.0	3	0.0	0.0	3	nan	nan	0	nan	nan	0	nan	nan	0	nan	nan	0	0.2236325726697721	0.12111241455144832	3	0.08382884652682236	0.06299175368785083	3	0.0038569424964936885	0.006680420365798615	3	0.6797077092883828	0.03545610728074789	3	0.007246376811594203	0.012551092808470124	3	0.2236325726697721	0.12111241455144832	3	0.08382884652682236	0.06299175368785083	3	0.0038569424964936885	0.006680420365798615	3	0.6797077092883828	0.03545610728074789	3	0.007246376811594203	0.012551092808470124	3	0.2236325726697721	0.12111241455144832	3	0.08382884652682236	0.06299175368785083	3	0.0038569424964936885	0.006680420365798615	3	0.6797077092883828	0.03545610728074789	3	0.007246376811594203	0.012551092808470124	3	nan	nan	0
contacts_x_homolog_separation__well_specified__d3000__sep2__cis0.65__bg0.05__a0__r2__m0	contacts_x_homolog_separation	coarse	well_specified	blind_normalized_endpoint_monotone_log_midpoint_delta_pairwise	3	3000	2.0	0.35	0.05	0.0	2	0	none	MATCHED_PAIRWISE_ENDPOINT_LIKELIHOOD	0.2847957732949652	0.035239584579808164	3	0.5429727147710365	0.060675832749949324	3	1.5317160123590436	0.16394620043012903	3	0.7307547647103192	0.06579099916446712	3	0.20454023629060622	0.11487422598645693	3	0.09543595638436482	0.08841651288702547	3	1.0336589061649792	0.1467387756994063	3	0.2838741190220493	0.03320351604263671	3	0.5414651905947269	0.05886114539653783	3	1.5309605211209985	0.1637051203122579	3	0.7305706781374833	0.0662001178720401	3	0.2050160368806038	0.11269353837227057	3	0.0964144170488953	0.08793588651912301	3	0.8352202009775264	0.03390138903456519	3	3.755215604902979	0.7127563858295001	3	0.7777777777777777	0.1924500897298753	3	0.6666666666666666	0.28867513459481287	3	-0.010101010101010091	0.1785566043958331	3	0.30155728909942936	0.04658378360124122	3	0.5705992448582328	0.09161515799433897	3	0.254425703620401	0.017154927250382448	3	0.4935118678067519	0.016995887999041885	3	0.2969389022737969	0.043715489641036706	3	0.5705992448582328	0.09161515799433897	3	0.2604172055889817	0.03193842314142112	3	0.48913161338556654	0.005581865041319748	3	0.5850877151824534	0.00840154557069677	3	1.0	0.0	3	0.0	0.0	3	0.0	0.0	3	0.0	0.0	3	0.9035555555555556	0.04328244875663081	3	0.2880321560357381	0.07579217295052201	3	0.08152702575846854	0.02738678260376047	3	0.07798910150906121	0.02981848231734593	3	0.017999064983637212	0.031175295040393538	3	0.015194015895278168	0.026316807501630905	3	0.0	0.0	3	0.11127088538277707	0.1465898316002924	3	0.0	0.0	3	0.017999064983637212	0.031175295040393538	3	0.015194015895278168	0.026316807501630905	3	0.0	0.0	3	0.11127088538277707	0.1465898316002924	3	0.0	0.0	3	0.02399765355103312	0.027494385953395612	3	0.021192604462674073	0.022958562702265	3	0.0	0.0	3	0.09625364941769332	0.1412532493342407	3	0.0	0.0	3	0.8093377567404616	0.07821793716961487	3
contacts_x_homolog_separation__well_specified__d300__sep0.1__cis0.65__bg0.05__a0__r2__m0	contacts_x_homolog_separation	coarse	well_specified	ORACLE_coordinates_generator_conditional	3	300	0.1	0.35	0.05	0.0	2	0	ORACLE_COORDINATES_AND_GENERATOR	ORACLE_GENERATOR_CONDITIONAL	0.2537349052551191	0.0034665602795554695	3	0.47499384586963944	0.03408139367937685	3	1.381417070506507	0.007069288159316084	3	0.6938444921958419	0.00040261007801437065	3	0.025692290557498998	0.005415453248965216	3	0.03600146075938343	0.022495814264654534	3	0.0	0.0	3	0.2537349052551191	0.0034665602795554695	3	0.47499384586963944	0.03408139367937685	3	1.381417070506507	0.007069288159316084	3	0.6938444921958419	0.00040261007801437065	3	0.025692290557498998	0.005415453248965216	3	0.03600146075938343	0.022495814264654534	3	1.0	0.0	3	0.0	0.0	3	1.0	0.0	3	1.0	0.0	3	1.0	0.0	3	0.25302380157025045	0.01323673753172066	3	0.4742264066788311	0.02648081240031681	3	0.2563617217990912	0.03167170215925941	3	0.47670424534808226	0.0715729842259255	3	0.25302380157025045	0.01323673753172066	3	0.4742264066788311	0.02648081240031681	3	0.2563617217990912	0.03167170215925941	3	0.47670424534808226	0.0715729842259255	3	0.0	0.0	3	1.0	0.0	3	0.0	0.0	3	0.0	0.0	3	0.0	0.0	3	nan	nan	0	nan	nan	0	nan	nan	0	nan	nan	0	0.0	0.0	3	0.0	0.0	3	0.0	0.0	3	0.0	0.0	3	0.0	0.0	3	0.0	0.0	3	0.0	0.0	3	0.0	0.0	3	0.0	0.0	3	0.0	0.0	3	0.0	0.0	3	0.0	0.0	3	0.0	0.0	3	0.0	0.0	3	0.0	0.0	3	nan	nan	0
contacts_x_homolog_separation__well_specified__d300__sep0.1__cis0.65__bg0.05__a0__r2__m0	contacts_x_homolog_separation	coarse	well_specified	ORACLE_coordinates_inference_monotone_log	3	300	0.1	0.35	0.05	0.0	2	0	ORACLE_COORDINATES	MATCHED_PAIRWISE_ENDPOINT_LIKELIHOOD	0.2537349052551191	0.0034665602795554695	3	0.47499384586963944	0.03408139367937685	3	1.381417070506507	0.007069288159316084	3	0.6938444921958419	0.00040261007801437065	3	0.02569229055749898	0.00541545324896524	3	0.036001460759383465	0.02249581426465447	3	0.0	0.0	3	0.2537349052551191	0.0034665602795554695	3	0.47499384586963944	0.03408139367937685	3	1.381417070506507	0.007069288159316084	3	0.6938444921958419	0.00040261007801437065	3	0.02569229055749898	0.00541545324896524	3	0.036001460759383465	0.02249581426465447	3	1.0	0.0	3	0.0	0.0	3	1.0	0.0	3	1.0	0.0	3	1.0	0.0	3	0.25302380157025045	0.01323673753172066	3	0.4742264066788311	0.02648081240031681	3	0.2563617217990912	0.03167170215925941	3	0.47670424534808226	0.0715729842259255	3	0.25302380157025045	0.01323673753172066	3	0.4742264066788311	0.02648081240031681	3	0.2563617217990912	0.03167170215925941	3	0.47670424534808226	0.0715729842259255	3	0.0	0.0	3	1.0	0.0	3	0.0	0.0	3	0.0	0.0	3	0.0	0.0	3	nan	nan	0	nan	nan	0	nan	nan	0	nan	nan	0	0.0	0.0	3	0.0	0.0	3	0.0	0.0	3	0.0	0.0	3	0.0	0.0	3	0.0	0.0	3	0.0	0.0	3	0.0	0.0	3	0.0	0.0	3	0.0	0.0	3	0.0	0.0	3	0.0	0.0	3	0.0	0.0	3	0.0	0.0	3	0.0	0.0	3	nan	nan	0
contacts_x_homolog_separation__well_specified__d300__sep0.1__cis0.65__bg0.05__a0__r2__m0	contacts_x_homolog_separation	coarse	well_specified	blind_normalized_endpoint_monotone_log_midpoint_delta_pairwise	3	300	0.1	0.35	0.05	0.0	2	0	none	MATCHED_PAIRWISE_ENDPOINT_LIKELIHOOD	0.2420648731519931	0.027562201834934064	3	0.46122373059183946	0.022579004449138813	3	1.6335134704100833	0.10452983974485851	3	0.8047320032915629	0.05938101917888673	3	0.23506974885161505	0.06496916444444935	3	0.1507020470568152	0.045688225321000565	3	0.7772472129077187	0.18213377974487646	3	0.26875407697325504	0.017924592699594205	3	0.49478992649515535	0.022973649915221744	3	1.60796160324944	0.10550904598952353	3	0.8039344151452021	0.058638380288939286	3	0.2107189795286886	0.02838338133628373	3	0.13644880686289051	0.04810960402727694	3	0.9515422257408113	0.01719538155041429	3	5.295008909818027	0.6686645164883717	3	0.6666666666666666	0.0	3	0.16666666666666666	0.2886751345948129	3	-0.20269360269360268	0.19004221262837642	3	0.24520067200087337	0.02263464556082151	3	0.4619983692906103	0.042900645997553194	3	0.2382975300588163	0.0645319489152463	3	0.46098921818787386	0.060798023678169624	3	0.26334508992406525	0.03436948719673151	3	0.4619983692906103	0.042900645997553194	3	0.27736840962383696	0.039115061157410626	3	0.5521876346656073	0.04238379827992915	3	0.4357113892522951	0.00947934961930812	3	1.0	0.0	3	0.0	0.0	3	0.0	0.0	3	0.0	0.0	3	0.7811111111111111	0.1064755231827345	3	0.45284157746356213	0.1335803983889443	3	0.1499532379106657	0.05581257001140896	3	0.09452353912416529	0.036275129303557925	3	0.0	0.0	3	0.0	0.0	3	0.0	0.0	3	0.0	0.0	3	0.0	0.0	3	0.0	0.0	3	0.0	0.0	3	0.0	0.0	3	0.0	0.0	3	0.0	0.0	3	0.0	0.0	3	0.0	0.0	3	0.0	0.0	3	0.0	0.0	3	0.0	0.0	3	0.6868333606201258	0.0770604985023278	3
contacts_x_homolog_separation__well_specified__d300__sep0.75__cis0.65__bg0.05__a0__r2__m0	contacts_x_homolog_separation	coarse	well_specified	ORACLE_coordinates_generator_conditional	3	300	0.75	0.35	0.05	0.0	2	0	ORACLE_COORDINATES_AND_GENERATOR	ORACLE_GENERATOR_CONDITIONAL	0.37027064346865507	0.048473381588135585	3	0.5557085303052456	0.01098535816761636	3	1.3068750885823788	0.03936391818748713	3	0.6676874760057072	0.007098500543828392	3	0.05713627471006946	0.03130656490646516	3	0.02998768783191039	0.010488073794628464	3	0.0	0.0	3	0.37027064346865507	0.048473381588135585	3	0.5557085303052456	0.01098535816761636	3	1.3068750885823788	0.03936391818748713	3	0.6676874760057072	0.007098500543828392	3	0.05713627471006946	0.03130656490646516	3	0.02998768783191039	0.010488073794628464	3	1.0	0.0	3	0.0	0.0	3	1.0	0.0	3	1.0	0.0	3	1.0	0.0	3	0.4086095005651751	0.049021739336403455	3	0.5791267623059143	0.024390557670921246	3	0.29231086373943516	0.04321303926681778	3	0.5111918504775649	0.06549922304087984	3	0.4086095005651751	0.049021739336403455	3	0.5791267623059143	0.024390557670921246	3	0.29231086373943516	0.04321303926681778	3	0.5111918504775649	0.06549922304087984	3	0.0	0.0	3	1.0	0.0	3	0.0	0.0	3	0.0	0.0	3	0.0	0.0	3	nan	nan	0	nan	nan	0	nan	nan	0	nan	nan	0	0.2615462092044772	0.11051273016572284	3	0.11008090062868559	0.08858831852769294	3	0.014994232987312573	0.025970773354550638	3	0.24711649365628605	0.020910888995750727	3	0.03142615786994168	0.027301157563701498	3	0.2615462092044772	0.11051273016572284	3	0.11008090062868559	0.08858831852769294	3	0.014994232987312573	0.025970773354550638	3	0.24711649365628605	0.020910888995750727	3	0.03142615786994168	0.027301157563701498	3	0.2615462092044772	0.11051273016572284	3	0.11008090062868559	0.08858831852769294	3	0.014994232987312573	0.025970773354550638	3	0.24711649365628605	0.020910888995750727	3	0.03142615786994168	0.027301157563701498	3	nan	nan	0
contacts_x_homolog_separation__well_specified__d300__sep0.75__cis0.65__bg0.05__a0__r2__m0	contacts_x_homolog_separation	coarse	well_specified	ORACLE_coordinates_inference_monotone_log	3	300	0.75	0.35	0.05	0.0	2	0	ORACLE_COORDINATES	MATCHED_PAIRWISE_ENDPOINT_LIKELIHOOD	0.37027064346865507	0.048473381588135585	3	0.5557085303052456	0.01098535816761636	3	1.3068750885823788	0.03936391818748713	3	0.6676874760057071	0.0070985005438284005	3	0.057136274710069455	0.03130656490646518	3	0.029987687831910418	0.010488073794628513	3	0.0	0.0	3	0.37027064346865507	0.048473381588135585	3	0.5557085303052456	0.01098535816761636	3	1.3068750885823788	0.03936391818748713	3	0.6676874760057071	0.0070985005438284005	3	0.057136274710069455	0.03130656490646518	3	0.029987687831910418	0.010488073794628513	3	1.0	0.0	3	0.0	0.0	3	1.0	0.0	3	1.0	0.0	3	1.0	0.0	3	0.4086095005651751	0.049021739336403455	3	0.5791267623059143	0.024390557670921246	3	0.29231086373943516	0.04321303926681778	3	0.5111918504775649	0.06549922304087984	3	0.4086095005651751	0.049021739336403455	3	0.5791267623059143	0.024390557670921246	3	0.29231086373943516	0.04321303926681778	3	0.5111918504775649	0.06549922304087984	3	0.0	0.0	3	1.0	0.0	3	0.0	0.0	3	0.0	0.0	3	0.0	0.0	3	nan	nan	0	nan	nan	0	nan	nan	0	nan	nan	0	0.2615462092044772	0.11051273016572284	3	0.11008090062868559	0.08858831852769294	3	0.014994232987312573	0.025970773354550638	3	0.24711649365628605	0.020910888995750727	3	0.03142615786994168	0.027301157563701498	3	0.2615462092044772	0.11051273016572284	3	0.11008090062868559	0.08858831852769294	3	0.014994232987312573	0.025970773354550638	3	0.24711649365628605	0.020910888995750727	3	0.03142615786994168	0.027301157563701498	3	0.2615462092044772	0.11051273016572284	3	0.11008090062868559	0.08858831852769294	3	0.014994232987312573	0.025970773354550638	3	0.24711649365628605	0.020910888995750727	3	0.03142615786994168	0.027301157563701498	3	nan	nan	0
contacts_x_homolog_separation__well_specified__d300__sep0.75__cis0.65__bg0.05__a0__r2__m0	contacts_x_homolog_separation	coarse	well_specified	blind_normalized_endpoint_monotone_log_midpoint_delta_pairwise	3	300	0.75	0.35	0.05	0.0	2	0	none	MATCHED_PAIRWISE_ENDPOINT_LIKELIHOOD	0.2856458241954611	0.04613536288459077	3	0.5187590363403025	0.04546710131381268	3	1.5712040153352396	0.05689874455086421	3	0.7017870449744367	0.028809324707157857	3	0.18986983672243618	0.019490961062954885	3	0.08131782679484807	0.02569882826158894	3	0.8549731912610601	0.11580095860191264	3	0.28428935783095344	0.027792395206828645	3	0.5070016407557223	0.05398284281526728	3	1.5098780125648998	0.02198006522331262	3	0.702417639202173	0.029874503657513717	3	0.18103142445907114	0.030828823619781915	3	0.0940949148908562	0.0474801250068454	3	0.9280333857719733	0.018616124686492062	3	5.311624412165233	1.7523422694623483	3	0.6666666666666666	0.0	3	0.16666666666666666	0.2886751345948129	3	-0.2161616161616162	0.3316086388474051	3	0.275049534831844	0.05763450436956607	3	0.5228712206844711	0.07450470312434722	3	0.3069040747612176	0.0402441565584776	3	0.5091905449048306	0.025664311194434273	3	0.3080147076741967	0.05066838805217712	3	0.5228712206844711	0.07450470312434722	3	0.23283000068714355	0.05522771098930021	3	0.4710970246684532	0.07161433982742789	3	0.42994079071407515	0.0013917255270668775	3	0.6666666666666666	0.5773502691896258	3	0.3333333333333333	0.5773502691896258	3	0.0	0.0	3	0.0	0.0	3	0.8300000000000001	0.08717797887081348	3	0.36754537867509723	0.1212834638559245	3	0.11482837384058826	0.048036980517384316	3	0.07663290680731825	0.02065846483300894	3	0.044336955992007404	0.04401763706720827	3	0.03142615786994168	0.027301157563701498	3	0.014994232987312573	0.025970773354550638	3	0.1677957015449096	0.13066435136909904	3	0.03142615786994168	0.027301157563701498	3	0.09225595789268481	0.09101767945873157	3	0.05587098136686323	0.028328481615802908	3	0.014994232987312573	0.025970773354550638	3	0.1677957015449096	0.13066435136909904	3	0.03142615786994168	0.027301157563701498	3	0.044336955992007404	0.04401763706720827	3	0.03142615786994168	0.027301157563701498	3	0.014994232987312573	0.025970773354550638	3	0.15371119450265605	0.11072818801695206	3	0.03142615786994168	0.027301157563701498	3	0.742411591204303	0.10034426203849053	3
contacts_x_homolog_separation__well_specified__d300__sep2__cis0.65__bg0.05__a0__r2__m0	contacts_x_homolog_separation	coarse	well_specified	ORACLE_coordinates_generator_conditional	3	300	2.0	0.35	0.05	0.0	2	0	ORACLE_COORDINATES_AND_GENERATOR	ORACLE_GENERATOR_CONDITIONAL	0.3802700044225095	0.06997345805203078	3	0.6371241977476018	0.0422960154398251	3	1.2449089030033598	0.05383997853684568	3	0.6153475656922611	0.014812909897963484	3	0.05651615534945805	0.013190581957954214	3	0.05237553990280253	0.013421575111613196	3	0.0	0.0	3	0.3802700044225095	0.06997345805203078	3	0.6371241977476018	0.0422960154398251	3	1.2449089030033598	0.05383997853684568	3	0.6153475656922611	0.014812909897963484	3	0.05651615534945805	0.013190581957954214	3	0.05237553990280253	0.013421575111613196	3	1.0	0.0	3	0.0	0.0	3	1.0	0.0	3	1.0	0.0	3	1.0	0.0	3	0.37827333419002684	0.061579962153873305	3	0.6756785726669889	0.022150770877395247	3	0.382104720906194	0.094393789817528	3	0.5595526743836085	0.09051015782447432	3	0.37827333419002684	0.061579962153873305	3	0.6756785726669889	0.022150770877395247	3	0.382104720906194	0.094393789817528	3	0.5595526743836085	0.09051015782447432	3	0.0	0.0	3	1.0	0.0	3	0.0	0.0	3	0.0	0.0	3	0.0	0.0	3	nan	nan	0	nan	nan	0	nan	nan	0	nan	nan	0	0.17938565499541106	0.23926483515140584	3	0.07689465006538178	0.1127244774394228	3	0.04194179803935902	0.0609748068858	3	0.6897511516689118	0.16301713085767186	3	0.07856868264546349	0.08829305958198654	3	0.17938565499541106	0.23926483515140584	3	0.07689465006538178	0.1127244774394228	3	0.04194179803935902	0.0609748068858	3	0.6897511516689118	0.16301713085767186	3	0.07856868264546349	0.08829305958198654	3	0.17938565499541106	0.23926483515140584	3	0.07689465006538178	0.1127244774394228	3	0.04194179803935902	0.0609748068858	3	0.6897511516689118	0.16301713085767186	3	0.07856868264546349	0.08829305958198654	3	nan	nan	0
contacts_x_homolog_separation__well_specified__d300__sep2__cis0.65__bg0.05__a0__r2__m0	contacts_x_homolog_separation	coarse	well_specified	ORACLE_coordinates_inference_monotone_log	3	300	2.0	0.35	0.05	0.0	2	0	ORACLE_COORDINATES	MATCHED_PAIRWISE_ENDPOINT_LIKELIHOOD	0.3802700044225095	0.06997345805203078	3	0.6371241977476018	0.0422960154398251	3	1.2449089030033598	0.05383997853684568	3	0.6153475656922612	0.014812909897963468	3	0.05651615534945803	0.013190581957954242	3	0.05237553990280258	0.013421575111613177	3	0.0	0.0	3	0.3802700044225095	0.06997345805203078	3	0.6371241977476018	0.0422960154398251	3	1.2449089030033598	0.05383997853684568	3	0.6153475656922612	0.014812909897963468	3	0.05651615534945803	0.013190581957954242	3	0.05237553990280258	0.013421575111613177	3	1.0	0.0	3	0.0	0.0	3	1.0	0.0	3	1.0	0.0	3	1.0	0.0	3	0.37827333419002684	0.061579962153873305	3	0.6756785726669889	0.022150770877395247	3	0.382104720906194	0.094393789817528	3	0.5595526743836085	0.09051015782447432	3	0.37827333419002684	0.061579962153873305	3	0.6756785726669889	0.022150770877395247	3	0.382104720906194	0.094393789817528	3	0.5595526743836085	0.09051015782447432	3	0.0	0.0	3	1.0	0.0	3	0.0	0.0	3	0.0	0.0	3	0.0	0.0	3	nan	nan	0	nan	nan	0	nan	nan	0	nan	nan	0	0.17938565499541106	0.23926483515140584	3	0.07689465006538178	0.1127244774394228	3	0.04194179803935902	0.0609748068858	3	0.6897511516689118	0.16301713085767186	3	0.07856868264546349	0.08829305958198654	3	0.17938565499541106	0.23926483515140584	3	0.07689465006538178	0.1127244774394228	3	0.04194179803935902	0.0609748068858	3	0.6897511516689118	0.16301713085767186	3	0.07856868264546349	0.08829305958198654	3	0.17938565499541106	0.23926483515140584	3	0.07689465006538178	0.1127244774394228	3	0.04194179803935902	0.0609748068858	3	0.6897511516689118	0.16301713085767186	3	0.07856868264546349	0.08829305958198654	3	nan	nan	0
contacts_x_homolog_separation__well_specified__d300__sep2__cis0.65__bg0.05__a0__r2__m0	contacts_x_homolog_separation	coarse	well_specified	blind_normalized_endpoint_monotone_log_midpoint_delta_pairwise	3	300	2.0	0.35	0.05	0.0	2	0	none	MATCHED_PAIRWISE_ENDPOINT_LIKELIHOOD	0.24315326890830988	0.047939382543256435	3	0.50511953193119	0.09507622382681642	3	1.5307888052728256	0.10619322763481216	3	0.7597588409911467	0.0901219233632489	3	0.2002510409660779	0.06282312043227285	3	0.11352173446623122	0.05949320901883802	3	1.0967842184300434	0.12808967046019587	3	0.22359000513442706	0.04925604901133873	3	0.45471902110979334	0.07683513485339016	3	1.5094077284226992	0.09731231782338226	3	0.7638311790922762	0.09193699052134927	3	0.2198143047399607	0.053337291877910545	3	0.14593014985376931	0.06084450977090428	3	0.8754823844563903	0.08461404405812752	3	3.867296189472569	0.9554765375421326	3	0.6666666666666666	0.0	3	0.16666666666666666	0.2886751345948129	3	0.07205387205387205	0.4019609790058429	3	0.24024470838764156	0.10782063500996922	3	0.4740258680651169	0.12877564665674854	3	0.25631045416783615	0.06890396615866995	3	0.5702048946106529	0.028884414956193788	3	0.24155157397038693	0.08199442830926298	3	0.4740258680651169	0.12877564665674854	3	0.19271500858377322	0.042276214936553626	3	0.4238591697580649	0.031155558882845324	3	0.43815674679353833	0.008577491975731608	3	0.0	0.0	3	1.0	0.0	3	0.0	0.0	3	0.0	0.0	3	0.7455555555555554	0.16906058523937942	3	0.49853892072262324	0.2557431374866876	3	0.1685039177303439	0.10249255662185967	3	0.12803818011102783	0.08370616281732061	3	0.022144522144522144	0.03835543746364647	3	0.012820512820512822	0.022205779584216375	3	0.012820512820512822	0.022205779584216375	3	0.11771561771561771	0.20388943072780488	3	0.012820512820512822	0.022205779584216375	3	0.02097902097902098	0.03633673022871771	3	0.012820512820512822	0.022205779584216375	3	0.012820512820512822	0.022205779584216375	3	0.12121212121212122	0.20994555243259122	3	0.023310023310023312	0.04037414469857523	3	0.022144522144522144	0.03835543746364647	3	0.012820512820512822	0.022205779584216375	3	0.012820512820512822	0.022205779584216375	3	0.12937062937062938	0.2240765030770925	3	0.012820512820512822	0.022205779584216375	3	0.6854833598975493	0.16961017108256882	3
contacts_x_homolog_separation__well_specified__d6000__sep1.25__cis0.65__bg0.05__a0__r2__m0	contacts_x_homolog_separation	transition_refinement	well_specified	ORACLE_coordinates_generator_conditional	3	6000	1.25	0.35	0.05	0.0	2	0	ORACLE_COORDINATES_AND_GENERATOR	ORACLE_GENERATOR_CONDITIONAL	0.36505353553153314	0.025413095935506204	3	0.576523507502753	0.009014114047073666	3	1.2933293283516891	0.029534030218110054	3	0.6647593478102097	0.005813716758915231	3	0.010291790660121451	0.0043352779037480905	3	0.008771693835373134	0.003494385675538026	3	0.0	0.0	3	0.36505353553153314	0.025413095935506204	3	0.576523507502753	0.009014114047073666	3	1.2933293283516891	0.029534030218110054	3	0.6647593478102097	0.005813716758915231	3	0.010291790660121451	0.0043352779037480905	3	0.008771693835373134	0.003494385675538026	3	1.0	0.0	3	0.0	0.0	3	1.0	0.0	3	1.0	0.0	3	1.0	0.0	3	0.3945699851983862	0.02365547653724481	3	0.6083380953793563	0.0011327602205745111	3	0.30953336508087487	0.058832684647643456	3	0.516850881117502	0.02427334978804166	3	0.3945699851983862	0.02365547653724481	3	0.6083380953793563	0.0011327602205745111	3	0.30953336508087487	0.058832684647643456	3	0.516850881117502	0.02427334978804166	3	0.0	0.0	3	1.0	0.0	3	0.0	0.0	3	0.0	0.0	3	0.0	0.0	3	nan	nan	0	nan	nan	0	nan	nan	0	nan	nan	0	0.2021667053510041	0.14384486569442603	3	0.06354214022336292	0.07160916919317718	3	0.0	0.0	3	0.28322274141679465	0.05505023338942685	3	0.0	0.0	3	0.2021667053510041	0.14384486569442603	3	0.06354214022336292	0.07160916919317718	3	0.0	0.0	3	0.28322274141679465	0.05505023338942685	3	0.0	0.0	3	0.2021667053510041	0.14384486569442603	3	0.06354214022336292	0.07160916919317718	3	0.0	0.0	3	0.28322274141679465	0.05505023338942685	3	0.0	0.0	3	nan	nan	0
contacts_x_homolog_separation__well_specified__d6000__sep1.25__cis0.65__bg0.05__a0__r2__m0	contacts_x_homolog_separation	transition_refinement	well_specified	ORACLE_coordinates_inference_monotone_log	3	6000	1.25	0.35	0.05	0.0	2	0	ORACLE_COORDINATES	MATCHED_PAIRWISE_ENDPOINT_LIKELIHOOD	0.36505353553153314	0.025413095935506204	3	0.576523507502753	0.009014114047073666	3	1.2933293283516891	0.029534030218110054	3	0.6647593478102097	0.005813716758915231	3	0.010291790660121453	0.004335277903748087	3	0.008771693835373136	0.003494385675538047	3	0.0	0.0	3	0.36505353553153314	0.025413095935506204	3	0.576523507502753	0.009014114047073666	3	1.2933293283516891	0.029534030218110054	3	0.6647593478102097	0.005813716758915231	3	0.010291790660121453	0.004335277903748087	3	0.008771693835373136	0.003494385675538047	3	1.0	0.0	3	0.0	0.0	3	1.0	0.0	3	1.0	0.0	3	1.0	0.0	3	0.3945699851983862	0.02365547653724481	3	0.6083380953793563	0.0011327602205745111	3	0.30953336508087487	0.058832684647643456	3	0.516850881117502	0.02427334978804166	3	0.3945699851983862	0.02365547653724481	3	0.6083380953793563	0.0011327602205745111	3	0.30953336508087487	0.058832684647643456	3	0.516850881117502	0.02427334978804166	3	0.0	0.0	3	1.0	0.0	3	0.0	0.0	3	0.0	0.0	3	0.0	0.0	3	nan	nan	0	nan	nan	0	nan	nan	0	nan	nan	0	0.2021667053510041	0.14384486569442603	3	0.06354214022336292	0.07160916919317718	3	0.0	0.0	3	0.28322274141679465	0.05505023338942685	3	0.0	0.0	3	0.2021667053510041	0.14384486569442603	3	0.06354214022336292	0.07160916919317718	3	0.0	0.0	3	0.28322274141679465	0.05505023338942685	3	0.0	0.0	3	0.2021667053510041	0.14384486569442603	3	0.06354214022336292	0.07160916919317718	3	0.0	0.0	3	0.28322274141679465	0.05505023338942685	3	0.0	0.0	3	nan	nan	0
contacts_x_homolog_separation__well_specified__d6000__sep1.25__cis0.65__bg0.05__a0__r2__m0	contacts_x_homolog_separation	transition_refinement	well_specified	blind_normalized_endpoint_monotone_log_midpoint_delta_pairwise	3	6000	1.25	0.35	0.05	0.0	2	0	none	MATCHED_PAIRWISE_ENDPOINT_LIKELIHOOD	0.2460999379062588	0.0241843485990698	3	0.4835324633450699	0.026302386400950922	3	1.607791204396184	0.11511055839034313	3	0.7582415701787569	0.03089067480003975	3	0.2399141136240064	0.04494171704769756	3	0.13071060221704003	0.016878213925238295	3	1.1142910684385656	0.11458946765575359	3	0.26695826820705887	0.018490644260324027	3	0.4827657157077285	0.03360046975866502	3	1.5498087138023575	0.07381603540190654	3	0.7569625886733857	0.029923964461278214	3	0.2190557833232063	0.028569320994320538	3	0.13147734985438145	0.013824559821684736	3	0.8673478343910972	0.014273233904176575	3	4.1708293764368785	2.247144700400402	3	0.6666666666666666	0.0	3	0.5	0.0	3	-0.06127946127946129	0.3838667365037968	3	0.24801663445650565	0.040272352352347246	3	0.4707643718567094	0.03919294771233602	3	0.24223286787800244	0.022109933421406654	3	0.5073330431040357	0.008018426081537291	3	0.2781051687577472	0.024416721559877855	3	0.4707643718567094	0.03919294771233602	3	0.24596690499815752	0.03463493130270935	3	0.5051348995725535	0.02774881905039644	3	0.7703362662966052	0.04149943705115531	3	1.0	0.0	3	0.0	0.0	3	0.0	0.0	3	0.0	0.0	3	0.9058333333333333	0.06134623958411071	3	0.28052015060134045	0.0989829952793302	3	0.07939733909948592	0.03680880584189437	3	0.07100525499873107	0.00902019872926902	3	0.036855036855036855	0.06383479634774732	3	0.015444015444015443	0.02674981942191316	3	0.0	0.0	3	0.015444015444015443	0.02674981942191316	3	0.0	0.0	3	0.026564830582297833	0.02390230752223502	3	0.013162513162513163	0.022798141552766903	3	0.0	0.0	3	0.015444015444015443	0.02674981942191316	3	0.0	0.0	3	0.03469053469053469	0.060085768625736766	3	0.013162513162513163	0.022798141552766903	3	0.0	0.0	3	0.016497016497016497	0.02857367074613451	3	0.0	0.0	3	0.8176067692076003	0.08636311810223707	3
contacts_x_homolog_separation__well_specified__d6000__sep1.6__cis0.65__bg0.05__a0__r2__m0	contacts_x_homolog_separation	transition_refinement	well_specified	ORACLE_coordinates_generator_conditional	3	6000	1.6	0.35	0.05	0.0	2	0	ORACLE_COORDINATES_AND_GENERATOR	ORACLE_GENERATOR_CONDITIONAL	0.38585802269413577	0.01650723733075696	3	0.6034473728141034	0.008874156980078896	3	1.2732610156611353	0.011483322136067854	3	0.6521761367557359	0.004779395294473371	3	0.008229162099496359	0.0014099980363522363	3	0.00747439525878929	0.0033568258156308883	3	0.0	0.0	3	0.38585802269413577	0.01650723733075696	3	0.6034473728141034	0.008874156980078896	3	1.2732610156611353	0.011483322136067854	3	0.6521761367557359	0.004779395294473371	3	0.008229162099496359	0.0014099980363522363	3	0.00747439525878929	0.0033568258156308883	3	1.0	0.0	3	0.0	0.0	3	1.0	0.0	3	1.0	0.0	3	1.0	0.0	3	0.4308531271311125	0.027423073395382573	3	0.646693245179262	0.014370258685350839	3	0.29886768648030554	0.018262102800329513	3	0.5198731382936242	0.017573174187692886	3	0.4308531271311125	0.027423073395382573	3	0.646693245179262	0.014370258685350839	3	0.29886768648030554	0.018262102800329513	3	0.5198731382936242	0.017573174187692886	3	0.0	0.0	3	1.0	0.0	3	0.0	0.0	3	0.0	0.0	3	0.0	0.0	3	nan	nan	0	nan	nan	0	nan	nan	0	nan	nan	0	0.18870204906541974	0.07176419038051547	3	0.026142111094614163	0.013962525791000348	3	0.0	0.0	3	0.4451710472794592	0.06549350939236227	3	0.0	0.0	3	0.18870204906541974	0.07176419038051547	3	0.026142111094614163	0.013962525791000348	3	0.0	0.0	3	0.4451710472794592	0.06549350939236227	3	0.0	0.0	3	0.18870204906541974	0.07176419038051547	3	0.026142111094614163	0.013962525791000348	3	0.0	0.0	3	0.4451710472794592	0.06549350939236227	3	0.0	0.0	3	nan	nan	0
contacts_x_homolog_separation__well_specified__d6000__sep1.6__cis0.65__bg0.05__a0__r2__m0	contacts_x_homolog_separation	transition_refinement	well_specified	ORACLE_coordinates_inference_monotone_log	3	6000	1.6	0.35	0.05	0.0	2	0	ORACLE_COORDINATES	MATCHED_PAIRWISE_ENDPOINT_LIKELIHOOD	0.38585802269413577	0.01650723733075696	3	0.6034473728141034	0.008874156980078896	3	1.2732610156611353	0.011483322136067854	3	0.6521761367557359	0.004779395294473311	3	0.008229162099496349	0.0014099980363522324	3	0.007474395258789281	0.0033568258156308874	3	0.0	0.0	3	0.38585802269413577	0.01650723733075696	3	0.6034473728141034	0.008874156980078896	3	1.2732610156611353	0.011483322136067854	3	0.6521761367557359	0.004779395294473311	3	0.008229162099496349	0.0014099980363522324	3	0.007474395258789281	0.0033568258156308874	3	1.0	0.0	3	0.0	0.0	3	1.0	0.0	3	1.0	0.0	3	1.0	0.0	3	0.4308531271311125	0.027423073395382573	3	0.646693245179262	0.014370258685350839	3	0.29886768648030554	0.018262102800329513	3	0.5198731382936242	0.017573174187692886	3	0.4308531271311125	0.027423073395382573	3	0.646693245179262	0.014370258685350839	3	0.29886768648030554	0.018262102800329513	3	0.5198731382936242	0.017573174187692886	3	0.0	0.0	3	1.0	0.0	3	0.0	0.0	3	0.0	0.0	3	0.0	0.0	3	nan	nan	0	nan	nan	0	nan	nan	0	nan	nan	0	0.18870204906541974	0.07176419038051547	3	0.026142111094614163	0.013962525791000348	3	0.0	0.0	3	0.4451710472794592	0.06549350939236227	3	0.0	0.0	3	0.18870204906541974	0.07176419038051547	3	0.026142111094614163	0.013962525791000348	3	0.0	0.0	3	0.4451710472794592	0.06549350939236227	3	0.0	0.0	3	0.18870204906541974	0.07176419038051547	3	0.026142111094614163	0.013962525791000348	3	0.0	0.0	3	0.4451710472794592	0.06549350939236227	3	0.0	0.0	3	nan	nan	0
contacts_x_homolog_separation__well_specified__d6000__sep1.6__cis0.65__bg0.05__a0__r2__m0	contacts_x_homolog_separation	transition_refinement	well_specified	blind_normalized_endpoint_monotone_log_midpoint_delta_pairwise	3	6000	1.6	0.35	0.05	0.0	2	0	none	MATCHED_PAIRWISE_ENDPOINT_LIKELIHOOD	0.24589304389233402	0.045489822845517836	3	0.49729087842672665	0.06217348290220754	3	1.6020548095174618	0.08985425795401572	3	0.7455302233226977	0.07548027176672398	3	0.2192489289432883	0.05718566854571391	3	0.10198064945061254	0.07340083765093977	3	1.1356377361245096	0.033255295254668533	3	0.27637278026792195	0.04252448081698505	3	0.49869750031199844	0.06112970887496307	3	1.529788313223845	0.114993579346244	3	0.7456115726679764	0.07534501978504034	3	0.18876919256770033	0.0641955772306518	3	0.10057402756534073	0.07088736163875281	3	0.8533352967448679	0.048675599123988396	3	4.099889959782808	0.8898260667573205	3	0.6666666666666666	0.0	3	0.3333333333333333	0.2886751345948129	3	0.03569023569023571	0.22533479797805658	3	0.24501132643641485	0.06418499872246139	3	0.4950923722643408	0.09458484239850563	3	0.24763221704372596	0.01783428232950491	3	0.5016362312881669	0.0015890340883054062	3	0.2869408323832716	0.06726638716628282	3	0.4950923722643408	0.09458484239850563	3	0.2560206134063161	0.012044153960798299	3	0.5058027650368089	0.011761837312335202	3	0.7682295517685512	0.025193226678174273	3	1.0	0.0	3	0.0	0.0	3	0.0	0.0	3	0.0	0.0	3	0.8574444444444445	0.12079072045545618	3	0.3469621550153262	0.18751536187451398	3	0.10611709517705352	0.07121937883290143	3	0.07137444114043133	0.03781017749171116	3	0.010243874046912287	0.01774291031558829	3	0.003666841278156103	0.006351155397057172	3	0.0	0.0	3	0.017953798768082733	0.021831592817849334	3	0.0	0.0	3	0.02099410733773677	0.016599846821258514	3	0.007535313231734439	0.0065327775651804	3	0.0	0.0	3	0.017953798768082733	0.021831592817849334	3	0.0	0.0	3	0.01880140291391891	0.016477803973729895	3	0.003666841278156103	0.006351155397057172	3	0.0	0.0	3	0.014085326814504395	0.024396501683933897	3	0.0	0.0	3	0.7755525471658592	0.14755523677902102	3
contacts_x_homolog_separation__well_specified__d900__sep0.1__cis0.65__bg0.05__a0__r2__m0	contacts_x_homolog_separation	coarse	well_specified	ORACLE_coordinates_generator_conditional	3	900	0.1	0.35	0.05	0.0	2	0	ORACLE_COORDINATES_AND_GENERATOR	ORACLE_GENERATOR_CONDITIONAL	0.3031985701719977	0.02410360645106983	3	0.5087292787009076	0.014816010889057867	3	1.3739378780831528	0.0038791518684178927	3	0.6921905306555916	0.0015342834404835591	3	0.02887092124234228	0.01391268708845544	3	0.011951716085438657	0.0052520472883886195	3	0.0	0.0	3	0.3031985701719977	0.02410360645106983	3	0.5087292787009076	0.014816010889057867	3	1.3739378780831528	0.0038791518684178927	3	0.6921905306555916	0.0015342834404835591	3	0.02887092124234228	0.01391268708845544	3	0.011951716085438657	0.0052520472883886195	3	1.0	0.0	3	0.0	0.0	3	1.0	0.0	3	1.0	0.0	3	1.0	0.0	3	0.3197874633320314	0.03524569687375862	3	0.5193753339032934	0.027818355775491042	3	0.2700669594194774	0.015182849417972702	3	0.4866404188639424	0.020808321080198054	3	0.3197874633320314	0.03524569687375862	3	0.5193753339032934	0.027818355775491042	3	0.2700669594194774	0.015182849417972702	3	0.4866404188639424	0.020808321080198054	3	0.0	0.0	3	1.0	0.0	3	0.0	0.0	3	0.0	0.0	3	0.0	0.0	3	nan	nan	0	nan	nan	0	nan	nan	0	nan	nan	0	0.0	0.0	3	0.0	0.0	3	0.0	0.0	3	0.0	0.0	3	0.0	0.0	3	0.0	0.0	3	0.0	0.0	3	0.0	0.0	3	0.0	0.0	3	0.0	0.0	3	0.0	0.0	3	0.0	0.0	3	0.0	0.0	3	0.0	0.0	3	0.0	0.0	3	nan	nan	0
contacts_x_homolog_separation__well_specified__d900__sep0.1__cis0.65__bg0.05__a0__r2__m0	contacts_x_homolog_separation	coarse	well_specified	ORACLE_coordinates_inference_monotone_log	3	900	0.1	0.35	0.05	0.0	2	0	ORACLE_COORDINATES	MATCHED_PAIRWISE_ENDPOINT_LIKELIHOOD	0.3031985701719977	0.02410360645106983	3	0.5087292787009076	0.014816010889057867	3	1.3739378780831533	0.003879151868417774	3	0.6921905306555916	0.0015342834404835591	3	0.02887092124234228	0.01391268708845544	3	0.011951716085438694	0.005252047288388631	3	0.0	0.0	3	0.3031985701719977	0.02410360645106983	3	0.5087292787009076	0.014816010889057867	3	1.3739378780831533	0.003879151868417774	3	0.6921905306555916	0.0015342834404835591	3	0.02887092124234228	0.01391268708845544	3	0.011951716085438694	0.005252047288388631	3	1.0	0.0	3	0.0	0.0	3	1.0	0.0	3	1.0	0.0	3	1.0	0.0	3	0.3197874633320314	0.03524569687375862	3	0.5193753339032934	0.027818355775491042	3	0.2700669594194774	0.015182849417972702	3	0.4866404188639424	0.020808321080198054	3	0.3197874633320314	0.03524569687375862	3	0.5193753339032934	0.027818355775491042	3	0.2700669594194774	0.015182849417972702	3	0.4866404188639424	0.020808321080198054	3	0.0	0.0	3	1.0	0.0	3	0.0	0.0	3	0.0	0.0	3	0.0	0.0	3	nan	nan	0	nan	nan	0	nan	nan	0	nan	nan	0	0.0	0.0	3	0.0	0.0	3	0.0	0.0	3	0.0	0.0	3	0.0	0.0	3	0.0	0.0	3	0.0	0.0	3	0.0	0.0	3	0.0	0.0	3	0.0	0.0	3	0.0	0.0	3	0.0	0.0	3	0.0	0.0	3	0.0	0.0	3	0.0	0.0	3	nan	nan	0
contacts_x_homolog_separation__well_specified__d900__sep0.1__cis0.65__bg0.05__a0__r2__m0	contacts_x_homolog_separation	coarse	well_specified	blind_normalized_endpoint_monotone_log_midpoint_delta_pairwise	3	900	0.1	0.35	0.05	0.0	2	0	none	MATCHED_PAIRWISE_ENDPOINT_LIKELIHOOD	0.2569113039021516	0.003336187945448378	3	0.5077034236981594	0.020681545954743856	3	1.620715979217244	0.08232514500751896	3	0.7559240852580215	0.02171353554098505	3	0.23378786313412436	0.03507418066736808	3	0.11798968384360962	0.018079654983892728	3	0.8916229681106547	0.13345310625158235	3	0.2603359899029762	0.027229754141730782	3	0.5075837741414063	0.02659833288793125	3	1.6139654306209887	0.08304337410651028	3	0.7572115280835515	0.022925582090245256	3	0.2303631771332998	0.0605724005920156	3	0.1185662612538082	0.029826367780065477	3	0.9033206440573026	0.005212046895773372	3	4.812310917507086	0.7645699055946812	3	0.6666666666666666	0.0	3	0.3333333333333333	0.2886751345948129	3	-0.15151515151515152	0.3411929233704379	3	0.2651204641035045	0.01359788985536142	3	0.5107716372031167	0.026114828138719737	3	0.23942866123893394	0.022741470542094876	3	0.4994321667401808	0.05316193439317659	3	0.2621107636539015	0.012904847558775146	3	0.5107716372031167	0.026114828138719737	3	0.2577070979881754	0.057358161975174245	3	0.502023543351969	0.03254364981423109	3	0.4904510679965218	0.0019573028135318428	3	1.0	0.0	3	0.0	0.0	3	0.0	0.0	3	0.0	0.0	3	0.8281481481481482	0.22261169573539774	3	0.33440571254226353	0.2870086631344702	3	0.10670067570659587	0.11161500925535886	3	0.07973625275984318	0.08296966411827632	3	0.0	0.0	3	0.0	0.0	3	0.0	0.0	3	0.0	0.0	3	0.0	0.0	3	0.0	0.0	3	0.0	0.0	3	0.0	0.0	3	0.0	0.0	3	0.0	0.0	3	0.0	0.0	3	0.0	0.0	3	0.0	0.0	3	0.0	0.0	3	0.0	0.0	3	0.8060629742418796	0.20226928188569684	3
contacts_x_homolog_separation__well_specified__d900__sep0.75__cis0.65__bg0.05__a0__r2__m0	contacts_x_homolog_separation	coarse	well_specified	ORACLE_coordinates_generator_conditional	3	900	0.75	0.35	0.05	0.0	2	0	ORACLE_COORDINATES_AND_GENERATOR	ORACLE_GENERATOR_CONDITIONAL	0.401042181641962	0.04170383458220167	3	0.5640415149432424	0.03310296256528228	3	1.2585588725138304	0.057784303312661496	3	0.6627505124463066	0.028899311866449808	3	0.026528451881505582	0.013608627339882296	3	0.02432431850162083	0.007080316912867039	3	0.0	0.0	3	0.401042181641962	0.04170383458220167	3	0.5640415149432424	0.03310296256528228	3	1.2585588725138304	0.057784303312661496	3	0.6627505124463066	0.028899311866449808	3	0.026528451881505582	0.013608627339882296	3	0.02432431850162083	0.007080316912867039	3	1.0	0.0	3	0.0	0.0	3	1.0	0.0	3	1.0	0.0	3	1.0	0.0	3	0.4280628675862057	0.09161760340941989	3	0.5807709440527186	0.053606590016177055	3	0.352319514906867	0.12149760061187692	3	0.5339085279841524	0.08765690537912922	3	0.4280628675862057	0.09161760340941989	3	0.5807709440527186	0.053606590016177055	3	0.352319514906867	0.12149760061187692	3	0.5339085279841524	0.08765690537912922	3	0.0	0.0	3	1.0	0.0	3	0.0	0.0	3	0.0	0.0	3	0.0	0.0	3	nan	nan	0	nan	nan	0	nan	nan	0	nan	nan	0	0.3871405569364515	0.18328972984326525	3	0.14131483113557378	0.21095771135169017	3	0.023865414710485134	0.04133611082226194	3	0.23002327434795886	0.2421455561081674	3	0.023865414710485134	0.04133611082226194	3	0.3871405569364515	0.18328972984326525	3	0.14131483113557378	0.21095771135169017	3	0.023865414710485134	0.04133611082226194	3	0.23002327434795886	0.2421455561081674	3	0.023865414710485134	0.04133611082226194	3	0.3871405569364515	0.18328972984326525	3	0.14131483113557378	0.21095771135169017	3	0.023865414710485134	0.04133611082226194	3	0.23002327434795886	0.2421455561081674	3	0.023865414710485134	0.04133611082226194	3	nan	nan	0
contacts_x_homolog_separation__well_specified__d900__sep0.75__cis0.65__bg0.05__a0__r2__m0	contacts_x_homolog_separation	coarse	well_specified	ORACLE_coordinates_inference_monotone_log	3	900	0.75	0.35	0.05	0.0	2	0	ORACLE_COORDINATES	MATCHED_PAIRWISE_ENDPOINT_LIKELIHOOD	0.401042181641962	0.04170383458220167	3	0.5640415149432424	0.03310296256528228	3	1.2585588725138304	0.057784303312661496	3	0.6627505124463066	0.028899311866449746	3	0.026528451881505582	0.013608627339882303	3	0.02432431850162083	0.007080316912867053	3	0.0	0.0	3	0.401042181641962	0.04170383458220167	3	0.5640415149432424	0.03310296256528228	3	1.2585588725138304	0.057784303312661496	3	0.6627505124463066	0.028899311866449746	3	0.026528451881505582	0.013608627339882303	3	0.02432431850162083	0.007080316912867053	3	1.0	0.0	3	0.0	0.0	3	1.0	0.0	3	1.0	0.0	3	1.0	0.0	3	0.4280628675862057	0.09161760340941989	3	0.5807709440527186	0.053606590016177055	3	0.352319514906867	0.12149760061187692	3	0.5339085279841524	0.08765690537912922	3	0.4280628675862057	0.09161760340941989	3	0.5807709440527186	0.053606590016177055	3	0.352319514906867	0.12149760061187692	3	0.5339085279841524	0.08765690537912922	3	0.0	0.0	3	1.0	0.0	3	0.0	0.0	3	0.0	0.0	3	0.0	0.0	3	nan	nan	0	nan	nan	0	nan	nan	0	nan	nan	0	0.3871405569364515	0.18328972984326525	3	0.14131483113557378	0.21095771135169017	3	0.023865414710485134	0.04133611082226194	3	0.23002327434795886	0.2421455561081674	3	0.023865414710485134	0.04133611082226194	3	0.3871405569364515	0.18328972984326525	3	0.14131483113557378	0.21095771135169017	3	0.023865414710485134	0.04133611082226194	3	0.23002327434795886	0.2421455561081674	3	0.023865414710485134	0.04133611082226194	3	0.3871405569364515	0.18328972984326525	3	0.14131483113557378	0.21095771135169017	3	0.023865414710485134	0.04133611082226194	3	0.23002327434795886	0.2421455561081674	3	0.023865414710485134	0.04133611082226194	3	nan	nan	0
contacts_x_homolog_separation__well_specified__d900__sep0.75__cis0.65__bg0.05__a0__r2__m0	contacts_x_homolog_separation	coarse	well_specified	blind_normalized_endpoint_monotone_log_midpoint_delta_pairwise	3	900	0.75	0.35	0.05	0.0	2	0	none	MATCHED_PAIRWISE_ENDPOINT_LIKELIHOOD	0.3006017710860163	0.08221587258943057	3	0.5305958226108506	0.04895112252483943	3	1.6781872777558837	0.32699823120311333	3	0.787382576201567	0.1700005642528447	3	0.2588555286477006	0.1106233372129151	3	0.12883521625037306	0.08868334703610954	3	0.8548941879307547	0.154664500585129	3	0.3218532468829467	0.0656116543660725	3	0.5353183727879464	0.04836419984792809	3	1.6184367432072957	0.3526371146493044	3	0.7879282998456892	0.16963337999434866	3	0.23760405285077033	0.12413551697070323	3	0.12659618886727408	0.09070877328988616	3	0.9131763867687447	0.013627429134062336	3	5.0508624508161075	1.1867786546127694	3	0.8888888888888888	0.1924500897298753	3	0.8333333333333334	0.28867513459481287	3	-0.13400673400673394	0.19795231032982444	3	0.3336513552586438	0.11517407149381985	3	0.5580126398854294	0.049097138543355484	3	0.2381495866585467	0.03314844165411754	3	0.47870198607934716	0.050365196294074294	3	0.3651093104915537	0.08575854814021244	3	0.5580126398854294	0.049097138543355484	3	0.240401838910799	0.0338888433450451	3	0.4922154995928607	0.05467359634864031	3	0.48843973595649004	0.0024919847771666856	3	0.6666666666666666	0.5773502691896258	3	0.3333333333333333	0.5773502691896258	3	0.0	0.0	3	0.0	0.0	3	0.8262962962962962	0.03051681045202149	3	0.37787616246585437	0.053849945490350985	3	0.11903618870119044	0.020689612365154812	3	0.04887620449933272	0.02286269867462545	3	0.14280125195618154	0.24733902377255093	3	0.0892018779342723	0.15450218471271673	3	0.023865414710485134	0.04133611082226194	3	0.13818494068173967	0.20556182069160653	3	0.023865414710485134	0.04133611082226194	3	0.17428491980348573	0.2250833959887175	3	0.10258243676937658	0.14431677039595067	3	0.023865414710485134	0.04133611082226194	3	0.13818494068173967	0.20556182069160653	3	0.023865414710485134	0.04133611082226194	3	0.1396713615023474	0.24191789448438544	3	0.08215962441314555	0.14230464381434438	3	0.023865414710485134	0.04133611082226194	3	0.13075145085388362	0.19275225696606796	3	0.023865414710485134	0.04133611082226194	3	0.7131185962303558	0.07257250321150824	3
contacts_x_homolog_separation__well_specified__d900__sep2__cis0.65__bg0.05__a0__r2__m0	contacts_x_homolog_separation	coarse	well_specified	ORACLE_coordinates_generator_conditional	3	900	2.0	0.35	0.05	0.0	2	0	ORACLE_COORDINATES_AND_GENERATOR	ORACLE_GENERATOR_CONDITIONAL	0.4683739936848778	0.016819275413864406	3	0.6920313070676917	0.0234204427831674	3	1.1670968844100011	0.03901220135626101	3	0.5872554403990713	0.020837307732969476	3	0.03614133686546512	0.010079694686045427	3	0.03468965610675509	0.006467349874437415	3	0.0	0.0	3	0.4683739936848778	0.016819275413864406	3	0.6920313070676917	0.0234204427831674	3	1.1670968844100011	0.03901220135626101	3	0.5872554403990713	0.020837307732969476	3	0.03614133686546512	0.010079694686045427	3	0.03468965610675509	0.006467349874437415	3	1.0	0.0	3	0.0	0.0	3	1.0	0.0	3	1.0	0.0	3	1.0	0.0	3	0.458155244264302	0.047296901740963015	3	0.7231759395950962	0.03575286767502679	3	0.48518539255941273	0.055891770163166224	3	0.6304535274356103	0.07677249728738955	3	0.458155244264302	0.047296901740963015	3	0.7231759395950962	0.03575286767502679	3	0.48518539255941273	0.055891770163166224	3	0.6304535274356103	0.07677249728738955	3	0.0	0.0	3	1.0	0.0	3	0.0	0.0	3	0.0	0.0	3	0.0	0.0	3	nan	nan	0	nan	nan	0	nan	nan	0	nan	nan	0	0.5839198443138435	0.1559806624902138	3	0.23331366643706986	0.0308056211411031	3	0.028442895934062008	0.031174260561984003	3	0.9524931291715744	0.0822843139834449	3	0.045549268164109154	0.05706337930636321	3	0.5839198443138435	0.1559806624902138	3	0.23331366643706986	0.0308056211411031	3	0.028442895934062008	0.031174260561984003	3	0.9524931291715744	0.0822843139834449	3	0.045549268164109154	0.05706337930636321	3	0.5839198443138435	0.1559806624902138	3	0.23331366643706986	0.0308056211411031	3	0.028442895934062008	0.031174260561984003	3	0.9524931291715744	0.0822843139834449	3	0.045549268164109154	0.05706337930636321	3	nan	nan	0
contacts_x_homolog_separation__well_specified__d900__sep2__cis0.65__bg0.05__a0__r2__m0	contacts_x_homolog_separation	coarse	well_specified	ORACLE_coordinates_inference_monotone_log	3	900	2.0	0.35	0.05	0.0	2	0	ORACLE_COORDINATES	MATCHED_PAIRWISE_ENDPOINT_LIKELIHOOD	0.4683739936848778	0.016819275413864406	3	0.6920313070676917	0.0234204427831674	3	1.1670968844100011	0.03901220135626101	3	0.5872554403990713	0.02083730773296957	3	0.03614133686546511	0.010079694686045427	3	0.034689656106755076	0.00646734987443744	3	0.0	0.0	3	0.4683739936848778	0.016819275413864406	3	0.6920313070676917	0.0234204427831674	3	1.1670968844100011	0.03901220135626101	3	0.5872554403990713	0.02083730773296957	3	0.03614133686546511	0.010079694686045427	3	0.034689656106755076	0.00646734987443744	3	1.0	0.0	3	0.0	0.0	3	1.0	0.0	3	1.0	0.0	3	1.0	0.0	3	0.458155244264302	0.047296901740963015	3	0.7231759395950962	0.03575286767502679	3	0.48518539255941273	0.055891770163166224	3	0.6304535274356103	0.07677249728738955	3	0.458155244264302	0.047296901740963015	3	0.7231759395950962	0.03575286767502679	3	0.48518539255941273	0.055891770163166224	3	0.6304535274356103	0.07677249728738955	3	0.0	0.0	3	1.0	0.0	3	0.0	0.0	3	0.0	0.0	3	0.0	0.0	3	nan	nan	0	nan	nan	0	nan	nan	0	nan	nan	0	0.5839198443138435	0.1559806624902138	3	0.23331366643706986	0.0308056211411031	3	0.028442895934062008	0.031174260561984003	3	0.9524931291715744	0.0822843139834449	3	0.045549268164109154	0.05706337930636321	3	0.5839198443138435	0.1559806624902138	3	0.23331366643706986	0.0308056211411031	3	0.028442895934062008	0.031174260561984003	3	0.9524931291715744	0.0822843139834449	3	0.045549268164109154	0.05706337930636321	3	0.5839198443138435	0.1559806624902138	3	0.23331366643706986	0.0308056211411031	3	0.028442895934062008	0.031174260561984003	3	0.9524931291715744	0.0822843139834449	3	0.045549268164109154	0.05706337930636321	3	nan	nan	0
contacts_x_homolog_separation__well_specified__d900__sep2__cis0.65__bg0.05__a0__r2__m0	contacts_x_homolog_separation	coarse	well_specified	blind_normalized_endpoint_monotone_log_midpoint_delta_pairwise	3	900	2.0	0.35	0.05	0.0	2	0	none	MATCHED_PAIRWISE_ENDPOINT_LIKELIHOOD	0.24779473766709315	0.07651998761738223	3	0.5327026435123202	0.0597220125788678	3	1.4971959165366062	0.16179489196329752	3	0.7228038060546739	0.06291510835737368	3	0.1918526089411382	0.08013413519794375	3	0.09496255969772771	0.059166529578021196	3	1.22766450250343	0.11875451082439067	3	0.27293997731724234	0.04731206160264535	3	0.5105952826636341	0.1235002164678712	3	1.4837056611458568	0.10346368541495948	3	0.7179387626848829	0.06492529328686703	3	0.165572432608177	0.041678329992810785	3	0.1129569805852791	0.07815189234141093	3	0.8165141377780305	0.05042320510853723	3	3.758895069985306	0.6658441357046951	3	0.6666666666666666	0.0	3	0.3333333333333333	0.2886751345948129	3	-0.19865319865319864	0.45195370351479136	3	0.2555021264130867	0.10660996190136987	3	0.538334796209016	0.14010873149919373	3	0.23058292895358964	0.023232312288263262	3	0.517494711957198	0.10456753812318334	3	0.27886278110611107	0.04656253439082476	3	0.538334796209016	0.14010873149919373	3	0.2631709593131766	0.06395680981528104	3	0.45669528431006595	0.08955172932017928	3	0.48506407905369997	0.009101833022616447	3	0.6666666666666666	0.5773502691896258	3	0.3333333333333333	0.5773502691896258	3	0.0	0.0	3	0.0	0.0	3	0.7811111111111111	0.18397866220882286	3	0.4457767233881957	0.23435922439022536	3	0.1452943143188633	0.09637936556668461	3	0.10090262337363594	0.04024243177149113	3	0.07954986418315871	0.13778440650043455	3	0.05316259216142802	0.09208031068565627	3	0.0	0.0	3	0.17510111418715804	0.2831280659181395	3	0.0	0.0	3	0.021594032194738908	0.03740196090156586	3	0.016097369454259915	0.027881461762985463	3	0.0	0.0	3	0.20022871528649058	0.26576658945655646	3	0.0	0.0	3	0.07140085370585952	0.12366990632234125	3	0.0473418703919286	0.08199852484416105	3	0.0	0.0	3	0.18509895227008147	0.3206007897595477	3	0.0	0.0	3	0.7108095896791186	0.14698951308526348	3
readchain_length_x_molecule_count__model_mismatched__d1200__sep1__cis0.65__bg0.05__a0__r2__m0	readchain_length_x_molecule_count	coarse	model_mismatched	ORACLE_coordinates_generator_conditional	3	1200	1.0	0.35	0.05	0.0	2	0	ORACLE_COORDINATES_AND_GENERATOR	ORACLE_GENERATOR_CONDITIONAL	0.3743932306927987	0.029808482119790355	3	0.6251965421867319	0.01158733571168441	3	1.2352286998837896	0.015048228997173023	3	0.6450240575078351	0.003927008942012163	3	0.030845861893084178	0.017515637611635163	3	0.033874883108806375	0.008872828421056845	3	0.0	0.0	3	0.3743932306927987	0.029808482119790355	3	0.6251965421867319	0.01158733571168441	3	1.2352286998837896	0.015048228997173023	3	0.6450240575078351	0.003927008942012163	3	0.030845861893084178	0.017515637611635163	3	0.033874883108806375	0.008872828421056845	3	1.0	0.0	3	0.0	0.0	3	1.0	0.0	3	1.0	0.0	3	1.0	0.0	3	0.41684128445658225	0.020177424033590966	3	0.6605560076779659	0.002288126433676877	3	0.29473517428818646	0.061647923334086786	3	0.5586622417300632	0.029321082612424405	3	0.41684128445658225	0.020177424033590966	3	0.6605560076779659	0.002288126433676877	3	0.29473517428818646	0.061647923334086786	3	0.5586622417300632	0.029321082612424405	3	0.0	0.0	3	1.0	0.0	3	0.0	0.0	3	0.0	0.0	3	0.0	0.0	3	nan	nan	0	nan	nan	0	nan	nan	0	nan	nan	0	0.19321703854145966	0.05497607138740289	3	0.09740332469782766	0.011641648933579099	3	0.012648396846061795	0.01622807581777879	3	0.4799516753343093	0.04578159088908288	3	0.02981564448286461	0.015283569577676862	3	0.19321703854145966	0.05497607138740289	3	0.09740332469782766	0.011641648933579099	3	0.012648396846061795	0.01622807581777879	3	0.4799516753343093	0.04578159088908288	3	0.02981564448286461	0.015283569577676862	3	0.19321703854145966	0.05497607138740289	3	0.09740332469782766	0.011641648933579099	3	0.012648396846061795	0.01622807581777879	3	0.4799516753343093	0.04578159088908288	3	0.02981564448286461	0.015283569577676862	3	nan	nan	0
readchain_length_x_molecule_count__model_mismatched__d1200__sep1__cis0.65__bg0.05__a0__r2__m0	readchain_length_x_molecule_count	coarse	model_mismatched	ORACLE_coordinates_inference_monotone_log	3	1200	1.0	0.35	0.05	0.0	2	0	ORACLE_COORDINATES	MISMATCHED_INFERENCE_SCORE_OR_MOLECULE_COMPOSITE	0.3746933396348496	0.030559248961027012	3	0.5854726653365653	0.029186494092777713	3	1.3153135644183251	0.04438515888501334	3	0.7087647342931144	0.039108553433585935	3	0.07170940733464787	0.014963563889426584	3	0.0782160137255805	0.011744744312079426	3	0.0	0.0	3	0.3746933396348496	0.030559248961027012	3	0.5854726653365653	0.029186494092777713	3	1.3153135644183251	0.04438515888501334	3	0.7087647342931144	0.039108553433585935	3	0.07170940733464787	0.014963563889426584	3	0.0782160137255805	0.011744744312079426	3	1.0	0.0	3	0.0	0.0	3	1.0	0.0	3	1.0	0.0	3	1.0	0.0	3	0.41684128445658225	0.020177424033590966	3	0.608282416428119	0.04729925385790325	3	0.2956582294993864	0.06638266528917494	3	0.5423418704874122	0.013360574743492514	3	0.41684128445658225	0.020177424033590966	3	0.608282416428119	0.04729925385790325	3	0.2956582294993864	0.06638266528917494	3	0.5423418704874122	0.013360574743492514	3	0.0	0.0	3	1.0	0.0	3	0.0	0.0	3	0.0	0.0	3	0.0	0.0	3	nan	nan	0	nan	nan	0	nan	nan	0	nan	nan	0	0.11228923731180455	0.10332705486555835	3	0.0	0.0	3	0.0	0.0	3	0.09460654288240494	0.1638633390007691	3	0.0	0.0	3	0.11228923731180455	0.10332705486555835	3	0.0	0.0	3	0.0	0.0	3	0.09460654288240494	0.1638633390007691	3	0.0	0.0	3	0.11228923731180455	0.10332705486555835	3	0.0	0.0	3	0.0	0.0	3	0.09460654288240494	0.1638633390007691	3	0.0	0.0	3	nan	nan	0
readchain_length_x_molecule_count__model_mismatched__d1200__sep1__cis0.65__bg0.05__a0__r2__m0	readchain_length_x_molecule_count	coarse	model_mismatched	blind_normalized_endpoint_monotone_log_midpoint_delta_pairwise	3	1200	1.0	0.35	0.05	0.0	2	0	none	MISMATCHED_OR_MOLECULE_COMPOSITE	0.21311457669394873	0.010280695830240268	3	0.4468376027065804	0.016003464332672065	3	1.8605366801788028	0.04778097050543446	3	0.9118747699702655	0.048928529277683284	3	0.35381488469774663	0.017801239442326394	3	0.22519536423726486	0.01671601865600237	3	1.0934996506157906	0.20416782701291378	3	0.26056498355003016	0.013486470144244455	3	0.4517953163257114	0.009276632818441283	3	1.7704191287374218	0.04679321680461583	3	0.9118679132608724	0.049063613422892755	3	0.30719612748855724	0.01144849075156071	3	0.2202376506181339	0.01401003789562791	3	0.880585699268532	0.015415514593709117	3	4.736640674813198	0.3212862123073639	3	0.7777777777777777	0.1924500897298753	3	0.6666666666666666	0.28867513459481287	3	0.0734006734006734	0.04067250874219931	3	0.18738436703683706	0.03461605547900639	3	0.424424152553057	0.027696558980645544	3	0.2623727153732567	0.04016933857814905	3	0.4887260978823889	0.02923486970348066	3	0.2656734392285169	0.03598722591068153	3	0.424424152553057	0.027696558980645544	3	0.25032489199993646	0.03842659064129525	3	0.5030358621921532	0.025535830754482562	3	0.5213848906569183	0.027070790846226416	3	1.0	0.0	3	0.0	0.0	3	0.0	0.0	3	0.0	0.0	3	0.9436111111111112	0.005912165737164623	3	0.1857938303948451	0.030712318977361153	3	0.04836869404042841	0.007913540671627362	3	0.02901717740181352	0.024704414909817198	3	0.0	0.0	3	0.0	0.0	3	0.0	0.0	3	0.0	0.0	3	0.0	0.0	3	0.0	0.0	3	0.0	0.0	3	0.0	0.0	3	0.0	0.0	3	0.0	0.0	3	0.0	0.0	3	0.0	0.0	3	0.0	0.0	3	0.0	0.0	3	0.0	0.0	3	0.9156469034889559	0.03860607897068635	3
readchain_length_x_molecule_count__model_mismatched__d1200__sep1__cis0.65__bg0.05__a0__r2__m20	readchain_length_x_molecule_count	coarse	model_mismatched	ORACLE_coordinates_inference_monotone_log	3	1200	1.0	0.35	0.05	0.0	2	20	ORACLE_COORDINATES	MISMATCHED_INFERENCE_SCORE_OR_MOLECULE_COMPOSITE	0.3359339122640515	0.013443328577737647	3	0.5836776020845261	0.03657140627639207	3	1.311930973634313	0.00972383335653647	3	0.6781791849247201	0.03992054226093337	3	0.03853456135955404	0.03310548434452625	3	0.04511634695503231	0.029126889706969496	3	0.0	0.0	3	0.3359339122640515	0.013443328577737647	3	0.5836776020845261	0.03657140627639207	3	1.311930973634313	0.00972383335653647	3	0.6781791849247201	0.03992054226093337	3	0.03853456135955404	0.03310548434452625	3	0.04511634695503231	0.029126889706969496	3	1.0	0.0	3	0.0	0.0	3	1.0	0.0	3	1.0	0.0	3	1.0	0.0	3	0.38205151271626847	0.023231326133231228	3	0.6191864165553532	0.060390186554581275	3	0.24791371314221333	0.0057382537545625075	3	0.5160300272041217	0.009023393807306908	3	0.38205151271626847	0.023231326133231228	3	0.6191864165553532	0.060390186554581275	3	0.24791371314221333	0.0057382537545625075	3	0.5160300272041217	0.009023393807306908	3	0.0	0.0	3	1.0	0.0	3	0.0	0.0	3	0.0	0.0	3	0.0	0.0	3	nan	nan	0	nan	nan	0	nan	nan	0	nan	nan	0	0.0	0.0	3	0.0	0.0	3	0.0	0.0	3	0.25340072269138014	0.347450045124354	3	0.011363636363636362	0.019682395540555425	3	0.0	0.0	3	0.0	0.0	3	0.0	0.0	3	0.25340072269138014	0.347450045124354	3	0.011363636363636362	0.019682395540555425	3	0.0	0.0	3	0.0	0.0	3	0.0	0.0	3	0.25340072269138014	0.347450045124354	3	0.011363636363636362	0.019682395540555425	3	nan	nan	0
readchain_length_x_molecule_count__model_mismatched__d1200__sep1__cis0.65__bg0.05__a0__r2__m20	readchain_length_x_molecule_count	coarse	model_mismatched	blind_contrastive_monotone_log_midpoint_delta_pairwise	3	1200	1.0	0.35	0.05	0.0	2	20	none	MISMATCHED_OR_MOLECULE_COMPOSITE	0.24760467364648728	0.050148700356356726	3	0.5497268844029364	0.029821584851188077	3	1.4756641698571527	0.058421082835780555	3	0.691143492606912	0.015740584235078986	3	0.14352617005582832	0.03510405982211557	3	0.046581839808237525	0.012298977381673898	3	0.9435149851346903	0.2853888679253583	3	0.28890708818916266	0.040903437837440125	3	0.552611891270333	0.029939136167518192	3	1.4108967819387341	0.05366797424078852	3	0.6903389531873052	0.015136469299517835	3	0.10222375551315292	0.036609468859015476	3	0.04369683294084081	0.012145300530574565	3	0.9245711719671489	0.05099957850972657	3	5.718553585965535	1.4702882565788438	3	0.7777777777777777	0.1924500897298753	3	0.5	0.5	3	0.26329966329966326	0.17952917522223866	3	0.24156403473528498	0.07024605438435078	3	0.5672867534283582	0.04095415040236171	3	0.25890358374365036	0.011853942269049938	3	0.5160147534464282	0.016034969913010136	3	0.29788175351123325	0.05164788362529109	3	0.5672867534283582	0.04095415040236171	3	0.2715729526407226	0.020455275656149595	3	0.524475206688039	0.009554503683402082	3	0.5754127620408932	0.034860941169504236	3	0.6666666666666666	0.5773502691896258	3	0.3333333333333333	0.5773502691896258	3	0.0	0.0	3	0.0	0.0	3	0.6627777777777778	0.01601503922822178	3	0.6915616061904082	0.031259157942305396	3	0.2366817508200719	0.009095544181137994	3	0.12920689732004828	0.01359879432120993	3	0.0011655011655011655	0.0020187072349287616	3	0.0011655011655011655	0.0020187072349287616	3	0.0005827505827505828	0.0010093536174643808	3	0.1048951048951049	0.18168365114358853	3	0.0	0.0	3	0.0011655011655011655	0.0020187072349287616	3	0.0011655011655011655	0.0020187072349287616	3	0.0005827505827505828	0.0010093536174643808	3	0.1048951048951049	0.18168365114358853	3	0.0	0.0	3	0.0011655011655011655	0.0020187072349287616	3	0.0011655011655011655	0.0020187072349287616	3	0.0	0.0	3	0.11713286713286714	0.20288007711034053	3	0.0005827505827505828	0.0010093536174643808	3	0.8595692357874997	0.007087182141040616	3
readchain_length_x_molecule_count__model_mismatched__d1200__sep1__cis0.65__bg0.05__a0__r2__m20	readchain_length_x_molecule_count	coarse	model_mismatched	blind_monotone_log_molecule_normalized_composite	3	1200	1.0	0.35	0.05	0.0	2	20	none	MISMATCHED_OR_MOLECULE_COMPOSITE	0.24760467364648728	0.050148700356356726	3	0.5497268844029364	0.029821584851188077	3	1.4756641698571527	0.05842108283578041	3	0.6911434926069121	0.01574058423507904	3	0.14352617005582832	0.03510405982211551	3	0.04658183980823754	0.012298977381673834	3	0.9435149851346907	0.2853888679253583	3	0.28890708818916266	0.040903437837440125	3	0.552611891270333	0.029939136167518192	3	1.4108967819387341	0.05366797424078863	3	0.6903389531873052	0.015136469299517835	3	0.10222375551315292	0.03660946885901554	3	0.043696832940840806	0.012145300530574466	3	0.9245711719671489	0.05099957850972657	3	5.718553585965534	1.4702882565788427	3	0.7777777777777777	0.1924500897298753	3	0.5	0.5	3	0.26329966329966326	0.17952917522223866	3	0.24156403473528498	0.07024605438435078	3	0.5672867534283582	0.04095415040236171	3	0.25890358374365036	0.011853942269049938	3	0.5160147534464282	0.016034969913010136	3	0.29788175351123325	0.05164788362529109	3	0.5672867534283582	0.04095415040236171	3	0.2715729526407226	0.020455275656149595	3	0.524475206688039	0.009554503683402082	3	1.3492809870901208	0.00576663019761531	3	0.6666666666666666	0.5773502691896258	3	0.3333333333333333	0.5773502691896258	3	0.0	0.0	3	0.0	0.0	3	0.6655555555555556	0.01594986357772845	3	0.6851071501529447	0.030694102255498255	3	0.23475668720626766	0.008923353008168928	3	0.1291237928218688	0.011422181393776898	3	0.0011655011655011655	0.0020187072349287616	3	0.0011655011655011655	0.0020187072349287616	3	0.0005827505827505828	0.0010093536174643808	3	0.1048951048951049	0.18168365114358853	3	0.0	0.0	3	0.0011655011655011655	0.0020187072349287616	3	0.0011655011655011655	0.0020187072349287616	3	0.0005827505827505828	0.0010093536174643808	3	0.1048951048951049	0.18168365114358853	3	0.0	0.0	3	0.0017452270912478526	0.0023144397907931464	3	0.0014538517998725611	0.0018210980654765133	3	0.0002883506343713956	0.0004994379491259738	3	0.12264327627964537	0.20568942059877024	3	0.0011549030611683478	0.0010001779224505464	3	0.8595692357874997	0.007087182141040616	3
readchain_length_x_molecule_count__model_mismatched__d1200__sep1__cis0.65__bg0.05__a0__r2__m80	readchain_length_x_molecule_count	coarse	model_mismatched	ORACLE_coordinates_inference_monotone_log	3	1200	1.0	0.35	0.05	0.0	2	80	ORACLE_COORDINATES	MISMATCHED_INFERENCE_SCORE_OR_MOLECULE_COMPOSITE	0.3468146257195493	0.019533484450435266	3	0.5805405952689484	0.027325673836020806	3	1.3108453562079159	0.009676824533107966	3	0.6726260462053272	0.016263482012183254	3	0.047298284796043956	0.01219269853452922	3	0.021788840824939967	0.011723075982479531	3	0.0	0.0	3	0.3468146257195493	0.019533484450435266	3	0.5805405952689484	0.027325673836020806	3	1.3108453562079159	0.009676824533107966	3	0.6726260462053272	0.016263482012183254	3	0.047298284796043956	0.01219269853452922	3	0.021788840824939967	0.011723075982479531	3	1.0	0.0	3	0.0	0.0	3	1.0	0.0	3	1.0	0.0	3	1.0	0.0	3	0.37840968555254273	0.027263697009443876	3	0.6071872571872571	0.03426990999944102	3	0.28470894792733875	0.050067663392311404	3	0.5264375613034616	0.02881417347996028	3	0.37840968555254273	0.027263697009443876	3	0.6071872571872571	0.03426990999944102	3	0.28470894792733875	0.050067663392311404	3	0.5264375613034616	0.02881417347996028	3	0.0	0.0	3	1.0	0.0	3	0.0	0.0	3	0.0	0.0	3	0.0	0.0	3	nan	nan	0	nan	nan	0	nan	nan	0	nan	nan	0	0.005263157894736842	0.00911605688194146	3	0.0	0.0	3	0.0	0.0	3	0.17382325277062116	0.19275165454914994	3	0.0	0.0	3	0.005263157894736842	0.00911605688194146	3	0.0	0.0	3	0.0	0.0	3	0.17382325277062116	0.19275165454914994	3	0.0	0.0	3	0.005263157894736842	0.00911605688194146	3	0.0	0.0	3	0.0	0.0	3	0.17382325277062116	0.19275165454914994	3	0.0	0.0	3	nan	nan	0
readchain_length_x_molecule_count__model_mismatched__d1200__sep1__cis0.65__bg0.05__a0__r2__m80	readchain_length_x_molecule_count	coarse	model_mismatched	blind_contrastive_monotone_log_midpoint_delta_pairwise	3	1200	1.0	0.35	0.05	0.0	2	80	none	MISMATCHED_OR_MOLECULE_COMPOSITE	0.2585224075037318	0.021235403894524434	3	0.5330181859468787	0.03350174891753421	3	1.554826372391699	0.16157648684808573	3	0.779141943289086	0.0988354058036075	3	0.17914632540860873	0.04647768040974337	3	0.11722046283504652	0.05254929684326767	3	1.016772651670203	0.3133569567768911	3	0.26810052242989424	0.022554681568682493	3	0.5449645728932656	0.03298051176533206	3	1.5682397129464096	0.16963468921971553	3	0.7766492215011588	0.10260913617319653	3	0.16901493021157746	0.0600588026160211	3	0.10590024390171338	0.07176843364294772	3	0.8573334635794451	0.13076184202920824	3	6.075420073482014	1.1593902508614167	3	0.8888888888888888	0.1924500897298753	3	0.8333333333333334	0.28867513459481287	3	0.2026936026936027	0.40666487694906583	3	0.25698587127158556	0.015258168876032544	3	0.5589941804227518	0.045636851614498396	3	0.2607484753078623	0.035583508427243976	3	0.478812432069137	0.0435935775426069	3	0.28229310372167515	0.028663668254868706	3	0.5589941804227518	0.045636851614498396	3	0.2400124283266046	0.03247742302060426	3	0.5163582196149246	0.021689729367309583	3	0.5673487203506132	0.054549821955778274	3	0.6666666666666666	0.5773502691896258	3	0.3333333333333333	0.5773502691896258	3	0.0	0.0	3	0.0	0.0	3	0.6652777777777777	0.011794929858645652	3	0.62368030590454	0.01836897792290537	3	0.21445435197030727	0.0080578665472646	3	0.10951181662810722	0.020701655850814956	3	0.0	0.0	3	0.0	0.0	3	0.0	0.0	3	0.05040792540792541	0.08730908791066892	3	0.0	0.0	3	0.0	0.0	3	0.0	0.0	3	0.0	0.0	3	0.05040792540792541	0.08730908791066892	3	0.0	0.0	3	0.0002906131938390003	0.0005033568170790112	3	0.0002906131938390003	0.0005033568170790112	3	0.0002906131938390003	0.0005033568170790112	3	0.03321602111924692	0.05677847440167691	3	0.0002906131938390003	0.0005033568170790112	3	0.8635678491907548	0.00510316768681757	3
readchain_length_x_molecule_count__model_mismatched__d1200__sep1__cis0.65__bg0.05__a0__r2__m80	readchain_length_x_molecule_count	coarse	model_mismatched	blind_monotone_log_molecule_normalized_composite	3	1200	1.0	0.35	0.05	0.0	2	80	none	MISMATCHED_OR_MOLECULE_COMPOSITE	0.2585224075037318	0.021235403894524434	3	0.5330181859468787	0.03350174891753421	3	1.5548263723916989	0.16157648684808576	3	0.779141943289086	0.09883540580360756	3	0.17914632540860875	0.04647768040974336	3	0.11722046283504656	0.052549296843267694	3	1.0167726516702031	0.313356956776891	3	0.26810052242989424	0.022554681568682493	3	0.5449645728932656	0.03298051176533206	3	1.5682397129464096	0.16963468921971564	3	0.7766492215011587	0.10260913617319659	3	0.1690149302115775	0.06005880261602109	3	0.10590024390171339	0.07176843364294774	3	0.8573334635794451	0.13076184202920824	3	6.075420073482012	1.1593902508614167	3	0.8888888888888888	0.1924500897298753	3	0.8333333333333334	0.28867513459481287	3	0.2026936026936027	0.40666487694906583	3	0.25698587127158556	0.015258168876032544	3	0.5589941804227518	0.045636851614498396	3	0.2607484753078623	0.035583508427243976	3	0.478812432069137	0.0435935775426069	3	0.28229310372167515	0.028663668254868706	3	0.5589941804227518	0.045636851614498396	3	0.2400124283266046	0.03247742302060426	3	0.5163582196149246	0.021689729367309583	3	3.8134017903357744	0.03565971096088199	3	0.6666666666666666	0.5773502691896258	3	0.3333333333333333	0.5773502691896258	3	0.0	0.0	3	0.0	0.0	3	0.6775000000000001	0.01293681224688332	3	0.5932861218577821	0.023195872619823407	3	0.204935815861754	0.00994685276129313	3	0.10539348881924988	0.013206108136421627	3	0.0	0.0	3	0.0	0.0	3	0.0	0.0	3	0.05040792540792541	0.08730908791066892	3	0.0	0.0	3	0.0	0.0	3	0.0	0.0	3	0.0	0.0	3	0.05040792540792541	0.08730908791066892	3	0.0	0.0	3	0.0	0.0	3	0.0	0.0	3	0.0	0.0	3	0.04984766695293011	0.07029135384453446	3	0.0002913752913752914	0.0005046768087321904	3	0.8635678491907548	0.00510316768681757	3
readchain_length_x_molecule_count__model_mismatched__d1200__sep1__cis0.65__bg0.05__a0__r4__m0	readchain_length_x_molecule_count	coarse	model_mismatched	ORACLE_coordinates_generator_conditional	3	1200	1.0	0.35	0.05	0.0	4	0	ORACLE_COORDINATES_AND_GENERATOR	ORACLE_GENERATOR_CONDITIONAL	0.3702735088044149	0.02423263804236314	3	0.6224892632383153	0.026491476296127914	3	1.2277971905452876	0.04442892599015975	3	0.6436397153756479	0.01993343819713955	3	0.025020245078252002	0.01621069160902648	3	0.02175100588078505	0.009852159007036555	3	0.0	0.0	3	0.3702735088044149	0.02423263804236314	3	0.6224892632383153	0.026491476296127914	3	1.2277971905452876	0.04442892599015975	3	0.6436397153756479	0.01993343819713955	3	0.025020245078252002	0.01621069160902648	3	0.02175100588078505	0.009852159007036555	3	1.0	0.0	3	0.0	0.0	3	1.0	0.0	3	1.0	0.0	3	1.0	0.0	3	0.4129980792251906	0.03860655698575334	3	0.6644219089968043	0.01610726141822888	3	0.294179579659602	0.11094467891906347	3	0.5458616255551425	0.0575654543381963	3	0.4129980792251906	0.03860655698575334	3	0.6644219089968043	0.01610726141822888	3	0.294179579659602	0.11094467891906347	3	0.5458616255551425	0.0575654543381963	3	0.0	0.0	3	1.0	0.0	3	0.0	0.0	3	0.0	0.0	3	0.0	0.0	3	nan	nan	0	nan	nan	0	nan	nan	0	nan	nan	0	0.2547459697114987	0.12502854657963342	3	0.12819160058752713	0.05743360050302583	3	0.003499562554680665	0.006061420148972449	3	0.4858060744543482	0.23236179530118475	3	0.0	0.0	3	0.2547459697114987	0.12502854657963342	3	0.12819160058752713	0.05743360050302583	3	0.003499562554680665	0.006061420148972449	3	0.4858060744543482	0.23236179530118475	3	0.0	0.0	3	0.2547459697114987	0.12502854657963342	3	0.12819160058752713	0.05743360050302583	3	0.003499562554680665	0.006061420148972449	3	0.4858060744543482	0.23236179530118475	3	0.0	0.0	3	nan	nan	0
readchain_length_x_molecule_count__model_mismatched__d1200__sep1__cis0.65__bg0.05__a0__r4__m0	readchain_length_x_molecule_count	coarse	model_mismatched	ORACLE_coordinates_inference_monotone_log	3	1200	1.0	0.35	0.05	0.0	4	0	ORACLE_COORDINATES	MISMATCHED_INFERENCE_SCORE_OR_MOLECULE_COMPOSITE	0.3670736843399592	0.025882256817733044	3	0.5844276780282996	0.04131760098534126	3	1.2911210454215318	0.040985221388217655	3	0.6890568735380947	0.024003063322955587	3	0.07068710921070369	0.017764773328252534	3	0.0667414492867766	0.0170823920664699	3	0.0	0.0	3	0.3670736843399592	0.025882256817733044	3	0.5844276780282996	0.04131760098534126	3	1.2911210454215318	0.040985221388217655	3	0.6890568735380947	0.024003063322955587	3	0.07068710921070369	0.017764773328252534	3	0.0667414492867766	0.0170823920664699	3	1.0	0.0	3	0.0	0.0	3	1.0	0.0	3	1.0	0.0	3	1.0	0.0	3	0.4129980792251906	0.03860655698575334	3	0.6196837930430596	0.04439229345401857	3	0.28524034011435634	0.11877158835961589	3	0.5204532925608552	0.07490589446059538	3	0.4129980792251906	0.03860655698575334	3	0.6196837930430596	0.04439229345401857	3	0.28524034011435634	0.11877158835961589	3	0.5204532925608552	0.07490589446059538	3	0.0	0.0	3	1.0	0.0	3	0.0	0.0	3	0.0	0.0	3	0.0	0.0	3	nan	nan	0	nan	nan	0	nan	nan	0	nan	nan	0	0.1879832588494006	0.17696432644699794	3	0.0	0.0	3	0.0	0.0	3	0.0	0.0	3	0.0	0.0	3	0.1879832588494006	0.17696432644699794	3	0.0	0.0	3	0.0	0.0	3	0.0	0.0	3	0.0	0.0	3	0.1879832588494006	0.17696432644699794	3	0.0	0.0	3	0.0	0.0	3	0.0	0.0	3	0.0	0.0	3	nan	nan	0
readchain_length_x_molecule_count__model_mismatched__d1200__sep1__cis0.65__bg0.05__a0__r4__m0	readchain_length_x_molecule_count	coarse	model_mismatched	blind_normalized_endpoint_monotone_log_midpoint_delta_pairwise	3	1200	1.0	0.35	0.05	0.0	4	0	none	MISMATCHED_OR_MOLECULE_COMPOSITE	0.17897748579001774	0.03462187112341252	3	0.4672813987072198	0.012200689199460196	3	2.0184244831160525	0.12064865263245429	3	0.9247613491962475	0.028411869453002364	3	0.3941914219461609	0.021260327662818764	3	0.22310807455405457	0.009942381675371393	3	0.9550493664604033	0.11447124106818536	3	0.27378840247949215	0.040030194203085484	3	0.4495539938830408	0.026821621868192837	3	1.7407555041644824	0.10888746815387364	3	0.9298119994560077	0.021327805954048918	3	0.3006167095457225	0.05339068901044082	3	0.23443254819266876	0.020293128489695215	3	0.9208642121106528	0.015685821990897693	3	4.4516906543418	1.658412767557116	3	0.8888888888888888	0.1924500897298753	3	0.8333333333333334	0.28867513459481287	3	-0.05454545454545454	0.2872099265058248	3	0.1437439964540926	0.03911085655457158	3	0.4286676967360279	0.010844929203970346	3	0.2443773702807518	0.03741746464713046	3	0.5407673847505092	0.05661834545411331	3	0.28272658185801247	0.052155435930335045	3	0.4286676967360279	0.010844929203970346	3	0.25801109731116356	0.04174949149164932	3	0.4880903553895421	0.06680067117230881	3	0.52210559664915	0.038713137671080346	3	1.0	0.0	3	0.0	0.0	3	0.0	0.0	3	0.0	0.0	3	0.9358333333333334	0.015612494995996	3	0.20329311961518126	0.052597424361594196	3	0.05410084771576398	0.01760916923193365	3	0.0498738019746901	0.030196501581375445	3	0.0	0.0	3	0.0	0.0	3	0.0	0.0	3	0.0	0.0	3	0.0	0.0	3	0.0	0.0	3	0.0	0.0	3	0.0	0.0	3	0.0	0.0	3	0.0	0.0	3	0.0	0.0	3	0.0	0.0	3	0.0	0.0	3	0.0	0.0	3	0.0	0.0	3	0.8875424924827419	0.0550469687039173	3
readchain_length_x_molecule_count__model_mismatched__d1200__sep1__cis0.65__bg0.05__a0__r4__m20	readchain_length_x_molecule_count	coarse	model_mismatched	ORACLE_coordinates_inference_monotone_log	3	1200	1.0	0.35	0.05	0.0	4	20	ORACLE_COORDINATES	MISMATCHED_INFERENCE_SCORE_OR_MOLECULE_COMPOSITE	0.34598591835247233	0.015150718661730955	3	0.5723153163685489	0.019375083632599904	3	1.3019203263716708	0.016584738788513468	3	0.6803615838735966	0.006083719161550682	3	0.035406149456526766	0.014171751167913135	3	0.028345279047806687	0.01398997334958185	3	0.0	0.0	3	0.34598591835247233	0.015150718661730955	3	0.5723153163685489	0.019375083632599904	3	1.3019203263716708	0.016584738788513468	3	0.6803615838735966	0.006083719161550682	3	0.035406149456526766	0.014171751167913135	3	0.028345279047806687	0.01398997334958185	3	1.0	0.0	3	0.0	0.0	3	1.0	0.0	3	1.0	0.0	3	1.0	0.0	3	0.3870070031124948	0.017811698048228707	3	0.601385237578304	0.022696001677170022	3	0.25933210999171086	0.025317028840315663	3	0.5111483785629687	0.02777176777071101	3	0.3870070031124948	0.017811698048228707	3	0.601385237578304	0.022696001677170022	3	0.25933210999171086	0.025317028840315663	3	0.5111483785629687	0.02777176777071101	3	0.0	0.0	3	1.0	0.0	3	0.0	0.0	3	0.0	0.0	3	0.0	0.0	3	nan	nan	0	nan	nan	0	nan	nan	0	nan	nan	0	0.06786731974800918	0.05894172879043243	3	0.012583111275408303	0.018837774435012562	3	0.0	0.0	3	0.08516139632076974	0.14447583188762134	3	0.0	0.0	3	0.06786731974800918	0.05894172879043243	3	0.012583111275408303	0.018837774435012562	3	0.0	0.0	3	0.08516139632076974	0.14447583188762134	3	0.0	0.0	3	0.06786731974800918	0.05894172879043243	3	0.012583111275408303	0.018837774435012562	3	0.0	0.0	3	0.08516139632076974	0.14447583188762134	3	0.0	0.0	3	nan	nan	0
readchain_length_x_molecule_count__model_mismatched__d1200__sep1__cis0.65__bg0.05__a0__r4__m20	readchain_length_x_molecule_count	coarse	model_mismatched	blind_contrastive_monotone_log_midpoint_delta_pairwise	3	1200	1.0	0.35	0.05	0.0	4	20	none	MISMATCHED_OR_MOLECULE_COMPOSITE	0.264006287450889	0.018990095314861784	3	0.5477726885328053	0.03535549738740859	3	1.4876373853313296	0.07755392987003033	3	0.7137781423783998	0.02001346351201874	3	0.11897765828148939	0.034226905078947135	3	0.0860941987983545	0.031161241140542598	3	1.1311414449182837	0.3298606997967962	3	0.2856727384908952	0.030454286687101952	3	0.5489588248525297	0.028956100078034272	3	1.4164306419121668	0.047293429460491025	3	0.7133421023385921	0.02093475135381173	3	0.09601929653394076	0.02402385895811349	3	0.08142677440204178	0.031160930417068508	3	0.857719925176525	0.07896254089752236	3	5.9898038003933936	1.1182356110002654	3	0.6666666666666666	0.0	3	0.3333333333333333	0.2886751345948129	3	-0.1542087542087542	0.24384544133237157	3	0.27255998342955867	0.018536834517222427	3	0.5689621154048231	0.03761474770967888	3	0.24534409477469574	0.04144146942447926	3	0.5036892849949565	0.0423203524891578	3	0.2958956356333406	0.04115521621086338	3	0.5689621154048231	0.03761474770967888	3	0.2649495829335721	0.023802984624794694	3	0.5076993701979607	0.0199829578277307	3	0.6029819787169496	0.01568973594170938	3	0.6666666666666666	0.5773502691896258	3	0.3333333333333333	0.5773502691896258	3	0.0	0.0	3	0.0	0.0	3	0.6658333333333333	0.009824855102126327	3	0.6797561405568603	0.028932160362628016	3	0.23358340319208734	0.006089501128912219	3	0.1331985584353827	0.014880650975223285	3	0.0	0.0	3	0.0	0.0	3	0.0	0.0	3	0.02253438688908399	0.039030703009307444	3	0.0	0.0	3	0.0008771929824561404	0.0015193428136569098	3	0.0	0.0	3	0.0	0.0	3	0.023996375193177558	0.03782820345442538	3	0.0	0.0	3	0.0	0.0	3	0.0	0.0	3	0.0	0.0	3	0.0	0.0	3	0.0	0.0	3	0.8648853067009501	0.0013764262028666124	3
readchain_length_x_molecule_count__model_mismatched__d1200__sep1__cis0.65__bg0.05__a0__r4__m20	readchain_length_x_molecule_count	coarse	model_mismatched	blind_monotone_log_molecule_normalized_composite	3	1200	1.0	0.35	0.05	0.0	4	20	none	MISMATCHED_OR_MOLECULE_COMPOSITE	0.26048884755720597	0.02026786323280687	3	0.5460213630320886	0.039526684814866285	3	1.479995047902116	0.07298319746289257	3	0.7085646996844249	0.01619791961846174	3	0.1141705357606031	0.03670413148655521	3	0.07822418308646743	0.028826668130989788	3	1.115512111620437	0.33872174796455706	3	0.2900640742966492	0.03338919000869854	3	0.5466221906014471	0.0328963671858833	3	1.405947699068624	0.036326559126632955	3	0.7079348594918152	0.01612166555616644	3	0.08618258558212445	0.023578823298337725	3	0.0741420674405205	0.02804660576747517	3	0.8646878977548584	0.07022648350647374	3	5.984469939047796	1.1091307752007087	3	0.6666666666666666	0.0	3	0.3333333333333333	0.2886751345948129	3	-0.06801346801346801	0.1120681161627729	3	0.2674498946181253	0.019110051879770718	3	0.5668388230888182	0.039026741044609105	3	0.24569544410563693	0.035335223298156485	3	0.5022490019220203	0.04897786886606736	3	0.3041316178330847	0.049082001072269864	3	0.5668388230888182	0.039026741044609105	3	0.26094519729653337	0.015669389858101682	3	0.504549685415623	0.026131118180578543	3	1.3764177220873535	0.003697105315951926	3	0.6666666666666666	0.5773502691896258	3	0.3333333333333333	0.5773502691896258	3	0.0	0.0	3	0.0	0.0	3	0.7025	0.017638342073763948	3	0.614146267663075	0.03610585110328137	3	0.21025706469180724	0.009538542171430252	3	0.11203347932515394	0.010273023512239216	3	0.0	0.0	3	0.0	0.0	3	0.0	0.0	3	0.0	0.0	3	0.0	0.0	3	0.0	0.0	3	0.0	0.0	3	0.0	0.0	3	0.0	0.0	3	0.0	0.0	3	0.0	0.0	3	0.0	0.0	3	0.0	0.0	3	0.0	0.0	3	0.0	0.0	3	0.8647476356564963	0.000809559079467744	3
readchain_length_x_molecule_count__model_mismatched__d1200__sep1__cis0.65__bg0.05__a0__r4__m80	readchain_length_x_molecule_count	coarse	model_mismatched	ORACLE_coordinates_inference_monotone_log	3	1200	1.0	0.35	0.05	0.0	4	80	ORACLE_COORDINATES	MISMATCHED_INFERENCE_SCORE_OR_MOLECULE_COMPOSITE	0.3518800599348979	0.031015710420207246	3	0.5425208890964635	0.028627217579824508	3	1.3322601280192063	0.03562741031480857	3	0.6914947112365827	0.017420494921498886	3	0.03590101472482593	0.014130303031936721	3	0.035227490979834894	0.012862108854918066	3	0.0	0.0	3	0.3518800599348979	0.031015710420207246	3	0.5425208890964635	0.028627217579824508	3	1.3322601280192063	0.03562741031480857	3	0.6914947112365827	0.017420494921498886	3	0.03590101472482593	0.014130303031936721	3	0.035227490979834894	0.012862108854918066	3	1.0	0.0	3	0.0	0.0	3	1.0	0.0	3	1.0	0.0	3	1.0	0.0	3	0.3625689832696883	0.01828422343623871	3	0.5499797202424846	0.024377948344231095	3	0.3169896713178548	0.07818867313710373	3	0.5235578343275832	0.04282981689436305	3	0.3625689832696883	0.01828422343623871	3	0.5499797202424846	0.024377948344231095	3	0.3169896713178548	0.07818867313710373	3	0.5235578343275832	0.04282981689436305	3	0.0	0.0	3	1.0	0.0	3	0.0	0.0	3	0.0	0.0	3	0.0	0.0	3	nan	nan	0	nan	nan	0	nan	nan	0	nan	nan	0	0.07106164383561643	0.12308237759265138	3	0.0228310502283105	0.0395445389855908	3	0.0	0.0	3	0.08961187214611872	0.15521231551844392	3	0.0	0.0	3	0.07106164383561643	0.12308237759265138	3	0.0228310502283105	0.0395445389855908	3	0.0	0.0	3	0.08961187214611872	0.15521231551844392	3	0.0	0.0	3	0.07106164383561643	0.12308237759265138	3	0.0228310502283105	0.0395445389855908	3	0.0	0.0	3	0.08961187214611872	0.15521231551844392	3	0.0	0.0	3	nan	nan	0
readchain_length_x_molecule_count__model_mismatched__d1200__sep1__cis0.65__bg0.05__a0__r4__m80	readchain_length_x_molecule_count	coarse	model_mismatched	blind_contrastive_monotone_log_midpoint_delta_pairwise	3	1200	1.0	0.35	0.05	0.0	4	80	none	MISMATCHED_OR_MOLECULE_COMPOSITE	0.252003939389293	0.034158111512439526	3	0.5268362653316527	0.02560315155694354	3	1.5802785113583104	0.086267416133693	3	0.7907572028581233	0.056990129204506294	3	0.15152838041825809	0.042935365637270455	3	0.09691569012402616	0.05440856618426516	3	0.9688611795607566	0.2925248816342116	3	0.275703140644359	0.039748874519391963	3	0.5345327086215973	0.016856414530421977	3	1.5484626575761409	0.09805661126815804	3	0.7748548137559395	0.04832451150921418	3	0.13080750421238377	0.036347940255449136	3	0.09878618403676491	0.05849538965672184	3	0.8759271652079589	0.11691516627290263	3	3.6994623728744265	1.6622694441128978	3	0.6666666666666666	0.0	3	0.5	0.0	3	0.2323232323232323	0.13351686175239033	3	0.2679811141678264	0.055199028081218286	3	0.5432874813349071	0.03422133850437346	3	0.21894341005373727	0.016301708399356737	3	0.49327650764365555	0.039122796690168056	3	0.28743367837578476	0.05707760467728392	3	0.5432874813349071	0.03422133850437346	3	0.2506998269892224	0.02534739276938008	3	0.5148044192131774	0.02205388354093965	3	0.5609653028659523	0.04247396415794041	3	0.3333333333333333	0.5773502691896258	3	0.6666666666666666	0.5773502691896258	3	0.0	0.0	3	0.0	0.0	3	0.6780555555555555	0.032642139318054215	3	0.6548516597575156	0.047552273704181025	3	0.2257964448164669	0.017196291893786596	3	0.13298449930793022	0.013193838742499547	3	0.0	0.0	3	0.0	0.0	3	0.0	0.0	3	0.0	0.0	3	0.0	0.0	3	0.0	0.0	3	0.0	0.0	3	0.0	0.0	3	0.0	0.0	3	0.0	0.0	3	0.0	0.0	3	0.0	0.0	3	0.0	0.0	3	0.0	0.0	3	0.0	0.0	3	0.8445244820871295	0.01856419886517754	3
readchain_length_x_molecule_count__model_mismatched__d1200__sep1__cis0.65__bg0.05__a0__r4__m80	readchain_length_x_molecule_count	coarse	model_mismatched	blind_monotone_log_molecule_normalized_composite	3	1200	1.0	0.35	0.05	0.0	4	80	none	MISMATCHED_OR_MOLECULE_COMPOSITE	0.2554251803568169	0.023986308873154758	3	0.5274041107705724	0.019654782888384154	3	1.5110726770957659	0.06423018105904107	3	0.7527234932949023	0.04666154122096297	3	0.10835389550684198	0.027145644164848007	3	0.05988392721630509	0.016873629628543482	3	0.946310943797872	0.24956858039456314	3	0.265702332927151	0.030522825915799436	3	0.5268255206769865	0.003628574038222151	3	1.487240574389829	0.08418458863436427	3	0.7352094602154016	0.007287496693088602	3	0.09807674293650788	0.03475766663163615	3	0.06024662020708547	0.006001578529288862	3	0.9008959280108358	0.07827449559180864	3	3.6381904426775407	1.5542969607175154	3	0.6666666666666666	0.0	3	0.16666666666666666	0.2886751345948129	3	0.051851851851851836	0.24960193455874724	3	0.2647319045524557	0.021519690706545594	3	0.5408350875131478	0.014323983355155981	3	0.23281752954884305	0.03286889896365962	3	0.49692371445131434	0.039151036781239885	3	0.27536835943159377	0.04213486414625114	3	0.5408350875131478	0.014323983355155981	3	0.24383028061402778	0.008413323494376526	3	0.4953614317996298	0.0372760278422811	3	3.9311551097780466	0.04809236686337561	3	0.3333333333333333	0.5773502691896258	3	0.6666666666666666	0.5773502691896258	3	0.0	0.0	3	0.0	0.0	3	0.8283333333333333	0.044464405239847016	3	0.3712522516033963	0.061297368450938174	3	0.12461929989639092	0.02400018145433991	3	0.05863461913130241	0.016565065814972052	3	0.00028563267637817766	0.0004947303077888825	3	0.00028563267637817766	0.0004947303077888825	3	0.00028563267637817766	0.0004947303077888825	3	0.0048515981735159815	0.008403214534438045	3	0.0	0.0	3	0.004281066466332515	0.0066866697426313905	3	0.00028563267637817766	0.0004947303077888825	3	0.00028563267637817766	0.0004947303077888825	3	0.0	0.0	3	0.0	0.0	3	0.0	0.0	3	0.0	0.0	3	0.0	0.0	3	0.0	0.0	3	0.0	0.0	3	0.8438743010337627	0.017648972883731674	3
readchain_length_x_molecule_count__model_mismatched__d1200__sep1__cis0.65__bg0.05__a0__r6__m0	readchain_length_x_molecule_count	coarse	model_mismatched	ORACLE_coordinates_generator_conditional	3	1200	1.0	0.35	0.05	0.0	6	0	ORACLE_COORDINATES_AND_GENERATOR	ORACLE_GENERATOR_CONDITIONAL	0.3593982648173441	0.02501720902467889	3	0.607699953189825	0.03404346940454226	3	1.2687700679332243	0.017430435875274167	3	0.6549982984569548	0.013252811811807302	3	0.024439184934754093	0.007643525203370044	3	0.02572661888371491	0.020450850326879464	3	0.0	0.0	3	0.3593982648173441	0.02501720902467889	3	0.607699953189825	0.03404346940454226	3	1.2687700679332243	0.017430435875274167	3	0.6549982984569548	0.013252811811807302	3	0.024439184934754093	0.007643525203370044	3	0.02572661888371491	0.020450850326879464	3	1.0	0.0	3	0.0	0.0	3	1.0	0.0	3	1.0	0.0	3	1.0	0.0	3	0.4094125700753138	0.03401776253109967	3	0.6462955223651577	0.04420109609813815	3	0.26856464339064373	0.013370890988206137	3	0.5379503048436849	0.027442540416042886	3	0.4094125700753138	0.03401776253109967	3	0.6462955223651577	0.04420109609813815	3	0.26856464339064373	0.013370890988206137	3	0.5379503048436849	0.027442540416042886	3	0.0	0.0	3	1.0	0.0	3	0.0	0.0	3	0.0	0.0	3	0.0	0.0	3	nan	nan	0	nan	nan	0	nan	nan	0	nan	nan	0	0.14457547018576586	0.09486607543961906	3	0.08365683652989118	0.046194429179076534	3	0.009923757125727002	0.010524595340837436	3	0.3849566204336033	0.22995441287233026	3	0.009923757125727002	0.010524595340837436	3	0.14457547018576586	0.09486607543961906	3	0.08365683652989118	0.046194429179076534	3	0.009923757125727002	0.010524595340837436	3	0.3849566204336033	0.22995441287233026	3	0.009923757125727002	0.010524595340837436	3	0.14457547018576586	0.09486607543961906	3	0.08365683652989118	0.046194429179076534	3	0.009923757125727002	0.010524595340837436	3	0.3849566204336033	0.22995441287233026	3	0.009923757125727002	0.010524595340837436	3	nan	nan	0
readchain_length_x_molecule_count__model_mismatched__d1200__sep1__cis0.65__bg0.05__a0__r6__m0	readchain_length_x_molecule_count	coarse	model_mismatched	ORACLE_coordinates_inference_monotone_log	3	1200	1.0	0.35	0.05	0.0	6	0	ORACLE_COORDINATES	MISMATCHED_INFERENCE_SCORE_OR_MOLECULE_COMPOSITE	0.36551693181745315	0.02323280236990362	3	0.5668430063674662	0.038510135112883544	3	1.3197031527330003	0.02717018436781916	3	0.693644320438293	0.028232070718578445	3	0.0533866826235978	0.004657616077144156	3	0.040287296409672095	0.010837452992054986	3	0.0	0.0	3	0.36551693181745315	0.02323280236990362	3	0.5668430063674662	0.038510135112883544	3	1.3197031527330003	0.02717018436781916	3	0.693644320438293	0.028232070718578445	3	0.0533866826235978	0.004657616077144156	3	0.040287296409672095	0.010837452992054986	3	1.0	0.0	3	0.0	0.0	3	1.0	0.0	3	1.0	0.0	3	1.0	0.0	3	0.4094125700753138	0.03401776253109967	3	0.5915311252543564	0.04668316127404231	3	0.28596935928706935	0.0045488648155177554	3	0.5223797693094471	0.027221817826040485	3	0.4094125700753138	0.03401776253109967	3	0.5915311252543564	0.04668316127404231	3	0.28596935928706935	0.0045488648155177554	3	0.5223797693094471	0.027221817826040485	3	0.0	0.0	3	1.0	0.0	3	0.0	0.0	3	0.0	0.0	3	0.0	0.0	3	nan	nan	0	nan	nan	0	nan	nan	0	nan	nan	0	0.004657933042212519	0.00806777668736595	3	0.0	0.0	3	0.0	0.0	3	0.13656387665198239	0.23653557283980264	3	0.0	0.0	3	0.004657933042212519	0.00806777668736595	3	0.0	0.0	3	0.0	0.0	3	0.13656387665198239	0.23653557283980264	3	0.0	0.0	3	0.004657933042212519	0.00806777668736595	3	0.0	0.0	3	0.0	0.0	3	0.13656387665198239	0.23653557283980264	3	0.0	0.0	3	nan	nan	0
readchain_length_x_molecule_count__model_mismatched__d1200__sep1__cis0.65__bg0.05__a0__r6__m0	readchain_length_x_molecule_count	coarse	model_mismatched	blind_normalized_endpoint_monotone_log_midpoint_delta_pairwise	3	1200	1.0	0.35	0.05	0.0	6	0	none	MISMATCHED_OR_MOLECULE_COMPOSITE	0.24519554469730487	0.04273692863521517	3	0.46880967495783876	0.02871185340506936	3	1.7708216391413047	0.16812783514474405	3	0.8984639369612709	0.13714281923348476	3	0.3094222118201751	0.05934292088969908	3	0.19415247010090161	0.06783895989122425	3	1.098673927685504	0.11663241077347324	3	0.26036460637772607	0.02197025013373346	3	0.45564511474905256	0.036301007494571574	3	1.7555003179078705	0.21240223954759477	3	0.8983729296207034	0.136987761181644	3	0.294253150139754	0.0671912089168052	3	0.20731703030968784	0.074980577072471	3	0.9026435586736864	0.026066758723399336	3	5.731986715661077	0.9618610423895849	3	0.6666666666666666	0.0	3	0.16666666666666666	0.2886751345948129	3	0.08686868686868686	0.034521227253808184	3	0.25356640406023206	0.06718650439671109	3	0.4452149925089359	0.044391055631415405	3	0.22918863949294058	0.007546904962527442	3	0.5110719271116078	0.005613403108330395	3	0.27343356874192715	0.055929353892738835	3	0.4452149925089359	0.044391055631415405	3	0.23551275801377117	0.040678642099136735	3	0.47428099039027094	0.02260037896069122	3	0.5207457891665399	0.0361792289035949	3	1.0	0.0	3	0.0	0.0	3	0.0	0.0	3	0.0	0.0	3	0.9461111111111111	0.005853140973807102	3	0.1832962205552748	0.01656872841244573	3	0.04651005423827329	0.006031982329846327	3	0.048861024949776614	0.01061100999494558	3	0.0	0.0	3	0.0	0.0	3	0.0	0.0	3	0.011160058737151249	0.01932978874819892	3	0.0	0.0	3	0.0	0.0	3	0.0	0.0	3	0.0	0.0	3	0.011160058737151249	0.01932978874819892	3	0.0	0.0	3	0.0	0.0	3	0.0	0.0	3	0.0	0.0	3	0.011160058737151249	0.01932978874819892	3	0.0	0.0	3	0.8950159576772637	0.023360692371501943	3
readchain_length_x_molecule_count__model_mismatched__d1200__sep1__cis0.65__bg0.05__a0__r6__m20	readchain_length_x_molecule_count	coarse	model_mismatched	ORACLE_coordinates_inference_monotone_log	3	1200	1.0	0.35	0.05	0.0	6	20	ORACLE_COORDINATES	MISMATCHED_INFERENCE_SCORE_OR_MOLECULE_COMPOSITE	0.34151599260288973	0.01570207634924644	3	0.5603904389945532	0.02205362135371329	3	1.333102262918283	0.012114705663890519	3	0.7016249377592532	0.010021299309539496	3	0.05753114002783375	0.004398803482864336	3	0.04668684245652204	0.025063857456674558	3	0.0	0.0	3	0.34151599260288973	0.01570207634924644	3	0.5603904389945532	0.02205362135371329	3	1.333102262918283	0.012114705663890519	3	0.7016249377592532	0.010021299309539496	3	0.05753114002783375	0.004398803482864336	3	0.04668684245652204	0.025063857456674558	3	1.0	0.0	3	0.0	0.0	3	1.0	0.0	3	1.0	0.0	3	1.0	0.0	3	0.37938297519546804	0.017088204740909534	3	0.5834171691165082	0.03808890321553108	3	0.23412216828478963	0.015311836020564972	3	0.4954490291262135	0.026383616405334803	3	0.37938297519546804	0.017088204740909534	3	0.5834171691165082	0.03808890321553108	3	0.23412216828478963	0.015311836020564972	3	0.4954490291262135	0.026383616405334803	3	0.0	0.0	3	1.0	0.0	3	0.0	0.0	3	0.0	0.0	3	0.0	0.0	3	nan	nan	0	nan	nan	0	nan	nan	0	nan	nan	0	0.05320678746045441	0.09215685918902568	3	0.0	0.0	3	0.0	0.0	3	0.0	0.0	3	0.0	0.0	3	0.05320678746045441	0.09215685918902568	3	0.0	0.0	3	0.0	0.0	3	0.0	0.0	3	0.0	0.0	3	0.05320678746045441	0.09215685918902568	3	0.0	0.0	3	0.0	0.0	3	0.0	0.0	3	0.0	0.0	3	nan	nan	0
readchain_length_x_molecule_count__model_mismatched__d1200__sep1__cis0.65__bg0.05__a0__r6__m20	readchain_length_x_molecule_count	coarse	model_mismatched	blind_contrastive_monotone_log_midpoint_delta_pairwise	3	1200	1.0	0.35	0.05	0.0	6	20	none	MISMATCHED_OR_MOLECULE_COMPOSITE	0.2472206807967441	0.018837865994948928	3	0.5457017311534956	0.02597745518902719	3	1.5576409403219194	0.027536159284785918	3	0.7321676983248308	0.044250650013702576	3	0.16667507849782096	0.026395389264570298	3	0.10232747777177681	0.048009528135958775	3	1.008379567457709	0.052203353030300194	3	0.29737651300322715	0.018835575812080885	3	0.5474198890439077	0.03520567524714508	3	1.4368544680362871	0.07754280289022386	3	0.7296179177808361	0.056472173676346354	3	0.11709744808376354	0.02221904978664702	3	0.10060931988136469	0.05558303630142103	3	0.8782191079793726	0.04598230823669086	3	6.814936845628588	0.988834272881343	3	0.6666666666666666	0.0	3	0.3333333333333333	0.2886751345948129	3	0.25252525252525254	0.31708806720377253	3	0.24576923567494094	0.032031298127286056	3	0.5653456654476677	0.042064177417875916	3	0.2525620280474649	0.036255374459823145	3	0.49152732829917295	0.02491509613821496	3	0.3160879792861295	0.02104601933813591	3	0.5653456654476677	0.042064177417875916	3	0.24459501977705864	0.01644816503132442	3	0.497291891405969	0.01870393772556736	3	0.5315927395907541	0.0009999707629150076	3	0.6666666666666666	0.5773502691896258	3	0.3333333333333333	0.5773502691896258	3	0.0	0.0	3	0.0	0.0	3	0.6394444444444444	0.01155702447928593	3	0.7114783551887299	0.012298835263699272	3	0.24718397830509842	0.00606705251588686	3	0.1435647237419033	0.0106427399108315	3	0.0	0.0	3	0.0	0.0	3	0.0	0.0	3	0.016681046879493816	0.028892420718721567	3	0.0	0.0	3	0.03278688524590164	0.05678855106783204	3	0.007765314926660914	0.013449919989749695	3	0.0	0.0	3	0.052632574979425716	0.09041352482385742	3	0.001439017314772276	0.0017956102931226314	3	0.0	0.0	3	0.0	0.0	3	0.0	0.0	3	0.0	0.0	3	0.0	0.0	3	0.8535717564666058	0.006518251873661025	3
readchain_length_x_molecule_count__model_mismatched__d1200__sep1__cis0.65__bg0.05__a0__r6__m20	readchain_length_x_molecule_count	coarse	model_mismatched	blind_monotone_log_molecule_normalized_composite	3	1200	1.0	0.35	0.05	0.0	6	20	none	MISMATCHED_OR_MOLECULE_COMPOSITE	0.24373502773849395	0.00760566789314691	3	0.5431058148294273	0.025979698259208945	3	1.519535198840878	0.02153980917584658	3	0.7173946624225348	0.02826590121603413	3	0.14504517764334987	0.009606425046015027	3	0.07697468114383468	0.04070336576379029	3	1.0008797009198724	0.04868966173181366	3	0.3045890586455134	0.02085496224914458	3	0.5471248067721836	0.03814888923736906	3	1.4173737173001684	0.060509565264038	3	0.7148885450567476	0.04076845552026189	3	0.10623713935173694	0.002064954943615459	3	0.0761074008161464	0.04819925514451979	3	0.8837277409152123	0.04261693760319529	3	6.811256758549409	0.9857864292215929	3	0.6666666666666666	0.0	3	0.3333333333333333	0.2886751345948129	3	0.23636363636363636	0.2809751701125448	3	0.24268310948577923	0.023399570761678135	3	0.5641894750651864	0.044325620373401584	3	0.24816837468536498	0.03896641699741914	3	0.4850548363897878	0.03079754290196642	3	0.3243176066077393	0.024221066495643664	3	0.5641894750651864	0.044325620373401584	3	0.24906733189500177	0.01431916990169615	3	0.49944938870909744	0.022748244408656124	3	1.4945920050765078	0.048566720346266384	3	0.6666666666666666	0.5773502691896258	3	0.3333333333333333	0.5773502691896258	3	0.0	0.0	3	0.0	0.0	3	0.7602777777777777	0.019761307124258245	3	0.5154825562168043	0.02183255709003817	3	0.1752434529855731	0.009574407285429779	3	0.11471853162182975	0.0046934260323235845	3	0.0	0.0	3	0.0	0.0	3	0.0	0.0	3	0.003463203463203463	0.005998444355216891	3	0.0	0.0	3	0.02645959160195571	0.04582935700211006	3	0.007190106413574922	0.012453629620138606	3	0.0	0.0	3	0.06846176544192074	0.10970465248904568	3	0.0020142258278582695	0.002772935772610151	3	0.0	0.0	3	0.0	0.0	3	0.0	0.0	3	0.02136493168583368	0.025332740733432304	3	0.0	0.0	3	0.8538405053496615	0.005994800260136468	3
readchain_length_x_molecule_count__model_mismatched__d1200__sep1__cis0.65__bg0.05__a0__r6__m80	readchain_length_x_molecule_count	coarse	model_mismatched	ORACLE_coordinates_inference_monotone_log	3	1200	1.0	0.35	0.05	0.0	6	80	ORACLE_COORDINATES	MISMATCHED_INFERENCE_SCORE_OR_MOLECULE_COMPOSITE	0.3175	0.02126225137028845	3	0.5208333333333334	0.023377933565175906	3	1.4104733260455677	0.014977151919384592	3	0.7074184582347044	0.011994882363551417	3	0.08846724321473977	0.015802463856820572	3	0.054024032154232716	0.028012698079966945	3	0.0	0.0	3	0.3175	0.02126225137028845	3	0.5208333333333334	0.023377933565175906	3	1.4104733260455677	0.014977151919384592	3	0.7074184582347044	0.011994882363551417	3	0.08846724321473977	0.015802463856820572	3	0.054024032154232716	0.028012698079966945	3	1.0	0.0	3	0.0	0.0	3	1.0	0.0	3	1.0	0.0	3	1.0	0.0	3	0.3178211900665053	0.023352601333019758	3	0.5212995604803842	0.02282210802653726	3	0.1588235294117647	0.22461038931807978	2	0.4372549019607843	0.14696729177602752	2	0.3178211900665053	0.023352601333019758	3	0.5212995604803842	0.02282210802653726	3	0.1588235294117647	0.22461038931807978	2	0.4372549019607843	0.14696729177602752	2	0.0	0.0	3	1.0	0.0	3	0.0	0.0	3	0.0	0.0	3	0.0	0.0	3	nan	nan	0	nan	nan	0	nan	nan	0	nan	nan	0	0.0	0.0	3	0.0	0.0	3	0.0	0.0	3	0.0	0.0	3	0.0	0.0	3	0.0	0.0	3	0.0	0.0	3	0.0	0.0	3	0.0	0.0	3	0.0	0.0	3	0.0	0.0	3	0.0	0.0	3	0.0	0.0	3	0.0	0.0	3	0.0	0.0	3	nan	nan	0
readchain_length_x_molecule_count__model_mismatched__d1200__sep1__cis0.65__bg0.05__a0__r6__m80	readchain_length_x_molecule_count	coarse	model_mismatched	blind_contrastive_monotone_log_midpoint_delta_pairwise	3	1200	1.0	0.35	0.05	0.0	6	80	none	MISMATCHED_OR_MOLECULE_COMPOSITE	0.24833333333333332	0.03876567783204334	3	0.5261111111111111	0.018788540636762045	3	1.386885710607557	0.003479356646558506	3	0.693068893381568	0.00012067878712201526	3	0.030359467095547894	0.01788159010768016	3	0.025666068551630377	0.018778982173908255	3	1.1739224712004541	0.14829225799496298	3	0.25666666666666665	0.03253203549323855	3	0.523888888888889	0.01573066126085304	3	1.3845065432944041	0.002316010281581152	3	0.6930707732880915	0.00011742358234464189	3	0.022026133762214562	0.01680145943091981	3	0.02344384632940814	0.015767286650071592	3	0.8671995093415136	0.04430148373363187	3	5.672412978377917	2.1618033493012745	3	0.7777777777777777	0.1924500897298753	3	0.6666666666666666	0.28867513459481287	3	0.032996632996633	0.2888912434271029	3	0.24736718086194542	0.039762762675509135	3	0.5257649956888923	0.01866085508564891	3	0.2901960784313725	0.061005290925898195	2	0.5542483660130719	0.0018486451795726667	2	0.2555634937667785	0.032481728985472254	3	0.5257649956888923	0.01866085508564891	3	0.3137254901960784	0.02772967769359008	2	0.5071895424836601	0.06839987164418894	2	0.7712460234761238	0.2281449866802564	3	0.0	0.0	3	1.0	0.0	3	0.0	0.0	3	0.0	0.0	3	0.5463888888888889	0.019831465831779492	3	0.7286711187940998	0.027280251987913232	3	0.264705232819789	0.010600333940371444	3	0.2030784832150285	0.03683078410515149	3	0.0	0.0	3	0.0	0.0	3	0.0	0.0	3	0.0	0.0	3	0.0	0.0	3	0.0	0.0	3	0.0	0.0	3	0.0	0.0	3	0.0	0.0	3	0.0	0.0	3	0.0	0.0	3	0.0	0.0	3	0.0	0.0	3	0.0	0.0	3	0.0	0.0	3	0.8266448934937763	0.01426878295808871	3
readchain_length_x_molecule_count__model_mismatched__d1200__sep1__cis0.65__bg0.05__a0__r6__m80	readchain_length_x_molecule_count	coarse	model_mismatched	blind_monotone_log_molecule_normalized_composite	3	1200	1.0	0.35	0.05	0.0	6	80	none	MISMATCHED_OR_MOLECULE_COMPOSITE	0.2605555555555556	0.0123696911545624	3	0.5072222222222222	0.011252571722516145	3	1.3862940811678532	5.529663734426503e-07	3	0.6931471801569175	6.635071721821307e-10	3	0.010554198105680812	0.012365805641273559	3	0.0099999992554571	0.007406828101718898	3	1.1765604886887255	0.1413373062351925	3	0.25805555555555554	0.01716612728386709	3	0.5080555555555556	0.009658521472618722	3	1.3862934730652652	8.742132509631018e-07	3	0.6931471801572996	6.634042714599129e-10	3	0.014720864772347483	0.008176282669443764	3	0.008611110366568253	0.008910562757814405	3	0.8653214381697896	0.041167710898500146	3	5.675960943297459	2.1643371957896433	3	0.6666666666666666	0.0	3	0.3333333333333333	0.2886751345948129	3	-0.07609427609427608	0.36708428972236984	3	0.26219214801092905	0.01408746892560588	3	0.5077426802162205	0.010301112453157197	3	0.1673202614379085	0.07949174272162496	2	0.5130718954248366	0.0600809683361119	2	0.2608208141780845	0.018164892918308723	3	0.5077426802162205	0.010301112453157197	3	0.18758169934640523	0.048989097258675826	2	0.48104575163398694	0.051762065028034904	2	4.294503945236404	0.12864747992695452	3	0.0	0.0	3	1.0	0.0	3	0.0	0.0	3	0.0	0.0	3	1.0	0.0	3	9.992007221626415e-16	0.0	3	1e-30	0.0	3	1.1102230246251565e-15	0.0	3	0.0008333333333333334	0.0008333333333333334	3	0.0008333333333333334	0.0008333333333333334	3	0.0008333333333333334	0.0008333333333333334	3	0.012500000000000002	0.006009252125773316	3	0.0011111111111111111	0.0019245008972987529	3	0.0	0.0	3	0.0	0.0	3	0.0	0.0	3	0.012500000000000002	0.006009252125773316	3	0.001388888888888889	0.0017347216662217774	3	0.0011111111111111111	0.0012729376930432888	3	0.0008333333333333334	0.0008333333333333334	3	0.0008333333333333334	0.0008333333333333334	3	0.012500000000000002	0.006009252125773316	3	0.0011111111111111111	0.0019245008972987529	3	0.8244711787849557	0.014562431213778575	3
readchain_length_x_molecule_count__well_specified__d1200__sep1__cis0.65__bg0.05__a0__r2__m0	readchain_length_x_molecule_count	coarse	well_specified	ORACLE_coordinates_generator_conditional	3	1200	1.0	0.35	0.05	0.0	2	0	ORACLE_COORDINATES_AND_GENERATOR	ORACLE_GENERATOR_CONDITIONAL	0.39112996052669224	0.01394683350514243	3	0.5635407705078674	0.019162758898565183	3	1.2841148209990687	0.013668504295112396	3	0.6735482524318344	0.009076325276169488	3	0.02108980571509451	0.001550902309057931	3	0.020358429336581503	0.006850684191835155	3	0.0	0.0	3	0.39112996052669224	0.01394683350514243	3	0.5635407705078674	0.019162758898565183	3	1.2841148209990687	0.013668504295112396	3	0.6735482524318344	0.009076325276169488	3	0.02108980571509451	0.001550902309057931	3	0.020358429336581503	0.006850684191835155	3	1.0	0.0	3	0.0	0.0	3	1.0	0.0	3	1.0	0.0	3	1.0	0.0	3	0.42519207812111914	0.03613611750629572	3	0.5903755098233218	0.03970008636909232	3	0.3316713522812926	0.05713294579448383	3	0.5180267841926031	0.029393440465960312	3	0.42519207812111914	0.03613611750629572	3	0.5903755098233218	0.03970008636909232	3	0.3316713522812926	0.05713294579448383	3	0.5180267841926031	0.029393440465960312	3	0.0	0.0	3	1.0	0.0	3	0.0	0.0	3	0.0	0.0	3	0.0	0.0	3	nan	nan	0	nan	nan	0	nan	nan	0	nan	nan	0	0.23724581718430196	0.08279120049687928	3	0.0927511549864219	0.027488532228435253	3	0.0	0.0	3	0.2035855181202737	0.1042873907514344	3	0.0	0.0	3	0.23724581718430196	0.08279120049687928	3	0.0927511549864219	0.027488532228435253	3	0.0	0.0	3	0.2035855181202737	0.1042873907514344	3	0.0	0.0	3	0.23724581718430196	0.08279120049687928	3	0.0927511549864219	0.027488532228435253	3	0.0	0.0	3	0.2035855181202737	0.1042873907514344	3	0.0	0.0	3	nan	nan	0
readchain_length_x_molecule_count__well_specified__d1200__sep1__cis0.65__bg0.05__a0__r2__m0	readchain_length_x_molecule_count	coarse	well_specified	ORACLE_coordinates_inference_monotone_log	3	1200	1.0	0.35	0.05	0.0	2	0	ORACLE_COORDINATES	MATCHED_PAIRWISE_ENDPOINT_LIKELIHOOD	0.39112996052669224	0.01394683350514243	3	0.5635407705078674	0.019162758898565183	3	1.2841148209990687	0.013668504295112453	3	0.6735482524318344	0.009076325276169488	3	0.021089805715094518	0.0015509023090579412	3	0.02035842933658152	0.006850684191835132	3	0.0	0.0	3	0.39112996052669224	0.01394683350514243	3	0.5635407705078674	0.019162758898565183	3	1.2841148209990687	0.013668504295112453	3	0.6735482524318344	0.009076325276169488	3	0.021089805715094518	0.0015509023090579412	3	0.02035842933658152	0.006850684191835132	3	1.0	0.0	3	0.0	0.0	3	1.0	0.0	3	1.0	0.0	3	1.0	0.0	3	0.42519207812111914	0.03613611750629572	3	0.5903755098233218	0.03970008636909232	3	0.3316713522812926	0.05713294579448383	3	0.5180267841926031	0.029393440465960312	3	0.42519207812111914	0.03613611750629572	3	0.5903755098233218	0.03970008636909232	3	0.3316713522812926	0.05713294579448383	3	0.5180267841926031	0.029393440465960312	3	0.0	0.0	3	1.0	0.0	3	0.0	0.0	3	0.0	0.0	3	0.0	0.0	3	nan	nan	0	nan	nan	0	nan	nan	0	nan	nan	0	0.23724581718430196	0.08279120049687928	3	0.0927511549864219	0.027488532228435253	3	0.0	0.0	3	0.2035855181202737	0.1042873907514344	3	0.0	0.0	3	0.23724581718430196	0.08279120049687928	3	0.0927511549864219	0.027488532228435253	3	0.0	0.0	3	0.2035855181202737	0.1042873907514344	3	0.0	0.0	3	0.23724581718430196	0.08279120049687928	3	0.0927511549864219	0.027488532228435253	3	0.0	0.0	3	0.2035855181202737	0.1042873907514344	3	0.0	0.0	3	nan	nan	0
readchain_length_x_molecule_count__well_specified__d1200__sep1__cis0.65__bg0.05__a0__r2__m0	readchain_length_x_molecule_count	coarse	well_specified	blind_normalized_endpoint_monotone_log_midpoint_delta_pairwise	3	1200	1.0	0.35	0.05	0.0	2	0	none	MATCHED_PAIRWISE_ENDPOINT_LIKELIHOOD	0.28853325404284247	0.03872351726104079	3	0.5155359838689259	0.01021817382841501	3	1.5246243371723782	0.11756050256214565	3	0.7389913472554994	0.04015954097485625	3	0.20036802551189034	0.06035265721568536	3	0.10056104174605374	0.02663893202874596	3	1.0795863178545402	0.13048536680630476	3	0.3091271281354646	0.018337943166196823	3	0.5129090774268589	0.018483271898416958	3	1.4705053667610726	0.08333031913305078	3	0.7392658912709867	0.040255519613611304	3	0.17977415141926825	0.049582930275521554	3	0.10368190212675976	0.03799043898755382	3	0.8730255928749546	0.010904848569389197	3	4.101164614360564	1.7397367676604394	3	0.7777777777777777	0.1924500897298753	3	0.6666666666666666	0.28867513459481287	3	-0.20808080808080806	0.25773217670815446	3	0.3192094669468854	0.05960525683281128	3	0.5175822463300283	0.01487683468484278	3	0.235969740606624	0.034960167685480416	3	0.5118742067981202	0.012943874122223423	3	0.35732769931445924	0.02678203182723417	3	0.5175822463300283	0.01487683468484278	3	0.2246733294269884	0.00916115536308839	3	0.5046669667149177	0.02565818585352247	3	0.5262294352675477	0.02744569773524422	3	1.0	0.0	3	0.0	0.0	3	0.0	0.0	3	0.0	0.0	3	0.756388888888889	0.1978097664517698	3	0.4599240070172897	0.2160758629074385	3	0.15281649394368	0.08994626812747869	3	0.11091974567625291	0.07752419524634757	3	0.09608598530616559	0.06306670833131782	3	0.04777391482260179	0.042704475455232996	3	0.0	0.0	3	0.10991313296551945	0.019621649402334837	3	0.0	0.0	3	0.12794272709234059	0.03530068560816043	3	0.08081739308347137	0.0190640405739299	3	0.0	0.0	3	0.10991313296551945	0.019621649402334837	3	0.0	0.0	3	0.10215164014278927	0.04282825691758927	3	0.0628250769056023	0.008184834485916486	3	0.0	0.0	3	0.10086727094464887	0.019716507323293022	3	0.0	0.0	3	0.6978434535570548	0.1258224429492486	3
readchain_length_x_molecule_count__well_specified__d1200__sep1__cis0.65__bg0.05__a0__r2__m20	readchain_length_x_molecule_count	coarse	well_specified	ORACLE_coordinates_inference_monotone_log	3	1200	1.0	0.35	0.05	0.0	2	20	ORACLE_COORDINATES	MISMATCHED_INFERENCE_SCORE_OR_MOLECULE_COMPOSITE	0.37678831115931205	0.055047089387149	3	0.5786352581124524	0.027446287701718024	3	1.2794722518808126	0.07883594075241256	3	0.6624259433176083	0.02363340679230469	3	0.018081725109032935	0.007199051055810894	3	0.011157353583985239	0.005279970263635266	3	0.0	0.0	3	0.37678831115931205	0.055047089387149	3	0.5786352581124524	0.027446287701718024	3	1.2794722518808126	0.07883594075241256	3	0.6624259433176083	0.02363340679230469	3	0.018081725109032935	0.007199051055810894	3	0.011157353583985239	0.005279970263635266	3	1.0	0.0	3	0.0	0.0	3	1.0	0.0	3	1.0	0.0	3	1.0	0.0	3	0.4119900453969864	0.07610308174237285	3	0.6195660196870106	0.029878409187782697	3	0.3084549030985433	0.04160233522524159	3	0.4988046270334836	0.030074938234353917	3	0.4119900453969864	0.07610308174237285	3	0.6195660196870106	0.029878409187782697	3	0.3084549030985433	0.04160233522524159	3	0.4988046270334836	0.030074938234353917	3	0.0	0.0	3	1.0	0.0	3	0.0	0.0	3	0.0	0.0	3	0.0	0.0	3	nan	nan	0	nan	nan	0	nan	nan	0	nan	nan	0	0.29660027691746416	0.2540833497871477	3	0.1161731663648859	0.15763570679402306	3	0.0	0.0	3	0.18992559455881683	0.23871529907609945	3	0.0	0.0	3	0.29660027691746416	0.2540833497871477	3	0.1161731663648859	0.15763570679402306	3	0.0	0.0	3	0.18992559455881683	0.23871529907609945	3	0.0	0.0	3	0.29660027691746416	0.2540833497871477	3	0.1161731663648859	0.15763570679402306	3	0.0	0.0	3	0.18992559455881683	0.23871529907609945	3	0.0	0.0	3	nan	nan	0
readchain_length_x_molecule_count__well_specified__d1200__sep1__cis0.65__bg0.05__a0__r2__m20	readchain_length_x_molecule_count	coarse	well_specified	blind_contrastive_monotone_log_midpoint_delta_pairwise	3	1200	1.0	0.35	0.05	0.0	2	20	none	MISMATCHED_OR_MOLECULE_COMPOSITE	0.23828164852652378	0.01834362833209383	3	0.5161434356156402	0.017918618892254757	3	1.6552944967403278	0.06854520684098474	3	0.7833603201450433	0.03056687151836929	3	0.2227779776782904	0.01620977566062753	3	0.15376167008104538	0.034084174272953356	3	1.0483387130579742	0.0906041232042478	3	0.2675214146083951	0.03289796611437161	3	0.5132194590074531	0.014269965642399289	3	1.5603416211641825	0.09654422109523385	3	0.7848594811631896	0.028218963894126033	3	0.19954426346584583	0.04924647489515619	3	0.1520072841161331	0.03689164579958225	3	0.8296406130703918	0.10800302683366547	3	4.9943719591347175	2.497341816796856	3	0.8888888888888888	0.1924500897298753	3	0.6666666666666666	0.5773502691896258	3	0.40740740740740744	0.1847279325762729	3	0.22663964847328685	0.04300153736140834	3	0.5337452492890247	0.01635034958126522	3	0.2600956243005171	0.030122062865783634	3	0.48158410461016476	0.029386759962016482	3	0.2833867440943771	0.05921097441223062	3	0.5337452492890247	0.01635034958126522	3	0.2372529847066084	0.021647957461069355	3	0.4731238677235319	0.014979709243030825	3	0.5514561313514909	0.019036072489564137	3	0.6666666666666666	0.5773502691896258	3	0.3333333333333333	0.5773502691896258	3	0.0	0.0	3	0.0	0.0	3	0.6741666666666667	0.037425852621476	3	0.6506184715594631	0.027864344121660622	3	0.22366712659837829	0.013788590580524422	3	0.10531809488391848	0.025785293444638847	3	0.0	0.0	3	0.0	0.0	3	0.0	0.0	3	0.004914715235617231	0.00851253649282189	3	0.0	0.0	3	0.0	0.0	3	0.0	0.0	3	0.0	0.0	3	0.004914715235617231	0.00851253649282189	3	0.0	0.0	3	0.0	0.0	3	0.0	0.0	3	0.0	0.0	3	0.0	0.0	3	0.0	0.0	3	0.8546610759773196	0.018175739751619298	3
readchain_length_x_molecule_count__well_specified__d1200__sep1__cis0.65__bg0.05__a0__r2__m20	readchain_length_x_molecule_count	coarse	well_specified	blind_monotone_log_molecule_normalized_composite	3	1200	1.0	0.35	0.05	0.0	2	20	none	MISMATCHED_OR_MOLECULE_COMPOSITE	0.23828164852652378	0.01834362833209383	3	0.5161434356156402	0.017918618892254757	3	1.6552944967403278	0.06854520684098471	3	0.7833603201450435	0.030566871518368715	3	0.22277797767829052	0.016209775660627382	3	0.15376167008104552	0.03408417427295302	3	1.0483387130579744	0.09060412320424732	3	0.2675214146083951	0.03289796611437161	3	0.5132194590074531	0.014269965642399289	3	1.5603416211641827	0.09654422109523267	3	0.7848594811631898	0.02821896389412552	3	0.19954426346584594	0.04924647489515586	3	0.15200728411613323	0.03689164579958191	3	0.8296406130703918	0.10800302683366547	3	4.9943719591347175	2.497341816796856	3	0.8888888888888888	0.1924500897298753	3	0.6666666666666666	0.5773502691896258	3	0.40740740740740744	0.1847279325762729	3	0.22663964847328685	0.04300153736140834	3	0.5337452492890247	0.01635034958126522	3	0.2600956243005171	0.030122062865783634	3	0.48158410461016476	0.029386759962016482	3	0.2833867440943771	0.05921097441223062	3	0.5337452492890247	0.01635034958126522	3	0.2372529847066084	0.021647957461069355	3	0.4731238677235319	0.014979709243030825	3	1.396936756093055	0.04941053998427268	3	0.6666666666666666	0.5773502691896258	3	0.3333333333333333	0.5773502691896258	3	0.0	0.0	3	0.0	0.0	3	0.6755555555555556	0.03801802691316804	3	0.6443949333193518	0.0292028302975379	3	0.22191201455710927	0.014321331154838567	3	0.10673578643734344	0.022637248772904076	3	0.0	0.0	3	0.0	0.0	3	0.0	0.0	3	0.004914715235617231	0.00851253649282189	3	0.0	0.0	3	0.0	0.0	3	0.0	0.0	3	0.0	0.0	3	0.004914715235617231	0.00851253649282189	3	0.0	0.0	3	0.0	0.0	3	0.0	0.0	3	0.0	0.0	3	0.003758311650766117	0.006509586729804974	3	0.0008673026886383347	0.0015022123222626863	3	0.8546610759773196	0.018175739751619298	3
readchain_length_x_molecule_count__well_specified__d1200__sep1__cis0.65__bg0.05__a0__r2__m80	readchain_length_x_molecule_count	coarse	well_specified	ORACLE_coordinates_inference_monotone_log	3	1200	1.0	0.35	0.05	0.0	2	80	ORACLE_COORDINATES	MISMATCHED_INFERENCE_SCORE_OR_MOLECULE_COMPOSITE	0.39467285822788695	0.022786380191459895	3	0.5827050107648551	0.004123784096647325	3	1.2677816235177068	0.03356713074723196	3	0.6587091387637645	0.006220037013751154	3	0.020471085653384128	0.00963708902686814	3	0.015441357609411926	0.007111522183466686	3	0.0	0.0	3	0.39467285822788695	0.022786380191459895	3	0.5827050107648551	0.004123784096647325	3	1.2677816235177068	0.03356713074723196	3	0.6587091387637645	0.006220037013751154	3	0.020471085653384128	0.00963708902686814	3	0.015441357609411926	0.007111522183466686	3	1.0	0.0	3	0.0	0.0	3	1.0	0.0	3	1.0	0.0	3	1.0	0.0	3	0.4351523060544662	0.031178034444068983	3	0.6181283886045078	0.02173698926071317	3	0.308876571807763	0.02488934018361619	3	0.5073003550339888	0.034004914819450456	3	0.4351523060544662	0.031178034444068983	3	0.6181283886045078	0.02173698926071317	3	0.308876571807763	0.02488934018361619	3	0.5073003550339888	0.034004914819450456	3	0.0	0.0	3	1.0	0.0	3	0.0	0.0	3	0.0	0.0	3	0.0	0.0	3	nan	nan	0	nan	nan	0	nan	nan	0	nan	nan	0	0.32814411561838897	0.14163109217494022	3	0.1505534479370598	0.08982940042494976	3	0.0	0.0	3	0.3702476819047853	0.10176673988977668	3	0.0	0.0	3	0.32814411561838897	0.14163109217494022	3	0.1505534479370598	0.08982940042494976	3	0.0	0.0	3	0.3702476819047853	0.10176673988977668	3	0.0	0.0	3	0.32814411561838897	0.14163109217494022	3	0.1505534479370598	0.08982940042494976	3	0.0	0.0	3	0.3702476819047853	0.10176673988977668	3	0.0	0.0	3	nan	nan	0
readchain_length_x_molecule_count__well_specified__d1200__sep1__cis0.65__bg0.05__a0__r2__m80	readchain_length_x_molecule_count	coarse	well_specified	blind_contrastive_monotone_log_midpoint_delta_pairwise	3	1200	1.0	0.35	0.05	0.0	2	80	none	MISMATCHED_OR_MOLECULE_COMPOSITE	0.2540073593220841	0.035666452080524824	3	0.519867907367299	0.029383093971650467	3	1.7528812187683844	0.16541300651993884	3	0.8432285393919164	0.1170716607237381	3	0.23990468759374797	0.04863981874171216	3	0.16984465927448275	0.05156489204972252	3	1.0515250681310524	0.09345852217782367	3	0.27377517175094823	0.01179168495710084	3	0.5221928182103069	0.027693673036818033	3	1.6756128150440972	0.17059160290694383	3	0.8409922951308063	0.11177334950563461	3	0.22006508558318663	0.04687521281110939	3	0.16751974843147488	0.05202572378559081	3	0.7887271990330684	0.06217307692130971	3	6.966159523572824	1.5541193011157712	3	0.7777777777777777	0.1924500897298753	3	0.5	0.5	3	0.10437710437710439	0.322229082814354	3	0.25489390172849324	0.05130844331197696	3	0.5246108975087225	0.038765882781877765	3	0.2523555010196717	0.015437354746637393	3	0.5100333297963336	0.010607385419682312	3	0.28014496509899756	0.023422263303601615	3	0.5246108975087225	0.038765882781877765	3	0.26048558232048474	0.012819365105255165	3	0.5172899312879685	0.004738992830714647	3	0.5325537061629196	0.01006428497061682	3	1.0	0.0	3	0.0	0.0	3	0.0	0.0	3	0.0	0.0	3	0.6347222222222223	0.013574213025411817	3	0.6518306669911684	0.011135449853048363	3	0.2291898488396408	0.00393002704490824	3	0.11307375381365044	0.020518638902875475	3	0.0	0.0	3	0.0	0.0	3	0.0	0.0	3	0.008841732979664015	0.015314330747735432	3	0.0005894488653109342	0.001020955383182362	3	0.027923211169284468	0.04836442045567546	3	0.01948807446189645	0.03375433510969016	3	0.0	0.0	3	0.008841732979664015	0.015314330747735432	3	0.0005894488653109342	0.001020955383182362	3	0.0	0.0	3	0.0	0.0	3	0.0	0.0	3	0.03469801547071812	0.044332967028789506	3	0.0005894488653109342	0.001020955383182362	3	0.8659116583063273	0.0036618227722689032	3
readchain_length_x_molecule_count__well_specified__d1200__sep1__cis0.65__bg0.05__a0__r2__m80	readchain_length_x_molecule_count	coarse	well_specified	blind_monotone_log_molecule_normalized_composite	3	1200	1.0	0.35	0.05	0.0	2	80	none	MISMATCHED_OR_MOLECULE_COMPOSITE	0.2540073593220841	0.035666452080524824	3	0.519867907367299	0.029383093971650467	3	1.7528812187683844	0.16541300651993893	3	0.8432285393919167	0.11707166072373806	3	0.23990468759374806	0.04863981874171213	3	0.16984465927448275	0.05156489204972249	3	1.0515250681310524	0.0934585221778237	3	0.27377517175094823	0.01179168495710084	3	0.5221928182103069	0.027693673036818033	3	1.6756128150440974	0.17059160290694375	3	0.8409922951308063	0.11177334950563457	3	0.22006508558318671	0.04687521281110933	3	0.16751974843147496	0.0520257237855908	3	0.7887271990330684	0.06217307692130971	3	6.966159523572826	1.5541193011157712	3	0.7777777777777777	0.1924500897298753	3	0.5	0.5	3	0.10437710437710439	0.322229082814354	3	0.25489390172849324	0.05130844331197696	3	0.5246108975087225	0.038765882781877765	3	0.2523555010196717	0.015437354746637393	3	0.5100333297963336	0.010607385419682312	3	0.28014496509899756	0.023422263303601615	3	0.5246108975087225	0.038765882781877765	3	0.26048558232048474	0.012819365105255165	3	0.5172899312879685	0.004738992830714647	3	3.8441146292413273	0.036597305279361864	3	1.0	0.0	3	0.0	0.0	3	0.0	0.0	3	0.0	0.0	3	0.6469444444444444	0.015145895422461758	3	0.6236227179784254	0.011736957903854804	3	0.2205420113965881	0.0049070572036044495	3	0.11532072821882493	0.022917046044749395	3	0.0	0.0	3	0.0	0.0	3	0.0	0.0	3	0.008841732979664015	0.015314330747735432	3	0.0005894488653109342	0.001020955383182362	3	0.027923211169284468	0.04836442045567546	3	0.01948807446189645	0.03375433510969016	3	0.0	0.0	3	0.008841732979664015	0.015314330747735432	3	0.0005894488653109342	0.001020955383182362	3	0.00029086678301337986	0.000503796046413286	3	0.00029086678301337986	0.000503796046413286	3	0.00029086678301337986	0.000503796046413286	3	0.02617801047120419	0.04534164417719574	3	0.0	0.0	3	0.8659116583063273	0.0036618227722689032	3
readchain_length_x_molecule_count__well_specified__d1200__sep1__cis0.65__bg0.05__a0__r4__m0	readchain_length_x_molecule_count	coarse	well_specified	ORACLE_coordinates_generator_conditional	3	1200	1.0	0.35	0.05	0.0	4	0	ORACLE_COORDINATES_AND_GENERATOR	ORACLE_GENERATOR_CONDITIONAL	0.37229542446521213	0.030686720267186256	3	0.565825262038803	0.023080006801653185	3	1.3006802437945773	0.030817755156896307	3	0.6791290938203013	0.006863621965591607	3	0.02710816436375808	0.013844380832513044	3	0.019744455489109858	0.004595743170762684	3	0.0	0.0	3	0.37229542446521213	0.030686720267186256	3	0.565825262038803	0.023080006801653185	3	1.3006802437945773	0.030817755156896307	3	0.6791290938203013	0.006863621965591607	3	0.02710816436375808	0.013844380832513044	3	0.019744455489109858	0.004595743170762684	3	1.0	0.0	3	0.0	0.0	3	1.0	0.0	3	1.0	0.0	3	1.0	0.0	3	0.38700364100031565	0.019064854006454378	3	0.5724214009111476	0.028755952962205976	3	0.3439629515599343	0.08250873101748332	3	0.5527692255062945	0.03535465102785322	3	0.38700364100031565	0.019064854006454378	3	0.5724214009111476	0.028755952962205976	3	0.3439629515599343	0.08250873101748332	3	0.5527692255062945	0.03535465102785322	3	0.0	0.0	3	1.0	0.0	3	0.0	0.0	3	0.0	0.0	3	0.0	0.0	3	nan	nan	0	nan	nan	0	nan	nan	0	nan	nan	0	0.1904261002835176	0.1531445642183108	3	0.015039186944200136	0.01323110968327976	3	0.0	0.0	3	0.140581167016805	0.059434562398617705	3	0.0	0.0	3	0.1904261002835176	0.1531445642183108	3	0.015039186944200136	0.01323110968327976	3	0.0	0.0	3	0.140581167016805	0.059434562398617705	3	0.0	0.0	3	0.1904261002835176	0.1531445642183108	3	0.015039186944200136	0.01323110968327976	3	0.0	0.0	3	0.140581167016805	0.059434562398617705	3	0.0	0.0	3	nan	nan	0
readchain_length_x_molecule_count__well_specified__d1200__sep1__cis0.65__bg0.05__a0__r4__m0	readchain_length_x_molecule_count	coarse	well_specified	ORACLE_coordinates_inference_monotone_log	3	1200	1.0	0.35	0.05	0.0	4	0	ORACLE_COORDINATES	MATCHED_PAIRWISE_ENDPOINT_LIKELIHOOD	0.37229542446521213	0.030686720267186256	3	0.565825262038803	0.023080006801653185	3	1.3006802437945773	0.03081775515689643	3	0.6791290938203013	0.006863621965591543	3	0.02710816436375807	0.013844380832513034	3	0.019744455489109847	0.004595743170762725	3	0.0	0.0	3	0.37229542446521213	0.030686720267186256	3	0.565825262038803	0.023080006801653185	3	1.3006802437945773	0.03081775515689643	3	0.6791290938203013	0.006863621965591543	3	0.02710816436375807	0.013844380832513034	3	0.019744455489109847	0.004595743170762725	3	1.0	0.0	3	0.0	0.0	3	1.0	0.0	3	1.0	0.0	3	1.0	0.0	3	0.38700364100031565	0.019064854006454378	3	0.5724214009111476	0.028755952962205976	3	0.3439629515599343	0.08250873101748332	3	0.5527692255062945	0.03535465102785322	3	0.38700364100031565	0.019064854006454378	3	0.5724214009111476	0.028755952962205976	3	0.3439629515599343	0.08250873101748332	3	0.5527692255062945	0.03535465102785322	3	0.0	0.0	3	1.0	0.0	3	0.0	0.0	3	0.0	0.0	3	0.0	0.0	3	nan	nan	0	nan	nan	0	nan	nan	0	nan	nan	0	0.1904261002835176	0.1531445642183108	3	0.015039186944200136	0.01323110968327976	3	0.0	0.0	3	0.140581167016805	0.059434562398617705	3	0.0	0.0	3	0.1904261002835176	0.1531445642183108	3	0.015039186944200136	0.01323110968327976	3	0.0	0.0	3	0.140581167016805	0.059434562398617705	3	0.0	0.0	3	0.1904261002835176	0.1531445642183108	3	0.015039186944200136	0.01323110968327976	3	0.0	0.0	3	0.140581167016805	0.059434562398617705	3	0.0	0.0	3	nan	nan	0
readchain_length_x_molecule_count__well_specified__d1200__sep1__cis0.65__bg0.05__a0__r4__m0	readchain_length_x_molecule_count	coarse	well_specified	blind_normalized_endpoint_monotone_log_midpoint_delta_pairwise	3	1200	1.0	0.35	0.05	0.0	4	0	none	MATCHED_PAIRWISE_ENDPOINT_LIKELIHOOD	0.21851655853735932	0.028477852126527564	3	0.507820018804572	0.004410898908238243	3	1.7870309972496357	0.24053070511751815	3	0.8099379843279962	0.14237669856722857	3	0.2843640070001986	0.07516157802113674	3	0.12399260036985123	0.06414778484920958	3	0.9534872239959551	0.29307235006169413	3	0.29195396131564383	0.029717067842423776	3	0.5078220888427615	0.004585374098678672	3	1.6238389654425724	0.2816919987282964	3	0.8099526169741192	0.14235797398296224	3	0.21092660422191412	0.08894989228139345	3	0.12399053033166159	0.06561999131506639	3	0.9018319504403826	0.0673965893430014	3	4.824556844954517	0.5187131992904132	3	0.7777777777777777	0.1924500897298753	3	0.5	0.5	3	-0.098989898989899	0.43795072399680024	3	0.21774910392327673	0.039664290217978536	3	0.5214866660981791	0.02722542332063204	3	0.22167060071154898	0.048144218152949114	3	0.4847102490421456	0.050706621240007466	3	0.31943378012374324	0.01670079918507208	3	0.5214866660981791	0.02722542332063204	3	0.24339764641488779	0.05636136637551026	3	0.4847649835796388	0.05485689563442439	3	0.5073536729129652	0.0047780289764122255	3	1.0	0.0	3	0.0	0.0	3	0.0	0.0	3	0.0	0.0	3	0.8766666666666666	0.0837945569698759	3	0.32242354414792285	0.13634211782238867	3	0.09646938093074535	0.04983262034921763	3	0.05827986702793625	0.031507714102071316	3	0.009120329508679024	0.015796874090801764	3	0.0	0.0	3	0.0	0.0	3	0.0	0.0	3	0.0	0.0	3	0.023536334215945864	0.040766126685940034	3	0.0	0.0	3	0.0	0.0	3	0.0	0.0	3	0.0	0.0	3	0.009120329508679024	0.015796874090801764	3	0.0	0.0	3	0.0	0.0	3	0.02192592592592593	0.037976817706695386	3	0.0	0.0	3	0.8180633500582467	0.14190341798901857	3
readchain_length_x_molecule_count__well_specified__d1200__sep1__cis0.65__bg0.05__a0__r4__m20	readchain_length_x_molecule_count	coarse	well_specified	ORACLE_coordinates_inference_monotone_log	3	1200	1.0	0.35	0.05	0.0	4	20	ORACLE_COORDINATES	MISMATCHED_INFERENCE_SCORE_OR_MOLECULE_COMPOSITE	0.42988458585770256	0.0354339895570776	3	0.5913560584988765	0.009682222160720967	3	1.2413431951576168	0.05278887564816471	3	0.651972762588538	0.01828569613862261	3	0.024105409068169863	0.01212630679837185	3	0.01792154530631106	0.006112836235927611	3	0.0	0.0	3	0.42988458585770256	0.0354339895570776	3	0.5913560584988765	0.009682222160720967	3	1.2413431951576168	0.05278887564816471	3	0.651972762588538	0.01828569613862261	3	0.024105409068169863	0.01212630679837185	3	0.01792154530631106	0.006112836235927611	3	1.0	0.0	3	0.0	0.0	3	1.0	0.0	3	1.0	0.0	3	1.0	0.0	3	0.43910987234269355	0.06864098235996217	3	0.6042780198855354	0.021448963939863015	3	0.41030724112622424	0.055428962324159586	3	0.5653436600875241	0.034826865496058845	3	0.43910987234269355	0.06864098235996217	3	0.6042780198855354	0.021448963939863015	3	0.41030724112622424	0.055428962324159586	3	0.5653436600875241	0.034826865496058845	3	0.0	0.0	3	1.0	0.0	3	0.0	0.0	3	0.0	0.0	3	0.0	0.0	3	nan	nan	0	nan	nan	0	nan	nan	0	nan	nan	0	0.3984463285067668	0.2549693445478605	3	0.16649944360326177	0.14904156316108413	3	0.0	0.0	3	0.33849189741947655	0.15653427981199086	3	0.04300470454218378	0.03866955993043629	3	0.3984463285067668	0.2549693445478605	3	0.16649944360326177	0.14904156316108413	3	0.0	0.0	3	0.33849189741947655	0.15653427981199086	3	0.04300470454218378	0.03866955993043629	3	0.3984463285067668	0.2549693445478605	3	0.16649944360326177	0.14904156316108413	3	0.0	0.0	3	0.33849189741947655	0.15653427981199086	3	0.04300470454218378	0.03866955993043629	3	nan	nan	0
readchain_length_x_molecule_count__well_specified__d1200__sep1__cis0.65__bg0.05__a0__r4__m20	readchain_length_x_molecule_count	coarse	well_specified	blind_contrastive_monotone_log_midpoint_delta_pairwise	3	1200	1.0	0.35	0.05	0.0	4	20	none	MISMATCHED_OR_MOLECULE_COMPOSITE	0.252272622995334	0.040704211235348293	3	0.5142238623905717	0.0515161189751667	3	2.04401736204234	0.2776862353954809	3	1.0524620715925916	0.2204964309697156	3	0.3389337257066672	0.04439946856357236	3	0.2567746052041667	0.09965831104366843	3	1.4963032990603786	0.1728435279585874	3	0.25574934250448866	0.027232024531316082	3	0.5182944771430917	0.05462738566169463	3	2.0798550380873553	0.21871546439952463	3	1.0474904143587929	0.22957380013632922	3	0.3354884079377219	0.026017090172164536	3	0.24980713685822475	0.10930280666398141	3	0.6968537302146194	0.08905697553418468	3	4.81197293012723	0.25155250650868827	3	0.7777777777777777	0.1924500897298753	3	0.5	0.5	3	0.2404040404040404	0.2977588634810942	3	0.2777859116227723	0.04261747984502612	3	0.535306721682837	0.0891070080355161	3	0.20237538271018132	0.03911698733209507	3	0.47420248967803874	0.04491725908787712	3	0.2760212689772035	0.029007532357161046	3	0.535306721682837	0.0891070080355161	3	0.2163073344073093	0.054887969363038816	3	0.48638019855532333	0.054078326091318234	3	0.5326550596704086	0.004226021110780888	3	0.0	0.0	3	1.0	0.0	3	0.0	0.0	3	0.0	0.0	3	0.7213888888888889	0.011676583087213144	3	0.5632829926797434	0.020636742957995283	3	0.18828802429695193	0.009385932606243274	3	0.10302688725876878	0.037038226641177	3	0.0	0.0	3	0.0	0.0	3	0.0	0.0	3	0.0025996533795493936	0.004502731735447687	3	0.0	0.0	3	0.0	0.0	3	0.0	0.0	3	0.0	0.0	3	0.0025996533795493936	0.004502731735447687	3	0.0	0.0	3	0.0	0.0	3	0.0	0.0	3	0.0	0.0	3	0.04363001745200698	0.0755694069619929	3	0.0	0.0	3	0.8351614035876415	0.05570567517004829	3
readchain_length_x_molecule_count__well_specified__d1200__sep1__cis0.65__bg0.05__a0__r4__m20	readchain_length_x_molecule_count	coarse	well_specified	blind_monotone_log_molecule_normalized_composite	3	1200	1.0	0.35	0.05	0.0	4	20	none	MISMATCHED_OR_MOLECULE_COMPOSITE	0.2531623575388336	0.03895661985039935	3	0.5148065988909948	0.050924058349885185	3	2.000054842951631	0.27610805388760185	3	1.0245028634500504	0.21229169666461664	3	0.31963394119801086	0.04815456242546249	3	0.23956273629030855	0.09595193612076561	3	1.4977412413525564	0.1604966433683043	3	0.25460655672278504	0.026158445986587307	3	0.5171350533647692	0.056818061268409645	3	2.0343206930719604	0.22076488708907266	3	1.0202724127491067	0.22017057185029948	3	0.3179312256693993	0.03322010255146169	3	0.23290788511869	0.10979557735856696	3	0.7000884993169368	0.0857125443629563	3	4.8069017681217305	0.24606645681011904	3	0.7777777777777777	0.1924500897298753	3	0.5	0.5	3	0.23232323232323226	0.2952813962116115	3	0.2772846485219243	0.041274235259916636	3	0.5353014917518802	0.09049560567073162	3	0.2057762706755739	0.04025294980241172	3	0.47593633432555826	0.047887586793155044	3	0.27290220482923516	0.017851048425622715	3	0.5353014917518802	0.09049560567073162	3	0.21884016681714627	0.05689819380321107	3	0.48290570986950954	0.05110372841928959	3	1.3988776301654677	0.02842440954149668	3	0.0	0.0	3	1.0	0.0	3	0.0	0.0	3	0.0	0.0	3	0.7527777777777778	0.00962250448649373	3	0.5005820967859064	0.015058618405663584	3	0.16674913709860473	0.007011859252190253	3	0.08550406415757118	0.03155373896087486	3	0.0	0.0	3	0.0	0.0	3	0.0	0.0	3	0.002310803004043905	0.004002428209286833	3	0.0	0.0	3	0.0	0.0	3	0.0	0.0	3	0.0	0.0	3	0.002310803004043905	0.004002428209286833	3	0.0	0.0	3	0.0	0.0	3	0.0	0.0	3	0.0	0.0	3	0.04421175101803374	0.07657699905481948	3	0.0	0.0	3	0.8359700696232735	0.05543591775568968	3
readchain_length_x_molecule_count__well_specified__d1200__sep1__cis0.65__bg0.05__a0__r4__m80	readchain_length_x_molecule_count	coarse	well_specified	ORACLE_coordinates_inference_monotone_log	3	1200	1.0	0.35	0.05	0.0	4	80	ORACLE_COORDINATES	MISMATCHED_INFERENCE_SCORE_OR_MOLECULE_COMPOSITE	0.36101827499201294	0.02155025006766637	3	0.5544874853533105	0.015128051591332469	3	1.3211212409705366	0.029969032591945576	3	0.6817463938008413	0.00825025417285177	3	0.02492248177018327	0.016840883019472733	3	0.017413972835487658	0.009136988815153065	3	0.0	0.0	3	0.36101827499201294	0.02155025006766637	3	0.5544874853533105	0.015128051591332469	3	1.3211212409705366	0.029969032591945576	3	0.6817463938008413	0.00825025417285177	3	0.02492248177018327	0.016840883019472733	3	0.017413972835487658	0.009136988815153065	3	1.0	0.0	3	0.0	0.0	3	1.0	0.0	3	1.0	0.0	3	1.0	0.0	3	0.3694957618798583	0.013696469988698999	3	0.5577777740920176	0.012344114582407742	3	0.32759790903446345	0.052200275290516025	3	0.5400047909929332	0.04389252951464038	3	0.3694957618798583	0.013696469988698999	3	0.5577777740920176	0.012344114582407742	3	0.32759790903446345	0.052200275290516025	3	0.5400047909929332	0.04389252951464038	3	0.0	0.0	3	1.0	0.0	3	0.0	0.0	3	0.0	0.0	3	0.0	0.0	3	nan	nan	0	nan	nan	0	nan	nan	0	nan	nan	0	0.09926119129807753	0.14888777070670856	3	0.03387884008039047	0.05867987232073715	3	0.0	0.0	3	0.08168873123736518	0.08270542665284998	3	0.0	0.0	3	0.09926119129807753	0.14888777070670856	3	0.03387884008039047	0.05867987232073715	3	0.0	0.0	3	0.08168873123736518	0.08270542665284998	3	0.0	0.0	3	0.09926119129807753	0.14888777070670856	3	0.03387884008039047	0.05867987232073715	3	0.0	0.0	3	0.08168873123736518	0.08270542665284998	3	0.0	0.0	3	nan	nan	0
readchain_length_x_molecule_count__well_specified__d1200__sep1__cis0.65__bg0.05__a0__r4__m80	readchain_length_x_molecule_count	coarse	well_specified	blind_contrastive_monotone_log_midpoint_delta_pairwise	3	1200	1.0	0.35	0.05	0.0	4	80	none	MISMATCHED_OR_MOLECULE_COMPOSITE	0.2594879427638095	0.005434755742612369	3	0.5106545831433097	0.027628913246693088	3	1.647906945322572	0.18811483607191834	3	0.8551263341564613	0.1658414853767124	3	0.18229717512629753	0.08305475606406482	3	0.16755483850900132	0.07452169967290281	3	0.9146747929214728	0.06595572509575538	3	0.2669159189106595	0.008828430171674647	3	0.5143673831211453	0.02647095109594815	3	1.629191557586002	0.23672440915806242	3	0.8544962074403707	0.165466088028903	3	0.17399333666752848	0.0869349008804097	3	0.1658254983709292	0.07649297648100996	3	0.8456369739551518	0.08729408473186241	3	7.096827338924316	0.38141823574860745	3	0.7777777777777777	0.1924500897298753	3	0.3333333333333333	0.5773502691896258	3	-0.0558922558922559	0.544485983810416	3	0.26390685182061324	0.01235177631915259	3	0.5216483439397046	0.019249597556530013	3	0.24220362270655307	0.027253668367657618	3	0.4726209553625391	0.05473345431760948	3	0.27587843508649446	0.008896163375689596	3	0.5216483439397046	0.019249597556530013	3	0.23818961731255583	0.05880585653501911	3	0.48967888645209073	0.05627211944916183	3	0.542019149598976	0.01253746414326228	3	0.6666666666666666	0.5773502691896258	3	0.3333333333333333	0.5773502691896258	3	0.0	0.0	3	0.0	0.0	3	0.6558333333333333	0.02381934321326076	3	0.6467056817920547	0.020107142868783394	3	0.22531042487251376	0.008716101881682417	3	0.12943537673975372	0.04659250831316221	3	0.0	0.0	3	0.0	0.0	3	0.0	0.0	3	0.0	0.0	3	0.0	0.0	3	0.0017079419299743809	0.0029582421990928735	3	0.0	0.0	3	0.0	0.0	3	0.0	0.0	3	0.0	0.0	3	0.0	0.0	3	0.0	0.0	3	0.0	0.0	3	0.0	0.0	3	0.0	0.0	3	0.8651283070000203	0.0066430464793903014	3
readchain_length_x_molecule_count__well_specified__d1200__sep1__cis0.65__bg0.05__a0__r4__m80	readchain_length_x_molecule_count	coarse	well_specified	blind_monotone_log_molecule_normalized_composite	3	1200	1.0	0.35	0.05	0.0	4	80	none	MISMATCHED_OR_MOLECULE_COMPOSITE	0.23885839047510585	0.02332704107172632	3	0.5032103694799731	0.03315958831897453	3	1.5396548508721348	0.1244597458081408	3	0.77188287161596	0.0887618636533161	3	0.13558815369429167	0.08660312557844392	3	0.10267959584249521	0.08136999982206329	3	0.8748085214217723	0.07971663543799064	3	0.2820041650068073	0.026673829757028	3	0.5043489974332894	0.03377296332923268	3	1.5212241605069072	0.17702625045983184	3	0.7710751287887279	0.08922538420675709	3	0.1128654574515912	0.08211094122406803	3	0.10154096788917895	0.08173730973887487	3	0.8820172401140529	0.10665118519189273	3	7.071744090925908	0.4139262790295791	3	0.8888888888888888	0.1924500897298753	3	0.8333333333333334	0.28867513459481287	3	-0.11784511784511782	0.5123884439479607	3	0.2366161347859955	0.03211329015282916	3	0.5174896811994132	0.026333505060440812	3	0.24517906336088155	0.008350107199023517	3	0.4524604089140003	0.0508487573760798	3	0.29742824239549354	0.013763460774020153	3	0.5174896811994132	0.026333505060440812	3	0.22926897432826285	0.07260743179592692	3	0.45797005078727854	0.05462905393386444	3	3.939987891353667	0.0679235016346065	3	0.6666666666666666	0.5773502691896258	3	0.3333333333333333	0.5773502691896258	3	0.0	0.0	3	0.0	0.0	3	0.7888888888888889	0.020955199125046994	3	0.4002372446316452	0.03587244221650514	3	0.1391908078653615	0.014853077407900504	3	0.08423028735759319	0.00793832570166462	3	0.0	0.0	3	0.0	0.0	3	0.0	0.0	3	0.0	0.0	3	0.0	0.0	3	0.0	0.0	3	0.0	0.0	3	0.0	0.0	3	0.0	0.0	3	0.0	0.0	3	0.0	0.0	3	0.0	0.0	3	0.0	0.0	3	0.0	0.0	3	0.0	0.0	3	0.8653347418038976	0.005028061258667548	3
readchain_length_x_molecule_count__well_specified__d1200__sep1__cis0.65__bg0.05__a0__r6__m0	readchain_length_x_molecule_count	coarse	well_specified	ORACLE_coordinates_generator_conditional	3	1200	1.0	0.35	0.05	0.0	6	0	ORACLE_COORDINATES_AND_GENERATOR	ORACLE_GENERATOR_CONDITIONAL	0.44698176655139915	0.022651156462813456	3	0.5908321898178296	0.004822796413449682	3	1.2032637520172005	0.028332011801082115	3	0.6446226078678409	0.009782744339223631	3	0.026705372546566093	0.0021719513749359895	3	0.019183689632649107	0.001942263878062932	3	0.0	0.0	3	0.44698176655139915	0.022651156462813456	3	0.5908321898178296	0.004822796413449682	3	1.2032637520172005	0.028332011801082115	3	0.6446226078678409	0.009782744339223631	3	0.026705372546566093	0.0021719513749359895	3	0.019183689632649107	0.001942263878062932	3	1.0	0.0	3	0.0	0.0	3	1.0	0.0	3	1.0	0.0	3	1.0	0.0	3	0.511022193371924	0.010345320041663409	3	0.6339995441372798	0.005606378036495571	3	0.32889316918123535	0.05061083331153412	3	0.5113040953903149	0.0076033186501042295	3	0.511022193371924	0.010345320041663409	3	0.6339995441372798	0.005606378036495571	3	0.32889316918123535	0.05061083331153412	3	0.5113040953903149	0.0076033186501042295	3	0.0	0.0	3	1.0	0.0	3	0.0	0.0	3	0.0	0.0	3	0.0	0.0	3	nan	nan	0	nan	nan	0	nan	nan	0	nan	nan	0	0.557668199764276	0.07197672265693812	3	0.26588460323459023	0.060935463011879236	3	0.025283347863993028	0.04379204308587397	3	0.4108485074807208	0.01061660737198126	3	0.05142138016942621	0.0445506716701217	3	0.557668199764276	0.07197672265693812	3	0.26588460323459023	0.060935463011879236	3	0.025283347863993028	0.04379204308587397	3	0.4108485074807208	0.01061660737198126	3	0.05142138016942621	0.0445506716701217	3	0.557668199764276	0.07197672265693812	3	0.26588460323459023	0.060935463011879236	3	0.025283347863993028	0.04379204308587397	3	0.4108485074807208	0.01061660737198126	3	0.05142138016942621	0.0445506716701217	3	nan	nan	0
readchain_length_x_molecule_count__well_specified__d1200__sep1__cis0.65__bg0.05__a0__r6__m0	readchain_length_x_molecule_count	coarse	well_specified	ORACLE_coordinates_inference_monotone_log	3	1200	1.0	0.35	0.05	0.0	6	0	ORACLE_COORDINATES	MATCHED_PAIRWISE_ENDPOINT_LIKELIHOOD	0.44698176655139915	0.022651156462813456	3	0.5908321898178296	0.004822796413449682	3	1.2032637520172005	0.028332011801082236	3	0.6446226078678409	0.009782744339223593	3	0.026705372546566093	0.002171951374935999	3	0.019183689632649065	0.00194226387806296	3	0.0	0.0	3	0.44698176655139915	0.022651156462813456	3	0.5908321898178296	0.004822796413449682	3	1.2032637520172005	0.028332011801082236	3	0.6446226078678409	0.009782744339223593	3	0.026705372546566093	0.002171951374935999	3	0.019183689632649065	0.00194226387806296	3	1.0	0.0	3	0.0	0.0	3	1.0	0.0	3	1.0	0.0	3	1.0	0.0	3	0.511022193371924	0.010345320041663409	3	0.6339995441372798	0.005606378036495571	3	0.32889316918123535	0.05061083331153412	3	0.5113040953903149	0.0076033186501042295	3	0.511022193371924	0.010345320041663409	3	0.6339995441372798	0.005606378036495571	3	0.32889316918123535	0.05061083331153412	3	0.5113040953903149	0.0076033186501042295	3	0.0	0.0	3	1.0	0.0	3	0.0	0.0	3	0.0	0.0	3	0.0	0.0	3	nan	nan	0	nan	nan	0	nan	nan	0	nan	nan	0	0.557668199764276	0.07197672265693812	3	0.26588460323459023	0.060935463011879236	3	0.025283347863993028	0.04379204308587397	3	0.4108485074807208	0.01061660737198126	3	0.05142138016942621	0.0445506716701217	3	0.557668199764276	0.07197672265693812	3	0.26588460323459023	0.060935463011879236	3	0.025283347863993028	0.04379204308587397	3	0.4108485074807208	0.01061660737198126	3	0.05142138016942621	0.0445506716701217	3	0.557668199764276	0.07197672265693812	3	0.26588460323459023	0.060935463011879236	3	0.025283347863993028	0.04379204308587397	3	0.4108485074807208	0.01061660737198126	3	0.05142138016942621	0.0445506716701217	3	nan	nan	0
readchain_length_x_molecule_count__well_specified__d1200__sep1__cis0.65__bg0.05__a0__r6__m0	readchain_length_x_molecule_count	coarse	well_specified	blind_normalized_endpoint_monotone_log_midpoint_delta_pairwise	3	1200	1.0	0.35	0.05	0.0	6	0	none	MATCHED_PAIRWISE_ENDPOINT_LIKELIHOOD	0.24555388267826064	0.07627247769995629	3	0.5095870053541326	0.040979386640827065	3	1.7558237454331886	0.2437522651492579	3	0.7682252947884494	0.09435931312920802	3	0.2606538258665519	0.055810288078663894	3	0.12012605591863627	0.028068173768040282	3	0.827335362643581	0.059544914376200006	3	0.2909014176397326	0.08945601994009919	3	0.5217067084879571	0.07432552516753135	3	1.6144004342322038	0.2147408036022818	3	0.750893916878932	0.11258247621641683	3	0.21489401980869535	0.06616671662732125	3	0.10800635278481181	0.06555522064484957	3	0.922318691823606	0.0161504679529566	3	5.239100558021119	0.9056166981451065	3	0.6666666666666666	0.0	3	0.16666666666666666	0.2886751345948129	3	-0.20269360269360268	0.4286701761491415	3	0.23841912270584986	0.10937990720330436	3	0.532394676279698	0.08452842690514151	3	0.2619379332868192	0.02113203347270721	3	0.47299275731649587	0.060151264410729356	3	0.3132190105258072	0.11869039656265827	3	0.532394676279698	0.08452842690514151	3	0.25304725475739237	0.06541040892654737	3	0.5041936556005852	0.061680465151454644	3	0.4990982295324405	0.0050828804134154405	3	0.6666666666666666	0.5773502691896258	3	0.3333333333333333	0.5773502691896258	3	0.0	0.0	3	0.0	0.0	3	0.8808333333333334	0.04935697631653613	3	0.3337241854000006	0.12659182591784662	3	0.1019180123753687	0.04618555825074803	3	0.07588714599134483	0.0119602714261815	3	0.07256637168141593	0.12568864267313978	3	0.03716814159292035	0.06437710966185207	3	0.0	0.0	3	0.11990955518303381	0.13020249288804	3	0.026138032305433184	0.045272399962886956	3	0.11533923303834809	0.19977341172844573	3	0.06460176991150442	0.11189354774560004	3	0.0	0.0	3	0.1883383363871454	0.164876703014226	3	0.026138032305433184	0.045272399962886956	3	0.07669616519174041	0.13284165485778998	3	0.03716814159292035	0.06437710966185207	3	0.0	0.0	3	0.10663521889984795	0.1093888706551366	3	0.026138032305433184	0.045272399962886956	3	0.756955129756261	0.0937363492230389	3
readchain_length_x_molecule_count__well_specified__d1200__sep1__cis0.65__bg0.05__a0__r6__m20	readchain_length_x_molecule_count	coarse	well_specified	ORACLE_coordinates_inference_monotone_log	3	1200	1.0	0.35	0.05	0.0	6	20	ORACLE_COORDINATES	MISMATCHED_INFERENCE_SCORE_OR_MOLECULE_COMPOSITE	0.353678333325959	0.02220026247852564	3	0.5541112548283333	0.013272428442868783	3	1.3169328916416283	0.011846845407831251	3	0.6807387759788308	0.0064972962027516215	3	0.03308981398198535	0.0007821162667622271	3	0.02199552734555148	0.0077692813301125895	3	0.0	0.0	3	0.353678333325959	0.02220026247852564	3	0.5541112548283333	0.013272428442868783	3	1.3169328916416283	0.011846845407831251	3	0.6807387759788308	0.0064972962027516215	3	0.03308981398198535	0.0007821162667622271	3	0.02199552734555148	0.0077692813301125895	3	1.0	0.0	3	0.0	0.0	3	1.0	0.0	3	1.0	0.0	3	1.0	0.0	3	0.3801785783541416	0.043973656141796075	3	0.5619133575023779	0.019630814178877614	3	0.2887039624008349	0.06974170157930615	3	0.534748818950904	0.023586246928444084	3	0.3801785783541416	0.043973656141796075	3	0.5619133575023779	0.019630814178877614	3	0.2887039624008349	0.06974170157930615	3	0.534748818950904	0.023586246928444084	3	0.0	0.0	3	1.0	0.0	3	0.0	0.0	3	0.0	0.0	3	0.0	0.0	3	nan	nan	0	nan	nan	0	nan	nan	0	nan	nan	0	0.21247001726081527	0.03436689933399466	3	0.034324490545389656	0.041620057188665315	3	0.0	0.0	3	0.09527984791210996	0.094772578670589	3	0.0	0.0	3	0.21247001726081527	0.03436689933399466	3	0.034324490545389656	0.041620057188665315	3	0.0	0.0	3	0.09527984791210996	0.094772578670589	3	0.0	0.0	3	0.21247001726081527	0.03436689933399466	3	0.034324490545389656	0.041620057188665315	3	0.0	0.0	3	0.09527984791210996	0.094772578670589	3	0.0	0.0	3	nan	nan	0
readchain_length_x_molecule_count__well_specified__d1200__sep1__cis0.65__bg0.05__a0__r6__m20	readchain_length_x_molecule_count	coarse	well_specified	blind_contrastive_monotone_log_midpoint_delta_pairwise	3	1200	1.0	0.35	0.05	0.0	6	20	none	MISMATCHED_OR_MOLECULE_COMPOSITE	0.2628965722705076	0.023342693456074814	3	0.5028831116859801	0.03590331272884208	3	1.6522030782667378	0.0994124645546491	3	0.82263447569111	0.007256911431204314	3	0.2143574589009499	0.0601283486980584	3	0.18545291825628718	0.011824228201102573	3	1.035093343684295	0.203533031455993	3	0.2714950245490974	0.017758004432434648	3	0.49772404031882606	0.03367566289565752	3	1.6212280780555872	0.051509688566570344	3	0.8266722169348165	0.00942101107320313	3	0.20603210348308285	0.03635417093409908	3	0.19061198962344109	0.010303754207941242	3	0.7924308541374768	0.06945098796025295	3	4.8887958573465005	0.5485694222646481	3	0.7777777777777777	0.1924500897298753	3	0.3333333333333333	0.5773502691896258	3	-0.585185185185185	0.061850303047569166	3	0.2703011413662975	0.032897696285169434	3	0.5025013480706434	0.03200652357078051	3	0.2437689274898577	0.04960906271616649	3	0.5037934778111202	0.04724313014415092	3	0.2878209532583898	0.005572117074505561	3	0.5025013480706434	0.03200652357078051	3	0.2351397325735738	0.04470932248741997	3	0.4874123449103401	0.03946582510961446	3	0.5393172204494476	0.006219257117322991	3	0.6666666666666666	0.5773502691896258	3	0.3333333333333333	0.5773502691896258	3	0.0	0.0	3	0.0	0.0	3	0.6363888888888889	0.021251361612150174	3	0.6835616180509857	0.03009039446332451	3	0.23845886649847017	0.011165164095758871	3	0.10740144071167675	0.015347293950026727	3	0.0	0.0	3	0.0	0.0	3	0.0	0.0	3	0.011176513098997242	0.017893389781763025	3	0.0005717552887364208	0.0009903092095876942	3	0.0	0.0	3	0.0	0.0	3	0.0	0.0	3	0.011176513098997242	0.017893389781763025	3	0.0005717552887364208	0.0009903092095876942	3	0.0	0.0	3	0.0	0.0	3	0.0	0.0	3	0.0005717552887364208	0.0009903092095876942	3	0.0005717552887364208	0.0009903092095876942	3	0.8593982739104585	0.009333187956722883	3
readchain_length_x_molecule_count__well_specified__d1200__sep1__cis0.65__bg0.05__a0__r6__m20	readchain_length_x_molecule_count	coarse	well_specified	blind_monotone_log_molecule_normalized_composite	3	1200	1.0	0.35	0.05	0.0	6	20	none	MISMATCHED_OR_MOLECULE_COMPOSITE	0.2709217943971915	0.027072960733104962	3	0.5034600289958099	0.038027586367098944	3	1.5790311043053584	0.08781677215879911	3	0.7793288841300344	0.0067803520327872875	3	0.15799187971728448	0.05204621505153126	3	0.1419344790562074	0.011627874812144305	3	1.0152518954092684	0.2134248518931907	3	0.2766540959162514	0.02217419573710835	3	0.497154497324844	0.03634621867903366	3	1.5462093686251641	0.031077396194485858	3	0.7834434954335628	0.002656397142337851	3	0.15884290544153057	0.02700612953866496	3	0.1461210610710618	0.012712500370022339	3	0.807696864810854	0.0751067522860432	3	4.8834986477850135	0.5478540115551238	3	0.7777777777777777	0.1924500897298753	3	0.3333333333333333	0.5773502691896258	3	-0.5811447811447811	0.03986167969548476	3	0.2817421453556163	0.030887871500461482	3	0.5025616916212848	0.035022769120600705	3	0.24454412128830735	0.050286497889646196	3	0.5058833419699499	0.04702558277177036	3	0.2955043250624627	0.014527329263905249	3	0.5025616916212848	0.035022769120600705	3	0.2343645387751242	0.043696453854124746	3	0.4853224807515104	0.0409688477040045	3	1.5047393591764073	0.060958200887032056	3	0.6666666666666666	0.5773502691896258	3	0.3333333333333333	0.5773502691896258	3	0.0	0.0	3	0.0	0.0	3	0.7505555555555556	0.0290154811807102	3	0.4987788505794312	0.042483502114759514	3	0.17162915930428402	0.016386689450561272	3	0.08200848814643531	0.022726412313613865	3	0.0	0.0	3	0.0	0.0	3	0.0	0.0	3	0.012611063341931785	0.021843002445695214	3	0.0	0.0	3	0.0	0.0	3	0.0	0.0	3	0.0	0.0	3	0.01117798796216681	0.01936084307686621	3	0.0	0.0	3	0.0	0.0	3	0.0	0.0	3	0.0	0.0	3	0.0	0.0	3	0.0	0.0	3	0.8600882519239524	0.009037202285842922	3
readchain_length_x_molecule_count__well_specified__d1200__sep1__cis0.65__bg0.05__a0__r6__m80	readchain_length_x_molecule_count	coarse	well_specified	ORACLE_coordinates_inference_monotone_log	3	1200	1.0	0.35	0.05	0.0	6	80	ORACLE_COORDINATES	MISMATCHED_INFERENCE_SCORE_OR_MOLECULE_COMPOSITE	0.31722222222222224	0.022084643567001076	3	0.528888888888889	0.01845289297804709	3	1.3921457857396298	0.02992747107762392	3	0.7002328895860787	0.014312649303096356	3	0.05423686396972518	0.016921988173920807	3	0.029401554356819914	0.016452508626479734	3	0.0	0.0	3	0.31722222222222224	0.022084643567001076	3	0.528888888888889	0.01845289297804709	3	1.3921457857396298	0.02992747107762392	3	0.7002328895860787	0.014312649303096356	3	0.05423686396972518	0.016921988173920807	3	0.029401554356819914	0.016452508626479734	3	1.0	0.0	3	0.0	0.0	3	1.0	0.0	3	1.0	0.0	3	1.0	0.0	3	0.3176770868580801	0.020348206167165504	3	0.5287709528803246	0.01778770459757748	3	0.26804123711340205	0.2519453486566997	3	0.5088583428789614	0.10571045606255292	3	0.3176770868580801	0.020348206167165504	3	0.5287709528803246	0.01778770459757748	3	0.26804123711340205	0.2519453486566997	3	0.5088583428789614	0.10571045606255292	3	0.0	0.0	3	1.0	0.0	3	0.0	0.0	3	0.0	0.0	3	0.0	0.0	3	nan	nan	0	nan	nan	0	nan	nan	0	nan	nan	0	0.013055555555555556	0.022612885543260342	3	0.0	0.0	3	0.0	0.0	3	0.036111111111111115	0.06254627916220945	3	0.0	0.0	3	0.013055555555555556	0.022612885543260342	3	0.0	0.0	3	0.0	0.0	3	0.036111111111111115	0.06254627916220945	3	0.0	0.0	3	0.013055555555555556	0.022612885543260342	3	0.0	0.0	3	0.0	0.0	3	0.036111111111111115	0.06254627916220945	3	0.0	0.0	3	nan	nan	0
readchain_length_x_molecule_count__well_specified__d1200__sep1__cis0.65__bg0.05__a0__r6__m80	readchain_length_x_molecule_count	coarse	well_specified	blind_contrastive_monotone_log_midpoint_delta_pairwise	3	1200	1.0	0.35	0.05	0.0	6	80	none	MISMATCHED_OR_MOLECULE_COMPOSITE	0.24416666666666667	0.03583333333333334	3	0.5219444444444444	0.002678791878053597	3	1.3848789406768531	0.003312912419823803	3	0.6930974715280773	4.614635682241874e-05	3	0.02656528907838431	0.010093974972778525	3	0.021286059913526167	0.0021306772563994937	3	0.8500361416123553	0.17424015703710055	3	0.2469444444444444	0.01586254615029914	3	0.5216666666666666	0.0046398036356916725	3	1.3848414826500368	0.0032759571381559467	3	0.6930973916469317	4.628338787682046e-05	3	0.009898622411717654	0.009139227335756188	3	0.021008282135748384	0.00396851566779789	3	0.8710444911969666	0.06956527785346826	3	5.905381487371887	2.581953098488063	3	0.6666666666666666	0.0	3	0.5	0.0	3	0.11245791245791244	0.24809309130691717	3	0.23969385010536104	0.039644626359578015	3	0.5228968013806168	0.002609387936571395	3	0.19396716303932796	0.16849620858334738	3	0.4701030927835051	0.060929492188813196	3	0.247228306702627	0.01739937657209025	3	0.5228968013806168	0.002609387936571395	3	0.35536464299350895	0.11791367546414977	3	0.5837342497136312	0.09214834995187779	3	0.5393085037358105	0.005105487193113057	3	0.3333333333333333	0.5773502691896258	3	0.6666666666666666	0.5773502691896258	3	0.0	0.0	3	0.0	0.0	3	0.5125000000000001	0.01709857044056933	3	0.7499833260700471	0.03811951213817387	3	0.27549490973733	0.015211201921427095	3	0.24411683320298794	0.05928067281081249	3	0.0	0.0	3	0.0	0.0	3	0.0	0.0	3	0.0	0.0	3	0.0	0.0	3	0.0025	0.004330127018922193	3	0.0	0.0	3	0.0	0.0	3	0.0	0.0	3	0.0	0.0	3	0.0	0.0	3	0.0	0.0	3	0.0	0.0	3	0.0	0.0	3	0.0	0.0	3	0.8545879883217912	0.020785321047771203	3
readchain_length_x_molecule_count__well_specified__d1200__sep1__cis0.65__bg0.05__a0__r6__m80	readchain_length_x_molecule_count	coarse	well_specified	blind_monotone_log_molecule_normalized_composite	3	1200	1.0	0.35	0.05	0.0	6	80	none	MISMATCHED_OR_MOLECULE_COMPOSITE	0.27444444444444444	0.045102763321766215	3	0.5147222222222222	0.014821468413282319	3	1.3862935711182132	1.7163376047141413e-06	3	0.6931471805237512	5.2947881502348434e-11	3	0.041110005007396096	0.01988120255907091	3	0.014722222082562056	0.014821468318744336	3	0.8524435856630109	0.17619839508632504	3	0.2916666666666667	0.018837757592428873	3	0.515	0.015297966458904846	3	1.386292953268108	1.1486369882993832e-06	3	0.693147180523761	5.293108951991352e-11	3	0.04166357504485931	0.018837427882161535	3	0.014999999860339841	0.015297966364341971	3	0.8670620705341016	0.07625129413910416	3	5.918630563574933	2.5712855904569047	3	0.8888888888888888	0.1924500897298753	3	0.6666666666666666	0.5773502691896258	3	-0.18249158249158245	0.2260219980692059	3	0.2752621243420686	0.04796797700244747	3	0.5170079603324579	0.012426250981533736	3	0.4073310423825888	0.1683446663999829	3	0.4748759068346697	0.0779400107836838	3	0.29282000675775527	0.021886230029507587	3	0.5170079603324579	0.012426250981533736	3	0.2443680794196258	0.22550838792028577	3	0.4933944253531883	0.10763667856283364	3	4.367166327623029	0.11585920337828445	3	0.0	0.0	3	1.0	0.0	3	0.0	0.0	3	0.0	0.0	3	1.0	0.0	3	9.992007221626415e-16	0.0	3	1e-30	0.0	3	1.1102230246251565e-15	0.0	3	0.0025	0.004330127018922193	3	0.0	0.0	3	0.0	0.0	3	0.0075	0.007120003121097942	3	0.0008333333333333334	0.0014433756729740645	3	0.0025	0.004330127018922193	3	0.0	0.0	3	0.0	0.0	3	0.0075	0.007120003121097942	3	0.0008333333333333334	0.0014433756729740645	3	0.0025	0.004330127018922193	3	0.0	0.0	3	0.0	0.0	3	0.0075	0.007120003121097942	3	0.0008333333333333334	0.0014433756729740645	3	0.8522355345462964	0.020255485905004793	3
trans_fraction_x_background__model_mismatched__d1200__sep1__cis0.1__bg0.2__a0__r2__m0	trans_fraction_x_background	coarse	model_mismatched	ORACLE_coordinates_generator_conditional	3	1200	1.0	0.9	0.2	0.0	2	0	ORACLE_COORDINATES_AND_GENERATOR	ORACLE_GENERATOR_CONDITIONAL	0.25704266221936195	0.01203495482465253	3	0.5066404937393657	0.005332270354887137	3	1.3703492104980135	0.002497391897542558	3	0.6890754374548876	0.0037201436108718357	3	0.01750041595377039	0.004074219392218073	3	0.012839140315650291	0.004277061055716144	3	0.0	0.0	3	0.25704266221936195	0.01203495482465253	3	0.5066404937393657	0.005332270354887137	3	1.3703492104980135	0.002497391897542558	3	0.6890754374548876	0.0037201436108718357	3	0.01750041595377039	0.004074219392218073	3	0.012839140315650291	0.004277061055716144	3	1.0	0.0	3	0.0	0.0	3	1.0	0.0	3	1.0	0.0	3	1.0	0.0	3	0.35443544354435447	0.018324768922778904	3	0.627967558660628	0.02660142616176634	3	0.24699562507854642	0.014947392957123589	3	0.49391369517701583	0.008818068463547216	3	0.35443544354435447	0.018324768922778904	3	0.627967558660628	0.02660142616176634	3	0.24699562507854642	0.014947392957123589	3	0.49391369517701583	0.008818068463547216	3	0.0	0.0	3	1.0	0.0	3	0.0	0.0	3	0.0	0.0	3	0.0	0.0	3	nan	nan	0	nan	nan	0	nan	nan	0	nan	nan	0	0.02179216875362434	0.012694541744439474	3	0.012252300565557725	0.010042079597534507	3	0.00509477660976326	0.007052488958843065	3	0.038748674247610894	0.04084674808081902	3	0.004755333296796525	0.006464555910385557	3	0.02179216875362434	0.012694541744439474	3	0.012252300565557725	0.010042079597534507	3	0.00509477660976326	0.007052488958843065	3	0.038748674247610894	0.04084674808081902	3	0.004755333296796525	0.006464555910385557	3	0.02179216875362434	0.012694541744439474	3	0.012252300565557725	0.010042079597534507	3	0.00509477660976326	0.007052488958843065	3	0.038748674247610894	0.04084674808081902	3	0.004755333296796525	0.006464555910385557	3	nan	nan	0
trans_fraction_x_background__model_mismatched__d1200__sep1__cis0.1__bg0.2__a0__r2__m0	trans_fraction_x_background	coarse	model_mismatched	ORACLE_coordinates_inference_monotone_log	3	1200	1.0	0.9	0.2	0.0	2	0	ORACLE_COORDINATES	MISMATCHED_INFERENCE_SCORE_OR_MOLECULE_COMPOSITE	0.26114719357699745	0.016318455908877823	3	0.5120652881547408	0.01551256743429492	3	1.3800806308179163	0.003871047137164781	3	0.6943645456731113	0.005152467635115738	3	0.033169246092699244	0.013951138255721184	3	0.01604899145974076	0.010114686039576186	3	0.0	0.0	3	0.26114719357699745	0.016318455908877823	3	0.5120652881547408	0.01551256743429492	3	1.3800806308179163	0.003871047137164781	3	0.6943645456731113	0.005152467635115738	3	0.033169246092699244	0.013951138255721184	3	0.01604899145974076	0.010114686039576186	3	1.0	0.0	3	0.0	0.0	3	1.0	0.0	3	1.0	0.0	3	1.0	0.0	3	0.35443544354435447	0.018324768922778904	3	0.5674138842455674	0.04080246706955742	3	0.25130643761674337	0.018982530634405637	3	0.5062405461841973	0.014817868573984245	3	0.35443544354435447	0.018324768922778904	3	0.5674138842455674	0.04080246706955742	3	0.25130643761674337	0.018982530634405637	3	0.5062405461841973	0.014817868573984245	3	0.0	0.0	3	1.0	0.0	3	0.0	0.0	3	0.0	0.0	3	0.0	0.0	3	nan	nan	0	nan	nan	0	nan	nan	0	nan	nan	0	0.004073319755600814	0.007055196772174654	3	0.004073319755600814	0.007055196772174654	3	0.0	0.0	3	0.01731576965564013	0.026532150355333628	3	0.0	0.0	3	0.004073319755600814	0.007055196772174654	3	0.004073319755600814	0.007055196772174654	3	0.0	0.0	3	0.01731576965564013	0.026532150355333628	3	0.0	0.0	3	0.004073319755600814	0.007055196772174654	3	0.004073319755600814	0.007055196772174654	3	0.0	0.0	3	0.01731576965564013	0.026532150355333628	3	0.0	0.0	3	nan	nan	0
trans_fraction_x_background__model_mismatched__d1200__sep1__cis0.1__bg0.2__a0__r2__m0	trans_fraction_x_background	coarse	model_mismatched	blind_normalized_endpoint_monotone_log_midpoint_delta_pairwise	3	1200	1.0	0.9	0.2	0.0	2	0	none	MISMATCHED_OR_MOLECULE_COMPOSITE	0.2526768476412961	0.01865313537455517	3	0.49342106833739235	0.030264202882999545	3	1.4588854810143885	0.007476592690958929	3	0.7407332766172002	0.00743513644653656	3	0.08010861832881484	0.02057131658933462	3	0.056641893927797504	0.012144503633686276	3	1.0015237431583541	0.13357004914954315	3	0.2526132180063892	0.013349590658861661	3	0.49399140602900754	0.024844403225359413	3	1.4578285194556493	0.020270653399092224	3	0.7407708990980137	0.008556537871932635	3	0.07819111984216799	0.008781397623876024	3	0.049501320238727144	0.017720699714338237	3	0.8839233044799317	0.022254571044164922	3	6.2505993092695356	2.3630098924049485	3	0.6666666666666666	0.0	3	0.16666666666666666	0.2886751345948129	3	-0.06936026936026936	0.207966363872944	3	0.26385971930526386	0.0579171319958535	3	0.40722643692940724	0.04607930548899242	3	0.251555210858252	0.014256434860575064	3	0.5024179852594072	0.02898866236509703	3	0.23855242667123855	0.04094270186542277	3	0.40722643692940724	0.04607930548899242	3	0.254560803300963	0.016915998625012488	3	0.5028773822647258	0.03258308490095736	3	0.5075388100619117	0.004139267180151305	3	1.0	0.0	3	0.0	0.0	3	0.0	0.0	3	0.0	0.0	3	0.5505555555555556	0.031582490460755355	3	0.7048337336448545	0.04000546250963099	3	0.2545069375984585	0.017114238405764266	3	0.09055132804754407	0.04336508790288514	3	0.0	0.0	3	0.0	0.0	3	0.0	0.0	3	0.0	0.0	3	0.0	0.0	3	0.0	0.0	3	0.0	0.0	3	0.0	0.0	3	0.0	0.0	3	0.0	0.0	3	0.0	0.0	3	0.0	0.0	3	0.0	0.0	3	0.0	0.0	3	0.0	0.0	3	0.5534980151775504	0.007686312253398931	3
trans_fraction_x_background__model_mismatched__d1200__sep1__cis0.1__bg0.5__a0__r2__m0	trans_fraction_x_background	coarse	model_mismatched	ORACLE_coordinates_generator_conditional	3	1200	1.0	0.9	0.5	0.0	2	0	ORACLE_COORDINATES_AND_GENERATOR	ORACLE_GENERATOR_CONDITIONAL	0.3113236073045855	0.05866025657494072	3	0.5419349436387204	0.030714637277431116	3	1.3354993518624376	0.06996994461731788	3	0.6865674234569511	0.009348354368789885	3	0.0225919123383098	0.004864843536181694	3	0.022597634525397522	0.009819450777653966	3	0.0	0.0	3	0.3113236073045855	0.05866025657494072	3	0.5419349436387204	0.030714637277431116	3	1.3354993518624376	0.06996994461731788	3	0.6865674234569511	0.009348354368789885	3	0.0225919123383098	0.004864843536181694	3	0.022597634525397522	0.009819450777653966	3	1.0	0.0	3	0.0	0.0	3	1.0	0.0	3	1.0	0.0	3	1.0	0.0	3	0.3626701255733514	0.03581860256130892	3	0.6521881344461989	0.09651749608200623	3	0.30648975602519773	0.06592834386492898	3	0.5309365622126835	0.024632768756707085	3	0.3626701255733514	0.03581860256130892	3	0.6521881344461989	0.09651749608200623	3	0.30648975602519773	0.06592834386492898	3	0.5309365622126835	0.024632768756707085	3	0.0	0.0	3	1.0	0.0	3	0.0	0.0	3	0.0	0.0	3	0.0	0.0	3	nan	nan	0	nan	nan	0	nan	nan	0	nan	nan	0	0.10794672358153003	0.1494289143522439	3	0.019861931097933338	0.027712780474956792	3	0.0026903315759048037	0.0009248257126902516	3	0.09268269611111206	0.1330779472150584	3	0.0026903315759048037	0.0009248257126902516	3	0.10794672358153003	0.1494289143522439	3	0.019861931097933338	0.027712780474956792	3	0.0026903315759048037	0.0009248257126902516	3	0.09268269611111206	0.1330779472150584	3	0.0026903315759048037	0.0009248257126902516	3	0.10794672358153003	0.1494289143522439	3	0.019861931097933338	0.027712780474956792	3	0.0026903315759048037	0.0009248257126902516	3	0.09268269611111206	0.1330779472150584	3	0.0026903315759048037	0.0009248257126902516	3	nan	nan	0
trans_fraction_x_background__model_mismatched__d1200__sep1__cis0.1__bg0.5__a0__r2__m0	trans_fraction_x_background	coarse	model_mismatched	ORACLE_coordinates_inference_monotone_log	3	1200	1.0	0.9	0.5	0.0	2	0	ORACLE_COORDINATES	MISMATCHED_INFERENCE_SCORE_OR_MOLECULE_COMPOSITE	0.30864286606556196	0.06532874237500867	3	0.5278404939223351	0.021037083433071035	3	1.3552159588511723	0.044030242536499384	3	0.6947402207138517	0.002510155600555163	3	0.035033484937437305	0.026799306665351096	3	0.031285511163149184	0.02351656034487408	3	0.0	0.0	3	0.30864286606556196	0.06532874237500867	3	0.5278404939223351	0.021037083433071035	3	1.3552159588511723	0.044030242536499384	3	0.6947402207138517	0.002510155600555163	3	0.035033484937437305	0.026799306665351096	3	0.031285511163149184	0.02351656034487408	3	1.0	0.0	3	0.0	0.0	3	1.0	0.0	3	1.0	0.0	3	1.0	0.0	3	0.3626701255733514	0.03581860256130892	3	0.5605947815625235	0.07655494602814003	3	0.3034883058988677	0.07309609837499927	3	0.5244156370003096	0.03074958904057154	3	0.3626701255733514	0.03581860256130892	3	0.5605947815625235	0.07655494602814003	3	0.3034883058988677	0.07309609837499927	3	0.5244156370003096	0.03074958904057154	3	0.0	0.0	3	1.0	0.0	3	0.0	0.0	3	0.0	0.0	3	0.0	0.0	3	nan	nan	0	nan	nan	0	nan	nan	0	nan	nan	0	0.019310292499715467	0.024239106857840517	3	0.0	0.0	3	0.0	0.0	3	0.0038064165307232192	0.006592906825982676	3	0.0	0.0	3	0.019310292499715467	0.024239106857840517	3	0.0	0.0	3	0.0	0.0	3	0.0038064165307232192	0.006592906825982676	3	0.0	0.0	3	0.019310292499715467	0.024239106857840517	3	0.0	0.0	3	0.0	0.0	3	0.0038064165307232192	0.006592906825982676	3	0.0	0.0	3	nan	nan	0
trans_fraction_x_background__model_mismatched__d1200__sep1__cis0.1__bg0.5__a0__r2__m0	trans_fraction_x_background	coarse	model_mismatched	blind_normalized_endpoint_monotone_log_midpoint_delta_pairwise	3	1200	1.0	0.9	0.5	0.0	2	0	none	MISMATCHED_OR_MOLECULE_COMPOSITE	0.2163222663956179	0.03844658994087793	3	0.49077670039899474	0.008958231778976956	3	1.768250911141375	0.5184222804157914	3	0.8247560365258922	0.17912733399730685	3	0.21247047507003594	0.19146536273426162	3	0.10195792534827604	0.10424299433677073	3	1.1602991693007618	0.23918259417706775	3	0.2844068856226149	0.035736590652301656	3	0.49439427145842624	0.0030470155954659592	3	1.5768093058991937	0.2403162574733139	3	0.8246803351852208	0.1791925510467821	3	0.14438585584303898	0.11742055371414017	3	0.09834035428884452	0.10714347453136262	3	0.8655148633655111	0.07325766506836576	3	5.0557023377584365	0.7375902278448986	3	0.8888888888888888	0.1924500897298753	3	0.8333333333333334	0.28867513459481287	3	-0.0505050505050505	0.024576818304235235	3	0.19356718550266938	0.02826004441946726	3	0.4746221520415069	0.11145230365732091	3	0.2183894149914429	0.04108507460534633	3	0.49167665607910466	0.002423695920817481	3	0.3262764117602827	0.019509505856768288	3	0.4746221520415069	0.11145230365732091	3	0.2802701925654468	0.03756380950942378	3	0.49561145090766007	0.007810001597510028	3	0.5140160210430622	0.011360449458285049	3	1.0	0.0	3	0.0	0.0	3	0.0	0.0	3	0.0	0.0	3	0.5541666666666667	0.06567491487961322	3	0.6910572903594802	0.07555384319958942	3	0.24935259205506552	0.03216781999386752	3	0.1169103788969434	0.033377210185604536	3	0.0005167958656330749	0.0008951166964180245	3	0.0005167958656330749	0.0008951166964180245	3	0.0005167958656330749	0.0008951166964180245	3	0.0005167958656330749	0.0008951166964180245	3	0.0005167958656330749	0.0008951166964180245	3	0.005410759976562929	0.008066371352730979	3	0.0005167958656330749	0.0008951166964180245	3	0.0005167958656330749	0.0008951166964180245	3	0.0005167958656330749	0.0008951166964180245	3	0.0005167958656330749	0.0008951166964180245	3	0.0	0.0	3	0.0	0.0	3	0.0	0.0	3	0.0	0.0	3	0.0	0.0	3	0.5696352309810832	0.04515054243647443	3
trans_fraction_x_background__model_mismatched__d1200__sep1__cis0.1__bg0__a0__r2__m0	trans_fraction_x_background	coarse	model_mismatched	ORACLE_coordinates_generator_conditional	3	1200	1.0	0.9	0.0	0.0	2	0	ORACLE_COORDINATES_AND_GENERATOR	ORACLE_GENERATOR_CONDITIONAL	0.25972222222222224	0.012536982329329732	3	0.5152777777777778	0.013977495139343474	3	1.3687337877706744	0.005190818026625046	3	0.6887910988579417	0.003938911403036407	3	0.009900026718364511	0.0035171664096879983	3	0.018396363050629836	0.010127114970927383	3	0.0	0.0	3	0.25972222222222224	0.012536982329329732	3	0.5152777777777778	0.013977495139343474	3	1.3687337877706744	0.005190818026625046	3	0.6887910988579417	0.003938911403036407	3	0.009900026718364511	0.0035171664096879983	3	0.018396363050629836	0.010127114970927383	3	1.0	0.0	3	0.0	0.0	3	1.0	0.0	3	1.0	0.0	3	1.0	0.0	3	0.3666227194690193	0.08734598702830981	3	0.6249086144721817	0.02962359113657936	3	0.24790553809401172	0.0065366900278809445	3	0.5031621428625439	0.01843909629412247	3	0.3666227194690193	0.08734598702830981	3	0.6249086144721817	0.02962359113657936	3	0.24790553809401172	0.0065366900278809445	3	0.5031621428625439	0.01843909629412247	3	0.0	0.0	3	1.0	0.0	3	0.0	0.0	3	0.0	0.0	3	0.0	0.0	3	nan	nan	0	nan	nan	0	nan	nan	0	nan	nan	0	0.024722222222222225	0.025198287713725787	3	0.013055555555555556	0.01074752340119617	3	0.004166666666666667	0.0022047927592204926	3	0.04694444444444445	0.0348840672535206	3	0.004722222222222222	0.0031549490810001517	3	0.024722222222222225	0.025198287713725787	3	0.013055555555555556	0.01074752340119617	3	0.004166666666666667	0.0022047927592204926	3	0.04694444444444445	0.0348840672535206	3	0.004722222222222222	0.0031549490810001517	3	0.024722222222222225	0.025198287713725787	3	0.013055555555555556	0.01074752340119617	3	0.004166666666666667	0.0022047927592204926	3	0.04694444444444445	0.0348840672535206	3	0.004722222222222222	0.0031549490810001517	3	nan	nan	0
trans_fraction_x_background__model_mismatched__d1200__sep1__cis0.1__bg0__a0__r2__m0	trans_fraction_x_background	coarse	model_mismatched	ORACLE_coordinates_inference_monotone_log	3	1200	1.0	0.9	0.0	0.0	2	0	ORACLE_COORDINATES	MISMATCHED_INFERENCE_SCORE_OR_MOLECULE_COMPOSITE	0.26638888888888884	0.026994512473902974	3	0.4994444444444445	0.016015039228221787	3	1.3804089471727554	0.005940618612313142	3	0.6968618191446133	0.002932081803483125	3	0.02983557919712837	0.013911189902553564	3	0.018276046653168777	0.011488180277517166	3	0.0	0.0	3	0.26638888888888884	0.026994512473902974	3	0.4994444444444445	0.016015039228221787	3	1.3804089471727554	0.005940618612313142	3	0.6968618191446133	0.002932081803483125	3	0.02983557919712837	0.013911189902553564	3	0.018276046653168777	0.011488180277517166	3	1.0	0.0	3	0.0	0.0	3	1.0	0.0	3	1.0	0.0	3	1.0	0.0	3	0.3666227194690193	0.08734598702830981	3	0.56178277762718	0.05365212839858352	3	0.2553202563313902	0.020894497204439248	3	0.4924138973662114	0.01773472399834702	3	0.3666227194690193	0.08734598702830981	3	0.56178277762718	0.05365212839858352	3	0.2553202563313902	0.020894497204439248	3	0.4924138973662114	0.01773472399834702	3	0.0	0.0	3	1.0	0.0	3	0.0	0.0	3	0.0	0.0	3	0.0	0.0	3	nan	nan	0	nan	nan	0	nan	nan	0	nan	nan	0	0.013888888888888888	0.024056261216234408	3	0.0	0.0	3	0.0	0.0	3	0.0	0.0	3	0.0	0.0	3	0.013888888888888888	0.024056261216234408	3	0.0	0.0	3	0.0	0.0	3	0.0	0.0	3	0.0	0.0	3	0.013888888888888888	0.024056261216234408	3	0.0	0.0	3	0.0	0.0	3	0.0	0.0	3	0.0	0.0	3	nan	nan	0
trans_fraction_x_background__model_mismatched__d1200__sep1__cis0.1__bg0__a0__r2__m0	trans_fraction_x_background	coarse	model_mismatched	blind_normalized_endpoint_monotone_log_midpoint_delta_pairwise	3	1200	1.0	0.9	0.0	0.0	2	0	none	MISMATCHED_OR_MOLECULE_COMPOSITE	0.23944444444444446	0.011557024479285966	3	0.5052777777777778	0.008910563851303037	3	1.5021209194743614	0.08331187825491038	3	0.7531224225581136	0.04257663656255751	3	0.10553226346292562	0.022403339577730604	3	0.0455160326320333	0.019145818180176404	3	0.9784602205084907	0.30652407423354966	3	0.24194444444444443	0.013342011065025366	3	0.4855555555555556	0.026774953746890925	3	1.4965184142045576	0.0510246785455386	3	0.7541921062105149	0.043564149489579214	3	0.1047027498514904	0.003011655134085103	3	0.05601854175939486	0.031997416353775884	3	0.8992659076428712	0.050791759507284	3	6.737476317952731	1.8316794017662514	3	0.7777777777777777	0.1924500897298753	3	0.5	0.5	3	0.02491582491582492	0.06955286913764501	3	0.2639107255805548	0.1523325963076798	3	0.46399204843227615	0.08124333481803354	3	0.23712977124990206	0.009956452268874172	3	0.5100769820562958	0.0157665933894423	3	0.2914278321299194	0.08984661347294787	3	0.46399204843227615	0.08124333481803354	3	0.2365857925315773	0.01806136032809751	3	0.48811377025133235	0.02113683702114399	3	0.5298445348938307	0.04285337745853325	3	0.6666666666666666	0.5773502691896258	3	0.3333333333333333	0.5773502691896258	3	0.0	0.0	3	0.0	0.0	3	0.5380555555555555	0.12029285253235275	3	0.7031934664269963	0.16131309002734953	3	0.25209832570851826	0.07018301817266691	3	0.17117729851164895	0.10274548914360708	3	0.005555555555555556	0.009622504486493762	3	0.0036111111111111114	0.006254627916220946	3	0.0	0.0	3	0.0036111111111111114	0.006254627916220946	3	0.0	0.0	3	0.005555555555555556	0.009622504486493762	3	0.0036111111111111114	0.006254627916220946	3	0.0	0.0	3	0.0036111111111111114	0.006254627916220946	3	0.0	0.0	3	0.0019444444444444446	0.003367876570272817	3	0.0019444444444444446	0.003367876570272817	3	0.0	0.0	3	0.0	0.0	3	0.0	0.0	3	0.5643852624908853	0.02133515274555225	3
trans_fraction_x_background__model_mismatched__d1200__sep1__cis0.5__bg0.2__a0__r2__m0	trans_fraction_x_background	coarse	model_mismatched	ORACLE_coordinates_generator_conditional	3	1200	1.0	0.5	0.2	0.0	2	0	ORACLE_COORDINATES_AND_GENERATOR	ORACLE_GENERATOR_CONDITIONAL	0.34411585097621805	0.03756648659523517	3	0.5858568304211481	0.009722025519499853	3	1.2608011528265421	0.022968007546658394	3	0.6545513309544161	0.008487886694816774	3	0.024436385348080476	0.0034801355670797686	3	0.014415016113794192	0.003285726418755919	3	0.0	0.0	3	0.34411585097621805	0.03756648659523517	3	0.5858568304211481	0.009722025519499853	3	1.2608011528265421	0.022968007546658394	3	0.6545513309544161	0.008487886694816774	3	0.024436385348080476	0.0034801355670797686	3	0.014415016113794192	0.003285726418755919	3	1.0	0.0	3	0.0	0.0	3	1.0	0.0	3	1.0	0.0	3	1.0	0.0	3	0.4103049206592695	0.03320888638659191	3	0.6565253702851495	0.021554937769672426	3	0.2785834505922233	0.0793660640129683	3	0.5150465776559595	0.03066966923957739	3	0.4103049206592695	0.03320888638659191	3	0.6565253702851495	0.021554937769672426	3	0.2785834505922233	0.0793660640129683	3	0.5150465776559595	0.03066966923957739	3	0.0	0.0	3	1.0	0.0	3	0.0	0.0	3	0.0	0.0	3	0.0	0.0	3	nan	nan	0	nan	nan	0	nan	nan	0	nan	nan	0	0.21307935565202743	0.07918380735153092	3	0.0867243205476838	0.013419403973892144	3	0.036840977995043205	0.013871218673470506	3	0.33395606280849477	0.10026346618100304	3	0.03573942449812467	0.01876310493712994	3	0.21307935565202743	0.07918380735153092	3	0.0867243205476838	0.013419403973892144	3	0.036840977995043205	0.013871218673470506	3	0.33395606280849477	0.10026346618100304	3	0.03573942449812467	0.01876310493712994	3	0.21307935565202743	0.07918380735153092	3	0.0867243205476838	0.013419403973892144	3	0.036840977995043205	0.013871218673470506	3	0.33395606280849477	0.10026346618100304	3	0.03573942449812467	0.01876310493712994	3	nan	nan	0
trans_fraction_x_background__model_mismatched__d1200__sep1__cis0.5__bg0.2__a0__r2__m0	trans_fraction_x_background	coarse	model_mismatched	ORACLE_coordinates_inference_monotone_log	3	1200	1.0	0.5	0.2	0.0	2	0	ORACLE_COORDINATES	MISMATCHED_INFERENCE_SCORE_OR_MOLECULE_COMPOSITE	0.3457917988170289	0.03023468903478687	3	0.5698865323038984	0.018370782555261384	3	1.3037786410038945	0.023582212439923114	3	0.6771229161511986	0.017454489091919368	3	0.0573585620635659	0.030158204412638855	3	0.03934184796304276	0.024107172004827655	3	0.0	0.0	3	0.3457917988170289	0.03023468903478687	3	0.5698865323038984	0.018370782555261384	3	1.3037786410038945	0.023582212439923114	3	0.6771229161511986	0.017454489091919368	3	0.0573585620635659	0.030158204412638855	3	0.03934184796304276	0.024107172004827655	3	1.0	0.0	3	0.0	0.0	3	1.0	0.0	3	1.0	0.0	3	1.0	0.0	3	0.4103049206592695	0.03320888638659191	3	0.622581854749365	0.01799584375428858	3	0.2817973457536282	0.07738472565098543	3	0.5175008683948733	0.04920821113194701	3	0.4103049206592695	0.03320888638659191	3	0.622581854749365	0.01799584375428858	3	0.2817973457536282	0.07738472565098543	3	0.5175008683948733	0.04920821113194701	3	0.0	0.0	3	1.0	0.0	3	0.0	0.0	3	0.0	0.0	3	0.0	0.0	3	nan	nan	0	nan	nan	0	nan	nan	0	nan	nan	0	0.0909205309379683	0.08221771245275389	3	0.02928870292887029	0.05072952156059473	3	0.0	0.0	3	0.13563458856345886	0.23492599865561128	3	0.0	0.0	3	0.0909205309379683	0.08221771245275389	3	0.02928870292887029	0.05072952156059473	3	0.0	0.0	3	0.13563458856345886	0.23492599865561128	3	0.0	0.0	3	0.0909205309379683	0.08221771245275389	3	0.02928870292887029	0.05072952156059473	3	0.0	0.0	3	0.13563458856345886	0.23492599865561128	3	0.0	0.0	3	nan	nan	0
trans_fraction_x_background__model_mismatched__d1200__sep1__cis0.5__bg0.2__a0__r2__m0	trans_fraction_x_background	coarse	model_mismatched	blind_normalized_endpoint_monotone_log_midpoint_delta_pairwise	3	1200	1.0	0.5	0.2	0.0	2	0	none	MISMATCHED_OR_MOLECULE_COMPOSITE	0.2546298943457522	0.03275941295704384	3	0.4733534913163539	0.010546516695712929	3	1.8284064879586515	0.13897134271716724	3	0.9087309301958238	0.03341248504286248	3	0.2987055225793662	0.06597408130728111	3	0.1958760190030849	0.04819398087232818	3	0.9764172829701813	0.2195441746342502	3	0.2756571263347215	0.0060297414411764625	3	0.4650804820092184	0.011403408861292067	3	1.7573998239036683	0.1869283717707803	3	0.9092192565554744	0.03272074448699748	3	0.27884536771590834	0.07776933241121747	3	0.20414902831022033	0.03966239044286225	3	0.879337474965288	0.05761204388547984	3	4.340044194224631	2.044401791985352	3	0.8888888888888888	0.1924500897298753	3	0.8333333333333334	0.28867513459481287	3	0.1084175084175084	0.20902339546662238	3	0.24166538835199672	0.06404328301967616	3	0.43691943208740264	0.013074761753403635	3	0.2671571167417291	0.009348424719079446	3	0.5099831021923862	0.015126106585351184	3	0.2898834177021015	0.019473944026411952	3	0.43691943208740264	0.013074761753403635	3	0.26171493987098077	0.014368897904483988	3	0.4936565715801413	0.014763997346342999	3	0.5151687236502767	0.018391691961968642	3	1.0	0.0	3	0.0	0.0	3	0.0	0.0	3	0.0	0.0	3	0.7494444444444444	0.05785718368278658	3	0.49128780152501045	0.05461148566643633	3	0.16320727823314035	0.020623688915969676	3	0.04698064341459521	0.006527251316000576	3	0.005170630816959669	0.008955795282155518	3	0.005170630816959669	0.008955795282155518	3	0.005170630816959669	0.008955795282155518	3	0.01780220976432809	0.019050903787755476	3	0.005170630816959669	0.008955795282155518	3	0.014477766287487074	0.025076226790035454	3	0.005170630816959669	0.008955795282155518	3	0.005170630816959669	0.008955795282155518	3	0.01780220976432809	0.019050903787755476	3	0.005170630816959669	0.008955795282155518	3	0.0	0.0	3	0.0	0.0	3	0.0	0.0	3	0.0	0.0	3	0.0	0.0	3	0.6724592210220618	0.06281039331430945	3
trans_fraction_x_background__model_mismatched__d1200__sep1__cis0.5__bg0.5__a0__r2__m0	trans_fraction_x_background	coarse	model_mismatched	ORACLE_coordinates_generator_conditional	3	1200	1.0	0.5	0.5	0.0	2	0	ORACLE_COORDINATES_AND_GENERATOR	ORACLE_GENERATOR_CONDITIONAL	0.34127344630342965	0.03290100664819856	3	0.576478903420245	0.012690670969280508	3	1.2801368894141711	0.033410160135594884	3	0.670659391477033	0.0014056050318962247	3	0.031450732701148426	0.010389955062837545	3	0.014868131630127174	0.0059490251252419125	3	0.0	0.0	3	0.34127344630342965	0.03290100664819856	3	0.576478903420245	0.012690670969280508	3	1.2801368894141711	0.033410160135594884	3	0.670659391477033	0.0014056050318962247	3	0.031450732701148426	0.010389955062837545	3	0.014868131630127174	0.0059490251252419125	3	1.0	0.0	3	0.0	0.0	3	1.0	0.0	3	1.0	0.0	3	1.0	0.0	3	0.4130826888902046	0.06953928734886493	3	0.6269282311668956	0.021511055021300438	3	0.26788414712290143	0.029427122644258487	3	0.5240356273228246	0.022935109152789488	3	0.4130826888902046	0.06953928734886493	3	0.6269282311668956	0.021511055021300438	3	0.26788414712290143	0.029427122644258487	3	0.5240356273228246	0.022935109152789488	3	0.0	0.0	3	1.0	0.0	3	0.0	0.0	3	0.0	0.0	3	0.0	0.0	3	nan	nan	0	nan	nan	0	nan	nan	0	nan	nan	0	0.17006904556785554	0.12219218628253005	3	0.046615281013660324	0.0651562390951053	3	0.010997203397106697	0.009021930522167595	3	0.17559088407625636	0.0032973564727220577	3	0.010997203397106697	0.009021930522167595	3	0.17006904556785554	0.12219218628253005	3	0.046615281013660324	0.0651562390951053	3	0.010997203397106697	0.009021930522167595	3	0.17559088407625636	0.0032973564727220577	3	0.010997203397106697	0.009021930522167595	3	0.17006904556785554	0.12219218628253005	3	0.046615281013660324	0.0651562390951053	3	0.010997203397106697	0.009021930522167595	3	0.17559088407625636	0.0032973564727220577	3	0.010997203397106697	0.009021930522167595	3	nan	nan	0
trans_fraction_x_background__model_mismatched__d1200__sep1__cis0.5__bg0.5__a0__r2__m0	trans_fraction_x_background	coarse	model_mismatched	ORACLE_coordinates_inference_monotone_log	3	1200	1.0	0.5	0.5	0.0	2	0	ORACLE_COORDINATES	MISMATCHED_INFERENCE_SCORE_OR_MOLECULE_COMPOSITE	0.33914521888956634	0.039063423233787996	3	0.5505788844293941	0.011062276346918113	3	1.3179197587647868	0.021621787556865616	3	0.6907462580126298	0.014781704492419138	3	0.05574516814960697	0.008822327621318352	3	0.030845398764946203	0.01580271723427474	3	0.0	0.0	3	0.33914521888956634	0.039063423233787996	3	0.5505788844293941	0.011062276346918113	3	1.3179197587647868	0.021621787556865616	3	0.6907462580126298	0.014781704492419138	3	0.05574516814960697	0.008822327621318352	3	0.030845398764946203	0.01580271723427474	3	1.0	0.0	3	0.0	0.0	3	1.0	0.0	3	1.0	0.0	3	1.0	0.0	3	0.4130826888902046	0.06953928734886493	3	0.5857608375928134	0.02444479349766876	3	0.26312187620146094	0.04435801019103986	3	0.513758810713828	0.01437325783593013	3	0.4130826888902046	0.06953928734886493	3	0.5857608375928134	0.02444479349766876	3	0.26312187620146094	0.04435801019103986	3	0.513758810713828	0.01437325783593013	3	0.0	0.0	3	1.0	0.0	3	0.0	0.0	3	0.0	0.0	3	0.0	0.0	3	nan	nan	0	nan	nan	0	nan	nan	0	nan	nan	0	0.0	0.0	3	0.0	0.0	3	0.0	0.0	3	0.0	0.0	3	0.0	0.0	3	0.0	0.0	3	0.0	0.0	3	0.0	0.0	3	0.0	0.0	3	0.0	0.0	3	0.0	0.0	3	0.0	0.0	3	0.0	0.0	3	0.0	0.0	3	0.0	0.0	3	nan	nan	0
trans_fraction_x_background__model_mismatched__d1200__sep1__cis0.5__bg0.5__a0__r2__m0	trans_fraction_x_background	coarse	model_mismatched	blind_normalized_endpoint_monotone_log_midpoint_delta_pairwise	3	1200	1.0	0.5	0.5	0.0	2	0	none	MISMATCHED_OR_MOLECULE_COMPOSITE	0.22359344917509857	0.007243964314736499	3	0.4328980717616476	0.012921684440809567	3	1.641792206416319	0.1112915104919468	3	0.8313053496005742	0.09055674012859129	3	0.23848275995024146	0.05514355654309774	3	0.17019353833209636	0.04697400381236725	3	0.8639072413963977	0.16115350922048968	3	0.23944378817270176	0.030821082053101616	3	0.4605443455772176	0.014212920337756233	3	1.6070398662245742	0.09055916090947312	3	0.8303992881579475	0.09048928354829823	3	0.222863833928622	0.047479852319996775	3	0.14254726451652638	0.04886350797924069	3	0.9241804336320733	0.01941356948861549	3	4.889362702931273	0.788699300020773	3	0.6666666666666666	0.0	3	0.5	0.0	3	0.012794612794612789	0.36945586515254575	3	0.20537436906597803	0.0042078196698048485	3	0.41632604922295613	0.027232308448101594	3	0.24237216455209534	0.012451728736838438	3	0.4503332051774958	0.0028022864415715018	3	0.2457354921590795	0.0564088937113252	3	0.41632604922295613	0.027232308448101594	3	0.23190952197872614	0.030934409998078637	3	0.506152761758298	0.003467676021824532	3	0.5130717552577456	0.011087955134018484	3	1.0	0.0	3	0.0	0.0	3	0.0	0.0	3	0.0	0.0	3	0.6358333333333334	0.020207259421636856	3	0.6148107576218674	0.030840725439693826	3	0.21428422264721217	0.01312420128158485	3	0.07640562351279724	0.018384134373671153	3	0.0	0.0	3	0.0	0.0	3	0.0	0.0	3	0.0	0.0	3	0.0	0.0	3	0.0	0.0	3	0.0	0.0	3	0.0	0.0	3	0.0	0.0	3	0.0	0.0	3	0.0	0.0	3	0.0	0.0	3	0.0	0.0	3	0.0	0.0	3	0.0	0.0	3	0.5585068930224684	0.0050868391873856375	3
trans_fraction_x_background__model_mismatched__d1200__sep1__cis0.5__bg0__a0__r2__m0	trans_fraction_x_background	coarse	model_mismatched	ORACLE_coordinates_generator_conditional	3	1200	1.0	0.5	0.0	0.0	2	0	ORACLE_COORDINATES_AND_GENERATOR	ORACLE_GENERATOR_CONDITIONAL	0.3238888888888889	0.009658521472618725	3	0.5752777777777779	0.00822147143719377	3	1.2880765625431077	0.02712483767754916	3	0.6680673397824236	0.014458342771243868	3	0.022549341405232584	0.010645806502492092	3	0.026108631526551213	0.018905783175990284	3	0.0	0.0	3	0.3238888888888889	0.009658521472618725	3	0.5752777777777779	0.00822147143719377	3	1.2880765625431077	0.02712483767754916	3	0.6680673397824236	0.014458342771243868	3	0.022549341405232584	0.010645806502492092	3	0.026108631526551213	0.018905783175990284	3	1.0	0.0	3	0.0	0.0	3	1.0	0.0	3	1.0	0.0	3	1.0	0.0	3	0.3863403872854818	0.022525155782237363	3	0.6354293221529944	0.026971377147994868	3	0.2593408956221204	0.01551626255173282	3	0.5130914009439392	0.033594317789730356	3	0.3863403872854818	0.022525155782237363	3	0.6354293221529944	0.026971377147994868	3	0.2593408956221204	0.01551626255173282	3	0.5130914009439392	0.033594317789730356	3	0.0	0.0	3	1.0	0.0	3	0.0	0.0	3	0.0	0.0	3	0.0	0.0	3	nan	nan	0	nan	nan	0	nan	nan	0	nan	nan	0	0.11777777777777776	0.05608979242977117	3	0.05444444444444444	0.05500841686438473	3	0.0	0.0	3	0.23055555555555554	0.1896530702019797	3	0.006666666666666667	0.011547005383792516	3	0.11777777777777776	0.05608979242977117	3	0.05444444444444444	0.05500841686438473	3	0.0	0.0	3	0.23055555555555554	0.1896530702019797	3	0.006666666666666667	0.011547005383792516	3	0.11777777777777776	0.05608979242977117	3	0.05444444444444444	0.05500841686438473	3	0.0	0.0	3	0.23055555555555554	0.1896530702019797	3	0.006666666666666667	0.011547005383792516	3	nan	nan	0
trans_fraction_x_background__model_mismatched__d1200__sep1__cis0.5__bg0__a0__r2__m0	trans_fraction_x_background	coarse	model_mismatched	ORACLE_coordinates_inference_monotone_log	3	1200	1.0	0.5	0.0	0.0	2	0	ORACLE_COORDINATES	MISMATCHED_INFERENCE_SCORE_OR_MOLECULE_COMPOSITE	0.31666666666666665	0.017219981933143193	3	0.5494444444444445	0.010046189622236192	3	1.3174470384036032	0.012896943069217662	3	0.6825782874433495	0.006552097674189151	3	0.04004397401667267	0.006263310368366994	3	0.024693882489214242	0.006309798360576049	3	0.0	0.0	3	0.31666666666666665	0.017219981933143193	3	0.5494444444444445	0.010046189622236192	3	1.3174470384036032	0.012896943069217662	3	0.6825782874433495	0.006552097674189151	3	0.04004397401667267	0.006263310368366994	3	0.024693882489214242	0.006309798360576049	3	1.0	0.0	3	0.0	0.0	3	1.0	0.0	3	1.0	0.0	3	1.0	0.0	3	0.3863403872854818	0.022525155782237363	3	0.5936989802876391	0.02570394547400317	3	0.2446704907690672	0.022833254559756908	3	0.5035992479183454	0.012638592589672613	3	0.3863403872854818	0.022525155782237363	3	0.5936989802876391	0.02570394547400317	3	0.2446704907690672	0.022833254559756908	3	0.5035992479183454	0.012638592589672613	3	0.0	0.0	3	1.0	0.0	3	0.0	0.0	3	0.0	0.0	3	0.0	0.0	3	nan	nan	0	nan	nan	0	nan	nan	0	nan	nan	0	0.041388888888888885	0.07168765842437853	3	0.009444444444444445	0.016358257627039394	3	0.0	0.0	3	0.07916666666666668	0.08827435137745908	3	0.0	0.0	3	0.041388888888888885	0.07168765842437853	3	0.009444444444444445	0.016358257627039394	3	0.0	0.0	3	0.07916666666666668	0.08827435137745908	3	0.0	0.0	3	0.041388888888888885	0.07168765842437853	3	0.009444444444444445	0.016358257627039394	3	0.0	0.0	3	0.07916666666666668	0.08827435137745908	3	0.0	0.0	3	nan	nan	0
trans_fraction_x_background__model_mismatched__d1200__sep1__cis0.5__bg0__a0__r2__m0	trans_fraction_x_background	coarse	model_mismatched	blind_normalized_endpoint_monotone_log_midpoint_delta_pairwise	3	1200	1.0	0.5	0.0	0.0	2	0	none	MISMATCHED_OR_MOLECULE_COMPOSITE	0.2225	0.024281337140555782	3	0.4461111111111111	0.016548190009562768	3	1.9581611126088305	0.21342235848141916	3	1.0019773833053458	0.10991558856899265	3	0.31590123433476597	0.06319002150728531	3	0.21702891492916077	0.021159106734111487	3	1.0741732410298883	0.13869361266005614	3	0.2602777777777778	0.010551899951790311	3	0.4533333333333333	0.019596626693841393	3	1.8339977278198123	0.11669633731917582	3	1.0019526536500842	0.1100289436471383	3	0.2802785189835477	0.035366383180548334	3	0.21226846217688108	0.01686228567151865	3	0.8944644916538	0.022187734623176497	3	4.45638927211621	0.9099580744463641	3	0.6666666666666666	0.0	3	0.5	0.0	3	0.16498316498316498	0.07253997580872852	3	0.19015774954118791	0.034604656431643774	3	0.3999788939932955	0.03524078621143728	3	0.25608000176224727	0.03975317643514827	3	0.49359190888199755	0.019921812634772457	3	0.25722672916642314	0.03142018023579246	3	0.3999788939932955	0.03524078621143728	3	0.2633323792133892	0.014413478450980668	3	0.5082651431496449	0.014071932126868046	3	0.5093558677472174	0.007351613865582926	3	0.6666666666666666	0.5773502691896258	3	0.3333333333333333	0.5773502691896258	3	0.0	0.0	3	0.0	0.0	3	0.9144444444444444	0.08035223383006525	3	0.2728461461614983	0.08056563515992611	3	0.07766837178325313	0.033092909582451	3	0.10792126869231894	0.04702294521176991	3	0.0	0.0	3	0.0	0.0	3	0.0	0.0	3	0.0	0.0	3	0.0	0.0	3	0.0	0.0	3	0.0	0.0	3	0.0	0.0	3	0.0	0.0	3	0.0	0.0	3	0.0	0.0	3	0.0	0.0	3	0.0	0.0	3	0.0	0.0	3	0.0	0.0	3	0.7892943519641538	0.04725492314951307	3
trans_fraction_x_background__model_mismatched__d1200__sep1__cis0.9__bg0.2__a0__r2__m0	trans_fraction_x_background	coarse	model_mismatched	ORACLE_coordinates_generator_conditional	3	1200	1.0	0.09999999999999998	0.2	0.0	2	0	ORACLE_COORDINATES_AND_GENERATOR	ORACLE_GENERATOR_CONDITIONAL	0.3919190511035568	0.026743343487647554	3	0.6279490560041259	0.01488507744644915	3	1.2035316365006992	0.045860943228066636	3	0.6417182524363406	0.004387322196125916	3	0.016796461019317716	0.0054906662905572345	3	0.02159403282442846	0.0063236567602734835	3	0.0	0.0	3	0.3919190511035568	0.026743343487647554	3	0.6279490560041259	0.01488507744644915	3	1.2035316365006992	0.045860943228066636	3	0.6417182524363406	0.004387322196125916	3	0.016796461019317716	0.0054906662905572345	3	0.02159403282442846	0.0063236567602734835	3	1.0	0.0	3	0.0	0.0	3	1.0	0.0	3	1.0	0.0	3	1.0	0.0	3	0.41140976548232944	0.02873794418911008	3	0.6405194046167252	0.01196591040979484	3	0.21777212749543776	0.016320638025599105	3	0.5149991121695443	0.049529711033946495	3	0.41140976548232944	0.02873794418911008	3	0.6405194046167252	0.01196591040979484	3	0.21777212749543776	0.016320638025599105	3	0.5149991121695443	0.049529711033946495	3	0.0	0.0	3	1.0	0.0	3	0.0	0.0	3	0.0	0.0	3	0.0	0.0	3	nan	nan	0	nan	nan	0	nan	nan	0	nan	nan	0	0.2727616704275427	0.08218065665622235	3	0.14189274605837487	0.04062445731720057	3	0.022728668048325993	0.024306075682796552	3	0.4417035929412507	0.08206138639552406	3	0.05119619076954978	0.033887305255841015	3	0.2727616704275427	0.08218065665622235	3	0.14189274605837487	0.04062445731720057	3	0.022728668048325993	0.024306075682796552	3	0.4417035929412507	0.08206138639552406	3	0.05119619076954978	0.033887305255841015	3	0.2727616704275427	0.08218065665622235	3	0.14189274605837487	0.04062445731720057	3	0.022728668048325993	0.024306075682796552	3	0.4417035929412507	0.08206138639552406	3	0.05119619076954978	0.033887305255841015	3	nan	nan	0
trans_fraction_x_background__model_mismatched__d1200__sep1__cis0.9__bg0.2__a0__r2__m0	trans_fraction_x_background	coarse	model_mismatched	ORACLE_coordinates_inference_monotone_log	3	1200	1.0	0.09999999999999998	0.2	0.0	2	0	ORACLE_COORDINATES	MISMATCHED_INFERENCE_SCORE_OR_MOLECULE_COMPOSITE	0.3929829859599315	0.030313704673588432	3	0.5646591954812271	0.02455869772090588	3	1.2719038039165858	0.013739163471681855	3	0.6965516672056081	0.03608116697566345	3	0.06045239542839711	0.02395128921103611	3	0.04506038692087023	0.03038243348741357	3	0.0	0.0	3	0.3929829859599315	0.030313704673588432	3	0.5646591954812271	0.02455869772090588	3	1.2719038039165858	0.013739163471681855	3	0.6965516672056081	0.03608116697566345	3	0.06045239542839711	0.02395128921103611	3	0.04506038692087023	0.03038243348741357	3	1.0	0.0	3	0.0	0.0	3	1.0	0.0	3	1.0	0.0	3	1.0	0.0	3	0.41140976548232944	0.02873794418911008	3	0.578665672307076	0.02868335170519213	3	0.22750692731578268	0.07041882410798868	3	0.4393052241734597	0.014045659818522281	3	0.41140976548232944	0.02873794418911008	3	0.578665672307076	0.02868335170519213	3	0.22750692731578268	0.07041882410798868	3	0.4393052241734597	0.014045659818522281	3	0.0	0.0	3	1.0	0.0	3	0.0	0.0	3	0.0	0.0	3	0.0	0.0	3	nan	nan	0	nan	nan	0	nan	nan	0	nan	nan	0	0.09967459078712149	0.10497770523055094	3	0.0	0.0	3	0.0	0.0	3	0.07255520504731862	0.12566930149553368	3	0.0	0.0	3	0.09967459078712149	0.10497770523055094	3	0.0	0.0	3	0.0	0.0	3	0.07255520504731862	0.12566930149553368	3	0.0	0.0	3	0.09967459078712149	0.10497770523055094	3	0.0	0.0	3	0.0	0.0	3	0.07255520504731862	0.12566930149553368	3	0.0	0.0	3	nan	nan	0
trans_fraction_x_background__model_mismatched__d1200__sep1__cis0.9__bg0.2__a0__r2__m0	trans_fraction_x_background	coarse	model_mismatched	blind_normalized_endpoint_monotone_log_midpoint_delta_pairwise	3	1200	1.0	0.09999999999999998	0.2	0.0	2	0	none	MISMATCHED_OR_MOLECULE_COMPOSITE	0.22597026531860345	0.09961665277990304	3	0.46218949134957216	0.014251619010576517	3	1.9277238461299684	0.3597507292016835	3	0.9260129197860599	0.0841231852438095	3	0.4056276644486932	0.13355081332864085	3	0.24814674374967893	0.04403716349031682	3	1.0943281619808125	0.17344896961014442	3	0.3058115048445173	0.03117374968162832	3	0.45342678542598297	0.02364364831331365	3	1.7259389925714679	0.1683125201611986	3	0.9266147661193728	0.08453128408420382	3	0.3260715190168056	0.05992092898428777	3	0.2527021051981287	0.048125699764802715	3	0.9027098481126221	0.013103883443211273	3	4.771052807045489	2.173670633789973	3	0.8888888888888888	0.1924500897298753	3	0.8333333333333334	0.28867513459481287	3	-0.10303030303030303	0.252743340170237	3	0.22226678755082474	0.11286594923968685	3	0.4561598110805671	0.025656292710779835	3	0.25934721333148303	0.03473274601021073	3	0.5151528038282652	0.10511165907253445	3	0.3152225681653588	0.03243917031116039	3	0.4561598110805671	0.025656292710779835	3	0.22178750859852603	0.025770499494927674	3	0.4301187902228231	0.07327576593566197	3	0.5116720960165063	0.013779922678108208	3	0.6666666666666666	0.5773502691896258	3	0.3333333333333333	0.5773502691896258	3	0.0	0.0	3	0.0	0.0	3	0.8191666666666667	0.00220479275922048	3	0.41171477928888783	0.006347103038765844	3	0.12935661245840244	0.004000772151649765	3	0.03946322147824884	0.0160725565789777	3	0.0	0.0	3	0.0	0.0	3	0.0	0.0	3	0.0	0.0	3	0.0	0.0	3	0.0	0.0	3	0.0	0.0	3	0.0	0.0	3	0.0	0.0	3	0.0	0.0	3	0.0	0.0	3	0.0	0.0	3	0.0	0.0	3	0.0	0.0	3	0.0	0.0	3	0.77401505232182	0.0797810208937838	3
trans_fraction_x_background__model_mismatched__d1200__sep1__cis0.9__bg0.5__a0__r2__m0	trans_fraction_x_background	coarse	model_mismatched	ORACLE_coordinates_generator_conditional	3	1200	1.0	0.09999999999999998	0.5	0.0	2	0	ORACLE_COORDINATES_AND_GENERATOR	ORACLE_GENERATOR_CONDITIONAL	0.38945920485925756	0.007969541617431576	3	0.633474462101434	0.02518648922525518	3	1.2080154060067718	0.009765590143535103	3	0.6400296653361685	0.01937541648303676	3	0.022781512453932524	0.005683894078359143	3	0.02733543315641478	0.0010744909478345994	3	0.0	0.0	3	0.38945920485925756	0.007969541617431576	3	0.633474462101434	0.02518648922525518	3	1.2080154060067718	0.009765590143535103	3	0.6400296653361685	0.01937541648303676	3	0.022781512453932524	0.005683894078359143	3	0.02733543315641478	0.0010744909478345994	3	1.0	0.0	3	0.0	0.0	3	1.0	0.0	3	1.0	0.0	3	1.0	0.0	3	0.3969701738543339	0.014169481955156165	3	0.6428853178368507	0.035493878981583266	3	0.3251704939717235	0.04498999911193485	3	0.5539631039118744	0.06573092152809022	3	0.3969701738543339	0.014169481955156165	3	0.6428853178368507	0.035493878981583266	3	0.3251704939717235	0.04498999911193485	3	0.5539631039118744	0.06573092152809022	3	0.0	0.0	3	1.0	0.0	3	0.0	0.0	3	0.0	0.0	3	0.0	0.0	3	nan	nan	0	nan	nan	0	nan	nan	0	nan	nan	0	0.21101187243406241	0.06769500735808695	3	0.08997736910152226	0.020690178242920153	3	0.011752136752136752	0.020355297952198342	3	0.5287881976979839	0.26720511110913236	3	0.004273504273504273	0.007401926528072126	3	0.21101187243406241	0.06769500735808695	3	0.08997736910152226	0.020690178242920153	3	0.011752136752136752	0.020355297952198342	3	0.5287881976979839	0.26720511110913236	3	0.004273504273504273	0.007401926528072126	3	0.21101187243406241	0.06769500735808695	3	0.08997736910152226	0.020690178242920153	3	0.011752136752136752	0.020355297952198342	3	0.5287881976979839	0.26720511110913236	3	0.004273504273504273	0.007401926528072126	3	nan	nan	0
trans_fraction_x_background__model_mismatched__d1200__sep1__cis0.9__bg0.5__a0__r2__m0	trans_fraction_x_background	coarse	model_mismatched	ORACLE_coordinates_inference_monotone_log	3	1200	1.0	0.09999999999999998	0.5	0.0	2	0	ORACLE_COORDINATES	MISMATCHED_INFERENCE_SCORE_OR_MOLECULE_COMPOSITE	0.3900465061547281	0.01130227046938322	3	0.6007920726414718	0.04126324523254446	3	1.2693267204863863	0.03496764928579041	3	0.6862977476937981	0.044883483050740636	3	0.05292784074576174	0.02260446634124194	3	0.060196355968619435	0.033870846203643376	3	0.0	0.0	3	0.3900465061547281	0.01130227046938322	3	0.6007920726414718	0.04126324523254446	3	1.2693267204863863	0.03496764928579041	3	0.6862977476937981	0.044883483050740636	3	0.05292784074576174	0.02260446634124194	3	0.060196355968619435	0.033870846203643376	3	1.0	0.0	3	0.0	0.0	3	1.0	0.0	3	1.0	0.0	3	1.0	0.0	3	0.3969701738543339	0.014169481955156165	3	0.600852014799544	0.046757485769151924	3	0.3300318761384335	0.01613646683527117	3	0.6014994795732501	0.033830877893088446	3	0.3969701738543339	0.014169481955156165	3	0.600852014799544	0.046757485769151924	3	0.3300318761384335	0.01613646683527117	3	0.6014994795732501	0.033830877893088446	3	0.0	0.0	3	1.0	0.0	3	0.0	0.0	3	0.0	0.0	3	0.0	0.0	3	nan	nan	0	nan	nan	0	nan	nan	0	nan	nan	0	0.12991471130265697	0.11921650307919057	3	0.0	0.0	3	0.0	0.0	3	0.21580924499005993	0.24723921431733084	3	0.0	0.0	3	0.12991471130265697	0.11921650307919057	3	0.0	0.0	3	0.0	0.0	3	0.21580924499005993	0.24723921431733084	3	0.0	0.0	3	0.12991471130265697	0.11921650307919057	3	0.0	0.0	3	0.0	0.0	3	0.21580924499005993	0.24723921431733084	3	0.0	0.0	3	nan	nan	0
trans_fraction_x_background__model_mismatched__d1200__sep1__cis0.9__bg0.5__a0__r2__m0	trans_fraction_x_background	coarse	model_mismatched	blind_normalized_endpoint_monotone_log_midpoint_delta_pairwise	3	1200	1.0	0.09999999999999998	0.5	0.0	2	0	none	MISMATCHED_OR_MOLECULE_COMPOSITE	0.21979620004905578	0.020443088916886763	3	0.45199771021263757	0.016278155093924763	3	1.720000706622286	0.12074504086807958	3	0.8380879684654025	0.07034246734845605	3	0.32328418135037085	0.08222069522051235	3	0.1935579670758694	0.05895574277600676	3	0.9560132930619868	0.1024379461481258	3	0.2628858565724984	0.032043904993090046	3	0.4514583358868555	0.016570519731908512	3	1.629426389201848	0.050485979514401466	3	0.8378375248853726	0.07000082728894141	3	0.29286665741771317	0.04564898211284645	3	0.1940973414016515	0.05842385422291143	3	0.9047185541904015	0.03414759733349223	3	5.159137423992968	1.1394598027437883	3	0.7777777777777777	0.1924500897298753	3	0.6666666666666666	0.28867513459481287	3	0.3575757575757575	0.216868475156681	3	0.21758720509727394	0.015143472338988	3	0.4484578810464872	0.021685341101120977	3	0.24049001431173558	0.07593611862986492	3	0.4844698694596236	0.04007294396849938	3	0.2545828753984886	0.039522033265283335	3	0.4484578810464872	0.021685341101120977	3	0.3355790289704224	0.034004022087912825	3	0.47900538858530667	0.032213549113552335	3	0.5322612489884099	0.047369427368512955	3	1.0	0.0	3	0.0	0.0	3	0.0	0.0	3	0.0	0.0	3	0.7558333333333334	0.012275766552213524	3	0.523180880486446	0.030337590979401464	3	0.17146052525208577	0.012310537693934056	3	0.043111156156608654	0.01265503498154625	3	0.0	0.0	3	0.0	0.0	3	0.0	0.0	3	0.0	0.0	3	0.0	0.0	3	0.0	0.0	3	0.0	0.0	3	0.0	0.0	3	0.0	0.0	3	0.0	0.0	3	0.0	0.0	3	0.0	0.0	3	0.0	0.0	3	0.0	0.0	3	0.0	0.0	3	0.5777046980681316	0.015968635571606132	3
trans_fraction_x_background__model_mismatched__d1200__sep1__cis0.9__bg0__a0__r2__m0	trans_fraction_x_background	coarse	model_mismatched	ORACLE_coordinates_generator_conditional	3	1200	1.0	0.09999999999999998	0.0	0.0	2	0	ORACLE_COORDINATES_AND_GENERATOR	ORACLE_GENERATOR_CONDITIONAL	0.36694444444444446	0.017879483379726786	3	0.6358333333333334	0.01664582029619845	3	1.2293659126112046	0.02371667146016896	3	0.636583510342957	0.008815246225956747	3	0.019304607933638748	0.004726839467690434	3	0.020596779716039543	0.009710658673409709	3	0.0	0.0	3	0.36694444444444446	0.017879483379726786	3	0.6358333333333334	0.01664582029619845	3	1.2293659126112046	0.02371667146016896	3	0.636583510342957	0.008815246225956747	3	0.019304607933638748	0.004726839467690434	3	0.020596779716039543	0.009710658673409709	3	1.0	0.0	3	0.0	0.0	3	1.0	0.0	3	1.0	0.0	3	1.0	0.0	3	0.3775004198610341	0.01298755268893587	3	0.6547382490580784	0.012484710963235338	3	0.2715870632537299	0.062454034315359584	3	0.46608632441965775	0.03164703343488387	3	0.3775004198610341	0.01298755268893587	3	0.6547382490580784	0.012484710963235338	3	0.2715870632537299	0.062454034315359584	3	0.46608632441965775	0.03164703343488387	3	0.0	0.0	3	1.0	0.0	3	0.0	0.0	3	0.0	0.0	3	0.0	0.0	3	nan	nan	0	nan	nan	0	nan	nan	0	nan	nan	0	0.16	0.05510091751605513	3	0.07388888888888889	0.02982976390813067	3	0.005	0.005	3	0.5966666666666667	0.0875119039521672	3	0.005833333333333334	0.006291528696058958	3	0.16	0.05510091751605513	3	0.07388888888888889	0.02982976390813067	3	0.005	0.005	3	0.5966666666666667	0.0875119039521672	3	0.005833333333333334	0.006291528696058958	3	0.16	0.05510091751605513	3	0.07388888888888889	0.02982976390813067	3	0.005	0.005	3	0.5966666666666667	0.0875119039521672	3	0.005833333333333334	0.006291528696058958	3	nan	nan	0
trans_fraction_x_background__model_mismatched__d1200__sep1__cis0.9__bg0__a0__r2__m0	trans_fraction_x_background	coarse	model_mismatched	ORACLE_coordinates_inference_monotone_log	3	1200	1.0	0.09999999999999998	0.0	0.0	2	0	ORACLE_COORDINATES	MISMATCHED_INFERENCE_SCORE_OR_MOLECULE_COMPOSITE	0.36861111111111117	0.01500771406582231	3	0.6097222222222222	0.01702394827338282	3	1.2758009547670732	0.006932428061934954	3	0.6703318878232168	0.020579158558644575	3	0.03174593886029478	0.011423460638644946	3	0.03819967880786591	0.016197500174789173	3	0.0	0.0	3	0.36861111111111117	0.01500771406582231	3	0.6097222222222222	0.01702394827338282	3	1.2758009547670732	0.006932428061934954	3	0.6703318878232168	0.020579158558644575	3	0.03174593886029478	0.011423460638644946	3	0.03819967880786591	0.016197500174789173	3	1.0	0.0	3	0.0	0.0	3	1.0	0.0	3	1.0	0.0	3	1.0	0.0	3	0.3775004198610341	0.01298755268893587	3	0.6230105457870108	0.013950020913196977	3	0.289658706325373	0.031107304256373983	3	0.4909778826445493	0.03693729269398378	3	0.3775004198610341	0.01298755268893587	3	0.6230105457870108	0.013950020913196977	3	0.289658706325373	0.031107304256373983	3	0.4909778826445493	0.03693729269398378	3	0.0	0.0	3	1.0	0.0	3	0.0	0.0	3	0.0	0.0	3	0.0	0.0	3	nan	nan	0	nan	nan	0	nan	nan	0	nan	nan	0	0.06583333333333334	0.07835549331944336	3	0.0	0.0	3	0.0	0.0	3	0.11027777777777777	0.19100671405690117	3	0.0	0.0	3	0.06583333333333334	0.07835549331944336	3	0.0	0.0	3	0.0	0.0	3	0.11027777777777777	0.19100671405690117	3	0.0	0.0	3	0.06583333333333334	0.07835549331944336	3	0.0	0.0	3	0.0	0.0	3	0.11027777777777777	0.19100671405690117	3	0.0	0.0	3	nan	nan	0
trans_fraction_x_background__model_mismatched__d1200__sep1__cis0.9__bg0__a0__r2__m0	trans_fraction_x_background	coarse	model_mismatched	blind_normalized_endpoint_monotone_log_midpoint_delta_pairwise	3	1200	1.0	0.09999999999999998	0.0	0.0	2	0	none	MISMATCHED_OR_MOLECULE_COMPOSITE	0.20472222222222222	0.010419444074172812	3	0.4275	0.04409585518440983	3	2.157037135628809	0.1220570985723878	3	1.0842462027577495	0.16871045980229274	3	0.5001475037867738	0.04394425643273164	3	0.33647059767609083	0.0727950146631764	3	0.9130343970352089	0.0737030604059421	3	0.2544444444444445	0.03921391948634416	3	0.42638888888888893	0.04166944435185801	3	2.005374042219064	0.2226493574879691	3	1.0839031167593234	0.16855753555109534	3	0.45099029040563193	0.07489185473385876	3	0.3375817087872019	0.07159987465818017	3	0.9325822798221073	0.02078635609253078	3	4.4200545663769155	1.099389583309898	3	0.6666666666666666	0.0	3	0.5	0.0	3	-0.026262626262626262	0.052525252525252523	3	0.2030371271589638	0.012425853162865349	3	0.42129527794705357	0.04801135489692818	3	0.22012429095762429	0.029061845937087105	3	0.4848253014919681	0.019761430214655262	3	0.25477083306388687	0.04063073107934612	3	0.42129527794705357	0.04801135489692818	3	0.2539033080699747	0.03993962411524245	3	0.4780178988512322	0.04244031492522954	3	0.5055412856551508	0.0059535473562256636	3	1.0	0.0	3	0.0	0.0	3	0.0	0.0	3	0.0	0.0	3	0.9722222222222223	0.014101155718330049	3	0.08828811224118942	0.019703856213437745	3	0.02085055295373554	0.007548862648810798	3	0.041280218811792786	0.004150982396372585	3	0.0	0.0	3	0.0	0.0	3	0.0	0.0	3	0.0	0.0	3	0.0	0.0	3	0.0	0.0	3	0.0	0.0	3	0.0	0.0	3	0.0	0.0	3	0.0	0.0	3	0.0	0.0	3	0.0	0.0	3	0.0	0.0	3	0.0	0.0	3	0.0	0.0	3	0.9235833797828829	0.011255865394732457	3
trans_fraction_x_background__well_specified__d1200__sep1__cis0.1__bg0.2__a0__r2__m0	trans_fraction_x_background	coarse	well_specified	ORACLE_coordinates_generator_conditional	3	1200	1.0	0.9	0.2	0.0	2	0	ORACLE_COORDINATES_AND_GENERATOR	ORACLE_GENERATOR_CONDITIONAL	0.28988284804579384	0.018797014204987555	3	0.5081426388549845	0.031178895181184146	3	1.3719874235854512	0.009167312201750039	3	0.6916275320289477	0.0028800295498909775	3	0.026588698789912112	0.002719558456781226	3	0.02681478259083578	0.01572585977099224	3	0.0	0.0	3	0.28988284804579384	0.018797014204987555	3	0.5081426388549845	0.031178895181184146	3	1.3719874235854512	0.009167312201750039	3	0.6916275320289477	0.0028800295498909775	3	0.026588698789912112	0.002719558456781226	3	0.02681478259083578	0.01572585977099224	3	1.0	0.0	3	0.0	0.0	3	1.0	0.0	3	1.0	0.0	3	1.0	0.0	3	0.3969794680388996	0.059056706735013426	3	0.5992160772522529	0.04308423192336255	3	0.27918891984983935	0.015268324090374026	3	0.4990958434923953	0.030159312963208222	3	0.3969794680388996	0.059056706735013426	3	0.5992160772522529	0.04308423192336255	3	0.27918891984983935	0.015268324090374026	3	0.4990958434923953	0.030159312963208222	3	0.0	0.0	3	1.0	0.0	3	0.0	0.0	3	0.0	0.0	3	0.0	0.0	3	nan	nan	0	nan	nan	0	nan	nan	0	nan	nan	0	0.022474179306414543	0.018177388355564573	3	0.011725679287912932	0.012406887970986193	3	0.000697350069735007	0.0012078457514427315	3	0.04048162240380934	0.030944286177613276	3	0.0038354253835425384	0.006643151632935025	3	0.022474179306414543	0.018177388355564573	3	0.011725679287912932	0.012406887970986193	3	0.000697350069735007	0.0012078457514427315	3	0.04048162240380934	0.030944286177613276	3	0.0038354253835425384	0.006643151632935025	3	0.022474179306414543	0.018177388355564573	3	0.011725679287912932	0.012406887970986193	3	0.000697350069735007	0.0012078457514427315	3	0.04048162240380934	0.030944286177613276	3	0.0038354253835425384	0.006643151632935025	3	nan	nan	0
trans_fraction_x_background__well_specified__d1200__sep1__cis0.1__bg0.2__a0__r2__m0	trans_fraction_x_background	coarse	well_specified	ORACLE_coordinates_inference_monotone_log	3	1200	1.0	0.9	0.2	0.0	2	0	ORACLE_COORDINATES	MATCHED_PAIRWISE_ENDPOINT_LIKELIHOOD	0.28988284804579384	0.018797014204987555	3	0.5081426388549845	0.031178895181184146	3	1.3719874235854512	0.009167312201750254	3	0.6916275320289477	0.0028800295498908725	3	0.02658869878991209	0.0027195584567812443	3	0.02681478259083578	0.01572585977099224	3	0.0	0.0	3	0.28988284804579384	0.018797014204987555	3	0.5081426388549845	0.031178895181184146	3	1.3719874235854512	0.009167312201750254	3	0.6916275320289477	0.0028800295498908725	3	0.02658869878991209	0.0027195584567812443	3	0.02681478259083578	0.01572585977099224	3	1.0	0.0	3	0.0	0.0	3	1.0	0.0	3	1.0	0.0	3	1.0	0.0	3	0.3969794680388996	0.059056706735013426	3	0.5992160772522529	0.04308423192336255	3	0.27918891984983935	0.015268324090374026	3	0.4990958434923953	0.030159312963208222	3	0.3969794680388996	0.059056706735013426	3	0.5992160772522529	0.04308423192336255	3	0.27918891984983935	0.015268324090374026	3	0.4990958434923953	0.030159312963208222	3	0.0	0.0	3	1.0	0.0	3	0.0	0.0	3	0.0	0.0	3	0.0	0.0	3	nan	nan	0	nan	nan	0	nan	nan	0	nan	nan	0	0.022474179306414543	0.018177388355564573	3	0.011725679287912932	0.012406887970986193	3	0.000697350069735007	0.0012078457514427315	3	0.04048162240380934	0.030944286177613276	3	0.0038354253835425384	0.006643151632935025	3	0.022474179306414543	0.018177388355564573	3	0.011725679287912932	0.012406887970986193	3	0.000697350069735007	0.0012078457514427315	3	0.04048162240380934	0.030944286177613276	3	0.0038354253835425384	0.006643151632935025	3	0.022474179306414543	0.018177388355564573	3	0.011725679287912932	0.012406887970986193	3	0.000697350069735007	0.0012078457514427315	3	0.04048162240380934	0.030944286177613276	3	0.0038354253835425384	0.006643151632935025	3	nan	nan	0
trans_fraction_x_background__well_specified__d1200__sep1__cis0.1__bg0.2__a0__r2__m0	trans_fraction_x_background	coarse	well_specified	blind_normalized_endpoint_monotone_log_midpoint_delta_pairwise	3	1200	1.0	0.9	0.2	0.0	2	0	none	MATCHED_PAIRWISE_ENDPOINT_LIKELIHOOD	0.25444688829888923	0.009022517990011457	3	0.4991319764465538	0.018888108552035574	3	1.5891860651093286	0.1748759492681832	3	0.7431519319664123	0.050782531686257085	3	0.1574733782787155	0.08177462720454166	3	0.07370485072552013	0.049348533009181544	3	1.1469695125151438	0.2592943337422472	3	0.27180390375747504	0.02028923063150889	3	0.5026593889248243	0.017207422385453086	3	1.5373385763608096	0.10531018557447228	3	0.7538412519440257	0.06889554831777524	3	0.13668347576211384	0.06918801727023068	3	0.06880428342404334	0.0594764948653261	3	0.8626368130914838	0.026525778273703608	3	4.431922927522404	0.6724464072697895	3	0.6666666666666666	0.0	3	0.16666666666666666	0.2886751345948129	3	-0.25791245791245787	0.2947372512494606	3	0.21728826250790076	0.024063780718942596	3	0.5002261113372225	0.005836958077100509	3	0.2581574848097837	0.011637137182707381	3	0.49910309996516894	0.021326889723459044	3	0.3093255677235005	0.07698295821778738	3	0.5002261113372225	0.005836958077100509	3	0.2680833720345214	0.01676447218024883	3	0.5029587058322691	0.01939445151355476	3	0.5147330723702908	0.011901168237938842	3	1.0	0.0	3	0.0	0.0	3	0.0	0.0	3	0.0	0.0	3	0.611111111111111	0.07169250180329051	3	0.6417468641275028	0.08407064756613192	3	0.22704044973780027	0.03514961592583486	3	0.08786096346337029	0.05318651936009289	3	0.0034328870580157913	0.005945934801128999	3	0.0034328870580157913	0.005945934801128999	3	0.0	0.0	3	0.010985238585650531	0.019026991363612796	3	0.0	0.0	3	0.0	0.0	3	0.0	0.0	3	0.0	0.0	3	0.010985238585650531	0.019026991363612796	3	0.0	0.0	3	0.0034328870580157913	0.005945934801128999	3	0.0034328870580157913	0.005945934801128999	3	0.0	0.0	3	0.010985238585650531	0.019026991363612796	3	0.0	0.0	3	0.5858234663542276	0.03669216110459104	3
trans_fraction_x_background__well_specified__d1200__sep1__cis0.1__bg0.5__a0__r2__m0	trans_fraction_x_background	coarse	well_specified	ORACLE_coordinates_generator_conditional	3	1200	1.0	0.9	0.5	0.0	2	0	ORACLE_COORDINATES_AND_GENERATOR	ORACLE_GENERATOR_CONDITIONAL	0.2898232163594301	0.029844896130482478	3	0.5086781220249287	0.0355712375882781	3	1.3656814544057019	0.01592269429453643	3	0.6884279519542195	0.010714617689441867	3	0.02879182406478813	0.012643077974742735	3	0.02680932611999152	0.0062748004572606856	3	0.0	0.0	3	0.2898232163594301	0.029844896130482478	3	0.5086781220249287	0.0355712375882781	3	1.3656814544057019	0.01592269429453643	3	0.6884279519542195	0.010714617689441867	3	0.02879182406478813	0.012643077974742735	3	0.02680932611999152	0.0062748004572606856	3	1.0	0.0	3	0.0	0.0	3	1.0	0.0	3	1.0	0.0	3	1.0	0.0	3	0.44971139971139973	0.08882488536435122	3	0.5905242905242906	0.09881455715203931	3	0.27270143187808155	0.02272661097644697	3	0.49994780387265164	0.028640144570807345	3	0.44971139971139973	0.08882488536435122	3	0.5905242905242906	0.09881455715203931	3	0.27270143187808155	0.02272661097644697	3	0.49994780387265164	0.028640144570807345	3	0.0	0.0	3	1.0	0.0	3	0.0	0.0	3	0.0	0.0	3	0.0	0.0	3	nan	nan	0	nan	nan	0	nan	nan	0	nan	nan	0	0.042420370157007746	0.039293390277423644	3	0.023297162548573943	0.03141227010824719	3	0.00505902192242833	0.008762483006250644	3	0.05084072634846152	0.07883296291970848	3	0.013490725126475547	0.023366621350001716	3	0.042420370157007746	0.039293390277423644	3	0.023297162548573943	0.03141227010824719	3	0.00505902192242833	0.008762483006250644	3	0.05084072634846152	0.07883296291970848	3	0.013490725126475547	0.023366621350001716	3	0.042420370157007746	0.039293390277423644	3	0.023297162548573943	0.03141227010824719	3	0.00505902192242833	0.008762483006250644	3	0.05084072634846152	0.07883296291970848	3	0.013490725126475547	0.023366621350001716	3	nan	nan	0
trans_fraction_x_background__well_specified__d1200__sep1__cis0.1__bg0.5__a0__r2__m0	trans_fraction_x_background	coarse	well_specified	ORACLE_coordinates_inference_monotone_log	3	1200	1.0	0.9	0.5	0.0	2	0	ORACLE_COORDINATES	MATCHED_PAIRWISE_ENDPOINT_LIKELIHOOD	0.2898232163594301	0.029844896130482478	3	0.5086781220249287	0.0355712375882781	3	1.3656814544057019	0.01592269429453643	3	0.6884279519542197	0.010714617689441805	3	0.028791824064788127	0.012643077974742735	3	0.02680932611999152	0.0062748004572606856	3	0.0	0.0	3	0.2898232163594301	0.029844896130482478	3	0.5086781220249287	0.0355712375882781	3	1.3656814544057019	0.01592269429453643	3	0.6884279519542197	0.010714617689441805	3	0.028791824064788127	0.012643077974742735	3	0.02680932611999152	0.0062748004572606856	3	1.0	0.0	3	0.0	0.0	3	1.0	0.0	3	1.0	0.0	3	1.0	0.0	3	0.44971139971139973	0.08882488536435122	3	0.5905242905242906	0.09881455715203931	3	0.27270143187808155	0.02272661097644697	3	0.49994780387265164	0.028640144570807345	3	0.44971139971139973	0.08882488536435122	3	0.5905242905242906	0.09881455715203931	3	0.27270143187808155	0.02272661097644697	3	0.49994780387265164	0.028640144570807345	3	0.0	0.0	3	1.0	0.0	3	0.0	0.0	3	0.0	0.0	3	0.0	0.0	3	nan	nan	0	nan	nan	0	nan	nan	0	nan	nan	0	0.042420370157007746	0.039293390277423644	3	0.023297162548573943	0.03141227010824719	3	0.00505902192242833	0.008762483006250644	3	0.05084072634846152	0.07883296291970848	3	0.013490725126475547	0.023366621350001716	3	0.042420370157007746	0.039293390277423644	3	0.023297162548573943	0.03141227010824719	3	0.00505902192242833	0.008762483006250644	3	0.05084072634846152	0.07883296291970848	3	0.013490725126475547	0.023366621350001716	3	0.042420370157007746	0.039293390277423644	3	0.023297162548573943	0.03141227010824719	3	0.00505902192242833	0.008762483006250644	3	0.05084072634846152	0.07883296291970848	3	0.013490725126475547	0.023366621350001716	3	nan	nan	0
trans_fraction_x_background__well_specified__d1200__sep1__cis0.1__bg0.5__a0__r2__m0	trans_fraction_x_background	coarse	well_specified	blind_normalized_endpoint_monotone_log_midpoint_delta_pairwise	3	1200	1.0	0.9	0.5	0.0	2	0	none	MATCHED_PAIRWISE_ENDPOINT_LIKELIHOOD	0.24067743523502505	0.0033706133133993466	3	0.4976084777219569	0.0013422586686694373	3	1.5066859423810712	0.03451995795928609	3	0.7084226660289915	0.01707777954506743	3	0.11629113539305547	0.011904067628406154	3	0.043384716046947706	0.0067650676707931056	3	1.1911351033998845	0.2766034652039962	3	0.28274955065267005	0.03080804602264605	3	0.5117159904128724	0.005275477275084915	3	1.429193465791468	0.0460509552990434	3	0.7066663469500559	0.024192345445819653	3	0.08674332639831157	0.021477990949930928	3	0.031474520261183185	0.0077125939177373854	3	0.8031948204814926	0.1223294965988822	3	4.6926646903704	1.074432108743171	3	0.6666666666666666	0.0	3	0.0	0.0	3	0.36430976430976436	0.2206124738525874	3	0.22912457912457915	0.051108349561413906	3	0.5231842231842231	0.1577597473678913	3	0.24158415817425674	0.007022433749870109	3	0.49459264686028986	0.016252324006462485	3	0.3707551707551708	0.14215793244056169	3	0.5231842231842231	0.1577597473678913	3	0.2732375032527148	0.03560743233121168	3	0.5102210154813335	0.012647647282717785	3	0.5091714295558631	0.011314639058508337	3	1.0	0.0	3	0.0	0.0	3	0.0	0.0	3	0.0	0.0	3	0.5786111111111111	0.08340136112220856	3	0.6928811444863615	0.06785309578474581	3	0.2489929253751373	0.03127905222101463	3	0.08579549300004237	0.059007559223336475	3	0.0	0.0	3	0.0	0.0	3	0.0	0.0	3	0.020798201236649803	0.03602354124791932	3	0.012366498032602586	0.021419402904168244	3	0.04088415922128071	0.05083834218827519	3	0.02532304072006396	0.029247295531411265	3	0.005621135469364811	0.009736092229167381	3	0.03147835862844294	0.054522116483337345	3	0.012366498032602586	0.021419402904168244	3	0.0	0.0	3	0.0	0.0	3	0.0	0.0	3	0.022556988188632738	0.02573586013872271	3	0.012366498032602586	0.021419402904168244	3	0.5545250272689216	0.008683716643941344	3
trans_fraction_x_background__well_specified__d1200__sep1__cis0.1__bg0__a0__r2__m0	trans_fraction_x_background	coarse	well_specified	ORACLE_coordinates_generator_conditional	3	1200	1.0	0.9	0.0	0.0	2	0	ORACLE_COORDINATES_AND_GENERATOR	ORACLE_GENERATOR_CONDITIONAL	0.3363888888888889	0.03543708561714742	3	0.5252777777777777	0.019263042719539783	3	1.336858000455652	0.034714745738421815	3	0.6855904518390794	0.0040869664859305935	3	0.025547608847508046	0.0018639550863767285	3	0.020496859277443064	0.011716399112385065	3	0.0	0.0	3	0.3363888888888889	0.03543708561714742	3	0.5252777777777777	0.019263042719539783	3	1.336858000455652	0.034714745738421815	3	0.6855904518390794	0.0040869664859305935	3	0.025547608847508046	0.0018639550863767285	3	0.020496859277443064	0.011716399112385065	3	1.0	0.0	3	0.0	0.0	3	1.0	0.0	3	1.0	0.0	3	1.0	0.0	3	0.4587592648796719	0.03855145945932127	3	0.572212605757946	0.07597797653441042	3	0.3224456785653688	0.04331007269354349	3	0.5196793742141427	0.018249325031244396	3	0.4587592648796719	0.03855145945932127	3	0.572212605757946	0.07597797653441042	3	0.3224456785653688	0.04331007269354349	3	0.5196793742141427	0.018249325031244396	3	0.0	0.0	3	1.0	0.0	3	0.0	0.0	3	0.0	0.0	3	0.0	0.0	3	nan	nan	0	nan	nan	0	nan	nan	0	nan	nan	0	0.1511111111111111	0.1341131708393795	3	0.023055555555555555	0.015949863577728436	3	0.0	0.0	3	0.06972222222222223	0.03295971165821377	3	0.003888888888888889	0.006735753140545634	3	0.1511111111111111	0.1341131708393795	3	0.023055555555555555	0.015949863577728436	3	0.0	0.0	3	0.06972222222222223	0.03295971165821377	3	0.003888888888888889	0.006735753140545634	3	0.1511111111111111	0.1341131708393795	3	0.023055555555555555	0.015949863577728436	3	0.0	0.0	3	0.06972222222222223	0.03295971165821377	3	0.003888888888888889	0.006735753140545634	3	nan	nan	0
trans_fraction_x_background__well_specified__d1200__sep1__cis0.1__bg0__a0__r2__m0	trans_fraction_x_background	coarse	well_specified	ORACLE_coordinates_inference_monotone_log	3	1200	1.0	0.9	0.0	0.0	2	0	ORACLE_COORDINATES	MATCHED_PAIRWISE_ENDPOINT_LIKELIHOOD	0.3363888888888889	0.03543708561714742	3	0.5252777777777777	0.019263042719539783	3	1.336858000455652	0.03471474573842186	3	0.6855904518390794	0.0040869664859305935	3	0.02554760884750804	0.0018639550863767229	3	0.020496859277443037	0.011716399112385034	3	0.0	0.0	3	0.3363888888888889	0.03543708561714742	3	0.5252777777777777	0.019263042719539783	3	1.336858000455652	0.03471474573842186	3	0.6855904518390794	0.0040869664859305935	3	0.02554760884750804	0.0018639550863767229	3	0.020496859277443037	0.011716399112385034	3	1.0	0.0	3	0.0	0.0	3	1.0	0.0	3	1.0	0.0	3	1.0	0.0	3	0.4587592648796719	0.03855145945932127	3	0.572212605757946	0.07597797653441042	3	0.3224456785653688	0.04331007269354349	3	0.5196793742141427	0.018249325031244396	3	0.4587592648796719	0.03855145945932127	3	0.572212605757946	0.07597797653441042	3	0.3224456785653688	0.04331007269354349	3	0.5196793742141427	0.018249325031244396	3	0.0	0.0	3	1.0	0.0	3	0.0	0.0	3	0.0	0.0	3	0.0	0.0	3	nan	nan	0	nan	nan	0	nan	nan	0	nan	nan	0	0.1511111111111111	0.1341131708393795	3	0.023055555555555555	0.015949863577728436	3	0.0	0.0	3	0.06972222222222223	0.03295971165821377	3	0.003888888888888889	0.006735753140545634	3	0.1511111111111111	0.1341131708393795	3	0.023055555555555555	0.015949863577728436	3	0.0	0.0	3	0.06972222222222223	0.03295971165821377	3	0.003888888888888889	0.006735753140545634	3	0.1511111111111111	0.1341131708393795	3	0.023055555555555555	0.015949863577728436	3	0.0	0.0	3	0.06972222222222223	0.03295971165821377	3	0.003888888888888889	0.006735753140545634	3	nan	nan	0
trans_fraction_x_background__well_specified__d1200__sep1__cis0.1__bg0__a0__r2__m0	trans_fraction_x_background	coarse	well_specified	blind_normalized_endpoint_monotone_log_midpoint_delta_pairwise	3	1200	1.0	0.9	0.0	0.0	2	0	none	MATCHED_PAIRWISE_ENDPOINT_LIKELIHOOD	0.22194444444444442	0.0241858161678225	3	0.49722222222222223	0.033554819712314436	3	1.899868788708171	0.5629876405660033	3	0.8840959452548717	0.2884126892759928	3	0.2465698320920607	0.14470160581315739	3	0.11325762223136127	0.11371774357662637	3	1.0657557724945432	0.1373996766760306	3	0.24583333333333335	0.034590862634195425	3	0.5033333333333333	0.017500000000000016	3	1.851828829712847	0.6748267862079501	3	0.8062678259337138	0.1516082339188245	3	0.22210698154776173	0.1597637051124729	3	0.10316625053230644	0.07173549161122002	3	0.7791436123759078	0.03508785338890982	3	4.805221273908711	1.193516941921269	3	0.6666666666666666	0.0	3	0.3333333333333333	0.2886751345948129	3	0.043771043771043794	0.18609266477485112	3	0.18765501684826777	0.07802433506045131	3	0.5455457241568177	0.04831283043774551	3	0.22583072242655622	0.018067955635806987	3	0.49145357955828345	0.03165607586055471	3	0.39261689006880496	0.05938801702281262	3	0.5455457241568177	0.04831283043774551	3	0.2287946905746261	0.030288954119636714	3	0.4982030833985154	0.02175263840715968	3	0.5063540333261093	0.0023079525795805926	3	0.6666666666666666	0.5773502691896258	3	0.3333333333333333	0.5773502691896258	3	0.0	0.0	3	0.0	0.0	3	0.5394444444444445	0.06659023396309147	3	0.6728832754414654	0.12958897430194158	3	0.24370914144462033	0.05038668900599366	3	0.17586725788641575	0.03936458284685011	3	0.0	0.0	3	0.0	0.0	3	0.0	0.0	3	0.010833333333333334	0.00961046882889233	3	0.003888888888888889	0.006735753140545634	3	0.021944444444444444	0.024471260543596697	3	0.005833333333333334	0.005833333333333334	3	0.0	0.0	3	0.010833333333333334	0.00961046882889233	3	0.003888888888888889	0.006735753140545634	3	0.0	0.0	3	0.0	0.0	3	0.0	0.0	3	0.008055555555555555	0.009366508500048536	3	0.003888888888888889	0.006735753140545634	3	0.5649728660243614	0.02135934391239275	3
trans_fraction_x_background__well_specified__d1200__sep1__cis0.5__bg0.2__a0__r2__m0	trans_fraction_x_background	coarse	well_specified	ORACLE_coordinates_generator_conditional	3	1200	1.0	0.5	0.2	0.0	2	0	ORACLE_COORDINATES_AND_GENERATOR	ORACLE_GENERATOR_CONDITIONAL	0.38587257493991184	0.030784097924757715	3	0.5567285341103468	0.020108659742936054	3	1.276470751839151	0.054261361801473174	3	0.6646947256923069	0.021846782548025925	3	0.0333333172254321	0.0018552981643264474	3	0.015035118716418326	0.006185807942877382	3	0.0	0.0	3	0.38587257493991184	0.030784097924757715	3	0.5567285341103468	0.020108659742936054	3	1.276470751839151	0.054261361801473174	3	0.6646947256923069	0.021846782548025925	3	0.0333333172254321	0.0018552981643264474	3	0.015035118716418326	0.006185807942877382	3	1.0	0.0	3	0.0	0.0	3	1.0	0.0	3	1.0	0.0	3	1.0	0.0	3	0.45432811550482705	0.07932595826128054	3	0.6029608900929607	0.037538270996510366	3	0.32104267589541036	0.047937511116401	3	0.5122830849547858	0.010817200951341725	3	0.45432811550482705	0.07932595826128054	3	0.6029608900929607	0.037538270996510366	3	0.32104267589541036	0.047937511116401	3	0.5122830849547858	0.010817200951341725	3	0.0	0.0	3	1.0	0.0	3	0.0	0.0	3	0.0	0.0	3	0.0	0.0	3	nan	nan	0	nan	nan	0	nan	nan	0	nan	nan	0	0.29310906694337285	0.16971194182146773	3	0.12144618307184507	0.109792294158807	3	0.028909787530477186	0.05007322083880768	3	0.18252207945670565	0.1633761332302531	3	0.04110066179031696	0.07118843444553379	3	0.29310906694337285	0.16971194182146773	3	0.12144618307184507	0.109792294158807	3	0.028909787530477186	0.05007322083880768	3	0.18252207945670565	0.1633761332302531	3	0.04110066179031696	0.07118843444553379	3	0.29310906694337285	0.16971194182146773	3	0.12144618307184507	0.109792294158807	3	0.028909787530477186	0.05007322083880768	3	0.18252207945670565	0.1633761332302531	3	0.04110066179031696	0.07118843444553379	3	nan	nan	0
trans_fraction_x_background__well_specified__d1200__sep1__cis0.5__bg0.2__a0__r2__m0	trans_fraction_x_background	coarse	well_specified	ORACLE_coordinates_inference_monotone_log	3	1200	1.0	0.5	0.2	0.0	2	0	ORACLE_COORDINATES	MATCHED_PAIRWISE_ENDPOINT_LIKELIHOOD	0.38587257493991184	0.030784097924757715	3	0.5567285341103468	0.020108659742936054	3	1.276470751839151	0.0542613618014733	3	0.6646947256923069	0.021846782548025925	3	0.03333331722543211	0.0018552981643264472	3	0.015035118716418322	0.006185807942877394	3	0.0	0.0	3	0.38587257493991184	0.030784097924757715	3	0.5567285341103468	0.020108659742936054	3	1.276470751839151	0.0542613618014733	3	0.6646947256923069	0.021846782548025925	3	0.03333331722543211	0.0018552981643264472	3	0.015035118716418322	0.006185807942877394	3	1.0	0.0	3	0.0	0.0	3	1.0	0.0	3	1.0	0.0	3	1.0	0.0	3	0.45432811550482705	0.07932595826128054	3	0.6029608900929607	0.037538270996510366	3	0.32104267589541036	0.047937511116401	3	0.5122830849547858	0.010817200951341725	3	0.45432811550482705	0.07932595826128054	3	0.6029608900929607	0.037538270996510366	3	0.32104267589541036	0.047937511116401	3	0.5122830849547858	0.010817200951341725	3	0.0	0.0	3	1.0	0.0	3	0.0	0.0	3	0.0	0.0	3	0.0	0.0	3	nan	nan	0	nan	nan	0	nan	nan	0	nan	nan	0	0.29310906694337285	0.16971194182146773	3	0.12144618307184507	0.109792294158807	3	0.028909787530477186	0.05007322083880768	3	0.18252207945670565	0.1633761332302531	3	0.04110066179031696	0.07118843444553379	3	0.29310906694337285	0.16971194182146773	3	0.12144618307184507	0.109792294158807	3	0.028909787530477186	0.05007322083880768	3	0.18252207945670565	0.1633761332302531	3	0.04110066179031696	0.07118843444553379	3	0.29310906694337285	0.16971194182146773	3	0.12144618307184507	0.109792294158807	3	0.028909787530477186	0.05007322083880768	3	0.18252207945670565	0.1633761332302531	3	0.04110066179031696	0.07118843444553379	3	nan	nan	0
trans_fraction_x_background__well_specified__d1200__sep1__cis0.5__bg0.2__a0__r2__m0	trans_fraction_x_background	coarse	well_specified	blind_normalized_endpoint_monotone_log_midpoint_delta_pairwise	3	1200	1.0	0.5	0.2	0.0	2	0	none	MATCHED_PAIRWISE_ENDPOINT_LIKELIHOOD	0.23367119890800495	0.018557272412603902	3	0.48888040018733664	0.012631749453888234	3	1.72463663687373	0.14699493554369805	3	0.8228174203526413	0.10673608820728879	3	0.23913070097677705	0.046272777989403	3	0.12580258120405843	0.031309300386943704	3	1.0250680950958782	0.21541553494910087	3	0.2514006785576037	0.018820840805046916	3	0.4881952340345446	0.011707128746443989	3	1.6325273815536345	0.08225267222594897	3	0.822208420210817	0.10749113425793365	3	0.21875413351641235	0.044947908185431824	3	0.1264877473568505	0.030130716997436226	3	0.8523092684202266	0.11188456567493012	3	4.972056546236789	1.9358281086345903	3	0.8888888888888888	0.1924500897298753	3	0.8333333333333334	0.28867513459481287	3	0.15824915824915825	0.27926568141754127	3	0.2327550618471118	0.06526192223079745	3	0.4849090156726694	0.025719020918621296	3	0.2351308240017337	0.03523707883297385	3	0.49288073768313057	0.0028581471173569793	3	0.28609476151674224	0.028818503100038424	3	0.4849090156726694	0.025719020918621296	3	0.2189402717090599	0.01768604869280958	3	0.4915862393012535	0.0020977322663154607	3	0.5091682613516847	0.013329513913406636	3	1.0	0.0	3	0.0	0.0	3	0.0	0.0	3	0.0	0.0	3	0.7141666666666667	0.08693867570496652	3	0.5258845184813667	0.10363686013886317	3	0.17871023363400942	0.04228840798947129	3	0.06024460073462412	0.013973558610370489	3	0.0	0.0	3	0.0	0.0	3	0.0	0.0	3	0.0171291538198013	0.02966856470655837	3	0.0	0.0	3	0.01130524152106886	0.01958125270632852	3	0.01130524152106886	0.01958125270632852	3	0.0	0.0	3	0.0171291538198013	0.02966856470655837	3	0.0	0.0	3	0.0	0.0	3	0.0	0.0	3	0.0	0.0	3	0.0171291538198013	0.02966856470655837	3	0.0	0.0	3	0.6739264346162024	0.15461577879089133	3
trans_fraction_x_background__well_specified__d1200__sep1__cis0.5__bg0.5__a0__r2__m0	trans_fraction_x_background	coarse	well_specified	ORACLE_coordinates_generator_conditional	3	1200	1.0	0.5	0.5	0.0	2	0	ORACLE_COORDINATES_AND_GENERATOR	ORACLE_GENERATOR_CONDITIONAL	0.33482234929418214	0.025529387544841756	3	0.5254128451845893	0.017170333000278037	3	1.3152500668102565	0.013430870988001697	3	0.6769090773856211	0.004759560935939239	3	0.02679481305224632	0.015194408358852734	3	0.03303093930740715	0.016874010919674436	3	0.0	0.0	3	0.33482234929418214	0.025529387544841756	3	0.5254128451845893	0.017170333000278037	3	1.3152500668102565	0.013430870988001697	3	0.6769090773856211	0.004759560935939239	3	0.02679481305224632	0.015194408358852734	3	0.03303093930740715	0.016874010919674436	3	1.0	0.0	3	0.0	0.0	3	1.0	0.0	3	1.0	0.0	3	1.0	0.0	3	0.3933776635469244	0.003503114207154505	3	0.5775401740158798	0.0028270618195799435	3	0.2778791918363557	0.04874975631693381	3	0.4748310030014755	0.03284284749886979	3	0.3933776635469244	0.003503114207154505	3	0.5775401740158798	0.0028270618195799435	3	0.2778791918363557	0.04874975631693381	3	0.4748310030014755	0.03284284749886979	3	0.0	0.0	3	1.0	0.0	3	0.0	0.0	3	0.0	0.0	3	0.0	0.0	3	nan	nan	0	nan	nan	0	nan	nan	0	nan	nan	0	0.1654645587185063	0.042689603113054156	3	0.06065350911877567	0.03491128229931239	3	0.0	0.0	3	0.19920073672744473	0.050593875522578546	3	0.0	0.0	3	0.1654645587185063	0.042689603113054156	3	0.06065350911877567	0.03491128229931239	3	0.0	0.0	3	0.19920073672744473	0.050593875522578546	3	0.0	0.0	3	0.1654645587185063	0.042689603113054156	3	0.06065350911877567	0.03491128229931239	3	0.0	0.0	3	0.19920073672744473	0.050593875522578546	3	0.0	0.0	3	nan	nan	0
trans_fraction_x_background__well_specified__d1200__sep1__cis0.5__bg0.5__a0__r2__m0	trans_fraction_x_background	coarse	well_specified	ORACLE_coordinates_inference_monotone_log	3	1200	1.0	0.5	0.5	0.0	2	0	ORACLE_COORDINATES	MATCHED_PAIRWISE_ENDPOINT_LIKELIHOOD	0.33482234929418214	0.025529387544841756	3	0.5254128451845893	0.017170333000278037	3	1.3152500668102565	0.013430870988001697	3	0.6769090773856211	0.004759560935939239	3	0.026794813052246333	0.015194408358852734	3	0.03303093930740716	0.0168740109196744	3	0.0	0.0	3	0.33482234929418214	0.025529387544841756	3	0.5254128451845893	0.017170333000278037	3	1.3152500668102565	0.013430870988001697	3	0.6769090773856211	0.004759560935939239	3	0.026794813052246333	0.015194408358852734	3	0.03303093930740716	0.0168740109196744	3	1.0	0.0	3	0.0	0.0	3	1.0	0.0	3	1.0	0.0	3	1.0	0.0	3	0.3933776635469244	0.003503114207154505	3	0.5775401740158798	0.0028270618195799435	3	0.2778791918363557	0.04874975631693381	3	0.4748310030014755	0.03284284749886979	3	0.3933776635469244	0.003503114207154505	3	0.5775401740158798	0.0028270618195799435	3	0.2778791918363557	0.04874975631693381	3	0.4748310030014755	0.03284284749886979	3	0.0	0.0	3	1.0	0.0	3	0.0	0.0	3	0.0	0.0	3	0.0	0.0	3	nan	nan	0	nan	nan	0	nan	nan	0	nan	nan	0	0.1654645587185063	0.042689603113054156	3	0.06065350911877567	0.03491128229931239	3	0.0	0.0	3	0.19920073672744473	0.050593875522578546	3	0.0	0.0	3	0.1654645587185063	0.042689603113054156	3	0.06065350911877567	0.03491128229931239	3	0.0	0.0	3	0.19920073672744473	0.050593875522578546	3	0.0	0.0	3	0.1654645587185063	0.042689603113054156	3	0.06065350911877567	0.03491128229931239	3	0.0	0.0	3	0.19920073672744473	0.050593875522578546	3	0.0	0.0	3	nan	nan	0
trans_fraction_x_background__well_specified__d1200__sep1__cis0.5__bg0.5__a0__r2__m0	trans_fraction_x_background	coarse	well_specified	blind_normalized_endpoint_monotone_log_midpoint_delta_pairwise	3	1200	1.0	0.5	0.5	0.0	2	0	none	MATCHED_PAIRWISE_ENDPOINT_LIKELIHOOD	0.24874874287558638	0.04785967160028962	3	0.5470781750082391	0.014713362301834374	3	1.5691431158939075	0.08777707499647326	3	0.6952585371708956	0.015989417240483278	3	0.17193108795526513	0.06448050817475069	3	0.041800048448506315	0.02570589099497157	3	0.9952353757299989	0.09772920505761809	3	0.3001710928257387	0.011586085314546104	3	0.536684691270652	0.02422838816171483	3	1.4189651012231066	0.0355371723982455	3	0.705305760899278	0.012593684081768614	3	0.12346526510349809	0.05399707567906356	3	0.06529630442188682	0.03656869475378947	3	0.8913788251897925	0.03455720349694803	3	4.446374260677616	1.5495652966586326	3	0.7777777777777777	0.1924500897298753	3	0.5	0.5	3	0.1447811447811447	0.5493959110590397	3	0.21241768627695123	0.07058189354038188	3	0.5656820148149969	0.013473247717214733	3	0.2840057889924368	0.027116231604471856	3	0.5291401489232433	0.017368563192257734	3	0.36338759384270425	0.022293046868385367	3	0.5656820148149969	0.013473247717214733	3	0.2392737403909675	0.028552843393773127	3	0.509291655817352	0.05755604324376846	3	0.5105172442272305	0.018181088225717238	3	1.0	0.0	3	0.0	0.0	3	0.0	0.0	3	0.0	0.0	3	0.6369444444444444	0.01940670941634288	3	0.6420821360090794	0.01019560483960663	3	0.22447839369894632	0.005345711537325708	3	0.05850006219697507	0.011481206448403097	3	0.0	0.0	3	0.0	0.0	3	0.0	0.0	3	0.0740394500491431	0.0695933143729369	3	0.011655011655011656	0.020187072349287617	3	0.02654857259057582	0.02473749954651746	3	0.020271059043272293	0.018137428418458335	3	0.011655011655011656	0.020187072349287617	3	0.02924108739940727	0.02582988711350587	3	0.011655011655011656	0.020187072349287617	3	0.0	0.0	3	0.0	0.0	3	0.0	0.0	3	0.08193247248174551	0.07672868061550524	3	0.011655011655011656	0.020187072349287617	3	0.5736316488056781	0.009770539571888111	3
trans_fraction_x_background__well_specified__d1200__sep1__cis0.5__bg0__a0__r2__m0	trans_fraction_x_background	coarse	well_specified	ORACLE_coordinates_generator_conditional	3	1200	1.0	0.5	0.0	0.0	2	0	ORACLE_COORDINATES_AND_GENERATOR	ORACLE_GENERATOR_CONDITIONAL	0.3955555555555555	0.024962935487401087	3	0.5730555555555555	0.024070690645433237	3	1.2650053276802702	0.049466464259210315	3	0.6582292167496104	0.021664061602615258	3	0.028718840146095867	0.0016263421889370206	3	0.015573818524966953	0.011199097206747442	3	0.0	0.0	3	0.3955555555555555	0.024962935487401087	3	0.5730555555555555	0.024070690645433237	3	1.2650053276802702	0.049466464259210315	3	0.6582292167496104	0.021664061602615258	3	0.028718840146095867	0.0016263421889370206	3	0.015573818524966953	0.011199097206747442	3	1.0	0.0	3	0.0	0.0	3	1.0	0.0	3	1.0	0.0	3	1.0	0.0	3	0.4734012968395988	0.05533644770829462	3	0.6249378622673953	0.057495917757187556	3	0.31917488517470066	0.011914173680636244	3	0.5223290833113202	0.011251163340897805	3	0.4734012968395988	0.05533644770829462	3	0.6249378622673953	0.057495917757187556	3	0.31917488517470066	0.011914173680636244	3	0.5223290833113202	0.011251163340897805	3	0.0	0.0	3	1.0	0.0	3	0.0	0.0	3	0.0	0.0	3	0.0	0.0	3	nan	nan	0	nan	nan	0	nan	nan	0	nan	nan	0	0.31833333333333336	0.11434900281351143	3	0.13944444444444445	0.1153567333358826	3	0.025833333333333333	0.044744645862195995	3	0.25722222222222224	0.1670835065114093	3	0.04083333333333333	0.03891764809611872	3	0.31833333333333336	0.11434900281351143	3	0.13944444444444445	0.1153567333358826	3	0.025833333333333333	0.044744645862195995	3	0.25722222222222224	0.1670835065114093	3	0.04083333333333333	0.03891764809611872	3	0.31833333333333336	0.11434900281351143	3	0.13944444444444445	0.1153567333358826	3	0.025833333333333333	0.044744645862195995	3	0.25722222222222224	0.1670835065114093	3	0.04083333333333333	0.03891764809611872	3	nan	nan	0
trans_fraction_x_background__well_specified__d1200__sep1__cis0.5__bg0__a0__r2__m0	trans_fraction_x_background	coarse	well_specified	ORACLE_coordinates_inference_monotone_log	3	1200	1.0	0.5	0.0	0.0	2	0	ORACLE_COORDINATES	MATCHED_PAIRWISE_ENDPOINT_LIKELIHOOD	0.3955555555555555	0.024962935487401087	3	0.5730555555555555	0.024070690645433237	3	1.2650053276802702	0.049466464259210384	3	0.6582292167496104	0.021664061602615258	3	0.028718840146095867	0.0016263421889370164	3	0.015573818524966957	0.01119909720674744	3	0.0	0.0	3	0.3955555555555555	0.024962935487401087	3	0.5730555555555555	0.024070690645433237	3	1.2650053276802702	0.049466464259210384	3	0.6582292167496104	0.021664061602615258	3	0.028718840146095867	0.0016263421889370164	3	0.015573818524966957	0.01119909720674744	3	1.0	0.0	3	0.0	0.0	3	1.0	0.0	3	1.0	0.0	3	1.0	0.0	3	0.4734012968395988	0.05533644770829462	3	0.6249378622673953	0.057495917757187556	3	0.31917488517470066	0.011914173680636244	3	0.5223290833113202	0.011251163340897805	3	0.4734012968395988	0.05533644770829462	3	0.6249378622673953	0.057495917757187556	3	0.31917488517470066	0.011914173680636244	3	0.5223290833113202	0.011251163340897805	3	0.0	0.0	3	1.0	0.0	3	0.0	0.0	3	0.0	0.0	3	0.0	0.0	3	nan	nan	0	nan	nan	0	nan	nan	0	nan	nan	0	0.31833333333333336	0.11434900281351143	3	0.13944444444444445	0.1153567333358826	3	0.025833333333333333	0.044744645862195995	3	0.25722222222222224	0.1670835065114093	3	0.04083333333333333	0.03891764809611872	3	0.31833333333333336	0.11434900281351143	3	0.13944444444444445	0.1153567333358826	3	0.025833333333333333	0.044744645862195995	3	0.25722222222222224	0.1670835065114093	3	0.04083333333333333	0.03891764809611872	3	0.31833333333333336	0.11434900281351143	3	0.13944444444444445	0.1153567333358826	3	0.025833333333333333	0.044744645862195995	3	0.25722222222222224	0.1670835065114093	3	0.04083333333333333	0.03891764809611872	3	nan	nan	0
trans_fraction_x_background__well_specified__d1200__sep1__cis0.5__bg0__a0__r2__m0	trans_fraction_x_background	coarse	well_specified	blind_normalized_endpoint_monotone_log_midpoint_delta_pairwise	3	1200	1.0	0.5	0.0	0.0	2	0	none	MATCHED_PAIRWISE_ENDPOINT_LIKELIHOOD	0.2488888888888889	0.043940721853845746	3	0.5161111111111111	0.038526085439079566	3	1.6811801965923567	0.13006435878820394	3	0.7844693396386245	0.08442313889192697	3	0.21425883308898871	0.02352771400842897	3	0.09824915199968313	0.020763657143347325	3	1.2280721574724867	0.2349125564614213	3	0.2872222222222222	0.04143546968658794	3	0.5255555555555556	0.026787918780535994	3	1.5997108072911752	0.1405883853782531	3	0.7853166976257486	0.08349076783367251	3	0.1721313777067022	0.05184575507604319	3	0.09242194059378228	0.01685034477234015	3	0.8229566547744193	0.041177078594988786	3	3.765337829360121	0.4055651451603323	3	0.7777777777777777	0.1924500897298753	3	0.6666666666666666	0.28867513459481287	3	0.35892255892255887	0.2980146073373645	3	0.23828622285254006	0.08540774693868008	3	0.5286919638594981	0.06755320953056873	3	0.25916502817424386	0.016234002879378175	3	0.5035703255207095	0.016681493666851212	3	0.3077345563964818	0.07486160633631625	3	0.5286919638594981	0.06755320953056873	3	0.2669015666584952	0.015889303376979785	3	0.5222434618499047	0.013939281574582801	3	0.4995653665003677	0.0009783819151261137	3	1.0	0.0	3	0.0	0.0	3	0.0	0.0	3	0.0	0.0	3	0.8808333333333334	0.1137706025298275	3	0.30963113028506345	0.17756497447614278	3	0.09333563026862335	0.06960425552031685	3	0.11930216616156052	0.021187356874792913	3	0.04305555555555556	0.07457440977032667	3	0.020833333333333332	0.036084391824351615	3	0.0	0.0	3	0.03166666666666667	0.05484827557301444	3	0.015	0.02598076211353316	3	0.0	0.0	3	0.0	0.0	3	0.0	0.0	3	0.03166666666666667	0.05484827557301444	3	0.015	0.02598076211353316	3	0.04305555555555556	0.07457440977032667	3	0.015	0.02598076211353316	3	0.0	0.0	3	0.02638888888888889	0.04570689631084537	3	0.015	0.02598076211353316	3	0.7665826747148486	0.11567876204373174	3
trans_fraction_x_background__well_specified__d1200__sep1__cis0.9__bg0.2__a0__r2__m0	trans_fraction_x_background	coarse	well_specified	ORACLE_coordinates_generator_conditional	3	1200	1.0	0.09999999999999998	0.2	0.0	2	0	ORACLE_COORDINATES_AND_GENERATOR	ORACLE_GENERATOR_CONDITIONAL	0.40113882469738815	0.018638598582071595	3	0.5916176522615104	0.020849835778547206	3	1.2623648497178843	0.02003450730967918	3	0.659447196085812	0.005594849999867634	3	0.022851146296098943	0.0047141054835262075	3	0.01973861324312904	0.0015451528276733833	3	0.0	0.0	3	0.40113882469738815	0.018638598582071595	3	0.5916176522615104	0.020849835778547206	3	1.2623648497178843	0.02003450730967918	3	0.659447196085812	0.005594849999867634	3	0.022851146296098943	0.0047141054835262075	3	0.01973861324312904	0.0015451528276733833	3	1.0	0.0	3	0.0	0.0	3	1.0	0.0	3	1.0	0.0	3	1.0	0.0	3	0.4019857785526595	0.026453871261850413	3	0.5946644535069975	0.02217771793116379	3	0.39344424638542286	0.06635546248986225	3	0.5654956427015251	0.011728433705146455	3	0.4019857785526595	0.026453871261850413	3	0.5946644535069975	0.02217771793116379	3	0.39344424638542286	0.06635546248986225	3	0.5654956427015251	0.011728433705146455	3	0.0	0.0	3	1.0	0.0	3	0.0	0.0	3	0.0	0.0	3	0.0	0.0	3	nan	nan	0	nan	nan	0	nan	nan	0	nan	nan	0	0.34945050616457246	0.1400435673733443	3	0.09716521579285986	0.01763147597741219	3	0.0	0.0	3	0.3336104509598818	0.021242613309513846	3	0.005219206680584551	0.009039931145975351	3	0.34945050616457246	0.1400435673733443	3	0.09716521579285986	0.01763147597741219	3	0.0	0.0	3	0.3336104509598818	0.021242613309513846	3	0.005219206680584551	0.009039931145975351	3	0.34945050616457246	0.1400435673733443	3	0.09716521579285986	0.01763147597741219	3	0.0	0.0	3	0.3336104509598818	0.021242613309513846	3	0.005219206680584551	0.009039931145975351	3	nan	nan	0
trans_fraction_x_background__well_specified__d1200__sep1__cis0.9__bg0.2__a0__r2__m0	trans_fraction_x_background	coarse	well_specified	ORACLE_coordinates_inference_monotone_log	3	1200	1.0	0.09999999999999998	0.2	0.0	2	0	ORACLE_COORDINATES	MATCHED_PAIRWISE_ENDPOINT_LIKELIHOOD	0.40113882469738815	0.018638598582071595	3	0.5916176522615104	0.020849835778547206	3	1.2623648497178843	0.02003450730967918	3	0.659447196085812	0.005594849999867634	3	0.02285114629609894	0.004714105483526203	3	0.019738613243129022	0.0015451528276733857	3	0.0	0.0	3	0.40113882469738815	0.018638598582071595	3	0.5916176522615104	0.020849835778547206	3	1.2623648497178843	0.02003450730967918	3	0.659447196085812	0.005594849999867634	3	0.02285114629609894	0.004714105483526203	3	0.019738613243129022	0.0015451528276733857	3	1.0	0.0	3	0.0	0.0	3	1.0	0.0	3	1.0	0.0	3	1.0	0.0	3	0.4019857785526595	0.026453871261850413	3	0.5946644535069975	0.02217771793116379	3	0.39344424638542286	0.06635546248986225	3	0.5654956427015251	0.011728433705146455	3	0.4019857785526595	0.026453871261850413	3	0.5946644535069975	0.02217771793116379	3	0.39344424638542286	0.06635546248986225	3	0.5654956427015251	0.011728433705146455	3	0.0	0.0	3	1.0	0.0	3	0.0	0.0	3	0.0	0.0	3	0.0	0.0	3	nan	nan	0	nan	nan	0	nan	nan	0	nan	nan	0	0.34945050616457246	0.1400435673733443	3	0.09716521579285986	0.01763147597741219	3	0.0	0.0	3	0.3336104509598818	0.021242613309513846	3	0.005219206680584551	0.009039931145975351	3	0.34945050616457246	0.1400435673733443	3	0.09716521579285986	0.01763147597741219	3	0.0	0.0	3	0.3336104509598818	0.021242613309513846	3	0.005219206680584551	0.009039931145975351	3	0.34945050616457246	0.1400435673733443	3	0.09716521579285986	0.01763147597741219	3	0.0	0.0	3	0.3336104509598818	0.021242613309513846	3	0.005219206680584551	0.009039931145975351	3	nan	nan	0
trans_fraction_x_background__well_specified__d1200__sep1__cis0.9__bg0.2__a0__r2__m0	trans_fraction_x_background	coarse	well_specified	blind_normalized_endpoint_monotone_log_midpoint_delta_pairwise	3	1200	1.0	0.09999999999999998	0.2	0.0	2	0	none	MATCHED_PAIRWISE_ENDPOINT_LIKELIHOOD	0.2598736421309244	0.05844822024936087	3	0.5082910435349676	0.03179518781646721	3	1.576779778413482	0.10322767643361064	3	0.7412667493062797	0.06968819068553736	3	0.2383259565032865	0.03112734746154772	3	0.10356612782346604	0.06632271031611879	3	0.8183894017757244	0.09436679972812415	3	0.29216530879759106	0.040649645782193856	3	0.5082910435349676	0.03179518781646721	3	1.5118928543902328	0.027325263739614226	3	0.7412667493062797	0.06968819068553736	3	0.20590391414927842	0.028255528776855828	3	0.10356612782346604	0.06632271031611879	3	0.9371438096890472	0.020457035652815217	3	4.6374421519527855	0.2904764194184589	3	1.0	0.0	3	1.0	0.0	3	-0.41818181818181815	0.3329106594765982	3	0.2569934944755267	0.06292272475232846	3	0.5097385882578704	0.03707810639744698	3	0.28597865914042386	0.047688176629248395	3	0.49464002772826304	0.01532097172024973	3	0.2971169512656502	0.04262818972539128	3	0.5097385882578704	0.03707810639744698	3	0.24778421469597942	0.06932013919641805	3	0.49464002772826304	0.01532097172024973	3	0.4976428172861536	0.000598449441175197	3	1.0	0.0	3	0.0	0.0	3	0.0	0.0	3	0.0	0.0	3	0.7688888888888888	0.05442459955789325	3	0.486825287028096	0.059656876533561554	3	0.1598559854011309	0.02534370093948029	3	0.06651793090865506	0.024591977433729473	3	0.0	0.0	3	0.0	0.0	3	0.0	0.0	3	0.04583333333333334	0.07938566201357355	3	0.0	0.0	3	0.01909722222222222	0.03307735917232231	3	0.01909722222222222	0.03307735917232231	3	0.0	0.0	3	0.04583333333333334	0.07938566201357355	3	0.0	0.0	3	0.0	0.0	3	0.0	0.0	3	0.0	0.0	3	0.042013888888888885	0.07277019017910909	3	0.0	0.0	3	0.6762341995246247	0.06142927315661078	3
trans_fraction_x_background__well_specified__d1200__sep1__cis0.9__bg0.5__a0__r2__m0	trans_fraction_x_background	coarse	well_specified	ORACLE_coordinates_generator_conditional	3	1200	1.0	0.09999999999999998	0.5	0.0	2	0	ORACLE_COORDINATES_AND_GENERATOR	ORACLE_GENERATOR_CONDITIONAL	0.4326803322792325	0.05497304191696089	3	0.5891897614141608	0.02506794463216057	3	1.2524967493611279	0.04758232480710101	3	0.661641762415029	0.021896788823180066	3	0.043070480010798357	0.00909139646185481	3	0.02482175079047365	0.011011315981592768	3	0.0	0.0	3	0.4326803322792325	0.05497304191696089	3	0.5891897614141608	0.02506794463216057	3	1.2524967493611279	0.04758232480710101	3	0.661641762415029	0.021896788823180066	3	0.043070480010798357	0.00909139646185481	3	0.02482175079047365	0.011011315981592768	3	1.0	0.0	3	0.0	0.0	3	1.0	0.0	3	1.0	0.0	3	1.0	0.0	3	0.44087963838210303	0.06071912676064041	3	0.5950350720314571	0.027819400629432993	3	0.35946038251366125	0.07024298542224833	3	0.5372267759562841	0.03942120919379331	3	0.44087963838210303	0.06071912676064041	3	0.5950350720314571	0.027819400629432993	3	0.35946038251366125	0.07024298542224833	3	0.5372267759562841	0.03942120919379331	3	0.0	0.0	3	1.0	0.0	3	0.0	0.0	3	0.0	0.0	3	0.0	0.0	3	nan	nan	0	nan	nan	0	nan	nan	0	nan	nan	0	0.36353080890693384	0.33816630864538016	3	0.13079893448252244	0.15635376028145057	3	0.0	0.0	3	0.35015782928123684	0.22015616736204394	3	0.0	0.0	3	0.36353080890693384	0.33816630864538016	3	0.13079893448252244	0.15635376028145057	3	0.0	0.0	3	0.35015782928123684	0.22015616736204394	3	0.0	0.0	3	0.36353080890693384	0.33816630864538016	3	0.13079893448252244	0.15635376028145057	3	0.0	0.0	3	0.35015782928123684	0.22015616736204394	3	0.0	0.0	3	nan	nan	0
trans_fraction_x_background__well_specified__d1200__sep1__cis0.9__bg0.5__a0__r2__m0	trans_fraction_x_background	coarse	well_specified	ORACLE_coordinates_inference_monotone_log	3	1200	1.0	0.09999999999999998	0.5	0.0	2	0	ORACLE_COORDINATES	MATCHED_PAIRWISE_ENDPOINT_LIKELIHOOD	0.4326803322792325	0.05497304191696089	3	0.5891897614141608	0.02506794463216057	3	1.2524967493611279	0.04758232480710095	3	0.6616417624150289	0.02189678882318001	3	0.04307048001079836	0.009091396461854782	3	0.024821750790473645	0.011011315981592771	3	0.0	0.0	3	0.4326803322792325	0.05497304191696089	3	0.5891897614141608	0.02506794463216057	3	1.2524967493611279	0.04758232480710095	3	0.6616417624150289	0.02189678882318001	3	0.04307048001079836	0.009091396461854782	3	0.024821750790473645	0.011011315981592771	3	1.0	0.0	3	0.0	0.0	3	1.0	0.0	3	1.0	0.0	3	1.0	0.0	3	0.44087963838210303	0.06071912676064041	3	0.5950350720314571	0.027819400629432993	3	0.35946038251366125	0.07024298542224833	3	0.5372267759562841	0.03942120919379331	3	0.44087963838210303	0.06071912676064041	3	0.5950350720314571	0.027819400629432993	3	0.35946038251366125	0.07024298542224833	3	0.5372267759562841	0.03942120919379331	3	0.0	0.0	3	1.0	0.0	3	0.0	0.0	3	0.0	0.0	3	0.0	0.0	3	nan	nan	0	nan	nan	0	nan	nan	0	nan	nan	0	0.36353080890693384	0.33816630864538016	3	0.13079893448252244	0.15635376028145057	3	0.0	0.0	3	0.35015782928123684	0.22015616736204394	3	0.0	0.0	3	0.36353080890693384	0.33816630864538016	3	0.13079893448252244	0.15635376028145057	3	0.0	0.0	3	0.35015782928123684	0.22015616736204394	3	0.0	0.0	3	0.36353080890693384	0.33816630864538016	3	0.13079893448252244	0.15635376028145057	3	0.0	0.0	3	0.35015782928123684	0.22015616736204394	3	0.0	0.0	3	nan	nan	0
trans_fraction_x_background__well_specified__d1200__sep1__cis0.9__bg0.5__a0__r2__m0	trans_fraction_x_background	coarse	well_specified	blind_normalized_endpoint_monotone_log_midpoint_delta_pairwise	3	1200	1.0	0.09999999999999998	0.5	0.0	2	0	none	MATCHED_PAIRWISE_ENDPOINT_LIKELIHOOD	0.1975034084965156	0.006581083483092063	3	0.5463235595763967	0.024143278404960104	3	1.758398445269315	0.08400637586094489	3	0.6847057560463224	0.02085468851756327	3	0.24150040894321487	0.01414212521290778	3	0.05192955428408289	0.030488038334271987	3	1.0580204013864078	0.2156750562779194	3	0.3178779434235919	0.03315756421321796	3	0.5486638315114104	0.02115434071114594	3	1.435815596862258	0.0496941630761191	3	0.6811507425485158	0.016313311690424128	3	0.11979522547208565	0.03192422797924323	3	0.054534300543075676	0.029887724128171412	3	0.8953404453542234	0.04344835085127552	3	4.4040661576176126	0.5456010612601069	3	0.6666666666666666	0.0	3	0.5	0.0	3	-0.14208754208754207	0.29332146046409946	3	0.1961279151551909	0.0031027599539784757	3	0.5559879843481552	0.024355436250092507	3	0.20901639344262293	0.036427026300473724	3	0.4625170765027322	0.025900472738867867	3	0.3307667129553426	0.028706722999088878	3	0.5559879843481552	0.024355436250092507	3	0.20508879781420764	0.07803102271189634	3	0.4838627049180328	0.024594165914098656	3	0.5050029316917062	0.01117782862522801	3	1.0	0.0	3	0.0	0.0	3	0.0	0.0	3	0.0	0.0	3	0.7072222222222222	0.014680233624137524	3	0.5856579275434719	0.010223062076365884	3	0.19888634862657706	0.005108670551981674	3	0.031656379100826644	0.007680106713475711	3	0.0	0.0	3	0.0	0.0	3	0.0	0.0	3	0.12070650695011358	0.11055429812231236	3	0.0	0.0	3	0.1649774993659838	0.1518137460282769	3	0.07648364423267377	0.06870827993318795	3	0.0	0.0	3	0.12791671216364656	0.09882943870033713	3	0.0	0.0	3	0.0	0.0	3	0.0	0.0	3	0.0	0.0	3	0.10643882807886607	0.10075894397951538	3	0.0	0.0	3	0.5661292729826907	0.008024000631160676	3
trans_fraction_x_background__well_specified__d1200__sep1__cis0.9__bg0__a0__r2__m0	trans_fraction_x_background	coarse	well_specified	ORACLE_coordinates_generator_conditional	3	1200	1.0	0.09999999999999998	0.0	0.0	2	0	ORACLE_COORDINATES_AND_GENERATOR	ORACLE_GENERATOR_CONDITIONAL	0.49222222222222217	0.06213970222484649	3	0.6355555555555555	0.04989804419829312	3	1.1066273232002937	0.11473583442956713	3	0.6021714088731412	0.06732485413132357	3	0.026032919035833504	0.0031096120775738305	3	0.018307717087265977	0.006780389044971532	3	0.0	0.0	3	0.49222222222222217	0.06213970222484649	3	0.6355555555555555	0.04989804419829312	3	1.1066273232002937	0.11473583442956713	3	0.6021714088731412	0.06732485413132357	3	0.026032919035833504	0.0031096120775738305	3	0.018307717087265977	0.006780389044971532	3	1.0	0.0	3	0.0	0.0	3	1.0	0.0	3	1.0	0.0	3	1.0	0.0	3	0.5121475228606692	0.0658316876665402	3	0.64695278604322	0.051768398274644016	3	0.29934472528516415	0.019018609729913757	3	0.5254793534574099	0.028079975204635663	3	0.5121475228606692	0.0658316876665402	3	0.64695278604322	0.051768398274644016	3	0.29934472528516415	0.019018609729913757	3	0.5254793534574099	0.028079975204635663	3	0.0	0.0	3	1.0	0.0	3	0.0	0.0	3	0.0	0.0	3	0.0	0.0	3	nan	nan	0	nan	nan	0	nan	nan	0	nan	nan	0	0.7599999999999999	0.24557330881022066	3	0.4033333333333333	0.18412518386503604	3	0.10138888888888888	0.17561070687851116	3	0.6066666666666667	0.31912314759874966	3	0.13555555555555557	0.16906880037209485	3	0.7599999999999999	0.24557330881022066	3	0.4033333333333333	0.18412518386503604	3	0.10138888888888888	0.17561070687851116	3	0.6066666666666667	0.31912314759874966	3	0.13555555555555557	0.16906880037209485	3	0.7599999999999999	0.24557330881022066	3	0.4033333333333333	0.18412518386503604	3	0.10138888888888888	0.17561070687851116	3	0.6066666666666667	0.31912314759874966	3	0.13555555555555557	0.16906880037209485	3	nan	nan	0
trans_fraction_x_background__well_specified__d1200__sep1__cis0.9__bg0__a0__r2__m0	trans_fraction_x_background	coarse	well_specified	ORACLE_coordinates_inference_monotone_log	3	1200	1.0	0.09999999999999998	0.0	0.0	2	0	ORACLE_COORDINATES	MATCHED_PAIRWISE_ENDPOINT_LIKELIHOOD	0.49222222222222217	0.06213970222484649	3	0.6355555555555555	0.04989804419829312	3	1.1066273232002937	0.11473583442956713	3	0.6021714088731412	0.06732485413132357	3	0.026032919035833473	0.003109612077573848	3	0.018307717087265987	0.006780389044971547	3	0.0	0.0	3	0.49222222222222217	0.06213970222484649	3	0.6355555555555555	0.04989804419829312	3	1.1066273232002937	0.11473583442956713	3	0.6021714088731412	0.06732485413132357	3	0.026032919035833473	0.003109612077573848	3	0.018307717087265987	0.006780389044971547	3	1.0	0.0	3	0.0	0.0	3	1.0	0.0	3	1.0	0.0	3	1.0	0.0	3	0.5121475228606692	0.0658316876665402	3	0.64695278604322	0.051768398274644016	3	0.29934472528516415	0.019018609729913757	3	0.5254793534574099	0.028079975204635663	3	0.5121475228606692	0.0658316876665402	3	0.64695278604322	0.051768398274644016	3	0.29934472528516415	0.019018609729913757	3	0.5254793534574099	0.028079975204635663	3	0.0	0.0	3	1.0	0.0	3	0.0	0.0	3	0.0	0.0	3	0.0	0.0	3	nan	nan	0	nan	nan	0	nan	nan	0	nan	nan	0	0.7599999999999999	0.24557330881022066	3	0.4033333333333333	0.18412518386503604	3	0.10138888888888888	0.17561070687851116	3	0.6066666666666667	0.31912314759874966	3	0.13555555555555557	0.16906880037209485	3	0.7599999999999999	0.24557330881022066	3	0.4033333333333333	0.18412518386503604	3	0.10138888888888888	0.17561070687851116	3	0.6066666666666667	0.31912314759874966	3	0.13555555555555557	0.16906880037209485	3	0.7599999999999999	0.24557330881022066	3	0.4033333333333333	0.18412518386503604	3	0.10138888888888888	0.17561070687851116	3	0.6066666666666667	0.31912314759874966	3	0.13555555555555557	0.16906880037209485	3	nan	nan	0
trans_fraction_x_background__well_specified__d1200__sep1__cis0.9__bg0__a0__r2__m0	trans_fraction_x_background	coarse	well_specified	blind_normalized_endpoint_monotone_log_midpoint_delta_pairwise	3	1200	1.0	0.09999999999999998	0.0	0.0	2	0	none	MATCHED_PAIRWISE_ENDPOINT_LIKELIHOOD	0.21916666666666665	0.006821127309893696	3	0.4727777777777778	0.07674965315399973	3	1.945086300424607	0.17270408290911538	3	0.9849127230520552	0.36478235546710536	3	0.34021047450110115	0.053023994888580096	3	0.1827827144087436	0.10185133088804682	3	0.9764580604849796	0.14447114915428078	3	0.2966666666666667	0.09817430643729776	3	0.47472222222222227	0.07771177755250726	3	1.6868843231910498	0.46166554870523396	3	0.985255252959078	0.3650102724633064	3	0.2620379047340618	0.11725106127889921	3	0.18083826996429916	0.10272044808438717	3	0.9197930836398736	0.029470420484464774	3	4.43034753258584	2.0778299460039107	3	0.6666666666666666	0.0	3	0.3333333333333333	0.2886751345948129	3	0.1286195286195286	0.2842771929467505	3	0.21328483948910712	0.008055843247297833	3	0.47119492824681397	0.08691434145559122	3	0.2767124463832928	0.020952234668943553	3	0.4850202044559411	0.03705813790352539	3	0.3017407409940642	0.10773032229305683	3	0.47119492824681397	0.08691434145559122	3	0.2468880388159385	0.011055312220829588	3	0.5057736150996339	0.030545485272828903	3	0.49777010347073275	0.002078287884209425	3	0.6666666666666666	0.5773502691896258	3	0.3333333333333333	0.5773502691896258	3	0.0	0.0	3	0.0	0.0	3	0.9700000000000001	0.04426090574963166	3	0.12120082291679542	0.07506106247904121	3	0.028569269515692608	0.026520612915138332	3	0.06284232885543477	0.0051533231204427985	3	0.0	0.0	3	0.0	0.0	3	0.0	0.0	3	0.04055555555555556	0.040836167702082336	3	0.02722222222222222	0.04715027198381944	3	0.08888888888888889	0.12098362301169956	3	0.04055555555555556	0.040836167702082336	3	0.0	0.0	3	0.04055555555555556	0.040836167702082336	3	0.02722222222222222	0.04715027198381944	3	0.0	0.0	3	0.0	0.0	3	0.0	0.0	3	0.04055555555555556	0.040836167702082336	3	0.02722222222222222	0.04715027198381944	3	0.8974932593126796	0.05069082587331928	3
