chr1	start1	chr2	start2	n_contacts	truth_top_state	truth_top_count	posterior_top_state	posterior_pmax	posterior_margin	whole_chrom_pred_state	whole_chrom_correct_contacts	chr_pair_oracle_correct_contacts	nearest_geometry_state	nearest_geometry_correct_contacts	same_cross_correct_contacts	truth_state_distance_rank	posterior_top1_distance_rank	posterior_top1_distance_gap	nearest_geometry_state	best_relative_flip_chr2
chr1	9000000	chr11	87000000	4	10	4	10	0.6103459	NA	10	4	0	10	4	4	1	1	3.47504929	10	1
chr1	9000000	chr11	88000000	2	10	2	10	0.689511538	NA	10	2	0	10	2	2	1	1	3.61018816	10	1
chr1	10000000	chr11	7000000	3	00	3	00	0.643878043	NA	00	3	0	00	3	3	1	1	2.05400859	00	1
chr1	11000000	chr11	8000000	5	00	5	00	0.995551109	NA	00	5	0	00	5	5	1	1	3.47499016	00	1
chr1	11000000	chr11	7000000	9	00	9	00	0.992937982	NA	00	9	0	00	9	9	1	1	3.19810467	00	1
chr1	11000000	chr11	44000000	3	00	3	00	0.97309643	NA	00	3	0	00	3	3	1	1	3.5931763	00	1
chr1	11000000	chr11	43000000	1	00	1	00	0.988973081	NA	00	1	0	00	1	1	1	1	4.09218678	00	1
chr1	12000000	chr11	44000000	2	00	2	00	0.699942052	NA	00	2	0	00	2	2	1	1	3.3533495	00	1
chr1	13000000	chr11	4000000	3	00	3	00	0.959243476	NA	00	3	0	00	3	3	1	1	2.4321632	00	1
chr1	16000000	chr11	4000000	1	00	1	00	0.836143017	NA	00	1	0	00	1	1	1	1	2.20014412	00	1
chr1	16000000	chr11	44000000	1	00	1	00	0.905443013	NA	00	1	0	00	1	1	1	1	2.8546084	00	1
chr1	16000000	chr11	13000000	2	00	2	00	0.875630558	NA	00	2	0	00	2	2	1	1	2.11343889	00	1
chr1	16000000	chr11	43000000	1	00	1	00	0.929112971	NA	00	1	0	00	1	1	1	1	3.44723052	00	1
chr1	17000000	chr11	44000000	7	00	7	00	0.990139425	NA	00	7	0	00	7	7	1	1	3.27647365	00	1
chr1	17000000	chr11	13000000	11	00	11	00	0.993191659	NA	00	11	0	00	11	11	1	1	2.70453363	00	1
chr1	17000000	chr11	11000000	5	00	5	00	0.976273537	NA	00	5	0	00	5	5	1	1	2.46759288	00	1
chr1	17000000	chr11	14000000	4	00	4	00	0.973085046	NA	00	4	0	00	4	4	1	1	3.09192734	00	1
chr1	17000000	chr11	43000000	1	00	1	00	0.978192151	NA	00	1	0	00	1	1	1	1	3.86324964	00	1
chr1	17000000	chr11	12000000	4	00	4	00	0.926009178	NA	00	4	0	00	4	4	1	1	3.03380277	00	1
chr1	17000000	chr11	9000000	1	00	1	00	0.659079254	NA	00	1	0	00	1	1	1	1	2.46676185	00	1
chr1	17000000	chr11	8000000	1	00	1	00	0.806028605	NA	00	1	0	00	1	1	1	1	2.58741563	00	1
chr1	57000000	chr11	4000000	8	00	8	01	0.647283018	NA	01	0	8	01	0	0	2	1	0.801629776	01	1
chr1	58000000	chr11	4000000	6	00	5	00	0.601148427	NA	00	5	1	00	5	5	1	1	0.24600198	00	1
chr1	58000000	chr11	60000000	2	00	2	00	0.608922958	NA	00	2	0	00	2	2	1	1	0.458624204	00	1
chr1	58000000	chr11	61000000	9	00	9	00	0.822295249	NA	00	9	0	00	9	9	1	1	0.82163782	00	1
chr1	59000000	chr11	60000000	2	00	2	00	0.564097762	NA	00	2	0	00	2	2	1	1	0.00884872131	00	1
chr1	59000000	chr11	61000000	8	00	8	00	0.714497387	NA	00	8	0	00	8	8	1	1	0.331435225	00	1
chr1	68000000	chr11	15000000	3	00	3	00	0.508321166	NA	00	3	0	00	3	3	1	1	0.181633438	00	1
chr1	68000000	chr11	14000000	9	00	9	00	0.560884953	NA	00	9	0	00	9	9	1	1	0.596925751	00	1
chr1	72000000	chr11	14000000	4	00	4	01	0.800435245	NA	01	0	4	01	0	0	2	1	1.19786316	01	1
chr1	73000000	chr11	14000000	4	00	3	01	0.800725222	NA	01	0	3	01	0	1	2	1	1.30188541	01	1
chr1	73000000	chr11	18000000	2	00	2	01	0.632137895	NA	01	0	2	01	0	0	2	1	1.84053091	01	1
chr1	73000000	chr11	19000000	1	00	1	01	0.645475149	NA	01	0	1	01	0	0	2	1	2.55042091	01	1
chr1	74000000	chr11	5000000	4	00	3	01	0.996978879	NA	01	0	3	01	0	0	2	1	2.60708771	01	1
chr1	74000000	chr11	16000000	1	00	1	01	0.685820758	NA	01	0	1	01	0	0	2	1	3.27103003	01	1
chr1	74000000	chr11	14000000	1	00	1	01	0.992699921	NA	01	0	1	01	0	0	2	1	2.41875859	01	1
chr1	74000000	chr11	18000000	4	00	4	01	0.987686932	NA	01	0	4	01	0	0	2	1	3.17682642	01	1
chr1	74000000	chr11	19000000	1	00	1	01	0.807257116	NA	01	0	1	01	0	0	2	1	3.30037242	01	1
chr1	74000000	chr11	3000000	8	00	8	01	0.999380708	NA	01	0	8	01	0	0	2	1	2.66918014	01	1
chr1	74000000	chr11	4000000	14	00	14	01	0.995928228	NA	01	0	14	01	0	0	2	1	2.26408968	01	1
chr1	74000000	chr11	62000000	2	00	1	01	0.564223766	NA	01	0	1	01	0	0	2	1	2.19370891	01	1
chr1	74000000	chr11	15000000	2	00	1	01	0.942721367	NA	01	0	1	01	0	1	2	1	2.97009451	01	1
chr1	75000000	chr11	4000000	3	00	3	01	0.852250695	NA	01	0	3	01	0	0	2	1	1.42528348	01	1
chr1	77000000	chr11	4000000	3	00	3	01	0.82234025	NA	01	0	3	01	0	0	2	1	1.15882981	01	1
chr1	123000000	chr11	14000000	1	00	1	01	0.874290526	NA	01	0	1	01	0	0	2	1	2.24334406	01	1
chr1	123000000	chr11	18000000	3	00	3	01	0.940161169	NA	01	0	3	01	0	0	2	1	2.62398711	01	1
chr1	124000000	chr11	14000000	10	00	10	01	0.992160141	NA	01	0	10	01	0	0	2	1	2.95216068	01	1
chr1	124000000	chr11	15000000	4	00	4	01	0.922846377	NA	01	0	4	01	0	0	2	1	3.52694637	01	1
chr1	155000000	chr11	118000000	4	00	4	01	0.543422282	NA	01	0	4	01	0	0	2	1	0.596705118	01	1
chr1	156000000	chr11	118000000	33	00	33	01	0.985785544	NA	01	0	33	01	0	0	2	1	2.86862836	01	1
chr1	156000000	chr11	119000000	12	00	12	01	0.905741096	NA	01	0	12	01	0	0	2	1	2.85307339	01	1
chr1	157000000	chr11	118000000	7	00	7	01	0.980935574	NA	01	0	7	01	0	0	3	1	4.04909469	01	1
chr1	157000000	chr11	119000000	1	00	1	01	0.896790862	NA	01	0	1	01	0	0	3	1	3.80804212	01	1
chr1	162000000	chr11	20000000	1	01	1	01	0.753387213	NA	01	1	0	01	1	1	1	1	2.74193763	01	1
chr1	162000000	chr11	18000000	3	00	3	01	0.884326756	NA	01	0	3	01	0	0	2	1	2.67871036	01	1
chr1	162000000	chr11	46000000	1	00	1	01	0.411956191	NA	01	0	1	01	0	0	2	1	0.779776126	01	1
chr1	162000000	chr11	19000000	11	00	11	01	0.99505049	NA	01	0	11	01	0	0	2	1	3.58637223	01	1
chr1	163000000	chr11	19000000	2	00	2	01	0.947737634	NA	01	0	2	01	0	0	2	1	3.62147223	01	1
chr1	171000000	chr11	33000000	2	00	2	01	0.994621396	NA	01	0	2	01	0	0	3	1	4.23602082	01	1
chr1	171000000	chr11	32000000	1	00	1	01	0.972788393	NA	01	0	1	01	0	0	3	1	3.86167634	01	1
chr1	171000000	chr11	50000000	1	11	1	01	0.575323761	NA	01	0	0	01	0	0	4	1	2.62748074	01	1
chr1	172000000	chr11	32000000	1	00	1	01	0.910925269	NA	01	0	1	01	0	0	3	1	3.5344644	01	1
chr1	172000000	chr11	33000000	3	00	1	01	0.97811389	NA	01	1	1	01	1	1	3	1	3.93039911	01	1
chr1	174000000	chr11	32000000	4	00	4	01	0.981410563	NA	01	0	4	01	0	0	3	1	3.78667161	01	1
chr1	174000000	chr11	39000000	3	00	3	01	0.900734782	NA	01	0	3	01	0	0	3	1	3.33255258	01	1
chr1	174000000	chr11	46000000	1	00	1	01	0.838214457	NA	01	0	1	01	0	0	3	1	2.53506589	01	1
chr1	174000000	chr11	33000000	2	00	2	01	0.862723887	NA	01	0	2	01	0	0	3	1	4.10563847	01	1
chr1	9000000	chr12	9000000	2	01	2	10	0.932934463	NA	10	0	0	10	0	2	4	1	2.4948344	10	0
chr1	10000000	chr12	9000000	17	01	17	10	0.975639522	NA	10	0	0	10	0	17	4	1	2.37416068	10	0
chr1	10000000	chr12	10000000	3	01	3	10	0.79488492	NA	10	0	0	10	0	3	4	1	2.52614489	10	0
chr1	12000000	chr12	9000000	4	01	4	10	0.899799645	NA	10	0	0	10	0	4	4	1	2.34056851	10	0
chr1	6000000	chr13	8000000	2	01	2	11	0.327441216	NA	11	0	0	11	0	0	3	1	2.87613871	11	0
chr1	23000000	chr13	8000000	4	01	4	11	0.928129017	NA	11	0	0	11	0	0	3	1	2.41375264	11	0
chr1	23000000	chr13	9000000	2	01	1	11	0.691839278	NA	11	1	1	11	1	1	3	1	2.25258437	11	0
chr1	24000000	chr13	8000000	5	01	5	11	0.837145746	NA	11	0	0	11	0	0	2	1	2.79758522	11	0
chr1	3000000	chr15	50000000	3	10	3	01	0.89840591	NA	01	0	0	01	0	3	2	1	4.73534965	01	1
chr1	3000000	chr15	51000000	2	10	2	01	0.821335733	NA	01	0	0	01	0	2	2	1	5.44341051	01	1
chr1	3000000	chr15	8000000	3	10	3	01	0.484663814	NA	01	0	0	01	0	3	2	1	1.90132497	01	1
chr1	23000000	chr15	55000000	2	10	2	01	0.937809229	NA	01	0	0	01	0	2	2	1	5.78914063	01	1
chr1	23000000	chr15	57000000	4	10	4	01	0.980787039	NA	01	0	0	01	0	4	3	1	6.03731825	01	1
chr1	23000000	chr15	54000000	2	10	2	01	0.87660557	NA	01	0	0	01	0	2	2	1	5.51113102	01	1
chr1	24000000	chr15	57000000	2	10	2	01	0.965654969	NA	01	0	0	01	0	2	3	1	5.37682334	01	1
chr1	24000000	chr15	55000000	4	10	3	01	0.704441309	NA	01	0	1	01	0	3	2	1	5.27848349	01	1
chr1	32000000	chr15	55000000	1	10	1	01	0.976438224	NA	01	0	0	01	0	1	2	1	5.42761447	01	1
chr1	33000000	chr15	58000000	2	10	2	01	0.899026155	NA	01	0	0	01	0	2	2	1	5.78308065	01	1
chr1	34000000	chr15	58000000	2	10	2	01	0.978121638	NA	01	0	0	01	0	2	2	1	6.23915248	01	1
chr1	36000000	chr15	57000000	3	10	3	01	0.964224219	NA	01	0	0	01	0	3	2	1	5.54463699	01	1
chr1	36000000	chr15	54000000	1	10	1	01	0.835012138	NA	01	0	0	01	0	1	2	1	5.34733789	01	1
chr1	36000000	chr15	55000000	1	10	1	01	0.993081748	NA	01	0	0	01	0	1	2	1	5.53532895	01	1
chr1	38000000	chr15	55000000	2	10	2	01	0.985949099	NA	01	0	0	01	0	2	2	1	5.43475017	01	1
chr1	66000000	chr15	55000000	5	10	5	01	0.999711335	NA	01	0	0	01	0	5	2	1	4.69831831	01	1
chr1	67000000	chr15	54000000	4	10	4	01	0.999998212	NA	01	0	0	01	0	4	2	1	6.16696609	01	1
chr1	67000000	chr15	55000000	7	10	7	01	1	NA	01	0	0	01	0	7	2	1	6.47744985	01	1
chr1	67000000	chr15	30000000	6	10	6	01	0.82668376	NA	01	0	0	01	0	6	2	1	1.50694192	01	1
chr1	67000000	chr15	57000000	4	10	4	01	0.999991298	NA	01	0	0	01	0	4	3	1	6.31368538	01	1
chr1	67000000	chr15	58000000	5	10	5	01	0.999988317	NA	01	0	0	01	0	5	2	1	6.47034656	01	1
chr1	68000000	chr15	57000000	3	10	3	01	0.999990463	NA	01	0	0	01	0	3	3	1	6.84110727	01	1
chr1	68000000	chr15	30000000	2	10	2	01	0.607824922	NA	01	0	0	01	0	2	2	1	1.74491294	01	1
chr1	68000000	chr15	58000000	2	10	2	01	0.999999642	NA	01	0	0	01	0	2	2	1	6.72339141	01	1
chr1	70000000	chr15	58000000	5	10	5	01	0.999998689	NA	01	0	0	01	0	5	2	1	7.06903632	01	1
chr1	71000000	chr15	58000000	1	10	1	01	0.98482275	NA	01	0	0	01	0	1	3	1	6.6532599	01	1
chr1	73000000	chr15	53000000	1	10	1	01	0.999943614	NA	01	0	0	01	0	1	2	1	6.51332134	01	1
chr1	73000000	chr15	58000000	12	10	12	01	1	NA	01	0	0	01	0	12	2	1	6.54949104	01	1
chr1	73000000	chr15	54000000	1	10	1	01	0.999870539	NA	01	0	0	01	0	1	2	1	5.88172042	01	1
chr1	74000000	chr15	58000000	6	10	6	01	1	NA	01	0	0	01	0	6	2	1	6.22850954	01	1
chr1	74000000	chr15	59000000	4	10	4	01	1	NA	01	0	0	01	0	4	2	1	6.58148457	01	1
chr1	74000000	chr15	31000000	4	10	4	01	0.976893365	NA	01	0	0	01	0	4	2	1	2.9734218	01	1
chr1	74000000	chr15	30000000	1	10	1	01	0.722196341	NA	01	0	0	01	0	1	2	1	2.9370439	01	1
chr1	74000000	chr15	35000000	8	10	8	01	0.982168198	NA	01	0	0	01	0	8	2	1	3.23705468	01	1
chr1	74000000	chr15	56000000	3	10	3	01	0.999974489	NA	01	0	0	01	0	3	2	1	6.20747652	01	1
chr1	74000000	chr15	89000000	1	10	1	01	0.389398247	NA	01	0	0	01	0	1	2	1	3.77892478	01	1
chr1	75000000	chr15	59000000	3	10	2	01	0.999772966	NA	01	0	1	01	0	2	2	1	6.37982809	01	1
chr1	75000000	chr15	54000000	1	10	1	01	0.989561141	NA	01	0	0	01	0	1	2	1	5.83661951	01	1
chr1	75000000	chr15	35000000	3	10	3	01	0.882704437	NA	01	0	0	01	0	3	2	1	2.65517854	01	1
chr1	75000000	chr15	58000000	14	10	14	01	1	NA	01	0	0	01	0	14	2	1	6.59224946	01	1
chr1	75000000	chr15	51000000	4	10	4	01	0.999997735	NA	01	0	0	01	0	4	2	1	6.68861454	01	1
chr1	75000000	chr15	53000000	4	10	4	01	0.999997854	NA	01	0	0	01	0	4	2	1	6.76772801	01	1
chr1	75000000	chr15	52000000	1	10	1	01	0.999998927	NA	01	0	0	01	0	1	2	1	6.53347585	01	1
chr1	75000000	chr15	89000000	1	10	1	01	0.405841887	NA	01	0	0	01	0	1	2	1	3.21122411	01	1
chr1	76000000	chr15	51000000	2	10	2	01	0.999999762	NA	01	0	0	01	0	2	2	1	6.7510719	01	1
chr1	76000000	chr15	53000000	13	10	13	01	1	NA	01	0	0	01	0	13	2	1	7.01749591	01	1
chr1	76000000	chr15	52000000	1	10	1	01	1	NA	01	0	0	01	0	1	2	1	6.69348104	01	1
chr1	76000000	chr15	58000000	3	10	3	01	1	NA	01	0	0	01	0	3	2	1	6.82778941	01	1
chr1	76000000	chr15	54000000	2	10	2	01	0.99949944	NA	01	0	0	01	0	2	2	1	6.16790773	01	1
chr1	76000000	chr15	57000000	1	10	1	01	0.989695072	NA	01	0	0	01	0	1	3	1	6.18553861	01	1
chr1	76000000	chr15	56000000	1	10	1	01	0.991163969	NA	01	0	0	01	0	1	2	1	6.48067839	01	1
chr1	77000000	chr15	52000000	2	10	2	01	0.999998927	NA	01	0	0	01	0	2	2	1	6.44788319	01	1
chr1	77000000	chr15	53000000	2	10	2	01	1	NA	01	0	0	01	0	2	2	1	6.75002517	01	1
chr1	79000000	chr15	53000000	1	10	1	01	0.982365668	NA	01	0	0	01	0	1	2	1	5.65342671	01	1
chr1	83000000	chr15	57000000	1	10	1	01	0.999994755	NA	01	0	0	01	0	1	3	1	6.02301611	01	1
chr1	83000000	chr15	58000000	8	10	8	01	0.999999642	NA	01	0	0	01	0	8	2	1	6.25686732	01	1
chr1	83000000	chr15	55000000	3	10	3	01	1	NA	01	0	0	01	0	3	2	1	6.10750364	01	1
chr1	83000000	chr15	53000000	2	10	2	01	0.996764779	NA	01	0	0	01	0	2	2	1	6.13440349	01	1
chr1	83000000	chr15	54000000	4	10	4	01	0.999999762	NA	01	0	0	01	0	4	2	1	5.89265425	01	1
chr1	83000000	chr15	30000000	1	10	1	01	0.739783347	NA	01	0	0	01	0	1	2	1	1.31752208	01	1
chr1	84000000	chr15	55000000	2	10	2	01	0.999988437	NA	01	0	0	01	0	2	2	1	5.80391073	01	1
chr1	84000000	chr15	30000000	3	10	3	01	0.625563741	NA	01	0	0	01	0	3	2	1	1.0158088	01	1
chr1	84000000	chr15	58000000	1	10	1	01	0.972115576	NA	01	0	0	01	0	1	2	1	5.77115976	01	1
chr1	6000000	chr17	9000000	1	10	1	10	0.972212911	NA	10	1	1	10	1	1	1	1	5.89200314	10	0
chr1	6000000	chr17	11000000	1	10	1	10	0.966918409	NA	10	1	1	10	1	1	1	1	5.71107173	10	0
chr1	7000000	chr17	11000000	7	10	7	10	0.99993813	NA	10	7	7	10	7	7	1	1	5.24689055	10	0
chr1	7000000	chr17	10000000	1	10	1	10	0.967455924	NA	10	1	1	10	1	1	1	1	5.50598748	10	0
chr1	8000000	chr17	67000000	3	10	2	10	0.670174301	NA	10	2	2	10	2	2	1	1	5.19187338	10	0
chr1	8000000	chr17	52000000	3	10	3	10	0.9976179	NA	10	3	3	10	3	3	1	1	4.64825076	10	0
chr1	8000000	chr17	11000000	18	10	18	10	1	NA	10	18	18	10	18	18	1	1	5.73283915	10	0
chr1	8000000	chr17	9000000	4	10	4	10	0.999999046	NA	10	4	4	10	4	4	1	1	5.83522012	10	0
chr1	8000000	chr17	41000000	1	10	1	10	0.914054513	NA	10	1	1	10	1	1	1	1	5.2616814	10	0
chr1	8000000	chr17	12000000	2	10	2	10	0.982789457	NA	10	2	2	10	2	2	1	1	4.84781272	10	0
chr1	8000000	chr17	10000000	1	10	1	10	0.99990654	NA	10	1	1	10	1	1	1	1	5.82865184	10	0
chr1	9000000	chr17	11000000	16	10	16	10	0.999997973	NA	10	16	16	10	16	16	1	1	5.3935655	10	0
chr1	9000000	chr17	9000000	2	10	2	10	0.962565899	NA	10	2	2	10	2	2	1	1	5.44082519	10	0
chr1	9000000	chr17	68000000	2	10	2	10	0.966586947	NA	10	2	2	10	2	2	1	1	5.05920026	10	0
chr1	9000000	chr17	52000000	2	10	2	10	0.999227047	NA	10	2	2	10	2	2	1	1	4.5980054	10	0
chr1	9000000	chr17	10000000	1	10	1	10	0.990323186	NA	10	1	1	10	1	1	1	1	5.52086779	10	0
chr1	9000000	chr17	67000000	3	10	3	10	0.777234793	NA	10	3	3	10	3	3	1	1	4.99003597	10	0
chr1	9000000	chr17	12000000	12	10	12	10	0.999994993	NA	10	12	12	10	12	12	1	1	5.1125672	10	0
chr1	9000000	chr17	46000000	1	10	1	10	0.961604655	NA	10	1	1	10	1	1	1	1	4.6003891	10	0
chr1	10000000	chr17	12000000	13	10	13	10	0.999972343	NA	10	13	13	10	13	13	1	1	5.14577343	10	0
chr1	10000000	chr17	45000000	1	11	1	10	0.97837925	NA	10	0	0	10	0	0	3	1	4.32273406	10	0
chr1	10000000	chr17	46000000	2	10	2	10	0.999576747	NA	10	2	2	10	2	2	1	1	4.84371307	10	0
chr1	10000000	chr17	47000000	2	10	2	10	0.998479068	NA	10	2	2	10	2	2	1	1	4.79978009	10	0
chr1	11000000	chr17	12000000	7	10	7	10	0.999871135	NA	10	7	7	10	7	7	1	1	4.30620902	10	0
chr1	11000000	chr17	46000000	2	10	2	10	0.975277305	NA	10	2	2	10	2	2	1	1	3.96838132	10	0
chr1	12000000	chr17	46000000	16	10	16	10	0.999425411	NA	10	16	16	10	16	16	1	1	4.5836508	10	0
chr1	12000000	chr17	47000000	1	10	1	10	0.994859457	NA	10	1	1	10	1	1	1	1	4.54456469	10	0
chr1	12000000	chr17	28000000	3	10	3	10	0.799399078	NA	10	3	3	10	3	3	1	1	3.67698149	10	0
chr1	12000000	chr17	48000000	3	10	3	10	0.991779625	NA	10	3	3	10	3	3	1	1	4.22764873	10	0
chr1	12000000	chr17	12000000	2	10	2	10	0.998686373	NA	10	2	2	10	2	2	1	1	4.97233275	10	0
chr1	12000000	chr17	26000000	1	10	1	10	0.648575902	NA	10	1	1	10	1	1	1	1	4.14901558	10	0
chr1	12000000	chr17	25000000	1	10	1	10	0.854587674	NA	10	1	1	10	1	1	1	1	4.06145803	10	0
chr1	13000000	chr17	48000000	17	10	17	10	0.996606112	NA	10	17	17	10	17	17	1	1	3.29414088	10	0
chr1	13000000	chr17	47000000	10	10	10	10	0.994001448	NA	10	10	10	10	10	10	1	1	3.63963832	10	0
chr1	13000000	chr17	25000000	5	10	5	10	0.866318583	NA	10	5	5	10	5	5	1	1	3.14905434	10	0
chr1	13000000	chr17	28000000	2	10	2	10	0.771830976	NA	10	2	2	10	2	2	1	1	2.6832699	10	0
chr1	13000000	chr17	46000000	1	10	1	10	0.995954156	NA	10	1	1	10	1	1	1	1	3.64292053	10	0
chr1	24000000	chr17	45000000	1	10	1	10	0.67038399	NA	10	1	1	10	1	1	1	1	4.15355599	10	0
chr1	26000000	chr17	4000000	1	01	1	10	0.959948719	NA	10	0	0	10	0	1	4	1	4.96566808	10	0
chr1	35000000	chr17	11000000	1	10	1	10	0.884281576	NA	10	1	1	10	1	1	1	1	5.47956211	10	0
chr1	35000000	chr17	10000000	3	10	3	10	0.99892199	NA	10	3	3	10	3	3	1	1	5.86418065	10	0
chr1	35000000	chr17	12000000	3	10	3	10	0.997843623	NA	10	3	3	10	3	3	1	1	5.30563418	10	0
chr1	35000000	chr17	9000000	1	10	1	10	0.980149209	NA	10	1	1	10	1	1	1	1	5.73326866	10	0
chr1	36000000	chr17	66000000	1	10	1	10	0.412768245	NA	10	1	1	10	1	1	1	1	3.32926379	10	0
chr1	36000000	chr17	12000000	5	10	5	10	0.998106003	NA	10	5	5	10	5	5	1	1	4.93117069	10	0
chr1	36000000	chr17	46000000	5	10	5	10	0.509513915	NA	10	5	5	10	5	5	1	1	4.53313012	10	0
chr1	36000000	chr17	47000000	2	10	2	10	0.585596383	NA	10	2	2	10	2	2	1	1	4.56297724	10	0
chr1	37000000	chr17	24000000	1	10	1	10	0.513401389	NA	10	1	1	10	1	1	1	1	4.54658313	10	0
chr1	63000000	chr17	22000000	3	10	3	10	0.638958573	NA	10	3	3	10	3	3	1	1	4.42765323	10	0
chr1	66000000	chr17	46000000	1	10	1	10	0.851016462	NA	10	1	1	10	1	1	1	1	4.36928804	10	0
chr1	66000000	chr17	21000000	1	10	1	10	0.510468125	NA	10	1	1	10	1	1	1	1	4.25847602	10	0
chr1	74000000	chr17	45000000	7	10	6	10	0.967982173	NA	10	6	6	10	6	7	1	1	4.11890138	10	0
chr1	74000000	chr17	10000000	1	10	1	10	0.851037383	NA	10	1	1	10	1	1	1	1	6.02589399	10	0
chr1	75000000	chr17	58000000	1	10	1	10	0.418051034	NA	10	1	1	10	1	1	1	1	5.32708336	10	0
chr1	82000000	chr17	46000000	2	10	2	10	0.713582337	NA	10	2	2	10	2	2	1	1	4.81843559	10	0
chr1	82000000	chr17	47000000	1	10	1	10	0.804680884	NA	10	1	1	10	1	1	1	1	4.80027207	10	0
chr1	87000000	chr17	24000000	2	10	2	10	0.754475534	NA	10	2	2	10	2	2	1	1	4.32106986	10	0
chr1	90000000	chr17	24000000	3	10	3	10	0.802315176	NA	10	3	3	10	3	3	1	1	2.97282064	10	0
chr1	131000000	chr17	24000000	5	10	5	10	0.964105964	NA	10	5	5	10	5	5	1	1	4.37218548	10	0
chr1	132000000	chr17	24000000	2	10	2	10	0.610921681	NA	10	2	2	10	2	2	1	1	3.99426714	10	0
chr1	134000000	chr17	24000000	4	10	4	10	0.736260772	NA	10	4	4	10	4	4	1	1	4.36031184	10	0
chr1	135000000	chr17	28000000	5	10	5	10	0.723790288	NA	10	5	5	10	5	5	1	1	3.43033092	10	0
chr1	135000000	chr17	27000000	8	10	8	10	0.806904554	NA	10	8	8	10	8	8	1	1	3.67719364	10	0
chr1	34000000	chr2	4000000	1	01	1	01	0.435809076	NA	01	1	1	01	1	1	1	1	3.13156833	01	0
chr1	41000000	chr2	5000000	1	01	1	01	0.416257769	NA	01	1	1	01	1	1	1	1	3.55707112	01	0
chr1	59000000	chr2	25000000	3	01	3	01	0.757143319	NA	01	3	3	01	3	3	1	1	3.86109112	01	0
chr1	60000000	chr2	6000000	5	01	5	01	0.975288689	NA	01	5	5	01	5	5	1	1	4.24819487	01	0
chr1	60000000	chr2	5000000	15	01	15	01	0.999873042	NA	01	15	15	01	15	15	1	1	4.08580495	01	0
chr1	60000000	chr2	7000000	2	01	2	01	0.988184094	NA	01	2	2	01	2	2	1	1	4.62327809	01	0
chr1	61000000	chr2	5000000	8	01	8	01	0.996546209	NA	01	8	8	01	8	8	1	1	3.3949227	01	0
chr1	61000000	chr2	7000000	4	01	4	01	0.999577701	NA	01	4	4	01	4	4	1	1	4.68322144	01	0
chr1	61000000	chr2	6000000	1	01	1	01	0.99486059	NA	01	1	1	01	1	1	1	1	4.09201515	01	0
chr1	62000000	chr2	5000000	3	01	3	01	0.90923202	NA	01	3	3	01	3	3	1	1	3.22907628	01	0
chr1	63000000	chr2	7000000	5	01	5	01	0.999051392	NA	01	5	5	01	5	5	1	1	4.36829959	01	0
chr1	63000000	chr2	6000000	5	01	5	01	0.996961892	NA	01	5	5	01	5	5	1	1	3.79029092	01	0
chr1	155000000	chr2	26000000	1	01	1	01	0.438494146	NA	01	1	1	01	1	1	1	1	4.64247555	01	0
chr1	159000000	chr2	170000000	3	01	3	01	0.896380723	NA	01	3	3	01	3	3	1	1	5.9671376	01	0
chr1	159000000	chr2	169000000	2	01	2	01	0.984434068	NA	01	2	2	01	2	2	1	1	5.99395634	01	0
chr1	160000000	chr2	169000000	1	01	1	01	0.729020417	NA	01	1	1	01	1	1	1	1	5.62580093	01	0
chr1	183000000	chr2	129000000	3	01	3	01	0.966956973	NA	01	3	3	01	3	3	1	1	5.30505564	01	0
chr1	183000000	chr2	181000000	4	01	4	01	0.999964356	NA	01	4	4	01	4	4	1	1	4.35723933	01	0
chr1	184000000	chr2	170000000	1	01	1	01	0.885109901	NA	01	1	1	01	1	1	1	1	5.63234813	01	0
chr1	184000000	chr2	181000000	10	01	10	01	0.999995351	NA	01	10	10	01	10	10	1	1	4.47848345	01	0
chr1	184000000	chr2	169000000	1	01	1	01	0.881591439	NA	01	1	1	01	1	1	1	1	5.53349743	01	0
chr1	185000000	chr2	169000000	21	01	21	01	0.999991775	NA	01	21	21	01	21	21	1	1	5.74450066	01	0
chr1	185000000	chr2	129000000	4	01	4	01	0.999643445	NA	01	4	4	01	4	4	1	1	5.44064084	01	0
chr1	185000000	chr2	170000000	5	01	5	01	0.997217894	NA	01	5	5	01	5	5	1	1	5.77455053	01	0
chr1	186000000	chr2	181000000	2	01	2	01	0.987745941	NA	01	2	2	01	2	2	1	1	4.52172225	01	0
chr1	190000000	chr2	181000000	1	01	1	01	0.998851895	NA	01	1	1	01	1	1	1	1	4.40323809	01	0
chr1	190000000	chr2	121000000	1	01	1	01	0.896326065	NA	01	1	1	01	1	1	1	1	5.10266232	01	0
chr1	191000000	chr2	121000000	20	01	20	01	0.999961257	NA	01	20	20	01	20	20	1	1	5.18837682	01	0
chr1	191000000	chr2	169000000	1	01	1	01	0.990377605	NA	01	1	1	01	1	1	1	1	5.59084101	01	0
chr1	191000000	chr2	181000000	2	01	2	01	0.999705493	NA	01	2	2	01	2	2	1	1	4.51821266	01	0
chr1	191000000	chr2	120000000	2	01	2	01	0.998695314	NA	01	2	2	01	2	2	1	1	5.07712122	01	0
chr1	191000000	chr2	129000000	2	01	2	01	0.995646536	NA	01	2	2	01	2	2	1	1	5.56744024	01	0
chr1	192000000	chr2	121000000	3	01	3	01	0.999736726	NA	01	3	3	01	3	3	1	1	5.1476837	01	0
chr1	192000000	chr2	181000000	14	01	14	01	0.999998927	NA	01	14	14	01	14	14	1	1	4.43787467	01	0
chr1	192000000	chr2	172000000	2	01	2	01	0.999692321	NA	01	2	2	01	2	2	1	1	5.33682342	01	0
chr1	192000000	chr2	173000000	1	01	1	01	0.953813791	NA	01	1	1	01	1	1	1	1	4.67866182	01	0
chr1	62000000	chr4	86000000	4	00	4	11	0.51755178	NA	11	0	0	11	0	4	2	1	1.38596701	11	0
chr1	63000000	chr4	86000000	1	00	1	11	0.58845067	NA	11	0	0	11	0	1	2	1	1.12279263	11	0
chr1	63000000	chr4	122000000	5	00	5	00	0.730769992	NA	00	5	5	00	5	5	1	1	1.17215688	00	0
chr1	63000000	chr4	88000000	1	00	1	11	0.36100474	NA	11	0	0	11	0	1	2	1	0.478079754	11	0
chr1	79000000	chr4	155000000	1	00	1	11	0.25	NA	00	1	1	00	1	1	1	2	0.550290343	00	0
chr1	90000000	chr4	44000000	9	00	9	11	0.403252244	NA	11	0	0	11	0	9	2	1	0.00946629392	11	0
chr1	90000000	chr4	86000000	2	00	2	11	0.355332106	NA	11	0	0	11	0	2	2	1	0.181059628	11	0
chr1	90000000	chr4	43000000	1	11	1	11	0.369765222	NA	11	1	1	11	1	1	1	1	0.530663298	11	0
chr1	91000000	chr4	43000000	1	00	1	11	0.473682106	NA	11	0	0	11	0	1	2	1	0.646753085	11	0
chr1	91000000	chr4	44000000	2	00	2	11	0.396086037	NA	11	0	0	11	0	2	2	1	0.305106691	11	0
chr1	91000000	chr4	117000000	2	00	2	00	0.612357497	NA	00	2	2	00	2	2	1	1	0.968753546	00	0
chr1	93000000	chr4	26000000	3	00	3	00	0.573916078	NA	00	3	3	00	3	3	1	1	1.45702919	00	0
chr1	97000000	chr4	26000000	10	00	10	00	0.997830927	NA	00	10	10	00	10	10	1	1	3.13066212	00	0
chr1	97000000	chr4	27000000	2	00	2	00	0.992694616	NA	00	2	2	00	2	2	1	1	2.8297795	00	0
chr1	97000000	chr4	122000000	3	00	3	00	0.730069578	NA	00	3	3	00	3	3	1	1	3.23462599	00	0
chr1	97000000	chr4	44000000	2	00	2	00	0.643532574	NA	00	2	2	00	2	2	1	1	1.18849884	00	0
chr1	98000000	chr4	26000000	1	00	1	00	0.877522886	NA	00	1	1	00	1	1	1	1	2.74722303	00	0
chr1	98000000	chr4	27000000	3	00	3	00	0.876936436	NA	00	3	3	00	3	3	1	1	2.4323311	00	0
chr1	98000000	chr4	5000000	2	00	2	00	0.493903548	NA	00	2	2	00	2	2	1	1	1.08254347	00	0
chr1	36000000	chr6	86000000	1	10	1	00	0.61869961	NA	00	0	0	00	0	0	3	1	2.05253575	00	1
chr1	36000000	chr6	87000000	2	10	2	00	0.877289474	NA	00	0	0	00	0	0	3	1	2.50954859	00	1
chr1	37000000	chr6	87000000	4	10	4	00	0.896455348	NA	00	0	0	00	0	0	3	1	2.68699727	00	1
chr1	39000000	chr6	28000000	1	10	1	01	0.562866747	NA	01	0	0	01	0	1	4	1	0.435552607	01	1
chr1	40000000	chr6	41000000	2	10	2	00	0.726015091	NA	00	0	0	00	0	0	4	1	2.55559288	00	1
chr1	40000000	chr6	28000000	10	10	10	01	0.718454957	NA	01	0	0	01	0	10	4	1	0.470444246	01	1
chr1	40000000	chr6	27000000	1	10	1	01	0.53551966	NA	01	0	0	01	0	1	4	1	0.209160257	01	1
chr1	40000000	chr6	29000000	2	10	2	00	0.69508636	NA	00	0	0	00	0	0	4	1	1.73320614	00	1
chr1	41000000	chr6	28000000	23	10	23	01	0.957046986	NA	01	0	0	01	0	23	4	1	0.787897653	01	1
chr1	41000000	chr6	27000000	4	10	4	01	0.807560861	NA	01	0	0	01	0	4	4	1	0.530447615	01	1
chr1	42000000	chr6	12000000	2	10	2	00	0.393144459	NA	00	0	0	00	0	0	4	1	1.56578043	00	1
chr1	42000000	chr6	27000000	5	10	5	01	0.600749612	NA	01	0	0	01	0	5	4	1	0.184942896	01	1
chr1	42000000	chr6	28000000	13	10	13	01	0.729648709	NA	01	0	0	01	0	13	4	1	0.407433471	01	1
chr1	42000000	chr6	29000000	2	10	2	00	0.88782835	NA	00	0	0	00	0	0	4	1	1.723172	00	1
chr1	42000000	chr6	26000000	1	10	1	00	0.975959361	NA	00	0	0	00	0	0	4	1	2.18284982	00	1
chr1	43000000	chr6	31000000	2	10	2	00	0.998547137	NA	00	0	0	00	0	0	3	1	3.63186386	00	1
chr1	43000000	chr6	32000000	4	10	4	00	0.999711454	NA	00	0	0	00	0	0	3	1	3.41622084	00	1
chr1	44000000	chr6	28000000	12	10	10	01	0.662652194	NA	01	0	0	01	0	10	4	1	0.302409526	01	1
chr1	44000000	chr6	27000000	1	10	1	01	0.509399235	NA	01	0	0	01	0	1	4	1	0.0140364029	01	1
chr1	45000000	chr6	26000000	1	10	1	00	0.979685605	NA	00	0	0	00	0	0	4	1	2.2674281	00	1
chr1	45000000	chr6	15000000	2	10	2	00	0.417998165	NA	00	0	0	00	0	0	4	1	1.82942178	00	1
chr1	45000000	chr6	28000000	2	10	2	01	0.576623321	NA	01	0	0	01	0	2	4	1	0.486492571	01	1
chr1	45000000	chr6	13000000	1	10	1	00	0.450350076	NA	00	0	0	00	0	0	4	1	1.90897932	00	1
chr1	45000000	chr6	27000000	2	10	2	01	0.538082182	NA	01	0	0	01	0	2	4	1	0.135692737	01	1
chr1	61000000	chr6	28000000	4	10	4	01	0.926070035	NA	01	0	0	01	0	4	4	1	1.00368097	01	1
chr1	61000000	chr6	49000000	1	10	1	00	0.893234015	NA	00	0	0	00	0	0	3	1	2.25535338	00	1
chr1	61000000	chr6	85000000	2	10	2	00	0.886185586	NA	00	0	0	00	0	0	4	1	3.43243822	00	1
chr1	61000000	chr6	29000000	2	10	2	00	0.868896306	NA	00	0	0	00	0	0	4	1	1.34765732	00	1
chr1	61000000	chr6	27000000	2	10	2	01	0.782395542	NA	01	0	0	01	0	2	4	1	0.885582857	01	1
chr1	61000000	chr6	26000000	1	10	1	00	0.830224991	NA	00	0	0	00	0	0	4	1	1.55944444	00	1
chr1	62000000	chr6	27000000	2	10	2	01	0.748370945	NA	01	0	0	01	0	2	4	1	0.697751927	01	1
chr1	62000000	chr6	75000000	1	10	1	00	0.814083099	NA	00	0	0	00	0	0	4	1	3.68602617	00	1
chr1	62000000	chr6	58000000	2	10	2	00	0.749604583	NA	00	0	0	00	0	0	3	1	2.5033145	00	1
chr1	62000000	chr6	60000000	1	10	1	00	0.591620862	NA	00	0	0	00	0	0	4	1	1.72851289	00	1
chr1	62000000	chr6	50000000	1	10	1	00	0.803226471	NA	00	0	0	00	0	0	3	1	2.80936013	00	1
chr1	62000000	chr6	29000000	1	10	1	00	0.824788511	NA	00	0	0	00	0	0	4	1	1.58334093	00	1
chr1	62000000	chr6	28000000	4	10	4	01	0.791446209	NA	01	0	0	01	0	4	4	1	0.763270445	01	1
chr1	62000000	chr6	49000000	1	10	1	00	0.878845453	NA	00	0	0	00	0	0	3	1	2.51264415	00	1
chr1	63000000	chr6	28000000	3	10	3	01	0.746894777	NA	01	0	0	01	0	3	4	1	0.765157794	01	1
chr1	63000000	chr6	85000000	8	10	8	00	0.998031437	NA	00	0	0	00	0	0	4	1	3.65264887	00	1
chr1	63000000	chr6	49000000	5	10	4	00	0.936708629	NA	00	0	1	00	0	0	3	1	2.58597411	00	1
chr1	63000000	chr6	29000000	1	10	1	00	0.864424706	NA	00	0	0	00	0	0	4	1	1.47530869	00	1
chr1	63000000	chr6	50000000	1	10	1	00	0.891099453	NA	00	0	0	00	0	0	3	1	2.93089397	00	1
chr1	63000000	chr6	86000000	5	10	5	00	0.987928987	NA	00	0	0	00	0	0	3	1	3.52358243	00	1
chr1	63000000	chr6	89000000	4	10	4	00	0.958291769	NA	00	0	0	00	0	0	4	1	2.87645672	00	1
chr1	64000000	chr6	86000000	5	10	5	00	0.922450721	NA	00	0	0	00	0	0	3	1	3.67220909	00	1
chr1	64000000	chr6	50000000	4	10	4	00	0.973403692	NA	00	0	0	00	0	0	3	1	3.17533472	00	1
chr1	64000000	chr6	29000000	3	10	3	00	0.970862806	NA	00	0	0	00	0	0	4	1	1.82971437	00	1
chr1	64000000	chr6	87000000	1	10	1	00	0.907143593	NA	00	0	0	00	0	0	3	1	4.22114135	00	1
chr1	64000000	chr6	89000000	5	10	5	00	0.952877104	NA	00	0	0	00	0	0	3	1	3.18329832	00	1
chr1	64000000	chr6	49000000	6	10	6	00	0.965531588	NA	00	0	0	00	0	0	3	1	2.83350397	00	1
chr1	64000000	chr6	34000000	2	10	2	00	0.945660174	NA	00	0	0	00	0	0	3	1	2.59645338	00	1
chr1	64000000	chr6	64000000	3	10	3	00	0.889590502	NA	00	0	0	00	0	0	3	1	2.71153132	00	1
chr1	64000000	chr6	65000000	2	10	2	00	0.876277983	NA	00	0	0	00	0	0	3	1	2.62342962	00	1
chr1	64000000	chr6	85000000	1	10	1	00	0.984034777	NA	00	0	0	00	0	0	3	1	3.90628776	00	1
chr1	64000000	chr6	28000000	4	10	4	01	0.71813947	NA	01	0	0	01	0	4	4	1	0.393969344	01	1
chr1	64000000	chr6	30000000	1	10	1	00	0.915853262	NA	00	0	0	00	0	0	3	1	3.09497243	00	1
chr1	64000000	chr6	33000000	1	10	1	00	0.750314236	NA	00	0	0	00	0	0	3	1	2.34488893	00	1
chr1	64000000	chr6	32000000	1	10	1	00	0.837014198	NA	00	0	0	00	0	0	3	1	3.10782156	00	1
chr1	65000000	chr6	28000000	3	10	3	01	0.716993153	NA	01	0	0	01	0	3	4	1	0.597123681	01	1
chr1	65000000	chr6	29000000	4	10	4	00	0.908234596	NA	00	0	0	00	0	0	4	1	1.59044596	00	1
chr1	65000000	chr6	87000000	3	10	3	00	0.77845329	NA	00	0	0	00	0	0	3	1	3.84097219	00	1
chr1	65000000	chr6	27000000	2	10	2	01	0.500490606	NA	01	0	0	01	0	2	4	1	0.204215552	01	1
chr1	66000000	chr6	27000000	3	10	3	01	0.580165327	NA	01	0	0	01	0	3	4	1	0.291904661	01	1
chr1	72000000	chr6	26000000	1	10	1	00	0.919345319	NA	00	0	0	00	0	0	4	1	1.93114687	00	1
chr1	73000000	chr6	42000000	2	10	2	00	0.811822712	NA	00	0	0	00	0	0	4	1	2.85348818	00	1
chr1	73000000	chr6	15000000	15	10	15	00	0.981831014	NA	00	0	0	00	0	0	4	1	1.74769671	00	1
chr1	73000000	chr6	11000000	1	10	1	00	0.681209326	NA	00	0	0	00	0	0	4	1	1.78595037	00	1
chr1	73000000	chr6	13000000	1	10	1	00	0.629636228	NA	00	0	0	00	0	0	4	1	1.66041841	00	1
chr1	73000000	chr6	26000000	1	10	1	00	0.936344445	NA	00	0	0	00	0	0	4	1	1.91501933	00	1
chr1	73000000	chr6	7000000	1	10	1	00	0.875098288	NA	00	0	0	00	0	0	4	1	3.12942732	00	1
chr1	77000000	chr6	8000000	1	10	1	00	0.758286357	NA	00	0	0	00	0	0	3	1	2.58234949	00	1
chr1	92000000	chr6	28000000	1	10	1	01	0.722853184	NA	01	0	0	01	0	1	4	1	0.962407125	01	1
chr1	93000000	chr6	34000000	1	10	1	00	0.651868641	NA	00	0	0	00	0	0	4	1	2.35908969	00	1
chr1	93000000	chr6	31000000	1	10	1	00	0.963742256	NA	00	0	0	00	0	0	3	1	3.13766486	00	1
chr1	93000000	chr6	79000000	1	10	1	00	0.958564401	NA	00	0	0	00	0	0	3	1	5.34847321	00	1
chr1	94000000	chr6	79000000	3	10	3	00	0.997935057	NA	00	0	0	00	0	0	3	1	5.00655245	00	1
chr1	94000000	chr6	31000000	3	10	3	00	0.76653409	NA	00	0	0	00	0	0	3	1	3.63413613	00	1
chr1	94000000	chr6	80000000	3	10	3	00	0.998688757	NA	00	0	0	00	0	0	2	1	4.79855382	00	1
chr1	96000000	chr6	32000000	4	10	4	00	0.996010423	NA	00	0	0	00	0	0	3	1	3.24919961	00	1
chr1	96000000	chr6	79000000	2	10	2	00	0.991169214	NA	00	0	0	00	0	0	3	1	5.46009488	00	1
chr1	96000000	chr6	35000000	1	10	1	00	0.89148581	NA	00	0	0	00	0	0	4	1	2.63332541	00	1
chr1	96000000	chr6	31000000	7	10	7	00	0.990943611	NA	00	0	0	00	0	0	3	1	3.47524349	00	1
chr1	128000000	chr6	32000000	2	01	1	00	0.800425887	NA	00	0	1	00	0	0	2	1	3.34775017	00	1
chr1	128000000	chr6	80000000	1	10	1	00	0.889056206	NA	00	0	0	00	0	0	2	1	4.6461537	00	1
chr1	136000000	chr6	30000000	1	10	1	00	0.900360286	NA	00	0	0	00	0	0	3	1	2.96126923	00	1
chr1	136000000	chr6	28000000	3	10	3	01	0.540088713	NA	01	0	0	01	0	3	4	1	0.220357379	01	1
chr1	136000000	chr6	87000000	2	10	2	00	0.820132732	NA	00	0	0	00	0	0	3	1	3.3821028	00	1
chr1	136000000	chr6	32000000	1	10	1	00	0.999536395	NA	00	0	0	00	0	0	3	1	3.35766795	00	1
chr1	137000000	chr6	32000000	11	10	11	00	0.99997735	NA	00	0	0	00	0	0	3	1	3.43174639	00	1
chr1	137000000	chr6	33000000	3	10	3	00	0.994565368	NA	00	0	0	00	0	0	3	1	2.57916103	00	1
chr1	137000000	chr6	84000000	1	10	1	00	0.952201128	NA	00	0	0	00	0	0	3	1	3.6138696	00	1
chr1	138000000	chr6	41000000	20	10	20	00	0.999998927	NA	00	0	0	00	0	0	4	1	4.31904021	00	1
chr1	138000000	chr6	5000000	3	10	3	00	0.924549401	NA	00	0	0	00	0	0	3	1	2.74111843	00	1
chr1	139000000	chr6	41000000	4	10	4	00	0.99999249	NA	00	0	0	00	0	0	4	1	4.39345162	00	1
chr1	139000000	chr6	42000000	4	10	4	00	0.99897337	NA	00	0	0	00	0	0	4	1	4.01459348	00	1
chr1	140000000	chr6	42000000	2	10	2	00	0.997145355	NA	00	0	0	00	0	0	4	1	4.07471538	00	1
chr1	141000000	chr6	42000000	1	10	1	00	0.974504173	NA	00	0	0	00	0	0	4	1	4.04719082	00	1
chr1	142000000	chr6	42000000	9	10	9	00	0.999989271	NA	00	0	0	00	0	0	4	1	3.97157775	00	1
chr1	142000000	chr6	41000000	2	10	2	00	0.999483466	NA	00	0	0	00	0	0	4	1	4.365782	00	1
chr1	143000000	chr6	41000000	1	10	1	00	0.998414874	NA	00	0	0	00	0	0	4	1	4.31874629	00	1
chr1	143000000	chr6	42000000	1	10	1	00	0.999470174	NA	00	0	0	00	0	0	4	1	3.94672735	00	1
chr1	151000000	chr6	15000000	2	10	2	00	0.689720035	NA	00	0	0	00	0	0	4	1	2.37262901	00	1
chr1	151000000	chr6	7000000	1	10	1	00	0.705837548	NA	00	0	0	00	0	0	3	1	3.64537559	00	1
chr1	153000000	chr6	8000000	3	10	3	00	0.94669205	NA	00	0	0	00	0	0	3	1	3.08257671	00	1
chr1	179000000	chr6	8000000	3	10	3	00	0.987009108	NA	00	0	0	00	0	0	3	1	3.84338997	00	1
chr1	180000000	chr6	8000000	4	10	4	00	0.990016758	NA	00	0	0	00	0	0	3	1	3.46239214	00	1
chr1	180000000	chr6	7000000	5	10	5	00	0.896651685	NA	00	0	0	00	0	0	4	1	3.38366491	00	1
chr1	181000000	chr6	7000000	1	10	1	00	0.974738479	NA	00	0	0	00	0	0	3	1	3.35547751	00	1
chr1	181000000	chr6	41000000	1	10	1	00	0.925154388	NA	00	0	0	00	0	0	4	1	3.37866149	00	1
chr1	182000000	chr6	41000000	4	10	4	00	0.997059107	NA	00	0	0	00	0	0	4	1	3.74397126	00	1
chr1	182000000	chr6	5000000	1	10	1	00	0.887503564	NA	00	0	0	00	0	0	3	1	2.15328716	00	1
chr1	182000000	chr6	42000000	5	10	4	00	0.997853816	NA	00	0	0	00	0	1	4	1	3.27963969	00	1
chr1	183000000	chr6	7000000	12	10	12	00	0.999649882	NA	00	0	0	00	0	0	3	1	3.78447022	00	1
chr1	183000000	chr6	42000000	14	10	14	00	0.999270976	NA	00	0	0	00	0	0	4	1	3.38022373	00	1
chr1	183000000	chr6	11000000	2	10	2	00	0.922655165	NA	00	0	0	00	0	0	4	1	2.50082999	00	1
chr1	183000000	chr6	41000000	1	10	1	00	0.937784374	NA	00	0	0	00	0	0	4	1	3.88313629	00	1
chr1	183000000	chr6	43000000	3	10	3	00	0.964698017	NA	00	0	0	00	0	0	3	1	3.06639129	00	1
chr1	183000000	chr6	10000000	1	10	1	00	0.87959528	NA	00	0	0	00	0	0	4	1	2.93538347	00	1
chr1	183000000	chr6	6000000	2	10	2	00	0.80463469	NA	00	0	0	00	0	0	3	1	2.76707269	00	1
chr1	183000000	chr6	8000000	1	10	1	00	0.99424392	NA	00	0	0	00	0	0	3	1	3.89674635	00	1
chr1	184000000	chr6	42000000	2	10	2	00	0.863680899	NA	00	0	0	00	0	0	4	1	2.18011581	00	1
chr1	185000000	chr6	8000000	2	10	2	00	0.93914181	NA	00	0	0	00	0	0	3	1	2.88144898	00	1
chr1	55000000	chr8	120000000	2	01	2	01	0.701047242	NA	01	2	2	01	2	2	1	1	2.42204549	01	0
chr1	55000000	chr8	121000000	1	01	1	01	0.541852653	NA	01	1	1	01	1	1	1	1	2.70930529	01	0
chr1	56000000	chr8	120000000	4	01	4	01	0.772295535	NA	01	4	4	01	4	4	1	1	2.39738842	01	0
chr1	57000000	chr8	120000000	5	01	5	01	0.766349971	NA	01	5	5	01	5	5	1	1	2.39630697	01	0
chr1	57000000	chr8	121000000	1	01	1	01	0.541685283	NA	01	1	1	01	1	1	1	1	2.6711968	01	0
chr1	71000000	chr8	120000000	1	00	1	01	0.869998932	NA	01	0	0	01	0	0	2	1	2.43495857	01	0
chr1	74000000	chr8	120000000	5	01	5	01	0.969057024	NA	01	5	5	01	5	5	1	1	1.87473441	01	0
chr1	75000000	chr8	120000000	20	01	19	01	0.999312162	NA	01	19	19	01	19	19	1	1	2.37808042	01	0
chr1	75000000	chr8	121000000	9	01	9	01	0.994745731	NA	01	9	9	01	9	9	1	1	2.58179132	01	0
chr1	76000000	chr8	121000000	3	01	3	01	0.725489438	NA	01	3	3	01	3	3	1	1	2.58863808	01	0
chr1	76000000	chr8	120000000	2	01	2	01	0.710608244	NA	01	2	2	01	2	2	1	1	2.32678547	01	0
chr1	77000000	chr8	120000000	11	01	11	01	0.990118563	NA	01	11	11	01	11	11	1	1	2.40104434	01	0
chr1	77000000	chr8	121000000	4	01	4	01	0.988574386	NA	01	4	4	01	4	4	1	1	2.69462494	01	0
chr1	78000000	chr8	121000000	1	11	1	01	0.756168365	NA	01	0	0	01	0	0	3	1	2.69215819	01	0
chr1	86000000	chr8	120000000	6	01	6	01	0.943702161	NA	01	6	6	01	6	6	1	1	2.45271351	01	0
chr1	86000000	chr8	121000000	1	01	1	01	0.758912146	NA	01	1	1	01	1	1	1	1	2.74571512	01	0
chr1	131000000	chr8	94000000	2	01	2	01	0.428400636	NA	01	2	2	01	2	2	1	1	2.48110352	01	0
chr1	133000000	chr8	24000000	1	01	1	01	0.877831399	NA	01	1	1	01	1	1	1	1	2.57403842	01	0
chr1	133000000	chr8	25000000	11	01	11	01	0.928047776	NA	01	11	11	01	11	11	1	1	2.53536005	01	0
chr1	134000000	chr8	25000000	6	01	6	01	0.79042989	NA	01	6	6	01	6	6	1	1	2.37352344	01	0
chr1	152000000	chr8	121000000	10	01	10	01	0.996999562	NA	01	10	10	01	10	10	1	1	2.54976581	01	0
chr1	152000000	chr8	120000000	4	01	4	01	0.994242251	NA	01	4	4	01	4	4	1	1	2.36298295	01	0
chr1	153000000	chr8	25000000	1	01	1	01	0.994751751	NA	01	1	1	01	1	1	1	1	2.52416603	01	0
chr1	153000000	chr8	122000000	7	01	7	01	0.769887149	NA	01	7	7	01	7	7	1	1	1.62807845	01	0
chr1	153000000	chr8	121000000	3	01	3	01	0.975704074	NA	01	3	3	01	3	3	1	1	2.41643167	01	0
chr1	153000000	chr8	24000000	1	01	1	01	0.98111558	NA	01	1	1	01	1	1	1	1	2.50198785	01	0
chr1	154000000	chr8	121000000	9	01	9	01	0.997912109	NA	01	9	9	01	9	9	1	1	2.22898242	01	0
chr1	154000000	chr8	122000000	7	01	6	01	0.988122046	NA	01	6	6	01	6	6	1	1	1.95224804	01	0
chr1	154000000	chr8	120000000	1	01	1	01	0.882857561	NA	01	1	1	01	1	1	1	1	2.17871979	01	0
chr1	156000000	chr8	48000000	1	10	1	01	0.623451352	NA	01	0	0	01	0	1	4	1	1.60209368	01	0
chr1	156000000	chr8	84000000	4	01	4	01	0.723421931	NA	01	4	4	01	4	4	1	1	2.63543775	01	0
chr1	157000000	chr8	26000000	8	01	8	01	0.998983085	NA	01	8	8	01	8	8	1	1	2.41522814	01	0
chr1	157000000	chr8	85000000	9	01	9	01	0.996154726	NA	01	9	9	01	9	9	1	1	4.81575751	01	0
chr1	157000000	chr8	24000000	12	01	11	01	0.998539686	NA	01	11	11	01	11	11	1	1	2.44689793	01	0
chr1	157000000	chr8	25000000	5	01	5	01	0.981456161	NA	01	5	5	01	5	5	1	1	2.08816386	01	0
chr1	157000000	chr8	23000000	8	01	8	01	0.977891922	NA	01	8	8	01	8	8	1	1	2.55514416	01	0
chr1	157000000	chr8	84000000	2	01	2	01	0.678986251	NA	01	2	2	01	2	2	1	1	4.70481658	01	0
chr1	157000000	chr8	48000000	5	01	5	01	0.741854846	NA	01	5	5	01	5	5	1	1	1.99673651	01	0
chr1	157000000	chr8	49000000	2	00	1	01	0.965898812	NA	01	1	1	01	1	1	2	1	2.72689336	01	0
chr1	157000000	chr8	69000000	2	01	2	01	0.792738616	NA	01	2	2	01	2	2	1	1	1.97557932	01	0
chr1	157000000	chr8	18000000	1	01	1	01	0.900520325	NA	01	1	1	01	1	1	1	1	2.30823686	01	0
chr1	157000000	chr8	72000000	2	01	2	01	0.764379382	NA	01	2	2	01	2	2	1	1	1.82893887	01	0
chr1	157000000	chr8	73000000	1	01	1	01	0.696674287	NA	01	1	1	01	1	1	1	1	1.99447495	01	0
chr1	158000000	chr8	72000000	2	01	2	01	0.814576626	NA	01	2	2	01	2	2	1	1	2.21164921	01	0
chr1	158000000	chr8	94000000	1	01	1	01	0.855304956	NA	01	1	1	01	1	1	1	1	1.94834197	01	0
chr1	158000000	chr8	49000000	4	01	4	01	0.946021914	NA	01	4	4	01	4	4	1	1	3.20671578	01	0
chr1	158000000	chr8	23000000	7	01	7	01	0.999149323	NA	01	7	7	01	7	7	1	1	2.8427748	01	0
chr1	158000000	chr8	18000000	4	01	4	01	0.960541666	NA	01	4	4	01	4	4	1	1	2.84381064	01	0
chr1	158000000	chr8	26000000	11	01	11	01	0.99985528	NA	01	11	11	01	11	11	1	1	2.4841418	01	0
chr1	158000000	chr8	24000000	5	01	5	01	0.999783933	NA	01	5	5	01	5	5	1	1	2.75217563	01	0
chr1	158000000	chr8	85000000	1	01	1	01	0.891777813	NA	01	1	1	01	1	1	1	1	4.54423757	01	0
chr1	158000000	chr8	25000000	1	01	1	01	0.972791612	NA	01	1	1	01	1	1	1	1	2.40518369	01	0
chr1	159000000	chr8	24000000	11	01	11	01	0.999864697	NA	01	11	11	01	11	11	1	1	2.76607941	01	0
chr1	159000000	chr8	25000000	3	01	3	01	0.99199295	NA	01	3	3	01	3	3	1	1	2.65212627	01	0
chr1	159000000	chr8	26000000	2	01	2	01	0.997712493	NA	01	2	2	01	2	2	1	1	2.41334373	01	0
chr1	159000000	chr8	48000000	2	00	1	01	0.632466793	NA	01	1	1	01	1	1	2	1	2.03676493	01	0
chr1	159000000	chr8	23000000	10	01	10	01	0.997801006	NA	01	10	10	01	10	10	1	1	3.22549014	01	0
chr1	159000000	chr8	19000000	1	01	1	01	0.923550069	NA	01	1	1	01	1	1	1	1	3.3780637	01	0
chr1	159000000	chr8	18000000	1	01	1	01	0.900252342	NA	01	1	1	01	1	1	1	1	2.90553257	01	0
chr1	159000000	chr8	49000000	1	01	1	01	0.943981528	NA	01	1	1	01	1	1	1	1	3.03660822	01	0
chr1	163000000	chr8	128000000	2	01	2	01	0.965717196	NA	01	2	2	01	2	2	1	1	1.79289591	01	0
chr1	171000000	chr8	94000000	1	01	1	01	0.804294229	NA	01	1	1	01	1	1	1	1	2.13419232	01	0
chr1	171000000	chr8	128000000	4	01	4	01	0.999767005	NA	01	4	4	01	4	4	1	1	2.02400557	01	0
chr1	171000000	chr8	98000000	2	01	2	01	0.789012134	NA	01	2	2	01	2	2	1	1	1.36368019	01	0
chr1	171000000	chr8	127000000	1	01	1	01	0.942250252	NA	01	1	1	01	1	1	1	1	1.43815228	01	0
chr1	172000000	chr8	127000000	9	01	9	01	0.999757588	NA	01	9	9	01	9	9	1	1	1.5977578	01	0
chr1	172000000	chr8	119000000	1	01	1	01	0.59558332	NA	01	1	1	01	1	1	1	1	0.210217026	01	0
chr1	172000000	chr8	95000000	1	01	1	01	0.774329007	NA	01	1	1	01	1	1	1	1	1.40514676	01	0
chr1	172000000	chr8	93000000	8	01	8	01	0.994484484	NA	01	8	8	01	8	8	1	1	2.40608993	01	0
chr1	172000000	chr8	60000000	7	01	6	01	0.812301934	NA	01	6	6	01	6	6	1	1	2.46598924	01	0
chr1	172000000	chr8	128000000	5	01	5	01	0.999858737	NA	01	5	5	01	5	5	1	1	1.87994917	01	0
chr1	173000000	chr8	93000000	1	01	1	01	0.829437554	NA	01	1	1	01	1	1	1	1	2.50943801	01	0
chr1	173000000	chr8	127000000	5	01	5	01	0.998086572	NA	01	5	5	01	5	5	1	1	1.52386234	01	0
chr1	173000000	chr8	128000000	1	01	1	01	0.998766184	NA	01	1	1	01	1	1	1	1	1.92186292	01	0
chr1	174000000	chr8	128000000	4	01	4	01	0.999091387	NA	01	4	4	01	4	4	1	1	1.80804975	01	0
chr1	174000000	chr8	127000000	2	01	2	01	0.84680444	NA	01	2	2	01	2	2	1	1	1.25002002	01	0
chr1	175000000	chr8	128000000	14	01	14	01	0.999926448	NA	01	14	14	01	14	14	1	1	1.92514154	01	0
chr1	175000000	chr8	61000000	1	01	1	01	0.788540244	NA	01	1	1	01	1	1	1	1	3.28132783	01	0
chr1	176000000	chr8	93000000	1	01	1	01	0.89303118	NA	01	1	1	01	1	1	1	1	3.16637375	01	0
chr1	180000000	chr8	121000000	2	01	2	01	0.975891232	NA	01	2	2	01	2	2	1	1	2.2493128	01	0
chr1	181000000	chr8	121000000	3	01	3	01	0.974163532	NA	01	3	3	01	3	3	1	1	2.4042114	01	0
chr1	182000000	chr8	11000000	1	01	1	01	0.918287814	NA	01	1	1	01	1	1	1	1	4.71326582	01	0
chr1	183000000	chr8	11000000	1	01	1	01	0.99922359	NA	01	1	1	01	1	1	1	1	4.80075075	01	0
chr1	184000000	chr8	51000000	2	01	2	01	0.920455873	NA	01	2	2	01	2	2	1	1	3.7949171	01	0
chr1	184000000	chr8	61000000	1	01	1	01	0.702569425	NA	01	1	1	01	1	1	1	1	2.82886123	01	0
chr1	184000000	chr8	57000000	1	00	1	01	0.978494883	NA	01	0	0	01	0	0	2	1	4.05388222	01	0
chr1	185000000	chr8	11000000	5	01	5	01	0.998924911	NA	01	5	5	01	5	5	1	1	4.45325152	01	0
chr1	186000000	chr8	10000000	2	01	2	01	0.923356891	NA	01	2	2	01	2	2	1	1	5.04212698	01	0
chr1	186000000	chr8	12000000	3	01	2	01	0.957668245	NA	01	2	2	01	2	2	1	1	4.34201628	01	0
chr1	186000000	chr8	11000000	6	01	6	01	0.999447882	NA	01	6	6	01	6	6	1	1	4.76767786	01	0
chr1	186000000	chr8	61000000	2	01	2	01	0.866575599	NA	01	2	2	01	2	2	1	1	3.16714041	01	0
chr1	187000000	chr8	61000000	4	01	3	01	0.981866181	NA	01	3	3	01	3	3	1	1	3.58718347	01	0
chr1	187000000	chr8	11000000	8	01	8	01	0.999807179	NA	01	8	8	01	8	8	1	1	5.02103179	01	0
chr1	187000000	chr8	12000000	4	01	4	01	0.999885559	NA	01	4	4	01	4	4	1	1	4.91705473	01	0
chr1	187000000	chr8	93000000	4	01	4	01	0.992167532	NA	01	4	4	01	4	4	1	1	3.35342828	01	0
chr1	187000000	chr8	10000000	3	01	3	01	0.999444783	NA	01	3	3	01	3	3	1	1	5.32503125	01	0
chr1	187000000	chr8	94000000	2	01	2	01	0.932870448	NA	01	2	2	01	2	2	1	1	2.95003907	01	0
chr1	188000000	chr8	12000000	2	01	2	01	0.974266946	NA	01	2	2	01	2	2	1	1	4.93362862	01	0
chr1	192000000	chr8	51000000	12	01	12	01	0.990674436	NA	01	12	12	01	12	12	1	1	3.18156536	01	0
chr1	193000000	chr8	51000000	1	01	1	01	0.768028021	NA	01	1	1	01	1	1	1	1	3.43602541	01	0
chr1	10000000	chr9	48000000	9	01	9	10	0.82562381	NA	10	0	0	10	0	9	4	1	2.59116423	10	1
chr1	49000000	chr9	118000000	1	11	1	10	0.957678318	NA	10	0	1	10	0	0	3	1	4.43693279	10	1
chr1	93000000	chr9	119000000	2	11	2	10	0.996062934	NA	10	0	2	10	0	0	3	1	4.63505904	10	1
chr1	93000000	chr9	113000000	1	11	1	10	0.967671871	NA	10	0	1	10	0	0	4	1	5.04182084	10	1
chr1	94000000	chr9	97000000	1	11	1	10	0.723721743	NA	10	0	1	10	0	0	3	1	5.03874756	10	1
chr1	94000000	chr9	113000000	10	11	10	10	0.999994516	NA	10	0	10	10	0	0	3	1	5.59083595	10	1
chr1	94000000	chr9	112000000	8	11	8	10	0.999978781	NA	10	0	8	10	0	0	3	1	5.80410398	10	1
chr1	94000000	chr9	114000000	4	11	4	10	0.999642849	NA	10	0	4	10	0	0	3	1	5.81828017	10	1
chr1	94000000	chr9	104000000	1	11	1	10	0.782271743	NA	10	0	1	10	0	0	3	1	4.27327952	10	1
chr1	94000000	chr9	117000000	9	11	9	10	0.999991894	NA	10	0	9	10	0	0	3	1	5.21313953	10	1
chr1	94000000	chr9	122000000	2	11	2	10	0.999328375	NA	10	0	2	10	0	0	3	1	5.51628188	10	1
chr1	94000000	chr9	118000000	11	11	11	10	0.999502182	NA	10	0	11	10	0	0	3	1	5.24651844	10	1
chr1	94000000	chr9	88000000	2	11	2	10	0.917953432	NA	10	0	2	10	0	0	3	1	3.85990053	10	1
chr1	95000000	chr9	117000000	5	11	5	10	0.999984503	NA	10	0	5	10	0	0	3	1	4.90357252	10	1
chr1	95000000	chr9	89000000	2	11	2	10	0.969099641	NA	10	0	2	10	0	0	3	1	4.69548885	10	1
chr1	95000000	chr9	88000000	1	11	1	10	0.954773426	NA	10	0	1	10	0	0	3	1	3.57949145	10	1
chr1	95000000	chr9	118000000	5	11	5	10	0.99989903	NA	10	0	5	10	0	0	3	1	5.01210512	10	1
chr1	95000000	chr9	114000000	2	00	1	10	0.939599931	NA	10	0	1	10	0	0	2	1	5.48984182	10	1
chr1	128000000	chr9	118000000	8	11	8	10	0.999999404	NA	10	0	8	10	0	0	3	1	5.97079291	10	1
chr1	128000000	chr9	79000000	1	11	1	10	0.686490238	NA	10	0	1	10	0	0	2	1	5.53003309	10	1
chr1	128000000	chr9	121000000	2	11	2	10	0.992717862	NA	10	0	2	10	0	0	3	1	5.39106444	10	1
chr1	128000000	chr9	114000000	1	11	1	10	0.966266632	NA	10	0	1	10	0	0	2	1	6.38394843	10	1
chr1	129000000	chr9	118000000	2	11	2	10	0.991799474	NA	10	0	2	10	0	0	3	1	6.37127531	10	1
chr1	129000000	chr9	105000000	1	11	1	10	0.921771467	NA	10	0	1	10	0	0	3	1	5.57418486	10	1
chr1	130000000	chr9	118000000	10	11	9	10	1	NA	10	1	9	10	1	1	2	1	6.55400818	10	1
chr1	130000000	chr9	117000000	1	11	1	10	0.999707162	NA	10	0	1	10	0	0	2	1	6.61910942	10	1
chr1	130000000	chr9	116000000	2	11	2	10	0.999982834	NA	10	0	2	10	0	0	2	1	6.58077003	10	1
chr1	130000000	chr9	79000000	1	11	1	10	0.724658787	NA	10	0	1	10	0	0	2	1	5.56228012	10	1
chr1	130000000	chr9	122000000	1	11	1	10	0.998794794	NA	10	0	1	10	0	0	2	1	6.42068869	10	1
chr1	131000000	chr9	119000000	1	11	1	10	0.99971205	NA	10	0	1	10	0	0	2	1	6.00984673	10	1
chr1	132000000	chr9	119000000	6	11	6	10	1	NA	10	0	6	10	0	0	2	1	6.10660732	10	1
chr1	132000000	chr9	78000000	7	11	7	10	0.978286684	NA	10	0	7	10	0	0	2	1	5.14301776	10	1
chr1	132000000	chr9	106000000	4	11	4	10	0.999358356	NA	10	0	4	10	0	0	3	1	6.11766791	10	1
chr1	132000000	chr9	105000000	1	11	1	10	0.953930795	NA	10	0	1	10	0	0	3	1	5.58128753	10	1
chr1	132000000	chr9	118000000	5	11	4	10	0.999912739	NA	10	0	4	10	0	1	3	1	6.35704565	10	1
chr1	132000000	chr9	104000000	2	11	2	10	0.880208611	NA	10	0	2	10	0	0	3	1	6.0576413	10	1
chr1	7000000	chrX	138000000	6	11	6	11	0.999827743	NA	11	6	6	11	6	6	1	1	4.57142222	11	0
chr1	9000000	chrX	138000000	5	11	5	11	0.999736488	NA	11	5	5	11	5	5	1	1	4.54503888	11	0
chr1	9000000	chrX	137000000	2	11	2	11	0.915398657	NA	11	2	2	11	2	2	1	1	3.31860198	11	0
chr1	10000000	chrX	20000000	1	01	1	11	0.517759681	NA	11	0	0	11	0	0	2	1	1.67596416	11	0
chr1	11000000	chrX	20000000	2	01	2	11	0.476784319	NA	11	0	0	11	0	0	2	1	0.878905534	11	0
chr1	11000000	chrX	12000000	2	01	2	01	0.847667813	NA	01	2	2	01	2	2	1	1	2.0672044	01	0
chr1	11000000	chrX	13000000	2	01	2	01	0.421775728	NA	01	2	2	11	0	2	2	2	0.270832809	11	0
chr1	14000000	chrX	71000000	5	11	4	11	0.951734841	NA	11	4	4	11	4	4	1	1	3.60008817	11	0
chr1	14000000	chrX	73000000	3	11	3	11	0.89448756	NA	11	3	3	11	3	3	1	1	3.84367994	11	0
chr1	14000000	chrX	142000000	2	01	1	11	0.989839792	NA	11	1	1	11	1	1	2	1	5.5128743	11	0
chr1	14000000	chrX	72000000	3	11	3	11	0.832099259	NA	11	3	3	11	3	3	1	1	3.81625838	11	0
chr1	14000000	chrX	143000000	2	11	2	11	0.999661088	NA	11	2	2	11	2	2	1	1	5.5160076	11	0
chr1	15000000	chrX	143000000	2	11	2	11	0.995667934	NA	11	2	2	11	2	2	1	1	5.35132687	11	0
chr1	15000000	chrX	72000000	2	11	2	11	0.974601984	NA	11	2	2	11	2	2	1	1	4.49169332	11	0
chr1	15000000	chrX	71000000	1	11	1	11	0.933947086	NA	11	1	1	11	1	1	1	1	4.28252965	11	0
chr1	15000000	chrX	102000000	7	11	7	11	0.881969512	NA	11	7	7	11	7	7	1	1	2.96233876	11	0
chr1	15000000	chrX	105000000	2	11	2	11	0.97767204	NA	11	2	2	11	2	2	1	1	4.08229859	11	0
chr1	15000000	chrX	73000000	2	01	1	11	0.979895592	NA	11	1	1	11	1	1	2	1	4.32166357	11	0
chr1	15000000	chrX	142000000	2	11	2	11	0.987940431	NA	11	2	2	11	2	2	1	1	5.36683092	11	0
chr1	15000000	chrX	106000000	5	11	5	11	0.980864108	NA	11	5	5	11	5	5	1	1	3.50985229	11	0
chr1	15000000	chrX	52000000	1	11	1	11	0.532755554	NA	11	1	1	11	1	1	1	1	4.0651172	11	0
chr1	15000000	chrX	97000000	1	11	1	11	0.672085762	NA	11	1	1	11	1	1	1	1	3.0713339	11	0
chr1	16000000	chrX	74000000	1	11	1	11	0.799512088	NA	11	1	1	11	1	1	1	1	3.45996733	11	0
chr1	16000000	chrX	73000000	1	11	1	11	0.907108366	NA	11	1	1	11	1	1	1	1	3.66718141	11	0
chr1	17000000	chrX	144000000	1	11	1	11	0.905019045	NA	11	1	1	11	1	1	1	1	3.7877644	11	0
chr1	17000000	chrX	142000000	3	11	3	11	0.999992847	NA	11	3	3	11	3	3	1	1	4.68977453	11	0
chr1	17000000	chrX	143000000	4	11	3	11	0.99999249	NA	11	3	3	11	3	4	1	1	4.70860125	11	0
chr1	17000000	chrX	140000000	2	11	2	11	0.984267294	NA	11	2	2	11	2	2	1	1	4.33762735	11	0
chr1	17000000	chrX	141000000	3	11	3	11	0.999963164	NA	11	3	3	11	3	3	1	1	4.68054077	11	0
chr1	18000000	chrX	142000000	2	11	2	11	0.999765337	NA	11	2	2	11	2	2	1	1	5.08652562	11	0
chr1	18000000	chrX	141000000	1	01	1	11	0.999468148	NA	11	0	0	11	0	0	2	1	5.41136875	11	0
chr1	20000000	chrX	142000000	1	01	1	11	0.983370066	NA	11	0	0	11	0	0	2	1	5.23003266	11	0
chr1	20000000	chrX	140000000	4	11	4	11	0.999973178	NA	11	4	4	11	4	4	1	1	4.91622267	11	0
chr1	20000000	chrX	139000000	1	11	1	11	0.996537328	NA	11	1	1	11	1	1	1	1	4.85929904	11	0
chr1	20000000	chrX	144000000	1	11	1	11	0.93010217	NA	11	1	1	11	1	1	1	1	4.61043857	11	0
chr1	20000000	chrX	143000000	1	11	1	11	0.947008073	NA	11	1	1	11	1	1	1	1	5.26117057	11	0
chr1	20000000	chrX	141000000	1	11	1	11	0.99965322	NA	11	1	1	11	1	1	1	1	5.5058965	11	0
chr1	21000000	chrX	140000000	3	11	3	11	0.999928594	NA	11	3	3	11	3	3	1	1	5.05684172	11	0
chr1	21000000	chrX	143000000	1	11	1	11	0.97996074	NA	11	1	1	11	1	1	1	1	5.33365066	11	0
chr1	21000000	chrX	139000000	8	11	8	11	0.999998808	NA	11	8	8	11	8	8	1	1	5.33684459	11	0
chr1	21000000	chrX	64000000	3	11	3	11	0.981913745	NA	11	3	3	11	3	3	1	1	4.71175815	11	0
chr1	21000000	chrX	65000000	1	11	1	11	0.767576456	NA	11	1	1	11	1	1	1	1	4.6038709	11	0
chr1	21000000	chrX	138000000	1	11	1	11	0.999290347	NA	11	1	1	11	1	1	1	1	4.8224109	11	0
chr1	22000000	chrX	138000000	2	11	2	11	0.892822385	NA	11	2	2	11	2	2	1	1	4.54412591	11	0
chr1	48000000	chrX	68000000	1	11	1	11	0.979034126	NA	11	1	1	11	1	1	1	1	4.73593705	11	0
chr1	51000000	chrX	7000000	1	11	1	11	0.413887411	NA	11	1	1	11	1	1	1	1	3.10822553	11	0
chr1	54000000	chrX	67000000	2	11	2	11	0.924535871	NA	11	2	2	11	2	2	1	1	4.09626358	11	0
chr1	55000000	chrX	68000000	2	11	2	11	0.912885308	NA	11	2	2	11	2	2	1	1	4.72078055	11	0
chr1	56000000	chrX	68000000	2	11	2	11	0.917697728	NA	11	2	2	11	2	2	1	1	4.92911536	11	0
chr1	57000000	chrX	142000000	1	11	1	11	0.572784066	NA	11	1	1	11	1	1	1	1	5.74882817	11	0
chr1	57000000	chrX	143000000	1	11	1	11	0.755778313	NA	11	1	1	11	1	1	1	1	5.81829945	11	0
chr1	58000000	chrX	68000000	1	10	1	11	0.870515168	NA	11	0	0	11	0	0	2	1	4.38767783	11	0
chr1	87000000	chrX	7000000	1	11	1	11	0.705358505	NA	11	1	1	11	1	1	1	1	3.15734819	11	0
chr1	88000000	chrX	6000000	1	11	1	11	0.759283781	NA	11	1	1	11	1	1	1	1	3.83397458	11	0
chr1	88000000	chrX	7000000	2	11	2	11	0.618243754	NA	11	2	2	11	2	2	1	1	3.0516103	11	0
chr1	88000000	chrX	15000000	1	11	1	11	0.524579287	NA	11	1	1	11	1	1	1	1	2.28170221	11	0
chr1	89000000	chrX	75000000	3	11	3	11	0.926352978	NA	11	3	3	11	3	3	1	1	4.37464975	11	0
chr1	89000000	chrX	7000000	1	11	1	11	0.696368217	NA	11	1	1	11	1	1	1	1	3.24332632	11	0
chr1	89000000	chrX	6000000	1	11	1	11	0.664181173	NA	11	1	1	11	1	1	1	1	3.64275314	11	0
chr1	89000000	chrX	73000000	1	11	1	11	0.55406934	NA	11	1	1	11	1	1	1	1	3.09915265	11	0
chr1	93000000	chrX	52000000	1	00	1	11	0.316962123	NA	11	0	0	11	0	1	4	1	0.768305032	11	0
chr1	106000000	chrX	71000000	1	00	1	11	0.804053009	NA	11	0	0	11	0	1	4	1	2.26142142	11	0
chr1	106000000	chrX	68000000	3	11	3	11	0.999132931	NA	11	3	3	11	3	3	1	1	3.71657234	11	0
chr1	107000000	chrX	68000000	11	11	11	11	0.999999881	NA	11	11	11	11	11	11	1	1	5.2310877	11	0
chr1	107000000	chrX	67000000	2	11	2	11	0.997491956	NA	11	2	2	11	2	2	1	1	4.45981414	11	0
chr1	107000000	chrX	70000000	3	11	2	11	0.998092592	NA	11	2	2	11	2	2	1	1	4.10778774	11	0
chr1	107000000	chrX	75000000	2	01	1	11	0.999388933	NA	11	1	1	11	1	1	2	1	5.05112977	11	0
chr1	110000000	chrX	70000000	1	11	1	11	0.99904412	NA	11	1	1	11	1	1	1	1	3.95201068	11	0
chr1	110000000	chrX	74000000	2	11	2	11	0.999993205	NA	11	2	2	11	2	2	1	1	5.15490404	11	0
chr1	110000000	chrX	71000000	6	11	6	11	0.999007046	NA	11	6	6	11	6	6	1	1	3.46320548	11	0
chr1	110000000	chrX	75000000	4	11	4	11	0.999999762	NA	11	4	4	11	4	4	1	1	5.35980931	11	0
chr1	110000000	chrX	130000000	1	11	1	11	0.471996814	NA	11	1	1	11	1	1	1	1	3.64369111	11	0
chr1	111000000	chrX	68000000	1	11	1	11	0.99962616	NA	11	1	1	11	1	1	1	1	5.07754607	11	0
chr1	111000000	chrX	71000000	2	11	2	11	0.999722898	NA	11	2	2	11	2	2	1	1	3.4818997	11	0
chr1	111000000	chrX	74000000	1	11	1	11	0.998762488	NA	11	1	1	11	1	1	1	1	5.12502238	11	0
chr1	111000000	chrX	7000000	1	00	1	11	0.439594686	NA	11	0	0	11	0	1	4	1	4.18464756	11	0
chr1	111000000	chrX	70000000	1	11	1	11	0.998585224	NA	11	1	1	11	1	1	1	1	3.96861277	11	0
chr1	115000000	chrX	67000000	4	11	4	11	0.999934554	NA	11	4	4	11	4	4	1	1	5.46086549	11	0
chr1	116000000	chrX	67000000	3	11	2	11	0.999406457	NA	11	2	2	11	2	3	1	1	5.02528383	11	0
chr1	116000000	chrX	68000000	4	11	4	11	0.999869823	NA	11	4	4	11	4	4	1	1	5.45241113	11	0
chr1	132000000	chrX	7000000	7	11	7	11	0.862919509	NA	11	7	7	11	7	7	1	1	3.31730344	11	0
chr1	132000000	chrX	15000000	2	11	2	11	0.721781433	NA	11	2	2	11	2	2	1	1	2.93676018	11	0
chr1	133000000	chrX	73000000	8	11	8	11	0.862578988	NA	11	8	8	11	8	8	1	1	3.02838852	11	0
chr1	134000000	chrX	73000000	3	11	3	11	0.690446734	NA	11	3	3	11	3	3	1	1	2.93635729	11	0
chr1	134000000	chrX	74000000	2	11	2	11	0.777284861	NA	11	2	2	11	2	2	1	1	3.80715348	11	0
chr1	145000000	chrX	60000000	3	00	3	11	0.975134611	NA	11	0	0	11	0	3	4	1	5.24518957	11	0
chr1	145000000	chrX	61000000	1	00	1	11	0.714534342	NA	11	0	0	11	0	1	4	1	4.79556593	11	0
chr1	146000000	chrX	61000000	2	00	2	11	0.866628706	NA	11	0	0	11	0	2	4	1	4.28868916	11	0
chr1	149000000	chrX	60000000	3	00	3	11	0.936145484	NA	11	0	0	11	0	3	4	1	4.97067877	11	0
chr1	167000000	chrX	60000000	6	00	6	11	0.924434185	NA	11	0	0	11	0	6	4	1	5.27613216	11	0
chr1	176000000	chrX	60000000	3	00	3	11	0.99112004	NA	11	0	0	11	0	3	4	1	6.04934698	11	0
chr1	179000000	chrX	7000000	1	00	1	11	0.415930927	NA	11	0	0	11	0	1	4	1	3.96647165	11	0
chr1	188000000	chrX	60000000	2	00	2	11	0.999991655	NA	11	0	0	11	0	2	4	1	5.68571479	11	0
chr1	189000000	chrX	60000000	5	00	5	11	0.999907374	NA	11	0	0	11	0	5	4	1	5.83668435	11	0
chr1	190000000	chrX	6000000	2	00	2	11	0.89999485	NA	11	0	0	11	0	2	4	1	5.53196227	11	0
chr1	192000000	chrX	6000000	3	00	3	11	0.975484848	NA	11	0	0	11	0	3	4	1	5.45179799	11	0
chr1	192000000	chrX	67000000	3	11	3	11	0.999937296	NA	11	3	3	11	3	3	1	1	5.59946626	11	0
chr1	192000000	chrX	59000000	7	00	7	11	0.999986053	NA	11	0	0	11	0	7	4	1	5.57303318	11	0
chr1	192000000	chrX	58000000	1	00	1	11	0.998662949	NA	11	0	0	11	0	1	4	1	4.91134853	11	0
chr1	193000000	chrX	59000000	4	00	4	11	0.999995828	NA	11	0	0	11	0	4	4	1	5.79329225	11	0
chr1	193000000	chrX	6000000	7	00	7	11	0.999009728	NA	11	0	0	11	0	7	4	1	5.60611896	11	0
chr1	193000000	chrX	39000000	1	00	1	11	0.840702713	NA	11	0	0	11	0	1	4	1	2.96456063	11	0
chr1	193000000	chrX	61000000	5	00	5	11	0.999893427	NA	11	0	0	11	0	5	4	1	5.79790916	11	0
chr1	193000000	chrX	60000000	16	00	16	11	0.999999285	NA	11	0	0	11	0	16	4	1	6.2197657	11	0
chr1	193000000	chrX	105000000	1	00	1	11	0.25	NA	00	1	1	11	0	1	4	1	5.04764849	11	0
chr1	194000000	chrX	60000000	3	00	3	11	1	NA	11	0	0	11	0	3	4	1	6.22628429	11	0
chr1	194000000	chrX	61000000	2	00	2	11	0.999715388	NA	11	0	0	11	0	2	4	1	5.82460311	11	0
chr1	194000000	chrX	59000000	1	00	1	11	0.999991894	NA	11	0	0	11	0	1	4	1	6.08301513	11	0
chr10	4000000	chr12	89000000	1	11	1	11	0.340269923	NA	11	1	1	11	1	1	1	1	1.90547759	11	0
chr10	39000000	chr12	105000000	5	11	5	11	0.88710326	NA	11	5	5	11	5	5	1	1	2.3799705	11	0
chr10	39000000	chr12	117000000	1	11	1	11	0.861825764	NA	11	1	1	11	1	1	1	1	3.63322025	11	0
chr10	39000000	chr12	116000000	3	11	3	11	0.9680112	NA	11	3	3	11	3	3	1	1	3.7933318	11	0
chr10	39000000	chr12	108000000	1	11	1	11	0.837085783	NA	11	1	1	11	1	1	1	1	3.86850702	11	0
chr10	39000000	chr12	107000000	2	11	2	11	0.985515714	NA	11	2	2	11	2	2	1	1	3.59351962	11	0
chr10	40000000	chr12	67000000	2	11	2	11	0.625072062	NA	11	2	2	11	2	2	1	1	2.63061103	11	0
chr10	40000000	chr12	105000000	6	11	5	11	0.849417984	NA	11	5	5	11	5	6	1	1	1.97563304	11	0
chr10	40000000	chr12	107000000	3	11	3	11	0.970803916	NA	11	3	3	11	3	3	1	1	3.47896832	11	0
chr10	40000000	chr12	108000000	1	11	1	11	0.89214021	NA	11	1	1	11	1	1	1	1	4.19367511	11	0
chr10	40000000	chr12	117000000	1	11	1	11	0.629819095	NA	11	1	1	11	1	1	1	1	3.76754867	11	0
chr10	40000000	chr12	91000000	2	11	2	11	0.942963064	NA	11	2	2	11	2	2	1	1	3.52020804	11	0
chr10	40000000	chr12	51000000	6	11	6	11	0.956360281	NA	11	6	6	11	6	6	1	1	2.10059397	11	0
chr10	40000000	chr12	90000000	3	11	3	11	0.999856234	NA	11	3	3	11	3	3	1	1	3.98056187	11	0
chr10	40000000	chr12	89000000	6	11	6	11	0.999783456	NA	11	6	6	11	6	6	1	1	3.89271288	11	0
chr10	40000000	chr12	116000000	2	11	2	11	0.803615987	NA	11	2	2	11	2	2	1	1	3.77870258	11	0
chr10	41000000	chr12	107000000	2	11	2	11	0.949909091	NA	11	2	2	11	2	2	1	1	4.01549059	11	0
chr10	41000000	chr12	90000000	2	11	2	11	0.997208059	NA	11	2	2	11	2	2	1	1	4.52459649	11	0
chr10	41000000	chr12	89000000	9	11	9	11	0.999850035	NA	11	9	9	11	9	9	1	1	4.16075084	11	0
chr10	41000000	chr12	51000000	3	11	3	11	0.948345184	NA	11	3	3	11	3	3	1	1	2.15592131	11	0
chr10	41000000	chr12	31000000	2	11	2	11	0.865411639	NA	11	2	2	11	2	2	1	1	2.3226249	11	0
chr10	41000000	chr12	66000000	1	11	1	11	0.424201608	NA	11	1	1	11	1	1	1	1	1.73555074	11	0
chr10	41000000	chr12	32000000	2	11	2	11	0.701070487	NA	11	2	2	11	2	2	1	1	1.88067589	11	0
chr10	41000000	chr12	52000000	3	11	3	11	0.917209089	NA	11	3	3	11	3	3	1	1	3.03143801	11	0
chr10	42000000	chr12	52000000	2	11	2	11	0.937522054	NA	11	2	2	11	2	2	1	1	3.0584617	11	0
chr10	42000000	chr12	90000000	6	11	6	11	0.991481543	NA	11	6	6	11	6	6	1	1	4.30784576	11	0
chr10	42000000	chr12	51000000	4	11	4	11	0.872678399	NA	11	4	4	11	4	4	1	1	2.10286297	11	0
chr10	42000000	chr12	89000000	8	11	8	11	0.999992132	NA	11	8	8	11	8	8	1	1	4.49262163	11	0
chr10	42000000	chr12	33000000	4	11	4	11	0.975042641	NA	11	4	4	11	4	4	1	1	2.34892141	11	0
chr10	42000000	chr12	32000000	3	11	3	11	0.834989965	NA	11	3	3	11	3	3	1	1	2.33785196	11	0
chr10	42000000	chr12	54000000	4	11	4	11	0.995378137	NA	11	4	4	11	4	4	1	1	3.8475002	11	0
chr10	42000000	chr12	53000000	1	11	1	11	0.889122427	NA	11	1	1	11	1	1	1	1	3.72027086	11	0
chr10	42000000	chr12	77000000	4	11	4	11	0.917888105	NA	11	4	4	11	4	4	1	1	2.86392456	11	0
chr10	43000000	chr12	89000000	3	11	3	11	0.999528885	NA	11	3	3	11	3	3	1	1	3.98240466	11	0
chr10	43000000	chr12	90000000	1	11	1	11	0.937059879	NA	11	1	1	11	1	1	1	1	3.7647029	11	0
chr10	43000000	chr12	77000000	4	11	4	11	0.930496156	NA	11	4	4	11	4	4	1	1	3.22852253	11	0
chr10	43000000	chr12	32000000	1	11	1	11	0.740595698	NA	11	1	1	11	1	1	1	1	2.48870276	11	0
chr10	43000000	chr12	51000000	2	11	2	11	0.629690468	NA	11	2	2	11	2	2	1	1	2.29430567	11	0
chr10	57000000	chr12	76000000	3	11	3	11	0.616131008	NA	11	3	3	11	3	3	1	1	2.86107347	11	0
chr10	57000000	chr12	91000000	1	11	1	11	0.786958456	NA	11	1	1	11	1	1	1	1	2.38374077	11	0
chr10	57000000	chr12	90000000	2	11	2	11	0.762161076	NA	11	2	2	11	2	2	1	1	2.60074262	11	0
chr10	62000000	chr12	84000000	9	11	9	11	0.958017468	NA	11	9	9	11	9	9	1	1	3.52281125	11	0
chr10	62000000	chr12	85000000	1	11	1	11	0.659384429	NA	11	1	1	11	1	1	1	1	2.54313976	11	0
chr10	63000000	chr12	116000000	3	11	3	11	0.667662024	NA	11	3	3	11	3	3	1	1	3.15300026	11	0
chr10	64000000	chr12	77000000	2	11	2	11	0.658430457	NA	11	2	2	11	2	2	1	1	2.10512951	11	0
chr10	64000000	chr12	76000000	1	11	1	11	0.564828455	NA	11	1	1	11	1	1	1	1	2.77654013	11	0
chr10	80000000	chr12	84000000	5	11	5	11	0.931481659	NA	11	5	5	11	5	5	1	1	3.62512374	11	0
chr10	81000000	chr12	84000000	2	11	2	11	0.99025017	NA	11	2	2	11	2	2	1	1	3.49323637	11	0
chr10	82000000	chr12	85000000	3	11	3	11	0.991044998	NA	11	3	3	11	3	3	1	1	2.70873291	11	0
chr10	82000000	chr12	55000000	1	11	1	01	0.25	NA	00	0	0	11	1	1	1	3	2.34260331	11	0
chr10	82000000	chr12	87000000	1	11	1	11	0.725631773	NA	11	1	1	11	1	1	1	1	3.72264727	11	0
chr10	82000000	chr12	76000000	2	11	2	11	0.907388628	NA	11	2	2	11	2	2	1	1	2.42920938	11	0
chr10	83000000	chr12	108000000	2	11	2	11	0.715018868	NA	11	2	2	11	2	2	1	1	3.70098773	11	0
chr10	83000000	chr12	76000000	6	11	6	11	0.937013328	NA	11	6	6	11	6	6	1	1	2.58128895	11	0
chr10	83000000	chr12	24000000	2	11	2	11	0.462244868	NA	11	2	2	11	2	2	1	1	2.14887622	11	0
chr10	83000000	chr12	86000000	2	11	2	11	0.687735736	NA	11	2	2	11	2	2	1	1	2.45120414	11	0
chr10	83000000	chr12	80000000	1	11	1	11	0.930869102	NA	11	1	1	11	1	1	1	1	2.92452909	11	0
chr10	84000000	chr12	109000000	5	11	5	11	0.994507968	NA	11	5	5	11	5	5	1	1	4.16866351	11	0
chr10	84000000	chr12	108000000	2	11	2	11	0.734560728	NA	11	2	2	11	2	2	1	1	3.64386405	11	0
chr10	84000000	chr12	87000000	2	11	2	11	0.993353248	NA	11	2	2	11	2	2	1	1	3.7589379	11	0
chr10	85000000	chr12	109000000	1	11	1	11	0.976128936	NA	11	1	1	11	1	1	1	1	4.18943931	11	0
chr10	85000000	chr12	87000000	3	11	3	11	0.991939366	NA	11	3	3	11	3	3	1	1	3.80199301	11	0
chr10	85000000	chr12	108000000	1	11	1	11	0.952863812	NA	11	1	1	11	1	1	1	1	3.69609475	11	0
chr10	94000000	chr12	93000000	3	11	3	11	0.980260193	NA	11	3	3	11	3	3	1	1	4.24573922	11	0
chr10	94000000	chr12	83000000	15	11	15	11	0.999328971	NA	11	15	15	11	15	15	1	1	3.60008876	11	0
chr10	94000000	chr12	95000000	2	11	2	11	0.976477087	NA	11	2	2	11	2	2	1	1	4.01335189	11	0
chr10	94000000	chr12	117000000	10	11	10	11	0.994636953	NA	11	10	10	11	10	10	1	1	3.74381911	11	0
chr10	94000000	chr12	92000000	6	11	6	11	0.999938488	NA	11	6	6	11	6	6	1	1	4.11536284	11	0
chr10	94000000	chr12	116000000	12	11	12	11	0.999959707	NA	11	12	12	11	12	12	1	1	4.48037307	11	0
chr10	94000000	chr12	91000000	3	11	3	11	0.82406944	NA	11	3	3	11	3	3	1	1	3.93827899	11	0
chr10	94000000	chr12	84000000	2	11	2	11	0.977023661	NA	11	2	2	11	2	2	1	1	3.37874919	11	0
chr10	95000000	chr12	116000000	7	11	7	11	0.991162539	NA	11	7	7	11	7	7	1	1	4.47767385	11	0
chr10	95000000	chr12	83000000	5	11	5	11	0.983938277	NA	11	5	5	11	5	5	1	1	3.6516214	11	0
chr10	95000000	chr12	92000000	1	11	1	11	0.997823715	NA	11	1	1	11	1	1	1	1	4.27600675	11	0
chr10	95000000	chr12	84000000	1	11	1	11	0.974381149	NA	11	1	1	11	1	1	1	1	3.362821	11	0
chr10	108000000	chr12	94000000	1	11	1	11	0.89764303	NA	11	1	1	11	1	1	1	1	3.62208526	11	0
chr10	109000000	chr12	94000000	1	11	1	11	0.938441217	NA	11	1	1	11	1	1	1	1	3.81998564	11	0
chr10	110000000	chr12	94000000	8	11	8	11	0.998436749	NA	11	8	8	11	8	8	1	1	4.23224612	11	0
chr10	110000000	chr12	92000000	1	10	1	11	0.89883852	NA	11	0	0	11	0	0	3	1	3.77955044	11	0
chr10	111000000	chr12	94000000	7	11	7	11	0.999748886	NA	11	7	7	11	7	7	1	1	4.66911372	11	0
chr10	111000000	chr12	93000000	7	11	7	11	0.995208323	NA	11	7	7	11	7	7	1	1	4.31893817	11	0
chr10	111000000	chr12	83000000	1	11	1	11	0.87932533	NA	11	1	1	11	1	1	1	1	3.57391227	11	0
chr10	111000000	chr12	96000000	1	11	1	11	0.954909325	NA	11	1	1	11	1	1	1	1	3.95216298	11	0
chr10	112000000	chr12	94000000	3	11	3	11	0.918495059	NA	11	3	3	11	3	3	1	1	4.00217449	11	0
chr10	127000000	chr12	92000000	2	11	2	11	0.686025023	NA	11	2	2	11	2	2	1	1	2.4027612	11	0
chr10	128000000	chr12	94000000	8	11	8	11	0.99005729	NA	11	8	8	11	8	8	1	1	3.16784723	11	0
chr10	128000000	chr12	92000000	2	11	2	11	0.944497228	NA	11	2	2	11	2	2	1	1	2.74748384	11	0
chr10	128000000	chr12	84000000	2	11	2	11	0.887186348	NA	11	2	2	11	2	2	1	1	2.53112773	11	0
chr10	128000000	chr12	93000000	2	11	2	11	0.714662313	NA	11	2	2	11	2	2	1	1	2.84388685	11	0
chr10	128000000	chr12	83000000	3	11	3	11	0.724023461	NA	11	3	3	11	3	3	1	1	2.54176774	11	0
chr10	5000000	chr13	36000000	2	10	2	10	0.302735239	NA	10	2	2	10	2	2	1	1	1.37834831	10	0
chr10	19000000	chr13	56000000	2	10	2	10	0.60800302	NA	10	2	2	10	2	2	1	1	1.63975391	10	0
chr10	19000000	chr13	108000000	19	10	19	10	0.99036926	NA	10	19	19	10	19	19	1	1	1.8718838	10	0
chr10	19000000	chr13	95000000	15	10	15	10	0.936332643	NA	10	15	15	10	15	15	1	1	1.60840022	10	0
chr10	19000000	chr13	110000000	2	10	2	10	0.644446075	NA	10	2	2	10	2	2	1	1	1.49324217	10	0
chr10	19000000	chr13	109000000	4	10	4	10	0.970037639	NA	10	4	4	10	4	4	1	1	1.48264649	10	0
chr10	19000000	chr13	111000000	1	10	1	10	0.604717553	NA	10	1	1	10	1	1	1	1	1.50903822	10	0
chr10	19000000	chr13	94000000	2	10	2	10	0.572352052	NA	10	2	2	10	2	2	1	1	1.58281081	10	0
chr10	19000000	chr13	106000000	1	10	1	10	0.727847755	NA	10	1	1	10	1	1	1	1	1.75990993	10	0
chr10	19000000	chr13	96000000	1	10	1	10	0.57605046	NA	10	1	1	10	1	1	1	1	1.52367781	10	0
chr10	20000000	chr13	95000000	12	10	12	10	0.890566111	NA	10	12	12	10	12	12	1	1	1.1523521	10	0
chr10	20000000	chr13	56000000	3	10	3	10	0.675540745	NA	10	3	3	10	3	3	1	1	1.16713032	10	0
chr10	21000000	chr13	45000000	2	10	2	10	0.681337833	NA	10	2	2	10	2	2	1	1	1.1112799	10	0
chr10	21000000	chr13	95000000	7	10	7	10	0.862737834	NA	10	7	7	10	7	7	1	1	1.32881339	10	0
chr10	21000000	chr13	44000000	1	10	1	10	0.453146487	NA	10	1	1	10	1	1	1	1	1.34746579	10	0
chr10	21000000	chr13	37000000	3	10	3	10	0.562730789	NA	10	3	3	10	3	3	1	1	1.43931433	10	0
chr10	21000000	chr13	110000000	4	10	4	10	0.774571061	NA	10	4	4	10	4	4	1	1	1.19493238	10	0
chr10	21000000	chr13	36000000	2	10	2	10	0.6023224	NA	10	2	2	10	2	2	1	1	1.39631049	10	0
chr10	21000000	chr13	38000000	2	10	2	10	0.544194281	NA	10	2	2	10	2	2	1	1	1.11704825	10	0
chr10	23000000	chr13	106000000	1	10	1	10	0.701739848	NA	10	1	1	10	1	1	1	1	1.04063319	10	0
chr10	23000000	chr13	56000000	1	10	1	10	0.701283693	NA	10	1	1	10	1	1	1	1	1.03004452	10	0
chr10	23000000	chr13	102000000	1	11	1	10	0.648052573	NA	10	0	0	10	0	0	3	1	0.809273585	10	0
chr10	24000000	chr13	109000000	3	10	3	10	0.738185942	NA	10	3	3	10	3	3	1	1	0.746595779	10	0
chr10	24000000	chr13	108000000	10	10	10	10	0.869231462	NA	10	10	10	10	10	10	1	1	0.884726473	10	0
chr10	26000000	chr13	109000000	2	10	2	10	0.626772821	NA	10	2	2	10	2	2	1	1	0.810399846	10	0
chr10	29000000	chr13	109000000	1	10	1	10	0.593177676	NA	10	1	1	10	1	1	1	1	2.1557347	10	0
chr10	40000000	chr13	56000000	1	11	1	10	0.382421672	NA	10	0	0	10	0	0	3	1	1.66909604	10	0
chr10	41000000	chr13	38000000	2	10	2	10	0.709426224	NA	10	2	2	10	2	2	1	1	2.2487976	10	0
chr10	43000000	chr13	37000000	3	10	3	10	0.53487885	NA	10	3	3	10	3	3	1	1	3.4555088	10	0
chr10	43000000	chr13	36000000	4	10	4	10	0.720411897	NA	10	4	4	10	4	4	1	1	3.37932174	10	0
chr10	44000000	chr13	56000000	3	10	3	10	0.534881115	NA	10	3	3	10	3	3	1	1	2.2249484	10	0
chr10	44000000	chr13	55000000	1	10	1	10	0.501520395	NA	10	1	1	10	1	1	1	1	2.24366388	10	0
chr10	69000000	chr13	104000000	4	10	4	10	0.726807356	NA	10	4	4	10	4	4	1	1	1.97699441	10	0
chr10	70000000	chr13	55000000	1	10	1	10	0.626060009	NA	10	1	1	10	1	1	1	1	2.04817195	10	0
chr10	70000000	chr13	106000000	3	10	3	10	0.788028419	NA	10	3	3	10	3	3	1	1	2.45771399	10	0
chr10	70000000	chr13	108000000	1	10	1	10	0.801760674	NA	10	1	1	10	1	1	1	1	2.39121262	10	0
chr10	71000000	chr13	108000000	5	10	5	10	0.883514404	NA	10	5	5	10	5	5	1	1	2.76689309	10	0
chr10	85000000	chr13	12000000	1	01	1	01	0.25	NA	00	0	0	11	0	0	4	4	0.634844245	11	0
chr10	91000000	chr13	105000000	1	10	1	10	0.855107129	NA	10	1	1	10	1	1	1	1	2.82686687	10	0
chr10	91000000	chr13	107000000	6	10	6	10	0.994116664	NA	10	6	6	10	6	6	1	1	3.01606526	10	0
chr10	91000000	chr13	108000000	2	10	2	10	0.931148708	NA	10	2	2	10	2	2	1	1	2.84913459	10	0
chr10	92000000	chr13	107000000	5	10	5	10	0.997386992	NA	10	5	5	10	5	5	1	1	3.39212004	10	0
chr10	92000000	chr13	103000000	3	10	3	10	0.762031138	NA	10	3	3	10	3	3	1	1	3.29000297	10	0
chr10	92000000	chr13	55000000	1	10	1	10	0.562754512	NA	10	1	1	10	1	1	1	1	2.84876965	10	0
chr10	92000000	chr13	108000000	1	10	1	10	0.977150917	NA	10	1	1	10	1	1	1	1	3.20790275	10	0
chr10	93000000	chr13	108000000	3	10	3	10	0.974634826	NA	10	3	3	10	3	3	1	1	2.77531051	10	0
chr10	93000000	chr13	105000000	2	10	2	10	0.945934772	NA	10	2	2	10	2	2	1	1	2.86087671	10	0
chr10	93000000	chr13	107000000	4	10	3	10	0.978478432	NA	10	3	3	10	3	3	1	1	3.05334354	10	0
chr10	93000000	chr13	104000000	4	10	4	10	0.992875695	NA	10	4	4	10	4	4	1	1	3.3367436	10	0
chr10	93000000	chr13	106000000	5	10	3	10	0.993274927	NA	10	3	3	10	3	3	1	1	2.9537712	10	0
chr10	93000000	chr13	103000000	1	10	1	10	0.727517605	NA	10	1	1	10	1	1	1	1	3.03754847	10	0
chr10	111000000	chr13	104000000	7	10	7	10	0.996441305	NA	10	7	7	10	7	7	1	1	4.08791488	10	0
chr10	112000000	chr13	106000000	2	10	2	10	0.792750418	NA	10	2	2	10	2	2	1	1	3.20254937	10	0
chr10	118000000	chr13	88000000	5	10	5	10	0.808612883	NA	10	5	5	10	5	5	1	1	2.12502165	10	0
chr10	118000000	chr13	107000000	4	10	4	10	0.738378763	NA	10	4	4	10	4	4	1	1	2.60918053	10	0
chr10	119000000	chr13	88000000	3	10	3	10	0.764654934	NA	10	3	3	10	3	3	1	1	2.08544826	10	0
chr10	127000000	chr13	108000000	3	11	3	10	0.829060793	NA	10	0	0	10	0	0	3	1	1.51206869	10	0
chr10	128000000	chr13	40000000	1	11	1	10	0.429495007	NA	10	0	0	10	0	0	3	1	2.11870979	10	0
chr10	128000000	chr13	114000000	5	11	5	10	0.758138657	NA	10	0	0	10	0	0	3	1	2.39840541	10	0
chr10	21000000	chr14	108000000	1	01	1	01	0.326209217	NA	01	1	1	01	1	1	1	1	1.68278836	01	0
chr10	12000000	chr15	69000000	4	10	4	10	0.326213926	NA	10	4	4	10	4	4	1	1	0.661267773	10	0
chr10	12000000	chr15	84000000	6	10	5	10	0.717290819	NA	10	5	5	10	5	6	1	1	1.03047091	10	0
chr10	12000000	chr15	85000000	6	10	6	10	0.930244565	NA	10	6	6	10	6	6	1	1	0.777846049	10	0
chr10	12000000	chr15	81000000	1	10	1	10	0.459437072	NA	10	1	1	10	1	1	1	1	0.364644009	10	0
chr10	13000000	chr15	84000000	6	10	6	10	0.952698112	NA	10	6	6	10	6	6	1	1	1.67773059	10	0
chr10	13000000	chr15	85000000	2	10	2	10	0.778376698	NA	10	2	2	10	2	2	1	1	1.32211092	10	0
chr10	14000000	chr15	85000000	2	10	2	10	0.958320975	NA	10	2	2	10	2	2	1	1	1.41136165	10	0
chr10	14000000	chr15	69000000	2	01	1	10	0.341316015	NA	10	1	1	10	1	2	4	1	2.00468898	10	0
chr10	14000000	chr15	84000000	23	10	23	10	0.991214395	NA	10	23	23	10	23	23	1	1	1.70654928	10	0
chr10	36000000	chr15	69000000	2	10	2	10	0.348781019	NA	10	2	2	10	2	2	1	1	1.61655763	10	0
chr10	36000000	chr15	68000000	1	10	1	10	0.302271694	NA	10	1	1	10	1	1	1	1	1.46167026	10	0
chr10	59000000	chr15	78000000	3	10	3	10	0.409237653	NA	10	3	3	10	3	3	1	1	1.22830367	10	0
chr10	59000000	chr15	68000000	4	10	4	10	0.553809583	NA	10	4	4	10	4	4	1	1	0.968255013	10	0
chr10	59000000	chr15	69000000	13	10	13	10	0.707379639	NA	10	13	13	10	13	13	1	1	1.21047926	10	0
chr10	59000000	chr15	76000000	1	10	1	10	0.527271807	NA	10	1	1	10	1	1	1	1	1.21221995	10	0
chr10	59000000	chr15	81000000	11	10	11	10	0.744536042	NA	10	11	11	10	11	11	1	1	0.981054555	10	0
chr10	59000000	chr15	98000000	1	10	1	10	0.296264917	NA	10	1	1	10	1	1	1	1	1.18271768	10	0
chr10	59000000	chr15	85000000	3	10	3	10	0.419552982	NA	10	3	3	10	3	3	1	1	1.26520649	10	0
chr10	61000000	chr15	84000000	2	10	2	10	0.490854561	NA	10	2	2	10	2	2	1	1	1.43782172	10	0
chr10	61000000	chr15	85000000	1	10	1	10	0.5145033	NA	10	1	1	10	1	1	1	1	1.35962521	10	0
chr10	78000000	chr15	76000000	1	10	1	10	0.416235626	NA	10	1	1	10	1	1	1	1	1.80274766	10	0
chr10	81000000	chr15	84000000	3	10	3	10	0.493717611	NA	10	3	3	10	3	3	1	1	2.41350746	10	0
chr10	86000000	chr15	84000000	3	10	3	10	0.424403787	NA	10	3	3	10	3	3	1	1	1.58584031	10	0
chr10	86000000	chr15	85000000	2	10	2	10	0.445824981	NA	10	2	2	10	2	2	1	1	1.45785481	10	0
chr10	100000000	chr15	97000000	10	10	10	10	0.983786166	NA	10	10	10	10	10	10	1	1	3.28560772	10	0
chr10	100000000	chr15	80000000	2	10	2	10	0.883033514	NA	10	2	2	10	2	2	1	1	3.94527352	10	0
chr10	100000000	chr15	96000000	1	10	1	10	0.818292379	NA	10	1	1	10	1	1	1	1	3.41216428	10	0
chr10	102000000	chr15	97000000	4	10	4	10	0.991748095	NA	10	4	4	10	4	4	1	1	3.46418255	10	0
chr10	103000000	chr15	97000000	12	10	12	10	0.999377847	NA	10	12	12	10	12	12	1	1	3.38579672	10	0
chr10	103000000	chr15	80000000	8	10	8	10	0.999910831	NA	10	8	8	10	8	8	1	1	4.44211937	10	0
chr10	103000000	chr15	96000000	4	10	4	10	0.994845986	NA	10	4	4	10	4	4	1	1	3.63996442	10	0
chr10	103000000	chr15	82000000	7	10	7	10	0.997402966	NA	10	7	7	10	7	7	1	1	3.50268544	10	0
chr10	103000000	chr15	98000000	1	10	1	10	0.888761938	NA	10	1	1	10	1	1	1	1	4.09715216	10	0
chr10	104000000	chr15	82000000	2	10	2	10	0.999443948	NA	10	2	2	10	2	2	1	1	3.64633869	10	0
chr10	104000000	chr15	81000000	1	10	1	10	0.887021661	NA	10	1	1	10	1	1	1	1	2.63095448	10	0
chr10	104000000	chr15	14000000	2	10	2	10	0.501271844	NA	10	2	2	10	2	2	1	1	4.94489827	10	0
chr10	104000000	chr15	75000000	4	10	4	10	0.999789655	NA	10	4	4	10	4	4	1	1	3.53679015	10	0
chr10	104000000	chr15	64000000	2	10	2	01	0.25	NA	00	0	0	10	2	0	1	3	3.080428	10	0
chr10	104000000	chr15	96000000	5	10	5	10	0.996674061	NA	10	5	5	10	5	5	1	1	3.19501055	10	0
chr10	104000000	chr15	80000000	6	10	5	10	0.992217541	NA	10	5	5	10	5	6	1	1	3.91987568	10	0
chr10	104000000	chr15	94000000	1	10	1	10	0.988336265	NA	10	1	1	10	1	1	1	1	3.26410864	10	0
chr10	104000000	chr15	95000000	1	10	1	10	0.95604378	NA	10	1	1	10	1	1	1	1	3.51567297	10	0
chr10	105000000	chr15	80000000	2	10	2	10	0.849633634	NA	10	2	2	10	2	2	1	1	4.27721309	10	0
chr10	105000000	chr15	96000000	2	10	2	10	0.885089934	NA	10	2	2	10	2	2	1	1	3.56911351	10	0
chr10	105000000	chr15	14000000	1	10	1	10	0.731319129	NA	10	1	1	10	1	1	1	1	5.12641077	10	0
chr10	105000000	chr15	79000000	11	10	11	10	0.999538183	NA	10	11	11	10	11	11	1	1	4.47993618	10	0
chr10	105000000	chr15	97000000	2	10	2	10	0.87054354	NA	10	2	2	10	2	2	1	1	3.35636413	10	0
chr10	106000000	chr15	97000000	1	10	1	10	0.936727881	NA	10	1	1	10	1	1	1	1	3.63236997	10	0
chr10	106000000	chr15	79000000	3	10	3	10	0.994162381	NA	10	3	3	10	3	3	1	1	4.69042396	10	0
chr10	107000000	chr15	79000000	7	10	7	10	0.999934316	NA	10	7	7	10	7	7	1	1	4.3108859	10	0
chr10	121000000	chr15	76000000	5	10	5	10	0.989851594	NA	10	5	5	10	5	5	1	1	4.12929015	10	0
chr10	121000000	chr15	97000000	15	10	15	10	0.976516306	NA	10	15	15	10	15	15	1	1	2.86391514	10	0
chr10	121000000	chr15	80000000	5	10	5	10	0.97259891	NA	10	5	5	10	5	5	1	1	3.58226188	10	0
chr10	121000000	chr15	81000000	3	10	3	10	0.959693611	NA	10	3	3	10	3	3	1	1	3.02729258	10	0
chr10	121000000	chr15	98000000	3	10	3	10	0.857504249	NA	10	3	3	10	3	3	1	1	3.55896478	10	0
chr10	121000000	chr15	72000000	2	10	2	10	0.985486746	NA	10	2	2	10	2	2	1	1	3.81964004	10	0
chr10	121000000	chr15	96000000	2	10	2	10	0.845214546	NA	10	2	2	10	2	2	1	1	3.02754717	10	0
chr10	121000000	chr15	77000000	1	10	1	10	0.966043532	NA	10	1	1	10	1	1	1	1	3.86469645	10	0
chr10	122000000	chr15	73000000	3	10	3	10	0.840386033	NA	10	3	3	10	3	3	1	1	3.52651144	10	0
chr10	122000000	chr15	72000000	8	10	8	10	0.986419261	NA	10	8	8	10	8	8	1	1	3.74980391	10	0
chr10	122000000	chr15	77000000	1	10	1	10	0.744394302	NA	10	1	1	10	1	1	1	1	3.76667417	10	0
chr10	122000000	chr15	96000000	1	10	1	10	0.715404332	NA	10	1	1	10	1	1	1	1	2.94758275	10	0
chr10	122000000	chr15	80000000	1	10	1	10	0.727760732	NA	10	1	1	10	1	1	1	1	3.48204712	10	0
chr10	24000000	chr16	27000000	5	11	5	11	0.568723559	NA	11	5	5	11	5	5	1	1	0.363203733	11	0
chr10	24000000	chr16	60000000	3	11	3	11	0.331749886	NA	11	3	3	11	3	3	1	1	0.118878492	11	0
chr10	24000000	chr16	28000000	1	11	1	11	0.368051589	NA	11	1	1	11	1	1	1	1	0.57519416	11	0
chr10	24000000	chr16	26000000	3	11	3	11	0.377998114	NA	11	3	3	11	3	3	1	1	0.0646738634	11	0
chr10	24000000	chr16	62000000	1	11	1	11	0.440265059	NA	11	1	1	11	1	1	1	1	0.248352363	11	0
chr10	25000000	chr16	27000000	2	01	1	11	0.37742579	NA	11	1	1	11	1	1	2	1	0.497273941	11	0
chr10	25000000	chr16	39000000	1	11	1	11	0.385648876	NA	11	1	1	11	1	1	1	1	0.0426060451	11	0
chr10	25000000	chr16	17000000	4	11	4	11	0.461604327	NA	11	4	4	11	4	4	1	1	0.0238712259	11	0
chr10	25000000	chr16	60000000	3	11	3	11	0.444447547	NA	11	3	3	11	3	3	1	1	0.335427353	11	0
chr10	25000000	chr16	40000000	5	11	5	11	0.679377079	NA	11	5	5	11	5	5	1	1	0.255815039	11	0
chr10	25000000	chr16	15000000	2	11	2	11	0.34323293	NA	11	2	2	11	2	2	1	1	0.0246627693	11	0
chr10	25000000	chr16	65000000	1	11	1	11	0.544725478	NA	11	1	1	11	1	1	1	1	0.718404029	11	0
chr10	25000000	chr16	41000000	2	11	2	11	0.452594727	NA	11	2	2	11	2	2	1	1	0.103098431	11	0
chr10	26000000	chr16	40000000	1	11	1	11	0.767658532	NA	11	1	1	11	1	1	1	1	0.786555009	11	0
chr10	44000000	chr16	90000000	12	01	12	11	0.585619509	NA	11	0	0	11	0	0	2	1	0.0951693562	11	0
chr10	44000000	chr16	88000000	25	01	25	11	0.872317314	NA	11	0	0	11	0	0	2	1	0.660143178	11	0
chr10	44000000	chr16	89000000	8	01	8	11	0.619968414	NA	11	0	0	11	0	0	2	1	0.297362769	11	0
chr10	44000000	chr16	34000000	1	01	1	11	0.328410834	NA	11	0	0	11	0	0	2	1	0.259602414	11	0
chr10	45000000	chr16	88000000	3	01	3	11	0.706813335	NA	11	0	0	11	0	0	2	1	1.01785952	11	0
chr10	46000000	chr16	62000000	3	11	3	11	0.545094371	NA	11	3	3	11	3	3	1	1	1.0689545	11	0
chr10	46000000	chr16	61000000	1	11	1	11	0.470607251	NA	11	1	1	11	1	1	1	1	0.97043901	11	0
chr10	49000000	chr16	61000000	1	11	1	11	0.355333596	NA	11	1	1	11	1	1	1	1	1.28389177	11	0
chr10	49000000	chr16	41000000	1	11	1	11	0.313138872	NA	11	1	1	11	1	1	1	1	0.324264548	11	0
chr10	49000000	chr16	40000000	1	11	1	11	0.360456347	NA	11	1	1	11	1	1	1	1	0.779302962	11	0
chr10	74000000	chr16	88000000	1	01	1	11	0.460370868	NA	11	0	0	11	0	0	2	1	0.603716742	11	0
chr10	74000000	chr16	67000000	2	01	2	11	0.609078169	NA	11	0	0	11	0	0	2	1	1.56082142	11	0
chr10	74000000	chr16	90000000	3	01	3	11	0.366118103	NA	11	0	0	01	3	0	1	2	0.111435878	01	0
chr10	74000000	chr16	68000000	1	01	1	11	0.525820255	NA	11	0	0	11	0	0	2	1	1.21809785	11	0
chr10	77000000	chr16	13000000	1	01	1	01	0.634601414	NA	01	1	1	01	1	1	1	1	1.59372812	01	0
chr10	78000000	chr16	10000000	3	01	3	01	0.811679423	NA	01	3	3	01	3	3	1	1	1.51361635	01	0
chr10	78000000	chr16	12000000	6	01	6	01	0.925171316	NA	01	6	6	01	6	6	1	1	2.25919887	01	0
chr10	78000000	chr16	11000000	10	01	10	01	0.951680541	NA	01	10	10	01	10	10	1	1	1.92617952	01	0
chr10	78000000	chr16	13000000	11	01	11	01	0.958016515	NA	01	11	11	01	11	11	1	1	1.88201624	01	0
chr10	78000000	chr16	54000000	2	01	1	00	0.25	NA	00	0	0	01	1	1	1	3	1.53538435	01	0
chr10	80000000	chr16	94000000	2	01	2	01	0.390958637	NA	01	2	2	01	2	2	1	1	0.0250288496	01	0
chr10	85000000	chr16	34000000	1	01	1	01	0.416420013	NA	01	1	1	01	1	1	1	1	0.657572513	01	0
chr10	85000000	chr16	31000000	1	01	1	01	0.451393783	NA	01	1	1	01	1	1	1	1	0.597254032	01	0
chr10	85000000	chr16	90000000	1	01	1	01	0.396522135	NA	01	1	1	01	1	1	1	1	1.87229816	01	0
chr10	87000000	chr16	31000000	1	01	1	01	0.473803252	NA	01	1	1	01	1	1	1	1	0.728575269	01	0
chr10	89000000	chr16	42000000	1	11	1	11	0.33354491	NA	11	1	1	11	1	1	1	1	0.134009836	11	0
chr10	90000000	chr16	65000000	1	11	1	11	0.591040611	NA	11	1	1	11	1	1	1	1	1.69999089	11	0
chr10	95000000	chr16	10000000	1	01	1	01	0.334610492	NA	01	1	1	01	1	1	1	1	2.46163785	01	0
chr10	95000000	chr16	9000000	2	01	2	01	0.338289261	NA	01	2	2	01	2	2	1	1	2.22259519	01	0
chr10	96000000	chr16	9000000	2	01	2	01	0.325906903	NA	01	2	2	01	2	2	1	1	2.1902179	01	0
chr10	96000000	chr16	57000000	10	01	10	11	0.819932818	NA	11	0	0	11	0	0	2	1	1.20834855	11	0
chr10	96000000	chr16	56000000	7	01	6	11	0.696326375	NA	11	0	0	11	0	1	2	1	1.05003156	11	0
chr10	97000000	chr16	68000000	1	11	1	11	0.330415696	NA	11	1	1	11	1	1	1	1	1.14178455	11	0
chr10	97000000	chr16	57000000	4	01	4	11	0.648576975	NA	11	0	0	11	0	0	2	1	1.17761464	11	0
chr10	97000000	chr16	67000000	1	01	1	11	0.412218869	NA	11	0	0	11	0	0	2	1	1.50277463	11	0
chr10	115000000	chr16	42000000	1	11	1	01	0.460509509	NA	01	0	0	01	0	0	2	1	0.0805616603	01	0
chr10	116000000	chr16	65000000	12	11	12	11	0.962224722	NA	11	12	12	11	12	12	1	1	1.12994415	11	0
chr10	117000000	chr16	65000000	8	11	8	11	0.985745907	NA	11	8	8	11	8	8	1	1	1.11688369	11	0
chr10	117000000	chr16	11000000	1	01	1	01	0.499785751	NA	01	1	1	01	1	1	1	1	1.63382554	01	0
chr10	117000000	chr16	13000000	8	01	8	01	0.9777354	NA	01	8	8	01	8	8	1	1	1.67152657	01	0
chr10	117000000	chr16	7000000	2	11	2	01	0.618509889	NA	01	0	0	01	0	0	2	1	0.527339627	01	0
chr10	118000000	chr16	65000000	10	11	10	11	0.981638789	NA	11	10	10	11	10	10	1	1	1.58451031	11	0
chr10	118000000	chr16	13000000	1	01	1	01	0.732192159	NA	01	1	1	01	1	1	1	1	1.49456912	01	0
chr10	118000000	chr16	68000000	9	01	9	11	0.965847969	NA	11	0	0	11	0	0	2	1	1.77266878	11	0
chr10	118000000	chr16	12000000	3	01	3	01	0.765513837	NA	01	3	3	01	3	3	1	1	2.07101362	01	0
chr10	118000000	chr16	81000000	7	11	6	11	0.834063947	NA	11	6	6	11	6	6	1	1	1.74052215	11	0
chr10	118000000	chr16	56000000	2	01	2	11	0.888607919	NA	11	0	0	11	0	0	2	1	1.20882449	11	0
chr10	118000000	chr16	57000000	5	01	5	11	0.938753903	NA	11	0	0	11	0	0	2	1	1.41865881	11	0
chr10	118000000	chr16	66000000	2	01	1	11	0.804584444	NA	11	1	1	11	1	1	2	1	1.73918674	11	0
chr10	118000000	chr16	67000000	4	01	4	11	0.95594883	NA	11	0	0	11	0	0	2	1	2.07848923	11	0
chr10	118000000	chr16	58000000	1	01	1	11	0.583044231	NA	11	0	0	11	0	0	2	1	1.52231134	11	0
chr10	118000000	chr16	91000000	1	11	1	11	0.394185394	NA	11	1	1	11	1	1	1	1	1.02966504	11	0
chr10	119000000	chr16	80000000	1	11	1	11	0.443323225	NA	11	1	1	11	1	1	1	1	1.72584843	11	0
chr10	119000000	chr16	67000000	1	01	1	11	0.974155307	NA	11	0	0	11	0	0	2	1	2.18256955	11	0
chr10	119000000	chr16	57000000	5	01	5	11	0.981206954	NA	11	0	0	11	0	0	2	1	1.47926943	11	0
chr10	119000000	chr16	66000000	3	01	3	11	0.991761088	NA	11	0	0	11	0	0	2	1	1.83935327	11	0
chr10	120000000	chr16	68000000	4	01	4	11	0.910593033	NA	11	0	0	11	0	0	2	1	1.22770169	11	0
chr10	120000000	chr16	88000000	2	01	2	11	0.552922964	NA	11	0	0	11	0	0	2	1	0.534871433	11	0
chr10	120000000	chr16	90000000	2	01	2	11	0.392818153	NA	11	0	0	01	2	0	1	2	0.0753051778	01	0
chr10	120000000	chr16	67000000	3	01	3	11	0.962933064	NA	11	0	0	11	0	0	2	1	1.63194036	11	0
chr10	120000000	chr16	35000000	1	01	1	11	0.403875113	NA	11	0	0	01	1	0	1	2	0.0967742769	01	0
chr10	121000000	chr16	90000000	2	01	2	11	0.387132168	NA	11	0	0	11	0	0	3	1	0.250599972	11	0
chr10	121000000	chr16	67000000	1	01	1	11	0.718390882	NA	11	0	0	11	0	0	2	1	0.969062616	11	0
chr10	121000000	chr16	68000000	2	01	2	11	0.718630075	NA	11	0	0	11	0	0	2	1	0.706701572	11	0
chr10	124000000	chr16	56000000	1	01	1	11	0.561029851	NA	11	0	0	11	0	0	2	1	0.604982314	11	0
chr10	124000000	chr16	54000000	1	01	1	01	0.60849303	NA	01	1	1	01	1	1	1	1	1.34184377	01	0
chr10	124000000	chr16	12000000	8	01	7	01	0.997894704	NA	01	7	7	01	7	7	1	1	2.2057027	01	0
chr10	124000000	chr16	11000000	1	01	1	01	0.991895378	NA	01	1	1	01	1	1	1	1	1.81261832	01	0
chr10	125000000	chr16	13000000	2	01	2	01	0.91621089	NA	01	2	2	01	2	2	1	1	1.86986297	01	0
chr10	126000000	chr16	13000000	2	01	2	01	0.789945304	NA	01	2	2	01	2	2	1	1	2.67191258	01	0
chr10	127000000	chr16	11000000	3	01	3	01	0.975657105	NA	01	3	3	01	3	3	1	1	3.04244884	01	0
chr10	127000000	chr16	35000000	2	01	2	01	0.562693357	NA	01	2	2	01	2	2	1	1	0.675940629	01	0
chr10	127000000	chr16	34000000	2	01	2	01	0.306214094	NA	01	2	2	00	0	2	2	2	0.0299496997	00	0
chr10	127000000	chr16	94000000	9	01	9	11	0.427094102	NA	11	0	0	11	0	0	2	1	0.18935552	11	0
chr10	127000000	chr16	90000000	1	01	1	01	0.37638849	NA	01	1	1	01	1	1	1	1	0.280479103	01	0
chr10	128000000	chr16	38000000	3	01	3	01	0.85900712	NA	01	3	3	01	3	3	1	1	1.08062422	01	0
chr10	128000000	chr16	4000000	2	01	2	01	0.724785328	NA	01	2	2	01	2	2	1	1	1.81306801	01	0
chr10	128000000	chr16	50000000	4	01	4	01	0.891301692	NA	01	4	4	01	4	4	1	1	1.7132779	01	0
chr10	128000000	chr16	45000000	1	01	1	01	0.52684021	NA	01	1	1	01	1	1	1	1	0.978559786	01	0
chr10	128000000	chr16	10000000	3	01	3	01	0.978886604	NA	01	3	3	01	3	3	1	1	3.03826152	01	0
chr10	128000000	chr16	11000000	5	01	5	01	0.999134123	NA	01	5	5	01	5	5	1	1	2.84979668	01	0
chr10	128000000	chr16	13000000	1	01	1	01	0.954368711	NA	01	1	1	01	1	1	1	1	2.62510631	01	0
chr10	129000000	chr16	13000000	1	00	1	01	0.85921824	NA	01	0	0	01	0	0	2	1	2.87176629	01	0
chr10	129000000	chr16	12000000	2	01	2	01	0.979759395	NA	01	2	2	01	2	2	1	1	3.25354532	01	0
chr10	13000000	chr17	19000000	4	10	4	10	0.966953874	NA	10	4	4	10	4	4	1	1	3.32831691	10	0
chr10	13000000	chr17	18000000	11	10	11	10	0.98722291	NA	10	11	11	10	11	11	1	1	3.48678246	10	0
chr10	14000000	chr17	19000000	4	10	4	10	0.97213608	NA	10	4	4	10	4	4	1	1	3.59550277	10	0
chr10	14000000	chr17	80000000	1	10	1	10	0.787475705	NA	10	1	1	10	1	1	1	1	1.7883565	10	0
chr10	81000000	chr17	80000000	3	10	2	10	0.936890781	NA	10	2	2	10	2	2	1	1	1.79548413	10	0
chr10	82000000	chr17	85000000	13	10	13	10	0.996619701	NA	10	13	13	10	13	13	1	1	4.12241517	10	0
chr10	82000000	chr17	5000000	7	10	7	10	0.99954319	NA	10	7	7	10	7	7	1	1	3.91725593	10	0
chr10	82000000	chr17	15000000	1	10	1	10	0.953561783	NA	10	1	1	10	1	1	1	1	4.13658937	10	0
chr10	82000000	chr17	3000000	1	10	1	10	0.953095615	NA	10	1	1	10	1	1	1	1	4.44016998	10	0
chr10	82000000	chr17	4000000	2	10	2	10	0.93084234	NA	10	2	2	10	2	2	1	1	4.48870306	10	0
chr10	83000000	chr17	48000000	1	10	1	10	0.548956513	NA	10	1	1	10	1	1	1	1	3.40350264	10	0
chr10	83000000	chr17	4000000	1	10	1	10	0.945507109	NA	10	1	1	10	1	1	1	1	4.34665528	10	0
chr10	83000000	chr17	15000000	2	10	2	10	0.99904269	NA	10	2	2	10	2	2	1	1	3.70625776	10	0
chr10	84000000	chr17	3000000	4	10	4	10	0.767156124	NA	10	4	4	10	4	4	1	1	4.4250219	10	0
chr10	85000000	chr17	3000000	11	10	11	10	0.996456087	NA	10	11	11	10	11	11	1	1	4.43051447	10	0
chr10	85000000	chr17	48000000	1	10	1	10	0.609216094	NA	10	1	1	10	1	1	1	1	3.50038283	10	0
chr10	85000000	chr17	15000000	4	10	4	10	0.993521273	NA	10	4	4	10	4	4	1	1	4.05637317	10	0
chr10	86000000	chr17	15000000	3	10	3	10	0.997157931	NA	10	3	3	10	3	3	1	1	4.08139627	10	0
chr10	86000000	chr17	18000000	7	10	7	10	0.987597406	NA	10	7	7	10	7	7	1	1	4.14357873	10	0
chr10	86000000	chr17	19000000	4	10	4	10	0.980738342	NA	10	4	4	10	4	4	1	1	3.88719318	10	0
chr10	86000000	chr17	20000000	1	10	1	10	0.900873721	NA	10	1	1	10	1	1	1	1	3.6183004	10	0
chr10	86000000	chr17	17000000	5	10	3	10	0.949829698	NA	10	3	3	10	3	5	1	1	4.2211327	10	0
chr10	104000000	chr17	72000000	1	10	1	11	0.850773394	NA	11	0	0	11	0	0	2	1	5.312794	11	0
chr10	105000000	chr17	37000000	2	10	1	11	0.999497056	NA	11	1	1	11	1	1	3	1	6.24143292	11	0
chr10	105000000	chr17	91000000	2	10	2	11	0.963033795	NA	11	0	0	11	0	0	3	1	4.19106664	11	0
chr10	106000000	chr17	37000000	3	10	3	11	0.943737626	NA	11	0	0	11	0	0	3	1	5.6801998	11	0
chr10	106000000	chr17	74000000	1	10	1	11	0.806745291	NA	11	0	0	11	0	0	2	1	5.13115054	11	0
chr10	106000000	chr17	91000000	1	10	1	11	0.996193409	NA	11	0	0	11	0	0	3	1	5.01552119	11	0
chr10	107000000	chr17	91000000	19	10	19	11	0.999999166	NA	11	0	0	11	0	0	3	1	5.33631821	11	0
chr10	107000000	chr17	37000000	1	10	1	11	0.969218314	NA	11	0	0	11	0	0	2	1	4.76438736	11	0
chr10	107000000	chr17	79000000	1	10	1	11	0.63012594	NA	11	0	0	11	0	0	2	1	3.58184904	11	0
chr10	107000000	chr17	92000000	1	00	1	11	0.999788225	NA	11	0	0	11	0	1	4	1	5.34672957	11	0
chr10	108000000	chr17	92000000	6	10	6	11	0.999972701	NA	11	0	0	11	0	0	3	1	5.16738867	11	0
chr10	108000000	chr17	93000000	1	10	1	11	0.989621401	NA	11	0	0	11	0	0	3	1	4.96370579	11	0
chr10	108000000	chr17	91000000	1	10	1	11	0.999049246	NA	11	0	0	11	0	0	3	1	5.09500486	11	0
chr10	109000000	chr17	92000000	9	10	9	11	0.999991417	NA	11	0	0	11	0	0	3	1	5.51407215	11	0
chr10	109000000	chr17	91000000	8	10	8	11	0.999949098	NA	11	0	0	11	0	0	3	1	5.4497008	11	0
chr10	127000000	chr17	91000000	1	10	1	11	0.994675875	NA	11	0	0	11	0	0	3	1	4.29351218	11	0
chr10	127000000	chr17	93000000	8	10	8	11	0.999808133	NA	11	0	0	11	0	0	3	1	4.17400639	11	0
chr10	127000000	chr17	90000000	7	10	6	11	0.999670744	NA	11	0	0	11	0	1	3	1	4.28890429	11	0
chr10	128000000	chr17	90000000	1	10	1	11	0.80634445	NA	11	0	0	11	0	0	3	1	3.66467518	11	0
chr10	128000000	chr17	93000000	1	10	1	11	0.996990919	NA	11	0	0	11	0	0	3	1	3.3101505	11	0
chr10	128000000	chr17	92000000	2	10	2	11	0.802931666	NA	11	0	0	11	0	0	3	1	3.64976092	11	0
chr10	129000000	chr17	91000000	4	10	4	11	0.995704472	NA	11	0	0	11	0	0	3	1	4.60174308	11	0
chr10	129000000	chr17	92000000	2	01	1	11	0.999581516	NA	11	0	0	11	0	0	2	1	4.66823569	11	0
chr10	6000000	chr18	40000000	1	11	1	11	0.52854979	NA	11	1	1	11	1	1	1	1	0.399056455	11	0
chr10	6000000	chr18	76000000	1	00	1	11	0.327866167	NA	11	0	0	11	0	1	4	1	0.628917342	11	0
chr10	7000000	chr18	68000000	1	11	1	11	0.291213661	NA	11	1	1	11	1	1	1	1	0.182524061	11	0
chr10	7000000	chr18	67000000	3	11	3	11	0.334066778	NA	11	3	3	11	3	3	1	1	0.277352295	11	0
chr10	7000000	chr18	33000000	13	11	13	11	0.889444649	NA	11	13	13	11	13	13	1	1	1.12429497	11	0
chr10	7000000	chr18	32000000	1	11	1	11	0.524730563	NA	11	1	1	11	1	1	1	1	0.884655104	11	0
chr10	8000000	chr18	33000000	7	11	7	11	0.753589213	NA	11	7	7	11	7	7	1	1	1.01326476	11	0
chr10	8000000	chr18	21000000	2	11	2	11	0.293866366	NA	11	2	2	11	2	2	1	1	0.895856168	11	0
chr10	8000000	chr18	32000000	2	11	2	11	0.521070957	NA	11	2	2	11	2	2	1	1	0.776542067	11	0
chr10	34000000	chr18	33000000	2	11	2	11	0.690529048	NA	11	2	2	11	2	2	1	1	1.7777487	11	0
chr10	34000000	chr18	21000000	3	11	3	11	0.479666203	NA	11	3	3	11	3	3	1	1	1.51974485	11	0
chr10	35000000	chr18	33000000	1	11	1	11	0.415284991	NA	11	1	1	11	1	1	1	1	1.08081823	11	0
chr10	36000000	chr18	33000000	1	11	1	11	0.397295773	NA	11	1	1	11	1	1	1	1	0.794380876	11	0
chr10	36000000	chr18	20000000	1	11	1	11	0.372914195	NA	11	1	1	11	1	1	1	1	0.684721426	11	0
chr10	59000000	chr18	20000000	6	11	6	11	0.384076595	NA	11	6	6	11	6	6	1	1	0.606397629	11	0
chr10	21000000	chr19	16000000	1	10	1	01	0.25	NA	00	0	0	10	1	0	1	4	0.935020052	10	0
chr10	47000000	chr19	7000000	1	10	1	10	0.298334181	NA	10	1	1	10	1	1	1	1	1.89969656	10	0
chr11	83000000	chr13	55000000	1	01	1	01	0.740424752	NA	01	1	1	01	1	1	1	1	3.74079465	01	0
chr11	87000000	chr13	75000000	4	01	4	01	0.520586848	NA	01	4	4	01	4	4	1	1	3.63173327	01	0
chr11	92000000	chr13	48000000	1	01	1	01	0.995771468	NA	01	1	1	01	1	1	1	1	5.86915831	01	0
chr11	92000000	chr13	49000000	1	01	1	01	0.999971151	NA	01	1	1	01	1	1	1	1	5.72645865	01	0
chr11	92000000	chr13	47000000	4	01	4	01	0.999988914	NA	01	4	4	01	4	4	1	1	5.90618188	01	0
chr11	99000000	chr13	47000000	4	01	4	01	0.999995947	NA	01	4	4	01	4	4	1	1	5.38080082	01	0
chr11	99000000	chr13	49000000	3	01	3	01	1	NA	01	3	3	01	3	3	1	1	5.05699022	01	0
chr11	99000000	chr13	48000000	1	01	1	01	0.999970317	NA	01	1	1	01	1	1	1	1	5.31408773	01	0
chr11	100000000	chr13	49000000	13	01	13	01	1	NA	01	13	13	01	13	13	1	1	4.70584267	01	0
chr11	100000000	chr13	47000000	4	01	4	01	0.981775761	NA	01	4	4	01	4	4	1	1	4.74834627	01	0
chr11	100000000	chr13	48000000	5	01	5	01	0.999991894	NA	01	5	5	01	5	5	1	1	4.90870256	01	0
chr11	100000000	chr13	51000000	9	01	9	01	0.998774111	NA	01	9	9	01	9	9	1	1	4.3413025	01	0
chr11	100000000	chr13	56000000	6	01	6	01	0.999997377	NA	01	6	6	01	6	6	1	1	4.98874525	01	0
chr11	100000000	chr13	52000000	3	01	3	01	0.998993695	NA	01	3	3	01	3	3	1	1	4.21716811	01	0
chr11	100000000	chr13	55000000	5	01	5	01	0.999999642	NA	01	5	5	01	5	5	1	1	4.51126576	01	0
chr11	100000000	chr13	29000000	2	01	2	01	0.981966138	NA	01	2	2	01	2	2	1	1	4.82295522	01	0
chr11	101000000	chr13	29000000	5	01	5	01	0.997052908	NA	01	5	5	01	5	5	1	1	4.96205504	01	0
chr11	101000000	chr13	55000000	4	01	4	01	0.999351442	NA	01	4	4	01	4	4	1	1	4.50683985	01	0
chr11	101000000	chr13	24000000	3	01	3	01	0.954169631	NA	01	3	3	01	3	3	1	1	4.03951317	01	0
chr11	101000000	chr13	57000000	2	01	2	01	0.998789966	NA	01	2	2	01	2	2	1	1	4.42551302	01	0
chr11	101000000	chr13	53000000	8	01	8	01	0.999517441	NA	01	8	8	01	8	8	1	1	3.93641295	01	0
chr11	101000000	chr13	54000000	3	01	3	01	0.999789298	NA	01	3	3	01	3	3	1	1	4.31659008	01	0
chr11	101000000	chr13	28000000	2	01	2	01	0.987265825	NA	01	2	2	01	2	2	1	1	4.81259493	01	0
chr11	101000000	chr13	23000000	1	00	1	01	0.95287472	NA	01	0	0	01	0	0	3	1	3.74332361	01	0
chr11	102000000	chr13	55000000	4	01	4	01	0.999712169	NA	01	4	4	01	4	4	1	1	3.80297459	01	0
chr11	102000000	chr13	29000000	1	01	1	01	0.870633721	NA	01	1	1	01	1	1	1	1	3.94984764	01	0
chr11	102000000	chr13	54000000	2	01	2	01	0.982759476	NA	01	2	2	01	2	2	1	1	3.98662732	01	0
chr11	104000000	chr13	49000000	2	01	2	01	0.926294088	NA	01	2	2	01	2	2	1	1	3.85162757	01	0
chr11	104000000	chr13	48000000	1	01	1	01	0.996544302	NA	01	1	1	01	1	1	1	1	3.96721469	01	0
chr11	105000000	chr13	47000000	3	01	3	01	0.985155761	NA	01	3	3	01	3	3	1	1	4.05963542	01	0
chr11	105000000	chr13	49000000	5	01	5	01	0.999346077	NA	01	5	5	01	5	5	1	1	3.91955457	01	0
chr11	106000000	chr13	75000000	1	01	1	01	0.941533625	NA	01	1	1	01	1	1	1	1	4.17472474	01	0
chr11	107000000	chr13	24000000	1	01	1	01	0.783577621	NA	01	1	1	01	1	1	1	1	3.07784215	01	0
chr11	109000000	chr13	49000000	2	01	2	01	0.999929786	NA	01	2	2	01	2	2	1	1	4.19966882	01	0
chr11	109000000	chr13	48000000	4	01	4	01	0.999873161	NA	01	4	4	01	4	4	1	1	4.30170297	01	0
chr11	109000000	chr13	50000000	2	01	2	01	0.999858737	NA	01	2	2	01	2	2	1	1	3.8047255	01	0
chr11	110000000	chr13	50000000	2	01	2	01	0.999904871	NA	01	2	2	01	2	2	1	1	4.74073731	01	0
chr11	110000000	chr13	47000000	19	01	19	01	1	NA	01	19	19	01	19	19	1	1	4.96813738	01	0
chr11	110000000	chr13	49000000	1	01	1	01	0.989426136	NA	01	1	1	01	1	1	1	1	4.69690067	01	0
chr11	110000000	chr13	48000000	11	01	11	01	1	NA	01	11	11	01	11	11	1	1	4.90255882	01	0
chr11	111000000	chr13	47000000	8	01	8	01	1	NA	01	8	8	01	8	8	1	1	5.28558228	01	0
chr11	111000000	chr13	48000000	10	01	10	01	0.999999881	NA	01	10	10	01	10	10	1	1	5.25993191	01	0
chr11	111000000	chr13	80000000	5	01	5	01	0.999996305	NA	01	5	5	01	5	5	1	1	4.71206803	01	0
chr11	111000000	chr13	81000000	5	01	5	01	0.999940276	NA	01	5	5	01	5	5	1	1	4.42967321	01	0
chr11	111000000	chr13	85000000	8	01	8	01	0.999879479	NA	01	8	8	01	8	8	1	1	4.3832726	01	0
chr11	111000000	chr13	84000000	1	01	1	01	0.999849319	NA	01	1	1	01	1	1	1	1	4.17071384	01	0
chr11	111000000	chr13	83000000	1	01	1	01	0.894149542	NA	01	1	1	01	1	1	1	1	3.65029692	01	0
chr11	112000000	chr13	48000000	12	01	11	01	0.999998689	NA	01	11	11	01	11	11	1	1	5.18392542	01	0
chr11	112000000	chr13	46000000	2	01	2	01	0.999877214	NA	01	2	2	01	2	2	1	1	5.13361397	01	0
chr11	112000000	chr13	81000000	7	01	7	01	0.999992847	NA	01	7	7	01	7	7	1	1	4.78426467	01	0
chr11	112000000	chr13	85000000	2	01	2	01	0.999685884	NA	01	2	2	01	2	2	1	1	4.73406519	01	0
chr11	112000000	chr13	80000000	9	01	9	01	0.999982238	NA	01	9	9	01	9	9	1	1	5.01584842	01	0
chr11	112000000	chr13	47000000	1	01	1	01	0.998639524	NA	01	1	1	01	1	1	1	1	5.16791866	01	0
chr11	112000000	chr13	84000000	3	01	3	01	0.999966502	NA	01	3	3	01	3	3	1	1	4.55907928	01	0
chr11	112000000	chr13	51000000	1	01	1	01	0.959501505	NA	01	1	1	01	1	1	1	1	4.77137161	01	0
chr11	112000000	chr13	49000000	4	01	4	01	0.999990344	NA	01	4	4	01	4	4	1	1	4.8679626	01	0
chr11	113000000	chr13	81000000	2	01	2	01	0.90737468	NA	01	2	2	01	2	2	1	1	4.10010407	01	0
chr11	113000000	chr13	84000000	4	01	4	01	0.996417284	NA	01	4	4	01	4	4	1	1	3.86659112	01	0
chr11	113000000	chr13	85000000	2	01	2	01	0.999769747	NA	01	2	2	01	2	2	1	1	4.10704611	01	0
chr11	113000000	chr13	48000000	1	01	1	01	0.999697566	NA	01	1	1	01	1	1	1	1	5.17430943	01	0
chr11	114000000	chr13	55000000	1	01	1	01	0.928047538	NA	01	1	1	01	1	1	1	1	3.7600596	01	0
chr11	115000000	chr13	54000000	6	01	6	01	0.997891128	NA	01	6	6	01	6	6	1	1	3.91268141	01	0
chr11	115000000	chr13	55000000	10	01	10	01	0.999400616	NA	01	10	10	01	10	10	1	1	3.49875266	01	0
chr11	117000000	chr13	54000000	10	01	9	01	0.999935269	NA	01	9	9	01	9	9	1	1	4.0598855	01	0
chr11	117000000	chr13	59000000	1	01	1	01	0.864730716	NA	01	1	1	01	1	1	1	1	2.74530584	01	0
chr11	118000000	chr13	29000000	2	01	1	01	0.625366151	NA	01	1	1	01	1	2	1	1	4.18256339	01	0
chr11	118000000	chr13	54000000	3	01	3	01	0.999923706	NA	01	3	3	01	3	3	1	1	4.0593003	01	0
chr11	119000000	chr13	54000000	9	01	9	01	0.999997973	NA	01	9	9	01	9	9	1	1	4.23024461	01	0
chr11	119000000	chr13	55000000	6	01	6	01	0.999972701	NA	01	6	6	01	6	6	1	1	3.97528746	01	0
chr11	120000000	chr13	59000000	17	01	17	01	0.999396682	NA	01	17	17	01	17	17	1	1	2.85060506	01	0
chr11	120000000	chr13	58000000	4	01	4	01	0.999691844	NA	01	4	4	01	4	4	1	1	2.92130047	01	0
chr11	120000000	chr13	98000000	2	00	1	01	0.468124211	NA	01	1	1	01	1	1	3	1	3.25725488	01	0
chr11	120000000	chr13	54000000	2	01	2	01	0.999656081	NA	01	2	2	01	2	2	1	1	3.56523623	01	0
chr11	120000000	chr13	23000000	2	01	2	01	0.914067507	NA	01	2	2	01	2	2	1	1	3.38044915	01	0
chr11	120000000	chr13	29000000	3	01	3	01	0.948140085	NA	01	3	3	01	3	3	1	1	4.26222058	01	0
chr11	120000000	chr13	57000000	2	01	2	01	0.908908844	NA	01	2	2	01	2	2	1	1	3.45884512	01	0
chr11	120000000	chr13	67000000	5	01	5	01	0.998589814	NA	01	5	5	01	5	5	1	1	3.57749951	01	0
chr11	120000000	chr13	30000000	1	01	1	01	0.976326823	NA	01	1	1	01	1	1	1	1	3.69661945	01	0
chr11	120000000	chr13	68000000	1	01	1	01	0.963981986	NA	01	1	1	01	1	1	1	1	3.22288428	01	0
chr11	121000000	chr13	69000000	2	01	2	01	0.997573674	NA	01	2	2	01	2	2	1	1	3.51210062	01	0
chr11	121000000	chr13	27000000	4	01	4	01	0.912184477	NA	01	4	4	01	4	4	1	1	4.50367033	01	0
chr11	121000000	chr13	75000000	7	01	7	01	0.999911785	NA	01	7	7	01	7	7	1	1	3.64300262	01	0
chr11	121000000	chr13	28000000	2	01	2	01	0.784514964	NA	01	2	2	01	2	2	1	1	4.47026204	01	0
chr11	121000000	chr13	68000000	3	01	3	01	0.950137675	NA	01	3	3	01	3	3	1	1	3.48019313	01	0
chr11	121000000	chr13	72000000	1	01	1	01	0.99268806	NA	01	1	1	01	1	1	1	1	3.35665973	01	0
chr11	121000000	chr13	56000000	2	01	2	01	0.992915988	NA	01	2	2	01	2	2	1	1	3.91359908	01	0
chr11	121000000	chr13	57000000	3	01	3	01	0.999375522	NA	01	3	3	01	3	3	1	1	3.81550303	01	0
chr11	121000000	chr13	99000000	1	01	1	01	0.585609555	NA	01	1	1	01	1	1	1	1	3.92558648	01	0
chr11	49000000	chr14	13000000	8	11	7	11	0.99956733	NA	11	7	7	11	7	7	1	1	4.15091564	11	0
chr11	49000000	chr14	12000000	2	11	2	11	0.873466969	NA	11	2	2	11	2	2	1	1	3.74034684	11	0
chr11	50000000	chr14	13000000	2	11	2	11	0.784372985	NA	11	2	2	11	2	2	1	1	3.8679447	11	0
chr11	73000000	chr14	14000000	1	11	1	11	0.880122423	NA	11	1	1	11	1	1	1	1	2.8952968	11	0
chr11	73000000	chr14	15000000	2	11	2	11	0.915243745	NA	11	2	2	11	2	2	1	1	3.65854424	11	0
chr11	73000000	chr14	13000000	4	11	4	11	0.949343383	NA	11	4	4	11	4	4	1	1	4.00741485	11	0
chr11	73000000	chr14	12000000	1	11	1	11	0.771453917	NA	11	1	1	11	1	1	1	1	3.62419528	11	0
chr11	74000000	chr14	13000000	3	11	3	11	0.982889056	NA	11	3	3	11	3	3	1	1	4.13667053	11	0
chr11	75000000	chr14	121000000	2	11	2	11	0.778772235	NA	11	2	2	11	2	2	1	1	4.03878053	11	0
chr11	75000000	chr14	120000000	2	11	2	11	0.878089905	NA	11	2	2	11	2	2	1	1	3.7307081	11	0
chr11	75000000	chr14	12000000	1	10	1	11	0.72570008	NA	11	0	0	11	0	0	2	1	3.65559337	11	0
chr11	75000000	chr14	118000000	4	11	4	11	0.967517197	NA	11	4	4	11	4	4	1	1	4.25630098	11	0
chr11	75000000	chr14	13000000	1	11	1	11	0.898966312	NA	11	1	1	11	1	1	1	1	3.96387898	11	0
chr11	76000000	chr14	118000000	15	11	15	11	0.999859691	NA	11	15	15	11	15	15	1	1	4.24694194	11	0
chr11	76000000	chr14	121000000	8	11	8	11	0.99848938	NA	11	8	8	11	8	8	1	1	4.12505946	11	0
chr11	77000000	chr14	13000000	1	11	1	11	0.981679082	NA	11	1	1	11	1	1	1	1	4.08504473	11	0
chr11	90000000	chr14	13000000	1	11	1	11	0.849116266	NA	11	1	1	11	1	1	1	1	4.29670556	11	0
chr11	99000000	chr14	13000000	3	11	3	11	0.999723971	NA	11	3	3	11	3	3	1	1	4.43028927	11	0
chr11	99000000	chr14	12000000	2	11	2	11	0.987971008	NA	11	2	2	11	2	2	1	1	4.13698331	11	0
chr11	99000000	chr14	116000000	2	11	2	11	0.998948634	NA	11	2	2	11	2	2	1	1	4.02009693	11	0
chr11	99000000	chr14	121000000	1	11	1	11	0.918736994	NA	11	1	1	11	1	1	1	1	4.06703016	11	0
chr11	100000000	chr14	117000000	1	11	1	11	0.973805964	NA	11	1	1	11	1	1	1	1	4.21360906	11	0
chr11	100000000	chr14	121000000	6	11	6	11	0.999407649	NA	11	6	6	11	6	6	1	1	4.43765403	11	0
chr11	100000000	chr14	13000000	1	11	1	11	0.994903564	NA	11	1	1	11	1	1	1	1	4.50415178	11	0
chr11	100000000	chr14	116000000	1	11	1	11	0.998919845	NA	11	1	1	11	1	1	1	1	4.37288507	11	0
chr11	101000000	chr14	12000000	6	11	6	11	0.997296154	NA	11	6	6	11	6	6	1	1	3.92070242	11	0
chr11	101000000	chr14	118000000	10	11	10	11	0.999954939	NA	11	10	10	11	10	10	1	1	4.23887523	11	0
chr11	102000000	chr14	118000000	6	11	6	11	0.999989986	NA	11	6	6	11	6	6	1	1	3.8566365	11	0
chr11	103000000	chr14	118000000	7	11	7	11	0.999999523	NA	11	7	7	11	7	7	1	1	3.84124046	11	0
chr11	104000000	chr14	65000000	8	10	8	11	0.817522407	NA	11	0	0	11	0	0	2	1	1.961543	11	0
chr11	104000000	chr14	72000000	1	10	1	11	0.889896572	NA	11	0	0	11	0	0	2	1	2.62611772	11	0
chr11	104000000	chr14	67000000	7	10	7	11	0.917404056	NA	11	0	0	11	0	0	2	1	2.16533186	11	0
chr11	104000000	chr14	68000000	1	10	1	11	0.742776513	NA	11	0	0	11	0	0	2	1	2.32099715	11	0
chr11	104000000	chr14	69000000	1	10	1	11	0.81029743	NA	11	0	0	11	0	0	2	1	2.64840752	11	0
chr11	104000000	chr14	66000000	1	10	1	11	0.88935709	NA	11	0	0	11	0	0	2	1	2.60175467	11	0
chr11	104000000	chr14	11000000	11	11	11	11	0.999769747	NA	11	11	11	11	11	11	1	1	3.76440394	11	0
chr11	104000000	chr14	12000000	3	11	3	11	0.925903797	NA	11	3	3	11	3	3	1	1	3.578409	11	0
chr11	104000000	chr14	13000000	1	11	1	11	0.958971918	NA	11	1	1	11	1	1	1	1	3.82058505	11	0
chr11	105000000	chr14	12000000	2	11	2	11	0.830790758	NA	11	2	2	11	2	2	1	1	3.74136011	11	0
chr11	105000000	chr14	11000000	6	11	6	11	0.99811852	NA	11	6	6	11	6	6	1	1	3.71342171	11	0
chr11	105000000	chr14	21000000	1	11	1	11	0.760270596	NA	11	1	1	11	1	1	1	1	2.41711716	11	0
chr11	107000000	chr14	118000000	6	11	6	11	0.999677896	NA	11	6	6	11	6	6	1	1	3.64059575	11	0
chr11	108000000	chr14	118000000	8	11	8	11	0.999999762	NA	11	8	8	11	8	8	1	1	4.23907026	11	0
chr11	108000000	chr14	121000000	3	11	3	11	0.999808967	NA	11	3	3	11	3	3	1	1	4.06012551	11	0
chr11	108000000	chr14	12000000	1	11	1	11	0.831365705	NA	11	1	1	11	1	1	1	1	3.69533797	11	0
chr11	109000000	chr14	121000000	6	11	6	11	0.999999762	NA	11	6	6	11	6	6	1	1	4.77234616	11	0
chr11	109000000	chr14	118000000	9	11	9	11	1	NA	11	9	9	11	9	9	1	1	4.72862913	11	0
chr11	109000000	chr14	120000000	14	11	14	11	0.999993682	NA	11	14	14	11	14	14	1	1	4.5402092	11	0
chr11	109000000	chr14	119000000	1	11	1	11	0.988928854	NA	11	1	1	11	1	1	1	1	4.32312782	11	0
chr11	109000000	chr14	117000000	6	11	6	11	0.999995351	NA	11	6	6	11	6	6	1	1	4.53471051	11	0
chr11	109000000	chr14	116000000	1	11	1	11	0.992323995	NA	11	1	1	11	1	1	1	1	4.6753143	11	0
chr11	110000000	chr14	120000000	6	11	5	11	0.999979734	NA	11	5	5	11	5	5	1	1	4.78081272	11	0
chr11	110000000	chr14	117000000	14	11	14	11	1	NA	11	14	14	11	14	14	1	1	4.82299569	11	0
chr11	110000000	chr14	119000000	1	11	1	11	0.998478234	NA	11	1	1	11	1	1	1	1	4.68891921	11	0
chr11	110000000	chr14	116000000	2	11	2	11	0.999997139	NA	11	2	2	11	2	2	1	1	4.98590017	11	0
chr11	110000000	chr14	121000000	6	11	6	11	0.999991298	NA	11	6	6	11	6	6	1	1	4.9424964	11	0
chr11	111000000	chr14	117000000	9	11	9	11	0.999999404	NA	11	9	9	11	9	9	1	1	4.65051136	11	0
chr11	111000000	chr14	120000000	1	11	1	11	0.99921155	NA	11	1	1	11	1	1	1	1	4.8071628	11	0
chr11	111000000	chr14	116000000	2	11	2	11	0.999997973	NA	11	2	2	11	2	2	1	1	4.82196933	11	0
chr11	111000000	chr14	119000000	1	11	1	11	0.996765733	NA	11	1	1	11	1	1	1	1	4.56309655	11	0
chr11	112000000	chr14	12000000	1	11	1	11	0.941861749	NA	11	1	1	11	1	1	1	1	4.37968483	11	0
chr11	113000000	chr14	118000000	2	01	1	11	0.997514367	NA	11	1	1	11	1	1	4	1	4.1657054	11	0
chr11	113000000	chr14	12000000	1	11	1	11	0.934400976	NA	11	1	1	11	1	1	1	1	4.20125992	11	0
chr11	113000000	chr14	121000000	2	11	2	11	0.999974489	NA	11	2	2	11	2	2	1	1	4.28058919	11	0
chr11	114000000	chr14	118000000	2	11	2	11	0.937974393	NA	11	2	2	11	2	2	1	1	3.81565266	11	0
chr11	115000000	chr14	118000000	3	11	3	11	0.994559944	NA	11	3	3	11	3	3	1	1	3.90391241	11	0
chr11	118000000	chr14	118000000	4	11	4	11	0.999625564	NA	11	4	4	11	4	4	1	1	3.33950497	11	0
chr11	65000000	chr15	8000000	2	11	2	11	0.533729196	NA	11	2	2	11	2	2	1	1	3.91294945	11	0
chr11	67000000	chr15	8000000	2	11	2	11	0.46430999	NA	11	2	2	11	2	2	1	1	3.71011721	11	0
chr11	79000000	chr15	8000000	2	11	2	11	0.25	NA	00	0	0	11	2	2	1	1	4.02928596	11	0
chr11	87000000	chr17	50000000	4	00	4	00	0.872635186	NA	00	4	4	00	4	4	1	1	6.52970574	00	0
chr11	87000000	chr17	66000000	4	00	4	00	0.771564782	NA	00	4	4	00	4	4	1	1	6.47489762	00	0
chr11	120000000	chr17	28000000	5	00	5	00	0.663929701	NA	00	5	5	00	5	5	1	1	4.39505727	00	0
chr11	120000000	chr17	25000000	2	00	2	00	0.456261873	NA	00	2	2	00	2	2	1	1	4.10428717	00	0
chr11	53000000	chr19	47000000	1	11	1	01	0.758358419	NA	01	0	0	01	0	0	2	1	3.96254413	01	0
chr11	59000000	chr19	12000000	1	11	1	01	0.982901335	NA	01	0	0	01	0	0	3	1	2.84605032	01	0
chr11	62000000	chr19	5000000	2	10	1	01	0.955854177	NA	01	0	0	01	0	1	3	1	3.81964489	01	0
chr11	63000000	chr19	47000000	14	11	14	01	0.999784529	NA	01	0	0	01	0	0	2	1	4.23798656	01	0
chr11	63000000	chr19	17000000	3	11	3	01	0.959077001	NA	01	0	0	01	0	0	2	1	3.99648548	01	0
chr11	64000000	chr19	19000000	4	11	4	01	0.998308539	NA	01	0	0	01	0	0	2	1	3.95420537	01	0
chr11	64000000	chr19	17000000	1	11	1	01	0.931062937	NA	01	0	0	01	0	0	2	1	4.11944998	01	0
chr11	64000000	chr19	11000000	4	11	4	01	0.974109352	NA	01	0	0	01	0	0	3	1	1.43093116	01	0
chr11	64000000	chr19	47000000	2	11	2	01	0.997563004	NA	01	0	0	01	0	0	2	1	4.37220729	01	0
chr11	65000000	chr19	47000000	11	11	11	01	0.999475181	NA	01	0	0	01	0	0	2	1	4.13250794	01	0
chr11	65000000	chr19	11000000	8	11	8	01	0.963735163	NA	01	0	0	01	0	0	3	1	1.10828401	01	0
chr11	65000000	chr19	17000000	2	11	2	01	0.995077312	NA	01	0	0	01	0	0	2	1	3.85397886	01	0
chr11	65000000	chr19	19000000	3	11	3	01	0.979018092	NA	01	0	0	01	0	0	3	1	3.71009445	01	0
chr11	67000000	chr19	47000000	8	11	8	01	0.999396324	NA	01	0	0	01	0	0	2	1	4.30346088	01	0
chr11	67000000	chr19	11000000	7	11	7	01	0.941472948	NA	01	0	0	01	0	0	3	1	1.32656579	01	0
chr11	67000000	chr19	17000000	4	11	4	01	0.956427217	NA	01	0	0	01	0	0	2	1	4.04486074	01	0
chr11	67000000	chr19	19000000	1	11	1	01	0.908728898	NA	01	0	0	01	0	0	3	1	3.85436567	01	0
chr11	67000000	chr19	12000000	2	11	2	01	0.879072309	NA	01	0	0	01	0	0	3	1	2.06296984	01	0
chr11	68000000	chr19	47000000	5	11	4	01	0.999558032	NA	01	0	0	01	0	0	2	1	4.62902741	01	0
chr11	68000000	chr19	17000000	2	01	1	01	0.991563797	NA	01	1	1	01	1	1	1	1	4.40939003	01	0
chr11	68000000	chr19	12000000	2	11	2	01	0.980500817	NA	01	0	0	01	0	0	3	1	2.35779393	01	0
chr11	68000000	chr19	41000000	2	11	2	01	0.988313019	NA	01	0	0	01	0	0	2	1	4.13873243	01	0
chr11	68000000	chr19	43000000	2	11	2	01	0.878761768	NA	01	0	0	01	0	0	2	1	3.91256533	01	0
chr11	68000000	chr19	42000000	1	11	1	01	0.883678973	NA	01	0	0	01	0	0	2	1	4.24966548	01	0
chr11	69000000	chr19	42000000	5	11	5	01	0.999253213	NA	01	0	0	01	0	0	2	1	3.95954554	01	0
chr11	69000000	chr19	41000000	1	11	1	01	0.995655179	NA	01	0	0	01	0	0	2	1	4.08406456	01	0
chr11	70000000	chr19	42000000	13	11	13	01	0.999111235	NA	01	0	0	01	0	0	2	1	3.22924295	01	0
chr11	70000000	chr19	41000000	1	11	1	01	0.986828864	NA	01	0	0	01	0	0	2	1	3.30189058	01	0
chr11	70000000	chr19	5000000	1	11	1	01	0.866279244	NA	01	0	0	01	0	0	2	1	3.27804566	01	0
chr11	79000000	chr19	11000000	2	11	2	01	0.475223869	NA	01	0	0	01	0	0	3	1	0.860559119	01	0
chr11	79000000	chr19	46000000	7	11	7	01	0.999406457	NA	01	0	0	01	0	0	2	1	4.09393523	01	0
chr11	79000000	chr19	21000000	1	11	1	01	0.479227155	NA	01	0	0	01	0	0	3	1	2.14985236	01	0
chr11	86000000	chr19	47000000	1	11	1	01	0.778408706	NA	01	0	0	01	0	0	2	1	3.72772645	01	0
chr11	97000000	chr19	45000000	1	11	1	01	0.996237874	NA	01	0	0	01	0	0	2	1	4.72703056	01	0
chr11	97000000	chr19	46000000	1	11	1	01	0.958354056	NA	01	0	0	01	0	0	2	1	4.71163742	01	0
chr11	98000000	chr19	46000000	1	11	1	01	0.95957154	NA	01	0	0	01	0	0	2	1	5.30040237	01	0
chr11	104000000	chr19	45000000	1	11	1	01	0.876101136	NA	01	0	0	01	0	0	2	1	4.18829815	01	0
chr11	115000000	chr19	46000000	2	11	2	01	0.999997735	NA	01	0	0	01	0	0	2	1	5.47092308	01	0
chr11	115000000	chr19	10000000	2	11	2	01	0.922724545	NA	01	0	0	01	0	0	3	1	1.82719367	01	0
chr11	115000000	chr19	44000000	3	11	3	01	0.999596894	NA	01	0	0	01	0	0	2	1	5.05492642	01	0
chr11	115000000	chr19	9000000	1	11	1	01	0.934810817	NA	01	0	0	01	0	0	3	1	2.90082879	01	0
chr11	116000000	chr19	43000000	5	11	5	01	0.996987522	NA	01	0	0	01	0	0	2	1	4.28188955	01	0
chr11	116000000	chr19	44000000	2	11	2	01	0.986654103	NA	01	0	0	01	0	0	2	1	4.38346017	01	0
chr11	116000000	chr19	9000000	2	01	1	01	0.964362442	NA	01	1	1	01	1	1	1	1	2.59844994	01	0
chr11	116000000	chr19	45000000	2	11	2	01	0.999093771	NA	01	0	0	01	0	0	2	1	4.87342451	01	0
chr11	117000000	chr19	6000000	1	11	1	01	0.842397749	NA	01	0	0	01	0	0	3	1	4.60149914	01	0
chr11	117000000	chr19	45000000	3	11	3	01	0.999632716	NA	01	0	0	01	0	0	2	1	4.88064071	01	0
chr11	118000000	chr19	6000000	12	11	11	01	0.999996901	NA	01	0	0	01	0	1	3	1	4.82390782	01	0
chr11	118000000	chr19	45000000	1	11	1	01	0.985289872	NA	01	0	0	01	0	0	2	1	5.07009225	01	0
chr11	119000000	chr19	6000000	10	11	9	01	0.999817073	NA	01	1	1	01	1	1	3	1	4.61498445	01	0
chr11	119000000	chr19	5000000	6	10	5	01	0.972090781	NA	01	0	0	01	0	5	2	1	4.45327699	01	0
chr11	119000000	chr19	25000000	1	11	1	01	0.491802305	NA	01	0	0	01	0	0	2	1	3.14495495	01	0
chr11	119000000	chr19	44000000	1	11	1	01	0.995471239	NA	01	0	0	01	0	0	2	1	4.50851604	01	0
chr11	120000000	chr19	43000000	1	11	1	01	0.870262325	NA	01	0	0	01	0	0	2	1	3.92672185	01	0
chr11	120000000	chr19	45000000	4	10	2	01	0.999935031	NA	01	0	0	01	0	2	4	1	4.72318196	01	0
chr11	120000000	chr19	44000000	5	11	5	01	0.999840856	NA	01	0	0	01	0	0	2	1	4.39903468	01	0
chr11	120000000	chr19	6000000	5	11	5	01	0.999940634	NA	01	0	0	01	0	0	2	1	4.51347308	01	0
chr11	120000000	chr19	5000000	8	11	8	01	0.999991775	NA	01	0	0	01	0	0	3	1	4.45662023	01	0
chr11	120000000	chr19	25000000	1	11	1	01	0.396488428	NA	01	0	0	01	0	0	2	1	2.80016067	01	0
chr11	121000000	chr19	42000000	1	11	1	01	0.988411844	NA	01	0	0	01	0	0	2	1	4.70635293	01	0
chr11	121000000	chr19	6000000	4	11	4	01	0.999382973	NA	01	0	0	01	0	0	3	1	4.7556317	01	0
chr11	121000000	chr19	45000000	2	11	2	01	0.99733609	NA	01	0	0	01	0	0	2	1	5.67756655	01	0
chr11	121000000	chr19	46000000	4	11	4	01	0.999988317	NA	01	0	0	01	0	0	2	1	5.40931123	01	0
chr11	6000000	chrX	9000000	1	01	1	01	0.999056756	NA	01	1	1	01	1	1	1	1	4.61176214	01	0
chr11	6000000	chrX	10000000	2	01	2	01	0.996933699	NA	01	2	2	01	2	2	1	1	4.28185149	01	0
chr11	7000000	chrX	10000000	4	01	4	01	0.999660134	NA	01	4	4	01	4	4	1	1	4.86739585	01	0
chr11	7000000	chrX	11000000	5	01	5	01	0.998553932	NA	01	5	5	01	5	5	1	1	4.93744918	01	0
chr11	7000000	chrX	12000000	14	01	14	01	0.999956489	NA	01	14	14	01	14	14	1	1	4.60689484	01	0
chr11	7000000	chrX	9000000	1	01	1	01	0.999321818	NA	01	1	1	01	1	1	1	1	5.15374108	01	0
chr11	8000000	chrX	13000000	1	01	1	01	0.986183167	NA	01	1	1	01	1	1	1	1	4.38705044	01	0
chr11	8000000	chrX	10000000	1	01	1	01	0.996824026	NA	01	1	1	01	1	1	1	1	4.57880479	01	0
chr11	8000000	chrX	9000000	4	01	4	01	0.999914765	NA	01	4	4	01	4	4	1	1	4.78192586	01	0
chr11	8000000	chrX	11000000	4	01	4	01	0.999918222	NA	01	4	4	01	4	4	1	1	4.64420903	01	0
chr11	10000000	chrX	12000000	1	01	1	01	0.99901402	NA	01	1	1	01	1	1	1	1	4.91040965	01	0
chr11	13000000	chrX	12000000	1	01	1	01	0.908239961	NA	01	1	1	01	1	1	1	1	4.12186247	01	0
chr11	23000000	chrX	94000000	1	01	1	01	0.790041924	NA	01	1	1	01	1	1	1	1	5.43822465	01	0
chr11	23000000	chrX	96000000	1	01	1	01	0.671714544	NA	01	1	1	01	1	1	1	1	5.40755529	01	0
chr11	23000000	chrX	136000000	3	01	3	01	0.998217881	NA	01	3	3	01	3	3	1	1	5.78827258	01	0
chr11	23000000	chrX	60000000	1	01	1	01	0.492550611	NA	01	1	1	01	1	1	1	1	5.6063433	01	0
chr11	23000000	chrX	135000000	1	01	1	01	0.999020219	NA	01	1	1	01	1	1	1	1	5.84638423	01	0
chr11	23000000	chrX	83000000	1	01	1	01	0.989050508	NA	01	1	1	01	1	1	1	1	5.8215209	01	0
chr11	23000000	chrX	134000000	3	01	3	01	0.999986649	NA	01	3	3	01	3	3	1	1	5.8543596	01	0
chr11	24000000	chrX	39000000	4	01	4	01	0.989467084	NA	01	4	4	01	4	4	1	1	5.04407924	01	0
chr11	25000000	chrX	39000000	4	01	4	01	0.999657869	NA	01	4	4	01	4	4	1	1	5.23356032	01	0
chr11	25000000	chrX	135000000	4	01	4	01	0.999951363	NA	01	4	4	01	4	4	1	1	5.46603692	01	0
chr11	25000000	chrX	83000000	1	01	1	01	0.885394871	NA	01	1	1	01	1	1	1	1	5.50892415	01	0
chr11	25000000	chrX	133000000	3	01	3	01	0.999999523	NA	01	3	3	01	3	3	1	1	5.63911935	01	0
chr11	25000000	chrX	84000000	5	01	5	01	0.994513988	NA	01	5	5	01	5	5	1	1	5.55976701	01	0
chr11	26000000	chrX	134000000	1	01	1	01	0.995266795	NA	01	1	1	01	1	1	1	1	4.22858827	01	0
chr11	27000000	chrX	128000000	3	01	3	01	0.997951925	NA	01	3	3	01	3	3	1	1	4.86955703	01	0
chr11	27000000	chrX	147000000	1	01	1	01	0.840838432	NA	01	1	1	01	1	1	1	1	4.78323855	01	0
chr11	27000000	chrX	133000000	2	01	2	01	0.999998927	NA	01	2	2	01	2	2	1	1	4.82381924	01	0
chr11	29000000	chrX	121000000	1	01	1	01	0.938973367	NA	01	1	1	01	1	1	1	1	5.60108085	01	0
chr11	29000000	chrX	151000000	3	01	3	01	0.966330051	NA	01	3	3	01	3	3	1	1	5.59215691	01	0
chr11	29000000	chrX	134000000	2	01	2	01	0.99997592	NA	01	2	2	01	2	2	1	1	5.84115416	01	0
chr11	41000000	chrX	39000000	5	01	5	01	0.999950171	NA	01	5	5	01	5	5	1	1	8.12686184	01	0
chr11	51000000	chrX	85000000	6	01	6	01	0.999636292	NA	01	6	6	01	6	6	1	1	7.49010725	01	0
chr11	51000000	chrX	84000000	2	01	2	01	0.997146666	NA	01	2	2	01	2	2	1	1	7.80975005	01	0
chr11	51000000	chrX	39000000	1	01	1	01	0.940166593	NA	01	1	1	01	1	1	1	1	7.76011562	01	0
chr11	52000000	chrX	60000000	1	01	1	11	0.25	NA	00	0	0	01	1	0	1	2	6.33460581	01	0
chr11	53000000	chrX	94000000	1	01	1	01	0.848144412	NA	01	1	1	01	1	1	1	1	5.80334273	01	0
chr11	53000000	chrX	96000000	1	00	1	01	0.610763907	NA	01	0	0	01	0	0	3	1	5.77298312	01	0
chr11	71000000	chrX	39000000	1	01	1	01	0.933627129	NA	01	1	1	01	1	1	1	1	6.09904816	01	0
chr11	77000000	chrX	93000000	1	01	1	01	0.955065191	NA	01	1	1	01	1	1	1	1	6.53597363	01	0
chr11	80000000	chrX	134000000	1	01	1	01	0.999974966	NA	01	1	1	01	1	1	1	1	7.58617121	01	0
chr11	80000000	chrX	151000000	1	01	1	01	1	NA	01	1	1	01	1	1	1	1	7.76795773	01	0
chr11	86000000	chrX	151000000	2	01	2	01	0.999998808	NA	01	2	2	01	2	2	1	1	7.26567178	01	0
chr11	86000000	chrX	157000000	2	01	2	01	0.994029641	NA	01	2	2	01	2	2	1	1	7.29156692	01	0
chr11	86000000	chrX	158000000	2	01	2	01	0.999996662	NA	01	2	2	01	2	2	1	1	7.21890749	01	0
chr11	86000000	chrX	153000000	1	01	1	01	0.996411502	NA	01	1	1	01	1	1	1	1	7.03120514	01	0
chr11	86000000	chrX	162000000	1	01	1	01	0.999878287	NA	01	1	1	01	1	1	1	1	6.97529045	01	0
chr11	87000000	chrX	158000000	1	01	1	01	0.998426199	NA	01	1	1	01	1	1	1	1	6.63987425	01	0
chr11	87000000	chrX	167000000	1	11	1	01	0.999924183	NA	01	0	0	01	0	0	3	1	7.22837498	01	0
chr11	87000000	chrX	169000000	6	01	6	01	0.998039067	NA	01	6	6	01	6	6	1	1	7.11452431	01	0
chr11	87000000	chrX	137000000	8	01	8	01	0.999999404	NA	01	8	8	01	8	8	1	1	6.73822738	01	0
chr11	87000000	chrX	138000000	5	01	5	01	0.999998331	NA	01	5	5	01	5	5	1	1	6.1916387	01	0
chr11	87000000	chrX	163000000	1	01	1	01	0.987671375	NA	01	1	1	01	1	1	1	1	6.62489039	01	0
chr11	87000000	chrX	159000000	1	01	1	01	0.999600112	NA	01	1	1	01	1	1	1	1	6.95396019	01	0
chr11	88000000	chrX	138000000	7	01	7	01	0.999998689	NA	01	7	7	01	7	7	1	1	6.63085401	01	0
chr11	88000000	chrX	151000000	1	11	1	01	0.999922872	NA	01	0	0	01	0	0	3	1	7.03923907	01	0
chr11	88000000	chrX	103000000	6	01	6	01	0.999206364	NA	01	6	6	01	6	6	1	1	6.49882132	01	0
chr11	88000000	chrX	140000000	1	01	1	01	0.987706959	NA	01	1	1	01	1	1	1	1	5.94519874	01	0
chr11	88000000	chrX	139000000	2	01	2	01	0.999839544	NA	01	2	2	01	2	2	1	1	6.25280191	01	0
chr11	88000000	chrX	145000000	1	01	1	01	0.999932528	NA	01	1	1	01	1	1	1	1	7.94962114	01	0
chr11	88000000	chrX	159000000	2	01	2	01	0.999973059	NA	01	2	2	01	2	2	1	1	6.97923861	01	0
chr11	88000000	chrX	146000000	3	01	3	01	1	NA	01	3	3	01	3	3	1	1	8.06090791	01	0
chr11	88000000	chrX	137000000	1	01	1	01	0.999999523	NA	01	1	1	01	1	1	1	1	7.31080594	01	0
chr11	88000000	chrX	153000000	1	01	1	01	0.999999881	NA	01	1	1	01	1	1	1	1	7.81485891	01	0
chr11	89000000	chrX	155000000	14	01	14	01	1	NA	01	14	14	01	14	14	1	1	8.44054552	01	0
chr11	89000000	chrX	156000000	10	01	10	01	1	NA	01	10	10	01	10	10	1	1	8.01358369	01	0
chr11	89000000	chrX	157000000	5	01	5	01	1	NA	01	5	5	01	5	5	1	1	7.66497593	01	0
chr11	89000000	chrX	162000000	2	01	2	01	0.999999642	NA	01	2	2	01	2	2	1	1	7.50290451	01	0
chr11	89000000	chrX	158000000	3	01	3	01	1	NA	01	3	3	01	3	3	1	1	7.90031305	01	0
chr11	90000000	chrX	158000000	2	01	2	01	1	NA	01	2	2	01	2	2	1	1	7.90019644	01	0
chr11	90000000	chrX	162000000	2	01	2	01	0.999998093	NA	01	2	2	01	2	2	1	1	7.66796134	01	0
chr11	90000000	chrX	156000000	8	01	8	01	1	NA	01	8	8	01	8	8	1	1	8.28444916	01	0
chr11	90000000	chrX	155000000	5	01	5	01	1	NA	01	5	5	01	5	5	1	1	8.60811948	01	0
chr11	91000000	chrX	156000000	5	01	5	01	1	NA	01	5	5	01	5	5	1	1	8.29834272	01	0
chr11	92000000	chrX	156000000	2	01	2	01	0.999999642	NA	01	2	2	01	2	2	1	1	8.09655248	01	0
chr11	102000000	chrX	151000000	4	01	4	01	0.999630451	NA	01	4	4	01	4	4	1	1	7.0928371	01	0
chr11	102000000	chrX	155000000	1	01	1	01	0.99998045	NA	01	1	1	01	1	1	1	1	7.28443034	01	0
chr11	104000000	chrX	162000000	1	01	1	01	0.989051282	NA	01	1	1	01	1	1	1	1	7.71640471	01	0
chr11	104000000	chrX	156000000	2	01	2	01	0.999999642	NA	01	2	2	01	2	2	1	1	7.85992237	01	0
chr11	104000000	chrX	155000000	1	01	1	01	0.999998569	NA	01	1	1	01	1	1	1	1	7.56544906	01	0
chr11	105000000	chrX	155000000	2	01	2	01	0.999991536	NA	01	2	2	01	2	2	1	1	7.82877959	01	0
chr11	105000000	chrX	156000000	11	01	11	01	1	NA	01	11	11	01	11	11	1	1	8.16302012	01	0
chr11	106000000	chrX	156000000	1	01	1	01	0.99949789	NA	01	1	1	01	1	1	1	1	7.48492479	01	0
chr11	107000000	chrX	162000000	5	01	5	01	0.999999523	NA	01	5	5	01	5	5	1	1	7.06626126	01	0
chr11	107000000	chrX	164000000	1	01	1	01	0.999880791	NA	01	1	1	01	1	1	1	1	7.23794702	01	0
chr11	107000000	chrX	161000000	4	01	4	01	0.996842027	NA	01	4	4	01	4	4	1	1	6.86135883	01	0
chr11	107000000	chrX	160000000	2	01	2	01	0.999829888	NA	01	2	2	01	2	2	1	1	6.81761597	01	0
chr11	107000000	chrX	158000000	2	01	2	01	1	NA	01	2	2	01	2	2	1	1	7.34997123	01	0
chr11	109000000	chrX	156000000	2	01	2	01	0.998764753	NA	01	2	2	01	2	2	1	1	8.11888959	01	0
chr11	109000000	chrX	155000000	4	01	4	01	0.999999762	NA	01	4	4	01	4	4	1	1	8.00106996	01	0
chr11	109000000	chrX	163000000	2	01	1	01	0.990622103	NA	01	1	1	01	1	1	1	1	7.03253063	01	0
chr11	109000000	chrX	162000000	6	01	6	01	0.999999642	NA	01	6	6	01	6	6	1	1	7.65425036	01	0
chr11	110000000	chrX	162000000	16	01	16	01	1	NA	01	16	16	01	16	16	1	1	7.77386205	01	0
chr11	110000000	chrX	155000000	6	01	6	01	1	NA	01	6	6	01	6	6	1	1	7.97454885	01	0
chr11	110000000	chrX	161000000	1	01	1	01	0.999969244	NA	01	1	1	01	1	1	1	1	7.16820064	01	0
chr11	111000000	chrX	162000000	2	01	2	01	0.999986887	NA	01	2	2	01	2	2	1	1	7.45443514	01	0
chr12	11000000	chr13	6000000	1	11	1	01	0.999095321	NA	01	0	0	01	0	0	4	1	3.07809937	01	0
chr12	11000000	chr13	9000000	2	11	2	01	0.958597481	NA	01	0	0	01	0	0	4	1	3.009904	01	0
chr12	11000000	chr13	8000000	20	11	19	01	0.999985814	NA	01	1	1	01	1	1	4	1	2.69847414	01	0
chr12	12000000	chr13	4000000	2	11	2	01	0.96704334	NA	01	0	0	01	0	0	4	1	1.72668146	01	0
chr12	12000000	chr13	8000000	3	11	3	01	0.999842763	NA	01	0	0	01	0	0	4	1	2.66362921	01	0
chr12	12000000	chr13	6000000	4	11	4	01	0.999856591	NA	01	0	0	01	0	0	4	1	3.24703937	01	0
chr12	12000000	chr13	9000000	8	11	8	01	0.999730408	NA	01	0	0	01	0	0	4	1	3.07313025	01	0
chr12	12000000	chr13	15000000	1	10	1	01	0.964496255	NA	01	0	0	01	0	1	2	1	2.22260155	01	0
chr12	13000000	chr13	16000000	6	11	6	01	0.99960047	NA	01	0	0	01	0	0	4	1	2.65514539	01	0
chr12	13000000	chr13	14000000	20	11	20	01	0.999958754	NA	01	0	0	01	0	0	4	1	2.58357121	01	0
chr12	13000000	chr13	15000000	12	11	12	01	0.999115288	NA	01	0	0	01	0	0	4	1	2.3184973	01	0
chr12	13000000	chr13	13000000	2	11	2	01	0.991503477	NA	01	0	0	01	0	0	4	1	2.31004314	01	0
chr12	13000000	chr13	17000000	1	11	1	01	0.738224387	NA	01	0	0	01	0	0	4	1	2.17758615	01	0
chr12	14000000	chr13	14000000	13	11	13	01	0.997704804	NA	01	0	0	01	0	0	4	1	2.51736002	01	0
chr12	14000000	chr13	13000000	2	11	2	01	0.998574734	NA	01	0	0	01	0	0	4	1	2.54833593	01	0
chr12	14000000	chr13	15000000	3	11	3	01	0.999427199	NA	01	0	0	01	0	0	4	1	2.33883658	01	0
chr12	15000000	chr13	16000000	3	10	2	01	0.962613285	NA	01	0	0	01	0	2	2	1	1.82440041	01	0
chr12	16000000	chr13	13000000	2	11	2	01	0.658686876	NA	01	0	0	01	0	0	4	1	1.62031315	01	0
chr12	25000000	chr13	36000000	4	11	4	10	0.911606133	NA	10	0	0	10	0	0	4	1	2.05674137	10	0
chr12	25000000	chr13	37000000	2	11	2	10	0.945865512	NA	10	0	0	10	0	0	4	1	1.65513279	10	0
chr12	26000000	chr13	36000000	4	11	4	10	0.992253244	NA	10	0	0	10	0	0	4	1	1.79053258	10	0
chr12	26000000	chr13	37000000	1	11	1	10	0.908057988	NA	10	0	0	10	0	0	4	1	1.36092758	10	0
chr12	28000000	chr13	74000000	1	10	1	10	0.606205821	NA	10	1	1	10	1	1	1	1	1.74587606	10	0
chr12	28000000	chr13	75000000	4	10	4	10	0.940678716	NA	10	4	4	10	4	4	1	1	2.04031368	10	0
chr12	29000000	chr13	75000000	8	10	8	10	0.956141472	NA	10	8	8	10	8	8	1	1	1.38903235	10	0
chr12	29000000	chr13	74000000	1	10	1	10	0.455793113	NA	10	1	1	10	1	1	1	1	1.17878732	10	0
chr12	30000000	chr13	75000000	6	10	6	10	0.885215938	NA	10	6	6	10	6	6	1	1	1.07678856	10	0
chr12	30000000	chr13	41000000	1	10	1	10	0.729337752	NA	10	1	1	10	1	1	1	1	1.18384965	10	0
chr12	30000000	chr13	42000000	5	10	5	10	0.995618761	NA	10	5	5	10	5	5	1	1	1.79869715	10	0
chr12	30000000	chr13	43000000	3	10	3	10	0.946647167	NA	10	3	3	10	3	3	1	1	1.34108029	10	0
chr12	31000000	chr13	38000000	3	10	3	10	0.696552813	NA	10	3	3	10	3	3	1	1	0.660091074	10	0
chr12	31000000	chr13	42000000	3	10	3	10	0.980777442	NA	10	3	3	10	3	3	1	1	1.59691785	10	0
chr12	31000000	chr13	43000000	9	10	9	10	0.876826584	NA	10	9	9	10	9	9	1	1	0.770571658	10	0
chr12	31000000	chr13	36000000	17	10	17	10	0.999633908	NA	10	17	17	10	17	17	1	1	2.09385999	10	0
chr12	31000000	chr13	44000000	19	10	19	10	0.993015766	NA	10	19	19	10	19	19	1	1	1.36514388	10	0
chr12	31000000	chr13	37000000	10	10	10	10	0.999117434	NA	10	10	10	10	10	10	1	1	1.63931912	10	0
chr12	31000000	chr13	31000000	2	10	2	10	0.797302723	NA	10	2	2	10	2	2	1	1	1.45994589	10	0
chr12	31000000	chr13	32000000	3	10	3	10	0.884587228	NA	10	3	3	10	3	3	1	1	1.32522747	10	0
chr12	32000000	chr13	36000000	3	10	3	10	0.826752663	NA	10	3	3	10	3	3	1	1	1.94903267	10	0
chr12	32000000	chr13	37000000	5	10	5	10	0.989071965	NA	10	5	5	10	5	5	1	1	1.52310329	10	0
chr12	33000000	chr13	44000000	2	10	2	10	0.878201306	NA	10	2	2	10	2	2	1	1	2.29805251	10	0
chr12	33000000	chr13	37000000	1	10	1	10	0.930992901	NA	10	1	1	10	1	1	1	1	2.62884878	10	0
chr12	34000000	chr13	37000000	6	10	6	10	0.999965906	NA	10	6	6	10	6	6	1	1	3.13674711	10	0
chr12	34000000	chr13	42000000	1	10	1	10	0.710004091	NA	10	1	1	10	1	1	1	1	2.62568465	10	0
chr12	34000000	chr13	36000000	7	10	7	10	0.999982476	NA	10	7	7	10	7	7	1	1	3.27046966	10	0
chr12	34000000	chr13	44000000	1	00	1	10	0.968978405	NA	10	0	0	10	0	0	3	1	2.72565205	10	0
chr12	35000000	chr13	14000000	1	10	1	01	0.439789951	NA	01	0	0	01	0	1	2	1	0.740215038	01	0
chr12	35000000	chr13	15000000	1	10	1	01	0.476493508	NA	01	0	0	01	0	1	2	1	0.814457157	01	0
chr12	35000000	chr13	36000000	4	10	4	10	0.999828339	NA	10	4	4	10	4	4	1	1	3.05782482	10	0
chr12	35000000	chr13	37000000	4	10	4	10	0.999943018	NA	10	4	4	10	4	4	1	1	3.02786203	10	0
chr12	36000000	chr13	37000000	7	10	7	10	0.997882307	NA	10	7	7	10	7	7	1	1	2.36074756	10	0
chr12	36000000	chr13	15000000	1	10	1	01	0.869786561	NA	01	0	0	01	0	1	2	1	1.49848652	01	0
chr12	36000000	chr13	13000000	3	11	2	01	0.734960496	NA	01	0	0	01	0	1	3	1	1.26224158	01	0
chr12	36000000	chr13	36000000	2	10	2	10	0.971950233	NA	10	2	2	10	2	2	1	1	2.69794165	10	0
chr12	37000000	chr13	32000000	1	10	1	10	0.785848022	NA	10	1	1	10	1	1	1	1	2.34670238	10	0
chr12	37000000	chr13	37000000	1	10	1	10	0.986473083	NA	10	1	1	10	1	1	1	1	2.66478933	10	0
chr12	38000000	chr13	15000000	1	10	1	01	0.82318151	NA	01	0	0	01	0	1	2	1	1.63224622	01	0
chr12	38000000	chr13	10000000	2	10	2	01	0.974082887	NA	01	0	0	01	0	2	2	1	2.23177135	01	0
chr12	38000000	chr13	11000000	14	10	13	01	0.999540329	NA	01	0	0	01	0	13	2	1	1.94452832	01	0
chr12	39000000	chr13	12000000	2	10	2	01	0.970765054	NA	01	0	0	01	0	2	2	1	1.00074642	01	0
chr12	39000000	chr13	15000000	13	10	13	01	0.998730361	NA	01	0	0	01	0	13	2	1	1.32326079	01	0
chr12	39000000	chr13	14000000	8	10	8	01	0.996037304	NA	01	0	0	01	0	8	2	1	1.52711833	01	0
chr12	39000000	chr13	10000000	1	10	1	01	0.765773475	NA	01	0	0	01	0	1	2	1	1.90081641	01	0
chr12	39000000	chr13	11000000	4	10	4	01	0.99882406	NA	01	0	0	01	0	4	2	1	1.7090887	01	0
chr12	40000000	chr13	11000000	4	10	3	01	0.967384934	NA	01	0	0	01	0	3	2	1	1.12772912	01	0
chr12	42000000	chr13	60000000	12	11	12	10	0.850431442	NA	10	0	0	10	0	0	4	1	1.47847108	10	0
chr12	42000000	chr13	37000000	2	11	2	10	0.712929606	NA	10	0	0	10	0	0	4	1	2.06465704	10	0
chr12	42000000	chr13	36000000	2	11	2	10	0.583594501	NA	10	0	0	10	0	0	4	1	1.94601369	10	0
chr12	42000000	chr13	59000000	2	11	2	10	0.557929099	NA	10	0	0	10	0	0	4	1	1.31707125	10	0
chr12	42000000	chr13	32000000	3	11	3	10	0.933888972	NA	10	0	0	10	0	0	4	1	1.76909929	10	0
chr12	42000000	chr13	31000000	4	11	4	10	0.831737459	NA	10	0	0	10	0	0	4	1	1.78109788	10	0
chr12	42000000	chr13	18000000	3	11	3	01	0.894780159	NA	01	0	0	01	0	0	3	1	1.10632763	01	0
chr12	42000000	chr13	61000000	1	11	1	10	0.566318214	NA	10	0	0	10	0	0	4	1	1.05837878	10	0
chr12	43000000	chr13	60000000	10	11	10	10	0.740697801	NA	10	0	0	10	0	0	4	1	1.22337911	10	0
chr12	43000000	chr13	19000000	9	11	9	01	0.997596085	NA	01	0	0	01	0	0	3	1	2.38654927	01	0
chr12	43000000	chr13	36000000	2	11	2	10	0.616814852	NA	10	0	0	10	0	0	4	1	2.65399306	10	0
chr12	43000000	chr13	11000000	8	11	8	01	0.996883214	NA	01	0	0	01	0	0	3	1	2.0486913	01	0
chr12	43000000	chr13	18000000	5	11	5	01	0.978648484	NA	01	0	0	01	0	0	3	1	1.96032163	01	0
chr12	43000000	chr13	17000000	4	11	4	01	0.95225507	NA	01	0	0	01	0	0	3	1	1.31857111	01	0
chr12	43000000	chr13	12000000	2	11	2	01	0.831486702	NA	01	0	0	01	0	0	3	1	0.793587919	01	0
chr12	43000000	chr13	62000000	2	11	2	01	0.686651826	NA	01	0	0	01	0	0	3	1	1.00659277	01	0
chr12	43000000	chr13	32000000	1	11	1	10	0.877715766	NA	10	0	0	10	0	0	4	1	2.09948709	10	0
chr12	43000000	chr13	37000000	1	11	1	10	0.585737586	NA	10	0	0	10	0	0	4	1	2.49358179	10	0
chr12	44000000	chr13	60000000	10	11	10	10	0.618737757	NA	10	0	0	10	0	0	4	1	0.821135067	10	0
chr12	44000000	chr13	37000000	8	11	5	10	0.852823973	NA	10	0	0	10	0	0	4	1	1.44490702	10	0
chr12	44000000	chr13	36000000	2	11	2	10	0.784418821	NA	10	0	0	10	0	0	4	1	1.38455928	10	0
chr12	46000000	chr13	13000000	1	11	1	01	0.59129113	NA	01	0	0	01	0	0	4	1	0.740146948	01	0
chr12	47000000	chr13	13000000	1	11	1	01	0.947633624	NA	01	0	0	01	0	0	3	1	1.42704644	01	0
chr12	48000000	chr13	13000000	1	11	1	01	0.463488191	NA	01	0	0	01	0	0	3	1	1.12242094	01	0
chr12	53000000	chr13	37000000	1	10	1	10	0.462302625	NA	10	1	1	10	1	1	1	1	2.83064085	10	0
chr12	56000000	chr13	36000000	5	11	5	10	0.476076454	NA	10	0	0	10	0	0	4	1	1.09829584	10	0
chr12	62000000	chr13	42000000	2	10	2	10	0.615686178	NA	10	2	2	10	2	2	1	1	2.89602233	10	0
chr12	62000000	chr13	75000000	1	10	1	10	0.809050381	NA	10	1	1	10	1	1	1	1	2.9097484	10	0
chr12	62000000	chr13	36000000	1	10	1	10	0.64648664	NA	10	1	1	10	1	1	1	1	2.92134277	10	0
chr12	64000000	chr13	75000000	3	10	3	10	0.989698589	NA	10	3	3	10	3	3	1	1	3.02266807	10	0
chr12	64000000	chr13	53000000	3	10	3	10	0.895470262	NA	10	3	3	10	3	3	1	1	3.17156863	10	0
chr12	64000000	chr13	74000000	3	10	3	10	0.982073903	NA	10	3	3	10	3	3	1	1	2.87373119	10	0
chr12	64000000	chr13	54000000	3	10	3	10	0.908302605	NA	10	3	3	10	3	3	1	1	3.2466339	10	0
chr12	64000000	chr13	73000000	1	10	1	10	0.983753204	NA	10	1	1	10	1	1	1	1	3.03660065	10	0
chr12	64000000	chr13	114000000	2	10	2	10	0.595090091	NA	10	2	2	10	2	2	1	1	1.60962891	10	0
chr12	65000000	chr13	73000000	3	10	3	10	0.996110857	NA	10	3	3	10	3	3	1	1	2.88011094	10	0
chr12	65000000	chr13	53000000	1	10	1	10	0.778207183	NA	10	1	1	10	1	1	1	1	2.87041679	10	0
chr12	65000000	chr13	74000000	6	10	6	10	0.997114897	NA	10	6	6	10	6	6	1	1	2.72050092	10	0
chr12	65000000	chr13	54000000	2	10	2	10	0.78393966	NA	10	2	2	10	2	2	1	1	2.95563798	10	0
chr12	65000000	chr13	42000000	3	10	3	10	0.467151821	NA	10	3	3	10	3	3	1	1	2.39369005	10	0
chr12	65000000	chr13	75000000	4	10	4	10	0.999312043	NA	10	4	4	10	4	4	1	1	2.6822881	10	0
chr12	65000000	chr13	43000000	3	10	3	10	0.863029599	NA	10	3	3	10	3	3	1	1	2.08535039	10	0
chr12	66000000	chr13	75000000	10	10	10	10	0.999493003	NA	10	10	10	10	10	10	1	1	2.57486724	10	0
chr12	66000000	chr13	74000000	4	10	4	10	0.996024489	NA	10	4	4	10	4	4	1	1	2.46929174	10	0
chr12	66000000	chr13	54000000	1	10	1	10	0.875100195	NA	10	1	1	10	1	1	1	1	2.5185847	10	0
chr12	66000000	chr13	43000000	9	10	8	10	0.880181193	NA	10	8	8	10	8	8	1	1	2.40321577	10	0
chr12	66000000	chr13	38000000	1	10	1	10	0.465252101	NA	10	1	1	10	1	1	1	1	1.835968	10	0
chr12	67000000	chr13	54000000	2	10	2	10	0.689562261	NA	10	2	2	10	2	2	1	1	2.98500849	10	0
chr12	68000000	chr13	103000000	2	10	2	10	0.668174207	NA	10	2	2	10	2	2	1	1	2.92886273	10	0
chr12	68000000	chr13	73000000	6	10	6	10	0.996468425	NA	10	6	6	10	6	6	1	1	3.43191503	10	0
chr12	68000000	chr13	113000000	7	11	7	10	0.997990012	NA	10	0	0	10	0	0	3	1	2.23798399	10	0
chr12	68000000	chr13	114000000	5	11	5	10	0.987976134	NA	10	0	0	10	0	0	4	1	2.11839331	10	0
chr12	69000000	chr13	112000000	2	11	2	10	0.970183134	NA	10	0	0	10	0	0	3	1	1.30200523	10	0
chr12	69000000	chr13	113000000	5	11	5	10	0.913898051	NA	10	0	0	10	0	0	3	1	1.66862513	10	0
chr12	70000000	chr13	111000000	2	11	2	10	0.705502152	NA	10	0	0	10	0	0	3	1	0.50438493	10	0
chr12	70000000	chr13	112000000	1	11	1	10	0.737702966	NA	10	0	0	10	0	0	3	1	0.974706434	10	0
chr12	71000000	chr13	111000000	9	11	9	10	0.651234329	NA	10	0	0	01	0	0	3	2	0.0507651851	01	0
chr12	71000000	chr13	43000000	2	11	2	10	0.568727791	NA	10	0	0	10	0	0	4	1	0.527961094	10	0
chr12	71000000	chr13	110000000	5	11	4	10	0.554266989	NA	10	0	0	10	0	1	3	1	0.0471547024	10	0
chr12	71000000	chr13	115000000	1	11	1	10	0.565652668	NA	10	0	0	10	0	0	4	1	1.52991418	10	0
chr12	72000000	chr13	43000000	3	11	3	10	0.774111271	NA	10	0	0	10	0	0	4	1	1.25969732	10	0
chr12	72000000	chr13	111000000	2	11	2	10	0.896772861	NA	10	0	0	10	0	0	4	1	0.887399642	10	0
chr12	72000000	chr13	110000000	3	11	3	10	0.961109161	NA	10	0	0	10	0	0	4	1	1.13117393	10	0
chr12	72000000	chr13	116000000	1	00	1	10	0.657498538	NA	10	0	0	10	0	0	3	1	1.34276475	10	0
chr12	72000000	chr13	115000000	7	11	7	10	0.984225929	NA	10	0	0	10	0	0	4	1	1.33503481	10	0
chr12	73000000	chr13	112000000	7	11	6	10	0.983323038	NA	10	1	1	10	1	1	3	1	1.51109796	10	0
chr12	73000000	chr13	116000000	6	11	6	10	0.997754633	NA	10	0	0	10	0	0	4	1	2.41637617	10	0
chr12	73000000	chr13	111000000	1	11	1	10	0.855643749	NA	10	0	0	10	0	0	3	1	1.03636523	10	0
chr12	73000000	chr13	113000000	2	11	2	10	0.988921165	NA	10	0	0	10	0	0	4	1	1.89237527	10	0
chr12	73000000	chr13	115000000	4	11	4	10	0.998998821	NA	10	0	0	10	0	0	4	1	2.58683637	10	0
chr12	74000000	chr13	116000000	2	11	2	10	0.995109379	NA	10	0	0	10	0	0	4	1	1.85592305	10	0
chr12	74000000	chr13	115000000	2	11	2	10	0.994013846	NA	10	0	0	10	0	0	4	1	2.05425821	10	0
chr12	74000000	chr13	106000000	1	11	1	10	0.665361047	NA	10	0	0	10	0	0	3	1	1.76916236	10	0
chr12	74000000	chr13	113000000	3	11	3	10	0.992596388	NA	10	0	0	10	0	0	3	1	1.73655518	10	0
chr12	75000000	chr13	95000000	3	11	3	10	0.408556014	NA	10	0	0	10	0	0	3	1	1.15660238	10	0
chr12	75000000	chr13	115000000	6	11	6	10	0.997045338	NA	10	0	0	10	0	0	4	1	1.59361184	10	0
chr12	75000000	chr13	111000000	1	11	1	10	0.537226677	NA	10	0	0	10	0	0	3	1	0.301537075	10	0
chr12	75000000	chr13	110000000	1	11	1	10	0.735055923	NA	10	0	0	10	0	0	3	1	0.343317507	10	0
chr12	75000000	chr13	116000000	2	11	2	10	0.991201282	NA	10	0	0	10	0	0	4	1	1.41632354	10	0
chr12	75000000	chr13	112000000	3	11	3	10	0.942491114	NA	10	0	0	10	0	0	3	1	0.88715529	10	0
chr12	75000000	chr13	113000000	1	11	1	10	0.985961318	NA	10	0	0	10	0	0	3	1	1.29018806	10	0
chr12	75000000	chr13	114000000	1	01	1	10	0.629298806	NA	10	0	0	10	0	1	2	1	0.988765299	10	0
chr12	77000000	chr13	37000000	6	10	6	10	0.606610715	NA	10	6	6	10	6	6	1	1	1.99526262	10	0
chr12	78000000	chr13	13000000	3	11	3	01	0.747269332	NA	01	0	0	01	0	0	3	1	1.2660306	01	0
chr12	79000000	chr13	13000000	2	10	1	10	0.348400772	NA	10	1	1	10	1	1	1	1	0.102979251	10	0
chr12	79000000	chr13	12000000	2	11	2	10	0.326453358	NA	10	0	0	10	0	0	3	1	0.190787388	10	0
chr12	79000000	chr13	37000000	5	11	5	10	0.675384164	NA	10	0	0	10	0	0	4	1	0.44214975	10	0
chr12	79000000	chr13	60000000	7	11	7	01	0.667752147	NA	01	0	0	01	0	0	4	1	0.416741847	01	0
chr12	79000000	chr13	36000000	1	11	1	10	0.620699883	NA	10	0	0	10	0	0	4	1	0.698330958	10	0
chr12	79000000	chr13	64000000	2	11	2	10	0.481754541	NA	10	0	0	10	0	0	3	1	0.433082534	10	0
chr12	79000000	chr13	63000000	5	11	4	01	0.396329015	NA	01	1	1	11	4	1	1	3	0.0713366466	11	0
chr12	82000000	chr13	74000000	4	10	4	10	0.846278608	NA	10	4	4	10	4	4	1	1	2.27716764	10	0
chr12	82000000	chr13	54000000	8	10	8	10	0.968836606	NA	10	8	8	10	8	8	1	1	3.04944326	10	0
chr12	82000000	chr13	53000000	1	10	1	10	0.76920104	NA	10	1	1	10	1	1	1	1	2.51134521	10	0
chr12	82000000	chr13	73000000	2	10	2	10	0.676592469	NA	10	2	2	10	2	2	1	1	2.48916361	10	0
chr12	82000000	chr13	115000000	12	10	12	10	0.992103577	NA	10	12	12	10	12	12	1	1	1.83866511	10	0
chr12	82000000	chr13	114000000	5	10	5	10	0.958369792	NA	10	5	5	10	5	5	1	1	1.26946879	10	0
chr12	82000000	chr13	117000000	3	10	3	10	0.969465971	NA	10	3	3	10	3	3	1	1	1.78411347	10	0
chr12	82000000	chr13	118000000	1	10	1	10	0.785957575	NA	10	1	1	10	1	1	1	1	1.29430132	10	0
chr12	82000000	chr13	58000000	1	10	1	10	0.799934685	NA	10	1	1	10	1	1	1	1	1.96275477	10	0
chr12	83000000	chr13	73000000	4	10	4	10	0.791434586	NA	10	4	4	10	4	4	1	1	2.47342559	10	0
chr12	83000000	chr13	74000000	4	10	4	10	0.829550028	NA	10	4	4	10	4	4	1	1	2.01410807	10	0
chr12	83000000	chr13	114000000	2	10	1	10	0.940732658	NA	10	1	1	10	1	1	1	1	1.11051321	10	0
chr12	84000000	chr13	64000000	1	11	1	01	0.413575709	NA	01	0	0	01	0	0	3	1	0.226946285	01	0
chr12	85000000	chr13	112000000	1	11	1	01	0.614974678	NA	01	0	0	01	0	0	3	1	1.27851827	01	0
chr12	85000000	chr13	64000000	3	11	3	01	0.678928375	NA	01	0	0	01	0	0	3	1	0.816521355	01	0
chr12	86000000	chr13	63000000	3	11	3	01	0.390633464	NA	01	0	0	01	0	0	2	1	0.118017561	01	0
chr12	86000000	chr13	64000000	1	11	1	01	0.530564189	NA	01	0	0	01	0	0	3	1	0.513624291	01	0
chr12	87000000	chr13	63000000	1	11	1	11	0.448815912	NA	11	1	1	11	1	1	1	1	1.18116439	11	0
chr12	88000000	chr13	12000000	2	11	2	10	0.56874156	NA	10	0	0	10	0	0	2	1	0.829787718	10	0
chr12	89000000	chr13	37000000	4	10	4	10	0.944279373	NA	10	4	4	10	4	4	1	1	2.49519245	10	0
chr12	91000000	chr13	113000000	4	11	4	10	0.578980744	NA	10	0	0	10	0	0	3	1	1.07536024	10	0
chr12	91000000	chr13	112000000	1	11	1	10	0.71949476	NA	10	0	0	10	0	0	3	1	0.692682744	10	0
chr12	91000000	chr13	114000000	7	11	7	10	0.927947462	NA	10	0	0	10	0	0	3	1	0.645079903	10	0
chr12	91000000	chr13	39000000	1	11	1	10	0.528018892	NA	10	0	0	01	0	0	3	2	0.0867428438	01	0
chr12	91000000	chr13	40000000	2	11	2	01	0.457028002	NA	01	0	0	01	0	0	3	1	0.444060181	01	0
chr12	91000000	chr13	107000000	1	11	1	10	0.876008093	NA	10	0	0	10	0	0	3	1	0.927546502	10	0
chr12	92000000	chr13	108000000	2	11	2	10	0.924261272	NA	10	0	0	10	0	0	3	1	1.47928077	10	0
chr12	92000000	chr13	113000000	5	11	5	10	0.992329895	NA	10	0	0	10	0	0	3	1	1.97968463	10	0
chr12	92000000	chr13	114000000	10	11	10	10	0.998454809	NA	10	0	0	10	0	0	3	1	1.4215358	10	0
chr12	92000000	chr13	40000000	4	11	4	10	0.578885555	NA	10	0	0	10	0	0	3	1	0.19490925	10	0
chr12	92000000	chr13	39000000	4	11	4	10	0.595385194	NA	10	0	0	10	0	0	3	1	0.467469706	10	0
chr12	92000000	chr13	112000000	2	11	2	10	0.897577703	NA	10	0	0	10	0	0	3	1	1.54715722	10	0
chr12	93000000	chr13	115000000	1	11	1	10	0.90081799	NA	10	0	0	10	0	0	3	1	2.02718693	10	0
chr12	93000000	chr13	114000000	19	11	19	10	0.999900103	NA	10	0	0	10	0	0	3	1	1.7484029	10	0
chr12	93000000	chr13	113000000	9	11	9	10	0.999847054	NA	10	0	0	10	0	0	3	1	2.29430872	10	0
chr12	94000000	chr13	114000000	8	11	8	10	0.998723805	NA	10	0	0	10	0	0	3	1	1.91896268	10	0
chr12	94000000	chr13	113000000	2	00	1	10	0.998971581	NA	10	0	0	10	0	0	4	1	2.52404094	10	0
chr12	95000000	chr13	113000000	17	11	17	10	0.999930382	NA	10	0	0	10	0	0	3	1	2.81478633	10	0
chr12	95000000	chr13	114000000	2	11	2	10	0.999741852	NA	10	0	0	10	0	0	3	1	2.36224015	10	0
chr12	95000000	chr13	112000000	1	11	1	10	0.734121919	NA	10	0	0	10	0	0	3	1	2.28412625	10	0
chr12	95000000	chr13	103000000	1	10	1	10	0.893787324	NA	10	1	1	10	1	1	1	1	3.50448571	10	0
chr12	95000000	chr13	104000000	3	10	3	10	0.999972582	NA	10	3	3	10	3	3	1	1	3.20495363	10	0
chr12	96000000	chr13	104000000	2	10	2	10	0.995708466	NA	10	2	2	10	2	2	1	1	3.25319271	10	0
chr12	96000000	chr13	105000000	1	10	1	10	0.980181992	NA	10	1	1	10	1	1	1	1	2.93060125	10	0
chr12	96000000	chr13	58000000	3	10	2	10	0.881863534	NA	10	2	2	10	2	3	1	1	3.14087387	10	0
chr12	96000000	chr13	73000000	2	10	2	10	0.988181651	NA	10	2	2	10	2	2	1	1	3.41100594	10	0
chr12	96000000	chr13	74000000	2	10	2	10	0.961856127	NA	10	2	2	10	2	2	1	1	3.21822736	10	0
chr12	96000000	chr13	114000000	1	10	1	10	0.898146272	NA	10	1	1	10	1	1	1	1	2.5223956	10	0
chr12	96000000	chr13	54000000	2	10	2	10	0.948234618	NA	10	2	2	10	2	2	1	1	3.43590902	10	0
chr12	96000000	chr13	115000000	1	10	1	10	0.80706656	NA	10	1	1	10	1	1	1	1	2.93554163	10	0
chr12	97000000	chr13	74000000	7	10	7	10	0.991620898	NA	10	7	7	10	7	7	1	1	3.16961606	10	0
chr12	97000000	chr13	54000000	11	10	11	10	0.999981046	NA	10	11	11	10	11	11	1	1	3.28621357	10	0
chr12	97000000	chr13	53000000	4	10	4	10	0.991751492	NA	10	4	4	10	4	4	1	1	3.31922931	10	0
chr12	97000000	chr13	73000000	1	10	1	10	0.870772183	NA	10	1	1	10	1	1	1	1	3.05498156	10	0
chr12	97000000	chr13	75000000	4	10	4	10	0.997897744	NA	10	4	4	10	4	4	1	1	3.35060568	10	0
chr12	98000000	chr13	54000000	3	10	3	10	0.993836582	NA	10	3	3	10	3	3	1	1	2.60466044	10	0
chr12	98000000	chr13	53000000	4	10	4	10	0.986736953	NA	10	4	4	10	4	4	1	1	2.7497948	10	0
chr12	98000000	chr13	74000000	3	10	3	10	0.90356034	NA	10	3	3	10	3	3	1	1	2.40143301	10	0
chr12	102000000	chr13	53000000	3	10	3	10	0.984476864	NA	10	3	3	10	3	3	1	1	3.59152686	10	0
chr12	102000000	chr13	58000000	7	10	7	10	0.996813357	NA	10	7	7	10	7	7	1	1	3.07704869	10	0
chr12	102000000	chr13	74000000	11	10	11	10	0.999179184	NA	10	11	11	10	11	11	1	1	3.38365055	10	0
chr12	102000000	chr13	93000000	1	10	1	10	0.331810832	NA	10	1	1	10	1	1	1	1	2.61311735	10	0
chr12	102000000	chr13	54000000	4	10	4	10	0.988113225	NA	10	4	4	10	4	4	1	1	3.62703399	10	0
chr12	102000000	chr13	115000000	3	10	3	10	0.880836427	NA	10	3	3	10	3	3	1	1	2.45922176	10	0
chr12	103000000	chr13	58000000	8	10	8	10	0.998900294	NA	10	8	8	10	8	8	1	1	3.30682082	10	0
chr12	103000000	chr13	117000000	9	10	9	10	0.99885869	NA	10	9	9	10	9	9	1	1	3.2201541	10	0
chr12	103000000	chr13	114000000	5	10	5	10	0.989112556	NA	10	5	5	10	5	5	1	1	2.52195489	10	0
chr12	103000000	chr13	115000000	2	10	2	10	0.987833977	NA	10	2	2	10	2	2	1	1	3.02916596	10	0
chr12	103000000	chr13	73000000	4	10	4	10	0.861882806	NA	10	4	4	10	4	4	1	1	3.51018786	10	0
chr12	104000000	chr13	103000000	9	10	9	10	0.999747694	NA	10	9	9	10	9	9	1	1	3.02525041	10	0
chr12	104000000	chr13	114000000	8	10	8	10	0.976837635	NA	10	8	8	10	8	8	1	1	1.94473441	10	0
chr12	104000000	chr13	59000000	4	10	4	10	0.972704232	NA	10	4	4	10	4	4	1	1	2.79153498	10	0
chr12	104000000	chr13	115000000	5	10	5	10	0.988462746	NA	10	5	5	10	5	5	1	1	2.31800401	10	0
chr12	104000000	chr13	104000000	4	10	4	10	0.999631047	NA	10	4	4	10	4	4	1	1	2.81063328	10	0
chr12	104000000	chr13	73000000	19	10	19	10	0.999981046	NA	10	19	19	10	19	19	1	1	3.69497612	10	0
chr12	104000000	chr13	74000000	4	10	4	10	0.999442875	NA	10	4	4	10	4	4	1	1	3.28539584	10	0
chr12	105000000	chr13	74000000	7	10	7	10	0.998586893	NA	10	7	7	10	7	7	1	1	2.84532872	10	0
chr12	105000000	chr13	114000000	9	10	9	10	0.988264799	NA	10	9	9	10	9	9	1	1	1.94506249	10	0
chr12	105000000	chr13	73000000	23	10	22	10	0.999998331	NA	10	22	22	10	22	22	1	1	3.57353019	10	0
chr12	105000000	chr13	60000000	3	10	3	10	0.906750202	NA	10	3	3	10	3	3	1	1	2.53790688	10	0
chr12	105000000	chr13	55000000	18	10	17	10	0.99999845	NA	10	17	17	10	17	18	1	1	3.84636136	10	0
chr12	105000000	chr13	56000000	8	10	8	10	0.999517679	NA	10	8	8	10	8	8	1	1	3.5911293	10	0
chr12	105000000	chr13	69000000	1	10	1	10	0.998175263	NA	10	1	1	10	1	1	1	1	3.06446661	10	0
chr12	105000000	chr13	57000000	1	10	1	10	0.997656345	NA	10	1	1	10	1	1	1	1	3.24529343	10	0
chr12	105000000	chr13	106000000	7	10	7	10	0.998501062	NA	10	7	7	10	7	7	1	1	2.5888165	10	0
chr12	105000000	chr13	72000000	8	10	8	10	0.985872865	NA	10	8	8	10	8	8	1	1	3.10532377	10	0
chr12	105000000	chr13	115000000	1	10	1	10	0.628820896	NA	10	1	1	10	1	1	1	1	2.24274899	10	0
chr12	105000000	chr13	107000000	1	10	1	10	0.847564459	NA	10	1	1	10	1	1	1	1	2.25631841	10	0
chr12	105000000	chr13	104000000	1	10	1	10	0.96506685	NA	10	1	1	10	1	1	1	1	2.79955478	10	0
chr12	106000000	chr13	73000000	9	10	9	10	0.999120295	NA	10	9	9	10	9	9	1	1	2.8102759	10	0
chr12	106000000	chr13	74000000	8	10	6	10	0.893433988	NA	10	6	6	10	6	7	1	1	2.79503227	10	0
chr12	106000000	chr13	114000000	1	10	1	10	0.682474136	NA	10	1	1	10	1	1	1	1	1.73653719	10	0
chr12	107000000	chr13	73000000	1	10	1	10	0.701427341	NA	10	1	1	10	1	1	1	1	2.60267754	10	0
chr12	109000000	chr13	12000000	2	11	2	11	0.350654423	NA	11	2	2	11	2	2	1	1	0.558872013	11	0
chr12	112000000	chr13	11000000	11	10	11	01	0.685990691	NA	01	0	0	01	0	11	4	1	1.47621591	01	0
chr12	112000000	chr13	35000000	1	11	1	11	0.44306168	NA	11	1	1	11	1	1	1	1	0.987256498	11	0
chr12	112000000	chr13	9000000	2	10	2	01	0.38431263	NA	01	0	0	01	0	2	4	1	1.45799621	01	0
chr12	112000000	chr13	12000000	3	10	3	01	0.445735246	NA	01	0	0	01	0	3	4	1	1.62836963	01	0
chr12	112000000	chr13	36000000	1	10	1	11	0.494406492	NA	11	0	0	11	0	0	4	1	0.676763138	11	0
chr12	112000000	chr13	44000000	3	10	3	11	0.697310686	NA	11	0	0	11	0	0	4	1	0.788300505	11	0
chr12	113000000	chr13	36000000	4	10	4	10	0.824747205	NA	10	4	4	10	4	4	1	1	1.46473716	10	0
chr12	113000000	chr13	44000000	2	10	2	10	0.791952074	NA	10	2	2	10	2	2	1	1	1.56660725	10	0
chr12	113000000	chr13	75000000	3	10	3	10	0.975147188	NA	10	3	3	10	3	3	1	1	1.8874718	10	0
chr12	114000000	chr13	54000000	4	10	3	10	0.940349936	NA	10	3	3	10	3	3	1	1	2.43410456	10	0
chr12	114000000	chr13	75000000	3	10	3	10	0.802728772	NA	10	3	3	10	3	3	1	1	2.61522661	10	0
chr12	116000000	chr13	113000000	1	10	1	10	0.349166781	NA	10	1	1	10	1	1	1	1	1.21020877	10	0
chr12	116000000	chr13	112000000	1	11	1	10	0.409054011	NA	10	0	0	10	0	0	3	1	0.793995594	10	0
chr12	117000000	chr13	112000000	2	11	2	10	0.385491699	NA	10	0	0	10	0	0	3	1	0.188368795	10	0
chr12	118000000	chr13	54000000	2	10	1	10	0.689825594	NA	10	1	1	10	1	1	1	1	2.38360805	10	0
chr12	119000000	chr13	54000000	6	10	5	10	0.937774956	NA	10	5	5	10	5	5	1	1	2.73442075	10	0
chr12	3000000	chr15	66000000	1	01	1	10	0.461046487	NA	10	0	0	10	0	1	3	1	0.580695888	10	0
chr12	3000000	chr15	81000000	2	01	2	10	0.45274955	NA	10	0	0	10	0	2	3	1	0.943247317	10	0
chr12	4000000	chr15	103000000	2	01	2	01	0.715802789	NA	01	2	2	01	2	2	1	1	1.46737408	01	0
chr12	4000000	chr15	59000000	1	01	1	10	0.861928165	NA	10	0	0	10	0	1	3	1	1.97253493	10	0
chr12	4000000	chr15	49000000	1	01	1	10	0.863771558	NA	10	0	0	10	0	1	3	1	2.5169503	10	0
chr12	5000000	chr15	56000000	5	01	5	10	0.99453485	NA	10	0	0	10	0	5	3	1	2.1499086	10	0
chr12	5000000	chr15	49000000	9	01	9	10	0.990944505	NA	10	0	0	10	0	9	3	1	2.1373264	10	0
chr12	5000000	chr15	81000000	1	01	1	10	0.37139222	NA	10	0	0	10	0	1	3	1	1.15758715	10	0
chr12	5000000	chr15	103000000	4	01	4	01	0.907842755	NA	01	4	4	01	4	4	1	1	1.58862573	01	0
chr12	5000000	chr15	96000000	15	01	15	10	0.949137568	NA	10	0	0	10	0	15	3	1	1.43904851	10	0
chr12	5000000	chr15	59000000	1	01	1	10	0.819821119	NA	10	0	0	10	0	1	3	1	1.76395504	10	0
chr12	5000000	chr15	97000000	3	01	3	10	0.937149525	NA	10	0	0	10	0	3	3	1	1.59968222	10	0
chr12	6000000	chr15	56000000	2	01	2	10	0.992512822	NA	10	0	0	10	0	2	3	1	2.23082179	10	0
chr12	6000000	chr15	57000000	7	01	6	10	0.991282701	NA	10	0	0	10	0	6	3	1	2.18139216	10	0
chr12	6000000	chr15	103000000	6	01	5	01	0.977232754	NA	01	5	5	01	5	5	1	1	1.33985884	01	0
chr12	6000000	chr15	51000000	2	01	2	10	0.951886594	NA	10	0	0	10	0	2	3	1	2.29046247	10	0
chr12	6000000	chr15	50000000	4	01	4	10	0.986826003	NA	10	0	0	10	0	4	3	1	2.45500471	10	0
chr12	6000000	chr15	53000000	8	01	8	10	0.998101413	NA	10	0	0	10	0	8	3	1	2.8835572	10	0
chr12	6000000	chr15	54000000	1	01	1	10	0.871436238	NA	10	0	0	10	0	1	3	1	2.01657983	10	0
chr12	7000000	chr15	55000000	3	01	3	10	0.989916742	NA	10	0	0	10	0	3	3	1	2.92285758	10	0
chr12	7000000	chr15	103000000	1	01	1	01	0.432714254	NA	01	1	1	01	1	1	1	1	0.871605808	01	0
chr12	7000000	chr15	51000000	2	01	2	10	0.888226449	NA	10	0	0	10	0	2	3	1	2.60557621	10	0
chr12	8000000	chr15	62000000	4	01	4	10	0.992727876	NA	10	0	0	10	0	4	3	1	2.28885215	10	0
chr12	8000000	chr15	63000000	10	01	10	10	0.998317242	NA	10	0	0	10	0	10	3	1	2.02929629	10	0
chr12	8000000	chr15	59000000	3	01	3	10	0.996348977	NA	10	0	0	10	0	3	3	1	2.43722365	10	0
chr12	8000000	chr15	54000000	1	01	1	10	0.949337065	NA	10	0	0	10	0	1	3	1	2.73590423	10	0
chr12	26000000	chr15	66000000	2	01	2	10	0.952147067	NA	10	0	0	10	0	2	2	1	2.0754873	10	0
chr12	26000000	chr15	67000000	2	01	1	10	0.637806594	NA	10	1	1	10	1	2	2	1	1.62057603	10	0
chr12	27000000	chr15	66000000	1	01	1	10	0.901793361	NA	10	0	0	10	0	1	2	1	2.04117945	10	0
chr12	29000000	chr15	63000000	3	01	3	10	0.998432457	NA	10	0	0	10	0	3	3	1	2.65220805	10	0
chr12	30000000	chr15	60000000	6	01	6	10	0.980906427	NA	10	0	0	10	0	6	3	1	2.46275461	10	0
chr12	30000000	chr15	63000000	7	01	7	10	0.991840959	NA	10	0	0	10	0	7	3	1	2.74574125	10	0
chr12	30000000	chr15	66000000	3	01	3	10	0.967194915	NA	10	0	0	10	0	3	3	1	2.11988211	10	0
chr12	30000000	chr15	62000000	2	01	2	10	0.992535353	NA	10	0	0	10	0	2	3	1	2.7622923	10	0
chr12	30000000	chr15	59000000	13	01	13	10	0.999883652	NA	10	0	0	10	0	13	3	1	2.55044537	10	0
chr12	30000000	chr15	61000000	1	01	1	10	0.83645916	NA	10	0	0	10	0	1	3	1	2.44851244	10	0
chr12	31000000	chr15	66000000	2	01	2	10	0.879284561	NA	10	0	0	10	0	2	2	1	2.13807115	10	0
chr12	31000000	chr15	59000000	1	01	1	10	0.859364092	NA	10	0	0	10	0	1	3	1	3.0634189	10	0
chr12	31000000	chr15	67000000	2	01	2	10	0.92289257	NA	10	0	0	10	0	2	2	1	1.88227965	10	0
chr12	31000000	chr15	83000000	2	01	2	10	0.669170558	NA	10	0	0	10	0	2	2	1	2.31177184	10	0
chr12	31000000	chr15	82000000	5	01	5	10	0.457339585	NA	10	0	0	10	0	5	2	1	1.82464707	10	0
chr12	32000000	chr15	62000000	6	01	6	10	0.991464913	NA	10	0	0	10	0	6	3	1	3.08250912	10	0
chr12	32000000	chr15	66000000	3	01	3	10	0.890914142	NA	10	0	0	10	0	3	2	1	2.25807309	10	0
chr12	32000000	chr15	63000000	4	01	3	10	0.998294055	NA	10	0	0	10	0	3	3	1	2.98176178	10	0
chr12	33000000	chr15	54000000	2	01	2	10	0.981158733	NA	10	0	0	10	0	2	4	1	2.17326792	10	0
chr12	33000000	chr15	55000000	3	01	3	10	0.863232434	NA	10	0	0	10	0	3	4	1	2.22668852	10	0
chr12	41000000	chr15	103000000	1	01	1	01	0.74549222	NA	01	1	1	01	1	1	1	1	1.54298481	01	0
chr12	41000000	chr15	96000000	1	01	1	10	0.557433307	NA	10	0	0	10	0	1	3	1	1.67961035	10	0
chr12	42000000	chr15	96000000	1	01	1	10	0.792399347	NA	10	0	0	10	0	1	3	1	1.4782051	10	0
chr12	43000000	chr15	103000000	4	01	4	01	0.432407022	NA	01	4	4	01	4	4	1	1	0.383809936	01	0
chr12	44000000	chr15	96000000	9	01	9	10	0.917888999	NA	10	0	0	10	0	9	3	1	1.11248539	10	0
chr12	44000000	chr15	48000000	3	01	3	10	0.455266178	NA	10	0	0	10	0	3	3	1	0.838482915	10	0
chr12	44000000	chr15	95000000	3	01	3	10	0.646260679	NA	10	0	0	10	0	3	3	1	0.530708799	10	0
chr12	44000000	chr15	49000000	1	01	1	10	0.445243418	NA	10	0	0	10	0	1	3	1	0.970109036	10	0
chr12	44000000	chr15	103000000	5	01	5	01	0.918775499	NA	01	5	5	01	5	5	1	1	1.64596542	01	0
chr12	44000000	chr15	97000000	1	01	1	10	0.598819315	NA	10	0	0	10	0	1	3	1	1.14235388	10	0
chr12	45000000	chr15	103000000	5	01	5	01	0.900538206	NA	01	5	5	01	5	5	1	1	1.52040531	01	0
chr12	45000000	chr15	55000000	1	01	1	10	0.625267148	NA	10	0	0	10	0	1	3	1	1.7489146	10	0
chr12	46000000	chr15	50000000	2	01	2	10	0.614573777	NA	10	0	0	10	0	2	3	1	1.57509791	10	0
chr12	46000000	chr15	54000000	1	01	1	10	0.730434656	NA	10	0	0	10	0	1	3	1	1.97653491	10	0
chr12	50000000	chr15	103000000	6	01	5	01	0.867626011	NA	01	5	5	01	5	5	1	1	1.18641961	01	0
chr12	51000000	chr15	96000000	2	01	2	10	0.678987503	NA	10	0	0	10	0	2	3	1	1.0297614	10	0
chr12	51000000	chr15	103000000	3	01	3	01	0.949956059	NA	01	3	3	01	3	3	1	1	1.33330592	01	0
chr12	51000000	chr15	102000000	1	01	1	10	0.451279342	NA	10	0	0	10	0	1	2	1	0.360312143	10	0
chr12	52000000	chr15	102000000	3	01	3	01	0.979965448	NA	01	3	3	01	3	3	1	1	1.53878173	01	0
chr12	52000000	chr15	103000000	1	01	1	11	0.3938604	NA	11	0	0	11	0	0	2	1	0.362864609	11	0
chr12	52000000	chr15	75000000	2	01	2	01	0.597273946	NA	01	2	2	01	2	2	1	1	1.01142875	01	0
chr12	52000000	chr15	95000000	3	01	3	01	0.80631423	NA	01	3	3	01	3	3	1	1	1.30166598	01	0
chr12	53000000	chr15	75000000	3	01	3	01	0.969015002	NA	01	3	3	01	3	3	1	1	1.95930914	01	0
chr12	53000000	chr15	93000000	3	01	3	01	0.973002195	NA	01	3	3	01	3	3	1	1	2.07644308	01	0
chr12	53000000	chr15	95000000	10	01	10	01	0.999465406	NA	01	10	10	01	10	10	1	1	2.26479324	01	0
chr12	53000000	chr15	102000000	4	01	4	01	0.927488625	NA	01	4	4	01	4	4	1	1	0.809248293	01	0
chr12	53000000	chr15	92000000	12	01	12	01	0.982369542	NA	01	12	12	01	12	12	1	1	1.94427908	01	0
chr12	53000000	chr15	96000000	1	11	1	01	0.502999723	NA	01	0	0	01	0	0	3	1	1.29853015	01	0
chr12	53000000	chr15	91000000	2	01	2	01	0.861352086	NA	01	2	2	01	2	2	1	1	1.53468176	01	0
chr12	53000000	chr15	47000000	1	01	1	01	0.519057572	NA	01	1	1	01	1	1	1	1	2.09726353	01	0
chr12	53000000	chr15	48000000	4	01	4	01	0.756495416	NA	01	4	4	01	4	4	1	1	2.06895791	01	0
chr12	53000000	chr15	103000000	2	01	2	11	0.631874025	NA	11	0	0	11	0	0	3	1	0.662195922	11	0
chr12	54000000	chr15	95000000	4	01	4	01	0.958437443	NA	01	4	4	01	4	4	1	1	2.09879039	01	0
chr12	54000000	chr15	103000000	3	01	3	11	0.543566346	NA	11	0	0	11	0	0	3	1	0.562590427	11	0
chr12	54000000	chr15	75000000	5	01	5	01	0.947772861	NA	01	5	5	01	5	5	1	1	1.77945406	01	0
chr12	54000000	chr15	102000000	2	01	2	01	0.712400436	NA	01	2	2	01	2	2	1	1	1.30230682	01	0
chr12	55000000	chr15	75000000	2	01	2	01	0.816148937	NA	01	2	2	01	2	2	1	1	0.881504739	01	0
chr12	55000000	chr15	76000000	1	01	1	10	0.486049622	NA	10	0	0	10	0	1	2	1	0.867559862	10	0
chr12	55000000	chr15	81000000	1	01	1	10	0.457493931	NA	10	0	0	01	1	1	1	2	0.0630203726	01	0
chr12	55000000	chr15	67000000	3	01	3	01	0.683108807	NA	01	3	3	01	3	3	1	1	0.5832741	01	0
chr12	55000000	chr15	93000000	1	01	1	01	0.479842901	NA	01	1	1	01	1	1	1	1	0.666491953	01	0
chr12	55000000	chr15	84000000	1	01	1	10	0.441155314	NA	10	0	0	10	0	1	2	1	0.564823131	10	0
chr12	56000000	chr15	67000000	3	01	3	10	0.723227799	NA	10	0	0	10	0	3	2	1	1.31706241	10	0
chr12	56000000	chr15	83000000	3	01	3	10	0.876133561	NA	10	0	0	10	0	3	2	1	1.54138846	10	0
chr12	56000000	chr15	82000000	1	01	1	10	0.821466565	NA	10	0	0	10	0	1	2	1	1.00084066	10	0
chr12	56000000	chr15	84000000	1	01	1	10	0.615781307	NA	10	0	0	10	0	1	2	1	2.16947669	10	0
chr12	60000000	chr15	3000000	2	01	2	10	0.42387712	NA	10	0	0	10	0	2	4	1	1.36025169	10	0
chr12	66000000	chr15	53000000	10	01	10	10	0.835762143	NA	10	0	0	10	0	10	4	1	1.07150324	10	0
chr12	66000000	chr15	52000000	2	01	1	10	0.540317237	NA	10	1	1	10	1	2	4	1	0.829901688	10	0
chr12	66000000	chr15	3000000	3	01	3	10	0.421114475	NA	10	0	0	10	0	3	4	1	0.798396602	10	0
chr12	66000000	chr15	55000000	1	01	1	10	0.543757319	NA	10	0	0	10	0	1	4	1	1.35470569	10	0
chr12	66000000	chr15	54000000	2	01	2	10	0.82934761	NA	10	0	0	10	0	2	4	1	1.27805313	10	0
chr12	69000000	chr15	63000000	2	01	2	10	0.470040202	NA	10	0	0	10	0	2	4	1	1.15412956	10	0
chr12	102000000	chr15	75000000	3	01	3	11	0.25	NA	00	0	0	10	0	0	3	2	0.515961887	10	0
chr12	110000000	chr16	10000000	4	10	4	11	0.616529226	NA	11	0	4	11	0	0	2	1	2.33973081	11	1
chr12	110000000	chr16	9000000	2	00	1	11	0.444624901	NA	11	0	1	11	0	1	4	1	1.74207699	11	1
chr12	110000000	chr16	11000000	4	10	4	11	0.602299333	NA	11	0	4	11	0	0	2	1	2.18673157	11	1
chr12	110000000	chr16	8000000	1	10	1	11	0.588712454	NA	11	0	1	11	0	0	2	1	2.44274461	11	1
chr12	3000000	chr17	29000000	15	11	15	11	0.999970317	NA	11	15	15	11	15	15	1	1	3.49669974	11	0
chr12	3000000	chr17	30000000	1	11	1	11	0.999098659	NA	11	1	1	11	1	1	1	1	3.52041862	11	0
chr12	3000000	chr17	31000000	5	11	5	11	0.998788893	NA	11	5	5	11	5	5	1	1	3.61141594	11	0
chr12	3000000	chr17	28000000	1	11	1	11	0.936014533	NA	11	1	1	11	1	1	1	1	2.62193287	11	0
chr12	4000000	chr17	29000000	4	11	4	11	0.996254086	NA	11	4	4	11	4	4	1	1	2.69881592	11	0
chr12	4000000	chr17	31000000	2	01	1	11	0.977552533	NA	11	1	1	11	1	1	3	1	3.09573033	11	0
chr12	4000000	chr17	28000000	3	11	2	11	0.666537404	NA	11	2	2	11	2	2	1	1	1.99629085	11	0
chr12	4000000	chr17	71000000	1	11	1	11	0.432736784	NA	11	1	1	11	1	1	1	1	0.888446315	11	0
chr12	4000000	chr17	72000000	1	11	1	11	0.426004678	NA	11	1	1	11	1	1	1	1	0.879837626	11	0
chr12	7000000	chr17	32000000	1	11	1	11	0.992909968	NA	11	1	1	11	1	1	1	1	3.0249418	11	0
chr12	7000000	chr17	28000000	1	11	1	11	0.840399742	NA	11	1	1	11	1	1	1	1	2.09519233	11	0
chr12	7000000	chr17	72000000	5	11	5	11	0.649432123	NA	11	5	5	11	5	5	1	1	1.16660658	11	0
chr12	7000000	chr17	29000000	1	11	1	11	0.876750052	NA	11	1	1	11	1	1	1	1	2.88455792	11	0
chr12	8000000	chr17	72000000	6	11	6	11	0.689445436	NA	11	6	6	11	6	6	1	1	0.814378099	11	0
chr12	8000000	chr17	29000000	2	11	2	11	0.976696372	NA	11	2	2	11	2	2	1	1	2.61709687	11	0
chr12	9000000	chr17	5000000	1	11	1	11	0.572109938	NA	11	1	1	11	1	1	1	1	0.340993028	11	0
chr12	10000000	chr17	61000000	2	11	2	11	0.838314295	NA	11	2	2	11	2	2	1	1	2.90126567	11	0
chr12	10000000	chr17	62000000	3	11	3	11	0.943210125	NA	11	3	3	11	3	3	1	1	2.79893038	11	0
chr12	10000000	chr17	4000000	2	11	2	11	0.757667005	NA	11	2	2	11	2	2	1	1	1.61640335	11	0
chr12	11000000	chr17	61000000	2	11	2	11	0.545840144	NA	11	2	2	11	2	2	1	1	2.3758545	11	0
chr12	11000000	chr17	85000000	4	11	4	11	0.846767902	NA	11	4	4	11	4	4	1	1	1.20586485	11	0
chr12	11000000	chr17	86000000	6	11	6	11	0.927079022	NA	11	6	6	11	6	6	1	1	1.48751185	11	0
chr12	11000000	chr17	69000000	2	11	2	11	0.615379751	NA	11	2	2	11	2	2	1	1	2.30617781	11	0
chr12	11000000	chr17	5000000	3	11	3	11	0.48338744	NA	11	3	3	11	3	3	1	1	0.176052271	11	0
chr12	12000000	chr17	5000000	20	11	20	00	0.606441975	NA	00	0	0	00	0	20	2	1	0.198839216	00	0
chr12	12000000	chr17	86000000	4	11	4	11	0.724064589	NA	11	4	4	11	4	4	1	1	0.35749998	11	0
chr12	12000000	chr17	32000000	1	11	1	11	0.892981172	NA	11	1	1	11	1	1	1	1	0.938081628	11	0
chr12	13000000	chr17	33000000	1	11	1	11	0.651236117	NA	11	1	1	11	1	1	1	1	0.939169434	11	0
chr12	13000000	chr17	32000000	7	11	7	11	0.95675981	NA	11	7	7	11	7	7	1	1	1.83707982	11	0
chr12	13000000	chr17	8000000	2	11	2	00	0.487610757	NA	00	0	0	00	0	2	2	1	0.248244958	00	0
chr12	13000000	chr17	29000000	1	11	1	11	0.853613794	NA	11	1	1	11	1	1	1	1	2.34048317	11	0
chr12	15000000	chr17	29000000	1	11	1	11	0.66882515	NA	11	1	1	11	1	1	1	1	2.84082142	11	0
chr12	15000000	chr17	72000000	3	11	3	11	0.527606905	NA	11	3	3	11	3	3	1	1	0.183836459	11	0
chr12	55000000	chr17	85000000	2	10	2	10	0.319636583	NA	10	2	2	10	2	2	1	1	1.11952529	10	0
chr12	59000000	chr17	63000000	12	01	12	00	0.426438481	NA	00	0	0	00	0	0	4	1	0.288401229	00	0
chr12	59000000	chr17	64000000	4	01	4	11	0.37651068	NA	11	0	0	11	0	0	4	1	0.020603395	11	0
chr12	60000000	chr17	19000000	20	01	20	10	0.520326316	NA	10	0	0	10	0	20	4	1	0.524770421	10	0
chr12	60000000	chr17	64000000	9	01	9	00	0.43019852	NA	00	0	0	00	0	0	4	1	0.423425194	00	0
chr12	60000000	chr17	18000000	1	11	1	10	0.447848678	NA	10	0	0	10	0	0	3	1	0.607849224	10	0
chr12	60000000	chr17	17000000	1	01	1	10	0.359319866	NA	10	0	0	10	0	1	4	1	0.280585382	10	0
chr12	61000000	chr17	18000000	2	01	2	10	0.380665034	NA	10	0	0	10	0	2	4	1	0.603651308	10	0
chr12	61000000	chr17	63000000	1	01	1	00	0.35653168	NA	00	0	0	00	0	0	4	1	0.509954599	00	0
chr12	61000000	chr17	64000000	1	01	1	00	0.338457882	NA	00	0	0	00	0	0	4	1	0.256048728	00	0
chr12	80000000	chr17	3000000	1	10	1	10	0.53606838	NA	10	1	1	10	1	1	1	1	2.00883767	10	0
chr12	84000000	chr17	80000000	8	10	8	10	0.446287811	NA	10	8	8	10	8	8	1	1	0.0359496636	10	0
chr12	84000000	chr17	86000000	8	10	7	10	0.695846736	NA	10	7	7	00	0	8	2	2	0.027339876	00	0
chr12	84000000	chr17	85000000	3	10	3	10	0.79885006	NA	10	3	3	10	3	3	1	1	0.9348663	10	0
chr12	84000000	chr17	33000000	1	10	1	10	0.25	NA	00	0	0	00	0	0	2	2	0.140003684	00	0
chr12	85000000	chr17	80000000	2	10	2	10	0.428700745	NA	10	2	2	00	0	2	2	2	0.461287466	00	0
chr12	85000000	chr17	86000000	4	10	4	00	0.504251182	NA	00	0	0	00	0	0	2	1	0.59320401	00	0
chr12	85000000	chr17	81000000	3	10	3	00	0.519509196	NA	00	0	0	00	0	0	2	1	1.15588872	00	0
chr12	85000000	chr17	84000000	8	10	7	00	0.732159078	NA	00	0	0	00	0	1	2	1	1.29988857	00	0
chr12	85000000	chr17	85000000	18	10	18	10	0.956102371	NA	10	18	18	10	18	18	1	1	0.478270645	10	0
chr12	85000000	chr17	5000000	9	10	9	10	0.732182086	NA	10	9	9	10	9	9	1	1	0.356546651	10	0
chr12	86000000	chr17	3000000	5	10	4	10	0.719473422	NA	10	4	4	10	4	4	1	1	1.19231857	10	0
chr12	86000000	chr17	48000000	4	10	4	10	0.340341896	NA	10	4	4	10	4	4	1	1	0.296079097	10	0
chr12	87000000	chr17	49000000	3	10	3	10	0.457876503	NA	10	3	3	10	3	3	1	1	1.56499267	10	0
chr12	87000000	chr17	4000000	1	10	1	10	0.68037945	NA	10	1	1	10	1	1	1	1	2.54526278	10	0
chr12	87000000	chr17	48000000	1	10	1	10	0.440505147	NA	10	1	1	10	1	1	1	1	1.93384268	10	0
chr12	87000000	chr17	3000000	2	10	2	10	0.921864569	NA	10	2	2	10	2	2	1	1	2.64358852	10	0
chr12	91000000	chr17	86000000	1	10	1	10	0.412718415	NA	10	1	1	00	0	1	2	2	0.610444271	00	0
chr12	110000000	chr17	30000000	4	11	4	10	0.568169236	NA	10	0	0	10	0	0	3	1	2.15658009	10	0
chr12	110000000	chr17	29000000	2	11	2	10	0.51260823	NA	10	0	0	10	0	0	3	1	2.45038894	10	0
chr12	111000000	chr17	30000000	2	11	2	10	0.506538749	NA	10	0	0	10	0	0	4	1	1.19549583	10	0
chr12	28000000	chr18	30000000	1	10	1	00	0.449929059	NA	00	0	0	00	0	0	2	1	1.09933783	00	0
chr12	28000000	chr18	34000000	3	10	3	10	0.718666673	NA	10	3	3	10	3	3	1	1	1.13629071	10	0
chr12	28000000	chr18	36000000	2	10	2	10	0.601984024	NA	10	2	2	10	2	2	1	1	1.12296449	10	0
chr12	28000000	chr18	31000000	3	10	3	00	0.47060439	NA	00	0	0	00	0	0	2	1	0.258790738	00	0
chr12	29000000	chr18	34000000	3	10	3	10	0.552400827	NA	10	3	3	10	3	3	1	1	0.510138137	10	0
chr12	29000000	chr18	80000000	10	10	10	00	0.920505524	NA	00	0	0	00	0	0	2	1	1.62569218	00	0
chr12	29000000	chr18	79000000	3	10	3	00	0.790232003	NA	00	0	0	00	0	0	2	1	1.63706521	00	0
chr12	29000000	chr18	82000000	1	10	1	10	0.779574633	NA	10	1	1	10	1	1	1	1	0.999246701	10	0
chr12	29000000	chr18	81000000	4	10	4	00	0.853735507	NA	00	0	0	00	0	0	2	1	1.11237422	00	0
chr12	30000000	chr18	80000000	2	00	1	00	0.779571354	NA	00	1	1	00	1	1	1	1	2.0310557	00	0
chr12	30000000	chr18	81000000	9	10	9	00	0.892546296	NA	00	0	0	00	0	0	2	1	1.49860492	00	0
chr12	30000000	chr18	82000000	2	10	2	10	0.442711771	NA	10	2	2	10	2	2	1	1	0.701262126	10	0
chr12	69000000	chr18	89000000	2	10	2	10	0.338276088	NA	10	2	2	10	2	2	1	1	0.887546688	10	0
chr12	74000000	chr18	89000000	1	10	1	10	0.339038908	NA	10	1	1	10	1	1	1	1	0.667647213	10	0
chr12	101000000	chr18	89000000	6	10	6	10	0.808006287	NA	10	6	6	10	6	6	1	1	1.15518604	10	0
chr12	101000000	chr18	28000000	1	01	1	00	0.454983085	NA	00	0	0	00	0	0	4	1	1.6518385	00	0
chr12	102000000	chr18	28000000	4	10	4	00	0.471519321	NA	00	0	0	00	0	0	2	1	1.71793145	00	0
chr12	102000000	chr18	89000000	15	10	15	10	0.962811649	NA	10	15	15	10	15	15	1	1	1.53281205	10	0
chr12	102000000	chr18	36000000	2	10	2	10	0.520749032	NA	10	2	2	10	2	2	1	1	1.58304744	10	0
chr12	103000000	chr18	89000000	8	10	8	10	0.885548115	NA	10	8	8	10	8	8	1	1	0.962199632	10	0
chr12	103000000	chr18	36000000	1	10	1	10	0.380056024	NA	10	1	1	10	1	1	1	1	1.21071689	10	0
chr12	103000000	chr18	88000000	1	10	1	10	0.554761708	NA	10	1	1	10	1	1	1	1	1.18554227	10	0
chr12	3000000	chr19	44000000	1	10	1	10	0.952485561	NA	10	1	1	10	1	1	1	1	3.35266915	10	0
chr12	4000000	chr19	30000000	2	11	2	10	0.348774433	NA	10	0	0	10	0	0	4	1	0.738485444	10	0
chr12	4000000	chr19	29000000	2	11	2	10	0.388299435	NA	10	0	0	10	0	0	4	1	1.15845302	10	0
chr12	4000000	chr19	4000000	1	11	1	10	0.527448595	NA	10	0	0	10	0	0	4	1	1.4339674	10	0
chr12	5000000	chr19	45000000	4	10	4	10	0.968766272	NA	10	4	4	10	4	4	1	1	2.5213573	10	0
chr12	5000000	chr19	44000000	7	10	7	10	0.9953686	NA	10	7	7	10	7	7	1	1	2.79327182	10	0
chr12	5000000	chr19	46000000	2	10	2	10	0.7662974	NA	10	2	2	10	2	2	1	1	2.56928927	10	0
chr12	7000000	chr19	45000000	2	10	2	10	0.953437686	NA	10	2	2	10	2	2	1	1	3.02678021	10	0
chr12	7000000	chr19	30000000	1	11	1	10	0.386584193	NA	10	0	0	10	0	0	4	1	1.31307105	10	0
chr12	15000000	chr19	44000000	1	00	1	10	0.935868025	NA	10	0	0	10	0	0	3	1	3.34867127	10	0
chr12	15000000	chr19	4000000	2	11	2	10	0.637657404	NA	10	0	0	10	0	0	4	1	1.65952003	10	0
chr12	16000000	chr19	44000000	15	10	15	10	0.999520779	NA	10	15	15	10	15	15	1	1	3.2401159	10	0
chr12	16000000	chr19	45000000	2	10	2	10	0.932043195	NA	10	2	2	10	2	2	1	1	3.15159976	10	0
chr12	17000000	chr19	43000000	13	10	13	10	0.999612272	NA	10	13	13	10	13	13	1	1	3.35012433	10	0
chr12	17000000	chr19	37000000	1	10	1	10	0.800579429	NA	10	1	1	10	1	1	1	1	3.68070608	10	0
chr12	17000000	chr19	45000000	1	10	1	10	0.767209291	NA	10	1	1	10	1	1	1	1	3.7446483	10	0
chr12	17000000	chr19	44000000	5	10	5	10	0.995162189	NA	10	5	5	10	5	5	1	1	3.48032016	10	0
chr12	17000000	chr19	40000000	9	10	9	10	0.999793589	NA	10	9	9	10	9	9	1	1	4.26082298	10	0
chr12	17000000	chr19	39000000	1	10	1	10	0.996581733	NA	10	1	1	10	1	1	1	1	4.1167173	10	0
chr12	31000000	chr19	39000000	2	10	2	10	0.950347841	NA	10	2	2	10	2	2	1	1	2.49195062	10	0
chr12	35000000	chr19	39000000	1	10	1	10	0.906899989	NA	10	1	1	10	1	1	1	1	3.28793333	10	0
chr12	37000000	chr19	38000000	1	10	1	10	0.9404791	NA	10	1	1	10	1	1	1	1	3.96379995	10	0
chr12	38000000	chr19	37000000	1	10	1	10	0.99993825	NA	10	1	1	10	1	1	1	1	3.74198869	10	0
chr12	38000000	chr19	38000000	2	10	2	10	0.983720541	NA	10	2	2	10	2	2	1	1	3.89853344	10	0
chr12	38000000	chr19	46000000	4	10	4	10	0.999323487	NA	10	4	4	10	4	4	1	1	3.57336339	10	0
chr12	38000000	chr19	43000000	4	10	4	10	0.921377838	NA	10	4	4	10	4	4	1	1	3.00568814	10	0
chr12	39000000	chr19	47000000	1	10	1	10	0.802295029	NA	10	1	1	10	1	1	1	1	3.35872399	10	0
chr12	40000000	chr19	37000000	14	10	14	10	0.999968886	NA	10	14	14	10	14	14	1	1	4.08675353	10	0
chr12	40000000	chr19	38000000	15	10	15	10	0.999902487	NA	10	15	15	10	15	15	1	1	4.02924989	10	0
chr12	40000000	chr19	46000000	1	10	1	10	0.901843846	NA	10	1	1	10	1	1	1	1	3.94572249	10	0
chr12	40000000	chr19	43000000	2	10	2	10	0.810491979	NA	10	2	2	10	2	2	1	1	3.38343469	10	0
chr12	40000000	chr19	40000000	4	10	4	10	0.999055088	NA	10	4	4	10	4	4	1	1	4.15003051	10	0
chr12	41000000	chr19	39000000	1	10	1	10	0.771820903	NA	10	1	1	10	1	1	1	1	2.7901267	10	0
chr12	41000000	chr19	40000000	2	10	2	10	0.921076953	NA	10	2	2	10	2	2	1	1	2.86130563	10	0
chr12	45000000	chr19	37000000	1	10	1	10	0.972098351	NA	10	1	1	10	1	1	1	1	2.36813928	10	0
chr12	45000000	chr19	38000000	1	10	1	10	0.841393113	NA	10	1	1	10	1	1	1	1	2.32638014	10	0
chr12	46000000	chr19	37000000	2	10	2	10	0.765383005	NA	10	2	2	10	2	2	1	1	2.97864816	10	0
chr12	78000000	chr19	37000000	3	10	3	10	0.709297478	NA	10	3	3	10	3	3	1	1	2.53023584	10	0
chr12	78000000	chr19	45000000	1	10	1	10	0.486970633	NA	10	1	1	10	1	1	1	1	2.11230923	10	0
chr12	110000000	chr19	43000000	14	10	14	11	0.99801743	NA	11	0	0	11	0	0	3	1	2.72984681	11	0
chr12	110000000	chr19	44000000	7	10	7	11	0.996822238	NA	11	0	0	11	0	0	3	1	2.40209425	11	0
chr12	111000000	chr19	43000000	2	10	2	11	0.998018503	NA	11	0	0	11	0	0	4	1	3.48952363	11	0
chr12	111000000	chr19	44000000	9	10	9	11	0.998262823	NA	11	0	0	11	0	0	4	1	3.13821743	11	0
chr12	111000000	chr19	45000000	13	10	13	11	0.999996901	NA	11	0	0	11	0	0	4	1	3.41467045	11	0
chr12	111000000	chr19	46000000	2	10	2	11	0.999476016	NA	11	0	0	11	0	0	4	1	3.48956841	11	0
chr12	112000000	chr19	45000000	25	10	25	11	0.999986649	NA	11	0	0	11	0	0	4	1	2.63463631	11	0
chr12	112000000	chr19	44000000	2	10	2	11	0.979682207	NA	11	0	0	11	0	0	4	1	2.74991527	11	0
chr12	112000000	chr19	29000000	11	11	7	11	0.976950705	NA	11	7	7	11	7	7	1	1	2.58593287	11	0
chr12	112000000	chr19	38000000	4	10	4	11	0.956600547	NA	11	0	0	11	0	0	4	1	2.92024622	11	0
chr12	112000000	chr19	26000000	2	11	2	11	0.81791842	NA	11	2	2	11	2	2	1	1	2.53540958	11	0
chr12	112000000	chr19	27000000	6	11	6	11	0.964640915	NA	11	6	6	11	6	6	1	1	2.51033909	11	0
chr12	112000000	chr19	46000000	19	10	19	11	0.999997258	NA	11	0	0	11	0	0	4	1	2.80359059	11	0
chr12	112000000	chr19	16000000	4	10	3	11	0.954625547	NA	11	1	1	11	1	1	4	1	2.8112591	11	0
chr12	112000000	chr19	47000000	7	10	7	11	0.999925613	NA	11	0	0	11	0	0	4	1	2.89645601	11	0
chr12	112000000	chr19	37000000	8	10	8	11	0.999936104	NA	11	0	0	11	0	0	4	1	2.8899797	11	0
chr12	112000000	chr19	36000000	2	10	2	11	0.991761088	NA	11	0	0	11	0	0	4	1	2.81352396	11	0
chr12	112000000	chr19	50000000	1	10	1	11	0.865023613	NA	11	0	0	11	0	0	4	1	2.8572366	11	0
chr12	112000000	chr19	8000000	3	10	3	11	0.965132356	NA	11	0	0	11	0	0	4	1	2.8688363	11	0
chr12	113000000	chr19	16000000	3	10	3	10	0.670672596	NA	10	3	3	10	3	3	1	1	1.19316574	10	0
chr12	113000000	chr19	8000000	4	10	4	10	0.512205899	NA	10	4	4	10	4	4	1	1	0.590068627	10	0
chr12	113000000	chr19	39000000	3	10	3	10	0.833001614	NA	10	3	3	10	3	3	1	1	1.0576919	10	0
chr13	4000000	chr14	32000000	3	00	3	11	0.25	NA	00	3	3	00	3	3	1	4	3.16620856	00	0
chr13	9000000	chr14	17000000	2	00	2	00	0.906555593	NA	00	2	2	00	2	2	1	1	2.90469553	00	0
chr13	9000000	chr14	18000000	1	00	1	00	0.767709136	NA	00	1	1	00	1	1	1	1	3.62582866	00	0
chr13	10000000	chr14	17000000	9	00	9	00	0.996711254	NA	00	9	9	00	9	9	1	1	3.41620449	00	0
chr13	10000000	chr14	18000000	3	00	3	00	0.999867439	NA	00	3	3	00	3	3	1	1	4.01152894	00	0
chr13	14000000	chr14	16000000	1	00	1	00	0.990023434	NA	00	1	1	00	1	1	1	1	3.62264283	00	0
chr13	15000000	chr14	17000000	2	00	2	00	0.978992164	NA	00	2	2	00	2	2	1	1	4.0169318	00	0
chr13	16000000	chr14	17000000	2	00	2	00	0.999080896	NA	00	2	2	00	2	2	1	1	3.99613912	00	0
chr13	17000000	chr14	17000000	3	00	3	00	0.99935931	NA	00	3	3	00	3	3	1	1	3.8748493	00	0
chr13	17000000	chr14	15000000	1	00	1	00	0.999740183	NA	00	1	1	00	1	1	1	1	3.61888627	00	0
chr13	17000000	chr14	16000000	1	00	1	00	0.994088054	NA	00	1	1	00	1	1	1	1	3.58469881	00	0
chr13	18000000	chr14	15000000	3	00	3	00	0.890715301	NA	00	3	3	00	3	3	1	1	3.46891659	00	0
chr13	18000000	chr14	14000000	4	00	4	00	0.999568164	NA	00	4	4	00	4	4	1	1	3.00050833	00	0
chr13	18000000	chr14	18000000	3	00	3	00	0.995993614	NA	00	3	3	00	3	3	1	1	4.00039069	00	0
chr13	18000000	chr14	16000000	3	00	3	00	0.998857617	NA	00	3	3	00	3	3	1	1	3.40012639	00	0
chr13	18000000	chr14	13000000	1	00	1	00	0.947939456	NA	00	1	1	00	1	1	1	1	3.75179316	00	0
chr13	19000000	chr14	14000000	4	00	4	00	0.978374243	NA	00	4	4	00	4	4	1	1	2.68894669	00	0
chr13	19000000	chr14	32000000	8	00	8	00	0.994136214	NA	00	8	8	00	8	8	1	1	3.50151517	00	0
chr13	19000000	chr14	33000000	6	00	6	00	0.981788039	NA	00	6	6	00	6	6	1	1	2.2793661	00	0
chr13	20000000	chr14	14000000	4	00	4	00	0.989661217	NA	00	4	4	00	4	4	1	1	2.38477832	00	0
chr13	20000000	chr14	32000000	12	00	12	00	0.999956608	NA	00	12	12	00	12	12	1	1	3.40989719	00	0
chr13	20000000	chr14	33000000	9	00	9	00	0.973131895	NA	00	9	9	00	9	9	1	1	2.00744512	00	0
chr13	20000000	chr14	13000000	4	00	4	00	0.981330693	NA	00	4	4	00	4	4	1	1	3.33856045	00	0
chr13	21000000	chr14	32000000	20	00	20	00	0.99933356	NA	00	20	20	00	20	20	1	1	2.92996572	00	0
chr13	21000000	chr14	33000000	14	00	14	00	0.930592477	NA	00	14	14	00	14	14	1	1	1.42863844	00	0
chr13	27000000	chr14	15000000	6	00	6	00	0.99982065	NA	00	6	6	00	6	6	1	1	4.26623048	00	0
chr13	24000000	chr16	33000000	2	01	2	00	0.481412053	NA	00	0	0	00	0	0	2	1	1.38829875	00	0
chr13	50000000	chr16	79000000	10	01	10	01	0.920870304	NA	01	10	10	01	10	10	1	1	2.98713947	01	0
chr13	50000000	chr16	22000000	2	01	2	01	0.993415475	NA	01	2	2	01	2	2	1	1	4.27943107	01	0
chr13	51000000	chr16	22000000	9	01	9	01	0.996335864	NA	01	9	9	01	9	9	1	1	4.35727267	01	0
chr13	51000000	chr16	23000000	2	01	2	01	0.846783221	NA	01	2	2	01	2	2	1	1	3.46253098	01	0
chr13	51000000	chr16	79000000	4	01	4	01	0.696115375	NA	01	4	4	01	4	4	1	1	2.98394766	01	0
chr13	52000000	chr16	22000000	10	01	10	01	0.986700594	NA	01	10	10	01	10	10	1	1	4.38744272	01	0
chr13	52000000	chr16	21000000	8	01	8	01	0.859827161	NA	01	8	8	01	8	8	1	1	4.21053944	01	0
chr13	67000000	chr16	21000000	3	01	3	01	0.856463015	NA	01	3	3	01	3	3	1	1	4.18406576	01	0
chr13	67000000	chr16	23000000	1	01	1	01	0.948257685	NA	01	1	1	01	1	1	1	1	3.48547568	01	0
chr13	70000000	chr16	21000000	3	01	3	01	0.931126297	NA	01	3	3	01	3	3	1	1	4.17831896	01	0
chr13	71000000	chr16	23000000	1	01	1	01	0.828571677	NA	01	1	1	01	1	1	1	1	3.61336463	01	0
chr13	79000000	chr16	22000000	1	01	1	01	0.950648844	NA	01	1	1	01	1	1	1	1	4.40217192	01	0
chr13	88000000	chr16	80000000	8	01	8	01	0.999604881	NA	01	8	8	01	8	8	1	1	3.25821668	01	0
chr13	88000000	chr16	81000000	8	01	8	01	0.995257199	NA	01	8	8	01	8	8	1	1	3.010822	01	0
chr13	88000000	chr16	92000000	4	01	4	01	0.693874538	NA	01	4	4	01	4	4	1	1	2.26595273	01	0
chr13	88000000	chr16	91000000	2	01	2	01	0.539839745	NA	01	2	2	01	2	2	1	1	2.03855154	01	0
chr13	89000000	chr16	23000000	10	01	10	01	0.999911308	NA	01	10	10	01	10	10	1	1	3.66214806	01	0
chr13	89000000	chr16	24000000	1	01	1	01	0.989009321	NA	01	1	1	01	1	1	1	1	3.67773986	01	0
chr13	89000000	chr16	80000000	1	01	1	01	0.948954403	NA	01	1	1	01	1	1	1	1	3.26549254	01	0
chr13	90000000	chr16	23000000	13	01	13	01	0.999996901	NA	01	13	13	01	13	13	1	1	3.67692663	01	0
chr13	90000000	chr16	24000000	14	01	14	01	0.999968886	NA	01	14	14	01	14	14	1	1	3.70826075	01	0
chr13	90000000	chr16	79000000	2	01	2	01	0.991316438	NA	01	2	2	01	2	2	1	1	2.93123739	01	0
chr13	90000000	chr16	80000000	5	01	5	01	0.997072697	NA	01	5	5	01	5	5	1	1	3.2145366	01	0
chr13	90000000	chr16	22000000	1	01	1	01	0.998846292	NA	01	1	1	01	1	1	1	1	4.51472437	01	0
chr13	90000000	chr16	78000000	1	01	1	01	0.672173083	NA	01	1	1	01	1	1	1	1	1.56499181	01	0
chr13	91000000	chr16	23000000	8	01	8	01	0.999969363	NA	01	8	8	01	8	8	1	1	3.67925617	01	0
chr13	91000000	chr16	80000000	3	01	3	01	0.987742901	NA	01	3	3	01	3	3	1	1	3.2719004	01	0
chr13	97000000	chr16	28000000	1	10	1	01	0.935950816	NA	01	0	0	01	0	1	4	1	3.02098127	01	0
chr13	97000000	chr16	20000000	1	01	1	01	0.989971757	NA	01	1	1	01	1	1	1	1	3.18637401	01	0
chr13	98000000	chr16	21000000	5	01	5	01	0.999944925	NA	01	5	5	01	5	5	1	1	4.13882468	01	0
chr13	98000000	chr16	28000000	4	01	4	01	0.99865675	NA	01	4	4	01	4	4	1	1	2.94861685	01	0
chr13	98000000	chr16	30000000	1	01	1	01	0.901307821	NA	01	1	1	01	1	1	1	1	2.36857491	01	0
chr13	98000000	chr16	27000000	3	01	3	01	0.991767108	NA	01	3	3	01	3	3	1	1	2.46877788	01	0
chr13	99000000	chr16	27000000	3	01	3	01	0.803525984	NA	01	3	3	01	3	3	1	1	2.47938133	01	0
chr13	99000000	chr16	21000000	19	01	19	01	0.999999404	NA	01	19	19	01	19	19	1	1	4.17813053	01	0
chr13	99000000	chr16	20000000	5	01	5	01	0.999576867	NA	01	5	5	01	5	5	1	1	3.20614598	01	0
chr13	99000000	chr16	22000000	1	01	1	01	0.999534845	NA	01	1	1	01	1	1	1	1	4.36396431	01	0
chr13	99000000	chr16	30000000	1	01	1	01	0.788355231	NA	01	1	1	01	1	1	1	1	2.36813882	01	0
chr13	100000000	chr16	21000000	1	01	1	01	0.998473585	NA	01	1	1	01	1	1	1	1	4.08862284	01	0
chr13	100000000	chr16	22000000	1	01	1	01	0.952790976	NA	01	1	1	01	1	1	1	1	4.31487601	01	0
chr13	102000000	chr16	20000000	1	01	1	01	0.913907528	NA	01	1	1	01	1	1	1	1	3.18117792	01	0
chr13	108000000	chr16	27000000	5	01	5	01	0.994269133	NA	01	5	5	01	5	5	1	1	2.65794865	01	0
chr13	108000000	chr16	28000000	2	01	2	01	0.970389545	NA	01	2	2	01	2	2	1	1	2.87550253	01	0
chr13	109000000	chr16	62000000	2	01	2	01	0.808080077	NA	01	2	2	01	2	2	1	1	2.05693532	01	0
chr13	109000000	chr16	28000000	11	01	11	01	0.999916077	NA	01	11	11	01	11	11	1	1	2.86775726	01	0
chr13	109000000	chr16	29000000	3	01	3	01	0.976037264	NA	01	3	3	01	3	3	1	1	2.66830545	01	0
chr13	109000000	chr16	27000000	7	01	7	01	0.99939692	NA	01	7	7	01	7	7	1	1	2.61501656	01	0
chr13	109000000	chr16	61000000	1	01	1	01	0.577320278	NA	01	1	1	01	1	1	1	1	1.37478795	01	0
chr13	110000000	chr16	28000000	4	01	4	01	0.995181978	NA	01	4	4	01	4	4	1	1	2.90202547	01	0
chr13	111000000	chr16	28000000	4	01	4	01	0.99545455	NA	01	4	4	01	4	4	1	1	2.99794172	01	0
chr13	111000000	chr16	29000000	1	01	1	01	0.965937853	NA	01	1	1	01	1	1	1	1	2.80794754	01	0
chr13	6000000	chr17	5000000	4	11	3	10	0.899361789	NA	10	1	1	10	1	1	4	1	2.30244908	10	0
chr13	8000000	chr17	5000000	5	11	5	10	0.978450775	NA	10	0	0	10	0	0	4	1	2.91403134	10	0
chr13	8000000	chr17	4000000	1	11	1	10	0.556506813	NA	10	0	0	10	0	0	4	1	1.76463456	10	0
chr13	9000000	chr17	5000000	2	11	2	10	0.860965073	NA	10	0	0	10	0	0	4	1	2.06848747	10	0
chr13	37000000	chr17	28000000	2	10	2	01	0.329806238	NA	01	0	0	01	0	2	2	1	0.676973902	01	0
chr13	38000000	chr17	83000000	1	00	1	10	0.39386037	NA	10	0	0	10	0	0	3	1	0.792611515	10	0
chr13	41000000	chr17	83000000	2	10	2	10	0.555533469	NA	10	2	2	10	2	2	1	1	0.870322146	10	0
chr13	62000000	chr17	27000000	1	10	1	10	0.834832907	NA	10	1	1	10	1	1	1	1	1.79327756	10	0
chr13	63000000	chr17	27000000	4	10	4	10	0.92784667	NA	10	4	4	10	4	4	1	1	2.19271456	10	0
chr13	63000000	chr17	26000000	3	10	3	10	0.730285168	NA	10	3	3	10	3	3	1	1	1.54863251	10	0
chr13	63000000	chr17	5000000	2	10	2	10	0.653345823	NA	10	2	2	10	2	2	1	1	3.23815174	10	0
chr13	63000000	chr17	28000000	4	10	4	10	0.825802445	NA	10	4	4	10	4	4	1	1	1.95057842	10	0
chr13	63000000	chr17	4000000	2	10	2	10	0.449313223	NA	10	2	2	10	2	2	1	1	2.2851091	10	0
chr13	64000000	chr17	3000000	1	10	1	10	0.549059451	NA	10	1	1	10	1	1	1	1	1.56793722	10	0
chr13	64000000	chr17	5000000	3	10	3	10	0.727990687	NA	10	3	3	10	3	3	1	1	2.59867165	10	0
chr13	64000000	chr17	84000000	7	10	7	10	0.997450531	NA	10	7	7	10	7	7	1	1	2.3695658	10	0
chr13	64000000	chr17	86000000	7	10	7	10	0.999467671	NA	10	7	7	10	7	7	1	1	3.44664423	10	0
chr13	64000000	chr17	85000000	3	10	3	10	0.998012066	NA	10	3	3	10	3	3	1	1	2.56924478	10	0
chr13	64000000	chr17	83000000	1	10	1	10	0.854233563	NA	10	1	1	10	1	1	1	1	1.05040485	10	0
chr13	64000000	chr17	27000000	1	11	1	10	0.720393956	NA	10	0	0	10	0	0	4	1	2.0875546	10	0
chr13	64000000	chr17	33000000	4	10	4	10	0.977994144	NA	10	4	4	10	4	4	1	1	2.74680558	10	0
chr13	64000000	chr17	81000000	10	10	10	10	0.994938374	NA	10	10	10	10	10	10	1	1	1.54375945	10	0
chr13	64000000	chr17	90000000	4	10	4	10	0.883937359	NA	10	4	4	10	4	4	1	1	0.81511238	10	0
chr13	64000000	chr17	35000000	3	10	3	10	0.971303046	NA	10	3	3	10	3	3	1	1	2.29165025	10	0
chr13	64000000	chr17	89000000	4	10	4	10	0.907878339	NA	10	4	4	10	4	4	1	1	1.80643876	10	0
chr13	67000000	chr17	28000000	4	10	4	10	0.661012948	NA	10	4	4	10	4	4	1	1	2.08648926	10	0
chr13	69000000	chr17	49000000	1	10	1	10	0.371253699	NA	10	1	1	10	1	1	1	1	2.50565465	10	0
chr13	69000000	chr17	65000000	2	10	2	10	0.441394597	NA	10	2	2	10	2	2	1	1	2.24039766	10	0
chr13	69000000	chr17	66000000	1	10	1	10	0.712027371	NA	10	1	1	10	1	1	1	1	3.14699648	10	0
chr13	69000000	chr17	83000000	1	10	1	10	0.727005243	NA	10	1	1	10	1	1	1	1	2.10869535	10	0
chr13	70000000	chr17	66000000	2	10	2	10	0.478527218	NA	10	2	2	10	2	2	1	1	3.26617164	10	0
chr13	70000000	chr17	31000000	8	10	8	10	0.997666121	NA	10	8	8	10	8	8	1	1	3.71349701	10	0
chr13	70000000	chr17	83000000	6	10	6	10	0.989741683	NA	10	6	6	10	6	6	1	1	2.54164736	10	0
chr13	70000000	chr17	32000000	1	10	1	10	0.993734181	NA	10	1	1	10	1	1	1	1	3.49758872	10	0
chr13	70000000	chr17	84000000	4	10	4	10	0.999181211	NA	10	4	4	10	4	4	1	1	3.33572962	10	0
chr13	71000000	chr17	83000000	2	10	2	10	0.99984622	NA	10	2	2	10	2	2	1	1	2.89462838	10	0
chr13	71000000	chr17	32000000	1	10	1	10	0.769349933	NA	10	1	1	10	1	1	1	1	3.60718945	10	0
chr13	74000000	chr17	84000000	3	10	3	10	0.99983263	NA	10	3	3	10	3	3	1	1	3.35355899	10	0
chr13	74000000	chr17	66000000	1	10	1	10	0.456263989	NA	10	1	1	10	1	1	1	1	2.88962369	10	0
chr13	76000000	chr17	84000000	1	10	1	10	0.817582071	NA	10	1	1	10	1	1	1	1	2.84304229	10	0
chr13	77000000	chr17	84000000	3	10	3	10	0.995340228	NA	10	3	3	10	3	3	1	1	3.19078474	10	0
chr13	91000000	chr17	83000000	1	10	1	10	0.897474706	NA	10	1	1	10	1	1	1	1	1.85654786	10	0
chr13	92000000	chr17	83000000	3	10	2	10	0.94059056	NA	10	2	2	10	2	2	1	1	2.15801161	10	0
chr13	92000000	chr17	35000000	5	10	5	10	0.9996773	NA	10	5	5	10	5	5	1	1	3.03088454	10	0
chr13	92000000	chr17	33000000	3	10	3	10	0.996878862	NA	10	3	3	10	3	3	1	1	3.0911718	10	0
chr13	92000000	chr17	84000000	1	10	1	10	0.994214118	NA	10	1	1	10	1	1	1	1	3.18672691	10	0
chr13	92000000	chr17	81000000	5	10	5	10	0.997777045	NA	10	5	5	10	5	5	1	1	2.26721538	10	0
chr13	93000000	chr17	86000000	8	10	8	10	0.998183548	NA	10	8	8	10	8	8	1	1	3.07450043	10	0
chr13	93000000	chr17	81000000	8	10	8	10	0.999278128	NA	10	8	8	10	8	8	1	1	2.38853986	10	0
chr13	93000000	chr17	84000000	6	10	5	10	0.999891043	NA	10	5	5	10	5	5	1	1	3.54029613	10	0
chr13	93000000	chr17	33000000	6	10	6	10	0.999192417	NA	10	6	6	10	6	6	1	1	3.2762614	10	0
chr13	93000000	chr17	35000000	1	10	1	10	0.994585574	NA	10	1	1	10	1	1	1	1	3.29735345	10	0
chr13	93000000	chr17	83000000	1	10	1	10	0.978477597	NA	10	1	1	10	1	1	1	1	2.32649468	10	0
chr13	94000000	chr17	83000000	4	10	4	10	0.932792306	NA	10	4	4	10	4	4	1	1	1.5025666	10	0
chr13	94000000	chr17	84000000	4	10	4	10	0.99851948	NA	10	4	4	10	4	4	1	1	2.60187018	10	0
chr13	96000000	chr17	35000000	5	10	5	10	0.983083904	NA	10	5	5	10	5	5	1	1	2.25163334	10	0
chr13	96000000	chr17	83000000	2	10	2	10	0.953327715	NA	10	2	2	10	2	2	1	1	1.56606028	10	0
chr13	97000000	chr17	35000000	1	10	1	10	0.977871835	NA	10	1	1	10	1	1	1	1	2.97432542	10	0
chr13	97000000	chr17	84000000	8	10	8	10	0.999264777	NA	10	8	8	10	8	8	1	1	3.13263018	10	0
chr13	97000000	chr17	81000000	4	10	4	10	0.978627145	NA	10	4	4	10	4	4	1	1	2.18827383	10	0
chr13	97000000	chr17	33000000	1	10	1	10	0.975433946	NA	10	1	1	10	1	1	1	1	2.98589976	10	0
chr13	97000000	chr17	83000000	5	10	5	10	0.998925269	NA	10	5	5	10	5	5	1	1	2.33733449	10	0
chr13	98000000	chr17	30000000	1	10	1	10	0.928459048	NA	10	1	1	10	1	1	1	1	3.00937783	10	0
chr13	99000000	chr17	31000000	8	10	7	10	0.99964869	NA	10	7	7	10	7	7	1	1	3.44778336	10	0
chr13	99000000	chr17	66000000	11	10	11	10	0.990395963	NA	10	11	11	10	11	11	1	1	3.07802517	10	0
chr13	99000000	chr17	65000000	8	10	8	10	0.928386927	NA	10	8	8	10	8	8	1	1	2.32254019	10	0
chr13	99000000	chr17	49000000	5	10	5	10	0.962125063	NA	10	5	5	10	5	5	1	1	2.45229486	10	0
chr13	99000000	chr17	30000000	1	10	1	10	0.994913578	NA	10	1	1	10	1	1	1	1	3.39350003	10	0
chr13	99000000	chr17	50000000	2	10	2	10	0.917178273	NA	10	2	2	10	2	2	1	1	2.42551797	10	0
chr13	100000000	chr17	50000000	10	10	10	10	0.944949925	NA	10	10	10	10	10	10	1	1	2.85649122	10	0
chr13	100000000	chr17	31000000	8	10	8	10	0.999989867	NA	10	8	8	10	8	8	1	1	3.41506077	10	0
chr13	100000000	chr17	32000000	1	10	1	10	0.990457892	NA	10	1	1	10	1	1	1	1	3.13678064	10	0
chr13	100000000	chr17	51000000	1	10	1	10	0.917998493	NA	10	1	1	10	1	1	1	1	3.16501355	10	0
chr13	100000000	chr17	83000000	1	10	1	10	0.92536658	NA	10	1	1	10	1	1	1	1	1.88928606	10	0
chr13	101000000	chr17	31000000	2	10	2	10	0.925473154	NA	10	2	2	10	2	2	1	1	3.49375211	10	0
chr13	101000000	chr17	82000000	1	10	1	10	0.790136099	NA	10	1	1	10	1	1	1	1	2.51424568	10	0
chr13	101000000	chr17	83000000	3	10	3	10	0.908333778	NA	10	3	3	10	3	3	1	1	2.12448698	10	0
chr13	101000000	chr17	32000000	1	10	1	10	0.997590899	NA	10	1	1	10	1	1	1	1	3.2101253	10	0
chr13	102000000	chr17	82000000	2	10	2	10	0.928888202	NA	10	2	2	10	2	2	1	1	2.38562752	10	0
chr13	102000000	chr17	83000000	7	10	7	10	0.994525969	NA	10	7	7	10	7	7	1	1	2.31009301	10	0
chr13	103000000	chr17	83000000	2	10	2	10	0.966595769	NA	10	2	2	10	2	2	1	1	1.8987436	10	0
chr13	103000000	chr17	84000000	2	10	2	10	0.867126763	NA	10	2	2	10	2	2	1	1	2.88780743	10	0
chr13	104000000	chr17	83000000	1	10	1	10	0.792582035	NA	10	1	1	10	1	1	1	1	1.39724883	10	0
chr13	105000000	chr17	83000000	2	10	2	10	0.90729636	NA	10	2	2	10	2	2	1	1	1.90559536	10	0
chr13	106000000	chr17	83000000	7	10	7	10	0.977103889	NA	10	7	7	10	7	7	1	1	1.83833983	10	0
chr13	107000000	chr17	35000000	1	10	1	10	0.778308213	NA	10	1	1	10	1	1	1	1	2.39274597	10	0
chr13	107000000	chr17	90000000	1	10	1	10	0.564628959	NA	10	1	1	10	1	1	1	1	1.28622712	10	0
chr13	108000000	chr17	90000000	11	10	11	10	0.965475678	NA	10	11	11	10	11	11	1	1	1.40142489	10	0
chr13	118000000	chr17	32000000	5	10	5	10	0.992940903	NA	10	5	5	10	5	5	1	1	3.52176178	10	0
chr13	118000000	chr17	83000000	5	10	5	10	0.945311248	NA	10	5	5	10	5	5	1	1	2.46919918	10	0
chr13	118000000	chr17	81000000	11	10	11	10	0.993339837	NA	10	11	11	10	11	11	1	1	2.71633573	10	0
chr13	118000000	chr17	94000000	2	10	2	10	0.776114881	NA	10	2	2	10	2	2	1	1	3.72542733	10	0
chr13	118000000	chr17	90000000	1	10	1	10	0.577152312	NA	10	1	1	10	1	1	1	1	2.27179893	10	0
chr13	119000000	chr17	81000000	2	10	2	10	0.677925348	NA	10	2	2	10	2	2	1	1	1.63793401	10	0
chr13	4000000	chr18	12000000	1	00	1	00	0.35615027	NA	00	1	0	00	1	1	1	1	1.33323385	00	1
chr13	14000000	chr18	16000000	2	00	2	00	0.556478441	NA	00	2	0	00	2	2	1	1	2.33210139	00	1
chr13	18000000	chr18	14000000	8	00	8	00	0.995170772	NA	00	8	0	00	8	8	1	1	2.91584915	00	1
chr13	18000000	chr18	13000000	9	00	9	00	0.997967184	NA	00	9	0	00	9	9	1	1	2.66770085	00	1
chr13	18000000	chr18	12000000	5	00	5	00	0.962285459	NA	00	5	0	00	5	5	1	1	2.35424785	00	1
chr13	23000000	chr18	12000000	1	00	1	00	0.800830722	NA	00	1	0	00	1	1	1	1	1.08123525	00	1
chr13	25000000	chr18	82000000	1	00	1	00	0.611675858	NA	00	1	0	00	1	1	1	1	1.50158888	00	1
chr13	25000000	chr18	13000000	1	00	1	00	0.889047325	NA	00	1	0	00	1	1	1	1	1.9008051	00	1
chr13	26000000	chr18	13000000	2	00	2	00	0.65528816	NA	00	2	0	00	2	2	1	1	1.90780596	00	1
chr13	26000000	chr18	14000000	1	00	1	00	0.943655312	NA	00	1	0	00	1	1	1	1	2.06036985	00	1
chr13	26000000	chr18	82000000	5	00	5	00	0.753765881	NA	00	5	0	00	5	5	1	1	1.87764485	00	1
chr13	26000000	chr18	81000000	1	00	1	00	0.47514537	NA	00	1	0	00	1	1	1	1	0.70262498	00	1
chr13	26000000	chr18	16000000	2	00	1	00	0.848457694	NA	00	1	0	00	1	1	1	1	2.27231832	00	1
chr13	27000000	chr18	15000000	6	00	6	00	0.992729247	NA	00	6	0	00	6	6	1	1	3.20828732	00	1
chr13	27000000	chr18	14000000	1	01	1	00	0.932986736	NA	00	0	1	00	0	0	2	1	2.49332109	00	1
chr13	40000000	chr18	13000000	1	00	1	00	0.798882306	NA	00	1	0	00	1	1	1	1	1.42434512	00	1
chr13	40000000	chr18	12000000	2	00	2	00	0.658162355	NA	00	2	0	00	2	2	1	1	1.09381386	00	1
chr13	40000000	chr18	82000000	3	00	3	00	0.408044398	NA	00	3	0	00	3	3	1	1	0.965366832	00	1
chr13	41000000	chr18	13000000	2	00	2	00	0.655901849	NA	00	2	0	00	2	2	1	1	1.55406307	00	1
chr13	41000000	chr18	82000000	1	00	1	00	0.363855898	NA	00	1	0	00	1	1	1	1	1.41730592	00	1
chr13	47000000	chr18	67000000	4	00	4	01	0.497404069	NA	01	0	4	01	0	0	2	1	0.91597757	01	1
chr13	48000000	chr18	67000000	3	00	3	01	0.614533305	NA	01	0	3	01	0	0	2	1	0.822943944	01	1
chr13	54000000	chr18	36000000	1	00	1	00	0.547468185	NA	00	1	0	00	1	1	1	1	1.09152271	00	1
chr13	58000000	chr18	89000000	4	00	4	00	0.755527735	NA	00	4	0	00	4	4	1	1	1.01328502	00	1
chr13	58000000	chr18	88000000	4	00	4	00	0.498130351	NA	00	4	0	00	4	4	1	1	1.5322891	00	1
chr13	61000000	chr18	31000000	13	00	13	01	0.945485353	NA	01	0	13	01	0	0	3	1	1.43852125	01	1
chr13	61000000	chr18	47000000	2	00	2	11	0.25	NA	00	2	2	01	0	2	2	4	0.622580053	01	1
chr13	61000000	chr18	35000000	2	00	2	01	0.795377791	NA	01	0	2	01	0	0	2	1	1.80282544	01	1
chr13	61000000	chr18	32000000	4	00	4	01	0.729745209	NA	01	0	4	01	0	0	2	1	0.342522821	01	1
chr13	61000000	chr18	70000000	6	00	6	01	0.963461101	NA	01	0	6	01	0	0	2	1	1.91957724	01	1
chr13	61000000	chr18	33000000	2	00	2	01	0.882670462	NA	01	0	2	01	0	0	2	1	1.60793622	01	1
chr13	61000000	chr18	34000000	1	00	1	01	0.831271112	NA	01	0	1	01	0	0	2	1	1.3993004	01	1
chr13	61000000	chr18	36000000	1	00	1	01	0.657143533	NA	01	0	1	01	0	0	2	1	1.25309701	01	1
chr13	61000000	chr18	66000000	2	00	2	01	0.86600244	NA	01	0	2	01	0	0	2	1	2.04176402	01	1
chr13	62000000	chr18	32000000	1	00	1	00	0.414723784	NA	00	1	0	00	1	1	1	1	0.244195884	00	1
chr13	62000000	chr18	67000000	2	00	2	01	0.546370506	NA	01	0	2	01	0	0	2	1	0.412068892	01	1
chr13	64000000	chr18	82000000	1	00	1	00	0.47909233	NA	00	1	0	00	1	1	1	1	0.404486953	00	1
chr13	64000000	chr18	32000000	2	00	2	00	0.522622645	NA	00	2	0	00	2	2	1	1	0.385634942	00	1
chr13	64000000	chr18	31000000	1	00	1	01	0.482140541	NA	01	0	1	01	0	0	2	1	1.14983982	01	1
chr13	67000000	chr18	67000000	10	00	10	01	0.908765376	NA	01	0	10	01	0	0	2	1	1.18569345	01	1
chr13	74000000	chr18	36000000	1	00	1	00	0.513651073	NA	00	1	0	00	1	1	1	1	1.47969847	00	1
chr13	75000000	chr18	36000000	1	00	1	00	0.711964369	NA	00	1	0	00	1	1	1	1	1.84788315	00	1
chr13	77000000	chr18	68000000	1	00	1	01	0.615096927	NA	01	0	1	01	0	0	2	1	0.536938602	01	1
chr13	82000000	chr18	37000000	4	00	4	00	0.844781458	NA	00	4	0	00	4	4	1	1	1.21632737	00	1
chr13	82000000	chr18	68000000	1	00	1	01	0.73749274	NA	01	0	1	01	0	0	2	1	0.497357725	01	1
chr13	82000000	chr18	69000000	2	00	2	01	0.691707969	NA	01	0	2	01	0	0	2	1	1.18217614	01	1
chr13	82000000	chr18	66000000	1	00	1	01	0.668435752	NA	01	0	1	01	0	0	2	1	0.773774083	01	1
chr13	82000000	chr18	67000000	1	00	1	01	0.570267737	NA	01	0	1	01	0	0	2	1	0.937825332	01	1
chr13	83000000	chr18	33000000	1	00	1	01	0.462069571	NA	01	0	1	01	0	0	2	1	0.144576456	01	1
chr13	83000000	chr18	66000000	6	00	6	01	0.698128164	NA	01	0	6	01	0	0	2	1	1.11976911	01	1
chr13	83000000	chr18	67000000	5	00	5	01	0.963233411	NA	01	0	5	01	0	0	2	1	1.77423301	01	1
chr13	83000000	chr18	69000000	3	00	3	01	0.82787317	NA	01	0	3	01	0	0	2	1	1.94303423	01	1
chr13	83000000	chr18	68000000	4	00	4	01	0.916345835	NA	01	0	4	01	0	0	2	1	1.30902567	01	1
chr13	84000000	chr18	68000000	3	00	3	01	0.862882137	NA	01	0	3	01	0	0	2	1	1.28584904	01	1
chr13	85000000	chr18	37000000	1	00	1	00	0.538203955	NA	00	1	0	00	1	1	1	1	1.63272527	00	1
chr13	86000000	chr18	37000000	1	00	1	00	0.746941328	NA	00	1	0	00	1	1	1	1	1.40367566	00	1
chr13	111000000	chr18	31000000	1	00	1	01	0.448067278	NA	01	0	1	01	0	0	3	1	1.17098167	01	1
chr13	117000000	chr18	89000000	1	00	1	00	0.506240785	NA	00	1	0	00	1	1	1	1	0.646088765	00	1
chr13	117000000	chr18	88000000	3	00	3	00	0.645977557	NA	00	3	0	00	3	3	1	1	1.12607673	00	1
chr13	119000000	chr18	32000000	3	00	3	00	0.652640402	NA	00	3	0	00	3	3	1	1	0.948744595	00	1
chr13	119000000	chr18	33000000	8	00	8	01	0.552752316	NA	01	0	8	01	0	0	2	1	0.132798957	01	1
chr13	119000000	chr18	37000000	4	00	4	00	0.733941495	NA	00	4	0	00	4	4	1	1	0.879321601	00	1
chr13	3000000	chr19	15000000	3	00	3	00	0.832737029	NA	00	3	3	00	3	3	1	1	0.821901067	00	0
chr13	3000000	chr19	29000000	4	00	4	00	0.921267152	NA	00	4	4	00	4	4	1	1	0.675054406	00	0
chr13	3000000	chr19	16000000	5	00	5	00	0.833074093	NA	00	5	5	00	5	5	1	1	0.634512146	00	0
chr13	3000000	chr19	12000000	1	00	1	00	0.741535842	NA	00	1	1	00	1	1	1	1	0.320645537	00	0
chr13	3000000	chr19	21000000	1	00	1	00	0.485796243	NA	00	1	1	00	1	1	1	1	0.432514657	00	0
chr13	3000000	chr19	26000000	2	00	2	00	0.5349527	NA	00	2	2	00	2	2	1	1	0.793722604	00	0
chr13	3000000	chr19	60000000	1	00	1	00	0.813269496	NA	00	1	1	00	1	1	1	1	1.01476463	00	0
chr13	4000000	chr19	26000000	1	00	1	00	0.970195055	NA	00	1	1	00	1	1	1	1	1.49690418	00	0
chr13	4000000	chr19	60000000	1	00	1	00	0.890072942	NA	00	1	1	00	1	1	1	1	1.17799209	00	0
chr13	4000000	chr19	58000000	1	00	1	00	0.998497725	NA	00	1	1	00	1	1	1	1	1.49222624	00	0
chr13	4000000	chr19	3000000	1	01	1	00	0.49060744	NA	00	0	0	00	0	0	3	1	1.10507099	00	0
chr13	4000000	chr19	27000000	1	00	1	00	0.705396116	NA	00	1	1	00	1	1	1	1	0.947454696	00	0
chr13	4000000	chr19	57000000	1	00	1	00	0.981566548	NA	00	1	1	00	1	1	1	1	1.43001601	00	0
chr13	4000000	chr19	59000000	1	00	1	00	0.994921863	NA	00	1	1	00	1	1	1	1	1.55159977	00	0
chr13	5000000	chr19	14000000	2	00	2	00	0.945555389	NA	00	2	2	00	2	2	1	1	2.8159749	00	0
chr13	5000000	chr19	57000000	7	00	7	00	0.999860406	NA	00	7	7	00	7	7	1	1	2.26520276	00	0
chr13	5000000	chr19	58000000	1	00	1	00	0.698170543	NA	00	1	1	00	1	1	1	1	2.00331643	00	0
chr13	5000000	chr19	56000000	2	00	2	00	0.998192012	NA	00	2	2	00	2	2	1	1	2.96695611	00	0
chr13	5000000	chr19	20000000	1	00	1	00	0.691049099	NA	00	1	1	00	1	1	1	1	1.81751979	00	0
chr13	6000000	chr19	27000000	4	00	4	00	0.97819829	NA	00	4	4	00	4	4	1	1	2.79919159	00	0
chr13	6000000	chr19	28000000	4	00	4	00	0.997993708	NA	00	4	4	00	4	4	1	1	2.97929066	00	0
chr13	6000000	chr19	58000000	1	00	1	00	0.816085219	NA	00	1	1	00	1	1	1	1	2.78615285	00	0
chr13	8000000	chr19	27000000	1	00	1	00	0.984161317	NA	00	1	1	00	1	1	1	1	2.70968398	00	0
chr13	8000000	chr19	60000000	4	00	4	00	0.999003947	NA	00	4	4	00	4	4	1	1	2.88078195	00	0
chr13	8000000	chr19	57000000	3	00	3	00	0.999979496	NA	00	3	3	00	3	3	1	1	2.9842863	00	0
chr13	8000000	chr19	21000000	5	00	4	00	0.987824202	NA	00	4	4	00	4	4	1	1	2.82479015	00	0
chr13	8000000	chr19	26000000	3	00	3	00	0.939607382	NA	00	3	3	00	3	3	1	1	3.07817044	00	0
chr13	8000000	chr19	3000000	1	00	1	00	0.563125789	NA	00	1	1	00	1	1	1	1	2.87327544	00	0
chr13	8000000	chr19	20000000	2	00	1	00	0.885567665	NA	00	1	1	00	1	2	1	1	2.5447175	00	0
chr13	8000000	chr19	58000000	10	00	10	00	0.999999642	NA	00	10	10	00	10	10	1	1	2.90239278	00	0
chr13	8000000	chr19	59000000	1	00	1	00	0.999976635	NA	00	1	1	00	1	1	1	1	3.38623735	00	0
chr13	9000000	chr19	37000000	1	10	1	00	0.448151827	NA	00	0	0	00	0	0	3	1	1.05965035	00	0
chr13	9000000	chr19	47000000	1	00	1	00	0.625087976	NA	00	1	1	00	1	1	1	1	2.59488964	00	0
chr13	10000000	chr19	26000000	8	01	8	00	0.980353355	NA	00	0	0	00	0	0	4	1	3.73293781	00	0
chr13	10000000	chr19	25000000	5	01	5	00	0.856960058	NA	00	0	0	00	0	0	3	1	3.03060578	00	0
chr13	10000000	chr19	27000000	2	01	2	00	0.959720075	NA	00	0	0	00	0	0	3	1	3.01651807	00	0
chr13	11000000	chr19	27000000	13	01	13	00	0.999707401	NA	00	0	0	00	0	0	4	1	3.07286283	00	0
chr13	11000000	chr19	25000000	1	01	1	00	0.995581686	NA	00	0	0	00	0	0	4	1	3.23658441	00	0
chr13	11000000	chr19	26000000	2	01	2	00	0.983514667	NA	00	0	0	00	0	0	4	1	3.43832157	00	0
chr13	11000000	chr19	46000000	5	00	5	00	0.554416656	NA	00	5	5	00	5	5	1	1	1.21119826	00	0
chr13	11000000	chr19	29000000	1	01	1	00	0.914440393	NA	00	0	0	00	0	0	4	1	3.22016017	00	0
chr13	11000000	chr19	28000000	3	01	3	00	0.917975008	NA	00	0	0	00	0	0	4	1	3.25494761	00	0
chr13	12000000	chr19	47000000	4	00	4	00	0.971658647	NA	00	4	4	00	4	4	1	1	3.58251754	00	0
chr13	13000000	chr19	47000000	1	00	1	00	0.881496489	NA	00	1	1	00	1	1	1	1	3.99152043	00	0
chr13	15000000	chr19	37000000	2	00	2	00	0.773424566	NA	00	2	2	00	2	2	1	1	2.61547027	00	0
chr13	15000000	chr19	38000000	1	00	1	00	0.595035255	NA	00	1	1	00	1	1	1	1	3.04677503	00	0
chr13	18000000	chr19	57000000	2	00	2	00	0.981410921	NA	00	2	2	00	2	2	1	1	2.14570021	00	0
chr13	19000000	chr19	57000000	3	00	3	00	0.99608314	NA	00	3	3	00	3	3	1	1	2.72637561	00	0
chr13	20000000	chr19	58000000	6	00	6	00	0.992854655	NA	00	6	6	00	6	6	1	1	3.09606684	00	0
chr13	20000000	chr19	57000000	7	00	7	00	0.998077989	NA	00	7	7	00	7	7	1	1	3.29028384	00	0
chr13	21000000	chr19	59000000	3	00	3	00	0.942932844	NA	00	3	3	00	3	3	1	1	2.35712323	00	0
chr13	21000000	chr19	21000000	1	00	1	00	0.878636658	NA	00	1	1	00	1	1	1	1	2.14693387	00	0
chr13	23000000	chr19	59000000	8	00	8	00	0.930420816	NA	00	8	8	00	8	8	1	1	0.874109516	00	0
chr13	23000000	chr19	58000000	1	00	1	00	0.768036127	NA	00	1	1	00	1	1	1	1	0.861006271	00	0
chr13	23000000	chr19	21000000	2	00	2	00	0.470047235	NA	00	2	2	00	2	2	1	1	0.470557944	00	0
chr13	24000000	chr19	22000000	6	00	6	00	0.611724615	NA	00	6	6	00	6	6	1	1	0.746888521	00	0
chr13	24000000	chr19	59000000	20	00	20	00	0.996181488	NA	00	20	20	00	20	20	1	1	1.68376761	00	0
chr13	24000000	chr19	60000000	5	00	5	00	0.971722901	NA	00	5	5	00	5	5	1	1	1.48387056	00	0
chr13	24000000	chr19	21000000	9	00	9	00	0.883685768	NA	00	9	9	00	9	9	1	1	1.21067157	00	0
chr13	24000000	chr19	28000000	1	00	1	00	0.605838716	NA	00	1	1	00	1	1	1	1	1.19446943	00	0
chr13	24000000	chr19	57000000	1	00	1	00	0.709333003	NA	00	1	1	00	1	1	1	1	1.65986875	00	0
chr13	24000000	chr19	58000000	3	00	3	00	0.976886928	NA	00	3	3	00	3	3	1	1	1.61318901	00	0
chr13	25000000	chr19	57000000	1	00	1	00	0.777726114	NA	00	1	1	00	1	1	1	1	1.82699422	00	0
chr13	25000000	chr19	58000000	2	00	1	00	0.885837674	NA	00	1	1	00	1	2	1	1	1.82516422	00	0
chr13	28000000	chr19	16000000	1	00	1	00	0.488913983	NA	00	1	1	00	1	1	1	1	0.812803459	00	0
chr13	33000000	chr19	47000000	2	00	2	00	0.439902961	NA	00	2	2	00	2	2	1	1	1.19626309	00	0
chr13	33000000	chr19	29000000	2	00	2	00	0.915924311	NA	00	2	2	00	2	2	1	1	0.860919105	00	0
chr13	33000000	chr19	35000000	2	00	2	00	0.729061663	NA	00	2	2	00	2	2	1	1	0.880471309	00	0
chr13	33000000	chr19	36000000	1	00	1	00	0.528274775	NA	00	1	1	00	1	1	1	1	0.525941348	00	0
chr13	33000000	chr19	12000000	2	00	2	00	0.516735375	NA	00	2	2	11	0	2	2	2	0.381173269	11	0
chr13	34000000	chr19	29000000	3	00	3	00	0.819290996	NA	00	3	3	00	3	3	1	1	0.740609247	00	0
chr13	34000000	chr19	12000000	3	00	3	00	0.49167347	NA	00	3	3	11	0	3	2	2	0.355137314	11	0
chr13	34000000	chr19	28000000	1	00	1	00	0.550032854	NA	00	1	1	00	1	1	1	1	0.164858194	00	0
chr13	34000000	chr19	34000000	1	00	1	00	0.560593307	NA	00	1	1	00	1	1	1	1	0.420373901	00	0
chr13	35000000	chr19	29000000	8	00	8	00	0.940478265	NA	00	8	8	00	8	8	1	1	0.944204122	00	0
chr13	35000000	chr19	16000000	7	00	7	00	0.932274938	NA	00	7	7	00	7	7	1	1	1.22884141	00	0
chr13	35000000	chr19	35000000	1	00	1	00	0.863376081	NA	00	1	1	00	1	1	1	1	1.12180582	00	0
chr13	36000000	chr19	16000000	10	00	10	00	0.743510365	NA	00	10	10	00	10	10	1	1	0.441109744	00	0
chr13	37000000	chr19	16000000	4	00	3	00	0.705701649	NA	00	3	3	00	3	3	1	1	0.428743026	00	0
chr13	37000000	chr19	39000000	1	00	1	00	0.802952349	NA	00	1	1	00	1	1	1	1	1.32532084	00	0
chr13	37000000	chr19	8000000	1	00	1	11	0.523854315	NA	11	0	0	11	0	1	2	1	0.416471397	11	0
chr13	38000000	chr19	27000000	1	01	1	00	0.654807925	NA	00	0	0	00	0	0	3	1	1.07927457	00	0
chr13	38000000	chr19	60000000	1	00	1	00	0.790409505	NA	00	1	1	00	1	1	1	1	1.21423493	00	0
chr13	38000000	chr19	59000000	2	00	2	00	0.853975415	NA	00	2	2	00	2	2	1	1	1.23248894	00	0
chr13	38000000	chr19	26000000	3	00	3	00	0.803666949	NA	00	3	3	00	3	3	1	1	1.4952145	00	0
chr13	39000000	chr19	14000000	2	00	2	00	0.915066838	NA	00	2	2	00	2	2	1	1	2.80785802	00	0
chr13	39000000	chr19	26000000	3	00	3	00	0.998602808	NA	00	3	3	00	3	3	1	1	2.76048088	00	0
chr13	39000000	chr19	27000000	3	00	3	00	0.72473824	NA	00	3	3	00	3	3	1	1	2.16946105	00	0
chr13	39000000	chr19	15000000	2	00	2	00	0.908616841	NA	00	2	2	00	2	2	1	1	2.4752313	00	0
chr13	39000000	chr19	58000000	2	00	2	00	0.98454237	NA	00	2	2	00	2	2	1	1	2.36504855	00	0
chr13	40000000	chr19	60000000	1	00	1	00	0.84153682	NA	00	1	1	00	1	1	1	1	2.18443441	00	0
chr13	40000000	chr19	26000000	8	00	8	00	0.999912024	NA	00	8	8	00	8	8	1	1	2.75017709	00	0
chr13	40000000	chr19	58000000	8	00	8	00	0.999253094	NA	00	8	8	00	8	8	1	1	2.35947598	00	0
chr13	40000000	chr19	27000000	4	00	4	00	0.993750155	NA	00	4	4	00	4	4	1	1	2.12361182	00	0
chr13	40000000	chr19	16000000	1	00	1	00	0.657570004	NA	00	1	1	00	1	1	1	1	2.13320961	00	0
chr13	40000000	chr19	15000000	1	00	1	00	0.817243576	NA	00	1	1	00	1	1	1	1	2.46911949	00	0
chr13	40000000	chr19	29000000	1	00	1	00	0.870672643	NA	00	1	1	00	1	1	1	1	2.3416152	00	0
chr13	40000000	chr19	36000000	1	00	1	00	0.858133972	NA	00	1	1	00	1	1	1	1	1.92810626	00	0
chr13	44000000	chr19	12000000	2	00	2	11	0.433576256	NA	11	0	0	11	0	2	2	1	0.467755852	11	0
chr13	44000000	chr19	29000000	1	00	1	00	0.582288206	NA	00	1	1	00	1	1	1	1	0.288517094	00	0
chr13	45000000	chr19	16000000	7	00	7	00	0.779325187	NA	00	7	7	00	7	7	1	1	1.58618209	00	0
chr13	45000000	chr19	30000000	2	00	2	00	0.844055474	NA	00	2	2	00	2	2	1	1	0.899028755	00	0
chr13	45000000	chr19	29000000	1	00	1	00	0.867008686	NA	00	1	1	00	1	1	1	1	1.4738294	00	0
chr13	45000000	chr19	35000000	1	00	1	00	0.914767563	NA	00	1	1	00	1	1	1	1	1.77401209	00	0
chr13	45000000	chr19	34000000	1	00	1	00	0.886726677	NA	00	1	1	00	1	1	1	1	1.66495941	00	0
chr13	46000000	chr19	34000000	2	00	2	00	0.917872429	NA	00	2	2	00	2	2	1	1	2.07353909	00	0
chr13	46000000	chr19	60000000	1	00	1	00	0.678182065	NA	00	1	1	00	1	1	1	1	1.43666169	00	0
chr13	49000000	chr19	59000000	1	00	1	00	0.688121557	NA	00	1	1	00	1	1	1	1	1.64898734	00	0
chr13	49000000	chr19	60000000	3	00	3	00	0.922302902	NA	00	3	3	00	3	3	1	1	1.87677346	00	0
chr13	49000000	chr19	34000000	7	00	7	00	0.995157778	NA	00	7	7	00	7	7	1	1	2.22564721	00	0
chr13	49000000	chr19	33000000	1	00	1	00	0.983730137	NA	00	1	1	00	1	1	1	1	1.53901817	00	0
chr13	50000000	chr19	33000000	1	00	1	00	0.968953013	NA	00	1	1	00	1	1	1	1	1.98888786	00	0
chr13	50000000	chr19	34000000	3	00	3	00	0.960985839	NA	00	3	3	00	3	3	1	1	2.46723658	00	0
chr13	63000000	chr19	60000000	2	00	2	11	0.25	NA	00	2	2	00	2	2	1	2	2.09603892	00	0
chr13	98000000	chr19	34000000	2	00	2	00	0.50603348	NA	00	2	2	00	2	2	1	1	2.53796908	00	0
chr13	110000000	chr19	35000000	10	00	10	00	0.983749628	NA	00	10	10	00	10	10	1	1	2.18585842	00	0
chr13	110000000	chr19	16000000	8	00	8	00	0.610975027	NA	00	8	8	00	8	8	1	1	1.85540055	00	0
chr13	110000000	chr19	28000000	4	00	4	00	0.866268396	NA	00	4	4	00	4	4	1	1	1.34198101	00	0
chr13	110000000	chr19	29000000	1	00	1	00	0.568934679	NA	00	1	1	00	1	1	1	1	1.63985574	00	0
chr13	110000000	chr19	18000000	1	00	1	00	0.573975265	NA	00	1	1	00	1	1	1	1	1.56067247	00	0
chr13	111000000	chr19	35000000	1	00	1	00	0.766443491	NA	00	1	1	00	1	1	1	1	1.98616598	00	0
chr13	111000000	chr19	34000000	1	00	1	00	0.857212782	NA	00	1	1	00	1	1	1	1	2.11413735	00	0
chr13	111000000	chr19	31000000	1	10	1	00	0.704205394	NA	00	0	0	00	0	0	4	1	1.63339543	00	0
chr13	49000000	chrX	163000000	1	11	1	11	0.955772638	NA	11	1	1	11	1	1	1	1	4.13587887	11	0
chr13	50000000	chrX	164000000	1	01	1	11	0.865661621	NA	11	0	0	11	0	0	3	1	4.49044559	11	0
chr13	50000000	chrX	162000000	2	11	2	11	0.968527198	NA	11	2	2	11	2	2	1	1	4.96279785	11	0
chr13	99000000	chrX	166000000	1	11	1	11	0.90871793	NA	11	1	1	11	1	1	1	1	4.03085556	11	0
chr13	100000000	chrX	164000000	10	11	9	11	0.999973655	NA	11	9	9	11	9	9	1	1	4.58062465	11	0
chr13	100000000	chrX	165000000	4	11	4	11	0.99678731	NA	11	4	4	11	4	4	1	1	4.72469134	11	0
chr13	101000000	chrX	164000000	3	11	3	11	0.995438755	NA	11	3	3	11	3	3	1	1	4.64751778	11	0
chr13	102000000	chrX	165000000	1	11	1	11	0.957701087	NA	11	1	1	11	1	1	1	1	3.94670171	11	0
chr13	119000000	chrX	164000000	1	11	1	11	0.361720771	NA	11	1	1	11	1	1	1	1	3.83092959	11	0
chr14	9000000	chr18	12000000	2	00	1	00	0.96162194	NA	00	1	1	00	1	1	1	1	3.20754336	00	0
chr14	12000000	chr18	14000000	8	00	8	00	0.999995947	NA	00	8	8	00	8	8	1	1	3.56919784	00	0
chr14	12000000	chr18	76000000	1	00	1	00	0.938566804	NA	00	1	1	00	1	1	1	1	3.94677635	00	0
chr14	12000000	chr18	12000000	1	00	1	00	0.848489285	NA	00	1	1	00	1	1	1	1	3.2838802	00	0
chr14	13000000	chr18	14000000	2	00	2	00	0.999507308	NA	00	2	2	00	2	2	1	1	3.48606056	00	0
chr14	13000000	chr18	76000000	1	00	1	00	0.717333615	NA	00	1	1	00	1	1	1	1	3.58215295	00	0
chr14	14000000	chr18	12000000	3	00	3	00	0.995196164	NA	00	3	3	00	3	3	1	1	3.19519346	00	0
chr14	14000000	chr18	14000000	10	00	9	00	0.999978304	NA	00	9	9	00	9	10	1	1	3.29631543	00	0
chr14	14000000	chr18	13000000	2	00	2	00	0.9965868	NA	00	2	2	00	2	2	1	1	2.99258931	00	0
chr14	15000000	chr18	14000000	4	00	4	00	0.999592721	NA	00	4	4	00	4	4	1	1	3.02776321	00	0
chr14	15000000	chr18	15000000	21	00	21	00	0.999999166	NA	00	21	21	00	21	21	1	1	3.65827172	00	0
chr14	15000000	chr18	83000000	7	00	7	00	0.998204589	NA	00	7	7	00	7	7	1	1	3.81479179	00	0
chr14	15000000	chr18	10000000	8	00	8	00	0.999539971	NA	00	8	8	00	8	8	1	1	3.44938437	00	0
chr14	15000000	chr18	13000000	3	00	3	00	0.999920487	NA	00	3	3	00	3	3	1	1	2.86089865	00	0
chr14	15000000	chr18	16000000	2	00	2	00	0.998278141	NA	00	2	2	00	2	2	1	1	2.96480889	00	0
chr14	15000000	chr18	7000000	3	00	3	00	0.999131262	NA	00	3	3	00	3	3	1	1	4.32563956	00	0
chr14	16000000	chr18	15000000	15	00	15	00	0.999999046	NA	00	15	15	00	15	15	1	1	3.5653536	00	0
chr14	16000000	chr18	83000000	8	00	8	00	0.997623265	NA	00	8	8	00	8	8	1	1	3.6957779	00	0
chr14	16000000	chr18	9000000	1	00	1	00	0.941094756	NA	00	1	1	00	1	1	1	1	2.41462759	00	0
chr14	16000000	chr18	14000000	4	00	4	00	0.994470477	NA	00	4	4	00	4	4	1	1	3.05349996	00	0
chr14	16000000	chr18	13000000	4	00	4	00	0.995673358	NA	00	4	4	00	4	4	1	1	2.91074403	00	0
chr14	16000000	chr18	10000000	7	00	7	00	0.998343587	NA	00	7	7	00	7	7	1	1	3.43253807	00	0
chr14	16000000	chr18	84000000	7	00	7	00	0.981191218	NA	00	7	7	00	7	7	1	1	3.65240065	00	0
chr14	16000000	chr18	75000000	1	00	1	00	0.824554801	NA	00	1	1	00	1	1	1	1	2.71572704	00	0
chr14	16000000	chr18	8000000	2	00	2	00	0.999964833	NA	00	2	2	00	2	2	1	1	3.88473107	00	0
chr14	16000000	chr18	74000000	1	00	1	00	0.631449163	NA	00	1	1	00	1	1	1	1	2.82748649	00	0
chr14	17000000	chr18	15000000	2	00	2	00	0.95986867	NA	00	2	2	00	2	2	1	1	2.2125056	00	0
chr14	17000000	chr18	83000000	3	00	3	00	0.919342637	NA	00	3	3	00	3	3	1	1	2.39221839	00	0
chr14	17000000	chr18	8000000	7	00	7	00	0.999958158	NA	00	7	7	00	7	7	1	1	3.47101583	00	0
chr14	18000000	chr18	75000000	3	00	3	00	0.657109559	NA	00	3	3	00	3	3	1	1	2.41979997	00	0
chr14	18000000	chr18	84000000	4	00	4	00	0.989408374	NA	00	4	4	00	4	4	1	1	3.04022014	00	0
chr14	18000000	chr18	13000000	1	00	1	00	0.873067141	NA	00	1	1	00	1	1	1	1	2.30839554	00	0
chr14	18000000	chr18	14000000	1	00	1	00	0.780296206	NA	00	1	1	00	1	1	1	1	2.63722067	00	0
chr14	18000000	chr18	83000000	2	00	2	00	0.874005318	NA	00	2	2	00	2	2	1	1	2.99633454	00	0
chr14	18000000	chr18	10000000	1	00	1	00	0.819708705	NA	00	1	1	00	1	1	1	1	2.67137904	00	0
chr14	18000000	chr18	8000000	1	00	1	00	0.999916553	NA	00	1	1	00	1	1	1	1	4.09956916	00	0
chr14	19000000	chr18	76000000	1	00	1	00	0.833407402	NA	00	1	1	00	1	1	1	1	3.31985378	00	0
chr14	19000000	chr18	14000000	2	00	2	00	0.953823447	NA	00	2	2	00	2	2	1	1	3.27928996	00	0
chr14	45000000	chr18	76000000	1	00	1	00	0.716872573	NA	00	1	1	00	1	1	1	1	3.65645525	00	0
chr14	46000000	chr18	75000000	2	00	2	00	0.977532923	NA	00	2	2	00	2	2	1	1	3.97458219	00	0
chr14	46000000	chr18	76000000	6	00	6	00	0.999509454	NA	00	6	6	00	6	6	1	1	4.09233223	00	0
chr14	47000000	chr18	76000000	6	00	6	00	0.994131982	NA	00	6	6	00	6	6	1	1	3.39935391	00	0
chr14	69000000	chr18	75000000	3	00	3	00	0.983971179	NA	00	3	3	00	3	3	1	1	4.10897424	00	0
chr14	69000000	chr18	77000000	3	00	3	00	0.908938587	NA	00	3	3	00	3	3	1	1	3.20325225	00	0
chr14	69000000	chr18	76000000	7	00	7	00	0.991447091	NA	00	7	7	00	7	7	1	1	4.30363309	00	0
chr14	70000000	chr18	76000000	16	00	16	00	0.999219418	NA	00	16	16	00	16	16	1	1	4.61781007	00	0
chr14	70000000	chr18	77000000	3	00	3	00	0.982336104	NA	00	3	3	00	3	3	1	1	3.37454345	00	0
chr14	70000000	chr18	75000000	7	00	7	00	0.971536577	NA	00	7	7	00	7	7	1	1	4.37306778	00	0
chr14	75000000	chr18	44000000	13	00	13	00	0.968536854	NA	00	13	13	00	13	13	1	1	2.54402077	00	0
chr14	75000000	chr18	43000000	1	00	1	00	0.762295902	NA	00	1	1	00	1	1	1	1	2.33879121	00	0
chr14	76000000	chr18	44000000	2	00	2	00	0.86388433	NA	00	2	2	00	2	2	1	1	2.36700267	00	0
chr14	77000000	chr18	44000000	2	00	2	00	0.921262085	NA	00	2	2	00	2	2	1	1	2.62589673	00	0
chr14	17000000	chr19	25000000	15	01	14	00	0.993470192	NA	00	1	14	00	1	1	3	1	2.76921654	00	1
chr14	17000000	chr19	26000000	4	01	4	00	0.994327486	NA	00	0	4	00	0	0	3	1	3.52396748	00	1
chr14	17000000	chr19	28000000	10	01	10	00	0.995184004	NA	00	0	10	00	0	0	3	1	3.05303185	00	1
chr14	17000000	chr19	27000000	3	01	3	00	0.935302436	NA	00	0	3	00	0	0	3	1	2.82708649	00	1
chr14	17000000	chr19	24000000	2	01	2	00	0.923842788	NA	00	0	2	00	0	0	3	1	2.25037372	00	1
chr14	18000000	chr19	27000000	3	01	3	00	0.941537201	NA	00	0	3	00	0	0	3	1	3.04969625	00	1
chr14	18000000	chr19	26000000	6	01	6	00	0.994372606	NA	00	0	6	00	0	0	3	1	3.8132992	00	1
chr14	18000000	chr19	25000000	3	01	3	00	0.930006325	NA	00	0	3	00	0	0	3	1	2.8812729	00	1
chr15	3000000	chr17	81000000	2	11	2	01	0.746560514	NA	01	0	0	01	0	0	3	1	4.45465889	01	1
chr15	3000000	chr17	19000000	3	11	3	01	0.7836954	NA	01	0	0	01	0	0	3	1	3.19759776	01	1
chr15	3000000	chr17	20000000	3	11	2	01	0.545821846	NA	01	0	0	01	0	1	3	1	3.59486566	01	1
chr15	8000000	chr17	41000000	5	00	5	01	0.979005635	NA	01	0	5	01	0	0	3	1	3.91954338	01	1
chr15	11000000	chr17	57000000	3	00	3	01	0.832213819	NA	01	0	3	01	0	0	3	1	3.90786585	01	1
chr15	11000000	chr17	7000000	2	00	1	01	0.703216732	NA	01	0	1	01	0	0	3	1	4.78903919	01	1
chr15	11000000	chr17	42000000	8	00	8	01	0.998363078	NA	01	0	8	01	0	0	3	1	4.21546672	01	1
chr15	11000000	chr17	40000000	2	00	2	01	0.990886569	NA	01	0	2	01	0	0	3	1	4.79381123	01	1
chr15	12000000	chr17	57000000	3	00	3	01	0.791092932	NA	01	0	3	01	0	0	2	1	4.449362	01	1
chr15	12000000	chr17	7000000	5	00	5	01	0.927301109	NA	01	0	5	01	0	0	2	1	4.71205328	01	1
chr15	13000000	chr17	72000000	12	00	12	01	0.999989271	NA	01	0	12	01	0	0	2	1	5.58014511	01	1
chr15	13000000	chr17	39000000	3	00	3	01	0.996389389	NA	01	0	3	01	0	0	3	1	5.90393107	01	1
chr15	13000000	chr17	74000000	2	00	2	01	0.996451735	NA	01	0	2	01	0	0	2	1	4.80249198	01	1
chr15	14000000	chr17	72000000	15	00	15	01	0.999998808	NA	01	0	15	01	0	0	2	1	5.74502795	01	1
chr15	14000000	chr17	71000000	3	00	3	01	0.997315943	NA	01	0	3	01	0	0	3	1	5.35436903	01	1
chr15	14000000	chr17	74000000	3	00	3	01	0.994544029	NA	01	0	3	01	0	0	2	1	4.89317094	01	1
chr15	14000000	chr17	39000000	1	00	1	01	0.998315334	NA	01	0	1	01	0	0	3	1	5.67332334	01	1
chr15	15000000	chr17	72000000	4	00	4	01	0.998421907	NA	01	0	4	01	0	0	3	1	4.88889046	01	1
chr15	26000000	chr17	90000000	4	11	4	01	0.999281704	NA	01	0	0	01	0	0	2	1	4.51130633	01	1
chr15	26000000	chr17	82000000	8	11	8	01	0.999992728	NA	01	0	0	01	0	0	3	1	4.92624918	01	1
chr15	26000000	chr17	91000000	1	11	1	01	0.999689937	NA	01	0	0	01	0	0	2	1	4.23287794	01	1
chr15	26000000	chr17	92000000	1	11	1	01	0.977799773	NA	01	0	0	01	0	0	2	1	4.33367339	01	1
chr15	26000000	chr17	81000000	19	11	19	01	0.999941349	NA	01	0	0	01	0	0	3	1	4.36941667	01	1
chr15	26000000	chr17	53000000	2	11	2	01	0.484559834	NA	01	0	0	01	0	0	2	1	3.99156265	01	1
chr15	27000000	chr17	82000000	10	11	10	01	0.999972939	NA	01	0	0	01	0	0	3	1	5.28185723	01	1
chr15	27000000	chr17	81000000	11	11	11	01	0.999998212	NA	01	0	0	01	0	0	3	1	4.93693684	01	1
chr15	27000000	chr17	83000000	19	11	19	01	0.999999523	NA	01	0	0	01	0	0	2	1	4.69234939	01	1
chr15	27000000	chr17	90000000	2	11	2	01	0.999294996	NA	01	0	0	01	0	0	3	1	5.0841381	01	1
chr15	27000000	chr17	21000000	2	00	1	01	0.773272634	NA	01	0	1	01	0	0	2	1	3.058373	01	1
chr15	27000000	chr17	53000000	1	11	1	01	0.732714474	NA	01	0	0	01	0	0	2	1	4.69297032	01	1
chr15	27000000	chr17	91000000	1	11	1	01	0.999803126	NA	01	0	0	01	0	0	2	1	4.86068928	01	1
chr15	28000000	chr17	83000000	3	11	3	01	0.985790074	NA	01	0	0	01	0	0	2	1	4.09798236	01	1
chr15	28000000	chr17	92000000	4	11	2	01	0.987742186	NA	01	1	1	01	1	1	2	1	4.35660477	01	1
chr15	28000000	chr17	91000000	1	11	1	01	0.998053551	NA	01	0	0	01	0	0	2	1	4.22750545	01	1
chr15	28000000	chr17	90000000	3	11	3	01	0.999155879	NA	01	0	0	01	0	0	2	1	4.59334292	01	1
chr15	28000000	chr17	82000000	5	11	3	01	0.999946475	NA	01	1	1	01	1	1	3	1	5.45304265	01	1
chr15	28000000	chr17	81000000	1	11	1	01	0.995242715	NA	01	0	0	01	0	0	2	1	4.65876762	01	1
chr15	29000000	chr17	81000000	3	11	2	01	0.881467938	NA	01	0	1	01	0	0	2	1	3.92135239	01	1
chr15	29000000	chr17	82000000	4	11	4	01	0.999911666	NA	01	0	0	01	0	0	2	1	5.27051068	01	1
chr15	30000000	chr17	20000000	5	00	4	01	0.980095983	NA	01	0	4	01	0	0	2	1	4.03409873	01	1
chr15	30000000	chr17	17000000	10	00	10	01	0.998158991	NA	01	0	10	01	0	0	2	1	3.47283316	01	1
chr15	30000000	chr17	16000000	1	00	1	01	0.814103007	NA	01	0	1	01	0	0	2	1	2.48210174	01	1
chr15	30000000	chr17	18000000	10	00	10	01	0.998209476	NA	01	0	10	01	0	0	2	1	3.6614253	01	1
chr15	30000000	chr17	19000000	1	00	1	01	0.993824244	NA	01	0	1	01	0	0	2	1	3.6330073	01	1
chr15	31000000	chr17	18000000	2	00	2	01	0.975922823	NA	01	0	2	01	0	0	2	1	3.56061128	01	1
chr15	31000000	chr17	17000000	2	00	2	01	0.975945771	NA	01	0	2	01	0	0	2	1	3.4269306	01	1
chr15	31000000	chr17	19000000	7	00	7	01	0.998530865	NA	01	0	7	01	0	0	2	1	3.55972375	01	1
chr15	38000000	chr17	80000000	7	11	7	01	0.818909407	NA	01	0	0	01	0	0	3	1	2.53239607	01	1
chr15	48000000	chr17	57000000	4	00	4	01	0.746602774	NA	01	0	4	01	0	0	4	1	3.24843824	01	1
chr15	48000000	chr17	40000000	2	00	2	01	0.942322671	NA	01	0	2	01	0	0	4	1	3.99378753	01	1
chr15	49000000	chr17	74000000	1	00	1	01	0.619357705	NA	01	0	1	01	0	0	3	1	3.28640829	01	1
chr15	49000000	chr17	57000000	1	00	1	01	0.593860686	NA	01	0	1	01	0	0	4	1	3.47294401	01	1
chr15	49000000	chr17	72000000	3	00	3	01	0.424831957	NA	01	0	3	01	0	0	3	1	3.68803346	01	1
chr15	49000000	chr17	40000000	2	00	2	01	0.985517085	NA	01	0	2	01	0	0	3	1	4.21834117	01	1
chr15	49000000	chr17	39000000	1	00	1	01	0.946394086	NA	01	0	1	01	0	0	3	1	3.85902897	01	1
chr15	50000000	chr17	42000000	2	00	2	01	0.744679511	NA	01	0	2	01	0	0	2	1	4.20659995	01	1
chr15	50000000	chr17	41000000	5	00	5	01	0.997833908	NA	01	0	5	01	0	0	2	1	4.91785611	01	1
chr15	51000000	chr17	41000000	3	00	3	01	0.990258574	NA	01	0	3	01	0	0	2	1	4.68452656	01	1
chr15	51000000	chr17	82000000	6	11	6	01	0.971860707	NA	01	0	0	01	0	0	4	1	5.58098413	01	1
chr15	52000000	chr17	82000000	6	11	6	01	0.997283459	NA	01	0	0	01	0	0	4	1	5.45648701	01	1
chr15	52000000	chr17	93000000	5	11	5	01	0.848067224	NA	01	0	0	01	0	0	4	1	4.11811323	01	1
chr15	52000000	chr17	94000000	4	11	4	01	0.957769096	NA	01	0	0	01	0	0	4	1	4.03943087	01	1
chr15	52000000	chr17	89000000	3	11	3	01	0.843050241	NA	01	0	0	01	0	0	4	1	4.03373815	01	1
chr15	53000000	chr17	19000000	3	11	3	01	0.655522168	NA	01	0	0	01	0	0	4	1	3.48439905	01	1
chr15	53000000	chr17	20000000	1	11	1	01	0.685328364	NA	01	0	0	01	0	0	4	1	3.91880001	01	1
chr15	54000000	chr17	17000000	1	00	1	01	0.720582843	NA	01	0	1	01	0	0	2	1	2.58507079	01	1
chr15	54000000	chr17	20000000	1	00	1	01	0.76183182	NA	01	0	1	01	0	0	2	1	3.19662305	01	1
chr15	55000000	chr17	20000000	1	11	1	01	0.780109346	NA	01	0	0	01	0	0	4	1	3.63579138	01	1
chr15	57000000	chr17	17000000	2	00	2	01	0.656460464	NA	01	0	2	01	0	0	2	1	3.33465399	01	1
chr15	62000000	chr17	19000000	2	00	2	01	0.955016911	NA	01	0	2	01	0	0	2	1	2.67349883	01	1
chr15	62000000	chr17	18000000	1	00	1	01	0.602677882	NA	01	0	1	01	0	0	2	1	2.60650877	01	1
chr15	63000000	chr17	19000000	1	00	1	01	0.954245508	NA	01	0	1	01	0	0	2	1	2.5594446	01	1
chr15	63000000	chr17	74000000	1	00	1	01	0.652656853	NA	01	0	1	01	0	0	2	1	3.02038297	01	1
chr15	64000000	chr17	72000000	2	00	1	01	0.481567532	NA	01	0	1	01	0	0	3	1	3.63915517	01	1
chr15	64000000	chr17	74000000	1	00	1	01	0.686927378	NA	01	0	1	01	0	0	3	1	3.36373045	01	1
chr15	64000000	chr17	75000000	1	00	1	01	0.478549212	NA	01	0	1	01	0	0	3	1	3.34712951	01	1
chr15	75000000	chr17	80000000	1	00	1	01	0.783193171	NA	01	0	1	01	0	0	4	1	3.39584989	01	1
chr15	76000000	chr17	80000000	4	00	4	01	0.953149319	NA	01	0	4	01	0	0	2	1	3.86273449	01	1
chr15	78000000	chr17	80000000	1	00	1	01	0.980342925	NA	01	0	1	01	0	0	2	1	3.80928647	01	1
chr15	79000000	chr17	79000000	6	00	6	01	0.995085537	NA	01	0	6	01	0	0	3	1	4.23548747	01	1
chr15	79000000	chr17	37000000	3	00	3	01	0.63383615	NA	01	0	3	01	0	0	3	1	4.64309514	01	1
chr15	79000000	chr17	88000000	3	00	3	01	0.77048403	NA	01	0	3	01	0	0	3	1	4.87478556	01	1
chr15	81000000	chr17	80000000	1	11	1	01	0.65962851	NA	01	0	0	01	0	0	2	1	3.3018861	01	1
chr15	83000000	chr17	74000000	3	00	3	01	0.947209835	NA	01	0	3	01	0	0	3	1	3.82456083	01	1
chr15	84000000	chr17	80000000	13	00	13	01	0.970142305	NA	01	0	13	01	0	0	2	1	3.09024245	01	1
chr15	84000000	chr17	18000000	1	00	1	01	0.579057753	NA	01	0	1	01	0	0	2	1	1.74407445	01	1
chr15	85000000	chr17	80000000	2	00	2	01	0.838767707	NA	01	0	2	01	0	0	3	1	3.26123231	01	1
chr15	85000000	chr17	74000000	1	00	1	01	0.847146332	NA	01	0	1	01	0	0	2	1	3.23775945	01	1
chr15	93000000	chr17	72000000	1	00	1	01	0.832668722	NA	01	0	1	01	0	0	3	1	4.04091091	01	1
chr15	95000000	chr17	74000000	3	00	3	01	0.649329901	NA	01	0	3	01	0	0	3	1	3.34804682	01	1
chr15	96000000	chr17	74000000	5	00	5	01	0.990779877	NA	01	0	5	01	0	0	3	1	3.77058557	01	1
chr15	96000000	chr17	80000000	2	00	2	01	0.803792059	NA	01	0	2	01	0	0	3	1	3.76895036	01	1
chr15	96000000	chr17	88000000	13	00	13	01	0.988121748	NA	01	0	13	01	0	0	3	1	3.77649209	01	1
chr15	96000000	chr17	71000000	3	00	3	01	0.859324396	NA	01	0	3	01	0	0	3	1	3.41096018	01	1
chr15	96000000	chr17	79000000	1	00	1	01	0.960295439	NA	01	0	1	01	0	0	3	1	3.16468239	01	1
chr15	21000000	chr18	64000000	5	01	5	00	0.999997973	NA	00	0	5	00	0	0	3	1	4.68572982	00	1
chr15	21000000	chr18	63000000	2	01	2	00	0.944988906	NA	00	0	2	00	0	0	3	1	3.52253624	00	1
chr15	21000000	chr18	16000000	2	01	2	00	0.946107149	NA	00	0	2	00	0	0	3	1	3.31475796	00	1
chr15	21000000	chr18	15000000	1	01	1	00	0.958082497	NA	00	0	1	00	0	0	3	1	1.98462686	00	1
chr15	22000000	chr18	56000000	5	01	5	10	0.987106085	NA	10	0	0	10	0	5	3	1	2.19241407	10	1
chr15	22000000	chr18	87000000	1	01	1	00	0.654761076	NA	00	0	1	00	0	0	3	1	0.893047741	00	1
chr15	22000000	chr18	59000000	2	01	2	10	0.870250821	NA	10	0	0	10	0	2	3	1	1.59288369	10	1
chr15	22000000	chr18	55000000	4	01	4	10	0.996457398	NA	10	0	0	10	0	4	3	1	2.84797673	10	1
chr15	22000000	chr18	57000000	1	01	1	10	0.907724917	NA	10	0	0	10	0	1	3	1	1.98058379	10	1
chr15	24000000	chr18	15000000	1	01	1	00	0.690654993	NA	00	0	1	00	0	0	3	1	0.909899546	00	1
chr15	24000000	chr18	16000000	2	01	2	00	0.983425319	NA	00	0	2	00	0	0	3	1	2.15575907	00	1
chr15	24000000	chr18	17000000	3	01	3	00	0.958221018	NA	00	0	3	00	0	0	3	1	2.84943474	00	1
chr15	25000000	chr18	64000000	21	01	21	00	0.999998808	NA	00	0	21	00	0	0	2	1	4.42901056	00	1
chr15	25000000	chr18	16000000	9	01	9	00	0.998752952	NA	00	0	9	00	0	0	3	1	3.15310776	00	1
chr15	25000000	chr18	17000000	5	01	5	00	0.974678099	NA	00	0	5	00	0	0	3	1	3.94457686	00	1
chr15	25000000	chr18	63000000	4	01	4	00	0.980311871	NA	00	0	4	00	0	0	3	1	3.36749063	00	1
chr15	26000000	chr18	64000000	2	01	2	00	0.936061919	NA	00	0	2	00	0	0	2	1	2.36625518	00	1
chr15	26000000	chr18	19000000	5	01	5	00	0.973300934	NA	00	0	5	00	0	0	2	1	2.48600059	00	1
chr15	26000000	chr18	18000000	1	01	1	00	0.94396764	NA	00	0	1	00	0	0	2	1	2.82461679	00	1
chr15	26000000	chr18	20000000	4	01	4	00	0.961700439	NA	00	0	4	00	0	0	2	1	2.14381332	00	1
chr15	27000000	chr18	20000000	1	01	1	00	0.914637327	NA	00	0	1	00	0	0	2	1	1.53514922	00	1
chr15	36000000	chr18	57000000	4	01	3	00	0.610233068	NA	00	1	3	00	1	1	3	1	0.611672708	00	1
chr15	36000000	chr18	64000000	5	01	4	00	0.995244801	NA	00	1	4	00	1	1	2	1	3.53260483	00	1
chr15	36000000	chr18	82000000	1	01	1	00	0.905990899	NA	00	0	1	00	0	0	2	1	3.1486952	00	1
chr15	37000000	chr18	57000000	2	00	1	00	0.841058731	NA	00	1	1	00	1	1	1	1	1.29316218	00	1
chr15	37000000	chr18	82000000	7	01	7	00	0.99368	NA	00	0	7	00	0	0	2	1	3.76795363	00	1
chr15	37000000	chr18	64000000	10	01	10	00	0.999989271	NA	00	0	10	00	0	0	2	1	4.02498787	00	1
chr15	37000000	chr18	17000000	10	01	10	00	0.999491692	NA	00	0	10	00	0	0	2	1	4.40461399	00	1
chr15	37000000	chr18	66000000	3	01	3	00	0.978934944	NA	00	0	3	00	0	0	2	1	2.3904107	00	1
chr15	37000000	chr18	16000000	1	01	1	00	0.751564205	NA	00	0	1	00	0	0	2	1	3.69573093	00	1
chr15	37000000	chr18	84000000	5	01	5	00	0.956484497	NA	00	0	5	00	0	0	3	1	2.33006099	00	1
chr15	37000000	chr18	19000000	2	01	2	00	0.999307752	NA	00	0	2	00	0	0	2	1	4.12903629	00	1
chr15	37000000	chr18	18000000	1	01	1	00	0.998679221	NA	00	0	1	00	0	0	2	1	4.45822108	00	1
chr15	37000000	chr18	63000000	1	01	1	00	0.985597193	NA	00	0	1	00	0	0	2	1	3.60914844	00	1
chr15	37000000	chr18	65000000	3	01	3	00	0.98887068	NA	00	0	3	00	0	0	2	1	3.57969477	00	1
chr15	37000000	chr18	14000000	1	01	1	00	0.649199545	NA	00	0	1	00	0	0	3	1	1.481825	00	1
chr15	38000000	chr18	64000000	4	01	4	00	0.999777138	NA	00	0	4	00	0	0	2	1	3.90363765	00	1
chr15	38000000	chr18	17000000	4	01	4	00	0.997969568	NA	00	0	4	00	0	0	2	1	4.27764526	00	1
chr15	38000000	chr18	65000000	8	01	8	00	0.996851027	NA	00	0	8	00	0	0	2	1	3.45523269	00	1
chr15	38000000	chr18	34000000	7	01	7	00	0.601534784	NA	00	0	7	00	0	0	2	1	2.54962623	00	1
chr15	38000000	chr18	66000000	9	01	9	00	0.996538401	NA	00	0	9	00	0	0	2	1	2.34111598	00	1
chr15	38000000	chr18	67000000	2	01	2	00	0.541757226	NA	00	0	2	00	0	0	3	1	1.95098559	00	1
chr15	38000000	chr18	19000000	21	01	21	00	0.99998641	NA	00	0	21	00	0	0	2	1	4.08096887	00	1
chr15	38000000	chr18	18000000	6	01	6	00	0.999280274	NA	00	0	6	00	0	0	2	1	4.35845452	00	1
chr15	38000000	chr18	56000000	2	01	2	00	0.731378555	NA	00	0	2	00	0	0	3	1	1.17658814	00	1
chr15	40000000	chr18	88000000	4	01	4	00	0.899984241	NA	00	0	4	00	0	0	3	1	2.76095455	00	1
chr15	41000000	chr18	86000000	1	01	1	00	0.65821141	NA	00	0	1	00	0	0	3	1	2.13507269	00	1
chr15	41000000	chr18	54000000	3	01	3	00	0.586446881	NA	00	0	3	00	0	0	3	1	0.410697573	00	1
chr15	41000000	chr18	87000000	8	01	8	00	0.97208339	NA	00	0	8	00	0	0	3	1	3.22739998	00	1
chr15	41000000	chr18	88000000	2	01	2	00	0.995226502	NA	00	0	2	00	0	0	3	1	3.28592228	00	1
chr15	42000000	chr18	88000000	2	01	1	00	0.849547923	NA	00	0	1	00	0	0	3	1	3.10098602	00	1
chr15	42000000	chr18	54000000	7	01	7	00	0.623426795	NA	00	0	7	00	0	0	3	1	0.500332872	00	1
chr15	42000000	chr18	87000000	16	01	16	00	0.999357641	NA	00	0	16	00	0	0	3	1	3.31634957	00	1
chr15	42000000	chr18	86000000	2	01	2	00	0.667460859	NA	00	0	2	00	0	0	3	1	1.9694402	00	1
chr15	44000000	chr18	87000000	1	01	1	00	0.968446374	NA	00	0	1	00	0	0	3	1	3.35869897	00	1
chr15	64000000	chr18	88000000	2	01	2	00	0.757444978	NA	00	0	2	00	0	0	3	1	1.84724413	00	1
chr15	65000000	chr18	88000000	8	01	8	00	0.958085775	NA	00	0	8	00	0	0	3	1	2.00322703	00	1
chr15	68000000	chr18	20000000	2	01	2	00	0.714204371	NA	00	0	2	00	0	0	3	1	2.09926673	00	1
chr15	69000000	chr18	20000000	6	01	5	00	0.970398843	NA	00	1	5	00	1	1	3	1	2.104816	00	1
chr15	69000000	chr18	18000000	1	01	1	00	0.908655941	NA	00	0	1	00	0	0	3	1	2.69450027	00	1
chr15	70000000	chr18	20000000	7	01	6	00	0.955339849	NA	00	1	6	00	1	1	2	1	2.52370802	00	1
chr15	72000000	chr18	89000000	3	01	3	00	0.97537601	NA	00	0	3	00	0	0	2	1	2.11670087	00	1
chr15	73000000	chr18	89000000	13	01	13	00	0.999751508	NA	00	0	13	00	0	0	2	1	2.16077829	00	1
chr15	73000000	chr18	88000000	12	01	12	00	0.991318345	NA	00	0	12	00	0	0	2	1	2.85310092	00	1
chr15	74000000	chr18	88000000	4	01	4	00	0.987437248	NA	00	0	4	00	0	0	3	1	2.60062783	00	1
chr15	75000000	chr18	88000000	1	01	1	00	0.610768437	NA	00	0	1	00	0	0	3	1	1.83949569	00	1
chr15	77000000	chr18	89000000	1	01	1	00	0.935858846	NA	00	0	1	00	0	0	2	1	1.88261941	00	1
chr15	78000000	chr18	20000000	3	01	3	00	0.705179513	NA	00	0	3	00	0	0	2	1	2.19107411	00	1
chr15	101000000	chr18	20000000	1	01	1	00	0.923002541	NA	00	0	1	00	0	0	3	1	2.3486517	00	1
chr15	101000000	chr18	19000000	9	01	8	00	0.954438984	NA	00	0	8	00	0	1	3	1	2.65240976	00	1
chr15	101000000	chr18	18000000	5	01	5	00	0.923814178	NA	00	0	5	00	0	0	3	1	2.95196746	00	1
chr15	102000000	chr18	54000000	8	01	8	10	0.899833322	NA	10	0	0	10	0	8	3	1	1.67161173	10	1
chr15	102000000	chr18	34000000	3	01	3	00	0.29056412	NA	00	0	3	00	0	0	3	1	0.204769357	00	1
chr15	102000000	chr18	19000000	1	01	1	00	0.803554237	NA	00	0	1	00	0	0	3	1	1.48360652	00	1
chr15	102000000	chr18	55000000	2	01	2	10	0.7993325	NA	10	0	0	10	0	2	3	1	2.03553164	10	1
chr15	102000000	chr18	87000000	1	01	1	00	0.503996253	NA	00	0	1	00	0	0	3	1	0.876115534	00	1
chr15	6000000	chr19	10000000	2	11	2	10	0.928825259	NA	10	0	2	10	0	0	3	1	3.50071292	10	1
chr15	7000000	chr19	11000000	4	11	4	10	0.995825648	NA	10	0	4	10	0	0	2	1	4.84775844	10	1
chr15	7000000	chr19	10000000	9	11	9	10	0.999944091	NA	10	0	9	10	0	0	2	1	4.49710719	10	1
chr15	7000000	chr19	20000000	2	11	2	10	0.849498212	NA	10	0	2	10	0	0	3	1	0.861816969	10	1
chr15	7000000	chr19	21000000	2	11	2	10	0.705581069	NA	10	0	2	10	0	0	3	1	1.62668273	10	1
chr15	8000000	chr19	21000000	12	11	11	10	0.994495809	NA	10	1	11	10	1	1	3	1	1.78532183	10	1
chr15	8000000	chr19	10000000	11	11	11	10	0.999988675	NA	10	0	11	10	0	0	2	1	4.43655775	10	1
chr15	8000000	chr19	11000000	12	11	12	10	0.999999881	NA	10	0	12	10	0	0	2	1	4.90604129	10	1
chr15	8000000	chr19	20000000	4	11	4	10	0.978378356	NA	10	0	4	10	0	0	3	1	0.921833999	10	1
chr15	8000000	chr19	19000000	2	11	2	10	0.951748013	NA	10	0	2	10	0	0	3	1	0.65127335	10	1
chr15	9000000	chr19	11000000	9	11	9	10	0.999996781	NA	10	0	9	10	0	0	3	1	4.80647686	10	1
chr15	10000000	chr19	10000000	1	11	1	10	0.843231261	NA	10	0	1	10	0	0	3	1	3.81619205	10	1
chr15	10000000	chr19	11000000	7	11	7	10	0.999957204	NA	10	0	7	10	0	0	3	1	4.51088428	10	1
chr15	27000000	chr19	48000000	3	11	3	00	0.65829587	NA	00	0	0	00	0	3	3	1	4.03609819	00	1
chr15	64000000	chr19	20000000	1	11	1	00	0.357105613	NA	00	0	0	00	0	1	3	1	0.695442243	00	1
chr15	68000000	chr19	20000000	1	11	1	00	0.401066035	NA	00	0	0	00	0	1	3	1	1.13527287	00	1
chr15	69000000	chr19	22000000	1	11	1	00	0.374825746	NA	00	0	0	00	0	1	3	1	1.0279943	00	1
chr15	69000000	chr19	20000000	3	11	3	00	0.395346224	NA	00	0	0	00	0	3	3	1	0.903715371	00	1
chr15	73000000	chr19	20000000	1	11	1	00	0.42752412	NA	00	0	0	00	0	1	2	1	1.44250896	00	1
chr15	73000000	chr19	58000000	2	11	2	00	0.578765512	NA	00	0	0	00	0	2	2	1	1.73523449	00	1
chr15	73000000	chr19	21000000	2	11	2	00	0.493282825	NA	00	0	0	00	0	2	2	1	1.43345835	00	1
chr15	74000000	chr19	20000000	1	11	1	00	0.394194454	NA	00	0	0	00	0	1	2	1	1.40538458	00	1
chr15	74000000	chr19	58000000	1	11	1	00	0.493248314	NA	00	0	0	00	0	1	3	1	1.40941405	00	1
chr15	74000000	chr19	21000000	2	01	1	00	0.385718495	NA	00	0	1	00	0	1	4	1	0.750860755	00	1
chr15	82000000	chr19	58000000	1	11	1	00	0.452363849	NA	00	0	0	00	0	1	3	1	1.07826834	00	1
chr15	83000000	chr19	58000000	2	11	2	00	0.531584084	NA	00	0	0	00	0	2	3	1	1.10103731	00	1
chr15	83000000	chr19	20000000	1	11	1	00	0.45107618	NA	00	0	0	00	0	1	2	1	1.15748721	00	1
chr15	101000000	chr19	10000000	8	11	8	10	0.768368006	NA	10	0	8	10	0	0	3	1	2.90398705	10	1
chr15	101000000	chr19	21000000	7	11	5	10	0.458545536	NA	10	2	5	10	2	2	3	1	0.0212325824	10	1
chr15	101000000	chr19	20000000	9	11	9	00	0.531095922	NA	00	0	0	00	0	9	3	1	0.695258796	00	1
chr15	101000000	chr19	58000000	1	11	1	00	0.304295927	NA	00	0	0	00	0	1	3	1	0.631818317	00	1
chr15	102000000	chr19	20000000	1	11	1	00	0.367757201	NA	00	0	0	00	0	1	3	1	0.943645777	00	1
chr15	102000000	chr19	58000000	1	11	1	00	0.319667011	NA	00	0	0	00	0	1	3	1	0.740842833	00	1
chr15	102000000	chr19	21000000	1	11	1	00	0.369450659	NA	00	0	0	00	0	1	3	1	0.391535753	00	1
chr16	6000000	chr17	23000000	2	00	2	11	0.492608309	NA	11	0	0	11	0	2	4	1	0.507897129	11	0
chr16	7000000	chr17	23000000	9	00	9	11	0.486789972	NA	11	0	0	11	0	9	4	1	0.176165447	11	0
chr16	33000000	chr18	39000000	18	01	18	11	0.934988379	NA	11	0	0	11	0	0	2	1	0.722615697	11	0
chr16	33000000	chr18	40000000	1	01	1	11	0.530667007	NA	11	0	0	11	0	0	2	1	0.88340639	11	0
chr16	33000000	chr18	12000000	1	01	1	01	0.304656565	NA	01	1	1	01	1	1	1	1	0.294602337	01	0
chr16	34000000	chr18	38000000	1	01	1	11	0.458573312	NA	11	0	0	01	1	0	1	2	0.0407769905	01	0
chr16	40000000	chr18	38000000	2	01	2	11	0.73979044	NA	11	0	0	11	0	0	2	1	0.213615812	11	0
chr16	40000000	chr18	39000000	3	01	3	11	0.588015258	NA	11	0	0	01	3	0	1	2	0.108766787	01	0
chr16	42000000	chr18	38000000	1	01	1	11	0.621082783	NA	11	0	0	11	0	0	2	1	0.35016914	11	0
chr16	43000000	chr18	38000000	2	01	2	01	0.62533921	NA	01	2	2	01	2	2	1	1	0.518286518	01	0
chr16	43000000	chr18	39000000	14	01	14	01	0.818260431	NA	01	14	14	01	14	14	1	1	0.754884606	01	0
chr16	43000000	chr18	65000000	3	01	2	01	0.575355947	NA	01	2	2	01	2	2	1	1	0.970651023	01	0
chr16	43000000	chr18	35000000	3	01	2	01	0.699169159	NA	01	2	2	01	2	3	1	1	0.644537442	01	0
chr16	43000000	chr18	41000000	3	01	3	01	0.766080678	NA	01	3	3	01	3	3	1	1	0.678834808	01	0
chr16	44000000	chr18	41000000	1	01	1	11	0.53346628	NA	11	0	0	11	0	0	2	1	0.125494412	11	0
chr16	46000000	chr18	39000000	3	01	3	11	0.498538077	NA	11	0	0	11	0	0	2	1	0.0264491225	11	0
chr16	55000000	chr18	39000000	4	01	4	11	0.997219682	NA	11	0	0	11	0	0	2	1	1.2073466	11	0
chr16	55000000	chr18	35000000	1	01	1	11	0.875350475	NA	11	0	0	11	0	0	2	1	0.880002264	11	0
chr16	56000000	chr18	12000000	5	01	5	11	0.991302729	NA	11	0	0	11	0	0	2	1	2.60425089	11	0
chr16	56000000	chr18	37000000	2	01	2	11	0.998643339	NA	11	0	0	11	0	0	2	1	2.24399828	11	0
chr16	56000000	chr18	11000000	5	01	5	11	0.981666923	NA	11	0	0	11	0	0	2	1	2.20223188	11	0
chr16	57000000	chr18	40000000	2	01	2	11	0.908814013	NA	11	0	0	11	0	0	2	1	2.78963488	11	0
chr16	57000000	chr18	38000000	9	01	9	11	0.999998808	NA	11	0	0	11	0	0	2	1	2.76543773	11	0
chr16	57000000	chr18	39000000	2	01	2	11	0.99581331	NA	11	0	0	11	0	0	2	1	2.21225244	11	0
chr16	57000000	chr18	37000000	6	01	6	11	0.999994278	NA	11	0	0	11	0	0	2	1	2.55717302	11	0
chr16	57000000	chr18	78000000	8	01	8	11	0.999680519	NA	11	0	0	11	0	0	2	1	2.55498601	11	0
chr16	57000000	chr18	79000000	1	01	1	11	0.766283095	NA	11	0	0	11	0	0	2	1	1.97666561	11	0
chr16	58000000	chr18	4000000	4	01	3	11	0.984291077	NA	11	0	0	11	0	1	2	1	1.83950868	11	0
chr16	58000000	chr18	78000000	4	01	4	11	0.996032417	NA	11	0	0	11	0	0	2	1	1.857712	11	0
chr16	58000000	chr18	37000000	1	01	1	11	0.996022403	NA	11	0	0	11	0	0	2	1	1.8824764	11	0
chr16	58000000	chr18	44000000	1	01	1	11	0.952767372	NA	11	0	0	11	0	0	2	1	1.99024109	11	0
chr16	58000000	chr18	38000000	4	01	4	11	0.999813735	NA	11	0	0	11	0	0	2	1	1.9624281	11	0
chr16	58000000	chr18	74000000	1	01	1	11	0.951284468	NA	11	0	0	11	0	0	2	1	1.50969757	11	0
chr16	58000000	chr18	42000000	2	01	2	11	0.995656252	NA	11	0	0	11	0	0	2	1	1.95495213	11	0
chr16	59000000	chr18	38000000	1	01	1	11	0.56587857	NA	11	0	0	11	0	0	2	1	0.811556101	11	0
chr16	59000000	chr18	77000000	4	01	4	11	0.926729798	NA	11	0	0	11	0	0	2	1	0.854126901	11	0
chr16	59000000	chr18	75000000	3	01	3	11	0.774861515	NA	11	0	0	11	0	0	2	1	0.80400143	11	0
chr16	59000000	chr18	41000000	1	01	1	11	0.609726369	NA	11	0	0	11	0	0	2	1	0.463219876	11	0
chr16	59000000	chr18	40000000	1	01	1	11	0.865838528	NA	11	0	0	11	0	0	2	1	1.08357648	11	0
chr16	59000000	chr18	42000000	1	01	1	11	0.86867106	NA	11	0	0	11	0	0	2	1	0.718871206	11	0
chr16	60000000	chr18	40000000	1	01	1	11	0.742294371	NA	11	0	0	11	0	0	2	1	1.06159317	11	0
chr16	60000000	chr18	41000000	3	01	3	11	0.782172918	NA	11	0	0	11	0	0	2	1	0.355017647	11	0
chr16	60000000	chr18	39000000	1	01	1	11	0.529685915	NA	11	0	0	11	0	0	2	1	0.208525107	11	0
chr16	61000000	chr18	41000000	6	01	6	11	0.842551529	NA	11	0	0	11	0	0	2	1	0.368016408	11	0
chr16	61000000	chr18	40000000	1	01	1	11	0.989444554	NA	11	0	0	11	0	0	2	1	1.27396341	11	0
chr16	61000000	chr18	45000000	3	01	3	11	0.806689918	NA	11	0	0	11	0	0	2	1	0.847260861	11	0
chr16	62000000	chr18	41000000	4	01	4	11	0.838305116	NA	11	0	0	11	0	0	2	1	0.556536926	11	0
chr16	63000000	chr18	74000000	1	01	1	11	0.93098712	NA	11	0	0	11	0	0	2	1	1.72684154	11	0
chr16	63000000	chr18	4000000	9	01	8	11	0.992342651	NA	11	0	0	11	0	1	2	1	2.00685715	11	0
chr16	63000000	chr18	50000000	2	01	2	11	0.985962093	NA	11	0	0	11	0	0	2	1	1.85803702	11	0
chr16	63000000	chr18	43000000	14	01	14	11	0.999669552	NA	11	0	0	11	0	0	2	1	1.7819737	11	0
chr16	63000000	chr18	44000000	12	01	12	11	0.999997258	NA	11	0	0	11	0	0	2	1	2.2093021	11	0
chr16	63000000	chr18	42000000	4	01	4	11	0.986281693	NA	11	0	0	11	0	0	2	1	2.11548942	11	0
chr16	63000000	chr18	78000000	3	01	3	11	0.94371289	NA	11	0	0	11	0	0	2	1	1.92716049	11	0
chr16	63000000	chr18	73000000	1	01	1	11	0.873332977	NA	11	0	0	11	0	0	2	1	1.61015777	11	0
chr16	63000000	chr18	79000000	8	01	8	11	0.997871041	NA	11	0	0	11	0	0	2	1	1.38712606	11	0
chr16	64000000	chr18	4000000	9	01	9	11	0.994313836	NA	11	0	0	11	0	0	2	1	1.87234947	11	0
chr16	64000000	chr18	78000000	11	01	11	11	0.99974519	NA	11	0	0	11	0	0	2	1	1.83137186	11	0
chr16	64000000	chr18	79000000	3	01	3	11	0.960273981	NA	11	0	0	11	0	0	2	1	1.22573483	11	0
chr16	64000000	chr18	74000000	1	01	1	11	0.863057017	NA	11	0	0	11	0	0	2	1	1.5091622	11	0
chr16	64000000	chr18	44000000	2	01	2	11	0.998815417	NA	11	0	0	11	0	0	2	1	1.97915524	11	0
chr16	64000000	chr18	50000000	3	01	3	11	0.97143054	NA	11	0	0	11	0	0	2	1	1.6261608	11	0
chr16	64000000	chr18	37000000	1	01	1	11	0.977895856	NA	11	0	0	11	0	0	2	1	1.80117711	11	0
chr16	64000000	chr18	77000000	8	01	8	11	0.996981084	NA	11	0	0	11	0	0	2	1	2.11031787	11	0
chr16	64000000	chr18	42000000	1	01	1	11	0.998690307	NA	11	0	0	11	0	0	2	1	1.98417319	11	0
chr16	64000000	chr18	75000000	1	01	1	11	0.717266023	NA	11	0	0	11	0	0	2	1	1.90580963	11	0
chr16	64000000	chr18	45000000	2	01	2	11	0.997874141	NA	11	0	0	11	0	0	2	1	1.93985929	11	0
chr16	64000000	chr18	3000000	1	01	1	11	0.825129271	NA	11	0	0	11	0	0	2	1	1.53999455	11	0
chr16	65000000	chr18	45000000	12	01	12	11	0.999996066	NA	11	0	0	11	0	0	2	1	2.60448871	11	0
chr16	65000000	chr18	77000000	4	01	4	11	0.998019218	NA	11	0	0	11	0	0	2	1	2.66040348	11	0
chr16	65000000	chr18	41000000	9	01	9	11	0.999989629	NA	11	0	0	11	0	0	2	1	2.07480585	11	0
chr16	65000000	chr18	75000000	10	01	9	11	0.999933481	NA	11	0	0	11	0	1	2	1	2.60522424	11	0
chr16	65000000	chr18	42000000	9	01	9	11	0.99998641	NA	11	0	0	11	0	0	2	1	2.45569853	11	0
chr16	65000000	chr18	3000000	1	01	1	11	0.973555386	NA	11	0	0	11	0	0	2	1	2.1820552	11	0
chr16	65000000	chr18	23000000	4	01	4	11	0.765575528	NA	11	0	0	11	0	0	2	1	1.97664605	11	0
chr16	65000000	chr18	61000000	1	01	1	11	0.429854333	NA	11	0	0	11	0	0	2	1	2.2344912	11	0
chr16	65000000	chr18	39000000	1	01	1	11	0.999128878	NA	11	0	0	11	0	0	2	1	1.81418215	11	0
chr16	65000000	chr18	22000000	1	01	1	11	0.528298497	NA	11	0	0	11	0	0	2	1	1.680316	11	0
chr16	65000000	chr18	40000000	1	01	1	11	0.999988079	NA	11	0	0	11	0	0	2	1	2.62318563	11	0
chr16	65000000	chr18	44000000	1	01	1	11	0.998326242	NA	11	0	0	11	0	0	2	1	2.61071461	11	0
chr16	65000000	chr18	46000000	8	01	7	11	0.999865294	NA	11	1	1	11	1	1	2	1	2.14684698	11	0
chr16	65000000	chr18	76000000	10	01	9	11	0.999998331	NA	11	0	0	11	0	1	2	1	2.73870113	11	0
chr16	66000000	chr18	77000000	2	01	2	11	0.863040268	NA	11	0	0	11	0	0	2	1	1.86660589	11	0
chr16	66000000	chr18	75000000	6	01	6	11	0.996848762	NA	11	0	0	11	0	0	2	1	1.90893784	11	0
chr16	66000000	chr18	46000000	2	01	2	11	0.718065739	NA	11	0	0	11	0	0	2	1	1.49466143	11	0
chr16	66000000	chr18	76000000	11	01	11	11	0.999559343	NA	11	0	0	11	0	0	2	1	2.16091247	11	0
chr16	66000000	chr18	40000000	1	01	1	11	0.995961249	NA	11	0	0	11	0	0	2	1	2.02459505	11	0
chr16	66000000	chr18	41000000	2	01	2	11	0.888092279	NA	11	0	0	11	0	0	2	1	1.23444881	11	0
chr16	66000000	chr18	42000000	1	01	1	11	0.83472532	NA	11	0	0	11	0	0	2	1	1.6416215	11	0
chr16	66000000	chr18	45000000	4	01	4	11	0.995162606	NA	11	0	0	11	0	0	2	1	1.83393193	11	0
chr16	67000000	chr18	40000000	1	01	1	11	0.972012639	NA	11	0	0	11	0	0	2	1	2.35856851	11	0
chr16	67000000	chr18	76000000	11	01	11	11	0.999845743	NA	11	0	0	11	0	0	2	1	2.37229943	11	0
chr16	67000000	chr18	42000000	2	01	2	11	0.685398698	NA	11	0	0	11	0	0	2	1	1.58380962	11	0
chr16	67000000	chr18	41000000	1	01	1	11	0.826927006	NA	11	0	0	11	0	0	2	1	1.36740313	11	0
chr16	67000000	chr18	75000000	2	01	2	11	0.98791194	NA	11	0	0	11	0	0	2	1	1.91540212	11	0
chr16	68000000	chr18	75000000	1	01	1	11	0.733021379	NA	11	0	0	11	0	0	2	1	1.91242512	11	0
chr16	72000000	chr18	77000000	3	01	3	11	0.929045141	NA	11	0	0	11	0	0	2	1	1.31742874	11	0
chr16	72000000	chr18	38000000	7	01	7	11	0.978753328	NA	11	0	0	11	0	0	2	1	1.13868613	11	0
chr16	72000000	chr18	41000000	4	01	4	11	0.910305858	NA	11	0	0	11	0	0	2	1	0.932347032	11	0
chr16	72000000	chr18	42000000	6	01	6	11	0.956626594	NA	11	0	0	11	0	0	2	1	1.17157538	11	0
chr16	73000000	chr18	38000000	16	01	15	01	0.547791958	NA	01	15	15	01	15	15	1	1	0.0186246296	01	0
chr16	74000000	chr18	38000000	1	01	1	11	0.533123732	NA	11	0	0	11	0	0	2	1	0.177519621	11	0
chr16	77000000	chr18	38000000	2	01	2	11	0.663657367	NA	11	0	0	11	0	0	2	1	0.821230684	11	0
chr16	77000000	chr18	45000000	2	01	2	11	0.682370842	NA	11	0	0	11	0	0	2	1	0.951067457	11	0
chr16	77000000	chr18	75000000	3	01	3	11	0.740125537	NA	11	0	0	11	0	0	2	1	0.982887171	11	0
chr16	77000000	chr18	42000000	5	01	5	11	0.903662026	NA	11	0	0	11	0	0	2	1	0.859007884	11	0
chr16	77000000	chr18	77000000	13	01	13	11	0.905494988	NA	11	0	0	11	0	0	2	1	0.958433625	11	0
chr16	77000000	chr18	41000000	1	01	1	11	0.552479684	NA	11	0	0	11	0	0	2	1	0.705978909	11	0
chr16	78000000	chr18	77000000	3	01	3	11	0.49841243	NA	11	0	0	11	0	0	2	1	0.433772177	11	0
chr16	79000000	chr18	42000000	2	01	2	11	0.645537674	NA	11	0	0	11	0	0	2	1	0.830285703	11	0
chr16	80000000	chr18	42000000	3	01	3	11	0.969860315	NA	11	0	0	11	0	0	2	1	1.40439298	11	0
chr16	81000000	chr18	43000000	2	01	2	11	0.841646075	NA	11	0	0	11	0	0	2	1	1.25494795	11	0
chr16	81000000	chr18	42000000	2	01	2	11	0.908346772	NA	11	0	0	11	0	0	2	1	2.05330483	11	0
chr16	81000000	chr18	51000000	3	01	3	11	0.854741991	NA	11	0	0	11	0	0	2	1	1.25194641	11	0
chr16	81000000	chr18	37000000	6	01	6	11	0.976705372	NA	11	0	0	11	0	0	2	1	1.90874054	11	0
chr16	81000000	chr18	78000000	5	01	5	11	0.917597771	NA	11	0	0	11	0	0	2	1	1.96251177	11	0
chr16	81000000	chr18	10000000	2	01	2	11	0.836674511	NA	11	0	0	11	0	0	2	1	1.08422778	11	0
chr16	81000000	chr18	50000000	2	01	2	11	0.937313676	NA	11	0	0	11	0	0	2	1	1.64339976	11	0
chr16	82000000	chr18	78000000	3	01	3	11	0.95385921	NA	11	0	0	11	0	0	2	1	2.51466921	11	0
chr16	82000000	chr18	50000000	3	01	3	11	0.919425845	NA	11	0	0	11	0	0	2	1	2.23706733	11	0
chr16	82000000	chr18	51000000	3	01	3	11	0.851967454	NA	11	0	0	11	0	0	2	1	1.80831341	11	0
chr16	82000000	chr18	37000000	1	01	1	11	0.961914122	NA	11	0	0	11	0	0	2	1	2.49862428	11	0
chr16	82000000	chr18	12000000	5	01	5	11	0.992576897	NA	11	0	0	11	0	0	2	1	2.93851996	11	0
chr16	82000000	chr18	11000000	6	01	6	11	0.998094857	NA	11	0	0	11	0	0	2	1	2.48905624	11	0
chr16	82000000	chr18	10000000	3	01	3	11	0.717330754	NA	11	0	0	11	0	0	2	1	1.69910488	11	0
chr16	83000000	chr18	14000000	7	01	7	11	0.967851937	NA	11	0	0	11	0	0	2	1	1.80764875	11	0
chr16	83000000	chr18	62000000	5	01	5	11	0.713562906	NA	11	0	0	11	0	0	2	1	1.76885018	11	0
chr16	83000000	chr18	13000000	13	01	13	11	0.999228358	NA	11	0	0	11	0	0	2	1	2.33428625	11	0
chr16	83000000	chr18	26000000	1	01	1	11	0.371379972	NA	11	0	0	11	0	0	2	1	1.62244978	11	0
chr16	83000000	chr18	12000000	13	01	13	11	0.999890924	NA	11	0	0	11	0	0	2	1	3.22097627	11	0
chr16	83000000	chr18	11000000	3	01	3	11	0.987959146	NA	11	0	0	11	0	0	2	1	2.60962019	11	0
chr16	84000000	chr18	13000000	10	01	10	11	0.987132072	NA	11	0	0	11	0	0	2	1	1.6756829	11	0
chr16	84000000	chr18	11000000	7	01	7	11	0.972184062	NA	11	0	0	11	0	0	2	1	1.92148137	11	0
chr16	84000000	chr18	12000000	6	01	6	11	0.999594152	NA	11	0	0	11	0	0	2	1	2.5674342	11	0
chr16	85000000	chr18	12000000	4	01	4	11	0.940738738	NA	11	0	0	11	0	0	2	1	2.03668946	11	0
chr16	87000000	chr18	12000000	5	01	5	11	0.988884687	NA	11	0	0	11	0	0	2	1	2.1216268	11	0
chr16	87000000	chr18	11000000	2	01	2	11	0.852476716	NA	11	0	0	11	0	0	2	1	1.43667386	11	0
chr16	87000000	chr18	38000000	2	01	2	11	0.596393526	NA	11	0	0	11	0	0	2	1	2.05557103	11	0
chr16	87000000	chr18	37000000	3	01	3	11	0.854009986	NA	11	0	0	11	0	0	2	1	1.34859164	11	0
chr16	87000000	chr18	78000000	1	01	1	11	0.679808974	NA	11	0	0	11	0	0	2	1	1.51081658	11	0
chr16	88000000	chr18	37000000	3	01	3	11	0.780632794	NA	11	0	0	11	0	0	2	1	1.02303737	11	0
chr16	91000000	chr18	77000000	1	01	1	11	0.572508931	NA	11	0	0	11	0	0	2	1	1.04842137	11	0
chr16	97000000	chr18	42000000	1	01	1	11	0.385315806	NA	11	0	0	11	0	0	2	1	1.59071962	11	0
chr16	97000000	chr18	43000000	1	01	1	11	0.348995388	NA	11	0	0	11	0	0	2	1	0.143592737	11	0
chr16	10000000	chr19	42000000	5	00	5	00	0.762063861	NA	00	5	5	00	5	5	1	1	0.939672196	00	0
chr16	10000000	chr19	41000000	1	00	1	00	0.463263571	NA	00	1	1	00	1	1	1	1	0.33566264	00	0
chr16	11000000	chr19	42000000	4	00	4	00	0.641237259	NA	00	4	4	00	4	4	1	1	1.23940273	00	0
chr16	11000000	chr19	41000000	1	00	1	00	0.533482194	NA	00	1	1	00	1	1	1	1	0.648785282	00	0
chr16	12000000	chr19	42000000	5	00	5	00	0.821036577	NA	00	5	5	00	5	5	1	1	1.65076581	00	0
chr16	13000000	chr19	42000000	11	00	11	00	0.874042392	NA	00	11	11	00	11	11	1	1	1.56464998	00	0
chr16	17000000	chr19	42000000	6	00	6	00	0.847547412	NA	00	6	6	00	6	6	1	1	1.18819876	00	0
chr16	17000000	chr19	41000000	3	00	3	00	0.595661283	NA	00	3	3	00	3	3	1	1	0.569776341	00	0
chr16	22000000	chr19	33000000	1	10	1	10	0.919202685	NA	10	1	1	10	1	1	1	1	3.01277064	10	0
chr16	23000000	chr19	42000000	5	00	5	00	0.807126224	NA	00	5	5	00	5	5	1	1	1.02614546	00	0
chr16	24000000	chr19	42000000	1	00	1	00	0.597666919	NA	00	1	1	00	1	1	1	1	0.451404014	00	0
chr16	28000000	chr19	35000000	1	10	1	10	0.939708769	NA	10	1	1	10	1	1	1	1	2.14558412	10	0
chr16	28000000	chr19	20000000	2	10	2	10	0.907247007	NA	10	2	2	10	2	2	1	1	1.85078311	10	0
chr16	28000000	chr19	32000000	1	10	1	10	0.79609251	NA	10	1	1	10	1	1	1	1	1.76233853	10	0
chr16	29000000	chr19	31000000	1	10	1	10	0.843751967	NA	10	1	1	10	1	1	1	1	2.243056	10	0
chr16	29000000	chr19	19000000	2	10	2	10	0.664948761	NA	10	2	2	10	2	2	1	1	1.83090034	10	0
chr16	29000000	chr19	34000000	2	10	2	10	0.958447218	NA	10	2	2	10	2	2	1	1	2.44510512	10	0
chr16	29000000	chr19	20000000	2	10	2	10	0.975012541	NA	10	2	2	10	2	2	1	1	2.03330796	10	0
chr16	29000000	chr19	32000000	1	10	1	10	0.971319199	NA	10	1	1	10	1	1	1	1	2.08812704	10	0
chr16	30000000	chr19	34000000	4	10	4	10	0.761861742	NA	10	4	4	10	4	4	1	1	2.10187056	10	0
chr16	30000000	chr19	32000000	1	10	1	10	0.965783179	NA	10	1	1	10	1	1	1	1	1.91013911	10	0
chr16	31000000	chr19	24000000	4	10	4	10	0.968868315	NA	10	4	4	10	4	4	1	1	1.07756475	10	0
chr16	33000000	chr19	31000000	7	10	7	00	0.994757652	NA	00	0	0	00	0	0	2	1	1.44168423	00	0
chr16	33000000	chr19	32000000	13	10	13	00	0.993632019	NA	00	0	0	00	0	0	2	1	1.36250132	00	0
chr16	33000000	chr19	20000000	1	10	1	00	0.92857784	NA	00	0	0	00	0	0	2	1	1.51111438	00	0
chr16	33000000	chr19	23000000	4	10	4	00	0.973127961	NA	00	0	0	00	0	0	2	1	1.5255111	00	0
chr16	33000000	chr19	33000000	1	10	1	00	0.542781115	NA	00	0	0	00	0	0	2	1	0.989384571	00	0
chr16	33000000	chr19	60000000	3	10	2	00	0.778372407	NA	00	0	0	00	0	1	2	1	1.43886458	00	0
chr16	33000000	chr19	21000000	2	10	2	00	0.916137278	NA	00	0	0	00	0	0	2	1	1.43386936	00	0
chr16	33000000	chr19	30000000	4	10	4	00	0.97242099	NA	00	0	0	00	0	0	2	1	1.43301891	00	0
chr16	33000000	chr19	22000000	3	10	3	00	0.97600615	NA	00	0	0	00	0	0	2	1	1.58328041	00	0
chr16	33000000	chr19	19000000	5	10	5	00	0.811176479	NA	00	0	0	00	0	0	2	1	1.55588626	00	0
chr16	34000000	chr19	31000000	1	10	1	10	0.648291171	NA	10	1	1	10	1	1	1	1	1.18733635	10	0
chr16	34000000	chr19	23000000	8	10	8	10	0.955492079	NA	10	8	8	10	8	8	1	1	1.05775477	10	0
chr16	34000000	chr19	19000000	2	10	2	10	0.702114105	NA	10	2	2	10	2	2	1	1	1.07676089	10	0
chr16	34000000	chr19	30000000	1	10	1	10	0.81708461	NA	10	1	1	10	1	1	1	1	1.10110984	10	0
chr16	61000000	chr19	18000000	3	10	3	10	0.482093036	NA	10	3	3	10	3	3	1	1	0.342584746	10	0
chr16	73000000	chr19	19000000	13	10	13	10	0.887561023	NA	10	13	13	10	13	13	1	1	0.783914581	10	0
chr16	73000000	chr19	23000000	4	10	4	10	0.757462919	NA	10	4	4	10	4	4	1	1	0.568061008	10	0
chr16	73000000	chr19	30000000	1	10	1	10	0.67779237	NA	10	1	1	10	1	1	1	1	0.97003913	10	0
chr16	73000000	chr19	20000000	4	10	4	10	0.793706536	NA	10	4	4	10	4	4	1	1	0.85900274	10	0
chr16	73000000	chr19	24000000	1	10	1	10	0.603281856	NA	10	1	1	10	1	1	1	1	0.503912197	10	0
chr16	74000000	chr19	23000000	2	10	2	10	0.731128037	NA	10	2	2	10	2	2	1	1	0.683548226	10	0
chr16	74000000	chr19	19000000	1	10	1	10	0.817162335	NA	10	1	1	10	1	1	1	1	0.79449108	10	0
chr16	77000000	chr19	24000000	2	10	2	00	0.527175128	NA	00	0	0	00	0	0	2	1	0.508774984	00	0
chr16	78000000	chr19	33000000	2	10	2	10	0.948086619	NA	10	2	2	10	2	2	1	1	1.41232638	10	0
chr16	79000000	chr19	33000000	4	10	4	10	0.993773401	NA	10	4	4	10	4	4	1	1	2.76282312	10	0
chr16	85000000	chr19	33000000	1	10	1	10	0.774040043	NA	10	1	1	10	1	1	1	1	3.17552308	10	0
chr16	86000000	chr19	33000000	1	10	1	10	0.969730616	NA	10	1	1	10	1	1	1	1	3.03859953	10	0
chr16	87000000	chr19	32000000	8	10	8	10	0.981672764	NA	10	8	8	10	8	8	1	1	2.68019136	10	0
chr16	87000000	chr19	33000000	4	10	4	10	0.998310804	NA	10	4	4	10	4	4	1	1	2.83484826	10	0
chr16	88000000	chr19	32000000	4	10	4	10	0.985793054	NA	10	4	4	10	4	4	1	1	2.21135883	10	0
chr16	89000000	chr19	33000000	1	10	1	10	0.815735757	NA	10	1	1	10	1	1	1	1	2.44035198	10	0
chr16	94000000	chr19	23000000	3	10	3	10	0.99764061	NA	10	3	3	10	3	3	1	1	3.80994779	10	0
chr16	94000000	chr19	24000000	2	10	2	10	0.991343021	NA	10	2	2	10	2	2	1	1	3.33428271	10	0
chr16	96000000	chr19	24000000	5	10	5	10	0.986848295	NA	10	5	5	10	5	5	1	1	4.06041251	10	0
chr16	96000000	chr19	25000000	4	10	4	10	0.791984081	NA	10	4	4	10	4	4	1	1	3.7133041	10	0
chr17	23000000	chr19	53000000	1	11	1	10	0.856402934	NA	10	0	1	10	0	0	4	1	4.01009051	10	1
chr17	24000000	chr19	53000000	3	11	3	10	0.996795356	NA	10	0	3	10	0	0	4	1	3.91372474	10	1
chr17	26000000	chr19	4000000	4	11	4	10	0.476200879	NA	10	0	4	10	0	0	4	1	1.80022001	10	1
chr17	26000000	chr19	40000000	1	11	1	10	0.925734997	NA	10	0	1	10	0	0	4	1	2.66481777	10	1
chr17	34000000	chr19	39000000	1	11	1	10	0.679442585	NA	10	0	1	10	0	0	4	1	2.25232321	10	1
chr17	34000000	chr19	53000000	1	11	1	10	0.987582445	NA	10	0	1	10	0	0	4	1	3.41034169	10	1
chr17	34000000	chr19	40000000	1	11	1	10	0.715591371	NA	10	0	1	10	0	0	4	1	2.19709881	10	1
chr17	34000000	chr19	50000000	11	11	11	10	0.999056637	NA	10	0	11	10	0	0	4	1	3.42220225	10	1
chr17	35000000	chr19	50000000	1	01	1	10	0.790725172	NA	10	0	0	10	0	1	2	1	2.71709209	10	1
chr17	35000000	chr19	49000000	1	11	1	10	0.68706423	NA	10	0	1	10	0	0	4	1	2.85092756	10	1
chr17	47000000	chr19	49000000	1	11	1	10	0.980132401	NA	10	0	1	10	0	0	4	1	3.17104051	10	1
chr17	49000000	chr19	50000000	1	11	1	10	0.925018489	NA	10	0	1	10	0	0	4	1	2.56815441	10	1
chr17	50000000	chr19	49000000	7	11	7	10	0.993694484	NA	10	0	7	10	0	0	3	1	2.93404666	10	1
chr17	50000000	chr19	50000000	1	11	1	10	0.934759378	NA	10	0	1	10	0	0	3	1	2.84333723	10	1
chr17	52000000	chr19	51000000	3	11	2	10	0.986360133	NA	10	1	2	10	1	1	3	1	3.22018837	10	1
chr17	52000000	chr19	49000000	2	11	2	10	0.999105155	NA	10	0	2	10	0	0	3	1	3.41390074	10	1
chr17	52000000	chr19	48000000	1	11	1	10	0.973679602	NA	10	0	1	10	0	0	3	1	3.29684313	10	1
chr17	56000000	chr19	38000000	12	11	12	10	0.905738175	NA	10	0	12	10	0	0	4	1	1.68277293	10	1
chr17	56000000	chr19	39000000	3	11	3	10	0.88645041	NA	10	0	3	10	0	0	4	1	2.1183137	10	1
chr17	56000000	chr19	50000000	3	11	2	10	0.984108984	NA	10	1	2	10	1	1	4	1	3.5346396	10	1
chr17	56000000	chr19	49000000	3	11	3	10	0.995978475	NA	10	0	3	10	0	0	4	1	3.6082349	10	1
chr17	71000000	chr19	53000000	1	11	1	10	0.900427997	NA	10	0	1	10	0	0	4	1	3.15444625	10	1
chr17	71000000	chr19	4000000	6	11	5	10	0.806852162	NA	10	0	5	10	0	0	4	1	2.47566652	10	1
chr17	72000000	chr19	4000000	12	11	12	10	0.901740134	NA	10	0	12	10	0	0	4	1	2.61579168	10	1
chr17	72000000	chr19	53000000	2	11	2	10	0.996343911	NA	10	0	2	10	0	0	4	1	3.19659721	10	1
chr17	74000000	chr19	50000000	11	11	11	10	0.99999392	NA	10	0	11	10	0	0	4	1	3.8928891	10	1
chr17	74000000	chr19	53000000	2	11	2	10	0.989386559	NA	10	0	2	10	0	0	4	1	4.04675852	10	1
chr17	74000000	chr19	49000000	1	11	1	10	0.880384862	NA	10	0	1	10	0	0	4	1	3.77015205	10	1
chr17	74000000	chr19	40000000	1	11	1	10	0.814742923	NA	10	0	1	10	0	0	4	1	2.61142558	10	1
chr17	74000000	chr19	39000000	4	11	4	10	0.969692349	NA	10	0	4	10	0	0	4	1	2.73464571	10	1
chr17	75000000	chr19	49000000	3	11	3	10	0.999872565	NA	10	0	3	10	0	0	4	1	4.36656605	10	1
chr17	80000000	chr19	48000000	15	11	15	10	0.999997497	NA	10	0	15	10	0	0	4	1	3.39909963	10	1
chr17	80000000	chr19	49000000	4	11	4	10	0.958789885	NA	10	0	4	10	0	0	4	1	2.99997004	10	1
chr17	80000000	chr19	47000000	3	11	3	10	0.987523377	NA	10	0	3	10	0	0	4	1	2.87072273	10	1
chr17	80000000	chr19	38000000	2	01	2	10	0.72198981	NA	10	0	0	10	0	2	2	1	2.11176975	10	1
chr17	81000000	chr19	48000000	4	11	4	10	0.999641657	NA	10	0	4	10	0	0	4	1	2.78857542	10	1
chr17	83000000	chr19	48000000	2	11	2	10	0.956754386	NA	10	0	2	10	0	0	3	1	2.7744795	10	1
chr17	83000000	chr19	49000000	2	00	1	10	0.937013626	NA	10	0	1	10	0	0	4	1	2.40064039	10	1
chr17	84000000	chr19	48000000	2	11	2	10	0.987067997	NA	10	0	2	10	0	0	4	1	2.03220892	10	1
chr17	84000000	chr19	49000000	3	11	3	10	0.997794867	NA	10	0	3	10	0	0	4	1	2.59635187	10	1
chr17	84000000	chr19	50000000	3	11	3	10	0.877302349	NA	10	0	3	10	0	0	4	1	2.41369008	10	1
chr17	84000000	chr19	38000000	2	11	2	10	0.870322227	NA	10	0	2	10	0	0	4	1	0.804261461	10	1
chr17	84000000	chr19	39000000	1	11	1	10	0.729914606	NA	10	0	1	10	0	0	4	1	1.26050347	10	1
chr17	30000000	chrX	166000000	1	01	1	01	0.798142195	NA	01	1	1	01	1	1	1	1	1.62814198	01	0
chr17	31000000	chrX	166000000	2	01	2	01	0.925923645	NA	01	2	2	01	2	2	1	1	1.82372454	01	0
chr17	31000000	chrX	164000000	1	01	1	01	0.628057539	NA	01	1	1	01	1	1	1	1	1.32292842	01	0
chr17	31000000	chrX	165000000	1	01	1	01	0.545057833	NA	01	1	1	01	1	1	1	1	1.3983583	01	0
chr17	32000000	chrX	166000000	3	01	3	01	0.687984109	NA	01	3	3	01	3	3	1	1	1.80022795	01	0
chr17	43000000	chrX	166000000	15	01	15	01	1	NA	01	15	15	01	15	15	1	1	4.70532362	01	0
chr17	50000000	chrX	163000000	2	01	2	01	0.999751866	NA	01	2	2	01	2	2	1	1	3.49147779	01	0
chr17	50000000	chrX	166000000	3	01	3	01	0.999999642	NA	01	3	3	01	3	3	1	1	3.24172453	01	0
chr17	50000000	chrX	165000000	7	01	7	01	0.997977197	NA	01	7	7	01	7	7	1	1	3.22291621	01	0
chr17	50000000	chrX	164000000	5	01	5	01	0.999934912	NA	01	5	5	01	5	5	1	1	3.35715353	01	0
chr17	50000000	chrX	167000000	4	01	4	01	0.998212099	NA	01	4	4	01	4	4	1	1	3.30645054	01	0
chr17	50000000	chrX	168000000	9	01	9	01	0.999994159	NA	01	9	9	01	9	9	1	1	3.40618173	01	0
chr17	50000000	chrX	169000000	4	01	4	01	0.998280525	NA	01	4	4	01	4	4	1	1	2.51922231	01	0
chr17	51000000	chrX	168000000	14	01	14	01	0.999998927	NA	01	14	14	01	14	14	1	1	3.16820819	01	0
chr17	51000000	chrX	167000000	3	01	3	01	0.999982834	NA	01	3	3	01	3	3	1	1	3.10391737	01	0
chr17	51000000	chrX	164000000	11	01	11	01	0.999931693	NA	01	11	11	01	11	11	1	1	2.86474016	01	0
chr17	51000000	chrX	169000000	2	01	2	01	0.998922646	NA	01	2	2	01	2	2	1	1	2.40872968	01	0
chr17	51000000	chrX	166000000	4	01	4	01	0.99993813	NA	01	4	4	01	4	4	1	1	2.96707314	01	0
chr17	51000000	chrX	165000000	8	01	8	01	0.999903679	NA	01	8	8	01	8	8	1	1	2.82743806	01	0
chr17	51000000	chrX	163000000	1	01	1	01	0.998053789	NA	01	1	1	01	1	1	1	1	3.00601715	01	0
chr17	52000000	chrX	167000000	4	01	4	01	0.999980688	NA	01	4	4	01	4	4	1	1	3.36893649	01	0
chr17	52000000	chrX	168000000	7	01	7	01	0.999930501	NA	01	7	7	01	7	7	1	1	3.1805504	01	0
chr17	52000000	chrX	165000000	5	01	5	01	0.998435318	NA	01	5	5	01	5	5	1	1	2.90629708	01	0
chr17	52000000	chrX	166000000	5	01	5	01	0.999974728	NA	01	5	5	01	5	5	1	1	3.19823811	01	0
chr17	53000000	chrX	166000000	3	01	3	01	0.992558956	NA	01	3	3	01	3	3	1	1	2.96035911	01	0
chr17	54000000	chrX	166000000	7	01	7	01	0.999969602	NA	01	7	7	01	7	7	1	1	3.04048918	01	0
chr17	54000000	chrX	168000000	4	01	4	01	0.995713234	NA	01	4	4	01	4	4	1	1	2.64741326	01	0
chr17	54000000	chrX	167000000	4	01	4	01	0.999837875	NA	01	4	4	01	4	4	1	1	2.94097926	01	0
chr17	55000000	chrX	166000000	10	01	10	01	0.999970078	NA	01	10	10	01	10	10	1	1	3.12024895	01	0
chr17	55000000	chrX	168000000	1	01	1	01	0.836291313	NA	01	1	1	01	1	1	1	1	2.62755327	01	0
chr17	55000000	chrX	167000000	4	01	4	01	0.998806715	NA	01	4	4	01	4	4	1	1	2.91117204	01	0
chr17	60000000	chrX	166000000	1	01	1	01	0.99881351	NA	01	1	1	01	1	1	1	1	3.51756962	01	0
chr17	61000000	chrX	166000000	2	01	2	01	0.998757601	NA	01	2	2	01	2	2	1	1	3.40205473	01	0
chr17	61000000	chrX	165000000	2	01	2	01	0.999096274	NA	01	2	2	01	2	2	1	1	3.13322528	01	0
chr17	61000000	chrX	167000000	1	01	1	01	0.999746382	NA	01	1	1	01	1	1	1	1	3.11129492	01	0
chr17	62000000	chrX	166000000	2	01	2	01	0.999261677	NA	01	2	2	01	2	2	1	1	3.41423727	01	0
chr17	62000000	chrX	167000000	2	01	2	01	0.999193728	NA	01	2	2	01	2	2	1	1	3.1201169	01	0
chr17	62000000	chrX	165000000	1	01	1	01	0.967960179	NA	01	1	1	01	1	1	1	1	2.80629123	01	0
chr17	66000000	chrX	166000000	5	01	5	01	0.99886322	NA	01	5	5	01	5	5	1	1	3.95384836	01	0
chr17	66000000	chrX	167000000	15	01	15	01	0.999993324	NA	01	15	15	01	15	15	1	1	3.78072203	01	0
chr17	66000000	chrX	159000000	1	01	1	01	0.921865702	NA	01	1	1	01	1	1	1	1	2.26836888	01	0
chr17	66000000	chrX	160000000	1	01	1	01	0.95447284	NA	01	1	1	01	1	1	1	1	3.00671731	01	0
chr17	66000000	chrX	168000000	2	01	2	01	0.999385953	NA	01	2	2	01	2	2	1	1	3.73299284	01	0
chr17	67000000	chrX	167000000	3	01	3	01	0.990746021	NA	01	3	3	01	3	3	1	1	3.61564817	01	0
chr17	68000000	chrX	168000000	1	01	1	01	0.809915721	NA	01	1	1	01	1	1	1	1	3.0679189	01	0
chr17	68000000	chrX	167000000	1	01	1	01	0.906331956	NA	01	1	1	01	1	1	1	1	3.28183087	01	0
chr17	69000000	chrX	168000000	3	01	3	01	0.958737493	NA	01	3	3	01	3	3	1	1	2.88350565	01	0
chr17	69000000	chrX	166000000	9	01	9	01	0.999885678	NA	01	9	9	01	9	9	1	1	3.35441601	01	0
chr17	69000000	chrX	167000000	6	01	6	01	0.963761628	NA	01	6	6	01	6	6	1	1	3.05071298	01	0
chr17	82000000	chrX	165000000	7	01	7	01	0.832100987	NA	01	7	7	01	7	7	1	1	2.31480412	01	0
chr17	83000000	chrX	165000000	6	01	6	01	0.9294945	NA	01	6	6	01	6	6	1	1	2.29620375	01	0
chr17	83000000	chrX	164000000	3	01	3	01	0.71004343	NA	01	3	3	01	3	3	1	1	2.2476799	01	0
chr18	4000000	chr19	45000000	3	01	3	10	0.625145674	NA	10	0	0	10	0	3	3	1	1.53604411	10	1
chr18	4000000	chr19	24000000	7	01	7	10	0.977959514	NA	10	0	0	10	0	7	3	1	1.71178669	10	1
chr18	4000000	chr19	23000000	2	01	2	10	0.661875606	NA	10	0	0	10	0	2	3	1	1.43549881	10	1
chr18	7000000	chr19	44000000	3	01	3	10	0.794118702	NA	10	0	0	10	0	3	3	1	0.363008851	10	1
chr18	7000000	chr19	45000000	1	01	1	10	0.666249812	NA	10	0	0	10	0	1	3	1	0.252055387	10	1
chr18	7000000	chr19	24000000	7	01	7	10	0.755544901	NA	10	0	0	10	0	7	3	1	0.416026828	10	1
chr18	7000000	chr19	28000000	3	01	3	00	0.947012663	NA	00	0	3	00	0	0	3	1	1.78721462	00	1
chr18	7000000	chr19	25000000	2	01	2	00	0.626399875	NA	00	0	2	00	0	0	3	1	0.613388796	00	1
chr18	8000000	chr19	25000000	10	01	10	00	0.877521038	NA	00	0	10	00	0	0	3	1	1.06183051	00	1
chr18	8000000	chr19	24000000	5	01	5	10	0.672482312	NA	10	0	0	10	0	5	3	1	0.0546307863	10	1
chr18	8000000	chr19	5000000	1	00	1	00	0.78160274	NA	00	1	0	00	1	1	1	1	3.24547883	00	1
chr18	9000000	chr19	28000000	6	01	6	00	0.999370277	NA	00	0	6	00	0	0	3	1	3.09768744	00	1
chr18	9000000	chr19	25000000	2	01	2	00	0.924862564	NA	00	0	2	00	0	0	3	1	2.02427189	00	1
chr18	9000000	chr19	24000000	11	01	11	00	0.870630264	NA	00	0	11	00	0	0	3	1	1.08158516	00	1
chr18	9000000	chr19	33000000	1	01	1	00	0.758550763	NA	00	0	1	00	0	0	3	1	0.890767788	00	1
chr18	9000000	chr19	30000000	2	01	2	00	0.975027382	NA	00	0	2	00	0	0	3	1	2.06049027	00	1
chr18	9000000	chr19	31000000	4	01	4	00	0.986275673	NA	00	0	4	00	0	0	3	1	2.19307449	00	1
chr18	9000000	chr19	3000000	1	01	1	00	0.999345124	NA	00	0	1	00	0	0	3	1	2.91411286	00	1
chr18	9000000	chr19	7000000	13	01	13	00	0.999721229	NA	00	0	13	00	0	0	3	1	2.70356365	00	1
chr18	9000000	chr19	55000000	4	01	4	00	0.938063741	NA	00	0	4	00	0	0	3	1	1.7048851	00	1
chr18	9000000	chr19	59000000	1	01	1	00	0.579951704	NA	00	0	1	00	0	0	3	1	2.96534784	00	1
chr18	9000000	chr19	36000000	8	01	8	00	0.998802662	NA	00	0	8	00	0	0	3	1	1.9611238	00	1
chr18	9000000	chr19	13000000	1	01	1	00	0.966836274	NA	00	0	1	00	0	0	3	1	2.87976377	00	1
chr18	9000000	chr19	8000000	2	01	2	00	0.989393353	NA	00	0	2	00	0	0	3	1	3.0694236	00	1
chr18	9000000	chr19	14000000	3	01	3	00	0.816432416	NA	00	0	3	00	0	0	3	1	3.10492653	00	1
chr18	9000000	chr19	35000000	2	01	1	00	0.992058694	NA	00	0	1	00	0	1	3	1	2.34350131	00	1
chr18	9000000	chr19	37000000	2	01	2	00	0.639093697	NA	00	0	2	00	0	0	3	1	0.425129551	00	1
chr18	9000000	chr19	42000000	1	01	1	10	0.864156127	NA	10	0	0	10	0	1	3	1	1.16301719	10	1
chr18	10000000	chr19	40000000	3	01	3	10	0.984598517	NA	10	0	0	10	0	3	3	1	1.57116747	10	1
chr18	10000000	chr19	42000000	3	01	3	10	0.991746426	NA	10	0	0	10	0	3	3	1	2.97714232	10	1
chr18	10000000	chr19	37000000	6	01	6	10	0.988354445	NA	10	0	0	10	0	6	3	1	1.07380122	10	1
chr18	10000000	chr19	48000000	2	01	2	10	0.597915351	NA	10	0	0	10	0	2	3	1	0.347770428	10	1
chr18	10000000	chr19	38000000	8	01	8	10	0.985854208	NA	10	0	0	10	0	8	3	1	0.9998554	10	1
chr18	10000000	chr19	39000000	1	01	1	10	0.970809758	NA	10	0	0	10	0	1	3	1	0.91199691	10	1
chr18	10000000	chr19	41000000	19	01	19	10	0.999860168	NA	10	0	0	10	0	19	3	1	2.62632409	10	1
chr18	10000000	chr19	7000000	1	01	1	00	0.724541426	NA	00	0	1	00	0	0	3	1	0.743361392	00	1
chr18	10000000	chr19	45000000	2	00	1	10	0.745020151	NA	10	0	0	10	0	1	2	1	1.44929715	10	1
chr18	83000000	chr19	25000000	1	01	1	10	0.32003516	NA	10	0	0	10	0	1	3	1	0.12673226	10	1
chr2	4000000	chr11	61000000	2	01	2	10	0.77824688	NA	10	0	0	10	0	2	3	1	1.54761323	10	0
chr2	4000000	chr11	5000000	1	01	1	10	0.867806315	NA	10	0	0	10	0	1	3	1	1.96638592	10	0
chr2	5000000	chr11	4000000	8	01	8	10	0.994787812	NA	10	0	0	10	0	8	3	1	3.19830285	10	0
chr2	5000000	chr11	6000000	2	01	2	10	0.975111485	NA	10	0	0	10	0	2	3	1	2.40713807	10	0
chr2	5000000	chr11	8000000	5	01	5	10	0.967534602	NA	10	0	0	10	0	5	3	1	2.37882549	10	0
chr2	5000000	chr11	7000000	1	01	1	10	0.926405251	NA	10	0	0	10	0	1	3	1	2.70875977	10	0
chr2	5000000	chr11	61000000	9	01	9	10	0.995412052	NA	10	0	0	10	0	9	3	1	3.72825823	10	0
chr2	6000000	chr11	61000000	5	01	5	10	0.865595043	NA	10	0	0	10	0	5	3	1	2.26511645	10	0
chr2	13000000	chr11	25000000	5	01	5	11	0.9164505	NA	11	0	0	11	0	0	3	1	1.80197462	11	0
chr2	13000000	chr11	29000000	9	01	9	11	0.955109894	NA	11	0	0	11	0	0	3	1	1.5247035	11	0
chr2	13000000	chr11	26000000	3	01	3	11	0.994455516	NA	11	0	0	11	0	0	3	1	3.39496119	11	0
chr2	13000000	chr11	27000000	3	01	3	11	0.745212615	NA	11	0	0	11	0	0	3	1	2.31987035	11	0
chr2	14000000	chr11	26000000	3	01	3	11	0.98716104	NA	11	0	0	11	0	0	3	1	3.25175297	11	0
chr2	14000000	chr11	29000000	3	01	3	11	0.861881673	NA	11	0	0	11	0	0	3	1	1.47049426	11	0
chr2	29000000	chr11	61000000	6	01	6	11	0.525522411	NA	11	0	0	11	0	0	3	1	0.40767796	11	0
chr2	29000000	chr11	60000000	1	01	1	11	0.442204595	NA	11	0	0	11	0	0	3	1	0.655095935	11	0
chr2	34000000	chr11	61000000	2	00	1	11	0.630030811	NA	11	0	0	11	0	1	4	1	1.44884572	11	0
chr2	146000000	chr16	50000000	1	00	1	00	0.424071252	NA	00	1	0	00	1	1	1	1	0.804595369	00	1
chr2	146000000	chr16	86000000	2	00	2	01	0.820936859	NA	01	0	2	01	0	0	2	1	1.92153748	01	1
chr2	146000000	chr16	16000000	1	00	1	00	0.577889025	NA	00	1	0	00	1	1	1	1	0.819621082	00	1
chr2	146000000	chr16	47000000	1	00	1	00	0.436260223	NA	00	1	0	00	1	1	1	1	0.672642806	00	1
chr2	146000000	chr16	34000000	1	00	1	00	0.40385291	NA	00	1	1	00	1	1	1	1	0.402935608	00	1
chr2	146000000	chr16	74000000	12	00	12	00	0.835745394	NA	00	12	0	00	12	12	1	1	0.859919959	00	1
chr2	146000000	chr16	75000000	1	00	1	00	0.495349079	NA	00	1	0	00	1	1	1	1	0.291205899	00	1
chr2	146000000	chr16	84000000	2	00	2	01	0.862195075	NA	01	0	2	01	0	0	2	1	1.93870294	01	1
chr2	147000000	chr16	38000000	1	00	1	00	0.466666013	NA	00	1	0	00	1	1	1	1	0.136763202	00	1
chr2	147000000	chr16	74000000	3	00	3	00	0.597232997	NA	00	3	0	00	3	3	1	1	0.403316237	00	1
chr2	147000000	chr16	86000000	13	00	12	01	0.987110734	NA	01	0	12	01	0	1	2	1	2.30623769	01	1
chr2	147000000	chr16	87000000	7	00	7	01	0.983799458	NA	01	0	7	01	0	0	2	1	2.31584553	01	1
chr2	148000000	chr16	86000000	3	00	3	01	0.95779103	NA	01	0	3	01	0	0	2	1	1.91137063	01	1
chr2	148000000	chr16	74000000	5	00	5	00	0.757817686	NA	00	5	0	00	5	5	1	1	0.766678394	00	1
chr2	148000000	chr16	56000000	3	00	3	01	0.628510058	NA	01	0	3	01	0	0	2	1	1.03585268	01	1
chr2	148000000	chr16	87000000	3	00	3	01	0.914292693	NA	01	0	3	01	0	0	2	1	1.8499287	01	1
chr2	148000000	chr16	84000000	1	00	1	01	0.889391005	NA	01	0	1	01	0	0	2	1	1.9228484	01	1
chr2	148000000	chr16	89000000	2	00	2	01	0.891116381	NA	01	0	2	01	0	0	2	1	1.59851852	01	1
chr2	148000000	chr16	75000000	3	00	3	01	0.497520536	NA	01	0	3	00	3	0	1	2	0.216637408	00	1
chr2	148000000	chr16	37000000	3	00	3	00	0.713963747	NA	00	3	0	00	3	3	1	1	0.731428612	00	1
chr2	150000000	chr16	30000000	1	00	1	00	0.556091189	NA	00	1	0	00	1	1	1	1	1.75417989	00	1
chr2	150000000	chr16	38000000	1	00	1	00	0.603762209	NA	00	1	0	00	1	1	1	1	1.17252322	00	1
chr2	153000000	chr16	30000000	3	00	3	00	0.697508931	NA	00	3	0	00	3	3	1	1	1.20400973	00	1
chr2	153000000	chr16	76000000	1	00	1	00	0.488563061	NA	00	1	0	00	1	1	1	1	0.874719177	00	1
chr2	153000000	chr16	75000000	6	00	6	01	0.530988812	NA	01	0	6	00	6	0	1	2	0.130591923	00	1
chr2	153000000	chr16	89000000	2	00	2	01	0.891158521	NA	01	0	2	01	0	0	2	1	1.12506165	01	1
chr2	153000000	chr16	74000000	1	00	1	00	0.462207407	NA	00	1	0	00	1	1	1	1	0.548858127	00	1
chr2	154000000	chr16	75000000	4	00	4	00	0.518337369	NA	00	4	0	00	4	4	1	1	0.267961284	00	1
chr2	154000000	chr16	41000000	2	00	2	00	0.968385339	NA	00	2	0	00	2	2	1	1	1.39974393	00	1
chr2	154000000	chr16	74000000	7	00	7	00	0.614385307	NA	00	7	0	00	7	7	1	1	0.772879483	00	1
chr2	154000000	chr16	15000000	1	00	1	00	0.377100021	NA	00	1	0	00	1	1	1	1	0.288291521	00	1
chr2	154000000	chr16	76000000	1	00	1	00	0.704975545	NA	00	1	0	00	1	1	1	1	0.88148514	00	1
chr2	154000000	chr16	89000000	1	00	1	01	0.967535377	NA	01	0	1	01	0	0	2	1	1.44149738	01	1
chr2	154000000	chr16	90000000	1	00	1	01	0.919360876	NA	01	0	1	01	0	0	2	1	1.14316799	01	1
chr2	154000000	chr16	31000000	1	00	1	00	0.868190527	NA	00	1	0	00	1	1	1	1	0.673846825	00	1
chr2	155000000	chr16	17000000	1	00	1	00	0.772409797	NA	00	1	0	00	1	1	1	1	2.48119941	00	1
chr2	155000000	chr16	23000000	1	00	1	00	0.879165888	NA	00	1	0	00	1	1	1	1	2.20670631	00	1
chr2	156000000	chr16	23000000	1	00	1	00	0.714544713	NA	00	1	0	00	1	1	1	1	1.85019773	00	1
chr2	157000000	chr16	32000000	3	00	3	00	0.687306404	NA	00	3	0	00	3	3	1	1	0.781199227	00	1
chr2	157000000	chr16	31000000	3	00	3	00	0.995914996	NA	00	3	0	00	3	3	1	1	1.36508615	00	1
chr2	157000000	chr16	30000000	2	00	2	00	0.999515772	NA	00	2	0	00	2	2	1	1	2.31684642	00	1
chr2	157000000	chr16	36000000	2	00	2	00	0.975965142	NA	00	2	0	00	2	2	1	1	1.66464732	00	1
chr2	157000000	chr16	29000000	1	00	1	00	0.933489025	NA	00	1	0	00	1	1	1	1	1.9489167	00	1
chr2	157000000	chr16	35000000	1	00	1	00	0.927867174	NA	00	1	0	00	1	1	1	1	1.27438865	00	1
chr2	158000000	chr16	31000000	3	00	3	00	0.739361525	NA	00	3	0	00	3	3	1	1	0.148572641	00	1
chr2	158000000	chr16	32000000	4	00	3	01	0.629514098	NA	01	1	3	01	1	1	2	1	0.339690735	01	1
chr2	158000000	chr16	45000000	5	00	5	00	0.489902824	NA	00	5	0	00	5	5	1	1	0.0426134524	00	1
chr2	158000000	chr16	44000000	9	00	9	01	0.527265728	NA	01	0	9	01	0	0	2	1	0.0491078849	01	1
chr2	158000000	chr16	55000000	6	00	6	01	0.585028648	NA	01	0	6	01	0	0	2	1	1.12877284	01	1
chr2	158000000	chr16	83000000	3	00	3	01	0.908643425	NA	01	0	3	01	0	0	3	1	2.06150212	01	1
chr2	158000000	chr16	43000000	1	00	1	00	0.392167181	NA	00	1	0	00	1	1	1	1	0.107282329	00	1
chr2	158000000	chr16	85000000	3	00	3	01	0.85269767	NA	01	0	3	01	0	0	3	1	1.84415649	01	1
chr2	158000000	chr16	84000000	1	00	1	01	0.643057346	NA	01	0	1	01	0	0	3	1	2.03024513	01	1
chr2	160000000	chr16	85000000	15	00	15	01	0.958819807	NA	01	0	15	01	0	0	3	1	1.64826552	01	1
chr2	160000000	chr16	74000000	1	00	1	00	0.457511961	NA	00	1	0	00	1	1	1	1	0.425246306	00	1
chr2	160000000	chr16	82000000	1	00	1	01	0.852335036	NA	01	0	1	01	0	0	3	1	1.94882071	01	1
chr2	160000000	chr16	83000000	7	00	7	01	0.938005149	NA	01	0	7	01	0	0	3	1	1.94283694	01	1
chr2	160000000	chr16	84000000	4	00	4	01	0.93787539	NA	01	0	4	01	0	0	3	1	1.85974831	01	1
chr2	160000000	chr16	86000000	2	00	2	01	0.716031492	NA	01	0	2	01	0	0	3	1	2.16559909	01	1
chr2	161000000	chr16	86000000	3	00	3	01	0.786503196	NA	01	0	3	01	0	0	2	1	1.90569679	01	1
chr2	162000000	chr16	50000000	4	00	4	00	0.472059608	NA	00	4	0	00	4	4	1	1	1.02208441	00	1
chr2	163000000	chr16	47000000	1	00	1	00	0.45022431	NA	00	1	0	00	1	1	1	1	0.397029734	00	1
chr2	163000000	chr16	86000000	2	00	2	01	0.58024925	NA	01	0	2	01	0	0	3	1	1.70119066	01	1
chr2	164000000	chr16	31000000	3	00	3	00	0.536967695	NA	00	3	0	00	3	3	1	1	0.847552811	00	1
chr2	165000000	chr16	31000000	9	00	9	00	0.979399741	NA	00	9	0	00	9	9	1	1	1.18799137	00	1
chr2	165000000	chr16	30000000	1	00	1	00	0.931514323	NA	00	1	0	00	1	1	1	1	1.91563418	00	1
chr2	166000000	chr16	30000000	7	00	7	00	0.987681925	NA	00	7	0	00	7	7	1	1	2.17427065	00	1
chr2	166000000	chr16	50000000	1	00	1	00	0.611650646	NA	00	1	0	00	1	1	1	1	1.46357809	00	1
chr2	166000000	chr16	37000000	2	00	2	00	0.989615083	NA	00	2	0	00	2	2	1	1	1.82941306	00	1
chr2	166000000	chr16	53000000	1	00	1	01	0.505754173	NA	01	0	1	01	0	0	2	1	0.707946873	01	1
chr2	166000000	chr16	31000000	1	00	1	00	0.941713333	NA	00	1	0	00	1	1	1	1	1.36273105	00	1
chr2	167000000	chr16	4000000	3	00	3	01	0.373124331	NA	01	0	3	01	0	0	2	1	0.130900619	01	1
chr2	170000000	chr16	30000000	11	00	11	00	0.990980923	NA	00	11	0	00	11	11	1	1	2.16282828	00	1
chr2	170000000	chr16	31000000	1	00	1	00	0.825981855	NA	00	1	0	00	1	1	1	1	1.29288334	00	1
chr2	171000000	chr16	30000000	4	00	4	00	0.983222187	NA	00	4	0	00	4	4	1	1	2.21631637	00	1
chr2	171000000	chr16	31000000	1	00	1	00	0.900854766	NA	00	1	0	00	1	1	1	1	1.2898206	00	1
chr2	172000000	chr16	30000000	5	00	5	00	0.981383264	NA	00	5	0	00	5	5	1	1	2.23426614	00	1
chr2	173000000	chr16	37000000	2	00	2	00	0.937908351	NA	00	2	0	00	2	2	1	1	1.89345	00	1
chr2	178000000	chr16	4000000	2	00	2	01	0.681770325	NA	01	0	2	01	0	0	2	1	0.790822478	01	1
chr2	178000000	chr16	53000000	8	00	6	01	0.996780396	NA	01	0	6	01	0	2	2	1	2.10383973	01	1
chr2	178000000	chr16	55000000	2	00	2	01	0.767507732	NA	01	0	2	01	0	0	2	1	1.30656157	01	1
chr2	178000000	chr16	54000000	2	00	2	01	0.920720994	NA	01	0	2	01	0	0	2	1	2.15270972	01	1
chr2	178000000	chr16	6000000	1	00	1	01	0.483698219	NA	01	0	1	01	0	0	3	1	0.800087208	01	1
chr2	179000000	chr16	45000000	1	00	1	00	0.412921965	NA	00	1	0	00	1	1	1	1	0.430021452	00	1
chr2	181000000	chr16	44000000	1	00	1	01	0.510837674	NA	01	0	1	00	1	0	1	2	0.00323936715	00	1
chr2	181000000	chr16	53000000	3	00	3	01	0.900594652	NA	01	0	3	01	0	0	2	1	1.83860102	01	1
chr2	181000000	chr16	6000000	2	00	2	01	0.780312419	NA	01	0	2	01	0	0	2	1	1.17277167	01	1
chr2	181000000	chr16	4000000	5	00	5	01	0.641430199	NA	01	0	5	01	0	0	2	1	0.555617317	01	1
chr2	181000000	chr16	54000000	1	00	1	01	0.911917448	NA	01	0	1	01	0	0	2	1	1.88621321	01	1
chr2	3000000	chr17	14000000	10	11	10	01	0.999920964	NA	01	0	0	01	0	0	4	1	3.53441731	01	0
chr2	3000000	chr17	15000000	3	11	3	01	0.997698128	NA	01	0	0	01	0	0	4	1	2.80023623	01	0
chr2	4000000	chr17	14000000	6	11	6	01	0.999291301	NA	01	0	0	01	0	0	4	1	3.88240688	01	0
chr2	4000000	chr17	15000000	6	11	6	01	0.996047556	NA	01	0	0	01	0	0	4	1	3.13225177	01	0
chr2	5000000	chr17	11000000	1	10	1	01	0.880204976	NA	01	0	0	01	0	1	2	1	3.93254383	01	0
chr2	5000000	chr17	23000000	2	11	2	01	0.991044641	NA	01	0	0	01	0	0	4	1	4.45890455	01	0
chr2	5000000	chr17	10000000	3	11	3	01	0.896830559	NA	01	0	0	01	0	0	3	1	4.03581538	01	0
chr2	5000000	chr17	22000000	1	11	1	01	0.964532852	NA	01	0	0	01	0	0	4	1	3.41584221	01	0
chr2	6000000	chr17	23000000	2	00	1	01	0.981731057	NA	01	0	0	01	0	0	4	1	3.86884802	01	0
chr2	7000000	chr17	23000000	1	11	1	01	0.998092592	NA	01	0	0	01	0	0	3	1	4.39976357	01	0
chr2	32000000	chr17	24000000	4	11	4	01	0.937731862	NA	01	0	0	01	0	0	3	1	3.87833331	01	0
chr2	32000000	chr17	25000000	3	11	3	01	0.947525263	NA	01	0	0	01	0	0	3	1	3.06578064	01	0
chr2	71000000	chr17	30000000	2	01	2	01	0.535413563	NA	01	2	2	01	2	2	1	1	1.40086667	01	0
chr2	71000000	chr17	31000000	1	01	1	01	0.38482821	NA	01	1	1	01	1	1	1	1	1.49187414	01	0
chr2	91000000	chr17	30000000	11	01	11	01	0.849974275	NA	01	11	11	01	11	11	1	1	1.70432799	01	0
chr2	91000000	chr17	31000000	4	01	4	01	0.468656749	NA	01	4	4	01	4	4	1	1	1.92035628	01	0
chr2	91000000	chr17	29000000	1	01	1	01	0.427574724	NA	01	1	1	01	1	1	1	1	1.48331813	01	0
chr2	160000000	chr18	12000000	2	01	2	01	0.294361293	NA	01	2	2	01	2	2	1	1	1.8331403	01	0
chr2	3000000	chr3	30000000	4	11	3	10	0.991491973	NA	10	0	3	10	0	0	2	1	2.28237001	10	1
chr2	3000000	chr3	27000000	2	11	2	10	0.969232202	NA	10	0	2	10	0	0	2	1	2.30162379	10	1
chr2	3000000	chr3	32000000	19	11	17	10	0.999908924	NA	10	2	17	10	2	2	2	1	2.70235702	10	1
chr2	3000000	chr3	28000000	1	11	1	10	0.962087214	NA	10	0	1	10	0	0	2	1	1.96825028	10	1
chr2	3000000	chr3	33000000	2	11	2	10	0.981146574	NA	10	0	2	10	0	0	2	1	2.38861668	10	1
chr2	3000000	chr3	31000000	6	11	6	10	0.994488597	NA	10	0	6	10	0	0	2	1	2.52100518	10	1
chr2	4000000	chr3	32000000	17	11	17	10	0.999908686	NA	10	0	17	10	0	0	2	1	2.45444749	10	1
chr2	4000000	chr3	31000000	11	11	11	10	0.999548376	NA	10	0	11	10	0	0	2	1	2.26031983	10	1
chr2	4000000	chr3	33000000	3	11	3	10	0.997338235	NA	10	0	3	10	0	0	2	1	2.01554925	10	1
chr2	4000000	chr3	29000000	3	11	3	10	0.986649692	NA	10	0	3	10	0	0	2	1	2.2950176	10	1
chr2	4000000	chr3	26000000	1	11	1	10	0.998058856	NA	10	0	1	10	0	0	2	1	2.41794897	10	1
chr2	4000000	chr3	30000000	3	11	3	10	0.988620698	NA	10	0	3	10	0	0	2	1	2.36644248	10	1
chr2	4000000	chr3	10000000	1	11	1	10	0.838496447	NA	10	0	1	10	0	0	2	1	3.03967997	10	1
chr2	4000000	chr3	7000000	4	11	4	10	0.768915772	NA	10	0	4	10	0	0	2	1	3.59121455	10	1
chr2	4000000	chr3	39000000	4	11	4	10	0.98716718	NA	10	0	4	10	0	0	2	1	2.33263722	10	1
chr2	4000000	chr3	23000000	3	11	3	10	0.953716516	NA	10	0	3	10	0	0	2	1	2.64578944	10	1
chr2	10000000	chr3	24000000	6	11	6	11	0.609782279	NA	11	6	0	11	6	6	1	1	0.303175603	11	1
chr2	10000000	chr3	8000000	2	11	2	10	0.487527668	NA	10	0	2	10	0	0	2	1	0.0712401625	10	1
chr2	10000000	chr3	38000000	4	11	3	11	0.727744281	NA	11	3	0	11	3	3	1	1	1.14987247	11	1
chr2	10000000	chr3	37000000	1	11	1	11	0.660123646	NA	11	1	0	11	1	1	1	1	0.752070084	11	1
chr2	10000000	chr3	9000000	1	11	1	10	0.61632508	NA	10	0	1	10	0	0	2	1	0.898619818	10	1
chr2	11000000	chr3	9000000	2	11	2	10	0.730907083	NA	10	0	2	10	0	0	2	1	0.999311076	10	1
chr2	17000000	chr3	41000000	1	11	1	11	0.945491433	NA	11	1	0	11	1	1	1	1	2.18941891	11	1
chr2	17000000	chr3	153000000	2	11	2	10	0.56436944	NA	10	0	2	10	0	0	2	1	1.14589471	10	1
chr2	18000000	chr3	37000000	8	11	8	11	0.997748077	NA	11	8	0	11	8	8	1	1	2.19652352	11	1
chr2	18000000	chr3	154000000	1	10	1	10	0.855910003	NA	10	1	0	10	1	1	1	1	1.61100145	10	1
chr2	18000000	chr3	38000000	4	11	4	11	0.991496205	NA	11	4	0	11	4	4	1	1	2.54474982	11	1
chr2	18000000	chr3	39000000	1	11	1	11	0.970734835	NA	11	1	0	11	1	1	1	1	2.38653056	11	1
chr2	18000000	chr3	35000000	5	11	5	11	0.99939537	NA	11	5	0	11	5	5	1	1	2.8094999	11	1
chr2	18000000	chr3	99000000	3	11	3	11	0.70201695	NA	11	3	0	11	3	3	1	1	0.837421353	11	1
chr2	18000000	chr3	36000000	2	11	2	11	0.992642581	NA	11	2	0	11	2	2	1	1	2.36846592	11	1
chr2	18000000	chr3	34000000	2	11	2	11	0.977958262	NA	11	2	0	11	2	2	1	1	2.20864539	11	1
chr2	18000000	chr3	132000000	2	11	2	10	0.25	NA	00	0	0	11	2	2	1	2	0.624297026	11	1
chr2	18000000	chr3	23000000	1	11	1	11	0.786019325	NA	11	1	0	11	1	1	1	1	1.51813987	11	1
chr2	18000000	chr3	24000000	1	11	1	11	0.920544684	NA	11	1	0	11	1	1	1	1	1.95122104	11	1
chr2	18000000	chr3	97000000	2	11	2	11	0.543878555	NA	11	2	0	11	2	2	1	1	1.0917362	11	1
chr2	19000000	chr3	41000000	2	11	2	11	0.89502126	NA	11	2	0	11	2	2	1	1	1.8234701	11	1
chr2	22000000	chr3	154000000	1	11	1	10	0.829147756	NA	10	0	1	10	0	0	2	1	2.85985358	10	1
chr2	22000000	chr3	157000000	15	11	15	10	0.999341309	NA	10	0	15	10	0	0	2	1	3.76652306	10	1
chr2	22000000	chr3	155000000	4	11	4	10	0.961504579	NA	10	0	4	10	0	0	2	1	2.8346309	10	1
chr2	23000000	chr3	157000000	8	11	8	10	0.996052504	NA	10	0	8	10	0	0	2	1	3.45929358	10	1
chr2	25000000	chr3	9000000	3	11	3	10	0.509977639	NA	10	0	3	10	0	0	2	1	0.289895304	10	1
chr2	27000000	chr3	34000000	7	11	6	11	0.995717227	NA	11	6	0	11	6	7	1	1	2.02675936	11	1
chr2	27000000	chr3	35000000	5	11	5	11	0.994135857	NA	11	5	0	11	5	5	1	1	2.54237413	11	1
chr2	27000000	chr3	100000000	6	11	6	11	0.644417167	NA	11	6	0	11	6	6	1	1	0.684476561	11	1
chr2	27000000	chr3	30000000	6	11	6	11	0.812334955	NA	11	6	0	11	6	6	1	1	1.34134968	11	1
chr2	27000000	chr3	31000000	8	11	7	11	0.973864853	NA	11	7	0	11	7	7	1	1	1.4983305	11	1
chr2	27000000	chr3	36000000	3	11	3	11	0.753421545	NA	11	3	0	11	3	3	1	1	2.08393383	11	1
chr2	28000000	chr3	31000000	2	11	2	11	0.782104373	NA	11	2	0	11	2	2	1	1	1.55990139	11	1
chr2	28000000	chr3	35000000	3	11	2	11	0.999382496	NA	11	2	0	11	2	3	1	1	2.70549753	11	1
chr2	28000000	chr3	8000000	3	11	3	11	0.79745543	NA	11	3	0	11	3	3	1	1	1.78561403	11	1
chr2	28000000	chr3	38000000	6	11	6	11	0.903950453	NA	11	6	0	11	6	6	1	1	2.45454449	11	1
chr2	28000000	chr3	34000000	2	11	2	11	0.984523296	NA	11	2	0	11	2	2	1	1	2.09992749	11	1
chr2	28000000	chr3	100000000	1	11	1	11	0.645498753	NA	11	1	0	11	1	1	1	1	0.650062069	11	1
chr2	28000000	chr3	9000000	1	11	1	11	0.902348995	NA	11	1	0	11	1	1	1	1	1.2623763	11	1
chr2	28000000	chr3	36000000	1	11	1	11	0.979990304	NA	11	1	0	11	1	1	1	1	2.3655533	11	1
chr2	29000000	chr3	35000000	2	11	2	11	0.963450432	NA	11	2	0	11	2	2	1	1	2.31734918	11	1
chr2	29000000	chr3	36000000	2	11	2	11	0.712852061	NA	11	2	0	11	2	2	1	1	1.9049074	11	1
chr2	29000000	chr3	8000000	1	11	1	11	0.576685965	NA	11	1	0	11	1	1	1	1	1.21939554	11	1
chr2	29000000	chr3	37000000	1	01	1	11	0.696632087	NA	11	0	0	11	0	0	3	1	1.73494295	11	1
chr2	30000000	chr3	96000000	1	11	1	11	0.840074956	NA	11	1	0	11	1	1	1	1	1.02219606	11	1
chr2	30000000	chr3	36000000	1	11	1	11	0.798667848	NA	11	1	0	11	1	1	1	1	1.74040527	11	1
chr2	30000000	chr3	37000000	1	11	1	11	0.690965354	NA	11	1	0	11	1	1	1	1	1.56303262	11	1
chr2	31000000	chr3	35000000	1	11	1	11	0.759147823	NA	11	1	0	11	1	1	1	1	2.54096236	11	1
chr2	31000000	chr3	96000000	1	11	1	11	0.850461721	NA	11	1	0	11	1	1	1	1	1.30186182	11	1
chr2	32000000	chr3	9000000	1	11	1	11	0.849085331	NA	11	1	0	11	1	1	1	1	0.927662707	11	1
chr2	35000000	chr3	152000000	3	11	3	10	0.575595081	NA	10	0	3	10	0	0	2	1	1.92842869	10	1
chr2	35000000	chr3	151000000	1	11	1	10	0.681776166	NA	10	0	1	10	0	0	2	1	3.27563389	10	1
chr2	35000000	chr3	95000000	1	11	1	10	0.638807237	NA	10	0	1	10	0	0	2	1	0.705534457	10	1
chr2	36000000	chr3	158000000	8	11	8	10	0.998489022	NA	10	0	8	10	0	0	2	1	4.30853468	10	1
chr2	36000000	chr3	155000000	4	11	4	10	0.955576301	NA	10	0	4	10	0	0	2	1	3.29383401	10	1
chr2	36000000	chr3	157000000	1	11	1	10	0.990802884	NA	10	0	1	10	0	0	2	1	3.99211992	10	1
chr2	37000000	chr3	158000000	1	11	1	10	0.955702841	NA	10	0	1	10	0	0	2	1	4.13423396	10	1
chr2	37000000	chr3	95000000	1	11	1	10	0.636276543	NA	10	0	1	10	0	0	2	1	0.633981871	10	1
chr2	37000000	chr3	100000000	2	11	2	11	0.644782245	NA	11	2	0	11	2	2	1	1	0.329483812	11	1
chr2	37000000	chr3	96000000	3	11	3	11	0.883926392	NA	11	3	0	11	3	3	1	1	0.780778412	11	1
chr2	38000000	chr3	36000000	1	11	1	11	0.925178289	NA	11	1	0	11	1	1	1	1	2.13751542	11	1
chr2	38000000	chr3	35000000	1	11	1	11	0.888186157	NA	11	1	0	11	1	1	1	1	2.53902062	11	1
chr2	38000000	chr3	100000000	1	11	1	11	0.786174178	NA	11	1	0	11	1	1	1	1	0.658365082	11	1
chr2	39000000	chr3	9000000	1	11	1	10	0.585577309	NA	10	0	1	10	0	0	2	1	0.508369302	10	1
chr2	42000000	chr3	9000000	1	11	1	10	0.491602272	NA	10	0	1	10	0	0	2	1	0.864999445	10	1
chr2	45000000	chr3	24000000	1	11	1	11	0.576655984	NA	11	1	0	11	1	1	1	1	0.645620006	11	1
chr2	53000000	chr3	130000000	2	11	2	10	0.360531509	NA	10	0	2	10	0	0	2	1	1.96279742	10	1
chr2	53000000	chr3	157000000	2	11	2	10	0.99995029	NA	10	0	2	10	0	0	2	1	4.31385405	10	1
chr2	53000000	chr3	155000000	1	11	1	10	0.997907639	NA	10	0	1	10	0	0	2	1	3.51879786	10	1
chr2	53000000	chr3	154000000	1	11	1	10	0.999922991	NA	10	0	1	10	0	0	2	1	3.38714468	10	1
chr2	58000000	chr3	151000000	11	11	11	10	0.999991417	NA	10	0	11	10	0	0	2	1	3.66838365	10	1
chr2	58000000	chr3	159000000	1	11	1	10	0.994739473	NA	10	0	1	10	0	0	2	1	3.62372361	10	1
chr2	58000000	chr3	152000000	1	11	1	10	0.917794943	NA	10	0	1	10	0	0	2	1	2.35322698	10	1
chr2	58000000	chr3	116000000	1	11	1	10	0.455212772	NA	10	0	1	10	0	0	2	1	2.22806809	10	1
chr2	58000000	chr3	158000000	3	11	3	10	0.999951601	NA	10	0	3	10	0	0	2	1	4.60802211	10	1
chr2	59000000	chr3	158000000	2	11	2	10	0.989622712	NA	10	0	2	10	0	0	2	1	4.56203885	10	1
chr2	59000000	chr3	116000000	2	11	2	10	0.508730292	NA	10	0	2	10	0	0	2	1	2.1969737	10	1
chr2	59000000	chr3	151000000	4	11	4	10	0.999647856	NA	10	0	4	10	0	0	2	1	3.71639567	10	1
chr2	59000000	chr3	152000000	2	11	2	10	0.965099156	NA	10	0	2	10	0	0	2	1	2.39555584	10	1
chr2	59000000	chr3	159000000	1	11	1	10	0.991088867	NA	10	0	1	10	0	0	2	1	3.59812551	10	1
chr2	59000000	chr3	95000000	1	11	1	10	0.462071627	NA	10	0	1	10	0	0	2	1	0.90800159	10	1
chr2	60000000	chr3	152000000	1	11	1	10	0.986604214	NA	10	0	1	10	0	0	2	1	2.81855561	10	1
chr2	60000000	chr3	116000000	2	11	2	10	0.451633453	NA	10	0	2	10	0	0	2	1	2.32147698	10	1
chr2	60000000	chr3	95000000	2	11	2	10	0.602756262	NA	10	0	2	10	0	0	2	1	1.12377499	10	1
chr2	60000000	chr3	151000000	1	11	1	10	0.997924089	NA	10	0	1	10	0	0	2	1	4.07212605	10	1
chr2	60000000	chr3	149000000	5	11	5	10	0.999826491	NA	10	0	5	10	0	0	2	1	3.90443023	10	1
chr2	60000000	chr3	148000000	8	11	7	10	0.999947906	NA	10	1	7	10	1	1	2	1	3.74561994	10	1
chr2	60000000	chr3	150000000	4	11	4	10	0.999967694	NA	10	0	4	10	0	0	2	1	4.43010341	10	1
chr2	60000000	chr3	147000000	3	11	3	10	0.998214483	NA	10	0	3	10	0	0	2	1	3.66718496	10	1
chr2	61000000	chr3	147000000	18	11	17	10	0.999999881	NA	10	1	17	10	1	1	2	1	4.02574276	10	1
chr2	61000000	chr3	148000000	9	11	9	10	0.999998689	NA	10	0	9	10	0	0	2	1	4.0101593	10	1
chr2	62000000	chr3	147000000	1	11	1	10	0.992694855	NA	10	0	1	10	0	0	2	1	3.89620374	10	1
chr2	64000000	chr3	148000000	2	11	2	10	0.997150242	NA	10	0	2	10	0	0	2	1	3.69421175	10	1
chr2	64000000	chr3	147000000	5	11	5	10	0.991717935	NA	10	0	5	10	0	0	2	1	3.68811978	10	1
chr2	66000000	chr3	150000000	6	11	6	10	0.999871016	NA	10	0	6	10	0	0	2	1	4.2471837	10	1
chr2	66000000	chr3	147000000	2	11	2	10	0.990603089	NA	10	0	2	10	0	0	2	1	3.5393538	10	1
chr2	66000000	chr3	149000000	2	11	2	10	0.985458851	NA	10	0	2	10	0	0	2	1	3.72990404	10	1
chr2	66000000	chr3	148000000	1	11	1	10	0.999035239	NA	10	0	1	10	0	0	2	1	3.55436956	10	1
chr2	69000000	chr3	96000000	1	11	1	11	0.471093208	NA	11	1	0	11	1	1	1	1	0.824836995	11	1
chr2	71000000	chr3	95000000	1	11	1	10	0.414438784	NA	10	0	1	10	0	0	2	1	0.802485817	10	1
chr2	72000000	chr3	95000000	1	11	1	10	0.392218739	NA	10	0	1	10	0	0	2	1	0.554733166	10	1
chr2	107000000	chr3	150000000	5	11	5	10	0.993123829	NA	10	0	5	10	0	0	2	1	4.00089674	10	1
chr2	108000000	chr3	116000000	2	11	2	10	0.25	NA	00	0	0	10	0	2	2	1	2.19421428	10	1
chr2	108000000	chr3	151000000	13	11	13	10	0.982649207	NA	10	0	13	10	0	0	2	1	3.82869433	10	1
chr2	108000000	chr3	150000000	1	11	1	10	0.99132216	NA	10	0	1	10	0	0	2	1	4.0522546	10	1
chr2	109000000	chr3	150000000	1	11	1	10	0.783175111	NA	10	0	1	10	0	0	2	1	3.93949514	10	1
chr2	152000000	chr3	135000000	1	11	1	10	0.505078018	NA	10	0	1	10	0	0	2	1	1.56064219	10	1
chr2	154000000	chr3	96000000	2	11	2	11	0.506997943	NA	11	2	0	11	2	2	1	1	0.630611429	11	1
chr2	6000000	chr4	152000000	2	10	2	10	0.995909929	NA	10	2	2	10	2	2	1	1	4.44295818	10	0
chr2	6000000	chr4	151000000	8	10	8	10	0.999825418	NA	10	8	8	10	8	8	1	1	3.55515068	10	0
chr2	6000000	chr4	150000000	1	10	1	10	0.890395284	NA	10	1	1	10	1	1	1	1	3.36681031	10	0
chr2	6000000	chr4	122000000	3	10	3	10	0.993987918	NA	10	3	3	10	3	3	1	1	5.25697307	10	0
chr2	7000000	chr4	151000000	5	10	5	10	0.999951959	NA	10	5	5	10	5	5	1	1	3.76772261	10	0
chr2	7000000	chr4	122000000	4	10	4	10	0.937642336	NA	10	4	4	10	4	4	1	1	5.31666797	10	0
chr2	7000000	chr4	152000000	1	10	1	10	0.979063332	NA	10	1	1	10	1	1	1	1	4.3670614	10	0
chr2	9000000	chr4	154000000	5	10	5	10	0.999998689	NA	10	5	5	10	5	5	1	1	5.18455734	10	0
chr2	9000000	chr4	151000000	3	10	3	10	0.995566547	NA	10	3	3	10	3	3	1	1	3.82354016	10	0
chr2	9000000	chr4	133000000	8	10	8	10	0.999977112	NA	10	8	8	10	8	8	1	1	4.6511051	10	0
chr2	9000000	chr4	132000000	10	10	10	10	0.998598397	NA	10	10	10	10	10	10	1	1	4.21958983	10	0
chr2	9000000	chr4	128000000	1	10	1	10	0.699069858	NA	10	1	1	10	1	1	1	1	2.48014302	10	0
chr2	9000000	chr4	136000000	4	10	4	10	0.999969482	NA	10	4	4	10	4	4	1	1	5.27361972	10	0
chr2	9000000	chr4	126000000	2	10	2	10	0.935485005	NA	10	2	2	10	2	2	1	1	4.11863088	10	0
chr2	9000000	chr4	137000000	1	10	1	10	0.997058749	NA	10	1	1	10	1	1	1	1	5.21918642	10	0
chr2	10000000	chr4	154000000	10	10	10	10	1	NA	10	10	10	10	10	10	1	1	5.29806817	10	0
chr2	10000000	chr4	133000000	5	10	5	10	0.999959588	NA	10	5	5	10	5	5	1	1	4.56195866	10	0
chr2	10000000	chr4	149000000	1	10	1	10	0.995258987	NA	10	1	1	10	1	1	1	1	4.0096016	10	0
chr2	10000000	chr4	117000000	4	10	4	10	0.983049273	NA	10	4	4	10	4	4	1	1	3.03478087	10	0
chr2	10000000	chr4	151000000	13	10	13	10	0.999994874	NA	10	13	13	10	13	13	1	1	3.79136008	10	0
chr2	11000000	chr4	117000000	9	10	9	10	0.992574573	NA	10	9	9	10	9	9	1	1	3.33099211	10	0
chr2	11000000	chr4	154000000	7	10	7	10	0.999999762	NA	10	7	7	10	7	7	1	1	5.16621051	10	0
chr2	11000000	chr4	155000000	3	10	3	10	0.999209285	NA	10	3	3	10	3	3	1	1	4.36884828	10	0
chr2	11000000	chr4	150000000	8	10	8	10	0.999909997	NA	10	8	8	10	8	8	1	1	3.8157937	10	0
chr2	11000000	chr4	151000000	1	10	1	10	0.998077035	NA	10	1	1	10	1	1	1	1	4.12081838	10	0
chr2	11000000	chr4	133000000	3	10	3	10	0.996929705	NA	10	3	3	10	3	3	1	1	4.53543258	10	0
chr2	11000000	chr4	132000000	1	10	1	10	0.967417836	NA	10	1	1	10	1	1	1	1	3.95888533	10	0
chr2	12000000	chr4	145000000	2	10	2	10	0.999454677	NA	10	2	2	10	2	2	1	1	5.06661659	10	0
chr2	12000000	chr4	144000000	1	10	1	10	0.987855017	NA	10	1	1	10	1	1	1	1	4.23227598	10	0
chr2	24000000	chr4	125000000	5	10	5	10	0.984105051	NA	10	5	5	10	5	5	1	1	2.84341284	10	0
chr2	24000000	chr4	126000000	1	10	1	10	0.925870895	NA	10	1	1	10	1	1	1	1	3.45864809	10	0
chr2	25000000	chr4	126000000	2	10	2	10	0.866509378	NA	10	2	2	10	2	2	1	1	4.36829755	10	0
chr2	25000000	chr4	149000000	3	10	3	10	0.991194487	NA	10	3	3	10	3	3	1	1	4.22332269	10	0
chr2	25000000	chr4	154000000	9	10	9	10	0.999456823	NA	10	9	9	10	9	9	1	1	4.8702806	10	0
chr2	25000000	chr4	140000000	3	10	3	10	0.934653759	NA	10	3	3	10	3	3	1	1	3.42085076	10	0
chr2	26000000	chr4	140000000	1	10	1	10	0.59622705	NA	10	1	1	10	1	1	1	1	2.89655031	10	0
chr2	26000000	chr4	149000000	2	10	2	10	0.968981862	NA	10	2	2	10	2	2	1	1	3.62514162	10	0
chr2	27000000	chr4	149000000	2	01	1	10	0.831445396	NA	10	1	1	10	1	2	4	1	2.9708017	10	0
chr2	29000000	chr4	149000000	1	10	1	10	0.942821085	NA	10	1	1	10	1	1	1	1	3.38744851	10	0
chr2	30000000	chr4	136000000	1	10	1	10	0.851587892	NA	10	1	1	10	1	1	1	1	3.86689681	10	0
chr2	31000000	chr4	154000000	1	10	1	10	0.998407781	NA	10	1	1	10	1	1	1	1	3.45077105	10	0
chr2	39000000	chr4	148000000	1	10	1	10	0.974854231	NA	10	1	1	10	1	1	1	1	4.27180745	10	0
chr2	39000000	chr4	154000000	1	10	1	10	0.999998212	NA	10	1	1	10	1	1	1	1	5.00990879	10	0
chr2	40000000	chr4	136000000	2	10	2	10	0.999533772	NA	10	2	2	10	2	2	1	1	5.04716913	10	0
chr2	40000000	chr4	126000000	2	10	2	10	0.999848127	NA	10	2	2	10	2	2	1	1	4.48428153	10	0
chr2	40000000	chr4	154000000	1	00	1	10	0.926898837	NA	10	0	0	10	0	0	3	1	5.09659087	10	0
chr2	40000000	chr4	123000000	1	10	1	10	0.995673239	NA	10	1	1	10	1	1	1	1	4.81382833	10	0
chr2	41000000	chr4	149000000	3	10	3	10	0.999985218	NA	10	3	3	10	3	3	1	1	4.33004506	10	0
chr2	41000000	chr4	124000000	1	10	1	10	0.999927998	NA	10	1	1	10	1	1	1	1	4.79900681	10	0
chr2	41000000	chr4	132000000	1	10	1	10	0.994191825	NA	10	1	1	10	1	1	1	1	4.22959817	10	0
chr2	41000000	chr4	133000000	1	10	1	10	0.999997377	NA	10	1	1	10	1	1	1	1	4.53861131	10	0
chr2	42000000	chr4	154000000	8	10	8	10	1	NA	10	8	8	10	8	8	1	1	5.38106927	10	0
chr2	42000000	chr4	133000000	2	10	2	10	0.999994516	NA	10	2	2	10	2	2	1	1	4.68797679	10	0
chr2	42000000	chr4	137000000	1	10	1	10	0.960318089	NA	10	1	1	10	1	1	1	1	5.22341488	10	0
chr2	42000000	chr4	136000000	1	10	1	10	0.999075174	NA	10	1	1	10	1	1	1	1	5.36450601	10	0
chr2	43000000	chr4	136000000	3	10	3	10	0.99999547	NA	10	3	3	10	3	3	1	1	5.43659755	10	0
chr2	43000000	chr4	133000000	1	10	1	10	0.999181569	NA	10	1	1	10	1	1	1	1	4.61304472	10	0
chr2	43000000	chr4	137000000	1	10	1	10	0.99998343	NA	10	1	1	10	1	1	1	1	5.24274723	10	0
chr2	45000000	chr4	144000000	1	10	1	10	0.994129896	NA	10	1	1	10	1	1	1	1	5.07172697	10	0
chr2	46000000	chr4	136000000	1	10	1	10	1	NA	10	1	1	10	1	1	1	1	5.54619651	10	0
chr2	46000000	chr4	125000000	1	10	1	10	0.889692664	NA	10	1	1	10	1	1	1	1	3.85949319	10	0
chr2	47000000	chr4	137000000	11	10	11	10	1	NA	10	11	11	10	11	11	1	1	5.35876954	10	0
chr2	47000000	chr4	136000000	14	10	14	10	1	NA	10	14	14	10	14	14	1	1	5.4970223	10	0
chr2	47000000	chr4	126000000	1	10	1	10	0.984126449	NA	10	1	1	10	1	1	1	1	4.53246803	10	0
chr2	47000000	chr4	147000000	1	10	1	10	0.999242902	NA	10	1	1	10	1	1	1	1	4.65564418	10	0
chr2	47000000	chr4	132000000	1	10	1	10	0.990680516	NA	10	1	1	10	1	1	1	1	4.45371202	10	0
chr2	47000000	chr4	144000000	4	10	4	10	0.999999762	NA	10	4	4	10	4	4	1	1	5.26043436	10	0
chr2	48000000	chr4	137000000	6	10	6	10	1	NA	10	6	6	10	6	6	1	1	5.25478816	10	0
chr2	48000000	chr4	154000000	1	10	1	10	0.999766171	NA	10	1	1	10	1	1	1	1	5.21237477	10	0
chr2	48000000	chr4	136000000	5	10	5	10	1	NA	10	5	5	10	5	5	1	1	5.56135138	10	0
chr2	48000000	chr4	145000000	9	10	9	10	1	NA	10	9	9	10	9	9	1	1	4.99078181	10	0
chr2	48000000	chr4	144000000	4	10	4	10	0.999999881	NA	10	4	4	10	4	4	1	1	4.9696782	10	0
chr2	48000000	chr4	100000000	2	10	2	10	0.816569328	NA	10	2	2	10	2	2	1	1	3.23224601	10	0
chr2	48000000	chr4	132000000	1	11	1	10	0.956710041	NA	10	0	0	10	0	0	2	1	4.44711414	10	0
chr2	49000000	chr4	110000000	9	10	9	10	0.889769673	NA	10	9	9	10	9	9	1	1	3.33480817	10	0
chr2	49000000	chr4	100000000	2	10	2	10	0.884355962	NA	10	2	2	10	2	2	1	1	2.88475514	10	0
chr2	49000000	chr4	129000000	1	10	1	10	0.947377086	NA	10	1	1	10	1	1	1	1	4.09338502	10	0
chr2	50000000	chr4	100000000	1	10	1	10	0.564591706	NA	10	1	1	10	1	1	1	1	2.67678122	10	0
chr2	50000000	chr4	110000000	2	10	2	10	0.769883811	NA	10	2	2	10	2	2	1	1	3.32634259	10	0
chr2	76000000	chr4	125000000	2	10	2	10	0.842154741	NA	10	2	2	10	2	2	1	1	3.18405289	10	0
chr2	76000000	chr4	126000000	2	10	2	10	0.742512465	NA	10	2	2	10	2	2	1	1	3.18450601	10	0
chr2	77000000	chr4	125000000	4	10	4	10	0.931488395	NA	10	4	4	10	4	4	1	1	3.00648684	10	0
chr2	77000000	chr4	126000000	1	10	1	10	0.680333197	NA	10	1	1	10	1	1	1	1	3.03586591	10	0
chr2	80000000	chr4	144000000	2	10	2	10	0.846149385	NA	10	2	2	10	2	2	1	1	3.78461708	10	0
chr2	80000000	chr4	137000000	1	10	1	10	0.668105841	NA	10	1	1	10	1	1	1	1	3.64914009	10	0
chr2	91000000	chr4	138000000	2	10	2	10	0.99102217	NA	10	2	2	10	2	2	1	1	3.38654572	10	0
chr2	91000000	chr4	142000000	5	10	5	10	0.998716593	NA	10	5	5	10	5	5	1	1	3.07708594	10	0
chr2	91000000	chr4	143000000	1	10	1	10	0.854934394	NA	10	1	1	10	1	1	1	1	2.79262876	10	0
chr2	92000000	chr4	142000000	10	10	10	10	0.999967098	NA	10	10	10	10	10	10	1	1	3.71890988	10	0
chr2	92000000	chr4	138000000	10	10	10	10	0.99998498	NA	10	10	10	10	10	10	1	1	4.05026154	10	0
chr2	92000000	chr4	143000000	1	10	1	10	0.886797369	NA	10	1	1	10	1	1	1	1	3.03123455	10	0
chr2	92000000	chr4	137000000	1	10	1	10	0.99739325	NA	10	1	1	10	1	1	1	1	3.8533577	10	0
chr2	93000000	chr4	138000000	1	10	1	10	0.841037631	NA	10	1	1	10	1	1	1	1	4.0347254	10	0
chr2	93000000	chr4	137000000	1	10	1	10	0.980124474	NA	10	1	1	10	1	1	1	1	4.07127249	10	0
chr2	93000000	chr4	125000000	1	10	1	10	0.591124833	NA	10	1	1	10	1	1	1	1	3.82075465	10	0
chr2	93000000	chr4	143000000	2	10	2	10	0.942686498	NA	10	2	2	10	2	2	1	1	3.2840953	10	0
chr2	94000000	chr4	144000000	6	10	6	10	0.999997258	NA	10	6	6	10	6	6	1	1	5.18187201	10	0
chr2	94000000	chr4	100000000	1	10	1	10	0.430766463	NA	10	1	1	10	1	1	1	1	3.21856789	10	0
chr2	94000000	chr4	143000000	2	10	2	10	0.997641087	NA	10	2	2	10	2	2	1	1	4.52776448	10	0
chr2	95000000	chr4	144000000	5	10	5	10	0.999873638	NA	10	5	5	10	5	5	1	1	4.8626357	10	0
chr2	95000000	chr4	143000000	5	10	5	10	0.999946237	NA	10	5	5	10	5	5	1	1	4.58656217	10	0
chr2	96000000	chr4	143000000	3	10	3	10	0.999913216	NA	10	3	3	10	3	3	1	1	5.4478879	10	0
chr2	96000000	chr4	144000000	4	10	4	10	0.997557402	NA	10	4	4	10	4	4	1	1	5.05343819	10	0
chr2	101000000	chr4	143000000	9	10	8	10	0.999057472	NA	10	8	8	10	8	8	1	1	5.07945372	10	0
chr2	102000000	chr4	143000000	2	10	2	10	0.99834168	NA	10	2	2	10	2	2	1	1	4.63671436	10	0
chr2	166000000	chr4	139000000	9	10	9	10	0.996031702	NA	10	9	9	10	9	9	1	1	3.76686893	10	0
chr2	166000000	chr4	140000000	4	10	4	10	0.956215203	NA	10	4	4	10	4	4	1	1	3.56575021	10	0
chr2	166000000	chr4	125000000	26	10	26	10	0.986080348	NA	10	26	26	10	26	26	1	1	3.77340889	10	0
chr2	166000000	chr4	126000000	1	10	1	10	0.584060729	NA	10	1	1	10	1	1	1	1	3.77155619	10	0
chr2	167000000	chr4	142000000	1	10	1	10	0.919055045	NA	10	1	1	10	1	1	1	1	3.10840476	10	0
chr2	21000000	chr6	37000000	1	00	1	01	0.345017076	NA	01	0	1	01	0	0	4	1	2.55275734	01	1
chr2	52000000	chr6	54000000	6	00	6	01	0.965808034	NA	01	0	6	01	0	0	4	1	3.09575176	01	1
chr2	53000000	chr6	96000000	1	00	1	01	0.68143779	NA	01	0	1	01	0	0	3	1	3.48346655	01	1
chr2	53000000	chr6	52000000	2	00	2	01	0.811926425	NA	01	0	2	01	0	0	3	1	2.66982545	01	1
chr2	53000000	chr6	53000000	1	00	1	01	0.598202944	NA	01	0	1	01	0	0	4	1	2.39251101	01	1
chr2	54000000	chr6	95000000	20	00	20	01	0.98725003	NA	01	0	20	01	0	0	3	1	2.81393714	01	1
chr2	54000000	chr6	51000000	10	00	10	01	0.972655356	NA	01	0	10	01	0	0	4	1	2.5643145	01	1
chr2	54000000	chr6	96000000	7	00	7	01	0.989371419	NA	01	0	7	01	0	0	3	1	2.81754004	01	1
chr2	54000000	chr6	52000000	1	00	1	01	0.687157393	NA	01	0	1	01	0	0	4	1	2.01949213	01	1
chr2	54000000	chr6	102000000	3	00	3	01	0.934170783	NA	01	0	3	01	0	0	4	1	2.69736133	01	1
chr2	54000000	chr6	103000000	11	00	11	01	0.983014226	NA	01	0	11	01	0	0	3	1	2.70898374	01	1
chr2	54000000	chr6	54000000	13	00	13	01	0.999292731	NA	01	0	13	01	0	0	4	1	3.24008447	01	1
chr2	54000000	chr6	139000000	2	00	2	01	0.692039549	NA	01	0	2	01	0	0	3	1	1.64670894	01	1
chr2	54000000	chr6	144000000	5	00	5	01	0.888040125	NA	01	0	5	01	0	0	3	1	2.13560786	01	1
chr2	55000000	chr6	95000000	3	00	3	01	0.869569659	NA	01	0	3	01	0	0	4	1	2.56320419	01	1
chr2	55000000	chr6	96000000	1	00	1	01	0.598280072	NA	01	0	1	01	0	0	4	1	2.49183893	01	1
chr2	55000000	chr6	102000000	2	00	2	01	0.778679132	NA	01	0	2	01	0	0	4	1	2.09472145	01	1
chr2	55000000	chr6	103000000	7	00	7	01	0.923583508	NA	01	0	7	01	0	0	4	1	2.24728676	01	1
chr2	55000000	chr6	54000000	6	00	6	01	0.998083353	NA	01	0	6	01	0	0	4	1	2.81967055	01	1
chr2	55000000	chr6	53000000	6	00	6	01	0.924727976	NA	01	0	6	01	0	0	4	1	1.20306546	01	1
chr2	55000000	chr6	52000000	2	00	2	01	0.803358078	NA	01	0	2	01	0	0	4	1	1.49905895	01	1
chr2	55000000	chr6	94000000	1	00	1	01	0.596405089	NA	01	0	1	01	0	0	4	1	2.0175019	01	1
chr2	56000000	chr6	53000000	1	00	1	01	0.618283629	NA	01	0	1	01	0	0	4	1	1.22732446	01	1
chr2	56000000	chr6	54000000	1	00	1	01	0.908053398	NA	01	0	1	01	0	0	4	1	2.88011177	01	1
chr2	63000000	chr6	53000000	5	00	5	01	0.937904954	NA	01	0	5	01	0	0	4	1	1.57524594	01	1
chr2	63000000	chr6	102000000	1	00	1	01	0.701177955	NA	01	0	1	01	0	0	4	1	2.39801027	01	1
chr2	63000000	chr6	54000000	5	00	5	01	0.997359335	NA	01	0	5	01	0	0	4	1	3.0580983	01	1
chr2	63000000	chr6	37000000	2	00	2	01	0.899763942	NA	01	0	2	01	0	0	3	1	1.89176744	01	1
chr2	63000000	chr6	52000000	1	00	1	01	0.779615402	NA	01	0	1	01	0	0	4	1	1.4216328	01	1
chr2	64000000	chr6	53000000	14	00	14	01	0.992025137	NA	01	0	14	01	0	0	4	1	1.89869157	01	1
chr2	64000000	chr6	102000000	6	00	6	01	0.906984508	NA	01	0	6	01	0	0	4	1	2.73131467	01	1
chr2	64000000	chr6	37000000	4	00	4	01	0.988674819	NA	01	0	4	01	0	0	3	1	2.48407064	01	1
chr2	64000000	chr6	38000000	4	00	4	01	0.958416462	NA	01	0	4	01	0	0	3	1	2.69466246	01	1
chr2	64000000	chr6	39000000	3	00	3	01	0.968845904	NA	01	0	3	01	0	0	3	1	2.770197	01	1
chr2	65000000	chr6	37000000	6	00	6	01	0.869357169	NA	01	0	6	01	0	0	4	1	1.94308902	01	1
chr2	77000000	chr6	145000000	1	00	1	01	0.545173049	NA	01	0	1	01	0	0	4	1	0.275427919	01	1
chr2	77000000	chr6	147000000	2	00	2	11	0.497090608	NA	11	0	0	11	0	2	4	1	0.604827628	11	1
chr2	77000000	chr6	146000000	1	00	1	01	0.53631717	NA	01	0	1	01	0	0	4	1	0.234906725	01	1
chr2	78000000	chr6	147000000	8	00	8	11	0.603144705	NA	11	0	0	11	0	8	4	1	0.402196315	11	1
chr2	78000000	chr6	142000000	1	00	1	01	0.421879321	NA	01	0	1	01	0	0	4	1	0.0808057266	01	1
chr2	79000000	chr6	140000000	1	00	1	01	0.528072655	NA	01	0	1	01	0	0	4	1	0.241737793	01	1
chr2	80000000	chr6	146000000	4	00	4	01	0.53028065	NA	01	0	4	01	0	0	4	1	0.258688268	01	1
chr2	108000000	chr6	147000000	2	00	2	11	0.321170837	NA	11	0	0	11	0	2	3	1	0.222625439	11	1
chr2	109000000	chr6	147000000	1	00	1	11	0.400848657	NA	11	0	0	11	0	1	4	1	0.852675697	11	1
chr2	133000000	chr6	147000000	2	00	2	11	0.536484003	NA	11	0	0	11	0	2	4	1	1.69898359	11	1
chr2	133000000	chr6	140000000	1	00	1	11	0.457669914	NA	11	0	0	11	0	1	4	1	0.958295175	11	1
chr2	133000000	chr6	95000000	1	00	1	01	0.392161101	NA	01	0	1	01	0	0	4	1	0.422769374	01	1
chr2	137000000	chr6	146000000	8	00	8	11	0.62250644	NA	11	0	0	11	0	8	4	1	0.543917081	11	1
chr2	137000000	chr6	147000000	3	00	3	11	0.84997052	NA	11	0	0	11	0	3	4	1	1.4422537	11	1
chr2	137000000	chr6	144000000	3	00	3	01	0.481972069	NA	01	0	3	01	0	0	4	1	0.169615985	01	1
chr2	137000000	chr6	139000000	4	00	4	11	0.600759268	NA	11	0	0	11	0	4	4	1	0.408339008	11	1
chr2	137000000	chr6	141000000	3	00	3	01	0.500440419	NA	01	0	3	11	0	0	4	2	0.0601421309	11	1
chr2	137000000	chr6	95000000	3	00	3	01	0.538326263	NA	01	0	3	01	0	0	4	1	0.647050953	01	1
chr2	138000000	chr6	147000000	1	00	1	11	0.81382066	NA	11	0	0	11	0	1	4	1	2.08153593	11	1
chr2	143000000	chr6	147000000	6	00	6	11	0.885668397	NA	11	0	0	11	0	6	4	1	1.56533166	11	1
chr2	144000000	chr6	140000000	4	00	4	11	0.8043589	NA	11	0	0	11	0	4	4	1	1.53760852	11	1
chr2	158000000	chr6	91000000	8	00	8	11	0.444718987	NA	11	0	0	01	0	8	4	2	0.210802185	01	1
chr2	158000000	chr6	92000000	3	00	3	11	0.483836502	NA	11	0	0	01	0	3	4	2	0.215720745	01	1
chr2	158000000	chr6	148000000	1	00	1	11	0.550085008	NA	11	0	0	11	0	1	4	1	0.170392655	11	1
chr2	158000000	chr6	70000000	13	00	12	01	0.944372535	NA	01	0	12	01	0	1	4	1	1.39209838	01	1
chr2	158000000	chr6	22000000	1	00	1	01	0.481597632	NA	01	0	1	01	0	0	4	1	1.44214362	01	1
chr2	158000000	chr6	126000000	10	00	10	11	0.975610793	NA	11	0	0	11	0	10	4	1	1.51807941	11	1
chr2	158000000	chr6	72000000	3	00	3	01	0.912533283	NA	01	0	3	01	0	0	4	1	2.26334646	01	1
chr2	158000000	chr6	120000000	11	00	11	01	0.670197964	NA	01	0	11	01	0	0	4	1	0.174799526	01	1
chr2	158000000	chr6	121000000	12	00	12	01	0.640433371	NA	01	0	12	01	0	0	4	1	0.295884846	01	1
chr2	158000000	chr6	128000000	7	00	7	01	0.663992047	NA	01	0	7	01	0	0	4	1	0.472211136	01	1
chr2	158000000	chr6	127000000	1	00	1	11	0.501339197	NA	11	0	0	11	0	1	4	1	0.757818393	11	1
chr2	158000000	chr6	118000000	1	00	1	01	0.469189852	NA	01	0	1	11	0	0	4	2	0.222479293	11	1
chr2	158000000	chr6	71000000	5	00	5	01	0.910428107	NA	01	0	5	01	0	0	4	1	1.93486742	01	1
chr2	159000000	chr6	70000000	10	00	10	01	0.955414057	NA	01	0	10	01	0	0	4	1	1.36293929	01	1
chr2	159000000	chr6	147000000	3	00	3	11	0.794630826	NA	11	0	0	11	0	3	4	1	1.1789017	11	1
chr2	159000000	chr6	126000000	13	00	13	11	0.980924487	NA	11	0	0	11	0	13	4	1	1.68279731	11	1
chr2	159000000	chr6	129000000	1	00	1	01	0.611015975	NA	01	0	1	01	0	0	4	1	0.885976991	01	1
chr2	159000000	chr6	125000000	1	00	1	11	0.965363562	NA	11	0	0	11	0	1	4	1	1.68072091	11	1
chr2	159000000	chr6	71000000	11	00	11	01	0.965367496	NA	01	0	11	01	0	0	4	1	1.5544959	01	1
chr2	160000000	chr6	126000000	9	00	9	11	0.981620848	NA	11	0	0	11	0	9	4	1	2.03168154	11	1
chr2	160000000	chr6	71000000	1	00	1	01	0.946787059	NA	01	0	1	01	0	0	4	1	1.53669825	01	1
chr2	160000000	chr6	70000000	12	00	12	01	0.903139234	NA	01	0	12	01	0	0	4	1	1.02331867	01	1
chr2	160000000	chr6	147000000	2	00	2	11	0.590203822	NA	11	0	0	11	0	2	4	1	1.10966271	11	1
chr2	160000000	chr6	128000000	1	00	1	01	0.550081015	NA	01	0	1	01	0	0	4	1	0.18524599	01	1
chr2	163000000	chr6	70000000	2	00	2	01	0.590094388	NA	01	0	2	01	0	0	4	1	0.551392202	01	1
chr2	163000000	chr6	149000000	7	00	7	11	0.952510953	NA	11	0	0	11	0	7	4	1	1.68720161	11	1
chr2	163000000	chr6	125000000	3	00	3	11	0.947936773	NA	11	0	0	11	0	3	4	1	2.49441497	11	1
chr2	164000000	chr6	146000000	10	00	8	11	0.652824044	NA	11	0	2	11	0	8	4	1	0.670476443	11	1
chr2	164000000	chr6	145000000	2	00	2	11	0.643952727	NA	11	0	0	11	0	2	4	1	0.730770177	11	1
chr2	164000000	chr6	140000000	1	00	1	11	0.715651274	NA	11	0	0	11	0	1	4	1	0.728365815	11	1
chr2	164000000	chr6	90000000	1	00	1	11	0.490609854	NA	11	0	0	11	0	1	4	1	0.63723785	11	1
chr2	164000000	chr6	125000000	1	00	1	11	0.845108032	NA	11	0	0	11	0	1	4	1	1.79908584	11	1
chr2	164000000	chr6	91000000	3	00	3	11	0.460606009	NA	11	0	0	11	0	3	4	1	0.241192556	11	1
chr2	167000000	chr6	91000000	5	00	5	01	0.396099508	NA	01	0	5	01	0	0	4	1	0.361037211	01	1
chr2	178000000	chr6	92000000	9	00	7	11	0.923846662	NA	11	0	2	11	0	7	4	1	0.914822764	11	1
chr2	178000000	chr6	145000000	1	00	1	11	0.879438341	NA	11	0	0	11	0	1	3	1	1.63118275	11	1
chr2	178000000	chr6	91000000	7	00	7	11	0.884731591	NA	11	0	0	11	0	7	3	1	0.954502712	11	1
chr2	178000000	chr6	93000000	4	00	4	11	0.752007782	NA	11	0	0	11	0	4	4	1	0.654553103	11	1
chr2	178000000	chr6	90000000	7	00	7	11	0.962558627	NA	11	0	0	11	0	7	4	1	1.35574006	11	1
chr2	178000000	chr6	140000000	1	00	1	11	0.8286466	NA	11	0	0	11	0	1	4	1	1.38699948	11	1
chr2	178000000	chr6	22000000	2	00	2	01	0.440053552	NA	01	0	2	01	0	0	4	1	1.2563324	01	1
chr2	178000000	chr6	148000000	2	00	2	11	0.538241029	NA	11	0	0	11	0	2	4	1	1.38345038	11	1
chr2	178000000	chr6	149000000	1	00	1	11	0.959525347	NA	11	0	0	11	0	1	4	1	1.96769577	11	1
chr2	178000000	chr6	135000000	2	00	2	11	0.705441296	NA	11	0	0	11	0	2	4	1	1.14264675	11	1
chr2	178000000	chr6	89000000	2	00	2	11	0.642495394	NA	11	0	0	11	0	2	4	1	1.07238358	11	1
chr2	179000000	chr6	149000000	7	00	7	11	0.991850197	NA	11	0	0	11	0	7	4	1	1.95531863	11	1
chr2	179000000	chr6	148000000	5	00	5	11	0.864325821	NA	11	0	0	11	0	5	4	1	1.34576113	11	1
chr2	179000000	chr6	125000000	7	00	7	11	0.929201782	NA	11	0	0	11	0	7	4	1	2.02717538	11	1
chr2	179000000	chr6	146000000	9	00	9	11	0.957022965	NA	11	0	0	11	0	9	4	1	1.34063836	11	1
chr2	179000000	chr6	135000000	5	00	5	11	0.842472911	NA	11	0	0	11	0	5	4	1	1.10145708	11	1
chr2	179000000	chr6	90000000	4	00	4	11	0.883580923	NA	11	0	0	11	0	4	4	1	1.28720531	11	1
chr2	179000000	chr6	126000000	3	00	3	11	0.784126818	NA	11	0	0	11	0	3	4	1	1.76493928	11	1
chr2	179000000	chr6	142000000	3	00	3	11	0.900931656	NA	11	0	0	11	0	3	4	1	1.31454602	11	1
chr2	179000000	chr6	140000000	1	00	1	11	0.879634976	NA	11	0	0	11	0	1	4	1	1.32390515	11	1
chr2	179000000	chr6	147000000	2	00	2	11	0.988272607	NA	11	0	0	11	0	2	4	1	2.1885084	11	1
chr2	180000000	chr6	125000000	7	00	7	11	0.878005743	NA	11	0	0	11	0	7	4	1	2.03301443	11	1
chr2	180000000	chr6	140000000	1	00	1	11	0.475247502	NA	11	0	0	11	0	1	4	1	0.752390252	11	1
chr2	181000000	chr6	140000000	5	00	5	01	0.533585548	NA	01	0	5	01	0	0	4	1	0.573230165	01	1
chr2	181000000	chr6	149000000	2	00	2	01	0.523201823	NA	01	0	2	01	0	0	4	1	0.488509758	01	1
chr2	181000000	chr6	92000000	3	00	3	01	0.918280065	NA	01	0	3	01	0	0	4	1	1.41762571	01	1
chr2	181000000	chr6	91000000	2	00	2	01	0.783982575	NA	01	0	2	01	0	0	4	1	1.42706934	01	1
chr2	181000000	chr6	21000000	3	00	3	01	0.811529636	NA	01	0	3	01	0	0	4	1	2.50629663	01	1
chr2	181000000	chr6	145000000	1	01	1	01	0.442754567	NA	01	1	0	01	1	1	1	1	0.902850377	01	1
chr2	181000000	chr6	22000000	1	00	1	01	0.786518753	NA	01	0	1	01	0	0	4	1	2.23847878	01	1
chr2	181000000	chr6	17000000	1	00	1	01	0.383433461	NA	01	0	1	01	0	0	4	1	0.95871329	01	1
chr2	13000000	chr7	135000000	7	11	7	11	0.999705136	NA	11	7	7	11	7	7	1	1	4.61886543	11	0
chr2	14000000	chr7	135000000	11	11	11	11	0.999998808	NA	11	11	11	11	11	11	1	1	5.6482391	11	0
chr2	14000000	chr7	130000000	1	11	1	11	0.989489973	NA	11	1	1	11	1	1	1	1	5.1819187	11	0
chr2	14000000	chr7	131000000	1	11	1	11	0.999887705	NA	11	1	1	11	1	1	1	1	5.45226189	11	0
chr2	15000000	chr7	131000000	1	11	1	11	0.999203026	NA	11	1	1	11	1	1	1	1	5.38214676	11	0
chr2	15000000	chr7	107000000	3	10	3	11	0.999998808	NA	11	0	0	11	0	0	3	1	6.08719286	11	0
chr2	15000000	chr7	130000000	2	11	2	11	0.91623193	NA	11	2	2	11	2	2	1	1	4.95673567	11	0
chr2	15000000	chr7	111000000	5	10	5	11	0.999999642	NA	11	0	0	11	0	0	3	1	6.27628208	11	0
chr2	16000000	chr7	111000000	6	10	6	11	0.999993086	NA	11	0	0	11	0	0	3	1	5.6115683	11	0
chr2	16000000	chr7	135000000	4	11	4	11	0.999824464	NA	11	4	4	11	4	4	1	1	4.88425347	11	0
chr2	16000000	chr7	131000000	3	11	3	11	0.999946594	NA	11	3	3	11	3	3	1	1	5.03074852	11	0
chr2	16000000	chr7	107000000	6	10	6	11	0.999993443	NA	11	0	0	11	0	0	3	1	5.50971517	11	0
chr2	16000000	chr7	129000000	3	11	3	11	0.996965826	NA	11	3	3	11	3	3	1	1	4.60701806	11	0
chr2	16000000	chr7	125000000	4	10	4	11	0.999842525	NA	11	0	0	11	0	0	3	1	5.0823193	11	0
chr2	16000000	chr7	108000000	4	10	4	11	0.999950409	NA	11	0	0	11	0	0	3	1	5.29879315	11	0
chr2	16000000	chr7	130000000	4	11	4	11	0.999351442	NA	11	4	4	11	4	4	1	1	4.6067082	11	0
chr2	17000000	chr7	111000000	12	10	11	11	0.999999404	NA	11	0	0	11	0	1	3	1	5.89527407	11	0
chr2	17000000	chr7	107000000	7	10	7	11	0.999995947	NA	11	0	0	11	0	0	3	1	5.71068813	11	0
chr2	17000000	chr7	130000000	1	11	1	11	0.958843172	NA	11	1	1	11	1	1	1	1	4.50781212	11	0
chr2	17000000	chr7	108000000	3	10	3	11	0.998904586	NA	11	0	0	11	0	0	3	1	5.38979654	11	0
chr2	17000000	chr7	131000000	1	11	1	11	0.995943964	NA	11	1	1	11	1	1	1	1	4.91478173	11	0
chr2	17000000	chr7	110000000	1	10	1	11	0.995039523	NA	11	0	0	11	0	0	3	1	5.81696885	11	0
chr2	17000000	chr7	119000000	1	10	1	11	0.992263317	NA	11	0	0	11	0	0	3	1	6.00296207	11	0
chr2	19000000	chr7	119000000	2	10	2	11	0.997312844	NA	11	0	0	11	0	0	3	1	6.10962641	11	0
chr2	20000000	chr7	112000000	8	10	8	11	0.999999166	NA	11	0	0	11	0	0	3	1	5.89439664	11	0
chr2	20000000	chr7	120000000	4	10	4	11	0.999992132	NA	11	0	0	11	0	0	3	1	5.31116668	11	0
chr2	20000000	chr7	111000000	2	10	2	11	0.999799192	NA	11	0	0	11	0	0	3	1	6.04699376	11	0
chr2	20000000	chr7	119000000	3	10	3	11	0.999998093	NA	11	0	0	11	0	0	3	1	6.45705023	11	0
chr2	21000000	chr7	110000000	1	10	1	11	0.992261469	NA	11	0	0	11	0	0	3	1	5.08403738	11	0
chr2	21000000	chr7	111000000	10	10	10	11	0.999999881	NA	11	0	0	11	0	0	3	1	5.16960295	11	0
chr2	22000000	chr7	106000000	2	10	2	11	0.999974847	NA	11	0	0	11	0	0	3	1	5.97645124	11	0
chr2	22000000	chr7	119000000	4	10	4	11	0.999992013	NA	11	0	0	11	0	0	3	1	6.36255783	11	0
chr2	22000000	chr7	103000000	1	10	1	11	0.988895893	NA	11	0	0	11	0	0	3	1	4.95347453	11	0
chr2	22000000	chr7	118000000	2	10	2	11	0.999830246	NA	11	0	0	11	0	0	3	1	5.77775254	11	0
chr2	23000000	chr7	119000000	2	10	2	11	0.999973536	NA	11	0	0	11	0	0	3	1	5.65058423	11	0
chr2	23000000	chr7	118000000	3	10	3	11	0.99908936	NA	11	0	0	11	0	0	3	1	5.30155368	11	0
chr2	23000000	chr7	106000000	4	10	4	11	0.999949694	NA	11	0	0	11	0	0	3	1	5.62590654	11	0
chr2	23000000	chr7	103000000	1	10	1	11	0.998825014	NA	11	0	0	11	0	0	3	1	4.59314369	11	0
chr2	49000000	chr7	118000000	6	11	6	11	0.940466464	NA	11	6	6	11	6	6	1	1	6.12692817	11	0
chr2	49000000	chr7	140000000	5	11	5	11	0.999421	NA	11	5	5	11	5	5	1	1	5.70345077	11	0
chr2	50000000	chr7	139000000	6	11	6	11	0.955851614	NA	11	6	6	11	6	6	1	1	5.11850513	11	0
chr2	50000000	chr7	135000000	4	11	4	11	0.999971747	NA	11	4	4	11	4	4	1	1	5.61235721	11	0
chr2	50000000	chr7	140000000	11	11	11	11	0.999996066	NA	11	11	11	11	11	11	1	1	5.28014908	11	0
chr2	50000000	chr7	118000000	1	11	1	11	0.946627975	NA	11	1	1	11	1	1	1	1	5.69384903	11	0
chr2	51000000	chr7	140000000	8	11	8	11	0.999994755	NA	11	8	8	11	8	8	1	1	5.29208885	11	0
chr2	51000000	chr7	135000000	19	11	19	11	1	NA	11	19	19	11	19	19	1	1	5.5124579	11	0
chr2	51000000	chr7	134000000	7	11	7	11	0.999998689	NA	11	7	7	11	7	7	1	1	5.5819688	11	0
chr2	51000000	chr7	133000000	3	11	3	11	0.99930346	NA	11	3	3	11	3	3	1	1	5.59215504	11	0
chr2	51000000	chr7	139000000	4	11	4	11	0.999959111	NA	11	4	4	11	4	4	1	1	5.15815995	11	0
chr2	51000000	chr7	136000000	3	11	2	11	0.995293558	NA	11	2	2	11	2	2	1	1	5.57702396	11	0
chr2	51000000	chr7	124000000	2	11	2	11	0.981641412	NA	11	2	2	11	2	2	1	1	5.48261161	11	0
chr2	51000000	chr7	128000000	2	11	2	11	0.997785807	NA	11	2	2	11	2	2	1	1	5.44786631	11	0
chr2	51000000	chr7	129000000	3	11	3	11	0.999976873	NA	11	3	3	11	3	3	1	1	5.40899488	11	0
chr2	51000000	chr7	119000000	2	10	1	11	0.872895002	NA	11	1	1	11	1	1	3	1	5.27270446	11	0
chr2	51000000	chr7	130000000	3	11	3	11	0.999782503	NA	11	3	3	11	3	3	1	1	5.31961783	11	0
chr2	52000000	chr7	130000000	9	11	8	11	0.999138474	NA	11	8	8	11	8	8	1	1	4.34039517	11	0
chr2	52000000	chr7	132000000	3	11	3	11	0.998808146	NA	11	3	3	11	3	3	1	1	4.41944863	11	0
chr2	52000000	chr7	135000000	1	11	1	11	0.99998188	NA	11	1	1	11	1	1	1	1	4.5610012	11	0
chr2	52000000	chr7	125000000	1	10	1	11	0.9674595	NA	11	0	0	11	0	0	3	1	4.51730215	11	0
chr2	4000000	chr8	11000000	5	00	5	00	0.754340708	NA	00	5	5	00	5	5	1	1	1.24498716	00	0
chr2	5000000	chr8	11000000	3	00	3	00	0.605854154	NA	00	3	3	00	3	3	1	1	0.479548913	00	0
chr2	60000000	chr8	45000000	2	11	2	11	0.74095273	NA	11	2	2	11	2	2	1	1	0.712691708	11	0
chr2	60000000	chr8	106000000	2	11	2	10	0.396161169	NA	10	0	0	10	0	0	2	1	1.18048431	10	0
chr2	60000000	chr8	43000000	1	11	1	11	0.971764207	NA	11	1	1	11	1	1	1	1	2.314711	11	0
chr2	61000000	chr8	44000000	2	11	2	11	0.980821013	NA	11	2	2	11	2	2	1	1	2.28074788	11	0
chr2	61000000	chr8	45000000	1	11	1	11	0.784099102	NA	11	1	1	11	1	1	1	1	0.901862692	11	0
chr2	62000000	chr8	43000000	11	11	11	11	0.99996376	NA	11	11	11	11	11	11	1	1	2.74148267	11	0
chr2	62000000	chr8	44000000	10	11	10	11	0.99806267	NA	11	10	10	11	10	10	1	1	2.39142194	11	0
chr2	63000000	chr8	44000000	11	11	11	11	0.998464108	NA	11	11	11	11	11	11	1	1	2.2241704	11	0
chr2	63000000	chr8	43000000	11	11	11	11	0.999594629	NA	11	11	11	11	11	11	1	1	2.74276739	11	0
chr2	63000000	chr8	37000000	1	11	1	11	0.954103947	NA	11	1	1	11	1	1	1	1	2.22559993	11	0
chr2	63000000	chr8	36000000	6	11	6	11	0.995251298	NA	11	6	6	11	6	6	1	1	2.43588589	11	0
chr2	64000000	chr8	43000000	1	11	1	11	0.994167447	NA	11	1	1	11	1	1	1	1	2.62785721	11	0
chr2	64000000	chr8	38000000	1	11	1	11	0.947404861	NA	11	1	1	11	1	1	1	1	2.14715139	11	0
chr2	64000000	chr8	36000000	3	11	3	11	0.995993972	NA	11	3	3	11	3	3	1	1	2.2225686	11	0
chr2	64000000	chr8	37000000	1	11	1	11	0.967736483	NA	11	1	1	11	1	1	1	1	1.94844486	11	0
chr2	65000000	chr8	36000000	12	11	9	11	0.999936461	NA	11	9	9	11	9	10	1	1	2.35229092	11	0
chr2	65000000	chr8	35000000	2	11	2	11	0.953656673	NA	11	2	2	11	2	2	1	1	1.67809561	11	0
chr2	66000000	chr8	36000000	4	11	4	11	0.986724317	NA	11	4	4	11	4	4	1	1	2.08169363	11	0
chr2	66000000	chr8	38000000	4	11	4	11	0.966186821	NA	11	4	4	11	4	4	1	1	1.97171008	11	0
chr2	66000000	chr8	39000000	2	11	2	11	0.486654907	NA	11	2	2	11	2	2	1	1	0.414125627	11	0
chr2	66000000	chr8	35000000	3	11	2	11	0.871929765	NA	11	2	2	11	2	2	1	1	1.42845894	11	0
chr2	105000000	chr8	36000000	12	11	12	11	0.988048077	NA	11	12	12	11	12	12	1	1	2.12339289	11	0
chr2	105000000	chr8	38000000	3	11	3	11	0.884127796	NA	11	3	3	11	3	3	1	1	2.31262194	11	0
chr2	105000000	chr8	3000000	4	11	4	11	0.487686336	NA	11	4	4	11	4	4	1	1	0.364116018	11	0
chr2	105000000	chr8	35000000	12	11	11	11	0.963732839	NA	11	11	11	11	11	11	1	1	1.64488818	11	0
chr2	105000000	chr8	37000000	1	11	1	11	0.804035366	NA	11	1	1	11	1	1	1	1	2.07643663	11	0
chr2	106000000	chr8	36000000	4	11	4	11	0.966448963	NA	11	4	4	11	4	4	1	1	2.11677306	11	0
chr2	119000000	chr8	22000000	1	11	1	11	0.79768461	NA	11	1	1	11	1	1	1	1	2.67446512	11	0
chr2	120000000	chr8	22000000	6	11	6	11	0.985443354	NA	11	6	6	11	6	6	1	1	2.70525755	11	0
chr2	120000000	chr8	86000000	2	11	2	11	0.601260483	NA	11	2	2	11	2	2	1	1	1.58130632	11	0
chr2	127000000	chr8	37000000	9	11	9	11	0.991440058	NA	11	9	9	11	9	9	1	1	2.32477428	11	0
chr2	127000000	chr8	36000000	2	11	2	11	0.912037015	NA	11	2	2	11	2	2	1	1	1.91045191	11	0
chr2	127000000	chr8	38000000	13	11	13	11	0.99434185	NA	11	13	13	11	13	13	1	1	2.65712693	11	0
chr2	127000000	chr8	35000000	2	11	2	11	0.571817935	NA	11	2	2	11	2	2	1	1	1.73820509	11	0
chr2	128000000	chr8	37000000	3	11	3	11	0.965821505	NA	11	3	3	11	3	3	1	1	2.40554985	11	0
chr2	128000000	chr8	38000000	2	11	2	11	0.979266584	NA	11	2	2	11	2	2	1	1	2.73729932	11	0
chr2	128000000	chr8	18000000	1	11	1	11	0.776161134	NA	11	1	1	11	1	1	1	1	1.91880991	11	0
chr2	128000000	chr8	22000000	3	11	3	11	0.995763421	NA	11	3	3	11	3	3	1	1	2.77077846	11	0
chr2	128000000	chr8	23000000	6	11	6	11	0.986703992	NA	11	6	6	11	6	6	1	1	2.35446736	11	0
chr2	129000000	chr8	87000000	2	11	2	11	0.624103069	NA	11	2	2	11	2	2	1	1	1.45520996	11	0
chr2	129000000	chr8	22000000	3	11	3	11	0.991722405	NA	11	3	3	11	3	3	1	1	3.27546081	11	0
chr2	129000000	chr8	86000000	3	11	3	11	0.871215045	NA	11	3	3	11	3	3	1	1	2.19498012	11	0
chr2	129000000	chr8	57000000	1	11	1	11	0.71230942	NA	11	1	1	11	1	1	1	1	3.15549862	11	0
chr2	130000000	chr8	87000000	1	11	1	10	0.453023553	NA	10	0	0	10	0	0	2	1	0.242083537	10	0
chr2	130000000	chr8	22000000	3	11	3	11	0.906586528	NA	11	3	3	11	3	3	1	1	1.79065383	11	0
chr2	141000000	chr8	38000000	3	11	3	11	0.770104468	NA	11	3	3	11	3	3	1	1	2.17474409	11	0
chr2	142000000	chr8	38000000	2	11	2	11	0.936453879	NA	11	2	2	11	2	2	1	1	2.58685719	11	0
chr2	142000000	chr8	53000000	1	11	1	11	0.513515651	NA	11	1	1	11	1	1	1	1	1.2186881	11	0
chr2	142000000	chr8	52000000	1	11	1	11	0.798567474	NA	11	1	1	11	1	1	1	1	1.71114375	11	0
chr2	142000000	chr8	54000000	3	11	3	11	0.627219021	NA	11	3	3	11	3	3	1	1	0.960071979	11	0
chr2	142000000	chr8	37000000	3	11	3	11	0.968058825	NA	11	3	3	11	3	3	1	1	2.26211062	11	0
chr2	143000000	chr8	37000000	2	11	2	11	0.881522179	NA	11	2	2	11	2	2	1	1	2.34306037	11	0
chr2	143000000	chr8	56000000	4	11	4	11	0.832665265	NA	11	4	4	11	4	4	1	1	1.69385618	11	0
chr2	150000000	chr8	38000000	2	11	2	11	0.954087913	NA	11	2	2	11	2	2	1	1	2.29144412	11	0
chr2	150000000	chr8	36000000	1	11	1	11	0.811682165	NA	11	1	1	11	1	1	1	1	1.67236675	11	0
chr2	150000000	chr8	3000000	1	11	1	11	0.470126271	NA	11	1	1	11	1	1	1	1	0.717968874	11	0
chr2	150000000	chr8	35000000	1	11	1	11	0.790245652	NA	11	1	1	11	1	1	1	1	1.5853613	11	0
chr2	150000000	chr8	23000000	8	11	8	11	0.766743183	NA	11	8	8	11	8	8	1	1	1.50249729	11	0
chr2	150000000	chr8	22000000	1	11	1	11	0.709430397	NA	11	1	1	11	1	1	1	1	1.66270294	11	0
chr2	150000000	chr8	86000000	2	11	2	11	0.906508565	NA	11	2	2	11	2	2	1	1	2.01286386	11	0
chr2	150000000	chr8	26000000	1	11	1	11	0.538091063	NA	11	1	1	11	1	1	1	1	1.12719157	11	0
chr2	151000000	chr8	22000000	1	11	1	11	0.650388062	NA	11	1	1	11	1	1	1	1	2.08783598	11	0
chr2	151000000	chr8	85000000	14	11	14	11	0.999961376	NA	11	14	14	11	14	14	1	1	4.04890737	11	0
chr2	151000000	chr8	86000000	16	11	14	11	0.994777799	NA	11	14	14	11	14	14	1	1	2.41796249	11	0
chr2	151000000	chr8	26000000	1	11	1	11	0.757337511	NA	11	1	1	11	1	1	1	1	1.34365026	11	0
chr2	151000000	chr8	23000000	1	11	1	11	0.667304993	NA	11	1	1	11	1	1	1	1	1.78519034	11	0
chr2	151000000	chr8	84000000	2	11	2	11	0.96752578	NA	11	2	2	11	2	2	1	1	3.58189023	11	0
chr2	152000000	chr8	84000000	1	11	1	11	0.920743048	NA	11	1	1	11	1	1	1	1	3.43852874	11	0
chr2	152000000	chr8	85000000	1	11	1	11	0.997786045	NA	11	1	1	11	1	1	1	1	3.91225138	11	0
chr2	152000000	chr8	86000000	1	11	1	11	0.966575921	NA	11	1	1	11	1	1	1	1	2.09509804	11	0
chr2	152000000	chr8	36000000	3	11	3	11	0.98061794	NA	11	3	3	11	3	3	1	1	1.89174104	11	0
chr2	152000000	chr8	35000000	1	11	1	11	0.846385479	NA	11	1	1	11	1	1	1	1	1.80173014	11	0
chr2	152000000	chr8	46000000	1	11	1	11	0.584255278	NA	11	1	1	11	1	1	1	1	0.445940868	11	0
chr2	153000000	chr8	85000000	2	11	2	11	0.830230534	NA	11	2	2	11	2	2	1	1	3.95941955	11	0
chr2	153000000	chr8	86000000	6	11	6	11	0.987952769	NA	11	6	6	11	6	6	1	1	2.59362261	11	0
chr2	153000000	chr8	25000000	4	11	4	11	0.531553924	NA	11	4	4	11	4	4	1	1	1.54187752	11	0
chr2	153000000	chr8	23000000	1	11	1	11	0.80223012	NA	11	1	1	11	1	1	1	1	2.36906487	11	0
chr2	161000000	chr8	23000000	4	11	4	11	0.913732171	NA	11	4	4	11	4	4	1	1	1.87849484	11	0
chr2	161000000	chr8	22000000	3	11	3	11	0.787360966	NA	11	3	3	11	3	3	1	1	2.41463996	11	0
chr2	161000000	chr8	86000000	5	11	5	11	0.978928566	NA	11	5	5	11	5	5	1	1	2.45026222	11	0
chr2	162000000	chr8	23000000	2	11	2	11	0.953149855	NA	11	2	2	11	2	2	1	1	1.98062678	11	0
chr2	162000000	chr8	86000000	7	11	7	11	0.978175402	NA	11	7	7	11	7	7	1	1	2.34722331	11	0
chr2	162000000	chr8	22000000	1	11	1	11	0.793807745	NA	11	1	1	11	1	1	1	1	2.51206688	11	0
chr2	169000000	chr8	22000000	1	11	1	11	0.926870465	NA	11	1	1	11	1	1	1	1	3.85423366	11	0
chr2	169000000	chr8	73000000	2	01	1	11	0.50615567	NA	11	1	1	11	1	1	3	1	2.79434178	11	0
chr2	169000000	chr8	11000000	28	11	27	11	0.999938369	NA	11	27	27	11	27	27	1	1	3.80859079	11	0
chr2	169000000	chr8	10000000	4	11	4	11	0.999663353	NA	11	4	4	11	4	4	1	1	4.65412485	11	0
chr2	169000000	chr8	12000000	8	11	8	11	0.999593794	NA	11	8	8	11	8	8	1	1	3.77427496	11	0
chr2	169000000	chr8	61000000	6	11	6	11	0.959260702	NA	11	6	6	11	6	6	1	1	2.48430964	11	0
chr2	169000000	chr8	57000000	2	11	2	11	0.997749746	NA	11	2	2	11	2	2	1	1	3.81460294	11	0
chr2	170000000	chr8	87000000	5	11	5	11	0.912951946	NA	11	5	5	11	5	5	1	1	2.28644845	11	0
chr2	170000000	chr8	11000000	3	11	3	11	0.970912576	NA	11	3	3	11	3	3	1	1	3.73507034	11	0
chr2	170000000	chr8	22000000	9	11	9	11	0.999865055	NA	11	9	9	11	9	9	1	1	3.87796068	11	0
chr2	170000000	chr8	51000000	4	11	4	11	0.998013258	NA	11	4	4	11	4	4	1	1	3.41884757	11	0
chr2	170000000	chr8	57000000	11	11	11	11	0.999982834	NA	11	11	11	11	11	11	1	1	3.72381383	11	0
chr2	170000000	chr8	56000000	15	11	15	11	0.997825503	NA	11	15	15	11	15	15	1	1	3.37070144	11	0
chr2	170000000	chr8	52000000	7	11	7	11	0.99807322	NA	11	7	7	11	7	7	1	1	3.49621974	11	0
chr2	170000000	chr8	50000000	1	11	1	11	0.751617908	NA	11	1	1	11	1	1	1	1	2.24885936	11	0
chr2	171000000	chr8	51000000	6	11	6	11	0.996368051	NA	11	6	6	11	6	6	1	1	3.05174085	11	0
chr2	171000000	chr8	57000000	1	11	1	11	0.999215126	NA	11	1	1	11	1	1	1	1	3.33043614	11	0
chr2	171000000	chr8	53000000	4	11	4	11	0.988320887	NA	11	4	4	11	4	4	1	1	2.83049962	11	0
chr2	171000000	chr8	52000000	9	11	9	11	0.999894023	NA	11	9	9	11	9	9	1	1	3.29296189	11	0
chr2	171000000	chr8	56000000	2	11	2	11	0.998235345	NA	11	2	2	11	2	2	1	1	2.76594162	11	0
chr2	172000000	chr8	52000000	4	11	4	11	0.997820973	NA	11	4	4	11	4	4	1	1	2.98487141	11	0
chr2	172000000	chr8	53000000	1	11	1	11	0.953639388	NA	11	1	1	11	1	1	1	1	2.47284646	11	0
chr2	172000000	chr8	51000000	1	11	1	11	0.864864528	NA	11	1	1	11	1	1	1	1	2.75203091	11	0
chr2	181000000	chr8	52000000	7	11	7	11	0.998464465	NA	11	7	7	11	7	7	1	1	3.32820749	11	0
chr2	181000000	chr8	51000000	3	11	3	11	0.998194277	NA	11	3	3	11	3	3	1	1	3.36182401	11	0
chr2	181000000	chr8	50000000	3	11	3	11	0.826909781	NA	11	3	3	11	3	3	1	1	1.8534311	11	0
chr2	9000000	chr9	7000000	5	01	5	01	0.999314308	NA	01	5	0	01	5	5	1	1	6.18448774	01	1
chr2	9000000	chr9	30000000	2	01	2	01	0.997835219	NA	01	2	0	01	2	2	1	1	5.79349607	01	1
chr2	9000000	chr9	9000000	3	01	3	01	0.994206548	NA	01	3	0	01	3	3	1	1	5.31799027	01	1
chr2	9000000	chr9	31000000	11	01	11	01	0.999967694	NA	01	11	0	01	11	11	1	1	5.54776196	01	1
chr2	10000000	chr9	28000000	3	01	3	01	0.999652505	NA	01	3	0	01	3	3	1	1	5.88718699	01	1
chr2	10000000	chr9	9000000	1	01	1	01	0.993492782	NA	01	1	0	01	1	1	1	1	5.8582567	01	1
chr2	10000000	chr9	29000000	2	01	2	01	0.998041511	NA	01	2	0	01	2	2	1	1	5.95648515	01	1
chr2	11000000	chr9	28000000	18	01	18	01	1	NA	01	18	0	01	18	18	1	1	6.08919034	01	1
chr2	11000000	chr9	39000000	2	01	2	01	0.940446436	NA	01	2	0	01	2	2	1	1	4.82206646	01	1
chr2	11000000	chr9	29000000	12	01	11	01	1	NA	01	11	1	01	11	11	1	1	6.10646667	01	1
chr2	11000000	chr9	59000000	2	01	2	01	0.991392493	NA	01	2	0	01	2	2	1	1	5.29979867	01	1
chr2	11000000	chr9	38000000	1	01	1	01	0.999762952	NA	01	1	0	01	1	1	1	1	5.54309832	01	1
chr2	14000000	chr9	4000000	5	00	5	01	0.998068154	NA	01	0	5	01	0	0	4	1	5.58788213	01	1
chr2	14000000	chr9	7000000	2	00	2	01	0.981334031	NA	01	0	2	01	0	0	4	1	5.80351168	01	1
chr2	14000000	chr9	5000000	2	00	2	01	0.978924334	NA	01	0	2	01	0	0	4	1	5.48126451	01	1
chr2	15000000	chr9	4000000	3	00	2	01	0.992716491	NA	01	1	2	01	1	1	3	1	5.35318206	01	1
chr2	15000000	chr9	5000000	1	01	1	01	0.889205098	NA	01	1	0	01	1	1	1	1	5.10965992	01	1
chr2	17000000	chr9	59000000	1	01	1	01	0.971390843	NA	01	1	0	01	1	1	1	1	5.66580178	01	1
chr2	18000000	chr9	59000000	2	01	2	01	0.963495612	NA	01	2	0	01	2	2	1	1	6.36958361	01	1
chr2	18000000	chr9	34000000	5	01	5	01	0.999999881	NA	01	5	0	01	5	5	1	1	6.77546597	01	1
chr2	18000000	chr9	29000000	7	01	7	01	1	NA	01	7	0	01	7	7	1	1	6.61080054	01	1
chr2	18000000	chr9	33000000	3	01	3	01	0.999850869	NA	01	3	0	01	3	3	1	1	6.73785791	01	1
chr2	18000000	chr9	39000000	1	01	1	01	0.998067796	NA	01	1	0	01	1	1	1	1	6.2329554	01	1
chr2	18000000	chr9	37000000	4	01	4	01	1	NA	01	4	0	01	4	4	1	1	6.62854655	01	1
chr2	18000000	chr9	38000000	1	01	1	01	0.999962449	NA	01	1	0	01	1	1	1	1	6.53725264	01	1
chr2	18000000	chr9	28000000	10	01	10	01	1	NA	01	10	0	01	10	10	1	1	6.84807306	01	1
chr2	18000000	chr9	9000000	1	01	1	01	0.999673605	NA	01	1	0	01	1	1	1	1	6.8778325	01	1
chr2	19000000	chr9	37000000	2	01	2	01	0.999532461	NA	01	2	0	01	2	2	1	1	6.11976876	01	1
chr2	19000000	chr9	28000000	1	01	1	01	0.976558924	NA	01	1	0	01	1	1	1	1	6.09069301	01	1
chr2	19000000	chr9	94000000	3	01	3	01	0.994357526	NA	01	3	0	01	3	3	1	1	5.28072115	01	1
chr2	19000000	chr9	65000000	3	01	3	01	0.937041461	NA	01	3	0	01	3	3	1	1	5.95193924	01	1
chr2	19000000	chr9	61000000	1	01	1	01	0.996123493	NA	01	1	0	01	1	1	1	1	5.74319577	01	1
chr2	19000000	chr9	90000000	3	01	3	01	0.972781956	NA	01	3	0	01	3	3	1	1	5.43598054	01	1
chr2	20000000	chr9	90000000	2	01	2	01	0.918570518	NA	01	2	0	01	2	2	1	1	5.71069318	01	1
chr2	20000000	chr9	10000000	2	01	2	01	0.99956423	NA	01	2	0	01	2	2	1	1	6.43763881	01	1
chr2	20000000	chr9	94000000	3	01	3	01	0.999712408	NA	01	3	0	01	3	3	1	1	5.74468661	01	1
chr2	20000000	chr9	56000000	1	01	1	01	0.983828783	NA	01	1	0	01	1	1	1	1	5.52693542	01	1
chr2	20000000	chr9	37000000	1	01	1	01	0.999495387	NA	01	1	0	01	1	1	1	1	6.29847384	01	1
chr2	20000000	chr9	61000000	1	01	1	01	0.99457705	NA	01	1	0	01	1	1	1	1	5.91324196	01	1
chr2	20000000	chr9	95000000	4	01	4	01	0.999613702	NA	01	4	0	01	4	4	1	1	5.66931863	01	1
chr2	20000000	chr9	65000000	3	01	3	01	0.999308228	NA	01	3	0	01	3	3	1	1	6.39074294	01	1
chr2	21000000	chr9	94000000	25	01	25	01	0.999999046	NA	01	25	0	01	25	25	1	1	5.35922166	01	1
chr2	21000000	chr9	90000000	4	01	4	01	0.994811773	NA	01	4	0	01	4	4	1	1	4.7025312	01	1
chr2	21000000	chr9	95000000	9	01	9	01	0.999930143	NA	01	9	0	01	9	9	1	1	5.24221425	01	1
chr2	21000000	chr9	91000000	2	00	1	01	0.89658761	NA	01	1	1	01	1	1	2	1	4.39160649	01	1
chr2	21000000	chr9	93000000	2	01	2	01	0.997120023	NA	01	2	0	01	2	2	1	1	5.09350394	01	1
chr2	22000000	chr9	92000000	4	01	4	01	0.998986781	NA	01	4	0	01	4	4	1	1	5.86608353	01	1
chr2	22000000	chr9	94000000	12	01	12	01	0.999999881	NA	01	12	0	01	12	12	1	1	6.06379319	01	1
chr2	22000000	chr9	90000000	10	01	10	01	0.999921441	NA	01	10	0	01	10	10	1	1	5.57142773	01	1
chr2	22000000	chr9	95000000	3	01	3	01	0.999080658	NA	01	3	0	01	3	3	1	1	5.95699373	01	1
chr2	22000000	chr9	93000000	1	01	1	01	0.996925175	NA	01	1	0	01	1	1	1	1	5.42189375	01	1
chr2	22000000	chr9	10000000	3	01	3	01	0.996720254	NA	01	3	0	01	3	3	1	1	6.18212427	01	1
chr2	23000000	chr9	61000000	1	01	1	01	0.955499887	NA	01	1	0	01	1	1	1	1	4.93621267	01	1
chr2	27000000	chr9	4000000	4	00	4	01	0.986242175	NA	01	0	4	01	0	0	3	1	5.74823128	01	1
chr2	28000000	chr9	5000000	1	00	1	01	0.934627056	NA	01	0	1	01	0	0	3	1	5.62505853	01	1
chr2	28000000	chr9	4000000	5	00	5	01	0.998903751	NA	01	0	5	01	0	0	3	1	5.86004012	01	1
chr2	30000000	chr9	58000000	6	01	6	01	0.994061291	NA	01	6	0	01	6	6	1	1	5.07540818	01	1
chr2	30000000	chr9	59000000	1	01	1	01	0.923616052	NA	01	1	0	01	1	1	1	1	5.24056788	01	1
chr2	31000000	chr9	58000000	1	01	1	01	0.999989629	NA	01	1	0	01	1	1	1	1	5.47507826	01	1
chr2	33000000	chr9	58000000	6	01	6	01	0.999876261	NA	01	6	0	01	6	6	1	1	4.79514869	01	1
chr2	33000000	chr9	59000000	1	01	1	01	0.999925494	NA	01	1	0	01	1	1	1	1	4.90961175	01	1
chr2	34000000	chr9	60000000	2	01	2	01	0.999561965	NA	01	2	0	01	2	2	1	1	4.93990438	01	1
chr2	34000000	chr9	58000000	3	01	3	01	0.99848491	NA	01	3	0	01	3	3	1	1	4.87178944	01	1
chr2	34000000	chr9	59000000	5	01	5	01	0.99940443	NA	01	5	0	01	5	5	1	1	5.03322572	01	1
chr2	38000000	chr9	60000000	1	01	1	01	0.998398721	NA	01	1	0	01	1	1	1	1	5.13072793	01	1
chr2	38000000	chr9	9000000	3	01	3	01	0.99967432	NA	01	3	0	01	3	3	1	1	5.5288043	01	1
chr2	44000000	chr9	8000000	4	00	4	01	0.999996543	NA	01	0	4	01	0	0	3	1	5.894503	01	1
chr2	44000000	chr9	4000000	1	00	1	01	0.999994278	NA	01	0	1	01	0	0	3	1	5.39825809	01	1
chr2	44000000	chr9	9000000	5	00	5	01	0.999991417	NA	01	0	5	01	0	0	3	1	5.9900447	01	1
chr2	45000000	chr9	9000000	2	00	2	01	0.999990225	NA	01	0	2	01	0	0	3	1	6.07114985	01	1
chr2	59000000	chr9	21000000	2	00	2	11	0.25	NA	00	2	2	01	0	2	2	3	4.56172572	01	1
chr2	64000000	chr9	94000000	3	01	3	01	0.633475125	NA	01	3	0	01	3	3	1	1	5.00448075	01	1
chr2	64000000	chr9	93000000	7	01	7	01	0.938344538	NA	01	7	0	01	7	7	1	1	4.8778589	01	1
chr2	67000000	chr9	65000000	1	01	1	01	0.614647627	NA	01	1	0	01	1	1	1	1	4.61798299	01	1
chr2	67000000	chr9	60000000	1	01	1	01	0.493252188	NA	01	1	0	01	1	1	1	1	4.51741488	01	1
chr2	74000000	chr9	60000000	1	01	1	01	0.568192244	NA	01	1	0	01	1	1	1	1	4.11479914	01	1
chr2	94000000	chr9	9000000	2	00	2	01	0.989817917	NA	01	0	2	01	0	0	3	1	4.9106253	01	1
chr2	95000000	chr9	9000000	2	00	2	01	0.942927361	NA	01	0	2	01	0	0	3	1	4.47448418	01	1
chr2	96000000	chr9	9000000	2	00	2	01	0.89939177	NA	01	0	2	01	0	0	3	1	4.43237132	01	1
chr2	96000000	chr9	69000000	1	10	1	01	0.883406281	NA	01	0	0	01	0	1	3	1	5.20576552	01	1
chr2	96000000	chr9	10000000	4	00	4	01	0.999670744	NA	01	0	4	01	0	0	3	1	5.15016799	01	1
chr2	96000000	chr9	68000000	2	00	2	01	0.953302383	NA	01	0	2	01	0	0	4	1	5.2331549	01	1
chr2	96000000	chr9	28000000	3	00	3	01	0.979073524	NA	01	0	3	01	0	0	4	1	4.33187098	01	1
chr2	96000000	chr9	27000000	1	00	1	01	0.985577285	NA	01	0	1	01	0	0	4	1	4.97437689	01	1
chr2	97000000	chr9	69000000	3	00	3	01	0.994031489	NA	01	0	3	01	0	0	4	1	5.53817947	01	1
chr2	97000000	chr9	28000000	1	00	1	01	0.996841788	NA	01	0	1	01	0	0	4	1	4.64400732	01	1
chr2	97000000	chr9	68000000	1	00	1	01	0.998328149	NA	01	0	1	01	0	0	4	1	5.51478375	01	1
chr2	97000000	chr9	27000000	1	00	1	01	0.973035514	NA	01	0	1	01	0	0	4	1	5.17248495	01	1
chr2	98000000	chr9	10000000	2	00	2	01	0.997217894	NA	01	0	2	01	0	0	3	1	4.46743055	01	1
chr2	100000000	chr9	69000000	3	00	3	01	0.999610841	NA	01	0	3	01	0	0	4	1	5.60420382	01	1
chr2	100000000	chr9	68000000	2	00	2	01	0.999778807	NA	01	0	2	01	0	0	3	1	5.5454263	01	1
chr2	101000000	chr9	69000000	8	00	8	01	0.998654008	NA	01	0	8	01	0	0	4	1	5.34952426	01	1
chr2	101000000	chr9	68000000	6	00	6	01	0.999841571	NA	01	0	6	01	0	0	4	1	5.26602372	01	1
chr2	102000000	chr9	64000000	2	00	2	01	0.859999299	NA	01	0	2	01	0	0	4	1	3.91740859	01	1
chr2	103000000	chr9	66000000	2	01	2	01	0.918653667	NA	01	2	0	01	2	2	1	1	3.74661352	01	1
chr2	103000000	chr9	64000000	6	00	6	01	0.996063292	NA	01	0	6	01	0	0	4	1	3.91908298	01	1
chr2	103000000	chr9	65000000	10	00	10	01	0.998645842	NA	01	0	10	01	0	0	4	1	4.03762185	01	1
chr2	103000000	chr9	21000000	6	00	6	01	0.995194018	NA	01	0	6	01	0	0	3	1	3.43284611	01	1
chr2	104000000	chr9	22000000	14	00	14	01	0.999856591	NA	01	0	14	01	0	0	3	1	4.90707437	01	1
chr2	104000000	chr9	65000000	4	00	4	01	0.98185879	NA	01	0	4	01	0	0	3	1	5.07519033	01	1
chr2	104000000	chr9	21000000	5	00	5	01	0.997577012	NA	01	0	5	01	0	0	3	1	4.33400439	01	1
chr2	104000000	chr9	8000000	3	00	3	01	0.977346599	NA	01	0	3	01	0	0	3	1	4.92041849	01	1
chr2	113000000	chr9	9000000	6	00	6	01	0.999857545	NA	01	0	6	01	0	0	3	1	5.03126548	01	1
chr2	114000000	chr9	9000000	3	00	3	01	0.99953413	NA	01	0	3	01	0	0	3	1	4.03164473	01	1
chr2	114000000	chr9	10000000	1	00	1	01	0.985108197	NA	01	0	1	01	0	0	3	1	4.45431083	01	1
chr2	115000000	chr9	10000000	3	00	2	01	0.974819899	NA	01	1	2	01	1	1	3	1	4.86814162	01	1
chr2	116000000	chr9	10000000	2	00	2	01	0.999370277	NA	01	0	2	01	0	0	3	1	5.2005819	01	1
chr2	118000000	chr9	9000000	4	00	4	01	0.996960163	NA	01	0	4	01	0	0	3	1	4.40369606	01	1
chr2	118000000	chr9	65000000	4	00	4	01	0.717192829	NA	01	0	4	01	0	0	4	1	4.10070486	01	1
chr2	122000000	chr9	65000000	2	00	2	01	0.885042965	NA	01	0	2	01	0	0	4	1	3.86786569	01	1
chr2	123000000	chr9	64000000	2	00	2	01	0.935947597	NA	01	0	2	01	0	0	4	1	3.86513611	01	1
chr2	123000000	chr9	65000000	1	00	1	01	0.970656574	NA	01	0	1	01	0	0	3	1	3.45669143	01	1
chr2	132000000	chr9	65000000	2	00	2	01	0.952362716	NA	01	0	2	01	0	0	4	1	4.01583198	01	1
chr2	140000000	chr9	68000000	1	00	1	01	0.996550798	NA	01	0	1	01	0	0	3	1	5.42678877	01	1
chr2	140000000	chr9	77000000	2	00	2	01	0.934194803	NA	01	0	2	01	0	0	3	1	4.26268045	01	1
chr2	141000000	chr9	69000000	4	00	4	01	0.99999845	NA	01	0	4	01	0	0	3	1	5.83981198	01	1
chr2	141000000	chr9	68000000	10	00	10	01	0.999999523	NA	01	0	10	01	0	0	3	1	5.81680079	01	1
chr2	141000000	chr9	77000000	1	00	1	01	0.998606741	NA	01	0	1	01	0	0	3	1	4.56017406	01	1
chr2	145000000	chr9	69000000	1	00	1	01	0.999558151	NA	01	0	1	01	0	0	3	1	5.14819294	01	1
chr2	149000000	chr9	73000000	5	00	4	01	0.993176699	NA	01	0	4	01	0	0	3	1	5.44588633	01	1
chr2	149000000	chr9	68000000	17	00	17	01	1	NA	01	0	17	01	0	0	3	1	5.61047592	01	1
chr2	149000000	chr9	69000000	7	00	7	01	0.997152328	NA	01	0	7	01	0	0	3	1	5.49210098	01	1
chr2	149000000	chr9	77000000	10	00	10	01	0.999996185	NA	01	0	10	01	0	0	3	1	5.27656603	01	1
chr2	149000000	chr9	83000000	5	00	4	01	0.992666185	NA	01	0	4	01	0	1	3	1	5.85320557	01	1
chr2	149000000	chr9	76000000	1	00	1	01	0.99753499	NA	01	0	1	01	0	0	3	1	5.2528251	01	1
chr2	149000000	chr9	123000000	5	00	5	01	0.999009848	NA	01	0	5	01	0	0	3	1	4.83815701	01	1
chr2	149000000	chr9	34000000	6	00	6	01	0.959810138	NA	01	0	6	01	0	0	3	1	4.76094554	01	1
chr2	149000000	chr9	67000000	1	00	1	01	0.993340671	NA	01	0	1	01	0	0	3	1	4.74594137	01	1
chr2	150000000	chr9	83000000	2	00	2	01	0.955458045	NA	01	0	2	01	0	0	2	1	5.08723538	01	1
chr2	150000000	chr9	73000000	3	00	3	01	0.999759257	NA	01	0	3	01	0	0	3	1	5.12160863	01	1
chr2	150000000	chr9	123000000	3	00	3	01	0.998769343	NA	01	0	3	01	0	0	3	1	5.03968635	01	1
chr2	150000000	chr9	77000000	2	00	2	01	0.999820173	NA	01	0	2	01	0	0	3	1	5.18857121	01	1
chr2	150000000	chr9	122000000	1	00	1	01	0.945339918	NA	01	0	1	01	0	0	3	1	4.98191986	01	1
chr2	150000000	chr9	95000000	1	00	1	01	0.794163287	NA	01	0	1	01	0	0	3	1	4.88489607	01	1
chr2	150000000	chr9	67000000	1	00	1	01	0.950896144	NA	01	0	1	01	0	0	3	1	4.56539593	01	1
chr2	152000000	chr9	69000000	4	00	4	01	0.999919415	NA	01	0	4	01	0	0	3	1	5.77339633	01	1
chr2	152000000	chr9	68000000	1	00	1	01	0.998358548	NA	01	0	1	01	0	0	3	1	5.76218176	01	1
chr2	152000000	chr9	70000000	2	00	2	01	0.992584407	NA	01	0	2	01	0	0	3	1	4.79100959	01	1
chr2	153000000	chr9	72000000	1	00	1	01	0.996388555	NA	01	0	1	01	0	0	3	1	5.1780032	01	1
chr2	153000000	chr9	96000000	1	00	1	01	0.984008789	NA	01	0	1	01	0	0	3	1	5.2516323	01	1
chr2	153000000	chr9	70000000	6	00	6	01	0.999716341	NA	01	0	6	01	0	0	3	1	5.04963502	01	1
chr2	153000000	chr9	77000000	1	00	1	01	0.998789966	NA	01	0	1	01	0	0	3	1	5.27362468	01	1
chr2	155000000	chr9	107000000	1	00	1	01	0.886765957	NA	01	0	1	01	0	0	4	1	4.19689961	01	1
chr2	156000000	chr9	64000000	14	00	14	01	0.99999404	NA	01	0	14	01	0	0	3	1	4.51287093	01	1
chr2	156000000	chr9	65000000	3	00	3	01	0.998564541	NA	01	0	3	01	0	0	3	1	4.111319	01	1
chr2	156000000	chr9	107000000	2	00	1	01	0.924522519	NA	01	1	1	01	1	1	4	1	4.22240377	01	1
chr2	157000000	chr9	107000000	3	00	3	01	0.954963744	NA	01	0	3	01	0	0	3	1	3.90205046	01	1
chr2	170000000	chr9	64000000	3	00	2	01	0.979007602	NA	01	0	2	01	0	0	3	1	5.71243143	01	1
chr2	171000000	chr9	70000000	1	00	1	01	0.958332896	NA	01	0	1	01	0	0	3	1	4.85624511	01	1
chr2	171000000	chr9	64000000	4	00	4	01	0.998774111	NA	01	0	4	01	0	0	3	1	5.45777009	01	1
chr2	171000000	chr9	65000000	4	00	4	01	0.987789273	NA	01	0	4	01	0	0	3	1	5.0687429	01	1
chr2	171000000	chr9	96000000	1	00	1	01	0.539309978	NA	01	0	1	01	0	0	3	1	4.74761253	01	1
chr2	172000000	chr9	96000000	2	00	2	01	0.764090419	NA	01	0	2	01	0	0	3	1	4.71964944	01	1
chr2	172000000	chr9	66000000	3	00	3	01	0.763860703	NA	01	0	3	01	0	0	3	1	4.70352533	01	1
chr2	172000000	chr9	70000000	2	00	2	01	0.778905213	NA	01	0	2	01	0	0	3	1	4.71042727	01	1
chr2	90000000	chrX	166000000	1	10	1	00	0.44773376	NA	00	0	0	00	0	0	3	1	0.216066496	00	1
chr2	91000000	chrX	166000000	1	10	1	00	0.44474265	NA	00	0	0	00	0	0	3	1	0.949477477	00	1
chr2	91000000	chrX	151000000	1	10	1	00	0.464529127	NA	00	0	0	11	0	0	3	2	0.0324695425	11	1
chr2	91000000	chrX	159000000	3	10	3	00	0.887978256	NA	00	0	0	00	0	0	3	1	1.79845195	00	1
chr2	91000000	chrX	158000000	1	10	1	00	0.476313263	NA	00	0	0	00	0	0	3	1	0.536286073	00	1
chr2	91000000	chrX	102000000	1	10	1	11	0.385870755	NA	11	0	1	11	0	0	3	1	0.618447183	11	1
chr2	92000000	chrX	158000000	1	10	1	00	0.413654774	NA	00	0	0	11	0	0	3	2	0.0485681056	11	1
chr2	92000000	chrX	159000000	1	10	1	00	0.530449688	NA	00	0	0	00	0	0	3	1	1.1992397	00	1
chr2	96000000	chrX	160000000	1	10	1	00	0.454837888	NA	00	0	0	00	0	0	3	1	0.48664647	00	1
chr2	101000000	chrX	159000000	5	10	5	00	0.464336693	NA	00	0	0	00	0	0	3	1	0.756005571	00	1
chr2	102000000	chrX	159000000	2	10	2	00	0.386012971	NA	00	0	0	00	0	0	2	1	0.989841202	00	1
chr2	102000000	chrX	152000000	2	10	2	00	0.34367758	NA	00	0	0	11	0	0	3	2	0.00310334125	11	1
chr2	130000000	chrX	166000000	2	10	2	00	0.331393421	NA	00	0	0	00	0	0	3	1	0.376836672	00	1
chr2	130000000	chrX	152000000	1	00	1	11	0.294773281	NA	11	0	0	11	0	1	2	1	0.27261052	11	1
chr2	138000000	chrX	169000000	1	10	1	00	0.530639708	NA	00	0	0	00	0	0	3	1	1.40303465	00	1
chr2	144000000	chrX	136000000	4	10	4	00	0.333994359	NA	00	0	0	00	0	0	3	1	0.133342934	00	1
chr2	146000000	chrX	168000000	6	10	6	00	0.953600466	NA	00	0	0	00	0	0	4	1	2.5689322	00	1
chr2	146000000	chrX	169000000	2	10	2	00	0.77909261	NA	00	0	0	00	0	0	2	1	3.32424157	00	1
chr2	147000000	chrX	168000000	11	10	10	00	0.977562189	NA	00	0	0	00	0	1	4	1	2.84030788	00	1
chr2	147000000	chrX	165000000	1	10	1	00	0.843628287	NA	00	0	0	00	0	0	4	1	2.74193288	00	1
chr2	147000000	chrX	169000000	1	10	1	00	0.980456233	NA	00	0	0	00	0	0	2	1	3.47938448	00	1
chr2	147000000	chrX	166000000	1	01	1	00	0.670959413	NA	00	0	1	00	0	0	3	1	3.04589188	00	1
chr2	156000000	chrX	151000000	1	10	1	00	0.365242541	NA	00	0	0	00	0	0	3	1	0.725725007	00	1
chr2	156000000	chrX	152000000	1	10	1	00	0.44407317	NA	00	0	0	00	0	0	3	1	1.02136694	00	1
chr2	156000000	chrX	153000000	1	10	1	00	0.456265032	NA	00	0	0	00	0	0	3	1	1.1440112	00	1
chr2	167000000	chrX	152000000	1	10	1	00	0.291793019	NA	00	0	0	11	0	0	3	2	0.124560809	11	1
chr2	179000000	chrX	160000000	1	10	1	00	0.474676579	NA	00	0	0	00	0	0	2	1	0.981112505	00	1
chr2	179000000	chrX	166000000	1	00	1	00	0.382917285	NA	00	1	0	00	1	1	1	1	1.13282679	00	1
chr3	104000000	chr11	120000000	5	10	5	00	0.363286585	NA	00	0	0	00	0	0	2	1	0.920861921	00	0
chr3	27000000	chr12	15000000	2	11	2	01	0.25	NA	00	0	0	10	0	2	3	4	2.33418609	10	1
chr3	28000000	chr12	79000000	3	00	3	10	0.33395642	NA	10	0	0	10	0	0	2	1	2.77321765	10	1
chr3	43000000	chr12	27000000	1	11	1	10	0.450738043	NA	10	0	1	10	0	0	2	1	2.50760713	10	1
chr3	46000000	chr12	114000000	2	11	2	10	0.499710798	NA	10	0	2	10	0	0	2	1	1.55340124	10	1
chr3	58000000	chr12	112000000	4	00	4	10	0.887498677	NA	10	0	0	10	0	0	3	1	1.14427975	10	1
chr3	58000000	chr12	84000000	1	00	1	10	0.596687257	NA	10	0	0	10	0	0	3	1	1.17198129	10	1
chr3	58000000	chr12	79000000	1	00	1	10	0.599957764	NA	10	0	0	10	0	0	2	1	1.41689881	10	1
chr3	58000000	chr12	80000000	1	00	1	10	0.45070821	NA	10	0	0	10	0	0	3	1	1.10396636	10	1
chr3	61000000	chr12	29000000	2	11	2	10	0.922136962	NA	10	0	2	10	0	0	2	1	1.8866017	10	1
chr3	62000000	chr12	27000000	1	11	1	10	0.871736228	NA	10	0	1	10	0	0	2	1	1.96038126	10	1
chr3	62000000	chr12	114000000	3	11	3	10	0.993143082	NA	10	0	3	10	0	0	2	1	1.8515054	10	1
chr3	62000000	chr12	29000000	1	11	1	10	0.9144454	NA	10	0	1	10	0	0	2	1	2.31661055	10	1
chr3	62000000	chr12	65000000	1	11	1	10	0.335359633	NA	10	0	1	10	0	0	2	1	1.29943988	10	1
chr3	64000000	chr12	114000000	1	11	1	10	0.849407971	NA	10	0	1	10	0	0	2	1	2.396106	10	1
chr3	74000000	chr12	57000000	1	11	1	01	0.25	NA	00	0	0	10	0	1	2	4	1.62204851	10	1
chr3	86000000	chr12	79000000	4	00	3	10	0.565347612	NA	10	0	1	10	0	0	2	1	1.82879259	10	1
chr3	87000000	chr12	100000000	1	11	1	10	0.739713609	NA	10	0	1	10	0	0	3	1	1.83640274	10	1
chr3	87000000	chr12	79000000	2	00	2	10	0.674740016	NA	10	0	0	10	0	0	2	1	1.6179709	10	1
chr3	87000000	chr12	80000000	1	00	1	10	0.561867535	NA	10	0	0	10	0	0	2	1	1.77401966	10	1
chr3	87000000	chr12	72000000	1	11	1	10	0.604184031	NA	10	0	1	10	0	0	3	1	1.70352703	10	1
chr3	88000000	chr12	79000000	1	00	1	10	0.72635895	NA	10	0	0	10	0	0	2	1	0.91490671	10	1
chr3	88000000	chr12	80000000	5	00	5	10	0.913078666	NA	10	0	0	10	0	0	2	1	1.0592771	10	1
chr3	88000000	chr12	71000000	1	11	1	10	0.495281398	NA	10	0	1	10	0	0	3	1	0.800104384	10	1
chr3	88000000	chr12	70000000	3	11	3	10	0.472799957	NA	10	0	3	10	0	0	3	1	1.23204625	10	1
chr3	88000000	chr12	100000000	2	11	2	10	0.723110497	NA	10	0	2	10	0	0	3	1	1.4856619	10	1
chr3	89000000	chr12	99000000	2	11	2	10	0.39706549	NA	10	0	2	10	0	0	2	1	1.19593209	10	1
chr3	89000000	chr12	81000000	2	11	2	10	0.653468549	NA	10	0	2	10	0	0	3	1	1.59131242	10	1
chr3	89000000	chr12	85000000	2	11	2	10	0.744883001	NA	10	0	2	10	0	0	3	1	1.10091991	10	1
chr3	90000000	chr12	80000000	7	11	6	10	0.967836738	NA	10	0	6	10	0	0	3	1	2.99642744	10	1
chr3	90000000	chr12	99000000	1	11	1	10	0.855820656	NA	10	0	1	10	0	0	2	1	2.0605914	10	1
chr3	90000000	chr12	117000000	5	11	5	10	0.954438865	NA	10	0	5	10	0	0	2	1	1.86370821	10	1
chr3	90000000	chr12	118000000	6	11	6	10	0.859393537	NA	10	0	6	10	0	0	2	1	1.16609042	10	1
chr3	90000000	chr12	58000000	3	11	3	10	0.750495613	NA	10	0	3	10	0	0	2	1	1.28795144	10	1
chr3	90000000	chr12	56000000	2	11	2	10	0.499129325	NA	10	0	2	10	0	0	3	1	2.92093121	10	1
chr3	90000000	chr12	100000000	2	11	2	10	0.857718349	NA	10	0	2	10	0	0	2	1	2.19561094	10	1
chr3	90000000	chr12	27000000	2	11	2	10	0.770069778	NA	10	0	2	10	0	0	2	1	2.56181346	10	1
chr3	90000000	chr12	26000000	5	11	5	10	0.866367877	NA	10	0	5	10	0	0	2	1	3.0767043	10	1
chr3	90000000	chr12	57000000	1	11	1	10	0.677702785	NA	10	0	1	10	0	0	2	1	2.06838361	10	1
chr3	90000000	chr12	114000000	1	11	1	10	0.905380726	NA	10	0	1	10	0	0	2	1	1.50857214	10	1
chr3	91000000	chr12	114000000	10	11	10	10	0.96965158	NA	10	0	10	10	0	0	2	1	1.52977638	10	1
chr3	91000000	chr12	56000000	1	11	1	10	0.531363845	NA	10	0	1	10	0	0	2	1	2.99230705	10	1
chr3	91000000	chr12	57000000	1	11	1	10	0.739853203	NA	10	0	1	10	0	0	2	1	1.91503694	10	1
chr3	96000000	chr12	79000000	1	00	1	10	0.826842785	NA	10	0	0	10	0	0	2	1	0.653263552	10	1
chr3	97000000	chr12	79000000	7	00	7	10	0.7030406	NA	10	0	0	10	0	0	2	1	0.734244407	10	1
chr3	102000000	chr12	26000000	8	11	8	10	0.995589375	NA	10	0	8	10	0	0	2	1	2.90350143	10	1
chr3	102000000	chr12	56000000	5	11	5	10	0.92977339	NA	10	0	5	10	0	0	3	1	2.85107768	10	1
chr3	103000000	chr12	25000000	7	11	7	10	0.88958472	NA	10	0	7	10	0	0	3	1	1.37575925	10	1
chr3	103000000	chr12	55000000	3	11	3	10	0.869073629	NA	10	0	3	10	0	0	3	1	1.91523959	10	1
chr3	103000000	chr12	80000000	4	11	3	10	0.565054715	NA	10	0	3	10	0	0	3	1	1.33112628	10	1
chr3	103000000	chr12	56000000	7	11	7	10	0.890511751	NA	10	0	7	10	0	0	3	1	1.62412759	10	1
chr3	103000000	chr12	26000000	6	11	6	10	0.986746132	NA	10	0	6	10	0	0	3	1	1.66730964	10	1
chr3	103000000	chr12	44000000	1	11	1	10	0.435547709	NA	10	0	1	10	0	0	2	1	1.44400466	10	1
chr3	103000000	chr12	79000000	1	11	1	10	0.931803346	NA	10	0	1	10	0	0	3	1	1.43726623	10	1
chr3	105000000	chr12	26000000	6	11	4	10	0.855592072	NA	10	0	4	10	0	1	3	1	1.48665781	10	1
chr3	105000000	chr12	56000000	1	11	1	10	0.742740929	NA	10	0	1	10	0	0	3	1	1.41340869	10	1
chr3	106000000	chr12	26000000	1	11	1	10	0.622172534	NA	10	0	1	10	0	0	3	1	1.81278296	10	1
chr3	107000000	chr12	80000000	1	00	1	10	0.760120511	NA	10	0	0	10	0	0	2	1	2.20491441	10	1
chr3	108000000	chr12	79000000	13	00	13	10	0.988894165	NA	10	0	0	10	0	0	2	1	2.29065407	10	1
chr3	108000000	chr12	80000000	2	00	2	10	0.783006608	NA	10	0	0	10	0	0	2	1	2.58742767	10	1
chr3	108000000	chr12	112000000	8	00	7	10	0.332008183	NA	10	1	0	10	1	1	4	1	1.42468958	10	1
chr3	111000000	chr12	72000000	3	11	3	10	0.966744244	NA	10	0	3	10	0	0	3	1	1.99162814	10	1
chr3	112000000	chr12	72000000	6	11	6	10	0.971100271	NA	10	0	6	10	0	0	3	1	1.68010733	10	1
chr3	113000000	chr12	100000000	1	11	1	10	0.500596941	NA	10	0	1	10	0	0	3	1	2.32504569	10	1
chr3	116000000	chr12	112000000	6	00	6	10	0.495706081	NA	10	0	0	10	0	0	3	1	0.337060975	10	1
chr3	118000000	chr12	113000000	6	00	6	10	0.857293308	NA	10	0	0	10	0	0	3	1	1.4007327	10	1
chr3	118000000	chr12	112000000	2	00	2	10	0.529223323	NA	10	0	0	10	0	0	3	1	1.48511358	10	1
chr3	119000000	chr12	113000000	7	00	7	10	0.871159017	NA	10	0	0	10	0	0	2	1	1.56881098	10	1
chr3	119000000	chr12	112000000	1	00	1	10	0.518907726	NA	10	0	0	10	0	0	3	1	1.00430781	10	1
chr3	121000000	chr12	102000000	6	00	6	10	0.60500747	NA	10	0	0	10	0	0	4	1	1.69537857	10	1
chr3	121000000	chr12	101000000	6	00	6	10	0.603445768	NA	10	0	0	10	0	0	4	1	1.81861856	10	1
chr3	121000000	chr12	114000000	3	00	3	10	0.761846066	NA	10	0	0	10	0	0	3	1	1.64094907	10	1
chr3	122000000	chr12	101000000	1	00	1	10	0.51193738	NA	10	0	0	10	0	0	4	1	2.11448558	10	1
chr3	123000000	chr12	100000000	4	11	4	10	0.956652462	NA	10	0	4	10	0	0	2	1	2.47303943	10	1
chr3	123000000	chr12	70000000	8	11	8	10	0.988712072	NA	10	0	8	10	0	0	2	1	2.00381161	10	1
chr3	123000000	chr12	72000000	4	11	4	10	0.968970895	NA	10	0	4	10	0	0	3	1	2.88289501	10	1
chr3	123000000	chr12	74000000	2	11	2	10	0.94164151	NA	10	0	2	10	0	0	2	1	2.36141103	10	1
chr3	124000000	chr12	70000000	19	11	19	10	0.998923481	NA	10	0	19	10	0	0	2	1	2.37861814	10	1
chr3	124000000	chr12	69000000	2	11	2	10	0.867955208	NA	10	0	2	10	0	0	2	1	2.21773489	10	1
chr3	124000000	chr12	100000000	14	11	13	10	0.96002543	NA	10	1	13	10	1	1	2	1	2.54357555	10	1
chr3	124000000	chr12	74000000	2	11	2	10	0.978052437	NA	10	0	2	10	0	0	2	1	2.71402614	10	1
chr3	124000000	chr12	101000000	2	11	2	10	0.766567647	NA	10	0	2	10	0	0	2	1	2.35766438	10	1
chr3	124000000	chr12	72000000	2	11	2	10	0.998559177	NA	10	0	2	10	0	0	2	1	3.37498273	10	1
chr3	125000000	chr12	72000000	14	11	14	10	0.999113619	NA	10	0	14	10	0	0	3	1	3.26790308	10	1
chr3	125000000	chr12	71000000	4	11	4	10	0.98534739	NA	10	0	4	10	0	0	2	1	2.89762958	10	1
chr3	125000000	chr12	74000000	2	11	2	10	0.945290387	NA	10	0	2	10	0	0	2	1	2.92797775	10	1
chr3	125000000	chr12	70000000	2	11	2	10	0.977924287	NA	10	0	2	10	0	0	2	1	2.17910486	10	1
chr3	136000000	chr12	26000000	1	11	1	10	0.346987665	NA	10	0	1	10	0	0	3	1	2.27871705	10	1
chr3	138000000	chr12	80000000	2	00	2	10	0.477454275	NA	10	0	0	10	0	0	2	1	3.28915602	10	1
chr3	138000000	chr12	26000000	5	11	5	10	0.397007763	NA	10	0	5	10	0	0	2	1	3.01498054	10	1
chr3	138000000	chr12	114000000	1	11	1	10	0.51172787	NA	10	0	1	10	0	0	2	1	1.74861466	10	1
chr3	138000000	chr12	118000000	2	11	2	10	0.667912185	NA	10	0	2	10	0	0	2	1	1.23365216	10	1
chr3	138000000	chr12	100000000	4	11	4	10	0.980501294	NA	10	0	4	10	0	0	2	1	2.35981932	10	1
chr3	139000000	chr12	100000000	16	11	16	10	0.999272883	NA	10	0	16	10	0	0	2	1	2.54110908	10	1
chr3	139000000	chr12	114000000	1	11	1	10	0.441566616	NA	10	0	1	10	0	0	2	1	2.26276201	10	1
chr3	139000000	chr12	101000000	3	11	3	10	0.979715466	NA	10	0	3	10	0	0	2	1	2.63734106	10	1
chr3	140000000	chr12	88000000	8	00	8	10	0.728243053	NA	10	0	0	10	0	0	3	1	2.67234271	10	1
chr3	140000000	chr12	52000000	3	00	3	10	0.580707014	NA	10	0	0	10	0	0	3	1	2.24196231	10	1
chr3	140000000	chr12	89000000	2	00	2	10	0.500869632	NA	10	0	0	10	0	0	3	1	3.23866747	10	1
chr3	141000000	chr12	88000000	1	00	1	10	0.500588	NA	10	0	0	10	0	0	3	1	2.99592273	10	1
chr3	141000000	chr12	101000000	3	00	3	10	0.983034134	NA	10	0	0	10	0	0	4	1	3.01589657	10	1
chr3	141000000	chr12	89000000	2	00	2	10	0.788150907	NA	10	0	0	10	0	0	3	1	3.59173628	10	1
chr3	148000000	chr12	53000000	2	00	2	10	0.524763584	NA	10	0	0	10	0	0	2	1	1.21392907	10	1
chr3	152000000	chr12	102000000	10	00	10	10	0.881169081	NA	10	0	0	10	0	0	4	1	1.42892148	10	1
chr3	152000000	chr12	52000000	14	00	14	10	0.855993092	NA	10	0	0	10	0	0	2	1	2.35447997	10	1
chr3	153000000	chr12	102000000	5	00	5	10	0.758814812	NA	10	0	0	10	0	0	4	1	1.28193997	10	1
chr3	153000000	chr12	101000000	3	00	3	10	0.658312917	NA	10	0	0	10	0	0	4	1	1.45328698	10	1
chr3	156000000	chr12	101000000	10	00	10	10	0.998594105	NA	10	0	0	10	0	0	4	1	3.37743032	10	1
chr3	156000000	chr12	102000000	12	00	12	10	0.999532938	NA	10	0	0	10	0	0	4	1	3.36889791	10	1
chr3	156000000	chr12	89000000	3	00	3	10	0.823582411	NA	10	0	0	10	0	0	3	1	3.98017339	10	1
chr3	156000000	chr12	103000000	9	00	9	10	0.992912114	NA	10	0	0	10	0	0	4	1	3.37274837	10	1
chr3	156000000	chr12	114000000	7	00	7	10	0.995108664	NA	10	0	0	10	0	0	4	1	2.84259365	10	1
chr3	156000000	chr12	110000000	2	00	2	10	0.902859449	NA	10	0	0	10	0	0	4	1	2.80777038	10	1
chr3	156000000	chr12	90000000	1	00	1	10	0.919715345	NA	10	0	0	10	0	0	4	1	3.73169892	10	1
chr3	156000000	chr12	113000000	2	00	2	10	0.868589759	NA	10	0	0	10	0	0	2	1	2.09238094	10	1
chr3	156000000	chr12	112000000	1	00	1	10	0.618000627	NA	10	0	0	10	0	0	3	1	0.766086481	10	1
chr3	157000000	chr12	112000000	4	00	4	10	0.619811833	NA	10	0	0	10	0	0	3	1	0.241864767	10	1
chr3	157000000	chr12	113000000	5	00	5	10	0.948334038	NA	10	0	0	10	0	0	2	1	1.56518587	10	1
chr3	157000000	chr12	114000000	3	00	3	10	0.923838317	NA	10	0	0	10	0	0	4	1	2.4954647	10	1
chr3	31000000	chr13	34000000	1	11	1	11	0.438426137	NA	11	1	1	11	1	1	1	1	0.145174677	11	0
chr3	33000000	chr13	34000000	2	11	2	11	0.390595973	NA	11	2	2	11	2	2	1	1	0.232257828	11	0
chr3	33000000	chr13	35000000	3	11	3	11	0.460780472	NA	11	3	3	11	3	3	1	1	0.138644624	11	0
chr3	33000000	chr13	33000000	2	11	2	11	0.47534439	NA	11	2	2	11	2	2	1	1	0.420562124	11	0
chr3	44000000	chr13	32000000	3	11	3	11	0.54844588	NA	11	3	3	11	3	3	1	1	0.519759425	11	0
chr3	52000000	chr13	23000000	1	11	1	01	0.450840116	NA	01	0	0	11	1	0	1	2	0.0802867896	11	0
chr3	52000000	chr13	59000000	4	11	4	11	0.353572667	NA	11	4	4	11	4	4	1	1	0.495927523	11	0
chr3	52000000	chr13	58000000	1	11	1	11	0.352086097	NA	11	1	1	11	1	1	1	1	0.417033122	11	0
chr3	52000000	chr13	30000000	1	11	1	11	0.469453216	NA	11	1	1	11	1	1	1	1	0.531050409	11	0
chr3	54000000	chr13	23000000	6	11	6	01	0.422020495	NA	01	0	0	01	0	0	2	1	0.0653589663	01	0
chr3	54000000	chr13	59000000	2	01	1	01	0.353931665	NA	01	1	1	11	1	1	2	2	0.226277983	11	0
chr3	54000000	chr13	53000000	3	11	3	01	0.356318772	NA	01	0	0	11	3	0	1	2	0.144888802	11	0
chr3	54000000	chr13	54000000	2	11	2	01	0.426482618	NA	01	0	0	01	0	0	2	1	0.212761133	01	0
chr3	54000000	chr13	55000000	1	11	1	01	0.333286047	NA	01	0	0	01	0	0	2	1	0.104141077	01	0
chr3	62000000	chr13	54000000	1	10	1	01	0.45428133	NA	01	0	0	01	0	1	2	1	0.553267855	01	0
chr3	75000000	chr13	32000000	1	11	1	11	0.435779124	NA	11	1	1	11	1	1	1	1	0.191992163	11	0
chr3	75000000	chr13	33000000	4	11	4	11	0.492013961	NA	11	4	4	11	4	4	1	1	0.00130299569	11	0
chr3	75000000	chr13	34000000	2	11	2	11	0.517983854	NA	11	2	2	01	0	2	2	2	0.130914883	01	0
chr3	84000000	chr13	32000000	1	11	1	01	0.540361285	NA	01	0	0	11	1	0	1	2	0.0688680239	11	0
chr3	85000000	chr13	32000000	4	11	4	01	0.902082324	NA	01	0	0	01	0	0	2	1	0.644639686	01	0
chr3	85000000	chr13	35000000	1	11	1	01	0.780957341	NA	01	0	0	01	0	0	2	1	0.967493817	01	0
chr3	88000000	chr13	44000000	1	11	1	01	0.550698876	NA	01	0	0	01	0	0	2	1	1.47398847	01	0
chr3	88000000	chr13	37000000	1	11	1	01	0.8259058	NA	01	0	0	01	0	0	2	1	1.32462452	01	0
chr3	88000000	chr13	43000000	1	11	1	01	0.722946882	NA	01	0	0	01	0	0	2	1	0.847769036	01	0
chr3	89000000	chr13	36000000	1	11	1	01	0.593334377	NA	01	0	0	01	0	0	2	1	1.96698905	01	0
chr3	89000000	chr13	37000000	1	11	1	01	0.706598222	NA	01	0	0	01	0	0	2	1	1.37703106	01	0
chr3	91000000	chr13	37000000	3	11	3	11	0.484994262	NA	11	3	3	11	3	3	1	1	0.350634183	11	0
chr3	91000000	chr13	36000000	5	11	5	01	0.690747321	NA	01	0	0	01	0	0	2	1	0.344031668	01	0
chr3	91000000	chr13	31000000	3	11	3	01	0.578885436	NA	01	0	0	01	0	0	2	1	0.0389634304	01	0
chr3	91000000	chr13	32000000	1	11	1	01	0.543385923	NA	01	0	0	01	0	0	2	1	0.00259909611	01	0
chr3	92000000	chr13	31000000	4	11	4	01	0.50664556	NA	01	0	0	11	4	0	1	2	0.205241673	11	0
chr3	92000000	chr13	36000000	12	11	12	01	0.73804599	NA	01	0	0	01	0	0	2	1	0.0241111712	01	0
chr3	92000000	chr13	37000000	3	11	3	11	0.638737917	NA	11	3	3	11	3	3	1	1	0.530645376	11	0
chr3	92000000	chr13	59000000	1	11	1	11	0.343900442	NA	11	1	1	11	1	1	1	1	0.219996189	11	0
chr3	92000000	chr13	32000000	1	11	1	11	0.556682348	NA	11	1	1	11	1	1	1	1	0.27557625	11	0
chr3	93000000	chr13	43000000	2	11	2	11	0.740383506	NA	11	2	2	11	2	2	1	1	1.73328421	11	0
chr3	93000000	chr13	42000000	1	11	1	11	0.877486229	NA	11	1	1	11	1	1	1	1	1.15579526	11	0
chr3	93000000	chr13	44000000	1	11	1	11	0.549287796	NA	11	1	1	11	1	1	1	1	0.388280665	11	0
chr3	94000000	chr13	95000000	2	11	2	11	0.385283411	NA	11	2	2	11	2	2	1	1	1.16595476	11	0
chr3	94000000	chr13	42000000	2	01	1	11	0.829462469	NA	11	1	1	11	1	1	2	1	1.21912691	11	0
chr3	94000000	chr13	43000000	3	11	3	11	0.919589639	NA	11	3	3	11	3	3	1	1	1.62088637	11	0
chr3	103000000	chr13	60000000	3	11	3	01	0.471264541	NA	01	0	0	01	0	0	2	1	0.518783947	01	0
chr3	103000000	chr13	36000000	11	11	11	01	0.992132008	NA	01	0	0	01	0	0	2	1	1.45571895	01	0
chr3	103000000	chr13	37000000	6	11	6	01	0.909298301	NA	01	0	0	01	0	0	2	1	0.712941719	01	0
chr3	103000000	chr13	63000000	1	11	1	11	0.37375924	NA	11	1	1	11	1	1	1	1	1.0649015	11	0
chr3	104000000	chr13	30000000	1	11	1	01	0.490591198	NA	01	0	0	01	0	0	2	1	0.824749193	01	0
chr3	104000000	chr13	36000000	4	11	4	01	0.969667256	NA	01	0	0	01	0	0	2	1	0.810347399	01	0
chr3	104000000	chr13	37000000	4	11	4	01	0.813152671	NA	01	0	0	01	0	0	2	1	0.391465945	01	0
chr3	104000000	chr13	23000000	1	11	1	01	0.614044249	NA	01	0	0	01	0	0	2	1	1.09976315	01	0
chr3	104000000	chr13	53000000	1	11	1	01	0.638756514	NA	01	0	0	01	0	0	2	1	1.10968333	01	0
chr3	105000000	chr13	36000000	8	11	8	01	0.948976219	NA	01	0	0	01	0	0	2	1	1.15779603	01	0
chr3	109000000	chr13	42000000	1	11	1	11	0.716421187	NA	11	1	1	11	1	1	1	1	2.07471124	11	0
chr3	109000000	chr13	85000000	3	11	3	11	0.306017131	NA	11	3	3	11	3	3	1	1	1.32454998	11	0
chr3	109000000	chr13	86000000	1	11	1	11	0.343674451	NA	11	1	1	11	1	1	1	1	1.57625331	11	0
chr3	111000000	chr13	42000000	10	11	10	11	0.991262436	NA	11	10	10	11	10	10	1	1	2.14509407	11	0
chr3	111000000	chr13	104000000	5	11	5	11	0.66070205	NA	11	5	5	11	5	5	1	1	2.02341291	11	0
chr3	111000000	chr13	43000000	9	11	8	11	0.998772323	NA	11	8	8	11	8	8	1	1	2.40932683	11	0
chr3	111000000	chr13	95000000	3	11	3	11	0.664135098	NA	11	3	3	11	3	3	1	1	2.10132877	11	0
chr3	111000000	chr13	110000000	7	11	7	11	0.789565921	NA	11	7	7	11	7	7	1	1	2.36491635	11	0
chr3	111000000	chr13	111000000	4	11	4	11	0.720701635	NA	11	4	4	11	4	4	1	1	2.39016302	11	0
chr3	132000000	chr13	34000000	13	11	13	11	0.743968964	NA	11	13	13	11	13	13	1	1	0.488979	11	0
chr3	133000000	chr13	34000000	16	11	16	11	0.762923002	NA	11	16	16	11	16	16	1	1	0.390219127	11	0
chr3	133000000	chr13	33000000	7	11	7	11	0.732729018	NA	11	7	7	11	7	7	1	1	0.540318167	11	0
chr3	133000000	chr13	35000000	2	10	1	11	0.475509346	NA	11	1	1	11	1	1	3	1	0.499028209	11	0
chr3	134000000	chr13	34000000	2	11	2	01	0.482037425	NA	01	0	0	01	0	0	2	1	0.317822119	01	0
chr3	136000000	chr13	36000000	1	11	1	11	0.604910314	NA	11	1	1	11	1	1	1	1	0.707417288	11	0
chr3	136000000	chr13	32000000	1	10	1	11	0.501521647	NA	11	0	0	11	0	0	3	1	0.867844373	11	0
chr3	137000000	chr13	37000000	1	11	1	11	0.636275291	NA	11	1	1	11	1	1	1	1	1.37185921	11	0
chr3	138000000	chr13	54000000	1	10	1	01	0.290080607	NA	01	0	0	01	0	1	3	1	0.0347584016	01	0
chr3	4000000	chr14	116000000	1	00	1	10	0.90238589	NA	10	0	0	10	0	0	3	1	3.07873916	10	0
chr3	5000000	chr14	117000000	10	00	10	10	0.93929702	NA	10	0	0	10	0	0	2	1	3.48265121	10	0
chr3	5000000	chr14	23000000	8	00	8	10	0.881118178	NA	10	0	0	10	0	0	3	1	2.41842844	10	0
chr3	5000000	chr14	109000000	2	00	2	10	0.830885708	NA	10	0	0	10	0	0	3	1	3.63939261	10	0
chr3	5000000	chr14	22000000	6	00	6	10	0.878644764	NA	10	0	0	10	0	0	3	1	2.77486675	10	0
chr3	6000000	chr14	117000000	6	00	6	10	0.99996829	NA	10	0	0	10	0	0	2	1	4.57747302	10	0
chr3	6000000	chr14	120000000	4	00	4	10	0.99941361	NA	10	0	0	10	0	0	2	1	4.43942093	10	0
chr3	6000000	chr14	121000000	3	00	3	10	0.998352647	NA	10	0	0	10	0	0	3	1	4.48758213	10	0
chr3	12000000	chr14	117000000	5	00	5	10	0.962784111	NA	10	0	0	10	0	0	2	1	3.54490218	10	0
chr3	12000000	chr14	121000000	1	00	1	10	0.914715827	NA	10	0	0	10	0	0	3	1	3.44648527	10	0
chr3	50000000	chr15	85000000	7	01	7	11	0.999682307	NA	11	0	0	11	0	0	2	1	2.88590049	11	0
chr3	50000000	chr15	72000000	10	01	10	11	0.563399017	NA	11	0	0	11	0	0	2	1	0.0508281322	11	0
chr3	50000000	chr15	92000000	1	01	1	11	0.893612921	NA	11	0	0	11	0	0	2	1	2.72028405	11	0
chr3	51000000	chr15	85000000	4	01	4	11	0.993772089	NA	11	0	0	11	0	0	2	1	2.02886457	11	0
chr3	88000000	chr15	102000000	1	01	1	11	0.697739065	NA	11	0	0	11	0	0	2	1	1.23529996	11	0
chr3	88000000	chr15	85000000	2	01	2	11	0.939458907	NA	11	0	0	11	0	0	2	1	1.08653713	11	0
chr3	89000000	chr15	102000000	13	01	12	11	0.866190612	NA	11	0	0	11	0	1	3	1	1.67979854	11	0
chr3	89000000	chr15	85000000	6	01	6	11	0.960965037	NA	11	0	0	11	0	0	2	1	1.14477241	11	0
chr3	89000000	chr15	84000000	4	01	4	11	0.730391622	NA	11	0	0	11	0	0	3	1	0.753096168	11	0
chr3	89000000	chr15	73000000	4	01	4	11	0.3545596	NA	11	0	0	11	0	0	2	1	0.630798702	11	0
chr3	89000000	chr15	76000000	2	01	2	11	0.533391297	NA	11	0	0	11	0	0	2	1	0.375918736	11	0
chr3	90000000	chr15	102000000	2	01	2	11	0.55354929	NA	11	0	0	11	0	0	3	1	1.77648167	11	0
chr3	132000000	chr15	85000000	2	01	2	11	0.644100726	NA	11	0	0	11	0	0	2	1	1.79406369	11	0
chr3	135000000	chr15	85000000	1	01	1	11	0.684926093	NA	11	0	0	11	0	0	2	1	1.96139297	11	0
chr3	147000000	chr15	85000000	1	01	1	11	0.830957234	NA	11	0	0	11	0	0	2	1	2.37543388	11	0
chr3	148000000	chr15	85000000	1	01	1	11	0.958217204	NA	11	0	0	11	0	0	2	1	2.55061511	11	0
chr3	148000000	chr15	92000000	8	01	8	11	0.964568615	NA	11	0	0	11	0	0	2	1	1.82265388	11	0
chr3	149000000	chr15	85000000	6	01	6	11	0.909986317	NA	11	0	0	11	0	0	2	1	2.06428568	11	0
chr3	152000000	chr15	102000000	1	01	1	11	0.462331176	NA	11	0	0	11	0	0	2	1	2.02195772	11	0
chr3	152000000	chr15	75000000	5	01	5	11	0.535892367	NA	11	0	0	11	0	0	2	1	1.13424746	11	0
chr3	152000000	chr15	92000000	1	01	1	11	0.735531688	NA	11	0	0	11	0	0	2	1	2.02443564	11	0
chr3	26000000	chr17	72000000	1	11	1	10	0.338293403	NA	10	0	1	10	0	0	3	1	1.32808934	10	1
chr3	26000000	chr17	14000000	3	11	3	10	0.764928877	NA	10	0	3	10	0	0	3	1	0.820952375	10	1
chr3	27000000	chr17	72000000	1	11	1	10	0.35654819	NA	10	0	1	10	0	0	3	1	1.09759732	10	1
chr3	28000000	chr17	14000000	7	11	7	10	0.843321145	NA	10	0	7	10	0	0	3	1	1.05260384	10	1
chr3	29000000	chr17	14000000	1	11	1	10	0.691635549	NA	10	0	1	10	0	0	3	1	0.867399978	10	1
chr3	30000000	chr17	14000000	18	11	18	10	0.826058447	NA	10	0	18	10	0	0	3	1	0.835695662	10	1
chr3	32000000	chr17	15000000	3	11	3	10	0.646335602	NA	10	0	3	10	0	0	3	1	0.768540042	10	1
chr3	32000000	chr17	14000000	1	11	1	10	0.565584362	NA	10	0	1	10	0	0	3	1	0.636226798	10	1
chr3	89000000	chr17	84000000	3	10	3	10	0.475124329	NA	10	3	0	00	0	3	2	2	0.049719092	00	1
chr3	89000000	chr17	85000000	2	10	2	10	0.483330846	NA	10	2	0	10	2	2	1	1	1.02440825	10	1
chr3	3000000	chr18	40000000	1	10	1	10	0.963010371	NA	10	1	1	10	1	1	1	1	2.77466588	10	0
chr3	4000000	chr18	41000000	3	10	2	10	0.972122014	NA	10	2	2	10	2	2	1	1	3.79015772	10	0
chr3	4000000	chr18	40000000	6	10	6	10	0.999256194	NA	10	6	6	10	6	6	1	1	3.90477552	10	0
chr3	4000000	chr18	39000000	8	10	8	10	0.999617815	NA	10	8	8	10	8	8	1	1	3.77394149	10	0
chr3	5000000	chr18	40000000	2	10	2	10	0.99011898	NA	10	2	2	10	2	2	1	1	3.72394942	10	0
chr3	18000000	chr18	41000000	1	10	1	10	0.545846522	NA	10	1	1	10	1	1	1	1	3.22744858	10	0
chr3	19000000	chr18	40000000	1	10	1	10	0.83423996	NA	10	1	1	10	1	1	1	1	3.40666467	10	0
chr3	19000000	chr18	39000000	3	10	3	10	0.835166216	NA	10	3	3	10	3	3	1	1	3.4354918	10	0
chr3	19000000	chr18	4000000	2	10	1	10	0.81379354	NA	10	1	1	10	1	1	1	1	3.19096552	10	0
chr3	19000000	chr18	3000000	4	10	4	10	0.921939433	NA	10	4	4	10	4	4	1	1	3.23248701	10	0
chr3	20000000	chr18	3000000	2	10	2	10	0.689780593	NA	10	2	2	10	2	2	1	1	2.185585	10	0
chr3	20000000	chr18	4000000	10	10	10	10	0.91408366	NA	10	10	10	10	10	10	1	1	1.8848456	10	0
chr3	20000000	chr18	39000000	2	10	2	10	0.55837518	NA	10	2	2	10	2	2	1	1	2.34532386	10	0
chr3	29000000	chr18	9000000	4	10	4	10	0.574801147	NA	10	4	4	10	4	4	1	1	0.992871408	10	0
chr3	58000000	chr18	59000000	3	10	3	10	0.992063463	NA	10	3	3	10	3	3	1	1	2.63175661	10	0
chr3	58000000	chr18	57000000	2	10	2	10	0.991728246	NA	10	2	2	10	2	2	1	1	2.47228982	10	0
chr3	58000000	chr18	27000000	8	10	8	10	0.99999845	NA	10	8	8	10	8	8	1	1	3.80435822	10	0
chr3	58000000	chr18	79000000	1	10	1	10	0.915253162	NA	10	1	1	10	1	1	1	1	3.63716979	10	0
chr3	58000000	chr18	26000000	1	10	1	10	0.988395333	NA	10	1	1	10	1	1	1	1	3.82260211	10	0
chr3	58000000	chr18	58000000	1	10	1	10	0.972006679	NA	10	1	1	10	1	1	1	1	2.73282429	10	0
chr3	58000000	chr18	24000000	1	10	1	10	0.994755507	NA	10	1	1	10	1	1	1	1	3.48386846	10	0
chr3	60000000	chr18	30000000	3	10	3	10	1	NA	10	3	3	10	3	3	1	1	4.40079844	10	0
chr3	60000000	chr18	80000000	1	10	1	10	0.991652787	NA	10	1	1	10	1	1	1	1	4.1824552	10	0
chr3	61000000	chr18	31000000	1	10	1	10	0.996471643	NA	10	1	1	10	1	1	1	1	3.85363875	10	0
chr3	63000000	chr18	30000000	5	10	5	10	0.999998569	NA	10	5	5	10	5	5	1	1	3.96590561	10	0
chr3	63000000	chr18	79000000	3	10	3	10	0.984082639	NA	10	3	3	10	3	3	1	1	3.84530532	10	0
chr3	63000000	chr18	34000000	1	10	1	10	0.979956269	NA	10	1	1	10	1	1	1	1	3.16179932	10	0
chr3	64000000	chr18	30000000	1	10	1	10	0.99998498	NA	10	1	1	10	1	1	1	1	3.70227837	10	0
chr3	68000000	chr18	57000000	1	10	1	10	0.954016745	NA	10	1	1	10	1	1	1	1	2.80884433	10	0
chr3	69000000	chr18	38000000	11	10	10	10	0.999859214	NA	10	10	10	10	10	10	1	1	3.27281823	10	0
chr3	69000000	chr18	56000000	3	10	3	10	0.674770296	NA	10	3	3	10	3	3	1	1	3.38643836	10	0
chr3	69000000	chr18	40000000	11	10	11	10	0.999991775	NA	10	11	11	10	11	11	1	1	3.39393421	10	0
chr3	69000000	chr18	41000000	5	10	5	10	0.999033093	NA	10	5	5	10	5	5	1	1	3.38204336	10	0
chr3	69000000	chr18	78000000	1	10	1	10	0.989095986	NA	10	1	1	10	1	1	1	1	3.43963823	10	0
chr3	69000000	chr18	39000000	1	10	1	10	0.984927893	NA	10	1	1	10	1	1	1	1	3.34329334	10	0
chr3	69000000	chr18	57000000	2	10	2	10	0.80267632	NA	10	2	2	10	2	2	1	1	3.45059702	10	0
chr3	70000000	chr18	57000000	1	10	1	10	0.571929276	NA	10	1	1	10	1	1	1	1	3.34238476	10	0
chr3	70000000	chr18	40000000	10	10	10	10	0.999461114	NA	10	10	10	10	10	10	1	1	3.29724316	10	0
chr3	70000000	chr18	39000000	1	10	1	10	0.953822792	NA	10	1	1	10	1	1	1	1	3.09620261	10	0
chr3	71000000	chr18	39000000	1	10	1	10	0.852613091	NA	10	1	1	10	1	1	1	1	3.29550533	10	0
chr3	72000000	chr18	40000000	4	10	4	10	0.999666095	NA	10	4	4	10	4	4	1	1	3.32798748	10	0
chr3	72000000	chr18	39000000	1	10	1	10	0.985065043	NA	10	1	1	10	1	1	1	1	3.18232788	10	0
chr3	117000000	chr18	59000000	1	10	1	10	0.736368477	NA	10	1	1	10	1	1	1	1	1.19980176	10	0
chr3	118000000	chr18	59000000	16	10	16	10	0.987062871	NA	10	16	16	10	16	16	1	1	2.05117945	10	0
chr3	118000000	chr18	58000000	1	01	1	10	0.774122655	NA	10	0	0	10	0	1	4	1	2.09758789	10	0
chr3	118000000	chr18	57000000	4	10	4	10	0.831330359	NA	10	4	4	10	4	4	1	1	1.89506913	10	0
chr3	118000000	chr18	25000000	2	10	2	10	0.571058214	NA	10	2	2	10	2	2	1	1	2.5599178	10	0
chr3	118000000	chr18	60000000	1	10	1	10	0.944993377	NA	10	1	1	10	1	1	1	1	1.72239232	10	0
chr3	130000000	chr18	40000000	4	10	4	10	0.627206922	NA	10	4	4	10	4	4	1	1	1.61149795	10	0
chr3	7000000	chr19	24000000	10	11	10	01	0.884477079	NA	01	0	0	01	0	0	2	1	2.48042191	01	0
chr3	19000000	chr19	32000000	1	11	1	01	0.698213577	NA	01	0	0	01	0	0	2	1	2.07843701	01	0
chr3	19000000	chr19	34000000	1	11	1	01	0.821933746	NA	01	0	0	01	0	0	2	1	1.97235684	01	0
chr3	19000000	chr19	24000000	3	11	3	01	0.792781353	NA	01	0	0	01	0	0	2	1	1.28884465	01	0
chr3	20000000	chr19	24000000	11	11	11	01	0.99010849	NA	01	0	0	01	0	0	2	1	1.66672127	01	0
chr3	20000000	chr19	56000000	1	11	1	01	0.586203396	NA	01	0	0	01	0	0	2	1	1.8791124	01	0
chr3	20000000	chr19	34000000	1	11	1	01	0.949681818	NA	01	0	0	01	0	0	2	1	2.32816192	01	0
chr3	20000000	chr19	33000000	1	11	1	01	0.960034668	NA	01	0	0	01	0	0	2	1	2.09052795	01	0
chr3	26000000	chr19	4000000	3	11	3	01	0.840597749	NA	01	0	0	01	0	0	2	1	1.42653351	01	0
chr3	26000000	chr19	53000000	1	11	1	01	0.799776316	NA	01	0	0	01	0	0	2	1	1.89713505	01	0
chr3	26000000	chr19	30000000	2	11	2	01	0.882751763	NA	01	0	0	01	0	0	2	1	1.15399366	01	0
chr3	27000000	chr19	32000000	1	11	1	01	0.963492751	NA	01	0	0	01	0	0	2	1	2.09447402	01	0
chr3	27000000	chr19	4000000	6	11	6	01	0.905018866	NA	01	0	0	01	0	0	2	1	1.6390468	01	0
chr3	28000000	chr19	56000000	5	11	5	01	0.707604766	NA	01	0	0	01	0	0	2	1	1.8718762	01	0
chr3	28000000	chr19	34000000	4	11	4	01	0.967814863	NA	01	0	0	01	0	0	2	1	2.29519237	01	0
chr3	28000000	chr19	55000000	1	11	1	01	0.52820909	NA	01	0	0	01	0	0	2	1	2.02044626	01	0
chr3	28000000	chr19	31000000	1	11	1	01	0.997969329	NA	01	0	0	01	0	0	2	1	1.95958443	01	0
chr3	9000000	chr4	154000000	10	10	10	00	0.628706694	NA	00	0	0	00	0	0	2	1	0.809516963	00	0
chr3	10000000	chr4	154000000	2	10	2	00	0.438247532	NA	00	0	0	00	0	0	2	1	0.275339817	00	0
chr3	4000000	chr7	100000000	2	10	1	11	0.531085193	NA	11	1	1	11	1	1	3	1	3.53288604	11	1
chr3	4000000	chr7	116000000	1	10	1	11	0.898418367	NA	11	0	1	11	0	0	3	1	3.56001452	11	1
chr3	4000000	chr7	117000000	1	10	1	11	0.759774864	NA	11	0	1	11	0	0	3	1	3.6544129	11	1
chr3	5000000	chr7	117000000	5	10	5	11	0.959401309	NA	11	0	5	11	0	0	3	1	3.38536401	11	1
chr3	5000000	chr7	116000000	1	01	1	11	0.955251932	NA	11	0	0	11	0	0	2	1	3.30663126	11	1
chr3	18000000	chr7	117000000	19	10	19	11	0.999913931	NA	11	0	19	11	0	0	3	1	3.16954956	11	1
chr3	18000000	chr7	116000000	12	10	12	11	0.998004615	NA	11	0	12	11	0	0	3	1	3.14254977	11	1
chr3	18000000	chr7	120000000	4	10	4	11	0.664203584	NA	11	0	4	11	0	0	3	1	1.33451671	11	1
chr3	18000000	chr7	112000000	4	10	4	11	0.84311676	NA	11	0	4	11	0	0	3	1	1.49110556	11	1
chr3	18000000	chr7	100000000	1	10	1	11	0.676405609	NA	11	0	1	11	0	0	3	1	3.11458129	11	1
chr3	18000000	chr7	99000000	1	10	1	11	0.689317584	NA	11	0	1	11	0	0	3	1	3.02037503	11	1
chr3	18000000	chr7	118000000	3	10	3	11	0.706099331	NA	11	0	3	11	0	0	3	1	0.825516616	11	1
chr3	19000000	chr7	112000000	1	10	1	11	0.85127306	NA	11	0	1	11	0	0	3	1	1.64000511	11	1
chr3	19000000	chr7	117000000	8	10	8	11	0.98243916	NA	11	0	8	11	0	0	3	1	3.30932842	11	1
chr3	19000000	chr7	100000000	14	10	14	11	0.973395765	NA	11	0	14	11	0	0	3	1	3.2874023	11	1
chr3	19000000	chr7	101000000	2	10	2	11	0.573506713	NA	11	0	2	11	0	0	3	1	2.70299147	11	1
chr3	19000000	chr7	113000000	2	10	2	11	0.736888468	NA	11	0	2	11	0	0	3	1	2.40515761	11	1
chr3	30000000	chr7	79000000	2	01	2	11	0.878925383	NA	11	0	0	11	0	0	2	1	1.79948419	11	1
chr3	30000000	chr7	35000000	1	01	1	01	0.25	NA	00	0	0	11	0	0	2	2	1.56974586	11	1
chr3	31000000	chr7	109000000	1	01	1	11	0.682493329	NA	11	0	0	11	0	0	2	1	1.28409605	11	1
chr3	32000000	chr7	110000000	1	11	1	11	0.620485306	NA	11	1	0	11	1	1	1	1	1.33118085	11	1
chr3	32000000	chr7	81000000	1	01	1	11	0.754776061	NA	11	0	0	11	0	0	2	1	2.16295494	11	1
chr3	38000000	chr7	50000000	5	00	5	11	0.924149156	NA	11	0	0	11	0	5	4	1	1.87649822	11	1
chr3	39000000	chr7	52000000	13	00	12	11	0.997114182	NA	11	0	0	11	0	12	4	1	2.53397136	11	1
chr3	39000000	chr7	51000000	3	00	3	11	0.960316777	NA	11	0	0	11	0	3	4	1	2.25351032	11	1
chr3	39000000	chr7	50000000	7	00	7	11	0.982447922	NA	11	0	0	11	0	7	4	1	2.37648687	11	1
chr3	39000000	chr7	63000000	2	00	2	11	0.89276433	NA	11	0	0	11	0	2	4	1	2.74355752	11	1
chr3	39000000	chr7	4000000	1	00	1	11	0.473452419	NA	11	0	0	11	0	1	4	1	1.55044718	11	1
chr3	40000000	chr7	50000000	13	00	13	11	0.992900491	NA	11	0	0	11	0	13	4	1	2.40960607	11	1
chr3	40000000	chr7	52000000	2	00	2	11	0.921988487	NA	11	0	0	11	0	2	4	1	2.5981861	11	1
chr3	40000000	chr7	110000000	24	01	23	11	0.99821043	NA	11	0	0	11	0	1	2	1	2.1591188	11	1
chr3	40000000	chr7	111000000	3	01	3	11	0.720890522	NA	11	0	0	11	0	0	2	1	2.11500061	11	1
chr3	40000000	chr7	63000000	2	00	2	11	0.95333159	NA	11	0	0	11	0	2	4	1	2.86976633	11	1
chr3	40000000	chr7	71000000	22	00	22	11	0.985654414	NA	11	0	0	11	0	22	4	1	1.83535607	11	1
chr3	40000000	chr7	72000000	2	00	2	11	0.890901268	NA	11	0	0	11	0	2	4	1	2.04880289	11	1
chr3	40000000	chr7	70000000	3	00	3	11	0.92420727	NA	11	0	0	11	0	3	4	1	2.06731791	11	1
chr3	41000000	chr7	118000000	1	10	1	11	0.803890824	NA	11	0	1	11	0	0	3	1	1.76890222	11	1
chr3	41000000	chr7	77000000	2	01	2	11	0.862488389	NA	11	0	0	11	0	0	2	1	2.29285042	11	1
chr3	41000000	chr7	108000000	6	01	6	11	0.983734965	NA	11	0	0	11	0	0	2	1	2.29072827	11	1
chr3	41000000	chr7	117000000	5	10	5	11	0.994409263	NA	11	0	5	11	0	0	3	1	2.87122879	11	1
chr3	41000000	chr7	79000000	4	01	4	11	0.937182486	NA	11	0	0	11	0	0	2	1	2.09860389	11	1
chr3	41000000	chr7	78000000	4	01	4	11	0.739994407	NA	11	0	0	11	0	0	2	1	2.07212929	11	1
chr3	42000000	chr7	79000000	5	01	5	11	0.605727255	NA	11	0	0	11	0	0	2	1	1.7653296	11	1
chr3	42000000	chr7	108000000	1	01	1	11	0.812549412	NA	11	0	0	11	0	0	2	1	1.52861699	11	1
chr3	43000000	chr7	79000000	2	01	2	11	0.772715986	NA	11	0	0	11	0	0	2	1	1.26238109	11	1
chr3	54000000	chr7	37000000	2	01	1	01	0.438426733	NA	01	1	0	01	1	2	1	1	0.481890292	01	1
chr3	54000000	chr7	36000000	1	01	1	01	0.486166179	NA	01	1	0	01	1	1	1	1	0.397452928	01	1
chr3	55000000	chr7	79000000	2	01	2	01	0.693428159	NA	01	2	0	01	2	2	1	1	0.845209013	01	1
chr3	55000000	chr7	35000000	8	01	8	01	0.762512267	NA	01	8	0	01	8	8	1	1	0.988717484	01	1
chr3	55000000	chr7	78000000	15	01	14	01	0.787570059	NA	01	14	1	01	14	14	1	1	0.873651908	01	1
chr3	55000000	chr7	36000000	13	01	12	01	0.801558435	NA	01	12	1	01	12	12	1	1	1.17447175	01	1
chr3	55000000	chr7	37000000	3	01	3	01	0.475519449	NA	01	3	0	01	3	3	1	1	1.20317193	01	1
chr3	57000000	chr7	118000000	11	10	11	01	0.892055571	NA	01	0	0	01	0	11	3	1	1.21058419	01	1
chr3	57000000	chr7	119000000	2	10	2	01	0.879412532	NA	01	0	0	01	0	2	3	1	1.58688736	01	1
chr3	57000000	chr7	103000000	3	10	3	11	0.525972724	NA	11	0	3	11	0	0	3	1	0.233692794	11	1
chr3	57000000	chr7	102000000	1	10	1	11	0.576355755	NA	11	0	1	11	0	0	3	1	0.750174076	11	1
chr3	57000000	chr7	98000000	1	10	1	11	0.638609648	NA	11	0	1	11	0	0	3	1	1.23112415	11	1
chr3	58000000	chr7	118000000	9	10	9	01	0.857538581	NA	01	0	0	01	0	9	3	1	1.39186056	01	1
chr3	58000000	chr7	103000000	1	10	1	11	0.559891164	NA	11	0	1	11	0	0	3	1	0.374477004	11	1
chr3	58000000	chr7	104000000	1	10	1	11	0.782044947	NA	11	0	1	11	0	0	3	1	2.99778646	11	1
chr3	58000000	chr7	119000000	1	10	1	01	0.779057622	NA	01	0	0	01	0	1	3	1	1.94843302	01	1
chr3	58000000	chr7	98000000	6	10	4	11	0.865171611	NA	11	2	4	11	2	2	3	1	1.99605409	11	1
chr3	58000000	chr7	105000000	1	10	1	11	0.613651693	NA	11	0	1	11	0	0	3	1	1.83040926	11	1
chr3	68000000	chr7	118000000	7	10	7	01	0.925844669	NA	01	0	0	01	0	7	3	1	0.792128139	01	1
chr3	69000000	chr7	118000000	9	10	9	11	0.576479673	NA	11	0	9	11	0	0	3	1	0.143447525	11	1
chr3	69000000	chr7	117000000	24	10	24	11	0.999990702	NA	11	0	24	11	0	0	3	1	3.01369636	11	1
chr3	69000000	chr7	116000000	13	10	13	11	0.999862194	NA	11	0	13	11	0	0	3	1	3.08411078	11	1
chr3	69000000	chr7	99000000	33	10	33	11	0.999642611	NA	11	0	33	11	0	0	3	1	3.19064109	11	1
chr3	69000000	chr7	112000000	1	10	1	11	0.632016778	NA	11	0	1	11	0	0	3	1	0.990819242	11	1
chr3	69000000	chr7	100000000	3	10	3	11	0.992309093	NA	11	0	3	11	0	0	3	1	3.34784091	11	1
chr3	69000000	chr7	101000000	1	10	1	11	0.680930018	NA	11	0	1	11	0	0	3	1	2.70750856	11	1
chr3	69000000	chr7	98000000	1	10	1	11	0.700686097	NA	11	0	1	11	0	0	3	1	3.0269702	11	1
chr3	70000000	chr7	117000000	6	10	6	11	0.998078227	NA	11	0	6	11	0	0	3	1	2.98442342	11	1
chr3	71000000	chr7	117000000	2	10	2	11	0.996939182	NA	11	0	2	11	0	0	3	1	3.3078107	11	1
chr3	71000000	chr7	116000000	1	10	1	11	0.996072888	NA	11	0	1	11	0	0	3	1	3.24209964	11	1
chr3	72000000	chr7	117000000	9	10	9	11	0.999495983	NA	11	0	9	11	0	0	3	1	3.10240126	11	1
chr3	72000000	chr7	116000000	6	10	6	11	0.992738664	NA	11	0	6	11	0	0	3	1	3.05014228	11	1
chr3	86000000	chr7	80000000	3	01	3	11	0.547336459	NA	11	0	0	11	0	0	2	1	0.691457285	11	1
chr3	86000000	chr7	81000000	1	01	1	11	0.444200546	NA	11	0	0	11	0	0	2	1	0.587739278	11	1
chr3	86000000	chr7	112000000	1	01	1	01	0.318093538	NA	01	1	0	01	1	1	1	1	0.0676453781	01	1
chr3	87000000	chr7	80000000	3	01	3	11	0.589131713	NA	11	0	0	11	0	0	2	1	0.237307278	11	1
chr3	88000000	chr7	80000000	7	01	7	11	0.588461637	NA	11	0	0	11	0	0	2	1	0.130906095	11	1
chr3	88000000	chr7	141000000	7	01	7	11	0.359664768	NA	11	0	0	11	0	0	2	1	0.159751023	11	1
chr3	95000000	chr7	79000000	3	01	3	11	0.611932158	NA	11	0	0	11	0	0	2	1	0.381668955	11	1
chr3	96000000	chr7	141000000	1	01	1	11	0.791960478	NA	11	0	0	11	0	0	2	1	1.38166136	11	1
chr3	97000000	chr7	100000000	3	01	3	11	0.517715633	NA	11	0	0	11	0	0	2	1	1.93706261	11	1
chr3	97000000	chr7	141000000	4	01	4	11	0.959607124	NA	11	0	0	11	0	0	2	1	1.67960561	11	1
chr3	97000000	chr7	99000000	4	01	4	11	0.64988488	NA	11	0	0	11	0	0	2	1	2.01551354	11	1
chr3	97000000	chr7	34000000	3	01	3	11	0.908714473	NA	11	0	0	11	0	0	2	1	1.68069745	11	1
chr3	97000000	chr7	29000000	1	01	1	11	0.625327468	NA	11	0	0	11	0	0	2	1	1.82186306	11	1
chr3	97000000	chr7	113000000	8	01	8	11	0.997860134	NA	11	0	0	11	0	0	2	1	1.96202874	11	1
chr3	97000000	chr7	115000000	5	01	5	11	0.98232919	NA	11	0	0	11	0	0	2	1	1.92726269	11	1
chr3	97000000	chr7	80000000	5	01	5	11	0.957470298	NA	11	0	0	11	0	0	2	1	1.08658807	11	1
chr3	97000000	chr7	28000000	9	01	9	11	0.961909652	NA	11	0	0	11	0	0	2	1	1.82756316	11	1
chr3	97000000	chr7	116000000	4	01	4	11	0.942535698	NA	11	0	0	11	0	0	2	1	1.68975594	11	1
chr3	97000000	chr7	79000000	1	01	1	11	0.870747387	NA	11	0	0	11	0	0	2	1	0.874428703	11	1
chr3	98000000	chr7	142000000	1	01	1	11	0.511306465	NA	11	0	0	11	0	0	2	1	1.10115846	11	1
chr3	98000000	chr7	115000000	16	01	16	11	0.986840844	NA	11	0	0	11	0	0	2	1	1.77551273	11	1
chr3	98000000	chr7	34000000	2	00	1	11	0.915744781	NA	11	0	0	11	0	1	4	1	1.67322153	11	1
chr3	98000000	chr7	36000000	5	01	5	11	0.747797549	NA	11	0	0	11	0	0	2	1	0.715663489	11	1
chr3	98000000	chr7	116000000	13	01	13	11	0.987555921	NA	11	0	0	11	0	0	2	1	1.54039354	11	1
chr3	98000000	chr7	79000000	3	01	3	11	0.715714812	NA	11	0	0	11	0	0	2	1	1.20145059	11	1
chr3	98000000	chr7	37000000	4	01	4	11	0.735758722	NA	11	0	0	11	0	0	2	1	0.77724478	11	1
chr3	98000000	chr7	38000000	2	01	2	11	0.5816167	NA	11	0	0	11	0	0	2	1	1.55226923	11	1
chr3	98000000	chr7	35000000	1	01	1	11	0.893540084	NA	11	0	0	11	0	0	2	1	1.26693528	11	1
chr3	99000000	chr7	79000000	1	01	1	11	0.702863932	NA	11	0	0	11	0	0	2	1	0.847668265	11	1
chr3	100000000	chr7	37000000	1	00	1	11	0.515535712	NA	11	0	0	11	0	1	4	1	0.635959065	11	1
chr3	100000000	chr7	36000000	1	00	1	11	0.584610105	NA	11	0	0	11	0	1	4	1	0.563926005	11	1
chr3	100000000	chr7	35000000	4	00	2	11	0.48565954	NA	11	0	0	11	0	2	4	1	0.888956826	11	1
chr3	101000000	chr7	50000000	3	00	3	11	0.4374336	NA	11	0	0	11	0	3	4	1	1.54692834	11	1
chr3	102000000	chr7	108000000	2	00	1	11	0.714257836	NA	11	0	0	11	0	1	4	1	1.39183221	11	1
chr3	102000000	chr7	110000000	4	01	3	11	0.697220862	NA	11	0	0	11	0	1	2	1	1.03723621	11	1
chr3	102000000	chr7	50000000	3	00	3	11	0.74943924	NA	11	0	0	11	0	3	4	1	2.09525808	11	1
chr3	103000000	chr7	111000000	1	01	1	11	0.691183269	NA	11	0	0	11	0	0	2	1	0.532561903	11	1
chr3	103000000	chr7	110000000	3	01	3	11	0.831842244	NA	11	0	0	11	0	0	2	1	0.570605151	11	1
chr3	103000000	chr7	109000000	2	01	2	11	0.649077177	NA	11	0	0	11	0	0	2	1	0.717152994	11	1
chr3	104000000	chr7	80000000	1	01	1	11	0.696966648	NA	11	0	0	11	0	0	2	1	0.654202969	11	1
chr3	108000000	chr7	80000000	3	01	3	11	0.615964592	NA	11	0	0	11	0	0	2	1	0.543292411	11	1
chr3	112000000	chr7	79000000	14	01	14	01	0.812363446	NA	01	14	0	01	14	14	1	1	0.80178803	01	1
chr3	112000000	chr7	78000000	2	01	2	01	0.609678864	NA	01	2	0	01	2	2	1	1	0.659102622	01	1
chr3	112000000	chr7	36000000	1	01	1	01	0.557495654	NA	01	1	0	01	1	1	1	1	1.11115458	01	1
chr3	113000000	chr7	35000000	1	01	1	01	0.695412159	NA	01	1	0	01	1	1	1	1	1.18262819	01	1
chr3	113000000	chr7	36000000	3	01	3	01	0.803700447	NA	01	3	0	01	3	3	1	1	1.40602612	01	1
chr3	115000000	chr7	114000000	2	01	1	01	0.355132699	NA	01	1	0	01	1	1	1	1	0.274187113	01	1
chr3	115000000	chr7	115000000	1	01	1	01	0.410618097	NA	01	1	0	01	1	1	1	1	0.205093442	01	1
chr3	115000000	chr7	37000000	8	01	8	01	0.871968925	NA	01	8	0	01	8	8	1	1	1.2447079	01	1
chr3	115000000	chr7	36000000	1	01	1	01	0.533438206	NA	01	1	0	01	1	1	1	1	1.15211438	01	1
chr3	116000000	chr7	115000000	8	01	8	01	0.426950663	NA	01	8	0	01	8	8	1	1	0.41917771	01	1
chr3	116000000	chr7	37000000	7	01	7	01	0.928305209	NA	01	7	0	01	7	7	1	1	1.64986091	01	1
chr3	116000000	chr7	114000000	4	01	4	01	0.478546113	NA	01	4	0	01	4	4	1	1	0.517624224	01	1
chr3	116000000	chr7	46000000	1	01	1	01	0.586178303	NA	01	1	0	01	1	1	1	1	0.651467742	01	1
chr3	118000000	chr7	118000000	2	10	2	01	0.546828687	NA	01	0	0	01	0	2	3	1	1.17098297	01	1
chr3	118000000	chr7	103000000	1	10	1	01	0.418521345	NA	01	0	0	11	0	1	3	2	0.105556141	11	1
chr3	118000000	chr7	104000000	2	10	2	11	0.749222338	NA	11	0	2	11	0	0	3	1	2.25800971	11	1
chr3	118000000	chr7	105000000	1	10	1	11	0.578496099	NA	11	0	1	11	0	0	3	1	1.4404577	11	1
chr3	118000000	chr7	98000000	3	10	3	11	0.59041959	NA	11	0	3	11	0	0	3	1	1.5381564	11	1
chr3	118000000	chr7	45000000	2	01	2	11	0.740516186	NA	11	0	0	11	0	0	2	1	1.71722563	11	1
chr3	119000000	chr7	46000000	2	01	2	11	0.523773313	NA	11	0	0	11	0	0	2	1	0.198165371	11	1
chr3	119000000	chr7	61000000	1	01	1	01	0.381334573	NA	01	1	0	01	1	1	1	1	0.0564746736	01	1
chr3	120000000	chr7	45000000	1	01	1	11	0.686131775	NA	11	0	0	11	0	0	2	1	0.82569206	11	1
chr3	120000000	chr7	43000000	1	01	1	11	0.500611365	NA	11	0	0	11	0	0	2	1	0.574633587	11	1
chr3	129000000	chr7	118000000	4	10	4	01	0.575257421	NA	01	0	0	01	0	4	3	1	0.996756198	01	1
chr3	129000000	chr7	117000000	3	10	3	11	0.630616069	NA	11	0	3	11	0	0	3	1	1.49776157	11	1
chr3	130000000	chr7	119000000	1	10	1	01	0.465335727	NA	01	0	0	01	0	1	3	1	1.73997053	01	1
chr3	152000000	chr7	117000000	2	10	2	11	0.934523046	NA	11	0	2	11	0	0	3	1	1.65888013	11	1
chr3	153000000	chr7	117000000	4	10	4	11	0.907881677	NA	11	0	4	11	0	0	3	1	1.62421038	11	1
chr3	153000000	chr7	118000000	2	10	2	01	0.91847986	NA	01	0	0	01	0	2	3	1	1.4669612	01	1
chr3	154000000	chr7	119000000	2	10	2	01	0.999855638	NA	01	0	0	01	0	2	3	1	3.09771028	01	1
chr3	154000000	chr7	118000000	1	10	1	01	0.957764149	NA	01	0	0	01	0	1	3	1	2.80664146	01	1
chr3	155000000	chr7	119000000	2	10	2	01	0.97557348	NA	01	0	0	01	0	2	3	1	3.03261406	01	1
chr3	156000000	chr7	25000000	2	01	1	11	0.433885545	NA	11	0	1	11	0	0	3	1	3.44607794	11	1
chr3	156000000	chr7	119000000	9	10	9	01	0.996872485	NA	01	0	0	01	0	9	3	1	3.32185101	01	1
chr3	156000000	chr7	118000000	9	10	9	01	0.997433245	NA	01	0	0	01	0	9	3	1	2.86670954	01	1
chr3	157000000	chr7	119000000	19	10	19	01	0.999983191	NA	01	0	0	01	0	19	2	1	3.52588906	01	1
chr3	157000000	chr7	102000000	3	10	3	01	0.436587632	NA	01	0	0	01	0	3	3	1	0.9593857	01	1
chr3	157000000	chr7	118000000	33	10	33	01	0.999908805	NA	01	0	0	01	0	33	2	1	3.13774662	01	1
chr3	157000000	chr7	58000000	5	01	5	01	0.25	NA	00	0	0	01	5	0	1	1	0.340962578	01	1
chr3	157000000	chr7	25000000	3	01	3	11	0.431880027	NA	11	0	0	11	0	0	2	1	3.60941417	11	1
chr3	7000000	chr8	99000000	13	00	13	10	0.584043145	NA	10	0	0	10	0	0	2	1	0.0848135265	10	0
chr3	7000000	chr8	98000000	1	00	1	00	0.413030684	NA	00	1	1	00	1	1	1	1	0.567179183	00	0
chr3	8000000	chr8	99000000	3	00	3	10	0.526450098	NA	10	0	0	10	0	0	2	1	0.441663894	10	0
chr3	9000000	chr8	99000000	1	00	1	10	0.468142867	NA	10	0	0	10	0	0	2	1	0.146044115	10	0
chr3	49000000	chr8	98000000	22	00	22	00	0.994767785	NA	00	22	22	00	22	22	1	1	2.64260705	00	0
chr3	49000000	chr8	95000000	9	00	9	00	0.962908447	NA	00	9	9	00	9	9	1	1	1.91430605	00	0
chr3	49000000	chr8	99000000	2	00	2	00	0.880378544	NA	00	2	2	00	2	2	1	1	2.19851533	00	0
chr3	49000000	chr8	97000000	3	00	3	00	0.54675287	NA	00	3	3	00	3	3	1	1	1.63164464	00	0
chr3	49000000	chr8	102000000	2	00	2	00	0.601214588	NA	00	2	2	00	2	2	1	1	2.09139376	00	0
chr3	50000000	chr8	95000000	1	00	1	00	0.722469151	NA	00	1	1	00	1	1	1	1	1.25508818	00	0
chr3	50000000	chr8	98000000	10	00	10	00	0.984333158	NA	00	10	10	00	10	10	1	1	2.03863547	00	0
chr3	50000000	chr8	97000000	5	00	5	00	0.640967727	NA	00	5	5	00	5	5	1	1	0.718095744	00	0
chr3	50000000	chr8	82000000	2	00	2	10	0.3815763	NA	10	0	0	00	2	0	1	2	0.191448002	00	0
chr3	51000000	chr8	97000000	2	00	2	00	0.734269083	NA	00	2	2	00	2	2	1	1	1.21901435	00	0
chr3	51000000	chr8	82000000	2	00	2	00	0.451362103	NA	00	2	2	00	2	2	1	1	0.914870258	00	0
chr3	51000000	chr8	98000000	4	00	4	00	0.969604373	NA	00	4	4	00	4	4	1	1	2.17805923	00	0
chr3	93000000	chr8	106000000	2	11	2	00	0.395745754	NA	00	0	0	00	0	2	4	1	0.794881794	00	0
chr3	94000000	chr8	80000000	1	11	1	00	0.25	NA	00	0	0	00	0	1	4	1	1.31911602	00	0
chr3	108000000	chr8	106000000	8	11	8	00	0.982355535	NA	00	0	0	00	0	8	4	1	2.47573015	00	0
chr3	108000000	chr8	45000000	5	11	5	00	0.596837163	NA	00	0	0	00	0	5	4	1	0.142107689	00	0
chr3	108000000	chr8	80000000	1	11	1	00	0.717273891	NA	00	0	0	00	0	1	4	1	2.32643225	00	0
chr3	109000000	chr8	80000000	9	11	8	00	0.935658932	NA	00	0	0	00	0	8	4	1	2.36877717	00	0
chr3	109000000	chr8	106000000	15	11	15	00	0.999317288	NA	00	0	0	00	0	15	4	1	2.96039584	00	0
chr3	109000000	chr8	45000000	4	11	4	00	0.644143581	NA	00	0	0	00	0	4	4	1	0.244962846	00	0
chr3	109000000	chr8	46000000	4	11	4	00	0.908190548	NA	00	0	0	00	0	4	4	1	1.44941481	00	0
chr3	109000000	chr8	79000000	5	11	5	00	0.555195153	NA	00	0	0	00	0	5	4	1	2.44291196	00	0
chr3	109000000	chr8	110000000	3	11	3	00	0.90836215	NA	00	0	0	00	0	3	4	1	2.22021241	00	0
chr3	109000000	chr8	44000000	1	11	1	01	0.521512389	NA	01	0	0	01	0	0	3	1	1.09203523	01	0
chr3	109000000	chr8	107000000	1	11	1	00	0.908135653	NA	00	0	0	00	0	1	4	1	2.34383281	00	0
chr3	110000000	chr8	106000000	3	11	3	00	0.942340612	NA	00	0	0	00	0	3	4	1	2.15146599	00	0
chr3	110000000	chr8	45000000	1	11	1	00	0.485690206	NA	00	0	0	00	0	1	4	1	0.25111769	00	0
chr3	147000000	chr8	106000000	1	10	1	00	0.389634997	NA	00	0	0	00	0	0	3	1	1.21363945	00	0
chr3	147000000	chr8	45000000	2	11	2	00	0.25	NA	00	0	0	01	0	2	4	2	0.856982905	01	0
chr4	22000000	chr10	7000000	8	10	8	00	0.604559064	NA	00	0	0	00	0	0	4	1	0.125394526	00	1
chr4	22000000	chr10	10000000	6	10	6	00	0.665346563	NA	00	0	0	00	0	0	4	1	0.35584201	00	1
chr4	22000000	chr10	6000000	2	10	2	00	0.585476279	NA	00	0	0	00	0	0	4	1	0.280093548	00	1
chr4	22000000	chr10	25000000	2	10	2	00	0.433991343	NA	00	0	0	00	0	0	4	1	0.593395968	00	1
chr4	22000000	chr10	23000000	8	10	7	00	0.817205131	NA	00	1	0	00	1	1	4	1	1.17414203	00	1
chr4	23000000	chr10	6000000	1	10	1	00	0.448989868	NA	00	0	0	00	0	0	4	1	0.151069596	00	1
chr4	23000000	chr10	25000000	2	10	2	00	0.563054681	NA	00	0	0	00	0	0	4	1	0.494842424	00	1
chr4	23000000	chr10	9000000	7	10	7	01	0.651667297	NA	01	0	0	01	0	7	4	1	0.509400143	01	1
chr4	23000000	chr10	5000000	1	10	1	01	0.564276278	NA	01	0	0	01	0	1	4	1	0.568695116	01	1
chr4	23000000	chr10	17000000	1	10	1	00	0.621538937	NA	00	0	0	00	0	0	4	1	1.07727148	00	1
chr4	23000000	chr10	23000000	1	11	1	00	0.828740358	NA	00	0	0	00	0	1	3	1	1.1588415	00	1
chr4	23000000	chr10	7000000	1	10	1	00	0.478833795	NA	00	0	0	01	0	0	4	2	0.090424834	01	1
chr4	24000000	chr10	7000000	4	10	4	00	0.527105272	NA	00	0	0	00	0	0	4	1	0.0193970002	00	1
chr4	28000000	chr10	23000000	6	10	6	00	0.714122534	NA	00	0	0	00	0	0	4	1	1.07236309	00	1
chr4	45000000	chr10	59000000	2	10	2	01	0.684305489	NA	01	0	0	01	0	2	4	1	0.48942712	01	1
chr4	46000000	chr10	7000000	6	10	6	00	0.573099613	NA	00	0	0	00	0	0	4	1	0.156193107	00	1
chr4	46000000	chr10	59000000	18	10	18	00	0.862849474	NA	00	0	0	00	0	0	4	1	0.852596236	00	1
chr4	46000000	chr10	14000000	4	10	4	00	0.938592017	NA	00	0	0	00	0	0	4	1	2.31220383	00	1
chr4	46000000	chr10	8000000	2	10	2	01	0.556057811	NA	01	0	0	01	0	2	4	1	0.00575235757	01	1
chr4	46000000	chr10	11000000	1	10	1	00	0.501073122	NA	00	0	0	00	0	0	4	1	0.196666569	00	1
chr4	46000000	chr10	13000000	17	10	17	00	0.997559071	NA	00	0	0	00	0	0	4	1	2.16022994	00	1
chr4	46000000	chr10	69000000	5	10	5	00	0.902956426	NA	00	0	0	00	0	0	4	1	1.80360134	00	1
chr4	46000000	chr10	18000000	13	10	12	00	0.995274782	NA	00	1	0	00	1	1	4	1	1.65025634	00	1
chr4	46000000	chr10	60000000	6	10	6	00	0.848285079	NA	00	0	0	00	0	0	4	1	1.58087752	00	1
chr4	46000000	chr10	68000000	9	10	9	00	0.918778121	NA	00	0	0	00	0	0	4	1	1.22145543	00	1
chr4	46000000	chr10	4000000	11	10	11	01	0.556880176	NA	01	0	0	01	0	11	4	1	0.102279414	01	1
chr4	46000000	chr10	5000000	5	10	5	00	0.577041388	NA	00	0	0	00	0	0	4	1	0.0107822672	00	1
chr4	46000000	chr10	24000000	5	10	5	00	0.97499305	NA	00	0	0	00	0	0	4	1	1.1431177	00	1
chr4	46000000	chr10	25000000	3	10	3	00	0.951438606	NA	00	0	0	00	0	0	4	1	1.12116133	00	1
chr4	47000000	chr10	24000000	2	10	2	00	0.767595232	NA	00	0	0	00	0	0	4	1	0.506058378	00	1
chr4	47000000	chr10	7000000	17	10	17	01	0.870141268	NA	01	0	0	01	0	17	4	1	0.678173256	01	1
chr4	47000000	chr10	25000000	5	10	5	00	0.70277369	NA	00	0	0	00	0	0	4	1	0.163424917	00	1
chr4	47000000	chr10	5000000	4	10	3	01	0.892809629	NA	01	0	1	01	0	3	4	1	1.18902786	01	1
chr4	47000000	chr10	6000000	1	11	1	01	0.598089993	NA	01	0	0	01	0	0	3	1	0.492318783	01	1
chr4	47000000	chr10	4000000	1	10	1	01	0.654531002	NA	01	0	0	01	0	1	4	1	1.09251899	01	1
chr4	47000000	chr10	26000000	1	10	1	00	0.626954436	NA	00	0	0	00	0	0	4	1	0.52776867	00	1
chr4	48000000	chr10	5000000	2	10	2	01	0.837278247	NA	01	0	0	01	0	2	4	1	1.27539207	01	1
chr4	48000000	chr10	25000000	1	10	1	00	0.593120813	NA	00	0	0	00	0	0	4	1	0.0633845563	00	1
chr4	48000000	chr10	6000000	2	10	2	01	0.625069678	NA	01	0	0	01	0	2	4	1	0.557746215	01	1
chr4	48000000	chr10	7000000	4	10	4	01	0.823318422	NA	01	0	0	01	0	4	4	1	0.682171981	01	1
chr4	48000000	chr10	8000000	1	10	1	01	0.803449392	NA	01	0	0	01	0	1	4	1	0.871811729	01	1
chr4	48000000	chr10	31000000	1	10	1	01	0.607995868	NA	01	0	0	01	0	1	4	1	0.459073471	01	1
chr4	53000000	chr10	27000000	6	10	5	00	0.980163991	NA	00	1	0	00	1	1	4	1	1.92774986	00	1
chr4	53000000	chr10	28000000	2	10	2	00	0.983001113	NA	00	0	0	00	0	0	4	1	1.853262	00	1
chr4	53000000	chr10	57000000	2	10	2	11	0.458637536	NA	11	0	2	11	0	0	4	1	0.461545	11	1
chr4	53000000	chr10	29000000	1	10	1	00	0.947981954	NA	00	0	0	00	0	0	4	1	1.80850217	00	1
chr4	54000000	chr10	28000000	12	10	12	00	0.989517748	NA	00	0	0	00	0	0	4	1	2.09840344	00	1
chr4	54000000	chr10	29000000	3	10	3	00	0.99768436	NA	00	0	0	00	0	0	4	1	2.12458831	00	1
chr4	54000000	chr10	30000000	13	10	13	00	0.998647392	NA	00	0	0	00	0	0	4	1	1.92088043	00	1
chr4	55000000	chr10	30000000	12	10	12	00	0.94442153	NA	00	0	0	00	0	0	4	1	1.39651869	00	1
chr4	56000000	chr10	28000000	1	10	1	00	0.917394042	NA	00	0	0	00	0	0	4	1	2.00475571	00	1
chr4	56000000	chr10	27000000	2	10	2	00	0.901180327	NA	00	0	0	00	0	0	4	1	2.04919323	00	1
chr4	56000000	chr10	26000000	1	10	1	00	0.953264117	NA	00	0	0	00	0	0	4	1	1.50321662	00	1
chr4	56000000	chr10	29000000	1	10	1	00	0.841268539	NA	00	0	0	00	0	0	4	1	1.84234337	00	1
chr4	64000000	chr10	4000000	3	10	3	01	0.818193078	NA	01	0	0	01	0	3	4	1	1.41166139	01	1
chr4	64000000	chr10	24000000	1	10	1	00	0.482244432	NA	00	0	0	00	0	0	4	1	0.0758262101	00	1
chr4	68000000	chr10	5000000	2	10	2	01	0.784150183	NA	01	0	0	01	0	2	4	1	1.37368942	01	1
chr4	68000000	chr10	31000000	5	10	5	01	0.753739476	NA	01	0	0	01	0	5	4	1	0.769484379	01	1
chr4	68000000	chr10	30000000	2	10	2	00	0.588733912	NA	00	0	0	00	0	0	4	1	0.710109192	00	1
chr4	69000000	chr10	31000000	3	10	3	01	0.547067821	NA	01	0	0	01	0	3	4	1	0.303261862	01	1
chr4	69000000	chr10	5000000	11	10	11	01	0.931198537	NA	01	0	0	01	0	11	4	1	1.21898993	01	1
chr4	69000000	chr10	29000000	2	10	2	01	0.593282342	NA	01	0	0	01	0	2	4	1	0.74938408	01	1
chr4	69000000	chr10	6000000	3	10	3	01	0.572263777	NA	01	0	0	01	0	3	4	1	0.584561572	01	1
chr4	92000000	chr10	30000000	2	10	2	00	0.788545132	NA	00	0	0	00	0	0	4	1	1.08306278	00	1
chr4	93000000	chr10	30000000	1	10	1	00	0.715532839	NA	00	0	0	00	0	0	4	1	1.18496636	00	1
chr4	99000000	chr10	12000000	3	10	3	01	0.745793641	NA	01	0	0	01	0	3	4	1	1.10011128	01	1
chr4	99000000	chr10	31000000	1	10	1	00	0.351162016	NA	00	0	0	00	0	0	4	1	0.0731559204	00	1
chr4	99000000	chr10	30000000	2	10	2	00	0.816979229	NA	00	0	0	00	0	0	4	1	1.67807381	00	1
chr4	99000000	chr10	26000000	4	10	4	00	0.730588615	NA	00	0	0	00	0	0	4	1	1.46054036	00	1
chr4	99000000	chr10	33000000	2	10	2	00	0.375976622	NA	00	0	0	00	0	0	4	1	0.0182217176	00	1
chr4	99000000	chr10	34000000	4	10	4	11	0.678632259	NA	11	0	4	11	0	0	4	1	0.341930885	11	1
chr4	100000000	chr10	26000000	3	10	3	00	0.528232932	NA	00	0	0	00	0	0	4	1	0.871957974	00	1
chr4	100000000	chr10	34000000	5	10	5	00	0.511285126	NA	00	0	0	00	0	0	4	1	0.325038617	00	1
chr4	100000000	chr10	12000000	6	10	6	01	0.960747123	NA	01	0	0	01	0	6	4	1	0.706717969	01	1
chr4	100000000	chr10	11000000	6	10	6	01	0.984531939	NA	01	0	0	01	0	6	4	1	1.24300414	01	1
chr4	100000000	chr10	58000000	3	10	2	01	0.388335258	NA	01	1	0	00	0	3	4	2	0.152686287	00	1
chr4	100000000	chr10	69000000	8	10	8	00	0.4523682	NA	00	0	0	00	0	0	4	1	0.350004676	00	1
chr4	100000000	chr10	25000000	7	10	7	00	0.637736022	NA	00	0	0	00	0	0	4	1	0.309856756	00	1
chr4	100000000	chr10	33000000	2	10	2	01	0.560803533	NA	01	0	0	01	0	2	4	1	0.0778094234	01	1
chr4	100000000	chr10	8000000	3	10	3	01	0.918389857	NA	01	0	0	01	0	3	4	1	0.762820397	01	1
chr4	101000000	chr10	12000000	5	10	5	01	0.964812875	NA	01	0	0	01	0	5	4	1	1.29471005	01	1
chr4	101000000	chr10	11000000	2	10	2	01	0.811317563	NA	01	0	0	01	0	2	4	1	1.53195183	01	1
chr4	101000000	chr10	8000000	2	10	2	01	0.829169869	NA	01	0	0	01	0	2	4	1	0.817822888	01	1
chr4	103000000	chr10	30000000	4	10	4	00	0.746773005	NA	00	0	0	00	0	0	4	1	1.55945667	00	1
chr4	103000000	chr10	34000000	2	10	2	11	0.399271548	NA	11	0	2	11	0	0	4	1	0.388367353	11	1
chr4	103000000	chr10	11000000	1	10	1	01	0.576221287	NA	01	0	0	01	0	1	4	1	1.33882226	01	1
chr4	103000000	chr10	12000000	1	10	1	01	0.567768157	NA	01	0	0	01	0	1	4	1	1.28367659	01	1
chr4	104000000	chr10	25000000	1	10	1	00	0.405276835	NA	00	0	0	00	0	0	4	1	0.0281049589	00	1
chr4	104000000	chr10	12000000	8	10	8	01	0.993858397	NA	01	0	0	01	0	8	4	1	1.44025995	01	1
chr4	104000000	chr10	11000000	4	10	4	01	0.9504866	NA	01	0	0	01	0	4	4	1	1.46665502	01	1
chr4	105000000	chr10	12000000	9	10	9	01	0.953827202	NA	01	0	0	01	0	9	4	1	1.07043473	01	1
chr4	105000000	chr10	11000000	1	10	1	01	0.748015225	NA	01	0	0	01	0	1	4	1	1.34088056	01	1
chr4	106000000	chr10	12000000	15	10	15	01	0.950240135	NA	01	0	0	01	0	15	4	1	0.504985459	01	1
chr4	106000000	chr10	85000000	2	01	1	11	0.547810018	NA	11	0	1	11	0	0	3	1	0.992907059	11	1
chr4	106000000	chr10	11000000	4	10	4	01	0.818799257	NA	01	0	0	01	0	4	4	1	0.962559571	01	1
chr4	106000000	chr10	82000000	1	10	1	11	0.67302537	NA	11	0	1	11	0	0	4	1	0.877753675	11	1
chr4	106000000	chr10	40000000	3	10	3	11	0.745195627	NA	11	0	3	11	0	0	4	1	0.0315586075	11	1
chr4	106000000	chr10	83000000	2	10	2	11	0.869071662	NA	11	0	2	11	0	0	4	1	0.548092958	11	1
chr4	106000000	chr10	88000000	1	10	1	11	0.509932399	NA	11	0	1	11	0	0	4	1	0.250153617	11	1
chr4	107000000	chr10	40000000	4	10	4	11	0.95520854	NA	11	0	4	11	0	0	4	1	1.0383134	11	1
chr4	107000000	chr10	84000000	2	10	2	11	0.893989682	NA	11	0	2	11	0	0	4	1	1.73730881	11	1
chr4	107000000	chr10	85000000	1	10	1	11	0.989733994	NA	11	0	1	11	0	0	4	1	1.85526243	11	1
chr4	107000000	chr10	88000000	1	10	1	11	0.490349889	NA	11	0	1	11	0	0	4	1	0.86724038	11	1
chr4	108000000	chr10	83000000	1	10	1	11	0.791629314	NA	11	0	1	11	0	0	4	1	1.22952243	11	1
chr4	108000000	chr10	92000000	2	10	2	11	0.851089597	NA	11	0	2	11	0	0	4	1	0.973622693	11	1
chr4	108000000	chr10	82000000	1	10	1	11	0.848006189	NA	11	0	1	11	0	0	4	1	0.935070499	11	1
chr4	108000000	chr10	108000000	2	10	1	11	0.377208173	NA	11	1	1	11	1	1	4	1	1.46787223	11	1
chr4	108000000	chr10	93000000	6	10	6	11	0.894172072	NA	11	0	6	11	0	0	4	1	0.942159922	11	1
chr4	108000000	chr10	77000000	10	10	10	11	0.996126235	NA	11	0	10	11	0	0	4	1	1.4923503	11	1
chr4	108000000	chr10	70000000	1	10	1	11	0.801730514	NA	11	0	1	11	0	0	4	1	0.675994797	11	1
chr4	108000000	chr10	91000000	5	10	5	11	0.916874528	NA	11	0	5	11	0	0	4	1	0.921417249	11	1
chr4	108000000	chr10	75000000	1	10	1	11	0.904157698	NA	11	0	1	11	0	0	4	1	1.39609312	11	1
chr4	108000000	chr10	76000000	2	10	2	11	0.883715987	NA	11	0	2	11	0	0	4	1	0.945281482	11	1
chr4	108000000	chr10	105000000	2	10	2	00	0.298547029	NA	00	0	0	00	0	0	4	1	0.235312198	00	1
chr4	108000000	chr10	46000000	2	10	2	11	0.825027347	NA	11	0	2	11	0	0	4	1	1.42184814	11	1
chr4	108000000	chr10	47000000	1	10	1	11	0.758210599	NA	11	0	1	11	0	0	4	1	1.86370648	11	1
chr4	109000000	chr10	77000000	5	10	5	11	0.997137666	NA	11	0	5	11	0	0	3	1	2.66964922	11	1
chr4	109000000	chr10	110000000	3	10	3	11	0.4143112	NA	11	0	3	11	0	0	3	1	2.2611154	11	1
chr4	109000000	chr10	46000000	11	10	9	11	0.999507546	NA	11	0	9	11	0	2	4	1	2.69043053	11	1
chr4	109000000	chr10	34000000	1	10	1	11	0.894406378	NA	11	0	1	11	0	0	4	1	2.07575298	11	1
chr4	109000000	chr10	52000000	3	10	3	11	0.97971648	NA	11	0	3	11	0	0	4	1	2.17250231	11	1
chr4	109000000	chr10	47000000	7	10	7	11	0.999447286	NA	11	0	7	11	0	0	4	1	2.99148483	11	1
chr4	109000000	chr10	91000000	15	10	15	11	0.999694824	NA	11	0	15	11	0	0	4	1	2.16882585	11	1
chr4	109000000	chr10	92000000	3	10	3	11	0.986022711	NA	11	0	3	11	0	0	3	1	2.20269524	11	1
chr4	109000000	chr10	76000000	1	10	1	11	0.589325011	NA	11	0	1	11	0	0	4	1	1.92400047	11	1
chr4	109000000	chr10	27000000	1	10	1	11	0.461960971	NA	11	0	1	11	0	0	4	1	0.124007728	11	1
chr4	109000000	chr10	107000000	1	10	1	11	0.441485882	NA	11	0	1	11	0	0	2	1	1.82647311	11	1
chr4	109000000	chr10	108000000	1	10	1	11	0.525006354	NA	11	0	1	11	0	0	3	1	2.24002031	11	1
chr4	110000000	chr10	93000000	2	10	2	11	0.916545331	NA	11	0	2	11	0	0	3	1	2.4874417	11	1
chr4	110000000	chr10	92000000	4	10	4	11	0.998992264	NA	11	0	4	11	0	0	4	1	2.59790728	11	1
chr4	110000000	chr10	108000000	1	10	1	11	0.446341574	NA	11	0	1	11	0	0	2	1	2.83827307	11	1
chr4	110000000	chr10	27000000	6	10	6	00	0.580277264	NA	00	0	0	00	0	0	4	1	0.52039701	00	1
chr4	110000000	chr10	77000000	1	10	1	11	0.954907775	NA	11	0	1	11	0	0	2	1	2.99842439	11	1
chr4	113000000	chr10	57000000	1	10	1	11	0.359448284	NA	11	0	1	00	0	0	4	2	0.026408466	00	1
chr4	114000000	chr10	27000000	2	10	2	00	0.777939856	NA	00	0	0	00	0	0	4	1	1.62300841	00	1
chr4	116000000	chr10	12000000	1	10	1	01	0.778412402	NA	01	0	0	01	0	1	4	1	1.10103168	01	1
chr4	116000000	chr10	11000000	1	10	1	01	0.826358974	NA	01	0	0	01	0	1	4	1	1.21511627	01	1
chr4	116000000	chr10	8000000	2	10	2	01	0.445909619	NA	01	0	0	01	0	2	4	1	0.47711796	01	1
chr4	117000000	chr10	11000000	1	10	1	01	0.52693373	NA	01	0	0	01	0	1	4	1	0.455749431	01	1
chr4	117000000	chr10	8000000	3	10	3	00	0.450726986	NA	00	0	0	00	0	0	4	1	0.0957554378	00	1
chr4	117000000	chr10	70000000	11	10	11	11	0.955183864	NA	11	0	11	11	0	0	4	1	1.00121749	11	1
chr4	117000000	chr10	7000000	1	01	1	00	0.47384426	NA	00	0	1	00	0	0	2	1	0.253723268	00	1
chr4	117000000	chr10	56000000	10	10	9	11	0.784802437	NA	11	1	9	11	1	1	4	1	0.844109362	11	1
chr4	117000000	chr10	47000000	4	10	4	11	0.569436371	NA	11	0	4	11	0	0	4	1	1.64577991	11	1
chr4	117000000	chr10	52000000	7	10	6	11	0.926681876	NA	11	0	6	11	0	0	4	1	1.51265897	11	1
chr4	117000000	chr10	28000000	1	10	1	00	0.512588561	NA	00	0	0	11	0	0	4	2	0.175024451	11	1
chr4	117000000	chr10	34000000	5	10	5	11	0.727936924	NA	11	0	5	11	0	0	4	1	0.568620666	11	1
chr4	117000000	chr10	71000000	1	10	1	11	0.85426718	NA	11	0	1	11	0	0	4	1	1.46481845	11	1
chr4	117000000	chr10	57000000	1	10	1	11	0.46659261	NA	11	0	1	11	0	0	4	1	0.303384914	11	1
chr4	117000000	chr10	27000000	6	10	6	00	0.564384043	NA	00	0	0	11	0	0	4	2	0.0959636855	11	1
chr4	117000000	chr10	91000000	10	10	10	11	0.990611732	NA	11	0	10	11	0	0	4	1	1.78198551	11	1
chr4	117000000	chr10	92000000	6	10	6	11	0.956734061	NA	11	0	6	11	0	0	4	1	1.90483412	11	1
chr4	117000000	chr10	55000000	1	10	1	11	0.557281673	NA	11	0	1	11	0	0	4	1	0.737013889	11	1
chr4	118000000	chr10	91000000	1	10	1	11	0.626288056	NA	11	0	1	11	0	0	4	1	1.54112405	11	1
chr4	118000000	chr10	57000000	1	10	1	11	0.592118204	NA	11	0	1	11	0	0	4	1	0.806967513	11	1
chr4	124000000	chr10	40000000	1	10	1	00	0.400567234	NA	00	0	0	00	0	0	4	1	0.495209924	00	1
chr4	125000000	chr10	12000000	2	10	2	00	0.606248975	NA	00	0	0	00	0	0	4	1	0.150056545	00	1
chr4	125000000	chr10	59000000	5	10	5	00	0.565095603	NA	00	0	0	00	0	0	4	1	0.547850232	00	1
chr4	125000000	chr10	40000000	11	10	11	00	0.628573656	NA	00	0	0	00	0	0	4	1	0.504283926	00	1
chr4	125000000	chr10	19000000	3	10	3	00	0.429713368	NA	00	0	0	00	0	0	4	1	1.17727429	00	1
chr4	125000000	chr10	41000000	10	10	10	11	0.53965497	NA	11	0	10	00	0	0	4	2	0.0170892762	00	1
chr4	125000000	chr10	4000000	7	10	7	00	0.567411959	NA	00	0	0	00	0	0	4	1	0.306344982	00	1
chr4	125000000	chr10	60000000	2	10	2	00	0.492824703	NA	00	0	0	00	0	0	4	1	0.0146317172	00	1
chr4	125000000	chr10	20000000	18	10	18	00	0.855055213	NA	00	0	0	00	0	0	4	1	0.836045612	00	1
chr4	125000000	chr10	39000000	1	10	1	00	0.458004504	NA	00	0	0	00	0	0	4	1	0.148920606	00	1
chr4	129000000	chr10	39000000	1	10	1	11	0.401226312	NA	11	0	1	11	0	0	4	1	0.706792691	11	1
chr4	139000000	chr10	77000000	5	10	5	11	0.447302341	NA	11	0	5	11	0	0	4	1	1.33378903	11	1
chr4	139000000	chr10	93000000	6	10	6	11	0.759970069	NA	11	0	6	11	0	0	4	1	1.60707957	11	1
chr4	139000000	chr10	79000000	1	10	1	11	0.939122677	NA	11	0	1	11	0	0	4	1	2.40250018	11	1
chr4	140000000	chr10	93000000	8	10	8	11	0.897955358	NA	11	0	8	11	0	0	4	1	1.51528508	11	1
chr4	140000000	chr10	79000000	3	10	3	11	0.818317831	NA	11	0	3	11	0	0	4	1	2.82441971	11	1
chr4	140000000	chr10	77000000	12	10	12	11	0.951469362	NA	11	0	12	11	0	0	4	1	1.71175149	11	1
chr4	140000000	chr10	81000000	3	10	3	11	0.693646193	NA	11	0	3	11	0	0	4	1	1.06640843	11	1
chr4	149000000	chr10	85000000	1	10	1	11	0.969877839	NA	11	0	1	11	0	0	4	1	1.60652098	11	1
chr4	150000000	chr10	87000000	6	10	6	11	0.896831036	NA	11	0	6	11	0	0	4	1	1.25796478	11	1
chr4	150000000	chr10	86000000	7	10	7	11	0.912735343	NA	11	0	7	11	0	0	4	1	0.967712359	11	1
chr4	150000000	chr10	88000000	2	10	2	11	0.614625096	NA	11	0	2	11	0	0	4	1	0.767631648	11	1
chr4	150000000	chr10	85000000	2	10	2	11	0.995750546	NA	11	0	2	11	0	0	4	1	1.62046036	11	1
chr4	150000000	chr10	75000000	1	10	1	11	0.583585799	NA	11	0	1	11	0	0	4	1	1.53424491	11	1
chr4	151000000	chr10	86000000	25	10	24	11	0.991356373	NA	11	0	24	11	0	0	4	1	1.06384329	11	1
chr4	151000000	chr10	87000000	33	10	33	11	0.993964612	NA	11	0	33	11	0	0	4	1	1.25608193	11	1
chr4	151000000	chr10	85000000	5	10	5	11	0.992071092	NA	11	0	5	11	0	0	4	1	1.7776568	11	1
chr4	151000000	chr10	75000000	17	10	17	11	0.968794346	NA	11	0	17	11	0	0	4	1	1.62216199	11	1
chr4	151000000	chr10	88000000	8	10	8	11	0.934038818	NA	11	0	8	11	0	0	4	1	0.75918078	11	1
chr4	151000000	chr10	83000000	3	10	3	11	0.970041096	NA	11	0	3	11	0	0	4	1	1.24979271	11	1
chr4	151000000	chr10	82000000	2	10	2	11	0.851602197	NA	11	0	2	11	0	0	4	1	1.68478896	11	1
chr4	126000000	chr11	75000000	4	11	4	01	0.385219485	NA	01	0	0	01	0	0	4	1	0.617657996	01	0
chr4	126000000	chr11	76000000	6	11	6	01	0.354672492	NA	01	0	0	01	0	0	4	1	0.2411988	01	0
chr4	126000000	chr11	105000000	2	11	2	01	0.75258559	NA	01	0	0	01	0	0	4	1	1.83641267	01	0
chr4	126000000	chr11	104000000	1	11	1	01	0.591516674	NA	01	0	0	01	0	0	4	1	1.99485554	01	0
chr4	11000000	chr12	76000000	1	00	1	11	0.541745842	NA	11	0	0	11	0	1	4	1	2.18478069	11	1
chr4	21000000	chr12	76000000	8	00	8	11	0.823372722	NA	11	0	0	11	0	8	4	1	2.3223037	11	1
chr4	21000000	chr12	13000000	5	00	5	11	0.873442769	NA	11	0	0	11	0	5	3	1	1.49951377	11	1
chr4	21000000	chr12	14000000	11	00	11	11	0.915550709	NA	11	0	0	11	0	11	3	1	1.60058794	11	1
chr4	21000000	chr12	15000000	2	00	2	11	0.630479395	NA	11	0	0	11	0	2	3	1	1.77534711	11	1
chr4	22000000	chr12	14000000	18	00	18	11	0.999352515	NA	11	0	0	11	0	18	4	1	3.31195357	11	1
chr4	22000000	chr12	37000000	6	00	6	11	0.81940639	NA	11	0	0	11	0	6	4	1	2.65829079	11	1
chr4	22000000	chr12	38000000	7	00	7	11	0.612056136	NA	11	0	0	11	0	7	4	1	2.68320613	11	1
chr4	22000000	chr12	76000000	1	00	1	11	0.47502178	NA	11	0	0	11	0	1	4	1	2.01102472	11	1
chr4	22000000	chr12	13000000	3	00	3	11	0.990972281	NA	11	0	0	11	0	3	3	1	3.17153884	11	1
chr4	22000000	chr12	118000000	4	00	4	11	0.46430102	NA	11	0	0	11	0	4	4	1	0.997607519	11	1
chr4	22000000	chr12	15000000	1	00	1	11	0.764453471	NA	11	0	0	11	0	1	4	1	3.34125995	11	1
chr4	23000000	chr12	37000000	1	00	1	11	0.409455329	NA	11	0	0	11	0	1	4	1	1.2174969	11	1
chr4	30000000	chr12	119000000	2	10	2	11	0.446180522	NA	11	0	2	11	0	0	3	1	0.0962920567	11	1
chr4	31000000	chr12	119000000	2	00	2	11	0.552681804	NA	11	0	0	11	0	2	4	1	0.84229149	11	1
chr4	31000000	chr12	118000000	4	00	4	11	0.830259144	NA	11	0	0	11	0	4	4	1	1.01277982	11	1
chr4	32000000	chr12	76000000	7	00	7	11	0.9640342	NA	11	0	0	11	0	7	4	1	2.3300708	11	1
chr4	32000000	chr12	86000000	6	00	6	11	0.922837853	NA	11	0	0	11	0	6	4	1	2.59640087	11	1
chr4	32000000	chr12	12000000	2	00	2	11	0.366443992	NA	11	0	0	11	0	2	3	1	0.281502244	11	1
chr4	32000000	chr12	36000000	2	00	2	11	0.520408869	NA	11	0	0	11	0	2	4	1	2.25486561	11	1
chr4	32000000	chr12	16000000	1	10	1	11	0.414238364	NA	11	0	1	11	0	0	2	1	2.21388273	11	1
chr4	33000000	chr12	76000000	3	00	3	11	0.814306736	NA	11	0	0	11	0	3	4	1	1.71934625	11	1
chr4	52000000	chr12	86000000	4	00	4	11	0.948832273	NA	11	0	0	11	0	4	4	1	2.69677375	11	1
chr4	52000000	chr12	78000000	3	00	3	11	0.999698997	NA	11	0	0	11	0	3	4	1	3.2155409	11	1
chr4	52000000	chr12	32000000	3	00	3	11	0.58810842	NA	11	0	0	11	0	3	4	1	2.46381028	11	1
chr4	52000000	chr12	57000000	1	00	1	11	0.926457644	NA	11	0	0	11	0	1	4	1	1.96777322	11	1
chr4	52000000	chr12	36000000	1	00	1	11	0.599309981	NA	11	0	0	11	0	1	4	1	2.30808994	11	1
chr4	52000000	chr12	81000000	2	00	2	11	0.728557467	NA	11	0	0	11	0	2	3	1	0.901419262	11	1
chr4	53000000	chr12	57000000	15	00	15	11	0.990550637	NA	11	0	0	11	0	15	4	1	2.42258091	11	1
chr4	53000000	chr12	81000000	4	00	4	11	0.942595482	NA	11	0	0	11	0	4	4	1	1.95763599	11	1
chr4	53000000	chr12	32000000	2	00	1	11	0.776491821	NA	11	0	0	11	0	1	3	1	2.30221852	11	1
chr4	53000000	chr12	86000000	8	00	8	11	0.999591768	NA	11	0	0	11	0	8	4	1	3.54685424	11	1
chr4	53000000	chr12	85000000	3	00	3	11	0.94329381	NA	11	0	0	11	0	3	4	1	3.23811428	11	1
chr4	53000000	chr12	84000000	3	00	3	11	0.927640855	NA	11	0	0	11	0	3	4	1	1.98482039	11	1
chr4	53000000	chr12	71000000	8	00	8	11	0.828949213	NA	11	0	0	11	0	8	4	1	1.01981356	11	1
chr4	53000000	chr12	12000000	1	00	1	10	0.441246361	NA	10	0	0	10	0	0	3	1	0.370200404	10	1
chr4	53000000	chr12	82000000	2	00	2	11	0.683579803	NA	11	0	0	11	0	2	4	1	1.06123821	11	1
chr4	53000000	chr12	13000000	6	00	6	11	0.426963925	NA	11	0	0	11	0	6	3	1	0.835019994	11	1
chr4	53000000	chr12	72000000	4	00	4	11	0.91200161	NA	11	0	0	11	0	4	4	1	1.99737963	11	1
chr4	53000000	chr12	36000000	1	00	1	11	0.507781327	NA	11	0	0	11	0	1	4	1	2.21235495	11	1
chr4	54000000	chr12	36000000	4	00	4	11	0.835491955	NA	11	0	0	11	0	4	4	1	2.30221096	11	1
chr4	54000000	chr12	86000000	6	00	5	11	0.998116493	NA	11	0	1	11	0	5	4	1	3.53054886	11	1
chr4	54000000	chr12	72000000	1	00	1	11	0.678713143	NA	11	0	0	11	0	1	4	1	1.55905247	11	1
chr4	54000000	chr12	12000000	6	00	6	11	0.399348944	NA	11	0	0	10	0	6	3	2	0.0474052637	10	1
chr4	54000000	chr12	57000000	5	00	5	11	0.974900484	NA	11	0	0	11	0	5	4	1	2.44561353	11	1
chr4	54000000	chr12	78000000	4	00	4	11	0.999826491	NA	11	0	0	11	0	4	4	1	3.71062836	11	1
chr4	55000000	chr12	78000000	2	00	2	11	0.995194256	NA	11	0	0	11	0	2	4	1	3.27155375	11	1
chr4	55000000	chr12	36000000	1	00	1	11	0.645759106	NA	11	0	0	11	0	1	4	1	2.45924166	11	1
chr4	56000000	chr12	78000000	3	00	3	11	0.894101501	NA	11	0	0	11	0	3	4	1	3.65686966	11	1
chr4	56000000	chr12	36000000	2	00	2	11	0.512295723	NA	11	0	0	11	0	2	4	1	2.41060722	11	1
chr4	57000000	chr12	76000000	5	00	5	11	0.994997263	NA	11	0	0	11	0	5	4	1	2.46049662	11	1
chr4	57000000	chr12	86000000	7	00	7	11	0.986698389	NA	11	0	0	11	0	7	4	1	2.7422398	11	1
chr4	57000000	chr12	12000000	2	00	2	10	0.36173591	NA	10	0	0	10	0	0	3	1	0.0497660908	10	1
chr4	57000000	chr12	38000000	1	00	1	11	0.496310532	NA	11	0	0	11	0	1	4	1	1.66287081	11	1
chr4	58000000	chr12	38000000	5	00	5	11	0.804170668	NA	11	0	0	11	0	5	4	1	2.01465908	11	1
chr4	58000000	chr12	76000000	2	00	2	11	0.906373262	NA	11	0	0	11	0	2	4	1	1.42826737	11	1
chr4	59000000	chr12	76000000	9	00	9	11	0.971159518	NA	11	0	0	11	0	9	3	1	1.51245338	11	1
chr4	77000000	chr12	14000000	1	00	1	11	0.25	NA	00	1	1	11	0	1	3	1	1.23580153	11	1
chr4	130000000	chr12	78000000	7	00	7	11	0.989451826	NA	11	0	0	11	0	7	3	1	2.3095497	11	1
chr4	130000000	chr12	79000000	5	00	5	11	0.957076848	NA	11	0	0	11	0	5	3	1	1.6440493	11	1
chr4	130000000	chr12	81000000	1	00	1	11	0.503425181	NA	11	0	0	11	0	1	3	1	0.0359378217	11	1
chr4	131000000	chr12	78000000	13	00	13	11	0.997504413	NA	11	0	0	11	0	13	3	1	2.88246742	11	1
chr4	131000000	chr12	79000000	12	00	12	11	0.988445997	NA	11	0	0	11	0	12	3	1	2.18898186	11	1
chr4	131000000	chr12	80000000	1	00	1	11	0.644537032	NA	11	0	0	11	0	1	3	1	1.9056738	11	1
chr4	132000000	chr12	78000000	1	00	1	11	0.670535982	NA	11	0	0	11	0	1	3	1	2.53080904	11	1
chr4	150000000	chr12	77000000	1	00	1	11	0.542648494	NA	11	0	0	11	0	1	4	1	2.19213206	11	1
chr4	150000000	chr12	38000000	1	00	1	11	0.544845164	NA	11	0	0	11	0	1	4	1	1.23608324	11	1
chr4	151000000	chr12	61000000	4	00	4	11	0.621533573	NA	11	0	0	11	0	4	4	1	1.91317887	11	1
chr4	151000000	chr12	77000000	10	00	10	11	0.890867412	NA	11	0	0	11	0	10	4	1	2.34497392	11	1
chr4	151000000	chr12	35000000	2	00	2	11	0.509522736	NA	11	0	0	11	0	2	4	1	1.40755685	11	1
chr4	152000000	chr12	77000000	1	00	1	11	0.617227495	NA	11	0	0	11	0	1	3	1	1.99984766	11	1
chr4	153000000	chr12	76000000	2	00	2	11	0.731300414	NA	11	0	0	11	0	2	3	1	1.32404368	11	1
chr4	153000000	chr12	38000000	1	00	1	11	0.833464146	NA	11	0	0	11	0	1	3	1	2.6772925	11	1
chr4	128000000	chr13	20000000	5	10	5	00	0.9207111	NA	00	0	0	00	0	0	3	1	2.87740863	00	0
chr4	128000000	chr13	21000000	12	10	12	00	0.962620258	NA	00	0	0	00	0	0	4	1	3.03557675	00	0
chr4	128000000	chr13	19000000	2	00	1	00	0.646991074	NA	00	1	1	00	1	1	1	1	2.3835188	00	0
chr4	128000000	chr13	5000000	14	10	14	00	0.886658728	NA	00	0	0	00	0	0	4	1	2.45245661	00	0
chr4	128000000	chr13	6000000	4	10	4	00	0.858727098	NA	00	0	0	00	0	0	4	1	2.76129935	00	0
chr4	128000000	chr13	4000000	1	10	1	00	0.516845345	NA	00	0	0	00	0	0	3	1	2.73501773	00	0
chr4	8000000	chr14	34000000	1	10	1	01	0.363077193	NA	01	0	0	01	0	1	3	1	0.811851647	01	0
chr4	126000000	chr14	45000000	1	11	1	00	0.420326799	NA	00	0	0	00	0	1	4	1	0.618512444	00	0
chr4	126000000	chr14	65000000	11	10	11	01	0.719467402	NA	01	0	0	01	0	11	3	1	0.613355612	01	0
chr4	126000000	chr14	67000000	1	10	1	00	0.457309723	NA	00	0	0	00	0	0	3	1	0.271104409	00	0
chr4	127000000	chr14	65000000	6	10	6	00	0.627796471	NA	00	0	0	00	0	0	3	1	0.465295157	00	0
chr4	127000000	chr14	67000000	6	10	6	00	0.915121913	NA	00	0	0	00	0	0	3	1	1.48188121	00	0
chr4	127000000	chr14	68000000	1	10	1	00	0.734549046	NA	00	0	0	00	0	0	3	1	1.48633545	00	0
chr4	127000000	chr14	64000000	8	10	8	00	0.765520275	NA	00	0	0	00	0	0	3	1	0.74178934	00	0
chr4	127000000	chr14	47000000	1	10	1	00	0.516147375	NA	00	0	0	00	0	0	3	1	1.4636714	00	0
chr4	127000000	chr14	32000000	6	10	6	00	0.793985248	NA	00	0	0	00	0	0	3	1	2.03424121	00	0
chr4	127000000	chr14	33000000	5	10	5	00	0.536726594	NA	00	0	0	00	0	0	3	1	0.930055578	00	0
chr4	127000000	chr14	45000000	1	11	1	00	0.502480149	NA	00	0	0	00	0	1	4	1	1.68764137	00	0
chr4	128000000	chr14	32000000	3	10	3	00	0.636145771	NA	00	0	0	00	0	0	3	1	1.85527863	00	0
chr4	129000000	chr16	96000000	2	11	2	10	0.677881837	NA	10	0	2	10	0	0	3	1	2.43982032	10	1
chr4	129000000	chr16	95000000	1	10	1	10	0.598672688	NA	10	1	0	10	1	1	1	1	2.72427547	10	1
chr4	130000000	chr16	95000000	1	11	1	10	0.515607536	NA	10	0	1	10	0	0	2	1	2.14162611	10	1
chr4	149000000	chr16	96000000	7	11	7	10	0.939117074	NA	10	0	7	10	0	0	3	1	2.23682135	10	1
chr4	149000000	chr16	31000000	1	11	1	01	0.69433409	NA	01	0	0	01	0	0	2	1	1.03623569	01	1
chr4	149000000	chr16	94000000	4	11	4	10	0.635195971	NA	10	0	4	10	0	0	3	1	1.47768116	10	1
chr4	149000000	chr16	95000000	1	11	1	10	0.557086468	NA	10	0	1	10	0	0	3	1	2.43852647	10	1
chr4	150000000	chr16	95000000	1	11	1	10	0.770757258	NA	10	0	1	10	0	0	3	1	2.45233119	10	1
chr4	150000000	chr16	96000000	1	11	1	10	0.831270456	NA	10	0	1	10	0	0	3	1	2.32726597	10	1
chr4	150000000	chr16	97000000	1	11	1	10	0.434140772	NA	10	0	1	10	0	0	3	1	1.38709264	10	1
chr4	150000000	chr16	31000000	5	11	5	01	0.646556854	NA	01	0	0	01	0	0	2	1	0.52275633	01	1
chr4	150000000	chr16	94000000	1	11	1	10	0.658003449	NA	10	0	1	10	0	0	3	1	1.53152427	10	1
chr4	151000000	chr16	31000000	1	11	1	01	0.420966417	NA	01	0	0	01	0	0	2	1	0.339417963	01	1
chr4	155000000	chr16	96000000	1	11	1	10	0.527493238	NA	10	0	1	10	0	0	2	1	2.48654821	10	1
chr4	151000000	chr17	64000000	6	01	6	10	0.535713673	NA	10	0	0	10	0	6	4	1	1.06086174	10	0
chr4	127000000	chr19	57000000	4	10	4	00	0.720632434	NA	00	0	0	00	0	0	4	1	1.76250714	00	0
chr4	128000000	chr19	57000000	6	10	6	00	0.961342156	NA	00	0	0	00	0	0	3	1	1.51056027	00	0
chr4	128000000	chr19	56000000	3	10	3	00	0.82094276	NA	00	0	0	00	0	0	3	1	1.84781096	00	0
chr4	129000000	chr19	57000000	1	10	1	01	0.730353594	NA	01	0	0	01	0	1	4	1	0.792312578	01	0
chr4	129000000	chr19	24000000	3	10	3	01	0.316402972	NA	01	0	0	01	0	3	3	1	0.701691487	01	0
chr4	149000000	chr19	24000000	4	10	4	01	0.542423248	NA	01	0	0	01	0	4	3	1	0.923721466	01	0
chr4	150000000	chr19	24000000	14	10	14	01	0.598845005	NA	01	0	0	01	0	14	3	1	1.27657967	01	0
chr4	4000000	chr5	56000000	6	11	6	00	0.936821818	NA	00	0	0	00	0	6	3	1	3.1645836	00	0
chr4	5000000	chr5	56000000	14	11	14	00	0.997113585	NA	00	0	0	00	0	14	3	1	3.0947587	00	0
chr4	5000000	chr5	78000000	3	11	3	00	0.998032033	NA	00	0	0	00	0	3	3	1	3.03859477	00	0
chr4	5000000	chr5	76000000	1	11	1	00	0.920939147	NA	00	0	0	00	0	1	3	1	2.88906563	00	0
chr4	5000000	chr5	54000000	1	11	1	00	0.69958353	NA	00	0	0	00	0	1	3	1	2.52211264	00	0
chr4	5000000	chr5	79000000	2	11	2	00	0.998314977	NA	00	0	0	00	0	2	3	1	3.07467511	00	0
chr4	8000000	chr5	51000000	1	11	1	00	0.985723794	NA	00	0	0	00	0	1	4	1	3.25513051	00	0
chr4	8000000	chr5	111000000	1	11	1	00	0.619659603	NA	00	0	0	00	0	1	3	1	1.98881505	00	0
chr4	9000000	chr5	51000000	10	11	10	00	0.999475777	NA	00	0	0	00	0	10	4	1	3.17631636	00	0
chr4	9000000	chr5	87000000	3	11	3	00	0.996892035	NA	00	0	0	00	0	3	4	1	1.45484295	00	0
chr4	9000000	chr5	90000000	2	11	2	00	0.999000609	NA	00	0	0	00	0	2	4	1	2.4900306	00	0
chr4	9000000	chr5	53000000	1	11	1	00	0.667871177	NA	00	0	0	00	0	1	4	1	2.39296584	00	0
chr4	9000000	chr5	77000000	1	11	1	00	0.769723475	NA	00	0	0	00	0	1	3	1	2.10398045	00	0
chr4	9000000	chr5	52000000	1	11	1	00	0.958207548	NA	00	0	0	00	0	1	4	1	3.0169532	00	0
chr4	9000000	chr5	89000000	15	11	15	00	0.999978781	NA	00	0	0	00	0	15	4	1	2.93759388	00	0
chr4	9000000	chr5	88000000	4	11	4	00	0.992780626	NA	00	0	0	00	0	4	4	1	1.94593814	00	0
chr4	9000000	chr5	83000000	6	11	6	00	0.999989271	NA	00	0	0	00	0	6	4	1	3.38441724	00	0
chr4	9000000	chr5	81000000	3	11	3	00	0.999796212	NA	00	0	0	00	0	3	3	1	2.70077429	00	0
chr4	9000000	chr5	82000000	3	11	3	00	0.999997377	NA	00	0	0	00	0	3	4	1	3.44958882	00	0
chr4	9000000	chr5	117000000	2	11	2	00	0.542646766	NA	00	0	0	00	0	2	3	1	2.72295558	00	0
chr4	9000000	chr5	103000000	1	11	1	00	0.479396254	NA	00	0	0	00	0	1	4	1	2.11188884	00	0
chr4	10000000	chr5	88000000	1	11	1	00	0.924007237	NA	00	0	0	00	0	1	4	1	1.95667408	00	0
chr4	10000000	chr5	83000000	4	11	4	00	0.999670744	NA	00	0	0	00	0	4	4	1	3.61768763	00	0
chr4	10000000	chr5	149000000	2	10	1	00	0.727618158	NA	00	0	0	00	0	1	3	1	1.69062691	00	0
chr4	10000000	chr5	82000000	1	11	1	00	0.999546111	NA	00	0	0	00	0	1	4	1	3.43481366	00	0
chr4	10000000	chr5	150000000	17	11	17	00	0.991053283	NA	00	0	0	00	0	17	2	1	2.12109188	00	0
chr4	10000000	chr5	130000000	24	11	22	00	0.877195656	NA	00	0	0	00	0	22	2	1	0.884521113	00	0
chr4	10000000	chr5	137000000	1	11	1	00	0.588336408	NA	00	0	0	00	0	1	2	1	0.802890311	00	0
chr4	10000000	chr5	81000000	6	11	6	00	0.999725044	NA	00	0	0	00	0	6	4	1	2.67575608	00	0
chr4	10000000	chr5	89000000	1	10	1	00	0.847450793	NA	00	0	0	00	0	0	3	1	2.97331467	00	0
chr4	11000000	chr5	150000000	2	11	2	00	0.766326606	NA	00	0	0	00	0	2	2	1	1.98406393	00	0
chr4	11000000	chr5	130000000	2	11	2	00	0.729368091	NA	00	0	0	00	0	2	2	1	0.867727337	00	0
chr4	11000000	chr5	118000000	3	11	3	00	0.87882334	NA	00	0	0	00	0	3	3	1	3.00005104	00	0
chr4	11000000	chr5	127000000	2	11	2	00	0.522716641	NA	00	0	0	00	0	2	2	1	1.98898434	00	0
chr4	11000000	chr5	117000000	2	11	2	00	0.912328601	NA	00	0	0	00	0	2	3	1	2.75015017	00	0
chr4	11000000	chr5	82000000	1	11	1	00	0.996763706	NA	00	0	0	00	0	1	4	1	3.39959049	00	0
chr4	11000000	chr5	83000000	3	11	3	00	0.999653697	NA	00	0	0	00	0	3	4	1	3.49076656	00	0
chr4	11000000	chr5	87000000	3	11	3	00	0.998089015	NA	00	0	0	00	0	3	4	1	1.45191144	00	0
chr4	11000000	chr5	88000000	3	11	3	00	0.991331816	NA	00	0	0	00	0	3	4	1	1.95596581	00	0
chr4	11000000	chr5	89000000	9	11	9	00	0.999965668	NA	00	0	0	00	0	9	4	1	2.97823095	00	0
chr4	11000000	chr5	76000000	5	11	5	00	0.999148369	NA	00	0	0	00	0	5	4	1	2.57985138	00	0
chr4	11000000	chr5	53000000	3	11	3	00	0.67416513	NA	00	0	0	00	0	3	4	1	2.33527444	00	0
chr4	11000000	chr5	90000000	1	11	1	00	0.996426642	NA	00	0	0	00	0	1	4	1	2.56104023	00	0
chr4	11000000	chr5	52000000	2	11	2	00	0.802082181	NA	00	0	0	00	0	2	4	1	2.97493839	00	0
chr4	11000000	chr5	81000000	1	11	1	00	0.919461012	NA	00	0	0	00	0	1	4	1	2.62281986	00	0
chr4	11000000	chr5	151000000	1	11	1	00	0.621549249	NA	00	0	0	00	0	1	2	1	1.88892945	00	0
chr4	12000000	chr5	89000000	6	11	6	00	0.996934533	NA	00	0	0	00	0	6	4	1	2.85614795	00	0
chr4	12000000	chr5	80000000	2	11	2	00	0.996821046	NA	00	0	0	00	0	2	4	1	2.86148962	00	0
chr4	12000000	chr5	83000000	2	11	2	00	0.953613162	NA	00	0	0	00	0	2	4	1	3.13770273	00	0
chr4	13000000	chr5	79000000	2	11	2	00	0.988681793	NA	00	0	0	00	0	2	4	1	2.92319318	00	0
chr4	14000000	chr5	82000000	5	11	5	00	0.999978065	NA	00	0	0	00	0	5	4	1	3.49938196	00	0
chr4	14000000	chr5	89000000	2	11	2	00	0.999337733	NA	00	0	0	00	0	2	4	1	2.92977142	00	0
chr4	14000000	chr5	88000000	1	11	1	00	0.973946154	NA	00	0	0	00	0	1	4	1	1.97693032	00	0
chr4	15000000	chr5	90000000	1	10	1	00	0.962713718	NA	00	0	0	00	0	0	3	1	2.51767546	00	0
chr4	15000000	chr5	87000000	5	11	5	00	0.981812954	NA	00	0	0	00	0	5	4	1	1.44466661	00	0
chr4	15000000	chr5	117000000	1	11	1	00	0.810637355	NA	00	0	0	00	0	1	3	1	2.59426785	00	0
chr4	15000000	chr5	127000000	2	11	2	00	0.519657731	NA	00	0	0	00	0	2	2	1	1.52775782	00	0
chr4	15000000	chr5	151000000	3	11	3	00	0.825748384	NA	00	0	0	00	0	3	2	1	1.49057076	00	0
chr4	15000000	chr5	83000000	1	11	1	00	0.998925745	NA	00	0	0	00	0	1	4	1	3.51765403	00	0
chr4	15000000	chr5	89000000	1	11	1	00	0.998061478	NA	00	0	0	00	0	1	4	1	2.95790162	00	0
chr4	43000000	chr5	129000000	1	11	1	00	0.335141361	NA	00	0	0	00	0	1	2	1	0.130113041	00	0
chr4	43000000	chr5	110000000	7	11	7	00	0.498244852	NA	00	0	0	00	0	7	3	1	0.62550653	00	0
chr4	43000000	chr5	85000000	1	11	1	00	0.291931093	NA	00	0	0	00	0	1	3	1	1.06568186	00	0
chr4	50000000	chr5	130000000	1	11	1	11	0.453645527	NA	11	1	1	11	1	1	1	1	0.591347281	11	0
chr4	50000000	chr5	149000000	2	11	2	00	0.383411556	NA	00	0	0	00	0	2	2	1	0.0069357555	00	0
chr4	50000000	chr5	135000000	2	11	2	11	0.42769745	NA	11	2	2	11	2	2	1	1	0.793796184	11	0
chr4	50000000	chr5	134000000	1	11	1	11	0.469139844	NA	11	1	1	11	1	1	1	1	0.687867665	11	0
chr4	51000000	chr5	134000000	11	11	11	11	0.765335083	NA	11	11	11	11	11	11	1	1	0.753116182	11	0
chr4	51000000	chr5	130000000	4	11	4	11	0.690455616	NA	11	4	4	11	4	4	1	1	1.75829813	11	0
chr4	51000000	chr5	138000000	1	11	1	11	0.578829288	NA	11	1	1	11	1	1	1	1	2.18765058	11	0
chr4	51000000	chr5	132000000	1	11	1	11	0.422289133	NA	11	1	1	11	1	1	1	1	1.77854936	11	0
chr4	59000000	chr5	149000000	1	11	1	11	0.44227618	NA	11	1	1	11	1	1	1	1	0.813295119	11	0
chr4	62000000	chr5	150000000	2	11	2	00	0.42084533	NA	00	0	0	00	0	2	2	1	0.351550585	00	0
chr4	62000000	chr5	151000000	1	11	1	00	0.435793579	NA	00	0	0	00	0	1	2	1	0.134506422	00	0
chr4	63000000	chr5	129000000	15	11	13	00	0.722442985	NA	00	0	0	00	0	13	2	1	0.415465523	00	0
chr4	63000000	chr5	110000000	1	11	1	00	0.420253158	NA	00	0	0	00	0	1	3	1	1.7936674	00	0
chr4	64000000	chr5	84000000	1	11	1	00	0.624638736	NA	00	0	0	00	0	1	4	1	2.23979674	00	0
chr4	65000000	chr5	129000000	9	11	8	00	0.903006315	NA	00	0	0	00	0	8	2	1	1.13730513	00	0
chr4	65000000	chr5	151000000	9	11	9	00	0.693136454	NA	00	0	0	00	0	9	2	1	0.510702197	00	0
chr4	65000000	chr5	127000000	3	11	3	00	0.63773042	NA	00	0	0	00	0	3	2	1	0.438708475	00	0
chr4	65000000	chr5	126000000	3	11	3	00	0.805414617	NA	00	0	0	00	0	3	2	1	0.780639354	00	0
chr4	66000000	chr5	129000000	6	11	6	00	0.677072883	NA	00	0	0	00	0	6	2	1	0.313202914	00	0
chr4	66000000	chr5	86000000	1	00	1	00	0.620155632	NA	00	1	1	00	1	1	1	1	1.28518389	00	0
chr4	66000000	chr5	126000000	2	11	2	00	0.444709003	NA	00	0	0	11	2	2	1	2	0.0770512764	11	0
chr4	80000000	chr5	83000000	1	11	1	00	0.883762121	NA	00	0	0	00	0	1	4	1	2.44205219	00	0
chr4	80000000	chr5	151000000	1	11	1	00	0.642745316	NA	00	0	0	00	0	1	2	1	0.607295057	00	0
chr4	83000000	chr5	151000000	3	11	3	00	0.634193182	NA	00	0	0	00	0	3	2	1	0.69924352	00	0
chr4	83000000	chr5	89000000	2	11	2	00	0.734656513	NA	00	0	0	00	0	2	4	1	2.59260259	00	0
chr4	84000000	chr5	89000000	1	11	1	00	0.493864655	NA	00	0	0	00	0	1	4	1	2.86880256	00	0
chr4	87000000	chr5	138000000	1	11	1	11	0.495995909	NA	11	1	1	11	1	1	1	1	0.840942976	11	0
chr4	87000000	chr5	151000000	1	10	1	00	0.38172555	NA	00	0	0	00	0	0	3	1	0.757364659	00	0
chr4	87000000	chr5	130000000	6	11	6	11	0.516027272	NA	11	6	6	11	6	6	1	1	0.535880357	11	0
chr4	87000000	chr5	149000000	14	11	14	00	0.655680239	NA	00	0	0	00	0	14	2	1	0.429920997	00	0
chr4	87000000	chr5	150000000	1	11	1	00	0.499236733	NA	00	0	0	00	0	1	2	1	0.791325542	00	0
chr4	88000000	chr5	130000000	3	11	3	11	0.619705796	NA	11	3	3	11	3	3	1	1	1.10219481	11	0
chr4	88000000	chr5	150000000	1	11	1	00	0.376445621	NA	00	0	0	00	0	1	2	1	0.226582819	00	0
chr4	88000000	chr5	149000000	3	11	3	00	0.45236671	NA	00	0	0	11	3	3	1	2	0.178909143	11	0
chr4	88000000	chr5	135000000	2	11	2	11	0.546836495	NA	11	2	2	11	2	2	1	1	0.543378855	11	0
chr4	122000000	chr5	132000000	1	11	1	11	0.829605699	NA	11	1	1	11	1	1	1	1	1.98178184	11	0
chr4	122000000	chr5	141000000	1	11	1	11	0.868378639	NA	11	1	1	11	1	1	1	1	1.8217804	11	0
chr4	123000000	chr5	134000000	4	11	4	11	0.825775206	NA	11	4	4	11	4	4	1	1	0.411313797	11	0
chr4	123000000	chr5	137000000	1	11	1	11	0.981572032	NA	11	1	1	11	1	1	1	1	1.64268501	11	0
chr4	126000000	chr5	114000000	4	11	4	10	0.984255195	NA	10	0	0	10	0	0	3	1	3.02308926	10	0
chr4	126000000	chr5	123000000	2	11	2	10	0.99667275	NA	10	0	0	10	0	0	4	1	2.92229772	10	0
chr4	126000000	chr5	122000000	1	11	1	10	0.926588953	NA	10	0	0	10	0	0	4	1	2.14503663	10	0
chr4	126000000	chr5	124000000	2	10	2	10	0.988578677	NA	10	2	2	10	2	2	1	1	3.23204102	10	0
chr4	127000000	chr5	122000000	7	11	7	10	0.852222741	NA	10	0	0	10	0	0	4	1	0.354823901	10	0
chr4	127000000	chr5	121000000	24	11	23	10	0.996007144	NA	10	1	1	10	1	1	3	1	1.63624304	10	0
chr4	127000000	chr5	124000000	8	11	8	10	0.985941827	NA	10	0	0	10	0	0	3	1	1.85028817	10	0
chr4	127000000	chr5	123000000	2	11	2	10	0.649950325	NA	10	0	0	10	0	0	4	1	1.10355313	10	0
chr4	128000000	chr5	121000000	8	11	7	10	0.971530497	NA	10	0	0	10	0	1	4	1	1.60182264	10	0
chr4	128000000	chr5	122000000	23	11	23	10	0.897088468	NA	10	0	0	10	0	0	4	1	0.568368656	10	0
chr4	128000000	chr5	123000000	1	11	1	10	0.8221066	NA	10	0	0	10	0	0	4	1	1.29441663	10	0
chr4	128000000	chr5	124000000	2	11	2	10	0.942696691	NA	10	0	0	10	0	0	3	1	1.74012668	10	0
chr4	129000000	chr5	124000000	4	11	3	10	0.994138002	NA	10	1	1	10	1	1	4	1	3.17663765	10	0
chr4	129000000	chr5	121000000	4	11	3	10	0.861671865	NA	10	1	1	10	1	1	4	1	3.05570781	10	0
chr4	129000000	chr5	113000000	2	11	2	10	0.62365669	NA	10	0	0	10	0	0	3	1	2.33260061	10	0
chr4	130000000	chr5	143000000	10	11	10	11	0.99763906	NA	11	10	10	11	10	10	1	1	1.74922055	11	0
chr4	130000000	chr5	144000000	4	11	4	11	0.954773664	NA	11	4	4	11	4	4	1	1	1.65665044	11	0
chr4	130000000	chr5	141000000	1	11	1	11	0.705338359	NA	11	1	1	11	1	1	1	1	1.67074205	11	0
chr4	130000000	chr5	146000000	1	11	1	11	0.527860999	NA	11	1	1	11	1	1	1	1	1.1985498	11	0
chr4	130000000	chr5	142000000	1	10	1	11	0.987597525	NA	11	0	0	11	0	0	2	1	1.73068841	11	0
chr4	130000000	chr5	113000000	1	11	1	11	0.337733358	NA	11	1	1	10	0	1	2	2	0.303616616	10	0
chr4	132000000	chr5	142000000	1	11	1	11	0.619007885	NA	11	1	1	11	1	1	1	1	0.951661402	11	0
chr4	133000000	chr5	143000000	5	11	5	11	0.56482625	NA	11	5	5	11	5	5	1	1	0.64624703	11	0
chr4	133000000	chr5	144000000	4	11	4	11	0.743387341	NA	11	4	4	11	4	4	1	1	1.03921971	11	0
chr4	134000000	chr5	144000000	3	11	3	11	0.771040976	NA	11	3	3	11	3	3	1	1	1.02866935	11	0
chr4	134000000	chr5	143000000	2	11	2	11	0.545919418	NA	11	2	2	11	2	2	1	1	0.71902388	11	0
chr4	136000000	chr5	148000000	1	11	1	11	0.559364736	NA	11	1	1	11	1	1	1	1	0.995396858	11	0
chr4	136000000	chr5	129000000	2	11	2	11	0.989842236	NA	11	2	2	11	2	2	1	1	1.37622439	11	0
chr4	136000000	chr5	151000000	1	11	1	11	0.59486717	NA	11	1	1	11	1	1	1	1	1.96004057	11	0
chr4	137000000	chr5	134000000	2	11	2	11	0.508800387	NA	11	2	2	11	2	2	1	1	0.458390957	11	0
chr4	138000000	chr5	134000000	1	11	1	11	0.811076462	NA	11	1	1	11	1	1	1	1	0.548011279	11	0
chr4	140000000	chr5	144000000	7	11	7	11	0.802088022	NA	11	7	7	11	7	7	1	1	0.760129291	11	0
chr4	142000000	chr5	129000000	3	11	3	11	0.863348365	NA	11	3	3	11	3	3	1	1	1.33328437	11	0
chr4	142000000	chr5	126000000	1	11	1	11	0.623601079	NA	11	1	1	11	1	1	1	1	1.34123984	11	0
chr4	143000000	chr5	135000000	4	11	4	11	0.804785311	NA	11	4	4	11	4	4	1	1	0.834381193	11	0
chr4	143000000	chr5	134000000	12	11	12	11	0.996256948	NA	11	12	12	11	12	12	1	1	0.850118139	11	0
chr4	143000000	chr5	132000000	7	11	7	11	0.999905467	NA	11	7	7	11	7	7	1	1	2.27998471	11	0
chr4	143000000	chr5	130000000	6	11	6	11	0.977273524	NA	11	6	6	11	6	6	1	1	1.9607823	11	0
chr4	143000000	chr5	131000000	2	11	2	11	0.968698919	NA	11	2	2	11	2	2	1	1	2.19802605	11	0
chr4	143000000	chr5	138000000	2	11	2	11	0.954394579	NA	11	2	2	11	2	2	1	1	2.35984878	11	0
chr4	144000000	chr5	134000000	2	11	2	11	0.98205328	NA	11	2	2	11	2	2	1	1	1.0005136	11	0
chr4	144000000	chr5	141000000	1	11	1	11	0.999053776	NA	11	1	1	11	1	1	1	1	2.32520531	11	0
chr4	147000000	chr5	143000000	1	11	1	11	0.992804587	NA	11	1	1	11	1	1	1	1	1.1939032	11	0
chr4	152000000	chr5	142000000	5	11	4	11	0.997357011	NA	11	4	4	11	4	4	1	1	2.01780552	11	0
chr4	152000000	chr5	135000000	1	11	1	11	0.596443057	NA	11	1	1	11	1	1	1	1	0.774458652	11	0
chr4	152000000	chr5	136000000	4	11	4	11	0.997068226	NA	11	4	4	11	4	4	1	1	1.33965628	11	0
chr4	152000000	chr5	137000000	1	11	1	11	0.994012773	NA	11	1	1	11	1	1	1	1	2.18513226	11	0
chr4	152000000	chr5	134000000	3	11	3	11	0.970770895	NA	11	3	3	11	3	3	1	1	1.15333072	11	0
chr4	152000000	chr5	133000000	3	11	2	11	0.999243259	NA	11	2	2	11	2	2	1	1	1.92302583	11	0
chr4	152000000	chr5	132000000	5	11	5	11	0.999960184	NA	11	5	5	11	5	5	1	1	2.46603326	11	0
chr4	152000000	chr5	131000000	3	11	3	11	0.997910798	NA	11	3	3	11	3	3	1	1	2.31773512	11	0
chr4	152000000	chr5	140000000	2	11	2	11	0.999650478	NA	11	2	2	11	2	2	1	1	2.07962243	11	0
chr4	152000000	chr5	144000000	1	10	1	11	0.585413218	NA	11	0	0	11	0	0	2	1	1.57943681	11	0
chr4	152000000	chr5	143000000	3	10	2	11	0.846131682	NA	11	0	0	11	0	1	2	1	1.68301453	11	0
chr4	152000000	chr5	145000000	8	10	7	11	0.969875991	NA	11	1	1	11	1	1	2	1	1.55886669	11	0
chr4	152000000	chr5	141000000	9	11	9	11	0.999963522	NA	11	9	9	11	9	9	1	1	2.07778992	11	0
chr4	152000000	chr5	146000000	3	10	3	11	0.583410621	NA	11	0	0	11	0	0	2	1	1.58324561	11	0
chr4	153000000	chr5	132000000	4	11	4	11	0.999676466	NA	11	4	4	11	4	4	1	1	2.67999364	11	0
chr4	153000000	chr5	141000000	27	11	27	11	0.999999881	NA	11	27	27	11	27	27	1	1	2.46421003	11	0
chr4	153000000	chr5	142000000	34	11	31	11	0.999992371	NA	11	31	31	11	31	31	1	1	2.38477885	11	0
chr4	153000000	chr5	140000000	1	11	1	11	0.996856928	NA	11	1	1	11	1	1	1	1	2.48499469	11	0
chr4	153000000	chr5	146000000	10	11	9	11	0.999906301	NA	11	9	9	11	9	9	1	1	2.13988414	11	0
chr4	153000000	chr5	143000000	1	10	1	11	0.630908668	NA	11	0	0	11	0	0	2	1	1.79041462	11	0
chr4	154000000	chr5	146000000	10	11	9	11	0.999391913	NA	11	9	9	11	9	9	1	1	1.8148868	11	0
chr4	154000000	chr5	143000000	3	10	3	11	0.991001546	NA	11	0	0	11	0	0	2	1	1.80548213	11	0
chr4	154000000	chr5	142000000	12	11	11	11	0.999989033	NA	11	11	11	11	11	11	1	1	2.26031166	11	0
chr4	154000000	chr5	141000000	17	11	17	11	0.999989986	NA	11	17	17	11	17	17	1	1	2.36590961	11	0
chr4	127000000	chr6	82000000	3	11	3	01	0.386172056	NA	01	0	0	01	0	0	2	1	1.42498762	01	0
chr4	128000000	chr6	82000000	2	11	2	01	0.36862275	NA	01	0	0	01	0	0	3	1	1.33335016	01	0
chr4	129000000	chr6	82000000	3	11	3	00	0.371027023	NA	00	0	0	01	0	3	3	2	0.0070776827	01	0
chr4	129000000	chr6	56000000	1	11	1	11	0.25	NA	00	0	0	01	0	1	3	3	1.97004552	01	0
chr4	149000000	chr6	76000000	1	11	1	00	0.339762539	NA	00	0	0	00	0	1	3	1	0.350071804	00	0
chr4	150000000	chr6	74000000	2	11	2	00	0.376384854	NA	00	0	0	00	0	2	3	1	0.349981594	00	0
chr4	151000000	chr6	38000000	10	11	10	00	0.916921854	NA	00	0	0	00	0	10	3	1	2.13734234	00	0
chr4	151000000	chr6	39000000	3	11	3	00	0.614044189	NA	00	0	0	00	0	3	3	1	1.219562	00	0
chr4	151000000	chr6	72000000	1	11	1	01	0.361741394	NA	01	0	0	01	0	0	3	1	0.600173239	01	0
chr4	10000000	chr7	6000000	2	01	2	11	0.931328714	NA	11	0	0	11	0	0	2	1	2.32009103	11	0
chr4	10000000	chr7	4000000	2	01	2	01	0.604818881	NA	01	2	2	01	2	2	1	1	0.799436637	01	0
chr4	11000000	chr7	4000000	11	01	11	01	0.680499315	NA	01	11	11	01	11	11	1	1	0.412745539	01	0
chr4	11000000	chr7	66000000	7	01	6	01	0.727589607	NA	01	6	6	01	6	6	1	1	0.71935172	01	0
chr4	11000000	chr7	6000000	1	01	1	11	0.968470871	NA	11	0	0	11	0	0	2	1	2.54360688	11	0
chr4	29000000	chr7	65000000	2	01	2	01	0.588195801	NA	01	2	2	01	2	2	1	1	1.409419	01	0
chr4	29000000	chr7	6000000	3	01	3	11	0.600930989	NA	11	0	0	11	0	0	2	1	2.14918108	11	0
chr4	29000000	chr7	66000000	2	01	2	01	0.618138134	NA	01	2	2	01	2	2	1	1	1.87936546	01	0
chr4	29000000	chr7	4000000	1	01	1	01	0.579946816	NA	01	1	1	01	1	1	1	1	1.23520963	01	0
chr4	30000000	chr7	4000000	1	00	1	01	0.54766494	NA	01	0	0	01	0	0	4	1	1.52559182	01	0
chr4	34000000	chr7	67000000	2	01	2	01	0.628365099	NA	01	2	2	01	2	2	1	1	2.2962264	01	0
chr4	34000000	chr7	4000000	1	01	1	01	0.77169764	NA	01	1	1	01	1	1	1	1	1.68011771	01	0
chr4	35000000	chr7	4000000	1	01	1	01	0.842519939	NA	01	1	1	01	1	1	1	1	2.22142892	01	0
chr4	41000000	chr7	73000000	1	01	1	01	0.87614423	NA	01	1	1	01	1	1	1	1	2.31613358	01	0
chr4	41000000	chr7	18000000	1	01	1	01	0.293674469	NA	01	1	1	01	1	1	1	1	0.617322821	01	0
chr4	50000000	chr7	67000000	1	11	1	01	0.518968165	NA	01	0	0	01	0	0	2	1	1.96265826	01	0
chr4	52000000	chr7	137000000	2	00	2	01	0.899586082	NA	01	0	0	01	0	0	4	1	2.38392551	01	0
chr4	52000000	chr7	138000000	1	00	1	01	0.914601803	NA	01	0	0	01	0	0	4	1	2.63305186	01	0
chr4	54000000	chr7	138000000	4	00	4	01	0.992769241	NA	01	0	0	01	0	0	4	1	2.74933301	01	0
chr4	54000000	chr7	137000000	1	00	1	01	0.986938477	NA	01	0	0	01	0	0	4	1	2.56037284	01	0
chr4	55000000	chr7	137000000	13	00	13	01	0.999822438	NA	01	0	0	01	0	0	4	1	3.26896211	01	0
chr4	55000000	chr7	138000000	26	00	26	01	0.99998951	NA	01	0	0	01	0	0	4	1	3.55568477	01	0
chr4	55000000	chr7	139000000	3	00	3	01	0.999107897	NA	01	0	0	01	0	0	4	1	3.36458561	01	0
chr4	56000000	chr7	138000000	36	00	35	01	0.999994159	NA	01	0	0	01	0	1	4	1	3.36545949	01	0
chr4	56000000	chr7	139000000	9	00	9	01	0.999108255	NA	01	0	0	01	0	0	4	1	3.37773377	01	0
chr4	56000000	chr7	137000000	4	00	4	01	0.975622118	NA	01	0	0	01	0	0	4	1	3.21266137	01	0
chr4	56000000	chr7	140000000	4	00	4	01	0.86759907	NA	01	0	0	01	0	0	4	1	3.2959774	01	0
chr4	57000000	chr7	138000000	5	00	5	01	0.836084902	NA	01	0	0	01	0	0	4	1	2.63912569	01	0
chr4	59000000	chr7	66000000	1	01	1	01	0.448009074	NA	01	1	1	01	1	1	1	1	2.40918017	01	0
chr4	70000000	chr7	17000000	1	01	1	01	0.442852288	NA	01	1	1	01	1	1	1	1	2.2626991	01	0
chr4	70000000	chr7	67000000	3	01	3	01	0.996016324	NA	01	3	3	01	3	3	1	1	4.53896131	01	0
chr4	70000000	chr7	71000000	2	01	2	01	0.999618173	NA	01	2	2	01	2	2	1	1	5.00956245	01	0
chr4	70000000	chr7	68000000	1	01	1	01	0.982165754	NA	01	1	1	01	1	1	1	1	4.75917241	01	0
chr4	70000000	chr7	70000000	2	01	2	01	0.99904114	NA	01	2	2	01	2	2	1	1	4.48367983	01	0
chr4	71000000	chr7	71000000	3	01	2	01	0.992179513	NA	01	2	2	01	2	2	1	1	5.09189222	01	0
chr4	71000000	chr7	67000000	7	01	7	01	0.99994719	NA	01	7	7	01	7	7	1	1	4.5012894	01	0
chr4	71000000	chr7	68000000	6	01	6	01	0.999853134	NA	01	6	6	01	6	6	1	1	4.76681401	01	0
chr4	71000000	chr7	72000000	2	01	2	01	0.994139075	NA	01	2	2	01	2	2	1	1	4.78504674	01	0
chr4	72000000	chr7	66000000	3	01	2	01	0.998952389	NA	01	2	2	01	2	3	1	1	4.26531598	01	0
chr4	72000000	chr7	64000000	2	01	2	01	0.959346354	NA	01	2	2	01	2	2	1	1	3.85629819	01	0
chr4	72000000	chr7	70000000	7	01	7	01	0.999578059	NA	01	7	7	01	7	7	1	1	4.12491076	01	0
chr4	73000000	chr7	66000000	3	01	3	01	0.999367774	NA	01	3	3	01	3	3	1	1	4.28880371	01	0
chr4	73000000	chr7	64000000	5	01	5	01	0.999894261	NA	01	5	5	01	5	5	1	1	3.88198844	01	0
chr4	73000000	chr7	65000000	2	01	2	01	0.999086142	NA	01	2	2	01	2	2	1	1	3.74529434	01	0
chr4	74000000	chr7	65000000	5	01	5	01	0.999592602	NA	01	5	5	01	5	5	1	1	3.44160482	01	0
chr4	74000000	chr7	66000000	3	01	2	01	0.998896003	NA	01	2	2	01	2	3	1	1	3.9238892	01	0
chr4	79000000	chr7	65000000	5	01	5	01	0.944601357	NA	01	5	5	01	5	5	1	1	1.48725274	01	0
chr4	79000000	chr7	6000000	1	01	1	11	0.619310856	NA	11	0	0	11	0	0	2	1	1.45104874	11	0
chr4	89000000	chr7	6000000	2	01	2	11	0.404260159	NA	11	0	0	11	0	0	2	1	1.32790676	11	0
chr4	90000000	chr7	65000000	3	01	3	01	0.8741889	NA	01	3	3	01	3	3	1	1	2.77814427	01	0
chr4	90000000	chr7	66000000	3	01	3	01	0.858986616	NA	01	3	3	01	3	3	1	1	3.2513446	01	0
chr4	92000000	chr7	66000000	5	01	5	01	0.878725708	NA	01	5	5	01	5	5	1	1	2.70879876	01	0
chr4	92000000	chr7	67000000	1	01	1	01	0.722383678	NA	01	1	1	01	1	1	1	1	2.75651576	01	0
chr4	99000000	chr7	118000000	7	01	7	01	0.999518394	NA	01	7	7	01	7	7	1	1	3.14884463	01	0
chr4	100000000	chr7	118000000	1	01	1	01	0.986414135	NA	01	1	1	01	1	1	1	1	2.48469685	01	0
chr4	102000000	chr7	118000000	5	01	5	01	0.999961972	NA	01	5	5	01	5	5	1	1	3.71287689	01	0
chr4	103000000	chr7	118000000	4	01	4	01	0.999819219	NA	01	4	4	01	4	4	1	1	3.46007095	01	0
chr4	103000000	chr7	71000000	1	11	1	01	0.764147103	NA	01	0	0	01	0	0	2	1	3.15956851	01	0
chr4	108000000	chr7	68000000	4	01	3	01	0.978346169	NA	01	3	3	01	3	3	1	1	2.29121288	01	0
chr4	108000000	chr7	18000000	1	01	1	01	0.395680755	NA	01	1	1	01	1	1	1	1	0.823342888	01	0
chr4	108000000	chr7	67000000	1	01	1	01	0.94043988	NA	01	1	1	01	1	1	1	1	2.1196049	01	0
chr4	108000000	chr7	72000000	1	01	1	01	0.902493715	NA	01	1	1	01	1	1	1	1	2.29801532	01	0
chr4	109000000	chr7	67000000	4	01	4	01	0.901208878	NA	01	4	4	01	4	4	1	1	2.57680412	01	0
chr4	109000000	chr7	72000000	2	01	2	01	0.84877044	NA	01	2	2	01	2	2	1	1	2.74804581	01	0
chr4	109000000	chr7	19000000	1	01	1	01	0.606635869	NA	01	1	1	01	1	1	1	1	1.32452403	01	0
chr4	109000000	chr7	68000000	3	01	3	01	0.994752884	NA	01	3	3	01	3	3	1	1	2.8094559	01	0
chr4	109000000	chr7	18000000	1	01	1	01	0.3830553	NA	01	1	1	01	1	1	1	1	1.10839871	01	0
chr4	109000000	chr7	120000000	4	01	4	01	0.999366939	NA	01	4	4	01	4	4	1	1	2.89694611	01	0
chr4	109000000	chr7	119000000	4	01	4	01	0.999773324	NA	01	4	4	01	4	4	1	1	3.11400554	01	0
chr4	109000000	chr7	118000000	2	01	2	01	0.999996543	NA	01	2	2	01	2	2	1	1	3.14319826	01	0
chr4	110000000	chr7	118000000	15	01	15	01	1	NA	01	15	15	01	15	15	1	1	4.15523933	01	0
chr4	110000000	chr7	119000000	12	01	12	01	0.999999642	NA	01	12	12	01	12	12	1	1	4.20783556	01	0
chr4	110000000	chr7	140000000	6	01	6	01	0.835091949	NA	01	6	6	01	6	6	1	1	2.91917841	01	0
chr4	111000000	chr7	120000000	2	01	2	01	0.986945331	NA	01	2	2	01	2	2	1	1	3.67282664	01	0
chr4	111000000	chr7	119000000	1	01	1	01	0.999839783	NA	01	1	1	01	1	1	1	1	4.43745399	01	0
chr4	111000000	chr7	118000000	2	01	2	01	0.999948978	NA	01	2	2	01	2	2	1	1	4.43865983	01	0
chr4	114000000	chr7	71000000	1	01	1	01	0.981952131	NA	01	1	1	01	1	1	1	1	3.62142424	01	0
chr4	114000000	chr7	68000000	5	01	5	01	0.983800828	NA	01	5	5	01	5	5	1	1	3.22970357	01	0
chr4	114000000	chr7	118000000	1	01	1	01	0.984318256	NA	01	1	1	01	1	1	1	1	3.97248167	01	0
chr4	115000000	chr7	71000000	4	01	4	01	0.995898187	NA	01	4	4	01	4	4	1	1	3.69735566	01	0
chr4	115000000	chr7	68000000	5	01	5	01	0.997969329	NA	01	5	5	01	5	5	1	1	3.32387886	01	0
chr4	115000000	chr7	67000000	2	01	2	01	0.896722078	NA	01	2	2	01	2	2	1	1	3.00695082	01	0
chr4	115000000	chr7	72000000	1	01	1	01	0.976087928	NA	01	1	1	01	1	1	1	1	3.28218602	01	0
chr4	115000000	chr7	118000000	5	01	5	01	0.999997377	NA	01	5	5	01	5	5	1	1	3.90851017	01	0
chr4	118000000	chr7	118000000	4	01	4	01	0.994387031	NA	01	4	4	01	4	4	1	1	3.41317753	01	0
chr4	119000000	chr7	66000000	4	01	4	01	0.981030822	NA	01	4	4	01	4	4	1	1	2.83524025	01	0
chr4	119000000	chr7	4000000	2	01	2	01	0.51649487	NA	01	2	2	01	2	2	1	1	1.63116392	01	0
chr4	119000000	chr7	72000000	1	01	1	01	0.921789169	NA	01	1	1	01	1	1	1	1	3.09518957	01	0
chr4	120000000	chr7	72000000	2	01	2	01	0.804080307	NA	01	2	2	01	2	2	1	1	3.32600721	01	0
chr4	120000000	chr7	19000000	2	01	2	01	0.397215098	NA	01	2	2	01	2	2	1	1	1.59740518	01	0
chr4	121000000	chr7	67000000	1	01	1	01	0.810348034	NA	01	1	1	01	1	1	1	1	3.06378572	01	0
chr4	127000000	chr7	139000000	7	00	7	01	0.984157681	NA	01	0	0	01	0	0	4	1	2.12990865	01	0
chr4	129000000	chr7	141000000	8	00	7	01	0.999884129	NA	01	1	1	01	1	1	3	1	3.77526097	01	0
chr4	129000000	chr7	140000000	4	00	4	01	0.992490351	NA	01	0	0	01	0	0	4	1	3.84136308	01	0
chr4	129000000	chr7	139000000	1	00	1	01	0.9859671	NA	01	0	0	01	0	0	4	1	3.57884683	01	0
chr4	130000000	chr7	141000000	6	00	6	01	0.997041047	NA	01	0	0	01	0	0	3	1	3.90538924	01	0
chr4	130000000	chr7	136000000	4	00	4	01	0.999606073	NA	01	0	0	01	0	0	4	1	3.83840139	01	0
chr4	130000000	chr7	142000000	6	00	6	01	0.987827003	NA	01	0	0	01	0	0	3	1	3.59373808	01	0
chr4	130000000	chr7	144000000	1	01	1	01	0.876942217	NA	01	1	1	01	1	1	1	1	3.51534109	01	0
chr4	132000000	chr7	139000000	1	00	1	01	0.859532833	NA	01	0	0	01	0	0	4	1	3.70344654	01	0
chr4	132000000	chr7	141000000	8	00	8	01	0.999275744	NA	01	0	0	01	0	0	4	1	3.76023907	01	0
chr4	132000000	chr7	140000000	1	00	1	01	0.993349612	NA	01	0	0	01	0	0	4	1	3.91726435	01	0
chr4	133000000	chr7	139000000	4	00	4	01	0.994720817	NA	01	0	0	01	0	0	4	1	3.31609379	01	0
chr4	134000000	chr7	139000000	4	00	4	01	0.99920696	NA	01	0	0	01	0	0	4	1	3.41778311	01	0
chr4	134000000	chr7	19000000	1	01	1	01	0.564184427	NA	01	1	1	01	1	1	1	1	1.23952622	01	0
chr4	135000000	chr7	19000000	3	01	3	01	0.57964009	NA	01	3	3	01	3	3	1	1	1.253342	01	0
chr4	135000000	chr7	139000000	4	00	4	01	0.998518646	NA	01	0	0	01	0	0	4	1	3.47487057	01	0
chr4	136000000	chr7	139000000	6	00	6	01	0.999887586	NA	01	0	0	01	0	0	4	1	4.17366553	01	0
chr4	5000000	chrX	12000000	1	00	1	01	0.441919655	NA	01	0	1	10	0	0	3	2	0.0932742079	10	1
chr4	5000000	chrX	14000000	3	00	3	10	0.677667081	NA	10	0	0	10	0	0	4	1	1.32475615	10	1
chr4	5000000	chrX	71000000	2	00	2	10	0.624705851	NA	10	0	0	10	0	0	4	1	2.53069001	10	1
chr4	6000000	chrX	71000000	3	00	3	10	0.995051086	NA	10	0	0	10	0	0	4	1	2.72209231	10	1
chr4	6000000	chrX	70000000	3	00	3	10	0.98763895	NA	10	0	0	10	0	0	4	1	2.47073247	10	1
chr4	7000000	chrX	71000000	1	00	1	10	0.621306121	NA	10	0	0	10	0	0	4	1	2.73865336	10	1
chr4	8000000	chrX	12000000	8	00	8	01	0.675498128	NA	01	0	8	10	0	0	3	2	0.12724528	10	1
chr4	8000000	chrX	53000000	8	00	8	10	0.617839038	NA	10	0	0	10	0	0	4	1	1.41443752	10	1
chr4	8000000	chrX	71000000	2	00	2	10	0.929614305	NA	10	0	0	10	0	0	4	1	2.44829696	10	1
chr4	8000000	chrX	10000000	1	00	1	01	0.605751753	NA	01	0	1	10	0	0	3	2	0.165669096	10	1
chr4	8000000	chrX	11000000	4	00	4	01	0.559576988	NA	01	0	4	10	0	0	3	2	0.459245274	10	1
chr4	9000000	chrX	71000000	4	00	4	10	0.943250179	NA	10	0	0	10	0	0	4	1	2.40337785	10	1
chr4	9000000	chrX	70000000	4	00	4	10	0.854902208	NA	10	0	0	10	0	0	4	1	2.04902302	10	1
chr4	16000000	chrX	12000000	6	00	6	01	0.844632864	NA	01	0	6	01	0	0	3	1	0.849694754	01	1
chr4	16000000	chrX	10000000	7	00	7	01	0.834273398	NA	01	0	7	01	0	0	3	1	0.806290209	01	1
chr4	16000000	chrX	11000000	2	00	2	01	0.787453532	NA	01	0	2	01	0	0	3	1	0.522537746	01	1
chr4	17000000	chrX	10000000	1	00	1	01	0.720349014	NA	01	0	1	01	0	0	3	1	0.392691283	01	1
chr4	17000000	chrX	11000000	1	00	1	01	0.560675323	NA	01	0	1	01	0	0	3	1	0.129234022	01	1
chr4	18000000	chrX	71000000	4	00	4	10	0.881790698	NA	10	0	0	10	0	0	4	1	2.49499802	10	1
chr4	18000000	chrX	10000000	4	00	4	01	0.767115116	NA	01	0	4	01	0	0	4	1	0.793065675	01	1
chr4	18000000	chrX	70000000	3	00	2	10	0.691526711	NA	10	0	0	10	0	1	4	1	2.33926005	10	1
chr4	19000000	chrX	12000000	5	00	5	01	0.762379646	NA	01	0	5	01	0	0	3	1	0.894352529	01	1
chr4	19000000	chrX	10000000	1	00	1	01	0.587716401	NA	01	0	1	01	0	0	3	1	0.79938124	01	1
chr4	20000000	chrX	10000000	2	00	2	01	0.511951149	NA	01	0	2	01	0	0	3	1	0.809334401	01	1
chr4	20000000	chrX	12000000	1	00	1	01	0.718374431	NA	01	0	1	01	0	0	3	1	0.906988617	01	1
chr4	25000000	chrX	14000000	5	00	5	10	0.547077596	NA	10	0	0	10	0	0	4	1	0.460548065	10	1
chr4	25000000	chrX	13000000	3	00	3	01	0.53504014	NA	01	0	3	01	0	0	4	1	0.608237094	01	1
chr4	26000000	chrX	12000000	1	00	1	01	0.576743364	NA	01	0	1	01	0	0	3	1	0.883506206	01	1
chr4	44000000	chrX	12000000	2	00	2	10	0.471530616	NA	10	0	0	10	0	0	3	1	0.35835925	10	1
chr4	46000000	chrX	71000000	5	00	5	10	0.837338626	NA	10	0	0	10	0	0	4	1	3.68130562	10	1
chr4	46000000	chrX	11000000	2	00	2	10	0.736110091	NA	10	0	0	10	0	0	4	1	1.79000551	10	1
chr4	46000000	chrX	15000000	2	00	2	10	0.519466162	NA	10	0	0	10	0	0	4	1	2.41765163	10	1
chr4	46000000	chrX	73000000	1	00	1	10	0.64615643	NA	10	0	0	10	0	0	4	1	2.95436637	10	1
chr4	46000000	chrX	53000000	8	00	8	10	0.999718368	NA	10	0	0	10	0	0	4	1	3.31071643	10	1
chr4	46000000	chrX	12000000	3	00	3	10	0.641589999	NA	10	0	0	10	0	0	4	1	1.67321444	10	1
chr4	46000000	chrX	48000000	1	00	1	10	0.960521281	NA	10	0	0	10	0	0	4	1	2.89625929	10	1
chr4	46000000	chrX	70000000	1	00	1	10	0.76632452	NA	10	0	0	10	0	0	4	1	3.32023145	10	1
chr4	46000000	chrX	10000000	2	00	2	10	0.775976241	NA	10	0	0	10	0	0	4	1	1.62049597	10	1
chr4	46000000	chrX	19000000	1	00	1	10	0.590184629	NA	10	0	0	10	0	0	4	1	2.21065275	10	1
chr4	47000000	chrX	12000000	1	00	1	10	0.598237157	NA	10	0	0	10	0	0	4	1	1.07888857	10	1
chr4	47000000	chrX	53000000	1	00	1	10	0.584903538	NA	10	0	0	10	0	0	4	1	2.36540125	10	1
chr4	48000000	chrX	71000000	1	00	1	10	0.722005904	NA	10	0	0	10	0	0	4	1	3.05163387	10	1
chr4	50000000	chrX	162000000	3	00	3	10	0.469896734	NA	10	0	0	10	0	0	3	1	1.95037203	10	1
chr4	50000000	chrX	160000000	4	00	4	10	0.7217834	NA	10	0	0	10	0	0	3	1	1.52193305	10	1
chr4	62000000	chrX	71000000	2	00	2	10	0.661824107	NA	10	0	0	10	0	0	4	1	2.28988847	10	1
chr4	63000000	chrX	70000000	6	00	6	10	0.982886493	NA	10	0	0	10	0	0	4	1	2.51830519	10	1
chr4	63000000	chrX	71000000	3	00	3	10	0.964684844	NA	10	0	0	10	0	0	3	1	2.75329145	10	1
chr4	63000000	chrX	73000000	2	00	2	10	0.981623828	NA	10	0	0	10	0	0	4	1	1.94054303	10	1
chr4	64000000	chrX	73000000	5	00	5	10	0.99760288	NA	10	0	0	10	0	0	4	1	2.77203789	10	1
chr4	64000000	chrX	72000000	5	00	5	10	0.999086022	NA	10	0	0	10	0	0	3	1	3.39937851	10	1
chr4	64000000	chrX	140000000	4	00	4	10	0.989918292	NA	10	0	0	10	0	0	3	1	3.33325408	10	1
chr4	64000000	chrX	70000000	2	00	2	10	0.733558297	NA	10	0	0	10	0	0	4	1	3.26255314	10	1
chr4	64000000	chrX	71000000	4	00	4	10	0.998537779	NA	10	0	0	10	0	0	3	1	3.49168129	10	1
chr4	65000000	chrX	71000000	3	00	3	10	0.992987931	NA	10	0	0	10	0	0	3	1	2.75905129	10	1
chr4	65000000	chrX	70000000	1	00	1	10	0.986112416	NA	10	0	0	10	0	0	4	1	2.52302836	10	1
chr4	67000000	chrX	70000000	1	00	1	10	0.679120541	NA	10	0	0	10	0	0	4	1	2.04336013	10	1
chr4	67000000	chrX	71000000	1	00	1	10	0.826990843	NA	10	0	0	10	0	0	3	1	2.22079205	10	1
chr4	68000000	chrX	73000000	3	00	3	10	0.980872989	NA	10	0	0	10	0	0	4	1	2.58444136	10	1
chr4	68000000	chrX	139000000	6	00	6	10	0.999233127	NA	10	0	0	10	0	0	4	1	3.45912749	10	1
chr4	68000000	chrX	162000000	2	00	2	10	0.866134584	NA	10	0	0	10	0	0	3	1	3.32665566	10	1
chr4	68000000	chrX	140000000	1	00	1	10	0.987601459	NA	10	0	0	10	0	0	3	1	3.77431722	10	1
chr4	69000000	chrX	74000000	3	00	3	10	0.997562408	NA	10	0	0	10	0	0	4	1	3.01491116	10	1
chr4	69000000	chrX	140000000	9	00	9	10	0.999991655	NA	10	0	0	10	0	0	3	1	4.59079684	10	1
chr4	69000000	chrX	100000000	6	00	6	10	0.993394673	NA	10	0	0	10	0	0	3	1	3.04974502	10	1
chr4	69000000	chrX	139000000	1	00	1	10	0.999943733	NA	10	0	0	10	0	0	3	1	4.33854436	10	1
chr4	69000000	chrX	162000000	6	00	6	10	0.95424974	NA	10	0	0	10	0	0	3	1	4.29010706	10	1
chr4	69000000	chrX	101000000	1	00	1	10	0.840451121	NA	10	0	0	10	0	0	3	1	2.19623216	10	1
chr4	69000000	chrX	161000000	1	01	1	10	0.900880456	NA	10	0	0	10	0	1	2	1	4.32754299	10	1
chr4	70000000	chrX	139000000	3	00	3	10	0.993324101	NA	10	0	0	10	0	0	4	1	3.18942187	10	1
chr4	70000000	chrX	140000000	1	00	1	10	0.974084795	NA	10	0	0	10	0	0	3	1	3.5434658	10	1
chr4	70000000	chrX	73000000	9	00	9	10	0.99979502	NA	10	0	0	10	0	0	4	1	2.88641151	10	1
chr4	70000000	chrX	74000000	2	00	2	10	0.697826505	NA	10	0	0	10	0	0	4	1	2.5419756	10	1
chr4	70000000	chrX	71000000	2	00	2	10	0.885375679	NA	10	0	0	10	0	0	3	1	3.10267192	10	1
chr4	70000000	chrX	72000000	1	00	1	10	0.786544561	NA	10	0	0	10	0	0	3	1	3.21403773	10	1
chr4	70000000	chrX	100000000	1	00	1	10	0.668718278	NA	10	0	0	10	0	0	3	1	2.5121066	10	1
chr4	83000000	chrX	12000000	1	00	1	01	0.428824455	NA	01	0	1	01	0	0	4	1	0.469838363	01	1
chr4	84000000	chrX	12000000	2	00	2	01	0.387439698	NA	01	0	2	01	0	0	3	1	0.208554479	01	1
chr4	101000000	chrX	157000000	2	00	2	10	0.541920245	NA	10	0	0	10	0	0	4	1	2.33958539	10	1
chr4	101000000	chrX	101000000	5	00	5	10	0.430961519	NA	10	0	0	10	0	0	4	1	1.17865462	10	1
chr4	101000000	chrX	162000000	1	00	1	10	0.846564472	NA	10	0	0	10	0	0	3	1	2.70090948	10	1
chr4	101000000	chrX	161000000	1	00	1	10	0.636416137	NA	10	0	0	10	0	0	3	1	2.85565582	10	1
chr4	138000000	chrX	104000000	1	00	1	10	0.474039614	NA	10	0	0	10	0	0	4	1	3.04004171	10	1
chr4	138000000	chrX	102000000	1	00	1	10	0.527704895	NA	10	0	0	10	0	0	4	1	2.48489522	10	1
chr4	142000000	chrX	101000000	2	00	2	10	0.628156006	NA	10	0	0	10	0	0	4	1	3.03573369	10	1
chr4	142000000	chrX	157000000	1	00	1	10	0.734203935	NA	10	0	0	10	0	0	4	1	4.10149965	10	1
chr4	143000000	chrX	159000000	3	00	3	10	0.985536397	NA	10	0	0	10	0	0	3	1	4.14088474	10	1
chr4	143000000	chrX	160000000	6	00	6	10	0.996895313	NA	10	0	0	10	0	0	4	1	4.29373193	10	1
chr4	144000000	chrX	160000000	1	00	1	10	0.887131035	NA	10	0	0	10	0	0	4	1	4.19883765	10	1
chr5	3000000	chr10	123000000	6	01	6	00	0.935780942	NA	00	0	6	00	0	0	2	1	1.44125309	00	1
chr5	3000000	chr10	122000000	11	01	11	00	0.998653412	NA	00	0	11	00	0	0	2	1	3.09869736	00	1
chr5	3000000	chr10	102000000	19	01	19	00	0.969990849	NA	00	0	19	00	0	0	3	1	3.14676578	00	1
chr5	3000000	chr10	101000000	3	01	3	00	0.80467242	NA	00	0	3	00	0	0	2	1	2.86975542	00	1
chr5	3000000	chr10	77000000	1	01	1	00	0.654418528	NA	00	0	1	00	0	0	2	1	1.56311801	00	1
chr5	3000000	chr10	78000000	5	01	5	00	0.721537888	NA	00	0	5	00	0	0	2	1	1.37075558	00	1
chr5	4000000	chr10	122000000	8	01	8	00	0.991310716	NA	00	0	8	00	0	0	2	1	2.55392913	00	1
chr5	4000000	chr10	8000000	2	01	2	01	0.338791072	NA	01	2	0	00	0	2	2	2	0.0728066145	00	1
chr5	5000000	chr10	8000000	3	01	3	01	0.457840264	NA	01	3	0	01	3	3	1	1	0.123073402	01	1
chr5	6000000	chr10	8000000	1	01	1	01	0.379238904	NA	01	1	0	01	1	1	1	1	0.224040684	01	1
chr5	8000000	chr10	8000000	3	01	3	01	0.409523219	NA	01	3	0	01	3	3	1	1	0.162859053	01	1
chr5	9000000	chr10	8000000	7	01	7	01	0.474832416	NA	01	7	0	01	7	7	1	1	0.0843114712	01	1
chr5	10000000	chr10	8000000	7	01	6	01	0.429539174	NA	01	6	1	01	6	6	1	1	0.161750374	01	1
chr5	10000000	chr10	49000000	1	10	1	01	0.293130606	NA	01	0	0	01	0	1	3	1	0.544054994	01	1
chr5	16000000	chr10	123000000	1	01	1	00	0.495420337	NA	00	0	1	00	0	0	3	1	0.665088548	00	1
chr5	17000000	chr10	120000000	1	01	1	00	0.363216221	NA	00	0	1	00	0	0	2	1	0.148118841	00	1
chr5	18000000	chr10	123000000	4	01	4	00	0.470640451	NA	00	0	4	00	0	0	3	1	0.438376246	00	1
chr5	19000000	chr10	77000000	2	01	2	11	0.372385681	NA	11	0	0	11	0	0	3	1	0.116334059	11	1
chr5	19000000	chr10	124000000	2	01	2	11	0.836235762	NA	11	0	0	11	0	0	3	1	1.05857133	11	1
chr5	19000000	chr10	123000000	4	01	4	11	0.866176963	NA	11	0	0	11	0	0	3	1	0.955659583	11	1
chr5	19000000	chr10	8000000	2	01	2	01	0.298855096	NA	01	2	0	01	2	2	1	1	0.00883440425	01	1
chr5	20000000	chr10	123000000	6	01	6	11	0.815868795	NA	11	0	0	11	0	0	2	1	0.883375552	11	1
chr5	20000000	chr10	88000000	1	01	1	11	0.283609629	NA	11	0	0	01	1	0	1	2	0.000776250983	01	1
chr5	20000000	chr10	89000000	1	00	1	01	0.294954777	NA	01	0	1	01	0	0	3	1	0.260458341	01	1
chr5	21000000	chr10	123000000	18	01	18	11	0.981036901	NA	11	0	0	11	0	0	2	1	0.959423965	11	1
chr5	21000000	chr10	120000000	16	01	16	11	0.817717731	NA	11	0	0	11	0	0	2	1	0.485319114	11	1
chr5	21000000	chr10	124000000	3	01	3	11	0.873204648	NA	11	0	0	11	0	0	2	1	0.758063214	11	1
chr5	21000000	chr10	119000000	5	01	5	11	0.613350213	NA	11	0	0	11	0	0	2	1	0.374489237	11	1
chr5	21000000	chr10	77000000	4	01	4	11	0.430412024	NA	11	0	0	11	0	0	2	1	0.33753652	11	1
chr5	21000000	chr10	68000000	1	01	1	01	0.290912271	NA	01	1	0	01	1	1	1	1	0.0869523949	01	1
chr5	21000000	chr10	79000000	1	01	1	11	0.355260193	NA	11	0	0	11	0	0	2	1	0.119135654	11	1
chr5	22000000	chr10	120000000	8	01	8	11	0.74036634	NA	11	0	0	11	0	0	2	1	0.737636132	11	1
chr5	22000000	chr10	125000000	4	01	4	11	0.79166007	NA	11	0	0	11	0	0	2	1	0.897717475	11	1
chr5	22000000	chr10	119000000	8	01	8	11	0.771815717	NA	11	0	0	11	0	0	2	1	0.511205472	11	1
chr5	22000000	chr10	117000000	3	01	3	11	0.589627564	NA	11	0	0	11	0	0	2	1	0.385488541	11	1
chr5	22000000	chr10	79000000	1	01	1	11	0.320135862	NA	11	0	0	11	0	0	3	1	0.119483725	11	1
chr5	22000000	chr10	124000000	3	01	3	11	0.607329011	NA	11	0	0	11	0	0	2	1	1.12110881	11	1
chr5	22000000	chr10	123000000	2	01	2	11	0.760418475	NA	11	0	0	11	0	0	2	1	1.33534715	11	1
chr5	23000000	chr10	118000000	2	00	1	01	0.641005218	NA	01	1	1	01	1	1	3	1	1.00930636	01	1
chr5	23000000	chr10	123000000	1	01	1	11	0.41694662	NA	11	0	0	01	1	0	1	2	0.0779817749	01	1
chr5	35000000	chr10	77000000	5	01	4	00	0.412896186	NA	00	0	4	00	0	1	3	1	0.279803123	00	1
chr5	35000000	chr10	9000000	6	01	6	01	0.514213979	NA	01	6	0	01	6	6	1	1	0.146317865	01	1
chr5	35000000	chr10	8000000	9	01	9	01	0.802266538	NA	01	9	0	01	9	9	1	1	0.230714548	01	1
chr5	35000000	chr10	37000000	6	01	6	01	0.463825673	NA	01	6	0	01	6	6	1	1	0.751172364	01	1
chr5	35000000	chr10	76000000	4	01	4	00	0.489929825	NA	00	0	4	00	0	0	2	1	0.760758577	00	1
chr5	35000000	chr10	7000000	7	01	7	01	0.567336857	NA	01	7	0	01	7	7	1	1	0.210611569	01	1
chr5	36000000	chr10	8000000	9	01	9	01	0.631081581	NA	01	9	0	01	9	9	1	1	0.16146018	01	1
chr5	36000000	chr10	7000000	4	01	4	01	0.314978033	NA	01	4	0	01	4	4	1	1	0.134905472	01	1
chr5	36000000	chr10	76000000	8	01	8	00	0.582743943	NA	00	0	8	00	0	0	3	1	0.731635329	00	1
chr5	36000000	chr10	9000000	23	01	22	00	0.486671925	NA	00	1	22	01	22	1	1	2	0.0548376455	01	1
chr5	36000000	chr10	10000000	2	01	2	00	0.469689697	NA	00	0	2	00	0	0	2	1	0.553503929	00	1
chr5	36000000	chr10	37000000	2	01	2	01	0.285646498	NA	01	2	0	01	2	2	1	1	0.540680415	01	1
chr5	36000000	chr10	77000000	1	01	1	00	0.44039911	NA	00	0	1	00	0	0	3	1	0.0205495599	00	1
chr5	36000000	chr10	120000000	1	01	1	11	0.450103372	NA	11	0	0	11	0	0	2	1	0.732973449	11	1
chr5	36000000	chr10	68000000	13	01	13	00	0.451129943	NA	00	0	13	00	0	0	3	1	0.0335197231	00	1
chr5	36000000	chr10	89000000	3	01	3	11	0.339383632	NA	11	0	0	11	0	0	2	1	0.0507248503	11	1
chr5	36000000	chr10	115000000	2	01	2	01	0.355331957	NA	01	2	0	11	0	2	2	2	0.00351267916	11	1
chr5	36000000	chr10	67000000	1	11	1	00	0.308900595	NA	00	0	0	00	0	1	3	1	0.284866243	00	1
chr5	37000000	chr10	124000000	1	01	1	11	0.29157728	NA	11	0	0	11	0	0	3	1	0.385316795	11	1
chr5	37000000	chr10	123000000	4	01	4	11	0.56260252	NA	11	0	0	11	0	0	2	1	0.592859454	11	1
chr5	41000000	chr10	122000000	15	01	15	00	0.941108167	NA	00	0	15	00	0	0	3	1	2.26438613	00	1
chr5	42000000	chr10	122000000	6	01	6	00	0.781650662	NA	00	0	6	00	0	0	4	1	1.55344316	00	1
chr5	78000000	chr10	126000000	1	00	1	10	0.445109099	NA	10	0	0	10	0	0	2	1	0.626946268	10	1
chr5	79000000	chr10	126000000	5	00	5	10	0.515215516	NA	10	0	0	10	0	0	2	1	0.757378138	10	1
chr5	79000000	chr10	125000000	1	00	1	10	0.325960547	NA	10	0	0	10	0	0	3	1	0.732907253	10	1
chr5	79000000	chr10	123000000	2	00	2	10	0.369854093	NA	10	0	0	10	0	0	3	1	0.318842493	10	1
chr5	79000000	chr10	122000000	1	00	1	10	0.394503713	NA	10	0	0	10	0	0	2	1	0.61622036	10	1
chr5	96000000	chr10	79000000	3	00	3	01	0.697380006	NA	01	0	3	01	0	0	2	1	1.11634644	01	1
chr5	100000000	chr10	79000000	3	00	3	01	0.734129906	NA	01	0	3	01	0	0	2	1	1.32352888	01	1
chr5	100000000	chr10	78000000	7	00	7	01	0.681055248	NA	01	0	7	01	0	0	3	1	1.25328139	01	1
chr5	100000000	chr10	122000000	3	00	3	00	0.413232237	NA	00	3	0	00	3	3	1	1	0.115795659	00	1
chr5	101000000	chr10	79000000	2	00	2	01	0.414467186	NA	01	0	2	01	0	0	3	1	1.02095431	01	1
chr5	101000000	chr10	122000000	11	00	10	10	0.53346473	NA	10	0	0	10	0	1	2	1	0.423366969	10	1
chr5	101000000	chr10	117000000	6	00	6	01	0.552174628	NA	01	0	6	01	0	0	3	1	0.782133553	01	1
chr5	101000000	chr10	116000000	10	00	10	01	0.654610097	NA	01	0	10	01	0	0	3	1	0.617448925	01	1
chr5	101000000	chr10	123000000	1	00	1	01	0.518194497	NA	01	0	1	01	0	0	4	1	0.770782475	01	1
chr5	102000000	chr10	79000000	7	00	7	01	0.519965708	NA	01	0	7	01	0	0	3	1	0.203794372	01	1
chr5	102000000	chr10	116000000	1	00	1	01	0.3970851	NA	01	0	1	01	0	0	3	1	0.105174555	01	1
chr5	102000000	chr10	122000000	5	00	5	10	0.60780561	NA	10	0	0	10	0	0	2	1	0.631612537	10	1
chr5	102000000	chr10	78000000	7	00	7	01	0.607998192	NA	01	0	7	01	0	0	3	1	0.659195496	01	1
chr5	103000000	chr10	79000000	2	00	2	01	0.36380437	NA	01	0	2	01	0	0	2	1	0.717382799	01	1
chr5	104000000	chr10	122000000	3	00	3	00	0.485005468	NA	00	3	0	00	3	3	1	1	0.327824746	00	1
chr5	122000000	chr10	117000000	1	00	1	01	0.609971881	NA	01	0	1	01	0	0	2	1	1.50797484	01	1
chr5	122000000	chr10	125000000	1	00	1	01	0.405711234	NA	01	0	1	01	0	0	2	1	1.85608755	01	1
chr5	144000000	chr10	79000000	1	10	1	01	0.475072414	NA	01	0	0	11	0	1	4	2	0.436081459	11	1
chr5	145000000	chr10	79000000	10	10	10	01	0.815908015	NA	01	0	0	01	0	10	4	1	0.743029762	01	1
chr5	3000000	chr11	33000000	1	11	1	11	0.508500338	NA	11	1	1	11	1	1	1	1	1.9226575	11	0
chr5	3000000	chr11	32000000	7	11	7	11	0.726336062	NA	11	7	7	11	7	7	1	1	1.77194848	11	0
chr5	5000000	chr11	55000000	8	11	5	11	0.903706253	NA	11	5	5	11	5	7	1	1	3.35515246	11	0
chr5	5000000	chr11	95000000	1	11	1	11	0.58006984	NA	11	1	1	11	1	1	1	1	2.98022604	11	0
chr5	5000000	chr11	74000000	1	11	1	11	0.915756822	NA	11	1	1	11	1	1	1	1	3.77314434	11	0
chr5	5000000	chr11	73000000	3	11	3	11	0.847133458	NA	11	3	3	11	3	3	1	1	3.09890195	11	0
chr5	5000000	chr11	38000000	1	11	1	11	0.616049588	NA	11	1	1	11	1	1	1	1	2.3946639	11	0
chr5	5000000	chr11	96000000	1	11	1	11	0.503493667	NA	11	1	1	11	1	1	1	1	2.85502797	11	0
chr5	6000000	chr11	55000000	8	11	8	11	0.995773733	NA	11	8	8	11	8	8	1	1	3.4278599	11	0
chr5	6000000	chr11	114000000	2	11	2	11	0.847984672	NA	11	2	2	11	2	2	1	1	3.7391695	11	0
chr5	6000000	chr11	73000000	2	11	2	11	0.738348484	NA	11	2	2	11	2	2	1	1	3.17922502	11	0
chr5	31000000	chr11	54000000	1	11	1	11	0.25	NA	00	0	0	00	0	1	4	4	0.973220477	00	0
chr5	40000000	chr11	96000000	1	11	1	11	0.25	NA	00	0	0	00	0	1	4	4	2.23820657	00	0
chr5	40000000	chr11	32000000	1	11	1	00	0.739768028	NA	00	0	0	00	0	1	4	1	1.99720495	00	0
chr5	40000000	chr11	39000000	1	11	1	00	0.69843483	NA	00	0	0	00	0	1	4	1	2.46975608	00	0
chr5	40000000	chr11	33000000	1	11	1	00	0.52752912	NA	00	0	0	00	0	1	4	1	1.79689352	00	0
chr5	121000000	chr13	6000000	1	10	1	10	0.419126868	NA	10	1	1	10	1	1	1	1	3.81301265	10	0
chr5	122000000	chr13	21000000	7	10	7	10	0.929278076	NA	10	7	7	10	7	7	1	1	4.30295984	10	0
chr5	122000000	chr13	20000000	5	10	5	10	0.895153403	NA	10	5	5	10	5	5	1	1	4.71069283	10	0
chr5	122000000	chr13	19000000	3	10	3	10	0.950197399	NA	10	3	3	10	3	3	1	1	4.36964411	10	0
chr5	3000000	chr14	63000000	2	11	2	11	0.520380676	NA	11	2	2	11	2	2	1	1	0.907118631	11	0
chr5	3000000	chr14	65000000	6	11	6	11	0.896661222	NA	11	6	6	11	6	6	1	1	1.13029143	11	0
chr5	4000000	chr14	65000000	8	11	7	11	0.714762449	NA	11	7	7	11	7	7	1	1	0.520329127	11	0
chr5	4000000	chr14	63000000	1	11	1	11	0.643567801	NA	11	1	1	11	1	1	1	1	0.355173482	11	0
chr5	5000000	chr14	64000000	1	11	1	11	0.925861716	NA	11	1	1	11	1	1	1	1	2.21542651	11	0
chr5	5000000	chr14	63000000	11	11	11	11	0.993083715	NA	11	11	11	11	11	11	1	1	2.19293575	11	0
chr5	5000000	chr14	65000000	5	11	5	11	0.994161427	NA	11	5	5	11	5	5	1	1	2.13824054	11	0
chr5	5000000	chr14	14000000	1	11	1	11	0.989881337	NA	11	1	1	11	1	1	1	1	2.74042237	11	0
chr5	5000000	chr14	15000000	1	11	1	11	0.932110548	NA	11	1	1	11	1	1	1	1	2.94167448	11	0
chr5	6000000	chr14	14000000	5	11	5	11	0.989601314	NA	11	5	5	11	5	5	1	1	2.90400814	11	0
chr5	6000000	chr14	65000000	1	11	1	11	0.965366364	NA	11	1	1	11	1	1	1	1	2.04471915	11	0
chr5	6000000	chr14	63000000	2	11	2	11	0.971909821	NA	11	2	2	11	2	2	1	1	2.15857037	11	0
chr5	6000000	chr14	64000000	1	11	1	11	0.87536484	NA	11	1	1	11	1	1	1	1	2.21232825	11	0
chr5	7000000	chr14	14000000	6	11	6	11	0.996402264	NA	11	6	6	11	6	6	1	1	3.12239218	11	0
chr5	7000000	chr14	65000000	2	11	2	11	0.962432206	NA	11	2	2	11	2	2	1	1	2.125859	11	0
chr5	7000000	chr14	15000000	2	11	2	11	0.956585467	NA	11	2	2	11	2	2	1	1	3.34051462	11	0
chr5	7000000	chr14	63000000	11	11	11	11	0.995658278	NA	11	11	11	11	11	11	1	1	2.37087843	11	0
chr5	7000000	chr14	64000000	5	11	5	11	0.973771691	NA	11	5	5	11	5	5	1	1	2.5070005	11	0
chr5	7000000	chr14	66000000	1	11	1	11	0.857799828	NA	11	1	1	11	1	1	1	1	1.93171141	11	0
chr5	8000000	chr14	66000000	4	11	4	11	0.825039268	NA	11	4	4	11	4	4	1	1	1.75597743	11	0
chr5	8000000	chr14	15000000	2	11	2	11	0.988105416	NA	11	2	2	11	2	2	1	1	2.79843065	11	0
chr5	8000000	chr14	64000000	4	11	4	11	0.968393385	NA	11	4	4	11	4	4	1	1	2.37063493	11	0
chr5	8000000	chr14	16000000	15	11	15	11	0.99927026	NA	11	15	15	11	15	15	1	1	3.12036568	11	0
chr5	8000000	chr14	63000000	4	11	4	11	0.974164784	NA	11	4	4	11	4	4	1	1	2.21669868	11	0
chr5	8000000	chr14	65000000	1	11	1	11	0.607591033	NA	11	1	1	11	1	1	1	1	2.04334714	11	0
chr5	8000000	chr14	14000000	2	11	2	11	0.963993073	NA	11	2	2	11	2	2	1	1	2.5187631	11	0
chr5	30000000	chr14	65000000	1	11	1	01	0.516174912	NA	01	0	0	01	0	0	3	1	0.144164749	01	0
chr5	31000000	chr14	65000000	14	11	14	01	0.803894222	NA	01	0	0	01	0	0	3	1	0.407882868	01	0
chr5	31000000	chr14	25000000	5	11	5	00	0.405961603	NA	00	0	0	00	0	5	4	1	0.924117915	00	0
chr5	32000000	chr14	65000000	1	11	1	01	0.585024893	NA	01	0	0	01	0	0	3	1	0.431837581	01	0
chr5	32000000	chr14	63000000	2	11	2	01	0.58024931	NA	01	0	0	01	0	0	3	1	0.618846766	01	0
chr5	33000000	chr14	25000000	1	11	1	00	0.458235532	NA	00	0	0	00	0	1	4	1	0.997460518	00	0
chr5	33000000	chr14	61000000	2	11	2	01	0.470048189	NA	01	0	0	00	0	0	4	2	0.0274433724	00	0
chr5	33000000	chr14	65000000	5	11	5	01	0.590034425	NA	01	0	0	01	0	0	3	1	0.360429229	01	0
chr5	34000000	chr14	61000000	2	11	2	00	0.401035517	NA	00	0	0	00	0	2	4	1	0.141202858	00	0
chr5	42000000	chr14	17000000	3	11	3	10	0.387266129	NA	10	0	0	10	0	0	4	1	0.265108736	10	0
chr5	43000000	chr14	64000000	2	11	2	11	0.279396564	NA	11	2	2	11	2	2	1	1	0.135852276	11	0
chr5	43000000	chr14	67000000	11	11	11	10	0.394132912	NA	10	0	0	10	0	0	2	1	0.327685956	10	0
chr5	43000000	chr14	17000000	14	11	14	10	0.866195619	NA	10	0	0	10	0	0	3	1	0.761831204	10	0
chr5	43000000	chr14	23000000	1	11	1	11	0.395230025	NA	11	1	1	11	1	1	1	1	0.229954136	11	0
chr5	43000000	chr14	16000000	2	11	2	10	0.528862178	NA	10	0	0	10	0	0	3	1	0.465217889	10	0
chr5	44000000	chr14	17000000	11	11	10	10	0.888707042	NA	10	1	1	10	1	1	3	1	1.14253762	10	0
chr5	45000000	chr14	34000000	5	11	5	11	0.618884742	NA	11	5	5	11	5	5	1	1	0.895025994	11	0
chr5	45000000	chr14	24000000	2	11	2	10	0.461448669	NA	10	0	0	10	0	0	2	1	0.247471608	10	0
chr5	45000000	chr14	67000000	4	11	4	10	0.394551098	NA	10	0	0	10	0	0	2	1	0.480862863	10	0
chr5	45000000	chr14	17000000	1	11	1	10	0.600823104	NA	10	0	0	10	0	0	3	1	1.17721572	10	0
chr5	45000000	chr14	48000000	1	11	1	11	0.286110878	NA	11	1	1	11	1	1	1	1	0.41501851	11	0
chr5	45000000	chr14	47000000	1	11	1	10	0.279452562	NA	10	0	0	10	0	0	2	1	0.0921423869	10	0
chr5	46000000	chr14	25000000	1	11	1	10	0.515350401	NA	10	0	0	10	0	0	3	1	0.962899651	10	0
chr5	46000000	chr14	63000000	1	11	1	11	0.357999563	NA	11	1	1	11	1	1	1	1	0.221893621	11	0
chr5	46000000	chr14	24000000	1	11	1	10	0.348454475	NA	10	0	0	10	0	0	2	1	0.204782157	10	0
chr5	48000000	chr14	34000000	1	11	1	11	0.327238441	NA	11	1	1	11	1	1	1	1	0.16996791	11	0
chr5	55000000	chr14	34000000	1	11	1	01	0.324538022	NA	01	0	0	01	0	0	2	1	0.37607782	01	0
chr5	66000000	chr14	65000000	2	11	2	01	0.37268737	NA	01	0	0	01	0	0	4	1	0.336494296	01	0
chr5	66000000	chr14	63000000	6	11	6	01	0.50535059	NA	01	0	0	01	0	0	3	1	0.511154746	01	0
chr5	68000000	chr14	63000000	6	11	6	01	0.371682763	NA	01	0	0	01	0	0	2	1	0.406443227	01	0
chr5	68000000	chr14	16000000	2	11	2	11	0.25	NA	00	0	0	10	0	2	4	4	0.0102223438	10	0
chr5	68000000	chr14	64000000	1	11	1	01	0.276857793	NA	01	0	0	01	0	0	3	1	0.358493732	01	0
chr5	111000000	chr14	47000000	2	11	2	00	0.320249647	NA	00	0	0	00	0	2	2	1	0.566398819	00	0
chr5	121000000	chr14	32000000	7	10	7	10	0.864301145	NA	10	7	7	10	7	7	1	1	2.39563773	10	0
chr5	122000000	chr14	32000000	2	10	2	10	0.854015231	NA	10	2	2	10	2	2	1	1	3.14677349	10	0
chr5	122000000	chr14	33000000	1	10	1	10	0.765388668	NA	10	1	1	10	1	1	1	1	1.96390728	10	0
chr5	122000000	chr14	65000000	1	11	1	10	0.45190531	NA	10	0	0	10	0	0	2	1	1.41771909	10	0
chr5	124000000	chr14	45000000	3	11	3	10	0.361886531	NA	10	0	0	10	0	0	2	1	1.56381189	10	0
chr5	4000000	chr15	72000000	4	00	4	11	0.659291804	NA	11	0	0	11	0	4	3	1	0.882758342	11	0
chr5	8000000	chr16	42000000	1	01	1	01	0.433194369	NA	01	1	1	01	1	1	1	1	2.06519999	01	0
chr5	9000000	chr16	42000000	3	01	3	01	0.647500932	NA	01	3	3	01	3	3	1	1	1.77255956	01	0
chr5	21000000	chr16	65000000	1	01	1	11	0.379343629	NA	11	0	0	11	0	0	2	1	0.622192243	11	0
chr5	22000000	chr16	65000000	10	01	10	11	0.58787632	NA	11	0	0	11	0	0	2	1	0.691245769	11	0
chr5	23000000	chr16	7000000	6	01	6	01	0.663674653	NA	01	6	6	01	6	6	1	1	1.15921535	01	0
chr5	23000000	chr16	55000000	5	01	5	01	0.656360924	NA	01	5	5	01	5	5	1	1	0.904697483	01	0
chr5	23000000	chr16	65000000	1	01	1	01	0.458930194	NA	01	1	1	01	1	1	1	1	0.497915812	01	0
chr5	24000000	chr16	4000000	3	01	3	01	0.622147262	NA	01	3	3	01	3	3	1	1	1.345159	01	0
chr5	25000000	chr16	42000000	1	01	1	01	0.652602911	NA	01	1	1	01	1	1	1	1	1.8172419	01	0
chr5	32000000	chr16	55000000	4	01	4	01	0.788631082	NA	01	4	4	01	4	4	1	1	1.45772784	01	0
chr5	32000000	chr16	56000000	3	01	3	01	0.645137429	NA	01	3	3	01	3	3	1	1	1.04704341	01	0
chr5	32000000	chr16	43000000	2	01	2	01	0.417853296	NA	01	2	2	01	2	2	1	1	0.752897794	01	0
chr5	32000000	chr16	18000000	3	01	3	01	0.94493252	NA	01	3	3	01	3	3	1	1	1.516808	01	0
chr5	32000000	chr16	6000000	1	01	1	01	0.714598417	NA	01	1	1	01	1	1	1	1	1.55948688	01	0
chr5	32000000	chr16	11000000	2	01	2	01	0.816709816	NA	01	2	2	01	2	2	1	1	1.32416169	01	0
chr5	33000000	chr16	42000000	3	01	2	01	0.724803627	NA	01	2	2	01	2	3	1	1	1.61483354	01	0
chr5	33000000	chr16	41000000	2	01	2	01	0.503922641	NA	01	2	2	01	2	2	1	1	1.53249119	01	0
chr5	34000000	chr16	17000000	2	01	2	01	0.754892409	NA	01	2	2	01	2	2	1	1	1.31262611	01	0
chr5	34000000	chr16	16000000	1	01	1	01	0.822770715	NA	01	1	1	01	1	1	1	1	1.33245155	01	0
chr5	35000000	chr16	42000000	2	01	2	01	0.67334646	NA	01	2	2	01	2	2	1	1	0.976427888	01	0
chr5	36000000	chr16	42000000	1	01	1	01	0.616290629	NA	01	1	1	01	1	1	1	1	0.46238781	01	0
chr5	36000000	chr16	41000000	1	01	1	01	0.497942716	NA	01	1	1	01	1	1	1	1	0.382295814	01	0
chr5	37000000	chr16	17000000	3	01	2	01	0.556494772	NA	01	2	2	01	2	3	1	1	1.24673875	01	0
chr5	54000000	chr16	55000000	1	01	1	11	0.337734997	NA	11	0	0	11	0	0	2	1	0.328279943	11	0
chr5	54000000	chr16	18000000	1	01	1	11	0.413177371	NA	11	0	0	11	0	0	2	1	0.290958917	11	0
chr5	55000000	chr16	55000000	7	01	7	11	0.433649898	NA	11	0	0	11	0	0	2	1	0.461397477	11	0
chr5	55000000	chr16	6000000	2	01	2	11	0.300742328	NA	11	0	0	10	0	0	2	3	0.0975466899	10	0
chr5	55000000	chr16	18000000	2	01	2	11	0.480978906	NA	11	0	0	11	0	0	2	1	0.406486714	11	0
chr5	55000000	chr16	56000000	2	01	2	11	0.362622321	NA	11	0	0	11	0	0	3	1	1.14252525	11	0
chr5	66000000	chr16	17000000	2	01	2	01	0.624471843	NA	01	2	2	01	2	2	1	1	1.19080912	01	0
chr5	66000000	chr16	16000000	4	01	4	01	0.553453326	NA	01	4	4	01	4	4	1	1	1.13786921	01	0
chr5	66000000	chr16	13000000	1	01	1	01	0.447428644	NA	01	1	1	01	1	1	1	1	1.17321307	01	0
chr5	76000000	chr16	13000000	2	01	2	11	0.433195531	NA	11	0	0	11	0	0	2	1	0.200504126	11	0
chr5	77000000	chr16	13000000	1	01	1	11	0.437770545	NA	11	0	0	11	0	0	2	1	0.408531183	11	0
chr5	77000000	chr16	17000000	1	01	1	11	0.449684262	NA	11	0	0	11	0	0	2	1	0.294308014	11	0
chr5	77000000	chr16	11000000	5	01	4	11	0.559695244	NA	11	0	0	11	0	1	2	1	0.342807222	11	0
chr5	77000000	chr16	12000000	8	01	8	11	0.838972032	NA	11	0	0	11	0	0	2	1	0.889654026	11	0
chr5	77000000	chr16	6000000	1	01	1	01	0.410280555	NA	01	1	1	01	1	1	1	1	0.256505185	01	0
chr5	77000000	chr16	56000000	1	01	1	11	0.4129107	NA	11	0	0	11	0	0	2	1	0.494550673	11	0
chr5	78000000	chr16	12000000	2	01	2	11	0.74414736	NA	11	0	0	11	0	0	2	1	1.49335268	11	0
chr5	79000000	chr16	12000000	4	01	4	11	0.756635129	NA	11	0	0	11	0	0	2	1	1.65178607	11	0
chr5	112000000	chr16	76000000	2	01	2	10	0.306760639	NA	10	0	0	10	0	2	3	1	0.587870099	10	0
chr5	112000000	chr16	48000000	3	01	2	10	0.443928778	NA	10	0	0	10	0	2	3	1	0.551127044	10	0
chr5	113000000	chr16	19000000	2	00	2	10	0.57149601	NA	10	0	0	10	0	0	4	1	0.150717721	10	0
chr5	113000000	chr16	96000000	4	01	4	11	0.603847921	NA	11	0	0	11	0	0	4	1	1.53521459	11	0
chr5	114000000	chr16	19000000	15	00	15	10	0.880959213	NA	10	0	0	10	0	0	4	1	1.9400323	10	0
chr5	114000000	chr16	20000000	6	00	6	10	0.902274668	NA	10	0	0	10	0	0	4	1	2.67600933	10	0
chr5	121000000	chr16	13000000	5	01	4	10	0.412302673	NA	10	0	0	01	4	4	1	2	0.0537103225	01	0
chr5	122000000	chr16	13000000	7	01	7	01	0.610238731	NA	01	7	7	01	7	7	1	1	1.59679589	01	0
chr5	124000000	chr16	20000000	1	00	1	11	0.479726017	NA	11	0	0	11	0	1	4	1	0.45316344	11	0
chr5	125000000	chr16	20000000	2	00	2	10	0.488450736	NA	10	0	0	10	0	0	4	1	0.68465763	10	0
chr5	127000000	chr16	92000000	5	00	5	10	0.999815643	NA	10	0	0	10	0	0	2	1	2.46672268	10	0
chr5	127000000	chr16	93000000	3	00	3	10	0.99491936	NA	10	0	0	10	0	0	2	1	2.38439865	10	0
chr5	127000000	chr16	97000000	1	00	1	10	0.997588038	NA	10	0	0	10	0	0	2	1	2.18105395	10	0
chr5	128000000	chr16	92000000	21	00	21	10	0.999971867	NA	10	0	0	10	0	0	2	1	2.32129643	10	0
chr5	128000000	chr16	93000000	13	00	13	10	0.999858379	NA	10	0	0	10	0	0	2	1	2.36851129	10	0
chr5	128000000	chr16	97000000	12	00	12	10	0.998695314	NA	10	0	0	10	0	0	2	1	2.07819593	10	0
chr5	128000000	chr16	67000000	2	00	2	11	0.342216015	NA	11	0	0	11	0	2	4	1	0.549409582	11	0
chr5	128000000	chr16	94000000	4	00	4	10	0.99606365	NA	10	0	0	10	0	0	2	1	1.82662337	10	0
chr5	129000000	chr16	92000000	7	00	7	10	0.999367893	NA	10	0	0	10	0	0	2	1	2.30656297	10	0
chr5	129000000	chr16	67000000	3	00	3	11	0.637526572	NA	11	0	0	11	0	3	4	1	0.813545247	11	0
chr5	129000000	chr16	91000000	2	00	2	10	0.812586963	NA	10	0	0	10	0	0	4	1	1.62128711	10	0
chr5	129000000	chr16	68000000	2	00	2	11	0.492727786	NA	11	0	0	11	0	2	4	1	0.669522426	11	0
chr5	129000000	chr16	71000000	4	00	4	11	0.495565474	NA	11	0	0	11	0	4	4	1	0.476024942	11	0
chr5	129000000	chr16	69000000	2	00	2	11	0.376644582	NA	11	0	0	11	0	2	4	1	0.588748147	11	0
chr5	129000000	chr16	72000000	6	00	6	11	0.652893782	NA	11	0	0	11	0	6	4	1	0.885652954	11	0
chr5	129000000	chr16	19000000	1	00	1	11	0.358077526	NA	11	0	0	11	0	1	4	1	0.458928154	11	0
chr5	130000000	chr16	94000000	4	00	2	10	0.948698044	NA	10	0	0	10	0	1	2	1	1.62186422	10	0
chr5	130000000	chr16	96000000	8	00	8	10	0.997926712	NA	10	0	0	10	0	0	2	1	1.30013419	10	0
chr5	130000000	chr16	97000000	11	00	11	10	0.999671459	NA	10	0	0	10	0	0	2	1	2.04152602	10	0
chr5	132000000	chr16	97000000	4	00	4	10	0.99632448	NA	10	0	0	10	0	0	2	1	1.85172146	10	0
chr5	133000000	chr16	93000000	9	00	9	10	0.996380031	NA	10	0	0	10	0	0	2	1	1.86147368	10	0
chr5	133000000	chr16	97000000	6	00	5	10	0.99699676	NA	10	0	0	10	0	1	2	1	1.80429558	10	0
chr5	133000000	chr16	92000000	22	00	22	10	0.999910951	NA	10	0	0	10	0	0	2	1	2.08330287	10	0
chr5	133000000	chr16	81000000	2	00	2	11	0.345520198	NA	11	0	0	11	0	2	4	1	0.534292667	11	0
chr5	134000000	chr16	92000000	10	00	10	10	0.928318918	NA	10	0	0	10	0	0	2	1	0.899870378	10	0
chr5	134000000	chr16	97000000	2	00	2	10	0.944801688	NA	10	0	0	10	0	0	2	1	0.684069012	10	0
chr5	134000000	chr16	93000000	2	00	2	10	0.792247891	NA	10	0	0	10	0	0	2	1	0.684862438	10	0
chr5	134000000	chr16	94000000	1	00	1	10	0.461534798	NA	10	0	0	10	0	0	2	1	0.225930256	10	0
chr5	135000000	chr16	67000000	4	00	4	01	0.590616584	NA	01	0	0	01	0	0	4	1	0.58011106	01	0
chr5	135000000	chr16	66000000	2	00	2	01	0.517560959	NA	01	0	0	01	0	0	3	1	0.501285719	01	0
chr5	136000000	chr16	97000000	1	10	1	10	0.433281779	NA	10	1	1	10	1	1	1	1	0.686292003	10	0
chr5	148000000	chr16	97000000	1	10	1	10	0.3577981	NA	10	1	1	10	1	1	1	1	1.28246379	10	0
chr5	148000000	chr16	92000000	1	00	1	10	0.359071851	NA	10	0	0	10	0	0	2	1	1.65812144	10	0
chr5	149000000	chr16	92000000	2	00	2	10	0.504171312	NA	10	0	0	10	0	0	2	1	2.05253389	10	0
chr5	150000000	chr16	92000000	3	00	3	10	0.462501079	NA	10	0	0	10	0	0	2	1	2.78267889	10	0
chr5	150000000	chr16	97000000	1	00	1	10	0.853713274	NA	10	0	0	10	0	0	2	1	2.57037634	10	0
chr5	3000000	chr18	68000000	1	01	1	11	0.596440613	NA	11	0	0	11	0	0	3	1	2.0103909	11	0
chr5	4000000	chr18	68000000	8	01	8	11	0.984262705	NA	11	0	0	11	0	0	3	1	1.98530811	11	0
chr5	4000000	chr18	67000000	7	01	7	11	0.718824208	NA	11	0	0	11	0	0	3	1	1.83890069	11	0
chr5	4000000	chr18	69000000	4	01	4	11	0.778753519	NA	11	0	0	11	0	0	3	1	1.48455809	11	0
chr5	4000000	chr18	32000000	3	01	3	01	0.764163852	NA	01	3	3	01	3	3	1	1	1.38105476	01	0
chr5	5000000	chr18	68000000	5	01	5	11	0.970651269	NA	11	0	0	11	0	0	3	1	2.2303946	11	0
chr5	5000000	chr18	67000000	5	01	5	11	0.788211703	NA	11	0	0	11	0	0	2	1	1.68701915	11	0
chr5	5000000	chr18	32000000	5	01	5	01	0.901413321	NA	01	5	5	01	5	5	1	1	2.6395144	01	0
chr5	5000000	chr18	5000000	2	01	2	01	0.612007022	NA	01	2	2	01	2	2	1	1	2.02605176	01	0
chr5	5000000	chr18	8000000	1	01	1	01	0.779376864	NA	01	1	1	01	1	1	1	1	2.20356807	01	0
chr5	6000000	chr18	8000000	2	01	2	01	0.837609828	NA	01	2	2	01	2	2	1	1	2.2715577	01	0
chr5	6000000	chr18	32000000	4	01	4	01	0.908840537	NA	01	4	4	01	4	4	1	1	2.7384669	01	0
chr5	6000000	chr18	5000000	4	01	4	01	0.727199972	NA	01	4	4	01	4	4	1	1	2.09439532	01	0
chr5	6000000	chr18	68000000	1	01	1	11	0.839745462	NA	11	0	0	11	0	0	3	1	2.15451141	11	0
chr5	6000000	chr18	6000000	1	01	1	01	0.63914156	NA	01	1	1	01	1	1	1	1	2.19067945	01	0
chr5	8000000	chr18	8000000	10	01	10	01	0.947246671	NA	01	10	10	01	10	10	1	1	1.78234861	01	0
chr5	8000000	chr18	7000000	3	01	3	01	0.843892992	NA	01	3	3	01	3	3	1	1	1.80801018	01	0
chr5	8000000	chr18	6000000	1	01	1	01	0.774725974	NA	01	1	1	01	1	1	1	1	1.90205338	01	0
chr5	8000000	chr18	32000000	2	01	2	01	0.763758719	NA	01	2	2	01	2	2	1	1	2.50667572	01	0
chr5	8000000	chr18	5000000	3	01	3	01	0.855109334	NA	01	3	3	01	3	3	1	1	1.78719658	01	0
chr5	39000000	chr18	8000000	12	01	12	11	0.98722899	NA	11	0	0	11	0	0	2	1	1.42410854	11	0
chr5	39000000	chr18	9000000	2	01	2	11	0.885114312	NA	11	0	0	11	0	0	2	1	1.48590019	11	0
chr5	39000000	chr18	68000000	1	01	1	11	0.25	NA	00	0	0	01	1	0	1	2	0.18184911	01	0
chr5	39000000	chr18	32000000	4	01	4	11	0.612166345	NA	11	0	0	11	0	0	2	1	0.919301534	11	0
chr5	45000000	chr18	6000000	4	01	4	11	0.941608429	NA	11	0	0	11	0	0	2	1	2.24546199	11	0
chr5	45000000	chr18	7000000	4	01	4	11	0.817998827	NA	11	0	0	11	0	0	2	1	1.95421879	11	0
chr5	45000000	chr18	8000000	2	01	2	11	0.979774296	NA	11	0	0	11	0	0	2	1	2.29775465	11	0
chr5	46000000	chr18	7000000	4	01	4	11	0.941457331	NA	11	0	0	11	0	0	2	1	2.02397913	11	0
chr5	46000000	chr18	8000000	3	01	3	11	0.986034095	NA	11	0	0	11	0	0	2	1	2.47548863	11	0
chr5	61000000	chr18	49000000	1	01	1	11	0.728337407	NA	11	0	0	11	0	0	2	1	1.33569085	11	0
chr5	61000000	chr18	48000000	1	01	1	11	0.884659827	NA	11	0	0	11	0	0	2	1	1.60199153	11	0
chr5	63000000	chr18	31000000	5	01	5	11	0.954505861	NA	11	0	0	11	0	0	2	1	1.3716177	11	0
chr5	63000000	chr18	48000000	1	01	1	11	0.889865875	NA	11	0	0	11	0	0	2	1	1.98568807	11	0
chr5	63000000	chr18	30000000	8	01	8	11	0.98210907	NA	11	0	0	11	0	0	2	1	1.54223481	11	0
chr5	64000000	chr18	30000000	2	01	2	11	0.724680424	NA	11	0	0	11	0	0	2	1	1.01601417	11	0
chr5	64000000	chr18	6000000	1	01	1	11	0.704082966	NA	11	0	0	11	0	0	2	1	0.979374862	11	0
chr5	64000000	chr18	5000000	2	01	2	11	0.731767356	NA	11	0	0	11	0	0	2	1	0.805892618	11	0
chr5	64000000	chr18	76000000	10	01	10	11	0.586188912	NA	11	0	0	11	0	0	2	1	0.477415205	11	0
chr5	64000000	chr18	46000000	4	01	4	11	0.646880746	NA	11	0	0	11	0	0	2	1	0.918314743	11	0
chr5	64000000	chr18	32000000	1	01	1	11	0.744715929	NA	11	0	0	11	0	0	2	1	0.760645623	11	0
chr5	64000000	chr18	7000000	1	01	1	11	0.501351416	NA	11	0	0	11	0	0	2	1	0.955457289	11	0
chr5	68000000	chr18	8000000	15	01	15	11	0.922773182	NA	11	0	0	11	0	0	2	1	1.24765873	11	0
chr5	68000000	chr18	9000000	2	01	2	11	0.709217191	NA	11	0	0	11	0	0	2	1	1.20771039	11	0
chr5	68000000	chr18	32000000	1	01	1	11	0.681499362	NA	11	0	0	11	0	0	2	1	0.618957202	11	0
chr5	68000000	chr18	68000000	5	01	5	01	0.387282312	NA	01	5	5	01	5	5	1	1	0.253551873	01	0
chr5	68000000	chr18	69000000	1	01	1	01	0.392753363	NA	01	1	1	01	1	1	1	1	0.177288143	01	0
chr5	69000000	chr18	8000000	6	01	6	11	0.903168261	NA	11	0	0	11	0	0	2	1	1.60576147	11	0
chr5	69000000	chr18	7000000	1	11	1	11	0.552812874	NA	11	1	1	11	1	1	1	1	1.42030118	11	0
chr5	92000000	chr18	31000000	3	01	2	01	0.427174747	NA	01	2	2	01	2	2	1	1	0.681631639	01	0
chr5	129000000	chr18	76000000	2	01	2	11	0.689896762	NA	11	0	0	11	0	0	2	1	1.08941345	11	0
chr5	129000000	chr18	75000000	5	01	5	11	0.732568264	NA	11	0	0	11	0	0	2	1	1.33244241	11	0
chr5	134000000	chr18	43000000	4	01	4	11	0.801633179	NA	11	0	0	11	0	0	2	1	1.03696337	11	0
chr5	134000000	chr18	42000000	15	01	15	11	0.927033484	NA	11	0	0	11	0	0	2	1	0.810947392	11	0
chr5	135000000	chr18	42000000	1	01	1	11	0.508671641	NA	11	0	0	01	1	0	1	2	0.287831345	01	0
chr5	135000000	chr18	75000000	4	01	3	01	0.516833544	NA	01	3	3	01	3	3	1	1	0.385073911	01	0
chr5	135000000	chr18	76000000	5	01	5	01	0.615480065	NA	01	5	5	01	5	5	1	1	0.564350789	01	0
chr5	136000000	chr18	75000000	1	01	1	11	0.505313635	NA	11	0	0	11	0	0	2	1	0.156318377	11	0
chr5	136000000	chr18	31000000	6	01	6	11	0.558950722	NA	11	0	0	11	0	0	2	1	0.713840679	11	0
chr5	136000000	chr18	43000000	23	01	23	11	0.95329845	NA	11	0	0	11	0	0	2	1	0.764301148	11	0
chr5	136000000	chr18	42000000	4	01	4	11	0.776474655	NA	11	0	0	11	0	0	2	1	0.250908987	11	0
chr5	136000000	chr18	32000000	2	01	2	11	0.449490249	NA	11	0	0	11	0	0	2	1	0.0590335665	11	0
chr5	136000000	chr18	44000000	3	01	3	11	0.580010533	NA	11	0	0	11	0	0	2	1	0.276516017	11	0
chr5	137000000	chr18	42000000	1	01	1	11	0.749802172	NA	11	0	0	11	0	0	2	1	0.823764964	11	0
chr5	137000000	chr18	75000000	1	01	1	11	0.524710834	NA	11	0	0	11	0	0	2	1	0.777516072	11	0
chr5	138000000	chr18	43000000	1	01	1	11	0.687662899	NA	11	0	0	11	0	0	2	1	1.63453142	11	0
chr5	150000000	chr18	42000000	3	01	3	11	0.427010834	NA	11	0	0	11	0	0	2	1	1.07212875	11	0
chr5	113000000	chr19	25000000	7	00	5	10	0.80469799	NA	10	2	2	10	2	2	3	1	3.32680034	10	0
chr5	113000000	chr19	55000000	6	00	6	10	0.773619652	NA	10	0	0	10	0	0	3	1	3.76239994	10	0
chr5	113000000	chr19	24000000	9	00	9	10	0.912190795	NA	10	0	0	10	0	0	2	1	3.73598206	10	0
chr5	120000000	chr19	55000000	6	10	6	10	0.999726832	NA	10	6	6	10	6	6	1	1	4.47604186	10	0
chr5	120000000	chr19	56000000	7	10	6	10	0.999391794	NA	10	6	6	10	6	6	1	1	3.72851651	10	0
chr5	120000000	chr19	53000000	2	10	2	10	0.9977507	NA	10	2	2	10	2	2	1	1	4.61273637	10	0
chr5	121000000	chr19	55000000	5	10	5	10	0.997477949	NA	10	5	5	10	5	5	1	1	4.17887991	10	0
chr5	121000000	chr19	56000000	5	10	5	10	0.999951243	NA	10	5	5	10	5	5	1	1	4.41456978	10	0
chr5	121000000	chr19	52000000	1	10	1	10	0.99685055	NA	10	1	1	10	1	1	1	1	4.48525686	10	0
chr5	121000000	chr19	51000000	1	10	1	10	0.924388885	NA	10	1	1	10	1	1	1	1	4.34462511	10	0
chr5	121000000	chr19	53000000	2	10	2	10	0.997860491	NA	10	2	2	10	2	2	1	1	4.69630546	10	0
chr5	121000000	chr19	6000000	2	10	2	10	0.980042934	NA	10	2	2	10	2	2	1	1	4.23316172	10	0
chr5	121000000	chr19	57000000	2	10	2	10	0.997802436	NA	10	2	2	10	2	2	1	1	3.65707901	10	0
chr5	122000000	chr19	4000000	9	10	9	10	0.999000847	NA	10	9	9	10	9	9	1	1	4.4726463	10	0
chr5	122000000	chr19	57000000	2	10	2	10	0.999405265	NA	10	2	2	10	2	2	1	1	4.37684465	10	0
chr5	122000000	chr19	6000000	7	10	7	10	0.991808236	NA	10	7	7	10	7	7	1	1	3.89215859	10	0
chr5	122000000	chr19	56000000	1	00	1	10	0.932822943	NA	10	0	0	10	0	0	2	1	4.18715327	10	0
chr5	123000000	chr19	5000000	8	10	8	10	0.973212719	NA	10	8	8	10	8	8	1	1	4.34466464	10	0
chr5	123000000	chr19	6000000	2	10	2	10	0.842918515	NA	10	2	2	10	2	2	1	1	4.10020196	10	0
chr5	123000000	chr19	4000000	3	10	3	10	0.998381495	NA	10	3	3	10	3	3	1	1	4.86046726	10	0
chr5	124000000	chr19	56000000	10	10	10	10	0.999884129	NA	10	10	10	10	10	10	1	1	4.53680895	10	0
chr5	124000000	chr19	57000000	1	10	1	10	0.998018503	NA	10	1	1	10	1	1	1	1	3.36074701	10	0
chr5	124000000	chr19	53000000	3	10	3	10	0.996578753	NA	10	3	3	10	3	3	1	1	5.2017063	10	0
chr5	124000000	chr19	55000000	4	10	4	10	0.995366573	NA	10	4	4	10	4	4	1	1	4.8507172	10	0
chr5	125000000	chr19	55000000	10	10	10	10	0.992152035	NA	10	10	10	10	10	10	1	1	4.23648519	10	0
chr5	113000000	chr6	79000000	4	01	4	11	0.84231025	NA	11	0	0	11	0	0	3	1	4.24896967	11	0
chr5	113000000	chr6	81000000	14	01	14	11	0.999006212	NA	11	0	0	11	0	0	3	1	3.92781124	11	0
chr5	113000000	chr6	80000000	5	01	5	11	0.954549432	NA	11	0	0	11	0	0	3	1	3.71981561	11	0
chr5	113000000	chr6	74000000	5	01	5	11	0.883628905	NA	11	0	0	11	0	0	2	1	3.59207191	11	0
chr5	114000000	chr6	79000000	1	01	1	11	0.860199153	NA	11	0	0	11	0	0	3	1	3.79893807	11	0
chr5	121000000	chr6	82000000	4	11	4	11	0.978860021	NA	11	4	4	11	4	4	1	1	4.00166773	11	0
chr5	124000000	chr6	82000000	7	11	6	11	0.993220329	NA	11	6	6	11	6	6	1	1	4.71569826	11	0
chr5	17000000	chr9	17000000	5	10	5	10	0.997110963	NA	10	5	5	10	5	5	1	1	2.61871329	10	0
chr5	17000000	chr9	16000000	9	10	9	10	0.999787152	NA	10	9	9	10	9	9	1	1	2.78113086	10	0
chr5	17000000	chr9	20000000	5	10	5	10	0.992603242	NA	10	5	5	10	5	5	1	1	2.38280451	10	0
chr5	17000000	chr9	18000000	1	10	1	10	0.773678064	NA	10	1	1	10	1	1	1	1	2.558007	10	0
chr5	18000000	chr9	17000000	10	10	10	10	0.999160647	NA	10	10	10	10	10	10	1	1	2.68532069	10	0
chr5	18000000	chr9	20000000	6	10	6	10	0.998807907	NA	10	6	6	10	6	6	1	1	2.55249445	10	0
chr5	18000000	chr9	16000000	3	10	3	10	0.997790337	NA	10	3	3	10	3	3	1	1	2.64621813	10	0
chr5	19000000	chr9	17000000	3	10	3	10	0.892728865	NA	10	3	3	10	3	3	1	1	1.60176949	10	0
chr5	21000000	chr9	22000000	3	10	2	10	0.550227582	NA	10	2	2	10	2	3	1	1	0.0409403572	10	0
chr5	21000000	chr9	45000000	2	10	2	10	0.410767585	NA	10	2	2	00	0	2	2	2	0.129165835	00	0
chr5	21000000	chr9	57000000	1	10	1	00	0.46807453	NA	00	0	0	00	0	0	2	1	0.348791483	00	0
chr5	23000000	chr9	22000000	2	10	2	10	0.713824928	NA	10	2	2	10	2	2	1	1	1.35875601	10	0
chr5	23000000	chr9	31000000	1	10	1	10	0.540241599	NA	10	1	1	10	1	1	1	1	1.21563031	10	0
chr5	24000000	chr9	22000000	3	10	3	10	0.988922238	NA	10	3	3	10	3	3	1	1	1.58115788	10	0
chr5	24000000	chr9	15000000	8	10	8	10	0.993714511	NA	10	8	8	10	8	8	1	1	1.7767653	10	0
chr5	24000000	chr9	84000000	1	10	1	10	0.659525037	NA	10	1	1	10	1	1	1	1	1.75455197	10	0
chr5	24000000	chr9	20000000	1	10	1	10	0.700436473	NA	10	1	1	10	1	1	1	1	1.74202021	10	0
chr5	24000000	chr9	25000000	2	00	1	10	0.725423038	NA	10	1	1	10	1	1	2	1	1.63522266	10	0
chr5	24000000	chr9	56000000	2	10	2	10	0.632992148	NA	10	2	2	10	2	2	1	1	0.771325964	10	0
chr5	24000000	chr9	14000000	7	10	7	10	0.953058362	NA	10	7	7	10	7	7	1	1	1.47354667	10	0
chr5	24000000	chr9	85000000	1	10	1	10	0.403955758	NA	10	1	1	10	1	1	1	1	1.67063255	10	0
chr5	24000000	chr9	45000000	1	10	1	10	0.607603908	NA	10	1	1	10	1	1	1	1	1.26132528	10	0
chr5	24000000	chr9	32000000	1	10	1	10	0.652038991	NA	10	1	1	10	1	1	1	1	1.7034211	10	0
chr5	25000000	chr9	58000000	3	10	3	10	0.906087101	NA	10	3	3	10	3	3	1	1	0.889101475	10	0
chr5	25000000	chr9	14000000	2	10	2	10	0.845272422	NA	10	2	2	10	2	2	1	1	1.67536554	10	0
chr5	27000000	chr9	57000000	1	10	1	10	0.800827742	NA	10	1	1	10	1	1	1	1	0.59535002	10	0
chr5	27000000	chr9	56000000	1	10	1	10	0.535859466	NA	10	1	1	10	1	1	1	1	0.715950969	10	0
chr5	29000000	chr9	57000000	3	10	3	10	0.73241514	NA	10	3	3	10	3	3	1	1	0.478688567	10	0
chr5	30000000	chr9	56000000	20	10	20	10	0.976424694	NA	10	20	20	10	20	20	1	1	1.05816814	10	0
chr5	34000000	chr9	56000000	22	10	22	10	0.996344268	NA	10	22	22	10	22	22	1	1	1.45261078	10	0
chr5	35000000	chr9	56000000	27	10	25	10	0.989369154	NA	10	25	25	10	25	25	1	1	1.35106629	10	0
chr5	37000000	chr9	56000000	8	10	8	10	0.839051604	NA	10	8	8	10	8	8	1	1	0.88781072	10	0
chr5	37000000	chr9	57000000	1	10	1	10	0.700612128	NA	10	1	1	10	1	1	1	1	0.898572189	10	0
chr5	38000000	chr9	56000000	2	10	2	10	0.633466482	NA	10	2	2	10	2	2	1	1	0.474078165	10	0
chr5	38000000	chr9	7000000	1	10	1	10	0.706941426	NA	10	1	1	10	1	1	1	1	1.26496253	10	0
chr5	38000000	chr9	6000000	6	10	6	10	0.700045824	NA	10	6	6	10	6	6	1	1	1.30560561	10	0
chr5	39000000	chr9	6000000	11	10	11	10	0.866725981	NA	10	11	11	10	11	11	1	1	1.07160341	10	0
chr5	39000000	chr9	17000000	4	10	4	10	0.724630356	NA	10	4	4	10	4	4	1	1	1.29114982	10	0
chr5	39000000	chr9	18000000	2	10	2	10	0.607077599	NA	10	2	2	10	2	2	1	1	1.16634304	10	0
chr5	39000000	chr9	21000000	1	10	1	10	0.375755489	NA	10	1	1	10	1	1	1	1	0.811336731	10	0
chr5	59000000	chr9	40000000	2	10	2	10	0.40840143	NA	10	2	2	10	2	2	1	1	0.121472391	10	0
chr5	59000000	chr9	85000000	3	10	3	10	0.542592049	NA	10	3	3	10	3	3	1	1	1.20238938	10	0
chr5	59000000	chr9	87000000	5	10	5	10	0.562386394	NA	10	5	5	10	5	5	1	1	0.495780531	10	0
chr5	59000000	chr9	86000000	1	10	1	10	0.491390228	NA	10	1	1	10	1	1	1	1	0.520646124	10	0
chr5	59000000	chr9	39000000	6	10	6	10	0.623156607	NA	10	6	6	10	6	6	1	1	0.996182905	10	0
chr5	59000000	chr9	88000000	1	10	1	10	0.488387078	NA	10	1	1	10	1	1	1	1	0.543375094	10	0
chr5	61000000	chr9	16000000	5	10	5	10	0.998008072	NA	10	5	5	10	5	5	1	1	2.86841156	10	0
chr5	61000000	chr9	24000000	9	10	9	10	0.999414563	NA	10	9	9	10	9	9	1	1	1.9776491	10	0
chr5	61000000	chr9	20000000	1	10	1	10	0.998191893	NA	10	1	1	10	1	1	1	1	2.6312852	10	0
chr5	61000000	chr9	15000000	2	10	2	10	0.998710632	NA	10	2	2	10	2	2	1	1	2.07606891	10	0
chr5	61000000	chr9	17000000	1	10	1	10	0.951083601	NA	10	1	1	10	1	1	1	1	2.59130663	10	0
chr5	62000000	chr9	17000000	2	10	2	10	0.995508909	NA	10	2	2	10	2	2	1	1	2.66774095	10	0
chr5	62000000	chr9	15000000	1	10	1	10	0.913109064	NA	10	1	1	10	1	1	1	1	1.73303052	10	0
chr5	62000000	chr9	24000000	1	10	1	10	0.856635809	NA	10	1	1	10	1	1	1	1	1.62577661	10	0
chr5	64000000	chr9	56000000	1	10	1	00	0.506794095	NA	00	0	0	00	0	0	2	1	0.32280034	00	0
chr5	64000000	chr9	45000000	3	10	3	10	0.506047666	NA	10	3	3	00	0	3	2	2	0.0732283392	00	0
chr5	64000000	chr9	57000000	2	10	2	00	0.563638508	NA	00	0	0	00	0	0	2	1	0.425539933	00	0
chr5	65000000	chr9	21000000	7	10	7	10	0.992303252	NA	10	7	7	10	7	7	1	1	2.16898281	10	0
chr5	65000000	chr9	44000000	2	10	2	10	0.559321165	NA	10	2	2	10	2	2	1	1	0.540085521	10	0
chr5	65000000	chr9	20000000	1	10	1	10	0.992163658	NA	10	1	1	10	1	1	1	1	2.0953919	10	0
chr5	70000000	chr9	15000000	1	10	1	10	0.767512321	NA	10	1	1	10	1	1	1	1	2.24025306	10	0
chr5	71000000	chr9	32000000	4	10	4	10	0.997518301	NA	10	4	4	10	4	4	1	1	2.79058993	10	0
chr5	71000000	chr9	24000000	15	10	15	10	0.999995828	NA	10	15	15	10	15	15	1	1	2.96053755	10	0
chr5	71000000	chr9	25000000	1	10	1	10	0.997605681	NA	10	1	1	10	1	1	1	1	2.93692245	10	0
chr5	71000000	chr9	85000000	2	10	2	10	0.994829237	NA	10	2	2	10	2	2	1	1	2.42039949	10	0
chr5	71000000	chr9	33000000	3	10	3	10	0.980094016	NA	10	3	3	10	3	3	1	1	2.94891556	10	0
chr5	71000000	chr9	23000000	4	10	4	10	0.999460518	NA	10	4	4	10	4	4	1	1	3.26241944	10	0
chr5	71000000	chr9	84000000	7	10	7	10	0.998175979	NA	10	7	7	10	7	7	1	1	2.72781715	10	0
chr5	71000000	chr9	40000000	3	10	3	10	0.816044748	NA	10	3	3	10	3	3	1	1	1.17642982	10	0
chr5	71000000	chr9	39000000	7	10	7	10	0.975333333	NA	10	7	7	10	7	7	1	1	2.40951878	10	0
chr5	72000000	chr9	15000000	4	10	4	10	0.928591847	NA	10	4	4	10	4	4	1	1	2.53020388	10	0
chr5	72000000	chr9	24000000	3	10	3	10	0.991784096	NA	10	3	3	10	3	3	1	1	2.55559114	10	0
chr5	72000000	chr9	32000000	2	10	2	10	0.991928697	NA	10	2	2	10	2	2	1	1	2.22130388	10	0
chr5	72000000	chr9	84000000	3	10	3	10	0.961324275	NA	10	3	3	10	3	3	1	1	2.29694214	10	0
chr5	72000000	chr9	85000000	1	10	1	10	0.982571959	NA	10	1	1	10	1	1	1	1	2.15276096	10	0
chr5	72000000	chr9	31000000	1	10	1	10	0.898427069	NA	10	1	1	10	1	1	1	1	1.7346818	10	0
chr5	73000000	chr9	32000000	4	10	4	10	0.989039183	NA	10	4	4	10	4	4	1	1	2.106034	10	0
chr5	73000000	chr9	85000000	4	10	3	10	0.997807086	NA	10	3	3	10	3	3	1	1	2.09077529	10	0
chr5	73000000	chr9	84000000	2	10	2	10	0.992457151	NA	10	2	2	10	2	2	1	1	2.19309285	10	0
chr5	73000000	chr9	53000000	7	10	7	10	0.805306017	NA	10	7	7	10	7	7	1	1	1.31501988	10	0
chr5	73000000	chr9	31000000	4	10	4	10	0.980244279	NA	10	4	4	10	4	4	1	1	1.65968183	10	0
chr5	73000000	chr9	22000000	1	10	1	10	0.867890716	NA	10	1	1	10	1	1	1	1	1.80047427	10	0
chr5	73000000	chr9	87000000	2	10	2	10	0.557313442	NA	10	2	2	10	2	2	1	1	1.17282006	10	0
chr5	74000000	chr9	85000000	2	10	2	10	0.9680655	NA	10	2	2	10	2	2	1	1	2.2498153	10	0
chr5	74000000	chr9	40000000	1	10	1	10	0.709892213	NA	10	1	1	10	1	1	1	1	1.37097386	10	0
chr5	74000000	chr9	88000000	7	10	7	10	0.897729874	NA	10	7	7	10	7	7	1	1	1.63764053	10	0
chr5	74000000	chr9	87000000	4	10	4	10	0.893073201	NA	10	4	4	10	4	4	1	1	1.68571086	10	0
chr5	74000000	chr9	53000000	2	10	2	10	0.827136815	NA	10	2	2	10	2	2	1	1	1.5970098	10	0
chr5	74000000	chr9	86000000	3	10	3	10	0.988346398	NA	10	3	3	10	3	3	1	1	1.72181427	10	0
chr5	74000000	chr9	31000000	1	10	1	10	0.729914248	NA	10	1	1	10	1	1	1	1	1.86324537	10	0
chr5	75000000	chr9	86000000	5	10	5	10	0.985387743	NA	10	5	5	10	5	5	1	1	1.52645252	10	0
chr5	75000000	chr9	87000000	2	10	2	10	0.955863118	NA	10	2	2	10	2	2	1	1	1.39226306	10	0
chr5	81000000	chr9	86000000	5	10	5	10	0.989870369	NA	10	5	5	10	5	5	1	1	1.8940447	10	0
chr5	81000000	chr9	87000000	5	10	5	10	0.982936502	NA	10	5	5	10	5	5	1	1	1.71472519	10	0
chr5	81000000	chr9	90000000	3	10	3	10	0.829313219	NA	10	3	3	10	3	3	1	1	1.24614252	10	0
chr5	88000000	chr9	87000000	3	10	3	10	0.637644172	NA	10	3	3	10	3	3	1	1	1.18939762	10	0
chr5	88000000	chr9	86000000	4	10	4	10	0.773579776	NA	10	4	4	10	4	4	1	1	1.32948918	10	0
chr5	92000000	chr9	40000000	1	10	1	10	0.558134735	NA	10	1	1	10	1	1	1	1	0.534393638	10	0
chr5	92000000	chr9	55000000	4	10	4	10	0.733774245	NA	10	4	4	10	4	4	1	1	0.534757447	10	0
chr5	92000000	chr9	41000000	1	10	1	10	0.646114945	NA	10	1	1	10	1	1	1	1	0.597015877	10	0
chr5	92000000	chr9	57000000	1	10	1	10	0.792300463	NA	10	1	1	10	1	1	1	1	0.679631269	10	0
chr5	97000000	chr9	55000000	7	10	7	10	0.947036207	NA	10	7	7	10	7	7	1	1	0.913280316	10	0
chr5	97000000	chr9	57000000	8	10	8	10	0.978628755	NA	10	8	8	10	8	8	1	1	0.823316964	10	0
chr5	97000000	chr9	41000000	6	10	6	10	0.819691002	NA	10	6	6	10	6	6	1	1	1.01881332	10	0
chr5	97000000	chr9	49000000	4	10	4	10	0.862253129	NA	10	4	4	10	4	4	1	1	0.779649822	10	0
chr5	97000000	chr9	40000000	8	10	8	10	0.965695977	NA	10	8	8	10	8	8	1	1	0.925718618	10	0
chr5	97000000	chr9	58000000	2	10	2	10	0.694457173	NA	10	2	2	10	2	2	1	1	0.472159745	10	0
chr5	97000000	chr9	103000000	1	10	1	10	0.399304301	NA	10	1	1	10	1	1	1	1	0.459214232	10	0
chr5	98000000	chr9	58000000	1	10	1	10	0.59189254	NA	10	1	1	10	1	1	1	1	0.0446553471	10	0
chr5	98000000	chr9	40000000	2	10	2	10	0.777035356	NA	10	2	2	10	2	2	1	1	0.514541994	10	0
chr5	98000000	chr9	56000000	2	10	2	10	0.501013219	NA	10	2	2	10	2	2	1	1	0.0500230136	10	0
chr5	99000000	chr9	56000000	14	10	14	10	0.863040686	NA	10	14	14	10	14	14	1	1	0.0820532274	10	0
chr5	99000000	chr9	57000000	2	10	2	10	0.808547378	NA	10	2	2	10	2	2	1	1	0.612949519	10	0
chr5	100000000	chr9	57000000	2	10	1	10	0.920071185	NA	10	1	1	10	1	1	1	1	1.11389156	10	0
chr5	100000000	chr9	56000000	8	10	7	10	0.969211638	NA	10	7	7	10	7	7	1	1	0.668738892	10	0
chr5	100000000	chr9	45000000	1	10	1	10	0.702368498	NA	10	1	1	10	1	1	1	1	0.857303925	10	0
chr5	101000000	chr9	40000000	2	10	2	10	0.668082654	NA	10	2	2	10	2	2	1	1	0.179843091	10	0
chr5	103000000	chr9	58000000	1	10	1	10	0.559869289	NA	10	1	1	00	0	1	2	2	0.0656254935	00	0
chr5	104000000	chr9	87000000	2	10	2	10	0.779099822	NA	10	2	2	10	2	2	1	1	0.752993124	10	0
chr5	105000000	chr9	87000000	3	10	3	10	0.915227294	NA	10	3	3	10	3	3	1	1	1.46858606	10	0
chr5	105000000	chr9	86000000	1	10	1	10	0.938265324	NA	10	1	1	10	1	1	1	1	1.60092898	10	0
chr5	105000000	chr9	53000000	1	00	1	10	0.684939921	NA	10	0	0	10	0	0	2	1	1.42165008	10	0
chr5	105000000	chr9	48000000	9	10	9	10	0.964656115	NA	10	9	9	10	9	9	1	1	1.08763837	10	0
chr5	105000000	chr9	58000000	9	10	9	10	0.990088046	NA	10	9	9	10	9	9	1	1	1.10745396	10	0
chr5	105000000	chr9	40000000	4	10	4	10	0.887106836	NA	10	4	4	10	4	4	1	1	1.47893098	10	0
chr5	106000000	chr9	58000000	24	10	22	10	0.991948068	NA	10	22	22	10	22	22	1	1	0.680275333	10	0
chr5	106000000	chr9	40000000	2	10	2	10	0.915419936	NA	10	2	2	10	2	2	1	1	1.11547258	10	0
chr5	106000000	chr9	57000000	2	10	2	10	0.942125499	NA	10	2	2	10	2	2	1	1	1.12948217	10	0
chr5	106000000	chr9	49000000	9	10	8	10	0.958047688	NA	10	8	8	10	8	8	1	1	0.8872652	10	0
chr5	106000000	chr9	50000000	3	10	3	10	0.664404869	NA	10	3	3	10	3	3	1	1	0.761371688	10	0
chr5	106000000	chr9	48000000	8	10	8	10	0.931592643	NA	10	8	8	10	8	8	1	1	0.767437459	10	0
chr5	106000000	chr9	14000000	2	10	2	10	0.369591385	NA	10	2	2	10	2	2	1	1	0.969072494	10	0
chr5	106000000	chr9	55000000	1	10	1	10	0.651017189	NA	10	1	1	10	1	1	1	1	1.04383478	10	0
chr5	107000000	chr9	55000000	2	10	2	10	0.553023577	NA	10	2	2	10	2	2	1	1	0.624063856	10	0
chr5	107000000	chr9	58000000	3	10	3	10	0.832386732	NA	10	3	3	10	3	3	1	1	0.358766033	10	0
chr5	113000000	chr9	120000000	3	00	2	11	0.511597395	NA	11	0	0	11	0	2	2	1	0.560840579	11	0
chr5	114000000	chr9	62000000	1	00	1	00	0.6097489	NA	00	1	1	00	1	1	1	1	0.240255282	00	0
chr5	115000000	chr9	120000000	3	10	3	00	0.914144933	NA	00	0	0	00	0	0	3	1	2.10946965	00	0
chr5	115000000	chr9	58000000	1	10	1	00	0.986908555	NA	00	0	0	00	0	0	2	1	2.85225506	00	0
chr5	115000000	chr9	40000000	7	10	7	00	0.978235245	NA	00	0	0	00	0	0	3	1	2.50561092	00	0
chr5	115000000	chr9	49000000	1	10	1	00	0.85059303	NA	00	0	0	00	0	0	3	1	1.99487453	00	0
chr5	115000000	chr9	121000000	1	10	1	00	0.73286283	NA	00	0	0	00	0	0	3	1	1.84289635	00	0
chr5	116000000	chr9	121000000	8	10	7	00	0.943753719	NA	00	0	0	00	0	0	3	1	2.16823949	00	0
chr5	116000000	chr9	120000000	1	10	1	00	0.645043254	NA	00	0	0	00	0	0	3	1	2.46561953	00	0
chr5	118000000	chr9	87000000	1	10	1	00	0.481273472	NA	00	0	0	00	0	0	3	1	0.759612093	00	0
chr5	118000000	chr9	86000000	1	10	1	00	0.47994861	NA	00	0	0	00	0	0	3	1	0.8142882	00	0
chr5	118000000	chr9	40000000	1	10	1	00	0.50560993	NA	00	0	0	00	0	0	3	1	0.785491136	00	0
chr5	118000000	chr9	58000000	1	10	1	00	0.726037979	NA	00	0	0	00	0	0	3	1	2.13353556	00	0
chr5	119000000	chr9	40000000	4	10	4	00	0.499575734	NA	00	0	0	11	0	0	3	2	0.0325528074	11	0
chr5	119000000	chr9	61000000	20	10	19	00	0.964567006	NA	00	1	1	00	1	1	3	1	1.44029519	00	0
chr5	119000000	chr9	60000000	5	10	5	00	0.944424093	NA	00	0	0	00	0	0	3	1	1.38900343	00	0
chr5	119000000	chr9	121000000	2	10	2	11	0.535890937	NA	11	0	0	11	0	0	4	1	0.0761831636	11	0
chr5	119000000	chr9	109000000	2	10	2	00	0.478158176	NA	00	0	0	00	0	0	3	1	0.916466885	00	0
chr5	119000000	chr9	48000000	1	10	1	11	0.480651736	NA	11	0	0	11	0	0	3	1	0.451732054	11	0
chr5	120000000	chr9	61000000	4	10	4	00	0.675780475	NA	00	0	0	00	0	0	3	1	0.62019131	00	0
chr5	120000000	chr9	120000000	10	10	10	11	0.693463624	NA	11	0	0	11	0	0	4	1	0.353991387	11	0
chr5	120000000	chr9	62000000	16	10	16	11	0.914717197	NA	11	0	0	11	0	0	4	1	0.685453261	11	0
chr5	120000000	chr9	103000000	3	10	3	00	0.734189928	NA	00	0	0	00	0	0	4	1	0.502487833	00	0
chr5	120000000	chr9	110000000	3	10	3	00	0.597843885	NA	00	0	0	00	0	0	4	1	0.293152319	00	0
chr5	120000000	chr9	102000000	1	10	1	00	0.672410786	NA	00	0	0	00	0	0	4	1	0.384261613	00	0
chr5	120000000	chr9	121000000	1	10	1	11	0.642575741	NA	11	0	0	11	0	0	4	1	0.307011082	11	0
chr5	124000000	chr9	110000000	2	00	2	00	0.730876803	NA	00	2	2	00	2	2	1	1	1.07598881	00	0
chr5	124000000	chr9	62000000	8	00	8	11	0.636193097	NA	11	0	0	11	0	8	2	1	0.201297626	11	0
chr5	124000000	chr9	120000000	1	10	1	00	0.593298316	NA	00	0	0	00	0	0	4	1	0.200741061	00	0
chr5	125000000	chr9	110000000	11	00	11	00	0.837349236	NA	00	11	11	00	11	11	1	1	0.863084925	00	0
chr5	125000000	chr9	62000000	5	00	3	11	0.697512329	NA	11	0	0	11	0	3	2	1	0.243059572	11	0
chr5	125000000	chr9	121000000	6	10	5	11	0.540763021	NA	11	1	1	11	1	1	3	1	0.0796658025	11	0
chr5	125000000	chr9	109000000	1	00	1	00	0.609669745	NA	00	1	1	00	1	1	1	1	0.896913651	00	0
chr5	125000000	chr9	120000000	8	10	8	11	0.513187289	NA	11	0	0	00	0	0	3	2	0.0891600062	00	0
chr5	125000000	chr9	61000000	5	10	5	00	0.899126649	NA	00	0	0	00	0	0	3	1	1.37711453	00	0
chr5	126000000	chr9	119000000	1	00	1	00	0.926555991	NA	00	1	1	00	1	1	1	1	2.15677618	00	0
chr5	128000000	chr9	40000000	2	10	2	00	0.441257179	NA	00	0	0	00	0	0	2	1	0.561728454	00	0
chr5	128000000	chr9	121000000	6	10	6	00	0.99499315	NA	00	0	0	00	0	0	2	1	1.72757003	00	0
chr5	128000000	chr9	61000000	5	10	3	00	0.884575188	NA	00	2	2	00	2	2	2	1	1.58895425	00	0
chr5	128000000	chr9	60000000	3	10	3	00	0.644124627	NA	00	0	0	00	0	0	2	1	1.1395889	00	0
chr5	128000000	chr9	119000000	1	00	1	00	0.727169573	NA	00	1	1	00	1	1	1	1	1.70914337	00	0
chr5	128000000	chr9	118000000	1	00	1	00	0.769965649	NA	00	1	1	00	1	1	1	1	1.75273875	00	0
chr5	129000000	chr9	110000000	1	00	1	00	0.962307513	NA	00	1	1	00	1	1	1	1	1.69350861	00	0
chr5	130000000	chr9	109000000	6	00	6	00	0.999246001	NA	00	6	6	00	6	6	1	1	1.76753043	00	0
chr5	130000000	chr9	111000000	6	00	6	00	0.99798286	NA	00	6	6	00	6	6	1	1	1.7061075	00	0
chr5	130000000	chr9	119000000	7	00	7	00	0.999953747	NA	00	7	7	00	7	7	1	1	2.26018969	00	0
chr5	130000000	chr9	118000000	11	00	11	00	0.999990821	NA	00	11	11	00	11	11	1	1	2.26737274	00	0
chr5	130000000	chr9	93000000	5	00	5	00	0.920330763	NA	00	5	5	00	5	5	1	1	1.28987485	00	0
chr5	130000000	chr9	35000000	1	00	1	00	0.365775257	NA	00	1	1	00	1	1	1	1	0.791884439	00	0
chr5	130000000	chr9	114000000	2	00	2	00	0.996692181	NA	00	2	2	00	2	2	1	1	1.63870956	00	0
chr5	131000000	chr9	119000000	5	00	4	00	0.996409118	NA	00	4	4	00	4	4	1	1	2.51139861	00	0
chr5	131000000	chr9	118000000	18	00	18	00	0.999753535	NA	00	18	18	00	18	18	1	1	2.55947775	00	0
chr5	131000000	chr9	117000000	3	00	3	00	0.895779729	NA	00	3	3	00	3	3	1	1	1.98257393	00	0
chr5	131000000	chr9	93000000	6	00	6	00	0.742014527	NA	00	6	6	00	6	6	1	1	1.52954951	00	0
chr5	131000000	chr9	116000000	1	10	1	00	0.971617997	NA	00	0	0	00	0	0	2	1	2.23452484	00	0
chr5	132000000	chr9	94000000	1	00	1	00	0.635166645	NA	00	1	1	00	1	1	1	1	1.50933684	00	0
chr5	132000000	chr9	118000000	15	00	14	00	0.999979854	NA	00	14	14	00	14	14	1	1	2.49697957	00	0
chr5	132000000	chr9	93000000	1	00	1	00	0.60269171	NA	00	1	1	00	1	1	1	1	1.42985628	00	0
chr5	132000000	chr9	119000000	6	00	6	00	0.999619603	NA	00	6	6	00	6	6	1	1	2.42817008	00	0
chr5	133000000	chr9	118000000	7	10	4	00	0.997923315	NA	00	3	3	00	3	3	2	1	2.42108685	00	0
chr5	133000000	chr9	117000000	5	10	5	00	0.999120057	NA	00	0	0	00	0	0	2	1	2.17223326	00	0
chr5	133000000	chr9	93000000	3	10	3	00	0.960316777	NA	00	0	0	00	0	0	2	1	1.79449905	00	0
chr5	133000000	chr9	94000000	10	10	10	00	0.987112343	NA	00	0	0	00	0	0	2	1	1.8361937	00	0
chr5	133000000	chr9	116000000	3	10	3	00	0.999685168	NA	00	0	0	00	0	0	2	1	2.33287789	00	0
chr5	133000000	chr9	89000000	3	10	3	00	0.962449968	NA	00	0	0	00	0	0	2	1	1.87188357	00	0
chr5	133000000	chr9	109000000	1	10	1	00	0.886083364	NA	00	0	0	00	0	0	2	1	1.89716514	00	0
chr5	134000000	chr9	94000000	3	10	3	00	0.812328994	NA	00	0	0	00	0	0	2	1	1.38095178	00	0
chr5	134000000	chr9	116000000	1	10	1	00	0.928502321	NA	00	0	0	00	0	0	2	1	1.42002896	00	0
chr5	134000000	chr9	117000000	2	00	1	00	0.960208356	NA	00	1	1	00	1	1	1	1	1.41537635	00	0
chr5	137000000	chr9	116000000	3	10	3	00	0.980021775	NA	00	0	0	00	0	0	2	1	1.30907956	00	0
chr5	137000000	chr9	89000000	19	10	19	00	0.976425588	NA	00	0	0	00	0	0	2	1	1.19654494	00	0
chr5	137000000	chr9	90000000	2	10	2	00	0.933786869	NA	00	0	0	00	0	0	2	1	1.43021644	00	0
chr5	138000000	chr9	89000000	20	10	20	00	0.964084566	NA	00	0	0	00	0	0	2	1	1.03055068	00	0
chr5	138000000	chr9	94000000	1	10	1	00	0.767886043	NA	00	0	0	00	0	0	2	1	0.895335626	00	0
chr5	138000000	chr9	117000000	1	10	1	00	0.892095804	NA	00	0	0	00	0	0	2	1	1.08357645	00	0
chr5	138000000	chr9	90000000	1	10	1	00	0.667908847	NA	00	0	0	00	0	0	2	1	1.17161453	00	0
chr5	138000000	chr9	109000000	2	10	2	00	0.973957717	NA	00	0	0	00	0	0	2	1	1.55466189	00	0
chr5	139000000	chr9	89000000	7	10	7	00	0.982473373	NA	00	0	0	00	0	0	2	1	2.21046501	00	0
chr5	139000000	chr9	90000000	1	10	1	00	0.584284663	NA	00	0	0	00	0	0	2	1	0.98712297	00	0
chr5	139000000	chr9	88000000	1	10	1	00	0.684313715	NA	00	0	0	00	0	0	2	1	0.860476055	00	0
chr5	139000000	chr9	117000000	10	10	10	00	0.999147058	NA	00	0	0	00	0	0	2	1	2.45144692	00	0
chr5	139000000	chr9	109000000	3	10	3	00	0.999805272	NA	00	0	0	00	0	0	2	1	2.4825139	00	0
chr5	139000000	chr9	61000000	2	10	2	00	0.527807415	NA	00	0	0	00	0	0	2	1	2.49237723	00	0
chr5	139000000	chr9	60000000	3	10	3	00	0.436585218	NA	00	0	0	00	0	0	2	1	2.28123944	00	0
chr5	139000000	chr9	120000000	2	10	2	00	0.761491239	NA	00	0	0	00	0	0	2	1	2.68631517	00	0
chr5	139000000	chr9	116000000	5	10	5	00	0.999974251	NA	00	0	0	00	0	0	2	1	2.65419781	00	0
chr5	139000000	chr9	115000000	3	10	3	00	0.973900616	NA	00	0	0	00	0	0	2	1	2.2628197	00	0
chr5	139000000	chr9	111000000	1	10	1	00	0.96762979	NA	00	0	0	00	0	0	2	1	2.40020097	00	0
chr5	139000000	chr9	119000000	2	10	2	00	0.999301553	NA	00	0	0	00	0	0	2	1	2.6464585	00	0
chr5	139000000	chr9	118000000	1	10	1	00	0.998260081	NA	00	0	0	00	0	0	2	1	2.66084784	00	0
chr5	139000000	chr9	94000000	1	10	1	00	0.787788987	NA	00	0	0	00	0	0	2	1	2.08610709	00	0
chr5	140000000	chr9	119000000	1	10	1	00	0.961738825	NA	00	0	0	00	0	0	2	1	2.15314121	00	0
chr5	140000000	chr9	118000000	1	10	1	00	0.956529975	NA	00	0	0	00	0	0	2	1	2.16889126	00	0
chr5	147000000	chr9	119000000	1	10	1	00	0.818830669	NA	00	0	0	00	0	0	2	1	2.41596674	00	0
chr5	147000000	chr9	109000000	1	10	1	00	0.876153946	NA	00	0	0	00	0	0	2	1	2.42413687	00	0
chr5	148000000	chr9	61000000	3	10	3	00	0.625080943	NA	00	0	0	00	0	0	2	1	2.19448097	00	0
chr5	149000000	chr9	89000000	1	10	1	00	0.606860995	NA	00	0	0	00	0	0	2	1	1.40422627	00	0
chr5	150000000	chr9	90000000	6	10	6	10	0.526170909	NA	10	6	6	10	6	6	1	1	0.378441518	10	0
chr5	150000000	chr9	89000000	2	10	2	00	0.570850968	NA	00	0	0	00	0	0	2	1	0.462161565	00	0
chr5	150000000	chr9	91000000	1	10	1	10	0.480748653	NA	10	1	1	10	1	1	1	1	0.774927364	10	0
chr5	150000000	chr9	87000000	2	10	2	10	0.45461002	NA	10	2	2	10	2	2	1	1	0.318000163	10	0
chr6	4000000	chr10	21000000	1	10	1	10	0.739686131	NA	10	1	1	10	1	1	1	1	1.62404021	10	0
chr6	5000000	chr10	21000000	3	10	3	10	0.714522719	NA	10	3	3	10	3	3	1	1	1.67589588	10	0
chr6	11000000	chr10	67000000	2	10	2	10	0.880102098	NA	10	2	2	10	2	2	1	1	2.79372451	10	0
chr6	11000000	chr10	63000000	5	10	5	10	0.987062871	NA	10	5	5	10	5	5	1	1	3.06852617	10	0
chr6	11000000	chr10	66000000	2	10	2	10	0.956046462	NA	10	2	2	10	2	2	1	1	2.29846033	10	0
chr6	11000000	chr10	35000000	1	10	1	10	0.702482879	NA	10	1	1	10	1	1	1	1	1.88910511	10	0
chr6	11000000	chr10	65000000	1	10	1	10	0.811399221	NA	10	1	1	10	1	1	1	1	2.51588204	10	0
chr6	12000000	chr10	3000000	11	10	11	10	0.580904782	NA	10	11	11	10	11	11	1	1	0.308112539	10	0
chr6	12000000	chr10	15000000	7	10	7	10	0.993708611	NA	10	7	7	10	7	7	1	1	2.99370105	10	0
chr6	12000000	chr10	17000000	4	10	4	10	0.984002352	NA	10	4	4	10	4	4	1	1	2.54616141	10	0
chr6	12000000	chr10	16000000	9	10	8	10	0.996910989	NA	10	8	8	10	8	8	1	1	2.66598062	10	0
chr6	12000000	chr10	67000000	2	10	2	10	0.995113671	NA	10	2	2	10	2	2	1	1	2.42987116	10	0
chr6	12000000	chr10	68000000	1	10	1	10	0.848428607	NA	10	1	1	10	1	1	1	1	2.37701774	10	0
chr6	13000000	chr10	3000000	6	10	6	11	0.737748682	NA	11	0	0	11	0	0	2	1	0.61678102	11	0
chr6	13000000	chr10	16000000	5	10	5	10	0.9267717	NA	10	5	5	10	5	5	1	1	2.10222129	10	0
chr6	13000000	chr10	21000000	7	10	7	10	0.750432193	NA	10	7	7	10	7	7	1	1	0.914789453	10	0
chr6	13000000	chr10	17000000	5	10	5	10	0.947695076	NA	10	5	5	10	5	5	1	1	2.05372234	10	0
chr6	14000000	chr10	21000000	3	10	3	10	0.805749774	NA	10	3	3	10	3	3	1	1	1.74814891	10	0
chr6	14000000	chr10	3000000	1	10	1	10	0.574369252	NA	10	1	1	10	1	1	1	1	0.206995984	10	0
chr6	15000000	chr10	3000000	5	10	5	10	0.773460507	NA	10	5	5	10	5	5	1	1	0.542822798	10	0
chr6	15000000	chr10	15000000	1	10	1	10	0.86403054	NA	10	1	1	10	1	1	1	1	2.92888202	10	0
chr6	15000000	chr10	67000000	3	10	2	10	0.992399871	NA	10	2	2	10	2	2	1	1	2.75107679	10	0
chr6	15000000	chr10	63000000	5	10	5	10	0.998854041	NA	10	5	5	10	5	5	1	1	3.3480388	10	0
chr6	15000000	chr10	65000000	2	10	2	10	0.929094672	NA	10	2	2	10	2	2	1	1	2.65398742	10	0
chr6	15000000	chr10	66000000	1	10	1	10	0.929548502	NA	10	1	1	10	1	1	1	1	2.45772923	10	0
chr6	16000000	chr10	65000000	1	10	1	10	0.639828146	NA	10	1	1	10	1	1	1	1	1.97043547	10	0
chr6	16000000	chr10	63000000	2	10	2	10	0.978879988	NA	10	2	2	10	2	2	1	1	2.6947491	10	0
chr6	17000000	chr10	44000000	5	10	4	10	0.987813711	NA	10	4	4	10	4	4	1	1	2.53942354	10	0
chr6	17000000	chr10	75000000	1	11	1	10	0.922540367	NA	10	0	0	10	0	0	3	1	2.72238005	10	0
chr6	17000000	chr10	45000000	3	10	3	10	0.851267695	NA	10	3	3	10	3	3	1	1	2.17082409	10	0
chr6	17000000	chr10	41000000	1	10	1	10	0.744048536	NA	10	1	1	10	1	1	1	1	2.40323789	10	0
chr6	17000000	chr10	73000000	2	10	2	10	0.942994952	NA	10	2	2	10	2	2	1	1	2.73462308	10	0
chr6	17000000	chr10	43000000	1	10	1	10	0.966705501	NA	10	1	1	10	1	1	1	1	2.85649345	10	0
chr6	17000000	chr10	74000000	1	10	1	10	0.950817466	NA	10	1	1	10	1	1	1	1	2.95003182	10	0
chr6	17000000	chr10	72000000	1	10	1	10	0.961090446	NA	10	1	1	10	1	1	1	1	2.66161929	10	0
chr6	18000000	chr10	73000000	6	10	4	10	0.924545765	NA	10	4	4	10	4	5	1	1	2.17305308	10	0
chr6	18000000	chr10	72000000	3	10	3	10	0.978414536	NA	10	3	3	10	3	3	1	1	2.07105169	10	0
chr6	18000000	chr10	74000000	3	10	3	10	0.770480216	NA	10	3	3	10	3	3	1	1	2.40479918	10	0
chr6	27000000	chr10	3000000	1	10	1	10	0.540010571	NA	10	1	1	10	1	1	1	1	0.631067613	10	0
chr6	27000000	chr10	16000000	3	10	3	10	0.514918566	NA	10	3	3	10	3	3	1	1	1.30616302	10	0
chr6	28000000	chr10	3000000	9	10	9	10	0.575992525	NA	10	9	9	10	9	9	1	1	0.604288593	10	0
chr6	28000000	chr10	63000000	6	10	6	10	0.600478172	NA	10	6	6	10	6	6	1	1	0.65016146	10	0
chr6	28000000	chr10	18000000	1	10	1	10	0.380581588	NA	10	1	1	10	1	1	1	1	0.879661695	10	0
chr6	28000000	chr10	67000000	3	10	3	10	0.624345601	NA	10	3	3	10	3	3	1	1	0.651997896	10	0
chr6	28000000	chr10	36000000	1	10	1	10	0.467070162	NA	10	1	1	10	1	1	1	1	0.847486899	10	0
chr6	28000000	chr10	19000000	1	10	1	10	0.367625654	NA	10	1	1	10	1	1	1	1	0.862332754	10	0
chr6	29000000	chr10	4000000	6	10	6	10	0.521140456	NA	10	6	6	10	6	6	1	1	1.16865556	10	0
chr6	29000000	chr10	63000000	7	10	7	10	0.595978558	NA	10	7	7	10	7	7	1	1	1.75261063	10	0
chr6	29000000	chr10	19000000	4	10	4	10	0.494885832	NA	10	4	4	10	4	4	1	1	1.91951562	10	0
chr6	29000000	chr10	39000000	4	10	4	10	0.495734394	NA	10	4	4	10	4	4	1	1	1.02546276	10	0
chr6	29000000	chr10	62000000	6	10	6	10	0.870536149	NA	10	6	6	10	6	6	1	1	2.24238018	10	0
chr6	29000000	chr10	3000000	1	10	1	10	0.297751009	NA	10	1	1	10	1	1	1	1	0.15900646	10	0
chr6	34000000	chr10	43000000	1	10	1	10	0.416600645	NA	10	1	1	10	1	1	1	1	0.732071416	10	0
chr6	38000000	chr10	75000000	3	10	2	00	0.919010758	NA	00	1	1	00	1	1	2	1	2.3833453	00	0
chr6	38000000	chr10	86000000	8	10	8	00	0.864724636	NA	00	0	0	00	0	0	2	1	2.14637382	00	0
chr6	38000000	chr10	87000000	24	10	22	00	0.999738634	NA	00	0	0	00	0	0	2	1	2.85436548	00	0
chr6	38000000	chr10	42000000	1	10	1	00	0.966466129	NA	00	0	0	00	0	0	2	1	2.74738171	00	0
chr6	38000000	chr10	4000000	1	10	1	00	0.56610316	NA	00	0	0	00	0	0	4	1	1.96595164	00	0
chr6	38000000	chr10	41000000	3	10	3	00	0.985941589	NA	00	0	0	00	0	0	2	1	2.73362538	00	0
chr6	38000000	chr10	39000000	1	10	1	00	0.960648358	NA	00	0	0	00	0	0	2	1	2.84650045	00	0
chr6	38000000	chr10	85000000	7	10	7	00	0.999276102	NA	00	0	0	00	0	0	2	1	2.77518764	00	0
chr6	38000000	chr10	88000000	3	10	3	00	0.970924377	NA	00	0	0	00	0	0	2	1	2.69244042	00	0
chr6	38000000	chr10	84000000	3	10	3	00	0.988891482	NA	00	0	0	00	0	0	2	1	3.31627508	00	0
chr6	38000000	chr10	83000000	1	10	1	00	0.917283475	NA	00	0	0	00	0	0	2	1	2.96692462	00	0
chr6	39000000	chr10	87000000	1	10	1	00	0.744203687	NA	00	0	0	00	0	0	2	1	1.68966951	00	0
chr6	39000000	chr10	86000000	2	10	2	00	0.813676357	NA	00	0	0	00	0	0	2	1	0.968881197	00	0
chr6	46000000	chr10	66000000	1	10	1	10	0.490944535	NA	10	1	1	10	1	1	1	1	1.14551849	10	0
chr6	46000000	chr10	63000000	2	10	2	10	0.774045646	NA	10	2	2	10	2	2	1	1	1.71010497	10	0
chr6	47000000	chr10	66000000	2	10	2	10	0.558158696	NA	10	2	2	10	2	2	1	1	0.773600808	10	0
chr6	47000000	chr10	38000000	1	10	1	10	0.64669764	NA	10	1	1	10	1	1	1	1	0.795987595	10	0
chr6	47000000	chr10	43000000	6	10	6	10	0.792484105	NA	10	6	6	10	6	6	1	1	1.19979274	10	0
chr6	47000000	chr10	44000000	1	10	1	10	0.401682585	NA	10	1	1	10	1	1	1	1	1.33706511	10	0
chr6	47000000	chr10	35000000	3	10	3	10	0.592978954	NA	10	3	3	10	3	3	1	1	0.641880784	10	0
chr6	47000000	chr10	65000000	1	10	1	10	0.451741517	NA	10	1	1	10	1	1	1	1	0.872100552	10	0
chr6	47000000	chr10	72000000	1	10	1	10	0.5217188	NA	10	1	1	10	1	1	1	1	0.759346889	10	0
chr6	47000000	chr10	39000000	1	10	1	10	0.476716667	NA	10	1	1	10	1	1	1	1	0.798847141	10	0
chr6	53000000	chr10	21000000	3	10	3	10	0.49837625	NA	10	3	3	10	3	3	1	1	0.840737728	10	0
chr6	54000000	chr10	21000000	6	10	6	10	0.487820089	NA	10	6	6	10	6	6	1	1	0.250400435	10	0
chr6	55000000	chr10	20000000	7	10	7	10	0.812405288	NA	10	7	7	10	7	7	1	1	1.38067189	10	0
chr6	55000000	chr10	63000000	2	10	2	10	0.711532414	NA	10	2	2	10	2	2	1	1	0.923135447	10	0
chr6	55000000	chr10	62000000	11	10	11	10	0.948262274	NA	10	11	11	10	11	11	1	1	2.37065413	10	0
chr6	55000000	chr10	19000000	1	10	1	10	0.654625058	NA	10	1	1	10	1	1	1	1	1.41350275	10	0
chr6	56000000	chr10	62000000	9	10	9	10	0.889375567	NA	10	9	9	10	9	9	1	1	2.63387924	10	0
chr6	56000000	chr10	20000000	2	10	2	10	0.686682165	NA	10	2	2	10	2	2	1	1	1.11261783	10	0
chr6	57000000	chr10	62000000	1	10	1	10	0.828006685	NA	10	1	1	10	1	1	1	1	2.71871514	10	0
chr6	57000000	chr10	20000000	1	10	1	10	0.43454808	NA	10	1	1	10	1	1	1	1	1.08778886	10	0
chr6	66000000	chr10	63000000	3	10	3	10	0.587199092	NA	10	3	3	10	3	3	1	1	2.01501695	10	0
chr6	66000000	chr10	3000000	1	10	1	10	0.298769176	NA	10	1	1	10	1	1	1	1	0.0545826129	10	0
chr6	67000000	chr10	63000000	1	10	1	10	0.70982784	NA	10	1	1	10	1	1	1	1	1.55524525	10	0
chr6	67000000	chr10	3000000	1	10	1	11	0.331152916	NA	11	0	0	11	0	0	2	1	0.152236089	11	0
chr6	67000000	chr10	18000000	1	10	1	10	0.42648986	NA	10	1	1	10	1	1	1	1	1.17146561	10	0
chr6	71000000	chr10	85000000	2	10	2	10	0.511299431	NA	10	2	2	10	2	2	1	1	0.774846259	10	0
chr6	72000000	chr10	86000000	2	10	2	10	0.408664107	NA	10	2	2	10	2	2	1	1	1.14339667	10	0
chr6	72000000	chr10	85000000	2	10	2	10	0.407512337	NA	10	2	2	10	2	2	1	1	0.460109211	10	0
chr6	72000000	chr10	87000000	1	10	1	10	0.397572011	NA	10	1	1	10	1	1	1	1	0.428276842	10	0
chr6	78000000	chr10	47000000	4	11	4	00	0.51770401	NA	00	0	0	00	0	4	2	1	0.864923794	00	0
chr6	78000000	chr10	4000000	2	11	2	00	0.398290157	NA	00	0	0	00	0	2	2	1	1.27419199	00	0
chr6	84000000	chr10	20000000	1	10	1	10	0.34711653	NA	10	1	1	10	1	1	1	1	0.949880123	10	0
chr6	84000000	chr10	63000000	1	10	1	10	0.335621774	NA	10	1	1	10	1	1	1	1	0.170827607	10	0
chr6	99000000	chr10	63000000	1	10	1	10	0.469987631	NA	10	1	1	10	1	1	1	1	0.173633764	10	0
chr6	100000000	chr10	62000000	6	10	6	10	0.839476287	NA	10	6	6	10	6	6	1	1	2.2832997	10	0
chr6	100000000	chr10	20000000	1	10	1	10	0.574830115	NA	10	1	1	10	1	1	1	1	1.20231082	10	0
chr6	100000000	chr10	63000000	2	10	2	10	0.564422071	NA	10	2	2	10	2	2	1	1	0.965120718	10	0
chr6	19000000	chr13	49000000	1	10	1	11	0.25	NA	00	0	0	10	1	0	1	4	3.55894304	10	0
chr6	56000000	chr13	5000000	2	10	2	10	0.732128322	NA	10	2	2	10	2	2	1	1	3.66715087	10	0
chr6	56000000	chr13	6000000	3	10	3	10	0.701243699	NA	10	3	3	10	3	3	1	1	4.14071439	10	0
chr6	57000000	chr13	5000000	1	10	1	10	0.541947067	NA	10	1	1	10	1	1	1	1	3.89104577	10	0
chr6	85000000	chr13	6000000	1	10	1	10	0.674904823	NA	10	1	1	10	1	1	1	1	3.67980139	10	0
chr6	86000000	chr13	21000000	1	10	1	10	0.490522295	NA	10	1	1	10	1	1	1	1	3.54828584	10	0
chr6	86000000	chr13	6000000	1	10	1	10	0.595815003	NA	10	1	1	10	1	1	1	1	3.67231726	10	0
chr6	87000000	chr13	6000000	2	10	2	10	0.851990163	NA	10	2	2	10	2	2	1	1	3.96029754	10	0
chr6	87000000	chr13	5000000	1	10	1	10	0.727988422	NA	10	1	1	10	1	1	1	1	3.93782154	10	0
chr6	87000000	chr13	21000000	2	10	2	10	0.696253955	NA	10	2	2	10	2	2	1	1	3.77044082	10	0
chr6	89000000	chr13	83000000	2	10	2	10	0.619015574	NA	10	2	2	10	2	2	1	1	3.57355697	10	0
chr6	89000000	chr13	84000000	4	10	3	10	0.738402903	NA	10	3	3	10	3	3	1	1	3.4802269	10	0
chr6	135000000	chr13	23000000	5	10	5	10	0.988287508	NA	10	5	5	10	5	5	1	1	4.65048375	10	0
chr6	135000000	chr13	48000000	2	10	2	10	0.666497469	NA	10	2	2	10	2	2	1	1	3.9589407	10	0
chr6	135000000	chr13	24000000	1	10	1	10	0.847898662	NA	10	1	1	10	1	1	1	1	4.67904928	10	0
chr6	135000000	chr13	49000000	2	10	2	10	0.58022809	NA	10	2	2	10	2	2	1	1	4.22410177	10	0
chr6	135000000	chr13	63000000	4	10	4	10	0.626633227	NA	10	4	4	10	4	4	1	1	3.30020976	10	0
chr6	136000000	chr13	62000000	1	10	1	10	0.518387496	NA	10	1	1	10	1	1	1	1	3.59991381	10	0
chr6	136000000	chr13	63000000	1	10	1	10	0.63830471	NA	10	1	1	10	1	1	1	1	3.3439544	10	0
chr6	136000000	chr13	21000000	1	10	1	10	0.945524454	NA	10	1	1	10	1	1	1	1	4.5058033	10	0
chr6	137000000	chr13	21000000	1	10	1	10	0.726851463	NA	10	1	1	10	1	1	1	1	4.45072777	10	0
chr6	142000000	chr13	83000000	5	10	5	10	0.899368107	NA	10	5	5	10	5	5	1	1	4.43982952	10	0
chr6	142000000	chr13	84000000	3	10	3	10	0.944837153	NA	10	3	3	10	3	3	1	1	4.36841862	10	0
chr6	142000000	chr13	49000000	1	10	1	10	0.801140368	NA	10	1	1	10	1	1	1	1	4.60817003	10	0
chr6	145000000	chr13	21000000	2	10	2	10	0.850661337	NA	10	2	2	10	2	2	1	1	4.14782687	10	0
chr6	145000000	chr13	20000000	1	10	1	10	0.867582977	NA	10	1	1	10	1	1	1	1	4.19103505	10	0
chr6	4000000	chr14	109000000	3	11	3	11	0.743326962	NA	11	3	3	11	3	3	1	1	1.36005267	11	0
chr6	4000000	chr14	108000000	2	11	2	11	0.813829303	NA	11	2	2	11	2	2	1	1	1.51080696	11	0
chr6	4000000	chr14	110000000	1	11	1	11	0.587565184	NA	11	1	1	11	1	1	1	1	1.62850708	11	0
chr6	5000000	chr14	56000000	1	11	1	11	0.752977252	NA	11	1	1	11	1	1	1	1	2.42846706	11	0
chr6	5000000	chr14	109000000	9	11	9	11	0.935316443	NA	11	9	9	11	9	9	1	1	2.21464362	11	0
chr6	5000000	chr14	108000000	8	11	8	11	0.94633919	NA	11	8	8	11	8	8	1	1	2.36350073	11	0
chr6	5000000	chr14	110000000	2	11	2	11	0.830701888	NA	11	2	2	11	2	2	1	1	2.51061025	11	0
chr6	6000000	chr14	104000000	1	10	1	11	0.760668576	NA	11	0	0	11	0	0	3	1	2.38792062	11	0
chr6	50000000	chr14	55000000	1	11	1	11	0.902851403	NA	11	1	1	11	1	1	1	1	3.03542995	11	0
chr6	50000000	chr14	78000000	1	11	1	11	0.549414337	NA	11	1	1	11	1	1	1	1	2.72458156	11	0
chr6	51000000	chr14	50000000	3	11	3	11	0.910088837	NA	11	3	3	11	3	3	1	1	2.253212	11	0
chr6	51000000	chr14	78000000	1	11	1	11	0.792462289	NA	11	1	1	11	1	1	1	1	1.92227866	11	0
chr6	51000000	chr14	55000000	7	11	7	11	0.990675271	NA	11	7	7	11	7	7	1	1	2.14066677	11	0
chr6	51000000	chr14	20000000	7	10	7	11	0.601579785	NA	11	0	0	11	0	0	2	1	2.14561399	11	0
chr6	51000000	chr14	49000000	2	11	2	11	0.851993501	NA	11	2	2	11	2	2	1	1	2.504681	11	0
chr6	52000000	chr14	55000000	1	11	1	11	0.987246156	NA	11	1	1	11	1	1	1	1	2.90907996	11	0
chr6	52000000	chr14	78000000	4	11	4	11	0.787815332	NA	11	4	4	11	4	4	1	1	2.56224169	11	0
chr6	52000000	chr14	108000000	1	11	1	11	0.573804438	NA	11	1	1	11	1	1	1	1	1.77105489	11	0
chr6	52000000	chr14	56000000	4	11	4	11	0.952889323	NA	11	4	4	11	4	4	1	1	2.34261092	11	0
chr6	60000000	chr14	108000000	1	11	1	11	0.619792461	NA	11	1	1	11	1	1	1	1	2.65436411	11	0
chr6	62000000	chr14	110000000	7	11	7	11	0.808111966	NA	11	7	7	11	7	7	1	1	2.14401623	11	0
chr6	62000000	chr14	109000000	3	11	3	11	0.744593322	NA	11	3	3	11	3	3	1	1	1.98710551	11	0
chr6	62000000	chr14	108000000	1	11	1	11	0.803812087	NA	11	1	1	11	1	1	1	1	2.05590838	11	0
chr6	63000000	chr14	110000000	9	11	9	11	0.806121647	NA	11	9	9	11	9	9	1	1	2.23378277	11	0
chr6	82000000	chr14	32000000	5	10	5	10	0.405188054	NA	10	5	5	10	5	5	1	1	1.36462013	10	0
chr6	82000000	chr14	79000000	2	00	1	01	0.361419439	NA	01	0	0	01	0	0	4	1	1.42701845	01	0
chr6	82000000	chr14	55000000	1	11	1	01	0.45383808	NA	01	0	0	01	0	0	2	1	0.982815632	01	0
chr6	82000000	chr14	76000000	2	11	2	01	0.319895625	NA	01	0	0	01	0	0	2	1	1.10853797	01	0
chr6	92000000	chr14	55000000	5	10	5	11	0.689483345	NA	11	0	0	11	0	0	2	1	2.95585396	11	0
chr6	97000000	chr14	11000000	2	10	2	11	0.337950468	NA	11	0	0	11	0	0	3	1	0.81502083	11	0
chr6	97000000	chr14	10000000	1	10	1	11	0.3281838	NA	11	0	0	11	0	0	3	1	0.402470978	11	0
chr6	97000000	chr14	55000000	1	10	1	11	0.462867767	NA	11	0	0	11	0	0	3	1	1.54868415	11	0
chr6	97000000	chr14	34000000	1	10	1	11	0.610581279	NA	11	0	0	11	0	0	3	1	2.8624276	11	0
chr6	111000000	chr14	55000000	4	11	3	11	0.997100294	NA	11	3	3	11	3	3	1	1	2.50083584	11	0
chr6	111000000	chr14	50000000	1	11	1	11	0.906610429	NA	11	1	1	11	1	1	1	1	2.29944253	11	0
chr6	111000000	chr14	51000000	1	11	1	11	0.911057055	NA	11	1	1	11	1	1	1	1	2.4904477	11	0
chr6	111000000	chr14	78000000	1	11	1	11	0.79656291	NA	11	1	1	11	1	1	1	1	2.00278346	11	0
chr6	112000000	chr14	54000000	1	11	1	11	0.907474816	NA	11	1	1	11	1	1	1	1	3.34109655	11	0
chr6	112000000	chr14	20000000	6	10	6	11	0.670725584	NA	11	0	0	11	0	0	2	1	2.4266235	11	0
chr6	112000000	chr14	19000000	2	10	2	11	0.476547748	NA	11	0	0	11	0	0	2	1	2.64001748	11	0
chr6	112000000	chr14	49000000	1	10	1	11	0.849154353	NA	11	0	0	11	0	0	3	1	3.11559792	11	0
chr6	113000000	chr14	8000000	2	11	2	11	0.406801492	NA	11	2	2	11	2	2	1	1	2.3093458	11	0
chr6	113000000	chr14	54000000	5	11	5	11	0.999489069	NA	11	5	5	11	5	5	1	1	3.33012362	11	0
chr6	113000000	chr14	76000000	5	11	5	11	0.988714874	NA	11	5	5	11	5	5	1	1	2.80219802	11	0
chr6	113000000	chr14	51000000	4	11	4	11	0.99813652	NA	11	4	4	11	4	4	1	1	2.98184796	11	0
chr6	113000000	chr14	55000000	1	11	1	11	0.828058779	NA	11	1	1	11	1	1	1	1	2.85791785	11	0
chr6	114000000	chr14	50000000	2	11	2	11	0.97158879	NA	11	2	2	11	2	2	1	1	3.07298533	11	0
chr6	114000000	chr14	54000000	2	11	2	11	0.999899626	NA	11	2	2	11	2	2	1	1	3.4414288	11	0
chr6	114000000	chr14	55000000	17	11	17	11	0.99998796	NA	11	17	17	11	17	17	1	1	3.17941904	11	0
chr6	114000000	chr14	77000000	3	10	2	11	0.711760938	NA	11	1	1	11	1	1	3	1	2.81509315	11	0
chr6	114000000	chr14	8000000	2	11	2	11	0.46459493	NA	11	2	2	11	2	2	1	1	2.41447719	11	0
chr6	114000000	chr14	49000000	1	11	1	11	0.943950951	NA	11	1	1	11	1	1	1	1	3.27475385	11	0
chr6	114000000	chr14	51000000	3	11	3	11	0.999733627	NA	11	3	3	11	3	3	1	1	3.28179707	11	0
chr6	114000000	chr14	76000000	2	11	2	11	0.983415961	NA	11	2	2	11	2	2	1	1	3.02884513	11	0
chr6	114000000	chr14	79000000	1	11	1	11	0.859354675	NA	11	1	1	11	1	1	1	1	2.66453248	11	0
chr6	115000000	chr14	77000000	2	11	2	11	0.735511184	NA	11	2	2	11	2	2	1	1	3.29204348	11	0
chr6	115000000	chr14	104000000	13	11	13	11	0.999837756	NA	11	13	13	11	13	13	1	1	3.11376165	11	0
chr6	115000000	chr14	78000000	9	11	8	11	0.998108506	NA	11	8	8	11	8	8	1	1	3.2552507	11	0
chr6	115000000	chr14	55000000	3	11	3	11	0.999956608	NA	11	3	3	11	3	3	1	1	3.08572276	11	0
chr6	115000000	chr14	56000000	13	11	13	11	0.999999285	NA	11	13	13	11	13	13	1	1	3.19312404	11	0
chr6	115000000	chr14	107000000	14	11	14	11	0.997490168	NA	11	14	14	11	14	14	1	1	2.58296156	11	0
chr6	115000000	chr14	50000000	2	11	2	11	0.88341105	NA	11	2	2	11	2	2	1	1	3.25045098	11	0
chr6	115000000	chr14	79000000	2	11	2	11	0.993764102	NA	11	2	2	11	2	2	1	1	3.1287982	11	0
chr6	115000000	chr14	103000000	1	11	1	11	0.99643302	NA	11	1	1	11	1	1	1	1	3.13841843	11	0
chr6	115000000	chr14	109000000	3	11	3	11	0.99765563	NA	11	3	3	11	3	3	1	1	2.79643581	11	0
chr6	115000000	chr14	105000000	2	10	1	11	0.989226699	NA	11	1	1	11	1	1	3	1	3.0100457	11	0
chr6	115000000	chr14	108000000	3	11	3	11	0.987674415	NA	11	3	3	11	3	3	1	1	2.37762994	11	0
chr6	115000000	chr14	110000000	1	11	1	11	0.926921368	NA	11	1	1	11	1	1	1	1	2.46499023	11	0
chr6	115000000	chr14	111000000	1	11	1	11	0.889067888	NA	11	1	1	11	1	1	1	1	2.32568716	11	0
chr6	116000000	chr14	110000000	3	11	3	11	0.994201124	NA	11	3	3	11	3	3	1	1	2.83851368	11	0
chr6	116000000	chr14	111000000	1	11	1	11	0.942625046	NA	11	1	1	11	1	1	1	1	2.3778107	11	0
chr6	116000000	chr14	55000000	3	11	3	11	0.998392642	NA	11	3	3	11	3	3	1	1	3.37865067	11	0
chr6	117000000	chr14	52000000	1	10	1	11	0.998571277	NA	11	0	0	11	0	0	3	1	3.63454119	11	0
chr6	117000000	chr14	87000000	13	10	13	11	0.999487519	NA	11	0	0	11	0	0	3	1	4.05236184	11	0
chr6	117000000	chr14	50000000	3	10	3	11	0.999893188	NA	11	0	0	11	0	0	3	1	3.47569748	11	0
chr6	117000000	chr14	30000000	2	10	2	11	0.967834413	NA	11	0	0	11	0	0	3	1	3.97708147	11	0
chr6	117000000	chr14	86000000	1	10	1	11	0.998563111	NA	11	0	0	11	0	0	3	1	3.89629332	11	0
chr6	118000000	chr14	51000000	11	10	10	11	0.999999404	NA	11	1	1	11	1	1	3	1	4.15492857	11	0
chr6	118000000	chr14	30000000	8	10	8	11	0.995260656	NA	11	0	0	11	0	0	3	1	4.5520763	11	0
chr6	118000000	chr14	50000000	14	10	13	11	1	NA	11	0	0	11	0	1	3	1	4.27313688	11	0
chr6	118000000	chr14	86000000	3	10	3	11	0.999675393	NA	11	0	0	11	0	0	3	1	4.56117134	11	0
chr6	118000000	chr14	52000000	10	10	10	11	0.999999881	NA	11	0	0	11	0	0	3	1	4.40997979	11	0
chr6	118000000	chr14	36000000	6	10	5	11	0.998779953	NA	11	0	0	11	0	1	3	1	4.1653436	11	0
chr6	118000000	chr14	85000000	2	10	2	11	0.998266697	NA	11	0	0	11	0	0	3	1	4.22845408	11	0
chr6	118000000	chr14	104000000	1	10	1	11	0.877319872	NA	11	0	0	11	0	0	3	1	3.38686083	11	0
chr6	119000000	chr14	32000000	2	10	2	11	0.740548074	NA	11	0	0	11	0	0	2	1	2.08615041	11	0
chr6	120000000	chr14	31000000	1	10	1	11	0.724494576	NA	11	0	0	11	0	0	2	1	3.22334043	11	0
chr6	120000000	chr14	55000000	1	10	1	11	0.91476959	NA	11	0	0	11	0	0	3	1	3.48487344	11	0
chr6	122000000	chr14	87000000	1	10	1	11	0.86147511	NA	11	0	0	11	0	0	3	1	3.16882582	11	0
chr6	122000000	chr14	104000000	3	10	3	11	0.975274622	NA	11	0	0	11	0	0	3	1	2.09316526	11	0
chr6	122000000	chr14	99000000	1	10	1	11	0.961649477	NA	11	0	0	11	0	0	3	1	2.40795424	11	0
chr6	123000000	chr14	104000000	11	10	11	11	0.998162329	NA	11	0	0	11	0	0	3	1	2.34015155	11	0
chr6	123000000	chr14	87000000	3	10	3	11	0.971148491	NA	11	0	0	11	0	0	3	1	3.13528972	11	0
chr6	124000000	chr14	87000000	7	10	7	11	0.996621728	NA	11	0	0	11	0	0	3	1	3.67980412	11	0
chr6	124000000	chr14	51000000	5	10	3	11	0.993635535	NA	11	2	2	11	2	2	3	1	3.31854733	11	0
chr6	124000000	chr14	50000000	1	10	1	11	0.986136317	NA	11	0	0	11	0	0	3	1	3.20042285	11	0
chr6	124000000	chr14	52000000	1	10	1	11	0.999976873	NA	11	0	0	11	0	0	3	1	3.38056348	11	0
chr6	124000000	chr14	55000000	1	10	1	11	0.99491334	NA	11	0	0	11	0	0	3	1	3.06892852	11	0
chr6	124000000	chr14	31000000	1	10	1	11	0.995367169	NA	11	0	0	11	0	0	3	1	3.32222906	11	0
chr6	125000000	chr14	52000000	2	10	2	11	0.999736011	NA	11	0	0	11	0	0	3	1	2.8342539	11	0
chr6	126000000	chr14	110000000	5	11	5	11	0.992624223	NA	11	5	5	11	5	5	1	1	2.71387767	11	0
chr6	126000000	chr14	111000000	1	11	1	11	0.809572577	NA	11	1	1	11	1	1	1	1	2.10398854	11	0
chr6	126000000	chr14	99000000	2	10	2	11	0.912872493	NA	11	0	0	11	0	0	3	1	2.91331502	11	0
chr6	127000000	chr14	111000000	9	11	9	11	0.998169065	NA	11	9	9	11	9	9	1	1	3.03326965	11	0
chr6	127000000	chr14	99000000	6	10	6	11	0.999691963	NA	11	0	0	11	0	0	3	1	3.91835731	11	0
chr6	127000000	chr14	110000000	2	11	2	11	0.988416195	NA	11	2	2	11	2	2	1	1	3.22827746	11	0
chr6	127000000	chr14	105000000	1	10	1	11	0.939421773	NA	11	0	0	11	0	0	3	1	3.65431608	11	0
chr6	127000000	chr14	114000000	2	11	2	11	0.788607419	NA	11	2	2	11	2	2	1	1	2.86408919	11	0
chr6	127000000	chr14	115000000	3	10	3	11	0.935938179	NA	11	0	0	11	0	0	3	1	2.62747291	11	0
chr6	127000000	chr14	98000000	1	10	1	11	0.990556479	NA	11	0	0	11	0	0	3	1	3.36307623	11	0
chr6	128000000	chr14	55000000	4	11	4	11	0.998673558	NA	11	4	4	11	4	4	1	1	3.16777959	11	0
chr6	129000000	chr14	89000000	5	10	5	11	0.996831357	NA	11	0	0	11	0	0	3	1	3.73970871	11	0
chr6	129000000	chr14	88000000	3	10	3	11	0.992503881	NA	11	0	0	11	0	0	3	1	3.58103023	11	0
chr6	130000000	chr14	89000000	4	10	4	11	0.981384516	NA	11	0	0	11	0	0	3	1	3.63788787	11	0
chr6	130000000	chr14	88000000	2	00	1	11	0.978743076	NA	11	0	0	11	0	1	4	1	3.57220874	11	0
chr6	130000000	chr14	87000000	1	10	1	11	0.921914697	NA	11	0	0	11	0	0	3	1	3.40733759	11	0
chr6	145000000	chr14	55000000	1	10	1	11	0.380548596	NA	11	0	0	11	0	0	3	1	2.12843895	11	0
chr6	145000000	chr14	10000000	3	10	3	11	0.488858074	NA	11	0	0	11	0	0	2	1	0.509196076	11	0
chr6	145000000	chr14	33000000	7	10	7	11	0.943115532	NA	11	0	0	11	0	0	2	1	1.51238525	11	0
chr6	145000000	chr14	34000000	11	10	11	11	0.985631943	NA	11	0	0	11	0	0	2	1	2.55688084	11	0
chr6	145000000	chr14	32000000	5	10	5	11	0.56819737	NA	11	0	0	11	0	0	2	1	0.209574489	11	0
chr6	145000000	chr14	31000000	1	10	1	11	0.812147141	NA	11	0	0	11	0	0	2	1	1.73454118	11	0
chr6	145000000	chr14	13000000	3	10	3	10	0.502031922	NA	10	3	3	10	3	3	1	1	0.232569296	10	0
chr6	145000000	chr14	14000000	2	10	2	11	0.487074971	NA	11	0	0	11	0	0	2	1	0.850272771	11	0
chr6	145000000	chr14	9000000	2	10	2	11	0.55353415	NA	11	0	0	11	0	0	2	1	0.514921033	11	0
chr6	146000000	chr14	34000000	2	10	2	11	0.929010272	NA	11	0	0	11	0	0	2	1	2.8474423	11	0
chr6	146000000	chr14	9000000	1	10	1	11	0.566692948	NA	11	0	0	11	0	0	2	1	0.810446697	11	0
chr6	146000000	chr14	10000000	1	10	1	11	0.50659591	NA	11	0	0	11	0	0	2	1	0.793897747	11	0
chr6	149000000	chr14	89000000	4	10	4	11	0.569622397	NA	11	0	0	11	0	0	2	1	3.10676092	11	0
chr6	17000000	chr16	88000000	1	11	1	11	0.655445218	NA	11	1	1	11	1	1	1	1	2.14215622	11	0
chr6	17000000	chr16	55000000	1	00	1	11	0.972135663	NA	11	0	0	11	0	1	4	1	2.5956698	11	0
chr6	19000000	chr16	88000000	2	11	2	11	0.962523043	NA	11	2	2	11	2	2	1	1	2.17513022	11	0
chr6	19000000	chr16	87000000	2	11	2	11	0.954122603	NA	11	2	2	11	2	2	1	1	2.62971768	11	0
chr6	19000000	chr16	5000000	1	00	1	11	0.708504736	NA	11	0	0	11	0	1	4	1	2.28321189	11	0
chr6	19000000	chr16	89000000	1	11	1	11	0.925346851	NA	11	1	1	11	1	1	1	1	2.46815563	11	0
chr6	20000000	chr16	44000000	1	00	1	11	0.774774969	NA	11	0	0	11	0	1	4	1	1.23643375	11	0
chr6	20000000	chr16	88000000	1	11	1	11	0.865214109	NA	11	1	1	11	1	1	1	1	2.01495113	11	0
chr6	20000000	chr16	89000000	1	11	1	11	0.882399619	NA	11	1	1	11	1	1	1	1	2.32328285	11	0
chr6	20000000	chr16	55000000	2	00	2	11	0.934368193	NA	11	0	0	11	0	2	4	1	2.23682245	11	0
chr6	21000000	chr16	55000000	2	00	2	11	0.973404706	NA	11	0	0	11	0	2	4	1	2.29940551	11	0
chr6	21000000	chr16	54000000	3	00	3	11	0.991485894	NA	11	0	0	11	0	3	4	1	2.96360134	11	0
chr6	21000000	chr16	5000000	1	00	1	11	0.621918917	NA	11	0	0	11	0	1	4	1	2.02696817	11	0
chr6	21000000	chr16	53000000	2	00	2	11	0.921917856	NA	11	0	0	11	0	2	4	1	2.33233422	11	0
chr6	22000000	chr16	54000000	2	00	2	11	0.97208935	NA	11	0	0	11	0	2	4	1	2.85496588	11	0
chr6	22000000	chr16	55000000	14	00	14	11	0.99721992	NA	11	0	0	11	0	14	4	1	2.03756857	11	0
chr6	22000000	chr16	44000000	5	00	5	11	0.910063446	NA	11	0	0	11	0	5	4	1	1.07174574	11	0
chr6	22000000	chr16	45000000	2	00	2	11	0.823376775	NA	11	0	0	11	0	2	4	1	0.788511162	11	0
chr6	23000000	chr16	43000000	13	00	13	11	0.889637113	NA	11	0	0	11	0	13	4	1	0.783000909	11	0
chr6	23000000	chr16	55000000	2	00	2	11	0.939171672	NA	11	0	0	11	0	2	4	1	2.10517102	11	0
chr6	24000000	chr16	43000000	7	00	7	11	0.910813987	NA	11	0	0	11	0	7	4	1	0.837795111	11	0
chr6	36000000	chr16	34000000	4	11	4	11	0.920407295	NA	11	4	4	11	4	4	1	1	0.661650934	11	0
chr6	36000000	chr16	32000000	10	11	10	11	0.931835532	NA	11	10	10	11	10	10	1	1	0.89805565	11	0
chr6	36000000	chr16	94000000	3	11	2	11	0.977443635	NA	11	2	2	11	2	2	1	1	3.2548553	11	0
chr6	37000000	chr16	94000000	3	11	3	11	0.958931506	NA	11	3	3	11	3	3	1	1	3.04899056	11	0
chr6	37000000	chr16	34000000	3	11	3	11	0.863482594	NA	11	3	3	11	3	3	1	1	0.687562488	11	0
chr6	37000000	chr16	32000000	2	11	2	11	0.700252295	NA	11	2	2	11	2	2	1	1	0.880612648	11	0
chr6	37000000	chr16	35000000	3	11	3	11	0.688537836	NA	11	3	3	11	3	3	1	1	1.01291257	11	0
chr6	37000000	chr16	93000000	2	11	2	11	0.742893338	NA	11	2	2	11	2	2	1	1	2.46388028	11	0
chr6	38000000	chr16	34000000	2	11	2	11	0.666980565	NA	11	2	2	11	2	2	1	1	0.278892246	11	0
chr6	38000000	chr16	94000000	1	11	1	11	0.940296173	NA	11	1	1	11	1	1	1	1	2.75201892	11	0
chr6	39000000	chr16	34000000	3	11	3	11	0.900474131	NA	11	3	3	11	3	3	1	1	0.757713225	11	0
chr6	39000000	chr16	94000000	2	11	2	11	0.994831681	NA	11	2	2	11	2	2	1	1	3.85282703	11	0
chr6	39000000	chr16	87000000	3	11	3	11	0.602818966	NA	11	3	3	11	3	3	1	1	2.52106368	11	0
chr6	39000000	chr16	31000000	1	11	1	11	0.554705501	NA	11	1	1	11	1	1	1	1	1.05641444	11	0
chr6	39000000	chr16	32000000	7	11	7	11	0.924089372	NA	11	7	7	11	7	7	1	1	0.896618188	11	0
chr6	39000000	chr16	33000000	2	11	2	10	0.938471377	NA	10	0	0	10	0	0	2	1	1.23822751	10	0
chr6	39000000	chr16	30000000	1	11	1	11	0.72423023	NA	11	1	1	11	1	1	1	1	0.502452492	11	0
chr6	40000000	chr16	33000000	1	11	1	11	0.503083467	NA	11	1	1	11	1	1	1	1	0.199243875	11	0
chr6	40000000	chr16	34000000	1	11	1	11	0.784091413	NA	11	1	1	11	1	1	1	1	0.513009079	11	0
chr6	48000000	chr16	5000000	1	00	1	11	0.65007174	NA	11	0	0	11	0	1	4	1	2.76142617	11	0
chr6	56000000	chr16	5000000	5	00	5	11	0.917131543	NA	11	0	0	11	0	5	4	1	3.22989613	11	0
chr6	57000000	chr16	54000000	2	00	2	11	0.492408961	NA	11	0	0	11	0	2	4	1	2.49286601	11	0
chr6	57000000	chr16	55000000	1	00	1	11	0.390613645	NA	11	0	0	11	0	1	4	1	2.04943682	11	0
chr6	57000000	chr16	5000000	11	00	11	11	0.978920221	NA	11	0	0	11	0	11	4	1	3.01807159	11	0
chr6	70000000	chr16	83000000	4	00	4	11	0.784711719	NA	11	0	0	11	0	4	4	1	2.60963399	11	0
chr6	70000000	chr16	85000000	8	00	8	11	0.993751466	NA	11	0	0	11	0	8	4	1	2.48467123	11	0
chr6	71000000	chr16	34000000	4	11	3	11	0.510784864	NA	11	3	3	11	3	4	1	1	0.58327796	11	0
chr6	71000000	chr16	32000000	1	11	1	11	0.701357663	NA	11	1	1	11	1	1	1	1	0.646903841	11	0
chr6	72000000	chr16	94000000	3	11	3	11	0.999949336	NA	11	3	3	11	3	3	1	1	3.93806826	11	0
chr6	72000000	chr16	55000000	1	00	1	11	0.730567932	NA	11	0	0	11	0	1	4	1	1.67092341	11	0
chr6	72000000	chr16	34000000	4	11	4	11	0.809977889	NA	11	4	4	11	4	4	1	1	1.00792845	11	0
chr6	72000000	chr16	32000000	7	11	7	11	0.839243352	NA	11	7	7	11	7	7	1	1	1.16368207	11	0
chr6	72000000	chr16	33000000	4	11	4	10	0.769521117	NA	10	0	0	10	0	0	2	1	0.88288927	10	0
chr6	73000000	chr16	33000000	1	11	1	10	0.849910557	NA	10	0	0	10	0	0	2	1	1.54920711	10	0
chr6	73000000	chr16	34000000	1	11	1	11	0.757756948	NA	11	1	1	11	1	1	1	1	0.942777703	11	0
chr6	73000000	chr16	94000000	1	11	1	11	0.954653502	NA	11	1	1	11	1	1	1	1	3.58188684	11	0
chr6	73000000	chr16	96000000	1	11	1	11	0.996332467	NA	11	1	1	11	1	1	1	1	4.03056897	11	0
chr6	73000000	chr16	74000000	1	11	1	11	0.607643425	NA	11	1	1	11	1	1	1	1	0.726758869	11	0
chr6	74000000	chr16	74000000	2	11	2	11	0.64653039	NA	11	2	2	11	2	2	1	1	0.692697875	11	0
chr6	74000000	chr16	97000000	3	11	3	11	0.988211036	NA	11	3	3	11	3	3	1	1	2.94669986	11	0
chr6	74000000	chr16	73000000	1	11	1	11	0.631115317	NA	11	1	1	11	1	1	1	1	0.488584483	11	0
chr6	74000000	chr16	94000000	3	11	3	11	0.999847174	NA	11	3	3	11	3	3	1	1	3.5588763	11	0
chr6	74000000	chr16	96000000	14	11	14	11	0.999997258	NA	11	14	14	11	14	14	1	1	4.1374432	11	0
chr6	74000000	chr16	77000000	1	11	1	10	0.593614757	NA	10	0	0	10	0	0	2	1	0.536212133	10	0
chr6	74000000	chr16	31000000	1	11	1	11	0.662020504	NA	11	1	1	11	1	1	1	1	1.15582187	11	0
chr6	75000000	chr16	73000000	5	11	5	11	0.768032789	NA	11	5	5	11	5	5	1	1	0.728325077	11	0
chr6	75000000	chr16	74000000	2	11	2	11	0.639637351	NA	11	2	2	11	2	2	1	1	0.812193239	11	0
chr6	75000000	chr16	96000000	3	11	3	11	0.999797046	NA	11	3	3	11	3	3	1	1	3.91945427	11	0
chr6	75000000	chr16	97000000	1	11	1	11	0.950606167	NA	11	1	1	11	1	1	1	1	2.89377696	11	0
chr6	75000000	chr16	31000000	1	11	1	11	0.489583969	NA	11	1	1	11	1	1	1	1	1.18028711	11	0
chr6	75000000	chr16	94000000	1	11	1	11	0.999626637	NA	11	1	1	11	1	1	1	1	3.49159426	11	0
chr6	76000000	chr16	77000000	2	11	2	10	0.556099296	NA	10	0	0	10	0	0	2	1	0.525772278	10	0
chr6	76000000	chr16	96000000	2	11	2	11	0.995752335	NA	11	2	2	11	2	2	1	1	3.99661911	11	0
chr6	77000000	chr16	96000000	1	11	1	11	0.826835334	NA	11	1	1	11	1	1	1	1	3.93902154	11	0
chr6	77000000	chr16	47000000	2	11	2	10	0.56955868	NA	10	0	0	10	0	0	2	1	0.421693557	10	0
chr6	77000000	chr16	75000000	1	11	1	11	0.784948647	NA	11	1	1	11	1	1	1	1	0.805932738	11	0
chr6	78000000	chr16	61000000	3	11	3	11	0.450679958	NA	11	3	3	11	3	3	1	1	0.124423122	11	0
chr6	78000000	chr16	75000000	1	11	1	11	0.536497295	NA	11	1	1	11	1	1	1	1	0.695854915	11	0
chr6	78000000	chr16	76000000	3	11	3	11	0.446052372	NA	11	3	3	11	3	3	1	1	0.120123715	11	0
chr6	79000000	chr16	76000000	5	11	5	10	0.850388587	NA	10	0	0	10	0	0	2	1	0.976478273	10	0
chr6	79000000	chr16	75000000	2	11	2	10	0.726455867	NA	10	0	0	10	0	0	2	1	0.559747585	10	0
chr6	79000000	chr16	47000000	1	11	1	10	0.517775536	NA	10	0	0	10	0	0	2	1	0.924608871	10	0
chr6	80000000	chr16	96000000	6	11	6	11	0.99851352	NA	11	6	6	11	6	6	1	1	4.1866349	11	0
chr6	80000000	chr16	76000000	3	11	3	10	0.646480918	NA	10	0	0	10	0	0	2	1	0.345686537	10	0
chr6	80000000	chr16	46000000	2	11	2	10	0.656148911	NA	10	0	0	10	0	0	2	1	0.836443337	10	0
chr6	80000000	chr16	48000000	6	11	6	10	0.714417458	NA	10	0	0	10	0	0	2	1	0.874236264	10	0
chr6	80000000	chr16	49000000	1	11	1	10	0.511100352	NA	10	0	0	10	0	0	2	1	0.615322443	10	0
chr6	80000000	chr16	47000000	2	11	2	10	0.62436986	NA	10	0	0	10	0	0	2	1	0.632875702	10	0
chr6	81000000	chr16	96000000	4	11	4	11	0.99603647	NA	11	4	4	11	4	4	1	1	4.01549244	11	0
chr6	81000000	chr16	76000000	7	11	7	10	0.508632004	NA	10	0	0	10	0	0	2	1	0.118721852	10	0
chr6	81000000	chr16	95000000	2	11	2	11	0.980271757	NA	11	2	2	11	2	2	1	1	3.61284753	11	0
chr6	86000000	chr16	6000000	1	00	1	11	0.828734756	NA	11	0	0	11	0	1	4	1	2.64727196	11	0
chr6	87000000	chr16	33000000	5	11	5	10	0.487409383	NA	10	0	0	10	0	0	2	1	1.08738044	10	0
chr6	88000000	chr16	6000000	6	00	6	11	0.997560382	NA	11	0	0	11	0	6	4	1	2.63759352	11	0
chr6	88000000	chr16	7000000	12	00	12	11	0.900941133	NA	11	0	0	11	0	12	4	1	1.47722038	11	0
chr6	88000000	chr16	8000000	2	00	2	11	0.798928797	NA	11	0	0	11	0	2	4	1	1.8343521	11	0
chr6	88000000	chr16	5000000	10	00	10	11	0.997655988	NA	11	0	0	11	0	10	4	1	2.95262876	11	0
chr6	89000000	chr16	6000000	8	00	8	11	0.995970666	NA	11	0	0	11	0	8	4	1	2.72972931	11	0
chr6	89000000	chr16	5000000	4	00	4	11	0.980928481	NA	11	0	0	11	0	4	4	1	3.03513575	11	0
chr6	89000000	chr16	7000000	1	00	1	11	0.719382823	NA	11	0	0	11	0	1	4	1	1.62907817	11	0
chr6	92000000	chr16	54000000	2	00	2	11	0.761250675	NA	11	0	0	11	0	2	4	1	2.42913713	11	0
chr6	92000000	chr16	5000000	9	00	9	11	0.998778403	NA	11	0	0	11	0	9	4	1	2.87889614	11	0
chr6	92000000	chr16	6000000	5	00	5	11	0.996158957	NA	11	0	0	11	0	5	4	1	2.88815849	11	0
chr6	92000000	chr16	4000000	4	00	4	11	0.927821457	NA	11	0	0	11	0	4	4	1	1.44159285	11	0
chr6	118000000	chr16	43000000	2	00	2	11	0.400070667	NA	11	0	0	11	0	2	4	1	0.528378266	11	0
chr6	119000000	chr16	55000000	2	00	2	11	0.633793294	NA	11	0	0	11	0	2	4	1	1.60401798	11	0
chr6	126000000	chr16	83000000	1	00	1	11	0.744165838	NA	11	0	0	11	0	1	4	1	2.44075317	11	0
chr6	128000000	chr16	83000000	8	00	8	11	0.98039639	NA	11	0	0	11	0	8	4	1	2.89722004	11	0
chr6	129000000	chr16	83000000	8	00	8	11	0.905674577	NA	11	0	0	11	0	8	4	1	2.68750695	11	0
chr6	149000000	chr16	44000000	1	00	1	11	0.395242423	NA	11	0	0	11	0	1	4	1	1.05149693	11	0
chr6	85000000	chr17	22000000	4	00	4	11	0.992757142	NA	11	0	0	11	0	4	3	1	2.39871858	11	0
chr6	85000000	chr17	23000000	1	00	1	11	0.820818484	NA	11	0	0	11	0	1	3	1	3.24442663	11	0
chr6	86000000	chr17	22000000	11	00	11	11	0.888680398	NA	11	0	0	11	0	11	2	1	2.37120054	11	0
chr6	86000000	chr17	24000000	3	00	3	11	0.948525846	NA	11	0	0	11	0	3	2	1	3.34510839	11	0
chr6	88000000	chr17	24000000	9	00	9	11	0.99490428	NA	11	0	0	11	0	9	3	1	3.56770995	11	0
chr6	88000000	chr17	23000000	8	00	8	11	0.992477715	NA	11	0	0	11	0	8	3	1	3.27750826	11	0
chr6	89000000	chr17	23000000	1	00	1	11	0.91773808	NA	11	0	0	11	0	1	3	1	3.18198159	11	0
chr6	89000000	chr17	22000000	1	00	1	11	0.701622665	NA	11	0	0	11	0	1	3	1	2.29763661	11	0
chr6	23000000	chr18	65000000	7	01	7	11	0.878076136	NA	11	0	0	11	0	0	3	1	2.10469162	11	1
chr6	23000000	chr18	41000000	1	01	1	11	0.503104091	NA	11	0	0	11	0	0	3	1	2.49341512	11	1
chr6	24000000	chr18	65000000	5	01	5	11	0.758811831	NA	11	0	0	11	0	0	3	1	1.90172379	11	1
chr6	88000000	chr18	69000000	4	10	4	11	0.636115611	NA	11	0	4	11	0	0	2	1	2.82523931	11	1
chr6	88000000	chr18	67000000	6	10	6	11	0.993569374	NA	11	0	6	11	0	0	2	1	3.16190723	11	1
chr6	88000000	chr18	68000000	1	10	1	11	0.770873368	NA	11	0	1	11	0	0	2	1	2.64879432	11	1
chr6	89000000	chr18	68000000	12	10	12	11	0.983653486	NA	11	0	12	11	0	0	2	1	2.851393	11	1
chr6	89000000	chr18	67000000	1	10	1	11	0.989837646	NA	11	0	1	11	0	0	2	1	3.22583523	11	1
chr6	90000000	chr18	68000000	1	10	1	11	0.796110988	NA	11	0	1	11	0	0	2	1	2.98056447	11	1
chr6	90000000	chr18	67000000	2	10	2	11	0.857452273	NA	11	0	2	11	0	0	2	1	3.16684171	11	1
chr6	91000000	chr18	67000000	6	10	6	11	0.945923328	NA	11	0	6	11	0	0	2	1	3.18319193	11	1
chr6	107000000	chr18	63000000	2	01	2	11	0.591715097	NA	11	0	0	11	0	0	3	1	0.993765884	11	1
chr6	108000000	chr18	62000000	6	01	6	11	0.651992261	NA	11	0	0	11	0	0	4	1	0.531093183	11	1
chr6	108000000	chr18	63000000	15	01	15	11	0.94386673	NA	11	0	0	11	0	0	3	1	1.28949319	11	1
chr6	128000000	chr18	62000000	2	01	2	11	0.537261248	NA	11	0	0	11	0	0	3	1	0.388310996	11	1
chr6	128000000	chr18	14000000	2	01	2	10	0.496599942	NA	10	0	0	10	0	2	3	1	0.35437634	10	1
chr6	130000000	chr18	63000000	1	01	1	11	0.48918128	NA	11	0	0	11	0	0	3	1	0.686080632	11	1
chr6	136000000	chr18	67000000	1	10	1	11	0.935672998	NA	11	0	1	11	0	0	2	1	3.11115703	11	1
chr6	137000000	chr18	67000000	1	10	1	11	0.914198518	NA	11	0	1	11	0	0	2	1	3.17378883	11	1
chr6	138000000	chr18	67000000	2	10	2	11	0.970016897	NA	11	0	2	11	0	0	2	1	3.09136564	11	1
chr6	138000000	chr18	68000000	2	10	2	11	0.959825516	NA	11	0	2	11	0	0	2	1	2.94741348	11	1
chr6	139000000	chr18	67000000	2	10	2	11	0.956891239	NA	11	0	2	11	0	0	2	1	3.05135324	11	1
chr6	139000000	chr18	68000000	1	10	1	11	0.983861089	NA	11	0	1	11	0	0	2	1	2.93914086	11	1
chr6	142000000	chr18	68000000	4	10	4	11	0.981437922	NA	11	0	4	11	0	0	2	1	2.72360347	11	1
chr6	147000000	chr18	51000000	1	10	1	10	0.365410388	NA	10	1	0	11	0	1	2	2	0.0527094586	11	1
chr6	147000000	chr18	71000000	2	10	2	10	0.58262676	NA	10	2	0	10	2	2	1	1	0.660194814	10	1
chr6	147000000	chr18	72000000	2	10	2	10	0.699735045	NA	10	2	0	10	2	2	1	1	0.770450789	10	1
chr6	147000000	chr18	68000000	5	10	5	11	0.987267315	NA	11	0	5	11	0	0	2	1	3.01940616	11	1
chr6	147000000	chr18	69000000	2	10	2	11	0.997106493	NA	11	0	2	11	0	0	2	1	2.49538466	11	1
chr6	148000000	chr18	68000000	5	10	5	11	0.988351166	NA	11	0	5	11	0	0	2	1	2.96756971	11	1
chr6	148000000	chr18	67000000	4	10	4	11	0.993387461	NA	11	0	4	11	0	0	2	1	3.1746942	11	1
chr6	148000000	chr18	69000000	2	10	2	11	0.994645238	NA	11	0	2	11	0	0	2	1	2.69791636	11	1
chr6	149000000	chr18	67000000	5	10	5	11	0.958028436	NA	11	0	5	11	0	0	2	1	3.09673275	11	1
chr6	149000000	chr18	69000000	1	10	1	11	0.916881025	NA	11	0	1	11	0	0	2	1	2.64317943	11	1
chr6	19000000	chr19	33000000	1	10	1	10	0.879782081	NA	10	1	1	10	1	1	1	1	4.26115327	10	0
chr6	19000000	chr19	32000000	8	10	8	10	0.686762333	NA	10	8	8	10	8	8	1	1	4.24576824	10	0
chr6	39000000	chr19	32000000	7	10	7	10	0.996577799	NA	10	7	7	10	7	7	1	1	3.81788305	10	0
chr6	39000000	chr19	33000000	5	10	5	10	0.998570919	NA	10	5	5	10	5	5	1	1	3.62406365	10	0
chr6	39000000	chr19	34000000	4	10	4	10	0.914507806	NA	10	4	4	10	4	4	1	1	3.29279635	10	0
chr6	56000000	chr19	20000000	1	01	1	11	0.25	NA	00	0	0	10	0	0	4	2	3.66953818	10	0
chr6	72000000	chr19	23000000	1	10	1	10	0.999981284	NA	10	1	1	10	1	1	1	1	5.33115101	10	0
chr6	73000000	chr19	18000000	5	10	4	10	0.999999881	NA	10	4	4	10	4	4	1	1	5.23123787	10	0
chr6	73000000	chr19	23000000	15	10	15	10	1	NA	10	15	15	10	15	15	1	1	5.30977081	10	0
chr6	73000000	chr19	22000000	4	10	4	10	1	NA	10	4	4	10	4	4	1	1	5.50695262	10	0
chr6	73000000	chr19	20000000	7	10	7	10	0.999999881	NA	10	7	7	10	7	7	1	1	5.22983039	10	0
chr6	73000000	chr19	17000000	17	10	17	10	1	NA	10	17	17	10	17	17	1	1	5.14795708	10	0
chr6	73000000	chr19	27000000	1	10	1	10	0.999957204	NA	10	1	1	10	1	1	1	1	5.12007667	10	0
chr6	74000000	chr19	24000000	17	10	16	10	1	NA	10	16	16	10	16	16	1	1	5.45485118	10	0
chr6	74000000	chr19	23000000	4	10	4	10	1	NA	10	4	4	10	4	4	1	1	5.19288663	10	0
chr6	74000000	chr19	30000000	4	10	4	10	0.965132356	NA	10	4	4	10	4	4	1	1	5.27033608	10	0
chr6	74000000	chr19	22000000	5	10	5	10	0.999777257	NA	10	5	5	10	5	5	1	1	5.13963021	10	0
chr6	74000000	chr19	25000000	3	10	3	10	0.9996382	NA	10	3	3	10	3	3	1	1	4.70300784	10	0
chr6	75000000	chr19	22000000	7	10	7	10	0.999999642	NA	10	7	7	10	7	7	1	1	5.39886254	10	0
chr6	75000000	chr19	30000000	3	10	3	10	0.999999642	NA	10	3	3	10	3	3	1	1	5.59925626	10	0
chr6	75000000	chr19	23000000	7	10	7	10	1	NA	10	7	7	10	7	7	1	1	5.20151529	10	0
chr6	75000000	chr19	17000000	6	10	6	10	1	NA	10	6	6	10	6	6	1	1	5.15101071	10	0
chr6	75000000	chr19	18000000	6	10	6	10	1	NA	10	6	6	10	6	6	1	1	5.18193898	10	0
chr6	75000000	chr19	24000000	4	10	3	10	0.999992013	NA	10	3	3	10	3	3	1	1	5.34908132	10	0
chr6	75000000	chr19	25000000	1	00	1	10	0.973390102	NA	10	0	0	10	0	0	4	1	4.97498013	10	0
chr6	75000000	chr19	20000000	2	00	1	10	0.999998331	NA	10	1	1	10	1	1	4	1	5.12933194	10	0
chr6	76000000	chr19	24000000	15	10	15	10	1	NA	10	15	15	10	15	15	1	1	4.87514554	10	0
chr6	76000000	chr19	25000000	14	10	14	10	1	NA	10	14	14	10	14	14	1	1	4.70843492	10	0
chr6	76000000	chr19	53000000	2	10	1	10	0.920334041	NA	10	1	1	10	1	1	1	1	3.55687454	10	0
chr6	76000000	chr19	18000000	2	10	2	10	0.999918461	NA	10	2	2	10	2	2	1	1	4.6662227	10	0
chr6	76000000	chr19	17000000	5	10	5	10	0.999993563	NA	10	5	5	10	5	5	1	1	4.80158111	10	0
chr6	76000000	chr19	55000000	1	10	1	10	0.935301185	NA	10	1	1	10	1	1	1	1	4.26176466	10	0
chr6	76000000	chr19	54000000	1	10	1	10	0.712477267	NA	10	1	1	10	1	1	1	1	3.97083852	10	0
chr6	77000000	chr19	17000000	3	10	3	10	0.999999404	NA	10	3	3	10	3	3	1	1	4.81808037	10	0
chr6	77000000	chr19	53000000	2	10	2	10	0.964202046	NA	10	2	2	10	2	2	1	1	3.73404622	10	0
chr6	77000000	chr19	54000000	4	10	4	10	0.982014418	NA	10	4	4	10	4	4	1	1	4.14377522	10	0
chr6	77000000	chr19	55000000	1	10	1	10	0.935151696	NA	10	1	1	10	1	1	1	1	4.41533056	10	0
chr6	77000000	chr19	25000000	3	10	3	10	0.999999881	NA	10	3	3	10	3	3	1	1	4.80903068	10	0
chr6	77000000	chr19	24000000	3	10	3	10	0.999984026	NA	10	3	3	10	3	3	1	1	4.76290323	10	0
chr6	78000000	chr19	18000000	1	10	1	10	0.994073451	NA	10	1	1	10	1	1	1	1	4.07065163	10	0
chr6	80000000	chr19	24000000	8	10	8	10	0.999465644	NA	10	8	8	10	8	8	1	1	4.06407432	10	0
chr6	80000000	chr19	18000000	1	10	1	10	0.922651589	NA	10	1	1	10	1	1	1	1	3.34708461	10	0
chr6	80000000	chr19	25000000	2	10	2	10	0.999917269	NA	10	2	2	10	2	2	1	1	3.57486892	10	0
chr6	81000000	chr19	24000000	6	10	6	10	0.999968767	NA	10	6	6	10	6	6	1	1	4.34576735	10	0
chr6	81000000	chr19	25000000	13	10	13	10	0.999976277	NA	10	13	13	10	13	13	1	1	4.0938346	10	0
chr6	81000000	chr19	53000000	4	10	3	10	0.701428771	NA	10	3	3	10	3	3	1	1	3.26362096	10	0
chr6	81000000	chr19	55000000	1	10	1	10	0.923846364	NA	10	1	1	10	1	1	1	1	4.01029229	10	0
chr6	82000000	chr19	25000000	5	10	4	10	0.999986529	NA	10	4	4	10	4	5	1	1	4.91409331	10	0
chr6	82000000	chr19	53000000	5	10	5	10	0.99780339	NA	10	5	5	10	5	5	1	1	4.1719115	10	0
chr6	82000000	chr19	55000000	4	10	4	10	0.975273132	NA	10	4	4	10	4	4	1	1	4.87149999	10	0
chr6	82000000	chr19	56000000	9	10	9	10	0.986530364	NA	10	9	9	10	9	9	1	1	4.02384853	10	0
chr6	82000000	chr19	28000000	1	10	1	10	0.992166281	NA	10	1	1	10	1	1	1	1	4.30961168	10	0
chr6	85000000	chr19	23000000	1	10	1	10	0.939674139	NA	10	1	1	10	1	1	1	1	3.21720291	10	0
chr6	87000000	chr19	20000000	2	10	2	10	0.938576579	NA	10	2	2	10	2	2	1	1	3.35084415	10	0
chr6	87000000	chr19	23000000	1	10	1	10	0.96936518	NA	10	1	1	10	1	1	1	1	3.20963125	10	0
chr6	87000000	chr19	21000000	2	10	2	10	0.953275621	NA	10	2	2	10	2	2	1	1	3.4927526	10	0
chr6	87000000	chr19	22000000	2	10	2	10	0.825953782	NA	10	2	2	10	2	2	1	1	3.49821324	10	0
chr6	88000000	chr19	34000000	1	10	1	10	0.922260761	NA	10	1	1	10	1	1	1	1	3.82132973	10	0
chr6	89000000	chr19	34000000	3	10	3	10	0.942028165	NA	10	3	3	10	3	3	1	1	3.91672396	10	0
chr6	135000000	chr19	21000000	2	10	2	10	0.621162057	NA	10	2	2	10	2	2	1	1	4.31195466	10	0
chr6	142000000	chr19	33000000	8	10	8	10	0.991577744	NA	10	8	8	10	8	8	1	1	3.78288727	10	0
chr6	142000000	chr19	32000000	3	10	3	10	0.837443769	NA	10	3	3	10	3	3	1	1	4.15377703	10	0
chr6	142000000	chr19	34000000	8	10	8	10	0.998812318	NA	10	8	8	10	8	8	1	1	4.29296162	10	0
chr6	143000000	chr19	33000000	1	10	1	10	0.769865155	NA	10	1	1	10	1	1	1	1	3.01846157	10	0
chr6	29000000	chr9	108000000	1	01	1	11	0.46413213	NA	11	0	0	11	0	0	4	1	1.29458217	11	1
chr6	31000000	chr9	115000000	4	01	4	11	0.928024352	NA	11	0	0	11	0	0	2	1	3.4172181	11	1
chr6	31000000	chr9	122000000	1	01	1	11	0.761374295	NA	11	0	0	11	0	0	2	1	3.42901194	11	1
chr6	31000000	chr9	114000000	1	01	1	11	0.565091848	NA	11	0	0	11	0	0	2	1	3.35367633	11	1
chr6	38000000	chr9	96000000	17	01	17	11	0.999635458	NA	11	0	0	11	0	0	2	1	4.26176721	11	1
chr6	38000000	chr9	108000000	1	01	1	11	0.657245636	NA	11	0	0	11	0	0	2	1	4.10855686	11	1
chr6	38000000	chr9	94000000	4	01	4	11	0.907705665	NA	11	0	0	11	0	0	2	1	4.27935868	11	1
chr6	38000000	chr9	98000000	1	01	1	11	0.985372365	NA	11	0	0	11	0	0	2	1	4.29496245	11	1
chr6	38000000	chr9	113000000	2	01	2	11	0.756911933	NA	11	0	0	11	0	0	2	1	4.21596533	11	1
chr6	38000000	chr9	93000000	1	01	1	11	0.999563277	NA	11	0	0	11	0	0	2	1	4.31780561	11	1
chr6	39000000	chr9	93000000	4	01	4	11	0.983242273	NA	11	0	0	11	0	0	3	1	4.49699358	11	1
chr6	39000000	chr9	96000000	4	01	4	11	0.987184703	NA	11	0	0	11	0	0	2	1	4.52833094	11	1
chr6	39000000	chr9	98000000	1	01	1	11	0.996882558	NA	11	0	0	11	0	0	2	1	4.60952178	11	1
chr6	39000000	chr9	97000000	3	01	3	11	0.997351766	NA	11	0	0	11	0	0	3	1	4.45832452	11	1
chr6	79000000	chr9	97000000	1	01	1	11	0.891531527	NA	11	0	0	11	0	0	3	1	5.28312037	11	1
chr6	79000000	chr9	115000000	2	01	2	11	0.999095201	NA	11	0	0	11	0	0	3	1	5.32986461	11	1
chr6	79000000	chr9	113000000	1	01	1	11	0.999976277	NA	11	0	0	11	0	0	3	1	5.49600791	11	1
chr6	80000000	chr9	113000000	8	01	8	11	0.999999762	NA	11	0	0	11	0	0	2	1	5.18278351	11	1
chr6	80000000	chr9	122000000	3	01	3	11	0.999585211	NA	11	0	0	11	0	0	2	1	5.13400972	11	1
chr6	80000000	chr9	114000000	1	01	1	11	0.939740002	NA	11	0	0	11	0	0	3	1	4.98092415	11	1
chr6	80000000	chr9	97000000	2	01	2	11	0.986314297	NA	11	0	0	11	0	0	2	1	5.16736111	11	1
chr6	80000000	chr9	98000000	1	01	1	11	0.861137807	NA	11	0	0	11	0	0	2	1	5.21442844	11	1
chr6	80000000	chr9	94000000	2	01	2	11	0.828740299	NA	11	0	0	11	0	0	3	1	4.73676151	11	1
chr6	80000000	chr9	93000000	4	01	4	11	0.983304858	NA	11	0	0	11	0	0	2	1	5.05974919	11	1
chr6	82000000	chr9	97000000	4	01	4	11	0.992884576	NA	11	0	0	11	0	0	3	1	5.26894749	11	1
chr6	82000000	chr9	98000000	1	01	1	11	0.957317233	NA	11	0	0	11	0	0	2	1	5.5214482	11	1
chr6	82000000	chr9	108000000	6	01	6	11	0.999999046	NA	11	0	0	11	0	0	2	1	4.99010394	11	1
chr6	82000000	chr9	113000000	1	01	1	11	0.999751389	NA	11	0	0	11	0	0	3	1	5.28391405	11	1
chr6	82000000	chr9	107000000	1	01	1	11	0.99884218	NA	11	0	0	11	0	0	2	1	4.83824124	11	1
chr6	83000000	chr9	113000000	1	01	1	11	0.999958038	NA	11	0	0	11	0	0	3	1	6.18228245	11	1
chr6	83000000	chr9	115000000	6	01	6	11	0.999999881	NA	11	0	0	11	0	0	3	1	5.84537051	11	1
chr6	83000000	chr9	114000000	2	01	2	11	0.99002403	NA	11	0	0	11	0	0	3	1	5.96739106	11	1
chr6	83000000	chr9	120000000	11	01	11	11	0.999999166	NA	11	0	0	11	0	0	4	1	5.93323335	11	1
chr6	83000000	chr9	121000000	7	01	6	11	0.999976158	NA	11	0	1	11	0	0	4	1	5.726195	11	1
chr6	83000000	chr9	79000000	4	01	4	11	0.716483235	NA	11	0	0	11	0	0	3	1	4.98313918	11	1
chr6	83000000	chr9	122000000	6	01	6	11	0.999997139	NA	11	0	0	11	0	0	2	1	6.36227108	11	1
chr6	83000000	chr9	74000000	5	01	5	11	0.99967742	NA	11	0	0	11	0	0	3	1	5.6580893	11	1
chr6	83000000	chr9	98000000	1	01	1	11	0.888423085	NA	11	0	0	11	0	0	3	1	6.18943553	11	1
chr6	83000000	chr9	63000000	1	01	1	11	0.25	NA	00	0	0	11	0	0	4	1	5.85704966	11	1
chr6	84000000	chr9	108000000	4	01	4	11	0.913861215	NA	11	0	0	11	0	0	2	1	3.67679483	11	1
chr7	4000000	chr12	119000000	2	10	2	11	0.571157575	NA	11	0	0	11	0	0	3	1	1.04060153	11	0
chr7	25000000	chr12	113000000	1	10	1	10	0.995753407	NA	10	1	1	10	1	1	1	1	1.88379318	10	0
chr7	25000000	chr12	114000000	17	10	17	10	0.9998191	NA	10	17	17	10	17	17	1	1	2.27692637	10	0
chr7	25000000	chr12	103000000	3	10	3	10	0.991829574	NA	10	3	3	10	3	3	1	1	2.98875109	10	0
chr7	25000000	chr12	102000000	1	10	1	10	0.940749526	NA	10	1	1	10	1	1	1	1	2.58212424	10	0
chr7	26000000	chr12	103000000	7	10	7	10	0.994483411	NA	10	7	7	10	7	7	1	1	3.17730505	10	0
chr7	26000000	chr12	114000000	17	10	17	10	0.998381257	NA	10	17	17	10	17	17	1	1	2.52965722	10	0
chr7	26000000	chr12	98000000	8	10	8	10	0.998237371	NA	10	8	8	10	8	8	1	1	2.90005374	10	0
chr7	27000000	chr12	98000000	3	10	3	11	0.676648974	NA	11	0	0	11	0	0	2	1	0.553967942	11	0
chr7	27000000	chr12	114000000	4	10	4	11	0.666809201	NA	11	0	0	11	0	0	2	1	0.578160609	11	0
chr7	30000000	chr12	111000000	10	10	9	10	0.880139351	NA	10	9	9	10	9	9	1	1	1.37699188	10	0
chr7	30000000	chr12	100000000	1	10	1	11	0.51919663	NA	11	0	0	11	0	0	2	1	0.316799172	11	0
chr7	31000000	chr12	111000000	3	10	3	10	0.688825011	NA	10	3	3	10	3	3	1	1	1.00695439	10	0
chr7	43000000	chr12	113000000	6	10	6	11	0.717267275	NA	11	0	0	11	0	0	2	1	0.281149344	11	0
chr7	45000000	chr12	111000000	5	10	5	10	0.784618497	NA	10	5	5	10	5	5	1	1	1.17883987	10	0
chr7	45000000	chr12	113000000	5	10	5	11	0.576448739	NA	11	0	0	10	5	0	1	2	0.216948444	10	0
chr7	46000000	chr12	113000000	7	10	7	11	0.697543979	NA	11	0	0	11	0	0	2	1	0.174170167	11	0
chr7	56000000	chr12	98000000	16	10	16	11	0.95772326	NA	11	0	0	11	0	0	2	1	1.84563574	11	0
chr7	56000000	chr12	111000000	3	10	3	10	0.409071445	NA	10	3	3	10	3	3	1	1	0.386972626	10	0
chr7	56000000	chr12	100000000	2	10	2	11	0.622735441	NA	11	0	0	11	0	0	2	1	1.54087777	11	0
chr7	56000000	chr12	99000000	4	10	4	11	0.881315351	NA	11	0	0	11	0	0	2	1	1.63587366	11	0
chr7	56000000	chr12	114000000	3	10	3	11	0.490364283	NA	11	0	0	11	0	0	2	1	1.63354315	11	0
chr7	57000000	chr12	98000000	2	10	2	11	0.669616759	NA	11	0	0	11	0	0	2	1	1.19407149	11	0
chr7	58000000	chr12	113000000	5	10	5	11	0.637332141	NA	11	0	0	11	0	0	2	1	0.175977939	11	0
chr7	58000000	chr12	114000000	1	10	1	11	0.462878704	NA	11	0	0	11	0	0	2	1	1.26482038	11	0
chr7	60000000	chr12	113000000	6	10	6	11	0.71955651	NA	11	0	0	11	0	0	2	1	0.618424417	11	0
chr7	61000000	chr12	113000000	3	10	3	11	0.777833879	NA	11	0	0	11	0	0	2	1	0.813320295	11	0
chr7	65000000	chr12	116000000	1	10	1	00	0.407325059	NA	00	0	0	11	0	0	3	2	0.621031144	11	0
chr7	65000000	chr12	119000000	3	10	3	00	0.51690352	NA	00	0	0	11	0	0	3	2	0.227823217	11	0
chr7	80000000	chr12	79000000	1	10	1	10	0.486609191	NA	10	1	1	10	1	1	1	1	2.89235619	10	0
chr7	80000000	chr12	80000000	1	10	1	10	0.339832723	NA	10	1	1	10	1	1	1	1	2.23351404	10	0
chr7	100000000	chr12	111000000	9	10	8	10	0.319811136	NA	10	8	8	10	8	8	1	1	1.08761576	10	0
chr7	136000000	chr12	56000000	4	00	4	10	0.368854761	NA	10	0	0	10	0	0	3	1	0.45917127	10	0
chr7	136000000	chr12	57000000	2	00	2	11	0.326767713	NA	11	0	0	11	0	2	3	1	0.556873282	11	0
chr7	137000000	chr12	57000000	1	00	1	11	0.304773778	NA	11	0	0	11	0	1	3	1	0.705044794	11	0
chr7	138000000	chr12	78000000	1	11	1	00	0.338783503	NA	00	0	0	11	1	1	1	3	0.543750522	11	0
chr7	141000000	chr12	111000000	1	10	1	11	0.34211275	NA	11	0	0	11	0	0	3	1	0.806609631	11	0
chr7	141000000	chr12	79000000	3	10	3	00	0.349570483	NA	00	0	0	10	3	0	1	3	0.0988590298	10	0
chr7	144000000	chr12	79000000	1	10	1	10	0.327189565	NA	10	1	1	10	1	1	1	1	1.17096328	10	0
chr7	6000000	chr14	76000000	2	00	2	10	0.619814515	NA	10	0	0	10	0	0	2	1	1.24737964	10	0
chr7	12000000	chr14	76000000	2	00	2	10	0.987823725	NA	10	0	0	10	0	0	2	1	5.9486518	10	0
chr7	13000000	chr14	76000000	3	00	3	10	0.999992847	NA	10	0	0	10	0	0	3	1	6.10584621	10	0
chr7	13000000	chr14	77000000	1	00	1	10	0.996285558	NA	10	0	0	10	0	0	2	1	6.35502251	10	0
chr7	14000000	chr14	76000000	1	00	1	10	0.999838471	NA	10	0	0	10	0	0	2	1	5.73858617	10	0
chr7	14000000	chr14	78000000	2	00	2	10	0.997061789	NA	10	0	0	10	0	0	2	1	5.56023699	10	0
chr7	16000000	chr14	72000000	3	00	3	10	0.999934077	NA	10	0	0	10	0	0	3	1	4.43040299	10	0
chr7	16000000	chr14	45000000	5	00	5	10	0.89019382	NA	10	0	0	10	0	0	3	1	4.0671765	10	0
chr7	16000000	chr14	73000000	2	00	2	10	0.973957598	NA	10	0	0	10	0	0	3	1	3.7267643	10	0
chr7	16000000	chr14	23000000	1	00	1	10	0.942741275	NA	10	0	0	10	0	0	3	1	3.67453067	10	0
chr7	16000000	chr14	69000000	2	00	2	10	0.920673609	NA	10	0	0	10	0	0	3	1	4.05308406	10	0
chr7	16000000	chr14	25000000	9	00	9	10	0.98922962	NA	10	0	0	10	0	0	3	1	3.6106589	10	0
chr7	16000000	chr14	70000000	1	00	1	10	0.998527288	NA	10	0	0	10	0	0	3	1	4.82861244	10	0
chr7	16000000	chr14	24000000	1	00	1	10	0.96177119	NA	10	0	0	10	0	0	3	1	3.16357285	10	0
chr7	16000000	chr14	59000000	3	00	3	10	0.729505718	NA	10	0	0	10	0	0	3	1	4.17668132	10	0
chr7	16000000	chr14	79000000	3	00	3	10	0.998901606	NA	10	0	0	10	0	0	3	1	3.54200553	10	0
chr7	17000000	chr14	22000000	2	00	2	10	0.812377512	NA	10	0	0	10	0	0	3	1	4.24505461	10	0
chr7	17000000	chr14	81000000	2	00	2	10	0.998941362	NA	10	0	0	10	0	0	3	1	5.46915257	10	0
chr7	17000000	chr14	78000000	9	00	9	10	1	NA	10	0	0	10	0	0	3	1	6.22709074	10	0
chr7	17000000	chr14	83000000	1	00	1	10	0.99610585	NA	10	0	0	10	0	0	3	1	6.2175485	10	0
chr7	17000000	chr14	59000000	1	00	1	10	0.580511272	NA	10	0	0	10	0	0	3	1	4.13236505	10	0
chr7	17000000	chr14	76000000	6	00	6	10	0.999916911	NA	10	0	0	10	0	0	3	1	5.77452943	10	0
chr7	18000000	chr14	76000000	2	00	2	10	0.998965144	NA	10	0	0	10	0	0	3	1	5.80358309	10	0
chr7	18000000	chr14	78000000	1	00	1	10	0.999922276	NA	10	0	0	10	0	0	3	1	6.24437468	10	0
chr7	19000000	chr14	25000000	1	00	1	10	0.734703541	NA	10	0	0	10	0	0	3	1	3.21682565	10	0
chr7	19000000	chr14	24000000	1	00	1	10	0.671910644	NA	10	0	0	10	0	0	3	1	2.61266886	10	0
chr7	24000000	chr14	76000000	7	00	7	10	0.999919295	NA	10	0	0	10	0	0	3	1	5.74165736	10	0
chr7	24000000	chr14	75000000	2	00	2	10	0.99059242	NA	10	0	0	10	0	0	3	1	5.37804268	10	0
chr7	24000000	chr14	79000000	3	00	3	10	0.997575939	NA	10	0	0	10	0	0	3	1	5.40536534	10	0
chr7	24000000	chr14	23000000	2	00	2	10	0.905908525	NA	10	0	0	10	0	0	3	1	3.56615822	10	0
chr7	25000000	chr14	76000000	1	00	1	10	0.993312299	NA	10	0	0	10	0	0	2	1	4.53959006	10	0
chr7	25000000	chr14	78000000	2	00	2	10	0.981201768	NA	10	0	0	10	0	0	2	1	4.56248612	10	0
chr7	28000000	chr14	75000000	16	00	16	10	0.996464968	NA	10	0	0	10	0	0	3	1	3.64131673	10	0
chr7	28000000	chr14	76000000	1	00	1	10	0.97269249	NA	10	0	0	10	0	0	3	1	3.72895065	10	0
chr7	43000000	chr14	69000000	1	00	1	10	0.465859652	NA	10	0	0	10	0	0	3	1	3.02521358	10	0
chr7	45000000	chr14	69000000	1	00	1	10	0.686682284	NA	10	0	0	10	0	0	3	1	3.31706388	10	0
chr7	136000000	chr15	82000000	3	01	3	11	0.674411595	NA	11	0	0	11	0	0	4	1	1.52835604	11	0
chr7	137000000	chr15	82000000	3	01	3	11	0.507854283	NA	11	0	0	11	0	0	4	1	1.30039619	11	0
chr7	142000000	chr15	82000000	5	01	5	11	0.818201065	NA	11	0	0	11	0	0	4	1	1.77519094	11	0
chr7	142000000	chr15	83000000	3	01	3	11	0.633507311	NA	11	0	0	11	0	0	4	1	1.69863648	11	0
chr7	143000000	chr15	83000000	2	01	2	11	0.708755374	NA	11	0	0	11	0	0	4	1	2.03747062	11	0
chr7	143000000	chr15	82000000	1	01	1	11	0.849214852	NA	11	0	0	11	0	0	4	1	2.09669635	11	0
chr7	14000000	chr18	44000000	2	00	2	10	0.383713007	NA	10	0	0	10	0	0	3	1	3.57639048	10	0
chr7	29000000	chr18	77000000	1	00	1	10	0.604680121	NA	10	0	0	10	0	0	3	1	3.50285859	10	0
chr7	40000000	chr18	45000000	1	00	1	10	0.839488924	NA	10	0	0	10	0	0	3	1	3.75589926	10	0
chr7	41000000	chr18	44000000	5	00	5	10	0.967690051	NA	10	0	0	10	0	0	3	1	3.44775732	10	0
chr7	41000000	chr18	45000000	4	00	4	10	0.959286988	NA	10	0	0	10	0	0	3	1	3.67903062	10	0
chr7	42000000	chr18	44000000	1	00	1	10	0.748215854	NA	10	0	0	10	0	0	3	1	3.45100002	10	0
chr7	45000000	chr18	77000000	3	00	3	10	0.971795321	NA	10	0	0	10	0	0	3	1	3.46382955	10	0
chr7	45000000	chr18	75000000	7	00	7	10	0.869876623	NA	10	0	0	10	0	0	3	1	2.92919156	10	0
chr7	46000000	chr18	77000000	10	00	9	10	0.954157889	NA	10	1	1	10	1	1	3	1	3.20415788	10	0
chr7	80000000	chr18	61000000	4	00	4	10	0.999549925	NA	10	0	0	10	0	0	3	1	4.48491492	10	0
chr7	81000000	chr18	61000000	6	00	6	10	0.99709487	NA	10	0	0	10	0	0	3	1	4.47205781	10	0
chr7	81000000	chr18	60000000	2	00	2	10	0.909245491	NA	10	0	0	10	0	0	3	1	4.59134552	10	0
chr7	81000000	chr18	53000000	5	00	4	10	0.999795854	NA	10	1	1	10	1	1	3	1	4.70804857	10	0
chr7	81000000	chr18	77000000	6	00	6	10	0.906624854	NA	10	0	0	10	0	0	3	1	4.02803771	10	0
chr7	81000000	chr18	44000000	1	00	1	10	0.991097212	NA	10	0	0	10	0	0	3	1	4.26663823	10	0
chr7	81000000	chr18	43000000	3	00	3	10	0.990404367	NA	10	0	0	10	0	0	3	1	4.36013374	10	0
chr7	81000000	chr18	42000000	2	00	2	10	0.970098197	NA	10	0	0	10	0	0	3	1	4.26010181	10	0
chr7	81000000	chr18	45000000	1	00	1	10	0.979065657	NA	10	0	0	10	0	0	3	1	4.39067293	10	0
chr7	82000000	chr18	77000000	4	00	4	10	0.662556231	NA	10	0	0	10	0	0	3	1	3.85902063	10	0
chr7	82000000	chr18	42000000	2	00	2	10	0.997681022	NA	10	0	0	10	0	0	3	1	4.12676822	10	0
chr7	82000000	chr18	53000000	12	00	12	10	0.999995708	NA	10	0	0	10	0	0	3	1	4.66445324	10	0
chr7	82000000	chr18	62000000	2	00	2	10	0.977038145	NA	10	0	0	10	0	0	3	1	4.2474653	10	0
chr7	82000000	chr18	43000000	3	00	3	10	0.998922765	NA	10	0	0	10	0	0	3	1	4.24399475	10	0
chr7	82000000	chr18	45000000	6	00	6	10	0.999994516	NA	10	0	0	10	0	0	3	1	4.42622207	10	0
chr7	82000000	chr18	44000000	2	00	2	10	0.999911666	NA	10	0	0	10	0	0	3	1	4.20191505	10	0
chr7	82000000	chr18	49000000	6	00	6	10	0.999952316	NA	10	0	0	10	0	0	3	1	4.62759527	10	0
chr7	83000000	chr18	44000000	1	00	1	10	0.996240854	NA	10	0	0	10	0	0	3	1	3.72985313	10	0
chr7	83000000	chr18	45000000	2	00	2	10	0.993562579	NA	10	0	0	10	0	0	3	1	3.9765089	10	0
chr7	83000000	chr18	60000000	3	00	2	10	0.906478584	NA	10	0	0	10	0	1	3	1	4.52904564	10	0
chr7	83000000	chr18	61000000	1	00	1	10	0.899081051	NA	10	0	0	10	0	0	3	1	4.16046233	10	0
chr7	84000000	chr18	49000000	2	00	2	10	0.995822072	NA	10	0	0	10	0	0	3	1	4.38150816	10	0
chr7	85000000	chr18	49000000	5	00	5	10	0.997337162	NA	10	0	0	10	0	0	3	1	4.03046518	10	0
chr7	85000000	chr18	50000000	1	00	1	10	0.870256901	NA	10	0	0	10	0	0	3	1	3.54876237	10	0
chr7	86000000	chr18	50000000	3	00	3	10	0.964773834	NA	10	0	0	10	0	0	3	1	3.507461	10	0
chr7	95000000	chr18	61000000	1	00	1	10	0.923455834	NA	10	0	0	10	0	0	3	1	3.56736693	10	0
chr7	96000000	chr18	61000000	2	00	2	10	0.980793595	NA	10	0	0	10	0	0	3	1	4.32845519	10	0
chr7	96000000	chr18	59000000	1	00	1	10	0.998504043	NA	10	0	0	10	0	0	3	1	4.49503664	10	0
chr7	96000000	chr18	65000000	2	00	1	10	0.90449357	NA	10	0	0	10	0	0	3	1	3.3356219	10	0
chr7	96000000	chr18	50000000	2	00	2	10	0.898743033	NA	10	0	0	10	0	0	3	1	4.21510867	10	0
chr7	97000000	chr18	60000000	7	00	7	10	0.999995828	NA	10	0	0	10	0	0	3	1	4.58832207	10	0
chr7	97000000	chr18	61000000	12	00	12	10	0.999998689	NA	10	0	0	10	0	0	3	1	4.26054566	10	0
chr7	97000000	chr18	65000000	1	00	1	10	0.899694383	NA	10	0	0	10	0	0	3	1	3.23743726	10	0
chr7	97000000	chr18	54000000	4	00	4	10	0.999808013	NA	10	0	0	10	0	0	3	1	4.50608627	10	0
chr7	97000000	chr18	53000000	1	00	1	10	0.999188244	NA	10	0	0	10	0	0	3	1	4.40180022	10	0
chr7	98000000	chr18	59000000	7	00	7	10	0.999916077	NA	10	0	0	10	0	0	3	1	5.16014502	10	0
chr7	98000000	chr18	60000000	6	00	6	10	1	NA	10	0	0	10	0	0	3	1	5.29600474	10	0
chr7	98000000	chr18	57000000	3	00	3	10	0.999613225	NA	10	0	0	10	0	0	3	1	5.34945628	10	0
chr7	98000000	chr18	58000000	5	00	5	10	0.999980688	NA	10	0	0	10	0	0	3	1	5.00606818	10	0
chr7	98000000	chr18	56000000	2	00	2	10	0.999501586	NA	10	0	0	10	0	0	3	1	5.26478942	10	0
chr7	98000000	chr18	53000000	2	00	2	10	0.995945871	NA	10	0	0	10	0	0	3	1	4.76196942	10	0
chr7	98000000	chr18	61000000	2	00	2	10	0.999992251	NA	10	0	0	10	0	0	3	1	4.74673756	10	0
chr7	99000000	chr18	60000000	12	00	12	10	0.999999881	NA	10	0	0	10	0	0	3	1	5.24432425	10	0
chr7	99000000	chr18	38000000	21	00	21	10	0.999999881	NA	10	0	0	10	0	0	3	1	4.73142436	10	0
chr7	99000000	chr18	61000000	10	00	10	10	0.999999881	NA	10	0	0	10	0	0	3	1	4.9111484	10	0
chr7	99000000	chr18	78000000	5	00	5	10	0.978717804	NA	10	0	0	10	0	0	3	1	4.49808474	10	0
chr7	99000000	chr18	57000000	2	00	2	10	0.9991014	NA	10	0	0	10	0	0	2	1	5.21915671	10	0
chr7	99000000	chr18	53000000	2	00	2	10	0.999838591	NA	10	0	0	10	0	0	3	1	4.95970284	10	0
chr7	99000000	chr18	58000000	1	00	1	10	0.981150031	NA	10	0	0	10	0	0	3	1	4.99519537	10	0
chr7	99000000	chr18	54000000	3	00	3	10	0.999987245	NA	10	0	0	10	0	0	3	1	5.3727912	10	0
chr7	99000000	chr18	42000000	4	00	4	10	0.999884367	NA	10	0	0	10	0	0	3	1	4.53373452	10	0
chr7	99000000	chr18	62000000	1	00	1	10	0.944824457	NA	10	0	0	10	0	0	3	1	4.65451462	10	0
chr7	99000000	chr18	55000000	2	00	2	10	0.999927521	NA	10	0	0	10	0	0	3	1	5.23159264	10	0
chr7	99000000	chr18	41000000	5	00	5	10	0.999968171	NA	10	0	0	10	0	0	3	1	4.76443638	10	0
chr7	99000000	chr18	37000000	1	00	1	10	0.986675322	NA	10	0	0	10	0	0	3	1	4.34034968	10	0
chr7	99000000	chr18	56000000	2	00	2	10	0.999844074	NA	10	0	0	10	0	0	2	1	5.46790759	10	0
chr7	99000000	chr18	11000000	1	00	1	10	0.63008368	NA	10	0	0	10	0	0	3	1	3.36173187	10	0
chr7	99000000	chr18	18000000	3	00	3	10	0.74856931	NA	10	0	0	10	0	0	3	1	3.10474396	10	0
chr7	99000000	chr18	6000000	2	00	2	10	0.703293741	NA	10	0	0	10	0	0	3	1	4.28800505	10	0
chr7	99000000	chr18	39000000	5	00	5	10	0.999859691	NA	10	0	0	10	0	0	3	1	4.60643325	10	0
chr7	99000000	chr18	40000000	3	00	3	10	0.994304478	NA	10	0	0	10	0	0	3	1	4.2348448	10	0
chr7	100000000	chr18	39000000	6	00	6	10	0.999687076	NA	10	0	0	10	0	0	2	1	5.21450254	10	0
chr7	100000000	chr18	40000000	2	00	2	10	0.999167681	NA	10	0	0	10	0	0	3	1	4.85722209	10	0
chr7	100000000	chr18	38000000	2	00	2	10	0.999382019	NA	10	0	0	10	0	0	3	1	5.02125604	10	0
chr7	100000000	chr18	75000000	1	00	1	10	0.805932939	NA	10	0	0	10	0	0	3	1	3.82449702	10	0
chr7	100000000	chr18	3000000	5	00	5	10	0.858742774	NA	10	0	0	10	0	0	2	1	4.09020987	10	0
chr7	100000000	chr18	4000000	8	00	8	10	0.774611235	NA	10	0	0	10	0	0	3	1	4.29062399	10	0
chr7	100000000	chr18	7000000	5	00	5	10	0.662198722	NA	10	0	0	10	0	0	3	1	3.85913932	10	0
chr7	100000000	chr18	74000000	1	00	1	10	0.810764194	NA	10	0	0	10	0	0	3	1	4.44475589	10	0
chr7	101000000	chr18	7000000	2	00	2	10	0.686374247	NA	10	0	0	10	0	0	3	1	3.33554372	10	0
chr7	101000000	chr18	4000000	2	00	2	10	0.600535691	NA	10	0	0	10	0	0	3	1	3.71758703	10	0
chr7	101000000	chr18	3000000	2	00	2	10	0.572934568	NA	10	0	0	10	0	0	3	1	4.07148464	10	0
chr7	101000000	chr18	74000000	2	00	2	10	0.842336118	NA	10	0	0	10	0	0	3	1	3.87938179	10	0
chr7	101000000	chr18	39000000	2	00	1	10	0.99453944	NA	10	0	0	10	0	0	3	1	4.25957457	10	0
chr7	103000000	chr18	59000000	2	00	2	10	0.993029177	NA	10	0	0	10	0	0	3	1	4.75812449	10	0
chr7	104000000	chr18	59000000	9	00	9	10	0.999999523	NA	10	0	0	10	0	0	3	1	5.13424498	10	0
chr7	104000000	chr18	60000000	3	00	2	10	0.999257863	NA	10	0	0	10	0	1	3	1	5.05127319	10	0
chr7	104000000	chr18	64000000	3	00	3	10	0.996521831	NA	10	0	0	10	0	0	3	1	3.80830112	10	0
chr7	104000000	chr18	65000000	5	00	5	10	0.988466859	NA	10	0	0	10	0	0	3	1	4.15786951	10	0
chr7	104000000	chr18	48000000	1	00	1	10	0.927709818	NA	10	0	0	10	0	0	3	1	4.80491613	10	0
chr7	104000000	chr18	58000000	5	00	5	10	0.999961972	NA	10	0	0	10	0	0	3	1	5.06079176	10	0
chr7	104000000	chr18	50000000	1	01	1	10	0.998311162	NA	10	0	0	10	0	1	4	1	4.52898876	10	0
chr7	104000000	chr18	25000000	1	00	1	10	0.518190503	NA	10	0	0	10	0	0	3	1	4.41537057	10	0
chr7	105000000	chr18	58000000	2	00	2	10	0.999418616	NA	10	0	0	10	0	0	3	1	5.24506571	10	0
chr7	105000000	chr18	59000000	3	00	3	10	0.999996901	NA	10	0	0	10	0	0	3	1	5.39174679	10	0
chr7	105000000	chr18	60000000	5	00	5	10	0.999790967	NA	10	0	0	10	0	0	3	1	5.40201807	10	0
chr7	114000000	chr18	49000000	3	00	3	10	0.990386784	NA	10	0	0	10	0	0	3	1	4.43556251	10	0
chr7	115000000	chr18	49000000	3	00	3	10	0.999699593	NA	10	0	0	10	0	0	3	1	4.58377616	10	0
chr7	116000000	chr18	41000000	2	00	2	10	0.999630213	NA	10	0	0	10	0	0	3	1	5.44464857	10	0
chr7	116000000	chr18	40000000	7	00	7	10	0.999982476	NA	10	0	0	10	0	0	3	1	5.42127672	10	0
chr7	116000000	chr18	39000000	3	00	3	10	0.999967575	NA	10	0	0	10	0	0	3	1	5.81376772	10	0
chr7	117000000	chr18	41000000	4	00	4	10	0.996073484	NA	10	0	0	10	0	0	3	1	5.48286207	10	0
chr7	117000000	chr18	40000000	7	00	5	10	0.999933124	NA	10	0	0	10	0	2	3	1	5.49399308	10	0
chr7	117000000	chr18	38000000	5	00	5	10	0.992760658	NA	10	0	0	10	0	0	3	1	5.03787373	10	0
chr7	129000000	chr18	77000000	6	00	6	10	0.912456155	NA	10	0	0	10	0	0	3	1	3.10323002	10	0
chr7	130000000	chr18	77000000	12	00	12	10	0.997503936	NA	10	0	0	10	0	0	3	1	3.22874031	10	0
chr7	130000000	chr18	44000000	3	00	3	10	0.859015703	NA	10	0	0	10	0	0	3	1	3.30128148	10	0
chr7	130000000	chr18	53000000	1	00	1	10	0.866642833	NA	10	0	0	10	0	0	3	1	3.78520064	10	0
chr7	131000000	chr18	44000000	7	00	7	10	0.947515011	NA	10	0	0	10	0	0	3	1	3.39056529	10	0
chr7	131000000	chr18	42000000	1	00	1	10	0.615809917	NA	10	0	0	10	0	0	3	1	3.36140761	10	0
chr7	131000000	chr18	53000000	1	00	1	10	0.642434716	NA	10	0	0	10	0	0	3	1	3.91895912	10	0
chr7	131000000	chr18	45000000	1	00	1	10	0.753292382	NA	10	0	0	10	0	0	3	1	3.52640051	10	0
chr7	43000000	chr19	57000000	1	01	1	11	0.603205383	NA	11	0	0	11	0	0	3	1	1.78513262	11	0
chr7	43000000	chr19	60000000	1	01	1	11	0.461952627	NA	11	0	0	11	0	0	3	1	1.35863746	11	0
chr7	44000000	chr19	57000000	1	01	1	11	0.591858268	NA	11	0	0	11	0	0	3	1	1.88772712	11	0
chr7	133000000	chr19	60000000	3	01	3	11	0.966803491	NA	11	0	0	11	0	0	3	1	1.37935584	11	0
chr7	134000000	chr19	14000000	9	01	9	11	0.535557926	NA	11	0	0	11	0	0	3	1	0.953194892	11	0
chr7	142000000	chr19	58000000	7	01	6	11	0.997986436	NA	11	0	0	11	0	1	3	1	2.27398662	11	0
chr7	142000000	chr19	22000000	1	01	1	11	0.80164659	NA	11	0	0	11	0	0	3	1	2.82106066	11	0
chr7	143000000	chr19	58000000	2	01	2	11	0.999826133	NA	11	0	0	11	0	0	3	1	4.09087147	11	0
chr7	143000000	chr19	57000000	10	01	10	11	0.999997973	NA	11	0	0	11	0	0	3	1	4.49692759	11	0
chr7	143000000	chr19	60000000	2	01	2	11	0.999879003	NA	11	0	0	11	0	0	3	1	3.80596604	11	0
chr7	144000000	chr19	57000000	1	01	1	11	0.798843861	NA	11	0	0	11	0	0	3	1	2.88139671	11	0
chr7	144000000	chr19	60000000	7	01	7	11	0.997295558	NA	11	0	0	11	0	0	3	1	2.21351178	11	0
chr7	43000000	chr8	84000000	7	00	7	10	0.701830566	NA	10	0	0	10	0	0	3	1	2.96930649	10	0
chr8	3000000	chr11	20000000	1	01	1	11	0.613650262	NA	11	0	0	11	0	0	2	1	1.50478862	11	1
chr8	3000000	chr11	3000000	4	00	3	11	0.866209567	NA	11	0	0	11	0	3	4	1	2.36246953	11	1
chr8	4000000	chr11	22000000	2	01	2	11	0.717522621	NA	11	0	0	11	0	0	2	1	2.67977192	11	1
chr8	5000000	chr11	7000000	3	01	3	11	0.999742806	NA	11	0	0	11	0	0	2	1	4.05752821	11	1
chr8	5000000	chr11	22000000	2	01	2	11	0.743219495	NA	11	0	0	11	0	0	2	1	3.42525776	11	1
chr8	5000000	chr11	6000000	4	01	4	11	0.988176405	NA	11	0	0	11	0	0	2	1	3.05413228	11	1
chr8	6000000	chr11	14000000	1	10	1	11	0.796903431	NA	11	0	1	11	0	0	3	1	2.76418385	11	1
chr8	6000000	chr11	22000000	1	01	1	11	0.860412776	NA	11	0	0	11	0	0	2	1	3.41151731	11	1
chr8	6000000	chr11	15000000	1	01	1	11	0.942568898	NA	11	0	0	11	0	0	2	1	2.62760978	11	1
chr8	6000000	chr11	21000000	1	01	1	11	0.957831621	NA	11	0	0	11	0	0	2	1	3.10347061	11	1
chr8	7000000	chr11	21000000	6	01	6	11	0.972616255	NA	11	0	0	11	0	0	2	1	3.53203697	11	1
chr8	7000000	chr11	22000000	2	01	2	11	0.882077873	NA	11	0	0	11	0	0	2	1	3.87933786	11	1
chr8	7000000	chr11	14000000	2	01	2	11	0.993638933	NA	11	0	0	11	0	0	2	1	3.23607767	11	1
chr8	8000000	chr11	21000000	1	01	1	11	0.985544026	NA	11	0	0	11	0	0	2	1	4.26655528	11	1
chr8	9000000	chr11	3000000	3	01	3	11	0.999238491	NA	11	0	0	11	0	0	2	1	4.46730943	11	1
chr8	9000000	chr11	44000000	1	01	1	11	0.398677438	NA	11	0	0	11	0	0	2	1	1.11839085	11	1
chr8	10000000	chr11	44000000	2	01	2	11	0.51564467	NA	11	0	0	11	0	0	2	1	1.70567708	11	1
chr8	10000000	chr11	3000000	7	01	7	11	0.999990582	NA	11	0	0	11	0	0	3	1	4.50242605	11	1
chr8	11000000	chr11	3000000	4	01	4	11	0.999339044	NA	11	0	0	11	0	0	3	1	4.13204946	11	1
chr8	11000000	chr11	7000000	14	01	14	11	0.999995589	NA	11	0	0	11	0	0	3	1	4.63432796	11	1
chr8	11000000	chr11	22000000	10	01	9	11	0.999804676	NA	11	0	0	11	0	1	2	1	5.16314302	11	1
chr8	11000000	chr11	21000000	3	01	3	11	0.992352188	NA	11	0	0	11	0	0	2	1	4.35450292	11	1
chr8	11000000	chr11	23000000	1	01	1	11	0.906228244	NA	11	0	0	11	0	0	2	1	3.83981456	11	1
chr8	11000000	chr11	6000000	11	01	11	11	0.999992251	NA	11	0	0	11	0	0	3	1	4.77693279	11	1
chr8	11000000	chr11	8000000	7	01	6	11	0.989536047	NA	11	0	0	11	0	1	3	1	4.19213953	11	1
chr8	11000000	chr11	5000000	9	01	9	11	0.999733746	NA	11	0	0	11	0	0	3	1	4.0310891	11	1
chr8	11000000	chr11	4000000	4	01	4	11	0.833604336	NA	11	0	0	11	0	0	3	1	3.30590097	11	1
chr8	11000000	chr11	61000000	1	01	1	11	0.421720892	NA	11	0	0	11	0	0	3	1	2.3665798	11	1
chr8	12000000	chr11	7000000	1	01	1	11	0.987113833	NA	11	0	0	11	0	0	2	1	4.75799217	11	1
chr8	12000000	chr11	6000000	10	01	10	11	0.999709189	NA	11	0	0	11	0	0	2	1	4.48983389	11	1
chr8	12000000	chr11	5000000	2	01	2	11	0.980720222	NA	11	0	0	11	0	0	2	1	4.18507179	11	1
chr8	13000000	chr11	6000000	3	01	3	11	0.998611212	NA	11	0	0	11	0	0	2	1	2.98574942	11	1
chr8	13000000	chr11	5000000	3	01	3	11	0.99723947	NA	11	0	0	11	0	0	2	1	2.82316984	11	1
chr8	22000000	chr11	21000000	3	01	3	11	0.993076444	NA	11	0	0	11	0	0	2	1	3.5374744	11	1
chr8	23000000	chr11	21000000	13	01	13	11	0.9993698	NA	11	0	0	11	0	0	2	1	3.08458061	11	1
chr8	23000000	chr11	20000000	1	01	1	11	0.960157156	NA	11	0	0	11	0	0	2	1	2.55002209	11	1
chr8	23000000	chr11	23000000	1	01	1	11	0.872587502	NA	11	0	0	11	0	0	2	1	2.52790108	11	1
chr8	23000000	chr11	68000000	2	01	2	11	0.934307277	NA	11	0	0	11	0	0	2	1	1.91147698	11	1
chr8	24000000	chr11	65000000	5	01	5	11	0.990968883	NA	11	0	0	11	0	0	2	1	1.70979175	11	1
chr8	24000000	chr11	68000000	12	01	11	11	0.990417242	NA	11	0	1	11	0	0	2	1	1.80169511	11	1
chr8	24000000	chr11	64000000	3	01	2	11	0.779735565	NA	11	0	0	11	0	1	2	1	1.48557099	11	1
chr8	24000000	chr11	67000000	2	01	2	11	0.938850939	NA	11	0	0	11	0	0	2	1	1.73368345	11	1
chr8	25000000	chr11	21000000	6	01	6	11	0.995897174	NA	11	0	0	11	0	0	2	1	2.66604166	11	1
chr8	25000000	chr11	68000000	1	01	1	11	0.957568765	NA	11	0	0	11	0	0	2	1	1.42835425	11	1
chr8	25000000	chr11	65000000	2	01	2	11	0.803146183	NA	11	0	0	11	0	0	2	1	1.34694665	11	1
chr8	25000000	chr11	20000000	1	01	1	11	0.982050776	NA	11	0	0	11	0	0	2	1	2.28752689	11	1
chr8	25000000	chr11	67000000	1	01	1	11	0.967039347	NA	11	0	0	11	0	0	2	1	1.3853561	11	1
chr8	26000000	chr11	66000000	12	01	12	11	0.995900571	NA	11	0	0	11	0	0	2	1	1.86076888	11	1
chr8	26000000	chr11	67000000	17	01	17	11	0.99953866	NA	11	0	0	11	0	0	2	1	2.03736142	11	1
chr8	26000000	chr11	65000000	1	01	1	11	0.998511136	NA	11	0	0	11	0	0	2	1	2.02392659	11	1
chr8	26000000	chr11	68000000	6	01	6	11	0.984505057	NA	11	0	0	11	0	0	2	1	2.02312041	11	1
chr8	26000000	chr11	63000000	9	01	9	11	0.978963375	NA	11	0	0	11	0	0	2	1	1.65871793	11	1
chr8	26000000	chr11	64000000	9	01	9	11	0.999269545	NA	11	0	0	11	0	0	2	1	1.78485306	11	1
chr8	26000000	chr11	53000000	7	01	6	11	0.939140201	NA	11	0	0	11	0	1	2	1	1.35070204	11	1
chr8	26000000	chr11	52000000	4	01	4	11	0.880345881	NA	11	0	0	11	0	0	2	1	1.12139201	11	1
chr8	26000000	chr11	51000000	7	01	7	01	0.779458344	NA	01	7	0	01	7	7	1	1	0.536453414	01	1
chr8	26000000	chr11	57000000	1	01	1	11	0.531886041	NA	11	0	0	11	0	0	2	1	0.280666953	11	1
chr8	27000000	chr11	58000000	1	01	1	11	0.9081406	NA	11	0	0	11	0	0	2	1	1.02081987	11	1
chr8	27000000	chr11	44000000	1	01	1	01	0.802899718	NA	01	1	0	01	1	1	1	1	0.64247584	01	1
chr8	27000000	chr11	13000000	2	01	2	11	0.956420243	NA	11	0	0	11	0	0	2	1	2.35487545	11	1
chr8	27000000	chr11	51000000	5	01	5	01	0.967655003	NA	01	5	0	01	5	5	1	1	1.79839099	01	1
chr8	27000000	chr11	35000000	1	01	1	01	0.477355003	NA	01	1	0	01	1	1	1	1	0.175784718	01	1
chr8	27000000	chr11	36000000	1	01	1	01	0.683286905	NA	01	1	0	01	1	1	1	1	0.806253104	01	1
chr8	27000000	chr11	3000000	1	01	1	11	0.736616135	NA	11	0	0	11	0	0	2	1	2.67550933	11	1
chr8	27000000	chr11	12000000	5	01	5	11	0.997290909	NA	11	0	0	11	0	0	2	1	2.4425522	11	1
chr8	27000000	chr11	42000000	7	01	7	01	0.784264028	NA	01	7	0	01	7	7	1	1	0.818063583	01	1
chr8	27000000	chr11	40000000	1	01	1	01	0.573804319	NA	01	1	0	01	1	1	1	1	0.351282	01	1
chr8	27000000	chr11	41000000	3	01	3	01	0.907314122	NA	01	3	0	01	3	3	1	1	1.77015779	01	1
chr8	27000000	chr11	15000000	1	01	1	11	0.951062143	NA	11	0	0	11	0	0	2	1	2.53437658	11	1
chr8	28000000	chr11	12000000	4	01	4	11	0.998538971	NA	11	0	0	11	0	0	2	1	3.44886705	11	1
chr8	28000000	chr11	15000000	2	01	2	11	0.985303521	NA	11	0	0	11	0	0	2	1	3.18740938	11	1
chr8	28000000	chr11	14000000	2	01	2	11	0.77157712	NA	11	0	0	11	0	0	2	1	3.33788091	11	1
chr8	29000000	chr11	13000000	1	01	1	11	0.77200985	NA	11	0	0	11	0	0	2	1	2.723245	11	1
chr8	29000000	chr11	12000000	3	01	3	11	0.963106096	NA	11	0	0	11	0	0	2	1	2.63159117	11	1
chr8	29000000	chr11	41000000	13	01	13	01	0.965269268	NA	01	13	0	01	13	13	1	1	2.59378841	01	1
chr8	30000000	chr11	42000000	1	01	1	01	0.763599455	NA	01	1	0	01	1	1	1	1	0.815528853	01	1
chr8	33000000	chr11	66000000	1	01	1	11	0.649203241	NA	11	0	0	11	0	0	2	1	1.12508657	11	1
chr8	34000000	chr11	84000000	3	01	3	01	0.973002851	NA	01	3	0	01	3	3	1	1	1.76450953	01	1
chr8	34000000	chr11	85000000	1	01	1	01	0.955219746	NA	01	1	0	01	1	1	1	1	1.82704225	01	1
chr8	35000000	chr11	84000000	3	01	3	01	0.974312305	NA	01	3	0	01	3	3	1	1	1.47092155	01	1
chr8	35000000	chr11	85000000	3	01	3	01	0.959150136	NA	01	3	0	01	3	3	1	1	1.59595736	01	1
chr8	35000000	chr11	66000000	1	01	1	11	0.901271701	NA	11	0	0	11	0	0	2	1	1.10580195	11	1
chr8	35000000	chr11	67000000	1	01	1	11	0.610353351	NA	11	0	0	11	0	0	2	1	1.34953376	11	1
chr8	36000000	chr11	85000000	3	01	3	01	0.866637766	NA	01	3	0	01	3	3	1	1	1.53910161	01	1
chr8	36000000	chr11	67000000	1	01	1	11	0.925032258	NA	11	0	0	11	0	0	2	1	1.2395305	11	1
chr8	37000000	chr11	67000000	1	01	1	11	0.675181508	NA	11	0	0	11	0	0	2	1	1.32662983	11	1
chr8	39000000	chr11	81000000	11	01	11	01	0.999846697	NA	01	11	0	01	11	11	1	1	2.82718857	01	1
chr8	39000000	chr11	83000000	4	01	3	01	0.994327605	NA	01	3	1	01	3	3	1	1	2.47372268	01	1
chr8	39000000	chr11	48000000	3	01	3	01	0.986383677	NA	01	3	0	01	3	3	1	1	2.14936334	01	1
chr8	39000000	chr11	80000000	1	01	1	01	0.971818149	NA	01	1	0	01	1	1	1	1	2.16825118	01	1
chr8	40000000	chr11	81000000	2	01	2	01	0.919680774	NA	01	2	0	01	2	2	1	1	2.59350275	01	1
chr8	40000000	chr11	83000000	5	01	5	01	0.993721604	NA	01	5	0	01	5	5	1	1	2.48130837	01	1
chr8	40000000	chr11	84000000	14	01	14	01	0.999859929	NA	01	14	0	01	14	14	1	1	2.59113938	01	1
chr8	40000000	chr11	85000000	2	01	2	01	0.999836087	NA	01	2	0	01	2	2	1	1	2.76791278	01	1
chr8	40000000	chr11	66000000	2	01	2	11	0.590225756	NA	11	0	0	11	0	0	2	1	0.314790863	11	1
chr8	40000000	chr11	80000000	1	01	1	01	0.987726629	NA	01	1	0	01	1	1	1	1	2.25196317	01	1
chr8	40000000	chr11	67000000	1	01	1	11	0.567754269	NA	11	0	0	11	0	0	2	1	0.589716692	11	1
chr8	41000000	chr11	85000000	1	01	1	01	0.989585221	NA	01	1	0	01	1	1	1	1	2.63122485	01	1
chr8	41000000	chr11	51000000	4	01	4	01	0.97483319	NA	01	4	0	01	4	4	1	1	2.33786751	01	1
chr8	42000000	chr11	93000000	2	01	2	01	0.892492294	NA	01	2	0	01	2	2	1	1	1.78594268	01	1
chr8	42000000	chr11	40000000	2	01	1	01	0.674277127	NA	01	1	0	01	1	2	1	1	1.21222926	01	1
chr8	42000000	chr11	50000000	2	01	2	01	0.953280926	NA	01	2	0	01	2	2	1	1	1.55452297	01	1
chr8	42000000	chr11	47000000	1	01	1	01	0.888993144	NA	01	1	0	01	1	1	1	1	1.97443521	01	1
chr8	42000000	chr11	92000000	1	01	1	01	0.905812085	NA	01	1	0	01	1	1	1	1	1.86536406	01	1
chr8	42000000	chr11	41000000	11	01	11	01	0.995835781	NA	01	11	0	01	11	11	1	1	2.54459913	01	1
chr8	43000000	chr11	51000000	1	01	1	01	0.952065825	NA	01	1	0	01	1	1	1	1	2.00713188	01	1
chr8	43000000	chr11	48000000	5	01	5	01	0.987736583	NA	01	5	0	01	5	5	1	1	2.16954044	01	1
chr8	43000000	chr11	41000000	2	01	2	01	0.967011154	NA	01	2	0	01	2	2	1	1	2.1401506	01	1
chr8	43000000	chr11	50000000	2	01	2	01	0.928394854	NA	01	2	0	01	2	2	1	1	1.50258017	01	1
chr8	43000000	chr11	80000000	1	01	1	01	0.847896576	NA	01	1	0	01	1	1	1	1	1.61436024	01	1
chr8	43000000	chr11	47000000	1	01	1	01	0.967083037	NA	01	1	0	01	1	1	1	1	2.00182407	01	1
chr8	43000000	chr11	81000000	1	01	1	01	0.927700579	NA	01	1	0	01	1	1	1	1	2.36863819	01	1
chr8	44000000	chr11	81000000	3	01	3	01	0.990267932	NA	01	3	0	01	3	3	1	1	2.41442114	01	1
chr8	44000000	chr11	47000000	7	01	7	01	0.972278833	NA	01	7	0	01	7	7	1	1	2.03175169	01	1
chr8	44000000	chr11	80000000	2	01	2	01	0.990928829	NA	01	2	0	01	2	2	1	1	1.79119341	01	1
chr8	44000000	chr11	48000000	8	01	8	01	0.996786118	NA	01	8	0	01	8	8	1	1	2.16061864	01	1
chr8	44000000	chr11	82000000	1	01	1	01	0.931736588	NA	01	1	0	01	1	1	1	1	2.01101209	01	1
chr8	44000000	chr11	83000000	1	01	1	01	0.985061824	NA	01	1	0	01	1	1	1	1	1.94685791	01	1
chr8	44000000	chr11	41000000	3	01	3	01	0.937451363	NA	01	3	0	01	3	3	1	1	2.14711928	01	1
chr8	44000000	chr11	50000000	1	01	1	01	0.962850213	NA	01	1	0	01	1	1	1	1	1.63228875	01	1
chr8	44000000	chr11	51000000	2	01	2	01	0.99431926	NA	01	2	0	01	2	2	1	1	2.174106	01	1
chr8	45000000	chr11	50000000	4	01	4	01	0.837295949	NA	01	4	0	01	4	4	1	1	1.02526221	01	1
chr8	45000000	chr11	51000000	9	01	9	01	0.997743726	NA	01	9	0	01	9	9	1	1	1.73918774	01	1
chr8	45000000	chr11	41000000	4	01	4	01	0.940478265	NA	01	4	0	01	4	4	1	1	1.74286698	01	1
chr8	45000000	chr11	93000000	1	01	1	01	0.582857251	NA	01	1	0	01	1	1	1	1	1.10555829	01	1
chr8	46000000	chr11	20000000	2	01	2	11	0.688917756	NA	11	0	0	11	0	0	2	1	1.30427993	11	1
chr8	46000000	chr11	21000000	3	01	3	11	0.534804165	NA	11	0	0	11	0	0	2	1	2.03989994	11	1
chr8	46000000	chr11	65000000	4	01	4	11	0.72676158	NA	11	0	0	11	0	0	2	1	0.853835571	11	1
chr8	46000000	chr11	3000000	3	01	3	11	0.772315383	NA	11	0	0	11	0	0	2	1	1.85471595	11	1
chr8	46000000	chr11	67000000	1	01	1	11	0.581263423	NA	11	0	0	11	0	0	2	1	0.848540148	11	1
chr8	47000000	chr11	51000000	7	01	7	01	0.908752024	NA	01	7	0	01	7	7	1	1	0.783511678	01	1
chr8	47000000	chr11	67000000	1	01	1	11	0.596127808	NA	11	0	0	11	0	0	2	1	1.0951536	11	1
chr8	47000000	chr11	3000000	1	01	1	11	0.560991585	NA	11	0	0	11	0	0	2	1	2.2974772	11	1
chr8	47000000	chr11	20000000	1	01	1	11	0.773671269	NA	11	0	0	11	0	0	2	1	1.77737216	11	1
chr8	48000000	chr11	65000000	8	01	8	11	0.794313014	NA	11	0	0	11	0	0	2	1	1.42189641	11	1
chr8	48000000	chr11	68000000	10	01	10	11	0.975499272	NA	11	0	0	11	0	0	2	1	1.41035321	11	1
chr8	48000000	chr11	20000000	10	01	10	11	0.948155344	NA	11	0	0	11	0	0	2	1	1.93178428	11	1
chr8	48000000	chr11	21000000	5	01	5	11	0.977496624	NA	11	0	0	11	0	0	2	1	2.22484925	11	1
chr8	48000000	chr11	59000000	2	01	1	11	0.796268463	NA	11	0	1	11	0	0	2	1	1.37566647	11	1
chr8	48000000	chr11	23000000	1	01	1	11	0.621893346	NA	11	0	0	11	0	0	2	1	1.8736487	11	1
chr8	48000000	chr11	67000000	1	01	1	11	0.61487323	NA	11	0	0	11	0	0	2	1	1.40341248	11	1
chr8	48000000	chr11	58000000	1	01	1	11	0.754782259	NA	11	0	0	11	0	0	2	1	0.994744038	11	1
chr8	48000000	chr11	35000000	1	01	1	11	0.493885875	NA	11	0	0	11	0	0	2	1	0.849134532	11	1
chr8	49000000	chr11	68000000	1	01	1	11	0.7646541	NA	11	0	0	11	0	0	2	1	2.19794665	11	1
chr8	56000000	chr11	22000000	3	01	3	11	0.986963093	NA	11	0	0	11	0	0	2	1	3.49637487	11	1
chr8	56000000	chr11	7000000	10	01	10	11	0.994769514	NA	11	0	0	11	0	0	2	1	3.70150262	11	1
chr8	56000000	chr11	6000000	2	01	2	11	0.938154638	NA	11	0	0	11	0	0	2	1	3.37186426	11	1
chr8	56000000	chr11	8000000	7	01	7	11	0.941182911	NA	11	0	0	11	0	0	2	1	3.20480396	11	1
chr8	56000000	chr11	15000000	2	01	2	11	0.956284523	NA	11	0	0	11	0	0	2	1	3.01757802	11	1
chr8	57000000	chr11	21000000	1	01	1	11	0.948303759	NA	11	0	0	11	0	0	2	1	3.40224587	11	1
chr8	57000000	chr11	15000000	2	01	2	11	0.757846415	NA	11	0	0	11	0	0	2	1	2.74134357	11	1
chr8	57000000	chr11	14000000	1	01	1	11	0.876016259	NA	11	0	0	11	0	0	2	1	2.88793701	11	1
chr8	57000000	chr11	12000000	3	01	3	11	0.900374591	NA	11	0	0	11	0	0	2	1	2.5915186	11	1
chr8	61000000	chr11	80000000	6	01	5	01	0.967644393	NA	01	5	1	01	5	5	1	1	2.41987844	01	1
chr8	61000000	chr11	81000000	10	01	10	01	0.99271965	NA	01	10	0	01	10	10	1	1	2.86824014	01	1
chr8	61000000	chr11	83000000	15	01	15	01	0.993893802	NA	01	15	0	01	15	15	1	1	2.6253222	01	1
chr8	61000000	chr11	84000000	1	01	1	01	0.960841358	NA	01	1	0	01	1	1	1	1	2.71378712	01	1
chr8	61000000	chr11	48000000	2	01	2	01	0.421541095	NA	01	2	0	01	2	2	1	1	2.09962763	01	1
chr8	63000000	chr11	81000000	2	00	1	01	0.840293586	NA	01	1	1	01	1	1	4	1	2.61955999	01	1
chr8	63000000	chr11	47000000	1	01	1	01	0.426261097	NA	01	1	0	01	1	1	1	1	1.69280391	01	1
chr8	68000000	chr11	85000000	1	01	1	01	0.703504324	NA	01	1	0	01	1	1	1	1	2.09838363	01	1
chr8	70000000	chr11	91000000	4	10	4	11	0.759611547	NA	11	0	4	11	0	0	4	1	0.830720222	11	1
chr8	70000000	chr11	104000000	2	10	2	11	0.715204835	NA	11	0	2	11	0	0	4	1	0.83092781	11	1
chr8	71000000	chr11	98000000	5	10	5	11	0.92602092	NA	11	0	5	11	0	0	4	1	1.33969753	11	1
chr8	71000000	chr11	84000000	1	10	1	01	0.547380388	NA	01	0	0	01	0	1	4	1	1.07039637	01	1
chr8	71000000	chr11	99000000	6	10	6	11	0.912610471	NA	11	0	6	11	0	0	4	1	1.38480857	11	1
chr8	71000000	chr11	82000000	1	10	1	11	0.652205944	NA	11	0	1	11	0	0	4	1	0.811739139	11	1
chr8	72000000	chr11	99000000	1	10	1	11	0.57488817	NA	11	0	1	11	0	0	4	1	0.753675358	11	1
chr8	75000000	chr11	111000000	1	01	1	11	0.696921647	NA	11	0	0	11	0	0	2	1	1.68921364	11	1
chr8	76000000	chr11	111000000	9	01	9	11	0.906717241	NA	11	0	0	11	0	0	2	1	1.42043683	11	1
chr8	76000000	chr11	112000000	1	10	1	11	0.715849459	NA	11	0	1	11	0	0	4	1	0.977223801	11	1
chr8	76000000	chr11	110000000	2	01	2	11	0.870106339	NA	11	0	0	11	0	0	2	1	1.44918403	11	1
chr8	76000000	chr11	89000000	1	01	1	11	0.597088456	NA	11	0	0	11	0	0	2	1	0.315059668	11	1
chr8	76000000	chr11	90000000	1	01	1	11	0.500944972	NA	11	0	0	11	0	0	2	1	0.0378651441	11	1
chr8	76000000	chr11	82000000	1	01	1	01	0.579186261	NA	01	1	0	01	1	1	1	1	0.532795061	01	1
chr8	77000000	chr11	82000000	16	01	16	01	0.533392787	NA	01	16	0	01	16	16	1	1	0.308693504	01	1
chr8	77000000	chr11	89000000	3	01	3	11	0.582009137	NA	11	0	0	11	0	0	2	1	0.552489457	11	1
chr8	77000000	chr11	81000000	1	01	1	01	0.599711001	NA	01	1	0	01	1	1	1	1	1.43646982	01	1
chr8	78000000	chr11	113000000	2	10	2	11	0.792230725	NA	11	0	2	11	0	0	4	1	1.17778812	11	1
chr8	79000000	chr11	113000000	6	10	5	11	0.921305001	NA	11	0	5	11	0	0	4	1	1.78565571	11	1
chr8	79000000	chr11	111000000	5	10	5	11	0.954795182	NA	11	0	5	11	0	0	4	1	2.1162102	11	1
chr8	79000000	chr11	112000000	21	10	20	11	0.980669856	NA	11	0	20	11	0	1	4	1	1.88522717	11	1
chr8	84000000	chr11	98000000	1	10	1	11	0.456754565	NA	11	0	1	11	0	0	4	1	0.42135522	11	1
chr8	84000000	chr11	116000000	1	10	1	00	0.503060639	NA	00	0	0	00	0	0	4	1	0.0723560651	00	1
chr8	84000000	chr11	121000000	8	01	8	00	0.662389576	NA	00	0	8	00	0	0	3	1	0.193761359	00	1
chr8	84000000	chr11	115000000	8	01	7	11	0.539446652	NA	11	0	1	11	0	0	3	1	0.0520055436	11	1
chr8	84000000	chr11	97000000	3	01	2	11	0.416592568	NA	11	0	1	11	0	0	3	1	0.474111726	11	1
chr8	84000000	chr11	62000000	1	10	1	11	0.665970623	NA	11	0	1	11	0	0	4	1	0.331633098	11	1
chr8	84000000	chr11	120000000	1	01	1	00	0.621037066	NA	00	0	1	00	0	0	3	1	0.351808466	00	1
chr8	85000000	chr11	62000000	7	01	7	00	0.757266819	NA	00	0	7	00	0	0	3	1	0.853996951	00	1
chr8	85000000	chr11	121000000	4	01	4	11	0.552193642	NA	11	0	0	11	0	0	4	1	0.269120063	11	1
chr8	85000000	chr11	59000000	13	01	13	00	0.718496084	NA	00	0	13	00	0	0	3	1	0.315297879	00	1
chr8	85000000	chr11	79000000	2	01	2	11	0.628879786	NA	11	0	0	11	0	0	3	1	0.496733636	11	1
chr8	85000000	chr11	68000000	12	01	12	11	0.802258432	NA	11	0	0	11	0	0	3	1	0.433021002	11	1
chr8	85000000	chr11	63000000	3	01	3	00	0.50458163	NA	00	0	3	11	0	0	3	2	0.182295632	11	1
chr8	85000000	chr11	70000000	2	01	2	11	0.533016562	NA	11	0	0	11	0	0	3	1	0.275052099	11	1
chr8	85000000	chr11	60000000	3	01	3	00	0.704088569	NA	00	0	3	00	0	0	3	1	0.510431377	00	1
chr8	85000000	chr11	69000000	1	01	1	00	0.632706046	NA	00	0	1	00	0	0	3	1	0.173773553	00	1
chr8	85000000	chr11	67000000	1	01	1	11	0.509063244	NA	11	0	0	11	0	0	3	1	0.814285099	11	1
chr8	86000000	chr11	68000000	2	01	2	11	0.906861722	NA	11	0	0	11	0	0	3	1	1.86687885	11	1
chr8	86000000	chr11	20000000	1	10	1	11	0.308892637	NA	11	0	1	11	0	0	4	1	1.68645841	11	1
chr8	86000000	chr11	23000000	2	01	2	11	0.35836482	NA	11	0	0	11	0	0	2	1	1.81840401	11	1
chr8	86000000	chr11	60000000	3	01	3	11	0.45985356	NA	11	0	0	11	0	0	3	1	0.31893796	11	1
chr8	86000000	chr11	59000000	1	01	1	11	0.634964705	NA	11	0	0	11	0	0	3	1	0.855107703	11	1
chr8	87000000	chr11	65000000	18	01	18	11	0.995954871	NA	11	0	0	11	0	0	2	1	1.74726075	11	1
chr8	87000000	chr11	64000000	4	00	2	11	0.902047217	NA	11	0	1	11	0	2	3	1	1.43535239	11	1
chr8	87000000	chr11	68000000	2	01	2	11	0.954344511	NA	11	0	0	11	0	0	2	1	1.78657449	11	1
chr8	87000000	chr11	67000000	6	01	6	11	0.988383114	NA	11	0	0	11	0	0	2	1	1.66344928	11	1
chr8	88000000	chr11	86000000	1	11	1	11	0.519883931	NA	11	1	0	11	1	1	1	1	0.121752884	11	1
chr8	88000000	chr11	84000000	3	01	3	01	0.849375665	NA	01	3	0	01	3	3	1	1	1.64016321	01	1
chr8	88000000	chr11	67000000	1	01	1	11	0.725460529	NA	11	0	0	11	0	0	2	1	1.10422993	11	1
chr8	91000000	chr11	84000000	2	01	1	01	0.803933561	NA	01	1	0	01	1	2	1	1	1.8914607	01	1
chr8	91000000	chr11	80000000	2	01	2	01	0.599137783	NA	01	2	0	01	2	2	1	1	1.22394944	01	1
chr8	92000000	chr11	83000000	10	01	10	01	0.99618113	NA	01	10	0	01	10	10	1	1	1.99362707	01	1
chr8	92000000	chr11	80000000	6	01	6	01	0.966667593	NA	01	6	0	01	6	6	1	1	1.72536571	01	1
chr8	92000000	chr11	81000000	4	01	4	01	0.953228891	NA	01	4	0	01	4	4	1	1	1.88455972	01	1
chr8	92000000	chr11	84000000	1	01	1	01	0.860055029	NA	01	1	0	01	1	1	1	1	2.28972975	01	1
chr8	97000000	chr11	39000000	1	00	1	11	0.490171462	NA	11	0	0	11	0	1	3	1	0.715857261	11	1
chr8	97000000	chr11	55000000	2	10	2	01	0.589721501	NA	01	0	0	01	0	2	4	1	0.100322891	01	1
chr8	97000000	chr11	56000000	1	10	1	01	0.655246496	NA	01	0	0	01	0	1	4	1	0.237607204	01	1
chr8	98000000	chr11	55000000	13	10	13	11	0.699806452	NA	11	0	13	11	0	0	4	1	0.550003172	11	1
chr8	98000000	chr11	56000000	7	10	7	11	0.630231142	NA	11	0	7	11	0	0	4	1	0.438485075	11	1
chr8	98000000	chr11	31000000	5	10	5	01	0.845537841	NA	01	0	0	01	0	5	4	1	1.20822396	01	1
chr8	98000000	chr11	32000000	4	10	4	11	0.588749468	NA	11	0	4	11	0	0	4	1	0.670771323	11	1
chr8	98000000	chr11	66000000	12	10	12	11	0.925343513	NA	11	0	12	11	0	0	4	1	1.01769723	11	1
chr8	98000000	chr11	39000000	2	10	2	11	0.651497304	NA	11	0	2	11	0	0	4	1	1.04149999	11	1
chr8	98000000	chr11	40000000	3	10	3	11	0.680034995	NA	11	0	3	11	0	0	4	1	1.00293678	11	1
chr8	99000000	chr11	56000000	4	10	4	01	0.676382124	NA	01	0	0	01	0	4	4	1	0.316410485	01	1
chr8	99000000	chr11	55000000	11	10	11	01	0.683581591	NA	01	0	0	01	0	11	4	1	0.219269799	01	1
chr8	99000000	chr11	57000000	3	10	3	01	0.670912802	NA	01	0	0	01	0	3	4	1	0.518653479	01	1
chr8	100000000	chr11	57000000	1	10	1	01	0.730976045	NA	01	0	0	01	0	1	4	1	1.00371423	01	1
chr8	101000000	chr11	67000000	11	10	11	11	0.979197979	NA	11	0	11	11	0	0	4	1	1.3069049	11	1
chr8	101000000	chr11	91000000	4	10	4	11	0.835803032	NA	11	0	4	11	0	0	4	1	0.728657901	11	1
chr8	101000000	chr11	65000000	10	10	10	11	0.995152116	NA	11	0	10	11	0	0	4	1	1.3807312	11	1
chr8	101000000	chr11	104000000	3	10	3	11	0.935794175	NA	11	0	3	11	0	0	4	1	1.20557565	11	1
chr8	101000000	chr11	93000000	6	10	6	01	0.553198695	NA	01	0	0	01	0	6	4	1	0.168407061	01	1
chr8	101000000	chr11	56000000	7	10	7	01	0.829688191	NA	01	0	0	01	0	7	4	1	0.540499495	01	1
chr8	101000000	chr11	68000000	1	10	1	11	0.893235147	NA	11	0	1	11	0	0	4	1	1.46747903	11	1
chr8	101000000	chr11	66000000	1	10	1	11	0.866591275	NA	11	0	1	11	0	0	4	1	1.16216157	11	1
chr8	101000000	chr11	57000000	5	10	5	01	0.841790736	NA	01	0	0	01	0	5	4	1	0.712831183	01	1
chr8	102000000	chr11	91000000	6	10	6	11	0.965539575	NA	11	0	6	11	0	0	4	1	1.36606863	11	1
chr8	102000000	chr11	99000000	2	10	2	11	0.954840958	NA	11	0	2	11	0	0	4	1	1.65912722	11	1
chr8	102000000	chr11	92000000	7	10	7	11	0.752082229	NA	11	0	7	11	0	0	4	1	0.62742894	11	1
chr8	102000000	chr11	104000000	1	10	1	11	0.829549909	NA	11	0	1	11	0	0	4	1	1.05405421	11	1
chr8	103000000	chr11	112000000	2	10	2	11	0.997510672	NA	11	0	2	11	0	0	4	1	2.29431283	11	1
chr8	103000000	chr11	113000000	11	10	11	11	0.995597661	NA	11	0	11	11	0	0	4	1	1.99635855	11	1
chr8	103000000	chr11	99000000	9	10	9	11	0.991012871	NA	11	0	9	11	0	0	4	1	1.82906616	11	1
chr8	104000000	chr11	113000000	3	10	3	11	0.985435009	NA	11	0	3	11	0	0	4	1	1.61445899	11	1
chr8	105000000	chr11	113000000	3	10	2	11	0.928958416	NA	11	0	2	11	0	0	4	1	1.77284683	11	1
chr8	105000000	chr11	119000000	5	10	5	01	0.524528384	NA	01	0	0	01	0	5	4	1	0.276457953	01	1
chr8	105000000	chr11	114000000	3	10	3	11	0.942651451	NA	11	0	3	11	0	0	4	1	1.61256311	11	1
chr8	105000000	chr11	102000000	5	10	5	11	0.741289139	NA	11	0	5	11	0	0	4	1	0.598890548	11	1
chr8	105000000	chr11	97000000	2	10	2	11	0.578566909	NA	11	0	2	11	0	0	4	1	0.331776655	11	1
chr8	105000000	chr11	100000000	1	10	1	11	0.798558414	NA	11	0	1	11	0	0	4	1	1.32504176	11	1
chr8	106000000	chr11	79000000	2	01	2	11	0.692454278	NA	11	0	0	11	0	0	2	1	1.47005524	11	1
chr8	106000000	chr11	98000000	1	01	1	11	0.931824982	NA	11	0	0	11	0	0	2	1	2.72267874	11	1
chr8	106000000	chr11	111000000	1	10	1	11	0.936429679	NA	11	0	1	11	0	0	4	1	3.0787845	11	1
chr8	107000000	chr11	113000000	19	10	19	11	0.998853326	NA	11	0	19	11	0	0	4	1	2.12964774	11	1
chr8	107000000	chr11	111000000	2	10	2	11	0.84849292	NA	11	0	2	11	0	0	4	1	2.2073817	11	1
chr8	107000000	chr11	112000000	1	10	1	11	0.958705068	NA	11	0	1	11	0	0	4	1	2.11643602	11	1
chr8	107000000	chr11	114000000	7	10	7	11	0.971914411	NA	11	0	7	11	0	0	4	1	1.73043209	11	1
chr8	107000000	chr11	98000000	3	10	3	11	0.822843492	NA	11	0	3	11	0	0	4	1	1.65479514	11	1
chr8	107000000	chr11	100000000	1	10	1	11	0.764889896	NA	11	0	1	11	0	0	4	1	1.61954537	11	1
chr8	107000000	chr11	119000000	1	10	1	01	0.514816403	NA	01	0	0	01	0	1	4	1	0.353277217	01	1
chr8	107000000	chr11	115000000	1	10	1	11	0.559884548	NA	11	0	1	11	0	0	4	1	0.945343119	11	1
chr8	108000000	chr11	113000000	12	10	12	11	0.996065557	NA	11	0	12	11	0	0	4	1	1.89456315	11	1
chr8	108000000	chr11	114000000	3	10	3	11	0.984874547	NA	11	0	3	11	0	0	4	1	1.51300382	11	1
chr8	108000000	chr11	98000000	9	10	9	11	0.951142073	NA	11	0	9	11	0	0	4	1	1.39410766	11	1
chr8	108000000	chr11	119000000	1	01	1	01	0.525684834	NA	01	1	0	01	1	1	1	1	0.548432519	01	1
chr8	109000000	chr11	113000000	5	10	5	11	0.9644835	NA	11	0	5	11	0	0	4	1	1.73030073	11	1
chr8	109000000	chr11	97000000	1	00	1	11	0.4923563	NA	11	0	0	11	0	1	3	1	0.115865757	11	1
chr8	109000000	chr11	114000000	4	10	4	11	0.947690308	NA	11	0	4	11	0	0	4	1	1.47812566	11	1
chr8	109000000	chr11	98000000	6	10	5	11	0.908500373	NA	11	1	5	11	1	1	4	1	1.42038552	11	1
chr8	109000000	chr11	119000000	1	10	1	01	0.630950809	NA	01	0	0	01	0	1	4	1	0.534623472	01	1
chr8	109000000	chr11	115000000	1	01	1	11	0.752001107	NA	11	0	0	11	0	0	2	1	0.759525116	11	1
chr8	109000000	chr11	102000000	1	01	1	11	0.52066648	NA	11	0	0	11	0	0	2	1	0.369886565	11	1
chr8	111000000	chr11	102000000	1	01	1	11	0.592487931	NA	11	0	0	11	0	0	2	1	0.365965413	11	1
chr8	111000000	chr11	98000000	1	10	1	11	0.954070866	NA	11	0	1	11	0	0	4	1	1.31945561	11	1
chr8	111000000	chr11	97000000	1	10	1	11	0.52011019	NA	11	0	1	11	0	0	4	1	0.0900600106	11	1
chr8	111000000	chr11	84000000	1	01	1	01	0.664017141	NA	01	1	0	01	1	1	1	1	0.893478565	01	1
chr8	111000000	chr11	80000000	2	01	2	01	0.612331688	NA	01	2	0	01	2	2	1	1	0.288839476	01	1
chr8	112000000	chr11	83000000	1	01	1	01	0.61579448	NA	01	1	0	01	1	1	1	1	1.674805	01	1
chr8	112000000	chr11	81000000	2	01	2	01	0.802445054	NA	01	2	0	01	2	2	1	1	1.4999007	01	1
chr8	112000000	chr11	82000000	2	01	2	01	0.521918356	NA	01	2	0	01	2	2	1	1	0.175276109	01	1
chr8	117000000	chr11	75000000	3	01	3	11	0.557973146	NA	11	0	0	11	0	0	2	1	0.615499237	11	1
chr8	117000000	chr11	109000000	5	01	5	11	0.993050218	NA	11	0	0	11	0	0	2	1	1.36675346	11	1
chr8	117000000	chr11	57000000	1	10	1	01	0.955050528	NA	01	0	0	01	0	1	4	1	1.41603281	01	1
chr8	117000000	chr11	110000000	1	01	1	11	0.761496961	NA	11	0	0	11	0	0	2	1	1.74022023	11	1
chr8	118000000	chr11	57000000	13	10	13	01	0.996869385	NA	01	0	0	01	0	13	4	1	1.49301145	01	1
chr8	118000000	chr11	56000000	1	10	1	01	0.673449099	NA	01	0	0	01	0	1	4	1	1.34882388	01	1
chr8	118000000	chr11	111000000	3	01	3	11	0.997494102	NA	11	0	0	11	0	0	2	1	2.17115929	11	1
chr8	118000000	chr11	110000000	2	01	2	11	0.983719289	NA	11	0	0	11	0	0	2	1	2.13659217	11	1
chr8	119000000	chr11	67000000	6	10	6	11	0.854123414	NA	11	0	6	11	0	0	4	1	1.34110662	11	1
chr8	119000000	chr11	76000000	2	01	1	11	0.728153944	NA	11	0	1	11	0	0	2	1	1.11311706	11	1
chr8	119000000	chr11	68000000	13	10	13	11	0.99870646	NA	11	0	13	11	0	0	4	1	1.49432683	11	1
chr8	119000000	chr11	57000000	15	10	15	01	0.985879958	NA	01	0	0	01	0	15	4	1	1.05051244	01	1
chr8	119000000	chr11	110000000	7	01	7	11	0.996436715	NA	11	0	0	11	0	0	2	1	1.35342104	11	1
chr8	119000000	chr11	56000000	2	10	2	01	0.888198256	NA	01	0	0	01	0	2	4	1	0.944086304	01	1
chr8	119000000	chr11	109000000	11	01	11	11	0.999595225	NA	11	0	0	11	0	0	2	1	1.43488155	11	1
chr8	119000000	chr11	32000000	5	10	5	01	0.595258653	NA	01	0	0	01	0	5	4	1	0.395587004	01	1
chr8	119000000	chr11	16000000	9	10	9	01	0.540301085	NA	01	0	0	01	0	9	4	1	0.0253610759	01	1
chr8	119000000	chr11	64000000	16	10	16	11	0.988022685	NA	11	0	16	11	0	0	4	1	1.03430612	11	1
chr8	119000000	chr11	55000000	2	10	2	01	0.814282179	NA	01	0	0	01	0	2	4	1	0.683014882	01	1
chr8	119000000	chr11	50000000	4	10	4	01	0.548117697	NA	01	0	0	01	0	4	4	1	0.172222793	01	1
chr8	119000000	chr11	33000000	5	10	5	01	0.710110486	NA	01	0	0	01	0	5	4	1	0.415195822	01	1
chr8	119000000	chr11	111000000	4	01	4	11	0.93655324	NA	11	0	0	11	0	0	2	1	1.28418784	11	1
chr8	119000000	chr11	17000000	1	10	1	01	0.549692512	NA	01	0	0	01	0	1	4	1	0.0666792816	01	1
chr8	119000000	chr11	20000000	3	10	3	11	0.577757359	NA	11	0	3	11	0	0	4	1	0.54368141	11	1
chr8	119000000	chr11	69000000	1	10	1	11	0.603567123	NA	11	0	1	11	0	0	4	1	0.221146157	11	1
chr8	119000000	chr11	75000000	3	01	3	11	0.807533562	NA	11	0	0	11	0	0	2	1	1.233468	11	1
chr8	119000000	chr11	100000000	1	01	1	11	0.644139767	NA	11	0	0	11	0	0	2	1	1.08269323	11	1
chr8	119000000	chr11	58000000	1	10	1	01	0.537986279	NA	01	0	0	11	0	1	4	2	0.139883331	11	1
chr8	119000000	chr11	63000000	1	10	1	11	0.755654395	NA	11	0	1	11	0	0	4	1	0.63387948	11	1
chr8	120000000	chr11	109000000	13	01	13	01	0.996102929	NA	01	13	0	01	13	13	1	1	1.70702025	01	1
chr8	120000000	chr11	63000000	8	10	8	01	0.940777719	NA	01	0	0	01	0	8	3	1	1.22757844	01	1
chr8	120000000	chr11	20000000	2	10	2	11	0.529842377	NA	11	0	2	11	0	0	3	1	0.322274765	11	1
chr8	120000000	chr11	69000000	1	10	1	01	0.612899005	NA	01	0	0	01	0	1	3	1	0.925603158	01	1
chr8	120000000	chr11	58000000	8	10	8	01	0.995182097	NA	01	0	0	01	0	8	3	1	1.29385711	01	1
chr8	120000000	chr11	102000000	9	01	9	01	0.990960896	NA	01	9	0	01	9	9	1	1	2.13051682	01	1
chr8	120000000	chr11	75000000	13	01	13	01	0.993978739	NA	01	13	0	01	13	13	1	1	1.9306795	01	1
chr8	120000000	chr11	59000000	1	10	1	01	0.791698694	NA	01	0	0	01	0	1	3	1	0.620503855	01	1
chr8	120000000	chr11	5000000	4	10	4	11	0.560977459	NA	11	0	4	11	0	0	3	1	1.00820213	11	1
chr8	120000000	chr11	3000000	1	10	1	11	0.47288084	NA	11	0	1	11	0	0	3	1	0.990415378	11	1
chr8	120000000	chr11	76000000	2	01	2	01	0.783129513	NA	01	2	0	01	2	2	1	1	2.01728548	01	1
chr8	120000000	chr11	118000000	8	01	7	01	0.99706167	NA	01	7	0	01	7	8	1	1	1.94463117	01	1
chr8	120000000	chr11	104000000	1	01	1	01	0.883374393	NA	01	1	0	01	1	1	1	1	1.76888963	01	1
chr8	120000000	chr11	103000000	20	01	20	01	0.99883765	NA	01	20	0	01	20	20	1	1	2.03855927	01	1
chr8	120000000	chr11	117000000	1	01	1	01	0.958046019	NA	01	1	0	01	1	1	1	1	1.88692824	01	1
chr8	120000000	chr11	107000000	6	01	5	01	0.989794314	NA	01	5	1	01	5	5	1	1	2.13006969	01	1
chr8	120000000	chr11	108000000	1	01	1	01	0.948970079	NA	01	1	0	01	1	1	1	1	2.00007545	01	1
chr8	121000000	chr11	102000000	8	01	8	01	0.997933269	NA	01	8	0	01	8	8	1	1	2.67642447	01	1
chr8	121000000	chr11	103000000	18	01	18	01	0.999957681	NA	01	18	0	01	18	18	1	1	2.69353322	01	1
chr8	121000000	chr11	104000000	4	01	4	01	0.995853662	NA	01	4	0	01	4	4	1	1	2.5320123	01	1
chr8	121000000	chr11	117000000	9	01	9	01	0.999819934	NA	01	9	0	01	9	9	1	1	2.25018729	01	1
chr8	121000000	chr11	118000000	9	01	9	01	0.994260073	NA	01	9	0	01	9	9	1	1	2.39746621	01	1
chr8	121000000	chr11	108000000	1	01	1	01	0.984332323	NA	01	1	0	01	1	1	1	1	2.64914092	01	1
chr8	121000000	chr11	107000000	1	01	1	01	0.961139143	NA	01	1	0	01	1	1	1	1	2.73746473	01	1
chr8	121000000	chr11	58000000	1	00	1	01	0.922252953	NA	01	0	1	01	0	0	4	1	1.23147534	01	1
chr8	122000000	chr11	117000000	5	01	5	01	0.969956875	NA	01	5	0	01	5	5	1	1	1.64424932	01	1
chr8	122000000	chr11	97000000	1	01	1	01	0.956127107	NA	01	1	0	01	1	1	1	1	1.91400174	01	1
chr8	122000000	chr11	58000000	4	10	4	01	0.964019775	NA	01	0	0	01	0	4	3	1	1.45647192	01	1
chr8	122000000	chr11	116000000	11	10	11	01	0.995447814	NA	01	0	0	01	0	11	3	1	1.8376275	01	1
chr8	122000000	chr11	115000000	2	10	2	01	0.86716032	NA	01	0	0	01	0	2	3	1	1.70093892	01	1
chr8	122000000	chr11	59000000	1	10	1	01	0.72519809	NA	01	0	0	01	0	1	3	1	0.867737437	01	1
chr8	122000000	chr11	95000000	4	10	3	01	0.858310699	NA	01	0	0	01	0	3	3	1	1.76928366	01	1
chr8	123000000	chr11	118000000	3	00	1	11	0.612186253	NA	11	0	1	11	0	1	3	1	0.490678523	11	1
chr8	123000000	chr11	95000000	4	10	4	01	0.59890455	NA	01	0	0	01	0	4	4	1	0.327930478	01	1
chr8	123000000	chr11	115000000	2	01	1	11	0.697189867	NA	11	0	1	11	0	0	2	1	0.459439768	11	1
chr8	123000000	chr11	121000000	1	00	1	11	0.485551387	NA	11	0	0	11	0	1	3	1	0.509008738	11	1
chr8	123000000	chr11	116000000	1	01	1	01	0.499875635	NA	01	1	0	11	0	1	2	2	0.067290038	11	1
chr8	123000000	chr11	63000000	2	10	2	11	0.535835803	NA	11	0	2	11	0	0	4	1	0.0533866864	11	1
chr8	123000000	chr11	69000000	3	10	3	01	0.500798821	NA	01	0	0	01	0	3	4	1	0.30492331	01	1
chr8	123000000	chr11	20000000	7	10	7	01	0.499984205	NA	01	0	0	01	0	7	4	1	0.037075727	01	1
chr8	123000000	chr11	104000000	6	01	6	11	0.955058277	NA	11	0	0	11	0	0	2	1	0.714498173	11	1
chr8	123000000	chr11	97000000	4	01	4	11	0.524032891	NA	11	0	0	01	4	0	1	2	0.0158018244	01	1
chr8	123000000	chr11	68000000	3	10	3	11	0.842128277	NA	11	0	3	11	0	0	4	1	0.653957704	11	1
chr8	123000000	chr11	50000000	1	10	1	01	0.507306635	NA	01	0	0	01	0	1	4	1	0.1414426	01	1
chr8	123000000	chr11	33000000	1	10	1	01	0.533467472	NA	01	0	0	01	0	1	4	1	0.522808643	01	1
chr8	123000000	chr11	117000000	13	01	12	11	0.719746947	NA	11	0	0	11	0	1	2	1	0.416424747	11	1
chr8	123000000	chr11	103000000	4	01	4	11	0.86088568	NA	11	0	0	11	0	0	2	1	0.576573555	11	1
chr8	123000000	chr11	64000000	3	10	3	11	0.788464665	NA	11	0	3	11	0	0	4	1	0.3863565	11	1
chr8	124000000	chr11	103000000	5	01	5	11	0.961412191	NA	11	0	0	11	0	0	2	1	0.799342107	11	1
chr8	124000000	chr11	104000000	15	01	15	11	0.997893512	NA	11	0	0	11	0	0	2	1	1.4394548	11	1
chr8	124000000	chr11	102000000	1	01	1	11	0.740706801	NA	11	0	0	11	0	0	2	1	0.74415585	11	1
chr8	124000000	chr11	68000000	4	10	4	11	0.832718432	NA	11	0	4	11	0	0	4	1	0.48394191	11	1
chr8	124000000	chr11	75000000	6	01	6	11	0.905690312	NA	11	0	0	11	0	0	2	1	0.939986391	11	1
chr8	124000000	chr11	33000000	7	10	7	01	0.858668745	NA	01	0	0	01	0	7	4	1	1.26767328	01	1
chr8	124000000	chr11	118000000	1	01	1	11	0.49459219	NA	11	0	0	11	0	0	2	1	0.379995034	11	1
chr8	124000000	chr11	57000000	1	10	1	01	0.989864647	NA	01	0	0	01	0	1	4	1	1.36391666	01	1
chr8	125000000	chr11	75000000	2	01	2	11	0.910907805	NA	11	0	0	11	0	0	2	1	1.14922565	11	1
chr8	125000000	chr11	68000000	5	10	5	11	0.935441673	NA	11	0	5	11	0	0	4	1	0.996518338	11	1
chr8	125000000	chr11	109000000	3	01	3	11	0.905374408	NA	11	0	0	11	0	0	2	1	1.7582416	11	1
chr8	125000000	chr11	57000000	10	10	10	01	0.996284068	NA	01	0	0	01	0	10	4	1	1.45577602	01	1
chr8	125000000	chr11	83000000	1	10	1	01	0.536444962	NA	01	0	0	01	0	1	4	1	0.944946248	01	1
chr8	125000000	chr11	56000000	4	10	4	01	0.892284095	NA	01	0	0	01	0	4	4	1	1.34434663	01	1
chr8	125000000	chr11	65000000	2	10	2	11	0.727279484	NA	11	0	2	11	0	0	4	1	0.71311926	11	1
chr8	125000000	chr11	55000000	1	10	1	01	0.894085526	NA	01	0	0	01	0	1	4	1	1.14420423	01	1
chr8	125000000	chr11	67000000	1	10	1	11	0.853344977	NA	11	0	1	11	0	0	4	1	0.739110819	11	1
chr8	126000000	chr11	67000000	17	10	17	11	0.976755321	NA	11	0	17	11	0	0	4	1	0.72242467	11	1
chr8	126000000	chr11	57000000	15	10	15	01	0.998199046	NA	01	0	0	01	0	15	4	1	1.88571329	01	1
chr8	126000000	chr11	56000000	4	10	4	01	0.991392016	NA	01	0	0	01	0	4	4	1	1.83151061	01	1
chr8	126000000	chr11	109000000	2	01	2	11	0.923767626	NA	11	0	0	11	0	0	2	1	1.62533056	11	1
chr8	126000000	chr11	68000000	13	10	12	11	0.986112058	NA	11	0	12	11	0	0	4	1	1.00262519	11	1
chr8	126000000	chr11	65000000	8	10	8	11	0.819447339	NA	11	0	8	11	0	0	4	1	0.677198405	11	1
chr8	126000000	chr11	66000000	2	10	2	11	0.63948369	NA	11	0	2	11	0	0	4	1	0.32558521	11	1
chr8	126000000	chr11	83000000	1	10	1	01	0.717182219	NA	01	0	0	01	0	1	4	1	1.05920414	01	1
chr8	126000000	chr11	16000000	1	10	1	01	0.654745817	NA	01	0	0	01	0	1	4	1	0.706684046	01	1
chr8	126000000	chr11	55000000	2	10	2	01	0.849736333	NA	01	0	0	01	0	2	4	1	1.54840129	01	1
chr8	128000000	chr11	39000000	1	10	1	01	0.586062551	NA	01	0	0	01	0	1	3	1	0.03888622	01	1
chr8	79000000	chr13	85000000	4	11	4	00	0.434481353	NA	00	0	0	00	0	4	4	1	0.839136935	00	0
chr8	79000000	chr13	81000000	1	11	1	00	0.335613996	NA	00	0	0	00	0	1	4	1	0.497351641	00	0
chr8	104000000	chr13	52000000	1	11	1	00	0.418939233	NA	00	0	0	00	0	1	4	1	0.611152806	00	0
chr8	104000000	chr13	55000000	1	11	1	00	0.403324634	NA	00	0	0	00	0	1	4	1	0.448654335	00	0
chr8	105000000	chr13	52000000	4	11	4	00	0.559105039	NA	00	0	0	00	0	4	4	1	1.09257196	00	0
chr8	105000000	chr13	55000000	3	11	3	00	0.702597141	NA	00	0	0	00	0	3	4	1	0.746685066	00	0
chr8	105000000	chr13	29000000	1	11	1	00	0.292854816	NA	00	0	0	00	0	1	4	1	0.370297284	00	0
chr8	106000000	chr13	86000000	3	11	3	00	0.585756719	NA	00	0	0	00	0	3	4	1	1.07282934	00	0
chr8	107000000	chr13	52000000	7	11	6	00	0.811341703	NA	00	1	1	00	1	7	4	1	1.28274399	00	0
chr8	107000000	chr13	84000000	3	11	3	00	0.545522094	NA	00	0	0	00	0	3	4	1	1.25506497	00	0
chr8	107000000	chr13	46000000	1	11	1	00	0.547344327	NA	00	0	0	00	0	1	4	1	1.34472674	00	0
chr8	109000000	chr13	54000000	1	11	1	00	0.439187884	NA	00	0	0	00	0	1	4	1	0.943977444	00	0
chr8	76000000	chr14	120000000	10	01	10	11	0.80291748	NA	11	0	0	11	0	0	2	1	1.87143025	11	0
chr8	76000000	chr14	115000000	1	01	1	11	0.673540175	NA	11	0	0	11	0	0	2	1	2.26777327	11	0
chr8	99000000	chr14	117000000	6	00	6	11	0.608405828	NA	11	0	0	11	0	6	3	1	1.03167608	11	0
chr8	100000000	chr14	120000000	7	00	7	11	0.918194056	NA	11	0	0	11	0	7	3	1	1.44036173	11	0
chr8	100000000	chr14	119000000	2	00	2	11	0.514100313	NA	11	0	0	11	0	2	3	1	1.4426584	11	0
chr8	101000000	chr14	120000000	19	00	19	11	0.954414546	NA	11	0	0	11	0	19	3	1	1.98399529	11	0
chr8	101000000	chr14	119000000	12	00	12	11	0.91685611	NA	11	0	0	11	0	12	3	1	1.88278754	11	0
chr8	104000000	chr14	120000000	8	00	8	11	0.954896927	NA	11	0	0	11	0	8	3	1	1.91322227	11	0
chr8	104000000	chr14	119000000	3	00	3	11	0.635261774	NA	11	0	0	11	0	3	3	1	1.8946289	11	0
chr8	117000000	chr14	120000000	13	01	13	11	0.997783482	NA	11	0	0	11	0	0	2	1	2.01881564	11	0
chr8	117000000	chr14	117000000	4	01	4	11	0.817653	NA	11	0	0	11	0	0	2	1	1.68582195	11	0
chr8	117000000	chr14	119000000	1	01	1	11	0.888186574	NA	11	0	0	11	0	0	2	1	2.04100569	11	0
chr8	117000000	chr14	118000000	2	01	2	11	0.797312319	NA	11	0	0	11	0	0	2	1	1.06323752	11	0
chr8	118000000	chr14	120000000	3	01	3	11	0.942684174	NA	11	0	0	11	0	0	2	1	2.12387976	11	0
chr8	119000000	chr14	120000000	2	11	2	11	0.946671247	NA	11	2	2	11	2	2	1	1	1.56274046	11	0
chr8	120000000	chr14	118000000	7	01	7	01	0.764985442	NA	01	7	7	01	7	7	1	1	1.76935561	01	0
chr8	124000000	chr14	66000000	8	00	8	11	0.810169637	NA	11	0	0	11	0	8	4	1	1.83382041	11	0
chr8	124000000	chr14	27000000	5	00	5	11	0.516857743	NA	11	0	0	11	0	5	4	1	1.83213116	11	0
chr8	124000000	chr14	67000000	6	00	6	11	0.964002192	NA	11	0	0	11	0	6	4	1	1.77305461	11	0
chr8	124000000	chr14	65000000	3	00	3	11	0.7852633	NA	11	0	0	11	0	3	4	1	1.47973776	11	0
chr8	124000000	chr14	118000000	4	01	2	11	0.773311377	NA	11	0	0	11	0	1	2	1	1.31840596	11	0
chr8	124000000	chr14	72000000	1	00	1	11	0.523292661	NA	11	0	0	11	0	1	4	1	1.72849448	11	0
chr8	124000000	chr14	68000000	4	00	4	11	0.88252902	NA	11	0	0	11	0	4	4	1	1.80859196	11	0
chr8	124000000	chr14	26000000	2	00	2	11	0.650186539	NA	11	0	0	11	0	2	4	1	1.72868444	11	0
chr8	125000000	chr14	120000000	8	01	8	11	0.995427251	NA	11	0	0	11	0	0	2	1	1.96447545	11	0
chr8	125000000	chr14	121000000	8	01	8	11	0.987356305	NA	11	0	0	11	0	0	2	1	1.9894295	11	0
chr8	125000000	chr14	118000000	2	01	2	11	0.883547068	NA	11	0	0	11	0	0	2	1	1.69870662	11	0
chr8	125000000	chr14	72000000	2	00	2	11	0.908704638	NA	11	0	0	11	0	2	3	1	2.23498802	11	0
chr8	125000000	chr14	67000000	13	00	13	11	0.941320539	NA	11	0	0	11	0	13	4	1	1.70232402	11	0
chr8	125000000	chr14	119000000	2	01	2	11	0.977129161	NA	11	0	0	11	0	0	2	1	2.156646	11	0
chr8	125000000	chr14	63000000	3	00	3	11	0.647037208	NA	11	0	0	11	0	3	4	1	1.47854708	11	0
chr8	125000000	chr14	68000000	7	00	7	11	0.971492469	NA	11	0	0	11	0	7	4	1	1.88361374	11	0
chr8	126000000	chr14	119000000	2	01	2	11	0.951100528	NA	11	0	0	11	0	0	2	1	2.22201358	11	0
chr8	126000000	chr14	118000000	4	00	3	11	0.760521591	NA	11	0	0	11	0	3	3	1	1.52050326	11	0
chr8	126000000	chr14	120000000	3	01	3	11	0.997582436	NA	11	0	0	11	0	0	2	1	2.03193406	11	0
chr8	126000000	chr14	121000000	8	01	8	11	0.989606321	NA	11	0	0	11	0	0	2	1	1.87724136	11	0
chr8	126000000	chr14	122000000	4	01	4	11	0.997050166	NA	11	0	0	11	0	0	2	1	2.39669409	11	0
chr8	126000000	chr14	115000000	10	01	9	11	0.999775231	NA	11	0	0	11	0	1	2	1	2.40393584	11	0
chr8	126000000	chr14	70000000	3	01	3	11	0.627299428	NA	11	0	0	11	0	0	2	1	2.41800491	11	0
chr8	126000000	chr14	10000000	10	01	10	11	0.929728448	NA	11	0	0	11	0	0	2	1	2.41573125	11	0
chr8	126000000	chr14	61000000	2	00	2	11	0.812114835	NA	11	0	0	11	0	2	4	1	2.28696404	11	0
chr8	126000000	chr14	9000000	2	01	2	11	0.864153028	NA	11	0	0	11	0	0	2	1	2.39583861	11	0
chr8	126000000	chr14	62000000	1	00	1	11	0.603430629	NA	11	0	0	11	0	1	4	1	2.11175857	11	0
chr8	127000000	chr14	118000000	3	00	3	11	0.574271619	NA	11	0	0	11	0	3	3	1	0.370536354	11	0
chr8	127000000	chr14	10000000	2	01	2	11	0.510856509	NA	11	0	0	11	0	0	2	1	1.11880358	11	0
chr8	127000000	chr14	93000000	10	00	10	11	0.503508508	NA	11	0	0	11	0	10	3	1	0.623515522	11	0
chr8	127000000	chr14	119000000	36	00	36	11	0.961339712	NA	11	0	0	11	0	36	3	1	0.832531182	11	0
chr8	128000000	chr14	115000000	12	01	11	11	0.819714427	NA	11	0	0	11	0	1	2	1	0.617701405	11	0
chr8	128000000	chr14	10000000	5	01	5	11	0.686365008	NA	11	0	0	11	0	0	2	1	0.814032099	11	0
chr8	128000000	chr14	120000000	9	01	8	11	0.842071772	NA	11	1	1	11	1	1	2	1	0.570677596	11	0
chr8	3000000	chr15	31000000	1	01	1	01	0.731209099	NA	01	1	1	01	1	1	1	1	3.09004384	01	0
chr8	4000000	chr15	33000000	2	01	2	01	0.984268427	NA	01	2	2	01	2	2	1	1	3.19560338	01	0
chr8	13000000	chr15	38000000	8	01	8	01	0.999930978	NA	01	8	8	01	8	8	1	1	3.12265452	01	0
chr8	13000000	chr15	25000000	5	01	5	01	0.999056637	NA	01	5	5	01	5	5	1	1	3.9461966	01	0
chr8	13000000	chr15	39000000	2	01	2	01	0.992943466	NA	01	2	2	01	2	2	1	1	2.70560221	01	0
chr8	13000000	chr15	30000000	1	01	1	01	0.993652105	NA	01	1	1	01	1	1	1	1	3.28887122	01	0
chr8	13000000	chr15	28000000	2	01	1	01	0.975420654	NA	01	1	1	01	1	1	1	1	3.58042363	01	0
chr8	13000000	chr15	27000000	2	01	2	01	0.940032542	NA	01	2	2	01	2	2	1	1	3.36913239	01	0
chr8	14000000	chr15	39000000	1	01	1	01	0.995441437	NA	01	1	1	01	1	1	1	1	3.28814391	01	0
chr8	14000000	chr15	38000000	4	01	4	01	0.999943256	NA	01	4	4	01	4	4	1	1	3.60756735	01	0
chr8	14000000	chr15	26000000	4	01	4	01	0.966133177	NA	01	4	4	01	4	4	1	1	3.88412894	01	0
chr8	14000000	chr15	27000000	5	01	5	01	0.902443171	NA	01	5	5	01	5	5	1	1	3.5402402	01	0
chr8	14000000	chr15	28000000	6	01	6	01	0.999839664	NA	01	6	6	01	6	6	1	1	3.70640571	01	0
chr8	14000000	chr15	30000000	18	01	18	01	0.999983668	NA	01	18	18	01	18	18	1	1	3.62996893	01	0
chr8	14000000	chr15	25000000	2	01	2	01	0.999657989	NA	01	2	2	01	2	2	1	1	3.79129056	01	0
chr8	14000000	chr15	31000000	2	01	1	01	0.993573606	NA	01	1	1	01	1	1	1	1	3.27509277	01	0
chr8	15000000	chr15	21000000	1	01	1	01	0.994624436	NA	01	1	1	01	1	1	1	1	3.45950722	01	0
chr8	17000000	chr15	13000000	1	01	1	01	0.98254782	NA	01	1	1	01	1	1	1	1	3.8063982	01	0
chr8	17000000	chr15	14000000	1	01	1	01	0.976119518	NA	01	1	1	01	1	1	1	1	4.22107361	01	0
chr8	17000000	chr15	12000000	3	01	3	01	0.99971801	NA	01	3	3	01	3	3	1	1	4.17493584	01	0
chr8	17000000	chr15	44000000	2	01	2	01	0.999673128	NA	01	2	2	01	2	2	1	1	4.27480515	01	0
chr8	22000000	chr15	21000000	2	01	2	01	0.989071846	NA	01	2	2	01	2	2	1	1	3.38277738	01	0
chr8	22000000	chr15	34000000	1	01	1	01	0.999853373	NA	01	1	1	01	1	1	1	1	3.37673104	01	0
chr8	22000000	chr15	35000000	1	00	1	01	0.880934894	NA	01	0	0	01	0	0	3	1	2.85548488	01	0
chr8	22000000	chr15	31000000	2	01	2	01	0.990642965	NA	01	2	2	01	2	2	1	1	3.03014888	01	0
chr8	23000000	chr15	39000000	15	01	15	01	0.99993062	NA	01	15	15	01	15	15	1	1	2.65083615	01	0
chr8	24000000	chr15	40000000	4	01	4	01	0.978423774	NA	01	4	4	01	4	4	1	1	2.71267044	01	0
chr8	24000000	chr15	39000000	5	01	5	01	0.999721706	NA	01	5	5	01	5	5	1	1	2.65427425	01	0
chr8	24000000	chr15	9000000	1	01	1	01	0.949148417	NA	01	1	1	01	1	1	1	1	2.68677011	01	0
chr8	24000000	chr15	35000000	1	01	1	01	0.808918536	NA	01	1	1	01	1	1	1	1	2.62322966	01	0
chr8	25000000	chr15	39000000	3	01	3	01	0.983547628	NA	01	3	3	01	3	3	1	1	2.66252119	01	0
chr8	25000000	chr15	10000000	8	01	8	01	0.997540832	NA	01	8	8	01	8	8	1	1	2.54100798	01	0
chr8	26000000	chr15	9000000	6	01	6	01	0.96328485	NA	01	6	6	01	6	6	1	1	1.72437195	01	0
chr8	26000000	chr15	10000000	2	01	1	01	0.897748828	NA	01	1	1	01	1	1	1	1	1.72722011	01	0
chr8	31000000	chr15	76000000	1	01	1	01	0.49100545	NA	01	1	1	01	1	1	1	1	2.88242324	01	0
chr8	31000000	chr15	13000000	5	01	5	01	0.997756302	NA	01	5	5	01	5	5	1	1	3.53295074	01	0
chr8	31000000	chr15	14000000	3	01	3	01	0.982877076	NA	01	3	3	01	3	3	1	1	3.48731666	01	0
chr8	31000000	chr15	77000000	1	01	1	01	0.559013367	NA	01	1	1	01	1	1	1	1	3.01157123	01	0
chr8	33000000	chr15	9000000	3	10	2	01	0.861880422	NA	01	1	1	01	1	3	4	1	2.16468804	01	0
chr8	33000000	chr15	78000000	2	01	2	01	0.633984923	NA	01	2	2	01	2	2	1	1	2.81807598	01	0
chr8	33000000	chr15	6000000	1	01	1	01	0.93363905	NA	01	1	1	01	1	1	1	1	2.85184868	01	0
chr8	33000000	chr15	8000000	1	01	1	01	0.751461685	NA	01	1	1	01	1	1	1	1	1.63926578	01	0
chr8	34000000	chr15	6000000	1	11	1	01	0.743970752	NA	01	0	0	01	0	0	2	1	2.23486102	01	0
chr8	47000000	chr15	10000000	3	01	3	01	0.933377087	NA	01	3	3	01	3	3	1	1	2.3652578	01	0
chr8	48000000	chr15	39000000	2	01	2	01	0.822927296	NA	01	2	2	01	2	2	1	1	2.21650606	01	0
chr8	49000000	chr15	38000000	7	01	7	01	0.999994993	NA	01	7	7	01	7	7	1	1	3.13581263	01	0
chr8	49000000	chr15	39000000	5	01	5	01	0.99969542	NA	01	5	5	01	5	5	1	1	2.84150037	01	0
chr8	49000000	chr15	26000000	5	01	5	01	0.995856225	NA	01	5	5	01	5	5	1	1	3.35168536	01	0
chr8	49000000	chr15	27000000	4	01	4	01	0.996706188	NA	01	4	4	01	4	4	1	1	3.09084571	01	0
chr8	50000000	chr15	27000000	3	01	3	01	0.901847839	NA	01	3	3	01	3	3	1	1	2.1598767	01	0
chr8	50000000	chr15	54000000	1	01	1	11	0.594117463	NA	11	0	0	11	0	0	2	1	1.0527834	11	0
chr8	50000000	chr15	55000000	1	01	1	11	0.452373594	NA	11	0	0	11	0	0	2	1	1.13173917	11	0
chr8	50000000	chr15	39000000	1	01	1	01	0.852969706	NA	01	1	1	01	1	1	1	1	2.7063838	01	0
chr8	50000000	chr15	61000000	4	01	4	01	0.706995845	NA	01	4	4	01	4	4	1	1	1.39927825	01	0
chr8	50000000	chr15	40000000	1	01	1	01	0.999265134	NA	01	1	1	01	1	1	1	1	3.10621782	01	0
chr8	50000000	chr15	60000000	3	01	3	11	0.469935656	NA	11	0	0	11	0	0	2	1	0.729100624	11	0
chr8	51000000	chr15	11000000	4	01	4	01	0.997396111	NA	01	4	4	01	4	4	1	1	3.72216744	01	0
chr8	51000000	chr15	39000000	5	01	5	01	0.999759138	NA	01	5	5	01	5	5	1	1	3.36100462	01	0
chr8	51000000	chr15	40000000	5	01	5	01	0.999887943	NA	01	5	5	01	5	5	1	1	3.77297657	01	0
chr8	51000000	chr15	35000000	2	01	2	01	0.997991681	NA	01	2	2	01	2	2	1	1	3.63401793	01	0
chr8	51000000	chr15	10000000	2	01	2	01	0.938890457	NA	01	2	2	01	2	2	1	1	3.49319067	01	0
chr8	51000000	chr15	9000000	3	01	3	01	0.998804092	NA	01	3	3	01	3	3	1	1	3.57857893	01	0
chr8	52000000	chr15	39000000	5	01	5	01	0.999965191	NA	01	5	5	01	5	5	1	1	3.26403166	01	0
chr8	52000000	chr15	37000000	1	01	1	01	0.999624252	NA	01	1	1	01	1	1	1	1	3.48061171	01	0
chr8	52000000	chr15	40000000	4	01	4	01	0.999977231	NA	01	4	4	01	4	4	1	1	3.45756182	01	0
chr8	52000000	chr15	11000000	1	01	1	01	0.95921272	NA	01	1	1	01	1	1	1	1	3.23384711	01	0
chr8	53000000	chr15	40000000	8	01	8	01	0.999999285	NA	01	8	8	01	8	8	1	1	3.88995935	01	0
chr8	53000000	chr15	37000000	2	01	2	01	0.999962807	NA	01	2	2	01	2	2	1	1	3.79557028	01	0
chr8	53000000	chr15	35000000	13	01	12	01	0.999999642	NA	01	12	12	01	12	13	1	1	3.80613014	01	0
chr8	53000000	chr15	11000000	7	01	7	01	0.999682307	NA	01	7	7	01	7	7	1	1	3.66951567	01	0
chr8	53000000	chr15	39000000	2	01	1	01	0.999986768	NA	01	1	1	01	1	2	1	1	3.48390277	01	0
chr8	53000000	chr15	10000000	1	01	1	01	0.980986893	NA	01	1	1	01	1	1	1	1	3.31871736	01	0
chr8	53000000	chr15	9000000	2	01	2	01	0.999008894	NA	01	2	2	01	2	2	1	1	3.34299384	01	0
chr8	53000000	chr15	33000000	1	01	1	01	0.977714181	NA	01	1	1	01	1	1	1	1	3.59079681	01	0
chr8	54000000	chr15	34000000	1	01	1	01	0.951162219	NA	01	1	1	01	1	1	1	1	4.06814797	01	0
chr8	54000000	chr15	39000000	2	01	2	01	0.999979496	NA	01	2	2	01	2	2	1	1	3.68311105	01	0
chr8	54000000	chr15	31000000	3	01	3	01	0.999806106	NA	01	3	3	01	3	3	1	1	3.70969904	01	0
chr8	54000000	chr15	33000000	2	01	2	01	0.999931455	NA	01	2	2	01	2	2	1	1	4.08793322	01	0
chr8	64000000	chr15	13000000	14	01	14	01	0.999998689	NA	01	14	14	01	14	14	1	1	4.21460888	01	0
chr8	64000000	chr15	99000000	4	01	4	01	0.931368709	NA	01	4	4	01	4	4	1	1	4.09147078	01	0
chr8	64000000	chr15	14000000	3	01	3	01	0.999447167	NA	01	3	3	01	3	3	1	1	4.2660574	01	0
chr8	64000000	chr15	12000000	1	01	1	01	0.999478996	NA	01	1	1	01	1	1	1	1	4.1264173	01	0
chr8	65000000	chr15	12000000	2	01	2	01	0.997438192	NA	01	2	2	01	2	2	1	1	3.4822087	01	0
chr8	66000000	chr15	44000000	1	01	1	01	0.911442697	NA	01	1	1	01	1	1	1	1	3.86317761	01	0
chr8	66000000	chr15	13000000	4	01	4	01	0.997666359	NA	01	4	4	01	4	4	1	1	4.02168617	01	0
chr8	66000000	chr15	12000000	4	01	4	01	0.999928832	NA	01	4	4	01	4	4	1	1	4.02116578	01	0
chr8	66000000	chr15	14000000	4	01	4	01	0.999822438	NA	01	4	4	01	4	4	1	1	4.14789982	01	0
chr8	66000000	chr15	45000000	1	01	1	01	0.679934919	NA	01	1	1	01	1	1	1	1	3.90236529	01	0
chr8	67000000	chr15	13000000	2	01	2	01	0.998829544	NA	01	2	2	01	2	2	1	1	4.17200774	01	0
chr8	67000000	chr15	99000000	1	01	1	01	0.75419265	NA	01	1	1	01	1	1	1	1	4.04149359	01	0
chr8	69000000	chr15	13000000	3	01	3	01	0.999889731	NA	01	3	3	01	3	3	1	1	3.59608961	01	0
chr8	69000000	chr15	78000000	2	01	2	01	0.916267455	NA	01	2	2	01	2	2	1	1	2.92789905	01	0
chr8	69000000	chr15	99000000	1	01	1	01	0.907175481	NA	01	1	1	01	1	1	1	1	3.59466642	01	0
chr8	69000000	chr15	6000000	2	01	2	01	0.998714447	NA	01	2	2	01	2	2	1	1	2.9339115	01	0
chr8	69000000	chr15	79000000	3	01	3	01	0.906633675	NA	01	3	3	01	3	3	1	1	2.8366751	01	0
chr8	69000000	chr15	12000000	2	01	2	01	0.998762965	NA	01	2	2	01	2	2	1	1	3.53741529	01	0
chr8	70000000	chr15	12000000	10	01	10	01	0.999999285	NA	01	10	10	01	10	10	1	1	3.56197905	01	0
chr8	70000000	chr15	10000000	3	01	2	01	0.990481317	NA	01	2	2	01	2	2	1	1	2.27618584	01	0
chr8	70000000	chr15	6000000	1	01	1	01	0.990584671	NA	01	1	1	01	1	1	1	1	3.03840285	01	0
chr8	70000000	chr15	99000000	13	01	13	01	0.997643292	NA	01	13	13	01	13	13	1	1	3.64080405	01	0
chr8	70000000	chr15	44000000	1	01	1	01	0.955145121	NA	01	1	1	01	1	1	1	1	3.55714546	01	0
chr8	70000000	chr15	100000000	1	01	1	01	0.795703113	NA	01	1	1	01	1	1	1	1	3.1842203	01	0
chr8	71000000	chr15	13000000	1	01	1	01	0.976722896	NA	01	1	1	01	1	1	1	1	2.69487983	01	0
chr8	71000000	chr15	78000000	2	01	2	01	0.698391557	NA	01	2	2	01	2	2	1	1	2.69624675	01	0
chr8	71000000	chr15	99000000	2	01	2	01	0.671698153	NA	01	2	2	01	2	2	1	1	2.65125757	01	0
chr8	81000000	chr15	72000000	4	01	4	01	0.999404907	NA	01	4	4	01	4	4	1	1	3.52101122	01	0
chr8	81000000	chr15	71000000	1	01	1	01	0.990980446	NA	01	1	1	01	1	1	1	1	3.44790415	01	0
chr8	82000000	chr15	71000000	2	01	2	01	0.990543306	NA	01	2	2	01	2	2	1	1	3.52294492	01	0
chr8	82000000	chr15	72000000	6	01	6	01	0.999544561	NA	01	6	6	01	6	6	1	1	3.57801674	01	0
chr8	85000000	chr15	38000000	1	01	1	11	0.468641043	NA	11	0	0	11	0	0	3	1	3.45238276	11	0
chr8	86000000	chr15	38000000	3	01	3	11	0.423423141	NA	11	0	0	11	0	0	2	1	1.65233881	11	0
chr8	86000000	chr15	39000000	2	01	2	11	0.411212772	NA	11	0	0	11	0	0	2	1	1.64352742	11	0
chr8	87000000	chr15	38000000	7	01	7	01	0.549958646	NA	01	7	7	01	7	7	1	1	1.66676646	01	0
chr8	87000000	chr15	39000000	4	01	4	01	0.643199861	NA	01	4	4	01	4	4	1	1	1.61514247	01	0
chr8	87000000	chr15	10000000	2	01	2	01	0.947103024	NA	01	2	2	01	2	2	1	1	2.15251287	01	0
chr8	87000000	chr15	9000000	3	01	3	01	0.984888911	NA	01	3	3	01	3	3	1	1	2.16739654	01	0
chr8	87000000	chr15	8000000	1	01	1	01	0.971017003	NA	01	1	1	01	1	1	1	1	2.7266613	01	0
chr8	88000000	chr15	10000000	3	01	3	01	0.887709618	NA	01	3	3	01	3	3	1	1	2.50941543	01	0
chr8	88000000	chr15	9000000	2	01	2	01	0.933555126	NA	01	2	2	01	2	2	1	1	2.39834062	01	0
chr8	88000000	chr15	8000000	2	01	2	01	0.688476145	NA	01	2	2	01	2	2	1	1	1.98670985	01	0
chr8	88000000	chr15	79000000	7	01	7	01	0.991511166	NA	01	7	7	01	7	7	1	1	2.93726411	01	0
chr8	88000000	chr15	78000000	5	01	5	01	0.999664783	NA	01	5	5	01	5	5	1	1	2.98873614	01	0
chr8	89000000	chr15	77000000	1	01	1	01	0.860025525	NA	01	1	1	01	1	1	1	1	3.77801241	01	0
chr8	89000000	chr15	78000000	8	01	8	01	0.99990344	NA	01	8	8	01	8	8	1	1	3.82085059	01	0
chr8	90000000	chr15	78000000	3	01	3	01	0.994086504	NA	01	3	3	01	3	3	1	1	3.22647548	01	0
chr8	90000000	chr15	14000000	2	01	2	01	0.751828432	NA	01	2	2	01	2	2	1	1	3.10354585	01	0
chr8	90000000	chr15	13000000	2	01	2	01	0.857012391	NA	01	2	2	01	2	2	1	1	3.25113349	01	0
chr8	90000000	chr15	77000000	1	01	1	01	0.974402666	NA	01	1	1	01	1	1	1	1	3.21029446	01	0
chr8	91000000	chr15	71000000	2	01	2	01	0.859774828	NA	01	2	2	01	2	2	1	1	3.07072944	01	0
chr8	96000000	chr15	72000000	3	01	3	01	0.9886204	NA	01	3	3	01	3	3	1	1	3.31837726	01	0
chr8	97000000	chr15	78000000	4	01	4	01	0.956496775	NA	01	4	4	01	4	4	1	1	2.93855449	01	0
chr8	97000000	chr15	77000000	1	01	1	01	0.907931924	NA	01	1	1	01	1	1	1	1	3.05976014	01	0
chr8	97000000	chr15	14000000	1	01	1	01	0.823681653	NA	01	1	1	01	1	1	1	1	2.41310047	01	0
chr8	97000000	chr15	13000000	2	01	2	01	0.950049043	NA	01	2	2	01	2	2	1	1	2.5264596	01	0
chr8	97000000	chr15	72000000	2	01	2	01	0.994893312	NA	01	2	2	01	2	2	1	1	3.2433539	01	0
chr8	97000000	chr15	71000000	1	01	1	01	0.951044261	NA	01	1	1	01	1	1	1	1	3.18948499	01	0
chr8	106000000	chr15	8000000	2	01	2	01	0.528438449	NA	01	2	2	01	2	2	1	1	0.752382856	01	0
chr8	109000000	chr15	8000000	1	01	1	01	0.511889875	NA	01	1	1	01	1	1	1	1	1.56391972	01	0
chr8	13000000	chr17	80000000	11	01	11	01	0.903422832	NA	01	11	11	01	11	11	1	1	2.86598079	01	0
chr8	49000000	chr17	81000000	2	01	2	00	0.25	NA	00	0	0	01	2	0	1	3	1.86771228	01	0
chr8	50000000	chr17	52000000	1	01	1	01	0.376626372	NA	01	1	1	01	1	1	1	1	2.08140095	01	0
chr8	50000000	chr17	20000000	4	01	4	01	0.411143959	NA	01	4	4	01	4	4	1	1	0.492991078	01	0
chr8	86000000	chr18	10000000	2	00	2	00	0.329126835	NA	00	2	2	00	2	2	1	1	0.833676289	00	0
chr8	122000000	chr18	4000000	6	00	6	00	0.422795951	NA	00	6	6	00	6	6	1	1	0.0928061532	00	0
chr8	122000000	chr18	74000000	5	00	5	00	0.328774661	NA	00	5	5	00	5	5	1	1	0.109800899	00	0
chr8	122000000	chr18	8000000	1	00	1	00	0.385361046	NA	00	1	1	00	1	1	1	1	0.14900027	00	0
chr8	24000000	chr19	11000000	2	01	2	01	0.25	NA	00	0	0	00	0	0	4	4	2.25192123	00	0
chr8	24000000	chr19	47000000	1	01	1	01	0.25	NA	00	0	0	00	0	0	3	3	0.194690126	00	0
chr8	84000000	chr19	45000000	3	01	3	01	0.99995625	NA	01	3	3	01	3	3	1	1	5.3517016	01	0
chr8	84000000	chr19	46000000	2	01	2	01	0.999848008	NA	01	2	2	01	2	2	1	1	5.32742343	01	0
chr8	84000000	chr19	44000000	8	01	8	01	0.999994278	NA	01	8	8	01	8	8	1	1	5.26402248	01	0
chr8	84000000	chr19	3000000	1	01	1	01	0.987495244	NA	01	1	1	01	1	1	1	1	4.23570621	01	0
chr8	84000000	chr19	6000000	5	01	5	01	0.999573171	NA	01	5	5	01	5	5	1	1	5.34001845	01	0
chr8	84000000	chr19	18000000	1	01	1	01	0.995444298	NA	01	1	1	01	1	1	1	1	4.59432447	01	0
chr8	84000000	chr19	5000000	2	01	2	01	0.999552071	NA	01	2	2	01	2	2	1	1	5.34045493	01	0
chr8	85000000	chr19	47000000	6	01	6	01	0.999988079	NA	01	6	6	01	6	6	1	1	4.85355515	01	0
chr8	85000000	chr19	6000000	2	01	2	01	0.93229574	NA	01	2	2	01	2	2	1	1	4.39204718	01	0
chr8	85000000	chr19	43000000	2	00	1	01	0.981069446	NA	01	1	1	01	1	1	3	1	4.24217513	01	0
chr8	85000000	chr19	41000000	6	01	6	01	0.997655869	NA	01	6	6	01	6	6	1	1	4.49728379	01	0
chr8	85000000	chr19	12000000	4	01	4	01	0.999190032	NA	01	4	4	01	4	4	1	1	2.89436461	01	0
chr8	85000000	chr19	13000000	1	01	1	01	0.891119897	NA	01	1	1	01	1	1	1	1	3.67397421	01	0
chr8	85000000	chr19	18000000	2	01	2	01	0.889748752	NA	01	2	2	01	2	2	1	1	3.88059758	01	0
chr8	85000000	chr19	11000000	2	01	2	01	0.831328213	NA	01	2	2	01	2	2	1	1	2.31746204	01	0
chr8	86000000	chr19	47000000	12	01	12	01	0.999976873	NA	01	12	12	01	12	12	1	1	3.58010407	01	0
chr8	86000000	chr19	12000000	3	01	3	01	0.924309492	NA	01	3	3	01	3	3	1	1	2.45055139	01	0
chr8	86000000	chr19	41000000	11	01	11	01	0.998625517	NA	01	11	11	01	11	11	1	1	3.53033504	01	0
chr8	86000000	chr19	43000000	1	01	1	01	0.990698397	NA	01	1	1	01	1	1	1	1	3.66412275	01	0
chr8	87000000	chr19	47000000	6	01	6	00	0.523140848	NA	00	0	0	00	0	0	2	1	0.31379672	00	0
chr8	87000000	chr19	17000000	3	01	2	00	0.639766037	NA	00	0	0	00	0	1	2	1	0.741351321	00	0
chr8	87000000	chr19	12000000	9	01	8	00	0.988348186	NA	00	1	1	00	1	1	3	1	2.62115412	00	0
chr8	87000000	chr19	11000000	10	01	10	00	0.999618053	NA	00	0	0	00	0	0	3	1	2.66109659	00	0
chr8	88000000	chr19	11000000	3	01	3	00	0.716471314	NA	00	0	0	00	0	0	3	1	2.11793009	00	0
chr8	106000000	chr19	46000000	15	01	15	01	0.971888065	NA	01	15	15	01	15	15	1	1	2.370331	01	0
chr8	109000000	chr19	46000000	2	01	2	01	0.537691832	NA	01	2	2	01	2	2	1	1	1.32569721	01	0
chr8	121000000	chr19	5000000	4	00	4	11	0.32620427	NA	11	0	0	11	0	4	2	1	0.885046286	11	0
chr8	121000000	chr19	45000000	1	01	1	11	0.808671951	NA	11	0	0	11	0	0	2	1	1.59954181	11	0
chr8	122000000	chr19	45000000	15	01	15	11	0.909224689	NA	11	0	0	11	0	0	2	1	1.28346109	11	0
chr8	122000000	chr19	44000000	4	01	4	11	0.774872601	NA	11	0	0	11	0	0	2	1	1.2275294	11	0
chr8	122000000	chr19	23000000	1	01	1	11	0.334840238	NA	11	0	0	11	0	0	2	1	1.14466134	11	0
chr8	123000000	chr19	45000000	15	01	15	01	0.775691986	NA	01	15	15	01	15	15	1	1	0.249971051	01	0
chr8	124000000	chr19	45000000	1	01	1	01	0.490584254	NA	01	1	1	01	1	1	1	1	0.596541206	01	0
chr8	51000000	chrX	58000000	5	10	5	11	0.577321589	NA	11	0	5	11	0	0	4	1	1.56829364	11	1
chr8	51000000	chrX	59000000	6	10	6	11	0.658164799	NA	11	0	6	11	0	0	4	1	1.4284677	11	1
chr8	56000000	chrX	135000000	4	10	4	11	0.614821255	NA	11	0	4	11	0	0	4	1	2.29157988	11	1
chr8	56000000	chrX	136000000	1	10	1	11	0.401819676	NA	11	0	1	11	0	0	4	1	2.16433729	11	1
chr8	56000000	chrX	58000000	1	10	1	11	0.505810857	NA	11	0	1	11	0	0	3	1	2.40351195	11	1
chr9	5000000	chr11	27000000	2	01	2	00	0.324654728	NA	00	0	2	00	0	0	3	1	0.379709166	00	1
chr9	6000000	chr11	27000000	2	01	2	00	0.336617589	NA	00	0	2	00	0	0	3	1	0.738054087	00	1
chr9	7000000	chr11	29000000	2	01	2	00	0.327319115	NA	00	0	2	00	0	0	4	1	0.0515417048	00	1
chr9	15000000	chr12	10000000	1	11	1	11	0.607556343	NA	11	1	1	11	1	1	1	1	4.29527338	11	0
chr9	21000000	chr12	12000000	3	11	3	11	0.916423678	NA	11	3	3	11	3	3	1	1	3.21630741	11	0
chr9	45000000	chr12	10000000	11	11	11	11	0.999997854	NA	11	11	11	11	11	11	1	1	6.22128496	11	0
chr9	45000000	chr12	11000000	3	11	3	11	0.999508142	NA	11	3	3	11	3	3	1	1	6.19029922	11	0
chr9	45000000	chr12	9000000	3	11	3	11	0.999833107	NA	11	3	3	11	3	3	1	1	5.1751376	11	0
chr9	45000000	chr12	12000000	1	11	1	11	0.994467974	NA	11	1	1	11	1	1	1	1	4.58692468	11	0
chr9	46000000	chr12	9000000	6	11	6	11	0.999933481	NA	11	6	6	11	6	6	1	1	5.27578887	11	0
chr9	46000000	chr12	10000000	7	11	6	11	0.999996424	NA	11	6	6	11	6	6	1	1	6.38625871	11	0
chr9	48000000	chr12	10000000	8	11	8	11	1	NA	11	8	8	11	8	8	1	1	6.20901291	11	0
chr9	48000000	chr12	9000000	2	11	2	11	0.999927759	NA	11	2	2	11	2	2	1	1	5.12851071	11	0
chr9	34000000	chr16	88000000	4	00	4	10	0.450288624	NA	10	0	0	10	0	0	4	1	0.335696376	10	0
chr9	34000000	chr16	78000000	1	00	1	10	0.360687584	NA	10	0	0	10	0	0	4	1	0.425654068	10	0
chr9	35000000	chr16	88000000	3	00	3	10	0.524551153	NA	10	0	0	10	0	0	4	1	0.428166968	10	0
chr9	35000000	chr16	78000000	1	00	1	10	0.354792148	NA	10	0	0	10	0	0	4	1	0.415296314	10	0
chr9	35000000	chr16	96000000	1	00	1	00	0.655464709	NA	00	1	1	00	1	1	1	1	0.857236198	00	0
chr9	35000000	chr16	95000000	2	00	2	00	0.622877061	NA	00	2	2	00	2	2	1	1	1.12800031	00	0
chr9	36000000	chr16	96000000	4	00	4	00	0.666364491	NA	00	4	4	00	4	4	1	1	0.839217958	00	0
chr9	36000000	chr16	78000000	3	00	3	10	0.410601169	NA	10	0	0	10	0	0	4	1	0.413325988	10	0
chr9	36000000	chr16	88000000	2	00	2	10	0.544836164	NA	10	0	0	10	0	0	4	1	0.460535601	10	0
chr9	36000000	chr16	89000000	3	00	3	10	0.533866882	NA	10	0	0	10	0	0	4	1	0.291206277	10	0
chr9	36000000	chr16	95000000	1	00	1	00	0.661361635	NA	00	1	1	00	1	1	1	1	1.11404038	00	0
chr9	41000000	chr16	18000000	6	00	6	10	0.631928086	NA	10	0	0	10	0	0	4	1	1.17322476	10	0
chr9	42000000	chr16	18000000	3	00	3	10	0.69662869	NA	10	0	0	10	0	0	4	1	1.70663517	10	0
chr9	43000000	chr16	15000000	3	00	3	10	0.5322631	NA	10	0	0	10	0	0	4	1	1.24354916	10	0
chr9	43000000	chr16	90000000	2	00	2	10	0.790229023	NA	10	0	0	10	0	0	4	1	1.39661809	10	0
chr9	50000000	chr16	96000000	1	00	1	11	0.359016299	NA	11	0	0	11	0	1	2	1	0.0566179811	11	0
chr9	62000000	chr16	20000000	1	00	1	10	0.610714018	NA	10	0	0	10	0	0	4	1	1.61970542	10	0
chr9	64000000	chr16	30000000	1	00	1	10	0.515162766	NA	10	0	0	10	0	0	4	1	1.64962505	10	0
chr9	74000000	chr16	96000000	1	00	1	11	0.368314117	NA	11	0	0	11	0	1	2	1	0.143121468	11	0
chr9	75000000	chr16	96000000	1	00	1	11	0.340763211	NA	11	0	0	11	0	1	2	1	0.151832439	11	0
chr9	93000000	chr16	96000000	1	00	1	11	0.662667274	NA	11	0	0	11	0	1	2	1	0.549366342	11	0
chr9	94000000	chr16	96000000	1	00	1	11	0.554533839	NA	11	0	0	11	0	1	2	1	0.19831841	11	0
chr9	96000000	chr16	30000000	4	00	4	10	0.794844031	NA	10	0	0	10	0	0	4	1	1.17007818	10	0
chr9	96000000	chr16	31000000	4	00	4	10	0.630072117	NA	10	0	0	10	0	0	4	1	0.397196296	10	0
chr9	96000000	chr16	35000000	1	00	1	10	0.723393738	NA	10	0	0	10	0	0	4	1	0.966697481	10	0
chr9	99000000	chr16	90000000	1	00	1	10	0.606959283	NA	10	0	0	10	0	0	4	1	0.674939624	10	0
chr9	100000000	chr16	26000000	1	00	1	10	0.90608269	NA	10	0	0	10	0	0	4	1	2.47395443	10	0
chr9	101000000	chr16	18000000	3	00	3	10	0.965687752	NA	10	0	0	10	0	0	4	1	2.85955072	10	0
chr9	102000000	chr16	21000000	2	00	2	10	0.993441939	NA	10	0	0	10	0	0	4	1	3.28287551	10	0
chr9	102000000	chr16	20000000	1	00	1	10	0.758148134	NA	10	0	0	10	0	0	4	1	2.63005621	10	0
chr9	103000000	chr16	21000000	14	00	14	10	0.999134004	NA	10	0	0	10	0	0	4	1	3.49139463	10	0
chr9	104000000	chr16	16000000	3	00	3	10	0.982855618	NA	10	0	0	10	0	0	4	1	2.05376261	10	0
chr9	104000000	chr16	17000000	1	00	1	10	0.938209713	NA	10	0	0	10	0	0	4	1	2.45394607	10	0
chr9	104000000	chr16	26000000	1	00	1	10	0.983918786	NA	10	0	0	10	0	0	4	1	2.52071581	10	0
chr9	104000000	chr16	14000000	2	00	2	10	0.801764309	NA	10	0	0	10	0	0	4	1	2.0213268	10	0
chr9	105000000	chr16	16000000	1	00	1	10	0.862450004	NA	10	0	0	10	0	0	4	1	1.94407645	10	0
chr9	105000000	chr16	15000000	2	00	2	10	0.748045504	NA	10	0	0	10	0	0	4	1	1.43785126	10	0
chr9	105000000	chr16	14000000	1	00	1	10	0.691672325	NA	10	0	0	10	0	0	4	1	1.88270101	10	0
chr9	105000000	chr16	90000000	1	00	1	10	0.771216989	NA	10	0	0	10	0	0	4	1	1.23803761	10	0
chr9	106000000	chr16	96000000	2	00	2	11	0.603518724	NA	11	0	0	11	0	2	2	1	0.662027506	11	0
chr9	107000000	chr16	16000000	1	00	1	10	0.897342324	NA	10	0	0	10	0	0	4	1	2.03366551	10	0
chr9	107000000	chr16	15000000	2	00	2	10	0.743208826	NA	10	0	0	10	0	0	4	1	1.45757459	10	0
chr9	107000000	chr16	26000000	1	00	1	10	0.987081349	NA	10	0	0	10	0	0	4	1	2.39861022	10	0
chr9	107000000	chr16	35000000	3	00	3	10	0.890619218	NA	10	0	0	10	0	0	4	1	1.44899269	10	0
chr9	107000000	chr16	17000000	4	00	4	10	0.98763448	NA	10	0	0	10	0	0	4	1	2.42672516	10	0
chr9	107000000	chr16	31000000	1	00	1	10	0.61910218	NA	10	0	0	10	0	0	4	1	0.639139714	10	0
chr9	107000000	chr16	36000000	1	00	1	10	0.818743289	NA	10	0	0	10	0	0	4	1	1.68603204	10	0
chr9	107000000	chr16	13000000	1	00	1	10	0.900928736	NA	10	0	0	10	0	0	4	1	2.49015015	10	0
chr9	107000000	chr16	18000000	1	00	1	10	0.948661983	NA	10	0	0	10	0	0	4	1	2.46841356	10	0
chr9	108000000	chr16	18000000	4	00	4	10	0.9682284	NA	10	0	0	10	0	0	4	1	2.12941485	10	0
chr9	108000000	chr16	17000000	3	00	3	10	0.964613259	NA	10	0	0	10	0	0	4	1	2.09590197	10	0
chr9	108000000	chr16	26000000	1	00	1	10	0.783173978	NA	10	0	0	10	0	0	4	1	2.03976866	10	0
chr9	108000000	chr16	90000000	4	00	4	10	0.600383341	NA	10	0	0	10	0	0	4	1	0.513246925	10	0
chr9	110000000	chr16	92000000	1	00	1	00	0.32417807	NA	00	1	1	00	1	1	1	1	0.508160689	00	0
chr9	110000000	chr16	20000000	4	00	4	10	0.991250277	NA	10	0	0	10	0	0	4	1	2.01653058	10	0
chr9	111000000	chr16	96000000	5	00	5	11	0.491728336	NA	11	0	0	00	5	5	1	2	0.291691513	00	0
chr9	113000000	chr16	95000000	1	00	1	11	0.445361108	NA	11	0	0	11	0	1	2	1	0.479821786	11	0
chr9	113000000	chr16	96000000	2	00	2	11	0.573347211	NA	11	0	0	11	0	2	2	1	0.600902703	11	0
chr9	113000000	chr16	89000000	2	00	2	11	0.525871873	NA	11	0	0	11	0	2	4	1	0.0626334392	11	0
chr9	114000000	chr16	94000000	2	00	2	00	0.503863752	NA	00	2	2	00	2	2	1	1	0.0119246802	00	0
chr9	114000000	chr16	96000000	9	00	8	11	0.678401411	NA	11	0	0	11	0	8	2	1	0.415871774	11	0
chr9	114000000	chr16	95000000	3	00	3	11	0.573295355	NA	11	0	0	11	0	3	2	1	0.333864337	11	0
chr9	118000000	chr16	97000000	1	00	1	00	0.394004762	NA	00	1	1	00	1	1	1	1	0.31838065	00	0
chr9	121000000	chr16	18000000	1	00	1	10	0.556628704	NA	10	0	0	10	0	0	4	1	2.16183744	10	0
chr9	122000000	chr16	16000000	1	00	1	10	0.489207715	NA	10	0	0	10	0	0	4	1	1.79822947	10	0
chr9	122000000	chr16	90000000	1	00	1	10	0.591810703	NA	10	0	0	10	0	0	4	1	0.705258333	10	0
chr9	123000000	chr16	89000000	3	00	2	11	0.535577297	NA	11	0	0	10	0	2	3	2	0.0651820106	10	0
chr9	123000000	chr16	78000000	1	00	1	10	0.564651728	NA	10	0	0	10	0	0	4	1	0.602348482	10	0
chr9	123000000	chr16	88000000	6	00	6	11	0.51335901	NA	11	0	0	10	0	6	4	2	0.26882812	10	0
chr9	3000000	chr17	43000000	10	11	10	11	0.999996066	NA	11	10	10	11	10	10	1	1	7.22966919	11	0
chr9	3000000	chr17	66000000	1	11	1	11	0.814453721	NA	11	1	1	11	1	1	1	1	5.98217386	11	0
chr9	3000000	chr17	46000000	1	11	1	11	0.998535752	NA	11	1	1	11	1	1	1	1	6.23888494	11	0
chr9	3000000	chr17	57000000	1	11	1	11	0.635051906	NA	11	1	1	11	1	1	1	1	5.59922308	11	0
chr9	3000000	chr17	58000000	1	11	1	11	0.940288067	NA	11	1	1	11	1	1	1	1	6.62617419	11	0
chr9	4000000	chr17	43000000	2	11	2	11	0.997809112	NA	11	2	2	11	2	2	1	1	6.64884287	11	0
chr9	5000000	chr17	43000000	15	11	15	11	0.99999845	NA	11	15	15	11	15	15	1	1	6.8824711	11	0
chr9	5000000	chr17	46000000	2	11	2	11	0.910277247	NA	11	2	2	11	2	2	1	1	5.94769567	11	0
chr9	6000000	chr17	43000000	11	11	11	11	0.999982357	NA	11	11	11	11	11	11	1	1	6.85585037	11	0
chr9	6000000	chr17	79000000	8	11	8	11	0.999054253	NA	11	8	8	11	8	8	1	1	6.13646429	11	0
chr9	6000000	chr17	46000000	1	11	1	11	0.991097808	NA	11	1	1	11	1	1	1	1	6.04437341	11	0
chr9	7000000	chr17	79000000	6	11	6	11	0.956110418	NA	11	6	6	11	6	6	1	1	5.87074016	11	0
chr9	7000000	chr17	45000000	1	11	1	11	0.922064364	NA	11	1	1	11	1	1	1	1	5.77209133	11	0
chr9	7000000	chr17	46000000	3	11	2	11	0.99922502	NA	11	2	2	11	2	2	1	1	5.51659772	11	0
chr9	15000000	chr17	60000000	3	11	3	11	0.999373734	NA	11	3	3	11	3	3	1	1	5.42796789	11	0
chr9	15000000	chr17	61000000	2	11	2	11	0.999872446	NA	11	2	2	11	2	2	1	1	5.08159856	11	0
chr9	16000000	chr17	61000000	2	11	2	11	0.974317193	NA	11	2	2	11	2	2	1	1	4.328057	11	0
chr9	21000000	chr17	87000000	4	11	4	11	0.998662114	NA	11	4	4	11	4	4	1	1	4.86658415	11	0
chr9	21000000	chr17	5000000	5	11	5	11	0.971397519	NA	11	5	5	11	5	5	1	1	4.79583268	11	0
chr9	21000000	chr17	86000000	3	11	3	11	0.996272564	NA	11	3	3	11	3	3	1	1	4.82717326	11	0
chr9	21000000	chr17	28000000	2	11	2	11	0.892494857	NA	11	2	2	11	2	2	1	1	2.85396886	11	0
chr9	22000000	chr17	67000000	1	11	1	11	0.99100399	NA	11	1	1	11	1	1	1	1	5.48272739	11	0
chr9	23000000	chr17	60000000	2	11	2	11	0.999289989	NA	11	2	2	11	2	2	1	1	5.5512721	11	0
chr9	24000000	chr17	60000000	2	01	1	11	0.995323002	NA	11	1	1	11	1	1	2	1	5.4239224	11	0
chr9	25000000	chr17	59000000	3	11	2	11	0.999978781	NA	11	2	2	11	2	3	1	1	5.75082977	11	0
chr9	25000000	chr17	66000000	3	11	3	11	0.999911904	NA	11	3	3	11	3	3	1	1	5.8585048	11	0
chr9	25000000	chr17	58000000	8	11	8	11	0.999999881	NA	11	8	8	11	8	8	1	1	5.99538076	11	0
chr9	25000000	chr17	47000000	6	11	6	11	0.997490764	NA	11	6	6	11	6	6	1	1	4.22459127	11	0
chr9	25000000	chr17	43000000	7	11	7	11	0.999995947	NA	11	7	7	11	7	7	1	1	5.6296575	11	0
chr9	25000000	chr17	79000000	4	11	4	11	0.997311115	NA	11	4	4	11	4	4	1	1	6.28676594	11	0
chr9	25000000	chr17	57000000	7	11	7	11	0.999999881	NA	11	7	7	11	7	7	1	1	5.52604212	11	0
chr9	25000000	chr17	44000000	3	11	3	11	0.984638155	NA	11	3	3	11	3	3	1	1	5.59722197	11	0
chr9	25000000	chr17	75000000	1	11	1	11	0.974198699	NA	11	1	1	11	1	1	1	1	5.14476227	11	0
chr9	25000000	chr17	42000000	1	11	1	11	0.99487406	NA	11	1	1	11	1	1	1	1	4.88161769	11	0
chr9	26000000	chr17	77000000	2	11	2	11	0.993449032	NA	11	2	2	11	2	2	1	1	5.82036879	11	0
chr9	26000000	chr17	75000000	2	11	2	11	0.967523098	NA	11	2	2	11	2	2	1	1	4.97077707	11	0
chr9	26000000	chr17	58000000	9	11	9	11	0.999999881	NA	11	9	9	11	9	9	1	1	5.98332676	11	0
chr9	26000000	chr17	43000000	3	11	3	11	0.999997735	NA	11	3	3	11	3	3	1	1	6.02526303	11	0
chr9	26000000	chr17	57000000	2	11	2	11	0.999737203	NA	11	2	2	11	2	2	1	1	5.31528318	11	0
chr9	26000000	chr17	46000000	1	11	1	11	0.987623215	NA	11	1	1	11	1	1	1	1	4.64910215	11	0
chr9	31000000	chr17	46000000	1	11	1	11	0.977791846	NA	11	1	1	11	1	1	1	1	3.56208551	11	0
chr9	39000000	chr17	60000000	1	11	1	11	0.999956369	NA	11	1	1	11	1	1	1	1	5.17870947	11	0
chr9	40000000	chr17	66000000	1	11	1	11	0.999999762	NA	11	1	1	11	1	1	1	1	5.421238	11	0
chr9	40000000	chr17	27000000	4	11	4	11	0.806006074	NA	11	4	4	11	4	4	1	1	4.87155298	11	0
chr9	40000000	chr17	67000000	15	11	15	11	1	NA	11	15	15	11	15	15	1	1	5.67216278	11	0
chr9	40000000	chr17	87000000	4	11	4	11	0.938252509	NA	11	4	4	11	4	4	1	1	4.82112821	11	0
chr9	40000000	chr17	84000000	2	11	2	11	0.999110043	NA	11	2	2	11	2	2	1	1	5.65508111	11	0
chr9	41000000	chr17	67000000	14	11	14	11	1	NA	11	14	14	11	14	14	1	1	5.41889377	11	0
chr9	41000000	chr17	78000000	5	11	5	11	0.999999762	NA	11	5	5	11	5	5	1	1	5.99197774	11	0
chr9	41000000	chr17	66000000	1	11	1	11	0.999395132	NA	11	1	1	11	1	1	1	1	5.1346781	11	0
chr9	41000000	chr17	27000000	3	11	3	11	0.743315458	NA	11	3	3	11	3	3	1	1	5.00850066	11	0
chr9	41000000	chr17	85000000	7	11	7	11	0.999998689	NA	11	7	7	11	7	7	1	1	5.47229677	11	0
chr9	41000000	chr17	87000000	7	11	7	11	0.999993801	NA	11	7	7	11	7	7	1	1	5.22923347	11	0
chr9	41000000	chr17	88000000	4	11	4	11	0.998853683	NA	11	4	4	11	4	4	1	1	5.65726512	11	0
chr9	41000000	chr17	84000000	4	11	4	11	0.999999523	NA	11	4	4	11	4	4	1	1	5.86225777	11	0
chr9	41000000	chr17	69000000	3	11	3	11	1	NA	11	3	3	11	3	3	1	1	5.91816397	11	0
chr9	41000000	chr17	58000000	1	11	1	11	0.986988902	NA	11	1	1	11	1	1	1	1	5.10671946	11	0
chr9	41000000	chr17	86000000	1	11	1	11	0.999986291	NA	11	1	1	11	1	1	1	1	5.79504768	11	0
chr9	41000000	chr17	68000000	2	11	2	11	0.999808252	NA	11	2	2	11	2	2	1	1	5.1992882	11	0
chr9	42000000	chr17	69000000	21	11	21	11	1	NA	11	21	21	11	21	21	1	1	5.6379427	11	0
chr9	42000000	chr17	85000000	3	11	2	11	0.998149633	NA	11	2	2	11	2	2	1	1	5.01607695	11	0
chr9	42000000	chr17	86000000	3	11	3	11	0.999979854	NA	11	3	3	11	3	3	1	1	5.52942227	11	0
chr9	42000000	chr17	60000000	7	11	7	11	1	NA	11	7	7	11	7	7	1	1	5.48104876	11	0
chr9	42000000	chr17	61000000	5	11	5	11	1	NA	11	5	5	11	5	5	1	1	5.57068429	11	0
chr9	42000000	chr17	59000000	7	11	6	11	1	NA	11	6	6	11	6	6	1	1	5.48440815	11	0
chr9	42000000	chr17	68000000	14	11	14	11	1	NA	11	14	14	11	14	14	1	1	4.98199715	11	0
chr9	42000000	chr17	67000000	5	11	5	11	1	NA	11	5	5	11	5	5	1	1	5.00496324	11	0
chr9	43000000	chr17	69000000	1	11	1	11	0.995268285	NA	11	1	1	11	1	1	1	1	5.67509718	11	0
chr9	43000000	chr17	67000000	4	11	4	11	0.999956608	NA	11	4	4	11	4	4	1	1	5.2769702	11	0
chr9	43000000	chr17	87000000	5	11	5	11	0.999998689	NA	11	5	5	11	5	5	1	1	4.97802598	11	0
chr9	44000000	chr17	87000000	9	11	9	11	0.999996543	NA	11	9	9	11	9	9	1	1	5.0593952	11	0
chr9	44000000	chr17	60000000	1	11	1	11	0.999389052	NA	11	1	1	11	1	1	1	1	6.0084099	11	0
chr9	44000000	chr17	61000000	1	11	1	11	0.999430358	NA	11	1	1	11	1	1	1	1	6.15795771	11	0
chr9	45000000	chr17	61000000	14	11	14	11	1	NA	11	14	14	11	14	14	1	1	6.18666849	11	0
chr9	45000000	chr17	68000000	7	11	7	11	1	NA	11	7	7	11	7	7	1	1	5.63176567	11	0
chr9	45000000	chr17	85000000	9	11	8	11	0.999977112	NA	11	8	8	11	8	8	1	1	5.24878801	11	0
chr9	45000000	chr17	69000000	3	11	3	11	1	NA	11	3	3	11	3	3	1	1	6.08556941	11	0
chr9	45000000	chr17	86000000	15	11	15	11	0.999999404	NA	11	15	15	11	15	15	1	1	6.05349793	11	0
chr9	46000000	chr17	86000000	10	11	10	11	0.999999523	NA	11	10	10	11	10	10	1	1	5.60045481	11	0
chr9	46000000	chr17	69000000	8	11	8	11	0.999995828	NA	11	8	8	11	8	8	1	1	5.62000752	11	0
chr9	46000000	chr17	61000000	8	11	8	11	1	NA	11	8	8	11	8	8	1	1	5.89535007	11	0
chr9	46000000	chr17	60000000	6	11	6	11	1	NA	11	6	6	11	6	6	1	1	5.57428753	11	0
chr9	46000000	chr17	59000000	2	11	2	11	0.999988675	NA	11	2	2	11	2	2	1	1	5.3741936	11	0
chr9	47000000	chr17	59000000	1	11	1	11	0.999143243	NA	11	1	1	11	1	1	1	1	4.97432917	11	0
chr9	47000000	chr17	68000000	1	11	1	11	0.980200887	NA	11	1	1	11	1	1	1	1	4.68360259	11	0
chr9	47000000	chr17	60000000	3	11	3	11	1	NA	11	3	3	11	3	3	1	1	5.30261414	11	0
chr9	47000000	chr17	61000000	4	11	4	11	1	NA	11	4	4	11	4	4	1	1	5.56360801	11	0
chr9	48000000	chr17	61000000	17	11	17	11	1	NA	11	17	17	11	17	17	1	1	5.80964805	11	0
chr9	48000000	chr17	60000000	9	11	9	11	1	NA	11	9	9	11	9	9	1	1	5.55263025	11	0
chr9	49000000	chr17	61000000	2	11	2	11	0.992277741	NA	11	2	2	11	2	2	1	1	5.31340965	11	0
chr9	50000000	chr17	87000000	1	11	1	11	0.977467775	NA	11	1	1	11	1	1	1	1	4.08306711	11	0
chr9	50000000	chr17	86000000	1	10	1	11	0.948198438	NA	11	0	0	11	0	0	4	1	4.78722879	11	0
chr9	66000000	chr17	67000000	1	11	1	11	0.967397809	NA	11	1	1	11	1	1	1	1	5.04564236	11	0
chr9	67000000	chr17	46000000	2	11	2	11	0.699812949	NA	11	2	2	11	2	2	1	1	3.93077827	11	0
chr9	68000000	chr17	58000000	1	11	1	11	0.976651609	NA	11	1	1	11	1	1	1	1	4.48965485	11	0
chr9	68000000	chr17	67000000	2	11	2	11	0.96552223	NA	11	2	2	11	2	2	1	1	4.38929761	11	0
chr9	69000000	chr17	59000000	1	11	1	11	0.850092828	NA	11	1	1	11	1	1	1	1	4.1479069	11	0
chr9	69000000	chr17	67000000	10	11	10	11	0.99953723	NA	11	10	10	11	10	10	1	1	3.86624534	11	0
chr9	69000000	chr17	27000000	1	11	1	11	0.89692992	NA	11	1	1	11	1	1	1	1	3.28849392	11	0
chr9	70000000	chr17	87000000	6	11	6	11	0.810997963	NA	11	6	6	11	6	6	1	1	4.66994773	11	0
chr9	70000000	chr17	28000000	10	11	10	11	0.996944368	NA	11	10	10	11	10	10	1	1	2.95923511	11	0
chr9	70000000	chr17	27000000	7	11	7	11	0.99901557	NA	11	7	7	11	7	7	1	1	4.8357219	11	0
chr9	70000000	chr17	67000000	2	00	1	11	0.87471509	NA	11	1	1	11	1	2	2	1	5.18757091	11	0
chr9	109000000	chr17	28000000	2	11	2	10	0.25	NA	00	0	0	11	2	2	1	4	1.15234095	11	0
chr9	15000000	chrX	19000000	6	11	4	00	0.838225067	NA	00	1	1	00	1	5	4	1	0.587898916	00	0
chr9	15000000	chrX	20000000	9	11	9	00	0.866471171	NA	00	0	0	00	0	9	4	1	0.930546096	00	0
chr9	15000000	chrX	13000000	1	11	1	00	0.640789807	NA	00	0	0	00	0	1	4	1	1.50121455	00	0
chr9	48000000	chrX	13000000	2	11	2	11	0.25	NA	00	0	0	01	0	2	4	4	0.333207059	01	0
chr9	63000000	chrX	15000000	1	11	1	01	0.41554451	NA	01	0	0	01	0	0	4	1	2.69624306	01	0
chr9	63000000	chrX	13000000	3	11	3	01	0.394144088	NA	01	0	0	01	0	0	4	1	0.853793145	01	0
chr9	84000000	chrX	18000000	1	11	1	00	0.479960084	NA	00	0	0	01	0	1	4	2	0.493378195	01	0
chr9	85000000	chrX	19000000	2	11	2	00	0.573801458	NA	00	0	0	01	0	2	4	2	0.23028525	01	0
chr9	86000000	chrX	19000000	3	11	3	01	0.83334142	NA	01	0	0	01	0	0	4	1	1.49373286	01	0
chr9	86000000	chrX	17000000	2	11	2	01	0.965241849	NA	01	0	0	01	0	0	4	1	2.13038175	01	0
chr9	86000000	chrX	18000000	1	11	1	01	0.932057619	NA	01	0	0	01	0	0	4	1	1.87416623	01	0
chr9	87000000	chrX	17000000	9	11	9	01	0.937733352	NA	01	0	0	01	0	0	4	1	1.95070665	01	0
chr9	87000000	chrX	18000000	4	11	4	01	0.85988903	NA	01	0	0	01	0	0	4	1	1.66760483	01	0
chr9	87000000	chrX	19000000	1	11	1	01	0.561301649	NA	01	0	0	01	0	0	4	1	1.31114708	01	0
chr9	103000000	chrX	13000000	3	11	2	01	0.927635908	NA	01	0	0	01	0	1	4	1	1.96171674	01	0
chr9	103000000	chrX	14000000	1	11	1	01	0.995336473	NA	01	0	0	01	0	0	4	1	3.35778424	01	0
chr9	103000000	chrX	15000000	1	11	1	01	0.995988309	NA	01	0	0	01	0	0	4	1	3.74141945	01	0
chr9	103000000	chrX	16000000	1	11	1	01	0.991345763	NA	01	0	0	01	0	0	4	1	3.40787542	01	0
chr9	104000000	chrX	15000000	14	11	13	01	0.999999404	NA	01	1	1	01	1	1	4	1	4.32706278	01	0
chr9	104000000	chrX	14000000	2	11	2	01	0.995532036	NA	01	0	0	01	0	0	4	1	3.90073613	01	0
chr9	104000000	chrX	16000000	2	11	2	01	0.999365509	NA	01	0	0	01	0	0	4	1	3.81893708	01	0
chr9	105000000	chrX	15000000	3	11	3	01	0.997547209	NA	01	0	0	01	0	0	4	1	4.31081737	01	0
chr9	105000000	chrX	13000000	8	11	8	01	0.999853969	NA	01	0	0	01	0	0	4	1	3.97552007	01	0
chr9	105000000	chrX	14000000	6	11	6	01	0.999998808	NA	01	0	0	01	0	0	4	1	4.35267807	01	0
chr9	105000000	chrX	20000000	1	11	1	01	0.999947309	NA	01	0	0	01	0	0	4	1	5.07940473	01	0
chr9	105000000	chrX	7000000	3	11	3	01	0.999597013	NA	01	0	0	01	0	0	4	1	4.79295019	01	0
chr9	105000000	chrX	6000000	2	11	2	01	0.987423182	NA	01	0	0	01	0	0	4	1	5.13220811	01	0
chr9	105000000	chrX	22000000	1	11	1	01	0.993232489	NA	01	0	0	01	0	0	4	1	4.75030261	01	0
chr9	106000000	chrX	20000000	2	11	2	01	0.982201874	NA	01	0	0	01	0	0	4	1	3.31683477	01	0
chr9	106000000	chrX	14000000	2	11	2	01	0.99855262	NA	01	0	0	01	0	0	4	1	3.58260652	01	0
chr9	106000000	chrX	16000000	2	11	2	01	0.921105802	NA	01	0	0	01	0	0	4	1	3.54696038	01	0
chr9	106000000	chrX	15000000	3	11	3	01	0.999273002	NA	01	0	0	01	0	0	4	1	3.98887254	01	0
chr9	106000000	chrX	17000000	1	11	1	01	0.867198765	NA	01	0	0	01	0	0	4	1	3.71254658	01	0
chr9	110000000	chrX	14000000	1	11	1	01	0.834523261	NA	01	0	0	01	0	0	4	1	2.84684194	01	0
chr9	118000000	chrX	15000000	1	11	1	01	0.406789809	NA	01	0	0	01	0	0	4	1	2.23401839	01	0
