chrom1	chrom2	policy	selected_swap_code	selected_swap1	selected_swap2	flip_source	n_eval_contacts	top1_accuracy	same_cross_accuracy	pmax_threshold_accuracy	pmax_threshold_recall
chr1	chr2	cis_selected_whole_chrom	0	0	0	cis_snp_truth_whole_chrom	1440	0.397916667	0.595833333	0.631578947	0.116666667
chr1	chr2	pair_independent_4state_oracle	0	0	0	snp_truth_oracle	1440	0.397916667	0.595833333	0.631578947	0.116666667
chr1	chr2	blind_geom_nearest_to_posterior_top	0	0	0	blind_posterior_reconstruction_geometry	1440	0.397916667	0.595833333	0.631578947	0.116666667
chr1	chr2	blind_geom_nearest_gap_weighted	0	0	0	blind_posterior_reconstruction_geometry	1440	0.397916667	0.595833333	0.631578947	0.116666667
chr1	chr2	blind_margin_geom_gap_weighted	0	0	0	blind_posterior_reconstruction_geometry	1440	0.397916667	0.595833333	0.631578947	0.116666667
chr1	chr2	blind_pmax_geom_gap_weighted	0	0	0	blind_posterior_reconstruction_geometry	1440	0.397916667	0.595833333	0.631578947	0.116666667
chr1	chr2	blind_same_cross_distance_sum	0	0	0	blind_posterior_reconstruction_geometry	1440	0.397916667	0.595833333	0.631578947	0.116666667
chr1	chr2	blind_posterior_mass_same_cross	0	0	0	blind_posterior_reconstruction_geometry	1440	0.397916667	0.595833333	0.631578947	0.116666667
chr1	chr2	blind_chrom_center_same_closer	0	0	0	blind_reconstruction_geometry	1440	0.397916667	0.595833333	0.631578947	0.116666667
chr1	chr2	blind_chrom_homolog_vector_dot	0	0	0	blind_reconstruction_geometry	1440	0.397916667	0.595833333	0.631578947	0.116666667
chr1	chr3	cis_selected_whole_chrom	0	0	0	cis_snp_truth_whole_chrom	1036	0.258687259	0.471042471	0.354166667	0.0164092664
chr1	chr3	pair_independent_4state_oracle	2	1	0	snp_truth_oracle	1036	0.275096525	0.528957529	0.3125	0.0144787645
chr1	chr3	blind_geom_nearest_to_posterior_top	0	0	0	blind_posterior_reconstruction_geometry	1036	0.258687259	0.471042471	0.354166667	0.0164092664
chr1	chr3	blind_geom_nearest_gap_weighted	0	0	0	blind_posterior_reconstruction_geometry	1036	0.258687259	0.471042471	0.354166667	0.0164092664
chr1	chr3	blind_margin_geom_gap_weighted	0	0	0	blind_posterior_reconstruction_geometry	1036	0.258687259	0.471042471	0.354166667	0.0164092664
chr1	chr3	blind_pmax_geom_gap_weighted	0	0	0	blind_posterior_reconstruction_geometry	1036	0.258687259	0.471042471	0.354166667	0.0164092664
chr1	chr3	blind_same_cross_distance_sum	0	0	0	blind_posterior_reconstruction_geometry	1036	0.258687259	0.471042471	0.354166667	0.0164092664
chr1	chr3	blind_posterior_mass_same_cross	0	0	0	blind_posterior_reconstruction_geometry	1036	0.258687259	0.471042471	0.354166667	0.0164092664
chr1	chr3	blind_chrom_center_same_closer	0	0	0	blind_reconstruction_geometry	1036	0.258687259	0.471042471	0.354166667	0.0164092664
chr1	chr3	blind_chrom_homolog_vector_dot	0	0	0	blind_reconstruction_geometry	1036	0.258687259	0.471042471	0.354166667	0.0164092664
chr1	chr4	cis_selected_whole_chrom	0	0	0	cis_snp_truth_whole_chrom	1167	0.477292202	0.616966581	0.489065606	0.42159383
chr1	chr4	pair_independent_4state_oracle	0	0	0	snp_truth_oracle	1167	0.477292202	0.616966581	0.489065606	0.42159383
chr1	chr4	blind_geom_nearest_to_posterior_top	0	0	0	blind_posterior_reconstruction_geometry	1167	0.477292202	0.616966581	0.489065606	0.42159383
chr1	chr4	blind_geom_nearest_gap_weighted	0	0	0	blind_posterior_reconstruction_geometry	1167	0.477292202	0.616966581	0.489065606	0.42159383
chr1	chr4	blind_margin_geom_gap_weighted	0	0	0	blind_posterior_reconstruction_geometry	1167	0.477292202	0.616966581	0.489065606	0.42159383
chr1	chr4	blind_pmax_geom_gap_weighted	0	0	0	blind_posterior_reconstruction_geometry	1167	0.477292202	0.616966581	0.489065606	0.42159383
chr1	chr4	blind_same_cross_distance_sum	0	0	0	blind_posterior_reconstruction_geometry	1167	0.477292202	0.616966581	0.489065606	0.42159383
chr1	chr4	blind_posterior_mass_same_cross	0	0	0	blind_posterior_reconstruction_geometry	1167	0.477292202	0.616966581	0.489065606	0.42159383
chr1	chr4	blind_chrom_center_same_closer	0	0	0	blind_reconstruction_geometry	1167	0.477292202	0.616966581	0.489065606	0.42159383
chr1	chr4	blind_chrom_homolog_vector_dot	0	0	0	blind_reconstruction_geometry	1167	0.477292202	0.616966581	0.489065606	0.42159383
chr1	chr5	cis_selected_whole_chrom	0	0	0	cis_snp_truth_whole_chrom	865	0.253179191	0.47283237	0.294117647	0.0693641618
chr1	chr5	pair_independent_4state_oracle	1	0	1	snp_truth_oracle	865	0.263583815	0.52716763	0.259803922	0.0612716763
chr1	chr5	blind_geom_nearest_to_posterior_top	0	0	0	blind_posterior_reconstruction_geometry	865	0.253179191	0.47283237	0.294117647	0.0693641618
chr1	chr5	blind_geom_nearest_gap_weighted	0	0	0	blind_posterior_reconstruction_geometry	865	0.253179191	0.47283237	0.294117647	0.0693641618
chr1	chr5	blind_margin_geom_gap_weighted	0	0	0	blind_posterior_reconstruction_geometry	865	0.253179191	0.47283237	0.294117647	0.0693641618
chr1	chr5	blind_pmax_geom_gap_weighted	0	0	0	blind_posterior_reconstruction_geometry	865	0.253179191	0.47283237	0.294117647	0.0693641618
chr1	chr5	blind_same_cross_distance_sum	1	0	1	blind_posterior_reconstruction_geometry	865	0.263583815	0.52716763	0.259803922	0.0612716763
chr1	chr5	blind_posterior_mass_same_cross	1	0	1	blind_posterior_reconstruction_geometry	865	0.263583815	0.52716763	0.259803922	0.0612716763
chr1	chr5	blind_chrom_center_same_closer	1	0	1	blind_reconstruction_geometry	865	0.263583815	0.52716763	0.259803922	0.0612716763
chr1	chr5	blind_chrom_homolog_vector_dot	1	0	1	blind_reconstruction_geometry	865	0.263583815	0.52716763	0.259803922	0.0612716763
chr1	chr6	cis_selected_whole_chrom	0	0	0	cis_snp_truth_whole_chrom	1600	0.58375	0.705	0.733804476	0.389375
chr1	chr6	pair_independent_4state_oracle	0	0	0	snp_truth_oracle	1600	0.58375	0.705	0.733804476	0.389375
chr1	chr6	blind_geom_nearest_to_posterior_top	0	0	0	blind_posterior_reconstruction_geometry	1600	0.58375	0.705	0.733804476	0.389375
chr1	chr6	blind_geom_nearest_gap_weighted	0	0	0	blind_posterior_reconstruction_geometry	1600	0.58375	0.705	0.733804476	0.389375
chr1	chr6	blind_margin_geom_gap_weighted	0	0	0	blind_posterior_reconstruction_geometry	1600	0.58375	0.705	0.733804476	0.389375
chr1	chr6	blind_pmax_geom_gap_weighted	0	0	0	blind_posterior_reconstruction_geometry	1600	0.58375	0.705	0.733804476	0.389375
chr1	chr6	blind_same_cross_distance_sum	1	0	1	blind_posterior_reconstruction_geometry	1600	0.12875	0.295	0.101295642	0.05375
chr1	chr6	blind_posterior_mass_same_cross	1	0	1	blind_posterior_reconstruction_geometry	1600	0.12875	0.295	0.101295642	0.05375
chr1	chr6	blind_chrom_center_same_closer	1	0	1	blind_reconstruction_geometry	1600	0.12875	0.295	0.101295642	0.05375
chr1	chr6	blind_chrom_homolog_vector_dot	1	0	1	blind_reconstruction_geometry	1600	0.12875	0.295	0.101295642	0.05375
chr1	chr7	cis_selected_whole_chrom	0	0	0	cis_snp_truth_whole_chrom	778	0.277634961	0.523136247	0.256578947	0.100257069
chr1	chr7	pair_independent_4state_oracle	0	0	0	snp_truth_oracle	778	0.277634961	0.523136247	0.256578947	0.100257069
chr1	chr7	blind_geom_nearest_to_posterior_top	0	0	0	blind_posterior_reconstruction_geometry	778	0.277634961	0.523136247	0.256578947	0.100257069
chr1	chr7	blind_geom_nearest_gap_weighted	0	0	0	blind_posterior_reconstruction_geometry	778	0.277634961	0.523136247	0.256578947	0.100257069
chr1	chr7	blind_margin_geom_gap_weighted	0	0	0	blind_posterior_reconstruction_geometry	778	0.277634961	0.523136247	0.256578947	0.100257069
chr1	chr7	blind_pmax_geom_gap_weighted	0	0	0	blind_posterior_reconstruction_geometry	778	0.277634961	0.523136247	0.256578947	0.100257069
chr1	chr7	blind_same_cross_distance_sum	1	0	1	blind_posterior_reconstruction_geometry	778	0.271208226	0.476863753	0.286184211	0.111825193
chr1	chr7	blind_posterior_mass_same_cross	1	0	1	blind_posterior_reconstruction_geometry	778	0.271208226	0.476863753	0.286184211	0.111825193
chr1	chr7	blind_chrom_center_same_closer	1	0	1	blind_reconstruction_geometry	778	0.271208226	0.476863753	0.286184211	0.111825193
chr1	chr7	blind_chrom_homolog_vector_dot	1	0	1	blind_reconstruction_geometry	778	0.271208226	0.476863753	0.286184211	0.111825193
chr1	chr8	cis_selected_whole_chrom	0	0	0	cis_snp_truth_whole_chrom	1480	0.545945946	0.675	0.791814947	0.300675676
chr1	chr8	pair_independent_4state_oracle	0	0	0	snp_truth_oracle	1480	0.545945946	0.675	0.791814947	0.300675676
chr1	chr8	blind_geom_nearest_to_posterior_top	0	0	0	blind_posterior_reconstruction_geometry	1480	0.545945946	0.675	0.791814947	0.300675676
chr1	chr8	blind_geom_nearest_gap_weighted	0	0	0	blind_posterior_reconstruction_geometry	1480	0.545945946	0.675	0.791814947	0.300675676
chr1	chr8	blind_margin_geom_gap_weighted	0	0	0	blind_posterior_reconstruction_geometry	1480	0.545945946	0.675	0.791814947	0.300675676
chr1	chr8	blind_pmax_geom_gap_weighted	0	0	0	blind_posterior_reconstruction_geometry	1480	0.545945946	0.675	0.791814947	0.300675676
chr1	chr8	blind_same_cross_distance_sum	0	0	0	blind_posterior_reconstruction_geometry	1480	0.545945946	0.675	0.791814947	0.300675676
chr1	chr8	blind_posterior_mass_same_cross	0	0	0	blind_posterior_reconstruction_geometry	1480	0.545945946	0.675	0.791814947	0.300675676
chr1	chr8	blind_chrom_center_same_closer	0	0	0	blind_reconstruction_geometry	1480	0.545945946	0.675	0.791814947	0.300675676
chr1	chr8	blind_chrom_homolog_vector_dot	1	0	1	blind_reconstruction_geometry	1480	0.187162162	0.324324324	0.090747331	0.0344594595
chr1	chr9	cis_selected_whole_chrom	0	0	0	cis_snp_truth_whole_chrom	1116	0.222222222	0.420250896	0.136054422	0.0358422939
chr1	chr9	pair_independent_4state_oracle	1	0	1	snp_truth_oracle	1116	0.396057348	0.579749104	0.656462585	0.172939068
chr1	chr9	blind_geom_nearest_to_posterior_top	0	0	0	blind_posterior_reconstruction_geometry	1116	0.222222222	0.420250896	0.136054422	0.0358422939
chr1	chr9	blind_geom_nearest_gap_weighted	0	0	0	blind_posterior_reconstruction_geometry	1116	0.222222222	0.420250896	0.136054422	0.0358422939
chr1	chr9	blind_margin_geom_gap_weighted	0	0	0	blind_posterior_reconstruction_geometry	1116	0.222222222	0.420250896	0.136054422	0.0358422939
chr1	chr9	blind_pmax_geom_gap_weighted	0	0	0	blind_posterior_reconstruction_geometry	1116	0.222222222	0.420250896	0.136054422	0.0358422939
chr1	chr9	blind_same_cross_distance_sum	1	0	1	blind_posterior_reconstruction_geometry	1116	0.396057348	0.579749104	0.656462585	0.172939068
chr1	chr9	blind_posterior_mass_same_cross	1	0	1	blind_posterior_reconstruction_geometry	1116	0.396057348	0.579749104	0.656462585	0.172939068
chr1	chr9	blind_chrom_center_same_closer	1	0	1	blind_reconstruction_geometry	1116	0.396057348	0.579749104	0.656462585	0.172939068
chr1	chr9	blind_chrom_homolog_vector_dot	1	0	1	blind_reconstruction_geometry	1116	0.396057348	0.579749104	0.656462585	0.172939068
chr1	chr10	cis_selected_whole_chrom	0	0	0	cis_snp_truth_whole_chrom	758	0.267810026	0.526385224	0.247368421	0.124010554
chr1	chr10	pair_independent_4state_oracle	0	0	0	snp_truth_oracle	758	0.267810026	0.526385224	0.247368421	0.124010554
chr1	chr10	blind_geom_nearest_to_posterior_top	0	0	0	blind_posterior_reconstruction_geometry	758	0.267810026	0.526385224	0.247368421	0.124010554
chr1	chr10	blind_geom_nearest_gap_weighted	0	0	0	blind_posterior_reconstruction_geometry	758	0.267810026	0.526385224	0.247368421	0.124010554
chr1	chr10	blind_margin_geom_gap_weighted	0	0	0	blind_posterior_reconstruction_geometry	758	0.267810026	0.526385224	0.247368421	0.124010554
chr1	chr10	blind_pmax_geom_gap_weighted	0	0	0	blind_posterior_reconstruction_geometry	758	0.267810026	0.526385224	0.247368421	0.124010554
chr1	chr10	blind_same_cross_distance_sum	0	0	0	blind_posterior_reconstruction_geometry	758	0.267810026	0.526385224	0.247368421	0.124010554
chr1	chr10	blind_posterior_mass_same_cross	0	0	0	blind_posterior_reconstruction_geometry	758	0.267810026	0.526385224	0.247368421	0.124010554
chr1	chr10	blind_chrom_center_same_closer	0	0	0	blind_reconstruction_geometry	758	0.267810026	0.526385224	0.247368421	0.124010554
chr1	chr10	blind_chrom_homolog_vector_dot	0	0	0	blind_reconstruction_geometry	758	0.267810026	0.526385224	0.247368421	0.124010554
chr1	chr11	cis_selected_whole_chrom	0	0	0	cis_snp_truth_whole_chrom	1466	0.361527967	0.521145975	0.457983193	0.148703956
chr1	chr11	pair_independent_4state_oracle	0	0	0	snp_truth_oracle	1466	0.361527967	0.521145975	0.457983193	0.148703956
chr1	chr11	blind_geom_nearest_to_posterior_top	0	0	0	blind_posterior_reconstruction_geometry	1466	0.361527967	0.521145975	0.457983193	0.148703956
chr1	chr11	blind_geom_nearest_gap_weighted	0	0	0	blind_posterior_reconstruction_geometry	1466	0.361527967	0.521145975	0.457983193	0.148703956
chr1	chr11	blind_margin_geom_gap_weighted	0	0	0	blind_posterior_reconstruction_geometry	1466	0.361527967	0.521145975	0.457983193	0.148703956
chr1	chr11	blind_pmax_geom_gap_weighted	0	0	0	blind_posterior_reconstruction_geometry	1466	0.361527967	0.521145975	0.457983193	0.148703956
chr1	chr11	blind_same_cross_distance_sum	1	0	1	blind_posterior_reconstruction_geometry	1466	0.334242838	0.478854025	0.420168067	0.136425648
chr1	chr11	blind_posterior_mass_same_cross	1	0	1	blind_posterior_reconstruction_geometry	1466	0.334242838	0.478854025	0.420168067	0.136425648
chr1	chr11	blind_chrom_center_same_closer	0	0	0	blind_reconstruction_geometry	1466	0.361527967	0.521145975	0.457983193	0.148703956
chr1	chr11	blind_chrom_homolog_vector_dot	1	0	1	blind_reconstruction_geometry	1466	0.334242838	0.478854025	0.420168067	0.136425648
chr1	chr12	cis_selected_whole_chrom	0	0	0	cis_snp_truth_whole_chrom	815	0.244171779	0.488343558	0.235294118	0.0343558282
chr1	chr12	pair_independent_4state_oracle	1	0	1	snp_truth_oracle	815	0.268711656	0.511656442	0.394957983	0.0576687117
chr1	chr12	blind_geom_nearest_to_posterior_top	0	0	0	blind_posterior_reconstruction_geometry	815	0.244171779	0.488343558	0.235294118	0.0343558282
chr1	chr12	blind_geom_nearest_gap_weighted	0	0	0	blind_posterior_reconstruction_geometry	815	0.244171779	0.488343558	0.235294118	0.0343558282
chr1	chr12	blind_margin_geom_gap_weighted	0	0	0	blind_posterior_reconstruction_geometry	815	0.244171779	0.488343558	0.235294118	0.0343558282
chr1	chr12	blind_pmax_geom_gap_weighted	0	0	0	blind_posterior_reconstruction_geometry	815	0.244171779	0.488343558	0.235294118	0.0343558282
chr1	chr12	blind_same_cross_distance_sum	0	0	0	blind_posterior_reconstruction_geometry	815	0.244171779	0.488343558	0.235294118	0.0343558282
chr1	chr12	blind_posterior_mass_same_cross	0	0	0	blind_posterior_reconstruction_geometry	815	0.244171779	0.488343558	0.235294118	0.0343558282
chr1	chr12	blind_chrom_center_same_closer	0	0	0	blind_reconstruction_geometry	815	0.244171779	0.488343558	0.235294118	0.0343558282
chr1	chr12	blind_chrom_homolog_vector_dot	0	0	0	blind_reconstruction_geometry	815	0.244171779	0.488343558	0.235294118	0.0343558282
chr1	chr13	cis_selected_whole_chrom	0	0	0	cis_snp_truth_whole_chrom	897	0.314381271	0.545150502	0.560606061	0.0412486065
chr1	chr13	pair_independent_4state_oracle	0	0	0	snp_truth_oracle	897	0.314381271	0.545150502	0.560606061	0.0412486065
chr1	chr13	blind_geom_nearest_to_posterior_top	0	0	0	blind_posterior_reconstruction_geometry	897	0.314381271	0.545150502	0.560606061	0.0412486065
chr1	chr13	blind_geom_nearest_gap_weighted	0	0	0	blind_posterior_reconstruction_geometry	897	0.314381271	0.545150502	0.560606061	0.0412486065
chr1	chr13	blind_margin_geom_gap_weighted	0	0	0	blind_posterior_reconstruction_geometry	897	0.314381271	0.545150502	0.560606061	0.0412486065
chr1	chr13	blind_pmax_geom_gap_weighted	0	0	0	blind_posterior_reconstruction_geometry	897	0.314381271	0.545150502	0.560606061	0.0412486065
chr1	chr13	blind_same_cross_distance_sum	1	0	1	blind_posterior_reconstruction_geometry	897	0.229654404	0.454849498	0.196969697	0.0144927536
chr1	chr13	blind_posterior_mass_same_cross	1	0	1	blind_posterior_reconstruction_geometry	897	0.229654404	0.454849498	0.196969697	0.0144927536
chr1	chr13	blind_chrom_center_same_closer	1	0	1	blind_reconstruction_geometry	897	0.229654404	0.454849498	0.196969697	0.0144927536
chr1	chr13	blind_chrom_homolog_vector_dot	1	0	1	blind_reconstruction_geometry	897	0.229654404	0.454849498	0.196969697	0.0144927536
chr1	chr14	cis_selected_whole_chrom	0	0	0	cis_snp_truth_whole_chrom	607	0.28830313	0.484349259	0.289655172	0.0691927512
chr1	chr14	pair_independent_4state_oracle	0	0	0	snp_truth_oracle	607	0.28830313	0.484349259	0.289655172	0.0691927512
chr1	chr14	blind_geom_nearest_to_posterior_top	0	0	0	blind_posterior_reconstruction_geometry	607	0.28830313	0.484349259	0.289655172	0.0691927512
chr1	chr14	blind_geom_nearest_gap_weighted	0	0	0	blind_posterior_reconstruction_geometry	607	0.28830313	0.484349259	0.289655172	0.0691927512
chr1	chr14	blind_margin_geom_gap_weighted	0	0	0	blind_posterior_reconstruction_geometry	607	0.28830313	0.484349259	0.289655172	0.0691927512
chr1	chr14	blind_pmax_geom_gap_weighted	0	0	0	blind_posterior_reconstruction_geometry	607	0.28830313	0.484349259	0.289655172	0.0691927512
chr1	chr14	blind_same_cross_distance_sum	0	0	0	blind_posterior_reconstruction_geometry	607	0.28830313	0.484349259	0.289655172	0.0691927512
chr1	chr14	blind_posterior_mass_same_cross	0	0	0	blind_posterior_reconstruction_geometry	607	0.28830313	0.484349259	0.289655172	0.0691927512
chr1	chr14	blind_chrom_center_same_closer	0	0	0	blind_reconstruction_geometry	607	0.28830313	0.484349259	0.289655172	0.0691927512
chr1	chr14	blind_chrom_homolog_vector_dot	0	0	0	blind_reconstruction_geometry	607	0.28830313	0.484349259	0.289655172	0.0691927512
chr1	chr15	cis_selected_whole_chrom	0	0	0	cis_snp_truth_whole_chrom	966	0.164596273	0.709109731	0.138738739	0.0797101449
chr1	chr15	pair_independent_4state_oracle	3	1	1	snp_truth_oracle	966	0.544513458	0.709109731	0.67027027	0.385093168
chr1	chr15	blind_geom_nearest_to_posterior_top	0	0	0	blind_posterior_reconstruction_geometry	966	0.164596273	0.709109731	0.138738739	0.0797101449
chr1	chr15	blind_geom_nearest_gap_weighted	0	0	0	blind_posterior_reconstruction_geometry	966	0.164596273	0.709109731	0.138738739	0.0797101449
chr1	chr15	blind_margin_geom_gap_weighted	0	0	0	blind_posterior_reconstruction_geometry	966	0.164596273	0.709109731	0.138738739	0.0797101449
chr1	chr15	blind_pmax_geom_gap_weighted	0	0	0	blind_posterior_reconstruction_geometry	966	0.164596273	0.709109731	0.138738739	0.0797101449
chr1	chr15	blind_same_cross_distance_sum	1	0	1	blind_posterior_reconstruction_geometry	966	0.166666667	0.290890269	0.108108108	0.0621118012
chr1	chr15	blind_posterior_mass_same_cross	1	0	1	blind_posterior_reconstruction_geometry	966	0.166666667	0.290890269	0.108108108	0.0621118012
chr1	chr15	blind_chrom_center_same_closer	1	0	1	blind_reconstruction_geometry	966	0.166666667	0.290890269	0.108108108	0.0621118012
chr1	chr15	blind_chrom_homolog_vector_dot	1	0	1	blind_reconstruction_geometry	966	0.166666667	0.290890269	0.108108108	0.0621118012
chr1	chr16	cis_selected_whole_chrom	0	0	0	cis_snp_truth_whole_chrom	548	0.29379562	0.523722628	0.305263158	0.052919708
chr1	chr16	pair_independent_4state_oracle	0	0	0	snp_truth_oracle	548	0.29379562	0.523722628	0.305263158	0.052919708
chr1	chr16	blind_geom_nearest_to_posterior_top	0	0	0	blind_posterior_reconstruction_geometry	548	0.29379562	0.523722628	0.305263158	0.052919708
chr1	chr16	blind_geom_nearest_gap_weighted	0	0	0	blind_posterior_reconstruction_geometry	548	0.29379562	0.523722628	0.305263158	0.052919708
chr1	chr16	blind_margin_geom_gap_weighted	0	0	0	blind_posterior_reconstruction_geometry	548	0.29379562	0.523722628	0.305263158	0.052919708
chr1	chr16	blind_pmax_geom_gap_weighted	0	0	0	blind_posterior_reconstruction_geometry	548	0.29379562	0.523722628	0.305263158	0.052919708
chr1	chr16	blind_same_cross_distance_sum	1	0	1	blind_posterior_reconstruction_geometry	548	0.224452555	0.476277372	0.147368421	0.0255474453
chr1	chr16	blind_posterior_mass_same_cross	1	0	1	blind_posterior_reconstruction_geometry	548	0.224452555	0.476277372	0.147368421	0.0255474453
chr1	chr16	blind_chrom_center_same_closer	1	0	1	blind_reconstruction_geometry	548	0.224452555	0.476277372	0.147368421	0.0255474453
chr1	chr16	blind_chrom_homolog_vector_dot	1	0	1	blind_reconstruction_geometry	548	0.224452555	0.476277372	0.147368421	0.0255474453
chr1	chr17	cis_selected_whole_chrom	0	0	0	cis_snp_truth_whole_chrom	1142	0.37915937	0.667250438	0.442622951	0.0709281961
chr1	chr17	pair_independent_4state_oracle	0	0	0	snp_truth_oracle	1142	0.37915937	0.667250438	0.442622951	0.0709281961
chr1	chr17	blind_geom_nearest_to_posterior_top	0	0	0	blind_posterior_reconstruction_geometry	1142	0.37915937	0.667250438	0.442622951	0.0709281961
chr1	chr17	blind_geom_nearest_gap_weighted	0	0	0	blind_posterior_reconstruction_geometry	1142	0.37915937	0.667250438	0.442622951	0.0709281961
chr1	chr17	blind_margin_geom_gap_weighted	0	0	0	blind_posterior_reconstruction_geometry	1142	0.37915937	0.667250438	0.442622951	0.0709281961
chr1	chr17	blind_pmax_geom_gap_weighted	0	0	0	blind_posterior_reconstruction_geometry	1142	0.37915937	0.667250438	0.442622951	0.0709281961
chr1	chr17	blind_same_cross_distance_sum	0	0	0	blind_posterior_reconstruction_geometry	1142	0.37915937	0.667250438	0.442622951	0.0709281961
chr1	chr17	blind_posterior_mass_same_cross	0	0	0	blind_posterior_reconstruction_geometry	1142	0.37915937	0.667250438	0.442622951	0.0709281961
chr1	chr17	blind_chrom_center_same_closer	0	0	0	blind_reconstruction_geometry	1142	0.37915937	0.667250438	0.442622951	0.0709281961
chr1	chr17	blind_chrom_homolog_vector_dot	0	0	0	blind_reconstruction_geometry	1142	0.37915937	0.667250438	0.442622951	0.0709281961
chr1	chr18	cis_selected_whole_chrom	0	0	0	cis_snp_truth_whole_chrom	570	0.287719298	0.538596491	0.278008299	0.11754386
chr1	chr18	pair_independent_4state_oracle	0	0	0	snp_truth_oracle	570	0.287719298	0.538596491	0.278008299	0.11754386
chr1	chr18	blind_geom_nearest_to_posterior_top	0	0	0	blind_posterior_reconstruction_geometry	570	0.287719298	0.538596491	0.278008299	0.11754386
chr1	chr18	blind_geom_nearest_gap_weighted	0	0	0	blind_posterior_reconstruction_geometry	570	0.287719298	0.538596491	0.278008299	0.11754386
chr1	chr18	blind_margin_geom_gap_weighted	0	0	0	blind_posterior_reconstruction_geometry	570	0.287719298	0.538596491	0.278008299	0.11754386
chr1	chr18	blind_pmax_geom_gap_weighted	0	0	0	blind_posterior_reconstruction_geometry	570	0.287719298	0.538596491	0.278008299	0.11754386
chr1	chr18	blind_same_cross_distance_sum	0	0	0	blind_posterior_reconstruction_geometry	570	0.287719298	0.538596491	0.278008299	0.11754386
chr1	chr18	blind_posterior_mass_same_cross	0	0	0	blind_posterior_reconstruction_geometry	570	0.287719298	0.538596491	0.278008299	0.11754386
chr1	chr18	blind_chrom_center_same_closer	0	0	0	blind_reconstruction_geometry	570	0.287719298	0.538596491	0.278008299	0.11754386
chr1	chr18	blind_chrom_homolog_vector_dot	0	0	0	blind_reconstruction_geometry	570	0.287719298	0.538596491	0.278008299	0.11754386
chr1	chr19	cis_selected_whole_chrom	0	0	0	cis_snp_truth_whole_chrom	347	0.288184438	0.518731988	0.266666667	0.0115273775
chr1	chr19	pair_independent_4state_oracle	0	0	0	snp_truth_oracle	347	0.288184438	0.518731988	0.266666667	0.0115273775
chr1	chr19	blind_geom_nearest_to_posterior_top	0	0	0	blind_posterior_reconstruction_geometry	347	0.288184438	0.518731988	0.266666667	0.0115273775
chr1	chr19	blind_geom_nearest_gap_weighted	0	0	0	blind_posterior_reconstruction_geometry	347	0.288184438	0.518731988	0.266666667	0.0115273775
chr1	chr19	blind_margin_geom_gap_weighted	0	0	0	blind_posterior_reconstruction_geometry	347	0.288184438	0.518731988	0.266666667	0.0115273775
chr1	chr19	blind_pmax_geom_gap_weighted	0	0	0	blind_posterior_reconstruction_geometry	347	0.288184438	0.518731988	0.266666667	0.0115273775
chr1	chr19	blind_same_cross_distance_sum	0	0	0	blind_posterior_reconstruction_geometry	347	0.288184438	0.518731988	0.266666667	0.0115273775
chr1	chr19	blind_posterior_mass_same_cross	0	0	0	blind_posterior_reconstruction_geometry	347	0.288184438	0.518731988	0.266666667	0.0115273775
chr1	chr19	blind_chrom_center_same_closer	0	0	0	blind_reconstruction_geometry	347	0.288184438	0.518731988	0.266666667	0.0115273775
chr1	chr19	blind_chrom_homolog_vector_dot	0	0	0	blind_reconstruction_geometry	347	0.288184438	0.518731988	0.266666667	0.0115273775
chr1	chrX	cis_selected_whole_chrom	0	0	0	cis_snp_truth_whole_chrom	1233	0.502027575	0.708029197	0.718676123	0.246553122
chr1	chrX	pair_independent_4state_oracle	0	0	0	snp_truth_oracle	1233	0.502027575	0.708029197	0.718676123	0.246553122
chr1	chrX	blind_geom_nearest_to_posterior_top	0	0	0	blind_posterior_reconstruction_geometry	1233	0.502027575	0.708029197	0.718676123	0.246553122
chr1	chrX	blind_geom_nearest_gap_weighted	0	0	0	blind_posterior_reconstruction_geometry	1233	0.502027575	0.708029197	0.718676123	0.246553122
chr1	chrX	blind_margin_geom_gap_weighted	0	0	0	blind_posterior_reconstruction_geometry	1233	0.502027575	0.708029197	0.718676123	0.246553122
chr1	chrX	blind_pmax_geom_gap_weighted	0	0	0	blind_posterior_reconstruction_geometry	1233	0.502027575	0.708029197	0.718676123	0.246553122
chr1	chrX	blind_same_cross_distance_sum	1	0	1	blind_posterior_reconstruction_geometry	1233	0.162206002	0.291970803	0.0685579196	0.0235198702
chr1	chrX	blind_posterior_mass_same_cross	1	0	1	blind_posterior_reconstruction_geometry	1233	0.162206002	0.291970803	0.0685579196	0.0235198702
chr1	chrX	blind_chrom_center_same_closer	1	0	1	blind_reconstruction_geometry	1233	0.162206002	0.291970803	0.0685579196	0.0235198702
chr1	chrX	blind_chrom_homolog_vector_dot	1	0	1	blind_reconstruction_geometry	1233	0.162206002	0.291970803	0.0685579196	0.0235198702
chr2	chr3	cis_selected_whole_chrom	0	0	0	cis_snp_truth_whole_chrom	1464	0.183060109	0.31284153	0.0977917981	0.0423497268
chr2	chr3	pair_independent_4state_oracle	1	0	1	snp_truth_oracle	1464	0.556693989	0.68647541	0.761829653	0.329918033
chr2	chr3	blind_geom_nearest_to_posterior_top	0	0	0	blind_posterior_reconstruction_geometry	1464	0.183060109	0.31284153	0.0977917981	0.0423497268
chr2	chr3	blind_geom_nearest_gap_weighted	0	0	0	blind_posterior_reconstruction_geometry	1464	0.183060109	0.31284153	0.0977917981	0.0423497268
chr2	chr3	blind_margin_geom_gap_weighted	0	0	0	blind_posterior_reconstruction_geometry	1464	0.183060109	0.31284153	0.0977917981	0.0423497268
chr2	chr3	blind_pmax_geom_gap_weighted	0	0	0	blind_posterior_reconstruction_geometry	1464	0.183060109	0.31284153	0.0977917981	0.0423497268
chr2	chr3	blind_same_cross_distance_sum	0	0	0	blind_posterior_reconstruction_geometry	1464	0.183060109	0.31284153	0.0977917981	0.0423497268
chr2	chr3	blind_posterior_mass_same_cross	0	0	0	blind_posterior_reconstruction_geometry	1464	0.183060109	0.31284153	0.0977917981	0.0423497268
chr2	chr3	blind_chrom_center_same_closer	0	0	0	blind_reconstruction_geometry	1464	0.183060109	0.31284153	0.0977917981	0.0423497268
chr2	chr3	blind_chrom_homolog_vector_dot	0	0	0	blind_reconstruction_geometry	1464	0.183060109	0.31284153	0.0977917981	0.0423497268
chr2	chr4	cis_selected_whole_chrom	0	0	0	cis_snp_truth_whole_chrom	1382	0.597684515	0.74602026	0.750636132	0.426917511
chr2	chr4	pair_independent_4state_oracle	0	0	0	snp_truth_oracle	1382	0.597684515	0.74602026	0.750636132	0.426917511
chr2	chr4	blind_geom_nearest_to_posterior_top	0	0	0	blind_posterior_reconstruction_geometry	1382	0.597684515	0.74602026	0.750636132	0.426917511
chr2	chr4	blind_geom_nearest_gap_weighted	0	0	0	blind_posterior_reconstruction_geometry	1382	0.597684515	0.74602026	0.750636132	0.426917511
chr2	chr4	blind_margin_geom_gap_weighted	0	0	0	blind_posterior_reconstruction_geometry	1382	0.597684515	0.74602026	0.750636132	0.426917511
chr2	chr4	blind_pmax_geom_gap_weighted	0	0	0	blind_posterior_reconstruction_geometry	1382	0.597684515	0.74602026	0.750636132	0.426917511
chr2	chr4	blind_same_cross_distance_sum	0	0	0	blind_posterior_reconstruction_geometry	1382	0.597684515	0.74602026	0.750636132	0.426917511
chr2	chr4	blind_posterior_mass_same_cross	0	0	0	blind_posterior_reconstruction_geometry	1382	0.597684515	0.74602026	0.750636132	0.426917511
chr2	chr4	blind_chrom_center_same_closer	0	0	0	blind_reconstruction_geometry	1382	0.597684515	0.74602026	0.750636132	0.426917511
chr2	chr4	blind_chrom_homolog_vector_dot	0	0	0	blind_reconstruction_geometry	1382	0.597684515	0.74602026	0.750636132	0.426917511
chr2	chr5	cis_selected_whole_chrom	0	0	0	cis_snp_truth_whole_chrom	864	0.253472222	0.466435185	0.239884393	0.0960648148
chr2	chr5	pair_independent_4state_oracle	1	0	1	snp_truth_oracle	864	0.31712963	0.533564815	0.309248555	0.123842593
chr2	chr5	blind_geom_nearest_to_posterior_top	0	0	0	blind_posterior_reconstruction_geometry	864	0.253472222	0.466435185	0.239884393	0.0960648148
chr2	chr5	blind_geom_nearest_gap_weighted	0	0	0	blind_posterior_reconstruction_geometry	864	0.253472222	0.466435185	0.239884393	0.0960648148
chr2	chr5	blind_margin_geom_gap_weighted	0	0	0	blind_posterior_reconstruction_geometry	864	0.253472222	0.466435185	0.239884393	0.0960648148
chr2	chr5	blind_pmax_geom_gap_weighted	0	0	0	blind_posterior_reconstruction_geometry	864	0.253472222	0.466435185	0.239884393	0.0960648148
chr2	chr5	blind_same_cross_distance_sum	1	0	1	blind_posterior_reconstruction_geometry	864	0.31712963	0.533564815	0.309248555	0.123842593
chr2	chr5	blind_posterior_mass_same_cross	1	0	1	blind_posterior_reconstruction_geometry	864	0.31712963	0.533564815	0.309248555	0.123842593
chr2	chr5	blind_chrom_center_same_closer	1	0	1	blind_reconstruction_geometry	864	0.31712963	0.533564815	0.309248555	0.123842593
chr2	chr5	blind_chrom_homolog_vector_dot	1	0	1	blind_reconstruction_geometry	864	0.31712963	0.533564815	0.309248555	0.123842593
chr2	chr6	cis_selected_whole_chrom	0	0	0	cis_snp_truth_whole_chrom	1660	0.651204819	0.745180723	0.740408163	0.546385542
chr2	chr6	pair_independent_4state_oracle	0	0	0	snp_truth_oracle	1660	0.651204819	0.745180723	0.740408163	0.546385542
chr2	chr6	blind_geom_nearest_to_posterior_top	0	0	0	blind_posterior_reconstruction_geometry	1660	0.651204819	0.745180723	0.740408163	0.546385542
chr2	chr6	blind_geom_nearest_gap_weighted	0	0	0	blind_posterior_reconstruction_geometry	1660	0.651204819	0.745180723	0.740408163	0.546385542
chr2	chr6	blind_margin_geom_gap_weighted	0	0	0	blind_posterior_reconstruction_geometry	1660	0.651204819	0.745180723	0.740408163	0.546385542
chr2	chr6	blind_pmax_geom_gap_weighted	0	0	0	blind_posterior_reconstruction_geometry	1660	0.651204819	0.745180723	0.740408163	0.546385542
chr2	chr6	blind_same_cross_distance_sum	1	0	1	blind_posterior_reconstruction_geometry	1660	0.142168675	0.254819277	0.102857143	0.0759036145
chr2	chr6	blind_posterior_mass_same_cross	1	0	1	blind_posterior_reconstruction_geometry	1660	0.142168675	0.254819277	0.102857143	0.0759036145
chr2	chr6	blind_chrom_center_same_closer	1	0	1	blind_reconstruction_geometry	1660	0.142168675	0.254819277	0.102857143	0.0759036145
chr2	chr6	blind_chrom_homolog_vector_dot	1	0	1	blind_reconstruction_geometry	1660	0.142168675	0.254819277	0.102857143	0.0759036145
chr2	chr7	cis_selected_whole_chrom	0	0	0	cis_snp_truth_whole_chrom	1126	0.322380107	0.509769094	0.425	0.150976909
chr2	chr7	pair_independent_4state_oracle	1	0	1	snp_truth_oracle	1126	0.325932504	0.490230906	0.425	0.150976909
chr2	chr7	blind_geom_nearest_to_posterior_top	0	0	0	blind_posterior_reconstruction_geometry	1126	0.322380107	0.509769094	0.425	0.150976909
chr2	chr7	blind_geom_nearest_gap_weighted	0	0	0	blind_posterior_reconstruction_geometry	1126	0.322380107	0.509769094	0.425	0.150976909
chr2	chr7	blind_margin_geom_gap_weighted	0	0	0	blind_posterior_reconstruction_geometry	1126	0.322380107	0.509769094	0.425	0.150976909
chr2	chr7	blind_pmax_geom_gap_weighted	0	0	0	blind_posterior_reconstruction_geometry	1126	0.322380107	0.509769094	0.425	0.150976909
chr2	chr7	blind_same_cross_distance_sum	0	0	0	blind_posterior_reconstruction_geometry	1126	0.322380107	0.509769094	0.425	0.150976909
chr2	chr7	blind_posterior_mass_same_cross	1	0	1	blind_posterior_reconstruction_geometry	1126	0.325932504	0.490230906	0.425	0.150976909
chr2	chr7	blind_chrom_center_same_closer	0	0	0	blind_reconstruction_geometry	1126	0.322380107	0.509769094	0.425	0.150976909
chr2	chr7	blind_chrom_homolog_vector_dot	0	0	0	blind_reconstruction_geometry	1126	0.322380107	0.509769094	0.425	0.150976909
chr2	chr8	cis_selected_whole_chrom	0	0	0	cis_snp_truth_whole_chrom	1477	0.576844956	0.729180772	0.78856383	0.401489506
chr2	chr8	pair_independent_4state_oracle	0	0	0	snp_truth_oracle	1477	0.576844956	0.729180772	0.78856383	0.401489506
chr2	chr8	blind_geom_nearest_to_posterior_top	0	0	0	blind_posterior_reconstruction_geometry	1477	0.576844956	0.729180772	0.78856383	0.401489506
chr2	chr8	blind_geom_nearest_gap_weighted	0	0	0	blind_posterior_reconstruction_geometry	1477	0.576844956	0.729180772	0.78856383	0.401489506
chr2	chr8	blind_margin_geom_gap_weighted	0	0	0	blind_posterior_reconstruction_geometry	1477	0.576844956	0.729180772	0.78856383	0.401489506
chr2	chr8	blind_pmax_geom_gap_weighted	0	0	0	blind_posterior_reconstruction_geometry	1477	0.576844956	0.729180772	0.78856383	0.401489506
chr2	chr8	blind_same_cross_distance_sum	0	0	0	blind_posterior_reconstruction_geometry	1477	0.576844956	0.729180772	0.78856383	0.401489506
chr2	chr8	blind_posterior_mass_same_cross	0	0	0	blind_posterior_reconstruction_geometry	1477	0.576844956	0.729180772	0.78856383	0.401489506
chr2	chr8	blind_chrom_center_same_closer	0	0	0	blind_reconstruction_geometry	1477	0.576844956	0.729180772	0.78856383	0.401489506
chr2	chr8	blind_chrom_homolog_vector_dot	1	0	1	blind_reconstruction_geometry	1477	0.142857143	0.270819228	0.0691489362	0.0352064997
chr2	chr9	cis_selected_whole_chrom	0	0	0	cis_snp_truth_whole_chrom	1624	0.591748768	0.6841133	0.725943971	0.366995074
chr2	chr9	pair_independent_4state_oracle	0	0	0	snp_truth_oracle	1624	0.591748768	0.6841133	0.725943971	0.366995074
chr2	chr9	blind_geom_nearest_to_posterior_top	0	0	0	blind_posterior_reconstruction_geometry	1624	0.591748768	0.6841133	0.725943971	0.366995074
chr2	chr9	blind_geom_nearest_gap_weighted	0	0	0	blind_posterior_reconstruction_geometry	1624	0.591748768	0.6841133	0.725943971	0.366995074
chr2	chr9	blind_margin_geom_gap_weighted	0	0	0	blind_posterior_reconstruction_geometry	1624	0.591748768	0.6841133	0.725943971	0.366995074
chr2	chr9	blind_pmax_geom_gap_weighted	0	0	0	blind_posterior_reconstruction_geometry	1624	0.591748768	0.6841133	0.725943971	0.366995074
chr2	chr9	blind_same_cross_distance_sum	1	0	1	blind_posterior_reconstruction_geometry	1624	0.229679803	0.317118227	0.191230207	0.0966748768
chr2	chr9	blind_posterior_mass_same_cross	1	0	1	blind_posterior_reconstruction_geometry	1624	0.229679803	0.317118227	0.191230207	0.0966748768
chr2	chr9	blind_chrom_center_same_closer	1	0	1	blind_reconstruction_geometry	1624	0.229679803	0.317118227	0.191230207	0.0966748768
chr2	chr9	blind_chrom_homolog_vector_dot	1	0	1	blind_reconstruction_geometry	1624	0.229679803	0.317118227	0.191230207	0.0966748768
chr2	chr10	cis_selected_whole_chrom	0	0	0	cis_snp_truth_whole_chrom	664	0.27560241	0.515060241	0.272727273	0.0135542169
chr2	chr10	pair_independent_4state_oracle	0	0	0	snp_truth_oracle	664	0.27560241	0.515060241	0.272727273	0.0135542169
chr2	chr10	blind_geom_nearest_to_posterior_top	0	0	0	blind_posterior_reconstruction_geometry	664	0.27560241	0.515060241	0.272727273	0.0135542169
chr2	chr10	blind_geom_nearest_gap_weighted	0	0	0	blind_posterior_reconstruction_geometry	664	0.27560241	0.515060241	0.272727273	0.0135542169
chr2	chr10	blind_margin_geom_gap_weighted	0	0	0	blind_posterior_reconstruction_geometry	664	0.27560241	0.515060241	0.272727273	0.0135542169
chr2	chr10	blind_pmax_geom_gap_weighted	0	0	0	blind_posterior_reconstruction_geometry	664	0.27560241	0.515060241	0.272727273	0.0135542169
chr2	chr10	blind_same_cross_distance_sum	0	0	0	blind_posterior_reconstruction_geometry	664	0.27560241	0.515060241	0.272727273	0.0135542169
chr2	chr10	blind_posterior_mass_same_cross	0	0	0	blind_posterior_reconstruction_geometry	664	0.27560241	0.515060241	0.272727273	0.0135542169
chr2	chr10	blind_chrom_center_same_closer	0	0	0	blind_reconstruction_geometry	664	0.27560241	0.515060241	0.272727273	0.0135542169
chr2	chr10	blind_chrom_homolog_vector_dot	0	0	0	blind_reconstruction_geometry	664	0.27560241	0.515060241	0.272727273	0.0135542169
chr2	chr11	cis_selected_whole_chrom	0	0	0	cis_snp_truth_whole_chrom	940	0.365957447	0.584042553	0.595419847	0.0829787234
chr2	chr11	pair_independent_4state_oracle	0	0	0	snp_truth_oracle	940	0.365957447	0.584042553	0.595419847	0.0829787234
chr2	chr11	blind_geom_nearest_to_posterior_top	0	0	0	blind_posterior_reconstruction_geometry	940	0.365957447	0.584042553	0.595419847	0.0829787234
chr2	chr11	blind_geom_nearest_gap_weighted	0	0	0	blind_posterior_reconstruction_geometry	940	0.365957447	0.584042553	0.595419847	0.0829787234
chr2	chr11	blind_margin_geom_gap_weighted	0	0	0	blind_posterior_reconstruction_geometry	940	0.365957447	0.584042553	0.595419847	0.0829787234
chr2	chr11	blind_pmax_geom_gap_weighted	0	0	0	blind_posterior_reconstruction_geometry	940	0.365957447	0.584042553	0.595419847	0.0829787234
chr2	chr11	blind_same_cross_distance_sum	0	0	0	blind_posterior_reconstruction_geometry	940	0.365957447	0.584042553	0.595419847	0.0829787234
chr2	chr11	blind_posterior_mass_same_cross	0	0	0	blind_posterior_reconstruction_geometry	940	0.365957447	0.584042553	0.595419847	0.0829787234
chr2	chr11	blind_chrom_center_same_closer	0	0	0	blind_reconstruction_geometry	940	0.365957447	0.584042553	0.595419847	0.0829787234
chr2	chr11	blind_chrom_homolog_vector_dot	0	0	0	blind_reconstruction_geometry	940	0.365957447	0.584042553	0.595419847	0.0829787234
chr2	chr12	cis_selected_whole_chrom	0	0	0	cis_snp_truth_whole_chrom	701	0.259629101	0.507845934	0.233870968	0.0413694722
chr2	chr12	pair_independent_4state_oracle	2	1	0	snp_truth_oracle	701	0.268188302	0.492154066	0.314516129	0.0556348074
chr2	chr12	blind_geom_nearest_to_posterior_top	0	0	0	blind_posterior_reconstruction_geometry	701	0.259629101	0.507845934	0.233870968	0.0413694722
chr2	chr12	blind_geom_nearest_gap_weighted	0	0	0	blind_posterior_reconstruction_geometry	701	0.259629101	0.507845934	0.233870968	0.0413694722
chr2	chr12	blind_margin_geom_gap_weighted	0	0	0	blind_posterior_reconstruction_geometry	701	0.259629101	0.507845934	0.233870968	0.0413694722
chr2	chr12	blind_pmax_geom_gap_weighted	0	0	0	blind_posterior_reconstruction_geometry	701	0.259629101	0.507845934	0.233870968	0.0413694722
chr2	chr12	blind_same_cross_distance_sum	1	0	1	blind_posterior_reconstruction_geometry	701	0.223965763	0.492154066	0.193548387	0.0342368046
chr2	chr12	blind_posterior_mass_same_cross	1	0	1	blind_posterior_reconstruction_geometry	701	0.223965763	0.492154066	0.193548387	0.0342368046
chr2	chr12	blind_chrom_center_same_closer	1	0	1	blind_reconstruction_geometry	701	0.223965763	0.492154066	0.193548387	0.0342368046
chr2	chr12	blind_chrom_homolog_vector_dot	1	0	1	blind_reconstruction_geometry	701	0.223965763	0.492154066	0.193548387	0.0342368046
chr2	chr13	cis_selected_whole_chrom	0	0	0	cis_snp_truth_whole_chrom	715	0.251748252	0.496503497	0.2	0.00979020979
chr2	chr13	pair_independent_4state_oracle	1	0	1	snp_truth_oracle	715	0.267132867	0.503496503	0.314285714	0.0153846154
chr2	chr13	blind_geom_nearest_to_posterior_top	0	0	0	blind_posterior_reconstruction_geometry	715	0.251748252	0.496503497	0.2	0.00979020979
chr2	chr13	blind_geom_nearest_gap_weighted	0	0	0	blind_posterior_reconstruction_geometry	715	0.251748252	0.496503497	0.2	0.00979020979
chr2	chr13	blind_margin_geom_gap_weighted	0	0	0	blind_posterior_reconstruction_geometry	715	0.251748252	0.496503497	0.2	0.00979020979
chr2	chr13	blind_pmax_geom_gap_weighted	0	0	0	blind_posterior_reconstruction_geometry	715	0.251748252	0.496503497	0.2	0.00979020979
chr2	chr13	blind_same_cross_distance_sum	1	0	1	blind_posterior_reconstruction_geometry	715	0.267132867	0.503496503	0.314285714	0.0153846154
chr2	chr13	blind_posterior_mass_same_cross	1	0	1	blind_posterior_reconstruction_geometry	715	0.267132867	0.503496503	0.314285714	0.0153846154
chr2	chr13	blind_chrom_center_same_closer	1	0	1	blind_reconstruction_geometry	715	0.267132867	0.503496503	0.314285714	0.0153846154
chr2	chr13	blind_chrom_homolog_vector_dot	1	0	1	blind_reconstruction_geometry	715	0.267132867	0.503496503	0.314285714	0.0153846154
chr2	chr14	cis_selected_whole_chrom	0	0	0	cis_snp_truth_whole_chrom	635	0.228346457	0.51023622	0.239473684	0.143307087
chr2	chr14	pair_independent_4state_oracle	3	1	1	snp_truth_oracle	635	0.281889764	0.51023622	0.276315789	0.165354331
chr2	chr14	blind_geom_nearest_to_posterior_top	0	0	0	blind_posterior_reconstruction_geometry	635	0.228346457	0.51023622	0.239473684	0.143307087
chr2	chr14	blind_geom_nearest_gap_weighted	0	0	0	blind_posterior_reconstruction_geometry	635	0.228346457	0.51023622	0.239473684	0.143307087
chr2	chr14	blind_margin_geom_gap_weighted	0	0	0	blind_posterior_reconstruction_geometry	635	0.228346457	0.51023622	0.239473684	0.143307087
chr2	chr14	blind_pmax_geom_gap_weighted	0	0	0	blind_posterior_reconstruction_geometry	635	0.228346457	0.51023622	0.239473684	0.143307087
chr2	chr14	blind_same_cross_distance_sum	0	0	0	blind_posterior_reconstruction_geometry	635	0.228346457	0.51023622	0.239473684	0.143307087
chr2	chr14	blind_posterior_mass_same_cross	0	0	0	blind_posterior_reconstruction_geometry	635	0.228346457	0.51023622	0.239473684	0.143307087
chr2	chr14	blind_chrom_center_same_closer	0	0	0	blind_reconstruction_geometry	635	0.228346457	0.51023622	0.239473684	0.143307087
chr2	chr14	blind_chrom_homolog_vector_dot	0	0	0	blind_reconstruction_geometry	635	0.228346457	0.51023622	0.239473684	0.143307087
chr2	chr15	cis_selected_whole_chrom	0	0	0	cis_snp_truth_whole_chrom	490	0.255102041	0.506122449	0.229508197	0.0285714286
chr2	chr15	pair_independent_4state_oracle	0	0	0	snp_truth_oracle	490	0.255102041	0.506122449	0.229508197	0.0285714286
chr2	chr15	blind_geom_nearest_to_posterior_top	0	0	0	blind_posterior_reconstruction_geometry	490	0.255102041	0.506122449	0.229508197	0.0285714286
chr2	chr15	blind_geom_nearest_gap_weighted	0	0	0	blind_posterior_reconstruction_geometry	490	0.255102041	0.506122449	0.229508197	0.0285714286
chr2	chr15	blind_margin_geom_gap_weighted	0	0	0	blind_posterior_reconstruction_geometry	490	0.255102041	0.506122449	0.229508197	0.0285714286
chr2	chr15	blind_pmax_geom_gap_weighted	0	0	0	blind_posterior_reconstruction_geometry	490	0.255102041	0.506122449	0.229508197	0.0285714286
chr2	chr15	blind_same_cross_distance_sum	0	0	0	blind_posterior_reconstruction_geometry	490	0.255102041	0.506122449	0.229508197	0.0285714286
chr2	chr15	blind_posterior_mass_same_cross	1	0	1	blind_posterior_reconstruction_geometry	490	0.248979592	0.493877551	0.278688525	0.0346938776
chr2	chr15	blind_chrom_center_same_closer	0	0	0	blind_reconstruction_geometry	490	0.255102041	0.506122449	0.229508197	0.0285714286
chr2	chr15	blind_chrom_homolog_vector_dot	0	0	0	blind_reconstruction_geometry	490	0.255102041	0.506122449	0.229508197	0.0285714286
chr2	chr16	cis_selected_whole_chrom	0	0	0	cis_snp_truth_whole_chrom	1019	0.609421001	0.722276742	0.747491639	0.438665358
chr2	chr16	pair_independent_4state_oracle	0	0	0	snp_truth_oracle	1019	0.609421001	0.722276742	0.747491639	0.438665358
chr2	chr16	blind_geom_nearest_to_posterior_top	0	0	0	blind_posterior_reconstruction_geometry	1019	0.609421001	0.722276742	0.747491639	0.438665358
chr2	chr16	blind_geom_nearest_gap_weighted	0	0	0	blind_posterior_reconstruction_geometry	1019	0.609421001	0.722276742	0.747491639	0.438665358
chr2	chr16	blind_margin_geom_gap_weighted	0	0	0	blind_posterior_reconstruction_geometry	1019	0.609421001	0.722276742	0.747491639	0.438665358
chr2	chr16	blind_pmax_geom_gap_weighted	0	0	0	blind_posterior_reconstruction_geometry	1019	0.609421001	0.722276742	0.747491639	0.438665358
chr2	chr16	blind_same_cross_distance_sum	1	0	1	blind_posterior_reconstruction_geometry	1019	0.157998037	0.277723258	0.0986622074	0.0578999019
chr2	chr16	blind_posterior_mass_same_cross	1	0	1	blind_posterior_reconstruction_geometry	1019	0.157998037	0.277723258	0.0986622074	0.0578999019
chr2	chr16	blind_chrom_center_same_closer	1	0	1	blind_reconstruction_geometry	1019	0.157998037	0.277723258	0.0986622074	0.0578999019
chr2	chr16	blind_chrom_homolog_vector_dot	1	0	1	blind_reconstruction_geometry	1019	0.157998037	0.277723258	0.0986622074	0.0578999019
chr2	chr17	cis_selected_whole_chrom	0	0	0	cis_snp_truth_whole_chrom	653	0.30474732	0.505359877	0.278350515	0.124042879
chr2	chr17	pair_independent_4state_oracle	0	0	0	snp_truth_oracle	653	0.30474732	0.505359877	0.278350515	0.124042879
chr2	chr17	blind_geom_nearest_to_posterior_top	0	0	0	blind_posterior_reconstruction_geometry	653	0.30474732	0.505359877	0.278350515	0.124042879
chr2	chr17	blind_geom_nearest_gap_weighted	0	0	0	blind_posterior_reconstruction_geometry	653	0.30474732	0.505359877	0.278350515	0.124042879
chr2	chr17	blind_margin_geom_gap_weighted	0	0	0	blind_posterior_reconstruction_geometry	653	0.30474732	0.505359877	0.278350515	0.124042879
chr2	chr17	blind_pmax_geom_gap_weighted	0	0	0	blind_posterior_reconstruction_geometry	653	0.30474732	0.505359877	0.278350515	0.124042879
chr2	chr17	blind_same_cross_distance_sum	1	0	1	blind_posterior_reconstruction_geometry	653	0.21898928	0.494640123	0.209621993	0.0934150077
chr2	chr17	blind_posterior_mass_same_cross	1	0	1	blind_posterior_reconstruction_geometry	653	0.21898928	0.494640123	0.209621993	0.0934150077
chr2	chr17	blind_chrom_center_same_closer	1	0	1	blind_reconstruction_geometry	653	0.21898928	0.494640123	0.209621993	0.0934150077
chr2	chr17	blind_chrom_homolog_vector_dot	1	0	1	blind_reconstruction_geometry	653	0.21898928	0.494640123	0.209621993	0.0934150077
chr2	chr18	cis_selected_whole_chrom	0	0	0	cis_snp_truth_whole_chrom	568	0.299295775	0.542253521	0.272727273	0.0158450704
chr2	chr18	pair_independent_4state_oracle	0	0	0	snp_truth_oracle	568	0.299295775	0.542253521	0.272727273	0.0158450704
chr2	chr18	blind_geom_nearest_to_posterior_top	0	0	0	blind_posterior_reconstruction_geometry	568	0.299295775	0.542253521	0.272727273	0.0158450704
chr2	chr18	blind_geom_nearest_gap_weighted	0	0	0	blind_posterior_reconstruction_geometry	568	0.299295775	0.542253521	0.272727273	0.0158450704
chr2	chr18	blind_margin_geom_gap_weighted	0	0	0	blind_posterior_reconstruction_geometry	568	0.299295775	0.542253521	0.272727273	0.0158450704
chr2	chr18	blind_pmax_geom_gap_weighted	0	0	0	blind_posterior_reconstruction_geometry	568	0.299295775	0.542253521	0.272727273	0.0158450704
chr2	chr18	blind_same_cross_distance_sum	0	0	0	blind_posterior_reconstruction_geometry	568	0.299295775	0.542253521	0.272727273	0.0158450704
chr2	chr18	blind_posterior_mass_same_cross	0	0	0	blind_posterior_reconstruction_geometry	568	0.299295775	0.542253521	0.272727273	0.0158450704
chr2	chr18	blind_chrom_center_same_closer	0	0	0	blind_reconstruction_geometry	568	0.299295775	0.542253521	0.272727273	0.0158450704
chr2	chr18	blind_chrom_homolog_vector_dot	0	0	0	blind_reconstruction_geometry	568	0.299295775	0.542253521	0.272727273	0.0158450704
chr2	chr19	cis_selected_whole_chrom	0	0	0	cis_snp_truth_whole_chrom	447	0.234899329	0.489932886	0.243243243	0.0201342282
chr2	chr19	pair_independent_4state_oracle	3	1	1	snp_truth_oracle	447	0.25950783	0.492170022	0.135135135	0.0111856823
chr2	chr19	blind_geom_nearest_to_posterior_top	0	0	0	blind_posterior_reconstruction_geometry	447	0.234899329	0.489932886	0.243243243	0.0201342282
chr2	chr19	blind_geom_nearest_gap_weighted	0	0	0	blind_posterior_reconstruction_geometry	447	0.234899329	0.489932886	0.243243243	0.0201342282
chr2	chr19	blind_margin_geom_gap_weighted	0	0	0	blind_posterior_reconstruction_geometry	447	0.234899329	0.489932886	0.243243243	0.0201342282
chr2	chr19	blind_pmax_geom_gap_weighted	0	0	0	blind_posterior_reconstruction_geometry	447	0.234899329	0.489932886	0.243243243	0.0201342282
chr2	chr19	blind_same_cross_distance_sum	0	0	0	blind_posterior_reconstruction_geometry	447	0.234899329	0.489932886	0.243243243	0.0201342282
chr2	chr19	blind_posterior_mass_same_cross	0	0	0	blind_posterior_reconstruction_geometry	447	0.234899329	0.489932886	0.243243243	0.0201342282
chr2	chr19	blind_chrom_center_same_closer	0	0	0	blind_reconstruction_geometry	447	0.234899329	0.489932886	0.243243243	0.0201342282
chr2	chr19	blind_chrom_homolog_vector_dot	0	0	0	blind_reconstruction_geometry	447	0.234899329	0.489932886	0.243243243	0.0201342282
chr2	chrX	cis_selected_whole_chrom	0	0	0	cis_snp_truth_whole_chrom	735	0.378231293	0.556462585	0.393382353	0.145578231
chr2	chrX	pair_independent_4state_oracle	0	0	0	snp_truth_oracle	735	0.378231293	0.556462585	0.393382353	0.145578231
chr2	chrX	blind_geom_nearest_to_posterior_top	0	0	0	blind_posterior_reconstruction_geometry	735	0.378231293	0.556462585	0.393382353	0.145578231
chr2	chrX	blind_geom_nearest_gap_weighted	0	0	0	blind_posterior_reconstruction_geometry	735	0.378231293	0.556462585	0.393382353	0.145578231
chr2	chrX	blind_margin_geom_gap_weighted	0	0	0	blind_posterior_reconstruction_geometry	735	0.378231293	0.556462585	0.393382353	0.145578231
chr2	chrX	blind_pmax_geom_gap_weighted	0	0	0	blind_posterior_reconstruction_geometry	735	0.378231293	0.556462585	0.393382353	0.145578231
chr2	chrX	blind_same_cross_distance_sum	1	0	1	blind_posterior_reconstruction_geometry	735	0.247619048	0.443537415	0.290441176	0.107482993
chr2	chrX	blind_posterior_mass_same_cross	1	0	1	blind_posterior_reconstruction_geometry	735	0.247619048	0.443537415	0.290441176	0.107482993
chr2	chrX	blind_chrom_center_same_closer	1	0	1	blind_reconstruction_geometry	735	0.247619048	0.443537415	0.290441176	0.107482993
chr2	chrX	blind_chrom_homolog_vector_dot	1	0	1	blind_reconstruction_geometry	735	0.247619048	0.443537415	0.290441176	0.107482993
chr3	chr4	cis_selected_whole_chrom	0	0	0	cis_snp_truth_whole_chrom	870	0.286206897	0.501149425	0.288461538	0.0517241379
chr3	chr4	pair_independent_4state_oracle	2	1	0	snp_truth_oracle	870	0.287356322	0.498850575	0.301282051	0.0540229885
chr3	chr4	blind_geom_nearest_to_posterior_top	0	0	0	blind_posterior_reconstruction_geometry	870	0.286206897	0.501149425	0.288461538	0.0517241379
chr3	chr4	blind_geom_nearest_gap_weighted	0	0	0	blind_posterior_reconstruction_geometry	870	0.286206897	0.501149425	0.288461538	0.0517241379
chr3	chr4	blind_margin_geom_gap_weighted	0	0	0	blind_posterior_reconstruction_geometry	870	0.286206897	0.501149425	0.288461538	0.0517241379
chr3	chr4	blind_pmax_geom_gap_weighted	0	0	0	blind_posterior_reconstruction_geometry	870	0.286206897	0.501149425	0.288461538	0.0517241379
chr3	chr4	blind_same_cross_distance_sum	0	0	0	blind_posterior_reconstruction_geometry	870	0.286206897	0.501149425	0.288461538	0.0517241379
chr3	chr4	blind_posterior_mass_same_cross	0	0	0	blind_posterior_reconstruction_geometry	870	0.286206897	0.501149425	0.288461538	0.0517241379
chr3	chr4	blind_chrom_center_same_closer	0	0	0	blind_reconstruction_geometry	870	0.286206897	0.501149425	0.288461538	0.0517241379
chr3	chr4	blind_chrom_homolog_vector_dot	0	0	0	blind_reconstruction_geometry	870	0.286206897	0.501149425	0.288461538	0.0517241379
chr3	chr5	cis_selected_whole_chrom	0	0	0	cis_snp_truth_whole_chrom	690	0.224637681	0.484057971	0.111111111	0.00434782609
chr3	chr5	pair_independent_4state_oracle	2	1	0	snp_truth_oracle	690	0.268115942	0.515942029	0.333333333	0.0130434783
chr3	chr5	blind_geom_nearest_to_posterior_top	0	0	0	blind_posterior_reconstruction_geometry	690	0.224637681	0.484057971	0.111111111	0.00434782609
chr3	chr5	blind_geom_nearest_gap_weighted	0	0	0	blind_posterior_reconstruction_geometry	690	0.224637681	0.484057971	0.111111111	0.00434782609
chr3	chr5	blind_margin_geom_gap_weighted	0	0	0	blind_posterior_reconstruction_geometry	690	0.224637681	0.484057971	0.111111111	0.00434782609
chr3	chr5	blind_pmax_geom_gap_weighted	0	0	0	blind_posterior_reconstruction_geometry	690	0.224637681	0.484057971	0.111111111	0.00434782609
chr3	chr5	blind_same_cross_distance_sum	1	0	1	blind_posterior_reconstruction_geometry	690	0.247826087	0.515942029	0.296296296	0.0115942029
chr3	chr5	blind_posterior_mass_same_cross	1	0	1	blind_posterior_reconstruction_geometry	690	0.247826087	0.515942029	0.296296296	0.0115942029
chr3	chr5	blind_chrom_center_same_closer	1	0	1	blind_reconstruction_geometry	690	0.247826087	0.515942029	0.296296296	0.0115942029
chr3	chr5	blind_chrom_homolog_vector_dot	1	0	1	blind_reconstruction_geometry	690	0.247826087	0.515942029	0.296296296	0.0115942029
chr3	chr6	cis_selected_whole_chrom	0	0	0	cis_snp_truth_whole_chrom	683	0.21522694	0.477306003	0.224096386	0.136163982
chr3	chr6	pair_independent_4state_oracle	1	0	1	snp_truth_oracle	683	0.286969253	0.522693997	0.296385542	0.180087848
chr3	chr6	blind_geom_nearest_to_posterior_top	0	0	0	blind_posterior_reconstruction_geometry	683	0.21522694	0.477306003	0.224096386	0.136163982
chr3	chr6	blind_geom_nearest_gap_weighted	0	0	0	blind_posterior_reconstruction_geometry	683	0.21522694	0.477306003	0.224096386	0.136163982
chr3	chr6	blind_margin_geom_gap_weighted	0	0	0	blind_posterior_reconstruction_geometry	683	0.21522694	0.477306003	0.224096386	0.136163982
chr3	chr6	blind_pmax_geom_gap_weighted	0	0	0	blind_posterior_reconstruction_geometry	683	0.21522694	0.477306003	0.224096386	0.136163982
chr3	chr6	blind_same_cross_distance_sum	0	0	0	blind_posterior_reconstruction_geometry	683	0.21522694	0.477306003	0.224096386	0.136163982
chr3	chr6	blind_posterior_mass_same_cross	0	0	0	blind_posterior_reconstruction_geometry	683	0.21522694	0.477306003	0.224096386	0.136163982
chr3	chr6	blind_chrom_center_same_closer	0	0	0	blind_reconstruction_geometry	683	0.21522694	0.477306003	0.224096386	0.136163982
chr3	chr6	blind_chrom_homolog_vector_dot	1	0	1	blind_reconstruction_geometry	683	0.286969253	0.522693997	0.296385542	0.180087848
chr3	chr7	cis_selected_whole_chrom	0	0	0	cis_snp_truth_whole_chrom	2113	0.439185991	0.682442026	0.620448179	0.20965452
chr3	chr7	pair_independent_4state_oracle	0	0	0	snp_truth_oracle	2113	0.439185991	0.682442026	0.620448179	0.20965452
chr3	chr7	blind_geom_nearest_to_posterior_top	0	0	0	blind_posterior_reconstruction_geometry	2113	0.439185991	0.682442026	0.620448179	0.20965452
chr3	chr7	blind_geom_nearest_gap_weighted	0	0	0	blind_posterior_reconstruction_geometry	2113	0.439185991	0.682442026	0.620448179	0.20965452
chr3	chr7	blind_margin_geom_gap_weighted	0	0	0	blind_posterior_reconstruction_geometry	2113	0.439185991	0.682442026	0.620448179	0.20965452
chr3	chr7	blind_pmax_geom_gap_weighted	0	0	0	blind_posterior_reconstruction_geometry	2113	0.439185991	0.682442026	0.620448179	0.20965452
chr3	chr7	blind_same_cross_distance_sum	1	0	1	blind_posterior_reconstruction_geometry	2113	0.175106484	0.317557974	0.0672268908	0.0227165168
chr3	chr7	blind_posterior_mass_same_cross	1	0	1	blind_posterior_reconstruction_geometry	2113	0.175106484	0.317557974	0.0672268908	0.0227165168
chr3	chr7	blind_chrom_center_same_closer	1	0	1	blind_reconstruction_geometry	2113	0.175106484	0.317557974	0.0672268908	0.0227165168
chr3	chr7	blind_chrom_homolog_vector_dot	1	0	1	blind_reconstruction_geometry	2113	0.175106484	0.317557974	0.0672268908	0.0227165168
chr3	chr8	cis_selected_whole_chrom	0	0	0	cis_snp_truth_whole_chrom	1041	0.205571566	0.55907781	0.106299213	0.0259365994
chr3	chr8	pair_independent_4state_oracle	3	1	1	snp_truth_oracle	1041	0.353506244	0.55907781	0.480314961	0.117195005
chr3	chr8	blind_geom_nearest_to_posterior_top	0	0	0	blind_posterior_reconstruction_geometry	1041	0.205571566	0.55907781	0.106299213	0.0259365994
chr3	chr8	blind_geom_nearest_gap_weighted	0	0	0	blind_posterior_reconstruction_geometry	1041	0.205571566	0.55907781	0.106299213	0.0259365994
chr3	chr8	blind_margin_geom_gap_weighted	0	0	0	blind_posterior_reconstruction_geometry	1041	0.205571566	0.55907781	0.106299213	0.0259365994
chr3	chr8	blind_pmax_geom_gap_weighted	0	0	0	blind_posterior_reconstruction_geometry	1041	0.205571566	0.55907781	0.106299213	0.0259365994
chr3	chr8	blind_same_cross_distance_sum	0	0	0	blind_posterior_reconstruction_geometry	1041	0.205571566	0.55907781	0.106299213	0.0259365994
chr3	chr8	blind_posterior_mass_same_cross	1	0	1	blind_posterior_reconstruction_geometry	1041	0.195004803	0.44092219	0.0984251969	0.0240153698
chr3	chr8	blind_chrom_center_same_closer	0	0	0	blind_reconstruction_geometry	1041	0.205571566	0.55907781	0.106299213	0.0259365994
chr3	chr8	blind_chrom_homolog_vector_dot	0	0	0	blind_reconstruction_geometry	1041	0.205571566	0.55907781	0.106299213	0.0259365994
chr3	chr9	cis_selected_whole_chrom	0	0	0	cis_snp_truth_whole_chrom	528	0.229166667	0.507575758	0.125	0.00568181818
chr3	chr9	pair_independent_4state_oracle	3	1	1	snp_truth_oracle	528	0.278409091	0.507575758	0.208333333	0.00946969697
chr3	chr9	blind_geom_nearest_to_posterior_top	0	0	0	blind_posterior_reconstruction_geometry	528	0.229166667	0.507575758	0.125	0.00568181818
chr3	chr9	blind_geom_nearest_gap_weighted	0	0	0	blind_posterior_reconstruction_geometry	528	0.229166667	0.507575758	0.125	0.00568181818
chr3	chr9	blind_margin_geom_gap_weighted	0	0	0	blind_posterior_reconstruction_geometry	528	0.229166667	0.507575758	0.125	0.00568181818
chr3	chr9	blind_pmax_geom_gap_weighted	0	0	0	blind_posterior_reconstruction_geometry	528	0.229166667	0.507575758	0.125	0.00568181818
chr3	chr9	blind_same_cross_distance_sum	1	0	1	blind_posterior_reconstruction_geometry	528	0.246212121	0.492424242	0.416666667	0.0189393939
chr3	chr9	blind_posterior_mass_same_cross	1	0	1	blind_posterior_reconstruction_geometry	528	0.246212121	0.492424242	0.416666667	0.0189393939
chr3	chr9	blind_chrom_center_same_closer	1	0	1	blind_reconstruction_geometry	528	0.246212121	0.492424242	0.416666667	0.0189393939
chr3	chr9	blind_chrom_homolog_vector_dot	1	0	1	blind_reconstruction_geometry	528	0.246212121	0.492424242	0.416666667	0.0189393939
chr3	chr10	cis_selected_whole_chrom	0	0	0	cis_snp_truth_whole_chrom	665	0.279699248	0.530827068	0.240740741	0.0586466165
chr3	chr10	pair_independent_4state_oracle	0	0	0	snp_truth_oracle	665	0.279699248	0.530827068	0.240740741	0.0586466165
chr3	chr10	blind_geom_nearest_to_posterior_top	0	0	0	blind_posterior_reconstruction_geometry	665	0.279699248	0.530827068	0.240740741	0.0586466165
chr3	chr10	blind_geom_nearest_gap_weighted	0	0	0	blind_posterior_reconstruction_geometry	665	0.279699248	0.530827068	0.240740741	0.0586466165
chr3	chr10	blind_margin_geom_gap_weighted	0	0	0	blind_posterior_reconstruction_geometry	665	0.279699248	0.530827068	0.240740741	0.0586466165
chr3	chr10	blind_pmax_geom_gap_weighted	0	0	0	blind_posterior_reconstruction_geometry	665	0.279699248	0.530827068	0.240740741	0.0586466165
chr3	chr10	blind_same_cross_distance_sum	0	0	0	blind_posterior_reconstruction_geometry	665	0.279699248	0.530827068	0.240740741	0.0586466165
chr3	chr10	blind_posterior_mass_same_cross	0	0	0	blind_posterior_reconstruction_geometry	665	0.279699248	0.530827068	0.240740741	0.0586466165
chr3	chr10	blind_chrom_center_same_closer	0	0	0	blind_reconstruction_geometry	665	0.279699248	0.530827068	0.240740741	0.0586466165
chr3	chr10	blind_chrom_homolog_vector_dot	0	0	0	blind_reconstruction_geometry	665	0.279699248	0.530827068	0.240740741	0.0586466165
chr3	chr11	cis_selected_whole_chrom	0	0	0	cis_snp_truth_whole_chrom	772	0.270725389	0.545336788	0.684210526	0.0168393782
chr3	chr11	pair_independent_4state_oracle	3	1	1	snp_truth_oracle	772	0.274611399	0.545336788	0.0526315789	0.00129533679
chr3	chr11	blind_geom_nearest_to_posterior_top	0	0	0	blind_posterior_reconstruction_geometry	772	0.270725389	0.545336788	0.684210526	0.0168393782
chr3	chr11	blind_geom_nearest_gap_weighted	0	0	0	blind_posterior_reconstruction_geometry	772	0.270725389	0.545336788	0.684210526	0.0168393782
chr3	chr11	blind_margin_geom_gap_weighted	0	0	0	blind_posterior_reconstruction_geometry	772	0.270725389	0.545336788	0.684210526	0.0168393782
chr3	chr11	blind_pmax_geom_gap_weighted	0	0	0	blind_posterior_reconstruction_geometry	772	0.270725389	0.545336788	0.684210526	0.0168393782
chr3	chr11	blind_same_cross_distance_sum	1	0	1	blind_posterior_reconstruction_geometry	772	0.229274611	0.454663212	0.157894737	0.00388601036
chr3	chr11	blind_posterior_mass_same_cross	1	0	1	blind_posterior_reconstruction_geometry	772	0.229274611	0.454663212	0.157894737	0.00388601036
chr3	chr11	blind_chrom_center_same_closer	1	0	1	blind_reconstruction_geometry	772	0.229274611	0.454663212	0.157894737	0.00388601036
chr3	chr11	blind_chrom_homolog_vector_dot	1	0	1	blind_reconstruction_geometry	772	0.229274611	0.454663212	0.157894737	0.00388601036
chr3	chr12	cis_selected_whole_chrom	0	0	0	cis_snp_truth_whole_chrom	1358	0.265832106	0.58910162	0.296222664	0.109720177
chr3	chr12	pair_independent_4state_oracle	3	1	1	snp_truth_oracle	1358	0.322533137	0.58910162	0.411530815	0.152430044
chr3	chr12	blind_geom_nearest_to_posterior_top	0	0	0	blind_posterior_reconstruction_geometry	1358	0.265832106	0.58910162	0.296222664	0.109720177
chr3	chr12	blind_geom_nearest_gap_weighted	0	0	0	blind_posterior_reconstruction_geometry	1358	0.265832106	0.58910162	0.296222664	0.109720177
chr3	chr12	blind_margin_geom_gap_weighted	0	0	0	blind_posterior_reconstruction_geometry	1358	0.265832106	0.58910162	0.296222664	0.109720177
chr3	chr12	blind_pmax_geom_gap_weighted	0	0	0	blind_posterior_reconstruction_geometry	1358	0.265832106	0.58910162	0.296222664	0.109720177
chr3	chr12	blind_same_cross_distance_sum	0	0	0	blind_posterior_reconstruction_geometry	1358	0.265832106	0.58910162	0.296222664	0.109720177
chr3	chr12	blind_posterior_mass_same_cross	0	0	0	blind_posterior_reconstruction_geometry	1358	0.265832106	0.58910162	0.296222664	0.109720177
chr3	chr12	blind_chrom_center_same_closer	0	0	0	blind_reconstruction_geometry	1358	0.265832106	0.58910162	0.296222664	0.109720177
chr3	chr12	blind_chrom_homolog_vector_dot	0	0	0	blind_reconstruction_geometry	1358	0.265832106	0.58910162	0.296222664	0.109720177
chr3	chr13	cis_selected_whole_chrom	0	0	0	cis_snp_truth_whole_chrom	1063	0.531514581	0.656632173	0.795774648	0.212605833
chr3	chr13	pair_independent_4state_oracle	0	0	0	snp_truth_oracle	1063	0.531514581	0.656632173	0.795774648	0.212605833
chr3	chr13	blind_geom_nearest_to_posterior_top	0	0	0	blind_posterior_reconstruction_geometry	1063	0.531514581	0.656632173	0.795774648	0.212605833
chr3	chr13	blind_geom_nearest_gap_weighted	0	0	0	blind_posterior_reconstruction_geometry	1063	0.531514581	0.656632173	0.795774648	0.212605833
chr3	chr13	blind_margin_geom_gap_weighted	0	0	0	blind_posterior_reconstruction_geometry	1063	0.531514581	0.656632173	0.795774648	0.212605833
chr3	chr13	blind_pmax_geom_gap_weighted	0	0	0	blind_posterior_reconstruction_geometry	1063	0.531514581	0.656632173	0.795774648	0.212605833
chr3	chr13	blind_same_cross_distance_sum	0	0	0	blind_posterior_reconstruction_geometry	1063	0.531514581	0.656632173	0.795774648	0.212605833
chr3	chr13	blind_posterior_mass_same_cross	0	0	0	blind_posterior_reconstruction_geometry	1063	0.531514581	0.656632173	0.795774648	0.212605833
chr3	chr13	blind_chrom_center_same_closer	0	0	0	blind_reconstruction_geometry	1063	0.531514581	0.656632173	0.795774648	0.212605833
chr3	chr13	blind_chrom_homolog_vector_dot	0	0	0	blind_reconstruction_geometry	1063	0.531514581	0.656632173	0.795774648	0.212605833
chr3	chr14	cis_selected_whole_chrom	0	0	0	cis_snp_truth_whole_chrom	660	0.310606061	0.516666667	0.3125	0.0454545455
chr3	chr14	pair_independent_4state_oracle	2	1	0	snp_truth_oracle	660	0.328787879	0.483333333	0.541666667	0.0787878788
chr3	chr14	blind_geom_nearest_to_posterior_top	0	0	0	blind_posterior_reconstruction_geometry	660	0.310606061	0.516666667	0.3125	0.0454545455
chr3	chr14	blind_geom_nearest_gap_weighted	0	0	0	blind_posterior_reconstruction_geometry	660	0.310606061	0.516666667	0.3125	0.0454545455
chr3	chr14	blind_margin_geom_gap_weighted	0	0	0	blind_posterior_reconstruction_geometry	660	0.310606061	0.516666667	0.3125	0.0454545455
chr3	chr14	blind_pmax_geom_gap_weighted	0	0	0	blind_posterior_reconstruction_geometry	660	0.310606061	0.516666667	0.3125	0.0454545455
chr3	chr14	blind_same_cross_distance_sum	0	0	0	blind_posterior_reconstruction_geometry	660	0.310606061	0.516666667	0.3125	0.0454545455
chr3	chr14	blind_posterior_mass_same_cross	1	0	1	blind_posterior_reconstruction_geometry	660	0.156060606	0.484848485	0.0625	0.00909090909
chr3	chr14	blind_chrom_center_same_closer	0	0	0	blind_reconstruction_geometry	660	0.310606061	0.516666667	0.3125	0.0454545455
chr3	chr14	blind_chrom_homolog_vector_dot	0	0	0	blind_reconstruction_geometry	660	0.310606061	0.516666667	0.3125	0.0454545455
chr3	chr15	cis_selected_whole_chrom	0	0	0	cis_snp_truth_whole_chrom	607	0.182866557	0.398682043	0.0828729282	0.0247116969
chr3	chr15	pair_independent_4state_oracle	2	1	0	snp_truth_oracle	607	0.444810544	0.601317957	0.718232044	0.21416804
chr3	chr15	blind_geom_nearest_to_posterior_top	0	0	0	blind_posterior_reconstruction_geometry	607	0.182866557	0.398682043	0.0828729282	0.0247116969
chr3	chr15	blind_geom_nearest_gap_weighted	0	0	0	blind_posterior_reconstruction_geometry	607	0.182866557	0.398682043	0.0828729282	0.0247116969
chr3	chr15	blind_margin_geom_gap_weighted	0	0	0	blind_posterior_reconstruction_geometry	607	0.182866557	0.398682043	0.0828729282	0.0247116969
chr3	chr15	blind_pmax_geom_gap_weighted	0	0	0	blind_posterior_reconstruction_geometry	607	0.182866557	0.398682043	0.0828729282	0.0247116969
chr3	chr15	blind_same_cross_distance_sum	0	0	0	blind_posterior_reconstruction_geometry	607	0.182866557	0.398682043	0.0828729282	0.0247116969
chr3	chr15	blind_posterior_mass_same_cross	0	0	0	blind_posterior_reconstruction_geometry	607	0.182866557	0.398682043	0.0828729282	0.0247116969
chr3	chr15	blind_chrom_center_same_closer	0	0	0	blind_reconstruction_geometry	607	0.182866557	0.398682043	0.0828729282	0.0247116969
chr3	chr15	blind_chrom_homolog_vector_dot	1	0	1	blind_reconstruction_geometry	607	0.156507414	0.601317957	0.104972376	0.0313014827
chr3	chr16	cis_selected_whole_chrom	0	0	0	cis_snp_truth_whole_chrom	340	0.214705882	0.464705882	0.261538462	0.05
chr3	chr16	pair_independent_4state_oracle	2	1	0	snp_truth_oracle	340	0.279411765	0.535294118	0.307692308	0.0588235294
chr3	chr16	blind_geom_nearest_to_posterior_top	0	0	0	blind_posterior_reconstruction_geometry	340	0.214705882	0.464705882	0.261538462	0.05
chr3	chr16	blind_geom_nearest_gap_weighted	0	0	0	blind_posterior_reconstruction_geometry	340	0.214705882	0.464705882	0.261538462	0.05
chr3	chr16	blind_margin_geom_gap_weighted	0	0	0	blind_posterior_reconstruction_geometry	340	0.214705882	0.464705882	0.261538462	0.05
chr3	chr16	blind_pmax_geom_gap_weighted	0	0	0	blind_posterior_reconstruction_geometry	340	0.214705882	0.464705882	0.261538462	0.05
chr3	chr16	blind_same_cross_distance_sum	1	0	1	blind_posterior_reconstruction_geometry	340	0.255882353	0.535294118	0.2	0.0382352941
chr3	chr16	blind_posterior_mass_same_cross	0	0	0	blind_posterior_reconstruction_geometry	340	0.214705882	0.464705882	0.261538462	0.05
chr3	chr16	blind_chrom_center_same_closer	1	0	1	blind_reconstruction_geometry	340	0.255882353	0.535294118	0.2	0.0382352941
chr3	chr16	blind_chrom_homolog_vector_dot	1	0	1	blind_reconstruction_geometry	340	0.255882353	0.535294118	0.2	0.0382352941
chr3	chr17	cis_selected_whole_chrom	0	0	0	cis_snp_truth_whole_chrom	566	0.346289753	0.545936396	0.459677419	0.100706714
chr3	chr17	pair_independent_4state_oracle	0	0	0	snp_truth_oracle	566	0.346289753	0.545936396	0.459677419	0.100706714
chr3	chr17	blind_geom_nearest_to_posterior_top	0	0	0	blind_posterior_reconstruction_geometry	566	0.346289753	0.545936396	0.459677419	0.100706714
chr3	chr17	blind_geom_nearest_gap_weighted	0	0	0	blind_posterior_reconstruction_geometry	566	0.346289753	0.545936396	0.459677419	0.100706714
chr3	chr17	blind_margin_geom_gap_weighted	0	0	0	blind_posterior_reconstruction_geometry	566	0.346289753	0.545936396	0.459677419	0.100706714
chr3	chr17	blind_pmax_geom_gap_weighted	0	0	0	blind_posterior_reconstruction_geometry	566	0.346289753	0.545936396	0.459677419	0.100706714
chr3	chr17	blind_same_cross_distance_sum	0	0	0	blind_posterior_reconstruction_geometry	566	0.346289753	0.545936396	0.459677419	0.100706714
chr3	chr17	blind_posterior_mass_same_cross	0	0	0	blind_posterior_reconstruction_geometry	566	0.346289753	0.545936396	0.459677419	0.100706714
chr3	chr17	blind_chrom_center_same_closer	0	0	0	blind_reconstruction_geometry	566	0.346289753	0.545936396	0.459677419	0.100706714
chr3	chr17	blind_chrom_homolog_vector_dot	0	0	0	blind_reconstruction_geometry	566	0.346289753	0.545936396	0.459677419	0.100706714
chr3	chr18	cis_selected_whole_chrom	0	0	0	cis_snp_truth_whole_chrom	763	0.580602883	0.69593709	0.683467742	0.44429882
chr3	chr18	pair_independent_4state_oracle	0	0	0	snp_truth_oracle	763	0.580602883	0.69593709	0.683467742	0.44429882
chr3	chr18	blind_geom_nearest_to_posterior_top	0	0	0	blind_posterior_reconstruction_geometry	763	0.580602883	0.69593709	0.683467742	0.44429882
chr3	chr18	blind_geom_nearest_gap_weighted	0	0	0	blind_posterior_reconstruction_geometry	763	0.580602883	0.69593709	0.683467742	0.44429882
chr3	chr18	blind_margin_geom_gap_weighted	0	0	0	blind_posterior_reconstruction_geometry	763	0.580602883	0.69593709	0.683467742	0.44429882
chr3	chr18	blind_pmax_geom_gap_weighted	0	0	0	blind_posterior_reconstruction_geometry	763	0.580602883	0.69593709	0.683467742	0.44429882
chr3	chr18	blind_same_cross_distance_sum	0	0	0	blind_posterior_reconstruction_geometry	763	0.580602883	0.69593709	0.683467742	0.44429882
chr3	chr18	blind_posterior_mass_same_cross	1	0	1	blind_posterior_reconstruction_geometry	763	0.123197903	0.30406291	0.0927419355	0.0602883355
chr3	chr18	blind_chrom_center_same_closer	0	0	0	blind_reconstruction_geometry	763	0.580602883	0.69593709	0.683467742	0.44429882
chr3	chr18	blind_chrom_homolog_vector_dot	0	0	0	blind_reconstruction_geometry	763	0.580602883	0.69593709	0.683467742	0.44429882
chr3	chr19	cis_selected_whole_chrom	0	0	0	cis_snp_truth_whole_chrom	464	0.334051724	0.530172414	0.736842105	0.120689655
chr3	chr19	pair_independent_4state_oracle	0	0	0	snp_truth_oracle	464	0.334051724	0.530172414	0.736842105	0.120689655
chr3	chr19	blind_geom_nearest_to_posterior_top	0	0	0	blind_posterior_reconstruction_geometry	464	0.334051724	0.530172414	0.736842105	0.120689655
chr3	chr19	blind_geom_nearest_gap_weighted	0	0	0	blind_posterior_reconstruction_geometry	464	0.334051724	0.530172414	0.736842105	0.120689655
chr3	chr19	blind_margin_geom_gap_weighted	0	0	0	blind_posterior_reconstruction_geometry	464	0.334051724	0.530172414	0.736842105	0.120689655
chr3	chr19	blind_pmax_geom_gap_weighted	0	0	0	blind_posterior_reconstruction_geometry	464	0.334051724	0.530172414	0.736842105	0.120689655
chr3	chr19	blind_same_cross_distance_sum	0	0	0	blind_posterior_reconstruction_geometry	464	0.334051724	0.530172414	0.736842105	0.120689655
chr3	chr19	blind_posterior_mass_same_cross	1	0	1	blind_posterior_reconstruction_geometry	464	0.213362069	0.469827586	0.157894737	0.025862069
chr3	chr19	blind_chrom_center_same_closer	0	0	0	blind_reconstruction_geometry	464	0.334051724	0.530172414	0.736842105	0.120689655
chr3	chr19	blind_chrom_homolog_vector_dot	0	0	0	blind_reconstruction_geometry	464	0.334051724	0.530172414	0.736842105	0.120689655
chr3	chrX	cis_selected_whole_chrom	0	0	0	cis_snp_truth_whole_chrom	405	0.274074074	0.540740741	0.166666667	0.0049382716
chr3	chrX	pair_independent_4state_oracle	0	0	0	snp_truth_oracle	405	0.274074074	0.540740741	0.166666667	0.0049382716
chr3	chrX	blind_geom_nearest_to_posterior_top	0	0	0	blind_posterior_reconstruction_geometry	405	0.274074074	0.540740741	0.166666667	0.0049382716
chr3	chrX	blind_geom_nearest_gap_weighted	0	0	0	blind_posterior_reconstruction_geometry	405	0.274074074	0.540740741	0.166666667	0.0049382716
chr3	chrX	blind_margin_geom_gap_weighted	0	0	0	blind_posterior_reconstruction_geometry	405	0.274074074	0.540740741	0.166666667	0.0049382716
chr3	chrX	blind_pmax_geom_gap_weighted	0	0	0	blind_posterior_reconstruction_geometry	405	0.274074074	0.540740741	0.166666667	0.0049382716
chr3	chrX	blind_same_cross_distance_sum	1	0	1	blind_posterior_reconstruction_geometry	405	0.212345679	0.459259259	0.0833333333	0.0024691358
chr3	chrX	blind_posterior_mass_same_cross	1	0	1	blind_posterior_reconstruction_geometry	405	0.212345679	0.459259259	0.0833333333	0.0024691358
chr3	chrX	blind_chrom_center_same_closer	1	0	1	blind_reconstruction_geometry	405	0.212345679	0.459259259	0.0833333333	0.0024691358
chr3	chrX	blind_chrom_homolog_vector_dot	1	0	1	blind_reconstruction_geometry	405	0.212345679	0.459259259	0.0833333333	0.0024691358
chr4	chr5	cis_selected_whole_chrom	0	0	0	cis_snp_truth_whole_chrom	1849	0.624121147	0.717144402	0.751745539	0.524067063
chr4	chr5	pair_independent_4state_oracle	0	0	0	snp_truth_oracle	1849	0.624121147	0.717144402	0.751745539	0.524067063
chr4	chr5	blind_geom_nearest_to_posterior_top	0	0	0	blind_posterior_reconstruction_geometry	1849	0.624121147	0.717144402	0.751745539	0.524067063
chr4	chr5	blind_geom_nearest_gap_weighted	0	0	0	blind_posterior_reconstruction_geometry	1849	0.624121147	0.717144402	0.751745539	0.524067063
chr4	chr5	blind_margin_geom_gap_weighted	0	0	0	blind_posterior_reconstruction_geometry	1849	0.624121147	0.717144402	0.751745539	0.524067063
chr4	chr5	blind_pmax_geom_gap_weighted	0	0	0	blind_posterior_reconstruction_geometry	1849	0.624121147	0.717144402	0.751745539	0.524067063
chr4	chr5	blind_same_cross_distance_sum	0	0	0	blind_posterior_reconstruction_geometry	1849	0.624121147	0.717144402	0.751745539	0.524067063
chr4	chr5	blind_posterior_mass_same_cross	0	0	0	blind_posterior_reconstruction_geometry	1849	0.624121147	0.717144402	0.751745539	0.524067063
chr4	chr5	blind_chrom_center_same_closer	0	0	0	blind_reconstruction_geometry	1849	0.624121147	0.717144402	0.751745539	0.524067063
chr4	chr5	blind_chrom_homolog_vector_dot	0	0	0	blind_reconstruction_geometry	1849	0.624121147	0.717144402	0.751745539	0.524067063
chr4	chr6	cis_selected_whole_chrom	0	0	0	cis_snp_truth_whole_chrom	741	0.365721997	0.585695007	0.407488987	0.249662618
chr4	chr6	pair_independent_4state_oracle	0	0	0	snp_truth_oracle	741	0.365721997	0.585695007	0.407488987	0.249662618
chr4	chr6	blind_geom_nearest_to_posterior_top	0	0	0	blind_posterior_reconstruction_geometry	741	0.365721997	0.585695007	0.407488987	0.249662618
chr4	chr6	blind_geom_nearest_gap_weighted	0	0	0	blind_posterior_reconstruction_geometry	741	0.365721997	0.585695007	0.407488987	0.249662618
chr4	chr6	blind_margin_geom_gap_weighted	0	0	0	blind_posterior_reconstruction_geometry	741	0.365721997	0.585695007	0.407488987	0.249662618
chr4	chr6	blind_pmax_geom_gap_weighted	0	0	0	blind_posterior_reconstruction_geometry	741	0.365721997	0.585695007	0.407488987	0.249662618
chr4	chr6	blind_same_cross_distance_sum	0	0	0	blind_posterior_reconstruction_geometry	741	0.365721997	0.585695007	0.407488987	0.249662618
chr4	chr6	blind_posterior_mass_same_cross	0	0	0	blind_posterior_reconstruction_geometry	741	0.365721997	0.585695007	0.407488987	0.249662618
chr4	chr6	blind_chrom_center_same_closer	0	0	0	blind_reconstruction_geometry	741	0.365721997	0.585695007	0.407488987	0.249662618
chr4	chr6	blind_chrom_homolog_vector_dot	0	0	0	blind_reconstruction_geometry	741	0.365721997	0.585695007	0.407488987	0.249662618
chr4	chr7	cis_selected_whole_chrom	0	0	0	cis_snp_truth_whole_chrom	1423	0.423049895	0.548137737	0.47631935	0.247364722
chr4	chr7	pair_independent_4state_oracle	0	0	0	snp_truth_oracle	1423	0.423049895	0.548137737	0.47631935	0.247364722
chr4	chr7	blind_geom_nearest_to_posterior_top	0	0	0	blind_posterior_reconstruction_geometry	1423	0.423049895	0.548137737	0.47631935	0.247364722
chr4	chr7	blind_geom_nearest_gap_weighted	0	0	0	blind_posterior_reconstruction_geometry	1423	0.423049895	0.548137737	0.47631935	0.247364722
chr4	chr7	blind_margin_geom_gap_weighted	0	0	0	blind_posterior_reconstruction_geometry	1423	0.423049895	0.548137737	0.47631935	0.247364722
chr4	chr7	blind_pmax_geom_gap_weighted	0	0	0	blind_posterior_reconstruction_geometry	1423	0.423049895	0.548137737	0.47631935	0.247364722
chr4	chr7	blind_same_cross_distance_sum	1	0	1	blind_posterior_reconstruction_geometry	1423	0.327477161	0.451862263	0.362652233	0.188334505
chr4	chr7	blind_posterior_mass_same_cross	1	0	1	blind_posterior_reconstruction_geometry	1423	0.327477161	0.451862263	0.362652233	0.188334505
chr4	chr7	blind_chrom_center_same_closer	1	0	1	blind_reconstruction_geometry	1423	0.327477161	0.451862263	0.362652233	0.188334505
chr4	chr7	blind_chrom_homolog_vector_dot	1	0	1	blind_reconstruction_geometry	1423	0.327477161	0.451862263	0.362652233	0.188334505
chr4	chr8	cis_selected_whole_chrom	0	0	0	cis_snp_truth_whole_chrom	623	0.287319422	0.539325843	0.327272727	0.0288924559
chr4	chr8	pair_independent_4state_oracle	1	0	1	snp_truth_oracle	623	0.300160514	0.462279294	0.272727273	0.0240770465
chr4	chr8	blind_geom_nearest_to_posterior_top	0	0	0	blind_posterior_reconstruction_geometry	623	0.287319422	0.539325843	0.327272727	0.0288924559
chr4	chr8	blind_geom_nearest_gap_weighted	0	0	0	blind_posterior_reconstruction_geometry	623	0.287319422	0.539325843	0.327272727	0.0288924559
chr4	chr8	blind_margin_geom_gap_weighted	0	0	0	blind_posterior_reconstruction_geometry	623	0.287319422	0.539325843	0.327272727	0.0288924559
chr4	chr8	blind_pmax_geom_gap_weighted	0	0	0	blind_posterior_reconstruction_geometry	623	0.287319422	0.539325843	0.327272727	0.0288924559
chr4	chr8	blind_same_cross_distance_sum	1	0	1	blind_posterior_reconstruction_geometry	623	0.300160514	0.462279294	0.272727273	0.0240770465
chr4	chr8	blind_posterior_mass_same_cross	0	0	0	blind_posterior_reconstruction_geometry	623	0.287319422	0.539325843	0.327272727	0.0288924559
chr4	chr8	blind_chrom_center_same_closer	1	0	1	blind_reconstruction_geometry	623	0.300160514	0.462279294	0.272727273	0.0240770465
chr4	chr8	blind_chrom_homolog_vector_dot	1	0	1	blind_reconstruction_geometry	623	0.300160514	0.462279294	0.272727273	0.0240770465
chr4	chr9	cis_selected_whole_chrom	0	0	0	cis_snp_truth_whole_chrom	718	0.231197772	0.551532033	0.221428571	0.0431754875
chr4	chr9	pair_independent_4state_oracle	3	1	1	snp_truth_oracle	718	0.320334262	0.551532033	0.371428571	0.0724233983
chr4	chr9	blind_geom_nearest_to_posterior_top	0	0	0	blind_posterior_reconstruction_geometry	718	0.231197772	0.551532033	0.221428571	0.0431754875
chr4	chr9	blind_geom_nearest_gap_weighted	0	0	0	blind_posterior_reconstruction_geometry	718	0.231197772	0.551532033	0.221428571	0.0431754875
chr4	chr9	blind_margin_geom_gap_weighted	0	0	0	blind_posterior_reconstruction_geometry	718	0.231197772	0.551532033	0.221428571	0.0431754875
chr4	chr9	blind_pmax_geom_gap_weighted	0	0	0	blind_posterior_reconstruction_geometry	718	0.231197772	0.551532033	0.221428571	0.0431754875
chr4	chr9	blind_same_cross_distance_sum	1	0	1	blind_posterior_reconstruction_geometry	718	0.253481894	0.448467967	0.25	0.0487465181
chr4	chr9	blind_posterior_mass_same_cross	1	0	1	blind_posterior_reconstruction_geometry	718	0.253481894	0.448467967	0.25	0.0487465181
chr4	chr9	blind_chrom_center_same_closer	1	0	1	blind_reconstruction_geometry	718	0.253481894	0.448467967	0.25	0.0487465181
chr4	chr9	blind_chrom_homolog_vector_dot	1	0	1	blind_reconstruction_geometry	718	0.253481894	0.448467967	0.25	0.0487465181
chr4	chr10	cis_selected_whole_chrom	0	0	0	cis_snp_truth_whole_chrom	1850	0.730810811	0.801081081	0.769732551	0.637837838
chr4	chr10	pair_independent_4state_oracle	0	0	0	snp_truth_oracle	1850	0.730810811	0.801081081	0.769732551	0.637837838
chr4	chr10	blind_geom_nearest_to_posterior_top	0	0	0	blind_posterior_reconstruction_geometry	1850	0.730810811	0.801081081	0.769732551	0.637837838
chr4	chr10	blind_geom_nearest_gap_weighted	0	0	0	blind_posterior_reconstruction_geometry	1850	0.730810811	0.801081081	0.769732551	0.637837838
chr4	chr10	blind_margin_geom_gap_weighted	0	0	0	blind_posterior_reconstruction_geometry	1850	0.730810811	0.801081081	0.769732551	0.637837838
chr4	chr10	blind_pmax_geom_gap_weighted	0	0	0	blind_posterior_reconstruction_geometry	1850	0.730810811	0.801081081	0.769732551	0.637837838
chr4	chr10	blind_same_cross_distance_sum	1	0	1	blind_posterior_reconstruction_geometry	1850	0.121621622	0.207027027	0.0945857795	0.0783783784
chr4	chr10	blind_posterior_mass_same_cross	1	0	1	blind_posterior_reconstruction_geometry	1850	0.121621622	0.207027027	0.0945857795	0.0783783784
chr4	chr10	blind_chrom_center_same_closer	1	0	1	blind_reconstruction_geometry	1850	0.121621622	0.207027027	0.0945857795	0.0783783784
chr4	chr10	blind_chrom_homolog_vector_dot	1	0	1	blind_reconstruction_geometry	1850	0.121621622	0.207027027	0.0945857795	0.0783783784
chr4	chr11	cis_selected_whole_chrom	0	0	0	cis_snp_truth_whole_chrom	649	0.291217257	0.502311248	0.586206897	0.0261941448
chr4	chr11	pair_independent_4state_oracle	0	0	0	snp_truth_oracle	649	0.291217257	0.502311248	0.586206897	0.0261941448
chr4	chr11	blind_geom_nearest_to_posterior_top	0	0	0	blind_posterior_reconstruction_geometry	649	0.291217257	0.502311248	0.586206897	0.0261941448
chr4	chr11	blind_geom_nearest_gap_weighted	0	0	0	blind_posterior_reconstruction_geometry	649	0.291217257	0.502311248	0.586206897	0.0261941448
chr4	chr11	blind_margin_geom_gap_weighted	0	0	0	blind_posterior_reconstruction_geometry	649	0.291217257	0.502311248	0.586206897	0.0261941448
chr4	chr11	blind_pmax_geom_gap_weighted	0	0	0	blind_posterior_reconstruction_geometry	649	0.291217257	0.502311248	0.586206897	0.0261941448
chr4	chr11	blind_same_cross_distance_sum	0	0	0	blind_posterior_reconstruction_geometry	649	0.291217257	0.502311248	0.586206897	0.0261941448
chr4	chr11	blind_posterior_mass_same_cross	0	0	0	blind_posterior_reconstruction_geometry	649	0.291217257	0.502311248	0.586206897	0.0261941448
chr4	chr11	blind_chrom_center_same_closer	0	0	0	blind_reconstruction_geometry	649	0.291217257	0.502311248	0.586206897	0.0261941448
chr4	chr11	blind_chrom_homolog_vector_dot	0	0	0	blind_reconstruction_geometry	649	0.291217257	0.502311248	0.586206897	0.0261941448
chr4	chr12	cis_selected_whole_chrom	0	0	0	cis_snp_truth_whole_chrom	1104	0.49365942	0.68115942	0.700251889	0.251811594
chr4	chr12	pair_independent_4state_oracle	0	0	0	snp_truth_oracle	1104	0.49365942	0.68115942	0.700251889	0.251811594
chr4	chr12	blind_geom_nearest_to_posterior_top	0	0	0	blind_posterior_reconstruction_geometry	1104	0.49365942	0.68115942	0.700251889	0.251811594
chr4	chr12	blind_geom_nearest_gap_weighted	0	0	0	blind_posterior_reconstruction_geometry	1104	0.49365942	0.68115942	0.700251889	0.251811594
chr4	chr12	blind_margin_geom_gap_weighted	0	0	0	blind_posterior_reconstruction_geometry	1104	0.49365942	0.68115942	0.700251889	0.251811594
chr4	chr12	blind_pmax_geom_gap_weighted	0	0	0	blind_posterior_reconstruction_geometry	1104	0.49365942	0.68115942	0.700251889	0.251811594
chr4	chr12	blind_same_cross_distance_sum	0	0	0	blind_posterior_reconstruction_geometry	1104	0.49365942	0.68115942	0.700251889	0.251811594
chr4	chr12	blind_posterior_mass_same_cross	0	0	0	blind_posterior_reconstruction_geometry	1104	0.49365942	0.68115942	0.700251889	0.251811594
chr4	chr12	blind_chrom_center_same_closer	0	0	0	blind_reconstruction_geometry	1104	0.49365942	0.68115942	0.700251889	0.251811594
chr4	chr12	blind_chrom_homolog_vector_dot	0	0	0	blind_reconstruction_geometry	1104	0.49365942	0.68115942	0.700251889	0.251811594
chr4	chr13	cis_selected_whole_chrom	0	0	0	cis_snp_truth_whole_chrom	582	0.321305842	0.585910653	0.625	0.137457045
chr4	chr13	pair_independent_4state_oracle	0	0	0	snp_truth_oracle	582	0.321305842	0.585910653	0.625	0.137457045
chr4	chr13	blind_geom_nearest_to_posterior_top	0	0	0	blind_posterior_reconstruction_geometry	582	0.321305842	0.585910653	0.625	0.137457045
chr4	chr13	blind_geom_nearest_gap_weighted	0	0	0	blind_posterior_reconstruction_geometry	582	0.321305842	0.585910653	0.625	0.137457045
chr4	chr13	blind_margin_geom_gap_weighted	0	0	0	blind_posterior_reconstruction_geometry	582	0.321305842	0.585910653	0.625	0.137457045
chr4	chr13	blind_pmax_geom_gap_weighted	0	0	0	blind_posterior_reconstruction_geometry	582	0.321305842	0.585910653	0.625	0.137457045
chr4	chr13	blind_same_cross_distance_sum	1	0	1	blind_posterior_reconstruction_geometry	582	0.192439863	0.414089347	0.0625	0.0137457045
chr4	chr13	blind_posterior_mass_same_cross	1	0	1	blind_posterior_reconstruction_geometry	582	0.192439863	0.414089347	0.0625	0.0137457045
chr4	chr13	blind_chrom_center_same_closer	1	0	1	blind_reconstruction_geometry	582	0.192439863	0.414089347	0.0625	0.0137457045
chr4	chr13	blind_chrom_homolog_vector_dot	1	0	1	blind_reconstruction_geometry	582	0.192439863	0.414089347	0.0625	0.0137457045
chr4	chr14	cis_selected_whole_chrom	0	0	0	cis_snp_truth_whole_chrom	629	0.319554849	0.53736089	0.707317073	0.0922098569
chr4	chr14	pair_independent_4state_oracle	0	0	0	snp_truth_oracle	629	0.319554849	0.53736089	0.707317073	0.0922098569
chr4	chr14	blind_geom_nearest_to_posterior_top	0	0	0	blind_posterior_reconstruction_geometry	629	0.319554849	0.53736089	0.707317073	0.0922098569
chr4	chr14	blind_geom_nearest_gap_weighted	0	0	0	blind_posterior_reconstruction_geometry	629	0.319554849	0.53736089	0.707317073	0.0922098569
chr4	chr14	blind_margin_geom_gap_weighted	0	0	0	blind_posterior_reconstruction_geometry	629	0.319554849	0.53736089	0.707317073	0.0922098569
chr4	chr14	blind_pmax_geom_gap_weighted	0	0	0	blind_posterior_reconstruction_geometry	629	0.319554849	0.53736089	0.707317073	0.0922098569
chr4	chr14	blind_same_cross_distance_sum	0	0	0	blind_posterior_reconstruction_geometry	629	0.319554849	0.53736089	0.707317073	0.0922098569
chr4	chr14	blind_posterior_mass_same_cross	0	0	0	blind_posterior_reconstruction_geometry	629	0.319554849	0.53736089	0.707317073	0.0922098569
chr4	chr14	blind_chrom_center_same_closer	0	0	0	blind_reconstruction_geometry	629	0.319554849	0.53736089	0.707317073	0.0922098569
chr4	chr14	blind_chrom_homolog_vector_dot	0	0	0	blind_reconstruction_geometry	629	0.319554849	0.53736089	0.707317073	0.0922098569
chr4	chr15	cis_selected_whole_chrom	0	0	0	cis_snp_truth_whole_chrom	471	0.27388535	0.547770701	0.327272727	0.0382165605
chr4	chr15	pair_independent_4state_oracle	0	0	0	snp_truth_oracle	471	0.27388535	0.547770701	0.327272727	0.0382165605
chr4	chr15	blind_geom_nearest_to_posterior_top	0	0	0	blind_posterior_reconstruction_geometry	471	0.27388535	0.547770701	0.327272727	0.0382165605
chr4	chr15	blind_geom_nearest_gap_weighted	0	0	0	blind_posterior_reconstruction_geometry	471	0.27388535	0.547770701	0.327272727	0.0382165605
chr4	chr15	blind_margin_geom_gap_weighted	0	0	0	blind_posterior_reconstruction_geometry	471	0.27388535	0.547770701	0.327272727	0.0382165605
chr4	chr15	blind_pmax_geom_gap_weighted	0	0	0	blind_posterior_reconstruction_geometry	471	0.27388535	0.547770701	0.327272727	0.0382165605
chr4	chr15	blind_same_cross_distance_sum	1	0	1	blind_posterior_reconstruction_geometry	471	0.21656051	0.452229299	0.254545455	0.0297239915
chr4	chr15	blind_posterior_mass_same_cross	1	0	1	blind_posterior_reconstruction_geometry	471	0.21656051	0.452229299	0.254545455	0.0297239915
chr4	chr15	blind_chrom_center_same_closer	1	0	1	blind_reconstruction_geometry	471	0.21656051	0.452229299	0.254545455	0.0297239915
chr4	chr15	blind_chrom_homolog_vector_dot	1	0	1	blind_reconstruction_geometry	471	0.21656051	0.452229299	0.254545455	0.0297239915
chr4	chr16	cis_selected_whole_chrom	0	0	0	cis_snp_truth_whole_chrom	568	0.339788732	0.566901408	0.377604167	0.25528169
chr4	chr16	pair_independent_4state_oracle	0	0	0	snp_truth_oracle	568	0.339788732	0.566901408	0.377604167	0.25528169
chr4	chr16	blind_geom_nearest_to_posterior_top	0	0	0	blind_posterior_reconstruction_geometry	568	0.339788732	0.566901408	0.377604167	0.25528169
chr4	chr16	blind_geom_nearest_gap_weighted	0	0	0	blind_posterior_reconstruction_geometry	568	0.339788732	0.566901408	0.377604167	0.25528169
chr4	chr16	blind_margin_geom_gap_weighted	0	0	0	blind_posterior_reconstruction_geometry	568	0.339788732	0.566901408	0.377604167	0.25528169
chr4	chr16	blind_pmax_geom_gap_weighted	0	0	0	blind_posterior_reconstruction_geometry	568	0.339788732	0.566901408	0.377604167	0.25528169
chr4	chr16	blind_same_cross_distance_sum	0	0	0	blind_posterior_reconstruction_geometry	568	0.339788732	0.566901408	0.377604167	0.25528169
chr4	chr16	blind_posterior_mass_same_cross	0	0	0	blind_posterior_reconstruction_geometry	568	0.339788732	0.566901408	0.377604167	0.25528169
chr4	chr16	blind_chrom_center_same_closer	0	0	0	blind_reconstruction_geometry	568	0.339788732	0.566901408	0.377604167	0.25528169
chr4	chr16	blind_chrom_homolog_vector_dot	0	0	0	blind_reconstruction_geometry	568	0.339788732	0.566901408	0.377604167	0.25528169
chr4	chr17	cis_selected_whole_chrom	0	0	0	cis_snp_truth_whole_chrom	480	0.31875	0.545833333	0.341176471	0.120833333
chr4	chr17	pair_independent_4state_oracle	0	0	0	snp_truth_oracle	480	0.31875	0.545833333	0.341176471	0.120833333
chr4	chr17	blind_geom_nearest_to_posterior_top	0	0	0	blind_posterior_reconstruction_geometry	480	0.31875	0.545833333	0.341176471	0.120833333
chr4	chr17	blind_geom_nearest_gap_weighted	0	0	0	blind_posterior_reconstruction_geometry	480	0.31875	0.545833333	0.341176471	0.120833333
chr4	chr17	blind_margin_geom_gap_weighted	0	0	0	blind_posterior_reconstruction_geometry	480	0.31875	0.545833333	0.341176471	0.120833333
chr4	chr17	blind_pmax_geom_gap_weighted	0	0	0	blind_posterior_reconstruction_geometry	480	0.31875	0.545833333	0.341176471	0.120833333
chr4	chr17	blind_same_cross_distance_sum	0	0	0	blind_posterior_reconstruction_geometry	480	0.31875	0.545833333	0.341176471	0.120833333
chr4	chr17	blind_posterior_mass_same_cross	0	0	0	blind_posterior_reconstruction_geometry	480	0.31875	0.545833333	0.341176471	0.120833333
chr4	chr17	blind_chrom_center_same_closer	0	0	0	blind_reconstruction_geometry	480	0.31875	0.545833333	0.341176471	0.120833333
chr4	chr17	blind_chrom_homolog_vector_dot	0	0	0	blind_reconstruction_geometry	480	0.31875	0.545833333	0.341176471	0.120833333
chr4	chr18	cis_selected_whole_chrom	0	0	0	cis_snp_truth_whole_chrom	424	0.247641509	0.462264151	0.313131313	0.0731132075
chr4	chr18	pair_independent_4state_oracle	2	1	0	snp_truth_oracle	424	0.275943396	0.537735849	0.353535354	0.0825471698
chr4	chr18	blind_geom_nearest_to_posterior_top	0	0	0	blind_posterior_reconstruction_geometry	424	0.247641509	0.462264151	0.313131313	0.0731132075
chr4	chr18	blind_geom_nearest_gap_weighted	0	0	0	blind_posterior_reconstruction_geometry	424	0.247641509	0.462264151	0.313131313	0.0731132075
chr4	chr18	blind_margin_geom_gap_weighted	0	0	0	blind_posterior_reconstruction_geometry	424	0.247641509	0.462264151	0.313131313	0.0731132075
chr4	chr18	blind_pmax_geom_gap_weighted	0	0	0	blind_posterior_reconstruction_geometry	424	0.247641509	0.462264151	0.313131313	0.0731132075
chr4	chr18	blind_same_cross_distance_sum	1	0	1	blind_posterior_reconstruction_geometry	424	0.261792453	0.537735849	0.171717172	0.0400943396
chr4	chr18	blind_posterior_mass_same_cross	1	0	1	blind_posterior_reconstruction_geometry	424	0.261792453	0.537735849	0.171717172	0.0400943396
chr4	chr18	blind_chrom_center_same_closer	1	0	1	blind_reconstruction_geometry	424	0.261792453	0.537735849	0.171717172	0.0400943396
chr4	chr18	blind_chrom_homolog_vector_dot	0	0	0	blind_reconstruction_geometry	424	0.247641509	0.462264151	0.313131313	0.0731132075
chr4	chr19	cis_selected_whole_chrom	0	0	0	cis_snp_truth_whole_chrom	397	0.319899244	0.554156171	0.710526316	0.0680100756
chr4	chr19	pair_independent_4state_oracle	0	0	0	snp_truth_oracle	397	0.319899244	0.554156171	0.710526316	0.0680100756
chr4	chr19	blind_geom_nearest_to_posterior_top	0	0	0	blind_posterior_reconstruction_geometry	397	0.319899244	0.554156171	0.710526316	0.0680100756
chr4	chr19	blind_geom_nearest_gap_weighted	0	0	0	blind_posterior_reconstruction_geometry	397	0.319899244	0.554156171	0.710526316	0.0680100756
chr4	chr19	blind_margin_geom_gap_weighted	0	0	0	blind_posterior_reconstruction_geometry	397	0.319899244	0.554156171	0.710526316	0.0680100756
chr4	chr19	blind_pmax_geom_gap_weighted	0	0	0	blind_posterior_reconstruction_geometry	397	0.319899244	0.554156171	0.710526316	0.0680100756
chr4	chr19	blind_same_cross_distance_sum	0	0	0	blind_posterior_reconstruction_geometry	397	0.319899244	0.554156171	0.710526316	0.0680100756
chr4	chr19	blind_posterior_mass_same_cross	0	0	0	blind_posterior_reconstruction_geometry	397	0.319899244	0.554156171	0.710526316	0.0680100756
chr4	chr19	blind_chrom_center_same_closer	0	0	0	blind_reconstruction_geometry	397	0.319899244	0.554156171	0.710526316	0.0680100756
chr4	chr19	blind_chrom_homolog_vector_dot	0	0	0	blind_reconstruction_geometry	397	0.319899244	0.554156171	0.710526316	0.0680100756
chr4	chrX	cis_selected_whole_chrom	0	0	0	cis_snp_truth_whole_chrom	898	0.619153675	0.703786192	0.643243243	0.530066815
chr4	chrX	pair_independent_4state_oracle	0	0	0	snp_truth_oracle	898	0.619153675	0.703786192	0.643243243	0.530066815
chr4	chrX	blind_geom_nearest_to_posterior_top	0	0	0	blind_posterior_reconstruction_geometry	898	0.619153675	0.703786192	0.643243243	0.530066815
chr4	chrX	blind_geom_nearest_gap_weighted	0	0	0	blind_posterior_reconstruction_geometry	898	0.619153675	0.703786192	0.643243243	0.530066815
chr4	chrX	blind_margin_geom_gap_weighted	0	0	0	blind_posterior_reconstruction_geometry	898	0.619153675	0.703786192	0.643243243	0.530066815
chr4	chrX	blind_pmax_geom_gap_weighted	0	0	0	blind_posterior_reconstruction_geometry	898	0.619153675	0.703786192	0.643243243	0.530066815
chr4	chrX	blind_same_cross_distance_sum	1	0	1	blind_posterior_reconstruction_geometry	898	0.183741648	0.296213808	0.185135135	0.152561247
chr4	chrX	blind_posterior_mass_same_cross	1	0	1	blind_posterior_reconstruction_geometry	898	0.183741648	0.296213808	0.185135135	0.152561247
chr4	chrX	blind_chrom_center_same_closer	1	0	1	blind_reconstruction_geometry	898	0.183741648	0.296213808	0.185135135	0.152561247
chr4	chrX	blind_chrom_homolog_vector_dot	1	0	1	blind_reconstruction_geometry	898	0.183741648	0.296213808	0.185135135	0.152561247
chr5	chr6	cis_selected_whole_chrom	0	0	0	cis_snp_truth_whole_chrom	884	0.262443439	0.514705882	0.161290323	0.0056561086
chr5	chr6	pair_independent_4state_oracle	1	0	1	snp_truth_oracle	884	0.263574661	0.485294118	0.193548387	0.00678733032
chr5	chr6	blind_geom_nearest_to_posterior_top	0	0	0	blind_posterior_reconstruction_geometry	884	0.262443439	0.514705882	0.161290323	0.0056561086
chr5	chr6	blind_geom_nearest_gap_weighted	0	0	0	blind_posterior_reconstruction_geometry	884	0.262443439	0.514705882	0.161290323	0.0056561086
chr5	chr6	blind_margin_geom_gap_weighted	0	0	0	blind_posterior_reconstruction_geometry	884	0.262443439	0.514705882	0.161290323	0.0056561086
chr5	chr6	blind_pmax_geom_gap_weighted	0	0	0	blind_posterior_reconstruction_geometry	884	0.262443439	0.514705882	0.161290323	0.0056561086
chr5	chr6	blind_same_cross_distance_sum	0	0	0	blind_posterior_reconstruction_geometry	884	0.262443439	0.514705882	0.161290323	0.0056561086
chr5	chr6	blind_posterior_mass_same_cross	0	0	0	blind_posterior_reconstruction_geometry	884	0.262443439	0.514705882	0.161290323	0.0056561086
chr5	chr6	blind_chrom_center_same_closer	0	0	0	blind_reconstruction_geometry	884	0.262443439	0.514705882	0.161290323	0.0056561086
chr5	chr6	blind_chrom_homolog_vector_dot	0	0	0	blind_reconstruction_geometry	884	0.262443439	0.514705882	0.161290323	0.0056561086
chr5	chr7	cis_selected_whole_chrom	0	0	0	cis_snp_truth_whole_chrom	650	0.229230769	0.501538462	0.214285714	0.0646153846
chr5	chr7	pair_independent_4state_oracle	3	1	1	snp_truth_oracle	650	0.272307692	0.501538462	0.301020408	0.0907692308
chr5	chr7	blind_geom_nearest_to_posterior_top	0	0	0	blind_posterior_reconstruction_geometry	650	0.229230769	0.501538462	0.214285714	0.0646153846
chr5	chr7	blind_geom_nearest_gap_weighted	0	0	0	blind_posterior_reconstruction_geometry	650	0.229230769	0.501538462	0.214285714	0.0646153846
chr5	chr7	blind_margin_geom_gap_weighted	0	0	0	blind_posterior_reconstruction_geometry	650	0.229230769	0.501538462	0.214285714	0.0646153846
chr5	chr7	blind_pmax_geom_gap_weighted	0	0	0	blind_posterior_reconstruction_geometry	650	0.229230769	0.501538462	0.214285714	0.0646153846
chr5	chr7	blind_same_cross_distance_sum	0	0	0	blind_posterior_reconstruction_geometry	650	0.229230769	0.501538462	0.214285714	0.0646153846
chr5	chr7	blind_posterior_mass_same_cross	0	0	0	blind_posterior_reconstruction_geometry	650	0.229230769	0.501538462	0.214285714	0.0646153846
chr5	chr7	blind_chrom_center_same_closer	0	0	0	blind_reconstruction_geometry	650	0.229230769	0.501538462	0.214285714	0.0646153846
chr5	chr7	blind_chrom_homolog_vector_dot	1	0	1	blind_reconstruction_geometry	650	0.255384615	0.498461538	0.234693878	0.0707692308
chr5	chr8	cis_selected_whole_chrom	0	0	0	cis_snp_truth_whole_chrom	658	0.275075988	0.516717325	0.31627907	0.103343465
chr5	chr8	pair_independent_4state_oracle	0	0	0	snp_truth_oracle	658	0.275075988	0.516717325	0.31627907	0.103343465
chr5	chr8	blind_geom_nearest_to_posterior_top	0	0	0	blind_posterior_reconstruction_geometry	658	0.275075988	0.516717325	0.31627907	0.103343465
chr5	chr8	blind_geom_nearest_gap_weighted	0	0	0	blind_posterior_reconstruction_geometry	658	0.275075988	0.516717325	0.31627907	0.103343465
chr5	chr8	blind_margin_geom_gap_weighted	0	0	0	blind_posterior_reconstruction_geometry	658	0.275075988	0.516717325	0.31627907	0.103343465
chr5	chr8	blind_pmax_geom_gap_weighted	0	0	0	blind_posterior_reconstruction_geometry	658	0.275075988	0.516717325	0.31627907	0.103343465
chr5	chr8	blind_same_cross_distance_sum	1	0	1	blind_posterior_reconstruction_geometry	658	0.270516717	0.483282675	0.251162791	0.0820668693
chr5	chr8	blind_posterior_mass_same_cross	1	0	1	blind_posterior_reconstruction_geometry	658	0.270516717	0.483282675	0.251162791	0.0820668693
chr5	chr8	blind_chrom_center_same_closer	1	0	1	blind_reconstruction_geometry	658	0.270516717	0.483282675	0.251162791	0.0820668693
chr5	chr8	blind_chrom_homolog_vector_dot	1	0	1	blind_reconstruction_geometry	658	0.270516717	0.483282675	0.251162791	0.0820668693
chr5	chr9	cis_selected_whole_chrom	0	0	0	cis_snp_truth_whole_chrom	2111	0.185693984	0.273803884	0.108485499	0.0478446234
chr5	chr9	pair_independent_4state_oracle	2	1	0	snp_truth_oracle	2111	0.616295595	0.726196116	0.832438238	0.367124586
chr5	chr9	blind_geom_nearest_to_posterior_top	0	0	0	blind_posterior_reconstruction_geometry	2111	0.185693984	0.273803884	0.108485499	0.0478446234
chr5	chr9	blind_geom_nearest_gap_weighted	0	0	0	blind_posterior_reconstruction_geometry	2111	0.185693984	0.273803884	0.108485499	0.0478446234
chr5	chr9	blind_margin_geom_gap_weighted	0	0	0	blind_posterior_reconstruction_geometry	2111	0.185693984	0.273803884	0.108485499	0.0478446234
chr5	chr9	blind_pmax_geom_gap_weighted	0	0	0	blind_posterior_reconstruction_geometry	2111	0.185693984	0.273803884	0.108485499	0.0478446234
chr5	chr9	blind_same_cross_distance_sum	0	0	0	blind_posterior_reconstruction_geometry	2111	0.185693984	0.273803884	0.108485499	0.0478446234
chr5	chr9	blind_posterior_mass_same_cross	0	0	0	blind_posterior_reconstruction_geometry	2111	0.185693984	0.273803884	0.108485499	0.0478446234
chr5	chr9	blind_chrom_center_same_closer	0	0	0	blind_reconstruction_geometry	2111	0.185693984	0.273803884	0.108485499	0.0478446234
chr5	chr9	blind_chrom_homolog_vector_dot	0	0	0	blind_reconstruction_geometry	2111	0.185693984	0.273803884	0.108485499	0.0478446234
chr5	chr10	cis_selected_whole_chrom	0	0	0	cis_snp_truth_whole_chrom	1519	0.262672811	0.511520737	0.253521127	0.0710994075
chr5	chr10	pair_independent_4state_oracle	1	0	1	snp_truth_oracle	1519	0.267281106	0.489137591	0.417840376	0.117182357
chr5	chr10	blind_geom_nearest_to_posterior_top	0	0	0	blind_posterior_reconstruction_geometry	1519	0.262672811	0.511520737	0.253521127	0.0710994075
chr5	chr10	blind_geom_nearest_gap_weighted	0	0	0	blind_posterior_reconstruction_geometry	1519	0.262672811	0.511520737	0.253521127	0.0710994075
chr5	chr10	blind_margin_geom_gap_weighted	0	0	0	blind_posterior_reconstruction_geometry	1519	0.262672811	0.511520737	0.253521127	0.0710994075
chr5	chr10	blind_pmax_geom_gap_weighted	0	0	0	blind_posterior_reconstruction_geometry	1519	0.262672811	0.511520737	0.253521127	0.0710994075
chr5	chr10	blind_same_cross_distance_sum	1	0	1	blind_posterior_reconstruction_geometry	1519	0.267281106	0.489137591	0.417840376	0.117182357
chr5	chr10	blind_posterior_mass_same_cross	1	0	1	blind_posterior_reconstruction_geometry	1519	0.267281106	0.489137591	0.417840376	0.117182357
chr5	chr10	blind_chrom_center_same_closer	1	0	1	blind_reconstruction_geometry	1519	0.267281106	0.489137591	0.417840376	0.117182357
chr5	chr10	blind_chrom_homolog_vector_dot	1	0	1	blind_reconstruction_geometry	1519	0.267281106	0.489137591	0.417840376	0.117182357
chr5	chr11	cis_selected_whole_chrom	0	0	0	cis_snp_truth_whole_chrom	786	0.34605598	0.562340967	0.410326087	0.192111959
chr5	chr11	pair_independent_4state_oracle	0	0	0	snp_truth_oracle	786	0.34605598	0.562340967	0.410326087	0.192111959
chr5	chr11	blind_geom_nearest_to_posterior_top	0	0	0	blind_posterior_reconstruction_geometry	786	0.34605598	0.562340967	0.410326087	0.192111959
chr5	chr11	blind_geom_nearest_gap_weighted	0	0	0	blind_posterior_reconstruction_geometry	786	0.34605598	0.562340967	0.410326087	0.192111959
chr5	chr11	blind_margin_geom_gap_weighted	0	0	0	blind_posterior_reconstruction_geometry	786	0.34605598	0.562340967	0.410326087	0.192111959
chr5	chr11	blind_pmax_geom_gap_weighted	0	0	0	blind_posterior_reconstruction_geometry	786	0.34605598	0.562340967	0.410326087	0.192111959
chr5	chr11	blind_same_cross_distance_sum	0	0	0	blind_posterior_reconstruction_geometry	786	0.34605598	0.562340967	0.410326087	0.192111959
chr5	chr11	blind_posterior_mass_same_cross	0	0	0	blind_posterior_reconstruction_geometry	786	0.34605598	0.562340967	0.410326087	0.192111959
chr5	chr11	blind_chrom_center_same_closer	0	0	0	blind_reconstruction_geometry	786	0.34605598	0.562340967	0.410326087	0.192111959
chr5	chr11	blind_chrom_homolog_vector_dot	0	0	0	blind_reconstruction_geometry	786	0.34605598	0.562340967	0.410326087	0.192111959
chr5	chr12	cis_selected_whole_chrom	0	0	0	cis_snp_truth_whole_chrom	462	0.231601732	0.478354978	0.24	0.0519480519
chr5	chr12	pair_independent_4state_oracle	1	0	1	snp_truth_oracle	462	0.274891775	0.521645022	0.25	0.0541125541
chr5	chr12	blind_geom_nearest_to_posterior_top	0	0	0	blind_posterior_reconstruction_geometry	462	0.231601732	0.478354978	0.24	0.0519480519
chr5	chr12	blind_geom_nearest_gap_weighted	0	0	0	blind_posterior_reconstruction_geometry	462	0.231601732	0.478354978	0.24	0.0519480519
chr5	chr12	blind_margin_geom_gap_weighted	0	0	0	blind_posterior_reconstruction_geometry	462	0.231601732	0.478354978	0.24	0.0519480519
chr5	chr12	blind_pmax_geom_gap_weighted	0	0	0	blind_posterior_reconstruction_geometry	462	0.231601732	0.478354978	0.24	0.0519480519
chr5	chr12	blind_same_cross_distance_sum	0	0	0	blind_posterior_reconstruction_geometry	462	0.231601732	0.478354978	0.24	0.0519480519
chr5	chr12	blind_posterior_mass_same_cross	0	0	0	blind_posterior_reconstruction_geometry	462	0.231601732	0.478354978	0.24	0.0519480519
chr5	chr12	blind_chrom_center_same_closer	0	0	0	blind_reconstruction_geometry	462	0.231601732	0.478354978	0.24	0.0519480519
chr5	chr12	blind_chrom_homolog_vector_dot	0	0	0	blind_reconstruction_geometry	462	0.231601732	0.478354978	0.24	0.0519480519
chr5	chr13	cis_selected_whole_chrom	0	0	0	cis_snp_truth_whole_chrom	641	0.329173167	0.51950078	0.426395939	0.131045242
chr5	chr13	pair_independent_4state_oracle	0	0	0	snp_truth_oracle	641	0.329173167	0.51950078	0.426395939	0.131045242
chr5	chr13	blind_geom_nearest_to_posterior_top	0	0	0	blind_posterior_reconstruction_geometry	641	0.329173167	0.51950078	0.426395939	0.131045242
chr5	chr13	blind_geom_nearest_gap_weighted	0	0	0	blind_posterior_reconstruction_geometry	641	0.329173167	0.51950078	0.426395939	0.131045242
chr5	chr13	blind_margin_geom_gap_weighted	0	0	0	blind_posterior_reconstruction_geometry	641	0.329173167	0.51950078	0.426395939	0.131045242
chr5	chr13	blind_pmax_geom_gap_weighted	0	0	0	blind_posterior_reconstruction_geometry	641	0.329173167	0.51950078	0.426395939	0.131045242
chr5	chr13	blind_same_cross_distance_sum	0	0	0	blind_posterior_reconstruction_geometry	641	0.329173167	0.51950078	0.426395939	0.131045242
chr5	chr13	blind_posterior_mass_same_cross	0	0	0	blind_posterior_reconstruction_geometry	641	0.329173167	0.51950078	0.426395939	0.131045242
chr5	chr13	blind_chrom_center_same_closer	0	0	0	blind_reconstruction_geometry	641	0.329173167	0.51950078	0.426395939	0.131045242
chr5	chr13	blind_chrom_homolog_vector_dot	0	0	0	blind_reconstruction_geometry	641	0.329173167	0.51950078	0.426395939	0.131045242
chr5	chr14	cis_selected_whole_chrom	0	0	0	cis_snp_truth_whole_chrom	998	0.254509018	0.410821643	0.306397306	0.0911823647
chr5	chr14	pair_independent_4state_oracle	1	0	1	snp_truth_oracle	998	0.406813627	0.587174349	0.494949495	0.147294589
chr5	chr14	blind_geom_nearest_to_posterior_top	0	0	0	blind_posterior_reconstruction_geometry	998	0.254509018	0.410821643	0.306397306	0.0911823647
chr5	chr14	blind_geom_nearest_gap_weighted	0	0	0	blind_posterior_reconstruction_geometry	998	0.254509018	0.410821643	0.306397306	0.0911823647
chr5	chr14	blind_margin_geom_gap_weighted	0	0	0	blind_posterior_reconstruction_geometry	998	0.254509018	0.410821643	0.306397306	0.0911823647
chr5	chr14	blind_pmax_geom_gap_weighted	0	0	0	blind_posterior_reconstruction_geometry	998	0.254509018	0.410821643	0.306397306	0.0911823647
chr5	chr14	blind_same_cross_distance_sum	1	0	1	blind_posterior_reconstruction_geometry	998	0.406813627	0.587174349	0.494949495	0.147294589
chr5	chr14	blind_posterior_mass_same_cross	1	0	1	blind_posterior_reconstruction_geometry	998	0.406813627	0.587174349	0.494949495	0.147294589
chr5	chr14	blind_chrom_center_same_closer	1	0	1	blind_reconstruction_geometry	998	0.406813627	0.587174349	0.494949495	0.147294589
chr5	chr14	blind_chrom_homolog_vector_dot	1	0	1	blind_reconstruction_geometry	998	0.406813627	0.587174349	0.494949495	0.147294589
chr5	chr15	cis_selected_whole_chrom	0	0	0	cis_snp_truth_whole_chrom	563	0.243339254	0.465364121	0.1875	0.0213143872
chr5	chr15	pair_independent_4state_oracle	2	1	0	snp_truth_oracle	563	0.319715808	0.534635879	0.46875	0.053285968
chr5	chr15	blind_geom_nearest_to_posterior_top	0	0	0	blind_posterior_reconstruction_geometry	563	0.243339254	0.465364121	0.1875	0.0213143872
chr5	chr15	blind_geom_nearest_gap_weighted	0	0	0	blind_posterior_reconstruction_geometry	563	0.243339254	0.465364121	0.1875	0.0213143872
chr5	chr15	blind_margin_geom_gap_weighted	0	0	0	blind_posterior_reconstruction_geometry	563	0.243339254	0.465364121	0.1875	0.0213143872
chr5	chr15	blind_pmax_geom_gap_weighted	0	0	0	blind_posterior_reconstruction_geometry	563	0.243339254	0.465364121	0.1875	0.0213143872
chr5	chr15	blind_same_cross_distance_sum	1	0	1	blind_posterior_reconstruction_geometry	563	0.214920071	0.534635879	0.1875	0.0213143872
chr5	chr15	blind_posterior_mass_same_cross	1	0	1	blind_posterior_reconstruction_geometry	563	0.214920071	0.534635879	0.1875	0.0213143872
chr5	chr15	blind_chrom_center_same_closer	1	0	1	blind_reconstruction_geometry	563	0.214920071	0.534635879	0.1875	0.0213143872
chr5	chr15	blind_chrom_homolog_vector_dot	1	0	1	blind_reconstruction_geometry	563	0.214920071	0.534635879	0.1875	0.0213143872
chr5	chr16	cis_selected_whole_chrom	0	0	0	cis_snp_truth_whole_chrom	1282	0.541341654	0.677067083	0.924369748	0.257410296
chr5	chr16	pair_independent_4state_oracle	0	0	0	snp_truth_oracle	1282	0.541341654	0.677067083	0.924369748	0.257410296
chr5	chr16	blind_geom_nearest_to_posterior_top	0	0	0	blind_posterior_reconstruction_geometry	1282	0.541341654	0.677067083	0.924369748	0.257410296
chr5	chr16	blind_geom_nearest_gap_weighted	0	0	0	blind_posterior_reconstruction_geometry	1282	0.541341654	0.677067083	0.924369748	0.257410296
chr5	chr16	blind_margin_geom_gap_weighted	0	0	0	blind_posterior_reconstruction_geometry	1282	0.541341654	0.677067083	0.924369748	0.257410296
chr5	chr16	blind_pmax_geom_gap_weighted	0	0	0	blind_posterior_reconstruction_geometry	1282	0.541341654	0.677067083	0.924369748	0.257410296
chr5	chr16	blind_same_cross_distance_sum	0	0	0	blind_posterior_reconstruction_geometry	1282	0.541341654	0.677067083	0.924369748	0.257410296
chr5	chr16	blind_posterior_mass_same_cross	0	0	0	blind_posterior_reconstruction_geometry	1282	0.541341654	0.677067083	0.924369748	0.257410296
chr5	chr16	blind_chrom_center_same_closer	0	0	0	blind_reconstruction_geometry	1282	0.541341654	0.677067083	0.924369748	0.257410296
chr5	chr16	blind_chrom_homolog_vector_dot	0	0	0	blind_reconstruction_geometry	1282	0.541341654	0.677067083	0.924369748	0.257410296
chr5	chr17	cis_selected_whole_chrom	0	0	0	cis_snp_truth_whole_chrom	398	0.25879397	0.497487437	0.226804124	0.0552763819
chr5	chr17	pair_independent_4state_oracle	1	0	1	snp_truth_oracle	398	0.296482412	0.502512563	0.278350515	0.067839196
chr5	chr17	blind_geom_nearest_to_posterior_top	0	0	0	blind_posterior_reconstruction_geometry	398	0.25879397	0.497487437	0.226804124	0.0552763819
chr5	chr17	blind_geom_nearest_gap_weighted	0	0	0	blind_posterior_reconstruction_geometry	398	0.25879397	0.497487437	0.226804124	0.0552763819
chr5	chr17	blind_margin_geom_gap_weighted	0	0	0	blind_posterior_reconstruction_geometry	398	0.25879397	0.497487437	0.226804124	0.0552763819
chr5	chr17	blind_pmax_geom_gap_weighted	0	0	0	blind_posterior_reconstruction_geometry	398	0.25879397	0.497487437	0.226804124	0.0552763819
chr5	chr17	blind_same_cross_distance_sum	0	0	0	blind_posterior_reconstruction_geometry	398	0.25879397	0.497487437	0.226804124	0.0552763819
chr5	chr17	blind_posterior_mass_same_cross	0	0	0	blind_posterior_reconstruction_geometry	398	0.25879397	0.497487437	0.226804124	0.0552763819
chr5	chr17	blind_chrom_center_same_closer	0	0	0	blind_reconstruction_geometry	398	0.25879397	0.497487437	0.226804124	0.0552763819
chr5	chr17	blind_chrom_homolog_vector_dot	1	0	1	blind_reconstruction_geometry	398	0.296482412	0.502512563	0.278350515	0.067839196
chr5	chr18	cis_selected_whole_chrom	0	0	0	cis_snp_truth_whole_chrom	1009	0.43012884	0.711595639	0.510067114	0.225966303
chr5	chr18	pair_independent_4state_oracle	0	0	0	snp_truth_oracle	1009	0.43012884	0.711595639	0.510067114	0.225966303
chr5	chr18	blind_geom_nearest_to_posterior_top	0	0	0	blind_posterior_reconstruction_geometry	1009	0.43012884	0.711595639	0.510067114	0.225966303
chr5	chr18	blind_geom_nearest_gap_weighted	0	0	0	blind_posterior_reconstruction_geometry	1009	0.43012884	0.711595639	0.510067114	0.225966303
chr5	chr18	blind_margin_geom_gap_weighted	0	0	0	blind_posterior_reconstruction_geometry	1009	0.43012884	0.711595639	0.510067114	0.225966303
chr5	chr18	blind_pmax_geom_gap_weighted	0	0	0	blind_posterior_reconstruction_geometry	1009	0.43012884	0.711595639	0.510067114	0.225966303
chr5	chr18	blind_same_cross_distance_sum	1	0	1	blind_posterior_reconstruction_geometry	1009	0.139742319	0.288404361	0.0872483221	0.0386521308
chr5	chr18	blind_posterior_mass_same_cross	1	0	1	blind_posterior_reconstruction_geometry	1009	0.139742319	0.288404361	0.0872483221	0.0386521308
chr5	chr18	blind_chrom_center_same_closer	1	0	1	blind_reconstruction_geometry	1009	0.139742319	0.288404361	0.0872483221	0.0386521308
chr5	chr18	blind_chrom_homolog_vector_dot	1	0	1	blind_reconstruction_geometry	1009	0.139742319	0.288404361	0.0872483221	0.0386521308
chr5	chr19	cis_selected_whole_chrom	0	0	0	cis_snp_truth_whole_chrom	578	0.205882353	0.401384083	0.0547945205	0.0138408304
chr5	chr19	pair_independent_4state_oracle	1	0	1	snp_truth_oracle	578	0.416955017	0.593425606	0.753424658	0.190311419
chr5	chr19	blind_geom_nearest_to_posterior_top	0	0	0	blind_posterior_reconstruction_geometry	578	0.205882353	0.401384083	0.0547945205	0.0138408304
chr5	chr19	blind_geom_nearest_gap_weighted	0	0	0	blind_posterior_reconstruction_geometry	578	0.205882353	0.401384083	0.0547945205	0.0138408304
chr5	chr19	blind_margin_geom_gap_weighted	0	0	0	blind_posterior_reconstruction_geometry	578	0.205882353	0.401384083	0.0547945205	0.0138408304
chr5	chr19	blind_pmax_geom_gap_weighted	0	0	0	blind_posterior_reconstruction_geometry	578	0.205882353	0.401384083	0.0547945205	0.0138408304
chr5	chr19	blind_same_cross_distance_sum	1	0	1	blind_posterior_reconstruction_geometry	578	0.416955017	0.593425606	0.753424658	0.190311419
chr5	chr19	blind_posterior_mass_same_cross	1	0	1	blind_posterior_reconstruction_geometry	578	0.416955017	0.593425606	0.753424658	0.190311419
chr5	chr19	blind_chrom_center_same_closer	1	0	1	blind_reconstruction_geometry	578	0.416955017	0.593425606	0.753424658	0.190311419
chr5	chr19	blind_chrom_homolog_vector_dot	1	0	1	blind_reconstruction_geometry	578	0.416955017	0.593425606	0.753424658	0.190311419
chr5	chrX	cis_selected_whole_chrom	0	0	0	cis_snp_truth_whole_chrom	324	0.228395062	0.478395062	0.181818182	0.0185185185
chr5	chrX	pair_independent_4state_oracle	1	0	1	snp_truth_oracle	324	0.287037037	0.521604938	0.424242424	0.0432098765
chr5	chrX	blind_geom_nearest_to_posterior_top	0	0	0	blind_posterior_reconstruction_geometry	324	0.228395062	0.478395062	0.181818182	0.0185185185
chr5	chrX	blind_geom_nearest_gap_weighted	0	0	0	blind_posterior_reconstruction_geometry	324	0.228395062	0.478395062	0.181818182	0.0185185185
chr5	chrX	blind_margin_geom_gap_weighted	0	0	0	blind_posterior_reconstruction_geometry	324	0.228395062	0.478395062	0.181818182	0.0185185185
chr5	chrX	blind_pmax_geom_gap_weighted	0	0	0	blind_posterior_reconstruction_geometry	324	0.228395062	0.478395062	0.181818182	0.0185185185
chr5	chrX	blind_same_cross_distance_sum	0	0	0	blind_posterior_reconstruction_geometry	324	0.228395062	0.478395062	0.181818182	0.0185185185
chr5	chrX	blind_posterior_mass_same_cross	0	0	0	blind_posterior_reconstruction_geometry	324	0.228395062	0.478395062	0.181818182	0.0185185185
chr5	chrX	blind_chrom_center_same_closer	0	0	0	blind_reconstruction_geometry	324	0.228395062	0.478395062	0.181818182	0.0185185185
chr5	chrX	blind_chrom_homolog_vector_dot	0	0	0	blind_reconstruction_geometry	324	0.228395062	0.478395062	0.181818182	0.0185185185
chr6	chr7	cis_selected_whole_chrom	0	0	0	cis_snp_truth_whole_chrom	634	0.304416404	0.534700315	0.35359116	0.100946372
chr6	chr7	pair_independent_4state_oracle	0	0	0	snp_truth_oracle	634	0.304416404	0.534700315	0.35359116	0.100946372
chr6	chr7	blind_geom_nearest_to_posterior_top	0	0	0	blind_posterior_reconstruction_geometry	634	0.304416404	0.534700315	0.35359116	0.100946372
chr6	chr7	blind_geom_nearest_gap_weighted	0	0	0	blind_posterior_reconstruction_geometry	634	0.304416404	0.534700315	0.35359116	0.100946372
chr6	chr7	blind_margin_geom_gap_weighted	0	0	0	blind_posterior_reconstruction_geometry	634	0.304416404	0.534700315	0.35359116	0.100946372
chr6	chr7	blind_pmax_geom_gap_weighted	0	0	0	blind_posterior_reconstruction_geometry	634	0.304416404	0.534700315	0.35359116	0.100946372
chr6	chr7	blind_same_cross_distance_sum	1	0	1	blind_posterior_reconstruction_geometry	634	0.227129338	0.465299685	0.209944751	0.0599369085
chr6	chr7	blind_posterior_mass_same_cross	1	0	1	blind_posterior_reconstruction_geometry	634	0.227129338	0.465299685	0.209944751	0.0599369085
chr6	chr7	blind_chrom_center_same_closer	1	0	1	blind_reconstruction_geometry	634	0.227129338	0.465299685	0.209944751	0.0599369085
chr6	chr7	blind_chrom_homolog_vector_dot	1	0	1	blind_reconstruction_geometry	634	0.227129338	0.465299685	0.209944751	0.0599369085
chr6	chr8	cis_selected_whole_chrom	0	0	0	cis_snp_truth_whole_chrom	586	0.228668942	0.494880546	0.196261682	0.0358361775
chr6	chr8	pair_independent_4state_oracle	2	1	0	snp_truth_oracle	586	0.267918089	0.505119454	0.271028037	0.0494880546
chr6	chr8	blind_geom_nearest_to_posterior_top	0	0	0	blind_posterior_reconstruction_geometry	586	0.228668942	0.494880546	0.196261682	0.0358361775
chr6	chr8	blind_geom_nearest_gap_weighted	0	0	0	blind_posterior_reconstruction_geometry	586	0.228668942	0.494880546	0.196261682	0.0358361775
chr6	chr8	blind_margin_geom_gap_weighted	0	0	0	blind_posterior_reconstruction_geometry	586	0.228668942	0.494880546	0.196261682	0.0358361775
chr6	chr8	blind_pmax_geom_gap_weighted	0	0	0	blind_posterior_reconstruction_geometry	586	0.228668942	0.494880546	0.196261682	0.0358361775
chr6	chr8	blind_same_cross_distance_sum	1	0	1	blind_posterior_reconstruction_geometry	586	0.237201365	0.505119454	0.214953271	0.0392491468
chr6	chr8	blind_posterior_mass_same_cross	1	0	1	blind_posterior_reconstruction_geometry	586	0.237201365	0.505119454	0.214953271	0.0392491468
chr6	chr8	blind_chrom_center_same_closer	1	0	1	blind_reconstruction_geometry	586	0.237201365	0.505119454	0.214953271	0.0392491468
chr6	chr8	blind_chrom_homolog_vector_dot	1	0	1	blind_reconstruction_geometry	586	0.237201365	0.505119454	0.214953271	0.0392491468
chr6	chr9	cis_selected_whole_chrom	0	0	0	cis_snp_truth_whole_chrom	896	0.199776786	0.339285714	0.187341772	0.0825892857
chr6	chr9	pair_independent_4state_oracle	1	0	1	snp_truth_oracle	896	0.459821429	0.660714286	0.594936709	0.262276786
chr6	chr9	blind_geom_nearest_to_posterior_top	0	0	0	blind_posterior_reconstruction_geometry	896	0.199776786	0.339285714	0.187341772	0.0825892857
chr6	chr9	blind_geom_nearest_gap_weighted	0	0	0	blind_posterior_reconstruction_geometry	896	0.199776786	0.339285714	0.187341772	0.0825892857
chr6	chr9	blind_margin_geom_gap_weighted	0	0	0	blind_posterior_reconstruction_geometry	896	0.199776786	0.339285714	0.187341772	0.0825892857
chr6	chr9	blind_pmax_geom_gap_weighted	0	0	0	blind_posterior_reconstruction_geometry	896	0.199776786	0.339285714	0.187341772	0.0825892857
chr6	chr9	blind_same_cross_distance_sum	0	0	0	blind_posterior_reconstruction_geometry	896	0.199776786	0.339285714	0.187341772	0.0825892857
chr6	chr9	blind_posterior_mass_same_cross	0	0	0	blind_posterior_reconstruction_geometry	896	0.199776786	0.339285714	0.187341772	0.0825892857
chr6	chr9	blind_chrom_center_same_closer	0	0	0	blind_reconstruction_geometry	896	0.199776786	0.339285714	0.187341772	0.0825892857
chr6	chr9	blind_chrom_homolog_vector_dot	0	0	0	blind_reconstruction_geometry	896	0.199776786	0.339285714	0.187341772	0.0825892857
chr6	chr10	cis_selected_whole_chrom	0	0	0	cis_snp_truth_whole_chrom	1314	0.305936073	0.45585997	0.291938998	0.101978691
chr6	chr10	pair_independent_4state_oracle	1	0	1	snp_truth_oracle	1314	0.408675799	0.543378995	0.610021786	0.213089802
chr6	chr10	blind_geom_nearest_to_posterior_top	0	0	0	blind_posterior_reconstruction_geometry	1314	0.305936073	0.45585997	0.291938998	0.101978691
chr6	chr10	blind_geom_nearest_gap_weighted	0	0	0	blind_posterior_reconstruction_geometry	1314	0.305936073	0.45585997	0.291938998	0.101978691
chr6	chr10	blind_margin_geom_gap_weighted	0	0	0	blind_posterior_reconstruction_geometry	1314	0.305936073	0.45585997	0.291938998	0.101978691
chr6	chr10	blind_pmax_geom_gap_weighted	0	0	0	blind_posterior_reconstruction_geometry	1314	0.305936073	0.45585997	0.291938998	0.101978691
chr6	chr10	blind_same_cross_distance_sum	1	0	1	blind_posterior_reconstruction_geometry	1314	0.408675799	0.543378995	0.610021786	0.213089802
chr6	chr10	blind_posterior_mass_same_cross	1	0	1	blind_posterior_reconstruction_geometry	1314	0.408675799	0.543378995	0.610021786	0.213089802
chr6	chr10	blind_chrom_center_same_closer	1	0	1	blind_reconstruction_geometry	1314	0.408675799	0.543378995	0.610021786	0.213089802
chr6	chr10	blind_chrom_homolog_vector_dot	1	0	1	blind_reconstruction_geometry	1314	0.408675799	0.543378995	0.610021786	0.213089802
chr6	chr11	cis_selected_whole_chrom	0	0	0	cis_snp_truth_whole_chrom	707	0.272984441	0.550212164	0.346456693	0.0622347949
chr6	chr11	pair_independent_4state_oracle	3	1	1	snp_truth_oracle	707	0.277227723	0.550212164	0.228346457	0.0410183876
chr6	chr11	blind_geom_nearest_to_posterior_top	0	0	0	blind_posterior_reconstruction_geometry	707	0.272984441	0.550212164	0.346456693	0.0622347949
chr6	chr11	blind_geom_nearest_gap_weighted	0	0	0	blind_posterior_reconstruction_geometry	707	0.272984441	0.550212164	0.346456693	0.0622347949
chr6	chr11	blind_margin_geom_gap_weighted	0	0	0	blind_posterior_reconstruction_geometry	707	0.272984441	0.550212164	0.346456693	0.0622347949
chr6	chr11	blind_pmax_geom_gap_weighted	0	0	0	blind_posterior_reconstruction_geometry	707	0.272984441	0.550212164	0.346456693	0.0622347949
chr6	chr11	blind_same_cross_distance_sum	0	0	0	blind_posterior_reconstruction_geometry	707	0.272984441	0.550212164	0.346456693	0.0622347949
chr6	chr11	blind_posterior_mass_same_cross	0	0	0	blind_posterior_reconstruction_geometry	707	0.272984441	0.550212164	0.346456693	0.0622347949
chr6	chr11	blind_chrom_center_same_closer	0	0	0	blind_reconstruction_geometry	707	0.272984441	0.550212164	0.346456693	0.0622347949
chr6	chr11	blind_chrom_homolog_vector_dot	0	0	0	blind_reconstruction_geometry	707	0.272984441	0.550212164	0.346456693	0.0622347949
chr6	chr12	cis_selected_whole_chrom	0	0	0	cis_snp_truth_whole_chrom	554	0.24368231	0.487364621	0.363636364	0.0144404332
chr6	chr12	pair_independent_4state_oracle	1	0	1	snp_truth_oracle	554	0.272563177	0.512635379	0.227272727	0.00902527076
chr6	chr12	blind_geom_nearest_to_posterior_top	0	0	0	blind_posterior_reconstruction_geometry	554	0.24368231	0.487364621	0.363636364	0.0144404332
chr6	chr12	blind_geom_nearest_gap_weighted	0	0	0	blind_posterior_reconstruction_geometry	554	0.24368231	0.487364621	0.363636364	0.0144404332
chr6	chr12	blind_margin_geom_gap_weighted	0	0	0	blind_posterior_reconstruction_geometry	554	0.24368231	0.487364621	0.363636364	0.0144404332
chr6	chr12	blind_pmax_geom_gap_weighted	0	0	0	blind_posterior_reconstruction_geometry	554	0.24368231	0.487364621	0.363636364	0.0144404332
chr6	chr12	blind_same_cross_distance_sum	0	0	0	blind_posterior_reconstruction_geometry	554	0.24368231	0.487364621	0.363636364	0.0144404332
chr6	chr12	blind_posterior_mass_same_cross	0	0	0	blind_posterior_reconstruction_geometry	554	0.24368231	0.487364621	0.363636364	0.0144404332
chr6	chr12	blind_chrom_center_same_closer	0	0	0	blind_reconstruction_geometry	554	0.24368231	0.487364621	0.363636364	0.0144404332
chr6	chr12	blind_chrom_homolog_vector_dot	0	0	0	blind_reconstruction_geometry	554	0.24368231	0.487364621	0.363636364	0.0144404332
chr6	chr13	cis_selected_whole_chrom	0	0	0	cis_snp_truth_whole_chrom	861	0.459930314	0.650406504	0.668202765	0.168408827
chr6	chr13	pair_independent_4state_oracle	0	0	0	snp_truth_oracle	861	0.459930314	0.650406504	0.668202765	0.168408827
chr6	chr13	blind_geom_nearest_to_posterior_top	0	0	0	blind_posterior_reconstruction_geometry	861	0.459930314	0.650406504	0.668202765	0.168408827
chr6	chr13	blind_geom_nearest_gap_weighted	0	0	0	blind_posterior_reconstruction_geometry	861	0.459930314	0.650406504	0.668202765	0.168408827
chr6	chr13	blind_margin_geom_gap_weighted	0	0	0	blind_posterior_reconstruction_geometry	861	0.459930314	0.650406504	0.668202765	0.168408827
chr6	chr13	blind_pmax_geom_gap_weighted	0	0	0	blind_posterior_reconstruction_geometry	861	0.459930314	0.650406504	0.668202765	0.168408827
chr6	chr13	blind_same_cross_distance_sum	1	0	1	blind_posterior_reconstruction_geometry	861	0.178861789	0.349593496	0.124423963	0.031358885
chr6	chr13	blind_posterior_mass_same_cross	1	0	1	blind_posterior_reconstruction_geometry	861	0.178861789	0.349593496	0.124423963	0.031358885
chr6	chr13	blind_chrom_center_same_closer	1	0	1	blind_reconstruction_geometry	861	0.178861789	0.349593496	0.124423963	0.031358885
chr6	chr13	blind_chrom_homolog_vector_dot	1	0	1	blind_reconstruction_geometry	861	0.178861789	0.349593496	0.124423963	0.031358885
chr6	chr14	cis_selected_whole_chrom	0	0	0	cis_snp_truth_whole_chrom	1449	0.404416839	0.514837819	0.447342026	0.307798482
chr6	chr14	pair_independent_4state_oracle	0	0	0	snp_truth_oracle	1449	0.404416839	0.514837819	0.447342026	0.307798482
chr6	chr14	blind_geom_nearest_to_posterior_top	0	0	0	blind_posterior_reconstruction_geometry	1449	0.404416839	0.514837819	0.447342026	0.307798482
chr6	chr14	blind_geom_nearest_gap_weighted	0	0	0	blind_posterior_reconstruction_geometry	1449	0.404416839	0.514837819	0.447342026	0.307798482
chr6	chr14	blind_margin_geom_gap_weighted	0	0	0	blind_posterior_reconstruction_geometry	1449	0.404416839	0.514837819	0.447342026	0.307798482
chr6	chr14	blind_pmax_geom_gap_weighted	0	0	0	blind_posterior_reconstruction_geometry	1449	0.404416839	0.514837819	0.447342026	0.307798482
chr6	chr14	blind_same_cross_distance_sum	0	0	0	blind_posterior_reconstruction_geometry	1449	0.404416839	0.514837819	0.447342026	0.307798482
chr6	chr14	blind_posterior_mass_same_cross	0	0	0	blind_posterior_reconstruction_geometry	1449	0.404416839	0.514837819	0.447342026	0.307798482
chr6	chr14	blind_chrom_center_same_closer	0	0	0	blind_reconstruction_geometry	1449	0.404416839	0.514837819	0.447342026	0.307798482
chr6	chr14	blind_chrom_homolog_vector_dot	0	0	0	blind_reconstruction_geometry	1449	0.404416839	0.514837819	0.447342026	0.307798482
chr6	chr15	cis_selected_whole_chrom	0	0	0	cis_snp_truth_whole_chrom	568	0.225352113	0.443661972	0.209677419	0.0228873239
chr6	chr15	pair_independent_4state_oracle	2	1	0	snp_truth_oracle	568	0.330985915	0.556338028	0.483870968	0.0528169014
chr6	chr15	blind_geom_nearest_to_posterior_top	0	0	0	blind_posterior_reconstruction_geometry	568	0.225352113	0.443661972	0.209677419	0.0228873239
chr6	chr15	blind_geom_nearest_gap_weighted	0	0	0	blind_posterior_reconstruction_geometry	568	0.225352113	0.443661972	0.209677419	0.0228873239
chr6	chr15	blind_margin_geom_gap_weighted	0	0	0	blind_posterior_reconstruction_geometry	568	0.225352113	0.443661972	0.209677419	0.0228873239
chr6	chr15	blind_pmax_geom_gap_weighted	0	0	0	blind_posterior_reconstruction_geometry	568	0.225352113	0.443661972	0.209677419	0.0228873239
chr6	chr15	blind_same_cross_distance_sum	1	0	1	blind_posterior_reconstruction_geometry	568	0.225352113	0.556338028	0.161290323	0.0176056338
chr6	chr15	blind_posterior_mass_same_cross	1	0	1	blind_posterior_reconstruction_geometry	568	0.225352113	0.556338028	0.161290323	0.0176056338
chr6	chr15	blind_chrom_center_same_closer	1	0	1	blind_reconstruction_geometry	568	0.225352113	0.556338028	0.161290323	0.0176056338
chr6	chr15	blind_chrom_homolog_vector_dot	1	0	1	blind_reconstruction_geometry	568	0.225352113	0.556338028	0.161290323	0.0176056338
chr6	chr16	cis_selected_whole_chrom	0	0	0	cis_snp_truth_whole_chrom	1190	0.592436975	0.78487395	0.903133903	0.266386555
chr6	chr16	pair_independent_4state_oracle	0	0	0	snp_truth_oracle	1190	0.592436975	0.78487395	0.903133903	0.266386555
chr6	chr16	blind_geom_nearest_to_posterior_top	0	0	0	blind_posterior_reconstruction_geometry	1190	0.592436975	0.78487395	0.903133903	0.266386555
chr6	chr16	blind_geom_nearest_gap_weighted	0	0	0	blind_posterior_reconstruction_geometry	1190	0.592436975	0.78487395	0.903133903	0.266386555
chr6	chr16	blind_margin_geom_gap_weighted	0	0	0	blind_posterior_reconstruction_geometry	1190	0.592436975	0.78487395	0.903133903	0.266386555
chr6	chr16	blind_pmax_geom_gap_weighted	0	0	0	blind_posterior_reconstruction_geometry	1190	0.592436975	0.78487395	0.903133903	0.266386555
chr6	chr16	blind_same_cross_distance_sum	0	0	0	blind_posterior_reconstruction_geometry	1190	0.592436975	0.78487395	0.903133903	0.266386555
chr6	chr16	blind_posterior_mass_same_cross	0	0	0	blind_posterior_reconstruction_geometry	1190	0.592436975	0.78487395	0.903133903	0.266386555
chr6	chr16	blind_chrom_center_same_closer	0	0	0	blind_reconstruction_geometry	1190	0.592436975	0.78487395	0.903133903	0.266386555
chr6	chr16	blind_chrom_homolog_vector_dot	0	0	0	blind_reconstruction_geometry	1190	0.592436975	0.78487395	0.903133903	0.266386555
chr6	chr17	cis_selected_whole_chrom	0	0	0	cis_snp_truth_whole_chrom	482	0.257261411	0.439834025	0.114754098	0.0145228216
chr6	chr17	pair_independent_4state_oracle	1	0	1	snp_truth_oracle	482	0.331950207	0.560165975	0.704918033	0.0892116183
chr6	chr17	blind_geom_nearest_to_posterior_top	0	0	0	blind_posterior_reconstruction_geometry	482	0.257261411	0.439834025	0.114754098	0.0145228216
chr6	chr17	blind_geom_nearest_gap_weighted	0	0	0	blind_posterior_reconstruction_geometry	482	0.257261411	0.439834025	0.114754098	0.0145228216
chr6	chr17	blind_margin_geom_gap_weighted	0	0	0	blind_posterior_reconstruction_geometry	482	0.257261411	0.439834025	0.114754098	0.0145228216
chr6	chr17	blind_pmax_geom_gap_weighted	0	0	0	blind_posterior_reconstruction_geometry	482	0.257261411	0.439834025	0.114754098	0.0145228216
chr6	chr17	blind_same_cross_distance_sum	0	0	0	blind_posterior_reconstruction_geometry	482	0.257261411	0.439834025	0.114754098	0.0145228216
chr6	chr17	blind_posterior_mass_same_cross	0	0	0	blind_posterior_reconstruction_geometry	482	0.257261411	0.439834025	0.114754098	0.0145228216
chr6	chr17	blind_chrom_center_same_closer	0	0	0	blind_reconstruction_geometry	482	0.257261411	0.439834025	0.114754098	0.0145228216
chr6	chr17	blind_chrom_homolog_vector_dot	0	0	0	blind_reconstruction_geometry	482	0.257261411	0.439834025	0.114754098	0.0145228216
chr6	chr18	cis_selected_whole_chrom	0	0	0	cis_snp_truth_whole_chrom	775	0.28516129	0.585806452	0.140939597	0.0270967742
chr6	chr18	pair_independent_4state_oracle	3	1	1	snp_truth_oracle	775	0.303225806	0.585806452	0.255033557	0.0490322581
chr6	chr18	blind_geom_nearest_to_posterior_top	0	0	0	blind_posterior_reconstruction_geometry	775	0.28516129	0.585806452	0.140939597	0.0270967742
chr6	chr18	blind_geom_nearest_gap_weighted	0	0	0	blind_posterior_reconstruction_geometry	775	0.28516129	0.585806452	0.140939597	0.0270967742
chr6	chr18	blind_margin_geom_gap_weighted	0	0	0	blind_posterior_reconstruction_geometry	775	0.28516129	0.585806452	0.140939597	0.0270967742
chr6	chr18	blind_pmax_geom_gap_weighted	0	0	0	blind_posterior_reconstruction_geometry	775	0.28516129	0.585806452	0.140939597	0.0270967742
chr6	chr18	blind_same_cross_distance_sum	1	0	1	blind_posterior_reconstruction_geometry	775	0.232258065	0.414193548	0.489932886	0.0941935484
chr6	chr18	blind_posterior_mass_same_cross	1	0	1	blind_posterior_reconstruction_geometry	775	0.232258065	0.414193548	0.489932886	0.0941935484
chr6	chr18	blind_chrom_center_same_closer	1	0	1	blind_reconstruction_geometry	775	0.232258065	0.414193548	0.489932886	0.0941935484
chr6	chr18	blind_chrom_homolog_vector_dot	1	0	1	blind_reconstruction_geometry	775	0.232258065	0.414193548	0.489932886	0.0941935484
chr6	chr19	cis_selected_whole_chrom	0	0	0	cis_snp_truth_whole_chrom	712	0.599719101	0.721910112	0.818548387	0.28511236
chr6	chr19	pair_independent_4state_oracle	0	0	0	snp_truth_oracle	712	0.599719101	0.721910112	0.818548387	0.28511236
chr6	chr19	blind_geom_nearest_to_posterior_top	0	0	0	blind_posterior_reconstruction_geometry	712	0.599719101	0.721910112	0.818548387	0.28511236
chr6	chr19	blind_geom_nearest_gap_weighted	0	0	0	blind_posterior_reconstruction_geometry	712	0.599719101	0.721910112	0.818548387	0.28511236
chr6	chr19	blind_margin_geom_gap_weighted	0	0	0	blind_posterior_reconstruction_geometry	712	0.599719101	0.721910112	0.818548387	0.28511236
chr6	chr19	blind_pmax_geom_gap_weighted	0	0	0	blind_posterior_reconstruction_geometry	712	0.599719101	0.721910112	0.818548387	0.28511236
chr6	chr19	blind_same_cross_distance_sum	0	0	0	blind_posterior_reconstruction_geometry	712	0.599719101	0.721910112	0.818548387	0.28511236
chr6	chr19	blind_posterior_mass_same_cross	0	0	0	blind_posterior_reconstruction_geometry	712	0.599719101	0.721910112	0.818548387	0.28511236
chr6	chr19	blind_chrom_center_same_closer	0	0	0	blind_reconstruction_geometry	712	0.599719101	0.721910112	0.818548387	0.28511236
chr6	chr19	blind_chrom_homolog_vector_dot	0	0	0	blind_reconstruction_geometry	712	0.599719101	0.721910112	0.818548387	0.28511236
chr6	chrX	cis_selected_whole_chrom	0	0	0	cis_snp_truth_whole_chrom	374	0.29144385	0.545454545	0.366906475	0.136363636
chr6	chrX	pair_independent_4state_oracle	0	0	0	snp_truth_oracle	374	0.29144385	0.545454545	0.366906475	0.136363636
chr6	chrX	blind_geom_nearest_to_posterior_top	0	0	0	blind_posterior_reconstruction_geometry	374	0.29144385	0.545454545	0.366906475	0.136363636
chr6	chrX	blind_geom_nearest_gap_weighted	0	0	0	blind_posterior_reconstruction_geometry	374	0.29144385	0.545454545	0.366906475	0.136363636
chr6	chrX	blind_margin_geom_gap_weighted	0	0	0	blind_posterior_reconstruction_geometry	374	0.29144385	0.545454545	0.366906475	0.136363636
chr6	chrX	blind_pmax_geom_gap_weighted	0	0	0	blind_posterior_reconstruction_geometry	374	0.29144385	0.545454545	0.366906475	0.136363636
chr6	chrX	blind_same_cross_distance_sum	0	0	0	blind_posterior_reconstruction_geometry	374	0.29144385	0.545454545	0.366906475	0.136363636
chr6	chrX	blind_posterior_mass_same_cross	0	0	0	blind_posterior_reconstruction_geometry	374	0.29144385	0.545454545	0.366906475	0.136363636
chr6	chrX	blind_chrom_center_same_closer	0	0	0	blind_reconstruction_geometry	374	0.29144385	0.545454545	0.366906475	0.136363636
chr6	chrX	blind_chrom_homolog_vector_dot	0	0	0	blind_reconstruction_geometry	374	0.29144385	0.545454545	0.366906475	0.136363636
chr7	chr8	cis_selected_whole_chrom	0	0	0	cis_snp_truth_whole_chrom	719	0.187760779	0.518776078	0.122641509	0.0180806676
chr7	chr8	pair_independent_4state_oracle	3	1	1	snp_truth_oracle	719	0.331015299	0.518776078	0.424528302	0.0625869263
chr7	chr8	blind_geom_nearest_to_posterior_top	0	0	0	blind_posterior_reconstruction_geometry	719	0.187760779	0.518776078	0.122641509	0.0180806676
chr7	chr8	blind_geom_nearest_gap_weighted	0	0	0	blind_posterior_reconstruction_geometry	719	0.187760779	0.518776078	0.122641509	0.0180806676
chr7	chr8	blind_margin_geom_gap_weighted	0	0	0	blind_posterior_reconstruction_geometry	719	0.187760779	0.518776078	0.122641509	0.0180806676
chr7	chr8	blind_pmax_geom_gap_weighted	0	0	0	blind_posterior_reconstruction_geometry	719	0.187760779	0.518776078	0.122641509	0.0180806676
chr7	chr8	blind_same_cross_distance_sum	1	0	1	blind_posterior_reconstruction_geometry	719	0.23922114	0.481223922	0.169811321	0.0250347705
chr7	chr8	blind_posterior_mass_same_cross	1	0	1	blind_posterior_reconstruction_geometry	719	0.23922114	0.481223922	0.169811321	0.0250347705
chr7	chr8	blind_chrom_center_same_closer	1	0	1	blind_reconstruction_geometry	719	0.23922114	0.481223922	0.169811321	0.0250347705
chr7	chr8	blind_chrom_homolog_vector_dot	1	0	1	blind_reconstruction_geometry	719	0.23922114	0.481223922	0.169811321	0.0250347705
chr7	chr9	cis_selected_whole_chrom	0	0	0	cis_snp_truth_whole_chrom	491	0.234215886	0.511201629	0.217741935	0.16496945
chr7	chr9	pair_independent_4state_oracle	3	1	1	snp_truth_oracle	491	0.276985743	0.511201629	0.290322581	0.219959267
chr7	chr9	blind_geom_nearest_to_posterior_top	0	0	0	blind_posterior_reconstruction_geometry	491	0.234215886	0.511201629	0.217741935	0.16496945
chr7	chr9	blind_geom_nearest_gap_weighted	0	0	0	blind_posterior_reconstruction_geometry	491	0.234215886	0.511201629	0.217741935	0.16496945
chr7	chr9	blind_margin_geom_gap_weighted	0	0	0	blind_posterior_reconstruction_geometry	491	0.234215886	0.511201629	0.217741935	0.16496945
chr7	chr9	blind_pmax_geom_gap_weighted	0	0	0	blind_posterior_reconstruction_geometry	491	0.234215886	0.511201629	0.217741935	0.16496945
chr7	chr9	blind_same_cross_distance_sum	0	0	0	blind_posterior_reconstruction_geometry	491	0.234215886	0.511201629	0.217741935	0.16496945
chr7	chr9	blind_posterior_mass_same_cross	0	0	0	blind_posterior_reconstruction_geometry	491	0.234215886	0.511201629	0.217741935	0.16496945
chr7	chr9	blind_chrom_center_same_closer	0	0	0	blind_reconstruction_geometry	491	0.234215886	0.511201629	0.217741935	0.16496945
chr7	chr9	blind_chrom_homolog_vector_dot	0	0	0	blind_reconstruction_geometry	491	0.234215886	0.511201629	0.217741935	0.16496945
chr7	chr10	cis_selected_whole_chrom	0	0	0	cis_snp_truth_whole_chrom	542	0.26199262	0.535055351	0.333333333	0.00184501845
chr7	chr10	pair_independent_4state_oracle	3	1	1	snp_truth_oracle	542	0.273062731	0.535055351	0	0
chr7	chr10	blind_geom_nearest_to_posterior_top	0	0	0	blind_posterior_reconstruction_geometry	542	0.26199262	0.535055351	0.333333333	0.00184501845
chr7	chr10	blind_geom_nearest_gap_weighted	0	0	0	blind_posterior_reconstruction_geometry	542	0.26199262	0.535055351	0.333333333	0.00184501845
chr7	chr10	blind_margin_geom_gap_weighted	0	0	0	blind_posterior_reconstruction_geometry	542	0.26199262	0.535055351	0.333333333	0.00184501845
chr7	chr10	blind_pmax_geom_gap_weighted	0	0	0	blind_posterior_reconstruction_geometry	542	0.26199262	0.535055351	0.333333333	0.00184501845
chr7	chr10	blind_same_cross_distance_sum	1	0	1	blind_posterior_reconstruction_geometry	542	0.221402214	0.464944649	0	0
chr7	chr10	blind_posterior_mass_same_cross	1	0	1	blind_posterior_reconstruction_geometry	542	0.221402214	0.464944649	0	0
chr7	chr10	blind_chrom_center_same_closer	1	0	1	blind_reconstruction_geometry	542	0.221402214	0.464944649	0	0
chr7	chr10	blind_chrom_homolog_vector_dot	1	0	1	blind_reconstruction_geometry	542	0.221402214	0.464944649	0	0
chr7	chr11	cis_selected_whole_chrom	0	0	0	cis_snp_truth_whole_chrom	630	0.261904762	0.498412698	0.256578947	0.0619047619
chr7	chr11	pair_independent_4state_oracle	2	1	0	snp_truth_oracle	630	0.276190476	0.501587302	0.282894737	0.0682539683
chr7	chr11	blind_geom_nearest_to_posterior_top	0	0	0	blind_posterior_reconstruction_geometry	630	0.261904762	0.498412698	0.256578947	0.0619047619
chr7	chr11	blind_geom_nearest_gap_weighted	0	0	0	blind_posterior_reconstruction_geometry	630	0.261904762	0.498412698	0.256578947	0.0619047619
chr7	chr11	blind_margin_geom_gap_weighted	0	0	0	blind_posterior_reconstruction_geometry	630	0.261904762	0.498412698	0.256578947	0.0619047619
chr7	chr11	blind_pmax_geom_gap_weighted	0	0	0	blind_posterior_reconstruction_geometry	630	0.261904762	0.498412698	0.256578947	0.0619047619
chr7	chr11	blind_same_cross_distance_sum	0	0	0	blind_posterior_reconstruction_geometry	630	0.261904762	0.498412698	0.256578947	0.0619047619
chr7	chr11	blind_posterior_mass_same_cross	0	0	0	blind_posterior_reconstruction_geometry	630	0.261904762	0.498412698	0.256578947	0.0619047619
chr7	chr11	blind_chrom_center_same_closer	0	0	0	blind_reconstruction_geometry	630	0.261904762	0.498412698	0.256578947	0.0619047619
chr7	chr11	blind_chrom_homolog_vector_dot	0	0	0	blind_reconstruction_geometry	630	0.261904762	0.498412698	0.256578947	0.0619047619
chr7	chr12	cis_selected_whole_chrom	0	0	0	cis_snp_truth_whole_chrom	980	0.206122449	0.62244898	0.135391924	0.0581632653
chr7	chr12	pair_independent_4state_oracle	3	1	1	snp_truth_oracle	980	0.414285714	0.62244898	0.565320665	0.242857143
chr7	chr12	blind_geom_nearest_to_posterior_top	0	0	0	blind_posterior_reconstruction_geometry	980	0.206122449	0.62244898	0.135391924	0.0581632653
chr7	chr12	blind_geom_nearest_gap_weighted	0	0	0	blind_posterior_reconstruction_geometry	980	0.206122449	0.62244898	0.135391924	0.0581632653
chr7	chr12	blind_margin_geom_gap_weighted	0	0	0	blind_posterior_reconstruction_geometry	980	0.206122449	0.62244898	0.135391924	0.0581632653
chr7	chr12	blind_pmax_geom_gap_weighted	0	0	0	blind_posterior_reconstruction_geometry	980	0.206122449	0.62244898	0.135391924	0.0581632653
chr7	chr12	blind_same_cross_distance_sum	1	0	1	blind_posterior_reconstruction_geometry	980	0.173469388	0.37755102	0.0997624703	0.0428571429
chr7	chr12	blind_posterior_mass_same_cross	1	0	1	blind_posterior_reconstruction_geometry	980	0.173469388	0.37755102	0.0997624703	0.0428571429
chr7	chr12	blind_chrom_center_same_closer	1	0	1	blind_reconstruction_geometry	980	0.173469388	0.37755102	0.0997624703	0.0428571429
chr7	chr12	blind_chrom_homolog_vector_dot	1	0	1	blind_reconstruction_geometry	980	0.173469388	0.37755102	0.0997624703	0.0428571429
chr7	chr13	cis_selected_whole_chrom	0	0	0	cis_snp_truth_whole_chrom	548	0.26459854	0.5	0.202531646	0.0291970803
chr7	chr13	pair_independent_4state_oracle	1	0	1	snp_truth_oracle	548	0.281021898	0.5	0.35443038	0.0510948905
chr7	chr13	blind_geom_nearest_to_posterior_top	0	0	0	blind_posterior_reconstruction_geometry	548	0.26459854	0.5	0.202531646	0.0291970803
chr7	chr13	blind_geom_nearest_gap_weighted	0	0	0	blind_posterior_reconstruction_geometry	548	0.26459854	0.5	0.202531646	0.0291970803
chr7	chr13	blind_margin_geom_gap_weighted	0	0	0	blind_posterior_reconstruction_geometry	548	0.26459854	0.5	0.202531646	0.0291970803
chr7	chr13	blind_pmax_geom_gap_weighted	0	0	0	blind_posterior_reconstruction_geometry	548	0.26459854	0.5	0.202531646	0.0291970803
chr7	chr13	blind_same_cross_distance_sum	1	0	1	blind_posterior_reconstruction_geometry	548	0.281021898	0.5	0.35443038	0.0510948905
chr7	chr13	blind_posterior_mass_same_cross	1	0	1	blind_posterior_reconstruction_geometry	548	0.281021898	0.5	0.35443038	0.0510948905
chr7	chr13	blind_chrom_center_same_closer	1	0	1	blind_reconstruction_geometry	548	0.281021898	0.5	0.35443038	0.0510948905
chr7	chr13	blind_chrom_homolog_vector_dot	1	0	1	blind_reconstruction_geometry	548	0.281021898	0.5	0.35443038	0.0510948905
chr7	chr14	cis_selected_whole_chrom	0	0	0	cis_snp_truth_whole_chrom	840	0.216666667	0.395238095	0.161094225	0.0630952381
chr7	chr14	pair_independent_4state_oracle	2	1	0	snp_truth_oracle	840	0.454761905	0.604761905	0.598784195	0.23452381
chr7	chr14	blind_geom_nearest_to_posterior_top	0	0	0	blind_posterior_reconstruction_geometry	840	0.216666667	0.395238095	0.161094225	0.0630952381
chr7	chr14	blind_geom_nearest_gap_weighted	0	0	0	blind_posterior_reconstruction_geometry	840	0.216666667	0.395238095	0.161094225	0.0630952381
chr7	chr14	blind_margin_geom_gap_weighted	0	0	0	blind_posterior_reconstruction_geometry	840	0.216666667	0.395238095	0.161094225	0.0630952381
chr7	chr14	blind_pmax_geom_gap_weighted	0	0	0	blind_posterior_reconstruction_geometry	840	0.216666667	0.395238095	0.161094225	0.0630952381
chr7	chr14	blind_same_cross_distance_sum	1	0	1	blind_posterior_reconstruction_geometry	840	0.15	0.604761905	0.118541033	0.0464285714
chr7	chr14	blind_posterior_mass_same_cross	1	0	1	blind_posterior_reconstruction_geometry	840	0.15	0.604761905	0.118541033	0.0464285714
chr7	chr14	blind_chrom_center_same_closer	1	0	1	blind_reconstruction_geometry	840	0.15	0.604761905	0.118541033	0.0464285714
chr7	chr14	blind_chrom_homolog_vector_dot	1	0	1	blind_reconstruction_geometry	840	0.15	0.604761905	0.118541033	0.0464285714
chr7	chr15	cis_selected_whole_chrom	0	0	0	cis_snp_truth_whole_chrom	514	0.217898833	0.463035019	0.181818182	0.0116731518
chr7	chr15	pair_independent_4state_oracle	1	0	1	snp_truth_oracle	514	0.287937743	0.536964981	0.0606060606	0.00389105058
chr7	chr15	blind_geom_nearest_to_posterior_top	0	0	0	blind_posterior_reconstruction_geometry	514	0.217898833	0.463035019	0.181818182	0.0116731518
chr7	chr15	blind_geom_nearest_gap_weighted	0	0	0	blind_posterior_reconstruction_geometry	514	0.217898833	0.463035019	0.181818182	0.0116731518
chr7	chr15	blind_margin_geom_gap_weighted	0	0	0	blind_posterior_reconstruction_geometry	514	0.217898833	0.463035019	0.181818182	0.0116731518
chr7	chr15	blind_pmax_geom_gap_weighted	0	0	0	blind_posterior_reconstruction_geometry	514	0.217898833	0.463035019	0.181818182	0.0116731518
chr7	chr15	blind_same_cross_distance_sum	0	0	0	blind_posterior_reconstruction_geometry	514	0.217898833	0.463035019	0.181818182	0.0116731518
chr7	chr15	blind_posterior_mass_same_cross	0	0	0	blind_posterior_reconstruction_geometry	514	0.217898833	0.463035019	0.181818182	0.0116731518
chr7	chr15	blind_chrom_center_same_closer	0	0	0	blind_reconstruction_geometry	514	0.217898833	0.463035019	0.181818182	0.0116731518
chr7	chr15	blind_chrom_homolog_vector_dot	0	0	0	blind_reconstruction_geometry	514	0.217898833	0.463035019	0.181818182	0.0116731518
chr7	chr16	cis_selected_whole_chrom	0	0	0	cis_snp_truth_whole_chrom	339	0.247787611	0.539823009	0.103448276	0.00884955752
chr7	chr16	pair_independent_4state_oracle	3	1	1	snp_truth_oracle	339	0.292035398	0.539823009	0.413793103	0.0353982301
chr7	chr16	blind_geom_nearest_to_posterior_top	0	0	0	blind_posterior_reconstruction_geometry	339	0.247787611	0.539823009	0.103448276	0.00884955752
chr7	chr16	blind_geom_nearest_gap_weighted	0	0	0	blind_posterior_reconstruction_geometry	339	0.247787611	0.539823009	0.103448276	0.00884955752
chr7	chr16	blind_margin_geom_gap_weighted	0	0	0	blind_posterior_reconstruction_geometry	339	0.247787611	0.539823009	0.103448276	0.00884955752
chr7	chr16	blind_pmax_geom_gap_weighted	0	0	0	blind_posterior_reconstruction_geometry	339	0.247787611	0.539823009	0.103448276	0.00884955752
chr7	chr16	blind_same_cross_distance_sum	0	0	0	blind_posterior_reconstruction_geometry	339	0.247787611	0.539823009	0.103448276	0.00884955752
chr7	chr16	blind_posterior_mass_same_cross	0	0	0	blind_posterior_reconstruction_geometry	339	0.247787611	0.539823009	0.103448276	0.00884955752
chr7	chr16	blind_chrom_center_same_closer	0	0	0	blind_reconstruction_geometry	339	0.247787611	0.539823009	0.103448276	0.00884955752
chr7	chr16	blind_chrom_homolog_vector_dot	1	0	1	blind_reconstruction_geometry	339	0.212389381	0.460176991	0.103448276	0.00884955752
chr7	chr17	cis_selected_whole_chrom	0	0	0	cis_snp_truth_whole_chrom	379	0.211081794	0.422163588	0.148148148	0.0211081794
chr7	chr17	pair_independent_4state_oracle	2	1	0	snp_truth_oracle	379	0.311345646	0.577836412	0.222222222	0.0316622691
chr7	chr17	blind_geom_nearest_to_posterior_top	0	0	0	blind_posterior_reconstruction_geometry	379	0.211081794	0.422163588	0.148148148	0.0211081794
chr7	chr17	blind_geom_nearest_gap_weighted	0	0	0	blind_posterior_reconstruction_geometry	379	0.211081794	0.422163588	0.148148148	0.0211081794
chr7	chr17	blind_margin_geom_gap_weighted	0	0	0	blind_posterior_reconstruction_geometry	379	0.211081794	0.422163588	0.148148148	0.0211081794
chr7	chr17	blind_pmax_geom_gap_weighted	0	0	0	blind_posterior_reconstruction_geometry	379	0.211081794	0.422163588	0.148148148	0.0211081794
chr7	chr17	blind_same_cross_distance_sum	1	0	1	blind_posterior_reconstruction_geometry	379	0.266490765	0.577836412	0.333333333	0.0474934037
chr7	chr17	blind_posterior_mass_same_cross	1	0	1	blind_posterior_reconstruction_geometry	379	0.266490765	0.577836412	0.333333333	0.0474934037
chr7	chr17	blind_chrom_center_same_closer	1	0	1	blind_reconstruction_geometry	379	0.266490765	0.577836412	0.333333333	0.0474934037
chr7	chr17	blind_chrom_homolog_vector_dot	1	0	1	blind_reconstruction_geometry	379	0.266490765	0.577836412	0.333333333	0.0474934037
chr7	chr18	cis_selected_whole_chrom	0	0	0	cis_snp_truth_whole_chrom	1117	0.668755595	0.752014324	0.79374111	0.499552372
chr7	chr18	pair_independent_4state_oracle	0	0	0	snp_truth_oracle	1117	0.668755595	0.752014324	0.79374111	0.499552372
chr7	chr18	blind_geom_nearest_to_posterior_top	0	0	0	blind_posterior_reconstruction_geometry	1117	0.668755595	0.752014324	0.79374111	0.499552372
chr7	chr18	blind_geom_nearest_gap_weighted	0	0	0	blind_posterior_reconstruction_geometry	1117	0.668755595	0.752014324	0.79374111	0.499552372
chr7	chr18	blind_margin_geom_gap_weighted	0	0	0	blind_posterior_reconstruction_geometry	1117	0.668755595	0.752014324	0.79374111	0.499552372
chr7	chr18	blind_pmax_geom_gap_weighted	0	0	0	blind_posterior_reconstruction_geometry	1117	0.668755595	0.752014324	0.79374111	0.499552372
chr7	chr18	blind_same_cross_distance_sum	0	0	0	blind_posterior_reconstruction_geometry	1117	0.668755595	0.752014324	0.79374111	0.499552372
chr7	chr18	blind_posterior_mass_same_cross	0	0	0	blind_posterior_reconstruction_geometry	1117	0.668755595	0.752014324	0.79374111	0.499552372
chr7	chr18	blind_chrom_center_same_closer	0	0	0	blind_reconstruction_geometry	1117	0.668755595	0.752014324	0.79374111	0.499552372
chr7	chr18	blind_chrom_homolog_vector_dot	0	0	0	blind_reconstruction_geometry	1117	0.668755595	0.752014324	0.79374111	0.499552372
chr7	chr19	cis_selected_whole_chrom	0	0	0	cis_snp_truth_whole_chrom	404	0.173267327	0.430693069	0.0581395349	0.0123762376
chr7	chr19	pair_independent_4state_oracle	2	1	0	snp_truth_oracle	404	0.413366337	0.569306931	0.755813953	0.160891089
chr7	chr19	blind_geom_nearest_to_posterior_top	0	0	0	blind_posterior_reconstruction_geometry	404	0.173267327	0.430693069	0.0581395349	0.0123762376
chr7	chr19	blind_geom_nearest_gap_weighted	0	0	0	blind_posterior_reconstruction_geometry	404	0.173267327	0.430693069	0.0581395349	0.0123762376
chr7	chr19	blind_margin_geom_gap_weighted	0	0	0	blind_posterior_reconstruction_geometry	404	0.173267327	0.430693069	0.0581395349	0.0123762376
chr7	chr19	blind_pmax_geom_gap_weighted	0	0	0	blind_posterior_reconstruction_geometry	404	0.173267327	0.430693069	0.0581395349	0.0123762376
chr7	chr19	blind_same_cross_distance_sum	1	0	1	blind_posterior_reconstruction_geometry	404	0.155940594	0.569306931	0.0697674419	0.0148514851
chr7	chr19	blind_posterior_mass_same_cross	1	0	1	blind_posterior_reconstruction_geometry	404	0.155940594	0.569306931	0.0697674419	0.0148514851
chr7	chr19	blind_chrom_center_same_closer	1	0	1	blind_reconstruction_geometry	404	0.155940594	0.569306931	0.0697674419	0.0148514851
chr7	chr19	blind_chrom_homolog_vector_dot	1	0	1	blind_reconstruction_geometry	404	0.155940594	0.569306931	0.0697674419	0.0148514851
chr7	chrX	cis_selected_whole_chrom	0	0	0	cis_snp_truth_whole_chrom	350	0.282857143	0.494285714	0.382978723	0.0514285714
chr7	chrX	pair_independent_4state_oracle	0	0	0	snp_truth_oracle	350	0.282857143	0.494285714	0.382978723	0.0514285714
chr7	chrX	blind_geom_nearest_to_posterior_top	0	0	0	blind_posterior_reconstruction_geometry	350	0.282857143	0.494285714	0.382978723	0.0514285714
chr7	chrX	blind_geom_nearest_gap_weighted	0	0	0	blind_posterior_reconstruction_geometry	350	0.282857143	0.494285714	0.382978723	0.0514285714
chr7	chrX	blind_margin_geom_gap_weighted	0	0	0	blind_posterior_reconstruction_geometry	350	0.282857143	0.494285714	0.382978723	0.0514285714
chr7	chrX	blind_pmax_geom_gap_weighted	0	0	0	blind_posterior_reconstruction_geometry	350	0.282857143	0.494285714	0.382978723	0.0514285714
chr7	chrX	blind_same_cross_distance_sum	0	0	0	blind_posterior_reconstruction_geometry	350	0.282857143	0.494285714	0.382978723	0.0514285714
chr7	chrX	blind_posterior_mass_same_cross	0	0	0	blind_posterior_reconstruction_geometry	350	0.282857143	0.494285714	0.382978723	0.0514285714
chr7	chrX	blind_chrom_center_same_closer	0	0	0	blind_reconstruction_geometry	350	0.282857143	0.494285714	0.382978723	0.0514285714
chr7	chrX	blind_chrom_homolog_vector_dot	0	0	0	blind_reconstruction_geometry	350	0.282857143	0.494285714	0.382978723	0.0514285714
chr8	chr9	cis_selected_whole_chrom	0	0	0	cis_snp_truth_whole_chrom	472	0.209745763	0.457627119	0.146666667	0.0233050847
chr8	chr9	pair_independent_4state_oracle	2	1	0	snp_truth_oracle	472	0.311440678	0.542372881	0.36	0.0572033898
chr8	chr9	blind_geom_nearest_to_posterior_top	0	0	0	blind_posterior_reconstruction_geometry	472	0.209745763	0.457627119	0.146666667	0.0233050847
chr8	chr9	blind_geom_nearest_gap_weighted	0	0	0	blind_posterior_reconstruction_geometry	472	0.209745763	0.457627119	0.146666667	0.0233050847
chr8	chr9	blind_margin_geom_gap_weighted	0	0	0	blind_posterior_reconstruction_geometry	472	0.209745763	0.457627119	0.146666667	0.0233050847
chr8	chr9	blind_pmax_geom_gap_weighted	0	0	0	blind_posterior_reconstruction_geometry	472	0.209745763	0.457627119	0.146666667	0.0233050847
chr8	chr9	blind_same_cross_distance_sum	1	0	1	blind_posterior_reconstruction_geometry	472	0.230932203	0.542372881	0.266666667	0.0423728814
chr8	chr9	blind_posterior_mass_same_cross	1	0	1	blind_posterior_reconstruction_geometry	472	0.230932203	0.542372881	0.266666667	0.0423728814
chr8	chr9	blind_chrom_center_same_closer	1	0	1	blind_reconstruction_geometry	472	0.230932203	0.542372881	0.266666667	0.0423728814
chr8	chr9	blind_chrom_homolog_vector_dot	1	0	1	blind_reconstruction_geometry	472	0.230932203	0.542372881	0.266666667	0.0423728814
chr8	chr10	cis_selected_whole_chrom	0	0	0	cis_snp_truth_whole_chrom	534	0.219101124	0.47752809	0.25	0.0205992509
chr8	chr10	pair_independent_4state_oracle	1	0	1	snp_truth_oracle	534	0.29588015	0.52247191	0.340909091	0.0280898876
chr8	chr10	blind_geom_nearest_to_posterior_top	0	0	0	blind_posterior_reconstruction_geometry	534	0.219101124	0.47752809	0.25	0.0205992509
chr8	chr10	blind_geom_nearest_gap_weighted	0	0	0	blind_posterior_reconstruction_geometry	534	0.219101124	0.47752809	0.25	0.0205992509
chr8	chr10	blind_margin_geom_gap_weighted	0	0	0	blind_posterior_reconstruction_geometry	534	0.219101124	0.47752809	0.25	0.0205992509
chr8	chr10	blind_pmax_geom_gap_weighted	0	0	0	blind_posterior_reconstruction_geometry	534	0.219101124	0.47752809	0.25	0.0205992509
chr8	chr10	blind_same_cross_distance_sum	0	0	0	blind_posterior_reconstruction_geometry	534	0.219101124	0.47752809	0.25	0.0205992509
chr8	chr10	blind_posterior_mass_same_cross	1	0	1	blind_posterior_reconstruction_geometry	534	0.29588015	0.52247191	0.340909091	0.0280898876
chr8	chr10	blind_chrom_center_same_closer	0	0	0	blind_reconstruction_geometry	534	0.219101124	0.47752809	0.25	0.0205992509
chr8	chr10	blind_chrom_homolog_vector_dot	0	0	0	blind_reconstruction_geometry	534	0.219101124	0.47752809	0.25	0.0205992509
chr8	chr11	cis_selected_whole_chrom	0	0	0	cis_snp_truth_whole_chrom	2859	0.149702693	0.302903113	0.184245661	0.0482686254
chr8	chr11	pair_independent_4state_oracle	1	0	1	snp_truth_oracle	2859	0.390346275	0.697096887	0.315086782	0.0825463449
chr8	chr11	blind_geom_nearest_to_posterior_top	0	0	0	blind_posterior_reconstruction_geometry	2859	0.149702693	0.302903113	0.184245661	0.0482686254
chr8	chr11	blind_geom_nearest_gap_weighted	0	0	0	blind_posterior_reconstruction_geometry	2859	0.149702693	0.302903113	0.184245661	0.0482686254
chr8	chr11	blind_margin_geom_gap_weighted	0	0	0	blind_posterior_reconstruction_geometry	2859	0.149702693	0.302903113	0.184245661	0.0482686254
chr8	chr11	blind_pmax_geom_gap_weighted	0	0	0	blind_posterior_reconstruction_geometry	2859	0.149702693	0.302903113	0.184245661	0.0482686254
chr8	chr11	blind_same_cross_distance_sum	1	0	1	blind_posterior_reconstruction_geometry	2859	0.390346275	0.697096887	0.315086782	0.0825463449
chr8	chr11	blind_posterior_mass_same_cross	1	0	1	blind_posterior_reconstruction_geometry	2859	0.390346275	0.697096887	0.315086782	0.0825463449
chr8	chr11	blind_chrom_center_same_closer	1	0	1	blind_reconstruction_geometry	2859	0.390346275	0.697096887	0.315086782	0.0825463449
chr8	chr11	blind_chrom_homolog_vector_dot	1	0	1	blind_reconstruction_geometry	2859	0.390346275	0.697096887	0.315086782	0.0825463449
chr8	chr12	cis_selected_whole_chrom	0	0	0	cis_snp_truth_whole_chrom	522	0.201149425	0.417624521	0.195488722	0.0498084291
chr8	chr12	pair_independent_4state_oracle	2	1	0	snp_truth_oracle	522	0.358237548	0.582375479	0.473684211	0.120689655
chr8	chr12	blind_geom_nearest_to_posterior_top	0	0	0	blind_posterior_reconstruction_geometry	522	0.201149425	0.417624521	0.195488722	0.0498084291
chr8	chr12	blind_geom_nearest_gap_weighted	0	0	0	blind_posterior_reconstruction_geometry	522	0.201149425	0.417624521	0.195488722	0.0498084291
chr8	chr12	blind_margin_geom_gap_weighted	0	0	0	blind_posterior_reconstruction_geometry	522	0.201149425	0.417624521	0.195488722	0.0498084291
chr8	chr12	blind_pmax_geom_gap_weighted	0	0	0	blind_posterior_reconstruction_geometry	522	0.201149425	0.417624521	0.195488722	0.0498084291
chr8	chr12	blind_same_cross_distance_sum	0	0	0	blind_posterior_reconstruction_geometry	522	0.201149425	0.417624521	0.195488722	0.0498084291
chr8	chr12	blind_posterior_mass_same_cross	0	0	0	blind_posterior_reconstruction_geometry	522	0.201149425	0.417624521	0.195488722	0.0498084291
chr8	chr12	blind_chrom_center_same_closer	0	0	0	blind_reconstruction_geometry	522	0.201149425	0.417624521	0.195488722	0.0498084291
chr8	chr12	blind_chrom_homolog_vector_dot	0	0	0	blind_reconstruction_geometry	522	0.201149425	0.417624521	0.195488722	0.0498084291
chr8	chr13	cis_selected_whole_chrom	0	0	0	cis_snp_truth_whole_chrom	662	0.240181269	0.456193353	0.126984127	0.0120845921
chr8	chr13	pair_independent_4state_oracle	2	1	0	snp_truth_oracle	662	0.31570997	0.543806647	0.555555556	0.0528700906
chr8	chr13	blind_geom_nearest_to_posterior_top	0	0	0	blind_posterior_reconstruction_geometry	662	0.240181269	0.456193353	0.126984127	0.0120845921
chr8	chr13	blind_geom_nearest_gap_weighted	0	0	0	blind_posterior_reconstruction_geometry	662	0.240181269	0.456193353	0.126984127	0.0120845921
chr8	chr13	blind_margin_geom_gap_weighted	0	0	0	blind_posterior_reconstruction_geometry	662	0.240181269	0.456193353	0.126984127	0.0120845921
chr8	chr13	blind_pmax_geom_gap_weighted	0	0	0	blind_posterior_reconstruction_geometry	662	0.240181269	0.456193353	0.126984127	0.0120845921
chr8	chr13	blind_same_cross_distance_sum	0	0	0	blind_posterior_reconstruction_geometry	662	0.240181269	0.456193353	0.126984127	0.0120845921
chr8	chr13	blind_posterior_mass_same_cross	0	0	0	blind_posterior_reconstruction_geometry	662	0.240181269	0.456193353	0.126984127	0.0120845921
chr8	chr13	blind_chrom_center_same_closer	0	0	0	blind_reconstruction_geometry	662	0.240181269	0.456193353	0.126984127	0.0120845921
chr8	chr13	blind_chrom_homolog_vector_dot	0	0	0	blind_reconstruction_geometry	662	0.240181269	0.456193353	0.126984127	0.0120845921
chr8	chr14	cis_selected_whole_chrom	0	0	0	cis_snp_truth_whole_chrom	1031	0.345295829	0.579049467	0.30952381	0.201745878
chr8	chr14	pair_independent_4state_oracle	0	0	0	snp_truth_oracle	1031	0.345295829	0.579049467	0.30952381	0.201745878
chr8	chr14	blind_geom_nearest_to_posterior_top	0	0	0	blind_posterior_reconstruction_geometry	1031	0.345295829	0.579049467	0.30952381	0.201745878
chr8	chr14	blind_geom_nearest_gap_weighted	0	0	0	blind_posterior_reconstruction_geometry	1031	0.345295829	0.579049467	0.30952381	0.201745878
chr8	chr14	blind_margin_geom_gap_weighted	0	0	0	blind_posterior_reconstruction_geometry	1031	0.345295829	0.579049467	0.30952381	0.201745878
chr8	chr14	blind_pmax_geom_gap_weighted	0	0	0	blind_posterior_reconstruction_geometry	1031	0.345295829	0.579049467	0.30952381	0.201745878
chr8	chr14	blind_same_cross_distance_sum	1	0	1	blind_posterior_reconstruction_geometry	1031	0.183317168	0.420950533	0.171130952	0.111542192
chr8	chr14	blind_posterior_mass_same_cross	0	0	0	blind_posterior_reconstruction_geometry	1031	0.345295829	0.579049467	0.30952381	0.201745878
chr8	chr14	blind_chrom_center_same_closer	1	0	1	blind_reconstruction_geometry	1031	0.183317168	0.420950533	0.171130952	0.111542192
chr8	chr14	blind_chrom_homolog_vector_dot	1	0	1	blind_reconstruction_geometry	1031	0.183317168	0.420950533	0.171130952	0.111542192
chr8	chr15	cis_selected_whole_chrom	0	0	0	cis_snp_truth_whole_chrom	1141	0.17791411	0.269062226	0.168741355	0.106923751
chr8	chr15	pair_independent_4state_oracle	2	1	0	snp_truth_oracle	1141	0.617879053	0.730937774	0.710926694	0.450482033
chr8	chr15	blind_geom_nearest_to_posterior_top	0	0	0	blind_posterior_reconstruction_geometry	1141	0.17791411	0.269062226	0.168741355	0.106923751
chr8	chr15	blind_geom_nearest_gap_weighted	0	0	0	blind_posterior_reconstruction_geometry	1141	0.17791411	0.269062226	0.168741355	0.106923751
chr8	chr15	blind_margin_geom_gap_weighted	0	0	0	blind_posterior_reconstruction_geometry	1141	0.17791411	0.269062226	0.168741355	0.106923751
chr8	chr15	blind_pmax_geom_gap_weighted	0	0	0	blind_posterior_reconstruction_geometry	1141	0.17791411	0.269062226	0.168741355	0.106923751
chr8	chr15	blind_same_cross_distance_sum	0	0	0	blind_posterior_reconstruction_geometry	1141	0.17791411	0.269062226	0.168741355	0.106923751
chr8	chr15	blind_posterior_mass_same_cross	1	0	1	blind_posterior_reconstruction_geometry	1141	0.11305872	0.730937774	0.0622406639	0.0394390885
chr8	chr15	blind_chrom_center_same_closer	0	0	0	blind_reconstruction_geometry	1141	0.17791411	0.269062226	0.168741355	0.106923751
chr8	chr15	blind_chrom_homolog_vector_dot	0	0	0	blind_reconstruction_geometry	1141	0.17791411	0.269062226	0.168741355	0.106923751
chr8	chr16	cis_selected_whole_chrom	0	0	0	cis_snp_truth_whole_chrom	376	0.25	0.539893617	0.282608696	0.0691489362
chr8	chr16	pair_independent_4state_oracle	3	1	1	snp_truth_oracle	376	0.289893617	0.539893617	0.25	0.0611702128
chr8	chr16	blind_geom_nearest_to_posterior_top	0	0	0	blind_posterior_reconstruction_geometry	376	0.25	0.539893617	0.282608696	0.0691489362
chr8	chr16	blind_geom_nearest_gap_weighted	0	0	0	blind_posterior_reconstruction_geometry	376	0.25	0.539893617	0.282608696	0.0691489362
chr8	chr16	blind_margin_geom_gap_weighted	0	0	0	blind_posterior_reconstruction_geometry	376	0.25	0.539893617	0.282608696	0.0691489362
chr8	chr16	blind_pmax_geom_gap_weighted	0	0	0	blind_posterior_reconstruction_geometry	376	0.25	0.539893617	0.282608696	0.0691489362
chr8	chr16	blind_same_cross_distance_sum	1	0	1	blind_posterior_reconstruction_geometry	376	0.25	0.460106383	0.206521739	0.0505319149
chr8	chr16	blind_posterior_mass_same_cross	1	0	1	blind_posterior_reconstruction_geometry	376	0.25	0.460106383	0.206521739	0.0505319149
chr8	chr16	blind_chrom_center_same_closer	1	0	1	blind_reconstruction_geometry	376	0.25	0.460106383	0.206521739	0.0505319149
chr8	chr16	blind_chrom_homolog_vector_dot	1	0	1	blind_reconstruction_geometry	376	0.25	0.460106383	0.206521739	0.0505319149
chr8	chr17	cis_selected_whole_chrom	0	0	0	cis_snp_truth_whole_chrom	477	0.209643606	0.421383648	0.160714286	0.0377358491
chr8	chr17	pair_independent_4state_oracle	2	1	0	snp_truth_oracle	477	0.337526205	0.576519916	0.526785714	0.123689727
chr8	chr17	blind_geom_nearest_to_posterior_top	0	0	0	blind_posterior_reconstruction_geometry	477	0.209643606	0.421383648	0.160714286	0.0377358491
chr8	chr17	blind_geom_nearest_gap_weighted	0	0	0	blind_posterior_reconstruction_geometry	477	0.209643606	0.421383648	0.160714286	0.0377358491
chr8	chr17	blind_margin_geom_gap_weighted	0	0	0	blind_posterior_reconstruction_geometry	477	0.209643606	0.421383648	0.160714286	0.0377358491
chr8	chr17	blind_pmax_geom_gap_weighted	0	0	0	blind_posterior_reconstruction_geometry	477	0.209643606	0.421383648	0.160714286	0.0377358491
chr8	chr17	blind_same_cross_distance_sum	0	0	0	blind_posterior_reconstruction_geometry	477	0.209643606	0.421383648	0.160714286	0.0377358491
chr8	chr17	blind_posterior_mass_same_cross	0	0	0	blind_posterior_reconstruction_geometry	477	0.209643606	0.421383648	0.160714286	0.0377358491
chr8	chr17	blind_chrom_center_same_closer	0	0	0	blind_reconstruction_geometry	477	0.209643606	0.421383648	0.160714286	0.0377358491
chr8	chr17	blind_chrom_homolog_vector_dot	0	0	0	blind_reconstruction_geometry	477	0.209643606	0.421383648	0.160714286	0.0377358491
chr8	chr18	cis_selected_whole_chrom	0	0	0	cis_snp_truth_whole_chrom	435	0.273563218	0.485057471	0.267924528	0.163218391
chr8	chr18	pair_independent_4state_oracle	2	1	0	snp_truth_oracle	435	0.324137931	0.514942529	0.354716981	0.216091954
chr8	chr18	blind_geom_nearest_to_posterior_top	0	0	0	blind_posterior_reconstruction_geometry	435	0.273563218	0.485057471	0.267924528	0.163218391
chr8	chr18	blind_geom_nearest_gap_weighted	0	0	0	blind_posterior_reconstruction_geometry	435	0.273563218	0.485057471	0.267924528	0.163218391
chr8	chr18	blind_margin_geom_gap_weighted	0	0	0	blind_posterior_reconstruction_geometry	435	0.273563218	0.485057471	0.267924528	0.163218391
chr8	chr18	blind_pmax_geom_gap_weighted	0	0	0	blind_posterior_reconstruction_geometry	435	0.273563218	0.485057471	0.267924528	0.163218391
chr8	chr18	blind_same_cross_distance_sum	0	0	0	blind_posterior_reconstruction_geometry	435	0.273563218	0.485057471	0.267924528	0.163218391
chr8	chr18	blind_posterior_mass_same_cross	0	0	0	blind_posterior_reconstruction_geometry	435	0.273563218	0.485057471	0.267924528	0.163218391
chr8	chr18	blind_chrom_center_same_closer	0	0	0	blind_reconstruction_geometry	435	0.273563218	0.485057471	0.267924528	0.163218391
chr8	chr18	blind_chrom_homolog_vector_dot	1	0	1	blind_reconstruction_geometry	435	0.190804598	0.514942529	0.169811321	0.103448276
chr8	chr19	cis_selected_whole_chrom	0	0	0	cis_snp_truth_whole_chrom	579	0.226252159	0.357512953	0.204778157	0.103626943
chr8	chr19	pair_independent_4state_oracle	2	1	0	snp_truth_oracle	579	0.509499136	0.642487047	0.624573379	0.316062176
chr8	chr19	blind_geom_nearest_to_posterior_top	0	0	0	blind_posterior_reconstruction_geometry	579	0.226252159	0.357512953	0.204778157	0.103626943
chr8	chr19	blind_geom_nearest_gap_weighted	0	0	0	blind_posterior_reconstruction_geometry	579	0.226252159	0.357512953	0.204778157	0.103626943
chr8	chr19	blind_margin_geom_gap_weighted	0	0	0	blind_posterior_reconstruction_geometry	579	0.226252159	0.357512953	0.204778157	0.103626943
chr8	chr19	blind_pmax_geom_gap_weighted	0	0	0	blind_posterior_reconstruction_geometry	579	0.226252159	0.357512953	0.204778157	0.103626943
chr8	chr19	blind_same_cross_distance_sum	0	0	0	blind_posterior_reconstruction_geometry	579	0.226252159	0.357512953	0.204778157	0.103626943
chr8	chr19	blind_posterior_mass_same_cross	0	0	0	blind_posterior_reconstruction_geometry	579	0.226252159	0.357512953	0.204778157	0.103626943
chr8	chr19	blind_chrom_center_same_closer	0	0	0	blind_reconstruction_geometry	579	0.226252159	0.357512953	0.204778157	0.103626943
chr8	chr19	blind_chrom_homolog_vector_dot	0	0	0	blind_reconstruction_geometry	579	0.226252159	0.357512953	0.204778157	0.103626943
chr8	chrX	cis_selected_whole_chrom	0	0	0	cis_snp_truth_whole_chrom	464	0.295258621	0.536637931	0.933333333	0.0301724138
chr8	chrX	pair_independent_4state_oracle	0	0	0	snp_truth_oracle	464	0.295258621	0.536637931	0.933333333	0.0301724138
chr8	chrX	blind_geom_nearest_to_posterior_top	0	0	0	blind_posterior_reconstruction_geometry	464	0.295258621	0.536637931	0.933333333	0.0301724138
chr8	chrX	blind_geom_nearest_gap_weighted	0	0	0	blind_posterior_reconstruction_geometry	464	0.295258621	0.536637931	0.933333333	0.0301724138
chr8	chrX	blind_margin_geom_gap_weighted	0	0	0	blind_posterior_reconstruction_geometry	464	0.295258621	0.536637931	0.933333333	0.0301724138
chr8	chrX	blind_pmax_geom_gap_weighted	0	0	0	blind_posterior_reconstruction_geometry	464	0.295258621	0.536637931	0.933333333	0.0301724138
chr8	chrX	blind_same_cross_distance_sum	0	0	0	blind_posterior_reconstruction_geometry	464	0.295258621	0.536637931	0.933333333	0.0301724138
chr8	chrX	blind_posterior_mass_same_cross	1	0	1	blind_posterior_reconstruction_geometry	464	0.191810345	0.463362069	0	0
chr8	chrX	blind_chrom_center_same_closer	0	0	0	blind_reconstruction_geometry	464	0.295258621	0.536637931	0.933333333	0.0301724138
chr8	chrX	blind_chrom_homolog_vector_dot	0	0	0	blind_reconstruction_geometry	464	0.295258621	0.536637931	0.933333333	0.0301724138
chr9	chr10	cis_selected_whole_chrom	0	0	0	cis_snp_truth_whole_chrom	559	0.26118068	0.509838998	0.291666667	0.0125223614
chr9	chr10	pair_independent_4state_oracle	1	0	1	snp_truth_oracle	559	0.264758497	0.490161002	0.125	0.0053667263
chr9	chr10	blind_geom_nearest_to_posterior_top	0	0	0	blind_posterior_reconstruction_geometry	559	0.26118068	0.509838998	0.291666667	0.0125223614
chr9	chr10	blind_geom_nearest_gap_weighted	0	0	0	blind_posterior_reconstruction_geometry	559	0.26118068	0.509838998	0.291666667	0.0125223614
chr9	chr10	blind_margin_geom_gap_weighted	0	0	0	blind_posterior_reconstruction_geometry	559	0.26118068	0.509838998	0.291666667	0.0125223614
chr9	chr10	blind_pmax_geom_gap_weighted	0	0	0	blind_posterior_reconstruction_geometry	559	0.26118068	0.509838998	0.291666667	0.0125223614
chr9	chr10	blind_same_cross_distance_sum	1	0	1	blind_posterior_reconstruction_geometry	559	0.264758497	0.490161002	0.125	0.0053667263
chr9	chr10	blind_posterior_mass_same_cross	1	0	1	blind_posterior_reconstruction_geometry	559	0.264758497	0.490161002	0.125	0.0053667263
chr9	chr10	blind_chrom_center_same_closer	1	0	1	blind_reconstruction_geometry	559	0.264758497	0.490161002	0.125	0.0053667263
chr9	chr10	blind_chrom_homolog_vector_dot	1	0	1	blind_reconstruction_geometry	559	0.264758497	0.490161002	0.125	0.0053667263
chr9	chr11	cis_selected_whole_chrom	0	0	0	cis_snp_truth_whole_chrom	700	0.26	0.478571429	0.25	0.0485714286
chr9	chr11	pair_independent_4state_oracle	1	0	1	snp_truth_oracle	700	0.295714286	0.521428571	0.257352941	0.05
chr9	chr11	blind_geom_nearest_to_posterior_top	0	0	0	blind_posterior_reconstruction_geometry	700	0.26	0.478571429	0.25	0.0485714286
chr9	chr11	blind_geom_nearest_gap_weighted	0	0	0	blind_posterior_reconstruction_geometry	700	0.26	0.478571429	0.25	0.0485714286
chr9	chr11	blind_margin_geom_gap_weighted	0	0	0	blind_posterior_reconstruction_geometry	700	0.26	0.478571429	0.25	0.0485714286
chr9	chr11	blind_pmax_geom_gap_weighted	0	0	0	blind_posterior_reconstruction_geometry	700	0.26	0.478571429	0.25	0.0485714286
chr9	chr11	blind_same_cross_distance_sum	0	0	0	blind_posterior_reconstruction_geometry	700	0.26	0.478571429	0.25	0.0485714286
chr9	chr11	blind_posterior_mass_same_cross	0	0	0	blind_posterior_reconstruction_geometry	700	0.26	0.478571429	0.25	0.0485714286
chr9	chr11	blind_chrom_center_same_closer	0	0	0	blind_reconstruction_geometry	700	0.26	0.478571429	0.25	0.0485714286
chr9	chr11	blind_chrom_homolog_vector_dot	0	0	0	blind_reconstruction_geometry	700	0.26	0.478571429	0.25	0.0485714286
chr9	chr12	cis_selected_whole_chrom	0	0	0	cis_snp_truth_whole_chrom	576	0.182291667	0.444444444	0.143564356	0.0503472222
chr9	chr12	pair_independent_4state_oracle	1	0	1	snp_truth_oracle	576	0.359375	0.555555556	0.440594059	0.154513889
chr9	chr12	blind_geom_nearest_to_posterior_top	0	0	0	blind_posterior_reconstruction_geometry	576	0.182291667	0.444444444	0.143564356	0.0503472222
chr9	chr12	blind_geom_nearest_gap_weighted	0	0	0	blind_posterior_reconstruction_geometry	576	0.182291667	0.444444444	0.143564356	0.0503472222
chr9	chr12	blind_margin_geom_gap_weighted	0	0	0	blind_posterior_reconstruction_geometry	576	0.182291667	0.444444444	0.143564356	0.0503472222
chr9	chr12	blind_pmax_geom_gap_weighted	0	0	0	blind_posterior_reconstruction_geometry	576	0.182291667	0.444444444	0.143564356	0.0503472222
chr9	chr12	blind_same_cross_distance_sum	1	0	1	blind_posterior_reconstruction_geometry	576	0.359375	0.555555556	0.440594059	0.154513889
chr9	chr12	blind_posterior_mass_same_cross	0	0	0	blind_posterior_reconstruction_geometry	576	0.182291667	0.444444444	0.143564356	0.0503472222
chr9	chr12	blind_chrom_center_same_closer	1	0	1	blind_reconstruction_geometry	576	0.359375	0.555555556	0.440594059	0.154513889
chr9	chr12	blind_chrom_homolog_vector_dot	1	0	1	blind_reconstruction_geometry	576	0.359375	0.555555556	0.440594059	0.154513889
chr9	chr13	cis_selected_whole_chrom	0	0	0	cis_snp_truth_whole_chrom	561	0.240641711	0.459893048	0.203539823	0.0409982175
chr9	chr13	pair_independent_4state_oracle	2	1	0	snp_truth_oracle	561	0.304812834	0.540106952	0.274336283	0.055258467
chr9	chr13	blind_geom_nearest_to_posterior_top	0	0	0	blind_posterior_reconstruction_geometry	561	0.240641711	0.459893048	0.203539823	0.0409982175
chr9	chr13	blind_geom_nearest_gap_weighted	0	0	0	blind_posterior_reconstruction_geometry	561	0.240641711	0.459893048	0.203539823	0.0409982175
chr9	chr13	blind_margin_geom_gap_weighted	0	0	0	blind_posterior_reconstruction_geometry	561	0.240641711	0.459893048	0.203539823	0.0409982175
chr9	chr13	blind_pmax_geom_gap_weighted	0	0	0	blind_posterior_reconstruction_geometry	561	0.240641711	0.459893048	0.203539823	0.0409982175
chr9	chr13	blind_same_cross_distance_sum	0	0	0	blind_posterior_reconstruction_geometry	561	0.240641711	0.459893048	0.203539823	0.0409982175
chr9	chr13	blind_posterior_mass_same_cross	0	0	0	blind_posterior_reconstruction_geometry	561	0.240641711	0.459893048	0.203539823	0.0409982175
chr9	chr13	blind_chrom_center_same_closer	0	0	0	blind_reconstruction_geometry	561	0.240641711	0.459893048	0.203539823	0.0409982175
chr9	chr13	blind_chrom_homolog_vector_dot	0	0	0	blind_reconstruction_geometry	561	0.240641711	0.459893048	0.203539823	0.0409982175
chr9	chr14	cis_selected_whole_chrom	0	0	0	cis_snp_truth_whole_chrom	446	0.273542601	0.540358744	0.222222222	0.0269058296
chr9	chr14	pair_independent_4state_oracle	0	0	0	snp_truth_oracle	446	0.273542601	0.540358744	0.222222222	0.0269058296
chr9	chr14	blind_geom_nearest_to_posterior_top	0	0	0	blind_posterior_reconstruction_geometry	446	0.273542601	0.540358744	0.222222222	0.0269058296
chr9	chr14	blind_geom_nearest_gap_weighted	0	0	0	blind_posterior_reconstruction_geometry	446	0.273542601	0.540358744	0.222222222	0.0269058296
chr9	chr14	blind_margin_geom_gap_weighted	0	0	0	blind_posterior_reconstruction_geometry	446	0.273542601	0.540358744	0.222222222	0.0269058296
chr9	chr14	blind_pmax_geom_gap_weighted	0	0	0	blind_posterior_reconstruction_geometry	446	0.273542601	0.540358744	0.222222222	0.0269058296
chr9	chr14	blind_same_cross_distance_sum	1	0	1	blind_posterior_reconstruction_geometry	446	0.186098655	0.459641256	0.148148148	0.0179372197
chr9	chr14	blind_posterior_mass_same_cross	1	0	1	blind_posterior_reconstruction_geometry	446	0.186098655	0.459641256	0.148148148	0.0179372197
chr9	chr14	blind_chrom_center_same_closer	1	0	1	blind_reconstruction_geometry	446	0.186098655	0.459641256	0.148148148	0.0179372197
chr9	chr14	blind_chrom_homolog_vector_dot	1	0	1	blind_reconstruction_geometry	446	0.186098655	0.459641256	0.148148148	0.0179372197
chr9	chr15	cis_selected_whole_chrom	0	0	0	cis_snp_truth_whole_chrom	431	0.229698376	0.505800464	0.217391304	0.0232018561
chr9	chr15	pair_independent_4state_oracle	3	1	1	snp_truth_oracle	431	0.276102088	0.505800464	0.304347826	0.0324825986
chr9	chr15	blind_geom_nearest_to_posterior_top	0	0	0	blind_posterior_reconstruction_geometry	431	0.229698376	0.505800464	0.217391304	0.0232018561
chr9	chr15	blind_geom_nearest_gap_weighted	0	0	0	blind_posterior_reconstruction_geometry	431	0.229698376	0.505800464	0.217391304	0.0232018561
chr9	chr15	blind_margin_geom_gap_weighted	0	0	0	blind_posterior_reconstruction_geometry	431	0.229698376	0.505800464	0.217391304	0.0232018561
chr9	chr15	blind_pmax_geom_gap_weighted	0	0	0	blind_posterior_reconstruction_geometry	431	0.229698376	0.505800464	0.217391304	0.0232018561
chr9	chr15	blind_same_cross_distance_sum	1	0	1	blind_posterior_reconstruction_geometry	431	0.238979118	0.494199536	0.239130435	0.0255220418
chr9	chr15	blind_posterior_mass_same_cross	1	0	1	blind_posterior_reconstruction_geometry	431	0.238979118	0.494199536	0.239130435	0.0255220418
chr9	chr15	blind_chrom_center_same_closer	1	0	1	blind_reconstruction_geometry	431	0.238979118	0.494199536	0.239130435	0.0255220418
chr9	chr15	blind_chrom_homolog_vector_dot	1	0	1	blind_reconstruction_geometry	431	0.238979118	0.494199536	0.239130435	0.0255220418
chr9	chr16	cis_selected_whole_chrom	0	0	0	cis_snp_truth_whole_chrom	798	0.570175439	0.70802005	0.876923077	0.214285714
chr9	chr16	pair_independent_4state_oracle	0	0	0	snp_truth_oracle	798	0.570175439	0.70802005	0.876923077	0.214285714
chr9	chr16	blind_geom_nearest_to_posterior_top	0	0	0	blind_posterior_reconstruction_geometry	798	0.570175439	0.70802005	0.876923077	0.214285714
chr9	chr16	blind_geom_nearest_gap_weighted	0	0	0	blind_posterior_reconstruction_geometry	798	0.570175439	0.70802005	0.876923077	0.214285714
chr9	chr16	blind_margin_geom_gap_weighted	0	0	0	blind_posterior_reconstruction_geometry	798	0.570175439	0.70802005	0.876923077	0.214285714
chr9	chr16	blind_pmax_geom_gap_weighted	0	0	0	blind_posterior_reconstruction_geometry	798	0.570175439	0.70802005	0.876923077	0.214285714
chr9	chr16	blind_same_cross_distance_sum	0	0	0	blind_posterior_reconstruction_geometry	798	0.570175439	0.70802005	0.876923077	0.214285714
chr9	chr16	blind_posterior_mass_same_cross	0	0	0	blind_posterior_reconstruction_geometry	798	0.570175439	0.70802005	0.876923077	0.214285714
chr9	chr16	blind_chrom_center_same_closer	0	0	0	blind_reconstruction_geometry	798	0.570175439	0.70802005	0.876923077	0.214285714
chr9	chr16	blind_chrom_homolog_vector_dot	0	0	0	blind_reconstruction_geometry	798	0.570175439	0.70802005	0.876923077	0.214285714
chr9	chr17	cis_selected_whole_chrom	0	0	0	cis_snp_truth_whole_chrom	1022	0.604696673	0.713307241	0.811188811	0.454011742
chr9	chr17	pair_independent_4state_oracle	0	0	0	snp_truth_oracle	1022	0.604696673	0.713307241	0.811188811	0.454011742
chr9	chr17	blind_geom_nearest_to_posterior_top	0	0	0	blind_posterior_reconstruction_geometry	1022	0.604696673	0.713307241	0.811188811	0.454011742
chr9	chr17	blind_geom_nearest_gap_weighted	0	0	0	blind_posterior_reconstruction_geometry	1022	0.604696673	0.713307241	0.811188811	0.454011742
chr9	chr17	blind_margin_geom_gap_weighted	0	0	0	blind_posterior_reconstruction_geometry	1022	0.604696673	0.713307241	0.811188811	0.454011742
chr9	chr17	blind_pmax_geom_gap_weighted	0	0	0	blind_posterior_reconstruction_geometry	1022	0.604696673	0.713307241	0.811188811	0.454011742
chr9	chr17	blind_same_cross_distance_sum	1	0	1	blind_posterior_reconstruction_geometry	1022	0.101761252	0.286692759	0.0227272727	0.0127201566
chr9	chr17	blind_posterior_mass_same_cross	1	0	1	blind_posterior_reconstruction_geometry	1022	0.101761252	0.286692759	0.0227272727	0.0127201566
chr9	chr17	blind_chrom_center_same_closer	1	0	1	blind_reconstruction_geometry	1022	0.101761252	0.286692759	0.0227272727	0.0127201566
chr9	chr17	blind_chrom_homolog_vector_dot	1	0	1	blind_reconstruction_geometry	1022	0.101761252	0.286692759	0.0227272727	0.0127201566
chr9	chr18	cis_selected_whole_chrom	0	0	0	cis_snp_truth_whole_chrom	444	0.268018018	0.502252252	0.288209607	0.148648649
chr9	chr18	pair_independent_4state_oracle	1	0	1	snp_truth_oracle	444	0.301801802	0.497747748	0.283842795	0.146396396
chr9	chr18	blind_geom_nearest_to_posterior_top	0	0	0	blind_posterior_reconstruction_geometry	444	0.268018018	0.502252252	0.288209607	0.148648649
chr9	chr18	blind_geom_nearest_gap_weighted	0	0	0	blind_posterior_reconstruction_geometry	444	0.268018018	0.502252252	0.288209607	0.148648649
chr9	chr18	blind_margin_geom_gap_weighted	0	0	0	blind_posterior_reconstruction_geometry	444	0.268018018	0.502252252	0.288209607	0.148648649
chr9	chr18	blind_pmax_geom_gap_weighted	0	0	0	blind_posterior_reconstruction_geometry	444	0.268018018	0.502252252	0.288209607	0.148648649
chr9	chr18	blind_same_cross_distance_sum	1	0	1	blind_posterior_reconstruction_geometry	444	0.301801802	0.497747748	0.283842795	0.146396396
chr9	chr18	blind_posterior_mass_same_cross	1	0	1	blind_posterior_reconstruction_geometry	444	0.301801802	0.497747748	0.283842795	0.146396396
chr9	chr18	blind_chrom_center_same_closer	1	0	1	blind_reconstruction_geometry	444	0.301801802	0.497747748	0.283842795	0.146396396
chr9	chr18	blind_chrom_homolog_vector_dot	1	0	1	blind_reconstruction_geometry	444	0.301801802	0.497747748	0.283842795	0.146396396
chr9	chr19	cis_selected_whole_chrom	0	0	0	cis_snp_truth_whole_chrom	309	0.284789644	0.540453074	0.6	0.00970873786
chr9	chr19	pair_independent_4state_oracle	0	0	0	snp_truth_oracle	309	0.284789644	0.540453074	0.6	0.00970873786
chr9	chr19	blind_geom_nearest_to_posterior_top	0	0	0	blind_posterior_reconstruction_geometry	309	0.284789644	0.540453074	0.6	0.00970873786
chr9	chr19	blind_geom_nearest_gap_weighted	0	0	0	blind_posterior_reconstruction_geometry	309	0.284789644	0.540453074	0.6	0.00970873786
chr9	chr19	blind_margin_geom_gap_weighted	0	0	0	blind_posterior_reconstruction_geometry	309	0.284789644	0.540453074	0.6	0.00970873786
chr9	chr19	blind_pmax_geom_gap_weighted	0	0	0	blind_posterior_reconstruction_geometry	309	0.284789644	0.540453074	0.6	0.00970873786
chr9	chr19	blind_same_cross_distance_sum	1	0	1	blind_posterior_reconstruction_geometry	309	0.258899676	0.459546926	0.4	0.00647249191
chr9	chr19	blind_posterior_mass_same_cross	1	0	1	blind_posterior_reconstruction_geometry	309	0.258899676	0.459546926	0.4	0.00647249191
chr9	chr19	blind_chrom_center_same_closer	1	0	1	blind_reconstruction_geometry	309	0.258899676	0.459546926	0.4	0.00647249191
chr9	chr19	blind_chrom_homolog_vector_dot	1	0	1	blind_reconstruction_geometry	309	0.258899676	0.459546926	0.4	0.00647249191
chr9	chrX	cis_selected_whole_chrom	0	0	0	cis_snp_truth_whole_chrom	497	0.410462777	0.581488934	0.708860759	0.225352113
chr9	chrX	pair_independent_4state_oracle	0	0	0	snp_truth_oracle	497	0.410462777	0.581488934	0.708860759	0.225352113
chr9	chrX	blind_geom_nearest_to_posterior_top	0	0	0	blind_posterior_reconstruction_geometry	497	0.410462777	0.581488934	0.708860759	0.225352113
chr9	chrX	blind_geom_nearest_gap_weighted	0	0	0	blind_posterior_reconstruction_geometry	497	0.410462777	0.581488934	0.708860759	0.225352113
chr9	chrX	blind_margin_geom_gap_weighted	0	0	0	blind_posterior_reconstruction_geometry	497	0.410462777	0.581488934	0.708860759	0.225352113
chr9	chrX	blind_pmax_geom_gap_weighted	0	0	0	blind_posterior_reconstruction_geometry	497	0.410462777	0.581488934	0.708860759	0.225352113
chr9	chrX	blind_same_cross_distance_sum	0	0	0	blind_posterior_reconstruction_geometry	497	0.410462777	0.581488934	0.708860759	0.225352113
chr9	chrX	blind_posterior_mass_same_cross	0	0	0	blind_posterior_reconstruction_geometry	497	0.410462777	0.581488934	0.708860759	0.225352113
chr9	chrX	blind_chrom_center_same_closer	0	0	0	blind_reconstruction_geometry	497	0.410462777	0.581488934	0.708860759	0.225352113
chr9	chrX	blind_chrom_homolog_vector_dot	0	0	0	blind_reconstruction_geometry	497	0.410462777	0.581488934	0.708860759	0.225352113
chr10	chr11	cis_selected_whole_chrom	0	0	0	cis_snp_truth_whole_chrom	579	0.252158895	0.507772021	0.254237288	0.0259067358
chr10	chr11	pair_independent_4state_oracle	1	0	1	snp_truth_oracle	579	0.269430052	0.492227979	0.271186441	0.0276338515
chr10	chr11	blind_geom_nearest_to_posterior_top	0	0	0	blind_posterior_reconstruction_geometry	579	0.252158895	0.507772021	0.254237288	0.0259067358
chr10	chr11	blind_geom_nearest_gap_weighted	0	0	0	blind_posterior_reconstruction_geometry	579	0.252158895	0.507772021	0.254237288	0.0259067358
chr10	chr11	blind_margin_geom_gap_weighted	0	0	0	blind_posterior_reconstruction_geometry	579	0.252158895	0.507772021	0.254237288	0.0259067358
chr10	chr11	blind_pmax_geom_gap_weighted	0	0	0	blind_posterior_reconstruction_geometry	579	0.252158895	0.507772021	0.254237288	0.0259067358
chr10	chr11	blind_same_cross_distance_sum	1	0	1	blind_posterior_reconstruction_geometry	579	0.269430052	0.492227979	0.271186441	0.0276338515
chr10	chr11	blind_posterior_mass_same_cross	1	0	1	blind_posterior_reconstruction_geometry	579	0.269430052	0.492227979	0.271186441	0.0276338515
chr10	chr11	blind_chrom_center_same_closer	1	0	1	blind_reconstruction_geometry	579	0.269430052	0.492227979	0.271186441	0.0276338515
chr10	chr11	blind_chrom_homolog_vector_dot	1	0	1	blind_reconstruction_geometry	579	0.269430052	0.492227979	0.271186441	0.0276338515
chr10	chr12	cis_selected_whole_chrom	0	0	0	cis_snp_truth_whole_chrom	954	0.219077568	0.346960168	0.265446224	0.121593291
chr10	chr12	pair_independent_4state_oracle	1	0	1	snp_truth_oracle	954	0.488469602	0.653039832	0.594965675	0.272536688
chr10	chr12	blind_geom_nearest_to_posterior_top	0	0	0	blind_posterior_reconstruction_geometry	954	0.219077568	0.346960168	0.265446224	0.121593291
chr10	chr12	blind_geom_nearest_gap_weighted	0	0	0	blind_posterior_reconstruction_geometry	954	0.219077568	0.346960168	0.265446224	0.121593291
chr10	chr12	blind_margin_geom_gap_weighted	0	0	0	blind_posterior_reconstruction_geometry	954	0.219077568	0.346960168	0.265446224	0.121593291
chr10	chr12	blind_pmax_geom_gap_weighted	0	0	0	blind_posterior_reconstruction_geometry	954	0.219077568	0.346960168	0.265446224	0.121593291
chr10	chr12	blind_same_cross_distance_sum	0	0	0	blind_posterior_reconstruction_geometry	954	0.219077568	0.346960168	0.265446224	0.121593291
chr10	chr12	blind_posterior_mass_same_cross	1	0	1	blind_posterior_reconstruction_geometry	954	0.488469602	0.653039832	0.594965675	0.272536688
chr10	chr12	blind_chrom_center_same_closer	0	0	0	blind_reconstruction_geometry	954	0.219077568	0.346960168	0.265446224	0.121593291
chr10	chr12	blind_chrom_homolog_vector_dot	0	0	0	blind_reconstruction_geometry	954	0.219077568	0.346960168	0.265446224	0.121593291
chr10	chr13	cis_selected_whole_chrom	0	0	0	cis_snp_truth_whole_chrom	1070	0.501869159	0.623364486	0.793650794	0.186915888
chr10	chr13	pair_independent_4state_oracle	0	0	0	snp_truth_oracle	1070	0.501869159	0.623364486	0.793650794	0.186915888
chr10	chr13	blind_geom_nearest_to_posterior_top	0	0	0	blind_posterior_reconstruction_geometry	1070	0.501869159	0.623364486	0.793650794	0.186915888
chr10	chr13	blind_geom_nearest_gap_weighted	0	0	0	blind_posterior_reconstruction_geometry	1070	0.501869159	0.623364486	0.793650794	0.186915888
chr10	chr13	blind_margin_geom_gap_weighted	0	0	0	blind_posterior_reconstruction_geometry	1070	0.501869159	0.623364486	0.793650794	0.186915888
chr10	chr13	blind_pmax_geom_gap_weighted	0	0	0	blind_posterior_reconstruction_geometry	1070	0.501869159	0.623364486	0.793650794	0.186915888
chr10	chr13	blind_same_cross_distance_sum	0	0	0	blind_posterior_reconstruction_geometry	1070	0.501869159	0.623364486	0.793650794	0.186915888
chr10	chr13	blind_posterior_mass_same_cross	1	0	1	blind_posterior_reconstruction_geometry	1070	0.191588785	0.376635514	0.119047619	0.0280373832
chr10	chr13	blind_chrom_center_same_closer	0	0	0	blind_reconstruction_geometry	1070	0.501869159	0.623364486	0.793650794	0.186915888
chr10	chr13	blind_chrom_homolog_vector_dot	0	0	0	blind_reconstruction_geometry	1070	0.501869159	0.623364486	0.793650794	0.186915888
chr10	chr14	cis_selected_whole_chrom	0	0	0	cis_snp_truth_whole_chrom	523	0.260038241	0.491395793	0.3	0.00573613767
chr10	chr14	pair_independent_4state_oracle	1	0	1	snp_truth_oracle	523	0.298279159	0.508604207	0.3	0.00573613767
chr10	chr14	blind_geom_nearest_to_posterior_top	0	0	0	blind_posterior_reconstruction_geometry	523	0.260038241	0.491395793	0.3	0.00573613767
chr10	chr14	blind_geom_nearest_gap_weighted	0	0	0	blind_posterior_reconstruction_geometry	523	0.260038241	0.491395793	0.3	0.00573613767
chr10	chr14	blind_margin_geom_gap_weighted	0	0	0	blind_posterior_reconstruction_geometry	523	0.260038241	0.491395793	0.3	0.00573613767
chr10	chr14	blind_pmax_geom_gap_weighted	0	0	0	blind_posterior_reconstruction_geometry	523	0.260038241	0.491395793	0.3	0.00573613767
chr10	chr14	blind_same_cross_distance_sum	1	0	1	blind_posterior_reconstruction_geometry	523	0.298279159	0.508604207	0.3	0.00573613767
chr10	chr14	blind_posterior_mass_same_cross	1	0	1	blind_posterior_reconstruction_geometry	523	0.298279159	0.508604207	0.3	0.00573613767
chr10	chr14	blind_chrom_center_same_closer	1	0	1	blind_reconstruction_geometry	523	0.298279159	0.508604207	0.3	0.00573613767
chr10	chr14	blind_chrom_homolog_vector_dot	1	0	1	blind_reconstruction_geometry	523	0.298279159	0.508604207	0.3	0.00573613767
chr10	chr15	cis_selected_whole_chrom	0	0	0	cis_snp_truth_whole_chrom	908	0.136563877	0.25660793	0.060518732	0.0231277533
chr10	chr15	pair_independent_4state_oracle	2	1	0	snp_truth_oracle	908	0.415198238	0.74339207	0.495677233	0.189427313
chr10	chr15	blind_geom_nearest_to_posterior_top	0	0	0	blind_posterior_reconstruction_geometry	908	0.136563877	0.25660793	0.060518732	0.0231277533
chr10	chr15	blind_geom_nearest_gap_weighted	0	0	0	blind_posterior_reconstruction_geometry	908	0.136563877	0.25660793	0.060518732	0.0231277533
chr10	chr15	blind_margin_geom_gap_weighted	0	0	0	blind_posterior_reconstruction_geometry	908	0.136563877	0.25660793	0.060518732	0.0231277533
chr10	chr15	blind_pmax_geom_gap_weighted	0	0	0	blind_posterior_reconstruction_geometry	908	0.136563877	0.25660793	0.060518732	0.0231277533
chr10	chr15	blind_same_cross_distance_sum	0	0	0	blind_posterior_reconstruction_geometry	908	0.136563877	0.25660793	0.060518732	0.0231277533
chr10	chr15	blind_posterior_mass_same_cross	0	0	0	blind_posterior_reconstruction_geometry	908	0.136563877	0.25660793	0.060518732	0.0231277533
chr10	chr15	blind_chrom_center_same_closer	0	0	0	blind_reconstruction_geometry	908	0.136563877	0.25660793	0.060518732	0.0231277533
chr10	chr15	blind_chrom_homolog_vector_dot	0	0	0	blind_reconstruction_geometry	908	0.136563877	0.25660793	0.060518732	0.0231277533
chr10	chr16	cis_selected_whole_chrom	0	0	0	cis_snp_truth_whole_chrom	1086	0.424493554	0.548802947	0.528610354	0.178637201
chr10	chr16	pair_independent_4state_oracle	0	0	0	snp_truth_oracle	1086	0.424493554	0.548802947	0.528610354	0.178637201
chr10	chr16	blind_geom_nearest_to_posterior_top	0	0	0	blind_posterior_reconstruction_geometry	1086	0.424493554	0.548802947	0.528610354	0.178637201
chr10	chr16	blind_geom_nearest_gap_weighted	0	0	0	blind_posterior_reconstruction_geometry	1086	0.424493554	0.548802947	0.528610354	0.178637201
chr10	chr16	blind_margin_geom_gap_weighted	0	0	0	blind_posterior_reconstruction_geometry	1086	0.424493554	0.548802947	0.528610354	0.178637201
chr10	chr16	blind_pmax_geom_gap_weighted	0	0	0	blind_posterior_reconstruction_geometry	1086	0.424493554	0.548802947	0.528610354	0.178637201
chr10	chr16	blind_same_cross_distance_sum	1	0	1	blind_posterior_reconstruction_geometry	1086	0.112338858	0.451197053	0.0463215259	0.0156537753
chr10	chr16	blind_posterior_mass_same_cross	1	0	1	blind_posterior_reconstruction_geometry	1086	0.112338858	0.451197053	0.0463215259	0.0156537753
chr10	chr16	blind_chrom_center_same_closer	1	0	1	blind_reconstruction_geometry	1086	0.112338858	0.451197053	0.0463215259	0.0156537753
chr10	chr16	blind_chrom_homolog_vector_dot	1	0	1	blind_reconstruction_geometry	1086	0.112338858	0.451197053	0.0463215259	0.0156537753
chr10	chr17	cis_selected_whole_chrom	0	0	0	cis_snp_truth_whole_chrom	693	0.402597403	0.538239538	0.482857143	0.243867244
chr10	chr17	pair_independent_4state_oracle	0	0	0	snp_truth_oracle	693	0.402597403	0.538239538	0.482857143	0.243867244
chr10	chr17	blind_geom_nearest_to_posterior_top	0	0	0	blind_posterior_reconstruction_geometry	693	0.402597403	0.538239538	0.482857143	0.243867244
chr10	chr17	blind_geom_nearest_gap_weighted	0	0	0	blind_posterior_reconstruction_geometry	693	0.402597403	0.538239538	0.482857143	0.243867244
chr10	chr17	blind_margin_geom_gap_weighted	0	0	0	blind_posterior_reconstruction_geometry	693	0.402597403	0.538239538	0.482857143	0.243867244
chr10	chr17	blind_pmax_geom_gap_weighted	0	0	0	blind_posterior_reconstruction_geometry	693	0.402597403	0.538239538	0.482857143	0.243867244
chr10	chr17	blind_same_cross_distance_sum	0	0	0	blind_posterior_reconstruction_geometry	693	0.402597403	0.538239538	0.482857143	0.243867244
chr10	chr17	blind_posterior_mass_same_cross	0	0	0	blind_posterior_reconstruction_geometry	693	0.402597403	0.538239538	0.482857143	0.243867244
chr10	chr17	blind_chrom_center_same_closer	0	0	0	blind_reconstruction_geometry	693	0.402597403	0.538239538	0.482857143	0.243867244
chr10	chr17	blind_chrom_homolog_vector_dot	0	0	0	blind_reconstruction_geometry	693	0.402597403	0.538239538	0.482857143	0.243867244
chr10	chr18	cis_selected_whole_chrom	0	0	0	cis_snp_truth_whole_chrom	585	0.218803419	0.476923077	0.118644068	0.011965812
chr10	chr18	pair_independent_4state_oracle	1	0	1	snp_truth_oracle	585	0.304273504	0.523076923	0.644067797	0.064957265
chr10	chr18	blind_geom_nearest_to_posterior_top	0	0	0	blind_posterior_reconstruction_geometry	585	0.218803419	0.476923077	0.118644068	0.011965812
chr10	chr18	blind_geom_nearest_gap_weighted	0	0	0	blind_posterior_reconstruction_geometry	585	0.218803419	0.476923077	0.118644068	0.011965812
chr10	chr18	blind_margin_geom_gap_weighted	0	0	0	blind_posterior_reconstruction_geometry	585	0.218803419	0.476923077	0.118644068	0.011965812
chr10	chr18	blind_pmax_geom_gap_weighted	0	0	0	blind_posterior_reconstruction_geometry	585	0.218803419	0.476923077	0.118644068	0.011965812
chr10	chr18	blind_same_cross_distance_sum	0	0	0	blind_posterior_reconstruction_geometry	585	0.218803419	0.476923077	0.118644068	0.011965812
chr10	chr18	blind_posterior_mass_same_cross	0	0	0	blind_posterior_reconstruction_geometry	585	0.218803419	0.476923077	0.118644068	0.011965812
chr10	chr18	blind_chrom_center_same_closer	0	0	0	blind_reconstruction_geometry	585	0.218803419	0.476923077	0.118644068	0.011965812
chr10	chr18	blind_chrom_homolog_vector_dot	0	0	0	blind_reconstruction_geometry	585	0.218803419	0.476923077	0.118644068	0.011965812
chr10	chr19	cis_selected_whole_chrom	0	0	0	cis_snp_truth_whole_chrom	365	0.342465753	0.564383562	0	0
chr10	chr19	pair_independent_4state_oracle	0	0	0	snp_truth_oracle	365	0.342465753	0.564383562	0	0
chr10	chr19	blind_geom_nearest_to_posterior_top	0	0	0	blind_posterior_reconstruction_geometry	365	0.342465753	0.564383562	0	0
chr10	chr19	blind_geom_nearest_gap_weighted	0	0	0	blind_posterior_reconstruction_geometry	365	0.342465753	0.564383562	0	0
chr10	chr19	blind_margin_geom_gap_weighted	0	0	0	blind_posterior_reconstruction_geometry	365	0.342465753	0.564383562	0	0
chr10	chr19	blind_pmax_geom_gap_weighted	0	0	0	blind_posterior_reconstruction_geometry	365	0.342465753	0.564383562	0	0
chr10	chr19	blind_same_cross_distance_sum	0	0	0	blind_posterior_reconstruction_geometry	365	0.342465753	0.564383562	0	0
chr10	chr19	blind_posterior_mass_same_cross	0	0	0	blind_posterior_reconstruction_geometry	365	0.342465753	0.564383562	0	0
chr10	chr19	blind_chrom_center_same_closer	0	0	0	blind_reconstruction_geometry	365	0.342465753	0.564383562	0	0
chr10	chr19	blind_chrom_homolog_vector_dot	0	0	0	blind_reconstruction_geometry	365	0.342465753	0.564383562	0	0
chr10	chrX	cis_selected_whole_chrom	0	0	0	cis_snp_truth_whole_chrom	304	0.309210526	0.513157895	0.338983051	0.131578947
chr10	chrX	pair_independent_4state_oracle	0	0	0	snp_truth_oracle	304	0.309210526	0.513157895	0.338983051	0.131578947
chr10	chrX	blind_geom_nearest_to_posterior_top	0	0	0	blind_posterior_reconstruction_geometry	304	0.309210526	0.513157895	0.338983051	0.131578947
chr10	chrX	blind_geom_nearest_gap_weighted	0	0	0	blind_posterior_reconstruction_geometry	304	0.309210526	0.513157895	0.338983051	0.131578947
chr10	chrX	blind_margin_geom_gap_weighted	0	0	0	blind_posterior_reconstruction_geometry	304	0.309210526	0.513157895	0.338983051	0.131578947
chr10	chrX	blind_pmax_geom_gap_weighted	0	0	0	blind_posterior_reconstruction_geometry	304	0.309210526	0.513157895	0.338983051	0.131578947
chr10	chrX	blind_same_cross_distance_sum	1	0	1	blind_posterior_reconstruction_geometry	304	0.226973684	0.486842105	0.220338983	0.0855263158
chr10	chrX	blind_posterior_mass_same_cross	1	0	1	blind_posterior_reconstruction_geometry	304	0.226973684	0.486842105	0.220338983	0.0855263158
chr10	chrX	blind_chrom_center_same_closer	1	0	1	blind_reconstruction_geometry	304	0.226973684	0.486842105	0.220338983	0.0855263158
chr10	chrX	blind_chrom_homolog_vector_dot	1	0	1	blind_reconstruction_geometry	304	0.226973684	0.486842105	0.220338983	0.0855263158
chr11	chr12	cis_selected_whole_chrom	0	0	0	cis_snp_truth_whole_chrom	595	0.262184874	0.541176471	0.242424242	0.0537815126
chr11	chr12	pair_independent_4state_oracle	3	1	1	snp_truth_oracle	595	0.278991597	0.541176471	0.227272727	0.0504201681
chr11	chr12	blind_geom_nearest_to_posterior_top	0	0	0	blind_posterior_reconstruction_geometry	595	0.262184874	0.541176471	0.242424242	0.0537815126
chr11	chr12	blind_geom_nearest_gap_weighted	0	0	0	blind_posterior_reconstruction_geometry	595	0.262184874	0.541176471	0.242424242	0.0537815126
chr11	chr12	blind_margin_geom_gap_weighted	0	0	0	blind_posterior_reconstruction_geometry	595	0.262184874	0.541176471	0.242424242	0.0537815126
chr11	chr12	blind_pmax_geom_gap_weighted	0	0	0	blind_posterior_reconstruction_geometry	595	0.262184874	0.541176471	0.242424242	0.0537815126
chr11	chr12	blind_same_cross_distance_sum	1	0	1	blind_posterior_reconstruction_geometry	595	0.231932773	0.458823529	0.303030303	0.0672268908
chr11	chr12	blind_posterior_mass_same_cross	1	0	1	blind_posterior_reconstruction_geometry	595	0.231932773	0.458823529	0.303030303	0.0672268908
chr11	chr12	blind_chrom_center_same_closer	1	0	1	blind_reconstruction_geometry	595	0.231932773	0.458823529	0.303030303	0.0672268908
chr11	chr12	blind_chrom_homolog_vector_dot	1	0	1	blind_reconstruction_geometry	595	0.231932773	0.458823529	0.303030303	0.0672268908
chr11	chr13	cis_selected_whole_chrom	0	0	0	cis_snp_truth_whole_chrom	1022	0.520547945	0.681017613	0.74009901	0.292563601
chr11	chr13	pair_independent_4state_oracle	0	0	0	snp_truth_oracle	1022	0.520547945	0.681017613	0.74009901	0.292563601
chr11	chr13	blind_geom_nearest_to_posterior_top	0	0	0	blind_posterior_reconstruction_geometry	1022	0.520547945	0.681017613	0.74009901	0.292563601
chr11	chr13	blind_geom_nearest_gap_weighted	0	0	0	blind_posterior_reconstruction_geometry	1022	0.520547945	0.681017613	0.74009901	0.292563601
chr11	chr13	blind_margin_geom_gap_weighted	0	0	0	blind_posterior_reconstruction_geometry	1022	0.520547945	0.681017613	0.74009901	0.292563601
chr11	chr13	blind_pmax_geom_gap_weighted	0	0	0	blind_posterior_reconstruction_geometry	1022	0.520547945	0.681017613	0.74009901	0.292563601
chr11	chr13	blind_same_cross_distance_sum	1	0	1	blind_posterior_reconstruction_geometry	1022	0.129158513	0.318982387	0.0272277228	0.0107632094
chr11	chr13	blind_posterior_mass_same_cross	1	0	1	blind_posterior_reconstruction_geometry	1022	0.129158513	0.318982387	0.0272277228	0.0107632094
chr11	chr13	blind_chrom_center_same_closer	1	0	1	blind_reconstruction_geometry	1022	0.129158513	0.318982387	0.0272277228	0.0107632094
chr11	chr13	blind_chrom_homolog_vector_dot	1	0	1	blind_reconstruction_geometry	1022	0.129158513	0.318982387	0.0272277228	0.0107632094
chr11	chr14	cis_selected_whole_chrom	0	0	0	cis_snp_truth_whole_chrom	903	0.198228128	0.574750831	0.186006826	0.120708749
chr11	chr14	pair_independent_4state_oracle	3	1	1	snp_truth_oracle	903	0.376522702	0.574750831	0.42662116	0.276854928
chr11	chr14	blind_geom_nearest_to_posterior_top	0	0	0	blind_posterior_reconstruction_geometry	903	0.198228128	0.574750831	0.186006826	0.120708749
chr11	chr14	blind_geom_nearest_gap_weighted	0	0	0	blind_posterior_reconstruction_geometry	903	0.198228128	0.574750831	0.186006826	0.120708749
chr11	chr14	blind_margin_geom_gap_weighted	0	0	0	blind_posterior_reconstruction_geometry	903	0.198228128	0.574750831	0.186006826	0.120708749
chr11	chr14	blind_pmax_geom_gap_weighted	0	0	0	blind_posterior_reconstruction_geometry	903	0.198228128	0.574750831	0.186006826	0.120708749
chr11	chr14	blind_same_cross_distance_sum	0	0	0	blind_posterior_reconstruction_geometry	903	0.198228128	0.574750831	0.186006826	0.120708749
chr11	chr14	blind_posterior_mass_same_cross	1	0	1	blind_posterior_reconstruction_geometry	903	0.291251384	0.425249169	0.293515358	0.19047619
chr11	chr14	blind_chrom_center_same_closer	0	0	0	blind_reconstruction_geometry	903	0.198228128	0.574750831	0.186006826	0.120708749
chr11	chr14	blind_chrom_homolog_vector_dot	0	0	0	blind_reconstruction_geometry	903	0.198228128	0.574750831	0.186006826	0.120708749
chr11	chr15	cis_selected_whole_chrom	0	0	0	cis_snp_truth_whole_chrom	544	0.332720588	0.568014706	0.364864865	0.0496323529
chr11	chr15	pair_independent_4state_oracle	0	0	0	snp_truth_oracle	544	0.332720588	0.568014706	0.364864865	0.0496323529
chr11	chr15	blind_geom_nearest_to_posterior_top	0	0	0	blind_posterior_reconstruction_geometry	544	0.332720588	0.568014706	0.364864865	0.0496323529
chr11	chr15	blind_geom_nearest_gap_weighted	0	0	0	blind_posterior_reconstruction_geometry	544	0.332720588	0.568014706	0.364864865	0.0496323529
chr11	chr15	blind_margin_geom_gap_weighted	0	0	0	blind_posterior_reconstruction_geometry	544	0.332720588	0.568014706	0.364864865	0.0496323529
chr11	chr15	blind_pmax_geom_gap_weighted	0	0	0	blind_posterior_reconstruction_geometry	544	0.332720588	0.568014706	0.364864865	0.0496323529
chr11	chr15	blind_same_cross_distance_sum	1	0	1	blind_posterior_reconstruction_geometry	544	0.191176471	0.431985294	0.202702703	0.0275735294
chr11	chr15	blind_posterior_mass_same_cross	0	0	0	blind_posterior_reconstruction_geometry	544	0.332720588	0.568014706	0.364864865	0.0496323529
chr11	chr15	blind_chrom_center_same_closer	1	0	1	blind_reconstruction_geometry	544	0.191176471	0.431985294	0.202702703	0.0275735294
chr11	chr15	blind_chrom_homolog_vector_dot	1	0	1	blind_reconstruction_geometry	544	0.191176471	0.431985294	0.202702703	0.0275735294
chr11	chr16	cis_selected_whole_chrom	0	0	0	cis_snp_truth_whole_chrom	413	0.230024213	0.440677966	0.218274112	0.104116223
chr11	chr16	pair_independent_4state_oracle	2	1	0	snp_truth_oracle	413	0.280871671	0.559322034	0.274111675	0.130750605
chr11	chr16	blind_geom_nearest_to_posterior_top	0	0	0	blind_posterior_reconstruction_geometry	413	0.230024213	0.440677966	0.218274112	0.104116223
chr11	chr16	blind_geom_nearest_gap_weighted	0	0	0	blind_posterior_reconstruction_geometry	413	0.230024213	0.440677966	0.218274112	0.104116223
chr11	chr16	blind_margin_geom_gap_weighted	0	0	0	blind_posterior_reconstruction_geometry	413	0.230024213	0.440677966	0.218274112	0.104116223
chr11	chr16	blind_pmax_geom_gap_weighted	0	0	0	blind_posterior_reconstruction_geometry	413	0.230024213	0.440677966	0.218274112	0.104116223
chr11	chr16	blind_same_cross_distance_sum	0	0	0	blind_posterior_reconstruction_geometry	413	0.230024213	0.440677966	0.218274112	0.104116223
chr11	chr16	blind_posterior_mass_same_cross	0	0	0	blind_posterior_reconstruction_geometry	413	0.230024213	0.440677966	0.218274112	0.104116223
chr11	chr16	blind_chrom_center_same_closer	0	0	0	blind_reconstruction_geometry	413	0.230024213	0.440677966	0.218274112	0.104116223
chr11	chr16	blind_chrom_homolog_vector_dot	0	0	0	blind_reconstruction_geometry	413	0.230024213	0.440677966	0.218274112	0.104116223
chr11	chr17	cis_selected_whole_chrom	0	0	0	cis_snp_truth_whole_chrom	479	0.319415449	0.60960334	0.393442623	0.100208768
chr11	chr17	pair_independent_4state_oracle	0	0	0	snp_truth_oracle	479	0.319415449	0.60960334	0.393442623	0.100208768
chr11	chr17	blind_geom_nearest_to_posterior_top	0	0	0	blind_posterior_reconstruction_geometry	479	0.319415449	0.60960334	0.393442623	0.100208768
chr11	chr17	blind_geom_nearest_gap_weighted	0	0	0	blind_posterior_reconstruction_geometry	479	0.319415449	0.60960334	0.393442623	0.100208768
chr11	chr17	blind_margin_geom_gap_weighted	0	0	0	blind_posterior_reconstruction_geometry	479	0.319415449	0.60960334	0.393442623	0.100208768
chr11	chr17	blind_pmax_geom_gap_weighted	0	0	0	blind_posterior_reconstruction_geometry	479	0.319415449	0.60960334	0.393442623	0.100208768
chr11	chr17	blind_same_cross_distance_sum	1	0	1	blind_posterior_reconstruction_geometry	479	0.1565762	0.39039666	0.0901639344	0.0229645094
chr11	chr17	blind_posterior_mass_same_cross	1	0	1	blind_posterior_reconstruction_geometry	479	0.1565762	0.39039666	0.0901639344	0.0229645094
chr11	chr17	blind_chrom_center_same_closer	1	0	1	blind_reconstruction_geometry	479	0.1565762	0.39039666	0.0901639344	0.0229645094
chr11	chr17	blind_chrom_homolog_vector_dot	1	0	1	blind_reconstruction_geometry	479	0.1565762	0.39039666	0.0901639344	0.0229645094
chr11	chr18	cis_selected_whole_chrom	0	0	0	cis_snp_truth_whole_chrom	424	0.318396226	0.556603774	0.340659341	0.0731132075
chr11	chr18	pair_independent_4state_oracle	0	0	0	snp_truth_oracle	424	0.318396226	0.556603774	0.340659341	0.0731132075
chr11	chr18	blind_geom_nearest_to_posterior_top	0	0	0	blind_posterior_reconstruction_geometry	424	0.318396226	0.556603774	0.340659341	0.0731132075
chr11	chr18	blind_geom_nearest_gap_weighted	0	0	0	blind_posterior_reconstruction_geometry	424	0.318396226	0.556603774	0.340659341	0.0731132075
chr11	chr18	blind_margin_geom_gap_weighted	0	0	0	blind_posterior_reconstruction_geometry	424	0.318396226	0.556603774	0.340659341	0.0731132075
chr11	chr18	blind_pmax_geom_gap_weighted	0	0	0	blind_posterior_reconstruction_geometry	424	0.318396226	0.556603774	0.340659341	0.0731132075
chr11	chr18	blind_same_cross_distance_sum	0	0	0	blind_posterior_reconstruction_geometry	424	0.318396226	0.556603774	0.340659341	0.0731132075
chr11	chr18	blind_posterior_mass_same_cross	1	0	1	blind_posterior_reconstruction_geometry	424	0.181603774	0.443396226	0.175824176	0.0377358491
chr11	chr18	blind_chrom_center_same_closer	0	0	0	blind_reconstruction_geometry	424	0.318396226	0.556603774	0.340659341	0.0731132075
chr11	chr18	blind_chrom_homolog_vector_dot	0	0	0	blind_reconstruction_geometry	424	0.318396226	0.556603774	0.340659341	0.0731132075
chr11	chr19	cis_selected_whole_chrom	0	0	0	cis_snp_truth_whole_chrom	701	0.562054208	0.681883024	0.693661972	0.281027104
chr11	chr19	pair_independent_4state_oracle	0	0	0	snp_truth_oracle	701	0.562054208	0.681883024	0.693661972	0.281027104
chr11	chr19	blind_geom_nearest_to_posterior_top	0	0	0	blind_posterior_reconstruction_geometry	701	0.562054208	0.681883024	0.693661972	0.281027104
chr11	chr19	blind_geom_nearest_gap_weighted	0	0	0	blind_posterior_reconstruction_geometry	701	0.562054208	0.681883024	0.693661972	0.281027104
chr11	chr19	blind_margin_geom_gap_weighted	0	0	0	blind_posterior_reconstruction_geometry	701	0.562054208	0.681883024	0.693661972	0.281027104
chr11	chr19	blind_pmax_geom_gap_weighted	0	0	0	blind_posterior_reconstruction_geometry	701	0.562054208	0.681883024	0.693661972	0.281027104
chr11	chr19	blind_same_cross_distance_sum	1	0	1	blind_posterior_reconstruction_geometry	701	0.199714693	0.310984308	0.147887324	0.059914408
chr11	chr19	blind_posterior_mass_same_cross	1	0	1	blind_posterior_reconstruction_geometry	701	0.199714693	0.310984308	0.147887324	0.059914408
chr11	chr19	blind_chrom_center_same_closer	1	0	1	blind_reconstruction_geometry	701	0.199714693	0.310984308	0.147887324	0.059914408
chr11	chr19	blind_chrom_homolog_vector_dot	1	0	1	blind_reconstruction_geometry	701	0.199714693	0.310984308	0.147887324	0.059914408
chr11	chrX	cis_selected_whole_chrom	0	0	0	cis_snp_truth_whole_chrom	864	0.247685185	0.368055556	0.193029491	0.0833333333
chr11	chrX	pair_independent_4state_oracle	1	0	1	snp_truth_oracle	864	0.474537037	0.630787037	0.63538874	0.274305556
chr11	chrX	blind_geom_nearest_to_posterior_top	0	0	0	blind_posterior_reconstruction_geometry	864	0.247685185	0.368055556	0.193029491	0.0833333333
chr11	chrX	blind_geom_nearest_gap_weighted	0	0	0	blind_posterior_reconstruction_geometry	864	0.247685185	0.368055556	0.193029491	0.0833333333
chr11	chrX	blind_margin_geom_gap_weighted	0	0	0	blind_posterior_reconstruction_geometry	864	0.247685185	0.368055556	0.193029491	0.0833333333
chr11	chrX	blind_pmax_geom_gap_weighted	0	0	0	blind_posterior_reconstruction_geometry	864	0.247685185	0.368055556	0.193029491	0.0833333333
chr11	chrX	blind_same_cross_distance_sum	1	0	1	blind_posterior_reconstruction_geometry	864	0.474537037	0.630787037	0.63538874	0.274305556
chr11	chrX	blind_posterior_mass_same_cross	1	0	1	blind_posterior_reconstruction_geometry	864	0.474537037	0.630787037	0.63538874	0.274305556
chr11	chrX	blind_chrom_center_same_closer	1	0	1	blind_reconstruction_geometry	864	0.474537037	0.630787037	0.63538874	0.274305556
chr11	chrX	blind_chrom_homolog_vector_dot	1	0	1	blind_reconstruction_geometry	864	0.474537037	0.630787037	0.63538874	0.274305556
chr12	chr13	cis_selected_whole_chrom	0	0	0	cis_snp_truth_whole_chrom	1950	0.182564103	0.354871795	0.176470588	0.0723076923
chr12	chr13	pair_independent_4state_oracle	2	1	0	snp_truth_oracle	1950	0.544615385	0.645128205	0.763454318	0.312820513
chr12	chr13	blind_geom_nearest_to_posterior_top	0	0	0	blind_posterior_reconstruction_geometry	1950	0.182564103	0.354871795	0.176470588	0.0723076923
chr12	chr13	blind_geom_nearest_gap_weighted	0	0	0	blind_posterior_reconstruction_geometry	1950	0.182564103	0.354871795	0.176470588	0.0723076923
chr12	chr13	blind_margin_geom_gap_weighted	0	0	0	blind_posterior_reconstruction_geometry	1950	0.182564103	0.354871795	0.176470588	0.0723076923
chr12	chr13	blind_pmax_geom_gap_weighted	0	0	0	blind_posterior_reconstruction_geometry	1950	0.182564103	0.354871795	0.176470588	0.0723076923
chr12	chr13	blind_same_cross_distance_sum	0	0	0	blind_posterior_reconstruction_geometry	1950	0.182564103	0.354871795	0.176470588	0.0723076923
chr12	chr13	blind_posterior_mass_same_cross	0	0	0	blind_posterior_reconstruction_geometry	1950	0.182564103	0.354871795	0.176470588	0.0723076923
chr12	chr13	blind_chrom_center_same_closer	0	0	0	blind_reconstruction_geometry	1950	0.182564103	0.354871795	0.176470588	0.0723076923
chr12	chr13	blind_chrom_homolog_vector_dot	0	0	0	blind_reconstruction_geometry	1950	0.182564103	0.354871795	0.176470588	0.0723076923
chr12	chr14	cis_selected_whole_chrom	0	0	0	cis_snp_truth_whole_chrom	451	0.232815965	0.467849224	0.375	0.0066518847
chr12	chr14	pair_independent_4state_oracle	1	0	1	snp_truth_oracle	451	0.268292683	0.532150776	0.125	0.0022172949
chr12	chr14	blind_geom_nearest_to_posterior_top	0	0	0	blind_posterior_reconstruction_geometry	451	0.232815965	0.467849224	0.375	0.0066518847
chr12	chr14	blind_geom_nearest_gap_weighted	0	0	0	blind_posterior_reconstruction_geometry	451	0.232815965	0.467849224	0.375	0.0066518847
chr12	chr14	blind_margin_geom_gap_weighted	0	0	0	blind_posterior_reconstruction_geometry	451	0.232815965	0.467849224	0.375	0.0066518847
chr12	chr14	blind_pmax_geom_gap_weighted	0	0	0	blind_posterior_reconstruction_geometry	451	0.232815965	0.467849224	0.375	0.0066518847
chr12	chr14	blind_same_cross_distance_sum	0	0	0	blind_posterior_reconstruction_geometry	451	0.232815965	0.467849224	0.375	0.0066518847
chr12	chr14	blind_posterior_mass_same_cross	0	0	0	blind_posterior_reconstruction_geometry	451	0.232815965	0.467849224	0.375	0.0066518847
chr12	chr14	blind_chrom_center_same_closer	0	0	0	blind_reconstruction_geometry	451	0.232815965	0.467849224	0.375	0.0066518847
chr12	chr14	blind_chrom_homolog_vector_dot	0	0	0	blind_reconstruction_geometry	451	0.232815965	0.467849224	0.375	0.0066518847
chr12	chr15	cis_selected_whole_chrom	0	0	0	cis_snp_truth_whole_chrom	928	0.670258621	0.806034483	0.825557809	0.438577586
chr12	chr15	pair_independent_4state_oracle	0	0	0	snp_truth_oracle	928	0.670258621	0.806034483	0.825557809	0.438577586
chr12	chr15	blind_geom_nearest_to_posterior_top	0	0	0	blind_posterior_reconstruction_geometry	928	0.670258621	0.806034483	0.825557809	0.438577586
chr12	chr15	blind_geom_nearest_gap_weighted	0	0	0	blind_posterior_reconstruction_geometry	928	0.670258621	0.806034483	0.825557809	0.438577586
chr12	chr15	blind_margin_geom_gap_weighted	0	0	0	blind_posterior_reconstruction_geometry	928	0.670258621	0.806034483	0.825557809	0.438577586
chr12	chr15	blind_pmax_geom_gap_weighted	0	0	0	blind_posterior_reconstruction_geometry	928	0.670258621	0.806034483	0.825557809	0.438577586
chr12	chr15	blind_same_cross_distance_sum	1	0	1	blind_posterior_reconstruction_geometry	928	0.0775862069	0.193965517	0.0425963489	0.0226293103
chr12	chr15	blind_posterior_mass_same_cross	1	0	1	blind_posterior_reconstruction_geometry	928	0.0775862069	0.193965517	0.0425963489	0.0226293103
chr12	chr15	blind_chrom_center_same_closer	1	0	1	blind_reconstruction_geometry	928	0.0775862069	0.193965517	0.0425963489	0.0226293103
chr12	chr15	blind_chrom_homolog_vector_dot	1	0	1	blind_reconstruction_geometry	928	0.0775862069	0.193965517	0.0425963489	0.0226293103
chr12	chr16	cis_selected_whole_chrom	0	0	0	cis_snp_truth_whole_chrom	388	0.201030928	0.56185567	0.0714285714	0.00515463918
chr12	chr16	pair_independent_4state_oracle	3	1	1	snp_truth_oracle	388	0.360824742	0.56185567	0.464285714	0.0335051546
chr12	chr16	blind_geom_nearest_to_posterior_top	0	0	0	blind_posterior_reconstruction_geometry	388	0.201030928	0.56185567	0.0714285714	0.00515463918
chr12	chr16	blind_geom_nearest_gap_weighted	0	0	0	blind_posterior_reconstruction_geometry	388	0.201030928	0.56185567	0.0714285714	0.00515463918
chr12	chr16	blind_margin_geom_gap_weighted	0	0	0	blind_posterior_reconstruction_geometry	388	0.201030928	0.56185567	0.0714285714	0.00515463918
chr12	chr16	blind_pmax_geom_gap_weighted	0	0	0	blind_posterior_reconstruction_geometry	388	0.201030928	0.56185567	0.0714285714	0.00515463918
chr12	chr16	blind_same_cross_distance_sum	0	0	0	blind_posterior_reconstruction_geometry	388	0.201030928	0.56185567	0.0714285714	0.00515463918
chr12	chr16	blind_posterior_mass_same_cross	1	0	1	blind_posterior_reconstruction_geometry	388	0.182989691	0.43814433	0.214285714	0.0154639175
chr12	chr16	blind_chrom_center_same_closer	0	0	0	blind_reconstruction_geometry	388	0.201030928	0.56185567	0.0714285714	0.00515463918
chr12	chr16	blind_chrom_homolog_vector_dot	0	0	0	blind_reconstruction_geometry	388	0.201030928	0.56185567	0.0714285714	0.00515463918
chr12	chr17	cis_selected_whole_chrom	0	0	0	cis_snp_truth_whole_chrom	798	0.355889724	0.510025063	0.469072165	0.114035088
chr12	chr17	pair_independent_4state_oracle	0	0	0	snp_truth_oracle	798	0.355889724	0.510025063	0.469072165	0.114035088
chr12	chr17	blind_geom_nearest_to_posterior_top	0	0	0	blind_posterior_reconstruction_geometry	798	0.355889724	0.510025063	0.469072165	0.114035088
chr12	chr17	blind_geom_nearest_gap_weighted	0	0	0	blind_posterior_reconstruction_geometry	798	0.355889724	0.510025063	0.469072165	0.114035088
chr12	chr17	blind_margin_geom_gap_weighted	0	0	0	blind_posterior_reconstruction_geometry	798	0.355889724	0.510025063	0.469072165	0.114035088
chr12	chr17	blind_pmax_geom_gap_weighted	0	0	0	blind_posterior_reconstruction_geometry	798	0.355889724	0.510025063	0.469072165	0.114035088
chr12	chr17	blind_same_cross_distance_sum	0	0	0	blind_posterior_reconstruction_geometry	798	0.355889724	0.510025063	0.469072165	0.114035088
chr12	chr17	blind_posterior_mass_same_cross	0	0	0	blind_posterior_reconstruction_geometry	798	0.355889724	0.510025063	0.469072165	0.114035088
chr12	chr17	blind_chrom_center_same_closer	0	0	0	blind_reconstruction_geometry	798	0.355889724	0.510025063	0.469072165	0.114035088
chr12	chr17	blind_chrom_homolog_vector_dot	0	0	0	blind_reconstruction_geometry	798	0.355889724	0.510025063	0.469072165	0.114035088
chr12	chr18	cis_selected_whole_chrom	0	0	0	cis_snp_truth_whole_chrom	541	0.340110906	0.617375231	0.505050505	0.0924214418
chr12	chr18	pair_independent_4state_oracle	0	0	0	snp_truth_oracle	541	0.340110906	0.617375231	0.505050505	0.0924214418
chr12	chr18	blind_geom_nearest_to_posterior_top	0	0	0	blind_posterior_reconstruction_geometry	541	0.340110906	0.617375231	0.505050505	0.0924214418
chr12	chr18	blind_geom_nearest_gap_weighted	0	0	0	blind_posterior_reconstruction_geometry	541	0.340110906	0.617375231	0.505050505	0.0924214418
chr12	chr18	blind_margin_geom_gap_weighted	0	0	0	blind_posterior_reconstruction_geometry	541	0.340110906	0.617375231	0.505050505	0.0924214418
chr12	chr18	blind_pmax_geom_gap_weighted	0	0	0	blind_posterior_reconstruction_geometry	541	0.340110906	0.617375231	0.505050505	0.0924214418
chr12	chr18	blind_same_cross_distance_sum	1	0	1	blind_posterior_reconstruction_geometry	541	0.166358595	0.382624769	0.0303030303	0.00554528651
chr12	chr18	blind_posterior_mass_same_cross	1	0	1	blind_posterior_reconstruction_geometry	541	0.166358595	0.382624769	0.0303030303	0.00554528651
chr12	chr18	blind_chrom_center_same_closer	1	0	1	blind_reconstruction_geometry	541	0.166358595	0.382624769	0.0303030303	0.00554528651
chr12	chr18	blind_chrom_homolog_vector_dot	1	0	1	blind_reconstruction_geometry	541	0.166358595	0.382624769	0.0303030303	0.00554528651
chr12	chr19	cis_selected_whole_chrom	0	0	0	cis_snp_truth_whole_chrom	631	0.117274168	0.372424723	0.0303030303	0.00633914422
chr12	chr19	pair_independent_4state_oracle	2	1	0	snp_truth_oracle	631	0.530903328	0.627575277	0.590909091	0.123613312
chr12	chr19	blind_geom_nearest_to_posterior_top	0	0	0	blind_posterior_reconstruction_geometry	631	0.117274168	0.372424723	0.0303030303	0.00633914422
chr12	chr19	blind_geom_nearest_gap_weighted	0	0	0	blind_posterior_reconstruction_geometry	631	0.117274168	0.372424723	0.0303030303	0.00633914422
chr12	chr19	blind_margin_geom_gap_weighted	0	0	0	blind_posterior_reconstruction_geometry	631	0.117274168	0.372424723	0.0303030303	0.00633914422
chr12	chr19	blind_pmax_geom_gap_weighted	0	0	0	blind_posterior_reconstruction_geometry	631	0.117274168	0.372424723	0.0303030303	0.00633914422
chr12	chr19	blind_same_cross_distance_sum	0	0	0	blind_posterior_reconstruction_geometry	631	0.117274168	0.372424723	0.0303030303	0.00633914422
chr12	chr19	blind_posterior_mass_same_cross	0	0	0	blind_posterior_reconstruction_geometry	631	0.117274168	0.372424723	0.0303030303	0.00633914422
chr12	chr19	blind_chrom_center_same_closer	0	0	0	blind_reconstruction_geometry	631	0.117274168	0.372424723	0.0303030303	0.00633914422
chr12	chr19	blind_chrom_homolog_vector_dot	0	0	0	blind_reconstruction_geometry	631	0.117274168	0.372424723	0.0303030303	0.00633914422
chr12	chrX	cis_selected_whole_chrom	0	0	0	cis_snp_truth_whole_chrom	320	0.240625	0.484375	0.25	0.025
chr12	chrX	pair_independent_4state_oracle	2	1	0	snp_truth_oracle	320	0.278125	0.515625	0.375	0.0375
chr12	chrX	blind_geom_nearest_to_posterior_top	0	0	0	blind_posterior_reconstruction_geometry	320	0.240625	0.484375	0.25	0.025
chr12	chrX	blind_geom_nearest_gap_weighted	0	0	0	blind_posterior_reconstruction_geometry	320	0.240625	0.484375	0.25	0.025
chr12	chrX	blind_margin_geom_gap_weighted	0	0	0	blind_posterior_reconstruction_geometry	320	0.240625	0.484375	0.25	0.025
chr12	chrX	blind_pmax_geom_gap_weighted	0	0	0	blind_posterior_reconstruction_geometry	320	0.240625	0.484375	0.25	0.025
chr12	chrX	blind_same_cross_distance_sum	1	0	1	blind_posterior_reconstruction_geometry	320	0.2375	0.515625	0.125	0.0125
chr12	chrX	blind_posterior_mass_same_cross	0	0	0	blind_posterior_reconstruction_geometry	320	0.240625	0.484375	0.25	0.025
chr12	chrX	blind_chrom_center_same_closer	0	0	0	blind_reconstruction_geometry	320	0.240625	0.484375	0.25	0.025
chr12	chrX	blind_chrom_homolog_vector_dot	1	0	1	blind_reconstruction_geometry	320	0.2375	0.515625	0.125	0.0125
chr13	chr14	cis_selected_whole_chrom	0	0	0	cis_snp_truth_whole_chrom	737	0.407055631	0.55495251	0.788819876	0.172320217
chr13	chr14	pair_independent_4state_oracle	0	0	0	snp_truth_oracle	737	0.407055631	0.55495251	0.788819876	0.172320217
chr13	chr14	blind_geom_nearest_to_posterior_top	0	0	0	blind_posterior_reconstruction_geometry	737	0.407055631	0.55495251	0.788819876	0.172320217
chr13	chr14	blind_geom_nearest_gap_weighted	0	0	0	blind_posterior_reconstruction_geometry	737	0.407055631	0.55495251	0.788819876	0.172320217
chr13	chr14	blind_margin_geom_gap_weighted	0	0	0	blind_posterior_reconstruction_geometry	737	0.407055631	0.55495251	0.788819876	0.172320217
chr13	chr14	blind_pmax_geom_gap_weighted	0	0	0	blind_posterior_reconstruction_geometry	737	0.407055631	0.55495251	0.788819876	0.172320217
chr13	chr14	blind_same_cross_distance_sum	1	0	1	blind_posterior_reconstruction_geometry	737	0.286295794	0.472184532	0.0931677019	0.0203527815
chr13	chr14	blind_posterior_mass_same_cross	1	0	1	blind_posterior_reconstruction_geometry	737	0.286295794	0.472184532	0.0931677019	0.0203527815
chr13	chr14	blind_chrom_center_same_closer	1	0	1	blind_reconstruction_geometry	737	0.286295794	0.472184532	0.0931677019	0.0203527815
chr13	chr14	blind_chrom_homolog_vector_dot	1	0	1	blind_reconstruction_geometry	737	0.286295794	0.472184532	0.0931677019	0.0203527815
chr13	chr15	cis_selected_whole_chrom	0	0	0	cis_snp_truth_whole_chrom	395	0.230379747	0.529113924	0.142857143	0.00253164557
chr13	chr15	pair_independent_4state_oracle	3	1	1	snp_truth_oracle	395	0.298734177	0.529113924	0.428571429	0.00759493671
chr13	chr15	blind_geom_nearest_to_posterior_top	0	0	0	blind_posterior_reconstruction_geometry	395	0.230379747	0.529113924	0.142857143	0.00253164557
chr13	chr15	blind_geom_nearest_gap_weighted	0	0	0	blind_posterior_reconstruction_geometry	395	0.230379747	0.529113924	0.142857143	0.00253164557
chr13	chr15	blind_margin_geom_gap_weighted	0	0	0	blind_posterior_reconstruction_geometry	395	0.230379747	0.529113924	0.142857143	0.00253164557
chr13	chr15	blind_pmax_geom_gap_weighted	0	0	0	blind_posterior_reconstruction_geometry	395	0.230379747	0.529113924	0.142857143	0.00253164557
chr13	chr15	blind_same_cross_distance_sum	0	0	0	blind_posterior_reconstruction_geometry	395	0.230379747	0.529113924	0.142857143	0.00253164557
chr13	chr15	blind_posterior_mass_same_cross	0	0	0	blind_posterior_reconstruction_geometry	395	0.230379747	0.529113924	0.142857143	0.00253164557
chr13	chr15	blind_chrom_center_same_closer	0	0	0	blind_reconstruction_geometry	395	0.230379747	0.529113924	0.142857143	0.00253164557
chr13	chr15	blind_chrom_homolog_vector_dot	0	0	0	blind_reconstruction_geometry	395	0.230379747	0.529113924	0.142857143	0.00253164557
chr13	chr16	cis_selected_whole_chrom	0	0	0	cis_snp_truth_whole_chrom	798	0.595238095	0.721804511	0.790123457	0.401002506
chr13	chr16	pair_independent_4state_oracle	0	0	0	snp_truth_oracle	798	0.595238095	0.721804511	0.790123457	0.401002506
chr13	chr16	blind_geom_nearest_to_posterior_top	0	0	0	blind_posterior_reconstruction_geometry	798	0.595238095	0.721804511	0.790123457	0.401002506
chr13	chr16	blind_geom_nearest_gap_weighted	0	0	0	blind_posterior_reconstruction_geometry	798	0.595238095	0.721804511	0.790123457	0.401002506
chr13	chr16	blind_margin_geom_gap_weighted	0	0	0	blind_posterior_reconstruction_geometry	798	0.595238095	0.721804511	0.790123457	0.401002506
chr13	chr16	blind_pmax_geom_gap_weighted	0	0	0	blind_posterior_reconstruction_geometry	798	0.595238095	0.721804511	0.790123457	0.401002506
chr13	chr16	blind_same_cross_distance_sum	1	0	1	blind_posterior_reconstruction_geometry	798	0.15914787	0.278195489	0.0888888889	0.045112782
chr13	chr16	blind_posterior_mass_same_cross	1	0	1	blind_posterior_reconstruction_geometry	798	0.15914787	0.278195489	0.0888888889	0.045112782
chr13	chr16	blind_chrom_center_same_closer	1	0	1	blind_reconstruction_geometry	798	0.15914787	0.278195489	0.0888888889	0.045112782
chr13	chr16	blind_chrom_homolog_vector_dot	1	0	1	blind_reconstruction_geometry	798	0.15914787	0.278195489	0.0888888889	0.045112782
chr13	chr17	cis_selected_whole_chrom	0	0	0	cis_snp_truth_whole_chrom	960	0.639583333	0.744791667	0.886699507	0.375
chr13	chr17	pair_independent_4state_oracle	0	0	0	snp_truth_oracle	960	0.639583333	0.744791667	0.886699507	0.375
chr13	chr17	blind_geom_nearest_to_posterior_top	0	0	0	blind_posterior_reconstruction_geometry	960	0.639583333	0.744791667	0.886699507	0.375
chr13	chr17	blind_geom_nearest_gap_weighted	0	0	0	blind_posterior_reconstruction_geometry	960	0.639583333	0.744791667	0.886699507	0.375
chr13	chr17	blind_margin_geom_gap_weighted	0	0	0	blind_posterior_reconstruction_geometry	960	0.639583333	0.744791667	0.886699507	0.375
chr13	chr17	blind_pmax_geom_gap_weighted	0	0	0	blind_posterior_reconstruction_geometry	960	0.639583333	0.744791667	0.886699507	0.375
chr13	chr17	blind_same_cross_distance_sum	0	0	0	blind_posterior_reconstruction_geometry	960	0.639583333	0.744791667	0.886699507	0.375
chr13	chr17	blind_posterior_mass_same_cross	0	0	0	blind_posterior_reconstruction_geometry	960	0.639583333	0.744791667	0.886699507	0.375
chr13	chr17	blind_chrom_center_same_closer	0	0	0	blind_reconstruction_geometry	960	0.639583333	0.744791667	0.886699507	0.375
chr13	chr17	blind_chrom_homolog_vector_dot	0	0	0	blind_reconstruction_geometry	960	0.639583333	0.744791667	0.886699507	0.375
chr13	chr18	cis_selected_whole_chrom	0	0	0	cis_snp_truth_whole_chrom	808	0.28960396	0.428217822	0.287974684	0.112623762
chr13	chr18	pair_independent_4state_oracle	1	0	1	snp_truth_oracle	808	0.448019802	0.571782178	0.57278481	0.224009901
chr13	chr18	blind_geom_nearest_to_posterior_top	0	0	0	blind_posterior_reconstruction_geometry	808	0.28960396	0.428217822	0.287974684	0.112623762
chr13	chr18	blind_geom_nearest_gap_weighted	0	0	0	blind_posterior_reconstruction_geometry	808	0.28960396	0.428217822	0.287974684	0.112623762
chr13	chr18	blind_margin_geom_gap_weighted	0	0	0	blind_posterior_reconstruction_geometry	808	0.28960396	0.428217822	0.287974684	0.112623762
chr13	chr18	blind_pmax_geom_gap_weighted	0	0	0	blind_posterior_reconstruction_geometry	808	0.28960396	0.428217822	0.287974684	0.112623762
chr13	chr18	blind_same_cross_distance_sum	1	0	1	blind_posterior_reconstruction_geometry	808	0.448019802	0.571782178	0.57278481	0.224009901
chr13	chr18	blind_posterior_mass_same_cross	1	0	1	blind_posterior_reconstruction_geometry	808	0.448019802	0.571782178	0.57278481	0.224009901
chr13	chr18	blind_chrom_center_same_closer	1	0	1	blind_reconstruction_geometry	808	0.448019802	0.571782178	0.57278481	0.224009901
chr13	chr18	blind_chrom_homolog_vector_dot	1	0	1	blind_reconstruction_geometry	808	0.448019802	0.571782178	0.57278481	0.224009901
chr13	chr19	cis_selected_whole_chrom	0	0	0	cis_snp_truth_whole_chrom	833	0.56302521	0.665066026	0.76119403	0.12244898
chr13	chr19	pair_independent_4state_oracle	0	0	0	snp_truth_oracle	833	0.56302521	0.665066026	0.76119403	0.12244898
chr13	chr19	blind_geom_nearest_to_posterior_top	0	0	0	blind_posterior_reconstruction_geometry	833	0.56302521	0.665066026	0.76119403	0.12244898
chr13	chr19	blind_geom_nearest_gap_weighted	0	0	0	blind_posterior_reconstruction_geometry	833	0.56302521	0.665066026	0.76119403	0.12244898
chr13	chr19	blind_margin_geom_gap_weighted	0	0	0	blind_posterior_reconstruction_geometry	833	0.56302521	0.665066026	0.76119403	0.12244898
chr13	chr19	blind_pmax_geom_gap_weighted	0	0	0	blind_posterior_reconstruction_geometry	833	0.56302521	0.665066026	0.76119403	0.12244898
chr13	chr19	blind_same_cross_distance_sum	1	0	1	blind_posterior_reconstruction_geometry	833	0.363745498	0.450180072	0.201492537	0.0324129652
chr13	chr19	blind_posterior_mass_same_cross	1	0	1	blind_posterior_reconstruction_geometry	833	0.363745498	0.450180072	0.201492537	0.0324129652
chr13	chr19	blind_chrom_center_same_closer	1	0	1	blind_reconstruction_geometry	833	0.363745498	0.450180072	0.201492537	0.0324129652
chr13	chr19	blind_chrom_homolog_vector_dot	0	0	0	blind_reconstruction_geometry	833	0.56302521	0.665066026	0.76119403	0.12244898
chr13	chrX	cis_selected_whole_chrom	0	0	0	cis_snp_truth_whole_chrom	462	0.337662338	0.536796537	0.475247525	0.103896104
chr13	chrX	pair_independent_4state_oracle	0	0	0	snp_truth_oracle	462	0.337662338	0.536796537	0.475247525	0.103896104
chr13	chrX	blind_geom_nearest_to_posterior_top	0	0	0	blind_posterior_reconstruction_geometry	462	0.337662338	0.536796537	0.475247525	0.103896104
chr13	chrX	blind_geom_nearest_gap_weighted	0	0	0	blind_posterior_reconstruction_geometry	462	0.337662338	0.536796537	0.475247525	0.103896104
chr13	chrX	blind_margin_geom_gap_weighted	0	0	0	blind_posterior_reconstruction_geometry	462	0.337662338	0.536796537	0.475247525	0.103896104
chr13	chrX	blind_pmax_geom_gap_weighted	0	0	0	blind_posterior_reconstruction_geometry	462	0.337662338	0.536796537	0.475247525	0.103896104
chr13	chrX	blind_same_cross_distance_sum	0	0	0	blind_posterior_reconstruction_geometry	462	0.337662338	0.536796537	0.475247525	0.103896104
chr13	chrX	blind_posterior_mass_same_cross	1	0	1	blind_posterior_reconstruction_geometry	462	0.279220779	0.463203463	0.267326733	0.0584415584
chr13	chrX	blind_chrom_center_same_closer	0	0	0	blind_reconstruction_geometry	462	0.337662338	0.536796537	0.475247525	0.103896104
chr13	chrX	blind_chrom_homolog_vector_dot	0	0	0	blind_reconstruction_geometry	462	0.337662338	0.536796537	0.475247525	0.103896104
chr14	chr15	cis_selected_whole_chrom	0	0	0	cis_snp_truth_whole_chrom	340	0.235294118	0.526470588	0.2	0.00294117647
chr14	chr15	pair_independent_4state_oracle	3	1	1	snp_truth_oracle	340	0.291176471	0.526470588	0	0
chr14	chr15	blind_geom_nearest_to_posterior_top	0	0	0	blind_posterior_reconstruction_geometry	340	0.235294118	0.526470588	0.2	0.00294117647
chr14	chr15	blind_geom_nearest_gap_weighted	0	0	0	blind_posterior_reconstruction_geometry	340	0.235294118	0.526470588	0.2	0.00294117647
chr14	chr15	blind_margin_geom_gap_weighted	0	0	0	blind_posterior_reconstruction_geometry	340	0.235294118	0.526470588	0.2	0.00294117647
chr14	chr15	blind_pmax_geom_gap_weighted	0	0	0	blind_posterior_reconstruction_geometry	340	0.235294118	0.526470588	0.2	0.00294117647
chr14	chr15	blind_same_cross_distance_sum	1	0	1	blind_posterior_reconstruction_geometry	340	0.211764706	0.473529412	0	0
chr14	chr15	blind_posterior_mass_same_cross	1	0	1	blind_posterior_reconstruction_geometry	340	0.211764706	0.473529412	0	0
chr14	chr15	blind_chrom_center_same_closer	1	0	1	blind_reconstruction_geometry	340	0.211764706	0.473529412	0	0
chr14	chr15	blind_chrom_homolog_vector_dot	1	0	1	blind_reconstruction_geometry	340	0.211764706	0.473529412	0	0
chr14	chr16	cis_selected_whole_chrom	0	0	0	cis_snp_truth_whole_chrom	334	0.236526946	0.5	0.215189873	0.0508982036
chr14	chr16	pair_independent_4state_oracle	3	1	1	snp_truth_oracle	334	0.263473054	0.5	0.227848101	0.0538922156
chr14	chr16	blind_geom_nearest_to_posterior_top	0	0	0	blind_posterior_reconstruction_geometry	334	0.236526946	0.5	0.215189873	0.0508982036
chr14	chr16	blind_geom_nearest_gap_weighted	0	0	0	blind_posterior_reconstruction_geometry	334	0.236526946	0.5	0.215189873	0.0508982036
chr14	chr16	blind_margin_geom_gap_weighted	0	0	0	blind_posterior_reconstruction_geometry	334	0.236526946	0.5	0.215189873	0.0508982036
chr14	chr16	blind_pmax_geom_gap_weighted	0	0	0	blind_posterior_reconstruction_geometry	334	0.236526946	0.5	0.215189873	0.0508982036
chr14	chr16	blind_same_cross_distance_sum	0	0	0	blind_posterior_reconstruction_geometry	334	0.236526946	0.5	0.215189873	0.0508982036
chr14	chr16	blind_posterior_mass_same_cross	0	0	0	blind_posterior_reconstruction_geometry	334	0.236526946	0.5	0.215189873	0.0508982036
chr14	chr16	blind_chrom_center_same_closer	0	0	0	blind_reconstruction_geometry	334	0.236526946	0.5	0.215189873	0.0508982036
chr14	chr16	blind_chrom_homolog_vector_dot	0	0	0	blind_reconstruction_geometry	334	0.236526946	0.5	0.215189873	0.0508982036
chr14	chr17	cis_selected_whole_chrom	0	0	0	cis_snp_truth_whole_chrom	260	0.280769231	0.534615385	0.36	0.0346153846
chr14	chr17	pair_independent_4state_oracle	0	0	0	snp_truth_oracle	260	0.280769231	0.534615385	0.36	0.0346153846
chr14	chr17	blind_geom_nearest_to_posterior_top	0	0	0	blind_posterior_reconstruction_geometry	260	0.280769231	0.534615385	0.36	0.0346153846
chr14	chr17	blind_geom_nearest_gap_weighted	0	0	0	blind_posterior_reconstruction_geometry	260	0.280769231	0.534615385	0.36	0.0346153846
chr14	chr17	blind_margin_geom_gap_weighted	0	0	0	blind_posterior_reconstruction_geometry	260	0.280769231	0.534615385	0.36	0.0346153846
chr14	chr17	blind_pmax_geom_gap_weighted	0	0	0	blind_posterior_reconstruction_geometry	260	0.280769231	0.534615385	0.36	0.0346153846
chr14	chr17	blind_same_cross_distance_sum	0	0	0	blind_posterior_reconstruction_geometry	260	0.280769231	0.534615385	0.36	0.0346153846
chr14	chr17	blind_posterior_mass_same_cross	0	0	0	blind_posterior_reconstruction_geometry	260	0.280769231	0.534615385	0.36	0.0346153846
chr14	chr17	blind_chrom_center_same_closer	0	0	0	blind_reconstruction_geometry	260	0.280769231	0.534615385	0.36	0.0346153846
chr14	chr17	blind_chrom_homolog_vector_dot	0	0	0	blind_reconstruction_geometry	260	0.280769231	0.534615385	0.36	0.0346153846
chr14	chr18	cis_selected_whole_chrom	0	0	0	cis_snp_truth_whole_chrom	681	0.549192364	0.649045521	0.844444444	0.223201175
chr14	chr18	pair_independent_4state_oracle	0	0	0	snp_truth_oracle	681	0.549192364	0.649045521	0.844444444	0.223201175
chr14	chr18	blind_geom_nearest_to_posterior_top	0	0	0	blind_posterior_reconstruction_geometry	681	0.549192364	0.649045521	0.844444444	0.223201175
chr14	chr18	blind_geom_nearest_gap_weighted	0	0	0	blind_posterior_reconstruction_geometry	681	0.549192364	0.649045521	0.844444444	0.223201175
chr14	chr18	blind_margin_geom_gap_weighted	0	0	0	blind_posterior_reconstruction_geometry	681	0.549192364	0.649045521	0.844444444	0.223201175
chr14	chr18	blind_pmax_geom_gap_weighted	0	0	0	blind_posterior_reconstruction_geometry	681	0.549192364	0.649045521	0.844444444	0.223201175
chr14	chr18	blind_same_cross_distance_sum	0	0	0	blind_posterior_reconstruction_geometry	681	0.549192364	0.649045521	0.844444444	0.223201175
chr14	chr18	blind_posterior_mass_same_cross	0	0	0	blind_posterior_reconstruction_geometry	681	0.549192364	0.649045521	0.844444444	0.223201175
chr14	chr18	blind_chrom_center_same_closer	0	0	0	blind_reconstruction_geometry	681	0.549192364	0.649045521	0.844444444	0.223201175
chr14	chr18	blind_chrom_homolog_vector_dot	0	0	0	blind_reconstruction_geometry	681	0.549192364	0.649045521	0.844444444	0.223201175
chr14	chr19	cis_selected_whole_chrom	0	0	0	cis_snp_truth_whole_chrom	431	0.324825986	0.563805104	0.369565217	0.0394431555
chr14	chr19	pair_independent_4state_oracle	0	0	0	snp_truth_oracle	431	0.324825986	0.563805104	0.369565217	0.0394431555
chr14	chr19	blind_geom_nearest_to_posterior_top	0	0	0	blind_posterior_reconstruction_geometry	431	0.324825986	0.563805104	0.369565217	0.0394431555
chr14	chr19	blind_geom_nearest_gap_weighted	0	0	0	blind_posterior_reconstruction_geometry	431	0.324825986	0.563805104	0.369565217	0.0394431555
chr14	chr19	blind_margin_geom_gap_weighted	0	0	0	blind_posterior_reconstruction_geometry	431	0.324825986	0.563805104	0.369565217	0.0394431555
chr14	chr19	blind_pmax_geom_gap_weighted	0	0	0	blind_posterior_reconstruction_geometry	431	0.324825986	0.563805104	0.369565217	0.0394431555
chr14	chr19	blind_same_cross_distance_sum	0	0	0	blind_posterior_reconstruction_geometry	431	0.324825986	0.563805104	0.369565217	0.0394431555
chr14	chr19	blind_posterior_mass_same_cross	0	0	0	blind_posterior_reconstruction_geometry	431	0.324825986	0.563805104	0.369565217	0.0394431555
chr14	chr19	blind_chrom_center_same_closer	0	0	0	blind_reconstruction_geometry	431	0.324825986	0.563805104	0.369565217	0.0394431555
chr14	chr19	blind_chrom_homolog_vector_dot	0	0	0	blind_reconstruction_geometry	431	0.324825986	0.563805104	0.369565217	0.0394431555
chr14	chrX	cis_selected_whole_chrom	0	0	0	cis_snp_truth_whole_chrom	244	0.286885246	0.504098361	0.378378378	0.0573770492
chr14	chrX	pair_independent_4state_oracle	0	0	0	snp_truth_oracle	244	0.286885246	0.504098361	0.378378378	0.0573770492
chr14	chrX	blind_geom_nearest_to_posterior_top	0	0	0	blind_posterior_reconstruction_geometry	244	0.286885246	0.504098361	0.378378378	0.0573770492
chr14	chrX	blind_geom_nearest_gap_weighted	0	0	0	blind_posterior_reconstruction_geometry	244	0.286885246	0.504098361	0.378378378	0.0573770492
chr14	chrX	blind_margin_geom_gap_weighted	0	0	0	blind_posterior_reconstruction_geometry	244	0.286885246	0.504098361	0.378378378	0.0573770492
chr14	chrX	blind_pmax_geom_gap_weighted	0	0	0	blind_posterior_reconstruction_geometry	244	0.286885246	0.504098361	0.378378378	0.0573770492
chr14	chrX	blind_same_cross_distance_sum	1	0	1	blind_posterior_reconstruction_geometry	244	0.233606557	0.495901639	0.243243243	0.0368852459
chr14	chrX	blind_posterior_mass_same_cross	1	0	1	blind_posterior_reconstruction_geometry	244	0.233606557	0.495901639	0.243243243	0.0368852459
chr14	chrX	blind_chrom_center_same_closer	1	0	1	blind_reconstruction_geometry	244	0.233606557	0.495901639	0.243243243	0.0368852459
chr14	chrX	blind_chrom_homolog_vector_dot	1	0	1	blind_reconstruction_geometry	244	0.233606557	0.495901639	0.243243243	0.0368852459
chr15	chr16	cis_selected_whole_chrom	0	0	0	cis_snp_truth_whole_chrom	331	0.229607251	0.486404834	0.5	0.0151057402
chr15	chr16	pair_independent_4state_oracle	1	0	1	snp_truth_oracle	331	0.262839879	0.513595166	0.2	0.00604229607
chr15	chr16	blind_geom_nearest_to_posterior_top	0	0	0	blind_posterior_reconstruction_geometry	331	0.229607251	0.486404834	0.5	0.0151057402
chr15	chr16	blind_geom_nearest_gap_weighted	0	0	0	blind_posterior_reconstruction_geometry	331	0.229607251	0.486404834	0.5	0.0151057402
chr15	chr16	blind_margin_geom_gap_weighted	0	0	0	blind_posterior_reconstruction_geometry	331	0.229607251	0.486404834	0.5	0.0151057402
chr15	chr16	blind_pmax_geom_gap_weighted	0	0	0	blind_posterior_reconstruction_geometry	331	0.229607251	0.486404834	0.5	0.0151057402
chr15	chr16	blind_same_cross_distance_sum	1	0	1	blind_posterior_reconstruction_geometry	331	0.262839879	0.513595166	0.2	0.00604229607
chr15	chr16	blind_posterior_mass_same_cross	1	0	1	blind_posterior_reconstruction_geometry	331	0.262839879	0.513595166	0.2	0.00604229607
chr15	chr16	blind_chrom_center_same_closer	1	0	1	blind_reconstruction_geometry	331	0.262839879	0.513595166	0.2	0.00604229607
chr15	chr16	blind_chrom_homolog_vector_dot	1	0	1	blind_reconstruction_geometry	331	0.262839879	0.513595166	0.2	0.00604229607
chr15	chr17	cis_selected_whole_chrom	0	0	0	cis_snp_truth_whole_chrom	904	0.271017699	0.83960177	0.30044843	0.222345133
chr15	chr17	pair_independent_4state_oracle	3	1	1	snp_truth_oracle	904	0.568584071	0.83960177	0.606875934	0.449115044
chr15	chr17	blind_geom_nearest_to_posterior_top	0	0	0	blind_posterior_reconstruction_geometry	904	0.271017699	0.83960177	0.30044843	0.222345133
chr15	chr17	blind_geom_nearest_gap_weighted	0	0	0	blind_posterior_reconstruction_geometry	904	0.271017699	0.83960177	0.30044843	0.222345133
chr15	chr17	blind_margin_geom_gap_weighted	0	0	0	blind_posterior_reconstruction_geometry	904	0.271017699	0.83960177	0.30044843	0.222345133
chr15	chr17	blind_pmax_geom_gap_weighted	0	0	0	blind_posterior_reconstruction_geometry	904	0.271017699	0.83960177	0.30044843	0.222345133
chr15	chr17	blind_same_cross_distance_sum	1	0	1	blind_posterior_reconstruction_geometry	904	0.0630530973	0.16039823	0.0388639761	0.0287610619
chr15	chr17	blind_posterior_mass_same_cross	1	0	1	blind_posterior_reconstruction_geometry	904	0.0630530973	0.16039823	0.0388639761	0.0287610619
chr15	chr17	blind_chrom_center_same_closer	1	0	1	blind_reconstruction_geometry	904	0.0630530973	0.16039823	0.0388639761	0.0287610619
chr15	chr17	blind_chrom_homolog_vector_dot	1	0	1	blind_reconstruction_geometry	904	0.0630530973	0.16039823	0.0388639761	0.0287610619
chr15	chr18	cis_selected_whole_chrom	0	0	0	cis_snp_truth_whole_chrom	830	0.126506024	0.197590361	0.0529411765	0.0325301205
chr15	chr18	pair_independent_4state_oracle	1	0	1	snp_truth_oracle	830	0.695180723	0.802409639	0.876470588	0.538554217
chr15	chr18	blind_geom_nearest_to_posterior_top	0	0	0	blind_posterior_reconstruction_geometry	830	0.126506024	0.197590361	0.0529411765	0.0325301205
chr15	chr18	blind_geom_nearest_gap_weighted	0	0	0	blind_posterior_reconstruction_geometry	830	0.126506024	0.197590361	0.0529411765	0.0325301205
chr15	chr18	blind_margin_geom_gap_weighted	0	0	0	blind_posterior_reconstruction_geometry	830	0.126506024	0.197590361	0.0529411765	0.0325301205
chr15	chr18	blind_pmax_geom_gap_weighted	0	0	0	blind_posterior_reconstruction_geometry	830	0.126506024	0.197590361	0.0529411765	0.0325301205
chr15	chr18	blind_same_cross_distance_sum	0	0	0	blind_posterior_reconstruction_geometry	830	0.126506024	0.197590361	0.0529411765	0.0325301205
chr15	chr18	blind_posterior_mass_same_cross	0	0	0	blind_posterior_reconstruction_geometry	830	0.126506024	0.197590361	0.0529411765	0.0325301205
chr15	chr18	blind_chrom_center_same_closer	0	0	0	blind_reconstruction_geometry	830	0.126506024	0.197590361	0.0529411765	0.0325301205
chr15	chr18	blind_chrom_homolog_vector_dot	0	0	0	blind_reconstruction_geometry	830	0.126506024	0.197590361	0.0529411765	0.0325301205
chr15	chr19	cis_selected_whole_chrom	0	0	0	cis_snp_truth_whole_chrom	390	0.602564103	0.733333333	0.871212121	0.294871795
chr15	chr19	pair_independent_4state_oracle	0	0	0	snp_truth_oracle	390	0.602564103	0.733333333	0.871212121	0.294871795
chr15	chr19	blind_geom_nearest_to_posterior_top	0	0	0	blind_posterior_reconstruction_geometry	390	0.602564103	0.733333333	0.871212121	0.294871795
chr15	chr19	blind_geom_nearest_gap_weighted	0	0	0	blind_posterior_reconstruction_geometry	390	0.602564103	0.733333333	0.871212121	0.294871795
chr15	chr19	blind_margin_geom_gap_weighted	0	0	0	blind_posterior_reconstruction_geometry	390	0.602564103	0.733333333	0.871212121	0.294871795
chr15	chr19	blind_pmax_geom_gap_weighted	0	0	0	blind_posterior_reconstruction_geometry	390	0.602564103	0.733333333	0.871212121	0.294871795
chr15	chr19	blind_same_cross_distance_sum	1	0	1	blind_posterior_reconstruction_geometry	390	0.151282051	0.271794872	0.0454545455	0.0153846154
chr15	chr19	blind_posterior_mass_same_cross	1	0	1	blind_posterior_reconstruction_geometry	390	0.151282051	0.271794872	0.0454545455	0.0153846154
chr15	chr19	blind_chrom_center_same_closer	1	0	1	blind_reconstruction_geometry	390	0.151282051	0.271794872	0.0454545455	0.0153846154
chr15	chr19	blind_chrom_homolog_vector_dot	1	0	1	blind_reconstruction_geometry	390	0.151282051	0.271794872	0.0454545455	0.0153846154
chr15	chrX	cis_selected_whole_chrom	0	0	0	cis_snp_truth_whole_chrom	257	0.190661479	0.513618677	0.04	0.00389105058
chr15	chrX	pair_independent_4state_oracle	3	1	1	snp_truth_oracle	257	0.322957198	0.513618677	0.6	0.0583657588
chr15	chrX	blind_geom_nearest_to_posterior_top	0	0	0	blind_posterior_reconstruction_geometry	257	0.190661479	0.513618677	0.04	0.00389105058
chr15	chrX	blind_geom_nearest_gap_weighted	0	0	0	blind_posterior_reconstruction_geometry	257	0.190661479	0.513618677	0.04	0.00389105058
chr15	chrX	blind_margin_geom_gap_weighted	0	0	0	blind_posterior_reconstruction_geometry	257	0.190661479	0.513618677	0.04	0.00389105058
chr15	chrX	blind_pmax_geom_gap_weighted	0	0	0	blind_posterior_reconstruction_geometry	257	0.190661479	0.513618677	0.04	0.00389105058
chr15	chrX	blind_same_cross_distance_sum	1	0	1	blind_posterior_reconstruction_geometry	257	0.256809339	0.486381323	0.2	0.0194552529
chr15	chrX	blind_posterior_mass_same_cross	1	0	1	blind_posterior_reconstruction_geometry	257	0.256809339	0.486381323	0.2	0.0194552529
chr15	chrX	blind_chrom_center_same_closer	1	0	1	blind_reconstruction_geometry	257	0.256809339	0.486381323	0.2	0.0194552529
chr15	chrX	blind_chrom_homolog_vector_dot	1	0	1	blind_reconstruction_geometry	257	0.256809339	0.486381323	0.2	0.0194552529
chr16	chr17	cis_selected_whole_chrom	0	0	0	cis_snp_truth_whole_chrom	310	0.241935484	0.519354839	0.111111111	0.0064516129
chr16	chr17	pair_independent_4state_oracle	1	0	1	snp_truth_oracle	310	0.287096774	0.480645161	0.722222222	0.0419354839
chr16	chr17	blind_geom_nearest_to_posterior_top	0	0	0	blind_posterior_reconstruction_geometry	310	0.241935484	0.519354839	0.111111111	0.0064516129
chr16	chr17	blind_geom_nearest_gap_weighted	0	0	0	blind_posterior_reconstruction_geometry	310	0.241935484	0.519354839	0.111111111	0.0064516129
chr16	chr17	blind_margin_geom_gap_weighted	0	0	0	blind_posterior_reconstruction_geometry	310	0.241935484	0.519354839	0.111111111	0.0064516129
chr16	chr17	blind_pmax_geom_gap_weighted	0	0	0	blind_posterior_reconstruction_geometry	310	0.241935484	0.519354839	0.111111111	0.0064516129
chr16	chr17	blind_same_cross_distance_sum	1	0	1	blind_posterior_reconstruction_geometry	310	0.287096774	0.480645161	0.722222222	0.0419354839
chr16	chr17	blind_posterior_mass_same_cross	0	0	0	blind_posterior_reconstruction_geometry	310	0.241935484	0.519354839	0.111111111	0.0064516129
chr16	chr17	blind_chrom_center_same_closer	1	0	1	blind_reconstruction_geometry	310	0.287096774	0.480645161	0.722222222	0.0419354839
chr16	chr17	blind_chrom_homolog_vector_dot	1	0	1	blind_reconstruction_geometry	310	0.287096774	0.480645161	0.722222222	0.0419354839
chr16	chr18	cis_selected_whole_chrom	0	0	0	cis_snp_truth_whole_chrom	1135	0.72246696	0.814096916	0.950715421	0.526872247
chr16	chr18	pair_independent_4state_oracle	0	0	0	snp_truth_oracle	1135	0.72246696	0.814096916	0.950715421	0.526872247
chr16	chr18	blind_geom_nearest_to_posterior_top	0	0	0	blind_posterior_reconstruction_geometry	1135	0.72246696	0.814096916	0.950715421	0.526872247
chr16	chr18	blind_geom_nearest_gap_weighted	0	0	0	blind_posterior_reconstruction_geometry	1135	0.72246696	0.814096916	0.950715421	0.526872247
chr16	chr18	blind_margin_geom_gap_weighted	0	0	0	blind_posterior_reconstruction_geometry	1135	0.72246696	0.814096916	0.950715421	0.526872247
chr16	chr18	blind_pmax_geom_gap_weighted	0	0	0	blind_posterior_reconstruction_geometry	1135	0.72246696	0.814096916	0.950715421	0.526872247
chr16	chr18	blind_same_cross_distance_sum	1	0	1	blind_posterior_reconstruction_geometry	1135	0.0810572687	0.185903084	0.0238473768	0.013215859
chr16	chr18	blind_posterior_mass_same_cross	1	0	1	blind_posterior_reconstruction_geometry	1135	0.0810572687	0.185903084	0.0238473768	0.013215859
chr16	chr18	blind_chrom_center_same_closer	1	0	1	blind_reconstruction_geometry	1135	0.0810572687	0.185903084	0.0238473768	0.013215859
chr16	chr18	blind_chrom_homolog_vector_dot	1	0	1	blind_reconstruction_geometry	1135	0.0810572687	0.185903084	0.0238473768	0.013215859
chr16	chr19	cis_selected_whole_chrom	0	0	0	cis_snp_truth_whole_chrom	534	0.475655431	0.664794007	0.736842105	0.235955056
chr16	chr19	pair_independent_4state_oracle	0	0	0	snp_truth_oracle	534	0.475655431	0.664794007	0.736842105	0.235955056
chr16	chr19	blind_geom_nearest_to_posterior_top	0	0	0	blind_posterior_reconstruction_geometry	534	0.475655431	0.664794007	0.736842105	0.235955056
chr16	chr19	blind_geom_nearest_gap_weighted	0	0	0	blind_posterior_reconstruction_geometry	534	0.475655431	0.664794007	0.736842105	0.235955056
chr16	chr19	blind_margin_geom_gap_weighted	0	0	0	blind_posterior_reconstruction_geometry	534	0.475655431	0.664794007	0.736842105	0.235955056
chr16	chr19	blind_pmax_geom_gap_weighted	0	0	0	blind_posterior_reconstruction_geometry	534	0.475655431	0.664794007	0.736842105	0.235955056
chr16	chr19	blind_same_cross_distance_sum	0	0	0	blind_posterior_reconstruction_geometry	534	0.475655431	0.664794007	0.736842105	0.235955056
chr16	chr19	blind_posterior_mass_same_cross	0	0	0	blind_posterior_reconstruction_geometry	534	0.475655431	0.664794007	0.736842105	0.235955056
chr16	chr19	blind_chrom_center_same_closer	1	0	1	blind_reconstruction_geometry	534	0.123595506	0.335205993	0.0935672515	0.0299625468
chr16	chr19	blind_chrom_homolog_vector_dot	1	0	1	blind_reconstruction_geometry	534	0.123595506	0.335205993	0.0935672515	0.0299625468
chr16	chrX	cis_selected_whole_chrom	0	0	0	cis_snp_truth_whole_chrom	222	0.265765766	0.5	0.176470588	0.027027027
chr16	chrX	pair_independent_4state_oracle	1	0	1	snp_truth_oracle	222	0.301801802	0.5	0.264705882	0.0405405405
chr16	chrX	blind_geom_nearest_to_posterior_top	0	0	0	blind_posterior_reconstruction_geometry	222	0.265765766	0.5	0.176470588	0.027027027
chr16	chrX	blind_geom_nearest_gap_weighted	0	0	0	blind_posterior_reconstruction_geometry	222	0.265765766	0.5	0.176470588	0.027027027
chr16	chrX	blind_margin_geom_gap_weighted	0	0	0	blind_posterior_reconstruction_geometry	222	0.265765766	0.5	0.176470588	0.027027027
chr16	chrX	blind_pmax_geom_gap_weighted	0	0	0	blind_posterior_reconstruction_geometry	222	0.265765766	0.5	0.176470588	0.027027027
chr16	chrX	blind_same_cross_distance_sum	0	0	0	blind_posterior_reconstruction_geometry	222	0.265765766	0.5	0.176470588	0.027027027
chr16	chrX	blind_posterior_mass_same_cross	0	0	0	blind_posterior_reconstruction_geometry	222	0.265765766	0.5	0.176470588	0.027027027
chr16	chrX	blind_chrom_center_same_closer	0	0	0	blind_reconstruction_geometry	222	0.265765766	0.5	0.176470588	0.027027027
chr16	chrX	blind_chrom_homolog_vector_dot	0	0	0	blind_reconstruction_geometry	222	0.265765766	0.5	0.176470588	0.027027027
chr17	chr18	cis_selected_whole_chrom	0	0	0	cis_snp_truth_whole_chrom	282	0.280141844	0.54964539	NA	0
chr17	chr18	pair_independent_4state_oracle	0	0	0	snp_truth_oracle	282	0.280141844	0.54964539	NA	0
chr17	chr18	blind_geom_nearest_to_posterior_top	0	0	0	blind_posterior_reconstruction_geometry	282	0.280141844	0.54964539	NA	0
chr17	chr18	blind_geom_nearest_gap_weighted	0	0	0	blind_posterior_reconstruction_geometry	282	0.280141844	0.54964539	NA	0
chr17	chr18	blind_margin_geom_gap_weighted	0	0	0	blind_posterior_reconstruction_geometry	282	0.280141844	0.54964539	NA	0
chr17	chr18	blind_pmax_geom_gap_weighted	0	0	0	blind_posterior_reconstruction_geometry	282	0.280141844	0.54964539	NA	0
chr17	chr18	blind_same_cross_distance_sum	1	0	1	blind_posterior_reconstruction_geometry	282	0.226950355	0.45035461	NA	0
chr17	chr18	blind_posterior_mass_same_cross	1	0	1	blind_posterior_reconstruction_geometry	282	0.226950355	0.45035461	NA	0
chr17	chr18	blind_chrom_center_same_closer	1	0	1	blind_reconstruction_geometry	282	0.226950355	0.45035461	NA	0
chr17	chr18	blind_chrom_homolog_vector_dot	1	0	1	blind_reconstruction_geometry	282	0.226950355	0.45035461	NA	0
chr17	chr19	cis_selected_whole_chrom	0	0	0	cis_snp_truth_whole_chrom	426	0.396713615	0.730046948	0.372727273	0.0962441315
chr17	chr19	pair_independent_4state_oracle	0	0	0	snp_truth_oracle	426	0.396713615	0.730046948	0.372727273	0.0962441315
chr17	chr19	blind_geom_nearest_to_posterior_top	0	0	0	blind_posterior_reconstruction_geometry	426	0.396713615	0.730046948	0.372727273	0.0962441315
chr17	chr19	blind_geom_nearest_gap_weighted	0	0	0	blind_posterior_reconstruction_geometry	426	0.396713615	0.730046948	0.372727273	0.0962441315
chr17	chr19	blind_margin_geom_gap_weighted	0	0	0	blind_posterior_reconstruction_geometry	426	0.396713615	0.730046948	0.372727273	0.0962441315
chr17	chr19	blind_pmax_geom_gap_weighted	0	0	0	blind_posterior_reconstruction_geometry	426	0.396713615	0.730046948	0.372727273	0.0962441315
chr17	chr19	blind_same_cross_distance_sum	0	0	0	blind_posterior_reconstruction_geometry	426	0.396713615	0.730046948	0.372727273	0.0962441315
chr17	chr19	blind_posterior_mass_same_cross	0	0	0	blind_posterior_reconstruction_geometry	426	0.396713615	0.730046948	0.372727273	0.0962441315
chr17	chr19	blind_chrom_center_same_closer	0	0	0	blind_reconstruction_geometry	426	0.396713615	0.730046948	0.372727273	0.0962441315
chr17	chr19	blind_chrom_homolog_vector_dot	0	0	0	blind_reconstruction_geometry	426	0.396713615	0.730046948	0.372727273	0.0962441315
chr17	chrX	cis_selected_whole_chrom	0	0	0	cis_snp_truth_whole_chrom	550	0.601818182	0.743636364	0.916666667	0.44
chr17	chrX	pair_independent_4state_oracle	0	0	0	snp_truth_oracle	550	0.601818182	0.743636364	0.916666667	0.44
chr17	chrX	blind_geom_nearest_to_posterior_top	0	0	0	blind_posterior_reconstruction_geometry	550	0.601818182	0.743636364	0.916666667	0.44
chr17	chrX	blind_geom_nearest_gap_weighted	0	0	0	blind_posterior_reconstruction_geometry	550	0.601818182	0.743636364	0.916666667	0.44
chr17	chrX	blind_margin_geom_gap_weighted	0	0	0	blind_posterior_reconstruction_geometry	550	0.601818182	0.743636364	0.916666667	0.44
chr17	chrX	blind_pmax_geom_gap_weighted	0	0	0	blind_posterior_reconstruction_geometry	550	0.601818182	0.743636364	0.916666667	0.44
chr17	chrX	blind_same_cross_distance_sum	1	0	1	blind_posterior_reconstruction_geometry	550	0.150909091	0.256363636	0.0378787879	0.0181818182
chr17	chrX	blind_posterior_mass_same_cross	1	0	1	blind_posterior_reconstruction_geometry	550	0.150909091	0.256363636	0.0378787879	0.0181818182
chr17	chrX	blind_chrom_center_same_closer	1	0	1	blind_reconstruction_geometry	550	0.150909091	0.256363636	0.0378787879	0.0181818182
chr17	chrX	blind_chrom_homolog_vector_dot	1	0	1	blind_reconstruction_geometry	550	0.150909091	0.256363636	0.0378787879	0.0181818182
chr18	chr19	cis_selected_whole_chrom	0	0	0	cis_snp_truth_whole_chrom	450	0.544444444	0.64	0.826923077	0.191111111
chr18	chr19	pair_independent_4state_oracle	0	0	0	snp_truth_oracle	450	0.544444444	0.64	0.826923077	0.191111111
chr18	chr19	blind_geom_nearest_to_posterior_top	0	0	0	blind_posterior_reconstruction_geometry	450	0.544444444	0.64	0.826923077	0.191111111
chr18	chr19	blind_geom_nearest_gap_weighted	0	0	0	blind_posterior_reconstruction_geometry	450	0.544444444	0.64	0.826923077	0.191111111
chr18	chr19	blind_margin_geom_gap_weighted	0	0	0	blind_posterior_reconstruction_geometry	450	0.544444444	0.64	0.826923077	0.191111111
chr18	chr19	blind_pmax_geom_gap_weighted	0	0	0	blind_posterior_reconstruction_geometry	450	0.544444444	0.64	0.826923077	0.191111111
chr18	chr19	blind_same_cross_distance_sum	0	0	0	blind_posterior_reconstruction_geometry	450	0.544444444	0.64	0.826923077	0.191111111
chr18	chr19	blind_posterior_mass_same_cross	0	0	0	blind_posterior_reconstruction_geometry	450	0.544444444	0.64	0.826923077	0.191111111
chr18	chr19	blind_chrom_center_same_closer	0	0	0	blind_reconstruction_geometry	450	0.544444444	0.64	0.826923077	0.191111111
chr18	chr19	blind_chrom_homolog_vector_dot	0	0	0	blind_reconstruction_geometry	450	0.544444444	0.64	0.826923077	0.191111111
chr18	chrX	cis_selected_whole_chrom	0	0	0	cis_snp_truth_whole_chrom	209	0.267942584	0.468899522	0.25	0.00956937799
chr18	chrX	pair_independent_4state_oracle	1	0	1	snp_truth_oracle	209	0.306220096	0.531100478	0	0
chr18	chrX	blind_geom_nearest_to_posterior_top	0	0	0	blind_posterior_reconstruction_geometry	209	0.267942584	0.468899522	0.25	0.00956937799
chr18	chrX	blind_geom_nearest_gap_weighted	0	0	0	blind_posterior_reconstruction_geometry	209	0.267942584	0.468899522	0.25	0.00956937799
chr18	chrX	blind_margin_geom_gap_weighted	0	0	0	blind_posterior_reconstruction_geometry	209	0.267942584	0.468899522	0.25	0.00956937799
chr18	chrX	blind_pmax_geom_gap_weighted	0	0	0	blind_posterior_reconstruction_geometry	209	0.267942584	0.468899522	0.25	0.00956937799
chr18	chrX	blind_same_cross_distance_sum	1	0	1	blind_posterior_reconstruction_geometry	209	0.306220096	0.531100478	0	0
chr18	chrX	blind_posterior_mass_same_cross	1	0	1	blind_posterior_reconstruction_geometry	209	0.306220096	0.531100478	0	0
chr18	chrX	blind_chrom_center_same_closer	1	0	1	blind_reconstruction_geometry	209	0.306220096	0.531100478	0	0
chr18	chrX	blind_chrom_homolog_vector_dot	1	0	1	blind_reconstruction_geometry	209	0.306220096	0.531100478	0	0
chr19	chrX	cis_selected_whole_chrom	0	0	0	cis_snp_truth_whole_chrom	143	0.258741259	0.622377622	0	0
chr19	chrX	pair_independent_4state_oracle	3	1	1	snp_truth_oracle	143	0.363636364	0.622377622	1	0.013986014
chr19	chrX	blind_geom_nearest_to_posterior_top	0	0	0	blind_posterior_reconstruction_geometry	143	0.258741259	0.622377622	0	0
chr19	chrX	blind_geom_nearest_gap_weighted	0	0	0	blind_posterior_reconstruction_geometry	143	0.258741259	0.622377622	0	0
chr19	chrX	blind_margin_geom_gap_weighted	0	0	0	blind_posterior_reconstruction_geometry	143	0.258741259	0.622377622	0	0
chr19	chrX	blind_pmax_geom_gap_weighted	0	0	0	blind_posterior_reconstruction_geometry	143	0.258741259	0.622377622	0	0
chr19	chrX	blind_same_cross_distance_sum	1	0	1	blind_posterior_reconstruction_geometry	143	0.167832168	0.377622378	0	0
chr19	chrX	blind_posterior_mass_same_cross	1	0	1	blind_posterior_reconstruction_geometry	143	0.167832168	0.377622378	0	0
chr19	chrX	blind_chrom_center_same_closer	1	0	1	blind_reconstruction_geometry	143	0.167832168	0.377622378	0	0
chr19	chrX	blind_chrom_homolog_vector_dot	1	0	1	blind_reconstruction_geometry	143	0.167832168	0.377622378	0	0
