chr1	start1	chr2	start2	n_contacts	truth_top_state	truth_top_count	posterior_top_state	posterior_pmax	posterior_margin	whole_chrom_pred_state	whole_chrom_correct_contacts	chr_pair_oracle_correct_contacts	nearest_geometry_state	nearest_geometry_correct_contacts	same_cross_correct_contacts	truth_state_distance_rank	posterior_top1_distance_rank	posterior_top1_distance_gap	nearest_geometry_state	best_relative_flip_chr2
chr1	9000000	chr11	87000000	4	10	4	10	0.6103459	NA	10	4	0	10	4	4	1	1	3.41855798	10	1
chr1	9000000	chr11	88000000	2	10	2	10	0.689511538	NA	10	2	0	10	2	2	1	1	3.57766225	10	1
chr1	10000000	chr11	7000000	3	00	3	00	0.643878043	NA	00	3	0	00	3	3	1	1	2.05630697	00	1
chr1	11000000	chr11	8000000	5	00	5	00	0.995551109	NA	00	5	0	00	5	5	1	1	3.61182037	00	1
chr1	11000000	chr11	7000000	9	00	9	00	0.992937982	NA	00	9	0	00	9	9	1	1	3.39396831	00	1
chr1	11000000	chr11	44000000	3	00	3	00	0.97309643	NA	00	3	0	00	3	3	1	1	3.74126888	00	1
chr1	11000000	chr11	43000000	1	00	1	00	0.988973081	NA	00	1	0	00	1	1	1	1	4.19064069	00	1
chr1	12000000	chr11	44000000	2	00	2	00	0.699942052	NA	00	2	0	00	2	2	1	1	3.53281612	00	1
chr1	13000000	chr11	4000000	3	00	3	00	0.959243476	NA	00	3	0	00	3	3	1	1	2.68629757	00	1
chr1	16000000	chr11	4000000	1	00	1	00	0.836143017	NA	00	1	0	00	1	1	1	1	2.44223722	00	1
chr1	16000000	chr11	44000000	1	00	1	00	0.905443013	NA	00	1	0	00	1	1	1	1	3.16060429	00	1
chr1	16000000	chr11	13000000	2	00	2	00	0.875630558	NA	00	2	0	00	2	2	1	1	2.24198287	00	1
chr1	16000000	chr11	43000000	1	00	1	00	0.929112971	NA	00	1	0	00	1	1	1	1	3.68708333	00	1
chr1	17000000	chr11	44000000	7	00	7	00	0.990139425	NA	00	7	0	00	7	7	1	1	3.52945689	00	1
chr1	17000000	chr11	13000000	11	00	11	00	0.993191659	NA	00	11	0	00	11	11	1	1	2.85443633	00	1
chr1	17000000	chr11	11000000	5	00	5	00	0.976273537	NA	00	5	0	00	5	5	1	1	2.69446192	00	1
chr1	17000000	chr11	14000000	4	00	4	00	0.973085046	NA	00	4	0	00	4	4	1	1	2.99083826	00	1
chr1	17000000	chr11	43000000	1	00	1	00	0.978192151	NA	00	1	0	00	1	1	1	1	4.05023374	00	1
chr1	17000000	chr11	12000000	4	00	4	00	0.926009178	NA	00	4	0	00	4	4	1	1	3.21361974	00	1
chr1	17000000	chr11	9000000	1	00	1	00	0.659079254	NA	00	1	0	00	1	1	1	1	2.64742315	00	1
chr1	17000000	chr11	8000000	1	00	1	00	0.806028605	NA	00	1	0	00	1	1	1	1	2.8135711	00	1
chr1	57000000	chr11	4000000	8	00	8	01	0.647283018	NA	01	0	8	01	0	0	2	1	0.64309126	01	1
chr1	58000000	chr11	4000000	6	00	5	00	0.601148427	NA	00	5	1	00	5	5	1	1	0.404641617	00	1
chr1	58000000	chr11	60000000	2	00	2	00	0.608922958	NA	00	2	0	00	2	2	1	1	0.752348641	00	1
chr1	58000000	chr11	61000000	9	00	9	00	0.822295249	NA	00	9	0	00	9	9	1	1	1.12706493	00	1
chr1	59000000	chr11	60000000	2	00	2	00	0.564097762	NA	00	2	0	00	2	2	1	1	0.327676916	00	1
chr1	59000000	chr11	61000000	8	00	8	00	0.714497387	NA	00	8	0	00	8	8	1	1	0.654418973	00	1
chr1	68000000	chr11	15000000	3	00	3	00	0.508321166	NA	00	3	0	00	3	3	1	1	0.270359616	00	1
chr1	68000000	chr11	14000000	9	00	9	00	0.560884953	NA	00	9	0	00	9	9	1	1	0.422804066	00	1
chr1	72000000	chr11	14000000	4	00	4	01	0.800435245	NA	01	0	4	01	0	0	2	1	1.34458662	01	1
chr1	73000000	chr11	14000000	4	00	3	01	0.800725222	NA	01	0	3	01	0	1	2	1	1.48063202	01	1
chr1	73000000	chr11	18000000	2	00	2	01	0.632137895	NA	01	0	2	01	0	0	2	1	1.65547385	01	1
chr1	73000000	chr11	19000000	1	00	1	01	0.645475149	NA	01	0	1	01	0	0	2	1	2.39182767	01	1
chr1	74000000	chr11	5000000	4	00	3	01	0.996978879	NA	01	0	3	01	0	0	2	1	2.45517159	01	1
chr1	74000000	chr11	16000000	1	00	1	01	0.685820758	NA	01	0	1	01	0	0	2	1	3.16396223	01	1
chr1	74000000	chr11	14000000	1	00	1	01	0.992699921	NA	01	0	1	01	0	0	2	1	2.64466681	01	1
chr1	74000000	chr11	18000000	4	00	4	01	0.987686932	NA	01	0	4	01	0	0	2	1	3.01910644	01	1
chr1	74000000	chr11	19000000	1	00	1	01	0.807257116	NA	01	0	1	01	0	0	2	1	3.21510355	01	1
chr1	74000000	chr11	3000000	8	00	8	01	0.999380708	NA	01	0	8	01	0	0	2	1	2.62006428	01	1
chr1	74000000	chr11	4000000	14	00	14	01	0.995928228	NA	01	0	14	01	0	0	2	1	2.1449493	01	1
chr1	74000000	chr11	62000000	2	00	1	01	0.564223766	NA	01	0	1	01	0	0	2	1	1.95262046	01	1
chr1	74000000	chr11	15000000	2	00	1	01	0.942721367	NA	01	0	1	01	0	1	2	1	2.98188323	01	1
chr1	75000000	chr11	4000000	3	00	3	01	0.852250695	NA	01	0	3	01	0	0	2	1	1.24473335	01	1
chr1	77000000	chr11	4000000	3	00	3	01	0.82234025	NA	01	0	3	01	0	0	2	1	1.00496901	01	1
chr1	123000000	chr11	14000000	1	00	1	01	0.874290526	NA	01	0	1	01	0	0	2	1	2.38454791	01	1
chr1	123000000	chr11	18000000	3	00	3	01	0.940161169	NA	01	0	3	01	0	0	2	1	2.45004342	01	1
chr1	124000000	chr11	14000000	10	00	10	01	0.992160141	NA	01	0	10	01	0	0	2	1	3.07140406	01	1
chr1	124000000	chr11	15000000	4	00	4	01	0.922846377	NA	01	0	4	01	0	0	2	1	3.50327192	01	1
chr1	155000000	chr11	118000000	4	00	4	01	0.543422282	NA	01	0	4	01	0	0	2	1	0.685727304	01	1
chr1	156000000	chr11	118000000	33	00	33	01	0.985785544	NA	01	0	33	01	0	0	2	1	2.8465416	01	1
chr1	156000000	chr11	119000000	12	00	12	01	0.905741096	NA	01	0	12	01	0	0	2	1	2.74201908	01	1
chr1	157000000	chr11	118000000	7	00	7	01	0.980935574	NA	01	0	7	01	0	0	3	1	3.86922318	01	1
chr1	157000000	chr11	119000000	1	00	1	01	0.896790862	NA	01	0	1	01	0	0	3	1	3.74196855	01	1
chr1	162000000	chr11	20000000	1	01	1	01	0.753387213	NA	01	1	0	01	1	1	1	1	2.492833	01	1
chr1	162000000	chr11	18000000	3	00	3	01	0.884326756	NA	01	0	3	01	0	0	2	1	2.4438242	01	1
chr1	162000000	chr11	46000000	1	00	1	01	0.411956191	NA	01	0	1	01	0	0	2	1	0.347900781	01	1
chr1	162000000	chr11	19000000	11	00	11	01	0.99505049	NA	01	0	11	01	0	0	2	1	3.36976634	01	1
chr1	163000000	chr11	19000000	2	00	2	01	0.947737634	NA	01	0	2	01	0	0	2	1	3.42406406	01	1
chr1	171000000	chr11	33000000	2	00	2	01	0.994621396	NA	01	0	2	01	0	0	3	1	4.27342557	01	1
chr1	171000000	chr11	32000000	1	00	1	01	0.972788393	NA	01	0	1	01	0	0	3	1	3.92083503	01	1
chr1	171000000	chr11	50000000	1	11	1	01	0.575323761	NA	01	0	0	01	0	0	4	1	2.60949812	01	1
chr1	172000000	chr11	32000000	1	00	1	01	0.910925269	NA	01	0	1	01	0	0	3	1	3.63847696	01	1
chr1	172000000	chr11	33000000	3	00	1	01	0.97811389	NA	01	1	1	01	1	1	3	1	4.00631378	01	1
chr1	174000000	chr11	32000000	4	00	4	01	0.981410563	NA	01	0	4	01	0	0	3	1	3.8542667	01	1
chr1	174000000	chr11	39000000	3	00	3	01	0.900734782	NA	01	0	3	01	0	0	3	1	3.386075	01	1
chr1	174000000	chr11	46000000	1	00	1	01	0.838214457	NA	01	0	1	01	0	0	3	1	2.4858775	01	1
chr1	174000000	chr11	33000000	2	00	2	01	0.862723887	NA	01	0	2	01	0	0	3	1	4.17246309	01	1
chr1	9000000	chr12	9000000	2	01	2	10	0.932934463	NA	10	0	0	10	0	2	4	1	2.66578709	10	0
chr1	10000000	chr12	9000000	17	01	17	10	0.975639522	NA	10	0	0	10	0	17	4	1	2.62119367	10	0
chr1	10000000	chr12	10000000	3	01	3	10	0.79488492	NA	10	0	0	10	0	3	4	1	2.7740033	10	0
chr1	12000000	chr12	9000000	4	01	4	10	0.899799645	NA	10	0	0	10	0	4	4	1	2.53254082	10	0
chr1	6000000	chr13	8000000	2	01	2	11	0.327441216	NA	11	0	0	11	0	0	3	1	3.13306167	11	0
chr1	23000000	chr13	8000000	4	01	4	11	0.928129017	NA	11	0	0	11	0	0	3	1	2.58413119	11	0
chr1	23000000	chr13	9000000	2	01	1	11	0.691839278	NA	11	1	1	11	1	1	3	1	2.48547435	11	0
chr1	24000000	chr13	8000000	5	01	5	11	0.837145746	NA	11	0	0	11	0	0	2	1	2.99998014	11	0
chr1	3000000	chr15	50000000	3	10	3	01	0.89840591	NA	01	0	0	01	0	3	3	1	4.91478062	01	1
chr1	3000000	chr15	51000000	2	10	2	01	0.821335733	NA	01	0	0	01	0	2	2	1	5.56778432	01	1
chr1	3000000	chr15	8000000	3	10	3	01	0.484663814	NA	01	0	0	01	0	3	2	1	1.80631708	01	1
chr1	23000000	chr15	55000000	2	10	2	01	0.937809229	NA	01	0	0	01	0	2	2	1	5.99139325	01	1
chr1	23000000	chr15	57000000	4	10	4	01	0.980787039	NA	01	0	0	01	0	4	3	1	6.0326295	01	1
chr1	23000000	chr15	54000000	2	10	2	01	0.87660557	NA	01	0	0	01	0	2	2	1	5.60562036	01	1
chr1	24000000	chr15	57000000	2	10	2	01	0.965654969	NA	01	0	0	01	0	2	3	1	5.31673925	01	1
chr1	24000000	chr15	55000000	4	10	3	01	0.704441309	NA	01	0	1	01	0	3	2	1	5.38671987	01	1
chr1	32000000	chr15	55000000	1	10	1	01	0.976438224	NA	01	0	0	01	0	1	2	1	5.4067699	01	1
chr1	33000000	chr15	58000000	2	10	2	01	0.899026155	NA	01	0	0	01	0	2	2	1	5.75471409	01	1
chr1	34000000	chr15	58000000	2	10	2	01	0.978121638	NA	01	0	0	01	0	2	2	1	6.33483927	01	1
chr1	36000000	chr15	57000000	3	10	3	01	0.964224219	NA	01	0	0	01	0	3	2	1	5.53822702	01	1
chr1	36000000	chr15	54000000	1	10	1	01	0.835012138	NA	01	0	0	01	0	1	2	1	5.30951818	01	1
chr1	36000000	chr15	55000000	1	10	1	01	0.993081748	NA	01	0	0	01	0	1	2	1	5.59677446	01	1
chr1	38000000	chr15	55000000	2	10	2	01	0.985949099	NA	01	0	0	01	0	2	2	1	5.40555961	01	1
chr1	66000000	chr15	55000000	5	10	5	01	0.999711335	NA	01	0	0	01	0	5	2	1	4.59356148	01	1
chr1	67000000	chr15	54000000	4	10	4	01	0.999998212	NA	01	0	0	01	0	4	2	1	6.25392822	01	1
chr1	67000000	chr15	55000000	7	10	7	01	1	NA	01	0	0	01	0	7	3	1	6.53220908	01	1
chr1	67000000	chr15	30000000	6	10	6	01	0.82668376	NA	01	0	0	01	0	6	2	1	1.09414257	01	1
chr1	67000000	chr15	57000000	4	10	4	01	0.999991298	NA	01	0	0	01	0	4	3	1	6.34279916	01	1
chr1	67000000	chr15	58000000	5	10	5	01	0.999988317	NA	01	0	0	01	0	5	3	1	6.54003507	01	1
chr1	68000000	chr15	57000000	3	10	3	01	0.999990463	NA	01	0	0	01	0	3	3	1	6.93736894	01	1
chr1	68000000	chr15	30000000	2	10	2	01	0.607824922	NA	01	0	0	01	0	2	2	1	1.33743029	01	1
chr1	68000000	chr15	58000000	2	10	2	01	0.999999642	NA	01	0	0	01	0	2	2	1	6.83862531	01	1
chr1	70000000	chr15	58000000	5	10	5	01	0.999998689	NA	01	0	0	01	0	5	2	1	7.17848951	01	1
chr1	71000000	chr15	58000000	1	10	1	01	0.98482275	NA	01	0	0	01	0	1	3	1	6.64021901	01	1
chr1	73000000	chr15	53000000	1	10	1	01	0.999943614	NA	01	0	0	01	0	1	2	1	6.71110903	01	1
chr1	73000000	chr15	58000000	12	10	12	01	1	NA	01	0	0	01	0	12	2	1	6.67629409	01	1
chr1	73000000	chr15	54000000	1	10	1	01	0.999870539	NA	01	0	0	01	0	1	2	1	5.9977482	01	1
chr1	74000000	chr15	58000000	6	10	6	01	1	NA	01	0	0	01	0	6	2	1	6.5167683	01	1
chr1	74000000	chr15	59000000	4	10	4	01	1	NA	01	0	0	01	0	4	2	1	6.89483674	01	1
chr1	74000000	chr15	31000000	4	10	4	01	0.976893365	NA	01	0	0	01	0	4	2	1	2.83821156	01	1
chr1	74000000	chr15	30000000	1	10	1	01	0.722196341	NA	01	0	0	01	0	1	2	1	2.67839999	01	1
chr1	74000000	chr15	35000000	8	10	8	01	0.982168198	NA	01	0	0	01	0	8	2	1	3.27078257	01	1
chr1	74000000	chr15	56000000	3	10	3	01	0.999974489	NA	01	0	0	01	0	3	2	1	6.51678216	01	1
chr1	74000000	chr15	89000000	1	10	1	01	0.389398247	NA	01	0	0	01	0	1	2	1	4.01532255	01	1
chr1	75000000	chr15	59000000	3	10	2	01	0.999772966	NA	01	0	1	01	0	2	2	1	6.66089624	01	1
chr1	75000000	chr15	54000000	1	10	1	01	0.989561141	NA	01	0	0	01	0	1	2	1	6.09803196	01	1
chr1	75000000	chr15	35000000	3	10	3	01	0.882704437	NA	01	0	0	01	0	3	2	1	2.72265543	01	1
chr1	75000000	chr15	58000000	14	10	14	01	1	NA	01	0	0	01	0	14	2	1	6.86625607	01	1
chr1	75000000	chr15	51000000	4	10	4	01	0.999997735	NA	01	0	0	01	0	4	2	1	6.96664928	01	1
chr1	75000000	chr15	53000000	4	10	4	01	0.999997854	NA	01	0	0	01	0	4	2	1	7.08862514	01	1
chr1	75000000	chr15	52000000	1	10	1	01	0.999998927	NA	01	0	0	01	0	1	2	1	6.77278998	01	1
chr1	75000000	chr15	89000000	1	10	1	01	0.405841887	NA	01	0	0	01	0	1	2	1	3.4594781	01	1
chr1	76000000	chr15	51000000	2	10	2	01	0.999999762	NA	01	0	0	01	0	2	2	1	6.96964795	01	1
chr1	76000000	chr15	53000000	13	10	13	01	1	NA	01	0	0	01	0	13	2	1	7.27279747	01	1
chr1	76000000	chr15	52000000	1	10	1	01	1	NA	01	0	0	01	0	1	2	1	6.85819274	01	1
chr1	76000000	chr15	58000000	3	10	3	01	1	NA	01	0	0	01	0	3	2	1	7.03964463	01	1
chr1	76000000	chr15	54000000	2	10	2	01	0.99949944	NA	01	0	0	01	0	2	2	1	6.37800465	01	1
chr1	76000000	chr15	57000000	1	10	1	01	0.989695072	NA	01	0	0	01	0	1	3	1	6.31619812	01	1
chr1	76000000	chr15	56000000	1	10	1	01	0.991163969	NA	01	0	0	01	0	1	2	1	6.66904804	01	1
chr1	77000000	chr15	52000000	2	10	2	01	0.999998927	NA	01	0	0	01	0	2	2	1	6.59502152	01	1
chr1	77000000	chr15	53000000	2	10	2	01	1	NA	01	0	0	01	0	2	2	1	6.98063975	01	1
chr1	79000000	chr15	53000000	1	10	1	01	0.982365668	NA	01	0	0	01	0	1	2	1	5.74379465	01	1
chr1	83000000	chr15	57000000	1	10	1	01	0.999994755	NA	01	0	0	01	0	1	3	1	6.0639638	01	1
chr1	83000000	chr15	58000000	8	10	8	01	0.999999642	NA	01	0	0	01	0	8	2	1	6.294671	01	1
chr1	83000000	chr15	55000000	3	10	3	01	1	NA	01	0	0	01	0	3	2	1	6.1864614	01	1
chr1	83000000	chr15	53000000	2	10	2	01	0.996764779	NA	01	0	0	01	0	2	2	1	6.23978355	01	1
chr1	83000000	chr15	54000000	4	10	4	01	0.999999762	NA	01	0	0	01	0	4	2	1	5.92333811	01	1
chr1	83000000	chr15	30000000	1	10	1	01	0.739783347	NA	01	0	0	01	0	1	2	1	0.898529076	01	1
chr1	84000000	chr15	55000000	2	10	2	01	0.999988437	NA	01	0	0	01	0	2	2	1	5.87425198	01	1
chr1	84000000	chr15	30000000	3	10	3	01	0.625563741	NA	01	0	0	01	0	3	2	1	0.602998403	01	1
chr1	84000000	chr15	58000000	1	10	1	01	0.972115576	NA	01	0	0	01	0	1	2	1	5.81887388	01	1
chr1	6000000	chr17	9000000	1	10	1	10	0.972212911	NA	10	1	1	10	1	1	1	1	6.04332999	10	0
chr1	6000000	chr17	11000000	1	10	1	10	0.966918409	NA	10	1	1	10	1	1	1	1	5.91617603	10	0
chr1	7000000	chr17	11000000	7	10	7	10	0.99993813	NA	10	7	7	10	7	7	1	1	5.477546	10	0
chr1	7000000	chr17	10000000	1	10	1	10	0.967455924	NA	10	1	1	10	1	1	1	1	5.69501717	10	0
chr1	8000000	chr17	67000000	3	10	2	10	0.670174301	NA	10	2	2	10	2	2	1	1	5.35077092	10	0
chr1	8000000	chr17	52000000	3	10	3	10	0.9976179	NA	10	3	3	10	3	3	1	1	4.78017976	10	0
chr1	8000000	chr17	11000000	18	10	18	10	1	NA	10	18	18	10	18	18	1	1	5.97144695	10	0
chr1	8000000	chr17	9000000	4	10	4	10	0.999999046	NA	10	4	4	10	4	4	1	1	6.02250814	10	0
chr1	8000000	chr17	41000000	1	10	1	10	0.914054513	NA	10	1	1	10	1	1	1	1	5.43431399	10	0
chr1	8000000	chr17	12000000	2	10	2	10	0.982789457	NA	10	2	2	10	2	2	1	1	4.77667628	10	0
chr1	8000000	chr17	10000000	1	10	1	10	0.99990654	NA	10	1	1	10	1	1	1	1	6.01595255	10	0
chr1	9000000	chr17	11000000	16	10	16	10	0.999997973	NA	10	16	16	10	16	16	1	1	5.53339165	10	0
chr1	9000000	chr17	9000000	2	10	2	10	0.962565899	NA	10	2	2	10	2	2	1	1	5.5790026	10	0
chr1	9000000	chr17	68000000	2	10	2	10	0.966586947	NA	10	2	2	10	2	2	1	1	5.1953389	10	0
chr1	9000000	chr17	52000000	2	10	2	10	0.999227047	NA	10	2	2	10	2	2	1	1	4.73336498	10	0
chr1	9000000	chr17	10000000	1	10	1	10	0.990323186	NA	10	1	1	10	1	1	1	1	5.67000771	10	0
chr1	9000000	chr17	67000000	3	10	3	10	0.777234793	NA	10	3	3	10	3	3	1	1	5.12689826	10	0
chr1	9000000	chr17	12000000	12	10	12	10	0.999994993	NA	10	12	12	10	12	12	1	1	5.16670779	10	0
chr1	9000000	chr17	46000000	1	10	1	10	0.961604655	NA	10	1	1	10	1	1	1	1	4.64382283	10	0
chr1	10000000	chr17	12000000	13	10	13	10	0.999972343	NA	10	13	13	10	13	13	1	1	5.31550779	10	0
chr1	10000000	chr17	45000000	1	11	1	10	0.97837925	NA	10	0	0	10	0	0	3	1	4.51504964	10	0
chr1	10000000	chr17	46000000	2	10	2	10	0.999576747	NA	10	2	2	10	2	2	1	1	4.99838917	10	0
chr1	10000000	chr17	47000000	2	10	2	10	0.998479068	NA	10	2	2	10	2	2	1	1	4.98637671	10	0
chr1	11000000	chr17	12000000	7	10	7	10	0.999871135	NA	10	7	7	10	7	7	1	1	4.43748973	10	0
chr1	11000000	chr17	46000000	2	10	2	10	0.975277305	NA	10	2	2	10	2	2	1	1	4.07638495	10	0
chr1	12000000	chr17	46000000	16	10	16	10	0.999425411	NA	10	16	16	10	16	16	1	1	4.63650436	10	0
chr1	12000000	chr17	47000000	1	10	1	10	0.994859457	NA	10	1	1	10	1	1	1	1	4.63426381	10	0
chr1	12000000	chr17	28000000	3	10	3	10	0.799399078	NA	10	3	3	10	3	3	1	1	3.82319771	10	0
chr1	12000000	chr17	48000000	3	10	3	10	0.991779625	NA	10	3	3	10	3	3	1	1	4.3688536	10	0
chr1	12000000	chr17	12000000	2	10	2	10	0.998686373	NA	10	2	2	10	2	2	1	1	5.03650895	10	0
chr1	12000000	chr17	26000000	1	10	1	10	0.648575902	NA	10	1	1	10	1	1	1	1	4.28933146	10	0
chr1	12000000	chr17	25000000	1	10	1	10	0.854587674	NA	10	1	1	10	1	1	1	1	4.2482847	10	0
chr1	13000000	chr17	48000000	17	10	17	10	0.996606112	NA	10	17	17	10	17	17	1	1	3.30089647	10	0
chr1	13000000	chr17	47000000	10	10	10	10	0.994001448	NA	10	10	10	10	10	10	1	1	3.57271809	10	0
chr1	13000000	chr17	25000000	5	10	5	10	0.866318583	NA	10	5	5	10	5	5	1	1	3.22301193	10	0
chr1	13000000	chr17	28000000	2	10	2	10	0.771830976	NA	10	2	2	10	2	2	1	1	2.67069146	10	0
chr1	13000000	chr17	46000000	1	10	1	10	0.995954156	NA	10	1	1	10	1	1	1	1	3.50741758	10	0
chr1	24000000	chr17	45000000	1	10	1	10	0.67038399	NA	10	1	1	10	1	1	1	1	4.23409265	10	0
chr1	26000000	chr17	4000000	1	01	1	10	0.959948719	NA	10	0	0	10	0	1	4	1	5.17513414	10	0
chr1	35000000	chr17	11000000	1	10	1	10	0.884281576	NA	10	1	1	10	1	1	1	1	5.56848568	10	0
chr1	35000000	chr17	10000000	3	10	3	10	0.99892199	NA	10	3	3	10	3	3	1	1	5.88957995	10	0
chr1	35000000	chr17	12000000	3	10	3	10	0.997843623	NA	10	3	3	10	3	3	1	1	5.20472691	10	0
chr1	35000000	chr17	9000000	1	10	1	10	0.980149209	NA	10	1	1	10	1	1	1	1	5.7762398	10	0
chr1	36000000	chr17	66000000	1	10	1	10	0.412768245	NA	10	1	1	10	1	1	1	1	3.25984077	10	0
chr1	36000000	chr17	12000000	5	10	5	10	0.998106003	NA	10	5	5	10	5	5	1	1	4.78409483	10	0
chr1	36000000	chr17	46000000	5	10	5	10	0.509513915	NA	10	5	5	10	5	5	1	1	4.39856927	10	0
chr1	36000000	chr17	47000000	2	10	2	10	0.585596383	NA	10	2	2	10	2	2	1	1	4.51081159	10	0
chr1	37000000	chr17	24000000	1	10	1	10	0.513401389	NA	10	1	1	10	1	1	1	1	4.71059112	10	0
chr1	63000000	chr17	22000000	3	10	3	10	0.638958573	NA	10	3	3	10	3	3	1	1	4.55255158	10	0
chr1	66000000	chr17	46000000	1	10	1	10	0.851016462	NA	10	1	1	10	1	1	1	1	4.28456417	10	0
chr1	66000000	chr17	21000000	1	10	1	10	0.510468125	NA	10	1	1	10	1	1	1	1	4.3406476	10	0
chr1	74000000	chr17	45000000	7	10	6	10	0.967982173	NA	10	6	6	10	6	7	1	1	3.97533869	10	0
chr1	74000000	chr17	10000000	1	10	1	10	0.851037383	NA	10	1	1	10	1	1	1	1	6.04416436	10	0
chr1	75000000	chr17	58000000	1	10	1	10	0.418051034	NA	10	1	1	10	1	1	1	1	5.32722529	10	0
chr1	82000000	chr17	46000000	2	10	2	10	0.713582337	NA	10	2	2	10	2	2	1	1	4.78407103	10	0
chr1	82000000	chr17	47000000	1	10	1	10	0.804680884	NA	10	1	1	10	1	1	1	1	4.81798234	10	0
chr1	87000000	chr17	24000000	2	10	2	10	0.754475534	NA	10	2	2	10	2	2	1	1	4.41762798	10	0
chr1	90000000	chr17	24000000	3	10	3	10	0.802315176	NA	10	3	3	10	3	3	1	1	3.10450861	10	0
chr1	131000000	chr17	24000000	5	10	5	10	0.964105964	NA	10	5	5	10	5	5	1	1	4.63174855	10	0
chr1	132000000	chr17	24000000	2	10	2	10	0.610921681	NA	10	2	2	10	2	2	1	1	4.10794856	10	0
chr1	134000000	chr17	24000000	4	10	4	10	0.736260772	NA	10	4	4	10	4	4	1	1	4.63855526	10	0
chr1	135000000	chr17	28000000	5	10	5	10	0.723790288	NA	10	5	5	10	5	5	1	1	3.60782822	10	0
chr1	135000000	chr17	27000000	8	10	8	10	0.806904554	NA	10	8	8	10	8	8	1	1	3.7942457	10	0
chr1	34000000	chr2	4000000	1	01	1	01	0.435809076	NA	01	1	1	01	1	1	1	1	3.32094412	01	0
chr1	41000000	chr2	5000000	1	01	1	01	0.416257769	NA	01	1	1	01	1	1	1	1	3.8408985	01	0
chr1	59000000	chr2	25000000	3	01	3	01	0.757143319	NA	01	3	3	01	3	3	1	1	4.04218749	01	0
chr1	60000000	chr2	6000000	5	01	5	01	0.975288689	NA	01	5	5	01	5	5	1	1	4.50387513	01	0
chr1	60000000	chr2	5000000	15	01	15	01	0.999873042	NA	01	15	15	01	15	15	1	1	4.36652015	01	0
chr1	60000000	chr2	7000000	2	01	2	01	0.988184094	NA	01	2	2	01	2	2	1	1	4.81973007	01	0
chr1	61000000	chr2	5000000	8	01	8	01	0.996546209	NA	01	8	8	01	8	8	1	1	3.66756762	01	0
chr1	61000000	chr2	7000000	4	01	4	01	0.999577701	NA	01	4	4	01	4	4	1	1	4.93489614	01	0
chr1	61000000	chr2	6000000	1	01	1	01	0.99486059	NA	01	1	1	01	1	1	1	1	4.38544891	01	0
chr1	62000000	chr2	5000000	3	01	3	01	0.90923202	NA	01	3	3	01	3	3	1	1	3.53043432	01	0
chr1	63000000	chr2	7000000	5	01	5	01	0.999051392	NA	01	5	5	01	5	5	1	1	4.61849662	01	0
chr1	63000000	chr2	6000000	5	01	5	01	0.996961892	NA	01	5	5	01	5	5	1	1	4.07934701	01	0
chr1	155000000	chr2	26000000	1	01	1	01	0.438494146	NA	01	1	1	01	1	1	1	1	4.70240957	01	0
chr1	159000000	chr2	170000000	3	01	3	01	0.896380723	NA	01	3	3	01	3	3	1	1	6.06276911	01	0
chr1	159000000	chr2	169000000	2	01	2	01	0.984434068	NA	01	2	2	01	2	2	1	1	6.12948277	01	0
chr1	160000000	chr2	169000000	1	01	1	01	0.729020417	NA	01	1	1	01	1	1	1	1	5.80980038	01	0
chr1	183000000	chr2	129000000	3	01	3	01	0.966956973	NA	01	3	3	01	3	3	1	1	5.42110472	01	0
chr1	183000000	chr2	181000000	4	01	4	01	0.999964356	NA	01	4	4	01	4	4	1	1	4.46785388	01	0
chr1	184000000	chr2	170000000	1	01	1	01	0.885109901	NA	01	1	1	01	1	1	1	1	5.7856933	01	0
chr1	184000000	chr2	181000000	10	01	10	01	0.999995351	NA	01	10	10	01	10	10	1	1	4.54438126	01	0
chr1	184000000	chr2	169000000	1	01	1	01	0.881591439	NA	01	1	1	01	1	1	1	1	5.69359118	01	0
chr1	185000000	chr2	169000000	21	01	21	01	0.999991775	NA	01	21	21	01	21	21	1	1	5.898161	01	0
chr1	185000000	chr2	129000000	4	01	4	01	0.999643445	NA	01	4	4	01	4	4	1	1	5.49495091	01	0
chr1	185000000	chr2	170000000	5	01	5	01	0.997217894	NA	01	5	5	01	5	5	1	1	5.91853076	01	0
chr1	186000000	chr2	181000000	2	01	2	01	0.987745941	NA	01	2	2	01	2	2	1	1	4.57061592	01	0
chr1	190000000	chr2	181000000	1	01	1	01	0.998851895	NA	01	1	1	01	1	1	1	1	4.51737827	01	0
chr1	190000000	chr2	121000000	1	01	1	01	0.896326065	NA	01	1	1	01	1	1	1	1	5.22786994	01	0
chr1	191000000	chr2	121000000	20	01	20	01	0.999961257	NA	01	20	20	01	20	20	1	1	5.27766681	01	0
chr1	191000000	chr2	169000000	1	01	1	01	0.990377605	NA	01	1	1	01	1	1	1	1	5.78893255	01	0
chr1	191000000	chr2	181000000	2	01	2	01	0.999705493	NA	01	2	2	01	2	2	1	1	4.61327866	01	0
chr1	191000000	chr2	120000000	2	01	2	01	0.998695314	NA	01	2	2	01	2	2	1	1	5.15280452	01	0
chr1	191000000	chr2	129000000	2	01	2	01	0.995646536	NA	01	2	2	01	2	2	1	1	5.66379783	01	0
chr1	192000000	chr2	121000000	3	01	3	01	0.999736726	NA	01	3	3	01	3	3	1	1	5.21796825	01	0
chr1	192000000	chr2	181000000	14	01	14	01	0.999998927	NA	01	14	14	01	14	14	1	1	4.54587786	01	0
chr1	192000000	chr2	172000000	2	01	2	01	0.999692321	NA	01	2	2	01	2	2	1	1	5.44517395	01	0
chr1	192000000	chr2	173000000	1	01	1	01	0.953813791	NA	01	1	1	01	1	1	1	1	4.75641596	01	0
chr1	62000000	chr4	86000000	4	00	4	11	0.51755178	NA	11	0	0	11	0	4	2	1	1.44025154	11	0
chr1	63000000	chr4	86000000	1	00	1	11	0.58845067	NA	11	0	0	11	0	1	2	1	1.19000567	11	0
chr1	63000000	chr4	122000000	5	00	5	00	0.730769992	NA	00	5	5	00	5	5	1	1	1.31955628	00	0
chr1	63000000	chr4	88000000	1	00	1	11	0.36100474	NA	11	0	0	11	0	1	2	1	0.530626775	11	0
chr1	79000000	chr4	155000000	1	00	1	11	0.25	NA	00	1	1	00	1	1	1	2	0.634686531	00	0
chr1	90000000	chr4	44000000	9	00	9	11	0.403252244	NA	11	0	0	11	0	9	2	1	0.0957518202	11	0
chr1	90000000	chr4	86000000	2	00	2	11	0.355332106	NA	11	0	0	11	0	2	2	1	0.113968189	11	0
chr1	90000000	chr4	43000000	1	11	1	11	0.369765222	NA	11	1	1	11	1	1	1	1	0.639052328	11	0
chr1	91000000	chr4	43000000	1	00	1	11	0.473682106	NA	11	0	0	11	0	1	2	1	0.774481971	11	0
chr1	91000000	chr4	44000000	2	00	2	11	0.396086037	NA	11	0	0	11	0	2	2	1	0.454892175	11	0
chr1	91000000	chr4	117000000	2	00	2	00	0.612357497	NA	00	2	2	00	2	2	1	1	0.97849456	00	0
chr1	93000000	chr4	26000000	3	00	3	00	0.573916078	NA	00	3	3	00	3	3	1	1	1.7978686	00	0
chr1	97000000	chr4	26000000	10	00	10	00	0.997830927	NA	00	10	10	00	10	10	1	1	3.63562288	00	0
chr1	97000000	chr4	27000000	2	00	2	00	0.992694616	NA	00	2	2	00	2	2	1	1	3.21024667	00	0
chr1	97000000	chr4	122000000	3	00	3	00	0.730069578	NA	00	3	3	00	3	3	1	1	3.47094607	00	0
chr1	97000000	chr4	44000000	2	00	2	00	0.643532574	NA	00	2	2	00	2	2	1	1	1.19256054	00	0
chr1	98000000	chr4	26000000	1	00	1	00	0.877522886	NA	00	1	1	00	1	1	1	1	3.20555765	00	0
chr1	98000000	chr4	27000000	3	00	3	00	0.876936436	NA	00	3	3	00	3	3	1	1	2.7622101	00	0
chr1	98000000	chr4	5000000	2	00	2	00	0.493903548	NA	00	2	2	00	2	2	1	1	1.24930855	00	0
chr1	36000000	chr6	86000000	1	10	1	00	0.61869961	NA	00	0	0	00	0	0	3	1	1.81274006	00	1
chr1	36000000	chr6	87000000	2	10	2	00	0.877289474	NA	00	0	0	00	0	0	3	1	2.32360655	00	1
chr1	37000000	chr6	87000000	4	10	4	00	0.896455348	NA	00	0	0	00	0	0	3	1	2.37479331	00	1
chr1	39000000	chr6	28000000	1	10	1	01	0.562866747	NA	01	0	0	01	0	1	4	1	0.480194649	01	1
chr1	40000000	chr6	41000000	2	10	2	00	0.726015091	NA	00	0	0	00	0	0	4	1	2.40950047	00	1
chr1	40000000	chr6	28000000	10	10	10	01	0.718454957	NA	01	0	0	01	0	10	4	1	0.538890024	01	1
chr1	40000000	chr6	27000000	1	10	1	01	0.53551966	NA	01	0	0	01	0	1	4	1	0.352927487	01	1
chr1	40000000	chr6	29000000	2	10	2	00	0.69508636	NA	00	0	0	00	0	0	4	1	1.74311014	00	1
chr1	41000000	chr6	28000000	23	10	23	01	0.957046986	NA	01	0	0	01	0	23	4	1	0.851009637	01	1
chr1	41000000	chr6	27000000	4	10	4	01	0.807560861	NA	01	0	0	01	0	4	4	1	0.663969623	01	1
chr1	42000000	chr6	12000000	2	10	2	00	0.393144459	NA	00	0	0	00	0	0	4	1	1.5625352	00	1
chr1	42000000	chr6	27000000	5	10	5	01	0.600749612	NA	01	0	0	01	0	5	4	1	0.266146678	01	1
chr1	42000000	chr6	28000000	13	10	13	01	0.729648709	NA	01	0	0	01	0	13	4	1	0.426707204	01	1
chr1	42000000	chr6	29000000	2	10	2	00	0.88782835	NA	00	0	0	00	0	0	4	1	1.73869707	00	1
chr1	42000000	chr6	26000000	1	10	1	00	0.975959361	NA	00	0	0	00	0	0	4	1	2.12640278	00	1
chr1	43000000	chr6	31000000	2	10	2	00	0.998547137	NA	00	0	0	00	0	0	3	1	3.69567802	00	1
chr1	43000000	chr6	32000000	4	10	4	00	0.999711454	NA	00	0	0	00	0	0	3	1	3.49839358	00	1
chr1	44000000	chr6	28000000	12	10	10	01	0.662652194	NA	01	0	0	01	0	10	4	1	0.323628446	01	1
chr1	44000000	chr6	27000000	1	10	1	01	0.509399235	NA	01	0	0	01	0	1	4	1	0.10516537	01	1
chr1	45000000	chr6	26000000	1	10	1	00	0.979685605	NA	00	0	0	00	0	0	4	1	2.21939296	00	1
chr1	45000000	chr6	15000000	2	10	2	00	0.417998165	NA	00	0	0	00	0	0	4	1	1.75777134	00	1
chr1	45000000	chr6	28000000	2	10	2	01	0.576623321	NA	01	0	0	01	0	2	4	1	0.498119438	01	1
chr1	45000000	chr6	13000000	1	10	1	00	0.450350076	NA	00	0	0	00	0	0	4	1	1.8231272	00	1
chr1	45000000	chr6	27000000	2	10	2	01	0.538082182	NA	01	0	0	01	0	2	4	1	0.231037979	01	1
chr1	61000000	chr6	28000000	4	10	4	01	0.926070035	NA	01	0	0	01	0	4	4	1	1.09787997	01	1
chr1	61000000	chr6	49000000	1	10	1	00	0.893234015	NA	00	0	0	00	0	0	3	1	2.20375398	00	1
chr1	61000000	chr6	85000000	2	10	2	00	0.886185586	NA	00	0	0	00	0	0	4	1	3.2580822	00	1
chr1	61000000	chr6	29000000	2	10	2	00	0.868896306	NA	00	0	0	00	0	0	4	1	1.35615384	00	1
chr1	61000000	chr6	27000000	2	10	2	01	0.782395542	NA	01	0	0	01	0	2	4	1	1.02602997	01	1
chr1	61000000	chr6	26000000	1	10	1	00	0.830224991	NA	00	0	0	00	0	0	4	1	1.47486557	00	1
chr1	62000000	chr6	27000000	2	10	2	01	0.748370945	NA	01	0	0	01	0	2	4	1	0.908710869	01	1
chr1	62000000	chr6	75000000	1	10	1	00	0.814083099	NA	00	0	0	00	0	0	4	1	3.57857277	00	1
chr1	62000000	chr6	58000000	2	10	2	00	0.749604583	NA	00	0	0	00	0	0	3	1	2.48514239	00	1
chr1	62000000	chr6	60000000	1	10	1	00	0.591620862	NA	00	0	0	00	0	0	4	1	1.68961464	00	1
chr1	62000000	chr6	50000000	1	10	1	00	0.803226471	NA	00	0	0	00	0	0	3	1	2.74258753	00	1
chr1	62000000	chr6	29000000	1	10	1	00	0.824788511	NA	00	0	0	00	0	0	4	1	1.53248161	00	1
chr1	62000000	chr6	28000000	4	10	4	01	0.791446209	NA	01	0	0	01	0	4	4	1	0.964485521	01	1
chr1	62000000	chr6	49000000	1	10	1	00	0.878845453	NA	00	0	0	00	0	0	3	1	2.42027925	00	1
chr1	63000000	chr6	28000000	3	10	3	01	0.746894777	NA	01	0	0	01	0	3	4	1	0.878989764	01	1
chr1	63000000	chr6	85000000	8	10	8	00	0.998031437	NA	00	0	0	00	0	0	4	1	3.50724572	00	1
chr1	63000000	chr6	49000000	5	10	4	00	0.936708629	NA	00	0	1	00	0	0	3	1	2.54395968	00	1
chr1	63000000	chr6	29000000	1	10	1	00	0.864424706	NA	00	0	0	00	0	0	4	1	1.50758198	00	1
chr1	63000000	chr6	50000000	1	10	1	00	0.891099453	NA	00	0	0	00	0	0	3	1	2.90615725	00	1
chr1	63000000	chr6	86000000	5	10	5	00	0.987928987	NA	00	0	0	00	0	0	3	1	3.30521665	00	1
chr1	63000000	chr6	89000000	4	10	4	00	0.958291769	NA	00	0	0	00	0	0	4	1	2.92982929	00	1
chr1	64000000	chr6	86000000	5	10	5	00	0.922450721	NA	00	0	0	00	0	0	3	1	3.48040667	00	1
chr1	64000000	chr6	50000000	4	10	4	00	0.973403692	NA	00	0	0	00	0	0	3	1	3.14902432	00	1
chr1	64000000	chr6	29000000	3	10	3	00	0.970862806	NA	00	0	0	00	0	0	4	1	1.85137832	00	1
chr1	64000000	chr6	87000000	1	10	1	00	0.907143593	NA	00	0	0	00	0	0	3	1	4.10653589	00	1
chr1	64000000	chr6	89000000	5	10	5	00	0.952877104	NA	00	0	0	00	0	0	3	1	3.24049264	00	1
chr1	64000000	chr6	49000000	6	10	6	00	0.965531588	NA	00	0	0	00	0	0	3	1	2.79515568	00	1
chr1	64000000	chr6	34000000	2	10	2	00	0.945660174	NA	00	0	0	00	0	0	3	1	2.62186275	00	1
chr1	64000000	chr6	64000000	3	10	3	00	0.889590502	NA	00	0	0	00	0	0	3	1	2.70986233	00	1
chr1	64000000	chr6	65000000	2	10	2	00	0.876277983	NA	00	0	0	00	0	0	3	1	2.54092573	00	1
chr1	64000000	chr6	85000000	1	10	1	00	0.984034777	NA	00	0	0	00	0	0	3	1	3.77107048	00	1
chr1	64000000	chr6	28000000	4	10	4	01	0.71813947	NA	01	0	0	01	0	4	4	1	0.486103607	01	1
chr1	64000000	chr6	30000000	1	10	1	00	0.915853262	NA	00	0	0	00	0	0	4	1	3.1128931	00	1
chr1	64000000	chr6	33000000	1	10	1	00	0.750314236	NA	00	0	0	00	0	0	3	1	2.3575301	00	1
chr1	64000000	chr6	32000000	1	10	1	00	0.837014198	NA	00	0	0	00	0	0	3	1	3.17278152	00	1
chr1	65000000	chr6	28000000	3	10	3	01	0.716993153	NA	01	0	0	01	0	3	4	1	0.577297873	01	1
chr1	65000000	chr6	29000000	4	10	4	00	0.908234596	NA	00	0	0	00	0	0	4	1	1.63850695	00	1
chr1	65000000	chr6	87000000	3	10	3	00	0.77845329	NA	00	0	0	00	0	0	3	1	3.76718625	00	1
chr1	65000000	chr6	27000000	2	10	2	01	0.500490606	NA	01	0	0	01	0	2	4	1	0.263891536	01	1
chr1	66000000	chr6	27000000	3	10	3	01	0.580165327	NA	01	0	0	01	0	3	4	1	0.361816315	01	1
chr1	72000000	chr6	26000000	1	10	1	00	0.919345319	NA	00	0	0	00	0	0	4	1	1.89046048	00	1
chr1	73000000	chr6	42000000	2	10	2	00	0.811822712	NA	00	0	0	00	0	0	4	1	2.90095479	00	1
chr1	73000000	chr6	15000000	15	10	15	00	0.981831014	NA	00	0	0	00	0	0	4	1	1.71574746	00	1
chr1	73000000	chr6	11000000	1	10	1	00	0.681209326	NA	00	0	0	00	0	0	4	1	1.79143303	00	1
chr1	73000000	chr6	13000000	1	10	1	00	0.629636228	NA	00	0	0	00	0	0	4	1	1.58608142	00	1
chr1	73000000	chr6	26000000	1	10	1	00	0.936344445	NA	00	0	0	00	0	0	4	1	1.90064736	00	1
chr1	73000000	chr6	7000000	1	10	1	00	0.875098288	NA	00	0	0	00	0	0	4	1	3.2110894	00	1
chr1	77000000	chr6	8000000	1	10	1	00	0.758286357	NA	00	0	0	00	0	0	3	1	2.5087751	00	1
chr1	92000000	chr6	28000000	1	10	1	01	0.722853184	NA	01	0	0	01	0	1	4	1	1.06066283	01	1
chr1	93000000	chr6	34000000	1	10	1	00	0.651868641	NA	00	0	0	00	0	0	3	1	2.42076852	00	1
chr1	93000000	chr6	31000000	1	10	1	00	0.963742256	NA	00	0	0	00	0	0	3	1	3.19405295	00	1
chr1	93000000	chr6	79000000	1	10	1	00	0.958564401	NA	00	0	0	00	0	0	4	1	5.30571851	00	1
chr1	94000000	chr6	79000000	3	10	3	00	0.997935057	NA	00	0	0	00	0	0	3	1	4.84501436	00	1
chr1	94000000	chr6	31000000	3	10	3	00	0.76653409	NA	00	0	0	00	0	0	3	1	3.68577345	00	1
chr1	94000000	chr6	80000000	3	10	3	00	0.998688757	NA	00	0	0	00	0	0	2	1	4.82976346	00	1
chr1	96000000	chr6	32000000	4	10	4	00	0.996010423	NA	00	0	0	00	0	0	3	1	3.33934897	00	1
chr1	96000000	chr6	79000000	2	10	2	00	0.991169214	NA	00	0	0	00	0	0	3	1	5.39141736	00	1
chr1	96000000	chr6	35000000	1	10	1	00	0.89148581	NA	00	0	0	00	0	0	4	1	2.55196175	00	1
chr1	96000000	chr6	31000000	7	10	7	00	0.990943611	NA	00	0	0	00	0	0	3	1	3.54694605	00	1
chr1	128000000	chr6	32000000	2	01	1	00	0.800425887	NA	00	0	1	00	0	0	2	1	3.46698427	00	1
chr1	128000000	chr6	80000000	1	10	1	00	0.889056206	NA	00	0	0	00	0	0	2	1	4.76435427	00	1
chr1	136000000	chr6	30000000	1	10	1	00	0.900360286	NA	00	0	0	00	0	0	3	1	3.06164261	00	1
chr1	136000000	chr6	28000000	3	10	3	01	0.540088713	NA	01	0	0	01	0	3	4	1	0.216789567	01	1
chr1	136000000	chr6	87000000	2	10	2	00	0.820132732	NA	00	0	0	00	0	0	3	1	3.22804315	00	1
chr1	136000000	chr6	32000000	1	10	1	00	0.999536395	NA	00	0	0	00	0	0	3	1	3.48059309	00	1
chr1	137000000	chr6	32000000	11	10	11	00	0.99997735	NA	00	0	0	00	0	0	3	1	3.52990478	00	1
chr1	137000000	chr6	33000000	3	10	3	00	0.994565368	NA	00	0	0	00	0	0	3	1	2.60305356	00	1
chr1	137000000	chr6	84000000	1	10	1	00	0.952201128	NA	00	0	0	00	0	0	3	1	3.50669119	00	1
chr1	138000000	chr6	41000000	20	10	20	00	0.999998927	NA	00	0	0	00	0	0	4	1	4.30791437	00	1
chr1	138000000	chr6	5000000	3	10	3	00	0.924549401	NA	00	0	0	00	0	0	3	1	2.72037611	00	1
chr1	139000000	chr6	41000000	4	10	4	00	0.99999249	NA	00	0	0	00	0	0	4	1	4.4046275	00	1
chr1	139000000	chr6	42000000	4	10	4	00	0.99897337	NA	00	0	0	00	0	0	4	1	4.08435748	00	1
chr1	140000000	chr6	42000000	2	10	2	00	0.997145355	NA	00	0	0	00	0	0	4	1	4.14649092	00	1
chr1	141000000	chr6	42000000	1	10	1	00	0.974504173	NA	00	0	0	00	0	0	4	1	4.12975618	00	1
chr1	142000000	chr6	42000000	9	10	9	00	0.999989271	NA	00	0	0	00	0	0	4	1	4.02420036	00	1
chr1	142000000	chr6	41000000	2	10	2	00	0.999483466	NA	00	0	0	00	0	0	4	1	4.35379955	00	1
chr1	143000000	chr6	41000000	1	10	1	00	0.998414874	NA	00	0	0	00	0	0	4	1	4.31464785	00	1
chr1	143000000	chr6	42000000	1	10	1	00	0.999470174	NA	00	0	0	00	0	0	4	1	4.01049827	00	1
chr1	151000000	chr6	15000000	2	10	2	00	0.689720035	NA	00	0	0	00	0	0	4	1	2.39398286	00	1
chr1	151000000	chr6	7000000	1	10	1	00	0.705837548	NA	00	0	0	00	0	0	3	1	3.7719791	00	1
chr1	153000000	chr6	8000000	3	10	3	00	0.94669205	NA	00	0	0	00	0	0	3	1	3.06602806	00	1
chr1	179000000	chr6	8000000	3	10	3	00	0.987009108	NA	00	0	0	00	0	0	3	1	3.87811545	00	1
chr1	180000000	chr6	8000000	4	10	4	00	0.990016758	NA	00	0	0	00	0	0	3	1	3.43224536	00	1
chr1	180000000	chr6	7000000	5	10	5	00	0.896651685	NA	00	0	0	00	0	0	4	1	3.45622775	00	1
chr1	181000000	chr6	7000000	1	10	1	00	0.974738479	NA	00	0	0	00	0	0	3	1	3.45212531	00	1
chr1	181000000	chr6	41000000	1	10	1	00	0.925154388	NA	00	0	0	00	0	0	4	1	3.39821778	00	1
chr1	182000000	chr6	41000000	4	10	4	00	0.997059107	NA	00	0	0	00	0	0	4	1	3.77504127	00	1
chr1	182000000	chr6	5000000	1	10	1	00	0.887503564	NA	00	0	0	00	0	0	3	1	2.13577869	00	1
chr1	182000000	chr6	42000000	5	10	4	00	0.997853816	NA	00	0	0	00	0	1	4	1	3.32729133	00	1
chr1	183000000	chr6	7000000	12	10	12	00	0.999649882	NA	00	0	0	00	0	0	3	1	3.95539842	00	1
chr1	183000000	chr6	42000000	14	10	14	00	0.999270976	NA	00	0	0	00	0	0	4	1	3.5019025	00	1
chr1	183000000	chr6	11000000	2	10	2	00	0.922655165	NA	00	0	0	00	0	0	4	1	2.54844559	00	1
chr1	183000000	chr6	41000000	1	10	1	00	0.937784374	NA	00	0	0	00	0	0	4	1	4.03341337	00	1
chr1	183000000	chr6	43000000	3	10	3	00	0.964698017	NA	00	0	0	00	0	0	3	1	3.20974192	00	1
chr1	183000000	chr6	10000000	1	10	1	00	0.87959528	NA	00	0	0	00	0	0	4	1	3.06820972	00	1
chr1	183000000	chr6	6000000	2	10	2	00	0.80463469	NA	00	0	0	00	0	0	3	1	2.99452671	00	1
chr1	183000000	chr6	8000000	1	10	1	00	0.99424392	NA	00	0	0	00	0	0	3	1	3.96551794	00	1
chr1	184000000	chr6	42000000	2	10	2	00	0.863680899	NA	00	0	0	00	0	0	4	1	2.31555296	00	1
chr1	185000000	chr6	8000000	2	10	2	00	0.93914181	NA	00	0	0	00	0	0	3	1	3.00555004	00	1
chr1	55000000	chr8	120000000	2	01	2	01	0.701047242	NA	01	2	2	01	2	2	1	1	2.53826476	01	0
chr1	55000000	chr8	121000000	1	01	1	01	0.541852653	NA	01	1	1	01	1	1	1	1	2.88690822	01	0
chr1	56000000	chr8	120000000	4	01	4	01	0.772295535	NA	01	4	4	01	4	4	1	1	2.51667167	01	0
chr1	57000000	chr8	120000000	5	01	5	01	0.766349971	NA	01	5	5	01	5	5	1	1	2.51733395	01	0
chr1	57000000	chr8	121000000	1	01	1	01	0.541685283	NA	01	1	1	01	1	1	1	1	2.85335456	01	0
chr1	71000000	chr8	120000000	1	00	1	01	0.869998932	NA	01	0	0	01	0	0	2	1	2.5324689	01	0
chr1	74000000	chr8	120000000	5	01	5	01	0.969057024	NA	01	5	5	01	5	5	1	1	1.93527309	01	0
chr1	75000000	chr8	120000000	20	01	19	01	0.999312162	NA	01	19	19	01	19	19	1	1	2.45675639	01	0
chr1	75000000	chr8	121000000	9	01	9	01	0.994745731	NA	01	9	9	01	9	9	1	1	2.7720284	01	0
chr1	76000000	chr8	121000000	3	01	3	01	0.725489438	NA	01	3	3	01	3	3	1	1	2.78129252	01	0
chr1	76000000	chr8	120000000	2	01	2	01	0.710608244	NA	01	2	2	01	2	2	1	1	2.4116196	01	0
chr1	77000000	chr8	120000000	11	01	11	01	0.990118563	NA	01	11	11	01	11	11	1	1	2.49520965	01	0
chr1	77000000	chr8	121000000	4	01	4	01	0.988574386	NA	01	4	4	01	4	4	1	1	2.8776606	01	0
chr1	78000000	chr8	121000000	1	11	1	01	0.756168365	NA	01	0	0	01	0	0	3	1	2.87820931	01	0
chr1	86000000	chr8	120000000	6	01	6	01	0.943702161	NA	01	6	6	01	6	6	1	1	2.56463537	01	0
chr1	86000000	chr8	121000000	1	01	1	01	0.758912146	NA	01	1	1	01	1	1	1	1	2.92489992	01	0
chr1	131000000	chr8	94000000	2	01	2	01	0.428400636	NA	01	2	2	01	2	2	1	1	2.6320057	01	0
chr1	133000000	chr8	24000000	1	01	1	01	0.877831399	NA	01	1	1	01	1	1	1	1	2.72595128	01	0
chr1	133000000	chr8	25000000	11	01	11	01	0.928047776	NA	01	11	11	01	11	11	1	1	2.71151893	01	0
chr1	134000000	chr8	25000000	6	01	6	01	0.79042989	NA	01	6	6	01	6	6	1	1	2.54388329	01	0
chr1	152000000	chr8	121000000	10	01	10	01	0.996999562	NA	01	10	10	01	10	10	1	1	2.69937064	01	0
chr1	152000000	chr8	120000000	4	01	4	01	0.994242251	NA	01	4	4	01	4	4	1	1	2.47842555	01	0
chr1	153000000	chr8	25000000	1	01	1	01	0.994751751	NA	01	1	1	01	1	1	1	1	2.71446233	01	0
chr1	153000000	chr8	122000000	7	01	7	01	0.769887149	NA	01	7	7	01	7	7	1	1	1.66957524	01	0
chr1	153000000	chr8	121000000	3	01	3	01	0.975704074	NA	01	3	3	01	3	3	1	1	2.56237131	01	0
chr1	153000000	chr8	24000000	1	01	1	01	0.98111558	NA	01	1	1	01	1	1	1	1	2.65882753	01	0
chr1	154000000	chr8	121000000	9	01	9	01	0.997912109	NA	01	9	9	01	9	9	1	1	2.45442957	01	0
chr1	154000000	chr8	122000000	7	01	6	01	0.988122046	NA	01	6	6	01	6	6	1	1	1.9886992	01	0
chr1	154000000	chr8	120000000	1	01	1	01	0.882857561	NA	01	1	1	01	1	1	1	1	2.3082147	01	0
chr1	156000000	chr8	48000000	1	10	1	01	0.623451352	NA	01	0	0	01	0	1	4	1	1.7375663	01	0
chr1	156000000	chr8	84000000	4	01	4	01	0.723421931	NA	01	4	4	01	4	4	1	1	2.59551076	01	0
chr1	157000000	chr8	26000000	8	01	8	01	0.998983085	NA	01	8	8	01	8	8	1	1	2.62000445	01	0
chr1	157000000	chr8	85000000	9	01	9	01	0.996154726	NA	01	9	9	01	9	9	1	1	4.86582617	01	0
chr1	157000000	chr8	24000000	12	01	11	01	0.998539686	NA	01	11	11	01	11	11	1	1	2.68474564	01	0
chr1	157000000	chr8	25000000	5	01	5	01	0.981456161	NA	01	5	5	01	5	5	1	1	2.30578278	01	0
chr1	157000000	chr8	23000000	8	01	8	01	0.977891922	NA	01	8	8	01	8	8	1	1	2.79522157	01	0
chr1	157000000	chr8	84000000	2	01	2	01	0.678986251	NA	01	2	2	01	2	2	1	1	4.72134063	01	0
chr1	157000000	chr8	48000000	5	01	5	01	0.741854846	NA	01	5	5	01	5	5	1	1	2.17825632	01	0
chr1	157000000	chr8	49000000	2	00	1	01	0.965898812	NA	01	1	1	01	1	1	2	1	2.81650445	01	0
chr1	157000000	chr8	69000000	2	01	2	01	0.792738616	NA	01	2	2	01	2	2	1	1	2.16834346	01	0
chr1	157000000	chr8	18000000	1	01	1	01	0.900520325	NA	01	1	1	01	1	1	1	1	2.54496611	01	0
chr1	157000000	chr8	72000000	2	01	2	01	0.764379382	NA	01	2	2	01	2	2	1	1	2.01776142	01	0
chr1	157000000	chr8	73000000	1	01	1	01	0.696674287	NA	01	1	1	01	1	1	1	1	2.20519523	01	0
chr1	158000000	chr8	72000000	2	01	2	01	0.814576626	NA	01	2	2	01	2	2	1	1	2.40257204	01	0
chr1	158000000	chr8	94000000	1	01	1	01	0.855304956	NA	01	1	1	01	1	1	1	1	2.10241221	01	0
chr1	158000000	chr8	49000000	4	01	4	01	0.946021914	NA	01	4	4	01	4	4	1	1	3.27216267	01	0
chr1	158000000	chr8	23000000	7	01	7	01	0.999149323	NA	01	7	7	01	7	7	1	1	3.09630938	01	0
chr1	158000000	chr8	18000000	4	01	4	01	0.960541666	NA	01	4	4	01	4	4	1	1	3.06853142	01	0
chr1	158000000	chr8	26000000	11	01	11	01	0.99985528	NA	01	11	11	01	11	11	1	1	2.70779568	01	0
chr1	158000000	chr8	24000000	5	01	5	01	0.999783933	NA	01	5	5	01	5	5	1	1	2.95491434	01	0
chr1	158000000	chr8	85000000	1	01	1	01	0.891777813	NA	01	1	1	01	1	1	1	1	4.59179508	01	0
chr1	158000000	chr8	25000000	1	01	1	01	0.972791612	NA	01	1	1	01	1	1	1	1	2.61148222	01	0
chr1	159000000	chr8	24000000	11	01	11	01	0.999864697	NA	01	11	11	01	11	11	1	1	2.9521364	01	0
chr1	159000000	chr8	25000000	3	01	3	01	0.99199295	NA	01	3	3	01	3	3	1	1	2.85240445	01	0
chr1	159000000	chr8	26000000	2	01	2	01	0.997712493	NA	01	2	2	01	2	2	1	1	2.63565729	01	0
chr1	159000000	chr8	48000000	2	00	1	01	0.632466793	NA	01	1	1	01	1	1	2	1	2.21582218	01	0
chr1	159000000	chr8	23000000	10	01	10	01	0.997801006	NA	01	10	10	01	10	10	1	1	3.43192795	01	0
chr1	159000000	chr8	19000000	1	01	1	01	0.923550069	NA	01	1	1	01	1	1	1	1	3.60958455	01	0
chr1	159000000	chr8	18000000	1	01	1	01	0.900252342	NA	01	1	1	01	1	1	1	1	3.11652142	01	0
chr1	159000000	chr8	49000000	1	01	1	01	0.943981528	NA	01	1	1	01	1	1	1	1	3.11168307	01	0
chr1	163000000	chr8	128000000	2	01	2	01	0.965717196	NA	01	2	2	01	2	2	1	1	1.91240023	01	0
chr1	171000000	chr8	94000000	1	01	1	01	0.804294229	NA	01	1	1	01	1	1	1	1	2.46609669	01	0
chr1	171000000	chr8	128000000	4	01	4	01	0.999767005	NA	01	4	4	01	4	4	1	1	2.3396476	01	0
chr1	171000000	chr8	98000000	2	01	2	01	0.789012134	NA	01	2	2	01	2	2	1	1	1.48150864	01	0
chr1	171000000	chr8	127000000	1	01	1	01	0.942250252	NA	01	1	1	01	1	1	1	1	1.74599857	01	0
chr1	172000000	chr8	127000000	9	01	9	01	0.999757588	NA	01	9	9	01	9	9	1	1	1.83697605	01	0
chr1	172000000	chr8	119000000	1	01	1	01	0.59558332	NA	01	1	1	01	1	1	1	1	0.208223702	01	0
chr1	172000000	chr8	95000000	1	01	1	01	0.774329007	NA	01	1	1	01	1	1	1	1	1.50908801	01	0
chr1	172000000	chr8	93000000	8	01	8	01	0.994484484	NA	01	8	8	01	8	8	1	1	2.68033613	01	0
chr1	172000000	chr8	60000000	7	01	6	01	0.812301934	NA	01	6	6	01	6	6	1	1	2.69898104	01	0
chr1	172000000	chr8	128000000	5	01	5	01	0.999858737	NA	01	5	5	01	5	5	1	1	2.16749144	01	0
chr1	173000000	chr8	93000000	1	01	1	01	0.829437554	NA	01	1	1	01	1	1	1	1	2.74801304	01	0
chr1	173000000	chr8	127000000	5	01	5	01	0.998086572	NA	01	5	5	01	5	5	1	1	1.75055425	01	0
chr1	173000000	chr8	128000000	1	01	1	01	0.998766184	NA	01	1	1	01	1	1	1	1	2.18202114	01	0
chr1	174000000	chr8	128000000	4	01	4	01	0.999091387	NA	01	4	4	01	4	4	1	1	2.07189836	01	0
chr1	174000000	chr8	127000000	2	01	2	01	0.84680444	NA	01	2	2	01	2	2	1	1	1.49236745	01	0
chr1	175000000	chr8	128000000	14	01	14	01	0.999926448	NA	01	14	14	01	14	14	1	1	2.11784493	01	0
chr1	175000000	chr8	61000000	1	01	1	01	0.788540244	NA	01	1	1	01	1	1	1	1	3.56157029	01	0
chr1	176000000	chr8	93000000	1	01	1	01	0.89303118	NA	01	1	1	01	1	1	1	1	3.40029059	01	0
chr1	180000000	chr8	121000000	2	01	2	01	0.975891232	NA	01	2	2	01	2	2	1	1	2.39058017	01	0
chr1	181000000	chr8	121000000	3	01	3	01	0.974163532	NA	01	3	3	01	3	3	1	1	2.55462616	01	0
chr1	182000000	chr8	11000000	1	01	1	01	0.918287814	NA	01	1	1	01	1	1	1	1	5.0241194	01	0
chr1	183000000	chr8	11000000	1	01	1	01	0.99922359	NA	01	1	1	01	1	1	1	1	5.15002886	01	0
chr1	184000000	chr8	51000000	2	01	2	01	0.920455873	NA	01	2	2	01	2	2	1	1	3.98099383	01	0
chr1	184000000	chr8	61000000	1	01	1	01	0.702569425	NA	01	1	1	01	1	1	1	1	3.0327892	01	0
chr1	184000000	chr8	57000000	1	00	1	01	0.978494883	NA	01	0	0	01	0	0	2	1	4.47131216	01	0
chr1	185000000	chr8	11000000	5	01	5	01	0.998924911	NA	01	5	5	01	5	5	1	1	4.74103701	01	0
chr1	186000000	chr8	10000000	2	01	2	01	0.923356891	NA	01	2	2	01	2	2	1	1	5.2911568	01	0
chr1	186000000	chr8	12000000	3	01	2	01	0.957668245	NA	01	2	2	01	2	2	1	1	4.6593039	01	0
chr1	186000000	chr8	11000000	6	01	6	01	0.999447882	NA	01	6	6	01	6	6	1	1	5.08601583	01	0
chr1	186000000	chr8	61000000	2	01	2	01	0.866575599	NA	01	2	2	01	2	2	1	1	3.41561817	01	0
chr1	187000000	chr8	61000000	4	01	3	01	0.981866181	NA	01	3	3	01	3	3	1	1	3.94382592	01	0
chr1	187000000	chr8	11000000	8	01	8	01	0.999807179	NA	01	8	8	01	8	8	1	1	5.4637274	01	0
chr1	187000000	chr8	12000000	4	01	4	01	0.999885559	NA	01	4	4	01	4	4	1	1	5.38156258	01	0
chr1	187000000	chr8	93000000	4	01	4	01	0.992167532	NA	01	4	4	01	4	4	1	1	3.69441436	01	0
chr1	187000000	chr8	10000000	3	01	3	01	0.999444783	NA	01	3	3	01	3	3	1	1	5.61398881	01	0
chr1	187000000	chr8	94000000	2	01	2	01	0.932870448	NA	01	2	2	01	2	2	1	1	3.30355117	01	0
chr1	188000000	chr8	12000000	2	01	2	01	0.974266946	NA	01	2	2	01	2	2	1	1	5.39286265	01	0
chr1	192000000	chr8	51000000	12	01	12	01	0.990674436	NA	01	12	12	01	12	12	1	1	3.2867696	01	0
chr1	193000000	chr8	51000000	1	01	1	01	0.768028021	NA	01	1	1	01	1	1	1	1	3.5993979	01	0
chr1	10000000	chr9	48000000	9	01	9	10	0.82562381	NA	10	0	0	10	0	9	4	1	2.84106092	10	1
chr1	49000000	chr9	118000000	1	11	1	10	0.957678318	NA	10	0	1	10	0	0	3	1	4.65106876	10	1
chr1	93000000	chr9	119000000	2	11	2	10	0.996062934	NA	10	0	2	10	0	0	3	1	4.81434875	10	1
chr1	93000000	chr9	113000000	1	11	1	10	0.967671871	NA	10	0	1	10	0	0	4	1	5.20335323	10	1
chr1	94000000	chr9	97000000	1	11	1	10	0.723721743	NA	10	0	1	10	0	0	3	1	5.13651863	10	1
chr1	94000000	chr9	113000000	10	11	10	10	0.999994516	NA	10	0	10	10	0	0	3	1	5.73322345	10	1
chr1	94000000	chr9	112000000	8	11	8	10	0.999978781	NA	10	0	8	10	0	0	3	1	5.94550786	10	1
chr1	94000000	chr9	114000000	4	11	4	10	0.999642849	NA	10	0	4	10	0	0	3	1	5.9779964	10	1
chr1	94000000	chr9	104000000	1	11	1	10	0.782271743	NA	10	0	1	10	0	0	3	1	4.11201147	10	1
chr1	94000000	chr9	117000000	9	11	9	10	0.999991894	NA	10	0	9	10	0	0	3	1	5.38576273	10	1
chr1	94000000	chr9	122000000	2	11	2	10	0.999328375	NA	10	0	2	10	0	0	3	1	5.55475934	10	1
chr1	94000000	chr9	118000000	11	11	11	10	0.999502182	NA	10	0	11	10	0	0	3	1	5.42883389	10	1
chr1	94000000	chr9	88000000	2	11	2	10	0.917953432	NA	10	0	2	10	0	0	3	1	3.9558196	10	1
chr1	95000000	chr9	117000000	5	11	5	10	0.999984503	NA	10	0	5	10	0	0	3	1	5.11207409	10	1
chr1	95000000	chr9	89000000	2	11	2	10	0.969099641	NA	10	0	2	10	0	0	3	1	4.95736193	10	1
chr1	95000000	chr9	88000000	1	11	1	10	0.954773426	NA	10	0	1	10	0	0	3	1	3.71211727	10	1
chr1	95000000	chr9	118000000	5	11	5	10	0.99989903	NA	10	0	5	10	0	0	3	1	5.23761773	10	1
chr1	95000000	chr9	114000000	2	00	1	10	0.939599931	NA	10	0	1	10	0	0	2	1	5.68582178	10	1
chr1	128000000	chr9	118000000	8	11	8	10	0.999999404	NA	10	0	8	10	0	0	3	1	6.23355177	10	1
chr1	128000000	chr9	79000000	1	11	1	10	0.686490238	NA	10	0	1	10	0	0	2	1	5.71236735	10	1
chr1	128000000	chr9	121000000	2	11	2	10	0.992717862	NA	10	0	2	10	0	0	3	1	5.61863244	10	1
chr1	128000000	chr9	114000000	1	11	1	10	0.966266632	NA	10	0	1	10	0	0	2	1	6.56351039	10	1
chr1	129000000	chr9	118000000	2	11	2	10	0.991799474	NA	10	0	2	10	0	0	3	1	6.66009695	10	1
chr1	129000000	chr9	105000000	1	11	1	10	0.921771467	NA	10	0	1	10	0	0	3	1	5.46411441	10	1
chr1	130000000	chr9	118000000	10	11	9	10	1	NA	10	1	9	10	1	1	2	1	6.77527112	10	1
chr1	130000000	chr9	117000000	1	11	1	10	0.999707162	NA	10	0	1	10	0	0	2	1	6.85494988	10	1
chr1	130000000	chr9	116000000	2	11	2	10	0.999982834	NA	10	0	2	10	0	0	2	1	6.78175276	10	1
chr1	130000000	chr9	79000000	1	11	1	10	0.724658787	NA	10	0	1	10	0	0	2	1	5.7591047	10	1
chr1	130000000	chr9	122000000	1	11	1	10	0.998794794	NA	10	0	1	10	0	0	2	1	6.67905986	10	1
chr1	131000000	chr9	119000000	1	11	1	10	0.99971205	NA	10	0	1	10	0	0	2	1	6.17991316	10	1
chr1	132000000	chr9	119000000	6	11	6	10	1	NA	10	0	6	10	0	0	2	1	6.28934734	10	1
chr1	132000000	chr9	78000000	7	11	7	10	0.978286684	NA	10	0	7	10	0	0	2	1	5.17279865	10	1
chr1	132000000	chr9	106000000	4	11	4	10	0.999358356	NA	10	0	4	10	0	0	3	1	6.27364632	10	1
chr1	132000000	chr9	105000000	1	11	1	10	0.953930795	NA	10	0	1	10	0	0	3	1	5.51422025	10	1
chr1	132000000	chr9	118000000	5	11	4	10	0.999912739	NA	10	0	4	10	0	1	3	1	6.63955801	10	1
chr1	132000000	chr9	104000000	2	11	2	10	0.880208611	NA	10	0	2	10	0	0	3	1	6.12153502	10	1
chr1	7000000	chrX	138000000	6	11	6	11	0.999827743	NA	11	6	6	11	6	6	1	1	4.49497191	11	0
chr1	9000000	chrX	138000000	5	11	5	11	0.999736488	NA	11	5	5	11	5	5	1	1	4.55733466	11	0
chr1	9000000	chrX	137000000	2	11	2	11	0.915398657	NA	11	2	2	11	2	2	1	1	3.27164147	11	0
chr1	10000000	chrX	20000000	1	01	1	11	0.517759681	NA	11	0	0	11	0	0	2	1	1.63923451	11	0
chr1	11000000	chrX	20000000	2	01	2	11	0.476784319	NA	11	0	0	11	0	0	2	1	0.639349944	11	0
chr1	11000000	chrX	12000000	2	01	2	01	0.847667813	NA	01	2	2	01	2	2	1	1	2.37890508	01	0
chr1	11000000	chrX	13000000	2	01	2	01	0.421775728	NA	01	2	2	01	2	2	1	1	0.0445206049	01	0
chr1	14000000	chrX	71000000	5	11	4	11	0.951734841	NA	11	4	4	11	4	4	1	1	3.49467942	11	0
chr1	14000000	chrX	73000000	3	11	3	11	0.89448756	NA	11	3	3	11	3	3	1	1	3.70976475	11	0
chr1	14000000	chrX	142000000	2	01	1	11	0.989839792	NA	11	1	1	11	1	1	2	1	5.41663441	11	0
chr1	14000000	chrX	72000000	3	11	3	11	0.832099259	NA	11	3	3	11	3	3	1	1	3.74024647	11	0
chr1	14000000	chrX	143000000	2	11	2	11	0.999661088	NA	11	2	2	11	2	2	1	1	5.40012337	11	0
chr1	15000000	chrX	143000000	2	11	2	11	0.995667934	NA	11	2	2	11	2	2	1	1	5.27129017	11	0
chr1	15000000	chrX	72000000	2	11	2	11	0.974601984	NA	11	2	2	11	2	2	1	1	4.47288637	11	0
chr1	15000000	chrX	71000000	1	11	1	11	0.933947086	NA	11	1	1	11	1	1	1	1	4.2406063	11	0
chr1	15000000	chrX	102000000	7	11	7	11	0.881969512	NA	11	7	7	11	7	7	1	1	2.65358542	11	0
chr1	15000000	chrX	105000000	2	11	2	11	0.97767204	NA	11	2	2	11	2	2	1	1	3.92208278	11	0
chr1	15000000	chrX	73000000	2	01	1	11	0.979895592	NA	11	1	1	11	1	1	2	1	4.14417092	11	0
chr1	15000000	chrX	142000000	2	11	2	11	0.987940431	NA	11	2	2	11	2	2	1	1	5.31027856	11	0
chr1	15000000	chrX	106000000	5	11	5	11	0.980864108	NA	11	5	5	11	5	5	1	1	3.36238985	11	0
chr1	15000000	chrX	52000000	1	11	1	11	0.532755554	NA	11	1	1	11	1	1	1	1	3.94678104	11	0
chr1	15000000	chrX	97000000	1	11	1	11	0.672085762	NA	11	1	1	11	1	1	1	1	2.72318301	11	0
chr1	16000000	chrX	74000000	1	11	1	11	0.799512088	NA	11	1	1	11	1	1	1	1	3.24342481	11	0
chr1	16000000	chrX	73000000	1	11	1	11	0.907108366	NA	11	1	1	11	1	1	1	1	3.49394426	11	0
chr1	17000000	chrX	144000000	1	11	1	11	0.905019045	NA	11	1	1	11	1	1	1	1	3.7329195	11	0
chr1	17000000	chrX	142000000	3	11	3	11	0.999992847	NA	11	3	3	11	3	3	1	1	4.65734472	11	0
chr1	17000000	chrX	143000000	4	11	3	11	0.99999249	NA	11	3	3	11	3	4	1	1	4.64031509	11	0
chr1	17000000	chrX	140000000	2	11	2	11	0.984267294	NA	11	2	2	11	2	2	1	1	4.36755081	11	0
chr1	17000000	chrX	141000000	3	11	3	11	0.999963164	NA	11	3	3	11	3	3	1	1	4.63161462	11	0
chr1	18000000	chrX	142000000	2	11	2	11	0.999765337	NA	11	2	2	11	2	2	1	1	4.98370061	11	0
chr1	18000000	chrX	141000000	1	01	1	11	0.999468148	NA	11	0	0	11	0	0	2	1	5.36477986	11	0
chr1	20000000	chrX	142000000	1	01	1	11	0.983370066	NA	11	0	0	11	0	0	2	1	5.18921017	11	0
chr1	20000000	chrX	140000000	4	11	4	11	0.999973178	NA	11	4	4	11	4	4	1	1	4.91804499	11	0
chr1	20000000	chrX	139000000	1	11	1	11	0.996537328	NA	11	1	1	11	1	1	1	1	4.85451927	11	0
chr1	20000000	chrX	144000000	1	11	1	11	0.93010217	NA	11	1	1	11	1	1	1	1	4.55600905	11	0
chr1	20000000	chrX	143000000	1	11	1	11	0.947008073	NA	11	1	1	11	1	1	1	1	5.23827583	11	0
chr1	20000000	chrX	141000000	1	11	1	11	0.99965322	NA	11	1	1	11	1	1	1	1	5.53232491	11	0
chr1	21000000	chrX	140000000	3	11	3	11	0.999928594	NA	11	3	3	11	3	3	1	1	5.02326546	11	0
chr1	21000000	chrX	143000000	1	11	1	11	0.97996074	NA	11	1	1	11	1	1	1	1	5.24164957	11	0
chr1	21000000	chrX	139000000	8	11	8	11	0.999998808	NA	11	8	8	11	8	8	1	1	5.26041719	11	0
chr1	21000000	chrX	64000000	3	11	3	11	0.981913745	NA	11	3	3	11	3	3	1	1	4.57356625	11	0
chr1	21000000	chrX	65000000	1	11	1	11	0.767576456	NA	11	1	1	11	1	1	1	1	4.499023	11	0
chr1	21000000	chrX	138000000	1	11	1	11	0.999290347	NA	11	1	1	11	1	1	1	1	4.77209074	11	0
chr1	22000000	chrX	138000000	2	11	2	11	0.892822385	NA	11	2	2	11	2	2	1	1	4.46602091	11	0
chr1	48000000	chrX	68000000	1	11	1	11	0.979034126	NA	11	1	1	11	1	1	1	1	4.73823706	11	0
chr1	51000000	chrX	7000000	1	11	1	11	0.413887411	NA	11	1	1	11	1	1	1	1	2.96197679	11	0
chr1	54000000	chrX	67000000	2	11	2	11	0.924535871	NA	11	2	2	11	2	2	1	1	4.11931732	11	0
chr1	55000000	chrX	68000000	2	11	2	11	0.912885308	NA	11	2	2	11	2	2	1	1	4.6584644	11	0
chr1	56000000	chrX	68000000	2	11	2	11	0.917697728	NA	11	2	2	11	2	2	1	1	4.86264023	11	0
chr1	57000000	chrX	142000000	1	11	1	11	0.572784066	NA	11	1	1	11	1	1	1	1	5.75103287	11	0
chr1	57000000	chrX	143000000	1	11	1	11	0.755778313	NA	11	1	1	11	1	1	1	1	5.73735729	11	0
chr1	58000000	chrX	68000000	1	10	1	11	0.870515168	NA	11	0	0	11	0	0	2	1	4.2373659	11	0
chr1	87000000	chrX	7000000	1	11	1	11	0.705358505	NA	11	1	1	11	1	1	1	1	3.02668579	11	0
chr1	88000000	chrX	6000000	1	11	1	11	0.759283781	NA	11	1	1	11	1	1	1	1	3.59578864	11	0
chr1	88000000	chrX	7000000	2	11	2	11	0.618243754	NA	11	2	2	11	2	2	1	1	2.83379648	11	0
chr1	88000000	chrX	15000000	1	11	1	11	0.524579287	NA	11	1	1	11	1	1	1	1	2.0868101	11	0
chr1	89000000	chrX	75000000	3	11	3	11	0.926352978	NA	11	3	3	11	3	3	1	1	4.19727403	11	0
chr1	89000000	chrX	7000000	1	11	1	11	0.696368217	NA	11	1	1	11	1	1	1	1	3.07378204	11	0
chr1	89000000	chrX	6000000	1	11	1	11	0.664181173	NA	11	1	1	11	1	1	1	1	3.38643606	11	0
chr1	89000000	chrX	73000000	1	11	1	11	0.55406934	NA	11	1	1	11	1	1	1	1	3.06453787	11	0
chr1	93000000	chrX	52000000	1	00	1	11	0.316962123	NA	11	0	0	11	0	1	4	1	0.627068366	11	0
chr1	106000000	chrX	71000000	1	00	1	11	0.804053009	NA	11	0	0	11	0	1	4	1	2.16775783	11	0
chr1	106000000	chrX	68000000	3	11	3	11	0.999132931	NA	11	3	3	11	3	3	1	1	3.59847973	11	0
chr1	107000000	chrX	68000000	11	11	11	11	0.999999881	NA	11	11	11	11	11	11	1	1	5.1276881	11	0
chr1	107000000	chrX	67000000	2	11	2	11	0.997491956	NA	11	2	2	11	2	2	1	1	4.37970233	11	0
chr1	107000000	chrX	70000000	3	11	2	11	0.998092592	NA	11	2	2	11	2	2	1	1	4.02396467	11	0
chr1	107000000	chrX	75000000	2	01	1	11	0.999388933	NA	11	1	1	11	1	1	2	1	4.83366264	11	0
chr1	110000000	chrX	70000000	1	11	1	11	0.99904412	NA	11	1	1	11	1	1	1	1	3.90923647	11	0
chr1	110000000	chrX	74000000	2	11	2	11	0.999993205	NA	11	2	2	11	2	2	1	1	5.0751598	11	0
chr1	110000000	chrX	71000000	6	11	6	11	0.999007046	NA	11	6	6	11	6	6	1	1	3.4182701	11	0
chr1	110000000	chrX	75000000	4	11	4	11	0.999999762	NA	11	4	4	11	4	4	1	1	5.16925856	11	0
chr1	110000000	chrX	130000000	1	11	1	11	0.471996814	NA	11	1	1	11	1	1	1	1	3.42022156	11	0
chr1	111000000	chrX	68000000	1	11	1	11	0.99962616	NA	11	1	1	11	1	1	1	1	5.04498957	11	0
chr1	111000000	chrX	71000000	2	11	2	11	0.999722898	NA	11	2	2	11	2	2	1	1	3.46203911	11	0
chr1	111000000	chrX	74000000	1	11	1	11	0.998762488	NA	11	1	1	11	1	1	1	1	5.07706501	11	0
chr1	111000000	chrX	7000000	1	00	1	11	0.439594686	NA	11	0	0	11	0	1	4	1	4.0666967	11	0
chr1	111000000	chrX	70000000	1	11	1	11	0.998585224	NA	11	1	1	11	1	1	1	1	3.95214872	11	0
chr1	115000000	chrX	67000000	4	11	4	11	0.999934554	NA	11	4	4	11	4	4	1	1	5.46528538	11	0
chr1	116000000	chrX	67000000	3	11	2	11	0.999406457	NA	11	2	2	11	2	3	1	1	5.0690431	11	0
chr1	116000000	chrX	68000000	4	11	4	11	0.999869823	NA	11	4	4	11	4	4	1	1	5.43395724	11	0
chr1	132000000	chrX	7000000	7	11	7	11	0.862919509	NA	11	7	7	11	7	7	1	1	3.17989579	11	0
chr1	132000000	chrX	15000000	2	11	2	11	0.721781433	NA	11	2	2	11	2	2	1	1	2.82920757	11	0
chr1	133000000	chrX	73000000	8	11	8	11	0.862578988	NA	11	8	8	11	8	8	1	1	3.09740186	11	0
chr1	134000000	chrX	73000000	3	11	3	11	0.690446734	NA	11	3	3	11	3	3	1	1	2.83593081	11	0
chr1	134000000	chrX	74000000	2	11	2	11	0.777284861	NA	11	2	2	11	2	2	1	1	3.66178332	11	0
chr1	145000000	chrX	60000000	3	00	3	11	0.975134611	NA	11	0	0	11	0	3	4	1	5.14620085	11	0
chr1	145000000	chrX	61000000	1	00	1	11	0.714534342	NA	11	0	0	11	0	1	4	1	4.72899824	11	0
chr1	146000000	chrX	61000000	2	00	2	11	0.866628706	NA	11	0	0	11	0	2	4	1	4.06468142	11	0
chr1	149000000	chrX	60000000	3	00	3	11	0.936145484	NA	11	0	0	11	0	3	4	1	4.90495761	11	0
chr1	167000000	chrX	60000000	6	00	6	11	0.924434185	NA	11	0	0	11	0	6	4	1	5.20595615	11	0
chr1	176000000	chrX	60000000	3	00	3	11	0.99112004	NA	11	0	0	11	0	3	4	1	6.02943585	11	0
chr1	179000000	chrX	7000000	1	00	1	11	0.415930927	NA	11	0	0	11	0	1	4	1	3.92320758	11	0
chr1	188000000	chrX	60000000	2	00	2	11	0.999991655	NA	11	0	0	11	0	2	4	1	5.68009931	11	0
chr1	189000000	chrX	60000000	5	00	5	11	0.999907374	NA	11	0	0	11	0	5	4	1	5.85602792	11	0
chr1	190000000	chrX	6000000	2	00	2	11	0.89999485	NA	11	0	0	11	0	2	4	1	5.52292307	11	0
chr1	192000000	chrX	6000000	3	00	3	11	0.975484848	NA	11	0	0	11	0	3	4	1	5.21476116	11	0
chr1	192000000	chrX	67000000	3	11	3	11	0.999937296	NA	11	3	3	11	3	3	1	1	5.71835843	11	0
chr1	192000000	chrX	59000000	7	00	7	11	0.999986053	NA	11	0	0	11	0	7	4	1	5.40508622	11	0
chr1	192000000	chrX	58000000	1	00	1	11	0.998662949	NA	11	0	0	11	0	1	4	1	4.8122268	11	0
chr1	193000000	chrX	59000000	4	00	4	11	0.999995828	NA	11	0	0	11	0	4	4	1	5.75644377	11	0
chr1	193000000	chrX	6000000	7	00	7	11	0.999009728	NA	11	0	0	11	0	7	4	1	5.55112492	11	0
chr1	193000000	chrX	39000000	1	00	1	11	0.840702713	NA	11	0	0	11	0	1	4	1	3.10366206	11	0
chr1	193000000	chrX	61000000	5	00	5	11	0.999893427	NA	11	0	0	11	0	5	4	1	5.8625746	11	0
chr1	193000000	chrX	60000000	16	00	16	11	0.999999285	NA	11	0	0	11	0	16	4	1	6.21517606	11	0
chr1	193000000	chrX	105000000	1	00	1	11	0.25	NA	00	1	1	11	0	1	4	1	5.10000722	11	0
chr1	194000000	chrX	60000000	3	00	3	11	1	NA	11	0	0	11	0	3	4	1	6.22080562	11	0
chr1	194000000	chrX	61000000	2	00	2	11	0.999715388	NA	11	0	0	11	0	2	4	1	5.86856597	11	0
chr1	194000000	chrX	59000000	1	00	1	11	0.999991894	NA	11	0	0	11	0	1	4	1	6.11353714	11	0
chr10	4000000	chr12	89000000	1	11	1	11	0.340269923	NA	11	1	1	11	1	1	1	1	1.94753758	11	0
chr10	39000000	chr12	105000000	5	11	5	11	0.88710326	NA	11	5	5	11	5	5	1	1	2.52459057	11	0
chr10	39000000	chr12	117000000	1	11	1	11	0.861825764	NA	11	1	1	11	1	1	1	1	3.72338418	11	0
chr10	39000000	chr12	116000000	3	11	3	11	0.9680112	NA	11	3	3	11	3	3	1	1	3.88462976	11	0
chr10	39000000	chr12	108000000	1	11	1	11	0.837085783	NA	11	1	1	11	1	1	1	1	4.00816788	11	0
chr10	39000000	chr12	107000000	2	11	2	11	0.985515714	NA	11	2	2	11	2	2	1	1	3.68624003	11	0
chr10	40000000	chr12	67000000	2	11	2	11	0.625072062	NA	11	2	2	11	2	2	1	1	2.6840443	11	0
chr10	40000000	chr12	105000000	6	11	5	11	0.849417984	NA	11	5	5	11	5	6	1	1	2.09721017	11	0
chr10	40000000	chr12	107000000	3	11	3	11	0.970803916	NA	11	3	3	11	3	3	1	1	3.61017566	11	0
chr10	40000000	chr12	108000000	1	11	1	11	0.89214021	NA	11	1	1	11	1	1	1	1	4.31945628	11	0
chr10	40000000	chr12	117000000	1	11	1	11	0.629819095	NA	11	1	1	11	1	1	1	1	3.83454056	11	0
chr10	40000000	chr12	91000000	2	11	2	11	0.942963064	NA	11	2	2	11	2	2	1	1	3.64259416	11	0
chr10	40000000	chr12	51000000	6	11	6	11	0.956360281	NA	11	6	6	11	6	6	1	1	2.08980875	11	0
chr10	40000000	chr12	90000000	3	11	3	11	0.999856234	NA	11	3	3	11	3	3	1	1	4.10723484	11	0
chr10	40000000	chr12	89000000	6	11	6	11	0.999783456	NA	11	6	6	11	6	6	1	1	3.941321	11	0
chr10	40000000	chr12	116000000	2	11	2	11	0.803615987	NA	11	2	2	11	2	2	1	1	3.94912631	11	0
chr10	41000000	chr12	107000000	2	11	2	11	0.949909091	NA	11	2	2	11	2	2	1	1	4.21829286	11	0
chr10	41000000	chr12	90000000	2	11	2	11	0.997208059	NA	11	2	2	11	2	2	1	1	4.76419145	11	0
chr10	41000000	chr12	89000000	9	11	9	11	0.999850035	NA	11	9	9	11	9	9	1	1	4.21904486	11	0
chr10	41000000	chr12	51000000	3	11	3	11	0.948345184	NA	11	3	3	11	3	3	1	1	2.14869353	11	0
chr10	41000000	chr12	31000000	2	11	2	11	0.865411639	NA	11	2	2	11	2	2	1	1	2.21560582	11	0
chr10	41000000	chr12	66000000	1	11	1	11	0.424201608	NA	11	1	1	11	1	1	1	1	1.69980626	11	0
chr10	41000000	chr12	32000000	2	11	2	11	0.701070487	NA	11	2	2	11	2	2	1	1	1.82850835	11	0
chr10	41000000	chr12	52000000	3	11	3	11	0.917209089	NA	11	3	3	11	3	3	1	1	3.17806492	11	0
chr10	42000000	chr12	52000000	2	11	2	11	0.937522054	NA	11	2	2	11	2	2	1	1	3.23558678	11	0
chr10	42000000	chr12	90000000	6	11	6	11	0.991481543	NA	11	6	6	11	6	6	1	1	4.6296372	11	0
chr10	42000000	chr12	51000000	4	11	4	11	0.872678399	NA	11	4	4	11	4	4	1	1	2.12856793	11	0
chr10	42000000	chr12	89000000	8	11	8	11	0.999992132	NA	11	8	8	11	8	8	1	1	4.54542332	11	0
chr10	42000000	chr12	33000000	4	11	4	11	0.975042641	NA	11	4	4	11	4	4	1	1	2.22029545	11	0
chr10	42000000	chr12	32000000	3	11	3	11	0.834989965	NA	11	3	3	11	3	3	1	1	2.27508769	11	0
chr10	42000000	chr12	54000000	4	11	4	11	0.995378137	NA	11	4	4	11	4	4	1	1	3.93292311	11	0
chr10	42000000	chr12	53000000	1	11	1	11	0.889122427	NA	11	1	1	11	1	1	1	1	3.7314762	11	0
chr10	42000000	chr12	77000000	4	11	4	11	0.917888105	NA	11	4	4	11	4	4	1	1	2.83150464	11	0
chr10	43000000	chr12	89000000	3	11	3	11	0.999528885	NA	11	3	3	11	3	3	1	1	4.21094043	11	0
chr10	43000000	chr12	90000000	1	11	1	11	0.937059879	NA	11	1	1	11	1	1	1	1	3.96904522	11	0
chr10	43000000	chr12	77000000	4	11	4	11	0.930496156	NA	11	4	4	11	4	4	1	1	3.23815543	11	0
chr10	43000000	chr12	32000000	1	11	1	11	0.740595698	NA	11	1	1	11	1	1	1	1	2.51306956	11	0
chr10	43000000	chr12	51000000	2	11	2	11	0.629690468	NA	11	2	2	11	2	2	1	1	2.28750944	11	0
chr10	57000000	chr12	76000000	3	11	3	11	0.616131008	NA	11	3	3	11	3	3	1	1	2.89522869	11	0
chr10	57000000	chr12	91000000	1	11	1	11	0.786958456	NA	11	1	1	11	1	1	1	1	2.50560165	11	0
chr10	57000000	chr12	90000000	2	11	2	11	0.762161076	NA	11	2	2	11	2	2	1	1	2.71090985	11	0
chr10	62000000	chr12	84000000	9	11	9	11	0.958017468	NA	11	9	9	11	9	9	1	1	3.63088014	11	0
chr10	62000000	chr12	85000000	1	11	1	11	0.659384429	NA	11	1	1	11	1	1	1	1	2.47908019	11	0
chr10	63000000	chr12	116000000	3	11	3	11	0.667662024	NA	11	3	3	11	3	3	1	1	3.27520894	11	0
chr10	64000000	chr12	77000000	2	11	2	11	0.658430457	NA	11	2	2	11	2	2	1	1	2.01226329	11	0
chr10	64000000	chr12	76000000	1	11	1	11	0.564828455	NA	11	1	1	11	1	1	1	1	2.75411681	11	0
chr10	80000000	chr12	84000000	5	11	5	11	0.931481659	NA	11	5	5	11	5	5	1	1	3.78673543	11	0
chr10	81000000	chr12	84000000	2	11	2	11	0.99025017	NA	11	2	2	11	2	2	1	1	3.65411809	11	0
chr10	82000000	chr12	85000000	3	11	3	11	0.991044998	NA	11	3	3	11	3	3	1	1	2.72132373	11	0
chr10	82000000	chr12	55000000	1	11	1	01	0.25	NA	00	0	0	11	1	1	1	3	2.34700161	11	0
chr10	82000000	chr12	87000000	1	11	1	11	0.725631773	NA	11	1	1	11	1	1	1	1	3.8728542	11	0
chr10	82000000	chr12	76000000	2	11	2	11	0.907388628	NA	11	2	2	11	2	2	1	1	2.506401	11	0
chr10	83000000	chr12	108000000	2	11	2	11	0.715018868	NA	11	2	2	11	2	2	1	1	3.87767592	11	0
chr10	83000000	chr12	76000000	6	11	6	11	0.937013328	NA	11	6	6	11	6	6	1	1	2.63382526	11	0
chr10	83000000	chr12	24000000	2	11	2	11	0.462244868	NA	11	2	2	11	2	2	1	1	2.0981929	11	0
chr10	83000000	chr12	86000000	2	11	2	11	0.687735736	NA	11	2	2	11	2	2	1	1	2.50458242	11	0
chr10	83000000	chr12	80000000	1	11	1	11	0.930869102	NA	11	1	1	11	1	1	1	1	2.97114587	11	0
chr10	84000000	chr12	109000000	5	11	5	11	0.994507968	NA	11	5	5	11	5	5	1	1	4.35669863	11	0
chr10	84000000	chr12	108000000	2	11	2	11	0.734560728	NA	11	2	2	11	2	2	1	1	3.82394654	11	0
chr10	84000000	chr12	87000000	2	11	2	11	0.993353248	NA	11	2	2	11	2	2	1	1	3.90381184	11	0
chr10	85000000	chr12	109000000	1	11	1	11	0.976128936	NA	11	1	1	11	1	1	1	1	4.3454591	11	0
chr10	85000000	chr12	87000000	3	11	3	11	0.991939366	NA	11	3	3	11	3	3	1	1	3.91601807	11	0
chr10	85000000	chr12	108000000	1	11	1	11	0.952863812	NA	11	1	1	11	1	1	1	1	3.84308957	11	0
chr10	94000000	chr12	93000000	3	11	3	11	0.980260193	NA	11	3	3	11	3	3	1	1	4.60303411	11	0
chr10	94000000	chr12	83000000	15	11	15	11	0.999328971	NA	11	15	15	11	15	15	1	1	3.6350027	11	0
chr10	94000000	chr12	95000000	2	11	2	11	0.976477087	NA	11	2	2	11	2	2	1	1	4.34181218	11	0
chr10	94000000	chr12	117000000	10	11	10	11	0.994636953	NA	11	10	10	11	10	10	1	1	3.85129628	11	0
chr10	94000000	chr12	92000000	6	11	6	11	0.999938488	NA	11	6	6	11	6	6	1	1	4.48016417	11	0
chr10	94000000	chr12	116000000	12	11	12	11	0.999959707	NA	11	12	12	11	12	12	1	1	4.60066982	11	0
chr10	94000000	chr12	91000000	3	11	3	11	0.82406944	NA	11	3	3	11	3	3	1	1	4.14457864	11	0
chr10	94000000	chr12	84000000	2	11	2	11	0.977023661	NA	11	2	2	11	2	2	1	1	3.54396263	11	0
chr10	95000000	chr12	116000000	7	11	7	11	0.991162539	NA	11	7	7	11	7	7	1	1	4.59115799	11	0
chr10	95000000	chr12	83000000	5	11	5	11	0.983938277	NA	11	5	5	11	5	5	1	1	3.67406917	11	0
chr10	95000000	chr12	92000000	1	11	1	11	0.997823715	NA	11	1	1	11	1	1	1	1	4.56643711	11	0
chr10	95000000	chr12	84000000	1	11	1	11	0.974381149	NA	11	1	1	11	1	1	1	1	3.49654728	11	0
chr10	108000000	chr12	94000000	1	11	1	11	0.89764303	NA	11	1	1	11	1	1	1	1	3.85941044	11	0
chr10	109000000	chr12	94000000	1	11	1	11	0.938441217	NA	11	1	1	11	1	1	1	1	4.05604338	11	0
chr10	110000000	chr12	94000000	8	11	8	11	0.998436749	NA	11	8	8	11	8	8	1	1	4.49675208	11	0
chr10	110000000	chr12	92000000	1	10	1	11	0.89883852	NA	11	0	0	11	0	0	3	1	3.96987831	11	0
chr10	111000000	chr12	94000000	7	11	7	11	0.999748886	NA	11	7	7	11	7	7	1	1	4.94258972	11	0
chr10	111000000	chr12	93000000	7	11	7	11	0.995208323	NA	11	7	7	11	7	7	1	1	4.51997501	11	0
chr10	111000000	chr12	83000000	1	11	1	11	0.87932533	NA	11	1	1	11	1	1	1	1	3.56576096	11	0
chr10	111000000	chr12	96000000	1	11	1	11	0.954909325	NA	11	1	1	11	1	1	1	1	4.19891694	11	0
chr10	112000000	chr12	94000000	3	11	3	11	0.918495059	NA	11	3	3	11	3	3	1	1	4.35212322	11	0
chr10	127000000	chr12	92000000	2	11	2	11	0.686025023	NA	11	2	2	11	2	2	1	1	2.63188253	11	0
chr10	128000000	chr12	94000000	8	11	8	11	0.99005729	NA	11	8	8	11	8	8	1	1	3.45359333	11	0
chr10	128000000	chr12	92000000	2	11	2	11	0.944497228	NA	11	2	2	11	2	2	1	1	2.96896917	11	0
chr10	128000000	chr12	84000000	2	11	2	11	0.887186348	NA	11	2	2	11	2	2	1	1	2.81214076	11	0
chr10	128000000	chr12	93000000	2	11	2	11	0.714662313	NA	11	2	2	11	2	2	1	1	3.07992572	11	0
chr10	128000000	chr12	83000000	3	11	3	11	0.724023461	NA	11	3	3	11	3	3	1	1	2.79276346	11	0
chr10	5000000	chr13	36000000	2	10	2	10	0.302735239	NA	10	2	2	10	2	2	1	1	1.38519908	10	0
chr10	19000000	chr13	56000000	2	10	2	10	0.60800302	NA	10	2	2	10	2	2	1	1	1.61054093	10	0
chr10	19000000	chr13	108000000	19	10	19	10	0.99036926	NA	10	19	19	10	19	19	1	1	1.80489764	10	0
chr10	19000000	chr13	95000000	15	10	15	10	0.936332643	NA	10	15	15	10	15	15	1	1	1.60368901	10	0
chr10	19000000	chr13	110000000	2	10	2	10	0.644446075	NA	10	2	2	10	2	2	1	1	1.53369575	10	0
chr10	19000000	chr13	109000000	4	10	4	10	0.970037639	NA	10	4	4	10	4	4	1	1	1.48227908	10	0
chr10	19000000	chr13	111000000	1	10	1	10	0.604717553	NA	10	1	1	10	1	1	1	1	1.46059257	10	0
chr10	19000000	chr13	94000000	2	10	2	10	0.572352052	NA	10	2	2	10	2	2	1	1	1.56521851	10	0
chr10	19000000	chr13	106000000	1	10	1	10	0.727847755	NA	10	1	1	10	1	1	1	1	1.68883886	10	0
chr10	19000000	chr13	96000000	1	10	1	10	0.57605046	NA	10	1	1	10	1	1	1	1	1.48644038	10	0
chr10	20000000	chr13	95000000	12	10	12	10	0.890566111	NA	10	12	12	10	12	12	1	1	1.08928835	10	0
chr10	20000000	chr13	56000000	3	10	3	10	0.675540745	NA	10	3	3	10	3	3	1	1	1.09931608	10	0
chr10	21000000	chr13	45000000	2	10	2	10	0.681337833	NA	10	2	2	10	2	2	1	1	1.01468161	10	0
chr10	21000000	chr13	95000000	7	10	7	10	0.862737834	NA	10	7	7	10	7	7	1	1	1.21301018	10	0
chr10	21000000	chr13	44000000	1	10	1	10	0.453146487	NA	10	1	1	10	1	1	1	1	1.21642745	10	0
chr10	21000000	chr13	37000000	3	10	3	10	0.562730789	NA	10	3	3	10	3	3	1	1	1.3284301	10	0
chr10	21000000	chr13	110000000	4	10	4	10	0.774571061	NA	10	4	4	10	4	4	1	1	1.11224896	10	0
chr10	21000000	chr13	36000000	2	10	2	10	0.6023224	NA	10	2	2	10	2	2	1	1	1.28313478	10	0
chr10	21000000	chr13	38000000	2	10	2	10	0.544194281	NA	10	2	2	10	2	2	1	1	0.99825535	10	0
chr10	23000000	chr13	106000000	1	10	1	10	0.701739848	NA	10	1	1	10	1	1	1	1	0.951022979	10	0
chr10	23000000	chr13	56000000	1	10	1	10	0.701283693	NA	10	1	1	10	1	1	1	1	0.975785975	10	0
chr10	23000000	chr13	102000000	1	11	1	10	0.648052573	NA	10	0	0	10	0	0	3	1	0.710503285	10	0
chr10	24000000	chr13	109000000	3	10	3	10	0.738185942	NA	10	3	3	10	3	3	1	1	0.751802738	10	0
chr10	24000000	chr13	108000000	10	10	10	10	0.869231462	NA	10	10	10	10	10	10	1	1	0.84576039	10	0
chr10	26000000	chr13	109000000	2	10	2	10	0.626772821	NA	10	2	2	10	2	2	1	1	0.892068294	10	0
chr10	29000000	chr13	109000000	1	10	1	10	0.593177676	NA	10	1	1	10	1	1	1	1	2.44631296	10	0
chr10	40000000	chr13	56000000	1	11	1	10	0.382421672	NA	10	0	0	10	0	0	3	1	1.5738664	10	0
chr10	41000000	chr13	38000000	2	10	2	10	0.709426224	NA	10	2	2	10	2	2	1	1	2.20197871	10	0
chr10	43000000	chr13	37000000	3	10	3	10	0.53487885	NA	10	3	3	10	3	3	1	1	3.61982355	10	0
chr10	43000000	chr13	36000000	4	10	4	10	0.720411897	NA	10	4	4	10	4	4	1	1	3.54010641	10	0
chr10	44000000	chr13	56000000	3	10	3	10	0.534881115	NA	10	3	3	10	3	3	1	1	2.34635188	10	0
chr10	44000000	chr13	55000000	1	10	1	10	0.501520395	NA	10	1	1	10	1	1	1	1	2.37400277	10	0
chr10	69000000	chr13	104000000	4	10	4	10	0.726807356	NA	10	4	4	10	4	4	1	1	2.09825305	10	0
chr10	70000000	chr13	55000000	1	10	1	10	0.626060009	NA	10	1	1	10	1	1	1	1	2.19732743	10	0
chr10	70000000	chr13	106000000	3	10	3	10	0.788028419	NA	10	3	3	10	3	3	1	1	2.57702271	10	0
chr10	70000000	chr13	108000000	1	10	1	10	0.801760674	NA	10	1	1	10	1	1	1	1	2.49710491	10	0
chr10	71000000	chr13	108000000	5	10	5	10	0.883514404	NA	10	5	5	10	5	5	1	1	2.85466411	10	0
chr10	85000000	chr13	12000000	1	01	1	01	0.25	NA	00	0	0	11	0	0	4	4	0.905919952	11	0
chr10	91000000	chr13	105000000	1	10	1	10	0.855107129	NA	10	1	1	10	1	1	1	1	2.90463587	10	0
chr10	91000000	chr13	107000000	6	10	6	10	0.994116664	NA	10	6	6	10	6	6	1	1	3.10332538	10	0
chr10	91000000	chr13	108000000	2	10	2	10	0.931148708	NA	10	2	2	10	2	2	1	1	3.00160516	10	0
chr10	92000000	chr13	107000000	5	10	5	10	0.997386992	NA	10	5	5	10	5	5	1	1	3.49161358	10	0
chr10	92000000	chr13	103000000	3	10	3	10	0.762031138	NA	10	3	3	10	3	3	1	1	3.42420718	10	0
chr10	92000000	chr13	55000000	1	10	1	10	0.562754512	NA	10	1	1	10	1	1	1	1	3.05906384	10	0
chr10	92000000	chr13	108000000	1	10	1	10	0.977150917	NA	10	1	1	10	1	1	1	1	3.38600092	10	0
chr10	93000000	chr13	108000000	3	10	3	10	0.974634826	NA	10	3	3	10	3	3	1	1	2.93582196	10	0
chr10	93000000	chr13	105000000	2	10	2	10	0.945934772	NA	10	2	2	10	2	2	1	1	2.93931968	10	0
chr10	93000000	chr13	107000000	4	10	3	10	0.978478432	NA	10	3	3	10	3	3	1	1	3.14619108	10	0
chr10	93000000	chr13	104000000	4	10	4	10	0.992875695	NA	10	4	4	10	4	4	1	1	3.56411363	10	0
chr10	93000000	chr13	106000000	5	10	3	10	0.993274927	NA	10	3	3	10	3	3	1	1	3.14179012	10	0
chr10	93000000	chr13	103000000	1	10	1	10	0.727517605	NA	10	1	1	10	1	1	1	1	3.17653392	10	0
chr10	111000000	chr13	104000000	7	10	7	10	0.996441305	NA	10	7	7	10	7	7	1	1	4.23563171	10	0
chr10	112000000	chr13	106000000	2	10	2	10	0.792750418	NA	10	2	2	10	2	2	1	1	3.42160098	10	0
chr10	118000000	chr13	88000000	5	10	5	10	0.808612883	NA	10	5	5	10	5	5	1	1	2.27985752	10	0
chr10	118000000	chr13	107000000	4	10	4	10	0.738378763	NA	10	4	4	10	4	4	1	1	2.82035754	10	0
chr10	119000000	chr13	88000000	3	10	3	10	0.764654934	NA	10	3	3	10	3	3	1	1	2.19610553	10	0
chr10	127000000	chr13	108000000	3	11	3	10	0.829060793	NA	10	0	0	10	0	0	3	1	1.70427868	10	0
chr10	128000000	chr13	40000000	1	11	1	10	0.429495007	NA	10	0	0	10	0	0	3	1	2.3074043	10	0
chr10	128000000	chr13	114000000	5	11	5	10	0.758138657	NA	10	0	0	10	0	0	3	1	2.55500464	10	0
chr10	21000000	chr14	108000000	1	01	1	01	0.326209217	NA	01	1	1	01	1	1	1	1	1.70074765	01	0
chr10	12000000	chr15	69000000	4	10	4	10	0.326213926	NA	10	4	4	10	4	4	1	1	0.713042144	10	0
chr10	12000000	chr15	84000000	6	10	5	10	0.717290819	NA	10	5	5	10	5	6	1	1	1.02859297	10	0
chr10	12000000	chr15	85000000	6	10	6	10	0.930244565	NA	10	6	6	10	6	6	1	1	0.8221595	10	0
chr10	12000000	chr15	81000000	1	10	1	10	0.459437072	NA	10	1	1	10	1	1	1	1	0.434239763	10	0
chr10	13000000	chr15	84000000	6	10	6	10	0.952698112	NA	10	6	6	10	6	6	1	1	1.55736772	10	0
chr10	13000000	chr15	85000000	2	10	2	10	0.778376698	NA	10	2	2	10	2	2	1	1	1.36785849	10	0
chr10	14000000	chr15	85000000	2	10	2	10	0.958320975	NA	10	2	2	10	2	2	1	1	1.43529489	10	0
chr10	14000000	chr15	69000000	2	01	1	10	0.341316015	NA	10	1	1	10	1	2	4	1	1.95921838	10	0
chr10	14000000	chr15	84000000	23	10	23	10	0.991214395	NA	10	23	23	10	23	23	1	1	1.59817505	10	0
chr10	36000000	chr15	69000000	2	10	2	10	0.348781019	NA	10	2	2	10	2	2	1	1	1.66185105	10	0
chr10	36000000	chr15	68000000	1	10	1	10	0.302271694	NA	10	1	1	10	1	1	1	1	1.43404465	10	0
chr10	59000000	chr15	78000000	3	10	3	10	0.409237653	NA	10	3	3	10	3	3	1	1	1.21344563	10	0
chr10	59000000	chr15	68000000	4	10	4	10	0.553809583	NA	10	4	4	10	4	4	1	1	0.826664339	10	0
chr10	59000000	chr15	69000000	13	10	13	10	0.707379639	NA	10	13	13	10	13	13	1	1	1.21660343	10	0
chr10	59000000	chr15	76000000	1	10	1	10	0.527271807	NA	10	1	1	10	1	1	1	1	1.18483853	10	0
chr10	59000000	chr15	81000000	11	10	11	10	0.744536042	NA	10	11	11	10	11	11	1	1	0.989335023	10	0
chr10	59000000	chr15	98000000	1	10	1	10	0.296264917	NA	10	1	1	10	1	1	1	1	1.17765067	10	0
chr10	59000000	chr15	85000000	3	10	3	10	0.419552982	NA	10	3	3	10	3	3	1	1	1.24520088	10	0
chr10	61000000	chr15	84000000	2	10	2	10	0.490854561	NA	10	2	2	10	2	2	1	1	1.33355719	10	0
chr10	61000000	chr15	85000000	1	10	1	10	0.5145033	NA	10	1	1	10	1	1	1	1	1.29175001	10	0
chr10	78000000	chr15	76000000	1	10	1	10	0.416235626	NA	10	1	1	10	1	1	1	1	2.05437201	10	0
chr10	81000000	chr15	84000000	3	10	3	10	0.493717611	NA	10	3	3	10	3	3	1	1	2.37879486	10	0
chr10	86000000	chr15	84000000	3	10	3	10	0.424403787	NA	10	3	3	10	3	3	1	1	1.50810841	10	0
chr10	86000000	chr15	85000000	2	10	2	10	0.445824981	NA	10	2	2	10	2	2	1	1	1.48731002	10	0
chr10	100000000	chr15	97000000	10	10	10	10	0.983786166	NA	10	10	10	10	10	10	1	1	3.12213521	10	0
chr10	100000000	chr15	80000000	2	10	2	10	0.883033514	NA	10	2	2	10	2	2	1	1	3.77276832	10	0
chr10	100000000	chr15	96000000	1	10	1	10	0.818292379	NA	10	1	1	10	1	1	1	1	3.26817194	10	0
chr10	102000000	chr15	97000000	4	10	4	10	0.991748095	NA	10	4	4	10	4	4	1	1	3.3296267	10	0
chr10	103000000	chr15	97000000	12	10	12	10	0.999377847	NA	10	12	12	10	12	12	1	1	3.23699663	10	0
chr10	103000000	chr15	80000000	8	10	8	10	0.999910831	NA	10	8	8	10	8	8	1	1	4.43987184	10	0
chr10	103000000	chr15	96000000	4	10	4	10	0.994845986	NA	10	4	4	10	4	4	1	1	3.57410022	10	0
chr10	103000000	chr15	82000000	7	10	7	10	0.997402966	NA	10	7	7	10	7	7	1	1	3.36064962	10	0
chr10	103000000	chr15	98000000	1	10	1	10	0.888761938	NA	10	1	1	10	1	1	1	1	3.89581889	10	0
chr10	104000000	chr15	82000000	2	10	2	10	0.999443948	NA	10	2	2	10	2	2	1	1	3.5899628	10	0
chr10	104000000	chr15	81000000	1	10	1	10	0.887021661	NA	10	1	1	10	1	1	1	1	2.52437608	10	0
chr10	104000000	chr15	14000000	2	10	2	10	0.501271844	NA	10	2	2	10	2	2	1	1	4.78724836	10	0
chr10	104000000	chr15	75000000	4	10	4	10	0.999789655	NA	10	4	4	10	4	4	1	1	3.49590037	10	0
chr10	104000000	chr15	64000000	2	10	2	01	0.25	NA	00	0	0	10	2	0	1	3	2.9093572	10	0
chr10	104000000	chr15	96000000	5	10	5	10	0.996674061	NA	10	5	5	10	5	5	1	1	3.13882759	10	0
chr10	104000000	chr15	80000000	6	10	5	10	0.992217541	NA	10	5	5	10	5	6	1	1	3.92386413	10	0
chr10	104000000	chr15	94000000	1	10	1	10	0.988336265	NA	10	1	1	10	1	1	1	1	3.13971101	10	0
chr10	104000000	chr15	95000000	1	10	1	10	0.95604378	NA	10	1	1	10	1	1	1	1	3.4776104	10	0
chr10	105000000	chr15	80000000	2	10	2	10	0.849633634	NA	10	2	2	10	2	2	1	1	4.31023378	10	0
chr10	105000000	chr15	96000000	2	10	2	10	0.885089934	NA	10	2	2	10	2	2	1	1	3.52816385	10	0
chr10	105000000	chr15	14000000	1	10	1	10	0.731319129	NA	10	1	1	10	1	1	1	1	4.88757849	10	0
chr10	105000000	chr15	79000000	11	10	11	10	0.999538183	NA	10	11	11	10	11	11	1	1	4.29631315	10	0
chr10	105000000	chr15	97000000	2	10	2	10	0.87054354	NA	10	2	2	10	2	2	1	1	3.22845189	10	0
chr10	106000000	chr15	97000000	1	10	1	10	0.936727881	NA	10	1	1	10	1	1	1	1	3.55193357	10	0
chr10	106000000	chr15	79000000	3	10	3	10	0.994162381	NA	10	3	3	10	3	3	1	1	4.72099175	10	0
chr10	107000000	chr15	79000000	7	10	7	10	0.999934316	NA	10	7	7	10	7	7	1	1	4.36568739	10	0
chr10	121000000	chr15	76000000	5	10	5	10	0.989851594	NA	10	5	5	10	5	5	1	1	4.03029356	10	0
chr10	121000000	chr15	97000000	15	10	15	10	0.976516306	NA	10	15	15	10	15	15	1	1	2.71676607	10	0
chr10	121000000	chr15	80000000	5	10	5	10	0.97259891	NA	10	5	5	10	5	5	1	1	3.4152701	10	0
chr10	121000000	chr15	81000000	3	10	3	10	0.959693611	NA	10	3	3	10	3	3	1	1	3.06263885	10	0
chr10	121000000	chr15	98000000	3	10	3	10	0.857504249	NA	10	3	3	10	3	3	1	1	3.4579128	10	0
chr10	121000000	chr15	72000000	2	10	2	10	0.985486746	NA	10	2	2	10	2	2	1	1	3.72120979	10	0
chr10	121000000	chr15	96000000	2	10	2	10	0.845214546	NA	10	2	2	10	2	2	1	1	2.89515245	10	0
chr10	121000000	chr15	77000000	1	10	1	10	0.966043532	NA	10	1	1	10	1	1	1	1	3.70339028	10	0
chr10	122000000	chr15	73000000	3	10	3	10	0.840386033	NA	10	3	3	10	3	3	1	1	3.49061538	10	0
chr10	122000000	chr15	72000000	8	10	8	10	0.986419261	NA	10	8	8	10	8	8	1	1	3.65816378	10	0
chr10	122000000	chr15	77000000	1	10	1	10	0.744394302	NA	10	1	1	10	1	1	1	1	3.60837152	10	0
chr10	122000000	chr15	96000000	1	10	1	10	0.715404332	NA	10	1	1	10	1	1	1	1	2.81962864	10	0
chr10	122000000	chr15	80000000	1	10	1	10	0.727760732	NA	10	1	1	10	1	1	1	1	3.31713073	10	0
chr10	24000000	chr16	27000000	5	11	5	11	0.568723559	NA	11	5	5	11	5	5	1	1	0.300667361	11	0
chr10	24000000	chr16	60000000	3	11	3	11	0.331749886	NA	11	3	3	11	3	3	1	1	0.127444298	11	0
chr10	24000000	chr16	28000000	1	11	1	11	0.368051589	NA	11	1	1	11	1	1	1	1	0.565908579	11	0
chr10	24000000	chr16	26000000	3	11	3	11	0.377998114	NA	11	3	3	11	3	3	1	1	0.0473156738	11	0
chr10	24000000	chr16	62000000	1	11	1	11	0.440265059	NA	11	1	1	11	1	1	1	1	0.248237067	11	0
chr10	25000000	chr16	27000000	2	01	1	11	0.37742579	NA	11	1	1	11	1	1	2	1	0.478444038	11	0
chr10	25000000	chr16	39000000	1	11	1	11	0.385648876	NA	11	1	1	11	1	1	1	1	0.0619511828	11	0
chr10	25000000	chr16	17000000	4	11	4	11	0.461604327	NA	11	4	4	11	4	4	1	1	0.0230985958	11	0
chr10	25000000	chr16	60000000	3	11	3	11	0.444447547	NA	11	3	3	11	3	3	1	1	0.362174007	11	0
chr10	25000000	chr16	40000000	5	11	5	11	0.679377079	NA	11	5	5	11	5	5	1	1	0.244484108	11	0
chr10	25000000	chr16	15000000	2	11	2	11	0.34323293	NA	11	2	2	11	2	2	1	1	0.0423879524	11	0
chr10	25000000	chr16	65000000	1	11	1	11	0.544725478	NA	11	1	1	11	1	1	1	1	0.744023418	11	0
chr10	25000000	chr16	41000000	2	11	2	11	0.452594727	NA	11	2	2	11	2	2	1	1	0.125930643	11	0
chr10	26000000	chr16	40000000	1	11	1	11	0.767658532	NA	11	1	1	11	1	1	1	1	0.758382344	11	0
chr10	44000000	chr16	90000000	12	01	12	11	0.585619509	NA	11	0	0	11	0	0	2	1	0.0988651356	11	0
chr10	44000000	chr16	88000000	25	01	25	11	0.872317314	NA	11	0	0	11	0	0	2	1	0.729084593	11	0
chr10	44000000	chr16	89000000	8	01	8	11	0.619968414	NA	11	0	0	11	0	0	2	1	0.314702342	11	0
chr10	44000000	chr16	34000000	1	01	1	11	0.328410834	NA	11	0	0	11	0	0	2	1	0.227656886	11	0
chr10	45000000	chr16	88000000	3	01	3	11	0.706813335	NA	11	0	0	11	0	0	2	1	1.17842916	11	0
chr10	46000000	chr16	62000000	3	11	3	11	0.545094371	NA	11	3	3	11	3	3	1	1	1.22550853	11	0
chr10	46000000	chr16	61000000	1	11	1	11	0.470607251	NA	11	1	1	11	1	1	1	1	1.10436574	11	0
chr10	49000000	chr16	61000000	1	11	1	11	0.355333596	NA	11	1	1	11	1	1	1	1	1.30242812	11	0
chr10	49000000	chr16	41000000	1	11	1	11	0.313138872	NA	11	1	1	11	1	1	1	1	0.262493322	11	0
chr10	49000000	chr16	40000000	1	11	1	11	0.360456347	NA	11	1	1	11	1	1	1	1	0.689084255	11	0
chr10	74000000	chr16	88000000	1	01	1	11	0.460370868	NA	11	0	0	11	0	0	2	1	0.77755025	11	0
chr10	74000000	chr16	67000000	2	01	2	11	0.609078169	NA	11	0	0	11	0	0	2	1	1.64454876	11	0
chr10	74000000	chr16	90000000	3	01	3	11	0.366118103	NA	11	0	0	01	3	0	1	2	0.0349792583	01	0
chr10	74000000	chr16	68000000	1	01	1	11	0.525820255	NA	11	0	0	11	0	0	2	1	1.29233592	11	0
chr10	77000000	chr16	13000000	1	01	1	01	0.634601414	NA	01	1	1	01	1	1	1	1	1.70878248	01	0
chr10	78000000	chr16	10000000	3	01	3	01	0.811679423	NA	01	3	3	01	3	3	1	1	1.70303636	01	0
chr10	78000000	chr16	12000000	6	01	6	01	0.925171316	NA	01	6	6	01	6	6	1	1	2.49865168	01	0
chr10	78000000	chr16	11000000	10	01	10	01	0.951680541	NA	01	10	10	01	10	10	1	1	2.15509135	01	0
chr10	78000000	chr16	13000000	11	01	11	01	0.958016515	NA	01	11	11	01	11	11	1	1	2.0333211	01	0
chr10	78000000	chr16	54000000	2	01	1	00	0.25	NA	00	0	0	01	1	1	1	3	1.70237661	01	0
chr10	80000000	chr16	94000000	2	01	2	01	0.390958637	NA	01	2	2	01	2	2	1	1	0.0531353779	01	0
chr10	85000000	chr16	34000000	1	01	1	01	0.416420013	NA	01	1	1	01	1	1	1	1	0.71693267	01	0
chr10	85000000	chr16	31000000	1	01	1	01	0.451393783	NA	01	1	1	01	1	1	1	1	0.595071486	01	0
chr10	85000000	chr16	90000000	1	01	1	01	0.396522135	NA	01	1	1	01	1	1	1	1	2.0884207	01	0
chr10	87000000	chr16	31000000	1	01	1	01	0.473803252	NA	01	1	1	01	1	1	1	1	0.761796597	01	0
chr10	89000000	chr16	42000000	1	11	1	11	0.33354491	NA	11	1	1	11	1	1	1	1	0.0729368967	11	0
chr10	90000000	chr16	65000000	1	11	1	11	0.591040611	NA	11	1	1	11	1	1	1	1	1.7916329	11	0
chr10	95000000	chr16	10000000	1	01	1	01	0.334610492	NA	01	1	1	01	1	1	1	1	2.57455021	01	0
chr10	95000000	chr16	9000000	2	01	2	01	0.338289261	NA	01	2	2	01	2	2	1	1	2.407001	01	0
chr10	96000000	chr16	9000000	2	01	2	01	0.325906903	NA	01	2	2	01	2	2	1	1	2.39816726	01	0
chr10	96000000	chr16	57000000	10	01	10	11	0.819932818	NA	11	0	0	11	0	0	2	1	1.34367002	11	0
chr10	96000000	chr16	56000000	7	01	6	11	0.696326375	NA	11	0	0	11	0	1	2	1	1.29005021	11	0
chr10	97000000	chr16	68000000	1	11	1	11	0.330415696	NA	11	1	1	11	1	1	1	1	1.22928515	11	0
chr10	97000000	chr16	57000000	4	01	4	11	0.648576975	NA	11	0	0	11	0	0	2	1	1.3441903	11	0
chr10	97000000	chr16	67000000	1	01	1	11	0.412218869	NA	11	0	0	11	0	0	2	1	1.59977224	11	0
chr10	115000000	chr16	42000000	1	11	1	01	0.460509509	NA	01	0	0	01	0	0	2	1	0.0770510382	01	0
chr10	116000000	chr16	65000000	12	11	12	11	0.962224722	NA	11	12	12	11	12	12	1	1	1.31540011	11	0
chr10	117000000	chr16	65000000	8	11	8	11	0.985745907	NA	11	8	8	11	8	8	1	1	1.28796147	11	0
chr10	117000000	chr16	11000000	1	01	1	01	0.499785751	NA	01	1	1	01	1	1	1	1	1.82739639	01	0
chr10	117000000	chr16	13000000	8	01	8	01	0.9777354	NA	01	8	8	01	8	8	1	1	1.80384015	01	0
chr10	117000000	chr16	7000000	2	11	2	01	0.618509889	NA	01	0	0	01	0	0	2	1	0.673626284	01	0
chr10	118000000	chr16	65000000	10	11	10	11	0.981638789	NA	11	10	10	11	10	10	1	1	1.8065423	11	0
chr10	118000000	chr16	13000000	1	01	1	01	0.732192159	NA	01	1	1	01	1	1	1	1	1.58694885	01	0
chr10	118000000	chr16	68000000	9	01	9	11	0.965847969	NA	11	0	0	11	0	0	2	1	1.94176158	11	0
chr10	118000000	chr16	12000000	3	01	3	01	0.765513837	NA	01	3	3	01	3	3	1	1	2.26675396	01	0
chr10	118000000	chr16	81000000	7	11	6	11	0.834063947	NA	11	6	6	11	6	6	1	1	1.95528681	11	0
chr10	118000000	chr16	56000000	2	01	2	11	0.888607919	NA	11	0	0	11	0	0	2	1	1.44581985	11	0
chr10	118000000	chr16	57000000	5	01	5	11	0.938753903	NA	11	0	0	11	0	0	2	1	1.60154737	11	0
chr10	118000000	chr16	66000000	2	01	1	11	0.804584444	NA	11	1	1	11	1	1	2	1	1.90165982	11	0
chr10	118000000	chr16	67000000	4	01	4	11	0.95594883	NA	11	0	0	11	0	0	2	1	2.27083184	11	0
chr10	118000000	chr16	58000000	1	01	1	11	0.583044231	NA	11	0	0	11	0	0	2	1	1.72260654	11	0
chr10	118000000	chr16	91000000	1	11	1	11	0.394185394	NA	11	1	1	11	1	1	1	1	1.1907404	11	0
chr10	119000000	chr16	80000000	1	11	1	11	0.443323225	NA	11	1	1	11	1	1	1	1	1.94586791	11	0
chr10	119000000	chr16	67000000	1	01	1	11	0.974155307	NA	11	0	0	11	0	0	2	1	2.3746708	11	0
chr10	119000000	chr16	57000000	5	01	5	11	0.981206954	NA	11	0	0	11	0	0	2	1	1.67826469	11	0
chr10	119000000	chr16	66000000	3	01	3	11	0.991761088	NA	11	0	0	11	0	0	2	1	2.0184193	11	0
chr10	120000000	chr16	68000000	4	01	4	11	0.910593033	NA	11	0	0	11	0	0	2	1	1.35913098	11	0
chr10	120000000	chr16	88000000	2	01	2	11	0.552922964	NA	11	0	0	11	0	0	2	1	0.68288737	11	0
chr10	120000000	chr16	90000000	2	01	2	11	0.392818153	NA	11	0	0	01	2	0	1	2	0.024965977	01	0
chr10	120000000	chr16	67000000	3	01	3	11	0.962933064	NA	11	0	0	11	0	0	2	1	1.76610826	11	0
chr10	120000000	chr16	35000000	1	01	1	11	0.403875113	NA	11	0	0	01	1	0	1	2	0.0553633583	01	0
chr10	121000000	chr16	90000000	2	01	2	11	0.387132168	NA	11	0	0	11	0	0	2	1	0.399541411	11	0
chr10	121000000	chr16	67000000	1	01	1	11	0.718390882	NA	11	0	0	11	0	0	2	1	1.07406012	11	0
chr10	121000000	chr16	68000000	2	01	2	11	0.718630075	NA	11	0	0	11	0	0	2	1	0.790604509	11	0
chr10	124000000	chr16	56000000	1	01	1	11	0.561029851	NA	11	0	0	11	0	0	2	1	0.768225485	11	0
chr10	124000000	chr16	54000000	1	01	1	01	0.60849303	NA	01	1	1	01	1	1	1	1	1.55149956	01	0
chr10	124000000	chr16	12000000	8	01	7	01	0.997894704	NA	01	7	7	01	7	7	1	1	2.42588123	01	0
chr10	124000000	chr16	11000000	1	01	1	01	0.991895378	NA	01	1	1	01	1	1	1	1	2.07313178	01	0
chr10	125000000	chr16	13000000	2	01	2	01	0.91621089	NA	01	2	2	01	2	2	1	1	2.05049959	01	0
chr10	126000000	chr16	13000000	2	01	2	01	0.789945304	NA	01	2	2	01	2	2	1	1	2.88492393	01	0
chr10	127000000	chr16	11000000	3	01	3	01	0.975657105	NA	01	3	3	01	3	3	1	1	3.14387194	01	0
chr10	127000000	chr16	35000000	2	01	2	01	0.562693357	NA	01	2	2	01	2	2	1	1	0.655283851	01	0
chr10	127000000	chr16	34000000	2	01	2	01	0.306214094	NA	01	2	2	00	0	2	3	3	0.080048754	00	0
chr10	127000000	chr16	94000000	9	01	9	11	0.427094102	NA	11	0	0	11	0	0	2	1	0.296865669	11	0
chr10	127000000	chr16	90000000	1	01	1	01	0.37638849	NA	01	1	1	01	1	1	1	1	0.336308105	01	0
chr10	128000000	chr16	38000000	3	01	3	01	0.85900712	NA	01	3	3	01	3	3	1	1	1.05034325	01	0
chr10	128000000	chr16	4000000	2	01	2	01	0.724785328	NA	01	2	2	01	2	2	1	1	1.92465718	01	0
chr10	128000000	chr16	50000000	4	01	4	01	0.891301692	NA	01	4	4	01	4	4	1	1	1.71286712	01	0
chr10	128000000	chr16	45000000	1	01	1	01	0.52684021	NA	01	1	1	01	1	1	1	1	1.04110904	01	0
chr10	128000000	chr16	10000000	3	01	3	01	0.978886604	NA	01	3	3	01	3	3	1	1	3.12850326	01	0
chr10	128000000	chr16	11000000	5	01	5	01	0.999134123	NA	01	5	5	01	5	5	1	1	3.01658822	01	0
chr10	128000000	chr16	13000000	1	01	1	01	0.954368711	NA	01	1	1	01	1	1	1	1	2.7647682	01	0
chr10	129000000	chr16	13000000	1	00	1	01	0.85921824	NA	01	0	0	01	0	0	2	1	2.92944413	01	0
chr10	129000000	chr16	12000000	2	01	2	01	0.979759395	NA	01	2	2	01	2	2	1	1	3.33676308	01	0
chr10	13000000	chr17	19000000	4	10	4	10	0.966953874	NA	10	4	4	10	4	4	1	1	3.63380949	10	0
chr10	13000000	chr17	18000000	11	10	11	10	0.98722291	NA	10	11	11	10	11	11	1	1	3.6506466	10	0
chr10	14000000	chr17	19000000	4	10	4	10	0.97213608	NA	10	4	4	10	4	4	1	1	3.87865275	10	0
chr10	14000000	chr17	80000000	1	10	1	10	0.787475705	NA	10	1	1	10	1	1	1	1	2.03874852	10	0
chr10	81000000	chr17	80000000	3	10	2	10	0.936890781	NA	10	2	2	10	2	2	1	1	2.02664851	10	0
chr10	82000000	chr17	85000000	13	10	13	10	0.996619701	NA	10	13	13	10	13	13	1	1	4.45259964	10	0
chr10	82000000	chr17	5000000	7	10	7	10	0.99954319	NA	10	7	7	10	7	7	1	1	4.38494043	10	0
chr10	82000000	chr17	15000000	1	10	1	10	0.953561783	NA	10	1	1	10	1	1	1	1	4.4939184	10	0
chr10	82000000	chr17	3000000	1	10	1	10	0.953095615	NA	10	1	1	10	1	1	1	1	4.75991751	10	0
chr10	82000000	chr17	4000000	2	10	2	10	0.93084234	NA	10	2	2	10	2	2	1	1	4.89348439	10	0
chr10	83000000	chr17	48000000	1	10	1	10	0.548956513	NA	10	1	1	10	1	1	1	1	3.85726941	10	0
chr10	83000000	chr17	4000000	1	10	1	10	0.945507109	NA	10	1	1	10	1	1	1	1	4.79555367	10	0
chr10	83000000	chr17	15000000	2	10	2	10	0.99904269	NA	10	2	2	10	2	2	1	1	3.98115067	10	0
chr10	84000000	chr17	3000000	4	10	4	10	0.767156124	NA	10	4	4	10	4	4	1	1	4.79981858	10	0
chr10	85000000	chr17	3000000	11	10	11	10	0.996456087	NA	10	11	11	10	11	11	1	1	4.83773235	10	0
chr10	85000000	chr17	48000000	1	10	1	10	0.609216094	NA	10	1	1	10	1	1	1	1	4.01189285	10	0
chr10	85000000	chr17	15000000	4	10	4	10	0.993521273	NA	10	4	4	10	4	4	1	1	4.49245563	10	0
chr10	86000000	chr17	15000000	3	10	3	10	0.997157931	NA	10	3	3	10	3	3	1	1	4.27531267	10	0
chr10	86000000	chr17	18000000	7	10	7	10	0.987597406	NA	10	7	7	10	7	7	1	1	4.45622734	10	0
chr10	86000000	chr17	19000000	4	10	4	10	0.980738342	NA	10	4	4	10	4	4	1	1	4.11027165	10	0
chr10	86000000	chr17	20000000	1	10	1	10	0.900873721	NA	10	1	1	10	1	1	1	1	3.90776267	10	0
chr10	86000000	chr17	17000000	5	10	3	10	0.949829698	NA	10	3	3	10	3	5	1	1	4.38533665	10	0
chr10	104000000	chr17	72000000	1	10	1	11	0.850773394	NA	11	0	0	11	0	0	2	1	5.57691195	11	0
chr10	105000000	chr17	37000000	2	10	1	11	0.999497056	NA	11	1	1	11	1	1	3	1	6.61631608	11	0
chr10	105000000	chr17	91000000	2	10	2	11	0.963033795	NA	11	0	0	11	0	0	3	1	4.26145635	11	0
chr10	106000000	chr17	37000000	3	10	3	11	0.943737626	NA	11	0	0	11	0	0	2	1	5.73945736	11	0
chr10	106000000	chr17	74000000	1	10	1	11	0.806745291	NA	11	0	0	11	0	0	2	1	5.10215525	11	0
chr10	106000000	chr17	91000000	1	10	1	11	0.996193409	NA	11	0	0	11	0	0	3	1	5.39171851	11	0
chr10	107000000	chr17	91000000	19	10	19	11	0.999999166	NA	11	0	0	11	0	0	3	1	5.68551569	11	0
chr10	107000000	chr17	37000000	1	10	1	11	0.969218314	NA	11	0	0	11	0	0	2	1	4.69505882	11	0
chr10	107000000	chr17	79000000	1	10	1	11	0.63012594	NA	11	0	0	11	0	0	2	1	3.50388772	11	0
chr10	107000000	chr17	92000000	1	00	1	11	0.999788225	NA	11	0	0	11	0	1	4	1	5.7085957	11	0
chr10	108000000	chr17	92000000	6	10	6	11	0.999972701	NA	11	0	0	11	0	0	3	1	5.45779272	11	0
chr10	108000000	chr17	93000000	1	10	1	11	0.989621401	NA	11	0	0	11	0	0	2	1	5.08343126	11	0
chr10	108000000	chr17	91000000	1	10	1	11	0.999049246	NA	11	0	0	11	0	0	3	1	5.38792659	11	0
chr10	109000000	chr17	92000000	9	10	9	11	0.999991417	NA	11	0	0	11	0	0	3	1	5.82100269	11	0
chr10	109000000	chr17	91000000	8	10	8	11	0.999949098	NA	11	0	0	11	0	0	3	1	5.76445714	11	0
chr10	127000000	chr17	91000000	1	10	1	11	0.994675875	NA	11	0	0	11	0	0	3	1	4.65062503	11	0
chr10	127000000	chr17	93000000	8	10	8	11	0.999808133	NA	11	0	0	11	0	0	3	1	4.49305916	11	0
chr10	127000000	chr17	90000000	7	10	6	11	0.999670744	NA	11	0	0	11	0	1	3	1	4.65100684	11	0
chr10	128000000	chr17	90000000	1	10	1	11	0.80634445	NA	11	0	0	11	0	0	3	1	3.93035659	11	0
chr10	128000000	chr17	93000000	1	10	1	11	0.996990919	NA	11	0	0	11	0	0	3	1	3.55918667	11	0
chr10	128000000	chr17	92000000	2	10	2	11	0.802931666	NA	11	0	0	11	0	0	3	1	3.91076857	11	0
chr10	129000000	chr17	91000000	4	10	4	11	0.995704472	NA	11	0	0	11	0	0	3	1	4.91077623	11	0
chr10	129000000	chr17	92000000	2	01	1	11	0.999581516	NA	11	0	0	11	0	0	2	1	4.96625608	11	0
chr10	6000000	chr18	40000000	1	11	1	11	0.52854979	NA	11	1	1	11	1	1	1	1	0.410659603	11	0
chr10	6000000	chr18	76000000	1	00	1	11	0.327866167	NA	11	0	0	11	0	1	4	1	0.620500563	11	0
chr10	7000000	chr18	68000000	1	11	1	11	0.291213661	NA	11	1	1	11	1	1	1	1	0.264751733	11	0
chr10	7000000	chr18	67000000	3	11	3	11	0.334066778	NA	11	3	3	11	3	3	1	1	0.367563406	11	0
chr10	7000000	chr18	33000000	13	11	13	11	0.889444649	NA	11	13	13	11	13	13	1	1	1.21440515	11	0
chr10	7000000	chr18	32000000	1	11	1	11	0.524730563	NA	11	1	1	11	1	1	1	1	0.976446804	11	0
chr10	8000000	chr18	33000000	7	11	7	11	0.753589213	NA	11	7	7	11	7	7	1	1	1.06615037	11	0
chr10	8000000	chr18	21000000	2	11	2	11	0.293866366	NA	11	2	2	11	2	2	1	1	0.9460708	11	0
chr10	8000000	chr18	32000000	2	11	2	11	0.521070957	NA	11	2	2	11	2	2	1	1	0.821592054	11	0
chr10	34000000	chr18	33000000	2	11	2	11	0.690529048	NA	11	2	2	11	2	2	1	1	1.88994218	11	0
chr10	34000000	chr18	21000000	3	11	3	11	0.479666203	NA	11	3	3	11	3	3	1	1	1.4915892	11	0
chr10	35000000	chr18	33000000	1	11	1	11	0.415284991	NA	11	1	1	11	1	1	1	1	1.19714544	11	0
chr10	36000000	chr18	33000000	1	11	1	11	0.397295773	NA	11	1	1	11	1	1	1	1	0.820645251	11	0
chr10	36000000	chr18	20000000	1	11	1	11	0.372914195	NA	11	1	1	11	1	1	1	1	0.657396052	11	0
chr10	59000000	chr18	20000000	6	11	6	11	0.384076595	NA	11	6	6	11	6	6	1	1	0.635242429	11	0
chr10	21000000	chr19	16000000	1	10	1	01	0.25	NA	00	0	0	10	1	0	1	4	0.813152116	10	0
chr10	47000000	chr19	7000000	1	10	1	10	0.298334181	NA	10	1	1	10	1	1	1	1	1.81844549	10	0
chr11	83000000	chr13	55000000	1	01	1	01	0.740424752	NA	01	1	1	01	1	1	1	1	3.80930448	01	0
chr11	87000000	chr13	75000000	4	01	4	01	0.520586848	NA	01	4	4	01	4	4	1	1	3.76554192	01	0
chr11	92000000	chr13	48000000	1	01	1	01	0.995771468	NA	01	1	1	01	1	1	1	1	6.06168524	01	0
chr11	92000000	chr13	49000000	1	01	1	01	0.999971151	NA	01	1	1	01	1	1	1	1	5.88120921	01	0
chr11	92000000	chr13	47000000	4	01	4	01	0.999988914	NA	01	4	4	01	4	4	1	1	6.0939222	01	0
chr11	99000000	chr13	47000000	4	01	4	01	0.999995947	NA	01	4	4	01	4	4	1	1	5.4713827	01	0
chr11	99000000	chr13	49000000	3	01	3	01	1	NA	01	3	3	01	3	3	1	1	5.12440903	01	0
chr11	99000000	chr13	48000000	1	01	1	01	0.999970317	NA	01	1	1	01	1	1	1	1	5.44323443	01	0
chr11	100000000	chr13	49000000	13	01	13	01	1	NA	01	13	13	01	13	13	1	1	4.77325587	01	0
chr11	100000000	chr13	47000000	4	01	4	01	0.981775761	NA	01	4	4	01	4	4	1	1	4.84691185	01	0
chr11	100000000	chr13	48000000	5	01	5	01	0.999991894	NA	01	5	5	01	5	5	1	1	5.03125218	01	0
chr11	100000000	chr13	51000000	9	01	9	01	0.998774111	NA	01	9	9	01	9	9	1	1	4.33372402	01	0
chr11	100000000	chr13	56000000	6	01	6	01	0.999997377	NA	01	6	6	01	6	6	1	1	5.09797583	01	0
chr11	100000000	chr13	52000000	3	01	3	01	0.998993695	NA	01	3	3	01	3	3	1	1	4.19501374	01	0
chr11	100000000	chr13	55000000	5	01	5	01	0.999999642	NA	01	5	5	01	5	5	1	1	4.64793101	01	0
chr11	100000000	chr13	29000000	2	01	2	01	0.981966138	NA	01	2	2	01	2	2	1	1	4.84181701	01	0
chr11	101000000	chr13	29000000	5	01	5	01	0.997052908	NA	01	5	5	01	5	5	1	1	5.04842608	01	0
chr11	101000000	chr13	55000000	4	01	4	01	0.999351442	NA	01	4	4	01	4	4	1	1	4.53802344	01	0
chr11	101000000	chr13	24000000	3	01	3	01	0.954169631	NA	01	3	3	01	3	3	1	1	4.0339581	01	0
chr11	101000000	chr13	57000000	2	01	2	01	0.998789966	NA	01	2	2	01	2	2	1	1	4.48774633	01	0
chr11	101000000	chr13	53000000	8	01	8	01	0.999517441	NA	01	8	8	01	8	8	1	1	3.93559751	01	0
chr11	101000000	chr13	54000000	3	01	3	01	0.999789298	NA	01	3	3	01	3	3	1	1	4.41278773	01	0
chr11	101000000	chr13	28000000	2	01	2	01	0.987265825	NA	01	2	2	01	2	2	1	1	4.91197978	01	0
chr11	101000000	chr13	23000000	1	00	1	01	0.95287472	NA	01	0	0	01	0	0	3	1	3.69668105	01	0
chr11	102000000	chr13	55000000	4	01	4	01	0.999712169	NA	01	4	4	01	4	4	1	1	3.80020651	01	0
chr11	102000000	chr13	29000000	1	01	1	01	0.870633721	NA	01	1	1	01	1	1	1	1	3.93438963	01	0
chr11	102000000	chr13	54000000	2	01	2	01	0.982759476	NA	01	2	2	01	2	2	1	1	4.07130241	01	0
chr11	104000000	chr13	49000000	2	01	2	01	0.926294088	NA	01	2	2	01	2	2	1	1	3.77844814	01	0
chr11	104000000	chr13	48000000	1	01	1	01	0.996544302	NA	01	1	1	01	1	1	1	1	3.91672105	01	0
chr11	105000000	chr13	47000000	3	01	3	01	0.985155761	NA	01	3	3	01	3	3	1	1	4.13178612	01	0
chr11	105000000	chr13	49000000	5	01	5	01	0.999346077	NA	01	5	5	01	5	5	1	1	3.95955356	01	0
chr11	106000000	chr13	75000000	1	01	1	01	0.941533625	NA	01	1	1	01	1	1	1	1	4.29761275	01	0
chr11	107000000	chr13	24000000	1	01	1	01	0.783577621	NA	01	1	1	01	1	1	1	1	3.00675445	01	0
chr11	109000000	chr13	49000000	2	01	2	01	0.999929786	NA	01	2	2	01	2	2	1	1	4.10741845	01	0
chr11	109000000	chr13	48000000	4	01	4	01	0.999873161	NA	01	4	4	01	4	4	1	1	4.22972667	01	0
chr11	109000000	chr13	50000000	2	01	2	01	0.999858737	NA	01	2	2	01	2	2	1	1	3.53780064	01	0
chr11	110000000	chr13	50000000	2	01	2	01	0.999904871	NA	01	2	2	01	2	2	1	1	4.61049058	01	0
chr11	110000000	chr13	47000000	19	01	19	01	1	NA	01	19	19	01	19	19	1	1	5.03712412	01	0
chr11	110000000	chr13	49000000	1	01	1	01	0.989426136	NA	01	1	1	01	1	1	1	1	4.74325654	01	0
chr11	110000000	chr13	48000000	11	01	11	01	1	NA	01	11	11	01	11	11	1	1	4.92750367	01	0
chr11	111000000	chr13	47000000	8	01	8	01	1	NA	01	8	8	01	8	8	1	1	5.43614966	01	0
chr11	111000000	chr13	48000000	10	01	10	01	0.999999881	NA	01	10	10	01	10	10	1	1	5.39379044	01	0
chr11	111000000	chr13	80000000	5	01	5	01	0.999996305	NA	01	5	5	01	5	5	1	1	4.73833785	01	0
chr11	111000000	chr13	81000000	5	01	5	01	0.999940276	NA	01	5	5	01	5	5	1	1	4.43961344	01	0
chr11	111000000	chr13	85000000	8	01	8	01	0.999879479	NA	01	8	8	01	8	8	1	1	4.39215731	01	0
chr11	111000000	chr13	84000000	1	01	1	01	0.999849319	NA	01	1	1	01	1	1	1	1	4.17188349	01	0
chr11	111000000	chr13	83000000	1	01	1	01	0.894149542	NA	01	1	1	01	1	1	1	1	3.65009092	01	0
chr11	112000000	chr13	48000000	12	01	11	01	0.999998689	NA	01	11	11	01	11	11	1	1	5.31745789	01	0
chr11	112000000	chr13	46000000	2	01	2	01	0.999877214	NA	01	2	2	01	2	2	1	1	5.18901524	01	0
chr11	112000000	chr13	81000000	7	01	7	01	0.999992847	NA	01	7	7	01	7	7	1	1	4.80918161	01	0
chr11	112000000	chr13	85000000	2	01	2	01	0.999685884	NA	01	2	2	01	2	2	1	1	4.7577708	01	0
chr11	112000000	chr13	80000000	9	01	9	01	0.999982238	NA	01	9	9	01	9	9	1	1	5.05121514	01	0
chr11	112000000	chr13	47000000	1	01	1	01	0.998639524	NA	01	1	1	01	1	1	1	1	5.28878497	01	0
chr11	112000000	chr13	84000000	3	01	3	01	0.999966502	NA	01	3	3	01	3	3	1	1	4.57746749	01	0
chr11	112000000	chr13	51000000	1	01	1	01	0.959501505	NA	01	1	1	01	1	1	1	1	4.83474806	01	0
chr11	112000000	chr13	49000000	4	01	4	01	0.999990344	NA	01	4	4	01	4	4	1	1	4.93549769	01	0
chr11	113000000	chr13	81000000	2	01	2	01	0.90737468	NA	01	2	2	01	2	2	1	1	4.04255214	01	0
chr11	113000000	chr13	84000000	4	01	4	01	0.996417284	NA	01	4	4	01	4	4	1	1	3.79817635	01	0
chr11	113000000	chr13	85000000	2	01	2	01	0.999769747	NA	01	2	2	01	2	2	1	1	4.03662707	01	0
chr11	113000000	chr13	48000000	1	01	1	01	0.999697566	NA	01	1	1	01	1	1	1	1	5.22306889	01	0
chr11	114000000	chr13	55000000	1	01	1	01	0.928047538	NA	01	1	1	01	1	1	1	1	3.77773949	01	0
chr11	115000000	chr13	54000000	6	01	6	01	0.997891128	NA	01	6	6	01	6	6	1	1	3.97276144	01	0
chr11	115000000	chr13	55000000	10	01	10	01	0.999400616	NA	01	10	10	01	10	10	1	1	3.51119843	01	0
chr11	117000000	chr13	54000000	10	01	9	01	0.999935269	NA	01	9	9	01	9	9	1	1	4.07958588	01	0
chr11	117000000	chr13	59000000	1	01	1	01	0.864730716	NA	01	1	1	01	1	1	1	1	2.61882007	01	0
chr11	118000000	chr13	29000000	2	01	1	01	0.625366151	NA	01	1	1	01	1	2	1	1	4.1176159	01	0
chr11	118000000	chr13	54000000	3	01	3	01	0.999923706	NA	01	3	3	01	3	3	1	1	4.05247556	01	0
chr11	119000000	chr13	54000000	9	01	9	01	0.999997973	NA	01	9	9	01	9	9	1	1	4.27772133	01	0
chr11	119000000	chr13	55000000	6	01	6	01	0.999972701	NA	01	6	6	01	6	6	1	1	3.96477507	01	0
chr11	120000000	chr13	59000000	17	01	17	01	0.999396682	NA	01	17	17	01	17	17	1	1	2.70949005	01	0
chr11	120000000	chr13	58000000	4	01	4	01	0.999691844	NA	01	4	4	01	4	4	1	1	2.83583993	01	0
chr11	120000000	chr13	98000000	2	00	1	01	0.468124211	NA	01	1	1	01	1	1	3	1	3.25161663	01	0
chr11	120000000	chr13	54000000	2	01	2	01	0.999656081	NA	01	2	2	01	2	2	1	1	3.59819365	01	0
chr11	120000000	chr13	23000000	2	01	2	01	0.914067507	NA	01	2	2	01	2	2	1	1	3.25540981	01	0
chr11	120000000	chr13	29000000	3	01	3	01	0.948140085	NA	01	3	3	01	3	3	1	1	4.31590004	01	0
chr11	120000000	chr13	57000000	2	01	2	01	0.908908844	NA	01	2	2	01	2	2	1	1	3.49413027	01	0
chr11	120000000	chr13	67000000	5	01	5	01	0.998589814	NA	01	5	5	01	5	5	1	1	3.60634721	01	0
chr11	120000000	chr13	30000000	1	01	1	01	0.976326823	NA	01	1	1	01	1	1	1	1	3.68903589	01	0
chr11	120000000	chr13	68000000	1	01	1	01	0.963981986	NA	01	1	1	01	1	1	1	1	3.14475602	01	0
chr11	121000000	chr13	69000000	2	01	2	01	0.997573674	NA	01	2	2	01	2	2	1	1	3.5286042	01	0
chr11	121000000	chr13	27000000	4	01	4	01	0.912184477	NA	01	4	4	01	4	4	1	1	4.54042204	01	0
chr11	121000000	chr13	75000000	7	01	7	01	0.999911785	NA	01	7	7	01	7	7	1	1	3.70387686	01	0
chr11	121000000	chr13	28000000	2	01	2	01	0.784514964	NA	01	2	2	01	2	2	1	1	4.55181676	01	0
chr11	121000000	chr13	68000000	3	01	3	01	0.950137675	NA	01	3	3	01	3	3	1	1	3.38563709	01	0
chr11	121000000	chr13	72000000	1	01	1	01	0.99268806	NA	01	1	1	01	1	1	1	1	3.25868217	01	0
chr11	121000000	chr13	56000000	2	01	2	01	0.992915988	NA	01	2	2	01	2	2	1	1	3.8748887	01	0
chr11	121000000	chr13	57000000	3	01	3	01	0.999375522	NA	01	3	3	01	3	3	1	1	3.82142448	01	0
chr11	121000000	chr13	99000000	1	01	1	01	0.585609555	NA	01	1	1	01	1	1	1	1	3.98517354	01	0
chr11	49000000	chr14	13000000	8	11	7	11	0.99956733	NA	11	7	7	11	7	7	1	1	4.13934478	11	0
chr11	49000000	chr14	12000000	2	11	2	11	0.873466969	NA	11	2	2	11	2	2	1	1	3.76460573	11	0
chr11	50000000	chr14	13000000	2	11	2	11	0.784372985	NA	11	2	2	11	2	2	1	1	3.88479558	11	0
chr11	73000000	chr14	14000000	1	11	1	11	0.880122423	NA	11	1	1	11	1	1	1	1	2.79203577	11	0
chr11	73000000	chr14	15000000	2	11	2	11	0.915243745	NA	11	2	2	11	2	2	1	1	3.5478199	11	0
chr11	73000000	chr14	13000000	4	11	4	11	0.949343383	NA	11	4	4	11	4	4	1	1	3.99245609	11	0
chr11	73000000	chr14	12000000	1	11	1	11	0.771453917	NA	11	1	1	11	1	1	1	1	3.64469062	11	0
chr11	74000000	chr14	13000000	3	11	3	11	0.982889056	NA	11	3	3	11	3	3	1	1	4.0871367	11	0
chr11	75000000	chr14	121000000	2	11	2	11	0.778772235	NA	11	2	2	11	2	2	1	1	4.06716861	11	0
chr11	75000000	chr14	120000000	2	11	2	11	0.878089905	NA	11	2	2	11	2	2	1	1	3.71952531	11	0
chr11	75000000	chr14	12000000	1	10	1	11	0.72570008	NA	11	0	0	11	0	0	2	1	3.69279258	11	0
chr11	75000000	chr14	118000000	4	11	4	11	0.967517197	NA	11	4	4	11	4	4	1	1	4.27876486	11	0
chr11	75000000	chr14	13000000	1	11	1	11	0.898966312	NA	11	1	1	11	1	1	1	1	3.96462007	11	0
chr11	76000000	chr14	118000000	15	11	15	11	0.999859691	NA	11	15	15	11	15	15	1	1	4.21617137	11	0
chr11	76000000	chr14	121000000	8	11	8	11	0.99848938	NA	11	8	8	11	8	8	1	1	4.08352145	11	0
chr11	77000000	chr14	13000000	1	11	1	11	0.981679082	NA	11	1	1	11	1	1	1	1	4.06854832	11	0
chr11	90000000	chr14	13000000	1	11	1	11	0.849116266	NA	11	1	1	11	1	1	1	1	4.32305838	11	0
chr11	99000000	chr14	13000000	3	11	3	11	0.999723971	NA	11	3	3	11	3	3	1	1	4.45420471	11	0
chr11	99000000	chr14	12000000	2	11	2	11	0.987971008	NA	11	2	2	11	2	2	1	1	4.18506684	11	0
chr11	99000000	chr14	116000000	2	11	2	11	0.998948634	NA	11	2	2	11	2	2	1	1	4.00314431	11	0
chr11	99000000	chr14	121000000	1	11	1	11	0.918736994	NA	11	1	1	11	1	1	1	1	4.10493629	11	0
chr11	100000000	chr14	117000000	1	11	1	11	0.973805964	NA	11	1	1	11	1	1	1	1	4.30268862	11	0
chr11	100000000	chr14	121000000	6	11	6	11	0.999407649	NA	11	6	6	11	6	6	1	1	4.49151689	11	0
chr11	100000000	chr14	13000000	1	11	1	11	0.994903564	NA	11	1	1	11	1	1	1	1	4.52131168	11	0
chr11	100000000	chr14	116000000	1	11	1	11	0.998919845	NA	11	1	1	11	1	1	1	1	4.36072858	11	0
chr11	101000000	chr14	12000000	6	11	6	11	0.997296154	NA	11	6	6	11	6	6	1	1	3.92138918	11	0
chr11	101000000	chr14	118000000	10	11	10	11	0.999954939	NA	11	10	10	11	10	10	1	1	4.27677423	11	0
chr11	102000000	chr14	118000000	6	11	6	11	0.999989986	NA	11	6	6	11	6	6	1	1	3.86075019	11	0
chr11	103000000	chr14	118000000	7	11	7	11	0.999999523	NA	11	7	7	11	7	7	1	1	3.79018765	11	0
chr11	104000000	chr14	65000000	8	10	8	11	0.817522407	NA	11	0	0	11	0	0	2	1	1.85443543	11	0
chr11	104000000	chr14	72000000	1	10	1	11	0.889896572	NA	11	0	0	11	0	0	2	1	2.55867417	11	0
chr11	104000000	chr14	67000000	7	10	7	11	0.917404056	NA	11	0	0	11	0	0	2	1	2.05882121	11	0
chr11	104000000	chr14	68000000	1	10	1	11	0.742776513	NA	11	0	0	11	0	0	2	1	2.25562596	11	0
chr11	104000000	chr14	69000000	1	10	1	11	0.81029743	NA	11	0	0	11	0	0	2	1	2.59834035	11	0
chr11	104000000	chr14	66000000	1	10	1	11	0.88935709	NA	11	0	0	11	0	0	2	1	2.56706169	11	0
chr11	104000000	chr14	11000000	11	11	11	11	0.999769747	NA	11	11	11	11	11	11	1	1	3.74737338	11	0
chr11	104000000	chr14	12000000	3	11	3	11	0.925903797	NA	11	3	3	11	3	3	1	1	3.61180644	11	0
chr11	104000000	chr14	13000000	1	11	1	11	0.958971918	NA	11	1	1	11	1	1	1	1	3.83360208	11	0
chr11	105000000	chr14	12000000	2	11	2	11	0.830790758	NA	11	2	2	11	2	2	1	1	3.77354044	11	0
chr11	105000000	chr14	11000000	6	11	6	11	0.99811852	NA	11	6	6	11	6	6	1	1	3.63328925	11	0
chr11	105000000	chr14	21000000	1	11	1	11	0.760270596	NA	11	1	1	11	1	1	1	1	2.26728991	11	0
chr11	107000000	chr14	118000000	6	11	6	11	0.999677896	NA	11	6	6	11	6	6	1	1	3.62970385	11	0
chr11	108000000	chr14	118000000	8	11	8	11	0.999999762	NA	11	8	8	11	8	8	1	1	4.26476451	11	0
chr11	108000000	chr14	121000000	3	11	3	11	0.999808967	NA	11	3	3	11	3	3	1	1	4.07790111	11	0
chr11	108000000	chr14	12000000	1	11	1	11	0.831365705	NA	11	1	1	11	1	1	1	1	3.71883566	11	0
chr11	109000000	chr14	121000000	6	11	6	11	0.999999762	NA	11	6	6	11	6	6	1	1	4.86830988	11	0
chr11	109000000	chr14	118000000	9	11	9	11	1	NA	11	9	9	11	9	9	1	1	4.86064922	11	0
chr11	109000000	chr14	120000000	14	11	14	11	0.999993682	NA	11	14	14	11	14	14	1	1	4.56647631	11	0
chr11	109000000	chr14	119000000	1	11	1	11	0.988928854	NA	11	1	1	11	1	1	1	1	4.37864488	11	0
chr11	109000000	chr14	117000000	6	11	6	11	0.999995351	NA	11	6	6	11	6	6	1	1	4.64156963	11	0
chr11	109000000	chr14	116000000	1	11	1	11	0.992323995	NA	11	1	1	11	1	1	1	1	4.69573653	11	0
chr11	110000000	chr14	120000000	6	11	5	11	0.999979734	NA	11	5	5	11	5	5	1	1	4.92379857	11	0
chr11	110000000	chr14	117000000	14	11	14	11	1	NA	11	14	14	11	14	14	1	1	4.99159786	11	0
chr11	110000000	chr14	119000000	1	11	1	11	0.998478234	NA	11	1	1	11	1	1	1	1	4.81310999	11	0
chr11	110000000	chr14	116000000	2	11	2	11	0.999997139	NA	11	2	2	11	2	2	1	1	5.0642441	11	0
chr11	110000000	chr14	121000000	6	11	6	11	0.999991298	NA	11	6	6	11	6	6	1	1	5.0796148	11	0
chr11	111000000	chr14	117000000	9	11	9	11	0.999999404	NA	11	9	9	11	9	9	1	1	4.83780402	11	0
chr11	111000000	chr14	120000000	1	11	1	11	0.99921155	NA	11	1	1	11	1	1	1	1	4.97973321	11	0
chr11	111000000	chr14	116000000	2	11	2	11	0.999997973	NA	11	2	2	11	2	2	1	1	4.93443439	11	0
chr11	111000000	chr14	119000000	1	11	1	11	0.996765733	NA	11	1	1	11	1	1	1	1	4.73233225	11	0
chr11	112000000	chr14	12000000	1	11	1	11	0.941861749	NA	11	1	1	11	1	1	1	1	4.43564114	11	0
chr11	113000000	chr14	118000000	2	01	1	11	0.997514367	NA	11	1	1	11	1	1	4	1	4.19260849	11	0
chr11	113000000	chr14	12000000	1	11	1	11	0.934400976	NA	11	1	1	11	1	1	1	1	4.23881798	11	0
chr11	113000000	chr14	121000000	2	11	2	11	0.999974489	NA	11	2	2	11	2	2	1	1	4.30495873	11	0
chr11	114000000	chr14	118000000	2	11	2	11	0.937974393	NA	11	2	2	11	2	2	1	1	3.8164436	11	0
chr11	115000000	chr14	118000000	3	11	3	11	0.994559944	NA	11	3	3	11	3	3	1	1	3.89780549	11	0
chr11	118000000	chr14	118000000	4	11	4	11	0.999625564	NA	11	4	4	11	4	4	1	1	3.26246356	11	0
chr11	65000000	chr15	8000000	2	11	2	11	0.533729196	NA	11	2	2	11	2	2	1	1	4.06948749	11	0
chr11	67000000	chr15	8000000	2	11	2	11	0.46430999	NA	11	2	2	11	2	2	1	1	3.81720174	11	0
chr11	79000000	chr15	8000000	2	11	2	11	0.25	NA	00	0	0	11	2	2	1	1	4.08651413	11	0
chr11	87000000	chr17	50000000	4	00	4	00	0.872635186	NA	00	4	4	00	4	4	1	1	6.77380467	00	0
chr11	87000000	chr17	66000000	4	00	4	00	0.771564782	NA	00	4	4	00	4	4	1	1	6.8262618	00	0
chr11	120000000	chr17	28000000	5	00	5	00	0.663929701	NA	00	5	5	00	5	5	1	1	4.59406309	00	0
chr11	120000000	chr17	25000000	2	00	2	00	0.456261873	NA	00	2	2	00	2	2	1	1	4.23154077	00	0
chr11	53000000	chr19	47000000	1	11	1	01	0.758358419	NA	01	0	0	01	0	0	2	1	4.06132406	01	0
chr11	59000000	chr19	12000000	1	11	1	01	0.982901335	NA	01	0	0	01	0	0	3	1	2.91948689	01	0
chr11	62000000	chr19	5000000	2	10	1	01	0.955854177	NA	01	0	0	01	0	1	3	1	3.79580668	01	0
chr11	63000000	chr19	47000000	14	11	14	01	0.999784529	NA	01	0	0	01	0	0	2	1	4.23560527	01	0
chr11	63000000	chr19	17000000	3	11	3	01	0.959077001	NA	01	0	0	01	0	0	2	1	3.95243641	01	0
chr11	64000000	chr19	19000000	4	11	4	01	0.998308539	NA	01	0	0	01	0	0	2	1	3.85285357	01	0
chr11	64000000	chr19	17000000	1	11	1	01	0.931062937	NA	01	0	0	01	0	0	2	1	4.00114187	01	0
chr11	64000000	chr19	11000000	4	11	4	01	0.974109352	NA	01	0	0	01	0	0	3	1	1.50718331	01	0
chr11	64000000	chr19	47000000	2	11	2	01	0.997563004	NA	01	0	0	01	0	0	2	1	4.27862351	01	0
chr11	65000000	chr19	47000000	11	11	11	01	0.999475181	NA	01	0	0	01	0	0	2	1	3.98890469	01	0
chr11	65000000	chr19	11000000	8	11	8	01	0.963735163	NA	01	0	0	01	0	0	3	1	1.10017048	01	0
chr11	65000000	chr19	17000000	2	11	2	01	0.995077312	NA	01	0	0	01	0	0	2	1	3.68969168	01	0
chr11	65000000	chr19	19000000	3	11	3	01	0.979018092	NA	01	0	0	01	0	0	2	1	3.63836081	01	0
chr11	67000000	chr19	47000000	8	11	8	01	0.999396324	NA	01	0	0	01	0	0	2	1	4.21848402	01	0
chr11	67000000	chr19	11000000	7	11	7	01	0.941472948	NA	01	0	0	01	0	0	3	1	1.36601776	01	0
chr11	67000000	chr19	17000000	4	11	4	01	0.956427217	NA	01	0	0	01	0	0	2	1	3.94913141	01	0
chr11	67000000	chr19	19000000	1	11	1	01	0.908728898	NA	01	0	0	01	0	0	2	1	3.87164508	01	0
chr11	67000000	chr19	12000000	2	11	2	01	0.879072309	NA	01	0	0	01	0	0	3	1	2.0606727	01	0
chr11	68000000	chr19	47000000	5	11	4	01	0.999558032	NA	01	0	0	01	0	0	2	1	4.58565285	01	0
chr11	68000000	chr19	17000000	2	01	1	01	0.991563797	NA	01	1	1	01	1	1	1	1	4.36407199	01	0
chr11	68000000	chr19	12000000	2	11	2	01	0.980500817	NA	01	0	0	01	0	0	3	1	2.37454997	01	0
chr11	68000000	chr19	41000000	2	11	2	01	0.988313019	NA	01	0	0	01	0	0	2	1	4.11790771	01	0
chr11	68000000	chr19	43000000	2	11	2	01	0.878761768	NA	01	0	0	01	0	0	2	1	3.87659727	01	0
chr11	68000000	chr19	42000000	1	11	1	01	0.883678973	NA	01	0	0	01	0	0	2	1	4.18117917	01	0
chr11	69000000	chr19	42000000	5	11	5	01	0.999253213	NA	01	0	0	01	0	0	2	1	4.04067331	01	0
chr11	69000000	chr19	41000000	1	11	1	01	0.995655179	NA	01	0	0	01	0	0	2	1	4.22380289	01	0
chr11	70000000	chr19	42000000	13	11	13	01	0.999111235	NA	01	0	0	01	0	0	2	1	3.26997232	01	0
chr11	70000000	chr19	41000000	1	11	1	01	0.986828864	NA	01	0	0	01	0	0	2	1	3.41445976	01	0
chr11	70000000	chr19	5000000	1	11	1	01	0.866279244	NA	01	0	0	01	0	0	2	1	3.29888612	01	0
chr11	79000000	chr19	11000000	2	11	2	01	0.475223869	NA	01	0	0	01	0	0	3	1	0.940546984	01	0
chr11	79000000	chr19	46000000	7	11	7	01	0.999406457	NA	01	0	0	01	0	0	2	1	4.15458438	01	0
chr11	79000000	chr19	21000000	1	11	1	01	0.479227155	NA	01	0	0	01	0	0	3	1	2.15506423	01	0
chr11	86000000	chr19	47000000	1	11	1	01	0.778408706	NA	01	0	0	01	0	0	2	1	3.79401829	01	0
chr11	97000000	chr19	45000000	1	11	1	01	0.996237874	NA	01	0	0	01	0	0	2	1	4.91200338	01	0
chr11	97000000	chr19	46000000	1	11	1	01	0.958354056	NA	01	0	0	01	0	0	2	1	4.76660639	01	0
chr11	98000000	chr19	46000000	1	11	1	01	0.95957154	NA	01	0	0	01	0	0	2	1	5.39077976	01	0
chr11	104000000	chr19	45000000	1	11	1	01	0.876101136	NA	01	0	0	01	0	0	2	1	4.29212116	01	0
chr11	115000000	chr19	46000000	2	11	2	01	0.999997735	NA	01	0	0	01	0	0	2	1	5.49038511	01	0
chr11	115000000	chr19	10000000	2	11	2	01	0.922724545	NA	01	0	0	01	0	0	3	1	1.83021934	01	0
chr11	115000000	chr19	44000000	3	11	3	01	0.999596894	NA	01	0	0	01	0	0	2	1	5.06945441	01	0
chr11	115000000	chr19	9000000	1	11	1	01	0.934810817	NA	01	0	0	01	0	0	3	1	2.75408701	01	0
chr11	116000000	chr19	43000000	5	11	5	01	0.996987522	NA	01	0	0	01	0	0	2	1	4.31145069	01	0
chr11	116000000	chr19	44000000	2	11	2	01	0.986654103	NA	01	0	0	01	0	0	2	1	4.38702496	01	0
chr11	116000000	chr19	9000000	2	01	1	01	0.964362442	NA	01	1	1	01	1	1	1	1	2.57634502	01	0
chr11	116000000	chr19	45000000	2	11	2	01	0.999093771	NA	01	0	0	01	0	0	2	1	5.04182543	01	0
chr11	117000000	chr19	6000000	1	11	1	01	0.842397749	NA	01	0	0	01	0	0	3	1	4.53955073	01	0
chr11	117000000	chr19	45000000	3	11	3	01	0.999632716	NA	01	0	0	01	0	0	2	1	5.04485343	01	0
chr11	118000000	chr19	6000000	12	11	11	01	0.999996901	NA	01	0	0	01	0	1	3	1	4.71086759	01	0
chr11	118000000	chr19	45000000	1	11	1	01	0.985289872	NA	01	0	0	01	0	0	2	1	5.25281108	01	0
chr11	119000000	chr19	6000000	10	11	9	01	0.999817073	NA	01	1	1	01	1	1	3	1	4.59844028	01	0
chr11	119000000	chr19	5000000	6	10	5	01	0.972090781	NA	01	0	0	01	0	5	2	1	4.44392788	01	0
chr11	119000000	chr19	25000000	1	11	1	01	0.491802305	NA	01	0	0	01	0	0	2	1	3.03325026	01	0
chr11	119000000	chr19	44000000	1	11	1	01	0.995471239	NA	01	0	0	01	0	0	2	1	4.57335383	01	0
chr11	120000000	chr19	43000000	1	11	1	01	0.870262325	NA	01	0	0	01	0	0	2	1	4.00674741	01	0
chr11	120000000	chr19	45000000	4	10	2	01	0.999935031	NA	01	0	0	01	0	2	4	1	4.93565211	01	0
chr11	120000000	chr19	44000000	5	11	5	01	0.999840856	NA	01	0	0	01	0	0	2	1	4.45763876	01	0
chr11	120000000	chr19	6000000	5	11	5	01	0.999940634	NA	01	0	0	01	0	0	2	1	4.53880431	01	0
chr11	120000000	chr19	5000000	8	11	8	01	0.999991775	NA	01	0	0	01	0	0	3	1	4.59532101	01	0
chr11	120000000	chr19	25000000	1	11	1	01	0.396488428	NA	01	0	0	01	0	0	2	1	2.66917464	01	0
chr11	121000000	chr19	42000000	1	11	1	01	0.988411844	NA	01	0	0	01	0	0	2	1	4.72582983	01	0
chr11	121000000	chr19	6000000	4	11	4	01	0.999382973	NA	01	0	0	01	0	0	3	1	4.80840827	01	0
chr11	121000000	chr19	45000000	2	11	2	01	0.99733609	NA	01	0	0	01	0	0	2	1	5.89145394	01	0
chr11	121000000	chr19	46000000	4	11	4	01	0.999988317	NA	01	0	0	01	0	0	2	1	5.47464295	01	0
chr11	6000000	chrX	9000000	1	01	1	01	0.999056756	NA	01	1	1	01	1	1	1	1	4.72765761	01	0
chr11	6000000	chrX	10000000	2	01	2	01	0.996933699	NA	01	2	2	01	2	2	1	1	4.42756134	01	0
chr11	7000000	chrX	10000000	4	01	4	01	0.999660134	NA	01	4	4	01	4	4	1	1	5.07585942	01	0
chr11	7000000	chrX	11000000	5	01	5	01	0.998553932	NA	01	5	5	01	5	5	1	1	5.1559012	01	0
chr11	7000000	chrX	12000000	14	01	14	01	0.999956489	NA	01	14	14	01	14	14	1	1	4.88038485	01	0
chr11	7000000	chrX	9000000	1	01	1	01	0.999321818	NA	01	1	1	01	1	1	1	1	5.34779816	01	0
chr11	8000000	chrX	13000000	1	01	1	01	0.986183167	NA	01	1	1	01	1	1	1	1	4.61429876	01	0
chr11	8000000	chrX	10000000	1	01	1	01	0.996824026	NA	01	1	1	01	1	1	1	1	4.77275415	01	0
chr11	8000000	chrX	9000000	4	01	4	01	0.999914765	NA	01	4	4	01	4	4	1	1	4.96214366	01	0
chr11	8000000	chrX	11000000	4	01	4	01	0.999918222	NA	01	4	4	01	4	4	1	1	4.84550149	01	0
chr11	10000000	chrX	12000000	1	01	1	01	0.99901402	NA	01	1	1	01	1	1	1	1	5.06076548	01	0
chr11	13000000	chrX	12000000	1	01	1	01	0.908239961	NA	01	1	1	01	1	1	1	1	4.31146953	01	0
chr11	23000000	chrX	94000000	1	01	1	01	0.790041924	NA	01	1	1	01	1	1	1	1	5.53508726	01	0
chr11	23000000	chrX	96000000	1	01	1	01	0.671714544	NA	01	1	1	01	1	1	1	1	5.4787542	01	0
chr11	23000000	chrX	136000000	3	01	3	01	0.998217881	NA	01	3	3	01	3	3	1	1	5.9276001	01	0
chr11	23000000	chrX	60000000	1	01	1	01	0.492550611	NA	01	1	1	01	1	1	1	1	5.74051454	01	0
chr11	23000000	chrX	135000000	1	01	1	01	0.999020219	NA	01	1	1	01	1	1	1	1	6.00120293	01	0
chr11	23000000	chrX	83000000	1	01	1	01	0.989050508	NA	01	1	1	01	1	1	1	1	5.97386787	01	0
chr11	23000000	chrX	134000000	3	01	3	01	0.999986649	NA	01	3	3	01	3	3	1	1	6.00198654	01	0
chr11	24000000	chrX	39000000	4	01	4	01	0.989467084	NA	01	4	4	01	4	4	1	1	5.05173299	01	0
chr11	25000000	chrX	39000000	4	01	4	01	0.999657869	NA	01	4	4	01	4	4	1	1	5.2291818	01	0
chr11	25000000	chrX	135000000	4	01	4	01	0.999951363	NA	01	4	4	01	4	4	1	1	5.54559518	01	0
chr11	25000000	chrX	83000000	1	01	1	01	0.885394871	NA	01	1	1	01	1	1	1	1	5.56549849	01	0
chr11	25000000	chrX	133000000	3	01	3	01	0.999999523	NA	01	3	3	01	3	3	1	1	5.7276316	01	0
chr11	25000000	chrX	84000000	5	01	5	01	0.994513988	NA	01	5	5	01	5	5	1	1	5.64345244	01	0
chr11	26000000	chrX	134000000	1	01	1	01	0.995266795	NA	01	1	1	01	1	1	1	1	4.17912756	01	0
chr11	27000000	chrX	128000000	3	01	3	01	0.997951925	NA	01	3	3	01	3	3	1	1	4.91126031	01	0
chr11	27000000	chrX	147000000	1	01	1	01	0.840838432	NA	01	1	1	01	1	1	1	1	4.82996734	01	0
chr11	27000000	chrX	133000000	2	01	2	01	0.999998927	NA	01	2	2	01	2	2	1	1	4.85630131	01	0
chr11	29000000	chrX	121000000	1	01	1	01	0.938973367	NA	01	1	1	01	1	1	1	1	5.76282716	01	0
chr11	29000000	chrX	151000000	3	01	3	01	0.966330051	NA	01	3	3	01	3	3	1	1	5.76377908	01	0
chr11	29000000	chrX	134000000	2	01	2	01	0.99997592	NA	01	2	2	01	2	2	1	1	6.02396612	01	0
chr11	41000000	chrX	39000000	5	01	5	01	0.999950171	NA	01	5	5	01	5	5	1	1	8.50421056	01	0
chr11	51000000	chrX	85000000	6	01	6	01	0.999636292	NA	01	6	6	01	6	6	1	1	7.77064092	01	0
chr11	51000000	chrX	84000000	2	01	2	01	0.997146666	NA	01	2	2	01	2	2	1	1	8.13814548	01	0
chr11	51000000	chrX	39000000	1	01	1	01	0.940166593	NA	01	1	1	01	1	1	1	1	8.05177439	01	0
chr11	52000000	chrX	60000000	1	01	1	11	0.25	NA	00	0	0	01	1	0	1	2	6.5002184	01	0
chr11	53000000	chrX	94000000	1	01	1	01	0.848144412	NA	01	1	1	01	1	1	1	1	5.96435198	01	0
chr11	53000000	chrX	96000000	1	00	1	01	0.610763907	NA	01	0	0	01	0	0	3	1	5.90875162	01	0
chr11	71000000	chrX	39000000	1	01	1	01	0.933627129	NA	01	1	1	01	1	1	1	1	6.27073044	01	0
chr11	77000000	chrX	93000000	1	01	1	01	0.955065191	NA	01	1	1	01	1	1	1	1	6.79249967	01	0
chr11	80000000	chrX	134000000	1	01	1	01	0.999974966	NA	01	1	1	01	1	1	1	1	7.83328862	01	0
chr11	80000000	chrX	151000000	1	01	1	01	1	NA	01	1	1	01	1	1	1	1	8.04487418	01	0
chr11	86000000	chrX	151000000	2	01	2	01	0.999998808	NA	01	2	2	01	2	2	1	1	7.49891788	01	0
chr11	86000000	chrX	157000000	2	01	2	01	0.994029641	NA	01	2	2	01	2	2	1	1	7.52208365	01	0
chr11	86000000	chrX	158000000	2	01	2	01	0.999996662	NA	01	2	2	01	2	2	1	1	7.43812269	01	0
chr11	86000000	chrX	153000000	1	01	1	01	0.996411502	NA	01	1	1	01	1	1	1	1	7.20550098	01	0
chr11	86000000	chrX	162000000	1	01	1	01	0.999878287	NA	01	1	1	01	1	1	1	1	7.2368034	01	0
chr11	87000000	chrX	158000000	1	01	1	01	0.998426199	NA	01	1	1	01	1	1	1	1	6.78231939	01	0
chr11	87000000	chrX	167000000	1	11	1	01	0.999924183	NA	01	0	0	01	0	0	3	1	7.47806581	01	0
chr11	87000000	chrX	169000000	6	01	6	01	0.998039067	NA	01	6	6	01	6	6	1	1	7.39443404	01	0
chr11	87000000	chrX	137000000	8	01	8	01	0.999999404	NA	01	8	8	01	8	8	1	1	6.87302562	01	0
chr11	87000000	chrX	138000000	5	01	5	01	0.999998331	NA	01	5	5	01	5	5	1	1	6.30666263	01	0
chr11	87000000	chrX	163000000	1	01	1	01	0.987671375	NA	01	1	1	01	1	1	1	1	6.81953255	01	0
chr11	87000000	chrX	159000000	1	01	1	01	0.999600112	NA	01	1	1	01	1	1	1	1	7.15076638	01	0
chr11	88000000	chrX	138000000	7	01	7	01	0.999998689	NA	01	7	7	01	7	7	1	1	6.78322988	01	0
chr11	88000000	chrX	151000000	1	11	1	01	0.999922872	NA	01	0	0	01	0	0	3	1	7.20076135	01	0
chr11	88000000	chrX	103000000	6	01	6	01	0.999206364	NA	01	6	6	01	6	6	1	1	6.60565331	01	0
chr11	88000000	chrX	140000000	1	01	1	01	0.987706959	NA	01	1	1	01	1	1	1	1	6.01489808	01	0
chr11	88000000	chrX	139000000	2	01	2	01	0.999839544	NA	01	2	2	01	2	2	1	1	6.39197347	01	0
chr11	88000000	chrX	145000000	1	01	1	01	0.999932528	NA	01	1	1	01	1	1	1	1	8.06106328	01	0
chr11	88000000	chrX	159000000	2	01	2	01	0.999973059	NA	01	2	2	01	2	2	1	1	7.272695	01	0
chr11	88000000	chrX	146000000	3	01	3	01	1	NA	01	3	3	01	3	3	1	1	8.14089638	01	0
chr11	88000000	chrX	137000000	1	01	1	01	0.999999523	NA	01	1	1	01	1	1	1	1	7.50156149	01	0
chr11	88000000	chrX	153000000	1	01	1	01	0.999999881	NA	01	1	1	01	1	1	1	1	7.98939912	01	0
chr11	89000000	chrX	155000000	14	01	14	01	1	NA	01	14	14	01	14	14	1	1	8.7915097	01	0
chr11	89000000	chrX	156000000	10	01	10	01	1	NA	01	10	10	01	10	10	1	1	8.26610628	01	0
chr11	89000000	chrX	157000000	5	01	5	01	1	NA	01	5	5	01	5	5	1	1	7.86654912	01	0
chr11	89000000	chrX	162000000	2	01	2	01	0.999999642	NA	01	2	2	01	2	2	1	1	7.76760163	01	0
chr11	89000000	chrX	158000000	3	01	3	01	1	NA	01	3	3	01	3	3	1	1	8.11411035	01	0
chr11	90000000	chrX	158000000	2	01	2	01	1	NA	01	2	2	01	2	2	1	1	8.10598803	01	0
chr11	90000000	chrX	162000000	2	01	2	01	0.999998093	NA	01	2	2	01	2	2	1	1	7.93325291	01	0
chr11	90000000	chrX	156000000	8	01	8	01	1	NA	01	8	8	01	8	8	1	1	8.57101686	01	0
chr11	90000000	chrX	155000000	5	01	5	01	1	NA	01	5	5	01	5	5	1	1	8.87225337	01	0
chr11	91000000	chrX	156000000	5	01	5	01	1	NA	01	5	5	01	5	5	1	1	8.62031502	01	0
chr11	92000000	chrX	156000000	2	01	2	01	0.999999642	NA	01	2	2	01	2	2	1	1	8.38544882	01	0
chr11	102000000	chrX	151000000	4	01	4	01	0.999630451	NA	01	4	4	01	4	4	1	1	7.36571651	01	0
chr11	102000000	chrX	155000000	1	01	1	01	0.99998045	NA	01	1	1	01	1	1	1	1	7.51832417	01	0
chr11	104000000	chrX	162000000	1	01	1	01	0.989051282	NA	01	1	1	01	1	1	1	1	8.01036303	01	0
chr11	104000000	chrX	156000000	2	01	2	01	0.999999642	NA	01	2	2	01	2	2	1	1	8.15867376	01	0
chr11	104000000	chrX	155000000	1	01	1	01	0.999998569	NA	01	1	1	01	1	1	1	1	7.81496578	01	0
chr11	105000000	chrX	155000000	2	01	2	01	0.999991536	NA	01	2	2	01	2	2	1	1	8.07394942	01	0
chr11	105000000	chrX	156000000	11	01	11	01	1	NA	01	11	11	01	11	11	1	1	8.48098185	01	0
chr11	106000000	chrX	156000000	1	01	1	01	0.99949789	NA	01	1	1	01	1	1	1	1	7.74387868	01	0
chr11	107000000	chrX	162000000	5	01	5	01	0.999999523	NA	01	5	5	01	5	5	1	1	7.23212684	01	0
chr11	107000000	chrX	164000000	1	01	1	01	0.999880791	NA	01	1	1	01	1	1	1	1	7.41260921	01	0
chr11	107000000	chrX	161000000	4	01	4	01	0.996842027	NA	01	4	4	01	4	4	1	1	6.99885494	01	0
chr11	107000000	chrX	160000000	2	01	2	01	0.999829888	NA	01	2	2	01	2	2	1	1	7.0764411	01	0
chr11	107000000	chrX	158000000	2	01	2	01	1	NA	01	2	2	01	2	2	1	1	7.58789759	01	0
chr11	109000000	chrX	156000000	2	01	2	01	0.998764753	NA	01	2	2	01	2	2	1	1	8.4074366	01	0
chr11	109000000	chrX	155000000	4	01	4	01	0.999999762	NA	01	4	4	01	4	4	1	1	8.29452391	01	0
chr11	109000000	chrX	163000000	2	01	1	01	0.990622103	NA	01	1	1	01	1	1	1	1	7.18932649	01	0
chr11	109000000	chrX	162000000	6	01	6	01	0.999999642	NA	01	6	6	01	6	6	1	1	7.7934769	01	0
chr11	110000000	chrX	162000000	16	01	16	01	1	NA	01	16	16	01	16	16	1	1	8.05664743	01	0
chr11	110000000	chrX	155000000	6	01	6	01	1	NA	01	6	6	01	6	6	1	1	8.25788135	01	0
chr11	110000000	chrX	161000000	1	01	1	01	0.999969244	NA	01	1	1	01	1	1	1	1	7.37365083	01	0
chr11	111000000	chrX	162000000	2	01	2	01	0.999986887	NA	01	2	2	01	2	2	1	1	7.69462961	01	0
chr12	11000000	chr13	6000000	1	11	1	01	0.999095321	NA	01	0	0	01	0	0	4	1	3.32954109	01	0
chr12	11000000	chr13	9000000	2	11	2	01	0.958597481	NA	01	0	0	01	0	0	4	1	3.31631101	01	0
chr12	11000000	chr13	8000000	20	11	19	01	0.999985814	NA	01	1	1	01	1	1	4	1	3.00865331	01	0
chr12	12000000	chr13	4000000	2	11	2	01	0.96704334	NA	01	0	0	01	0	0	4	1	1.94935803	01	0
chr12	12000000	chr13	8000000	3	11	3	01	0.999842763	NA	01	0	0	01	0	0	4	1	3.02632301	01	0
chr12	12000000	chr13	6000000	4	11	4	01	0.999856591	NA	01	0	0	01	0	0	4	1	3.54821433	01	0
chr12	12000000	chr13	9000000	8	11	8	01	0.999730408	NA	01	0	0	01	0	0	4	1	3.43458407	01	0
chr12	12000000	chr13	15000000	1	10	1	01	0.964496255	NA	01	0	0	01	0	1	2	1	2.53360063	01	0
chr12	13000000	chr13	16000000	6	11	6	01	0.99960047	NA	01	0	0	01	0	0	4	1	2.87412254	01	0
chr12	13000000	chr13	14000000	20	11	20	01	0.999958754	NA	01	0	0	01	0	0	4	1	2.71778941	01	0
chr12	13000000	chr13	15000000	12	11	12	01	0.999115288	NA	01	0	0	01	0	0	4	1	2.59846041	01	0
chr12	13000000	chr13	13000000	2	11	2	01	0.991503477	NA	01	0	0	01	0	0	4	1	2.49633763	01	0
chr12	13000000	chr13	17000000	1	11	1	01	0.738224387	NA	01	0	0	01	0	0	4	1	2.40062122	01	0
chr12	14000000	chr13	14000000	13	11	13	01	0.997704804	NA	01	0	0	01	0	0	4	1	2.58349859	01	0
chr12	14000000	chr13	13000000	2	11	2	01	0.998574734	NA	01	0	0	01	0	0	4	1	2.79818235	01	0
chr12	14000000	chr13	15000000	3	11	3	01	0.999427199	NA	01	0	0	01	0	0	4	1	2.49933175	01	0
chr12	15000000	chr13	16000000	3	10	2	01	0.962613285	NA	01	0	0	01	0	2	2	1	1.93852287	01	0
chr12	16000000	chr13	13000000	2	11	2	01	0.658686876	NA	01	0	0	01	0	0	4	1	1.63094776	01	0
chr12	25000000	chr13	36000000	4	11	4	10	0.911606133	NA	10	0	0	10	0	0	4	1	2.10787618	10	0
chr12	25000000	chr13	37000000	2	11	2	10	0.945865512	NA	10	0	0	10	0	0	4	1	1.71850015	10	0
chr12	26000000	chr13	36000000	4	11	4	10	0.992253244	NA	10	0	0	10	0	0	4	1	1.86543082	10	0
chr12	26000000	chr13	37000000	1	11	1	10	0.908057988	NA	10	0	0	10	0	0	4	1	1.45628762	10	0
chr12	28000000	chr13	74000000	1	10	1	10	0.606205821	NA	10	1	1	10	1	1	1	1	1.75287179	10	0
chr12	28000000	chr13	75000000	4	10	4	10	0.940678716	NA	10	4	4	10	4	4	1	1	1.98300702	10	0
chr12	29000000	chr13	75000000	8	10	8	10	0.956141472	NA	10	8	8	10	8	8	1	1	1.44993669	10	0
chr12	29000000	chr13	74000000	1	10	1	10	0.455793113	NA	10	1	1	10	1	1	1	1	1.19847443	10	0
chr12	30000000	chr13	75000000	6	10	6	10	0.885215938	NA	10	6	6	10	6	6	1	1	1.11438821	10	0
chr12	30000000	chr13	41000000	1	10	1	10	0.729337752	NA	10	1	1	10	1	1	1	1	1.19785492	10	0
chr12	30000000	chr13	42000000	5	10	5	10	0.995618761	NA	10	5	5	10	5	5	1	1	1.87846742	10	0
chr12	30000000	chr13	43000000	3	10	3	10	0.946647167	NA	10	3	3	10	3	3	1	1	1.53087348	10	0
chr12	31000000	chr13	38000000	3	10	3	10	0.696552813	NA	10	3	3	10	3	3	1	1	0.62374602	10	0
chr12	31000000	chr13	42000000	3	10	3	10	0.980777442	NA	10	3	3	10	3	3	1	1	1.65277387	10	0
chr12	31000000	chr13	43000000	9	10	9	10	0.876826584	NA	10	9	9	10	9	9	1	1	0.883099078	10	0
chr12	31000000	chr13	36000000	17	10	17	10	0.999633908	NA	10	17	17	10	17	17	1	1	2.26639314	10	0
chr12	31000000	chr13	44000000	19	10	19	10	0.993015766	NA	10	19	19	10	19	19	1	1	1.48264326	10	0
chr12	31000000	chr13	37000000	10	10	10	10	0.999117434	NA	10	10	10	10	10	10	1	1	1.8267073	10	0
chr12	31000000	chr13	31000000	2	10	2	10	0.797302723	NA	10	2	2	10	2	2	1	1	1.56428871	10	0
chr12	31000000	chr13	32000000	3	10	3	10	0.884587228	NA	10	3	3	10	3	3	1	1	1.3981549	10	0
chr12	32000000	chr13	36000000	3	10	3	10	0.826752663	NA	10	3	3	10	3	3	1	1	2.07810159	10	0
chr12	32000000	chr13	37000000	5	10	5	10	0.989071965	NA	10	5	5	10	5	5	1	1	1.68411379	10	0
chr12	33000000	chr13	44000000	2	10	2	10	0.878201306	NA	10	2	2	10	2	2	1	1	2.39838938	10	0
chr12	33000000	chr13	37000000	1	10	1	10	0.930992901	NA	10	1	1	10	1	1	1	1	2.7942812	10	0
chr12	34000000	chr13	37000000	6	10	6	10	0.999965906	NA	10	6	6	10	6	6	1	1	3.36649777	10	0
chr12	34000000	chr13	42000000	1	10	1	10	0.710004091	NA	10	1	1	10	1	1	1	1	2.81161655	10	0
chr12	34000000	chr13	36000000	7	10	7	10	0.999982476	NA	10	7	7	10	7	7	1	1	3.32513128	10	0
chr12	34000000	chr13	44000000	1	00	1	10	0.968978405	NA	10	0	0	10	0	0	3	1	2.90914518	10	0
chr12	35000000	chr13	14000000	1	10	1	01	0.439789951	NA	01	0	0	01	0	1	2	1	0.772498078	01	0
chr12	35000000	chr13	15000000	1	10	1	01	0.476493508	NA	01	0	0	01	0	1	2	1	0.854537367	01	0
chr12	35000000	chr13	36000000	4	10	4	10	0.999828339	NA	10	4	4	10	4	4	1	1	3.0731108	10	0
chr12	35000000	chr13	37000000	4	10	4	10	0.999943018	NA	10	4	4	10	4	4	1	1	3.13698262	10	0
chr12	36000000	chr13	37000000	7	10	7	10	0.997882307	NA	10	7	7	10	7	7	1	1	2.6157908	10	0
chr12	36000000	chr13	15000000	1	10	1	01	0.869786561	NA	01	0	0	01	0	1	2	1	1.60280126	01	0
chr12	36000000	chr13	13000000	3	11	2	01	0.734960496	NA	01	0	0	01	0	1	3	1	1.22577884	01	0
chr12	36000000	chr13	36000000	2	10	2	10	0.971950233	NA	10	2	2	10	2	2	1	1	2.72262138	10	0
chr12	37000000	chr13	32000000	1	10	1	10	0.785848022	NA	10	1	1	10	1	1	1	1	2.40119336	10	0
chr12	37000000	chr13	37000000	1	10	1	10	0.986473083	NA	10	1	1	10	1	1	1	1	2.82768766	10	0
chr12	38000000	chr13	15000000	1	10	1	01	0.82318151	NA	01	0	0	01	0	1	2	1	1.98854763	01	0
chr12	38000000	chr13	10000000	2	10	2	01	0.974082887	NA	01	0	0	01	0	2	2	1	2.57816804	01	0
chr12	38000000	chr13	11000000	14	10	13	01	0.999540329	NA	01	0	0	01	0	13	2	1	2.08787574	01	0
chr12	39000000	chr13	12000000	2	10	2	01	0.970765054	NA	01	0	0	01	0	2	2	1	1.1788418	01	0
chr12	39000000	chr13	15000000	13	10	13	01	0.998730361	NA	01	0	0	01	0	13	2	1	1.54451471	01	0
chr12	39000000	chr13	14000000	8	10	8	01	0.996037304	NA	01	0	0	01	0	8	2	1	1.69095846	01	0
chr12	39000000	chr13	10000000	1	10	1	01	0.765773475	NA	01	0	0	01	0	1	2	1	2.27497438	01	0
chr12	39000000	chr13	11000000	4	10	4	01	0.99882406	NA	01	0	0	01	0	4	2	1	1.90077644	01	0
chr12	40000000	chr13	11000000	4	10	3	01	0.967384934	NA	01	0	0	01	0	3	2	1	1.35252517	01	0
chr12	42000000	chr13	60000000	12	11	12	10	0.850431442	NA	10	0	0	10	0	0	4	1	1.27352882	10	0
chr12	42000000	chr13	37000000	2	11	2	10	0.712929606	NA	10	0	0	10	0	0	4	1	1.94319084	10	0
chr12	42000000	chr13	36000000	2	11	2	10	0.583594501	NA	10	0	0	10	0	0	4	1	1.82724809	10	0
chr12	42000000	chr13	59000000	2	11	2	10	0.557929099	NA	10	0	0	10	0	0	4	1	1.12671109	10	0
chr12	42000000	chr13	32000000	3	11	3	10	0.933888972	NA	10	0	0	10	0	0	4	1	1.64483476	10	0
chr12	42000000	chr13	31000000	4	11	4	10	0.831737459	NA	10	0	0	10	0	0	4	1	1.66303306	10	0
chr12	42000000	chr13	18000000	3	11	3	01	0.894780159	NA	01	0	0	01	0	0	3	1	1.27342352	01	0
chr12	42000000	chr13	61000000	1	11	1	10	0.566318214	NA	10	0	0	10	0	0	4	1	1.09054328	10	0
chr12	43000000	chr13	60000000	10	11	10	10	0.740697801	NA	10	0	0	10	0	0	4	1	1.16022748	10	0
chr12	43000000	chr13	19000000	9	11	9	01	0.997596085	NA	01	0	0	01	0	0	2	1	2.64024101	01	0
chr12	43000000	chr13	36000000	2	11	2	10	0.616814852	NA	10	0	0	10	0	0	4	1	2.48973938	10	0
chr12	43000000	chr13	11000000	8	11	8	01	0.996883214	NA	01	0	0	01	0	0	3	1	2.23185179	01	0
chr12	43000000	chr13	18000000	5	11	5	01	0.978648484	NA	01	0	0	01	0	0	3	1	2.21111338	01	0
chr12	43000000	chr13	17000000	4	11	4	01	0.95225507	NA	01	0	0	01	0	0	3	1	1.52875851	01	0
chr12	43000000	chr13	12000000	2	11	2	01	0.831486702	NA	01	0	0	01	0	0	3	1	0.870790081	01	0
chr12	43000000	chr13	62000000	2	11	2	01	0.686651826	NA	01	0	0	01	0	0	3	1	1.16702161	01	0
chr12	43000000	chr13	32000000	1	11	1	10	0.877715766	NA	10	0	0	10	0	0	4	1	2.13874576	10	0
chr12	43000000	chr13	37000000	1	11	1	10	0.585737586	NA	10	0	0	10	0	0	4	1	2.53081979	10	0
chr12	44000000	chr13	60000000	10	11	10	10	0.618737757	NA	10	0	0	10	0	0	4	1	0.665844418	10	0
chr12	44000000	chr13	37000000	8	11	5	10	0.852823973	NA	10	0	0	10	0	0	4	1	1.29967892	10	0
chr12	44000000	chr13	36000000	2	11	2	10	0.784418821	NA	10	0	0	10	0	0	4	1	1.2298782	10	0
chr12	46000000	chr13	13000000	1	11	1	01	0.59129113	NA	01	0	0	01	0	0	4	1	0.520456826	01	0
chr12	47000000	chr13	13000000	1	11	1	01	0.947633624	NA	01	0	0	01	0	0	3	1	1.22200724	01	0
chr12	48000000	chr13	13000000	1	11	1	01	0.463488191	NA	01	0	0	01	0	0	3	1	0.880644332	01	0
chr12	53000000	chr13	37000000	1	10	1	10	0.462302625	NA	10	1	1	10	1	1	1	1	3.06318395	10	0
chr12	56000000	chr13	36000000	5	11	5	10	0.476076454	NA	10	0	0	10	0	0	4	1	1.12826715	10	0
chr12	62000000	chr13	42000000	2	10	2	10	0.615686178	NA	10	2	2	10	2	2	1	1	2.8760189	10	0
chr12	62000000	chr13	75000000	1	10	1	10	0.809050381	NA	10	1	1	10	1	1	1	1	2.88474881	10	0
chr12	62000000	chr13	36000000	1	10	1	10	0.64648664	NA	10	1	1	10	1	1	1	1	2.88318101	10	0
chr12	64000000	chr13	75000000	3	10	3	10	0.989698589	NA	10	3	3	10	3	3	1	1	3.04616562	10	0
chr12	64000000	chr13	53000000	3	10	3	10	0.895470262	NA	10	3	3	10	3	3	1	1	3.20704231	10	0
chr12	64000000	chr13	74000000	3	10	3	10	0.982073903	NA	10	3	3	10	3	3	1	1	2.98641687	10	0
chr12	64000000	chr13	54000000	3	10	3	10	0.908302605	NA	10	3	3	10	3	3	1	1	3.26537729	10	0
chr12	64000000	chr13	73000000	1	10	1	10	0.983753204	NA	10	1	1	10	1	1	1	1	3.00025341	10	0
chr12	64000000	chr13	114000000	2	10	2	10	0.595090091	NA	10	2	2	10	2	2	1	1	1.66324449	10	0
chr12	65000000	chr13	73000000	3	10	3	10	0.996110857	NA	10	3	3	10	3	3	1	1	2.98544183	10	0
chr12	65000000	chr13	53000000	1	10	1	10	0.778207183	NA	10	1	1	10	1	1	1	1	2.90843106	10	0
chr12	65000000	chr13	74000000	6	10	6	10	0.997114897	NA	10	6	6	10	6	6	1	1	2.84270695	10	0
chr12	65000000	chr13	54000000	2	10	2	10	0.78393966	NA	10	2	2	10	2	2	1	1	2.98744649	10	0
chr12	65000000	chr13	42000000	3	10	3	10	0.467151821	NA	10	3	3	10	3	3	1	1	2.57139846	10	0
chr12	65000000	chr13	75000000	4	10	4	10	0.999312043	NA	10	4	4	10	4	4	1	1	2.73716576	10	0
chr12	65000000	chr13	43000000	3	10	3	10	0.863029599	NA	10	3	3	10	3	3	1	1	2.25447548	10	0
chr12	66000000	chr13	75000000	10	10	10	10	0.999493003	NA	10	10	10	10	10	10	1	1	2.59811976	10	0
chr12	66000000	chr13	74000000	4	10	4	10	0.996024489	NA	10	4	4	10	4	4	1	1	2.50435075	10	0
chr12	66000000	chr13	54000000	1	10	1	10	0.875100195	NA	10	1	1	10	1	1	1	1	2.55239858	10	0
chr12	66000000	chr13	43000000	9	10	8	10	0.880181193	NA	10	8	8	10	8	8	1	1	2.56576452	10	0
chr12	66000000	chr13	38000000	1	10	1	10	0.465252101	NA	10	1	1	10	1	1	1	1	1.91006098	10	0
chr12	67000000	chr13	54000000	2	10	2	10	0.689562261	NA	10	2	2	10	2	2	1	1	2.94230808	10	0
chr12	68000000	chr13	103000000	2	10	2	10	0.668174207	NA	10	2	2	10	2	2	1	1	3.07405281	10	0
chr12	68000000	chr13	73000000	6	10	6	10	0.996468425	NA	10	6	6	10	6	6	1	1	3.45697817	10	0
chr12	68000000	chr13	113000000	7	11	7	10	0.997990012	NA	10	0	0	10	0	0	3	1	2.32157261	10	0
chr12	68000000	chr13	114000000	5	11	5	10	0.987976134	NA	10	0	0	10	0	0	4	1	2.29030381	10	0
chr12	69000000	chr13	112000000	2	11	2	10	0.970183134	NA	10	0	0	10	0	0	3	1	1.21975157	10	0
chr12	69000000	chr13	113000000	5	11	5	10	0.913898051	NA	10	0	0	10	0	0	3	1	1.63979928	10	0
chr12	70000000	chr13	111000000	2	11	2	10	0.705502152	NA	10	0	0	10	0	0	3	1	0.496189883	10	0
chr12	70000000	chr13	112000000	1	11	1	10	0.737702966	NA	10	0	0	10	0	0	3	1	0.904780815	10	0
chr12	71000000	chr13	111000000	9	11	9	10	0.651234329	NA	10	0	0	01	0	0	3	2	0.141646987	01	0
chr12	71000000	chr13	43000000	2	11	2	10	0.568727791	NA	10	0	0	10	0	0	4	1	0.519240922	10	0
chr12	71000000	chr13	110000000	5	11	4	10	0.554266989	NA	10	0	0	01	1	1	3	2	0.0292051051	01	0
chr12	71000000	chr13	115000000	1	11	1	10	0.565652668	NA	10	0	0	10	0	0	4	1	1.52965352	10	0
chr12	72000000	chr13	43000000	3	11	3	10	0.774111271	NA	10	0	0	10	0	0	4	1	1.39520853	10	0
chr12	72000000	chr13	111000000	2	11	2	10	0.896772861	NA	10	0	0	10	0	0	4	1	0.853428601	10	0
chr12	72000000	chr13	110000000	3	11	3	10	0.961109161	NA	10	0	0	10	0	0	4	1	1.21086106	10	0
chr12	72000000	chr13	116000000	1	00	1	10	0.657498538	NA	10	0	0	10	0	0	3	1	1.26978631	10	0
chr12	72000000	chr13	115000000	7	11	7	10	0.984225929	NA	10	0	0	10	0	0	4	1	1.31238489	10	0
chr12	73000000	chr13	112000000	7	11	6	10	0.983323038	NA	10	1	1	10	1	1	3	1	1.50741451	10	0
chr12	73000000	chr13	116000000	6	11	6	10	0.997754633	NA	10	0	0	10	0	0	4	1	2.55175529	10	0
chr12	73000000	chr13	111000000	1	11	1	10	0.855643749	NA	10	0	0	10	0	0	3	1	1.08311691	10	0
chr12	73000000	chr13	113000000	2	11	2	10	0.988921165	NA	10	0	0	10	0	0	3	1	1.96789755	10	0
chr12	73000000	chr13	115000000	4	11	4	10	0.998998821	NA	10	0	0	10	0	0	4	1	2.74759787	10	0
chr12	74000000	chr13	116000000	2	11	2	10	0.995109379	NA	10	0	0	10	0	0	4	1	1.88568551	10	0
chr12	74000000	chr13	115000000	2	11	2	10	0.994013846	NA	10	0	0	10	0	0	4	1	2.10997459	10	0
chr12	74000000	chr13	106000000	1	11	1	10	0.665361047	NA	10	0	0	10	0	0	3	1	1.74014021	10	0
chr12	74000000	chr13	113000000	3	11	3	10	0.992596388	NA	10	0	0	10	0	0	3	1	1.71465706	10	0
chr12	75000000	chr13	95000000	3	11	3	10	0.408556014	NA	10	0	0	10	0	0	3	1	1.02175824	10	0
chr12	75000000	chr13	115000000	6	11	6	10	0.997045338	NA	10	0	0	10	0	0	4	1	1.5462131	10	0
chr12	75000000	chr13	111000000	1	11	1	10	0.537226677	NA	10	0	0	10	0	0	3	1	0.158026682	10	0
chr12	75000000	chr13	110000000	1	11	1	10	0.735055923	NA	10	0	0	10	0	0	3	1	0.211865132	10	0
chr12	75000000	chr13	116000000	2	11	2	10	0.991201282	NA	10	0	0	10	0	0	4	1	1.33697601	10	0
chr12	75000000	chr13	112000000	3	11	3	10	0.942491114	NA	10	0	0	10	0	0	3	1	0.696995148	10	0
chr12	75000000	chr13	113000000	1	11	1	10	0.985961318	NA	10	0	0	10	0	0	3	1	1.18120471	10	0
chr12	75000000	chr13	114000000	1	01	1	10	0.629298806	NA	10	0	0	10	0	1	2	1	0.901924982	10	0
chr12	77000000	chr13	37000000	6	10	6	10	0.606610715	NA	10	6	6	10	6	6	1	1	2.1721938	10	0
chr12	78000000	chr13	13000000	3	11	3	01	0.747269332	NA	01	0	0	01	0	0	3	1	1.19850418	01	0
chr12	79000000	chr13	13000000	2	10	1	10	0.348400772	NA	10	1	1	10	1	1	1	1	0.21103835	10	0
chr12	79000000	chr13	12000000	2	11	2	10	0.326453358	NA	10	0	0	10	0	0	3	1	0.172807088	10	0
chr12	79000000	chr13	37000000	5	11	5	10	0.675384164	NA	10	0	0	10	0	0	4	1	0.395972412	10	0
chr12	79000000	chr13	60000000	7	11	7	01	0.667752147	NA	01	0	0	01	0	0	4	1	0.649912298	01	0
chr12	79000000	chr13	36000000	1	11	1	10	0.620699883	NA	10	0	0	10	0	0	4	1	0.645708284	10	0
chr12	79000000	chr13	64000000	2	11	2	10	0.481754541	NA	10	0	0	10	0	0	3	1	0.14127712	10	0
chr12	79000000	chr13	63000000	5	11	4	01	0.396329015	NA	01	1	1	11	4	1	1	2	0.362231388	11	0
chr12	82000000	chr13	74000000	4	10	4	10	0.846278608	NA	10	4	4	10	4	4	1	1	2.29748719	10	0
chr12	82000000	chr13	54000000	8	10	8	10	0.968836606	NA	10	8	8	10	8	8	1	1	3.07960733	10	0
chr12	82000000	chr13	53000000	1	10	1	10	0.76920104	NA	10	1	1	10	1	1	1	1	2.49002536	10	0
chr12	82000000	chr13	73000000	2	10	2	10	0.676592469	NA	10	2	2	10	2	2	1	1	2.51246545	10	0
chr12	82000000	chr13	115000000	12	10	12	10	0.992103577	NA	10	12	12	10	12	12	1	1	1.83879762	10	0
chr12	82000000	chr13	114000000	5	10	5	10	0.958369792	NA	10	5	5	10	5	5	1	1	1.27505738	10	0
chr12	82000000	chr13	117000000	3	10	3	10	0.969465971	NA	10	3	3	10	3	3	1	1	1.66559317	10	0
chr12	82000000	chr13	118000000	1	10	1	10	0.785957575	NA	10	1	1	10	1	1	1	1	1.1101042	10	0
chr12	82000000	chr13	58000000	1	10	1	10	0.799934685	NA	10	1	1	10	1	1	1	1	1.95766716	10	0
chr12	83000000	chr13	73000000	4	10	4	10	0.791434586	NA	10	4	4	10	4	4	1	1	2.49346579	10	0
chr12	83000000	chr13	74000000	4	10	4	10	0.829550028	NA	10	4	4	10	4	4	1	1	2.0200839	10	0
chr12	83000000	chr13	114000000	2	10	1	10	0.940732658	NA	10	1	1	10	1	1	1	1	1.09478708	10	0
chr12	84000000	chr13	64000000	1	11	1	01	0.413575709	NA	01	0	0	01	0	0	3	1	0.376242259	01	0
chr12	85000000	chr13	112000000	1	11	1	01	0.614974678	NA	01	0	0	01	0	0	3	1	1.61225442	01	0
chr12	85000000	chr13	64000000	3	11	3	01	0.678928375	NA	01	0	0	01	0	0	2	1	0.917415625	01	0
chr12	86000000	chr13	63000000	3	11	3	01	0.390633464	NA	01	0	0	11	3	0	1	2	0.131043803	11	0
chr12	86000000	chr13	64000000	1	11	1	01	0.530564189	NA	01	0	0	01	0	0	3	1	0.736650154	01	0
chr12	87000000	chr13	63000000	1	11	1	11	0.448815912	NA	11	1	1	11	1	1	1	1	1.49604263	11	0
chr12	88000000	chr13	12000000	2	11	2	10	0.56874156	NA	10	0	0	10	0	0	2	1	0.631411254	10	0
chr12	89000000	chr13	37000000	4	10	4	10	0.944279373	NA	10	4	4	10	4	4	1	1	2.70542175	10	0
chr12	91000000	chr13	113000000	4	11	4	10	0.578980744	NA	10	0	0	10	0	0	3	1	0.980727156	10	0
chr12	91000000	chr13	112000000	1	11	1	10	0.71949476	NA	10	0	0	10	0	0	3	1	0.529756206	10	0
chr12	91000000	chr13	114000000	7	11	7	10	0.927947462	NA	10	0	0	10	0	0	3	1	0.531103683	10	0
chr12	91000000	chr13	39000000	1	11	1	10	0.528018892	NA	10	0	0	01	0	0	3	2	0.2634554	01	0
chr12	91000000	chr13	40000000	2	11	2	01	0.457028002	NA	01	0	0	01	0	0	3	1	0.642715415	01	0
chr12	91000000	chr13	107000000	1	11	1	10	0.876008093	NA	10	0	0	10	0	0	3	1	0.811239125	10	0
chr12	92000000	chr13	108000000	2	11	2	10	0.924261272	NA	10	0	0	10	0	0	3	1	1.39911654	10	0
chr12	92000000	chr13	113000000	5	11	5	10	0.992329895	NA	10	0	0	10	0	0	3	1	1.94315092	10	0
chr12	92000000	chr13	114000000	10	11	10	10	0.998454809	NA	10	0	0	10	0	0	3	1	1.38381253	10	0
chr12	92000000	chr13	40000000	4	11	4	10	0.578885555	NA	10	0	0	10	0	0	3	1	0.0195972717	10	0
chr12	92000000	chr13	39000000	4	11	4	10	0.595385194	NA	10	0	0	10	0	0	3	1	0.324015026	10	0
chr12	92000000	chr13	112000000	2	11	2	10	0.897577703	NA	10	0	0	10	0	0	3	1	1.40697102	10	0
chr12	93000000	chr13	115000000	1	11	1	10	0.90081799	NA	10	0	0	10	0	0	3	1	1.96622889	10	0
chr12	93000000	chr13	114000000	19	11	19	10	0.999900103	NA	10	0	0	10	0	0	3	1	1.6868755	10	0
chr12	93000000	chr13	113000000	9	11	9	10	0.999847054	NA	10	0	0	10	0	0	3	1	2.23357986	10	0
chr12	94000000	chr13	114000000	8	11	8	10	0.998723805	NA	10	0	0	10	0	0	3	1	1.84062835	10	0
chr12	94000000	chr13	113000000	2	00	1	10	0.998971581	NA	10	0	0	10	0	0	4	1	2.44214317	10	0
chr12	95000000	chr13	113000000	17	11	17	10	0.999930382	NA	10	0	0	10	0	0	3	1	2.7854868	10	0
chr12	95000000	chr13	114000000	2	11	2	10	0.999741852	NA	10	0	0	10	0	0	3	1	2.34909099	10	0
chr12	95000000	chr13	112000000	1	11	1	10	0.734121919	NA	10	0	0	10	0	0	3	1	2.14147505	10	0
chr12	95000000	chr13	103000000	1	10	1	10	0.893787324	NA	10	1	1	10	1	1	1	1	3.48082607	10	0
chr12	95000000	chr13	104000000	3	10	3	10	0.999972582	NA	10	3	3	10	3	3	1	1	3.14937028	10	0
chr12	96000000	chr13	104000000	2	10	2	10	0.995708466	NA	10	2	2	10	2	2	1	1	3.31272755	10	0
chr12	96000000	chr13	105000000	1	10	1	10	0.980181992	NA	10	1	1	10	1	1	1	1	2.96765036	10	0
chr12	96000000	chr13	58000000	3	10	2	10	0.881863534	NA	10	2	2	10	2	3	1	1	3.07648915	10	0
chr12	96000000	chr13	73000000	2	10	2	10	0.988181651	NA	10	2	2	10	2	2	1	1	3.36810406	10	0
chr12	96000000	chr13	74000000	2	10	2	10	0.961856127	NA	10	2	2	10	2	2	1	1	3.20473532	10	0
chr12	96000000	chr13	114000000	1	10	1	10	0.898146272	NA	10	1	1	10	1	1	1	1	2.57872042	10	0
chr12	96000000	chr13	54000000	2	10	2	10	0.948234618	NA	10	2	2	10	2	2	1	1	3.3584043	10	0
chr12	96000000	chr13	115000000	1	10	1	10	0.80706656	NA	10	1	1	10	1	1	1	1	2.96764545	10	0
chr12	97000000	chr13	74000000	7	10	7	10	0.991620898	NA	10	7	7	10	7	7	1	1	3.09894218	10	0
chr12	97000000	chr13	54000000	11	10	11	10	0.999981046	NA	10	11	11	10	11	11	1	1	3.20018875	10	0
chr12	97000000	chr13	53000000	4	10	4	10	0.991751492	NA	10	4	4	10	4	4	1	1	3.30515008	10	0
chr12	97000000	chr13	73000000	1	10	1	10	0.870772183	NA	10	1	1	10	1	1	1	1	2.99988415	10	0
chr12	97000000	chr13	75000000	4	10	4	10	0.997897744	NA	10	4	4	10	4	4	1	1	3.27313751	10	0
chr12	98000000	chr13	54000000	3	10	3	10	0.993836582	NA	10	3	3	10	3	3	1	1	2.42663347	10	0
chr12	98000000	chr13	53000000	4	10	4	10	0.986736953	NA	10	4	4	10	4	4	1	1	2.58032064	10	0
chr12	98000000	chr13	74000000	3	10	3	10	0.90356034	NA	10	3	3	10	3	3	1	1	2.23062186	10	0
chr12	102000000	chr13	53000000	3	10	3	10	0.984476864	NA	10	3	3	10	3	3	1	1	3.74332917	10	0
chr12	102000000	chr13	58000000	7	10	7	10	0.996813357	NA	10	7	7	10	7	7	1	1	3.22036502	10	0
chr12	102000000	chr13	74000000	11	10	11	10	0.999179184	NA	10	11	11	10	11	11	1	1	3.44934919	10	0
chr12	102000000	chr13	93000000	1	10	1	10	0.331810832	NA	10	1	1	10	1	1	1	1	2.64945129	10	0
chr12	102000000	chr13	54000000	4	10	4	10	0.988113225	NA	10	4	4	10	4	4	1	1	3.64898478	10	0
chr12	102000000	chr13	115000000	3	10	3	10	0.880836427	NA	10	3	3	10	3	3	1	1	2.5795985	10	0
chr12	103000000	chr13	58000000	8	10	8	10	0.998900294	NA	10	8	8	10	8	8	1	1	3.2632546	10	0
chr12	103000000	chr13	117000000	9	10	9	10	0.99885869	NA	10	9	9	10	9	9	1	1	3.21630999	10	0
chr12	103000000	chr13	114000000	5	10	5	10	0.989112556	NA	10	5	5	10	5	5	1	1	2.69191991	10	0
chr12	103000000	chr13	115000000	2	10	2	10	0.987833977	NA	10	2	2	10	2	2	1	1	3.18976606	10	0
chr12	103000000	chr13	73000000	4	10	4	10	0.861882806	NA	10	4	4	10	4	4	1	1	3.40622341	10	0
chr12	104000000	chr13	103000000	9	10	9	10	0.999747694	NA	10	9	9	10	9	9	1	1	3.04218376	10	0
chr12	104000000	chr13	114000000	8	10	8	10	0.976837635	NA	10	8	8	10	8	8	1	1	1.93120729	10	0
chr12	104000000	chr13	59000000	4	10	4	10	0.972704232	NA	10	4	4	10	4	4	1	1	2.7944298	10	0
chr12	104000000	chr13	115000000	5	10	5	10	0.988462746	NA	10	5	5	10	5	5	1	1	2.33913178	10	0
chr12	104000000	chr13	104000000	4	10	4	10	0.999631047	NA	10	4	4	10	4	4	1	1	2.76626243	10	0
chr12	104000000	chr13	73000000	19	10	19	10	0.999981046	NA	10	19	19	10	19	19	1	1	3.59058517	10	0
chr12	104000000	chr13	74000000	4	10	4	10	0.999442875	NA	10	4	4	10	4	4	1	1	3.36660889	10	0
chr12	105000000	chr13	74000000	7	10	7	10	0.998586893	NA	10	7	7	10	7	7	1	1	3.00782904	10	0
chr12	105000000	chr13	114000000	9	10	9	10	0.988264799	NA	10	9	9	10	9	9	1	1	2.11311368	10	0
chr12	105000000	chr13	73000000	23	10	22	10	0.999998331	NA	10	22	22	10	22	22	1	1	3.76582862	10	0
chr12	105000000	chr13	60000000	3	10	3	10	0.906750202	NA	10	3	3	10	3	3	1	1	2.64431913	10	0
chr12	105000000	chr13	55000000	18	10	17	10	0.99999845	NA	10	17	17	10	17	18	1	1	3.90010287	10	0
chr12	105000000	chr13	56000000	8	10	8	10	0.999517679	NA	10	8	8	10	8	8	1	1	3.62867107	10	0
chr12	105000000	chr13	69000000	1	10	1	10	0.998175263	NA	10	1	1	10	1	1	1	1	2.93104839	10	0
chr12	105000000	chr13	57000000	1	10	1	10	0.997656345	NA	10	1	1	10	1	1	1	1	3.23117056	10	0
chr12	105000000	chr13	106000000	7	10	7	10	0.998501062	NA	10	7	7	10	7	7	1	1	2.58254781	10	0
chr12	105000000	chr13	72000000	8	10	8	10	0.985872865	NA	10	8	8	10	8	8	1	1	3.09935637	10	0
chr12	105000000	chr13	115000000	1	10	1	10	0.628820896	NA	10	1	1	10	1	1	1	1	2.37392593	10	0
chr12	105000000	chr13	107000000	1	10	1	10	0.847564459	NA	10	1	1	10	1	1	1	1	2.33968807	10	0
chr12	105000000	chr13	104000000	1	10	1	10	0.96506685	NA	10	1	1	10	1	1	1	1	2.89841454	10	0
chr12	106000000	chr13	73000000	9	10	9	10	0.999120295	NA	10	9	9	10	9	9	1	1	2.79037549	10	0
chr12	106000000	chr13	74000000	8	10	6	10	0.893433988	NA	10	6	6	10	6	7	1	1	2.76757595	10	0
chr12	106000000	chr13	114000000	1	10	1	10	0.682474136	NA	10	1	1	10	1	1	1	1	1.77065859	10	0
chr12	107000000	chr13	73000000	1	10	1	10	0.701427341	NA	10	1	1	10	1	1	1	1	2.50388954	10	0
chr12	109000000	chr13	12000000	2	11	2	11	0.350654423	NA	11	2	2	11	2	2	1	1	0.943356583	11	0
chr12	112000000	chr13	11000000	11	10	11	01	0.685990691	NA	01	0	0	01	0	11	4	1	1.42951161	01	0
chr12	112000000	chr13	35000000	1	11	1	11	0.44306168	NA	11	1	1	11	1	1	1	1	0.951211496	11	0
chr12	112000000	chr13	9000000	2	10	2	01	0.38431263	NA	01	0	0	01	0	2	4	1	1.46655909	01	0
chr12	112000000	chr13	12000000	3	10	3	01	0.445735246	NA	01	0	0	01	0	3	4	1	1.62968608	01	0
chr12	112000000	chr13	36000000	1	10	1	11	0.494406492	NA	11	0	0	11	0	0	4	1	0.658763354	11	0
chr12	112000000	chr13	44000000	3	10	3	11	0.697310686	NA	11	0	0	11	0	0	4	1	0.756976526	11	0
chr12	113000000	chr13	36000000	4	10	4	10	0.824747205	NA	10	4	4	10	4	4	1	1	1.63008754	10	0
chr12	113000000	chr13	44000000	2	10	2	10	0.791952074	NA	10	2	2	10	2	2	1	1	1.66669645	10	0
chr12	113000000	chr13	75000000	3	10	3	10	0.975147188	NA	10	3	3	10	3	3	1	1	1.87482044	10	0
chr12	114000000	chr13	54000000	4	10	3	10	0.940349936	NA	10	3	3	10	3	3	1	1	2.43443083	10	0
chr12	114000000	chr13	75000000	3	10	3	10	0.802728772	NA	10	3	3	10	3	3	1	1	2.65724465	10	0
chr12	116000000	chr13	113000000	1	10	1	10	0.349166781	NA	10	1	1	10	1	1	1	1	1.14180325	10	0
chr12	116000000	chr13	112000000	1	11	1	10	0.409054011	NA	10	0	0	10	0	0	3	1	0.621393372	10	0
chr12	117000000	chr13	112000000	2	11	2	10	0.385491699	NA	10	0	0	10	0	0	3	1	0.0350859048	10	0
chr12	118000000	chr13	54000000	2	10	1	10	0.689825594	NA	10	1	1	10	1	1	1	1	2.28889518	10	0
chr12	119000000	chr13	54000000	6	10	5	10	0.937774956	NA	10	5	5	10	5	5	1	1	2.64884764	10	0
chr12	3000000	chr15	66000000	1	01	1	10	0.461046487	NA	10	0	0	10	0	1	3	1	0.298376374	10	0
chr12	3000000	chr15	81000000	2	01	2	10	0.45274955	NA	10	0	0	10	0	2	3	1	0.696943652	10	0
chr12	4000000	chr15	103000000	2	01	2	01	0.715802789	NA	01	2	2	01	2	2	1	1	1.84659037	01	0
chr12	4000000	chr15	59000000	1	01	1	10	0.861928165	NA	10	0	0	10	0	1	3	1	1.84915997	10	0
chr12	4000000	chr15	49000000	1	01	1	10	0.863771558	NA	10	0	0	10	0	1	3	1	2.33032867	10	0
chr12	5000000	chr15	56000000	5	01	5	10	0.99453485	NA	10	0	0	10	0	5	3	1	2.00259615	10	0
chr12	5000000	chr15	49000000	9	01	9	10	0.990944505	NA	10	0	0	10	0	9	3	1	1.98021271	10	0
chr12	5000000	chr15	81000000	1	01	1	10	0.37139222	NA	10	0	0	10	0	1	3	1	0.924558356	10	0
chr12	5000000	chr15	103000000	4	01	4	01	0.907842755	NA	01	4	4	01	4	4	1	1	2.01485	01	0
chr12	5000000	chr15	96000000	15	01	15	10	0.949137568	NA	10	0	0	10	0	15	3	1	1.15458465	10	0
chr12	5000000	chr15	59000000	1	01	1	10	0.819821119	NA	10	0	0	10	0	1	3	1	1.63939773	10	0
chr12	5000000	chr15	97000000	3	01	3	10	0.937149525	NA	10	0	0	10	0	3	3	1	1.32336839	10	0
chr12	6000000	chr15	56000000	2	01	2	10	0.992512822	NA	10	0	0	10	0	2	3	1	2.07079123	10	0
chr12	6000000	chr15	57000000	7	01	6	10	0.991282701	NA	10	0	0	10	0	6	3	1	2.02454616	10	0
chr12	6000000	chr15	103000000	6	01	5	01	0.977232754	NA	01	5	5	01	5	5	1	1	1.66645446	01	0
chr12	6000000	chr15	51000000	2	01	2	10	0.951886594	NA	10	0	0	10	0	2	3	1	2.20896329	10	0
chr12	6000000	chr15	50000000	4	01	4	10	0.986826003	NA	10	0	0	10	0	4	3	1	2.3853888	10	0
chr12	6000000	chr15	53000000	8	01	8	10	0.998101413	NA	10	0	0	10	0	8	3	1	2.87410613	10	0
chr12	6000000	chr15	54000000	1	01	1	10	0.871436238	NA	10	0	0	10	0	1	3	1	1.87056348	10	0
chr12	7000000	chr15	55000000	3	01	3	10	0.989916742	NA	10	0	0	10	0	3	3	1	2.82045216	10	0
chr12	7000000	chr15	103000000	1	01	1	01	0.432714254	NA	01	1	1	01	1	1	1	1	1.19300131	01	0
chr12	7000000	chr15	51000000	2	01	2	10	0.888226449	NA	10	0	0	10	0	2	3	1	2.52347635	10	0
chr12	8000000	chr15	62000000	4	01	4	10	0.992727876	NA	10	0	0	10	0	4	3	1	2.06468132	10	0
chr12	8000000	chr15	63000000	10	01	10	10	0.998317242	NA	10	0	0	10	0	10	3	1	1.88547804	10	0
chr12	8000000	chr15	59000000	3	01	3	10	0.996348977	NA	10	0	0	10	0	3	3	1	2.24900888	10	0
chr12	8000000	chr15	54000000	1	01	1	10	0.949337065	NA	10	0	0	10	0	1	3	1	2.5275377	10	0
chr12	26000000	chr15	66000000	2	01	2	10	0.952147067	NA	10	0	0	10	0	2	2	1	2.08447767	10	0
chr12	26000000	chr15	67000000	2	01	1	10	0.637806594	NA	10	1	1	10	1	2	2	1	1.38305255	10	0
chr12	27000000	chr15	66000000	1	01	1	10	0.901793361	NA	10	0	0	10	0	1	2	1	2.05822806	10	0
chr12	29000000	chr15	63000000	3	01	3	10	0.998432457	NA	10	0	0	10	0	3	3	1	2.59658047	10	0
chr12	30000000	chr15	60000000	6	01	6	10	0.980906427	NA	10	0	0	10	0	6	3	1	2.46025346	10	0
chr12	30000000	chr15	63000000	7	01	7	10	0.991840959	NA	10	0	0	10	0	7	3	1	2.73087087	10	0
chr12	30000000	chr15	66000000	3	01	3	10	0.967194915	NA	10	0	0	10	0	3	3	1	1.97050922	10	0
chr12	30000000	chr15	62000000	2	01	2	10	0.992535353	NA	10	0	0	10	0	2	3	1	2.75459443	10	0
chr12	30000000	chr15	59000000	13	01	13	10	0.999883652	NA	10	0	0	10	0	13	3	1	2.52749847	10	0
chr12	30000000	chr15	61000000	1	01	1	10	0.83645916	NA	10	0	0	10	0	1	3	1	2.43727347	10	0
chr12	31000000	chr15	66000000	2	01	2	10	0.879284561	NA	10	0	0	10	0	2	2	1	2.16644772	10	0
chr12	31000000	chr15	59000000	1	01	1	10	0.859364092	NA	10	0	0	10	0	1	3	1	3.111597	10	0
chr12	31000000	chr15	67000000	2	01	2	10	0.92289257	NA	10	0	0	10	0	2	2	1	1.69279821	10	0
chr12	31000000	chr15	83000000	2	01	2	10	0.669170558	NA	10	0	0	10	0	2	2	1	2.38176424	10	0
chr12	31000000	chr15	82000000	5	01	5	10	0.457339585	NA	10	0	0	10	0	5	2	1	1.88380115	10	0
chr12	32000000	chr15	62000000	6	01	6	10	0.991464913	NA	10	0	0	10	0	6	3	1	3.13391879	10	0
chr12	32000000	chr15	66000000	3	01	3	10	0.890914142	NA	10	0	0	10	0	3	2	1	2.2439333	10	0
chr12	32000000	chr15	63000000	4	01	3	10	0.998294055	NA	10	0	0	10	0	3	3	1	3.04071444	10	0
chr12	33000000	chr15	54000000	2	01	2	10	0.981158733	NA	10	0	0	10	0	2	4	1	2.04510262	10	0
chr12	33000000	chr15	55000000	3	01	3	10	0.863232434	NA	10	0	0	10	0	3	4	1	2.14109339	10	0
chr12	41000000	chr15	103000000	1	01	1	01	0.74549222	NA	01	1	1	01	1	1	1	1	1.82051827	01	0
chr12	41000000	chr15	96000000	1	01	1	10	0.557433307	NA	10	0	0	10	0	1	3	1	1.48335872	10	0
chr12	42000000	chr15	96000000	1	01	1	10	0.792399347	NA	10	0	0	10	0	1	3	1	1.32118663	10	0
chr12	43000000	chr15	103000000	4	01	4	01	0.432407022	NA	01	4	4	01	4	4	1	1	0.353812172	01	0
chr12	44000000	chr15	96000000	9	01	9	10	0.917888999	NA	10	0	0	10	0	9	3	1	0.920931805	10	0
chr12	44000000	chr15	48000000	3	01	3	10	0.455266178	NA	10	0	0	10	0	3	3	1	0.709284718	10	0
chr12	44000000	chr15	95000000	3	01	3	10	0.646260679	NA	10	0	0	10	0	3	3	1	0.399426431	10	0
chr12	44000000	chr15	49000000	1	01	1	10	0.445243418	NA	10	0	0	10	0	1	3	1	0.8405131	10	0
chr12	44000000	chr15	103000000	5	01	5	01	0.918775499	NA	01	5	5	01	5	5	1	1	1.55683143	01	0
chr12	44000000	chr15	97000000	1	01	1	10	0.598819315	NA	10	0	0	10	0	1	3	1	0.980179635	10	0
chr12	45000000	chr15	103000000	5	01	5	01	0.900538206	NA	01	5	5	01	5	5	1	1	1.67046397	01	0
chr12	45000000	chr15	55000000	1	01	1	10	0.625267148	NA	10	0	0	10	0	1	3	1	1.65663021	10	0
chr12	46000000	chr15	50000000	2	01	2	10	0.614573777	NA	10	0	0	10	0	2	3	1	1.50385941	10	0
chr12	46000000	chr15	54000000	1	01	1	10	0.730434656	NA	10	0	0	10	0	1	3	1	1.90231563	10	0
chr12	50000000	chr15	103000000	6	01	5	01	0.867626011	NA	01	5	5	01	5	5	1	1	1.05600453	01	0
chr12	51000000	chr15	96000000	2	01	2	10	0.678987503	NA	10	0	0	10	0	2	3	1	0.834203601	10	0
chr12	51000000	chr15	103000000	3	01	3	01	0.949956059	NA	01	3	3	01	3	3	1	1	1.23439495	01	0
chr12	51000000	chr15	102000000	1	01	1	10	0.451279342	NA	10	0	0	10	0	1	3	1	0.299505191	10	0
chr12	52000000	chr15	102000000	3	01	3	01	0.979965448	NA	01	3	3	01	3	3	1	1	1.70704813	01	0
chr12	52000000	chr15	103000000	1	01	1	11	0.3938604	NA	11	0	0	11	0	0	2	1	0.616812648	11	0
chr12	52000000	chr15	75000000	2	01	2	01	0.597273946	NA	01	2	2	01	2	2	1	1	1.2572451	01	0
chr12	52000000	chr15	95000000	3	01	3	01	0.80631423	NA	01	3	3	01	3	3	1	1	1.54066923	01	0
chr12	53000000	chr15	75000000	3	01	3	01	0.969015002	NA	01	3	3	01	3	3	1	1	2.12985905	01	0
chr12	53000000	chr15	93000000	3	01	3	01	0.973002195	NA	01	3	3	01	3	3	1	1	2.18651926	01	0
chr12	53000000	chr15	95000000	10	01	10	01	0.999465406	NA	01	10	10	01	10	10	1	1	2.4132869	01	0
chr12	53000000	chr15	102000000	4	01	4	01	0.927488625	NA	01	4	4	01	4	4	1	1	1.13390195	01	0
chr12	53000000	chr15	92000000	12	01	12	01	0.982369542	NA	01	12	12	01	12	12	1	1	2.19514881	01	0
chr12	53000000	chr15	96000000	1	11	1	01	0.502999723	NA	01	0	0	01	0	0	4	1	1.35496265	01	0
chr12	53000000	chr15	91000000	2	01	2	01	0.861352086	NA	01	2	2	01	2	2	1	1	1.51829383	01	0
chr12	53000000	chr15	47000000	1	01	1	01	0.519057572	NA	01	1	1	01	1	1	1	1	2.25251905	01	0
chr12	53000000	chr15	48000000	4	01	4	01	0.756495416	NA	01	4	4	01	4	4	1	1	2.11403911	01	0
chr12	53000000	chr15	103000000	2	01	2	11	0.631874025	NA	11	0	0	11	0	0	3	1	0.972310221	11	0
chr12	54000000	chr15	95000000	4	01	4	01	0.958437443	NA	01	4	4	01	4	4	1	1	2.24290084	01	0
chr12	54000000	chr15	103000000	3	01	3	11	0.543566346	NA	11	0	0	11	0	0	3	1	0.937586728	11	0
chr12	54000000	chr15	75000000	5	01	5	01	0.947772861	NA	01	5	5	01	5	5	1	1	1.94726178	01	0
chr12	54000000	chr15	102000000	2	01	2	01	0.712400436	NA	01	2	2	01	2	2	1	1	1.66546691	01	0
chr12	55000000	chr15	75000000	2	01	2	01	0.816148937	NA	01	2	2	01	2	2	1	1	1.02697757	01	0
chr12	55000000	chr15	76000000	1	01	1	10	0.486049622	NA	10	0	0	10	0	1	2	1	0.687663815	10	0
chr12	55000000	chr15	81000000	1	01	1	10	0.457493931	NA	10	0	0	01	1	1	1	2	0.142322478	01	0
chr12	55000000	chr15	67000000	3	01	3	01	0.683108807	NA	01	3	3	01	3	3	1	1	0.885768649	01	0
chr12	55000000	chr15	93000000	1	01	1	01	0.479842901	NA	01	1	1	01	1	1	1	1	0.766790136	01	0
chr12	55000000	chr15	84000000	1	01	1	10	0.441155314	NA	10	0	0	10	0	1	2	1	0.505701834	10	0
chr12	56000000	chr15	67000000	3	01	3	10	0.723227799	NA	10	0	0	10	0	3	2	1	1.10383037	10	0
chr12	56000000	chr15	83000000	3	01	3	10	0.876133561	NA	10	0	0	10	0	3	2	1	1.55726343	10	0
chr12	56000000	chr15	82000000	1	01	1	10	0.821466565	NA	10	0	0	10	0	1	2	1	1.01170208	10	0
chr12	56000000	chr15	84000000	1	01	1	10	0.615781307	NA	10	0	0	10	0	1	2	1	2.18580801	10	0
chr12	60000000	chr15	3000000	2	01	2	10	0.42387712	NA	10	0	0	10	0	2	4	1	1.29136328	10	0
chr12	66000000	chr15	53000000	10	01	10	10	0.835762143	NA	10	0	0	10	0	10	4	1	0.92971757	10	0
chr12	66000000	chr15	52000000	2	01	1	10	0.540317237	NA	10	1	1	10	1	2	4	1	0.646128117	10	0
chr12	66000000	chr15	3000000	3	01	3	10	0.421114475	NA	10	0	0	10	0	3	4	1	0.671910355	10	0
chr12	66000000	chr15	55000000	1	01	1	10	0.543757319	NA	10	0	0	10	0	1	4	1	1.24755161	10	0
chr12	66000000	chr15	54000000	2	01	2	10	0.82934761	NA	10	0	0	10	0	2	4	1	1.11582605	10	0
chr12	69000000	chr15	63000000	2	01	2	10	0.470040202	NA	10	0	0	10	0	2	3	1	0.936666153	10	0
chr12	102000000	chr15	75000000	3	01	3	11	0.25	NA	00	0	0	10	0	0	3	2	0.347511019	10	0
chr12	110000000	chr16	10000000	4	10	4	11	0.616529226	NA	11	0	4	11	0	0	2	1	2.34315421	11	1
chr12	110000000	chr16	9000000	2	00	1	11	0.444624901	NA	11	0	1	11	0	1	4	1	1.77493164	11	1
chr12	110000000	chr16	11000000	4	10	4	11	0.602299333	NA	11	0	4	11	0	0	2	1	2.16762209	11	1
chr12	110000000	chr16	8000000	1	10	1	11	0.588712454	NA	11	0	1	11	0	0	2	1	2.50685877	11	1
chr12	3000000	chr17	29000000	15	11	15	11	0.999970317	NA	11	15	15	11	15	15	1	1	3.60031426	11	0
chr12	3000000	chr17	30000000	1	11	1	11	0.999098659	NA	11	1	1	11	1	1	1	1	3.63026161	11	0
chr12	3000000	chr17	31000000	5	11	5	11	0.998788893	NA	11	5	5	11	5	5	1	1	3.69993465	11	0
chr12	3000000	chr17	28000000	1	11	1	11	0.936014533	NA	11	1	1	11	1	1	1	1	2.60836602	11	0
chr12	4000000	chr17	29000000	4	11	4	11	0.996254086	NA	11	4	4	11	4	4	1	1	2.83972116	11	0
chr12	4000000	chr17	31000000	2	01	1	11	0.977552533	NA	11	1	1	11	1	1	3	1	3.17482839	11	0
chr12	4000000	chr17	28000000	3	11	2	11	0.666537404	NA	11	2	2	11	2	2	1	1	2.01400458	11	0
chr12	4000000	chr17	71000000	1	11	1	11	0.432736784	NA	11	1	1	11	1	1	1	1	0.671064903	11	0
chr12	4000000	chr17	72000000	1	11	1	11	0.426004678	NA	11	1	1	11	1	1	1	1	0.646923567	11	0
chr12	7000000	chr17	32000000	1	11	1	11	0.992909968	NA	11	1	1	11	1	1	1	1	3.11799562	11	0
chr12	7000000	chr17	28000000	1	11	1	11	0.840399742	NA	11	1	1	11	1	1	1	1	2.11668412	11	0
chr12	7000000	chr17	72000000	5	11	5	11	0.649432123	NA	11	5	5	11	5	5	1	1	0.932459643	11	0
chr12	7000000	chr17	29000000	1	11	1	11	0.876750052	NA	11	1	1	11	1	1	1	1	2.99128583	11	0
chr12	8000000	chr17	72000000	6	11	6	11	0.689445436	NA	11	6	6	11	6	6	1	1	0.627258821	11	0
chr12	8000000	chr17	29000000	2	11	2	11	0.976696372	NA	11	2	2	11	2	2	1	1	2.7938431	11	0
chr12	9000000	chr17	5000000	1	11	1	11	0.572109938	NA	11	1	1	11	1	1	1	1	0.113912964	11	0
chr12	10000000	chr17	61000000	2	11	2	11	0.838314295	NA	11	2	2	11	2	2	1	1	3.01116679	11	0
chr12	10000000	chr17	62000000	3	11	3	11	0.943210125	NA	11	3	3	11	3	3	1	1	2.78685643	11	0
chr12	10000000	chr17	4000000	2	11	2	11	0.757667005	NA	11	2	2	11	2	2	1	1	1.4995855	11	0
chr12	11000000	chr17	61000000	2	11	2	11	0.545840144	NA	11	2	2	11	2	2	1	1	2.39982198	11	0
chr12	11000000	chr17	85000000	4	11	4	11	0.846767902	NA	11	4	4	11	4	4	1	1	1.13319013	11	0
chr12	11000000	chr17	86000000	6	11	6	11	0.927079022	NA	11	6	6	11	6	6	1	1	1.47049996	11	0
chr12	11000000	chr17	69000000	2	11	2	11	0.615379751	NA	11	2	2	11	2	2	1	1	2.19994495	11	0
chr12	11000000	chr17	5000000	3	11	3	11	0.48338744	NA	11	3	3	11	3	3	1	1	0.0150540881	11	0
chr12	12000000	chr17	5000000	20	11	20	00	0.606441975	NA	00	0	0	00	0	20	2	1	0.466359411	00	0
chr12	12000000	chr17	86000000	4	11	4	11	0.724064589	NA	11	4	4	11	4	4	1	1	0.329840402	11	0
chr12	12000000	chr17	32000000	1	11	1	11	0.892981172	NA	11	1	1	11	1	1	1	1	0.918530358	11	0
chr12	13000000	chr17	33000000	1	11	1	11	0.651236117	NA	11	1	1	11	1	1	1	1	0.716745185	11	0
chr12	13000000	chr17	32000000	7	11	7	11	0.95675981	NA	11	7	7	11	7	7	1	1	1.82209513	11	0
chr12	13000000	chr17	8000000	2	11	2	00	0.487610757	NA	00	0	0	00	0	2	2	1	0.569916731	00	0
chr12	13000000	chr17	29000000	1	11	1	11	0.853613794	NA	11	1	1	11	1	1	1	1	2.31673108	11	0
chr12	15000000	chr17	29000000	1	11	1	11	0.66882515	NA	11	1	1	11	1	1	1	1	2.92968451	11	0
chr12	15000000	chr17	72000000	3	11	3	11	0.527606905	NA	11	3	3	00	0	3	2	2	0.0778985143	00	0
chr12	55000000	chr17	85000000	2	10	2	10	0.319636583	NA	10	2	2	10	2	2	1	1	1.25199699	10	0
chr12	59000000	chr17	63000000	12	01	12	00	0.426438481	NA	00	0	0	00	0	0	4	1	0.352730126	00	0
chr12	59000000	chr17	64000000	4	01	4	11	0.37651068	NA	11	0	0	00	0	0	4	2	0.00247450662	00	0
chr12	60000000	chr17	19000000	20	01	20	10	0.520326316	NA	10	0	0	10	0	20	4	1	0.379797588	10	0
chr12	60000000	chr17	64000000	9	01	9	00	0.43019852	NA	00	0	0	00	0	0	4	1	0.45713359	00	0
chr12	60000000	chr17	18000000	1	11	1	10	0.447848678	NA	10	0	0	10	0	0	3	1	0.615566319	10	0
chr12	60000000	chr17	17000000	1	01	1	10	0.359319866	NA	10	0	0	10	0	1	4	1	0.309202681	10	0
chr12	61000000	chr17	18000000	2	01	2	10	0.380665034	NA	10	0	0	10	0	2	4	1	0.602764278	10	0
chr12	61000000	chr17	63000000	1	01	1	00	0.35653168	NA	00	0	0	00	0	0	4	1	0.570879496	00	0
chr12	61000000	chr17	64000000	1	01	1	00	0.338457882	NA	00	0	0	00	0	0	4	1	0.28238009	00	0
chr12	80000000	chr17	3000000	1	10	1	10	0.53606838	NA	10	1	1	10	1	1	1	1	2.23231278	10	0
chr12	84000000	chr17	80000000	8	10	8	10	0.446287811	NA	10	8	8	10	8	8	1	1	0.125245739	10	0
chr12	84000000	chr17	86000000	8	10	7	10	0.695846736	NA	10	7	7	10	7	8	1	1	0.109654517	10	0
chr12	84000000	chr17	85000000	3	10	3	10	0.79885006	NA	10	3	3	10	3	3	1	1	1.18915331	10	0
chr12	84000000	chr17	33000000	1	10	1	10	0.25	NA	00	0	0	00	0	0	2	2	0.0223408291	00	0
chr12	85000000	chr17	80000000	2	10	2	10	0.428700745	NA	10	2	2	00	0	2	2	2	0.340156536	00	0
chr12	85000000	chr17	86000000	4	10	4	00	0.504251182	NA	00	0	0	00	0	0	2	1	0.462298933	00	0
chr12	85000000	chr17	81000000	3	10	3	00	0.519509196	NA	00	0	0	00	0	0	2	1	1.07266308	00	0
chr12	85000000	chr17	84000000	8	10	7	00	0.732159078	NA	00	0	0	00	0	1	2	1	1.24989497	00	0
chr12	85000000	chr17	85000000	18	10	18	10	0.956102371	NA	10	18	18	10	18	18	1	1	0.722856313	10	0
chr12	85000000	chr17	5000000	9	10	9	10	0.732182086	NA	10	9	9	10	9	9	1	1	0.736944991	10	0
chr12	86000000	chr17	3000000	5	10	4	10	0.719473422	NA	10	4	4	10	4	4	1	1	1.39891852	10	0
chr12	86000000	chr17	48000000	4	10	4	10	0.340341896	NA	10	4	4	10	4	4	1	1	0.496294468	10	0
chr12	87000000	chr17	49000000	3	10	3	10	0.457876503	NA	10	3	3	10	3	3	1	1	1.77557474	10	0
chr12	87000000	chr17	4000000	1	10	1	10	0.68037945	NA	10	1	1	10	1	1	1	1	2.8162699	10	0
chr12	87000000	chr17	48000000	1	10	1	10	0.440505147	NA	10	1	1	10	1	1	1	1	2.1809799	10	0
chr12	87000000	chr17	3000000	2	10	2	10	0.921864569	NA	10	2	2	10	2	2	1	1	2.868385	10	0
chr12	91000000	chr17	86000000	1	10	1	10	0.412718415	NA	10	1	1	00	0	1	2	2	0.393073252	00	0
chr12	110000000	chr17	30000000	4	11	4	10	0.568169236	NA	10	0	0	10	0	0	3	1	2.41159749	10	0
chr12	110000000	chr17	29000000	2	11	2	10	0.51260823	NA	10	0	0	10	0	0	3	1	2.73202194	10	0
chr12	111000000	chr17	30000000	2	11	2	10	0.506538749	NA	10	0	0	10	0	0	4	1	1.21921846	10	0
chr12	28000000	chr18	30000000	1	10	1	00	0.449929059	NA	00	0	0	00	0	0	2	1	1.0319166	00	0
chr12	28000000	chr18	34000000	3	10	3	10	0.718666673	NA	10	3	3	10	3	3	1	1	1.0691829	10	0
chr12	28000000	chr18	36000000	2	10	2	10	0.601984024	NA	10	2	2	10	2	2	1	1	1.10113843	10	0
chr12	28000000	chr18	31000000	3	10	3	00	0.47060439	NA	00	0	0	00	0	0	2	1	0.265782499	00	0
chr12	29000000	chr18	34000000	3	10	3	10	0.552400827	NA	10	3	3	10	3	3	1	1	0.532502035	10	0
chr12	29000000	chr18	80000000	10	10	10	00	0.920505524	NA	00	0	0	00	0	0	2	1	1.54146508	00	0
chr12	29000000	chr18	79000000	3	10	3	00	0.790232003	NA	00	0	0	00	0	0	2	1	1.53262528	00	0
chr12	29000000	chr18	82000000	1	10	1	10	0.779574633	NA	10	1	1	10	1	1	1	1	0.934745032	10	0
chr12	29000000	chr18	81000000	4	10	4	00	0.853735507	NA	00	0	0	00	0	0	2	1	1.05425658	00	0
chr12	30000000	chr18	80000000	2	00	1	00	0.779571354	NA	00	1	1	00	1	1	1	1	1.99129961	00	0
chr12	30000000	chr18	81000000	9	10	9	00	0.892546296	NA	00	0	0	00	0	0	2	1	1.48281111	00	0
chr12	30000000	chr18	82000000	2	10	2	10	0.442711771	NA	10	2	2	10	2	2	1	1	0.572360609	10	0
chr12	69000000	chr18	89000000	2	10	2	10	0.338276088	NA	10	2	2	10	2	2	1	1	0.748222215	10	0
chr12	74000000	chr18	89000000	1	10	1	10	0.339038908	NA	10	1	1	10	1	1	1	1	0.588662379	10	0
chr12	101000000	chr18	89000000	6	10	6	10	0.808006287	NA	10	6	6	10	6	6	1	1	0.991162783	10	0
chr12	101000000	chr18	28000000	1	01	1	00	0.454983085	NA	00	0	0	00	0	0	4	1	1.7922813	00	0
chr12	102000000	chr18	28000000	4	10	4	00	0.471519321	NA	00	0	0	00	0	0	2	1	1.69272142	00	0
chr12	102000000	chr18	89000000	15	10	15	10	0.962811649	NA	10	15	15	10	15	15	1	1	1.58820715	10	0
chr12	102000000	chr18	36000000	2	10	2	10	0.520749032	NA	10	2	2	10	2	2	1	1	1.71981479	10	0
chr12	103000000	chr18	89000000	8	10	8	10	0.885548115	NA	10	8	8	10	8	8	1	1	0.933344616	10	0
chr12	103000000	chr18	36000000	1	10	1	10	0.380056024	NA	10	1	1	10	1	1	1	1	1.27667379	10	0
chr12	103000000	chr18	88000000	1	10	1	10	0.554761708	NA	10	1	1	10	1	1	1	1	0.951484815	10	0
chr12	3000000	chr19	44000000	1	10	1	10	0.952485561	NA	10	1	1	10	1	1	1	1	3.51887303	10	0
chr12	4000000	chr19	30000000	2	11	2	10	0.348774433	NA	10	0	0	10	0	0	4	1	0.711583259	10	0
chr12	4000000	chr19	29000000	2	11	2	10	0.388299435	NA	10	0	0	10	0	0	4	1	1.0355109	10	0
chr12	4000000	chr19	4000000	1	11	1	10	0.527448595	NA	10	0	0	10	0	0	4	1	1.19285958	10	0
chr12	5000000	chr19	45000000	4	10	4	10	0.968766272	NA	10	4	4	10	4	4	1	1	2.64326332	10	0
chr12	5000000	chr19	44000000	7	10	7	10	0.9953686	NA	10	7	7	10	7	7	1	1	2.91315424	10	0
chr12	5000000	chr19	46000000	2	10	2	10	0.7662974	NA	10	2	2	10	2	2	1	1	2.65402692	10	0
chr12	7000000	chr19	45000000	2	10	2	10	0.953437686	NA	10	2	2	10	2	2	1	1	3.09509022	10	0
chr12	7000000	chr19	30000000	1	11	1	10	0.386584193	NA	10	0	0	10	0	0	4	1	1.28482667	10	0
chr12	15000000	chr19	44000000	1	00	1	10	0.935868025	NA	10	0	0	10	0	0	3	1	3.60483063	10	0
chr12	15000000	chr19	4000000	2	11	2	10	0.637657404	NA	10	0	0	10	0	0	4	1	1.61256017	10	0
chr12	16000000	chr19	44000000	15	10	15	10	0.999520779	NA	10	15	15	10	15	15	1	1	3.41121249	10	0
chr12	16000000	chr19	45000000	2	10	2	10	0.932043195	NA	10	2	2	10	2	2	1	1	3.32956838	10	0
chr12	17000000	chr19	43000000	13	10	13	10	0.999612272	NA	10	13	13	10	13	13	1	1	3.41794105	10	0
chr12	17000000	chr19	37000000	1	10	1	10	0.800579429	NA	10	1	1	10	1	1	1	1	3.92593986	10	0
chr12	17000000	chr19	45000000	1	10	1	10	0.767209291	NA	10	1	1	10	1	1	1	1	3.83157093	10	0
chr12	17000000	chr19	44000000	5	10	5	10	0.995162189	NA	10	5	5	10	5	5	1	1	3.54510971	10	0
chr12	17000000	chr19	40000000	9	10	9	10	0.999793589	NA	10	9	9	10	9	9	1	1	4.44092352	10	0
chr12	17000000	chr19	39000000	1	10	1	10	0.996581733	NA	10	1	1	10	1	1	1	1	4.24252832	10	0
chr12	31000000	chr19	39000000	2	10	2	10	0.950347841	NA	10	2	2	10	2	2	1	1	2.57080136	10	0
chr12	35000000	chr19	39000000	1	10	1	10	0.906899989	NA	10	1	1	10	1	1	1	1	3.36826856	10	0
chr12	37000000	chr19	38000000	1	10	1	10	0.9404791	NA	10	1	1	10	1	1	1	1	4.11921693	10	0
chr12	38000000	chr19	37000000	1	10	1	10	0.99993825	NA	10	1	1	10	1	1	1	1	4.12308186	10	0
chr12	38000000	chr19	38000000	2	10	2	10	0.983720541	NA	10	2	2	10	2	2	1	1	4.33074619	10	0
chr12	38000000	chr19	46000000	4	10	4	10	0.999323487	NA	10	4	4	10	4	4	1	1	3.87733815	10	0
chr12	38000000	chr19	43000000	4	10	4	10	0.921377838	NA	10	4	4	10	4	4	1	1	3.24836394	10	0
chr12	39000000	chr19	47000000	1	10	1	10	0.802295029	NA	10	1	1	10	1	1	1	1	3.46521079	10	0
chr12	40000000	chr19	37000000	14	10	14	10	0.999968886	NA	10	14	14	10	14	14	1	1	4.16866607	10	0
chr12	40000000	chr19	38000000	15	10	15	10	0.999902487	NA	10	15	15	10	15	15	1	1	4.09729743	10	0
chr12	40000000	chr19	46000000	1	10	1	10	0.901843846	NA	10	1	1	10	1	1	1	1	4.11373332	10	0
chr12	40000000	chr19	43000000	2	10	2	10	0.810491979	NA	10	2	2	10	2	2	1	1	3.5726911	10	0
chr12	40000000	chr19	40000000	4	10	4	10	0.999055088	NA	10	4	4	10	4	4	1	1	4.21421231	10	0
chr12	41000000	chr19	39000000	1	10	1	10	0.771820903	NA	10	1	1	10	1	1	1	1	2.75744614	10	0
chr12	41000000	chr19	40000000	2	10	2	10	0.921076953	NA	10	2	2	10	2	2	1	1	2.83132262	10	0
chr12	45000000	chr19	37000000	1	10	1	10	0.972098351	NA	10	1	1	10	1	1	1	1	2.32133231	10	0
chr12	45000000	chr19	38000000	1	10	1	10	0.841393113	NA	10	1	1	10	1	1	1	1	2.28694393	10	0
chr12	46000000	chr19	37000000	2	10	2	10	0.765383005	NA	10	2	2	10	2	2	1	1	3.0269738	10	0
chr12	78000000	chr19	37000000	3	10	3	10	0.709297478	NA	10	3	3	10	3	3	1	1	2.7053362	10	0
chr12	78000000	chr19	45000000	1	10	1	10	0.486970633	NA	10	1	1	10	1	1	1	1	2.1329959	10	0
chr12	110000000	chr19	43000000	14	10	14	11	0.99801743	NA	11	0	0	11	0	0	3	1	2.93481635	11	0
chr12	110000000	chr19	44000000	7	10	7	11	0.996822238	NA	11	0	0	11	0	0	3	1	2.61231019	11	0
chr12	111000000	chr19	43000000	2	10	2	11	0.998018503	NA	11	0	0	11	0	0	4	1	3.61397757	11	0
chr12	111000000	chr19	44000000	9	10	9	11	0.998262823	NA	11	0	0	11	0	0	4	1	3.22878412	11	0
chr12	111000000	chr19	45000000	13	10	13	11	0.999996901	NA	11	0	0	11	0	0	4	1	3.59921074	11	0
chr12	111000000	chr19	46000000	2	10	2	11	0.999476016	NA	11	0	0	11	0	0	4	1	3.63932075	11	0
chr12	112000000	chr19	45000000	25	10	25	11	0.999986649	NA	11	0	0	11	0	0	4	1	2.77229529	11	0
chr12	112000000	chr19	44000000	2	10	2	11	0.979682207	NA	11	0	0	11	0	0	4	1	2.926244	11	0
chr12	112000000	chr19	29000000	11	11	7	11	0.976950705	NA	11	7	7	11	7	7	1	1	2.68656658	11	0
chr12	112000000	chr19	38000000	4	10	4	11	0.956600547	NA	11	0	0	11	0	0	4	1	3.09351918	11	0
chr12	112000000	chr19	26000000	2	11	2	11	0.81791842	NA	11	2	2	11	2	2	1	1	2.60888998	11	0
chr12	112000000	chr19	27000000	6	11	6	11	0.964640915	NA	11	6	6	11	6	6	1	1	2.49631829	11	0
chr12	112000000	chr19	46000000	19	10	19	11	0.999997258	NA	11	0	0	11	0	0	4	1	2.99039376	11	0
chr12	112000000	chr19	16000000	4	10	3	11	0.954625547	NA	11	1	1	11	1	1	4	1	2.90225518	11	0
chr12	112000000	chr19	47000000	7	10	7	11	0.999925613	NA	11	0	0	11	0	0	4	1	3.0646897	11	0
chr12	112000000	chr19	37000000	8	10	8	11	0.999936104	NA	11	0	0	11	0	0	4	1	3.06932526	11	0
chr12	112000000	chr19	36000000	2	10	2	11	0.991761088	NA	11	0	0	11	0	0	4	1	2.94691637	11	0
chr12	112000000	chr19	50000000	1	10	1	11	0.865023613	NA	11	0	0	11	0	0	4	1	2.99103545	11	0
chr12	112000000	chr19	8000000	3	10	3	11	0.965132356	NA	11	0	0	11	0	0	4	1	3.01825785	11	0
chr12	113000000	chr19	16000000	3	10	3	10	0.670672596	NA	10	3	3	10	3	3	1	1	1.19388217	10	0
chr12	113000000	chr19	8000000	4	10	4	10	0.512205899	NA	10	4	4	10	4	4	1	1	0.367185318	10	0
chr12	113000000	chr19	39000000	3	10	3	10	0.833001614	NA	10	3	3	10	3	3	1	1	1.03661843	10	0
chr13	4000000	chr14	32000000	3	00	3	11	0.25	NA	00	3	3	00	3	3	1	4	3.19365051	00	0
chr13	9000000	chr14	17000000	2	00	2	00	0.906555593	NA	00	2	2	00	2	2	1	1	2.74219244	00	0
chr13	9000000	chr14	18000000	1	00	1	00	0.767709136	NA	00	1	1	00	1	1	1	1	3.47563142	00	0
chr13	10000000	chr14	17000000	9	00	9	00	0.996711254	NA	00	9	9	00	9	9	1	1	3.25266614	00	0
chr13	10000000	chr14	18000000	3	00	3	00	0.999867439	NA	00	3	3	00	3	3	1	1	3.95111723	00	0
chr13	14000000	chr14	16000000	1	00	1	00	0.990023434	NA	00	1	1	00	1	1	1	1	3.74506582	00	0
chr13	15000000	chr14	17000000	2	00	2	00	0.978992164	NA	00	2	2	00	2	2	1	1	4.03349692	00	0
chr13	16000000	chr14	17000000	2	00	2	00	0.999080896	NA	00	2	2	00	2	2	1	1	3.9848213	00	0
chr13	17000000	chr14	17000000	3	00	3	00	0.99935931	NA	00	3	3	00	3	3	1	1	3.89945582	00	0
chr13	17000000	chr14	15000000	1	00	1	00	0.999740183	NA	00	1	1	00	1	1	1	1	3.65545075	00	0
chr13	17000000	chr14	16000000	1	00	1	00	0.994088054	NA	00	1	1	00	1	1	1	1	3.6236131	00	0
chr13	18000000	chr14	15000000	3	00	3	00	0.890715301	NA	00	3	3	00	3	3	1	1	3.56944897	00	0
chr13	18000000	chr14	14000000	4	00	4	00	0.999568164	NA	00	4	4	00	4	4	1	1	2.89502136	00	0
chr13	18000000	chr14	18000000	3	00	3	00	0.995993614	NA	00	3	3	00	3	3	1	1	4.02578538	00	0
chr13	18000000	chr14	16000000	3	00	3	00	0.998857617	NA	00	3	3	00	3	3	1	1	3.33340876	00	0
chr13	18000000	chr14	13000000	1	00	1	00	0.947939456	NA	00	1	1	00	1	1	1	1	3.83618166	00	0
chr13	19000000	chr14	14000000	4	00	4	00	0.978374243	NA	00	4	4	00	4	4	1	1	2.56050132	00	0
chr13	19000000	chr14	32000000	8	00	8	00	0.994136214	NA	00	8	8	00	8	8	1	1	3.55030581	00	0
chr13	19000000	chr14	33000000	6	00	6	00	0.981788039	NA	00	6	6	00	6	6	1	1	2.29439584	00	0
chr13	20000000	chr14	14000000	4	00	4	00	0.989661217	NA	00	4	4	00	4	4	1	1	2.17290722	00	0
chr13	20000000	chr14	32000000	12	00	12	00	0.999956608	NA	00	12	12	00	12	12	1	1	3.43897456	00	0
chr13	20000000	chr14	33000000	9	00	9	00	0.973131895	NA	00	9	9	00	9	9	1	1	1.93879738	00	0
chr13	20000000	chr14	13000000	4	00	4	00	0.981330693	NA	00	4	4	00	4	4	1	1	3.22870258	00	0
chr13	21000000	chr14	32000000	20	00	20	00	0.99933356	NA	00	20	20	00	20	20	1	1	2.97967525	00	0
chr13	21000000	chr14	33000000	14	00	14	00	0.930592477	NA	00	14	14	00	14	14	1	1	1.37823069	00	0
chr13	27000000	chr14	15000000	6	00	6	00	0.99982065	NA	00	6	6	00	6	6	1	1	4.21370754	00	0
chr13	24000000	chr16	33000000	2	01	2	00	0.481412053	NA	00	0	0	00	0	0	2	1	1.55961071	00	0
chr13	50000000	chr16	79000000	10	01	10	01	0.920870304	NA	01	10	10	01	10	10	1	1	3.19356461	01	0
chr13	50000000	chr16	22000000	2	01	2	01	0.993415475	NA	01	2	2	01	2	2	1	1	4.46734205	01	0
chr13	51000000	chr16	22000000	9	01	9	01	0.996335864	NA	01	9	9	01	9	9	1	1	4.55290878	01	0
chr13	51000000	chr16	23000000	2	01	2	01	0.846783221	NA	01	2	2	01	2	2	1	1	3.77837199	01	0
chr13	51000000	chr16	79000000	4	01	4	01	0.696115375	NA	01	4	4	01	4	4	1	1	3.19020053	01	0
chr13	52000000	chr16	22000000	10	01	10	01	0.986700594	NA	01	10	10	01	10	10	1	1	4.59461921	01	0
chr13	52000000	chr16	21000000	8	01	8	01	0.859827161	NA	01	8	8	01	8	8	1	1	4.46852869	01	0
chr13	67000000	chr16	21000000	3	01	3	01	0.856463015	NA	01	3	3	01	3	3	1	1	4.36670191	01	0
chr13	67000000	chr16	23000000	1	01	1	01	0.948257685	NA	01	1	1	01	1	1	1	1	3.8183884	01	0
chr13	70000000	chr16	21000000	3	01	3	01	0.931126297	NA	01	3	3	01	3	3	1	1	4.43033939	01	0
chr13	71000000	chr16	23000000	1	01	1	01	0.828571677	NA	01	1	1	01	1	1	1	1	3.94333713	01	0
chr13	79000000	chr16	22000000	1	01	1	01	0.950648844	NA	01	1	1	01	1	1	1	1	4.58593735	01	0
chr13	88000000	chr16	80000000	8	01	8	01	0.999604881	NA	01	8	8	01	8	8	1	1	3.46457162	01	0
chr13	88000000	chr16	81000000	8	01	8	01	0.995257199	NA	01	8	8	01	8	8	1	1	3.26022476	01	0
chr13	88000000	chr16	92000000	4	01	4	01	0.693874538	NA	01	4	4	01	4	4	1	1	2.54944203	01	0
chr13	88000000	chr16	91000000	2	01	2	01	0.539839745	NA	01	2	2	01	2	2	1	1	2.52060039	01	0
chr13	89000000	chr16	23000000	10	01	10	01	0.999911308	NA	01	10	10	01	10	10	1	1	4.00197248	01	0
chr13	89000000	chr16	24000000	1	01	1	01	0.989009321	NA	01	1	1	01	1	1	1	1	3.90276648	01	0
chr13	89000000	chr16	80000000	1	01	1	01	0.948954403	NA	01	1	1	01	1	1	1	1	3.46930998	01	0
chr13	90000000	chr16	23000000	13	01	13	01	0.999996901	NA	01	13	13	01	13	13	1	1	4.04944469	01	0
chr13	90000000	chr16	24000000	14	01	14	01	0.999968886	NA	01	14	14	01	14	14	1	1	3.935481	01	0
chr13	90000000	chr16	79000000	2	01	2	01	0.991316438	NA	01	2	2	01	2	2	1	1	3.13326807	01	0
chr13	90000000	chr16	80000000	5	01	5	01	0.997072697	NA	01	5	5	01	5	5	1	1	3.4145337	01	0
chr13	90000000	chr16	22000000	1	01	1	01	0.998846292	NA	01	1	1	01	1	1	1	1	4.78307149	01	0
chr13	90000000	chr16	78000000	1	01	1	01	0.672173083	NA	01	1	1	01	1	1	1	1	1.65770468	01	0
chr13	91000000	chr16	23000000	8	01	8	01	0.999969363	NA	01	8	8	01	8	8	1	1	4.03456364	01	0
chr13	91000000	chr16	80000000	3	01	3	01	0.987742901	NA	01	3	3	01	3	3	1	1	3.47795703	01	0
chr13	97000000	chr16	28000000	1	10	1	01	0.935950816	NA	01	0	0	01	0	1	4	1	3.16151036	01	0
chr13	97000000	chr16	20000000	1	01	1	01	0.989971757	NA	01	1	1	01	1	1	1	1	3.35294978	01	0
chr13	98000000	chr16	21000000	5	01	5	01	0.999944925	NA	01	5	5	01	5	5	1	1	4.38648407	01	0
chr13	98000000	chr16	28000000	4	01	4	01	0.99865675	NA	01	4	4	01	4	4	1	1	3.08995086	01	0
chr13	98000000	chr16	30000000	1	01	1	01	0.901307821	NA	01	1	1	01	1	1	1	1	2.51378182	01	0
chr13	98000000	chr16	27000000	3	01	3	01	0.991767108	NA	01	3	3	01	3	3	1	1	2.54878332	01	0
chr13	99000000	chr16	27000000	3	01	3	01	0.803525984	NA	01	3	3	01	3	3	1	1	2.56942139	01	0
chr13	99000000	chr16	21000000	19	01	19	01	0.999999404	NA	01	19	19	01	19	19	1	1	4.43034588	01	0
chr13	99000000	chr16	20000000	5	01	5	01	0.999576867	NA	01	5	5	01	5	5	1	1	3.38308074	01	0
chr13	99000000	chr16	22000000	1	01	1	01	0.999534845	NA	01	1	1	01	1	1	1	1	4.59475533	01	0
chr13	99000000	chr16	30000000	1	01	1	01	0.788355231	NA	01	1	1	01	1	1	1	1	2.51378661	01	0
chr13	100000000	chr16	21000000	1	01	1	01	0.998473585	NA	01	1	1	01	1	1	1	1	4.32841057	01	0
chr13	100000000	chr16	22000000	1	01	1	01	0.952790976	NA	01	1	1	01	1	1	1	1	4.52528446	01	0
chr13	102000000	chr16	20000000	1	01	1	01	0.913907528	NA	01	1	1	01	1	1	1	1	3.36424259	01	0
chr13	108000000	chr16	27000000	5	01	5	01	0.994269133	NA	01	5	5	01	5	5	1	1	2.72343399	01	0
chr13	108000000	chr16	28000000	2	01	2	01	0.970389545	NA	01	2	2	01	2	2	1	1	3.01953115	01	0
chr13	109000000	chr16	62000000	2	01	2	01	0.808080077	NA	01	2	2	01	2	2	1	1	2.14920694	01	0
chr13	109000000	chr16	28000000	11	01	11	01	0.999916077	NA	01	11	11	01	11	11	1	1	3.01540021	01	0
chr13	109000000	chr16	29000000	3	01	3	01	0.976037264	NA	01	3	3	01	3	3	1	1	2.82987569	01	0
chr13	109000000	chr16	27000000	7	01	7	01	0.99939692	NA	01	7	7	01	7	7	1	1	2.6370021	01	0
chr13	109000000	chr16	61000000	1	01	1	01	0.577320278	NA	01	1	1	01	1	1	1	1	1.45704671	01	0
chr13	110000000	chr16	28000000	4	01	4	01	0.995181978	NA	01	4	4	01	4	4	1	1	2.91094426	01	0
chr13	111000000	chr16	28000000	4	01	4	01	0.99545455	NA	01	4	4	01	4	4	1	1	3.11042575	01	0
chr13	111000000	chr16	29000000	1	01	1	01	0.965937853	NA	01	1	1	01	1	1	1	1	2.96332805	01	0
chr13	6000000	chr17	5000000	4	11	3	10	0.899361789	NA	10	1	1	10	1	1	4	1	2.68595569	10	0
chr13	8000000	chr17	5000000	5	11	5	10	0.978450775	NA	10	0	0	10	0	0	4	1	3.26928948	10	0
chr13	8000000	chr17	4000000	1	11	1	10	0.556506813	NA	10	0	0	10	0	0	4	1	2.14411375	10	0
chr13	9000000	chr17	5000000	2	11	2	10	0.860965073	NA	10	0	0	10	0	0	4	1	2.38069386	10	0
chr13	37000000	chr17	28000000	2	10	2	01	0.329806238	NA	01	0	0	01	0	2	2	1	0.645075473	01	0
chr13	38000000	chr17	83000000	1	00	1	10	0.39386037	NA	10	0	0	10	0	0	3	1	0.843843651	10	0
chr13	41000000	chr17	83000000	2	10	2	10	0.555533469	NA	10	2	2	10	2	2	1	1	0.876350195	10	0
chr13	62000000	chr17	27000000	1	10	1	10	0.834832907	NA	10	1	1	10	1	1	1	1	2.0226047	10	0
chr13	63000000	chr17	27000000	4	10	4	10	0.92784667	NA	10	4	4	10	4	4	1	1	2.42980039	10	0
chr13	63000000	chr17	26000000	3	10	3	10	0.730285168	NA	10	3	3	10	3	3	1	1	1.85792682	10	0
chr13	63000000	chr17	5000000	2	10	2	10	0.653345823	NA	10	2	2	10	2	2	1	1	3.61643261	10	0
chr13	63000000	chr17	28000000	4	10	4	10	0.825802445	NA	10	4	4	10	4	4	1	1	2.33255403	10	0
chr13	63000000	chr17	4000000	2	10	2	10	0.449313223	NA	10	2	2	10	2	2	1	1	2.62479626	10	0
chr13	64000000	chr17	3000000	1	10	1	10	0.549059451	NA	10	1	1	10	1	1	1	1	1.72836707	10	0
chr13	64000000	chr17	5000000	3	10	3	10	0.727990687	NA	10	3	3	10	3	3	1	1	2.57907137	10	0
chr13	64000000	chr17	84000000	7	10	7	10	0.997450531	NA	10	7	7	10	7	7	1	1	2.58065298	10	0
chr13	64000000	chr17	86000000	7	10	7	10	0.999467671	NA	10	7	7	10	7	7	1	1	3.67230761	10	0
chr13	64000000	chr17	85000000	3	10	3	10	0.998012066	NA	10	3	3	10	3	3	1	1	2.57976751	10	0
chr13	64000000	chr17	83000000	1	10	1	10	0.854233563	NA	10	1	1	10	1	1	1	1	1.16756434	10	0
chr13	64000000	chr17	27000000	1	11	1	10	0.720393956	NA	10	0	0	10	0	0	4	1	2.21374781	10	0
chr13	64000000	chr17	33000000	4	10	4	10	0.977994144	NA	10	4	4	10	4	4	1	1	3.05884177	10	0
chr13	64000000	chr17	81000000	10	10	10	10	0.994938374	NA	10	10	10	10	10	10	1	1	1.64179078	10	0
chr13	64000000	chr17	90000000	4	10	4	10	0.883937359	NA	10	4	4	10	4	4	1	1	0.858298673	10	0
chr13	64000000	chr17	35000000	3	10	3	10	0.971303046	NA	10	3	3	10	3	3	1	1	2.47344751	10	0
chr13	64000000	chr17	89000000	4	10	4	10	0.907878339	NA	10	4	4	10	4	4	1	1	1.82781877	10	0
chr13	67000000	chr17	28000000	4	10	4	10	0.661012948	NA	10	4	4	10	4	4	1	1	2.45797259	10	0
chr13	69000000	chr17	49000000	1	10	1	10	0.371253699	NA	10	1	1	10	1	1	1	1	2.73182502	10	0
chr13	69000000	chr17	65000000	2	10	2	10	0.441394597	NA	10	2	2	10	2	2	1	1	2.42948335	10	0
chr13	69000000	chr17	66000000	1	10	1	10	0.712027371	NA	10	1	1	10	1	1	1	1	3.37286153	10	0
chr13	69000000	chr17	83000000	1	10	1	10	0.727005243	NA	10	1	1	10	1	1	1	1	2.29816365	10	0
chr13	70000000	chr17	66000000	2	10	2	10	0.478527218	NA	10	2	2	10	2	2	1	1	3.48052705	10	0
chr13	70000000	chr17	31000000	8	10	8	10	0.997666121	NA	10	8	8	10	8	8	1	1	4.09292238	10	0
chr13	70000000	chr17	83000000	6	10	6	10	0.989741683	NA	10	6	6	10	6	6	1	1	2.73192677	10	0
chr13	70000000	chr17	32000000	1	10	1	10	0.993734181	NA	10	1	1	10	1	1	1	1	3.83349161	10	0
chr13	70000000	chr17	84000000	4	10	4	10	0.999181211	NA	10	4	4	10	4	4	1	1	3.5481566	10	0
chr13	71000000	chr17	83000000	2	10	2	10	0.99984622	NA	10	2	2	10	2	2	1	1	3.10893168	10	0
chr13	71000000	chr17	32000000	1	10	1	10	0.769349933	NA	10	1	1	10	1	1	1	1	3.9495807	10	0
chr13	74000000	chr17	84000000	3	10	3	10	0.99983263	NA	10	3	3	10	3	3	1	1	3.32539239	10	0
chr13	74000000	chr17	66000000	1	10	1	10	0.456263989	NA	10	1	1	10	1	1	1	1	2.9116887	10	0
chr13	76000000	chr17	84000000	1	10	1	10	0.817582071	NA	10	1	1	10	1	1	1	1	3.02127294	10	0
chr13	77000000	chr17	84000000	3	10	3	10	0.995340228	NA	10	3	3	10	3	3	1	1	3.35679988	10	0
chr13	91000000	chr17	83000000	1	10	1	10	0.897474706	NA	10	1	1	10	1	1	1	1	2.03029074	10	0
chr13	92000000	chr17	83000000	3	10	2	10	0.94059056	NA	10	2	2	10	2	2	1	1	2.39750748	10	0
chr13	92000000	chr17	35000000	5	10	5	10	0.9996773	NA	10	5	5	10	5	5	1	1	3.26237521	10	0
chr13	92000000	chr17	33000000	3	10	3	10	0.996878862	NA	10	3	3	10	3	3	1	1	3.43661817	10	0
chr13	92000000	chr17	84000000	1	10	1	10	0.994214118	NA	10	1	1	10	1	1	1	1	3.44916002	10	0
chr13	92000000	chr17	81000000	5	10	5	10	0.997777045	NA	10	5	5	10	5	5	1	1	2.44572557	10	0
chr13	93000000	chr17	86000000	8	10	8	10	0.998183548	NA	10	8	8	10	8	8	1	1	3.05236141	10	0
chr13	93000000	chr17	81000000	8	10	8	10	0.999278128	NA	10	8	8	10	8	8	1	1	2.48199572	10	0
chr13	93000000	chr17	84000000	6	10	5	10	0.999891043	NA	10	5	5	10	5	5	1	1	3.74312283	10	0
chr13	93000000	chr17	33000000	6	10	6	10	0.999192417	NA	10	6	6	10	6	6	1	1	3.43068872	10	0
chr13	93000000	chr17	35000000	1	10	1	10	0.994585574	NA	10	1	1	10	1	1	1	1	3.4508212	10	0
chr13	93000000	chr17	83000000	1	10	1	10	0.978477597	NA	10	1	1	10	1	1	1	1	2.48633686	10	0
chr13	94000000	chr17	83000000	4	10	4	10	0.932792306	NA	10	4	4	10	4	4	1	1	1.52739431	10	0
chr13	94000000	chr17	84000000	4	10	4	10	0.99851948	NA	10	4	4	10	4	4	1	1	2.65466961	10	0
chr13	96000000	chr17	35000000	5	10	5	10	0.983083904	NA	10	5	5	10	5	5	1	1	2.34121873	10	0
chr13	96000000	chr17	83000000	2	10	2	10	0.953327715	NA	10	2	2	10	2	2	1	1	1.65967981	10	0
chr13	97000000	chr17	35000000	1	10	1	10	0.977871835	NA	10	1	1	10	1	1	1	1	3.13119345	10	0
chr13	97000000	chr17	84000000	8	10	8	10	0.999264777	NA	10	8	8	10	8	8	1	1	3.32867044	10	0
chr13	97000000	chr17	81000000	4	10	4	10	0.978627145	NA	10	4	4	10	4	4	1	1	2.24384638	10	0
chr13	97000000	chr17	33000000	1	10	1	10	0.975433946	NA	10	1	1	10	1	1	1	1	3.2420017	10	0
chr13	97000000	chr17	83000000	5	10	5	10	0.998925269	NA	10	5	5	10	5	5	1	1	2.50005996	10	0
chr13	98000000	chr17	30000000	1	10	1	10	0.928459048	NA	10	1	1	10	1	1	1	1	3.3164025	10	0
chr13	99000000	chr17	31000000	8	10	7	10	0.99964869	NA	10	7	7	10	7	7	1	1	3.77097781	10	0
chr13	99000000	chr17	66000000	11	10	11	10	0.990395963	NA	10	11	11	10	11	11	1	1	3.32017846	10	0
chr13	99000000	chr17	65000000	8	10	8	10	0.928386927	NA	10	8	8	10	8	8	1	1	2.49848971	10	0
chr13	99000000	chr17	49000000	5	10	5	10	0.962125063	NA	10	5	5	10	5	5	1	1	2.6922503	10	0
chr13	99000000	chr17	30000000	1	10	1	10	0.994913578	NA	10	1	1	10	1	1	1	1	3.71172434	10	0
chr13	99000000	chr17	50000000	2	10	2	10	0.917178273	NA	10	2	2	10	2	2	1	1	2.54344998	10	0
chr13	100000000	chr17	50000000	10	10	10	10	0.944949925	NA	10	10	10	10	10	10	1	1	2.97065639	10	0
chr13	100000000	chr17	31000000	8	10	8	10	0.999989867	NA	10	8	8	10	8	8	1	1	3.78310109	10	0
chr13	100000000	chr17	32000000	1	10	1	10	0.990457892	NA	10	1	1	10	1	1	1	1	3.44803797	10	0
chr13	100000000	chr17	51000000	1	10	1	10	0.917998493	NA	10	1	1	10	1	1	1	1	3.30109171	10	0
chr13	100000000	chr17	83000000	1	10	1	10	0.92536658	NA	10	1	1	10	1	1	1	1	2.06558431	10	0
chr13	101000000	chr17	31000000	2	10	2	10	0.925473154	NA	10	2	2	10	2	2	1	1	3.85201388	10	0
chr13	101000000	chr17	82000000	1	10	1	10	0.790136099	NA	10	1	1	10	1	1	1	1	2.62114381	10	0
chr13	101000000	chr17	83000000	3	10	3	10	0.908333778	NA	10	3	3	10	3	3	1	1	2.31056583	10	0
chr13	101000000	chr17	32000000	1	10	1	10	0.997590899	NA	10	1	1	10	1	1	1	1	3.51468163	10	0
chr13	102000000	chr17	82000000	2	10	2	10	0.928888202	NA	10	2	2	10	2	2	1	1	2.46826776	10	0
chr13	102000000	chr17	83000000	7	10	7	10	0.994525969	NA	10	7	7	10	7	7	1	1	2.44363447	10	0
chr13	103000000	chr17	83000000	2	10	2	10	0.966595769	NA	10	2	2	10	2	2	1	1	2.07775612	10	0
chr13	103000000	chr17	84000000	2	10	2	10	0.867126763	NA	10	2	2	10	2	2	1	1	3.08917728	10	0
chr13	104000000	chr17	83000000	1	10	1	10	0.792582035	NA	10	1	1	10	1	1	1	1	1.47486942	10	0
chr13	105000000	chr17	83000000	2	10	2	10	0.90729636	NA	10	2	2	10	2	2	1	1	2.10482231	10	0
chr13	106000000	chr17	83000000	7	10	7	10	0.977103889	NA	10	7	7	10	7	7	1	1	1.9670631	10	0
chr13	107000000	chr17	35000000	1	10	1	10	0.778308213	NA	10	1	1	10	1	1	1	1	2.58228556	10	0
chr13	107000000	chr17	90000000	1	10	1	10	0.564628959	NA	10	1	1	10	1	1	1	1	1.49069675	10	0
chr13	108000000	chr17	90000000	11	10	11	10	0.965475678	NA	10	11	11	10	11	11	1	1	1.52497016	10	0
chr13	118000000	chr17	32000000	5	10	5	10	0.992940903	NA	10	5	5	10	5	5	1	1	3.86562997	10	0
chr13	118000000	chr17	83000000	5	10	5	10	0.945311248	NA	10	5	5	10	5	5	1	1	2.66937971	10	0
chr13	118000000	chr17	81000000	11	10	11	10	0.993339837	NA	10	11	11	10	11	11	1	1	2.89474173	10	0
chr13	118000000	chr17	94000000	2	10	2	10	0.776114881	NA	10	2	2	10	2	2	1	1	3.97308281	10	0
chr13	118000000	chr17	90000000	1	10	1	10	0.577152312	NA	10	1	1	10	1	1	1	1	2.48720813	10	0
chr13	119000000	chr17	81000000	2	10	2	10	0.677925348	NA	10	2	2	10	2	2	1	1	1.80457748	10	0
chr13	4000000	chr18	12000000	1	00	1	00	0.35615027	NA	00	1	0	00	1	1	1	1	1.3459798	00	1
chr13	14000000	chr18	16000000	2	00	2	00	0.556478441	NA	00	2	0	00	2	2	1	1	2.23307503	00	1
chr13	18000000	chr18	14000000	8	00	8	00	0.995170772	NA	00	8	0	00	8	8	1	1	3.06799918	00	1
chr13	18000000	chr18	13000000	9	00	9	00	0.997967184	NA	00	9	0	00	9	9	1	1	2.77343309	00	1
chr13	18000000	chr18	12000000	5	00	5	00	0.962285459	NA	00	5	0	00	5	5	1	1	2.37180891	00	1
chr13	23000000	chr18	12000000	1	00	1	00	0.800830722	NA	00	1	0	00	1	1	1	1	1.17562524	00	1
chr13	25000000	chr18	82000000	1	00	1	00	0.611675858	NA	00	1	0	00	1	1	1	1	1.5342974	00	1
chr13	25000000	chr18	13000000	1	00	1	00	0.889047325	NA	00	1	0	00	1	1	1	1	1.99029486	00	1
chr13	26000000	chr18	13000000	2	00	2	00	0.65528816	NA	00	2	0	00	2	2	1	1	1.93086194	00	1
chr13	26000000	chr18	14000000	1	00	1	00	0.943655312	NA	00	1	0	00	1	1	1	1	2.11115154	00	1
chr13	26000000	chr18	82000000	5	00	5	00	0.753765881	NA	00	5	0	00	5	5	1	1	1.90701996	00	1
chr13	26000000	chr18	81000000	1	00	1	00	0.47514537	NA	00	1	0	00	1	1	1	1	0.711386417	00	1
chr13	26000000	chr18	16000000	2	00	1	00	0.848457694	NA	00	1	0	00	1	1	1	1	2.15009664	00	1
chr13	27000000	chr18	15000000	6	00	6	00	0.992729247	NA	00	6	0	00	6	6	1	1	3.31928162	00	1
chr13	27000000	chr18	14000000	1	01	1	00	0.932986736	NA	00	0	1	00	0	0	2	1	2.58953396	00	1
chr13	40000000	chr18	13000000	1	00	1	00	0.798882306	NA	00	1	0	00	1	1	1	1	1.53769345	00	1
chr13	40000000	chr18	12000000	2	00	2	00	0.658162355	NA	00	2	0	00	2	2	1	1	1.10253515	00	1
chr13	40000000	chr18	82000000	3	00	3	00	0.408044398	NA	00	3	0	00	3	3	1	1	1.01033645	00	1
chr13	41000000	chr18	13000000	2	00	2	00	0.655901849	NA	00	2	0	00	2	2	1	1	1.6255705	00	1
chr13	41000000	chr18	82000000	1	00	1	00	0.363855898	NA	00	1	0	00	1	1	1	1	1.45744853	00	1
chr13	47000000	chr18	67000000	4	00	4	01	0.497404069	NA	01	0	4	01	0	0	2	1	1.1306965	01	1
chr13	48000000	chr18	67000000	3	00	3	01	0.614533305	NA	01	0	3	01	0	0	2	1	1.06004664	01	1
chr13	54000000	chr18	36000000	1	00	1	00	0.547468185	NA	00	1	0	00	1	1	1	1	1.27229773	00	1
chr13	58000000	chr18	89000000	4	00	4	00	0.755527735	NA	00	4	0	00	4	4	1	1	1.03121063	00	1
chr13	58000000	chr18	88000000	4	00	4	00	0.498130351	NA	00	4	0	00	4	4	1	1	1.62523519	00	1
chr13	61000000	chr18	31000000	13	00	13	01	0.945485353	NA	01	0	13	01	0	0	3	1	1.4401725	01	1
chr13	61000000	chr18	47000000	2	00	2	11	0.25	NA	00	2	2	01	0	2	2	4	0.507646793	01	1
chr13	61000000	chr18	35000000	2	00	2	01	0.795377791	NA	01	0	2	01	0	0	2	1	1.85609892	01	1
chr13	61000000	chr18	32000000	4	00	4	01	0.729745209	NA	01	0	4	01	0	0	2	1	0.339190819	01	1
chr13	61000000	chr18	70000000	6	00	6	01	0.963461101	NA	01	0	6	01	0	0	2	1	2.06672413	01	1
chr13	61000000	chr18	33000000	2	00	2	01	0.882670462	NA	01	0	2	01	0	0	2	1	1.72483787	01	1
chr13	61000000	chr18	34000000	1	00	1	01	0.831271112	NA	01	0	1	01	0	0	2	1	1.35674476	01	1
chr13	61000000	chr18	36000000	1	00	1	01	0.657143533	NA	01	0	1	01	0	0	2	1	1.15984062	01	1
chr13	61000000	chr18	66000000	2	00	2	01	0.86600244	NA	01	0	2	01	0	0	2	1	2.25567597	01	1
chr13	62000000	chr18	32000000	1	00	1	00	0.414723784	NA	00	1	0	00	1	1	1	1	0.25837878	00	1
chr13	62000000	chr18	67000000	2	00	2	01	0.546370506	NA	01	0	2	01	0	0	2	1	0.573087971	01	1
chr13	64000000	chr18	82000000	1	00	1	00	0.47909233	NA	00	1	0	00	1	1	1	1	0.436617309	00	1
chr13	64000000	chr18	32000000	2	00	2	00	0.522622645	NA	00	2	0	00	2	2	1	1	0.385670458	00	1
chr13	64000000	chr18	31000000	1	00	1	01	0.482140541	NA	01	0	1	01	0	0	2	1	1.13410206	01	1
chr13	67000000	chr18	67000000	10	00	10	01	0.908765376	NA	01	0	10	01	0	0	2	1	1.37069532	01	1
chr13	74000000	chr18	36000000	1	00	1	00	0.513651073	NA	00	1	0	00	1	1	1	1	1.65097486	00	1
chr13	75000000	chr18	36000000	1	00	1	00	0.711964369	NA	00	1	0	00	1	1	1	1	2.03543642	00	1
chr13	77000000	chr18	68000000	1	00	1	01	0.615096927	NA	01	0	1	01	0	0	2	1	0.718567231	01	1
chr13	82000000	chr18	37000000	4	00	4	00	0.844781458	NA	00	4	0	00	4	4	1	1	1.52530686	00	1
chr13	82000000	chr18	68000000	1	00	1	01	0.73749274	NA	01	0	1	01	0	0	2	1	0.702749725	01	1
chr13	82000000	chr18	69000000	2	00	2	01	0.691707969	NA	01	0	2	01	0	0	2	1	1.41869652	01	1
chr13	82000000	chr18	66000000	1	00	1	01	0.668435752	NA	01	0	1	01	0	0	2	1	0.654868874	01	1
chr13	82000000	chr18	67000000	1	00	1	01	0.570267737	NA	01	0	1	01	0	0	2	1	1.14897377	01	1
chr13	83000000	chr18	33000000	1	00	1	01	0.462069571	NA	01	0	1	01	0	0	2	1	0.0438868221	01	1
chr13	83000000	chr18	66000000	6	00	6	01	0.698128164	NA	01	0	6	01	0	0	2	1	0.919246227	01	1
chr13	83000000	chr18	67000000	5	00	5	01	0.963233411	NA	01	0	5	01	0	0	2	1	1.93534846	01	1
chr13	83000000	chr18	69000000	3	00	3	01	0.82787317	NA	01	0	3	01	0	0	2	1	2.1206098	01	1
chr13	83000000	chr18	68000000	4	00	4	01	0.916345835	NA	01	0	4	01	0	0	2	1	1.47042091	01	1
chr13	84000000	chr18	68000000	3	00	3	01	0.862882137	NA	01	0	3	01	0	0	2	1	1.43229368	01	1
chr13	85000000	chr18	37000000	1	00	1	00	0.538203955	NA	00	1	0	00	1	1	1	1	1.90364471	00	1
chr13	86000000	chr18	37000000	1	00	1	00	0.746941328	NA	00	1	0	00	1	1	1	1	1.6927976	00	1
chr13	111000000	chr18	31000000	1	00	1	01	0.448067278	NA	01	0	1	01	0	0	3	1	1.17585723	01	1
chr13	117000000	chr18	89000000	1	00	1	00	0.506240785	NA	00	1	0	00	1	1	1	1	0.61801672	00	1
chr13	117000000	chr18	88000000	3	00	3	00	0.645977557	NA	00	3	0	00	3	3	1	1	1.16101862	00	1
chr13	119000000	chr18	32000000	3	00	3	00	0.652640402	NA	00	3	0	00	3	3	1	1	1.02984458	00	1
chr13	119000000	chr18	33000000	8	00	8	01	0.552752316	NA	01	0	8	01	0	0	2	1	0.121717343	01	1
chr13	119000000	chr18	37000000	4	00	4	00	0.733941495	NA	00	4	0	00	4	4	1	1	1.18402107	00	1
chr13	3000000	chr19	15000000	3	00	3	00	0.832737029	NA	00	3	3	00	3	3	1	1	0.927288322	00	0
chr13	3000000	chr19	29000000	4	00	4	00	0.921267152	NA	00	4	4	00	4	4	1	1	0.691723639	00	0
chr13	3000000	chr19	16000000	5	00	5	00	0.833074093	NA	00	5	5	00	5	5	1	1	0.640120155	00	0
chr13	3000000	chr19	12000000	1	00	1	00	0.741535842	NA	00	1	1	00	1	1	1	1	0.410023458	00	0
chr13	3000000	chr19	21000000	1	00	1	00	0.485796243	NA	00	1	1	00	1	1	1	1	0.349316061	00	0
chr13	3000000	chr19	26000000	2	00	2	00	0.5349527	NA	00	2	2	00	2	2	1	1	0.915473999	00	0
chr13	3000000	chr19	60000000	1	00	1	00	0.813269496	NA	00	1	1	00	1	1	1	1	1.01348298	00	0
chr13	4000000	chr19	26000000	1	00	1	00	0.970195055	NA	00	1	1	00	1	1	1	1	1.65081754	00	0
chr13	4000000	chr19	60000000	1	00	1	00	0.890072942	NA	00	1	1	00	1	1	1	1	1.29269519	00	0
chr13	4000000	chr19	58000000	1	00	1	00	0.998497725	NA	00	1	1	00	1	1	1	1	1.56853432	00	0
chr13	4000000	chr19	3000000	1	01	1	00	0.49060744	NA	00	0	0	00	0	0	3	1	1.20366528	00	0
chr13	4000000	chr19	27000000	1	00	1	00	0.705396116	NA	00	1	1	00	1	1	1	1	1.07439572	00	0
chr13	4000000	chr19	57000000	1	00	1	00	0.981566548	NA	00	1	1	00	1	1	1	1	1.53393691	00	0
chr13	4000000	chr19	59000000	1	00	1	00	0.994921863	NA	00	1	1	00	1	1	1	1	1.66295418	00	0
chr13	5000000	chr19	14000000	2	00	2	00	0.945555389	NA	00	2	2	00	2	2	1	1	3.10659568	00	0
chr13	5000000	chr19	57000000	7	00	7	00	0.999860406	NA	00	7	7	00	7	7	1	1	2.62133596	00	0
chr13	5000000	chr19	58000000	1	00	1	00	0.698170543	NA	00	1	1	00	1	1	1	1	2.2975841	00	0
chr13	5000000	chr19	56000000	2	00	2	00	0.998192012	NA	00	2	2	00	2	2	1	1	3.33491754	00	0
chr13	5000000	chr19	20000000	1	00	1	00	0.691049099	NA	00	1	1	00	1	1	1	1	1.94194637	00	0
chr13	6000000	chr19	27000000	4	00	4	00	0.97819829	NA	00	4	4	00	4	4	1	1	3.09226015	00	0
chr13	6000000	chr19	28000000	4	00	4	00	0.997993708	NA	00	4	4	00	4	4	1	1	3.23249951	00	0
chr13	6000000	chr19	58000000	1	00	1	00	0.816085219	NA	00	1	1	00	1	1	1	1	3.10603503	00	0
chr13	8000000	chr19	27000000	1	00	1	00	0.984161317	NA	00	1	1	00	1	1	1	1	2.96933662	00	0
chr13	8000000	chr19	60000000	4	00	4	00	0.999003947	NA	00	4	4	00	4	4	1	1	3.1317246	00	0
chr13	8000000	chr19	57000000	3	00	3	00	0.999979496	NA	00	3	3	00	3	3	1	1	3.27389317	00	0
chr13	8000000	chr19	21000000	5	00	4	00	0.987824202	NA	00	4	4	00	4	4	1	1	3.05549676	00	0
chr13	8000000	chr19	26000000	3	00	3	00	0.939607382	NA	00	3	3	00	3	3	1	1	3.32193072	00	0
chr13	8000000	chr19	3000000	1	00	1	00	0.563125789	NA	00	1	1	00	1	1	1	1	3.08148451	00	0
chr13	8000000	chr19	20000000	2	00	1	00	0.885567665	NA	00	1	1	00	1	2	1	1	2.68631043	00	0
chr13	8000000	chr19	58000000	10	00	10	00	0.999999642	NA	00	10	10	00	10	10	1	1	3.18775872	00	0
chr13	8000000	chr19	59000000	1	00	1	00	0.999976635	NA	00	1	1	00	1	1	1	1	3.65631338	00	0
chr13	9000000	chr19	37000000	1	10	1	00	0.448151827	NA	00	0	0	00	0	0	3	1	0.995689221	00	0
chr13	9000000	chr19	47000000	1	00	1	00	0.625087976	NA	00	1	1	00	1	1	1	1	2.60892872	00	0
chr13	10000000	chr19	26000000	8	01	8	00	0.980353355	NA	00	0	0	00	0	0	4	1	3.95008465	00	0
chr13	10000000	chr19	25000000	5	01	5	00	0.856960058	NA	00	0	0	00	0	0	4	1	3.23217232	00	0
chr13	10000000	chr19	27000000	2	01	2	00	0.959720075	NA	00	0	0	00	0	0	3	1	3.24195082	00	0
chr13	11000000	chr19	27000000	13	01	13	00	0.999707401	NA	00	0	0	00	0	0	4	1	3.21814949	00	0
chr13	11000000	chr19	25000000	1	01	1	00	0.995581686	NA	00	0	0	00	0	0	4	1	3.36370868	00	0
chr13	11000000	chr19	26000000	2	01	2	00	0.983514667	NA	00	0	0	00	0	0	4	1	3.76482703	00	0
chr13	11000000	chr19	46000000	5	00	5	00	0.554416656	NA	00	5	5	00	5	5	1	1	1.04660791	00	0
chr13	11000000	chr19	29000000	1	01	1	00	0.914440393	NA	00	0	0	00	0	0	4	1	3.41287999	00	0
chr13	11000000	chr19	28000000	3	01	3	00	0.917975008	NA	00	0	0	00	0	0	4	1	3.44106339	00	0
chr13	12000000	chr19	47000000	4	00	4	00	0.971658647	NA	00	4	4	00	4	4	1	1	3.73946374	00	0
chr13	13000000	chr19	47000000	1	00	1	00	0.881496489	NA	00	1	1	00	1	1	1	1	4.16593829	00	0
chr13	15000000	chr19	37000000	2	00	2	00	0.773424566	NA	00	2	2	00	2	2	1	1	2.61591723	00	0
chr13	15000000	chr19	38000000	1	00	1	00	0.595035255	NA	00	1	1	00	1	1	1	1	3.08673946	00	0
chr13	18000000	chr19	57000000	2	00	2	00	0.981410921	NA	00	2	2	00	2	2	1	1	2.3527814	00	0
chr13	19000000	chr19	57000000	3	00	3	00	0.99608314	NA	00	3	3	00	3	3	1	1	2.97281995	00	0
chr13	20000000	chr19	58000000	6	00	6	00	0.992854655	NA	00	6	6	00	6	6	1	1	3.34278235	00	0
chr13	20000000	chr19	57000000	7	00	7	00	0.998077989	NA	00	7	7	00	7	7	1	1	3.56410778	00	0
chr13	21000000	chr19	59000000	3	00	3	00	0.942932844	NA	00	3	3	00	3	3	1	1	2.53121862	00	0
chr13	21000000	chr19	21000000	1	00	1	00	0.878636658	NA	00	1	1	00	1	1	1	1	2.27180273	00	0
chr13	23000000	chr19	59000000	8	00	8	00	0.930420816	NA	00	8	8	00	8	8	1	1	0.971108912	00	0
chr13	23000000	chr19	58000000	1	00	1	00	0.768036127	NA	00	1	1	00	1	1	1	1	0.922267321	00	0
chr13	23000000	chr19	21000000	2	00	2	00	0.470047235	NA	00	2	2	00	2	2	1	1	0.504509645	00	0
chr13	24000000	chr19	22000000	6	00	6	00	0.611724615	NA	00	6	6	00	6	6	1	1	0.767227843	00	0
chr13	24000000	chr19	59000000	20	00	20	00	0.996181488	NA	00	20	20	00	20	20	1	1	1.75761373	00	0
chr13	24000000	chr19	60000000	5	00	5	00	0.971722901	NA	00	5	5	00	5	5	1	1	1.55445887	00	0
chr13	24000000	chr19	21000000	9	00	9	00	0.883685768	NA	00	9	9	00	9	9	1	1	1.22449452	00	0
chr13	24000000	chr19	28000000	1	00	1	00	0.605838716	NA	00	1	1	00	1	1	1	1	1.27981589	00	0
chr13	24000000	chr19	57000000	1	00	1	00	0.709333003	NA	00	1	1	00	1	1	1	1	1.75208089	00	0
chr13	24000000	chr19	58000000	3	00	3	00	0.976886928	NA	00	3	3	00	3	3	1	1	1.68331301	00	0
chr13	25000000	chr19	57000000	1	00	1	00	0.777726114	NA	00	1	1	00	1	1	1	1	1.88077918	00	0
chr13	25000000	chr19	58000000	2	00	1	00	0.885837674	NA	00	1	1	00	1	2	1	1	1.83448571	00	0
chr13	28000000	chr19	16000000	1	00	1	00	0.488913983	NA	00	1	1	00	1	1	1	1	0.869431414	00	0
chr13	33000000	chr19	47000000	2	00	2	00	0.439902961	NA	00	2	2	00	2	2	1	1	1.19029212	00	0
chr13	33000000	chr19	29000000	2	00	2	00	0.915924311	NA	00	2	2	00	2	2	1	1	0.889755715	00	0
chr13	33000000	chr19	35000000	2	00	2	00	0.729061663	NA	00	2	2	00	2	2	1	1	0.982031313	00	0
chr13	33000000	chr19	36000000	1	00	1	00	0.528274775	NA	00	1	1	00	1	1	1	1	0.585922613	00	0
chr13	33000000	chr19	12000000	2	00	2	00	0.516735375	NA	00	2	2	11	0	2	2	2	0.415866439	11	0
chr13	34000000	chr19	29000000	3	00	3	00	0.819290996	NA	00	3	3	00	3	3	1	1	0.735535624	00	0
chr13	34000000	chr19	12000000	3	00	3	00	0.49167347	NA	00	3	3	11	0	3	2	2	0.454171243	11	0
chr13	34000000	chr19	28000000	1	00	1	00	0.550032854	NA	00	1	1	00	1	1	1	1	0.137379164	00	0
chr13	34000000	chr19	34000000	1	00	1	00	0.560593307	NA	00	1	1	00	1	1	1	1	0.513129729	00	0
chr13	35000000	chr19	29000000	8	00	8	00	0.940478265	NA	00	8	8	00	8	8	1	1	0.993107986	00	0
chr13	35000000	chr19	16000000	7	00	7	00	0.932274938	NA	00	7	7	00	7	7	1	1	1.26596078	00	0
chr13	35000000	chr19	35000000	1	00	1	00	0.863376081	NA	00	1	1	00	1	1	1	1	1.23364382	00	0
chr13	36000000	chr19	16000000	10	00	10	00	0.743510365	NA	00	10	10	00	10	10	1	1	0.455045332	00	0
chr13	37000000	chr19	16000000	4	00	3	00	0.705701649	NA	00	3	3	00	3	3	1	1	0.491158305	00	0
chr13	37000000	chr19	39000000	1	00	1	00	0.802952349	NA	00	1	1	00	1	1	1	1	1.39392258	00	0
chr13	37000000	chr19	8000000	1	00	1	11	0.523854315	NA	11	0	0	11	0	1	2	1	0.527080723	11	0
chr13	38000000	chr19	27000000	1	01	1	00	0.654807925	NA	00	0	0	00	0	0	3	1	1.22989427	00	0
chr13	38000000	chr19	60000000	1	00	1	00	0.790409505	NA	00	1	1	00	1	1	1	1	1.31767679	00	0
chr13	38000000	chr19	59000000	2	00	2	00	0.853975415	NA	00	2	2	00	2	2	1	1	1.32939029	00	0
chr13	38000000	chr19	26000000	3	00	3	00	0.803666949	NA	00	3	3	00	3	3	1	1	1.70538668	00	0
chr13	39000000	chr19	14000000	2	00	2	00	0.915066838	NA	00	2	2	00	2	2	1	1	2.95399376	00	0
chr13	39000000	chr19	26000000	3	00	3	00	0.998602808	NA	00	3	3	00	3	3	1	1	3.00849119	00	0
chr13	39000000	chr19	27000000	3	00	3	00	0.72473824	NA	00	3	3	00	3	3	1	1	2.35834842	00	0
chr13	39000000	chr19	15000000	2	00	2	00	0.908616841	NA	00	2	2	00	2	2	1	1	2.69224778	00	0
chr13	39000000	chr19	58000000	2	00	2	00	0.98454237	NA	00	2	2	00	2	2	1	1	2.45294647	00	0
chr13	40000000	chr19	60000000	1	00	1	00	0.84153682	NA	00	1	1	00	1	1	1	1	2.37212237	00	0
chr13	40000000	chr19	26000000	8	00	8	00	0.999912024	NA	00	8	8	00	8	8	1	1	3.03812409	00	0
chr13	40000000	chr19	58000000	8	00	8	00	0.999253094	NA	00	8	8	00	8	8	1	1	2.47357784	00	0
chr13	40000000	chr19	27000000	4	00	4	00	0.993750155	NA	00	4	4	00	4	4	1	1	2.34202693	00	0
chr13	40000000	chr19	16000000	1	00	1	00	0.657570004	NA	00	1	1	00	1	1	1	1	2.34690129	00	0
chr13	40000000	chr19	15000000	1	00	1	00	0.817243576	NA	00	1	1	00	1	1	1	1	2.70085982	00	0
chr13	40000000	chr19	29000000	1	00	1	00	0.870672643	NA	00	1	1	00	1	1	1	1	2.55330349	00	0
chr13	40000000	chr19	36000000	1	00	1	00	0.858133972	NA	00	1	1	00	1	1	1	1	2.1121145	00	0
chr13	44000000	chr19	12000000	2	00	2	11	0.433576256	NA	11	0	0	11	0	2	2	1	0.381852326	11	0
chr13	44000000	chr19	29000000	1	00	1	00	0.582288206	NA	00	1	1	00	1	1	1	1	0.370252756	00	0
chr13	45000000	chr19	16000000	7	00	7	00	0.779325187	NA	00	7	7	00	7	7	1	1	1.69467517	00	0
chr13	45000000	chr19	30000000	2	00	2	00	0.844055474	NA	00	2	2	00	2	2	1	1	0.894542093	00	0
chr13	45000000	chr19	29000000	1	00	1	00	0.867008686	NA	00	1	1	00	1	1	1	1	1.56683579	00	0
chr13	45000000	chr19	35000000	1	00	1	00	0.914767563	NA	00	1	1	00	1	1	1	1	1.89404545	00	0
chr13	45000000	chr19	34000000	1	00	1	00	0.886726677	NA	00	1	1	00	1	1	1	1	1.80985506	00	0
chr13	46000000	chr19	34000000	2	00	2	00	0.917872429	NA	00	2	2	00	2	2	1	1	2.25319737	00	0
chr13	46000000	chr19	60000000	1	00	1	00	0.678182065	NA	00	1	1	00	1	1	1	1	1.48015959	00	0
chr13	49000000	chr19	59000000	1	00	1	00	0.688121557	NA	00	1	1	00	1	1	1	1	1.76957996	00	0
chr13	49000000	chr19	60000000	3	00	3	00	0.922302902	NA	00	3	3	00	3	3	1	1	1.97894468	00	0
chr13	49000000	chr19	34000000	7	00	7	00	0.995157778	NA	00	7	7	00	7	7	1	1	2.38966215	00	0
chr13	49000000	chr19	33000000	1	00	1	00	0.983730137	NA	00	1	1	00	1	1	1	1	1.76630889	00	0
chr13	50000000	chr19	33000000	1	00	1	00	0.968953013	NA	00	1	1	00	1	1	1	1	2.22327497	00	0
chr13	50000000	chr19	34000000	3	00	3	00	0.960985839	NA	00	3	3	00	3	3	1	1	2.63582201	00	0
chr13	63000000	chr19	60000000	2	00	2	11	0.25	NA	00	2	2	00	2	2	1	2	2.24828378	00	0
chr13	98000000	chr19	34000000	2	00	2	00	0.50603348	NA	00	2	2	00	2	2	1	1	2.69163359	00	0
chr13	110000000	chr19	35000000	10	00	10	00	0.983749628	NA	00	10	10	00	10	10	1	1	2.45638098	00	0
chr13	110000000	chr19	16000000	8	00	8	00	0.610975027	NA	00	8	8	00	8	8	1	1	2.12917696	00	0
chr13	110000000	chr19	28000000	4	00	4	00	0.866268396	NA	00	4	4	00	4	4	1	1	1.57211209	00	0
chr13	110000000	chr19	29000000	1	00	1	00	0.568934679	NA	00	1	1	00	1	1	1	1	1.88132116	00	0
chr13	110000000	chr19	18000000	1	00	1	00	0.573975265	NA	00	1	1	00	1	1	1	1	1.69069922	00	0
chr13	111000000	chr19	35000000	1	00	1	00	0.766443491	NA	00	1	1	00	1	1	1	1	2.17608419	00	0
chr13	111000000	chr19	34000000	1	00	1	00	0.857212782	NA	00	1	1	00	1	1	1	1	2.39601167	00	0
chr13	111000000	chr19	31000000	1	10	1	00	0.704205394	NA	00	0	0	00	0	0	4	1	1.86142229	00	0
chr13	49000000	chrX	163000000	1	11	1	11	0.955772638	NA	11	1	1	11	1	1	1	1	4.14518479	11	0
chr13	50000000	chrX	164000000	1	01	1	11	0.865661621	NA	11	0	0	11	0	0	3	1	4.60322525	11	0
chr13	50000000	chrX	162000000	2	11	2	11	0.968527198	NA	11	2	2	11	2	2	1	1	4.9918231	11	0
chr13	99000000	chrX	166000000	1	11	1	11	0.90871793	NA	11	1	1	11	1	1	1	1	4.09225234	11	0
chr13	100000000	chrX	164000000	10	11	9	11	0.999973655	NA	11	9	9	11	9	9	1	1	4.60073647	11	0
chr13	100000000	chrX	165000000	4	11	4	11	0.99678731	NA	11	4	4	11	4	4	1	1	4.77202765	11	0
chr13	101000000	chrX	164000000	3	11	3	11	0.995438755	NA	11	3	3	11	3	3	1	1	4.66499925	11	0
chr13	102000000	chrX	165000000	1	11	1	11	0.957701087	NA	11	1	1	11	1	1	1	1	3.99899309	11	0
chr13	119000000	chrX	164000000	1	11	1	11	0.361720771	NA	11	1	1	11	1	1	1	1	3.93668042	11	0
chr14	9000000	chr18	12000000	2	00	1	00	0.96162194	NA	00	1	1	00	1	1	1	1	3.22782992	00	0
chr14	12000000	chr18	14000000	8	00	8	00	0.999995947	NA	00	8	8	00	8	8	1	1	3.72656217	00	0
chr14	12000000	chr18	76000000	1	00	1	00	0.938566804	NA	00	1	1	00	1	1	1	1	3.97973932	00	0
chr14	12000000	chr18	12000000	1	00	1	00	0.848489285	NA	00	1	1	00	1	1	1	1	3.37427184	00	0
chr14	13000000	chr18	14000000	2	00	2	00	0.999507308	NA	00	2	2	00	2	2	1	1	3.60079101	00	0
chr14	13000000	chr18	76000000	1	00	1	00	0.717333615	NA	00	1	1	00	1	1	1	1	3.53340597	00	0
chr14	14000000	chr18	12000000	3	00	3	00	0.995196164	NA	00	3	3	00	3	3	1	1	3.24452063	00	0
chr14	14000000	chr18	14000000	10	00	9	00	0.999978304	NA	00	9	9	00	9	10	1	1	3.20980469	00	0
chr14	14000000	chr18	13000000	2	00	2	00	0.9965868	NA	00	2	2	00	2	2	1	1	3.09290006	00	0
chr14	15000000	chr18	14000000	4	00	4	00	0.999592721	NA	00	4	4	00	4	4	1	1	3.22541689	00	0
chr14	15000000	chr18	15000000	21	00	21	00	0.999999166	NA	00	21	21	00	21	21	1	1	3.84458183	00	0
chr14	15000000	chr18	83000000	7	00	7	00	0.998204589	NA	00	7	7	00	7	7	1	1	3.95974545	00	0
chr14	15000000	chr18	10000000	8	00	8	00	0.999539971	NA	00	8	8	00	8	8	1	1	3.72346048	00	0
chr14	15000000	chr18	13000000	3	00	3	00	0.999920487	NA	00	3	3	00	3	3	1	1	3.04194506	00	0
chr14	15000000	chr18	16000000	2	00	2	00	0.998278141	NA	00	2	2	00	2	2	1	1	2.82510179	00	0
chr14	15000000	chr18	7000000	3	00	3	00	0.999131262	NA	00	3	3	00	3	3	1	1	4.25383151	00	0
chr14	16000000	chr18	15000000	15	00	15	00	0.999999046	NA	00	15	15	00	15	15	1	1	3.82110073	00	0
chr14	16000000	chr18	83000000	8	00	8	00	0.997623265	NA	00	8	8	00	8	8	1	1	3.70772096	00	0
chr14	16000000	chr18	9000000	1	00	1	00	0.941094756	NA	00	1	1	00	1	1	1	1	2.33216947	00	0
chr14	16000000	chr18	14000000	4	00	4	00	0.994470477	NA	00	4	4	00	4	4	1	1	3.28664108	00	0
chr14	16000000	chr18	13000000	4	00	4	00	0.995673358	NA	00	4	4	00	4	4	1	1	3.11899992	00	0
chr14	16000000	chr18	10000000	7	00	7	00	0.998343587	NA	00	7	7	00	7	7	1	1	3.71357525	00	0
chr14	16000000	chr18	84000000	7	00	7	00	0.981191218	NA	00	7	7	00	7	7	1	1	3.68098733	00	0
chr14	16000000	chr18	75000000	1	00	1	00	0.824554801	NA	00	1	1	00	1	1	1	1	2.68906864	00	0
chr14	16000000	chr18	8000000	2	00	2	00	0.999964833	NA	00	2	2	00	2	2	1	1	3.91201526	00	0
chr14	16000000	chr18	74000000	1	00	1	00	0.631449163	NA	00	1	1	00	1	1	1	1	2.82988096	00	0
chr14	17000000	chr18	15000000	2	00	2	00	0.95986867	NA	00	2	2	00	2	2	1	1	2.47423267	00	0
chr14	17000000	chr18	83000000	3	00	3	00	0.919342637	NA	00	3	3	00	3	3	1	1	2.65083897	00	0
chr14	17000000	chr18	8000000	7	00	7	00	0.999958158	NA	00	7	7	00	7	7	1	1	3.49080531	00	0
chr14	18000000	chr18	75000000	3	00	3	00	0.657109559	NA	00	3	3	00	3	3	1	1	2.82700748	00	0
chr14	18000000	chr18	84000000	4	00	4	00	0.989408374	NA	00	4	4	00	4	4	1	1	3.37688366	00	0
chr14	18000000	chr18	13000000	1	00	1	00	0.873067141	NA	00	1	1	00	1	1	1	1	2.56457903	00	0
chr14	18000000	chr18	14000000	1	00	1	00	0.780296206	NA	00	1	1	00	1	1	1	1	2.96109829	00	0
chr14	18000000	chr18	83000000	2	00	2	00	0.874005318	NA	00	2	2	00	2	2	1	1	3.28256208	00	0
chr14	18000000	chr18	10000000	1	00	1	00	0.819708705	NA	00	1	1	00	1	1	1	1	3.01288368	00	0
chr14	18000000	chr18	8000000	1	00	1	00	0.999916553	NA	00	1	1	00	1	1	1	1	4.39348827	00	0
chr14	19000000	chr18	76000000	1	00	1	00	0.833407402	NA	00	1	1	00	1	1	1	1	3.27372444	00	0
chr14	19000000	chr18	14000000	2	00	2	00	0.953823447	NA	00	2	2	00	2	2	1	1	3.31078613	00	0
chr14	45000000	chr18	76000000	1	00	1	00	0.716872573	NA	00	1	1	00	1	1	1	1	3.65806413	00	0
chr14	46000000	chr18	75000000	2	00	2	00	0.977532923	NA	00	2	2	00	2	2	1	1	3.98715207	00	0
chr14	46000000	chr18	76000000	6	00	6	00	0.999509454	NA	00	6	6	00	6	6	1	1	4.1208141	00	0
chr14	47000000	chr18	76000000	6	00	6	00	0.994131982	NA	00	6	6	00	6	6	1	1	3.37932919	00	0
chr14	69000000	chr18	75000000	3	00	3	00	0.983971179	NA	00	3	3	00	3	3	1	1	4.22029838	00	0
chr14	69000000	chr18	77000000	3	00	3	00	0.908938587	NA	00	3	3	00	3	3	1	1	3.28162746	00	0
chr14	69000000	chr18	76000000	7	00	7	00	0.991447091	NA	00	7	7	00	7	7	1	1	4.46938592	00	0
chr14	70000000	chr18	76000000	16	00	16	00	0.999219418	NA	00	16	16	00	16	16	1	1	4.80959986	00	0
chr14	70000000	chr18	77000000	3	00	3	00	0.982336104	NA	00	3	3	00	3	3	1	1	3.52786732	00	0
chr14	70000000	chr18	75000000	7	00	7	00	0.971536577	NA	00	7	7	00	7	7	1	1	4.54118254	00	0
chr14	75000000	chr18	44000000	13	00	13	00	0.968536854	NA	00	13	13	00	13	13	1	1	2.46390101	00	0
chr14	75000000	chr18	43000000	1	00	1	00	0.762295902	NA	00	1	1	00	1	1	1	1	2.32638149	00	0
chr14	76000000	chr18	44000000	2	00	2	00	0.86388433	NA	00	2	2	00	2	2	1	1	2.30789425	00	0
chr14	77000000	chr18	44000000	2	00	2	00	0.921262085	NA	00	2	2	00	2	2	1	1	2.55556921	00	0
chr14	17000000	chr19	25000000	15	01	14	00	0.993470192	NA	00	1	14	00	1	1	3	1	2.69341121	00	1
chr14	17000000	chr19	26000000	4	01	4	00	0.994327486	NA	00	0	4	00	0	0	3	1	3.40080686	00	1
chr14	17000000	chr19	28000000	10	01	10	00	0.995184004	NA	00	0	10	00	0	0	3	1	2.91939125	00	1
chr14	17000000	chr19	27000000	3	01	3	00	0.935302436	NA	00	0	3	00	0	0	3	1	2.64217816	00	1
chr14	17000000	chr19	24000000	2	01	2	00	0.923842788	NA	00	0	2	00	0	0	3	1	2.11890037	00	1
chr14	18000000	chr19	27000000	3	01	3	00	0.941537201	NA	00	0	3	00	0	0	3	1	2.8857228	00	1
chr14	18000000	chr19	26000000	6	01	6	00	0.994372606	NA	00	0	6	00	0	0	3	1	3.69922211	00	1
chr14	18000000	chr19	25000000	3	01	3	00	0.930006325	NA	00	0	3	00	0	0	3	1	2.8170042	00	1
chr15	3000000	chr17	81000000	2	11	2	01	0.746560514	NA	01	0	0	01	0	0	3	1	4.38644091	01	1
chr15	3000000	chr17	19000000	3	11	3	01	0.7836954	NA	01	0	0	01	0	0	3	1	3.42427164	01	1
chr15	3000000	chr17	20000000	3	11	2	01	0.545821846	NA	01	0	0	01	0	1	3	1	3.61589753	01	1
chr15	8000000	chr17	41000000	5	00	5	01	0.979005635	NA	01	0	5	01	0	0	3	1	3.90557849	01	1
chr15	11000000	chr17	57000000	3	00	3	01	0.832213819	NA	01	0	3	01	0	0	3	1	3.85797149	01	1
chr15	11000000	chr17	7000000	2	00	1	01	0.703216732	NA	01	0	1	01	0	0	3	1	4.88143675	01	1
chr15	11000000	chr17	42000000	8	00	8	01	0.998363078	NA	01	0	8	01	0	0	3	1	4.19130739	01	1
chr15	11000000	chr17	40000000	2	00	2	01	0.990886569	NA	01	0	2	01	0	0	3	1	4.80441014	01	1
chr15	12000000	chr17	57000000	3	00	3	01	0.791092932	NA	01	0	3	01	0	0	2	1	4.53148547	01	1
chr15	12000000	chr17	7000000	5	00	5	01	0.927301109	NA	01	0	5	01	0	0	2	1	4.80507951	01	1
chr15	13000000	chr17	72000000	12	00	12	01	0.999989271	NA	01	0	12	01	0	0	2	1	5.70534193	01	1
chr15	13000000	chr17	39000000	3	00	3	01	0.996389389	NA	01	0	3	01	0	0	3	1	6.04391998	01	1
chr15	13000000	chr17	74000000	2	00	2	01	0.996451735	NA	01	0	2	01	0	0	2	1	4.91448534	01	1
chr15	14000000	chr17	72000000	15	00	15	01	0.999998808	NA	01	0	15	01	0	0	3	1	5.78702043	01	1
chr15	14000000	chr17	71000000	3	00	3	01	0.997315943	NA	01	0	3	01	0	0	3	1	5.39458087	01	1
chr15	14000000	chr17	74000000	3	00	3	01	0.994544029	NA	01	0	3	01	0	0	2	1	5.03318217	01	1
chr15	14000000	chr17	39000000	1	00	1	01	0.998315334	NA	01	0	1	01	0	0	3	1	5.76416603	01	1
chr15	15000000	chr17	72000000	4	00	4	01	0.998421907	NA	01	0	4	01	0	0	3	1	4.7301639	01	1
chr15	26000000	chr17	90000000	4	11	4	01	0.999281704	NA	01	0	0	01	0	0	2	1	4.43515428	01	1
chr15	26000000	chr17	82000000	8	11	8	01	0.999992728	NA	01	0	0	01	0	0	3	1	4.85651128	01	1
chr15	26000000	chr17	91000000	1	11	1	01	0.999689937	NA	01	0	0	01	0	0	2	1	4.16617131	01	1
chr15	26000000	chr17	92000000	1	11	1	01	0.977799773	NA	01	0	0	01	0	0	2	1	4.26931127	01	1
chr15	26000000	chr17	81000000	19	11	19	01	0.999941349	NA	01	0	0	01	0	0	3	1	4.16934745	01	1
chr15	26000000	chr17	53000000	2	11	2	01	0.484559834	NA	01	0	0	01	0	0	2	1	3.88626836	01	1
chr15	27000000	chr17	82000000	10	11	10	01	0.999972939	NA	01	0	0	01	0	0	3	1	5.3288412	01	1
chr15	27000000	chr17	81000000	11	11	11	01	0.999998212	NA	01	0	0	01	0	0	3	1	4.91918195	01	1
chr15	27000000	chr17	83000000	19	11	19	01	0.999999523	NA	01	0	0	01	0	0	2	1	4.84918677	01	1
chr15	27000000	chr17	90000000	2	11	2	01	0.999294996	NA	01	0	0	01	0	0	3	1	5.13434736	01	1
chr15	27000000	chr17	21000000	2	00	1	01	0.773272634	NA	01	0	1	01	0	0	2	1	3.0975622	01	1
chr15	27000000	chr17	53000000	1	11	1	01	0.732714474	NA	01	0	0	01	0	0	2	1	4.81139427	01	1
chr15	27000000	chr17	91000000	1	11	1	01	0.999803126	NA	01	0	0	01	0	0	2	1	4.99709837	01	1
chr15	28000000	chr17	83000000	3	11	3	01	0.985790074	NA	01	0	0	01	0	0	2	1	4.09583521	01	1
chr15	28000000	chr17	92000000	4	11	2	01	0.987742186	NA	01	1	1	01	1	1	2	1	4.35270033	01	1
chr15	28000000	chr17	91000000	1	11	1	01	0.998053551	NA	01	0	0	01	0	0	2	1	4.21732896	01	1
chr15	28000000	chr17	90000000	3	11	3	01	0.999155879	NA	01	0	0	01	0	0	2	1	4.58273477	01	1
chr15	28000000	chr17	82000000	5	11	3	01	0.999946475	NA	01	1	1	01	1	1	3	1	5.44238758	01	1
chr15	28000000	chr17	81000000	1	11	1	01	0.995242715	NA	01	0	0	01	0	0	2	1	4.63569955	01	1
chr15	29000000	chr17	81000000	3	11	2	01	0.881467938	NA	01	0	1	01	0	0	2	1	3.86300552	01	1
chr15	29000000	chr17	82000000	4	11	4	01	0.999911666	NA	01	0	0	01	0	0	2	1	5.40711259	01	1
chr15	30000000	chr17	20000000	5	00	4	01	0.980095983	NA	01	0	4	01	0	0	2	1	3.87187464	01	1
chr15	30000000	chr17	17000000	10	00	10	01	0.998158991	NA	01	0	10	01	0	0	2	1	3.33928234	01	1
chr15	30000000	chr17	16000000	1	00	1	01	0.814103007	NA	01	0	1	01	0	0	2	1	2.30693386	01	1
chr15	30000000	chr17	18000000	10	00	10	01	0.998209476	NA	01	0	10	01	0	0	2	1	3.61135347	01	1
chr15	30000000	chr17	19000000	1	00	1	01	0.993824244	NA	01	0	1	01	0	0	2	1	3.66018994	01	1
chr15	31000000	chr17	18000000	2	00	2	01	0.975922823	NA	01	0	2	01	0	0	2	1	3.56929059	01	1
chr15	31000000	chr17	17000000	2	00	2	01	0.975945771	NA	01	0	2	01	0	0	2	1	3.34640922	01	1
chr15	31000000	chr17	19000000	7	00	7	01	0.998530865	NA	01	0	7	01	0	0	2	1	3.64870808	01	1
chr15	38000000	chr17	80000000	7	11	7	01	0.818909407	NA	01	0	0	01	0	0	3	1	2.46184327	01	1
chr15	48000000	chr17	57000000	4	00	4	01	0.746602774	NA	01	0	4	01	0	0	4	1	3.22341999	01	1
chr15	48000000	chr17	40000000	2	00	2	01	0.942322671	NA	01	0	2	01	0	0	4	1	4.03754284	01	1
chr15	49000000	chr17	74000000	1	00	1	01	0.619357705	NA	01	0	1	01	0	0	3	1	3.17606568	01	1
chr15	49000000	chr17	57000000	1	00	1	01	0.593860686	NA	01	0	1	01	0	0	4	1	3.41577442	01	1
chr15	49000000	chr17	72000000	3	00	3	01	0.424831957	NA	01	0	3	01	0	0	3	1	3.63494203	01	1
chr15	49000000	chr17	40000000	2	00	2	01	0.985517085	NA	01	0	2	01	0	0	3	1	4.21790501	01	1
chr15	49000000	chr17	39000000	1	00	1	01	0.946394086	NA	01	0	1	01	0	0	3	1	3.8514744	01	1
chr15	50000000	chr17	42000000	2	00	2	01	0.744679511	NA	01	0	2	01	0	0	2	1	4.27127424	01	1
chr15	50000000	chr17	41000000	5	00	5	01	0.997833908	NA	01	0	5	01	0	0	2	1	5.01820811	01	1
chr15	51000000	chr17	41000000	3	00	3	01	0.990258574	NA	01	0	3	01	0	0	2	1	4.679992	01	1
chr15	51000000	chr17	82000000	6	11	6	01	0.971860707	NA	01	0	0	01	0	0	4	1	5.49090297	01	1
chr15	52000000	chr17	82000000	6	11	6	01	0.997283459	NA	01	0	0	01	0	0	4	1	5.38605797	01	1
chr15	52000000	chr17	93000000	5	11	5	01	0.848067224	NA	01	0	0	01	0	0	4	1	3.92026512	01	1
chr15	52000000	chr17	94000000	4	11	4	01	0.957769096	NA	01	0	0	01	0	0	4	1	3.94489798	01	1
chr15	52000000	chr17	89000000	3	11	3	01	0.843050241	NA	01	0	0	01	0	0	4	1	3.79771731	01	1
chr15	53000000	chr17	19000000	3	11	3	01	0.655522168	NA	01	0	0	01	0	0	4	1	3.71450279	01	1
chr15	53000000	chr17	20000000	1	11	1	01	0.685328364	NA	01	0	0	01	0	0	4	1	3.94122209	01	1
chr15	54000000	chr17	17000000	1	00	1	01	0.720582843	NA	01	0	1	01	0	0	2	1	2.61712352	01	1
chr15	54000000	chr17	20000000	1	00	1	01	0.76183182	NA	01	0	1	01	0	0	2	1	3.1647076	01	1
chr15	55000000	chr17	20000000	1	11	1	01	0.780109346	NA	01	0	0	01	0	0	4	1	3.68697843	01	1
chr15	57000000	chr17	17000000	2	00	2	01	0.656460464	NA	01	0	2	01	0	0	2	1	3.32922274	01	1
chr15	62000000	chr17	19000000	2	00	2	01	0.955016911	NA	01	0	2	01	0	0	2	1	2.89213662	01	1
chr15	62000000	chr17	18000000	1	00	1	01	0.602677882	NA	01	0	1	01	0	0	2	1	2.76310334	01	1
chr15	63000000	chr17	19000000	1	00	1	01	0.954245508	NA	01	0	1	01	0	0	2	1	2.8659485	01	1
chr15	63000000	chr17	74000000	1	00	1	01	0.652656853	NA	01	0	1	01	0	0	2	1	3.12244549	01	1
chr15	64000000	chr17	72000000	2	00	1	01	0.481567532	NA	01	0	1	01	0	0	3	1	3.62720933	01	1
chr15	64000000	chr17	74000000	1	00	1	01	0.686927378	NA	01	0	1	01	0	0	3	1	3.36587396	01	1
chr15	64000000	chr17	75000000	1	00	1	01	0.478549212	NA	01	0	1	01	0	0	3	1	3.37289183	01	1
chr15	75000000	chr17	80000000	1	00	1	01	0.783193171	NA	01	0	1	01	0	0	4	1	3.34673993	01	1
chr15	76000000	chr17	80000000	4	00	4	01	0.953149319	NA	01	0	4	01	0	0	2	1	4.0632531	01	1
chr15	78000000	chr17	80000000	1	00	1	01	0.980342925	NA	01	0	1	01	0	0	2	1	3.9740742	01	1
chr15	79000000	chr17	79000000	6	00	6	01	0.995085537	NA	01	0	6	01	0	0	3	1	4.27176698	01	1
chr15	79000000	chr17	37000000	3	00	3	01	0.63383615	NA	01	0	3	01	0	0	3	1	4.65244976	01	1
chr15	79000000	chr17	88000000	3	00	3	01	0.77048403	NA	01	0	3	01	0	0	3	1	4.93903723	01	1
chr15	81000000	chr17	80000000	1	11	1	01	0.65962851	NA	01	0	0	01	0	0	2	1	3.48518199	01	1
chr15	83000000	chr17	74000000	3	00	3	01	0.947209835	NA	01	0	3	01	0	0	3	1	3.88752607	01	1
chr15	84000000	chr17	80000000	13	00	13	01	0.970142305	NA	01	0	13	01	0	0	2	1	3.32868425	01	1
chr15	84000000	chr17	18000000	1	00	1	01	0.579057753	NA	01	0	1	01	0	0	2	1	2.05614082	01	1
chr15	85000000	chr17	80000000	2	00	2	01	0.838767707	NA	01	0	2	01	0	0	2	1	3.6207485	01	1
chr15	85000000	chr17	74000000	1	00	1	01	0.847146332	NA	01	0	1	01	0	0	2	1	3.4687581	01	1
chr15	93000000	chr17	72000000	1	00	1	01	0.832668722	NA	01	0	1	01	0	0	3	1	4.05332017	01	1
chr15	95000000	chr17	74000000	3	00	3	01	0.649329901	NA	01	0	3	01	0	0	3	1	3.32109665	01	1
chr15	96000000	chr17	74000000	5	00	5	01	0.990779877	NA	01	0	5	01	0	0	3	1	3.85670726	01	1
chr15	96000000	chr17	80000000	2	00	2	01	0.803792059	NA	01	0	2	01	0	0	3	1	3.83204831	01	1
chr15	96000000	chr17	88000000	13	00	13	01	0.988121748	NA	01	0	13	01	0	0	3	1	3.89305223	01	1
chr15	96000000	chr17	71000000	3	00	3	01	0.859324396	NA	01	0	3	01	0	0	3	1	3.51107986	01	1
chr15	96000000	chr17	79000000	1	00	1	01	0.960295439	NA	01	0	1	01	0	0	3	1	3.28168457	01	1
chr15	21000000	chr18	64000000	5	01	5	00	0.999997973	NA	00	0	5	00	0	0	3	1	4.96565777	00	1
chr15	21000000	chr18	63000000	2	01	2	00	0.944988906	NA	00	0	2	00	0	0	3	1	3.42781795	00	1
chr15	21000000	chr18	16000000	2	01	2	00	0.946107149	NA	00	0	2	00	0	0	3	1	3.45285369	00	1
chr15	21000000	chr18	15000000	1	01	1	00	0.958082497	NA	00	0	1	00	0	0	3	1	1.64303334	00	1
chr15	22000000	chr18	56000000	5	01	5	10	0.987106085	NA	10	0	0	10	0	5	3	1	2.26778134	10	1
chr15	22000000	chr18	87000000	1	01	1	00	0.654761076	NA	00	0	1	00	0	0	3	1	0.787033513	00	1
chr15	22000000	chr18	59000000	2	01	2	10	0.870250821	NA	10	0	0	10	0	2	3	1	1.53771102	10	1
chr15	22000000	chr18	55000000	4	01	4	10	0.996457398	NA	10	0	0	10	0	4	3	1	2.96961816	10	1
chr15	22000000	chr18	57000000	1	01	1	10	0.907724917	NA	10	0	0	10	0	1	3	1	2.05144838	10	1
chr15	24000000	chr18	15000000	1	01	1	00	0.690654993	NA	00	0	1	00	0	0	3	1	0.591007446	00	1
chr15	24000000	chr18	16000000	2	01	2	00	0.983425319	NA	00	0	2	00	0	0	3	1	2.32791219	00	1
chr15	24000000	chr18	17000000	3	01	3	00	0.958221018	NA	00	0	3	00	0	0	3	1	3.05592385	00	1
chr15	25000000	chr18	64000000	21	01	21	00	0.999998808	NA	00	0	21	00	0	0	2	1	4.70558436	00	1
chr15	25000000	chr18	16000000	9	01	9	00	0.998752952	NA	00	0	9	00	0	0	3	1	3.40993684	00	1
chr15	25000000	chr18	17000000	5	01	5	00	0.974678099	NA	00	0	5	00	0	0	3	1	4.23681984	00	1
chr15	25000000	chr18	63000000	4	01	4	00	0.980311871	NA	00	0	4	00	0	0	3	1	3.39112826	00	1
chr15	26000000	chr18	64000000	2	01	2	00	0.936061919	NA	00	0	2	00	0	0	2	1	2.51122593	00	1
chr15	26000000	chr18	19000000	5	01	5	00	0.973300934	NA	00	0	5	00	0	0	2	1	2.72505443	00	1
chr15	26000000	chr18	18000000	1	01	1	00	0.94396764	NA	00	0	1	00	0	0	2	1	3.06557091	00	1
chr15	26000000	chr18	20000000	4	01	4	00	0.961700439	NA	00	0	4	00	0	0	2	1	2.39111542	00	1
chr15	27000000	chr18	20000000	1	01	1	00	0.914637327	NA	00	0	1	00	0	0	2	1	1.65940468	00	1
chr15	36000000	chr18	57000000	4	01	3	00	0.610233068	NA	00	1	3	00	1	1	3	1	0.499094543	00	1
chr15	36000000	chr18	64000000	5	01	4	00	0.995244801	NA	00	1	4	00	1	1	2	1	3.66718578	00	1
chr15	36000000	chr18	82000000	1	01	1	00	0.905990899	NA	00	0	1	00	0	0	2	1	3.22648059	00	1
chr15	37000000	chr18	57000000	2	00	1	00	0.841058731	NA	00	1	1	00	1	1	1	1	1.17723706	00	1
chr15	37000000	chr18	82000000	7	01	7	00	0.99368	NA	00	0	7	00	0	0	2	1	3.868609	00	1
chr15	37000000	chr18	64000000	10	01	10	00	0.999989271	NA	00	0	10	00	0	0	2	1	4.24970299	00	1
chr15	37000000	chr18	17000000	10	01	10	00	0.999491692	NA	00	0	10	00	0	0	2	1	4.62661755	00	1
chr15	37000000	chr18	66000000	3	01	3	00	0.978934944	NA	00	0	3	00	0	0	2	1	2.42290401	00	1
chr15	37000000	chr18	16000000	1	01	1	00	0.751564205	NA	00	0	1	00	0	0	2	1	3.81110022	00	1
chr15	37000000	chr18	84000000	5	01	5	00	0.956484497	NA	00	0	5	00	0	0	3	1	2.1399332	00	1
chr15	37000000	chr18	19000000	2	01	2	00	0.999307752	NA	00	0	2	00	0	0	3	1	4.30209922	00	1
chr15	37000000	chr18	18000000	1	01	1	00	0.998679221	NA	00	0	1	00	0	0	3	1	4.73028036	00	1
chr15	37000000	chr18	63000000	1	01	1	00	0.985597193	NA	00	0	1	00	0	0	3	1	3.64979587	00	1
chr15	37000000	chr18	65000000	3	01	3	00	0.98887068	NA	00	0	3	00	0	0	2	1	3.82677862	00	1
chr15	37000000	chr18	14000000	1	01	1	00	0.649199545	NA	00	0	1	00	0	0	3	1	1.20456362	00	1
chr15	38000000	chr18	64000000	4	01	4	00	0.999777138	NA	00	0	4	00	0	0	2	1	3.98998328	00	1
chr15	38000000	chr18	17000000	4	01	4	00	0.997969568	NA	00	0	4	00	0	0	2	1	4.40292343	00	1
chr15	38000000	chr18	65000000	8	01	8	00	0.996851027	NA	00	0	8	00	0	0	2	1	3.65790388	00	1
chr15	38000000	chr18	34000000	7	01	7	00	0.601534784	NA	00	0	7	00	0	0	2	1	2.74399539	00	1
chr15	38000000	chr18	66000000	9	01	9	00	0.996538401	NA	00	0	9	00	0	0	2	1	2.37087041	00	1
chr15	38000000	chr18	67000000	2	01	2	00	0.541757226	NA	00	0	2	00	0	0	3	1	1.88881935	00	1
chr15	38000000	chr18	19000000	21	01	21	00	0.99998641	NA	00	0	21	00	0	0	2	1	4.31249909	00	1
chr15	38000000	chr18	18000000	6	01	6	00	0.999280274	NA	00	0	6	00	0	0	2	1	4.57855475	00	1
chr15	38000000	chr18	56000000	2	01	2	00	0.731378555	NA	00	0	2	00	0	0	3	1	1.18337576	00	1
chr15	40000000	chr18	88000000	4	01	4	00	0.899984241	NA	00	0	4	00	0	0	3	1	2.65703968	00	1
chr15	41000000	chr18	86000000	1	01	1	00	0.65821141	NA	00	0	1	00	0	0	3	1	1.95434715	00	1
chr15	41000000	chr18	54000000	3	01	3	00	0.586446881	NA	00	0	3	00	0	0	3	1	0.268372266	00	1
chr15	41000000	chr18	87000000	8	01	8	00	0.97208339	NA	00	0	8	00	0	0	3	1	3.10125168	00	1
chr15	41000000	chr18	88000000	2	01	2	00	0.995226502	NA	00	0	2	00	0	0	3	1	3.20187372	00	1
chr15	42000000	chr18	88000000	2	01	1	00	0.849547923	NA	00	0	1	00	0	0	3	1	2.98658568	00	1
chr15	42000000	chr18	54000000	7	01	7	00	0.623426795	NA	00	0	7	00	0	0	3	1	0.305595549	00	1
chr15	42000000	chr18	87000000	16	01	16	00	0.999357641	NA	00	0	16	00	0	0	3	1	3.18206633	00	1
chr15	42000000	chr18	86000000	2	01	2	00	0.667460859	NA	00	0	2	00	0	0	3	1	1.74829546	00	1
chr15	44000000	chr18	87000000	1	01	1	00	0.968446374	NA	00	0	1	00	0	0	3	1	3.22775944	00	1
chr15	64000000	chr18	88000000	2	01	2	00	0.757444978	NA	00	0	2	00	0	0	3	1	1.79261233	00	1
chr15	65000000	chr18	88000000	8	01	8	00	0.958085775	NA	00	0	8	00	0	0	3	1	1.98493513	00	1
chr15	68000000	chr18	20000000	2	01	2	00	0.714204371	NA	00	0	2	00	0	0	3	1	1.97517684	00	1
chr15	69000000	chr18	20000000	6	01	5	00	0.970398843	NA	00	1	5	00	1	1	3	1	2.01528187	00	1
chr15	69000000	chr18	18000000	1	01	1	00	0.908655941	NA	00	0	1	00	0	0	3	1	2.65240052	00	1
chr15	70000000	chr18	20000000	7	01	6	00	0.955339849	NA	00	1	6	00	1	1	3	1	2.57258666	00	1
chr15	72000000	chr18	89000000	3	01	3	00	0.97537601	NA	00	0	3	00	0	0	2	1	2.33111589	00	1
chr15	73000000	chr18	89000000	13	01	13	00	0.999751508	NA	00	0	13	00	0	0	2	1	2.44617981	00	1
chr15	73000000	chr18	88000000	12	01	12	00	0.991318345	NA	00	0	12	00	0	0	3	1	2.88336657	00	1
chr15	74000000	chr18	88000000	4	01	4	00	0.987437248	NA	00	0	4	00	0	0	3	1	2.51684765	00	1
chr15	75000000	chr18	88000000	1	01	1	00	0.610768437	NA	00	0	1	00	0	0	3	1	1.73082197	00	1
chr15	77000000	chr18	89000000	1	01	1	00	0.935858846	NA	00	0	1	00	0	0	2	1	2.14510033	00	1
chr15	78000000	chr18	20000000	3	01	3	00	0.705179513	NA	00	0	3	00	0	0	2	1	2.3265122	00	1
chr15	101000000	chr18	20000000	1	01	1	00	0.923002541	NA	00	0	1	00	0	0	3	1	2.32308325	00	1
chr15	101000000	chr18	19000000	9	01	8	00	0.954438984	NA	00	0	8	00	0	1	3	1	2.6152025	00	1
chr15	101000000	chr18	18000000	5	01	5	00	0.923814178	NA	00	0	5	00	0	0	3	1	2.92184982	00	1
chr15	102000000	chr18	54000000	8	01	8	10	0.899833322	NA	10	0	0	10	0	8	3	1	1.67951458	10	1
chr15	102000000	chr18	34000000	3	01	3	00	0.29056412	NA	00	0	3	00	0	0	3	1	0.177697469	00	1
chr15	102000000	chr18	19000000	1	01	1	00	0.803554237	NA	00	0	1	00	0	0	3	1	1.35944028	00	1
chr15	102000000	chr18	55000000	2	01	2	10	0.7993325	NA	10	0	0	10	0	2	3	1	2.02992038	10	1
chr15	102000000	chr18	87000000	1	01	1	00	0.503996253	NA	00	0	1	00	0	0	3	1	0.742893395	00	1
chr15	6000000	chr19	10000000	2	11	2	10	0.928825259	NA	10	0	2	10	0	0	3	1	3.64168729	10	1
chr15	7000000	chr19	11000000	4	11	4	10	0.995825648	NA	10	0	4	10	0	0	2	1	5.00451829	10	1
chr15	7000000	chr19	10000000	9	11	9	10	0.999944091	NA	10	0	9	10	0	0	2	1	4.65126677	10	1
chr15	7000000	chr19	20000000	2	11	2	10	0.849498212	NA	10	0	2	10	0	0	3	1	1.25417658	10	1
chr15	7000000	chr19	21000000	2	11	2	10	0.705581069	NA	10	0	2	10	0	0	3	1	2.08746514	10	1
chr15	8000000	chr19	21000000	12	11	11	10	0.994495809	NA	10	1	11	10	1	1	3	1	2.28069323	10	1
chr15	8000000	chr19	10000000	11	11	11	10	0.999988675	NA	10	0	11	10	0	0	2	1	4.63587224	10	1
chr15	8000000	chr19	11000000	12	11	12	10	0.999999881	NA	10	0	12	10	0	0	2	1	5.0462242	10	1
chr15	8000000	chr19	20000000	4	11	4	10	0.978378356	NA	10	0	4	10	0	0	3	1	1.3342941	10	1
chr15	8000000	chr19	19000000	2	11	2	10	0.951748013	NA	10	0	2	10	0	0	3	1	1.04289433	10	1
chr15	9000000	chr19	11000000	9	11	9	10	0.999996781	NA	10	0	9	10	0	0	3	1	5.02912388	10	1
chr15	10000000	chr19	10000000	1	11	1	10	0.843231261	NA	10	0	1	10	0	0	3	1	3.99868673	10	1
chr15	10000000	chr19	11000000	7	11	7	10	0.999957204	NA	10	0	7	10	0	0	3	1	4.68504049	10	1
chr15	27000000	chr19	48000000	3	11	3	00	0.65829587	NA	00	0	0	00	0	3	4	1	4.17366192	00	1
chr15	64000000	chr19	20000000	1	11	1	00	0.357105613	NA	00	0	0	00	0	1	3	1	0.550078959	00	1
chr15	68000000	chr19	20000000	1	11	1	00	0.401066035	NA	00	0	0	00	0	1	3	1	1.04814087	00	1
chr15	69000000	chr19	22000000	1	11	1	00	0.374825746	NA	00	0	0	00	0	1	3	1	1.00340127	00	1
chr15	69000000	chr19	20000000	3	11	3	00	0.395346224	NA	00	0	0	00	0	3	3	1	0.87570915	00	1
chr15	73000000	chr19	20000000	1	11	1	00	0.42752412	NA	00	0	0	00	0	1	2	1	1.48845479	00	1
chr15	73000000	chr19	58000000	2	11	2	00	0.578765512	NA	00	0	0	00	0	2	2	1	1.75952596	00	1
chr15	73000000	chr19	21000000	2	11	2	00	0.493282825	NA	00	0	0	00	0	2	3	1	1.36129885	00	1
chr15	74000000	chr19	20000000	1	11	1	00	0.394194454	NA	00	0	0	00	0	1	3	1	1.29563623	00	1
chr15	74000000	chr19	58000000	1	11	1	00	0.493248314	NA	00	0	0	00	0	1	3	1	1.2053537	00	1
chr15	74000000	chr19	21000000	2	01	1	00	0.385718495	NA	00	0	1	00	0	1	4	1	0.598001344	00	1
chr15	82000000	chr19	58000000	1	11	1	00	0.452363849	NA	00	0	0	00	0	1	3	1	0.84804509	00	1
chr15	83000000	chr19	58000000	2	11	2	00	0.531584084	NA	00	0	0	00	0	2	3	1	0.914361316	00	1
chr15	83000000	chr19	20000000	1	11	1	00	0.45107618	NA	00	0	0	00	0	1	3	1	1.11736945	00	1
chr15	101000000	chr19	10000000	8	11	8	10	0.768368006	NA	10	0	8	10	0	0	3	1	2.88673644	10	1
chr15	101000000	chr19	21000000	7	11	5	10	0.458545536	NA	10	2	5	10	2	2	3	1	0.184285646	10	1
chr15	101000000	chr19	20000000	9	11	9	00	0.531095922	NA	00	0	0	00	0	9	3	1	0.5930763	00	1
chr15	101000000	chr19	58000000	1	11	1	00	0.304295927	NA	00	0	0	00	0	1	3	1	0.430118204	00	1
chr15	102000000	chr19	20000000	1	11	1	00	0.367757201	NA	00	0	0	00	0	1	3	1	0.825797413	00	1
chr15	102000000	chr19	58000000	1	11	1	00	0.319667011	NA	00	0	0	00	0	1	3	1	0.559430133	00	1
chr15	102000000	chr19	21000000	1	11	1	00	0.369450659	NA	00	0	0	00	0	1	3	1	0.247871161	00	1
chr16	6000000	chr17	23000000	2	00	2	11	0.492608309	NA	11	0	0	11	0	2	4	1	0.50869997	11	0
chr16	7000000	chr17	23000000	9	00	9	11	0.486789972	NA	11	0	0	11	0	9	4	1	0.150850419	11	0
chr16	33000000	chr18	39000000	18	01	18	11	0.934988379	NA	11	0	0	11	0	0	2	1	0.83342353	11	0
chr16	33000000	chr18	40000000	1	01	1	11	0.530667007	NA	11	0	0	11	0	0	2	1	0.934880533	11	0
chr16	33000000	chr18	12000000	1	01	1	01	0.304656565	NA	01	1	1	01	1	1	1	1	0.438630116	01	0
chr16	34000000	chr18	38000000	1	01	1	11	0.458573312	NA	11	0	0	01	1	0	1	2	0.126229156	01	0
chr16	40000000	chr18	38000000	2	01	2	11	0.73979044	NA	11	0	0	11	0	0	2	1	0.191265854	11	0
chr16	40000000	chr18	39000000	3	01	3	11	0.588015258	NA	11	0	0	01	3	0	1	2	0.175976147	01	0
chr16	42000000	chr18	38000000	1	01	1	11	0.621082783	NA	11	0	0	11	0	0	2	1	0.332512772	11	0
chr16	43000000	chr18	38000000	2	01	2	01	0.62533921	NA	01	2	2	01	2	2	1	1	0.500871627	01	0
chr16	43000000	chr18	39000000	14	01	14	01	0.818260431	NA	01	14	14	01	14	14	1	1	0.771496365	01	0
chr16	43000000	chr18	65000000	3	01	2	01	0.575355947	NA	01	2	2	01	2	2	1	1	0.969108819	01	0
chr16	43000000	chr18	35000000	3	01	2	01	0.699169159	NA	01	2	2	01	2	3	1	1	0.658389178	01	0
chr16	43000000	chr18	41000000	3	01	3	01	0.766080678	NA	01	3	3	01	3	3	1	1	0.699365923	01	0
chr16	44000000	chr18	41000000	1	01	1	11	0.53346628	NA	11	0	0	11	0	0	2	1	0.0586602943	11	0
chr16	46000000	chr18	39000000	3	01	3	11	0.498538077	NA	11	0	0	01	3	0	1	2	0.0781317301	01	0
chr16	55000000	chr18	39000000	4	01	4	11	0.997219682	NA	11	0	0	11	0	0	2	1	1.2421473	11	0
chr16	55000000	chr18	35000000	1	01	1	11	0.875350475	NA	11	0	0	11	0	0	2	1	0.823703367	11	0
chr16	56000000	chr18	12000000	5	01	5	11	0.991302729	NA	11	0	0	11	0	0	2	1	2.73709023	11	0
chr16	56000000	chr18	37000000	2	01	2	11	0.998643339	NA	11	0	0	11	0	0	2	1	2.31121231	11	0
chr16	56000000	chr18	11000000	5	01	5	11	0.981666923	NA	11	0	0	11	0	0	2	1	2.27159248	11	0
chr16	57000000	chr18	40000000	2	01	2	11	0.908814013	NA	11	0	0	11	0	0	2	1	2.89679516	11	0
chr16	57000000	chr18	38000000	9	01	9	11	0.999998808	NA	11	0	0	11	0	0	2	1	2.87830563	11	0
chr16	57000000	chr18	39000000	2	01	2	11	0.99581331	NA	11	0	0	11	0	0	2	1	2.21645571	11	0
chr16	57000000	chr18	37000000	6	01	6	11	0.999994278	NA	11	0	0	11	0	0	2	1	2.5908029	11	0
chr16	57000000	chr18	78000000	8	01	8	11	0.999680519	NA	11	0	0	11	0	0	2	1	2.6277671	11	0
chr16	57000000	chr18	79000000	1	01	1	11	0.766283095	NA	11	0	0	11	0	0	2	1	2.03716296	11	0
chr16	58000000	chr18	4000000	4	01	3	11	0.984291077	NA	11	0	0	11	0	1	2	1	1.85801103	11	0
chr16	58000000	chr18	78000000	4	01	4	11	0.996032417	NA	11	0	0	11	0	0	2	1	1.92410267	11	0
chr16	58000000	chr18	37000000	1	01	1	11	0.996022403	NA	11	0	0	11	0	0	2	1	1.90608434	11	0
chr16	58000000	chr18	44000000	1	01	1	11	0.952767372	NA	11	0	0	11	0	0	2	1	2.07144519	11	0
chr16	58000000	chr18	38000000	4	01	4	11	0.999813735	NA	11	0	0	11	0	0	2	1	2.08432244	11	0
chr16	58000000	chr18	74000000	1	01	1	11	0.951284468	NA	11	0	0	11	0	0	2	1	1.57565385	11	0
chr16	58000000	chr18	42000000	2	01	2	11	0.995656252	NA	11	0	0	11	0	0	2	1	2.04660519	11	0
chr16	59000000	chr18	38000000	1	01	1	11	0.56587857	NA	11	0	0	11	0	0	2	1	0.790287904	11	0
chr16	59000000	chr18	77000000	4	01	4	11	0.926729798	NA	11	0	0	11	0	0	2	1	0.792867486	11	0
chr16	59000000	chr18	75000000	3	01	3	11	0.774861515	NA	11	0	0	11	0	0	2	1	0.781729458	11	0
chr16	59000000	chr18	41000000	1	01	1	11	0.609726369	NA	11	0	0	11	0	0	2	1	0.416909044	11	0
chr16	59000000	chr18	40000000	1	01	1	11	0.865838528	NA	11	0	0	11	0	0	2	1	1.11113819	11	0
chr16	59000000	chr18	42000000	1	01	1	11	0.86867106	NA	11	0	0	11	0	0	2	1	0.705845091	11	0
chr16	60000000	chr18	40000000	1	01	1	11	0.742294371	NA	11	0	0	11	0	0	2	1	1.05703112	11	0
chr16	60000000	chr18	41000000	3	01	3	11	0.782172918	NA	11	0	0	11	0	0	2	1	0.256929774	11	0
chr16	60000000	chr18	39000000	1	01	1	11	0.529685915	NA	11	0	0	11	0	0	2	1	0.0559082026	11	0
chr16	61000000	chr18	41000000	6	01	6	11	0.842551529	NA	11	0	0	11	0	0	2	1	0.36118147	11	0
chr16	61000000	chr18	40000000	1	01	1	11	0.989444554	NA	11	0	0	11	0	0	2	1	1.34687266	11	0
chr16	61000000	chr18	45000000	3	01	3	11	0.806689918	NA	11	0	0	11	0	0	2	1	0.86847423	11	0
chr16	62000000	chr18	41000000	4	01	4	11	0.838305116	NA	11	0	0	11	0	0	2	1	0.480508143	11	0
chr16	63000000	chr18	74000000	1	01	1	11	0.93098712	NA	11	0	0	11	0	0	2	1	1.75587478	11	0
chr16	63000000	chr18	4000000	9	01	8	11	0.992342651	NA	11	0	0	11	0	1	2	1	2.0067057	11	0
chr16	63000000	chr18	50000000	2	01	2	11	0.985962093	NA	11	0	0	11	0	0	2	1	1.84620979	11	0
chr16	63000000	chr18	43000000	14	01	14	11	0.999669552	NA	11	0	0	11	0	0	2	1	1.64937064	11	0
chr16	63000000	chr18	44000000	12	01	12	11	0.999997258	NA	11	0	0	11	0	0	2	1	2.25357159	11	0
chr16	63000000	chr18	42000000	4	01	4	11	0.986281693	NA	11	0	0	11	0	0	2	1	2.18071625	11	0
chr16	63000000	chr18	78000000	3	01	3	11	0.94371289	NA	11	0	0	11	0	0	2	1	2.00436274	11	0
chr16	63000000	chr18	73000000	1	01	1	11	0.873332977	NA	11	0	0	11	0	0	2	1	1.53760186	11	0
chr16	63000000	chr18	79000000	8	01	8	11	0.997871041	NA	11	0	0	11	0	0	2	1	1.40406312	11	0
chr16	64000000	chr18	4000000	9	01	9	11	0.994313836	NA	11	0	0	11	0	0	2	1	1.81415628	11	0
chr16	64000000	chr18	78000000	11	01	11	11	0.99974519	NA	11	0	0	11	0	0	2	1	1.83843038	11	0
chr16	64000000	chr18	79000000	3	01	3	11	0.960273981	NA	11	0	0	11	0	0	2	1	1.20557242	11	0
chr16	64000000	chr18	74000000	1	01	1	11	0.863057017	NA	11	0	0	11	0	0	2	1	1.49873648	11	0
chr16	64000000	chr18	44000000	2	01	2	11	0.998815417	NA	11	0	0	11	0	0	2	1	2.00220837	11	0
chr16	64000000	chr18	50000000	3	01	3	11	0.97143054	NA	11	0	0	11	0	0	2	1	1.59291968	11	0
chr16	64000000	chr18	37000000	1	01	1	11	0.977895856	NA	11	0	0	11	0	0	2	1	1.77231604	11	0
chr16	64000000	chr18	77000000	8	01	8	11	0.996981084	NA	11	0	0	11	0	0	2	1	2.06441633	11	0
chr16	64000000	chr18	42000000	1	01	1	11	0.998690307	NA	11	0	0	11	0	0	2	1	2.00481361	11	0
chr16	64000000	chr18	75000000	1	01	1	11	0.717266023	NA	11	0	0	11	0	0	2	1	1.88569219	11	0
chr16	64000000	chr18	45000000	2	01	2	11	0.997874141	NA	11	0	0	11	0	0	2	1	1.97386759	11	0
chr16	64000000	chr18	3000000	1	01	1	11	0.825129271	NA	11	0	0	11	0	0	2	1	1.47959626	11	0
chr16	65000000	chr18	45000000	12	01	12	11	0.999996066	NA	11	0	0	11	0	0	2	1	2.67283389	11	0
chr16	65000000	chr18	77000000	4	01	4	11	0.998019218	NA	11	0	0	11	0	0	2	1	2.66075303	11	0
chr16	65000000	chr18	41000000	9	01	9	11	0.999989629	NA	11	0	0	11	0	0	2	1	2.11739461	11	0
chr16	65000000	chr18	75000000	10	01	9	11	0.999933481	NA	11	0	0	11	0	1	2	1	2.62315604	11	0
chr16	65000000	chr18	42000000	9	01	9	11	0.99998641	NA	11	0	0	11	0	0	2	1	2.50619436	11	0
chr16	65000000	chr18	3000000	1	01	1	11	0.973555386	NA	11	0	0	11	0	0	2	1	2.17427617	11	0
chr16	65000000	chr18	23000000	4	01	4	11	0.765575528	NA	11	0	0	11	0	0	2	1	1.96710225	11	0
chr16	65000000	chr18	61000000	1	01	1	11	0.429854333	NA	11	0	0	11	0	0	2	1	2.29055483	11	0
chr16	65000000	chr18	39000000	1	01	1	11	0.999128878	NA	11	0	0	11	0	0	2	1	1.78279758	11	0
chr16	65000000	chr18	22000000	1	01	1	11	0.528298497	NA	11	0	0	11	0	0	2	1	1.65069581	11	0
chr16	65000000	chr18	40000000	1	01	1	11	0.999988079	NA	11	0	0	11	0	0	2	1	2.66732439	11	0
chr16	65000000	chr18	44000000	1	01	1	11	0.998326242	NA	11	0	0	11	0	0	2	1	2.6834164	11	0
chr16	65000000	chr18	46000000	8	01	7	11	0.999865294	NA	11	1	1	11	1	1	2	1	2.12166193	11	0
chr16	65000000	chr18	76000000	10	01	9	11	0.999998331	NA	11	0	0	11	0	1	2	1	2.76170886	11	0
chr16	66000000	chr18	77000000	2	01	2	11	0.863040268	NA	11	0	0	11	0	0	2	1	1.84325214	11	0
chr16	66000000	chr18	75000000	6	01	6	11	0.996848762	NA	11	0	0	11	0	0	2	1	1.89793598	11	0
chr16	66000000	chr18	46000000	2	01	2	11	0.718065739	NA	11	0	0	11	0	0	2	1	1.42901674	11	0
chr16	66000000	chr18	76000000	11	01	11	11	0.999559343	NA	11	0	0	11	0	0	2	1	2.17435862	11	0
chr16	66000000	chr18	40000000	1	01	1	11	0.995961249	NA	11	0	0	11	0	0	2	1	2.14678247	11	0
chr16	66000000	chr18	41000000	2	01	2	11	0.888092279	NA	11	0	0	11	0	0	2	1	1.28205069	11	0
chr16	66000000	chr18	42000000	1	01	1	11	0.83472532	NA	11	0	0	11	0	0	2	1	1.66975171	11	0
chr16	66000000	chr18	45000000	4	01	4	11	0.995162606	NA	11	0	0	11	0	0	2	1	1.88201763	11	0
chr16	67000000	chr18	40000000	1	01	1	11	0.972012639	NA	11	0	0	11	0	0	2	1	2.59326535	11	0
chr16	67000000	chr18	76000000	11	01	11	11	0.999845743	NA	11	0	0	11	0	0	2	1	2.45452293	11	0
chr16	67000000	chr18	42000000	2	01	2	11	0.685398698	NA	11	0	0	11	0	0	2	1	1.62910712	11	0
chr16	67000000	chr18	41000000	1	01	1	11	0.826927006	NA	11	0	0	11	0	0	2	1	1.41835343	11	0
chr16	67000000	chr18	75000000	2	01	2	11	0.98791194	NA	11	0	0	11	0	0	2	1	1.923223	11	0
chr16	68000000	chr18	75000000	1	01	1	11	0.733021379	NA	11	0	0	11	0	0	2	1	1.97177454	11	0
chr16	72000000	chr18	77000000	3	01	3	11	0.929045141	NA	11	0	0	11	0	0	2	1	1.1975417	11	0
chr16	72000000	chr18	38000000	7	01	7	11	0.978753328	NA	11	0	0	11	0	0	2	1	1.07961885	11	0
chr16	72000000	chr18	41000000	4	01	4	11	0.910305858	NA	11	0	0	11	0	0	2	1	0.822136054	11	0
chr16	72000000	chr18	42000000	6	01	6	11	0.956626594	NA	11	0	0	11	0	0	2	1	1.07926082	11	0
chr16	73000000	chr18	38000000	16	01	15	01	0.547791958	NA	01	15	15	01	15	15	1	1	0.128067764	01	0
chr16	74000000	chr18	38000000	1	01	1	11	0.533123732	NA	11	0	0	11	0	0	2	1	0.133254999	11	0
chr16	77000000	chr18	38000000	2	01	2	11	0.663657367	NA	11	0	0	11	0	0	2	1	0.795522534	11	0
chr16	77000000	chr18	45000000	2	01	2	11	0.682370842	NA	11	0	0	11	0	0	2	1	0.926569875	11	0
chr16	77000000	chr18	75000000	3	01	3	11	0.740125537	NA	11	0	0	11	0	0	2	1	0.949006707	11	0
chr16	77000000	chr18	42000000	5	01	5	11	0.903662026	NA	11	0	0	11	0	0	2	1	0.810746462	11	0
chr16	77000000	chr18	77000000	13	01	13	11	0.905494988	NA	11	0	0	11	0	0	2	1	0.89684089	11	0
chr16	77000000	chr18	41000000	1	01	1	11	0.552479684	NA	11	0	0	11	0	0	2	1	0.649822107	11	0
chr16	78000000	chr18	77000000	3	01	3	11	0.49841243	NA	11	0	0	11	0	0	2	1	0.306810429	11	0
chr16	79000000	chr18	42000000	2	01	2	11	0.645537674	NA	11	0	0	11	0	0	2	1	0.795202317	11	0
chr16	80000000	chr18	42000000	3	01	3	11	0.969860315	NA	11	0	0	11	0	0	2	1	1.36039951	11	0
chr16	81000000	chr18	43000000	2	01	2	11	0.841646075	NA	11	0	0	11	0	0	2	1	1.00550353	11	0
chr16	81000000	chr18	42000000	2	01	2	11	0.908346772	NA	11	0	0	11	0	0	2	1	2.08599301	11	0
chr16	81000000	chr18	51000000	3	01	3	11	0.854741991	NA	11	0	0	11	0	0	2	1	1.14486573	11	0
chr16	81000000	chr18	37000000	6	01	6	11	0.976705372	NA	11	0	0	11	0	0	2	1	1.83358358	11	0
chr16	81000000	chr18	78000000	5	01	5	11	0.917597771	NA	11	0	0	11	0	0	2	1	1.95961139	11	0
chr16	81000000	chr18	10000000	2	01	2	11	0.836674511	NA	11	0	0	11	0	0	2	1	0.910441924	11	0
chr16	81000000	chr18	50000000	2	01	2	11	0.937313676	NA	11	0	0	11	0	0	2	1	1.57143777	11	0
chr16	82000000	chr18	78000000	3	01	3	11	0.95385921	NA	11	0	0	11	0	0	2	1	2.50346567	11	0
chr16	82000000	chr18	50000000	3	01	3	11	0.919425845	NA	11	0	0	11	0	0	2	1	2.16725089	11	0
chr16	82000000	chr18	51000000	3	01	3	11	0.851967454	NA	11	0	0	11	0	0	2	1	1.70850196	11	0
chr16	82000000	chr18	37000000	1	01	1	11	0.961914122	NA	11	0	0	11	0	0	2	1	2.43016412	11	0
chr16	82000000	chr18	12000000	5	01	5	11	0.992576897	NA	11	0	0	11	0	0	2	1	2.9661633	11	0
chr16	82000000	chr18	11000000	6	01	6	11	0.998094857	NA	11	0	0	11	0	0	2	1	2.38397179	11	0
chr16	82000000	chr18	10000000	3	01	3	11	0.717330754	NA	11	0	0	11	0	0	2	1	1.52314711	11	0
chr16	83000000	chr18	14000000	7	01	7	11	0.967851937	NA	11	0	0	11	0	0	2	1	1.63897417	11	0
chr16	83000000	chr18	62000000	5	01	5	11	0.713562906	NA	11	0	0	11	0	0	2	1	1.59140038	11	0
chr16	83000000	chr18	13000000	13	01	13	11	0.999228358	NA	11	0	0	11	0	0	2	1	2.16963187	11	0
chr16	83000000	chr18	26000000	1	01	1	11	0.371379972	NA	11	0	0	11	0	0	2	1	1.48063394	11	0
chr16	83000000	chr18	12000000	13	01	13	11	0.999890924	NA	11	0	0	11	0	0	2	1	3.10870174	11	0
chr16	83000000	chr18	11000000	3	01	3	11	0.987959146	NA	11	0	0	11	0	0	2	1	2.47839669	11	0
chr16	84000000	chr18	13000000	10	01	10	11	0.987132072	NA	11	0	0	11	0	0	2	1	1.44114515	11	0
chr16	84000000	chr18	11000000	7	01	7	11	0.972184062	NA	11	0	0	11	0	0	2	1	1.72484396	11	0
chr16	84000000	chr18	12000000	6	01	6	11	0.999594152	NA	11	0	0	11	0	0	2	1	2.38386707	11	0
chr16	85000000	chr18	12000000	4	01	4	11	0.940738738	NA	11	0	0	11	0	0	2	1	1.91955165	11	0
chr16	87000000	chr18	12000000	5	01	5	11	0.988884687	NA	11	0	0	11	0	0	2	1	2.06190483	11	0
chr16	87000000	chr18	11000000	2	01	2	11	0.852476716	NA	11	0	0	11	0	0	2	1	1.38368987	11	0
chr16	87000000	chr18	38000000	2	01	2	11	0.596393526	NA	11	0	0	11	0	0	2	1	2.18555769	11	0
chr16	87000000	chr18	37000000	3	01	3	11	0.854009986	NA	11	0	0	11	0	0	2	1	1.31692268	11	0
chr16	87000000	chr18	78000000	1	01	1	11	0.679808974	NA	11	0	0	11	0	0	2	1	1.54075335	11	0
chr16	88000000	chr18	37000000	3	01	3	11	0.780632794	NA	11	0	0	11	0	0	2	1	1.09552852	11	0
chr16	91000000	chr18	77000000	1	01	1	11	0.572508931	NA	11	0	0	11	0	0	2	1	1.12356373	11	0
chr16	97000000	chr18	42000000	1	01	1	11	0.385315806	NA	11	0	0	11	0	0	2	1	1.65081266	11	0
chr16	97000000	chr18	43000000	1	01	1	11	0.348995388	NA	11	0	0	01	1	0	1	2	0.10299379	01	0
chr16	10000000	chr19	42000000	5	00	5	00	0.762063861	NA	00	5	5	00	5	5	1	1	1.1026686	00	0
chr16	10000000	chr19	41000000	1	00	1	00	0.463263571	NA	00	1	1	00	1	1	1	1	0.514548226	00	0
chr16	11000000	chr19	42000000	4	00	4	00	0.641237259	NA	00	4	4	00	4	4	1	1	1.31790417	00	0
chr16	11000000	chr19	41000000	1	00	1	00	0.533482194	NA	00	1	1	00	1	1	1	1	0.763435314	00	0
chr16	12000000	chr19	42000000	5	00	5	00	0.821036577	NA	00	5	5	00	5	5	1	1	1.77524586	00	0
chr16	13000000	chr19	42000000	11	00	11	00	0.874042392	NA	00	11	11	00	11	11	1	1	1.60136844	00	0
chr16	17000000	chr19	42000000	6	00	6	00	0.847547412	NA	00	6	6	00	6	6	1	1	1.21602996	00	0
chr16	17000000	chr19	41000000	3	00	3	00	0.595661283	NA	00	3	3	00	3	3	1	1	0.621938487	00	0
chr16	22000000	chr19	33000000	1	10	1	10	0.919202685	NA	10	1	1	10	1	1	1	1	3.17004334	10	0
chr16	23000000	chr19	42000000	5	00	5	00	0.807126224	NA	00	5	5	00	5	5	1	1	1.15935103	00	0
chr16	24000000	chr19	42000000	1	00	1	00	0.597666919	NA	00	1	1	00	1	1	1	1	0.523138783	00	0
chr16	28000000	chr19	35000000	1	10	1	10	0.939708769	NA	10	1	1	10	1	1	1	1	2.13183388	10	0
chr16	28000000	chr19	20000000	2	10	2	10	0.907247007	NA	10	2	2	10	2	2	1	1	1.91015605	10	0
chr16	28000000	chr19	32000000	1	10	1	10	0.79609251	NA	10	1	1	10	1	1	1	1	1.91856925	10	0
chr16	29000000	chr19	31000000	1	10	1	10	0.843751967	NA	10	1	1	10	1	1	1	1	2.33433814	10	0
chr16	29000000	chr19	19000000	2	10	2	10	0.664948761	NA	10	2	2	10	2	2	1	1	1.92576892	10	0
chr16	29000000	chr19	34000000	2	10	2	10	0.958447218	NA	10	2	2	10	2	2	1	1	2.55212726	10	0
chr16	29000000	chr19	20000000	2	10	2	10	0.975012541	NA	10	2	2	10	2	2	1	1	2.13273006	10	0
chr16	29000000	chr19	32000000	1	10	1	10	0.971319199	NA	10	1	1	10	1	1	1	1	2.26914658	10	0
chr16	30000000	chr19	34000000	4	10	4	10	0.761861742	NA	10	4	4	10	4	4	1	1	2.15895086	10	0
chr16	30000000	chr19	32000000	1	10	1	10	0.965783179	NA	10	1	1	10	1	1	1	1	2.01295751	10	0
chr16	31000000	chr19	24000000	4	10	4	10	0.968868315	NA	10	4	4	10	4	4	1	1	1.11627483	10	0
chr16	33000000	chr19	31000000	7	10	7	00	0.994757652	NA	00	0	0	00	0	0	2	1	1.61357654	00	0
chr16	33000000	chr19	32000000	13	10	13	00	0.993632019	NA	00	0	0	00	0	0	2	1	1.50224488	00	0
chr16	33000000	chr19	20000000	1	10	1	00	0.92857784	NA	00	0	0	00	0	0	2	1	1.68545397	00	0
chr16	33000000	chr19	23000000	4	10	4	00	0.973127961	NA	00	0	0	00	0	0	2	1	1.68341161	00	0
chr16	33000000	chr19	33000000	1	10	1	00	0.542781115	NA	00	0	0	00	0	0	2	1	1.23741658	00	0
chr16	33000000	chr19	60000000	3	10	2	00	0.778372407	NA	00	0	0	00	0	1	2	1	1.62449298	00	0
chr16	33000000	chr19	21000000	2	10	2	00	0.916137278	NA	00	0	0	00	0	0	2	1	1.61966818	00	0
chr16	33000000	chr19	30000000	4	10	4	00	0.97242099	NA	00	0	0	00	0	0	2	1	1.60983373	00	0
chr16	33000000	chr19	22000000	3	10	3	00	0.97600615	NA	00	0	0	00	0	0	2	1	1.74465251	00	0
chr16	33000000	chr19	19000000	5	10	5	00	0.811176479	NA	00	0	0	00	0	0	2	1	1.7180991	00	0
chr16	34000000	chr19	31000000	1	10	1	10	0.648291171	NA	10	1	1	10	1	1	1	1	1.27266386	10	0
chr16	34000000	chr19	23000000	8	10	8	10	0.955492079	NA	10	8	8	10	8	8	1	1	1.12736119	10	0
chr16	34000000	chr19	19000000	2	10	2	10	0.702114105	NA	10	2	2	10	2	2	1	1	1.14030363	10	0
chr16	34000000	chr19	30000000	1	10	1	10	0.81708461	NA	10	1	1	10	1	1	1	1	1.16503216	10	0
chr16	61000000	chr19	18000000	3	10	3	10	0.482093036	NA	10	3	3	10	3	3	1	1	0.373210112	10	0
chr16	73000000	chr19	19000000	13	10	13	10	0.887561023	NA	10	13	13	10	13	13	1	1	0.892322425	10	0
chr16	73000000	chr19	23000000	4	10	4	10	0.757462919	NA	10	4	4	10	4	4	1	1	0.699189747	10	0
chr16	73000000	chr19	30000000	1	10	1	10	0.67779237	NA	10	1	1	10	1	1	1	1	1.05755504	10	0
chr16	73000000	chr19	20000000	4	10	4	10	0.793706536	NA	10	4	4	10	4	4	1	1	0.964173922	10	0
chr16	73000000	chr19	24000000	1	10	1	10	0.603281856	NA	10	1	1	10	1	1	1	1	0.617976048	10	0
chr16	74000000	chr19	23000000	2	10	2	10	0.731128037	NA	10	2	2	10	2	2	1	1	0.769181221	10	0
chr16	74000000	chr19	19000000	1	10	1	10	0.817162335	NA	10	1	1	10	1	1	1	1	0.854099723	10	0
chr16	77000000	chr19	24000000	2	10	2	00	0.527175128	NA	00	0	0	00	0	0	2	1	0.511131376	00	0
chr16	78000000	chr19	33000000	2	10	2	10	0.948086619	NA	10	2	2	10	2	2	1	1	1.44338536	10	0
chr16	79000000	chr19	33000000	4	10	4	10	0.993773401	NA	10	4	4	10	4	4	1	1	2.93587485	10	0
chr16	85000000	chr19	33000000	1	10	1	10	0.774040043	NA	10	1	1	10	1	1	1	1	3.29152457	10	0
chr16	86000000	chr19	33000000	1	10	1	10	0.969730616	NA	10	1	1	10	1	1	1	1	3.22870575	10	0
chr16	87000000	chr19	32000000	8	10	8	10	0.981672764	NA	10	8	8	10	8	8	1	1	2.92145628	10	0
chr16	87000000	chr19	33000000	4	10	4	10	0.998310804	NA	10	4	4	10	4	4	1	1	3.08082377	10	0
chr16	88000000	chr19	32000000	4	10	4	10	0.985793054	NA	10	4	4	10	4	4	1	1	2.54519372	10	0
chr16	89000000	chr19	33000000	1	10	1	10	0.815735757	NA	10	1	1	10	1	1	1	1	2.85817019	10	0
chr16	94000000	chr19	23000000	3	10	3	10	0.99764061	NA	10	3	3	10	3	3	1	1	4.10885998	10	0
chr16	94000000	chr19	24000000	2	10	2	10	0.991343021	NA	10	2	2	10	2	2	1	1	3.59408103	10	0
chr16	96000000	chr19	24000000	5	10	5	10	0.986848295	NA	10	5	5	10	5	5	1	1	4.34989752	10	0
chr16	96000000	chr19	25000000	4	10	4	10	0.791984081	NA	10	4	4	10	4	4	1	1	3.93087577	10	0
chr17	23000000	chr19	53000000	1	11	1	10	0.856402934	NA	10	0	1	10	0	0	4	1	4.325896	10	1
chr17	24000000	chr19	53000000	3	11	3	10	0.996795356	NA	10	0	3	10	0	0	4	1	4.1495623	10	1
chr17	26000000	chr19	4000000	4	11	4	10	0.476200879	NA	10	0	4	10	0	0	4	1	1.76173002	10	1
chr17	26000000	chr19	40000000	1	11	1	10	0.925734997	NA	10	0	1	10	0	0	4	1	2.77778707	10	1
chr17	34000000	chr19	39000000	1	11	1	10	0.679442585	NA	10	0	1	10	0	0	4	1	2.52975791	10	1
chr17	34000000	chr19	53000000	1	11	1	10	0.987582445	NA	10	0	1	10	0	0	4	1	3.68401253	10	1
chr17	34000000	chr19	40000000	1	11	1	10	0.715591371	NA	10	0	1	10	0	0	4	1	2.31061139	10	1
chr17	34000000	chr19	50000000	11	11	11	10	0.999056637	NA	10	0	11	10	0	0	4	1	3.63044263	10	1
chr17	35000000	chr19	50000000	1	01	1	10	0.790725172	NA	10	0	0	10	0	1	2	1	2.88161066	10	1
chr17	35000000	chr19	49000000	1	11	1	10	0.68706423	NA	10	0	1	10	0	0	4	1	3.05635242	10	1
chr17	47000000	chr19	49000000	1	11	1	10	0.980132401	NA	10	0	1	10	0	0	4	1	3.34921617	10	1
chr17	49000000	chr19	50000000	1	11	1	10	0.925018489	NA	10	0	1	10	0	0	4	1	2.58525506	10	1
chr17	50000000	chr19	49000000	7	11	7	10	0.993694484	NA	10	0	7	10	0	0	3	1	3.20376423	10	1
chr17	50000000	chr19	50000000	1	11	1	10	0.934759378	NA	10	0	1	10	0	0	3	1	3.06666271	10	1
chr17	52000000	chr19	51000000	3	11	2	10	0.986360133	NA	10	1	2	10	1	1	3	1	3.42290634	10	1
chr17	52000000	chr19	49000000	2	11	2	10	0.999105155	NA	10	0	2	10	0	0	3	1	3.76594852	10	1
chr17	52000000	chr19	48000000	1	11	1	10	0.973679602	NA	10	0	1	10	0	0	3	1	3.57660686	10	1
chr17	56000000	chr19	38000000	12	11	12	10	0.905738175	NA	10	0	12	10	0	0	4	1	1.74541285	10	1
chr17	56000000	chr19	39000000	3	11	3	10	0.88645041	NA	10	0	3	10	0	0	4	1	2.35252015	10	1
chr17	56000000	chr19	50000000	3	11	2	10	0.984108984	NA	10	1	2	10	1	1	4	1	3.79799078	10	1
chr17	56000000	chr19	49000000	3	11	3	10	0.995978475	NA	10	0	3	10	0	0	4	1	3.87840003	10	1
chr17	71000000	chr19	53000000	1	11	1	10	0.900427997	NA	10	0	1	10	0	0	4	1	3.35136568	10	1
chr17	71000000	chr19	4000000	6	11	5	10	0.806852162	NA	10	0	5	10	0	0	4	1	2.59737152	10	1
chr17	72000000	chr19	4000000	12	11	12	10	0.901740134	NA	10	0	12	10	0	0	4	1	2.79342155	10	1
chr17	72000000	chr19	53000000	2	11	2	10	0.996343911	NA	10	0	2	10	0	0	4	1	3.45638292	10	1
chr17	74000000	chr19	50000000	11	11	11	10	0.99999392	NA	10	0	11	10	0	0	4	1	4.14587978	10	1
chr17	74000000	chr19	53000000	2	11	2	10	0.989386559	NA	10	0	2	10	0	0	4	1	4.40193937	10	1
chr17	74000000	chr19	49000000	1	11	1	10	0.880384862	NA	10	0	1	10	0	0	4	1	4.12820145	10	1
chr17	74000000	chr19	40000000	1	11	1	10	0.814742923	NA	10	0	1	10	0	0	4	1	2.69370935	10	1
chr17	74000000	chr19	39000000	4	11	4	10	0.969692349	NA	10	0	4	10	0	0	4	1	2.96765296	10	1
chr17	75000000	chr19	49000000	3	11	3	10	0.999872565	NA	10	0	3	10	0	0	4	1	4.70451501	10	1
chr17	80000000	chr19	48000000	15	11	15	10	0.999997497	NA	10	0	15	10	0	0	4	1	3.55993537	10	1
chr17	80000000	chr19	49000000	4	11	4	10	0.958789885	NA	10	0	4	10	0	0	4	1	3.38771518	10	1
chr17	80000000	chr19	47000000	3	11	3	10	0.987523377	NA	10	0	3	10	0	0	4	1	3.00315539	10	1
chr17	80000000	chr19	38000000	2	01	2	10	0.72198981	NA	10	0	0	10	0	2	2	1	2.21589569	10	1
chr17	81000000	chr19	48000000	4	11	4	10	0.999641657	NA	10	0	4	10	0	0	4	1	3.10656433	10	1
chr17	83000000	chr19	48000000	2	11	2	10	0.956754386	NA	10	0	2	10	0	0	3	1	2.99854627	10	1
chr17	83000000	chr19	49000000	2	00	1	10	0.937013626	NA	10	0	1	10	0	0	4	1	2.72894079	10	1
chr17	84000000	chr19	48000000	2	11	2	10	0.987067997	NA	10	0	2	10	0	0	4	1	2.24395891	10	1
chr17	84000000	chr19	49000000	3	11	3	10	0.997794867	NA	10	0	3	10	0	0	4	1	2.84896232	10	1
chr17	84000000	chr19	50000000	3	11	3	10	0.877302349	NA	10	0	3	10	0	0	4	1	2.65471768	10	1
chr17	84000000	chr19	38000000	2	11	2	10	0.870322227	NA	10	0	2	10	0	0	4	1	0.926678625	10	1
chr17	84000000	chr19	39000000	1	11	1	10	0.729914606	NA	10	0	1	10	0	0	4	1	1.54491738	10	1
chr17	30000000	chrX	166000000	1	01	1	01	0.798142195	NA	01	1	1	01	1	1	1	1	1.47623315	01	0
chr17	31000000	chrX	166000000	2	01	2	01	0.925923645	NA	01	2	2	01	2	2	1	1	1.64537145	01	0
chr17	31000000	chrX	164000000	1	01	1	01	0.628057539	NA	01	1	1	01	1	1	1	1	0.971840182	01	0
chr17	31000000	chrX	165000000	1	01	1	01	0.545057833	NA	01	1	1	01	1	1	1	1	1.07659694	01	0
chr17	32000000	chrX	166000000	3	01	3	01	0.687984109	NA	01	3	3	01	3	3	1	1	1.64247652	01	0
chr17	43000000	chrX	166000000	15	01	15	01	1	NA	01	15	15	01	15	15	1	1	4.70841182	01	0
chr17	50000000	chrX	163000000	2	01	2	01	0.999751866	NA	01	2	2	01	2	2	1	1	3.42502285	01	0
chr17	50000000	chrX	166000000	3	01	3	01	0.999999642	NA	01	3	3	01	3	3	1	1	3.26109638	01	0
chr17	50000000	chrX	165000000	7	01	7	01	0.997977197	NA	01	7	7	01	7	7	1	1	3.17306649	01	0
chr17	50000000	chrX	164000000	5	01	5	01	0.999934912	NA	01	5	5	01	5	5	1	1	3.27570614	01	0
chr17	50000000	chrX	167000000	4	01	4	01	0.998212099	NA	01	4	4	01	4	4	1	1	3.31677464	01	0
chr17	50000000	chrX	168000000	9	01	9	01	0.999994159	NA	01	9	9	01	9	9	1	1	3.35611075	01	0
chr17	50000000	chrX	169000000	4	01	4	01	0.998280525	NA	01	4	4	01	4	4	1	1	2.53147835	01	0
chr17	51000000	chrX	168000000	14	01	14	01	0.999998927	NA	01	14	14	01	14	14	1	1	3.05139035	01	0
chr17	51000000	chrX	167000000	3	01	3	01	0.999982834	NA	01	3	3	01	3	3	1	1	3.0646392	01	0
chr17	51000000	chrX	164000000	11	01	11	01	0.999931693	NA	01	11	11	01	11	11	1	1	2.71729812	01	0
chr17	51000000	chrX	169000000	2	01	2	01	0.998922646	NA	01	2	2	01	2	2	1	1	2.35648389	01	0
chr17	51000000	chrX	166000000	4	01	4	01	0.99993813	NA	01	4	4	01	4	4	1	1	2.91972445	01	0
chr17	51000000	chrX	165000000	8	01	8	01	0.999903679	NA	01	8	8	01	8	8	1	1	2.73870484	01	0
chr17	51000000	chrX	163000000	1	01	1	01	0.998053789	NA	01	1	1	01	1	1	1	1	2.86257349	01	0
chr17	52000000	chrX	167000000	4	01	4	01	0.999980688	NA	01	4	4	01	4	4	1	1	3.33412661	01	0
chr17	52000000	chrX	168000000	7	01	7	01	0.999930501	NA	01	7	7	01	7	7	1	1	3.01702685	01	0
chr17	52000000	chrX	165000000	5	01	5	01	0.998435318	NA	01	5	5	01	5	5	1	1	2.80844094	01	0
chr17	52000000	chrX	166000000	5	01	5	01	0.999974728	NA	01	5	5	01	5	5	1	1	3.19676691	01	0
chr17	53000000	chrX	166000000	3	01	3	01	0.992558956	NA	01	3	3	01	3	3	1	1	2.92651436	01	0
chr17	54000000	chrX	166000000	7	01	7	01	0.999969602	NA	01	7	7	01	7	7	1	1	2.98838789	01	0
chr17	54000000	chrX	168000000	4	01	4	01	0.995713234	NA	01	4	4	01	4	4	1	1	2.4057234	01	0
chr17	54000000	chrX	167000000	4	01	4	01	0.999837875	NA	01	4	4	01	4	4	1	1	2.77943463	01	0
chr17	55000000	chrX	166000000	10	01	10	01	0.999970078	NA	01	10	10	01	10	10	1	1	3.08838194	01	0
chr17	55000000	chrX	168000000	1	01	1	01	0.836291313	NA	01	1	1	01	1	1	1	1	2.42381023	01	0
chr17	55000000	chrX	167000000	4	01	4	01	0.998806715	NA	01	4	4	01	4	4	1	1	2.78251459	01	0
chr17	60000000	chrX	166000000	1	01	1	01	0.99881351	NA	01	1	1	01	1	1	1	1	3.38404905	01	0
chr17	61000000	chrX	166000000	2	01	2	01	0.998757601	NA	01	2	2	01	2	2	1	1	3.26135303	01	0
chr17	61000000	chrX	165000000	2	01	2	01	0.999096274	NA	01	2	2	01	2	2	1	1	2.84981996	01	0
chr17	61000000	chrX	167000000	1	01	1	01	0.999746382	NA	01	1	1	01	1	1	1	1	2.88419363	01	0
chr17	62000000	chrX	166000000	2	01	2	01	0.999261677	NA	01	2	2	01	2	2	1	1	3.31838213	01	0
chr17	62000000	chrX	167000000	2	01	2	01	0.999193728	NA	01	2	2	01	2	2	1	1	2.93872683	01	0
chr17	62000000	chrX	165000000	1	01	1	01	0.967960179	NA	01	1	1	01	1	1	1	1	2.56107118	01	0
chr17	66000000	chrX	166000000	5	01	5	01	0.99886322	NA	01	5	5	01	5	5	1	1	3.92575038	01	0
chr17	66000000	chrX	167000000	15	01	15	01	0.999993324	NA	01	15	15	01	15	15	1	1	3.72570858	01	0
chr17	66000000	chrX	159000000	1	01	1	01	0.921865702	NA	01	1	1	01	1	1	1	1	2.2515001	01	0
chr17	66000000	chrX	160000000	1	01	1	01	0.95447284	NA	01	1	1	01	1	1	1	1	2.96700834	01	0
chr17	66000000	chrX	168000000	2	01	2	01	0.999385953	NA	01	2	2	01	2	2	1	1	3.60950428	01	0
chr17	67000000	chrX	167000000	3	01	3	01	0.990746021	NA	01	3	3	01	3	3	1	1	3.54568677	01	0
chr17	68000000	chrX	168000000	1	01	1	01	0.809915721	NA	01	1	1	01	1	1	1	1	2.79445616	01	0
chr17	68000000	chrX	167000000	1	01	1	01	0.906331956	NA	01	1	1	01	1	1	1	1	3.11060154	01	0
chr17	69000000	chrX	168000000	3	01	3	01	0.958737493	NA	01	3	3	01	3	3	1	1	2.58820454	01	0
chr17	69000000	chrX	166000000	9	01	9	01	0.999885678	NA	01	9	9	01	9	9	1	1	3.19841723	01	0
chr17	69000000	chrX	167000000	6	01	6	01	0.963761628	NA	01	6	6	01	6	6	1	1	2.8124557	01	0
chr17	82000000	chrX	165000000	7	01	7	01	0.832100987	NA	01	7	7	01	7	7	1	1	2.05652904	01	0
chr17	83000000	chrX	165000000	6	01	6	01	0.9294945	NA	01	6	6	01	6	6	1	1	2.09129932	01	0
chr17	83000000	chrX	164000000	3	01	3	01	0.71004343	NA	01	3	3	01	3	3	1	1	2.00109649	01	0
chr18	4000000	chr19	45000000	3	01	3	10	0.625145674	NA	10	0	0	10	0	3	2	1	1.52449663	10	1
chr18	4000000	chr19	24000000	7	01	7	10	0.977959514	NA	10	0	0	10	0	7	3	1	1.58169571	10	1
chr18	4000000	chr19	23000000	2	01	2	10	0.661875606	NA	10	0	0	10	0	2	3	1	1.27644312	10	1
chr18	7000000	chr19	44000000	3	01	3	10	0.794118702	NA	10	0	0	10	0	3	3	1	0.610957515	10	1
chr18	7000000	chr19	45000000	1	01	1	10	0.666249812	NA	10	0	0	10	0	1	3	1	0.469812275	10	1
chr18	7000000	chr19	24000000	7	01	7	10	0.755544901	NA	10	0	0	10	0	7	3	1	0.409332887	10	1
chr18	7000000	chr19	28000000	3	01	3	00	0.947012663	NA	00	0	3	00	0	0	3	1	1.85318874	00	1
chr18	7000000	chr19	25000000	2	01	2	00	0.626399875	NA	00	0	2	00	0	0	3	1	0.658227374	00	1
chr18	8000000	chr19	25000000	10	01	10	00	0.877521038	NA	00	0	10	00	0	0	3	1	1.09252224	00	1
chr18	8000000	chr19	24000000	5	01	5	10	0.672482312	NA	10	0	0	10	0	5	3	1	0.0687411333	10	1
chr18	8000000	chr19	5000000	1	00	1	00	0.78160274	NA	00	1	0	00	1	1	1	1	3.44543418	00	1
chr18	9000000	chr19	28000000	6	01	6	00	0.999370277	NA	00	0	6	00	0	0	3	1	3.42634547	00	1
chr18	9000000	chr19	25000000	2	01	2	00	0.924862564	NA	00	0	2	00	0	0	3	1	2.27344614	00	1
chr18	9000000	chr19	24000000	11	01	11	00	0.870630264	NA	00	0	11	00	0	0	3	1	1.30607541	00	1
chr18	9000000	chr19	33000000	1	01	1	00	0.758550763	NA	00	0	1	00	0	0	3	1	1.20332722	00	1
chr18	9000000	chr19	30000000	2	01	2	00	0.975027382	NA	00	0	2	00	0	0	3	1	2.33076516	00	1
chr18	9000000	chr19	31000000	4	01	4	00	0.986275673	NA	00	0	4	00	0	0	3	1	2.41032622	00	1
chr18	9000000	chr19	3000000	1	01	1	00	0.999345124	NA	00	0	1	00	0	0	3	1	3.25380303	00	1
chr18	9000000	chr19	7000000	13	01	13	00	0.999721229	NA	00	0	13	00	0	0	3	1	3.0299856	00	1
chr18	9000000	chr19	55000000	4	01	4	00	0.938063741	NA	00	0	4	00	0	0	3	1	2.01580809	00	1
chr18	9000000	chr19	59000000	1	01	1	00	0.579951704	NA	00	0	1	00	0	0	3	1	3.27058806	00	1
chr18	9000000	chr19	36000000	8	01	8	00	0.998802662	NA	00	0	8	00	0	0	3	1	2.09196468	00	1
chr18	9000000	chr19	13000000	1	01	1	00	0.966836274	NA	00	0	1	00	0	0	3	1	3.19778479	00	1
chr18	9000000	chr19	8000000	2	01	2	00	0.989393353	NA	00	0	2	00	0	0	3	1	3.38078909	00	1
chr18	9000000	chr19	14000000	3	01	3	00	0.816432416	NA	00	0	3	00	0	0	3	1	3.41735389	00	1
chr18	9000000	chr19	35000000	2	01	1	00	0.992058694	NA	00	0	1	00	0	1	3	1	2.58335508	00	1
chr18	9000000	chr19	37000000	2	01	2	00	0.639093697	NA	00	0	2	00	0	0	3	1	0.333774285	00	1
chr18	9000000	chr19	42000000	1	01	1	10	0.864156127	NA	10	0	0	10	0	1	3	1	1.27748999	10	1
chr18	10000000	chr19	40000000	3	01	3	10	0.984598517	NA	10	0	0	10	0	3	3	1	1.84645872	10	1
chr18	10000000	chr19	42000000	3	01	3	10	0.991746426	NA	10	0	0	10	0	3	3	1	3.27763481	10	1
chr18	10000000	chr19	37000000	6	01	6	10	0.988354445	NA	10	0	0	10	0	6	3	1	1.29072877	10	1
chr18	10000000	chr19	48000000	2	01	2	10	0.597915351	NA	10	0	0	10	0	2	3	1	0.585267314	10	1
chr18	10000000	chr19	38000000	8	01	8	10	0.985854208	NA	10	0	0	10	0	8	3	1	1.24318032	10	1
chr18	10000000	chr19	39000000	1	01	1	10	0.970809758	NA	10	0	0	10	0	1	3	1	1.2587473	10	1
chr18	10000000	chr19	41000000	19	01	19	10	0.999860168	NA	10	0	0	10	0	19	3	1	2.80863293	10	1
chr18	10000000	chr19	7000000	1	01	1	00	0.724541426	NA	00	0	1	00	0	0	3	1	0.866364661	00	1
chr18	10000000	chr19	45000000	2	00	1	10	0.745020151	NA	10	0	0	10	0	1	2	1	1.71945052	10	1
chr18	83000000	chr19	25000000	1	01	1	10	0.32003516	NA	10	0	0	10	0	1	3	1	0.137107328	10	1
chr2	4000000	chr11	61000000	2	01	2	10	0.77824688	NA	10	0	0	10	0	2	3	1	1.71383371	10	0
chr2	4000000	chr11	5000000	1	01	1	10	0.867806315	NA	10	0	0	10	0	1	3	1	2.01121872	10	0
chr2	5000000	chr11	4000000	8	01	8	10	0.994787812	NA	10	0	0	10	0	8	3	1	3.30922284	10	0
chr2	5000000	chr11	6000000	2	01	2	10	0.975111485	NA	10	0	0	10	0	2	3	1	2.5090289	10	0
chr2	5000000	chr11	8000000	5	01	5	10	0.967534602	NA	10	0	0	10	0	5	3	1	2.39401555	10	0
chr2	5000000	chr11	7000000	1	01	1	10	0.926405251	NA	10	0	0	10	0	1	3	1	2.76228025	10	0
chr2	5000000	chr11	61000000	9	01	9	10	0.995412052	NA	10	0	0	10	0	9	3	1	3.87401123	10	0
chr2	6000000	chr11	61000000	5	01	5	10	0.865595043	NA	10	0	0	10	0	5	3	1	2.42670326	10	0
chr2	13000000	chr11	25000000	5	01	5	11	0.9164505	NA	11	0	0	11	0	0	3	1	1.87781548	11	0
chr2	13000000	chr11	29000000	9	01	9	11	0.955109894	NA	11	0	0	11	0	0	3	1	1.47526225	11	0
chr2	13000000	chr11	26000000	3	01	3	11	0.994455516	NA	11	0	0	11	0	0	3	1	3.41136611	11	0
chr2	13000000	chr11	27000000	3	01	3	11	0.745212615	NA	11	0	0	11	0	0	3	1	2.29700093	11	0
chr2	14000000	chr11	26000000	3	01	3	11	0.98716104	NA	11	0	0	11	0	0	3	1	3.28285363	11	0
chr2	14000000	chr11	29000000	3	01	3	11	0.861881673	NA	11	0	0	11	0	0	3	1	1.40610124	11	0
chr2	29000000	chr11	61000000	6	01	6	11	0.525522411	NA	11	0	0	11	0	0	3	1	0.523631237	11	0
chr2	29000000	chr11	60000000	1	01	1	11	0.442204595	NA	11	0	0	11	0	0	3	1	0.779562919	11	0
chr2	34000000	chr11	61000000	2	00	1	11	0.630030811	NA	11	0	0	11	0	1	4	1	1.50316953	11	0
chr2	146000000	chr16	50000000	1	00	1	00	0.424071252	NA	00	1	0	00	1	1	1	1	0.849159596	00	1
chr2	146000000	chr16	86000000	2	00	2	01	0.820936859	NA	01	0	2	01	0	0	2	1	1.99416096	01	1
chr2	146000000	chr16	16000000	1	00	1	00	0.577889025	NA	00	1	0	00	1	1	1	1	0.837170953	00	1
chr2	146000000	chr16	47000000	1	00	1	00	0.436260223	NA	00	1	0	00	1	1	1	1	0.617248551	00	1
chr2	146000000	chr16	34000000	1	00	1	00	0.40385291	NA	00	1	1	00	1	1	1	1	0.341836708	00	1
chr2	146000000	chr16	74000000	12	00	12	00	0.835745394	NA	00	12	0	00	12	12	1	1	0.87546751	00	1
chr2	146000000	chr16	75000000	1	00	1	00	0.495349079	NA	00	1	0	00	1	1	1	1	0.260822085	00	1
chr2	146000000	chr16	84000000	2	00	2	01	0.862195075	NA	01	0	2	01	0	0	2	1	1.91925545	01	1
chr2	147000000	chr16	38000000	1	00	1	00	0.466666013	NA	00	1	0	00	1	1	1	1	0.277447691	00	1
chr2	147000000	chr16	74000000	3	00	3	00	0.597232997	NA	00	3	0	00	3	3	1	1	0.558850385	00	1
chr2	147000000	chr16	86000000	13	00	12	01	0.987110734	NA	01	0	12	01	0	1	2	1	2.36420905	01	1
chr2	147000000	chr16	87000000	7	00	7	01	0.983799458	NA	01	0	7	01	0	0	2	1	2.49505459	01	1
chr2	148000000	chr16	86000000	3	00	3	01	0.95779103	NA	01	0	3	01	0	0	2	1	1.97138557	01	1
chr2	148000000	chr16	74000000	5	00	5	00	0.757817686	NA	00	5	0	00	5	5	1	1	0.785475357	00	1
chr2	148000000	chr16	56000000	3	00	3	01	0.628510058	NA	01	0	3	01	0	0	2	1	1.10953029	01	1
chr2	148000000	chr16	87000000	3	00	3	01	0.914292693	NA	01	0	3	01	0	0	2	1	2.05777545	01	1
chr2	148000000	chr16	84000000	1	00	1	01	0.889391005	NA	01	0	1	01	0	0	2	1	1.89360778	01	1
chr2	148000000	chr16	89000000	2	00	2	01	0.891116381	NA	01	0	2	01	0	0	2	1	1.93968949	01	1
chr2	148000000	chr16	75000000	3	00	3	01	0.497520536	NA	01	0	3	00	3	0	1	2	0.185536782	00	1
chr2	148000000	chr16	37000000	3	00	3	00	0.713963747	NA	00	3	0	00	3	3	1	1	0.881739519	00	1
chr2	150000000	chr16	30000000	1	00	1	00	0.556091189	NA	00	1	0	00	1	1	1	1	1.79510908	00	1
chr2	150000000	chr16	38000000	1	00	1	00	0.603762209	NA	00	1	0	00	1	1	1	1	1.17064535	00	1
chr2	153000000	chr16	30000000	3	00	3	00	0.697508931	NA	00	3	0	00	3	3	1	1	1.26418557	00	1
chr2	153000000	chr16	76000000	1	00	1	00	0.488563061	NA	00	1	0	00	1	1	1	1	0.867211063	00	1
chr2	153000000	chr16	75000000	6	00	6	01	0.530988812	NA	01	0	6	00	6	0	1	2	0.0461894159	00	1
chr2	153000000	chr16	89000000	2	00	2	01	0.891158521	NA	01	0	2	01	0	0	2	1	1.49226265	01	1
chr2	153000000	chr16	74000000	1	00	1	00	0.462207407	NA	00	1	0	00	1	1	1	1	0.533547429	00	1
chr2	154000000	chr16	75000000	4	00	4	00	0.518337369	NA	00	4	0	00	4	4	1	1	0.189920571	00	1
chr2	154000000	chr16	41000000	2	00	2	00	0.968385339	NA	00	2	0	00	2	2	1	1	1.39754363	00	1
chr2	154000000	chr16	74000000	7	00	7	00	0.614385307	NA	00	7	0	00	7	7	1	1	0.750573268	00	1
chr2	154000000	chr16	15000000	1	00	1	00	0.377100021	NA	00	1	0	00	1	1	1	1	0.270286592	00	1
chr2	154000000	chr16	76000000	1	00	1	00	0.704975545	NA	00	1	0	00	1	1	1	1	0.869343447	00	1
chr2	154000000	chr16	89000000	1	00	1	01	0.967535377	NA	01	0	1	01	0	0	2	1	1.81106223	01	1
chr2	154000000	chr16	90000000	1	00	1	01	0.919360876	NA	01	0	1	01	0	0	2	1	1.4746879	01	1
chr2	154000000	chr16	31000000	1	00	1	00	0.868190527	NA	00	1	0	00	1	1	1	1	0.688552105	00	1
chr2	155000000	chr16	17000000	1	00	1	00	0.772409797	NA	00	1	0	00	1	1	1	1	2.55121936	00	1
chr2	155000000	chr16	23000000	1	00	1	00	0.879165888	NA	00	1	0	00	1	1	1	1	1.91535411	00	1
chr2	156000000	chr16	23000000	1	00	1	00	0.714544713	NA	00	1	0	00	1	1	1	1	1.41647606	00	1
chr2	157000000	chr16	32000000	3	00	3	00	0.687306404	NA	00	3	0	00	3	3	1	1	0.720090651	00	1
chr2	157000000	chr16	31000000	3	00	3	00	0.995914996	NA	00	3	0	00	3	3	1	1	1.37907772	00	1
chr2	157000000	chr16	30000000	2	00	2	00	0.999515772	NA	00	2	0	00	2	2	1	1	2.39416195	00	1
chr2	157000000	chr16	36000000	2	00	2	00	0.975965142	NA	00	2	0	00	2	2	1	1	1.74290365	00	1
chr2	157000000	chr16	29000000	1	00	1	00	0.933489025	NA	00	1	0	00	1	1	1	1	1.93887186	00	1
chr2	157000000	chr16	35000000	1	00	1	00	0.927867174	NA	00	1	0	00	1	1	1	1	1.28595108	00	1
chr2	158000000	chr16	31000000	3	00	3	00	0.739361525	NA	00	3	0	00	3	3	1	1	0.222843002	00	1
chr2	158000000	chr16	32000000	4	00	3	01	0.629514098	NA	01	1	3	01	1	1	2	1	0.360879263	01	1
chr2	158000000	chr16	45000000	5	00	5	00	0.489902824	NA	00	5	0	00	5	5	1	1	0.0948379241	00	1
chr2	158000000	chr16	44000000	9	00	9	01	0.527265728	NA	01	0	9	01	0	0	2	1	0.0663703976	01	1
chr2	158000000	chr16	55000000	6	00	6	01	0.585028648	NA	01	0	6	01	0	0	2	1	1.23345265	01	1
chr2	158000000	chr16	83000000	3	00	3	01	0.908643425	NA	01	0	3	01	0	0	3	1	1.83617272	01	1
chr2	158000000	chr16	43000000	1	00	1	00	0.392167181	NA	00	1	0	00	1	1	1	1	0.059034703	00	1
chr2	158000000	chr16	85000000	3	00	3	01	0.85269767	NA	01	0	3	01	0	0	3	1	1.58543141	01	1
chr2	158000000	chr16	84000000	1	00	1	01	0.643057346	NA	01	0	1	01	0	0	3	1	1.76804589	01	1
chr2	160000000	chr16	85000000	15	00	15	01	0.958819807	NA	01	0	15	01	0	0	3	1	1.48310591	01	1
chr2	160000000	chr16	74000000	1	00	1	00	0.457511961	NA	00	1	0	00	1	1	1	1	0.392876951	00	1
chr2	160000000	chr16	82000000	1	00	1	01	0.852335036	NA	01	0	1	01	0	0	3	1	1.8410858	01	1
chr2	160000000	chr16	83000000	7	00	7	01	0.938005149	NA	01	0	7	01	0	0	3	1	1.79482126	01	1
chr2	160000000	chr16	84000000	4	00	4	01	0.93787539	NA	01	0	4	01	0	0	3	1	1.67198646	01	1
chr2	160000000	chr16	86000000	2	00	2	01	0.716031492	NA	01	0	2	01	0	0	3	1	2.07136922	01	1
chr2	161000000	chr16	86000000	3	00	3	01	0.786503196	NA	01	0	3	01	0	0	2	1	1.99948182	01	1
chr2	162000000	chr16	50000000	4	00	4	00	0.472059608	NA	00	4	0	00	4	4	1	1	0.972029075	00	1
chr2	163000000	chr16	47000000	1	00	1	00	0.45022431	NA	00	1	0	00	1	1	1	1	0.300201194	00	1
chr2	163000000	chr16	86000000	2	00	2	01	0.58024925	NA	01	0	2	01	0	0	3	1	1.72154601	01	1
chr2	164000000	chr16	31000000	3	00	3	00	0.536967695	NA	00	3	0	00	3	3	1	1	0.822468977	00	1
chr2	165000000	chr16	31000000	9	00	9	00	0.979399741	NA	00	9	0	00	9	9	1	1	1.1675632	00	1
chr2	165000000	chr16	30000000	1	00	1	00	0.931514323	NA	00	1	0	00	1	1	1	1	1.95468077	00	1
chr2	166000000	chr16	30000000	7	00	7	00	0.987681925	NA	00	7	0	00	7	7	1	1	2.28051158	00	1
chr2	166000000	chr16	50000000	1	00	1	00	0.611650646	NA	00	1	0	00	1	1	1	1	1.41839044	00	1
chr2	166000000	chr16	37000000	2	00	2	00	0.989615083	NA	00	2	0	00	2	2	1	1	1.85851681	00	1
chr2	166000000	chr16	53000000	1	00	1	01	0.505754173	NA	01	0	1	01	0	0	2	1	0.809271815	01	1
chr2	166000000	chr16	31000000	1	00	1	00	0.941713333	NA	00	1	0	00	1	1	1	1	1.40311821	00	1
chr2	167000000	chr16	4000000	3	00	3	01	0.373124331	NA	01	0	3	01	0	0	2	1	0.13704321	01	1
chr2	170000000	chr16	30000000	11	00	11	00	0.990980923	NA	00	11	0	00	11	11	1	1	2.21856262	00	1
chr2	170000000	chr16	31000000	1	00	1	00	0.825981855	NA	00	1	0	00	1	1	1	1	1.28428256	00	1
chr2	171000000	chr16	30000000	4	00	4	00	0.983222187	NA	00	4	0	00	4	4	1	1	2.29572448	00	1
chr2	171000000	chr16	31000000	1	00	1	00	0.900854766	NA	00	1	0	00	1	1	1	1	1.29252182	00	1
chr2	172000000	chr16	30000000	5	00	5	00	0.981383264	NA	00	5	0	00	5	5	1	1	2.31552169	00	1
chr2	173000000	chr16	37000000	2	00	2	00	0.937908351	NA	00	2	0	00	2	2	1	1	1.94821158	00	1
chr2	178000000	chr16	4000000	2	00	2	01	0.681770325	NA	01	0	2	01	0	0	2	1	0.770330494	01	1
chr2	178000000	chr16	53000000	8	00	6	01	0.996780396	NA	01	0	6	01	0	2	2	1	2.15068759	01	1
chr2	178000000	chr16	55000000	2	00	2	01	0.767507732	NA	01	0	2	01	0	0	2	1	1.43064879	01	1
chr2	178000000	chr16	54000000	2	00	2	01	0.920720994	NA	01	0	2	01	0	0	2	1	2.24970399	01	1
chr2	178000000	chr16	6000000	1	00	1	01	0.483698219	NA	01	0	1	01	0	0	3	1	0.838963393	01	1
chr2	179000000	chr16	45000000	1	00	1	00	0.412921965	NA	00	1	0	00	1	1	1	1	0.391564937	00	1
chr2	181000000	chr16	44000000	1	00	1	01	0.510837674	NA	01	0	1	01	0	0	2	1	0.038486219	01	1
chr2	181000000	chr16	53000000	3	00	3	01	0.900594652	NA	01	0	3	01	0	0	2	1	1.88006195	01	1
chr2	181000000	chr16	6000000	2	00	2	01	0.780312419	NA	01	0	2	01	0	0	2	1	1.20089702	01	1
chr2	181000000	chr16	4000000	5	00	5	01	0.641430199	NA	01	0	5	01	0	0	2	1	0.544141952	01	1
chr2	181000000	chr16	54000000	1	00	1	01	0.911917448	NA	01	0	1	01	0	0	2	1	1.98462818	01	1
chr2	3000000	chr17	14000000	10	11	10	01	0.999920964	NA	01	0	0	01	0	0	4	1	3.48160754	01	0
chr2	3000000	chr17	15000000	3	11	3	01	0.997698128	NA	01	0	0	01	0	0	4	1	2.72927646	01	0
chr2	4000000	chr17	14000000	6	11	6	01	0.999291301	NA	01	0	0	01	0	0	4	1	3.94401814	01	0
chr2	4000000	chr17	15000000	6	11	6	01	0.996047556	NA	01	0	0	01	0	0	4	1	3.17579804	01	0
chr2	5000000	chr17	11000000	1	10	1	01	0.880204976	NA	01	0	0	01	0	1	2	1	4.12948091	01	0
chr2	5000000	chr17	23000000	2	11	2	01	0.991044641	NA	01	0	0	01	0	0	4	1	4.64924962	01	0
chr2	5000000	chr17	10000000	3	11	3	01	0.896830559	NA	01	0	0	01	0	0	3	1	4.1526098	01	0
chr2	5000000	chr17	22000000	1	11	1	01	0.964532852	NA	01	0	0	01	0	0	4	1	3.51737036	01	0
chr2	6000000	chr17	23000000	2	00	1	01	0.981731057	NA	01	0	0	01	0	0	4	1	3.99376822	01	0
chr2	7000000	chr17	23000000	1	11	1	01	0.998092592	NA	01	0	0	01	0	0	3	1	4.48693231	01	0
chr2	32000000	chr17	24000000	4	11	4	01	0.937731862	NA	01	0	0	01	0	0	3	1	4.11327421	01	0
chr2	32000000	chr17	25000000	3	11	3	01	0.947525263	NA	01	0	0	01	0	0	3	1	3.25834266	01	0
chr2	71000000	chr17	30000000	2	01	2	01	0.535413563	NA	01	2	2	01	2	2	1	1	1.27924101	01	0
chr2	71000000	chr17	31000000	1	01	1	01	0.38482821	NA	01	1	1	01	1	1	1	1	1.39763812	01	0
chr2	91000000	chr17	30000000	11	01	11	01	0.849974275	NA	01	11	11	01	11	11	1	1	1.50685219	01	0
chr2	91000000	chr17	31000000	4	01	4	01	0.468656749	NA	01	4	4	01	4	4	1	1	1.7636338	01	0
chr2	91000000	chr17	29000000	1	01	1	01	0.427574724	NA	01	1	1	01	1	1	1	1	1.22015849	01	0
chr2	160000000	chr18	12000000	2	01	2	01	0.294361293	NA	01	2	2	01	2	2	1	1	1.79771081	01	0
chr2	3000000	chr3	30000000	4	11	3	10	0.991491973	NA	10	0	3	10	0	0	2	1	2.34143966	10	1
chr2	3000000	chr3	27000000	2	11	2	10	0.969232202	NA	10	0	2	10	0	0	2	1	2.45336763	10	1
chr2	3000000	chr3	32000000	19	11	17	10	0.999908924	NA	10	2	17	10	2	2	2	1	2.77176618	10	1
chr2	3000000	chr3	28000000	1	11	1	10	0.962087214	NA	10	0	1	10	0	0	2	1	1.94069211	10	1
chr2	3000000	chr3	33000000	2	11	2	10	0.981146574	NA	10	0	2	10	0	0	2	1	2.41565913	10	1
chr2	3000000	chr3	31000000	6	11	6	10	0.994488597	NA	10	0	6	10	0	0	2	1	2.62357265	10	1
chr2	4000000	chr3	32000000	17	11	17	10	0.999908686	NA	10	0	17	10	0	0	2	1	2.5384405	10	1
chr2	4000000	chr3	31000000	11	11	11	10	0.999548376	NA	10	0	11	10	0	0	2	1	2.4120018	10	1
chr2	4000000	chr3	33000000	3	11	3	10	0.997338235	NA	10	0	3	10	0	0	2	1	2.11231538	10	1
chr2	4000000	chr3	29000000	3	11	3	10	0.986649692	NA	10	0	3	10	0	0	2	1	2.45851297	10	1
chr2	4000000	chr3	26000000	1	11	1	10	0.998058856	NA	10	0	1	10	0	0	2	1	2.57380492	10	1
chr2	4000000	chr3	30000000	3	11	3	10	0.988620698	NA	10	0	3	10	0	0	2	1	2.51089088	10	1
chr2	4000000	chr3	10000000	1	11	1	10	0.838496447	NA	10	0	1	10	0	0	2	1	3.33776748	10	1
chr2	4000000	chr3	7000000	4	11	4	10	0.768915772	NA	10	0	4	10	0	0	2	1	3.83521281	10	1
chr2	4000000	chr3	39000000	4	11	4	10	0.98716718	NA	10	0	4	10	0	0	2	1	2.4973504	10	1
chr2	4000000	chr3	23000000	3	11	3	10	0.953716516	NA	10	0	3	10	0	0	2	1	2.89080501	10	1
chr2	10000000	chr3	24000000	6	11	6	11	0.609782279	NA	11	6	0	11	6	6	1	1	0.184394989	11	1
chr2	10000000	chr3	8000000	2	11	2	10	0.487527668	NA	10	0	2	10	0	0	2	1	0.276261539	10	1
chr2	10000000	chr3	38000000	4	11	3	11	0.727744281	NA	11	3	0	11	3	3	1	1	1.09008749	11	1
chr2	10000000	chr3	37000000	1	11	1	11	0.660123646	NA	11	1	0	11	1	1	1	1	0.663569025	11	1
chr2	10000000	chr3	9000000	1	11	1	10	0.61632508	NA	10	0	1	10	0	0	2	1	1.05908107	10	1
chr2	11000000	chr3	9000000	2	11	2	10	0.730907083	NA	10	0	2	10	0	0	2	1	1.13360875	10	1
chr2	17000000	chr3	41000000	1	11	1	11	0.945491433	NA	11	1	0	11	1	1	1	1	2.20306739	11	1
chr2	17000000	chr3	153000000	2	11	2	10	0.56436944	NA	10	0	2	10	0	0	2	1	1.38281957	10	1
chr2	18000000	chr3	37000000	8	11	8	11	0.997748077	NA	11	8	0	11	8	8	1	1	2.31082201	11	1
chr2	18000000	chr3	154000000	1	10	1	10	0.855910003	NA	10	1	0	10	1	1	1	1	1.83806078	10	1
chr2	18000000	chr3	38000000	4	11	4	11	0.991496205	NA	11	4	0	11	4	4	1	1	2.68204659	11	1
chr2	18000000	chr3	39000000	1	11	1	11	0.970734835	NA	11	1	0	11	1	1	1	1	2.58757574	11	1
chr2	18000000	chr3	35000000	5	11	5	11	0.99939537	NA	11	5	0	11	5	5	1	1	2.96551729	11	1
chr2	18000000	chr3	99000000	3	11	3	11	0.70201695	NA	11	3	0	11	3	3	1	1	0.897820603	11	1
chr2	18000000	chr3	36000000	2	11	2	11	0.992642581	NA	11	2	0	11	2	2	1	1	2.53663829	11	1
chr2	18000000	chr3	34000000	2	11	2	11	0.977958262	NA	11	2	0	11	2	2	1	1	2.29503404	11	1
chr2	18000000	chr3	132000000	2	11	2	10	0.25	NA	00	0	0	11	2	2	1	2	0.626606372	11	1
chr2	18000000	chr3	23000000	1	11	1	11	0.786019325	NA	11	1	0	11	1	1	1	1	1.54764511	11	1
chr2	18000000	chr3	24000000	1	11	1	11	0.920544684	NA	11	1	0	11	1	1	1	1	2.0355494	11	1
chr2	18000000	chr3	97000000	2	11	2	11	0.543878555	NA	11	2	0	11	2	2	1	1	1.28747694	11	1
chr2	19000000	chr3	41000000	2	11	2	11	0.89502126	NA	11	2	0	11	2	2	1	1	1.82567177	11	1
chr2	22000000	chr3	154000000	1	11	1	10	0.829147756	NA	10	0	1	10	0	0	2	1	3.14108133	10	1
chr2	22000000	chr3	157000000	15	11	15	10	0.999341309	NA	10	0	15	10	0	0	2	1	4.0855889	10	1
chr2	22000000	chr3	155000000	4	11	4	10	0.961504579	NA	10	0	4	10	0	0	2	1	3.04015106	10	1
chr2	23000000	chr3	157000000	8	11	8	10	0.996052504	NA	10	0	8	10	0	0	2	1	3.81542336	10	1
chr2	25000000	chr3	9000000	3	11	3	10	0.509977639	NA	10	0	3	10	0	0	2	1	0.292081262	10	1
chr2	27000000	chr3	34000000	7	11	6	11	0.995717227	NA	11	6	0	11	6	7	1	1	2.20413316	11	1
chr2	27000000	chr3	35000000	5	11	5	11	0.994135857	NA	11	5	0	11	5	5	1	1	2.87473037	11	1
chr2	27000000	chr3	100000000	6	11	6	11	0.644417167	NA	11	6	0	11	6	6	1	1	0.805541312	11	1
chr2	27000000	chr3	30000000	6	11	6	11	0.812334955	NA	11	6	0	11	6	6	1	1	1.44793611	11	1
chr2	27000000	chr3	31000000	8	11	7	11	0.973864853	NA	11	7	0	11	7	7	1	1	1.64956816	11	1
chr2	27000000	chr3	36000000	3	11	3	11	0.753421545	NA	11	3	0	11	3	3	1	1	2.45832607	11	1
chr2	28000000	chr3	31000000	2	11	2	11	0.782104373	NA	11	2	0	11	2	2	1	1	1.71633169	11	1
chr2	28000000	chr3	35000000	3	11	2	11	0.999382496	NA	11	2	0	11	2	3	1	1	2.96772237	11	1
chr2	28000000	chr3	8000000	3	11	3	11	0.79745543	NA	11	3	0	11	3	3	1	1	1.99302434	11	1
chr2	28000000	chr3	38000000	6	11	6	11	0.903950453	NA	11	6	0	11	6	6	1	1	2.73906168	11	1
chr2	28000000	chr3	34000000	2	11	2	11	0.984523296	NA	11	2	0	11	2	2	1	1	2.25698515	11	1
chr2	28000000	chr3	100000000	1	11	1	11	0.645498753	NA	11	1	0	11	1	1	1	1	0.759091697	11	1
chr2	28000000	chr3	9000000	1	11	1	11	0.902348995	NA	11	1	0	11	1	1	1	1	1.53897087	11	1
chr2	28000000	chr3	36000000	1	11	1	11	0.979990304	NA	11	1	0	11	1	1	1	1	2.67016269	11	1
chr2	29000000	chr3	35000000	2	11	2	11	0.963450432	NA	11	2	0	11	2	2	1	1	2.56342136	11	1
chr2	29000000	chr3	36000000	2	11	2	11	0.712852061	NA	11	2	0	11	2	2	1	1	2.15516506	11	1
chr2	29000000	chr3	8000000	1	11	1	11	0.576685965	NA	11	1	0	11	1	1	1	1	1.33625141	11	1
chr2	29000000	chr3	37000000	1	01	1	11	0.696632087	NA	11	0	0	11	0	0	3	1	1.93099254	11	1
chr2	30000000	chr3	96000000	1	11	1	11	0.840074956	NA	11	1	0	11	1	1	1	1	1.13486393	11	1
chr2	30000000	chr3	36000000	1	11	1	11	0.798667848	NA	11	1	0	11	1	1	1	1	1.94475004	11	1
chr2	30000000	chr3	37000000	1	11	1	11	0.690965354	NA	11	1	0	11	1	1	1	1	1.70740764	11	1
chr2	31000000	chr3	35000000	1	11	1	11	0.759147823	NA	11	1	0	11	1	1	1	1	2.80270287	11	1
chr2	31000000	chr3	96000000	1	11	1	11	0.850461721	NA	11	1	0	11	1	1	1	1	1.46947865	11	1
chr2	32000000	chr3	9000000	1	11	1	11	0.849085331	NA	11	1	0	11	1	1	1	1	1.23420124	11	1
chr2	35000000	chr3	152000000	3	11	3	10	0.575595081	NA	10	0	3	10	0	0	2	1	1.88983638	10	1
chr2	35000000	chr3	151000000	1	11	1	10	0.681776166	NA	10	0	1	10	0	0	2	1	3.32683854	10	1
chr2	35000000	chr3	95000000	1	11	1	10	0.638807237	NA	10	0	1	10	0	0	2	1	0.686251364	10	1
chr2	36000000	chr3	158000000	8	11	8	10	0.998489022	NA	10	0	8	10	0	0	2	1	4.35770792	10	1
chr2	36000000	chr3	155000000	4	11	4	10	0.955576301	NA	10	0	4	10	0	0	2	1	3.38733579	10	1
chr2	36000000	chr3	157000000	1	11	1	10	0.990802884	NA	10	0	1	10	0	0	2	1	4.22071637	10	1
chr2	37000000	chr3	158000000	1	11	1	10	0.955702841	NA	10	0	1	10	0	0	2	1	4.1577536	10	1
chr2	37000000	chr3	95000000	1	11	1	10	0.636276543	NA	10	0	1	10	0	0	2	1	0.611284208	10	1
chr2	37000000	chr3	100000000	2	11	2	11	0.644782245	NA	11	2	0	11	2	2	1	1	0.443949975	11	1
chr2	37000000	chr3	96000000	3	11	3	11	0.883926392	NA	11	3	0	11	3	3	1	1	0.932948184	11	1
chr2	38000000	chr3	36000000	1	11	1	11	0.925178289	NA	11	1	0	11	1	1	1	1	2.36123723	11	1
chr2	38000000	chr3	35000000	1	11	1	11	0.888186157	NA	11	1	0	11	1	1	1	1	2.75090167	11	1
chr2	38000000	chr3	100000000	1	11	1	11	0.786174178	NA	11	1	0	11	1	1	1	1	0.745799707	11	1
chr2	39000000	chr3	9000000	1	11	1	10	0.585577309	NA	10	0	1	10	0	0	2	1	0.598524506	10	1
chr2	42000000	chr3	9000000	1	11	1	10	0.491602272	NA	10	0	1	10	0	0	2	1	0.949109034	10	1
chr2	45000000	chr3	24000000	1	11	1	11	0.576655984	NA	11	1	0	11	1	1	1	1	0.57037673	11	1
chr2	53000000	chr3	130000000	2	11	2	10	0.360531509	NA	10	0	2	10	0	0	2	1	2.04235327	10	1
chr2	53000000	chr3	157000000	2	11	2	10	0.99995029	NA	10	0	2	10	0	0	2	1	4.6378999	10	1
chr2	53000000	chr3	155000000	1	11	1	10	0.997907639	NA	10	0	1	10	0	0	2	1	3.7194074	10	1
chr2	53000000	chr3	154000000	1	11	1	10	0.999922991	NA	10	0	1	10	0	0	2	1	3.64133249	10	1
chr2	58000000	chr3	151000000	11	11	11	10	0.999991417	NA	10	0	11	10	0	0	2	1	3.74750054	10	1
chr2	58000000	chr3	159000000	1	11	1	10	0.994739473	NA	10	0	1	10	0	0	2	1	3.74182985	10	1
chr2	58000000	chr3	152000000	1	11	1	10	0.917794943	NA	10	0	1	10	0	0	2	1	2.33366128	10	1
chr2	58000000	chr3	116000000	1	11	1	10	0.455212772	NA	10	0	1	10	0	0	2	1	2.349911	10	1
chr2	58000000	chr3	158000000	3	11	3	10	0.999951601	NA	10	0	3	10	0	0	2	1	4.69660777	10	1
chr2	59000000	chr3	158000000	2	11	2	10	0.989622712	NA	10	0	2	10	0	0	2	1	4.63525312	10	1
chr2	59000000	chr3	116000000	2	11	2	10	0.508730292	NA	10	0	2	10	0	0	2	1	2.30387439	10	1
chr2	59000000	chr3	151000000	4	11	4	10	0.999647856	NA	10	0	4	10	0	0	2	1	3.77617801	10	1
chr2	59000000	chr3	152000000	2	11	2	10	0.965099156	NA	10	0	2	10	0	0	2	1	2.35940634	10	1
chr2	59000000	chr3	159000000	1	11	1	10	0.991088867	NA	10	0	1	10	0	0	2	1	3.70303599	10	1
chr2	59000000	chr3	95000000	1	11	1	10	0.462071627	NA	10	0	1	10	0	0	2	1	0.876265876	10	1
chr2	60000000	chr3	152000000	1	11	1	10	0.986604214	NA	10	0	1	10	0	0	2	1	2.97414809	10	1
chr2	60000000	chr3	116000000	2	11	2	10	0.451633453	NA	10	0	2	10	0	0	2	1	2.51788357	10	1
chr2	60000000	chr3	95000000	2	11	2	10	0.602756262	NA	10	0	2	10	0	0	2	1	1.13491258	10	1
chr2	60000000	chr3	151000000	1	11	1	10	0.997924089	NA	10	0	1	10	0	0	2	1	4.33974535	10	1
chr2	60000000	chr3	149000000	5	11	5	10	0.999826491	NA	10	0	5	10	0	0	2	1	4.1652064	10	1
chr2	60000000	chr3	148000000	8	11	7	10	0.999947906	NA	10	1	7	10	1	1	2	1	3.97868919	10	1
chr2	60000000	chr3	150000000	4	11	4	10	0.999967694	NA	10	0	4	10	0	0	2	1	4.66704122	10	1
chr2	60000000	chr3	147000000	3	11	3	10	0.998214483	NA	10	0	3	10	0	0	2	1	3.92223451	10	1
chr2	61000000	chr3	147000000	18	11	17	10	0.999999881	NA	10	1	17	10	1	1	2	1	4.31258942	10	1
chr2	61000000	chr3	148000000	9	11	9	10	0.999998689	NA	10	0	9	10	0	0	2	1	4.298127	10	1
chr2	62000000	chr3	147000000	1	11	1	10	0.992694855	NA	10	0	1	10	0	0	2	1	4.15680068	10	1
chr2	64000000	chr3	148000000	2	11	2	10	0.997150242	NA	10	0	2	10	0	0	2	1	3.94411085	10	1
chr2	64000000	chr3	147000000	5	11	5	10	0.991717935	NA	10	0	5	10	0	0	2	1	3.95308229	10	1
chr2	66000000	chr3	150000000	6	11	6	10	0.999871016	NA	10	0	6	10	0	0	2	1	4.43402247	10	1
chr2	66000000	chr3	147000000	2	11	2	10	0.990603089	NA	10	0	2	10	0	0	2	1	3.74484483	10	1
chr2	66000000	chr3	149000000	2	11	2	10	0.985458851	NA	10	0	2	10	0	0	2	1	3.93822525	10	1
chr2	66000000	chr3	148000000	1	11	1	10	0.999035239	NA	10	0	1	10	0	0	2	1	3.74044001	10	1
chr2	69000000	chr3	96000000	1	11	1	11	0.471093208	NA	11	1	0	11	1	1	1	1	0.975888935	11	1
chr2	71000000	chr3	95000000	1	11	1	10	0.414438784	NA	10	0	1	10	0	0	2	1	0.809749571	10	1
chr2	72000000	chr3	95000000	1	11	1	10	0.392218739	NA	10	0	1	10	0	0	2	1	0.521888579	10	1
chr2	107000000	chr3	150000000	5	11	5	10	0.993123829	NA	10	0	5	10	0	0	2	1	4.12653103	10	1
chr2	108000000	chr3	116000000	2	11	2	10	0.25	NA	00	0	0	10	0	2	2	1	2.33817044	10	1
chr2	108000000	chr3	151000000	13	11	13	10	0.982649207	NA	10	0	13	10	0	0	2	1	3.97520288	10	1
chr2	108000000	chr3	150000000	1	11	1	10	0.99132216	NA	10	0	1	10	0	0	2	1	4.18721758	10	1
chr2	109000000	chr3	150000000	1	11	1	10	0.783175111	NA	10	0	1	10	0	0	2	1	4.07306748	10	1
chr2	152000000	chr3	135000000	1	11	1	10	0.505078018	NA	10	0	1	10	0	0	2	1	1.61509143	10	1
chr2	154000000	chr3	96000000	2	11	2	11	0.506997943	NA	11	2	0	11	2	2	1	1	0.696421001	11	1
chr2	6000000	chr4	152000000	2	10	2	10	0.995909929	NA	10	2	2	10	2	2	1	1	4.72488086	10	0
chr2	6000000	chr4	151000000	8	10	8	10	0.999825418	NA	10	8	8	10	8	8	1	1	3.68642304	10	0
chr2	6000000	chr4	150000000	1	10	1	10	0.890395284	NA	10	1	1	10	1	1	1	1	3.5493574	10	0
chr2	6000000	chr4	122000000	3	10	3	10	0.993987918	NA	10	3	3	10	3	3	1	1	5.5137474	10	0
chr2	7000000	chr4	151000000	5	10	5	10	0.999951959	NA	10	5	5	10	5	5	1	1	3.90857337	10	0
chr2	7000000	chr4	122000000	4	10	4	10	0.937642336	NA	10	4	4	10	4	4	1	1	5.60180656	10	0
chr2	7000000	chr4	152000000	1	10	1	10	0.979063332	NA	10	1	1	10	1	1	1	1	4.62722701	10	0
chr2	9000000	chr4	154000000	5	10	5	10	0.999998689	NA	10	5	5	10	5	5	1	1	5.57952945	10	0
chr2	9000000	chr4	151000000	3	10	3	10	0.995566547	NA	10	3	3	10	3	3	1	1	4.09331249	10	0
chr2	9000000	chr4	133000000	8	10	8	10	0.999977112	NA	10	8	8	10	8	8	1	1	4.87676242	10	0
chr2	9000000	chr4	132000000	10	10	10	10	0.998598397	NA	10	10	10	10	10	10	1	1	4.38734105	10	0
chr2	9000000	chr4	128000000	1	10	1	10	0.699069858	NA	10	1	1	10	1	1	1	1	2.20211471	10	0
chr2	9000000	chr4	136000000	4	10	4	10	0.999969482	NA	10	4	4	10	4	4	1	1	5.55241869	10	0
chr2	9000000	chr4	126000000	2	10	2	10	0.935485005	NA	10	2	2	10	2	2	1	1	4.35395456	10	0
chr2	9000000	chr4	137000000	1	10	1	10	0.997058749	NA	10	1	1	10	1	1	1	1	5.50399201	10	0
chr2	10000000	chr4	154000000	10	10	10	10	1	NA	10	10	10	10	10	10	1	1	5.61036785	10	0
chr2	10000000	chr4	133000000	5	10	5	10	0.999959588	NA	10	5	5	10	5	5	1	1	4.75869036	10	0
chr2	10000000	chr4	149000000	1	10	1	10	0.995258987	NA	10	1	1	10	1	1	1	1	4.17513989	10	0
chr2	10000000	chr4	117000000	4	10	4	10	0.983049273	NA	10	4	4	10	4	4	1	1	3.2844492	10	0
chr2	10000000	chr4	151000000	13	10	13	10	0.999994874	NA	10	13	13	10	13	13	1	1	4.04300508	10	0
chr2	11000000	chr4	117000000	9	10	9	10	0.992574573	NA	10	9	9	10	9	9	1	1	3.54564295	10	0
chr2	11000000	chr4	154000000	7	10	7	10	0.999999762	NA	10	7	7	10	7	7	1	1	5.50532779	10	0
chr2	11000000	chr4	155000000	3	10	3	10	0.999209285	NA	10	3	3	10	3	3	1	1	4.53729666	10	0
chr2	11000000	chr4	150000000	8	10	8	10	0.999909997	NA	10	8	8	10	8	8	1	1	4.0689979	10	0
chr2	11000000	chr4	151000000	1	10	1	10	0.998077035	NA	10	1	1	10	1	1	1	1	4.3171813	10	0
chr2	11000000	chr4	133000000	3	10	3	10	0.996929705	NA	10	3	3	10	3	3	1	1	4.75616429	10	0
chr2	11000000	chr4	132000000	1	10	1	10	0.967417836	NA	10	1	1	10	1	1	1	1	4.14513882	10	0
chr2	12000000	chr4	145000000	2	10	2	10	0.999454677	NA	10	2	2	10	2	2	1	1	5.20429028	10	0
chr2	12000000	chr4	144000000	1	10	1	10	0.987855017	NA	10	1	1	10	1	1	1	1	4.49510871	10	0
chr2	24000000	chr4	125000000	5	10	5	10	0.984105051	NA	10	5	5	10	5	5	1	1	2.7981731	10	0
chr2	24000000	chr4	126000000	1	10	1	10	0.925870895	NA	10	1	1	10	1	1	1	1	3.43439868	10	0
chr2	25000000	chr4	126000000	2	10	2	10	0.866509378	NA	10	2	2	10	2	2	1	1	4.55586212	10	0
chr2	25000000	chr4	149000000	3	10	3	10	0.991194487	NA	10	3	3	10	3	3	1	1	4.3509515	10	0
chr2	25000000	chr4	154000000	9	10	9	10	0.999456823	NA	10	9	9	10	9	9	1	1	5.0436935	10	0
chr2	25000000	chr4	140000000	3	10	3	10	0.934653759	NA	10	3	3	10	3	3	1	1	3.62524962	10	0
chr2	26000000	chr4	140000000	1	10	1	10	0.59622705	NA	10	1	1	10	1	1	1	1	2.97291415	10	0
chr2	26000000	chr4	149000000	2	10	2	10	0.968981862	NA	10	2	2	10	2	2	1	1	3.64878463	10	0
chr2	27000000	chr4	149000000	2	01	1	10	0.831445396	NA	10	1	1	10	1	2	4	1	3.08977717	10	0
chr2	29000000	chr4	149000000	1	10	1	10	0.942821085	NA	10	1	1	10	1	1	1	1	3.35923314	10	0
chr2	30000000	chr4	136000000	1	10	1	10	0.851587892	NA	10	1	1	10	1	1	1	1	3.96814131	10	0
chr2	31000000	chr4	154000000	1	10	1	10	0.998407781	NA	10	1	1	10	1	1	1	1	3.49727763	10	0
chr2	39000000	chr4	148000000	1	10	1	10	0.974854231	NA	10	1	1	10	1	1	1	1	4.47288144	10	0
chr2	39000000	chr4	154000000	1	10	1	10	0.999998212	NA	10	1	1	10	1	1	1	1	5.28128582	10	0
chr2	40000000	chr4	136000000	2	10	2	10	0.999533772	NA	10	2	2	10	2	2	1	1	5.26373817	10	0
chr2	40000000	chr4	126000000	2	10	2	10	0.999848127	NA	10	2	2	10	2	2	1	1	4.70398625	10	0
chr2	40000000	chr4	154000000	1	00	1	10	0.926898837	NA	10	0	0	10	0	0	3	1	5.40228796	10	0
chr2	40000000	chr4	123000000	1	10	1	10	0.995673239	NA	10	1	1	10	1	1	1	1	4.98523658	10	0
chr2	41000000	chr4	149000000	3	10	3	10	0.999985218	NA	10	3	3	10	3	3	1	1	4.53655007	10	0
chr2	41000000	chr4	124000000	1	10	1	10	0.999927998	NA	10	1	1	10	1	1	1	1	4.96160432	10	0
chr2	41000000	chr4	132000000	1	10	1	10	0.994191825	NA	10	1	1	10	1	1	1	1	4.4231301	10	0
chr2	41000000	chr4	133000000	1	10	1	10	0.999997377	NA	10	1	1	10	1	1	1	1	4.74780331	10	0
chr2	42000000	chr4	154000000	8	10	8	10	1	NA	10	8	8	10	8	8	1	1	5.66801186	10	0
chr2	42000000	chr4	133000000	2	10	2	10	0.999994516	NA	10	2	2	10	2	2	1	1	4.87771931	10	0
chr2	42000000	chr4	137000000	1	10	1	10	0.960318089	NA	10	1	1	10	1	1	1	1	5.52670241	10	0
chr2	42000000	chr4	136000000	1	10	1	10	0.999075174	NA	10	1	1	10	1	1	1	1	5.6403295	10	0
chr2	43000000	chr4	136000000	3	10	3	10	0.99999547	NA	10	3	3	10	3	3	1	1	5.66295375	10	0
chr2	43000000	chr4	133000000	1	10	1	10	0.999181569	NA	10	1	1	10	1	1	1	1	4.77262685	10	0
chr2	43000000	chr4	137000000	1	10	1	10	0.99998343	NA	10	1	1	10	1	1	1	1	5.45125954	10	0
chr2	45000000	chr4	144000000	1	10	1	10	0.994129896	NA	10	1	1	10	1	1	1	1	5.37911476	10	0
chr2	46000000	chr4	136000000	1	10	1	10	1	NA	10	1	1	10	1	1	1	1	5.77216239	10	0
chr2	46000000	chr4	125000000	1	10	1	10	0.889692664	NA	10	1	1	10	1	1	1	1	4.03662004	10	0
chr2	47000000	chr4	137000000	11	10	11	10	1	NA	10	11	11	10	11	11	1	1	5.56196011	10	0
chr2	47000000	chr4	136000000	14	10	14	10	1	NA	10	14	14	10	14	14	1	1	5.76075044	10	0
chr2	47000000	chr4	126000000	1	10	1	10	0.984126449	NA	10	1	1	10	1	1	1	1	4.71862915	10	0
chr2	47000000	chr4	147000000	1	10	1	10	0.999242902	NA	10	1	1	10	1	1	1	1	4.76904483	10	0
chr2	47000000	chr4	132000000	1	10	1	10	0.990680516	NA	10	1	1	10	1	1	1	1	4.63373921	10	0
chr2	47000000	chr4	144000000	4	10	4	10	0.999999762	NA	10	4	4	10	4	4	1	1	5.58637934	10	0
chr2	48000000	chr4	137000000	6	10	6	10	1	NA	10	6	6	10	6	6	1	1	5.48122163	10	0
chr2	48000000	chr4	154000000	1	10	1	10	0.999766171	NA	10	1	1	10	1	1	1	1	5.48473631	10	0
chr2	48000000	chr4	136000000	5	10	5	10	1	NA	10	5	5	10	5	5	1	1	5.79900769	10	0
chr2	48000000	chr4	145000000	9	10	9	10	1	NA	10	9	9	10	9	9	1	1	5.18229274	10	0
chr2	48000000	chr4	144000000	4	10	4	10	0.999999881	NA	10	4	4	10	4	4	1	1	5.29183775	10	0
chr2	48000000	chr4	100000000	2	10	2	10	0.816569328	NA	10	2	2	10	2	2	1	1	3.42617292	10	0
chr2	48000000	chr4	132000000	1	11	1	10	0.956710041	NA	10	0	0	10	0	0	2	1	4.59815691	10	0
chr2	49000000	chr4	110000000	9	10	9	10	0.889769673	NA	10	9	9	10	9	9	1	1	3.34894708	10	0
chr2	49000000	chr4	100000000	2	10	2	10	0.884355962	NA	10	2	2	10	2	2	1	1	3.00154095	10	0
chr2	49000000	chr4	129000000	1	10	1	10	0.947377086	NA	10	1	1	10	1	1	1	1	4.29367245	10	0
chr2	50000000	chr4	100000000	1	10	1	10	0.564591706	NA	10	1	1	10	1	1	1	1	2.78491103	10	0
chr2	50000000	chr4	110000000	2	10	2	10	0.769883811	NA	10	2	2	10	2	2	1	1	3.25996551	10	0
chr2	76000000	chr4	125000000	2	10	2	10	0.842154741	NA	10	2	2	10	2	2	1	1	3.39469036	10	0
chr2	76000000	chr4	126000000	2	10	2	10	0.742512465	NA	10	2	2	10	2	2	1	1	3.430669	10	0
chr2	77000000	chr4	125000000	4	10	4	10	0.931488395	NA	10	4	4	10	4	4	1	1	3.14540695	10	0
chr2	77000000	chr4	126000000	1	10	1	10	0.680333197	NA	10	1	1	10	1	1	1	1	3.18988117	10	0
chr2	80000000	chr4	144000000	2	10	2	10	0.846149385	NA	10	2	2	10	2	2	1	1	4.01626626	10	0
chr2	80000000	chr4	137000000	1	10	1	10	0.668105841	NA	10	1	1	10	1	1	1	1	3.86700063	10	0
chr2	91000000	chr4	138000000	2	10	2	10	0.99102217	NA	10	2	2	10	2	2	1	1	3.39158776	10	0
chr2	91000000	chr4	142000000	5	10	5	10	0.998716593	NA	10	5	5	10	5	5	1	1	3.12146231	10	0
chr2	91000000	chr4	143000000	1	10	1	10	0.854934394	NA	10	1	1	10	1	1	1	1	2.63659139	10	0
chr2	92000000	chr4	142000000	10	10	10	10	0.999967098	NA	10	10	10	10	10	10	1	1	3.71907567	10	0
chr2	92000000	chr4	138000000	10	10	10	10	0.99998498	NA	10	10	10	10	10	10	1	1	4.05308705	10	0
chr2	92000000	chr4	143000000	1	10	1	10	0.886797369	NA	10	1	1	10	1	1	1	1	2.78910097	10	0
chr2	92000000	chr4	137000000	1	10	1	10	0.99739325	NA	10	1	1	10	1	1	1	1	3.92974914	10	0
chr2	93000000	chr4	138000000	1	10	1	10	0.841037631	NA	10	1	1	10	1	1	1	1	4.12773398	10	0
chr2	93000000	chr4	137000000	1	10	1	10	0.980124474	NA	10	1	1	10	1	1	1	1	4.21979257	10	0
chr2	93000000	chr4	125000000	1	10	1	10	0.591124833	NA	10	1	1	10	1	1	1	1	4.00344111	10	0
chr2	93000000	chr4	143000000	2	10	2	10	0.942686498	NA	10	2	2	10	2	2	1	1	3.09389029	10	0
chr2	94000000	chr4	144000000	6	10	6	10	0.999997258	NA	10	6	6	10	6	6	1	1	5.36807089	10	0
chr2	94000000	chr4	100000000	1	10	1	10	0.430766463	NA	10	1	1	10	1	1	1	1	3.30887255	10	0
chr2	94000000	chr4	143000000	2	10	2	10	0.997641087	NA	10	2	2	10	2	2	1	1	4.51257669	10	0
chr2	95000000	chr4	144000000	5	10	5	10	0.999873638	NA	10	5	5	10	5	5	1	1	4.96237627	10	0
chr2	95000000	chr4	143000000	5	10	5	10	0.999946237	NA	10	5	5	10	5	5	1	1	4.55591064	10	0
chr2	96000000	chr4	143000000	3	10	3	10	0.999913216	NA	10	3	3	10	3	3	1	1	5.50174847	10	0
chr2	96000000	chr4	144000000	4	10	4	10	0.997557402	NA	10	4	4	10	4	4	1	1	4.96608242	10	0
chr2	101000000	chr4	143000000	9	10	8	10	0.999057472	NA	10	8	8	10	8	8	1	1	5.11173087	10	0
chr2	102000000	chr4	143000000	2	10	2	10	0.99834168	NA	10	2	2	10	2	2	1	1	4.61333013	10	0
chr2	166000000	chr4	139000000	9	10	9	10	0.996031702	NA	10	9	9	10	9	9	1	1	3.79681963	10	0
chr2	166000000	chr4	140000000	4	10	4	10	0.956215203	NA	10	4	4	10	4	4	1	1	3.61210894	10	0
chr2	166000000	chr4	125000000	26	10	26	10	0.986080348	NA	10	26	26	10	26	26	1	1	3.8903897	10	0
chr2	166000000	chr4	126000000	1	10	1	10	0.584060729	NA	10	1	1	10	1	1	1	1	3.9170838	10	0
chr2	167000000	chr4	142000000	1	10	1	10	0.919055045	NA	10	1	1	10	1	1	1	1	3.16441175	10	0
chr2	21000000	chr6	37000000	1	00	1	01	0.345017076	NA	01	0	1	01	0	0	4	1	2.54676467	01	1
chr2	52000000	chr6	54000000	6	00	6	01	0.965808034	NA	01	0	6	01	0	0	4	1	3.06312227	01	1
chr2	53000000	chr6	96000000	1	00	1	01	0.68143779	NA	01	0	1	01	0	0	3	1	3.52206692	01	1
chr2	53000000	chr6	52000000	2	00	2	01	0.811926425	NA	01	0	2	01	0	0	3	1	2.61439281	01	1
chr2	53000000	chr6	53000000	1	00	1	01	0.598202944	NA	01	0	1	01	0	0	4	1	2.26754952	01	1
chr2	54000000	chr6	95000000	20	00	20	01	0.98725003	NA	01	0	20	01	0	0	3	1	2.828998	01	1
chr2	54000000	chr6	51000000	10	00	10	01	0.972655356	NA	01	0	10	01	0	0	3	1	2.59226791	01	1
chr2	54000000	chr6	96000000	7	00	7	01	0.989371419	NA	01	0	7	01	0	0	3	1	2.8026431	01	1
chr2	54000000	chr6	52000000	1	00	1	01	0.687157393	NA	01	0	1	01	0	0	4	1	1.96918679	01	1
chr2	54000000	chr6	102000000	3	00	3	01	0.934170783	NA	01	0	3	01	0	0	4	1	2.55574796	01	1
chr2	54000000	chr6	103000000	11	00	11	01	0.983014226	NA	01	0	11	01	0	0	3	1	2.61478603	01	1
chr2	54000000	chr6	54000000	13	00	13	01	0.999292731	NA	01	0	13	01	0	0	4	1	3.09432096	01	1
chr2	54000000	chr6	139000000	2	00	2	01	0.692039549	NA	01	0	2	01	0	0	3	1	1.79115215	01	1
chr2	54000000	chr6	144000000	5	00	5	01	0.888040125	NA	01	0	5	01	0	0	3	1	2.05161547	01	1
chr2	55000000	chr6	95000000	3	00	3	01	0.869569659	NA	01	0	3	01	0	0	4	1	2.65999481	01	1
chr2	55000000	chr6	96000000	1	00	1	01	0.598280072	NA	01	0	1	01	0	0	4	1	2.54066197	01	1
chr2	55000000	chr6	102000000	2	00	2	01	0.778679132	NA	01	0	2	01	0	0	4	1	2.02576754	01	1
chr2	55000000	chr6	103000000	7	00	7	01	0.923583508	NA	01	0	7	01	0	0	4	1	2.19703449	01	1
chr2	55000000	chr6	54000000	6	00	6	01	0.998083353	NA	01	0	6	01	0	0	4	1	2.79071083	01	1
chr2	55000000	chr6	53000000	6	00	6	01	0.924727976	NA	01	0	6	01	0	0	4	1	1.05604784	01	1
chr2	55000000	chr6	52000000	2	00	2	01	0.803358078	NA	01	0	2	01	0	0	4	1	1.43723236	01	1
chr2	55000000	chr6	94000000	1	00	1	01	0.596405089	NA	01	0	1	01	0	0	4	1	2.0645168	01	1
chr2	56000000	chr6	53000000	1	00	1	01	0.618283629	NA	01	0	1	01	0	0	4	1	1.08197908	01	1
chr2	56000000	chr6	54000000	1	00	1	01	0.908053398	NA	01	0	1	01	0	0	4	1	2.86065044	01	1
chr2	63000000	chr6	53000000	5	00	5	01	0.937904954	NA	01	0	5	01	0	0	4	1	1.36671818	01	1
chr2	63000000	chr6	102000000	1	00	1	01	0.701177955	NA	01	0	1	01	0	0	4	1	2.32294482	01	1
chr2	63000000	chr6	54000000	5	00	5	01	0.997359335	NA	01	0	5	01	0	0	4	1	3.05912771	01	1
chr2	63000000	chr6	37000000	2	00	2	01	0.899763942	NA	01	0	2	01	0	0	3	1	1.72890259	01	1
chr2	63000000	chr6	52000000	1	00	1	01	0.779615402	NA	01	0	1	01	0	0	4	1	1.31048688	01	1
chr2	64000000	chr6	53000000	14	00	14	01	0.992025137	NA	01	0	14	01	0	0	4	1	1.70762074	01	1
chr2	64000000	chr6	102000000	6	00	6	01	0.906984508	NA	01	0	6	01	0	0	4	1	2.70321503	01	1
chr2	64000000	chr6	37000000	4	00	4	01	0.988674819	NA	01	0	4	01	0	0	3	1	2.35615142	01	1
chr2	64000000	chr6	38000000	4	00	4	01	0.958416462	NA	01	0	4	01	0	0	3	1	2.64431471	01	1
chr2	64000000	chr6	39000000	3	00	3	01	0.968845904	NA	01	0	3	01	0	0	3	1	2.71881627	01	1
chr2	65000000	chr6	37000000	6	00	6	01	0.869357169	NA	01	0	6	01	0	0	4	1	1.77252741	01	1
chr2	77000000	chr6	145000000	1	00	1	01	0.545173049	NA	01	0	1	01	0	0	4	1	0.491580117	01	1
chr2	77000000	chr6	147000000	2	00	2	11	0.497090608	NA	11	0	0	11	0	2	4	1	0.313473025	11	1
chr2	77000000	chr6	146000000	1	00	1	01	0.53631717	NA	01	0	1	01	0	0	4	1	0.425767433	01	1
chr2	78000000	chr6	147000000	8	00	8	11	0.603144705	NA	11	0	0	11	0	8	4	1	0.276714058	11	1
chr2	78000000	chr6	142000000	1	00	1	01	0.421879321	NA	01	0	1	01	0	0	4	1	0.0217424904	01	1
chr2	79000000	chr6	140000000	1	00	1	01	0.528072655	NA	01	0	1	01	0	0	4	1	0.317942778	01	1
chr2	80000000	chr6	146000000	4	00	4	01	0.53028065	NA	01	0	4	01	0	0	4	1	0.416638698	01	1
chr2	108000000	chr6	147000000	2	00	2	11	0.321170837	NA	11	0	0	11	0	2	3	1	0.16192034	11	1
chr2	109000000	chr6	147000000	1	00	1	11	0.400848657	NA	11	0	0	11	0	1	4	1	0.838727725	11	1
chr2	133000000	chr6	147000000	2	00	2	11	0.536484003	NA	11	0	0	11	0	2	4	1	1.59424585	11	1
chr2	133000000	chr6	140000000	1	00	1	11	0.457669914	NA	11	0	0	11	0	1	4	1	0.888628022	11	1
chr2	133000000	chr6	95000000	1	00	1	01	0.392161101	NA	01	0	1	01	0	0	4	1	0.391817776	01	1
chr2	137000000	chr6	146000000	8	00	8	11	0.62250644	NA	11	0	0	11	0	8	4	1	0.555823529	11	1
chr2	137000000	chr6	147000000	3	00	3	11	0.84997052	NA	11	0	0	11	0	3	4	1	1.4437745	11	1
chr2	137000000	chr6	144000000	3	00	3	01	0.481972069	NA	01	0	3	01	0	0	4	1	0.0123696842	01	1
chr2	137000000	chr6	139000000	4	00	4	11	0.600759268	NA	11	0	0	11	0	4	4	1	0.386167598	11	1
chr2	137000000	chr6	141000000	3	00	3	01	0.500440419	NA	01	0	3	11	0	0	4	2	0.0284904936	11	1
chr2	137000000	chr6	95000000	3	00	3	01	0.538326263	NA	01	0	3	01	0	0	4	1	0.552069165	01	1
chr2	138000000	chr6	147000000	1	00	1	11	0.81382066	NA	11	0	0	11	0	1	4	1	2.06800412	11	1
chr2	143000000	chr6	147000000	6	00	6	11	0.885668397	NA	11	0	0	11	0	6	4	1	1.48121826	11	1
chr2	144000000	chr6	140000000	4	00	4	11	0.8043589	NA	11	0	0	11	0	4	4	1	1.51012846	11	1
chr2	158000000	chr6	91000000	8	00	8	11	0.444718987	NA	11	0	0	01	0	8	4	2	0.140848737	01	1
chr2	158000000	chr6	92000000	3	00	3	11	0.483836502	NA	11	0	0	01	0	3	4	2	0.104347151	01	1
chr2	158000000	chr6	148000000	1	00	1	11	0.550085008	NA	11	0	0	11	0	1	4	1	0.257993421	11	1
chr2	158000000	chr6	70000000	13	00	12	01	0.944372535	NA	01	0	12	01	0	1	4	1	1.42202432	01	1
chr2	158000000	chr6	22000000	1	00	1	01	0.481597632	NA	01	0	1	01	0	0	4	1	1.39046294	01	1
chr2	158000000	chr6	126000000	10	00	10	11	0.975610793	NA	11	0	0	11	0	10	4	1	1.48982461	11	1
chr2	158000000	chr6	72000000	3	00	3	01	0.912533283	NA	01	0	3	01	0	0	4	1	2.2030896	01	1
chr2	158000000	chr6	120000000	11	00	11	01	0.670197964	NA	01	0	11	01	0	0	4	1	0.227169771	01	1
chr2	158000000	chr6	121000000	12	00	12	01	0.640433371	NA	01	0	12	01	0	0	4	1	0.341239796	01	1
chr2	158000000	chr6	128000000	7	00	7	01	0.663992047	NA	01	0	7	01	0	0	4	1	0.525827036	01	1
chr2	158000000	chr6	127000000	1	00	1	11	0.501339197	NA	11	0	0	11	0	1	4	1	0.511455054	11	1
chr2	158000000	chr6	118000000	1	00	1	01	0.469189852	NA	01	0	1	11	0	0	4	2	0.0225627518	11	1
chr2	158000000	chr6	71000000	5	00	5	01	0.910428107	NA	01	0	5	01	0	0	4	1	1.88108293	01	1
chr2	159000000	chr6	70000000	10	00	10	01	0.955414057	NA	01	0	10	01	0	0	4	1	1.41055009	01	1
chr2	159000000	chr6	147000000	3	00	3	11	0.794630826	NA	11	0	0	11	0	3	4	1	1.09440883	11	1
chr2	159000000	chr6	126000000	13	00	13	11	0.980924487	NA	11	0	0	11	0	13	4	1	1.64773689	11	1
chr2	159000000	chr6	129000000	1	00	1	01	0.611015975	NA	01	0	1	01	0	0	4	1	1.02922984	01	1
chr2	159000000	chr6	125000000	1	00	1	11	0.965363562	NA	11	0	0	11	0	1	4	1	1.65287447	11	1
chr2	159000000	chr6	71000000	11	00	11	01	0.965367496	NA	01	0	11	01	0	0	4	1	1.50264616	01	1
chr2	160000000	chr6	126000000	9	00	9	11	0.981620848	NA	11	0	0	11	0	9	4	1	2.00379801	11	1
chr2	160000000	chr6	71000000	1	00	1	01	0.946787059	NA	01	0	1	01	0	0	4	1	1.51701944	01	1
chr2	160000000	chr6	70000000	12	00	12	01	0.903139234	NA	01	0	12	01	0	0	4	1	1.05950215	01	1
chr2	160000000	chr6	147000000	2	00	2	11	0.590203822	NA	11	0	0	11	0	2	4	1	0.998464236	11	1
chr2	160000000	chr6	128000000	1	00	1	01	0.550081015	NA	01	0	1	01	0	0	4	1	0.260291462	01	1
chr2	163000000	chr6	70000000	2	00	2	01	0.590094388	NA	01	0	2	01	0	0	4	1	0.647120989	01	1
chr2	163000000	chr6	149000000	7	00	7	11	0.952510953	NA	11	0	0	11	0	7	4	1	1.61885577	11	1
chr2	163000000	chr6	125000000	3	00	3	11	0.947936773	NA	11	0	0	11	0	3	4	1	2.44227382	11	1
chr2	164000000	chr6	146000000	10	00	8	11	0.652824044	NA	11	0	2	11	0	8	4	1	0.642533173	11	1
chr2	164000000	chr6	145000000	2	00	2	11	0.643952727	NA	11	0	0	11	0	2	4	1	0.703472396	11	1
chr2	164000000	chr6	140000000	1	00	1	11	0.715651274	NA	11	0	0	11	0	1	4	1	0.705989311	11	1
chr2	164000000	chr6	90000000	1	00	1	11	0.490609854	NA	11	0	0	11	0	1	4	1	0.637719101	11	1
chr2	164000000	chr6	125000000	1	00	1	11	0.845108032	NA	11	0	0	11	0	1	4	1	1.76976912	11	1
chr2	164000000	chr6	91000000	3	00	3	11	0.460606009	NA	11	0	0	11	0	3	4	1	0.306106359	11	1
chr2	167000000	chr6	91000000	5	00	5	01	0.396099508	NA	01	0	5	01	0	0	4	1	0.403899603	01	1
chr2	178000000	chr6	92000000	9	00	7	11	0.923846662	NA	11	0	2	11	0	7	4	1	1.13340577	11	1
chr2	178000000	chr6	145000000	1	00	1	11	0.879438341	NA	11	0	0	11	0	1	3	1	1.75581341	11	1
chr2	178000000	chr6	91000000	7	00	7	11	0.884731591	NA	11	0	0	11	0	7	3	1	1.15119045	11	1
chr2	178000000	chr6	93000000	4	00	4	11	0.752007782	NA	11	0	0	11	0	4	4	1	0.829825304	11	1
chr2	178000000	chr6	90000000	7	00	7	11	0.962558627	NA	11	0	0	11	0	7	3	1	1.50004441	11	1
chr2	178000000	chr6	140000000	1	00	1	11	0.8286466	NA	11	0	0	11	0	1	4	1	1.52697583	11	1
chr2	178000000	chr6	22000000	2	00	2	01	0.440053552	NA	01	0	2	01	0	0	4	1	1.3210273	01	1
chr2	178000000	chr6	148000000	2	00	2	11	0.538241029	NA	11	0	0	11	0	2	4	1	1.59433267	11	1
chr2	178000000	chr6	149000000	1	00	1	11	0.959525347	NA	11	0	0	11	0	1	4	1	2.15153593	11	1
chr2	178000000	chr6	135000000	2	00	2	11	0.705441296	NA	11	0	0	11	0	2	4	1	1.32488296	11	1
chr2	178000000	chr6	89000000	2	00	2	11	0.642495394	NA	11	0	0	11	0	2	4	1	1.28527766	11	1
chr2	179000000	chr6	149000000	7	00	7	11	0.991850197	NA	11	0	0	11	0	7	4	1	2.04895635	11	1
chr2	179000000	chr6	148000000	5	00	5	11	0.864325821	NA	11	0	0	11	0	5	4	1	1.47399651	11	1
chr2	179000000	chr6	125000000	7	00	7	11	0.929201782	NA	11	0	0	11	0	7	4	1	1.95258729	11	1
chr2	179000000	chr6	146000000	9	00	9	11	0.957022965	NA	11	0	0	11	0	9	4	1	1.37453092	11	1
chr2	179000000	chr6	135000000	5	00	5	11	0.842472911	NA	11	0	0	11	0	5	4	1	1.21155439	11	1
chr2	179000000	chr6	90000000	4	00	4	11	0.883580923	NA	11	0	0	11	0	4	4	1	1.34339111	11	1
chr2	179000000	chr6	126000000	3	00	3	11	0.784126818	NA	11	0	0	11	0	3	4	1	1.62623227	11	1
chr2	179000000	chr6	142000000	3	00	3	11	0.900931656	NA	11	0	0	11	0	3	4	1	1.49627745	11	1
chr2	179000000	chr6	140000000	1	00	1	11	0.879634976	NA	11	0	0	11	0	1	4	1	1.36172673	11	1
chr2	179000000	chr6	147000000	2	00	2	11	0.988272607	NA	11	0	0	11	0	2	4	1	2.19899806	11	1
chr2	180000000	chr6	125000000	7	00	7	11	0.878005743	NA	11	0	0	11	0	7	4	1	1.99132412	11	1
chr2	180000000	chr6	140000000	1	00	1	11	0.475247502	NA	11	0	0	11	0	1	4	1	0.695837175	11	1
chr2	181000000	chr6	140000000	5	00	5	01	0.533585548	NA	01	0	5	01	0	0	4	1	0.457879094	01	1
chr2	181000000	chr6	149000000	2	00	2	01	0.523201823	NA	01	0	2	01	0	0	4	1	0.445081249	01	1
chr2	181000000	chr6	92000000	3	00	3	01	0.918280065	NA	01	0	3	01	0	0	4	1	1.30487655	01	1
chr2	181000000	chr6	91000000	2	00	2	01	0.783982575	NA	01	0	2	01	0	0	4	1	1.34916155	01	1
chr2	181000000	chr6	21000000	3	00	3	01	0.811529636	NA	01	0	3	01	0	0	4	1	2.5257814	01	1
chr2	181000000	chr6	145000000	1	01	1	01	0.442754567	NA	01	1	0	01	1	1	1	1	0.904640287	01	1
chr2	181000000	chr6	22000000	1	00	1	01	0.786518753	NA	01	0	1	01	0	0	4	1	2.25568027	01	1
chr2	181000000	chr6	17000000	1	00	1	01	0.383433461	NA	01	0	1	01	0	0	4	1	0.93088855	01	1
chr2	13000000	chr7	135000000	7	11	7	11	0.999705136	NA	11	7	7	11	7	7	1	1	4.55335152	11	0
chr2	14000000	chr7	135000000	11	11	11	11	0.999998808	NA	11	11	11	11	11	11	1	1	5.65353012	11	0
chr2	14000000	chr7	130000000	1	11	1	11	0.989489973	NA	11	1	1	11	1	1	1	1	5.27079497	11	0
chr2	14000000	chr7	131000000	1	11	1	11	0.999887705	NA	11	1	1	11	1	1	1	1	5.56493019	11	0
chr2	15000000	chr7	131000000	1	11	1	11	0.999203026	NA	11	1	1	11	1	1	1	1	5.4305841	11	0
chr2	15000000	chr7	107000000	3	10	3	11	0.999998808	NA	11	0	0	11	0	0	3	1	6.28617254	11	0
chr2	15000000	chr7	130000000	2	11	2	11	0.91623193	NA	11	2	2	11	2	2	1	1	4.98989576	11	0
chr2	15000000	chr7	111000000	5	10	5	11	0.999999642	NA	11	0	0	11	0	0	3	1	6.48256281	11	0
chr2	16000000	chr7	111000000	6	10	6	11	0.999993086	NA	11	0	0	11	0	0	3	1	5.77112099	11	0
chr2	16000000	chr7	135000000	4	11	4	11	0.999824464	NA	11	4	4	11	4	4	1	1	4.83641807	11	0
chr2	16000000	chr7	131000000	3	11	3	11	0.999946594	NA	11	3	3	11	3	3	1	1	5.04855593	11	0
chr2	16000000	chr7	107000000	6	10	6	11	0.999993443	NA	11	0	0	11	0	0	3	1	5.66132725	11	0
chr2	16000000	chr7	129000000	3	11	3	11	0.996965826	NA	11	3	3	11	3	3	1	1	4.55222053	11	0
chr2	16000000	chr7	125000000	4	10	4	11	0.999842525	NA	11	0	0	11	0	0	3	1	5.13136832	11	0
chr2	16000000	chr7	108000000	4	10	4	11	0.999950409	NA	11	0	0	11	0	0	3	1	5.41391824	11	0
chr2	16000000	chr7	130000000	4	11	4	11	0.999351442	NA	11	4	4	11	4	4	1	1	4.61323236	11	0
chr2	17000000	chr7	111000000	12	10	11	11	0.999999404	NA	11	0	0	11	0	1	3	1	6.02956696	11	0
chr2	17000000	chr7	107000000	7	10	7	11	0.999995947	NA	11	0	0	11	0	0	3	1	5.83208136	11	0
chr2	17000000	chr7	130000000	1	11	1	11	0.958843172	NA	11	1	1	11	1	1	1	1	4.47173583	11	0
chr2	17000000	chr7	108000000	3	10	3	11	0.998904586	NA	11	0	0	11	0	0	3	1	5.47100655	11	0
chr2	17000000	chr7	131000000	1	11	1	11	0.995943964	NA	11	1	1	11	1	1	1	1	4.89396414	11	0
chr2	17000000	chr7	110000000	1	10	1	11	0.995039523	NA	11	0	0	11	0	0	3	1	5.94193524	11	0
chr2	17000000	chr7	119000000	1	10	1	11	0.992263317	NA	11	0	0	11	0	0	3	1	6.18622272	11	0
chr2	19000000	chr7	119000000	2	10	2	11	0.997312844	NA	11	0	0	11	0	0	3	1	6.29637111	11	0
chr2	20000000	chr7	112000000	8	10	8	11	0.999999166	NA	11	0	0	11	0	0	3	1	6.07081076	11	0
chr2	20000000	chr7	120000000	4	10	4	11	0.999992132	NA	11	0	0	11	0	0	3	1	5.42479247	11	0
chr2	20000000	chr7	111000000	2	10	2	11	0.999799192	NA	11	0	0	11	0	0	3	1	6.21524498	11	0
chr2	20000000	chr7	119000000	3	10	3	11	0.999998093	NA	11	0	0	11	0	0	3	1	6.67735497	11	0
chr2	21000000	chr7	110000000	1	10	1	11	0.992261469	NA	11	0	0	11	0	0	3	1	5.17034122	11	0
chr2	21000000	chr7	111000000	10	10	10	11	0.999999881	NA	11	0	0	11	0	0	3	1	5.25752322	11	0
chr2	22000000	chr7	106000000	2	10	2	11	0.999974847	NA	11	0	0	11	0	0	3	1	6.09627892	11	0
chr2	22000000	chr7	119000000	4	10	4	11	0.999992013	NA	11	0	0	11	0	0	3	1	6.50685344	11	0
chr2	22000000	chr7	103000000	1	10	1	11	0.988895893	NA	11	0	0	11	0	0	3	1	5.07943748	11	0
chr2	22000000	chr7	118000000	2	10	2	11	0.999830246	NA	11	0	0	11	0	0	3	1	5.95445059	11	0
chr2	23000000	chr7	119000000	2	10	2	11	0.999973536	NA	11	0	0	11	0	0	3	1	5.82817142	11	0
chr2	23000000	chr7	118000000	3	10	3	11	0.99908936	NA	11	0	0	11	0	0	3	1	5.48125359	11	0
chr2	23000000	chr7	106000000	4	10	4	11	0.999949694	NA	11	0	0	11	0	0	3	1	5.76324231	11	0
chr2	23000000	chr7	103000000	1	10	1	11	0.998825014	NA	11	0	0	11	0	0	3	1	4.76695493	11	0
chr2	49000000	chr7	118000000	6	11	6	11	0.940466464	NA	11	6	6	11	6	6	1	1	6.33774564	11	0
chr2	49000000	chr7	140000000	5	11	5	11	0.999421	NA	11	5	5	11	5	5	1	1	5.8464058	11	0
chr2	50000000	chr7	139000000	6	11	6	11	0.955851614	NA	11	6	6	11	6	6	1	1	5.26411797	11	0
chr2	50000000	chr7	135000000	4	11	4	11	0.999971747	NA	11	4	4	11	4	4	1	1	5.68933146	11	0
chr2	50000000	chr7	140000000	11	11	11	11	0.999996066	NA	11	11	11	11	11	11	1	1	5.39816643	11	0
chr2	50000000	chr7	118000000	1	11	1	11	0.946627975	NA	11	1	1	11	1	1	1	1	5.8120609	11	0
chr2	51000000	chr7	140000000	8	11	8	11	0.999994755	NA	11	8	8	11	8	8	1	1	5.44385011	11	0
chr2	51000000	chr7	135000000	19	11	19	11	1	NA	11	19	19	11	19	19	1	1	5.65232633	11	0
chr2	51000000	chr7	134000000	7	11	7	11	0.999998689	NA	11	7	7	11	7	7	1	1	5.69620506	11	0
chr2	51000000	chr7	133000000	3	11	3	11	0.99930346	NA	11	3	3	11	3	3	1	1	5.7066399	11	0
chr2	51000000	chr7	139000000	4	11	4	11	0.999959111	NA	11	4	4	11	4	4	1	1	5.34608229	11	0
chr2	51000000	chr7	136000000	3	11	2	11	0.995293558	NA	11	2	2	11	2	2	1	1	5.68908569	11	0
chr2	51000000	chr7	124000000	2	11	2	11	0.981641412	NA	11	2	2	11	2	2	1	1	5.62929433	11	0
chr2	51000000	chr7	128000000	2	11	2	11	0.997785807	NA	11	2	2	11	2	2	1	1	5.61038243	11	0
chr2	51000000	chr7	129000000	3	11	3	11	0.999976873	NA	11	3	3	11	3	3	1	1	5.56332481	11	0
chr2	51000000	chr7	119000000	2	10	1	11	0.872895002	NA	11	1	1	11	1	1	3	1	5.35075528	11	0
chr2	51000000	chr7	130000000	3	11	3	11	0.999782503	NA	11	3	3	11	3	3	1	1	5.49579658	11	0
chr2	52000000	chr7	130000000	9	11	8	11	0.999138474	NA	11	8	8	11	8	8	1	1	4.40069287	11	0
chr2	52000000	chr7	132000000	3	11	3	11	0.998808146	NA	11	3	3	11	3	3	1	1	4.47745519	11	0
chr2	52000000	chr7	135000000	1	11	1	11	0.99998188	NA	11	1	1	11	1	1	1	1	4.55459164	11	0
chr2	52000000	chr7	125000000	1	10	1	11	0.9674595	NA	11	0	0	11	0	0	3	1	4.60681025	11	0
chr2	4000000	chr8	11000000	5	00	5	00	0.754340708	NA	00	5	5	00	5	5	1	1	1.58753813	00	0
chr2	5000000	chr8	11000000	3	00	3	00	0.605854154	NA	00	3	3	00	3	3	1	1	0.713113622	00	0
chr2	60000000	chr8	45000000	2	11	2	11	0.74095273	NA	11	2	2	11	2	2	1	1	0.842123019	11	0
chr2	60000000	chr8	106000000	2	11	2	10	0.396161169	NA	10	0	0	10	0	0	2	1	1.02500586	10	0
chr2	60000000	chr8	43000000	1	11	1	11	0.971764207	NA	11	1	1	11	1	1	1	1	2.49591702	11	0
chr2	61000000	chr8	44000000	2	11	2	11	0.980821013	NA	11	2	2	11	2	2	1	1	2.52574451	11	0
chr2	61000000	chr8	45000000	1	11	1	11	0.784099102	NA	11	1	1	11	1	1	1	1	1.06656494	11	0
chr2	62000000	chr8	43000000	11	11	11	11	0.99996376	NA	11	11	11	11	11	11	1	1	3.03120037	11	0
chr2	62000000	chr8	44000000	10	11	10	11	0.99806267	NA	11	10	10	11	10	10	1	1	2.66580772	11	0
chr2	63000000	chr8	44000000	11	11	11	11	0.998464108	NA	11	11	11	11	11	11	1	1	2.46502481	11	0
chr2	63000000	chr8	43000000	11	11	11	11	0.999594629	NA	11	11	11	11	11	11	1	1	3.00412016	11	0
chr2	63000000	chr8	37000000	1	11	1	11	0.954103947	NA	11	1	1	11	1	1	1	1	2.48575513	11	0
chr2	63000000	chr8	36000000	6	11	6	11	0.995251298	NA	11	6	6	11	6	6	1	1	2.67583613	11	0
chr2	64000000	chr8	43000000	1	11	1	11	0.994167447	NA	11	1	1	11	1	1	1	1	2.87897552	11	0
chr2	64000000	chr8	38000000	1	11	1	11	0.947404861	NA	11	1	1	11	1	1	1	1	2.34848767	11	0
chr2	64000000	chr8	36000000	3	11	3	11	0.995993972	NA	11	3	3	11	3	3	1	1	2.4478844	11	0
chr2	64000000	chr8	37000000	1	11	1	11	0.967736483	NA	11	1	1	11	1	1	1	1	2.18447146	11	0
chr2	65000000	chr8	36000000	12	11	9	11	0.999936461	NA	11	9	9	11	9	10	1	1	2.57762937	11	0
chr2	65000000	chr8	35000000	2	11	2	11	0.953656673	NA	11	2	2	11	2	2	1	1	1.84376451	11	0
chr2	66000000	chr8	36000000	4	11	4	11	0.986724317	NA	11	4	4	11	4	4	1	1	2.24353946	11	0
chr2	66000000	chr8	38000000	4	11	4	11	0.966186821	NA	11	4	4	11	4	4	1	1	2.12076686	11	0
chr2	66000000	chr8	39000000	2	11	2	11	0.486654907	NA	11	2	2	11	2	2	1	1	0.336211537	11	0
chr2	66000000	chr8	35000000	3	11	2	11	0.871929765	NA	11	2	2	11	2	2	1	1	1.53756038	11	0
chr2	105000000	chr8	36000000	12	11	12	11	0.988048077	NA	11	12	12	11	12	12	1	1	2.3011937	11	0
chr2	105000000	chr8	38000000	3	11	3	11	0.884127796	NA	11	3	3	11	3	3	1	1	2.49021841	11	0
chr2	105000000	chr8	3000000	4	11	4	11	0.487686336	NA	11	4	4	11	4	4	1	1	0.444218514	11	0
chr2	105000000	chr8	35000000	12	11	11	11	0.963732839	NA	11	11	11	11	11	11	1	1	1.79444229	11	0
chr2	105000000	chr8	37000000	1	11	1	11	0.804035366	NA	11	1	1	11	1	1	1	1	2.23352683	11	0
chr2	106000000	chr8	36000000	4	11	4	11	0.966448963	NA	11	4	4	11	4	4	1	1	2.25306232	11	0
chr2	119000000	chr8	22000000	1	11	1	11	0.79768461	NA	11	1	1	11	1	1	1	1	2.792511	11	0
chr2	120000000	chr8	22000000	6	11	6	11	0.985443354	NA	11	6	6	11	6	6	1	1	2.85323991	11	0
chr2	120000000	chr8	86000000	2	11	2	11	0.601260483	NA	11	2	2	11	2	2	1	1	1.4459611	11	0
chr2	127000000	chr8	37000000	9	11	9	11	0.991440058	NA	11	9	9	11	9	9	1	1	2.51135857	11	0
chr2	127000000	chr8	36000000	2	11	2	11	0.912037015	NA	11	2	2	11	2	2	1	1	2.11969061	11	0
chr2	127000000	chr8	38000000	13	11	13	11	0.99434185	NA	11	13	13	11	13	13	1	1	2.8691048	11	0
chr2	127000000	chr8	35000000	2	11	2	11	0.571817935	NA	11	2	2	11	2	2	1	1	1.97150263	11	0
chr2	128000000	chr8	37000000	3	11	3	11	0.965821505	NA	11	3	3	11	3	3	1	1	2.61461678	11	0
chr2	128000000	chr8	38000000	2	11	2	11	0.979266584	NA	11	2	2	11	2	2	1	1	2.96887799	11	0
chr2	128000000	chr8	18000000	1	11	1	11	0.776161134	NA	11	1	1	11	1	1	1	1	2.14629041	11	0
chr2	128000000	chr8	22000000	3	11	3	11	0.995763421	NA	11	3	3	11	3	3	1	1	2.94669412	11	0
chr2	128000000	chr8	23000000	6	11	6	11	0.986703992	NA	11	6	6	11	6	6	1	1	2.51907443	11	0
chr2	129000000	chr8	87000000	2	11	2	11	0.624103069	NA	11	2	2	11	2	2	1	1	1.51792842	11	0
chr2	129000000	chr8	22000000	3	11	3	11	0.991722405	NA	11	3	3	11	3	3	1	1	3.39309322	11	0
chr2	129000000	chr8	86000000	3	11	3	11	0.871215045	NA	11	3	3	11	3	3	1	1	2.04488381	11	0
chr2	129000000	chr8	57000000	1	11	1	11	0.71230942	NA	11	1	1	11	1	1	1	1	3.4145975	11	0
chr2	130000000	chr8	87000000	1	11	1	10	0.453023553	NA	10	0	0	10	0	0	2	1	0.257117349	10	0
chr2	130000000	chr8	22000000	3	11	3	11	0.906586528	NA	11	3	3	11	3	3	1	1	1.86508513	11	0
chr2	141000000	chr8	38000000	3	11	3	11	0.770104468	NA	11	3	3	11	3	3	1	1	2.21935023	11	0
chr2	142000000	chr8	38000000	2	11	2	11	0.936453879	NA	11	2	2	11	2	2	1	1	2.68189885	11	0
chr2	142000000	chr8	53000000	1	11	1	11	0.513515651	NA	11	1	1	11	1	1	1	1	1.21571284	11	0
chr2	142000000	chr8	52000000	1	11	1	11	0.798567474	NA	11	1	1	11	1	1	1	1	1.69189214	11	0
chr2	142000000	chr8	54000000	3	11	3	11	0.627219021	NA	11	3	3	11	3	3	1	1	0.980281974	11	0
chr2	142000000	chr8	37000000	3	11	3	11	0.968058825	NA	11	3	3	11	3	3	1	1	2.31401053	11	0
chr2	143000000	chr8	37000000	2	11	2	11	0.881522179	NA	11	2	2	11	2	2	1	1	2.51774273	11	0
chr2	143000000	chr8	56000000	4	11	4	11	0.832665265	NA	11	4	4	11	4	4	1	1	1.80340488	11	0
chr2	150000000	chr8	38000000	2	11	2	11	0.954087913	NA	11	2	2	11	2	2	1	1	2.39338197	11	0
chr2	150000000	chr8	36000000	1	11	1	11	0.811682165	NA	11	1	1	11	1	1	1	1	1.76433576	11	0
chr2	150000000	chr8	3000000	1	11	1	11	0.470126271	NA	11	1	1	11	1	1	1	1	0.847020849	11	0
chr2	150000000	chr8	35000000	1	11	1	11	0.790245652	NA	11	1	1	11	1	1	1	1	1.7400747	11	0
chr2	150000000	chr8	23000000	8	11	8	11	0.766743183	NA	11	8	8	11	8	8	1	1	1.6079829	11	0
chr2	150000000	chr8	22000000	1	11	1	11	0.709430397	NA	11	1	1	11	1	1	1	1	1.77244453	11	0
chr2	150000000	chr8	86000000	2	11	2	11	0.906508565	NA	11	2	2	11	2	2	1	1	1.99061614	11	0
chr2	150000000	chr8	26000000	1	11	1	11	0.538091063	NA	11	1	1	11	1	1	1	1	1.23747103	11	0
chr2	151000000	chr8	22000000	1	11	1	11	0.650388062	NA	11	1	1	11	1	1	1	1	2.20735843	11	0
chr2	151000000	chr8	85000000	14	11	14	11	0.999961376	NA	11	14	14	11	14	14	1	1	4.16610102	11	0
chr2	151000000	chr8	86000000	16	11	14	11	0.994777799	NA	11	14	14	11	14	14	1	1	2.42981286	11	0
chr2	151000000	chr8	26000000	1	11	1	11	0.757337511	NA	11	1	1	11	1	1	1	1	1.44250583	11	0
chr2	151000000	chr8	23000000	1	11	1	11	0.667304993	NA	11	1	1	11	1	1	1	1	1.87640113	11	0
chr2	151000000	chr8	84000000	2	11	2	11	0.96752578	NA	11	2	2	11	2	2	1	1	3.71364306	11	0
chr2	152000000	chr8	84000000	1	11	1	11	0.920743048	NA	11	1	1	11	1	1	1	1	3.55843321	11	0
chr2	152000000	chr8	85000000	1	11	1	11	0.997786045	NA	11	1	1	11	1	1	1	1	4.02467539	11	0
chr2	152000000	chr8	86000000	1	11	1	11	0.966575921	NA	11	1	1	11	1	1	1	1	2.0663525	11	0
chr2	152000000	chr8	36000000	3	11	3	11	0.98061794	NA	11	3	3	11	3	3	1	1	1.97391549	11	0
chr2	152000000	chr8	35000000	1	11	1	11	0.846385479	NA	11	1	1	11	1	1	1	1	1.9550885	11	0
chr2	152000000	chr8	46000000	1	11	1	11	0.584255278	NA	11	1	1	11	1	1	1	1	0.570001683	11	0
chr2	153000000	chr8	85000000	2	11	2	11	0.830230534	NA	11	2	2	11	2	2	1	1	4.05218455	11	0
chr2	153000000	chr8	86000000	6	11	6	11	0.987952769	NA	11	6	6	11	6	6	1	1	2.60653469	11	0
chr2	153000000	chr8	25000000	4	11	4	11	0.531553924	NA	11	4	4	11	4	4	1	1	1.59703788	11	0
chr2	153000000	chr8	23000000	1	11	1	11	0.80223012	NA	11	1	1	11	1	1	1	1	2.49461329	11	0
chr2	161000000	chr8	23000000	4	11	4	11	0.913732171	NA	11	4	4	11	4	4	1	1	1.98637425	11	0
chr2	161000000	chr8	22000000	3	11	3	11	0.787360966	NA	11	3	3	11	3	3	1	1	2.55777104	11	0
chr2	161000000	chr8	86000000	5	11	5	11	0.978928566	NA	11	5	5	11	5	5	1	1	2.47488691	11	0
chr2	162000000	chr8	23000000	2	11	2	11	0.953149855	NA	11	2	2	11	2	2	1	1	2.10114475	11	0
chr2	162000000	chr8	86000000	7	11	7	11	0.978175402	NA	11	7	7	11	7	7	1	1	2.34868171	11	0
chr2	162000000	chr8	22000000	1	11	1	11	0.793807745	NA	11	1	1	11	1	1	1	1	2.66138748	11	0
chr2	169000000	chr8	22000000	1	11	1	11	0.926870465	NA	11	1	1	11	1	1	1	1	4.07303623	11	0
chr2	169000000	chr8	73000000	2	01	1	11	0.50615567	NA	11	1	1	11	1	1	3	1	3.02126414	11	0
chr2	169000000	chr8	11000000	28	11	27	11	0.999938369	NA	11	27	27	11	27	27	1	1	3.69256666	11	0
chr2	169000000	chr8	10000000	4	11	4	11	0.999663353	NA	11	4	4	11	4	4	1	1	4.64207257	11	0
chr2	169000000	chr8	12000000	8	11	8	11	0.999593794	NA	11	8	8	11	8	8	1	1	3.67794742	11	0
chr2	169000000	chr8	61000000	6	11	6	11	0.959260702	NA	11	6	6	11	6	6	1	1	2.59449627	11	0
chr2	169000000	chr8	57000000	2	11	2	11	0.997749746	NA	11	2	2	11	2	2	1	1	4.1471081	11	0
chr2	170000000	chr8	87000000	5	11	5	11	0.912951946	NA	11	5	5	11	5	5	1	1	2.44075496	11	0
chr2	170000000	chr8	11000000	3	11	3	11	0.970912576	NA	11	3	3	11	3	3	1	1	3.68095617	11	0
chr2	170000000	chr8	22000000	9	11	9	11	0.999865055	NA	11	9	9	11	9	9	1	1	4.0948493	11	0
chr2	170000000	chr8	51000000	4	11	4	11	0.998013258	NA	11	4	4	11	4	4	1	1	3.6019514	11	0
chr2	170000000	chr8	57000000	11	11	11	11	0.999982834	NA	11	11	11	11	11	11	1	1	4.07975812	11	0
chr2	170000000	chr8	56000000	15	11	15	11	0.997825503	NA	11	15	15	11	15	15	1	1	3.5911239	11	0
chr2	170000000	chr8	52000000	7	11	7	11	0.99807322	NA	11	7	7	11	7	7	1	1	3.74000614	11	0
chr2	170000000	chr8	50000000	1	11	1	11	0.751617908	NA	11	1	1	11	1	1	1	1	2.31826439	11	0
chr2	171000000	chr8	51000000	6	11	6	11	0.996368051	NA	11	6	6	11	6	6	1	1	3.19333051	11	0
chr2	171000000	chr8	57000000	1	11	1	11	0.999215126	NA	11	1	1	11	1	1	1	1	3.67160021	11	0
chr2	171000000	chr8	53000000	4	11	4	11	0.988320887	NA	11	4	4	11	4	4	1	1	2.99157202	11	0
chr2	171000000	chr8	52000000	9	11	9	11	0.999894023	NA	11	9	9	11	9	9	1	1	3.46438852	11	0
chr2	171000000	chr8	56000000	2	11	2	11	0.998235345	NA	11	2	2	11	2	2	1	1	2.94430866	11	0
chr2	172000000	chr8	52000000	4	11	4	11	0.997820973	NA	11	4	4	11	4	4	1	1	3.10701318	11	0
chr2	172000000	chr8	53000000	1	11	1	11	0.953639388	NA	11	1	1	11	1	1	1	1	2.58408835	11	0
chr2	172000000	chr8	51000000	1	11	1	11	0.864864528	NA	11	1	1	11	1	1	1	1	2.83334268	11	0
chr2	181000000	chr8	52000000	7	11	7	11	0.998464465	NA	11	7	7	11	7	7	1	1	3.48808257	11	0
chr2	181000000	chr8	51000000	3	11	3	11	0.998194277	NA	11	3	3	11	3	3	1	1	3.44011488	11	0
chr2	181000000	chr8	50000000	3	11	3	11	0.826909781	NA	11	3	3	11	3	3	1	1	1.91106993	11	0
chr2	9000000	chr9	7000000	5	01	5	01	0.999314308	NA	01	5	0	01	5	5	1	1	6.53657316	01	1
chr2	9000000	chr9	30000000	2	01	2	01	0.997835219	NA	01	2	0	01	2	2	1	1	5.94613572	01	1
chr2	9000000	chr9	9000000	3	01	3	01	0.994206548	NA	01	3	0	01	3	3	1	1	5.66103346	01	1
chr2	9000000	chr9	31000000	11	01	11	01	0.999967694	NA	01	11	0	01	11	11	1	1	5.69323621	01	1
chr2	10000000	chr9	28000000	3	01	3	01	0.999652505	NA	01	3	0	01	3	3	1	1	6.09105881	01	1
chr2	10000000	chr9	9000000	1	01	1	01	0.993492782	NA	01	1	0	01	1	1	1	1	6.08068994	01	1
chr2	10000000	chr9	29000000	2	01	2	01	0.998041511	NA	01	2	0	01	2	2	1	1	6.11767697	01	1
chr2	11000000	chr9	28000000	18	01	18	01	1	NA	01	18	0	01	18	18	1	1	6.3195512	01	1
chr2	11000000	chr9	39000000	2	01	2	01	0.940446436	NA	01	2	0	01	2	2	1	1	4.92503915	01	1
chr2	11000000	chr9	29000000	12	01	11	01	1	NA	01	11	1	01	11	11	1	1	6.29881828	01	1
chr2	11000000	chr9	59000000	2	01	2	01	0.991392493	NA	01	2	0	01	2	2	1	1	5.49320242	01	1
chr2	11000000	chr9	38000000	1	01	1	01	0.999762952	NA	01	1	0	01	1	1	1	1	5.63808093	01	1
chr2	14000000	chr9	4000000	5	00	5	01	0.998068154	NA	01	0	5	01	0	0	4	1	5.6474357	01	1
chr2	14000000	chr9	7000000	2	00	2	01	0.981334031	NA	01	0	2	01	0	0	4	1	5.85745346	01	1
chr2	14000000	chr9	5000000	2	00	2	01	0.978924334	NA	01	0	2	01	0	0	4	1	5.56868833	01	1
chr2	15000000	chr9	4000000	3	00	2	01	0.992716491	NA	01	1	2	01	1	1	3	1	5.49513268	01	1
chr2	15000000	chr9	5000000	1	01	1	01	0.889205098	NA	01	1	0	01	1	1	1	1	5.27494806	01	1
chr2	17000000	chr9	59000000	1	01	1	01	0.971390843	NA	01	1	0	01	1	1	1	1	5.7857244	01	1
chr2	18000000	chr9	59000000	2	01	2	01	0.963495612	NA	01	2	0	01	2	2	1	1	6.51971551	01	1
chr2	18000000	chr9	34000000	5	01	5	01	0.999999881	NA	01	5	0	01	5	5	1	1	6.89138156	01	1
chr2	18000000	chr9	29000000	7	01	7	01	1	NA	01	7	0	01	7	7	1	1	6.77405262	01	1
chr2	18000000	chr9	33000000	3	01	3	01	0.999850869	NA	01	3	0	01	3	3	1	1	6.84393205	01	1
chr2	18000000	chr9	39000000	1	01	1	01	0.998067796	NA	01	1	0	01	1	1	1	1	6.33543032	01	1
chr2	18000000	chr9	37000000	4	01	4	01	1	NA	01	4	0	01	4	4	1	1	6.73403558	01	1
chr2	18000000	chr9	38000000	1	01	1	01	0.999962449	NA	01	1	0	01	1	1	1	1	6.70582442	01	1
chr2	18000000	chr9	28000000	10	01	10	01	1	NA	01	10	0	01	10	10	1	1	6.96803384	01	1
chr2	18000000	chr9	9000000	1	01	1	01	0.999673605	NA	01	1	0	01	1	1	1	1	6.9997882	01	1
chr2	19000000	chr9	37000000	2	01	2	01	0.999532461	NA	01	2	0	01	2	2	1	1	6.3268138	01	1
chr2	19000000	chr9	28000000	1	01	1	01	0.976558924	NA	01	1	0	01	1	1	1	1	6.32597004	01	1
chr2	19000000	chr9	94000000	3	01	3	01	0.994357526	NA	01	3	0	01	3	3	1	1	5.42443563	01	1
chr2	19000000	chr9	65000000	3	01	3	01	0.937041461	NA	01	3	0	01	3	3	1	1	6.15784782	01	1
chr2	19000000	chr9	61000000	1	01	1	01	0.996123493	NA	01	1	0	01	1	1	1	1	5.98249375	01	1
chr2	19000000	chr9	90000000	3	01	3	01	0.972781956	NA	01	3	0	01	3	3	1	1	5.47500935	01	1
chr2	20000000	chr9	90000000	2	01	2	01	0.918570518	NA	01	2	0	01	2	2	1	1	5.78967826	01	1
chr2	20000000	chr9	10000000	2	01	2	01	0.99956423	NA	01	2	0	01	2	2	1	1	6.64661936	01	1
chr2	20000000	chr9	94000000	3	01	3	01	0.999712408	NA	01	3	0	01	3	3	1	1	5.86852897	01	1
chr2	20000000	chr9	56000000	1	01	1	01	0.983828783	NA	01	1	0	01	1	1	1	1	5.77721292	01	1
chr2	20000000	chr9	37000000	1	01	1	01	0.999495387	NA	01	1	0	01	1	1	1	1	6.52450969	01	1
chr2	20000000	chr9	61000000	1	01	1	01	0.99457705	NA	01	1	0	01	1	1	1	1	6.22902639	01	1
chr2	20000000	chr9	95000000	4	01	4	01	0.999613702	NA	01	4	0	01	4	4	1	1	5.83218276	01	1
chr2	20000000	chr9	65000000	3	01	3	01	0.999308228	NA	01	3	0	01	3	3	1	1	6.59636098	01	1
chr2	21000000	chr9	94000000	25	01	25	01	0.999999046	NA	01	25	0	01	25	25	1	1	5.47302823	01	1
chr2	21000000	chr9	90000000	4	01	4	01	0.994811773	NA	01	4	0	01	4	4	1	1	4.7164068	01	1
chr2	21000000	chr9	95000000	9	01	9	01	0.999930143	NA	01	9	0	01	9	9	1	1	5.35519563	01	1
chr2	21000000	chr9	91000000	2	00	1	01	0.89658761	NA	01	1	1	01	1	1	2	1	4.36455465	01	1
chr2	21000000	chr9	93000000	2	01	2	01	0.997120023	NA	01	2	0	01	2	2	1	1	5.23420806	01	1
chr2	22000000	chr9	92000000	4	01	4	01	0.998986781	NA	01	4	0	01	4	4	1	1	6.06698134	01	1
chr2	22000000	chr9	94000000	12	01	12	01	0.999999881	NA	01	12	0	01	12	12	1	1	6.20158243	01	1
chr2	22000000	chr9	90000000	10	01	10	01	0.999921441	NA	01	10	0	01	10	10	1	1	5.56816419	01	1
chr2	22000000	chr9	95000000	3	01	3	01	0.999080658	NA	01	3	0	01	3	3	1	1	6.11445171	01	1
chr2	22000000	chr9	93000000	1	01	1	01	0.996925175	NA	01	1	0	01	1	1	1	1	5.67903143	01	1
chr2	22000000	chr9	10000000	3	01	3	01	0.996720254	NA	01	3	0	01	3	3	1	1	6.27858254	01	1
chr2	23000000	chr9	61000000	1	01	1	01	0.955499887	NA	01	1	0	01	1	1	1	1	5.14848474	01	1
chr2	27000000	chr9	4000000	4	00	4	01	0.986242175	NA	01	0	4	01	0	0	3	1	5.5889721	01	1
chr2	28000000	chr9	5000000	1	00	1	01	0.934627056	NA	01	0	1	01	0	0	3	1	5.56653597	01	1
chr2	28000000	chr9	4000000	5	00	5	01	0.998903751	NA	01	0	5	01	0	0	3	1	5.78124935	01	1
chr2	30000000	chr9	58000000	6	01	6	01	0.994061291	NA	01	6	0	01	6	6	1	1	5.06339584	01	1
chr2	30000000	chr9	59000000	1	01	1	01	0.923616052	NA	01	1	0	01	1	1	1	1	5.26509244	01	1
chr2	31000000	chr9	58000000	1	01	1	01	0.999989629	NA	01	1	0	01	1	1	1	1	5.4105598	01	1
chr2	33000000	chr9	58000000	6	01	6	01	0.999876261	NA	01	6	0	01	6	6	1	1	4.73262645	01	1
chr2	33000000	chr9	59000000	1	01	1	01	0.999925494	NA	01	1	0	01	1	1	1	1	4.8830042	01	1
chr2	34000000	chr9	60000000	2	01	2	01	0.999561965	NA	01	2	0	01	2	2	1	1	4.89545189	01	1
chr2	34000000	chr9	58000000	3	01	3	01	0.99848491	NA	01	3	0	01	3	3	1	1	4.82986768	01	1
chr2	34000000	chr9	59000000	5	01	5	01	0.99940443	NA	01	5	0	01	5	5	1	1	4.99902743	01	1
chr2	38000000	chr9	60000000	1	01	1	01	0.998398721	NA	01	1	0	01	1	1	1	1	5.0572145	01	1
chr2	38000000	chr9	9000000	3	01	3	01	0.99967432	NA	01	3	0	01	3	3	1	1	5.49191298	01	1
chr2	44000000	chr9	8000000	4	00	4	01	0.999996543	NA	01	0	4	01	0	0	3	1	6.08149945	01	1
chr2	44000000	chr9	4000000	1	00	1	01	0.999994278	NA	01	0	1	01	0	0	3	1	5.60762171	01	1
chr2	44000000	chr9	9000000	5	00	5	01	0.999991417	NA	01	0	5	01	0	0	3	1	6.14455241	01	1
chr2	45000000	chr9	9000000	2	00	2	01	0.999990225	NA	01	0	2	01	0	0	3	1	6.21164843	01	1
chr2	59000000	chr9	21000000	2	00	2	11	0.25	NA	00	2	2	01	0	2	2	3	4.79886304	01	1
chr2	64000000	chr9	94000000	3	01	3	01	0.633475125	NA	01	3	0	01	3	3	1	1	5.05615479	01	1
chr2	64000000	chr9	93000000	7	01	7	01	0.938344538	NA	01	7	0	01	7	7	1	1	4.92869362	01	1
chr2	67000000	chr9	65000000	1	01	1	01	0.614647627	NA	01	1	0	01	1	1	1	1	4.59857616	01	1
chr2	67000000	chr9	60000000	1	01	1	01	0.493252188	NA	01	1	0	01	1	1	1	1	4.51156718	01	1
chr2	74000000	chr9	60000000	1	01	1	01	0.568192244	NA	01	1	0	01	1	1	1	1	4.10881082	01	1
chr2	94000000	chr9	9000000	2	00	2	01	0.989817917	NA	01	0	2	01	0	0	4	1	4.86317579	01	1
chr2	95000000	chr9	9000000	2	00	2	01	0.942927361	NA	01	0	2	01	0	0	4	1	4.45196351	01	1
chr2	96000000	chr9	9000000	2	00	2	01	0.89939177	NA	01	0	2	01	0	0	3	1	4.4226104	01	1
chr2	96000000	chr9	69000000	1	10	1	01	0.883406281	NA	01	0	0	01	0	1	3	1	5.33993949	01	1
chr2	96000000	chr9	10000000	4	00	4	01	0.999670744	NA	01	0	4	01	0	0	3	1	5.16423883	01	1
chr2	96000000	chr9	68000000	2	00	2	01	0.953302383	NA	01	0	2	01	0	0	4	1	5.31278941	01	1
chr2	96000000	chr9	28000000	3	00	3	01	0.979073524	NA	01	0	3	01	0	0	4	1	4.375309	01	1
chr2	96000000	chr9	27000000	1	00	1	01	0.985577285	NA	01	0	1	01	0	0	4	1	4.91512478	01	1
chr2	97000000	chr9	69000000	3	00	3	01	0.994031489	NA	01	0	3	01	0	0	4	1	5.5840548	01	1
chr2	97000000	chr9	28000000	1	00	1	01	0.996841788	NA	01	0	1	01	0	0	4	1	4.6681867	01	1
chr2	97000000	chr9	68000000	1	00	1	01	0.998328149	NA	01	0	1	01	0	0	4	1	5.51192489	01	1
chr2	97000000	chr9	27000000	1	00	1	01	0.973035514	NA	01	0	1	01	0	0	4	1	5.08222296	01	1
chr2	98000000	chr9	10000000	2	00	2	01	0.997217894	NA	01	0	2	01	0	0	3	1	4.46797602	01	1
chr2	100000000	chr9	69000000	3	00	3	01	0.999610841	NA	01	0	3	01	0	0	4	1	5.73391234	01	1
chr2	100000000	chr9	68000000	2	00	2	01	0.999778807	NA	01	0	2	01	0	0	4	1	5.6156102	01	1
chr2	101000000	chr9	69000000	8	00	8	01	0.998654008	NA	01	0	8	01	0	0	4	1	5.5031657	01	1
chr2	101000000	chr9	68000000	6	00	6	01	0.999841571	NA	01	0	6	01	0	0	4	1	5.36986032	01	1
chr2	102000000	chr9	64000000	2	00	2	01	0.859999299	NA	01	0	2	01	0	0	4	1	3.84818123	01	1
chr2	103000000	chr9	66000000	2	01	2	01	0.918653667	NA	01	2	0	01	2	2	1	1	3.71523594	01	1
chr2	103000000	chr9	64000000	6	00	6	01	0.996063292	NA	01	0	6	01	0	0	4	1	3.89128357	01	1
chr2	103000000	chr9	65000000	10	00	10	01	0.998645842	NA	01	0	10	01	0	0	4	1	3.99476979	01	1
chr2	103000000	chr9	21000000	6	00	6	01	0.995194018	NA	01	0	6	01	0	0	3	1	3.40927804	01	1
chr2	104000000	chr9	22000000	14	00	14	01	0.999856591	NA	01	0	14	01	0	0	3	1	4.96769458	01	1
chr2	104000000	chr9	65000000	4	00	4	01	0.98185879	NA	01	0	4	01	0	0	4	1	5.06589327	01	1
chr2	104000000	chr9	21000000	5	00	5	01	0.997577012	NA	01	0	5	01	0	0	3	1	4.34237472	01	1
chr2	104000000	chr9	8000000	3	00	3	01	0.977346599	NA	01	0	3	01	0	0	3	1	4.92104199	01	1
chr2	113000000	chr9	9000000	6	00	6	01	0.999857545	NA	01	0	6	01	0	0	3	1	4.93307254	01	1
chr2	114000000	chr9	9000000	3	00	3	01	0.99953413	NA	01	0	3	01	0	0	3	1	3.97964868	01	1
chr2	114000000	chr9	10000000	1	00	1	01	0.985108197	NA	01	0	1	01	0	0	3	1	4.43078202	01	1
chr2	115000000	chr9	10000000	3	00	2	01	0.974819899	NA	01	1	2	01	1	1	3	1	4.83572416	01	1
chr2	116000000	chr9	10000000	2	00	2	01	0.999370277	NA	01	0	2	01	0	0	3	1	5.17766599	01	1
chr2	118000000	chr9	9000000	4	00	4	01	0.996960163	NA	01	0	4	01	0	0	3	1	4.40989947	01	1
chr2	118000000	chr9	65000000	4	00	4	01	0.717192829	NA	01	0	4	01	0	0	4	1	4.0804976	01	1
chr2	122000000	chr9	65000000	2	00	2	01	0.885042965	NA	01	0	2	01	0	0	4	1	3.80079226	01	1
chr2	123000000	chr9	64000000	2	00	2	01	0.935947597	NA	01	0	2	01	0	0	4	1	3.85247348	01	1
chr2	123000000	chr9	65000000	1	00	1	01	0.970656574	NA	01	0	1	01	0	0	3	1	3.40901815	01	1
chr2	132000000	chr9	65000000	2	00	2	01	0.952362716	NA	01	0	2	01	0	0	4	1	3.92850628	01	1
chr2	140000000	chr9	68000000	1	00	1	01	0.996550798	NA	01	0	1	01	0	0	3	1	5.48270108	01	1
chr2	140000000	chr9	77000000	2	00	2	01	0.934194803	NA	01	0	2	01	0	0	3	1	4.24902549	01	1
chr2	141000000	chr9	69000000	4	00	4	01	0.99999845	NA	01	0	4	01	0	0	3	1	5.92621825	01	1
chr2	141000000	chr9	68000000	10	00	10	01	0.999999523	NA	01	0	10	01	0	0	3	1	5.86042691	01	1
chr2	141000000	chr9	77000000	1	00	1	01	0.998606741	NA	01	0	1	01	0	0	3	1	4.5204706	01	1
chr2	145000000	chr9	69000000	1	00	1	01	0.999558151	NA	01	0	1	01	0	0	3	1	5.26336201	01	1
chr2	149000000	chr9	73000000	5	00	4	01	0.993176699	NA	01	0	4	01	0	0	3	1	5.3611927	01	1
chr2	149000000	chr9	68000000	17	00	17	01	1	NA	01	0	17	01	0	0	3	1	5.79211969	01	1
chr2	149000000	chr9	69000000	7	00	7	01	0.997152328	NA	01	0	7	01	0	0	3	1	5.69082907	01	1
chr2	149000000	chr9	77000000	10	00	10	01	0.999996185	NA	01	0	10	01	0	0	3	1	5.15552556	01	1
chr2	149000000	chr9	83000000	5	00	4	01	0.992666185	NA	01	0	4	01	0	1	3	1	5.88853277	01	1
chr2	149000000	chr9	76000000	1	00	1	01	0.99753499	NA	01	0	1	01	0	0	3	1	5.1493928	01	1
chr2	149000000	chr9	123000000	5	00	5	01	0.999009848	NA	01	0	5	01	0	0	3	1	4.74007733	01	1
chr2	149000000	chr9	34000000	6	00	6	01	0.959810138	NA	01	0	6	01	0	0	3	1	4.74743256	01	1
chr2	149000000	chr9	67000000	1	00	1	01	0.993340671	NA	01	0	1	01	0	0	3	1	4.65368379	01	1
chr2	150000000	chr9	83000000	2	00	2	01	0.955458045	NA	01	0	2	01	0	0	2	1	5.19898883	01	1
chr2	150000000	chr9	73000000	3	00	3	01	0.999759257	NA	01	0	3	01	0	0	3	1	5.14791103	01	1
chr2	150000000	chr9	123000000	3	00	3	01	0.998769343	NA	01	0	3	01	0	0	3	1	5.02089478	01	1
chr2	150000000	chr9	77000000	2	00	2	01	0.999820173	NA	01	0	2	01	0	0	3	1	5.19123523	01	1
chr2	150000000	chr9	122000000	1	00	1	01	0.945339918	NA	01	0	1	01	0	0	3	1	5.00152771	01	1
chr2	150000000	chr9	95000000	1	00	1	01	0.794163287	NA	01	0	1	01	0	0	3	1	4.85938095	01	1
chr2	150000000	chr9	67000000	1	00	1	01	0.950896144	NA	01	0	1	01	0	0	3	1	4.55536583	01	1
chr2	152000000	chr9	69000000	4	00	4	01	0.999919415	NA	01	0	4	01	0	0	3	1	5.87091558	01	1
chr2	152000000	chr9	68000000	1	00	1	01	0.998358548	NA	01	0	1	01	0	0	3	1	5.84880884	01	1
chr2	152000000	chr9	70000000	2	00	2	01	0.992584407	NA	01	0	2	01	0	0	3	1	4.78994859	01	1
chr2	153000000	chr9	72000000	1	00	1	01	0.996388555	NA	01	0	1	01	0	0	3	1	5.21864588	01	1
chr2	153000000	chr9	96000000	1	00	1	01	0.984008789	NA	01	0	1	01	0	0	3	1	5.28076755	01	1
chr2	153000000	chr9	70000000	6	00	6	01	0.999716341	NA	01	0	6	01	0	0	3	1	5.08585339	01	1
chr2	153000000	chr9	77000000	1	00	1	01	0.998789966	NA	01	0	1	01	0	0	3	1	5.33061415	01	1
chr2	155000000	chr9	107000000	1	00	1	01	0.886765957	NA	01	0	1	01	0	0	4	1	4.11855865	01	1
chr2	156000000	chr9	64000000	14	00	14	01	0.99999404	NA	01	0	14	01	0	0	4	1	4.38945068	01	1
chr2	156000000	chr9	65000000	3	00	3	01	0.998564541	NA	01	0	3	01	0	0	3	1	4.01152918	01	1
chr2	156000000	chr9	107000000	2	00	1	01	0.924522519	NA	01	1	1	01	1	1	4	1	4.09866359	01	1
chr2	157000000	chr9	107000000	3	00	3	01	0.954963744	NA	01	0	3	01	0	0	3	1	3.86313623	01	1
chr2	170000000	chr9	64000000	3	00	2	01	0.979007602	NA	01	0	2	01	0	0	3	1	5.75957009	01	1
chr2	171000000	chr9	70000000	1	00	1	01	0.958332896	NA	01	0	1	01	0	0	3	1	4.8887307	01	1
chr2	171000000	chr9	64000000	4	00	4	01	0.998774111	NA	01	0	4	01	0	0	3	1	5.47357599	01	1
chr2	171000000	chr9	65000000	4	00	4	01	0.987789273	NA	01	0	4	01	0	0	3	1	5.05640487	01	1
chr2	171000000	chr9	96000000	1	00	1	01	0.539309978	NA	01	0	1	01	0	0	3	1	4.78649854	01	1
chr2	172000000	chr9	96000000	2	00	2	01	0.764090419	NA	01	0	2	01	0	0	3	1	4.72416857	01	1
chr2	172000000	chr9	66000000	3	00	3	01	0.763860703	NA	01	0	3	01	0	0	3	1	4.68819562	01	1
chr2	172000000	chr9	70000000	2	00	2	01	0.778905213	NA	01	0	2	01	0	0	3	1	4.71396626	01	1
chr2	90000000	chrX	166000000	1	10	1	00	0.44773376	NA	00	0	0	00	0	0	3	1	0.348710397	00	1
chr2	91000000	chrX	166000000	1	10	1	00	0.44474265	NA	00	0	0	00	0	0	3	1	1.05371505	00	1
chr2	91000000	chrX	151000000	1	10	1	00	0.464529127	NA	00	0	0	00	0	0	3	1	0.0431100465	00	1
chr2	91000000	chrX	159000000	3	10	3	00	0.887978256	NA	00	0	0	00	0	0	2	1	1.71569487	00	1
chr2	91000000	chrX	158000000	1	10	1	00	0.476313263	NA	00	0	0	00	0	0	3	1	0.657929206	00	1
chr2	91000000	chrX	102000000	1	10	1	11	0.385870755	NA	11	0	1	11	0	0	3	1	0.736239059	11	1
chr2	92000000	chrX	158000000	1	10	1	00	0.413654774	NA	00	0	0	00	0	0	3	1	0.114287064	00	1
chr2	92000000	chrX	159000000	1	10	1	00	0.530449688	NA	00	0	0	00	0	0	3	1	1.316155	00	1
chr2	96000000	chrX	160000000	1	10	1	00	0.454837888	NA	00	0	0	00	0	0	2	1	0.553522145	00	1
chr2	101000000	chrX	159000000	5	10	5	00	0.464336693	NA	00	0	0	00	0	0	3	1	0.840094719	00	1
chr2	102000000	chrX	159000000	2	10	2	00	0.386012971	NA	00	0	0	00	0	0	2	1	0.915605436	00	1
chr2	102000000	chrX	152000000	2	10	2	00	0.34367758	NA	00	0	0	00	0	0	3	1	0.0743663626	00	1
chr2	130000000	chrX	166000000	2	10	2	00	0.331393421	NA	00	0	0	00	0	0	3	1	0.461856537	00	1
chr2	130000000	chrX	152000000	1	00	1	11	0.294773281	NA	11	0	0	11	0	1	2	1	0.249368448	11	1
chr2	138000000	chrX	169000000	1	10	1	00	0.530639708	NA	00	0	0	00	0	0	2	1	1.46056967	00	1
chr2	144000000	chrX	136000000	4	10	4	00	0.333994359	NA	00	0	0	00	0	0	3	1	0.158002252	00	1
chr2	146000000	chrX	168000000	6	10	6	00	0.953600466	NA	00	0	0	00	0	0	3	1	2.83339836	00	1
chr2	146000000	chrX	169000000	2	10	2	00	0.77909261	NA	00	0	0	00	0	0	2	1	3.3605955	00	1
chr2	147000000	chrX	168000000	11	10	10	00	0.977562189	NA	00	0	0	00	0	1	4	1	3.13690096	00	1
chr2	147000000	chrX	165000000	1	10	1	00	0.843628287	NA	00	0	0	00	0	0	4	1	3.05818167	00	1
chr2	147000000	chrX	169000000	1	10	1	00	0.980456233	NA	00	0	0	00	0	0	2	1	3.51434809	00	1
chr2	147000000	chrX	166000000	1	01	1	00	0.670959413	NA	00	0	1	00	0	0	3	1	3.33985348	00	1
chr2	156000000	chrX	151000000	1	10	1	00	0.365242541	NA	00	0	0	00	0	0	3	1	0.794155878	00	1
chr2	156000000	chrX	152000000	1	10	1	00	0.44407317	NA	00	0	0	00	0	0	3	1	1.07647111	00	1
chr2	156000000	chrX	153000000	1	10	1	00	0.456265032	NA	00	0	0	00	0	0	3	1	1.08960364	00	1
chr2	167000000	chrX	152000000	1	10	1	00	0.291793019	NA	00	0	0	00	0	0	3	1	0.0111927151	00	1
chr2	179000000	chrX	160000000	1	10	1	00	0.474676579	NA	00	0	0	00	0	0	2	1	0.902264863	00	1
chr2	179000000	chrX	166000000	1	00	1	00	0.382917285	NA	00	1	0	00	1	1	1	1	1.2961719	00	1
chr3	104000000	chr11	120000000	5	10	5	00	0.363286585	NA	00	0	0	00	0	0	2	1	0.979041232	00	0
chr3	27000000	chr12	15000000	2	11	2	01	0.25	NA	00	0	0	10	0	2	3	4	2.45438897	10	1
chr3	28000000	chr12	79000000	3	00	3	10	0.33395642	NA	10	0	0	10	0	0	2	1	2.95937763	10	1
chr3	43000000	chr12	27000000	1	11	1	10	0.450738043	NA	10	0	1	10	0	0	2	1	2.47963392	10	1
chr3	46000000	chr12	114000000	2	11	2	10	0.499710798	NA	10	0	2	10	0	0	2	1	1.45919046	10	1
chr3	58000000	chr12	112000000	4	00	4	10	0.887498677	NA	10	0	0	10	0	0	3	1	1.32461269	10	1
chr3	58000000	chr12	84000000	1	00	1	10	0.596687257	NA	10	0	0	10	0	0	3	1	1.28359544	10	1
chr3	58000000	chr12	79000000	1	00	1	10	0.599957764	NA	10	0	0	10	0	0	2	1	1.6071362	10	1
chr3	58000000	chr12	80000000	1	00	1	10	0.45070821	NA	10	0	0	10	0	0	3	1	1.22440733	10	1
chr3	61000000	chr12	29000000	2	11	2	10	0.922136962	NA	10	0	2	10	0	0	2	1	1.84246176	10	1
chr3	62000000	chr12	27000000	1	11	1	10	0.871736228	NA	10	0	1	10	0	0	2	1	1.94010547	10	1
chr3	62000000	chr12	114000000	3	11	3	10	0.993143082	NA	10	0	3	10	0	0	2	1	1.79239242	10	1
chr3	62000000	chr12	29000000	1	11	1	10	0.9144454	NA	10	0	1	10	0	0	2	1	2.25177543	10	1
chr3	62000000	chr12	65000000	1	11	1	10	0.335359633	NA	10	0	1	10	0	0	2	1	1.16135406	10	1
chr3	64000000	chr12	114000000	1	11	1	10	0.849407971	NA	10	0	1	10	0	0	2	1	2.38243126	10	1
chr3	74000000	chr12	57000000	1	11	1	01	0.25	NA	00	0	0	10	0	1	2	4	1.54409975	10	1
chr3	86000000	chr12	79000000	4	00	3	10	0.565347612	NA	10	0	1	10	0	0	2	1	1.90639151	10	1
chr3	87000000	chr12	100000000	1	11	1	10	0.739713609	NA	10	0	1	10	0	0	3	1	1.94922327	10	1
chr3	87000000	chr12	79000000	2	00	2	10	0.674740016	NA	10	0	0	10	0	0	2	1	1.68769677	10	1
chr3	87000000	chr12	80000000	1	00	1	10	0.561867535	NA	10	0	0	10	0	0	2	1	1.84941021	10	1
chr3	87000000	chr12	72000000	1	11	1	10	0.604184031	NA	10	0	1	10	0	0	3	1	1.78362995	10	1
chr3	88000000	chr12	79000000	1	00	1	10	0.72635895	NA	10	0	0	10	0	0	2	1	1.13620614	10	1
chr3	88000000	chr12	80000000	5	00	5	10	0.913078666	NA	10	0	0	10	0	0	2	1	1.27396028	10	1
chr3	88000000	chr12	71000000	1	11	1	10	0.495281398	NA	10	0	1	10	0	0	3	1	1.07873981	10	1
chr3	88000000	chr12	70000000	3	11	3	10	0.472799957	NA	10	0	3	10	0	0	3	1	1.47373143	10	1
chr3	88000000	chr12	100000000	2	11	2	10	0.723110497	NA	10	0	2	10	0	0	3	1	1.71229089	10	1
chr3	89000000	chr12	99000000	2	11	2	10	0.39706549	NA	10	0	2	10	0	0	2	1	1.19725143	10	1
chr3	89000000	chr12	81000000	2	11	2	10	0.653468549	NA	10	0	2	10	0	0	3	1	1.85779772	10	1
chr3	89000000	chr12	85000000	2	11	2	10	0.744883001	NA	10	0	2	10	0	0	3	1	1.34521227	10	1
chr3	90000000	chr12	80000000	7	11	6	10	0.967836738	NA	10	0	6	10	0	0	3	1	3.17283361	10	1
chr3	90000000	chr12	99000000	1	11	1	10	0.855820656	NA	10	0	1	10	0	0	2	1	2.01189783	10	1
chr3	90000000	chr12	117000000	5	11	5	10	0.954438865	NA	10	0	5	10	0	0	2	1	1.76397576	10	1
chr3	90000000	chr12	118000000	6	11	6	10	0.859393537	NA	10	0	6	10	0	0	2	1	0.918183214	10	1
chr3	90000000	chr12	58000000	3	11	3	10	0.750495613	NA	10	0	3	10	0	0	2	1	1.14451346	10	1
chr3	90000000	chr12	56000000	2	11	2	10	0.499129325	NA	10	0	2	10	0	0	2	1	3.06187418	10	1
chr3	90000000	chr12	100000000	2	11	2	10	0.857718349	NA	10	0	2	10	0	0	2	1	2.22743005	10	1
chr3	90000000	chr12	27000000	2	11	2	10	0.770069778	NA	10	0	2	10	0	0	2	1	2.51587101	10	1
chr3	90000000	chr12	26000000	5	11	5	10	0.866367877	NA	10	0	5	10	0	0	2	1	3.05889588	10	1
chr3	90000000	chr12	57000000	1	11	1	10	0.677702785	NA	10	0	1	10	0	0	2	1	1.98317722	10	1
chr3	90000000	chr12	114000000	1	11	1	10	0.905380726	NA	10	0	1	10	0	0	2	1	1.35400068	10	1
chr3	91000000	chr12	114000000	10	11	10	10	0.96965158	NA	10	0	10	10	0	0	2	1	1.37102378	10	1
chr3	91000000	chr12	56000000	1	11	1	10	0.531363845	NA	10	0	1	10	0	0	2	1	2.98625421	10	1
chr3	91000000	chr12	57000000	1	11	1	10	0.739853203	NA	10	0	1	10	0	0	2	1	1.83013375	10	1
chr3	96000000	chr12	79000000	1	00	1	10	0.826842785	NA	10	0	0	10	0	0	2	1	0.699714409	10	1
chr3	97000000	chr12	79000000	7	00	7	10	0.7030406	NA	10	0	0	10	0	0	2	1	0.786903988	10	1
chr3	102000000	chr12	26000000	8	11	8	10	0.995589375	NA	10	0	8	10	0	0	2	1	2.92289662	10	1
chr3	102000000	chr12	56000000	5	11	5	10	0.92977339	NA	10	0	5	10	0	0	3	1	2.97070854	10	1
chr3	103000000	chr12	25000000	7	11	7	10	0.88958472	NA	10	0	7	10	0	0	3	1	1.5223532	10	1
chr3	103000000	chr12	55000000	3	11	3	10	0.869073629	NA	10	0	3	10	0	0	3	1	2.06736853	10	1
chr3	103000000	chr12	80000000	4	11	3	10	0.565054715	NA	10	0	3	10	0	0	3	1	1.46485762	10	1
chr3	103000000	chr12	56000000	7	11	7	10	0.890511751	NA	10	0	7	10	0	0	3	1	1.75952892	10	1
chr3	103000000	chr12	26000000	6	11	6	10	0.986746132	NA	10	0	6	10	0	0	3	1	1.80775796	10	1
chr3	103000000	chr12	44000000	1	11	1	10	0.435547709	NA	10	0	1	10	0	0	2	1	1.38023116	10	1
chr3	103000000	chr12	79000000	1	11	1	10	0.931803346	NA	10	0	1	10	0	0	3	1	1.57711298	10	1
chr3	105000000	chr12	26000000	6	11	4	10	0.855592072	NA	10	0	4	10	0	1	3	1	1.51393831	10	1
chr3	105000000	chr12	56000000	1	11	1	10	0.742740929	NA	10	0	1	10	0	0	3	1	1.43278272	10	1
chr3	106000000	chr12	26000000	1	11	1	10	0.622172534	NA	10	0	1	10	0	0	3	1	1.81054123	10	1
chr3	107000000	chr12	80000000	1	00	1	10	0.760120511	NA	10	0	0	10	0	0	2	1	2.25401096	10	1
chr3	108000000	chr12	79000000	13	00	13	10	0.988894165	NA	10	0	0	10	0	0	2	1	2.34808829	10	1
chr3	108000000	chr12	80000000	2	00	2	10	0.783006608	NA	10	0	0	10	0	0	2	1	2.65420531	10	1
chr3	108000000	chr12	112000000	8	00	7	10	0.332008183	NA	10	1	0	10	1	1	4	1	1.43265899	10	1
chr3	111000000	chr12	72000000	3	11	3	10	0.966744244	NA	10	0	3	10	0	0	3	1	1.97700155	10	1
chr3	112000000	chr12	72000000	6	11	6	10	0.971100271	NA	10	0	6	10	0	0	3	1	1.69214297	10	1
chr3	113000000	chr12	100000000	1	11	1	10	0.500596941	NA	10	0	1	10	0	0	3	1	2.51211841	10	1
chr3	116000000	chr12	112000000	6	00	6	10	0.495706081	NA	10	0	0	10	0	0	3	1	0.359222704	10	1
chr3	118000000	chr12	113000000	6	00	6	10	0.857293308	NA	10	0	0	10	0	0	3	1	1.44041015	10	1
chr3	118000000	chr12	112000000	2	00	2	10	0.529223323	NA	10	0	0	10	0	0	3	1	1.65224214	10	1
chr3	119000000	chr12	113000000	7	00	7	10	0.871159017	NA	10	0	0	10	0	0	2	1	1.6270537	10	1
chr3	119000000	chr12	112000000	1	00	1	10	0.518907726	NA	10	0	0	10	0	0	3	1	1.0572377	10	1
chr3	121000000	chr12	102000000	6	00	6	10	0.60500747	NA	10	0	0	10	0	0	4	1	1.64229731	10	1
chr3	121000000	chr12	101000000	6	00	6	10	0.603445768	NA	10	0	0	10	0	0	4	1	1.96096441	10	1
chr3	121000000	chr12	114000000	3	00	3	10	0.761846066	NA	10	0	0	10	0	0	4	1	1.62101975	10	1
chr3	122000000	chr12	101000000	1	00	1	10	0.51193738	NA	10	0	0	10	0	0	4	1	2.20304007	10	1
chr3	123000000	chr12	100000000	4	11	4	10	0.956652462	NA	10	0	4	10	0	0	2	1	2.59615018	10	1
chr3	123000000	chr12	70000000	8	11	8	10	0.988712072	NA	10	0	8	10	0	0	2	1	2.00158016	10	1
chr3	123000000	chr12	72000000	4	11	4	10	0.968970895	NA	10	0	4	10	0	0	3	1	3.03360051	10	1
chr3	123000000	chr12	74000000	2	11	2	10	0.94164151	NA	10	0	2	10	0	0	2	1	2.28008029	10	1
chr3	124000000	chr12	70000000	19	11	19	10	0.998923481	NA	10	0	19	10	0	0	2	1	2.37607408	10	1
chr3	124000000	chr12	69000000	2	11	2	10	0.867955208	NA	10	0	2	10	0	0	2	1	2.20491911	10	1
chr3	124000000	chr12	100000000	14	11	13	10	0.96002543	NA	10	1	13	10	1	1	2	1	2.72603914	10	1
chr3	124000000	chr12	74000000	2	11	2	10	0.978052437	NA	10	0	2	10	0	0	2	1	2.63492721	10	1
chr3	124000000	chr12	101000000	2	11	2	10	0.766567647	NA	10	0	2	10	0	0	2	1	2.53617944	10	1
chr3	124000000	chr12	72000000	2	11	2	10	0.998559177	NA	10	0	2	10	0	0	2	1	3.44157137	10	1
chr3	125000000	chr12	72000000	14	11	14	10	0.999113619	NA	10	0	14	10	0	0	3	1	3.35213688	10	1
chr3	125000000	chr12	71000000	4	11	4	10	0.98534739	NA	10	0	4	10	0	0	2	1	2.92180678	10	1
chr3	125000000	chr12	74000000	2	11	2	10	0.945290387	NA	10	0	2	10	0	0	2	1	2.90524814	10	1
chr3	125000000	chr12	70000000	2	11	2	10	0.977924287	NA	10	0	2	10	0	0	2	1	2.15492309	10	1
chr3	136000000	chr12	26000000	1	11	1	10	0.346987665	NA	10	0	1	10	0	0	3	1	2.35192258	10	1
chr3	138000000	chr12	80000000	2	00	2	10	0.477454275	NA	10	0	0	10	0	0	3	1	3.47497311	10	1
chr3	138000000	chr12	26000000	5	11	5	10	0.397007763	NA	10	0	5	10	0	0	2	1	3.02197997	10	1
chr3	138000000	chr12	114000000	1	11	1	10	0.51172787	NA	10	0	1	10	0	0	2	1	1.63129896	10	1
chr3	138000000	chr12	118000000	2	11	2	10	0.667912185	NA	10	0	2	10	0	0	2	1	1.03816081	10	1
chr3	138000000	chr12	100000000	4	11	4	10	0.980501294	NA	10	0	4	10	0	0	2	1	2.44391516	10	1
chr3	139000000	chr12	100000000	16	11	16	10	0.999272883	NA	10	0	16	10	0	0	2	1	2.68901008	10	1
chr3	139000000	chr12	114000000	1	11	1	10	0.441566616	NA	10	0	1	10	0	0	2	1	2.14605811	10	1
chr3	139000000	chr12	101000000	3	11	3	10	0.979715466	NA	10	0	3	10	0	0	2	1	2.71876972	10	1
chr3	140000000	chr12	88000000	8	00	8	10	0.728243053	NA	10	0	0	10	0	0	3	1	2.8068838	10	1
chr3	140000000	chr12	52000000	3	00	3	10	0.580707014	NA	10	0	0	10	0	0	3	1	2.26366977	10	1
chr3	140000000	chr12	89000000	2	00	2	10	0.500869632	NA	10	0	0	10	0	0	3	1	3.32032261	10	1
chr3	141000000	chr12	88000000	1	00	1	10	0.500588	NA	10	0	0	10	0	0	3	1	3.11051199	10	1
chr3	141000000	chr12	101000000	3	00	3	10	0.983034134	NA	10	0	0	10	0	0	4	1	3.12260595	10	1
chr3	141000000	chr12	89000000	2	00	2	10	0.788150907	NA	10	0	0	10	0	0	3	1	3.64748519	10	1
chr3	148000000	chr12	53000000	2	00	2	10	0.524763584	NA	10	0	0	10	0	0	2	1	1.36976662	10	1
chr3	152000000	chr12	102000000	10	00	10	10	0.881169081	NA	10	0	0	10	0	0	4	1	1.30748293	10	1
chr3	152000000	chr12	52000000	14	00	14	10	0.855993092	NA	10	0	0	10	0	0	2	1	2.54121194	10	1
chr3	153000000	chr12	102000000	5	00	5	10	0.758814812	NA	10	0	0	10	0	0	4	1	1.24016192	10	1
chr3	153000000	chr12	101000000	3	00	3	10	0.658312917	NA	10	0	0	10	0	0	4	1	1.61300398	10	1
chr3	156000000	chr12	101000000	10	00	10	10	0.998594105	NA	10	0	0	10	0	0	4	1	3.56844678	10	1
chr3	156000000	chr12	102000000	12	00	12	10	0.999532938	NA	10	0	0	10	0	0	4	1	3.48477671	10	1
chr3	156000000	chr12	89000000	3	00	3	10	0.823582411	NA	10	0	0	10	0	0	3	1	4.15536917	10	1
chr3	156000000	chr12	103000000	9	00	9	10	0.992912114	NA	10	0	0	10	0	0	4	1	3.45241936	10	1
chr3	156000000	chr12	114000000	7	00	7	10	0.995108664	NA	10	0	0	10	0	0	4	1	2.92820437	10	1
chr3	156000000	chr12	110000000	2	00	2	10	0.902859449	NA	10	0	0	10	0	0	3	1	3.01863058	10	1
chr3	156000000	chr12	90000000	1	00	1	10	0.919715345	NA	10	0	0	10	0	0	4	1	3.87053736	10	1
chr3	156000000	chr12	113000000	2	00	2	10	0.868589759	NA	10	0	0	10	0	0	3	1	2.09694241	10	1
chr3	156000000	chr12	112000000	1	00	1	10	0.618000627	NA	10	0	0	10	0	0	3	1	0.756464816	10	1
chr3	157000000	chr12	112000000	4	00	4	10	0.619811833	NA	10	0	0	10	0	0	3	1	0.134780089	10	1
chr3	157000000	chr12	113000000	5	00	5	10	0.948334038	NA	10	0	0	10	0	0	2	1	1.58574872	10	1
chr3	157000000	chr12	114000000	3	00	3	10	0.923838317	NA	10	0	0	10	0	0	4	1	2.58917959	10	1
chr3	31000000	chr13	34000000	1	11	1	11	0.438426137	NA	11	1	1	11	1	1	1	1	0.187084174	11	0
chr3	33000000	chr13	34000000	2	11	2	11	0.390595973	NA	11	2	2	11	2	2	1	1	0.27653946	11	0
chr3	33000000	chr13	35000000	3	11	3	11	0.460780472	NA	11	3	3	11	3	3	1	1	0.161358736	11	0
chr3	33000000	chr13	33000000	2	11	2	11	0.47534439	NA	11	2	2	11	2	2	1	1	0.429503615	11	0
chr3	44000000	chr13	32000000	3	11	3	11	0.54844588	NA	11	3	3	11	3	3	1	1	0.496078632	11	0
chr3	52000000	chr13	23000000	1	11	1	01	0.450840116	NA	01	0	0	11	1	0	1	2	0.0128250349	11	0
chr3	52000000	chr13	59000000	4	11	4	11	0.353572667	NA	11	4	4	11	4	4	1	1	0.457407664	11	0
chr3	52000000	chr13	58000000	1	11	1	11	0.352086097	NA	11	1	1	11	1	1	1	1	0.353480236	11	0
chr3	52000000	chr13	30000000	1	11	1	11	0.469453216	NA	11	1	1	11	1	1	1	1	0.453378152	11	0
chr3	54000000	chr13	23000000	6	11	6	01	0.422020495	NA	01	0	0	01	0	0	2	1	0.132662192	01	0
chr3	54000000	chr13	59000000	2	01	1	01	0.353931665	NA	01	1	1	11	1	1	2	2	0.167359965	11	0
chr3	54000000	chr13	53000000	3	11	3	01	0.356318772	NA	01	0	0	11	3	0	1	2	0.0950187824	11	0
chr3	54000000	chr13	54000000	2	11	2	01	0.426482618	NA	01	0	0	01	0	0	2	1	0.271174969	01	0
chr3	54000000	chr13	55000000	1	11	1	01	0.333286047	NA	01	0	0	01	0	0	2	1	0.1617834	01	0
chr3	62000000	chr13	54000000	1	10	1	01	0.45428133	NA	01	0	0	01	0	1	2	1	0.481308403	01	0
chr3	75000000	chr13	32000000	1	11	1	11	0.435779124	NA	11	1	1	11	1	1	1	1	0.162627247	11	0
chr3	75000000	chr13	33000000	4	11	4	11	0.492013961	NA	11	4	4	01	0	4	2	2	0.0114799915	01	0
chr3	75000000	chr13	34000000	2	11	2	11	0.517983854	NA	11	2	2	01	0	2	2	2	0.128241353	01	0
chr3	84000000	chr13	32000000	1	11	1	01	0.540361285	NA	01	0	0	01	0	0	2	1	0.000384973916	01	0
chr3	85000000	chr13	32000000	4	11	4	01	0.902082324	NA	01	0	0	01	0	0	2	1	0.738392221	01	0
chr3	85000000	chr13	35000000	1	11	1	01	0.780957341	NA	01	0	0	01	0	0	2	1	1.01948271	01	0
chr3	88000000	chr13	44000000	1	11	1	01	0.550698876	NA	01	0	0	01	0	0	2	1	1.53506138	01	0
chr3	88000000	chr13	37000000	1	11	1	01	0.8259058	NA	01	0	0	01	0	0	2	1	1.39567638	01	0
chr3	88000000	chr13	43000000	1	11	1	01	0.722946882	NA	01	0	0	01	0	0	2	1	0.782806426	01	0
chr3	89000000	chr13	36000000	1	11	1	01	0.593334377	NA	01	0	0	01	0	0	2	1	1.95994479	01	0
chr3	89000000	chr13	37000000	1	11	1	01	0.706598222	NA	01	0	0	01	0	0	2	1	1.39414254	01	0
chr3	91000000	chr13	37000000	3	11	3	11	0.484994262	NA	11	3	3	11	3	3	1	1	0.354121726	11	0
chr3	91000000	chr13	36000000	5	11	5	01	0.690747321	NA	01	0	0	01	0	0	2	1	0.314051064	01	0
chr3	91000000	chr13	31000000	3	11	3	01	0.578885436	NA	01	0	0	01	0	0	2	1	0.00917239065	01	0
chr3	91000000	chr13	32000000	1	11	1	01	0.543385923	NA	01	0	0	11	1	0	1	2	0.0657532045	11	0
chr3	92000000	chr13	31000000	4	11	4	01	0.50664556	NA	01	0	0	11	4	0	1	2	0.178268715	11	0
chr3	92000000	chr13	36000000	12	11	12	01	0.73804599	NA	01	0	0	01	0	0	2	1	0.0491457963	01	0
chr3	92000000	chr13	37000000	3	11	3	11	0.638737917	NA	11	3	3	11	3	3	1	1	0.489914789	11	0
chr3	92000000	chr13	59000000	1	11	1	11	0.343900442	NA	11	1	1	11	1	1	1	1	0.216141531	11	0
chr3	92000000	chr13	32000000	1	11	1	11	0.556682348	NA	11	1	1	11	1	1	1	1	0.268146081	11	0
chr3	93000000	chr13	43000000	2	11	2	11	0.740383506	NA	11	2	2	11	2	2	1	1	1.81851304	11	0
chr3	93000000	chr13	42000000	1	11	1	11	0.877486229	NA	11	1	1	11	1	1	1	1	1.25383911	11	0
chr3	93000000	chr13	44000000	1	11	1	11	0.549287796	NA	11	1	1	11	1	1	1	1	0.359813097	11	0
chr3	94000000	chr13	95000000	2	11	2	11	0.385283411	NA	11	2	2	11	2	2	1	1	1.20867065	11	0
chr3	94000000	chr13	42000000	2	01	1	11	0.829462469	NA	11	1	1	11	1	1	2	1	1.25299139	11	0
chr3	94000000	chr13	43000000	3	11	3	11	0.919589639	NA	11	3	3	11	3	3	1	1	1.64866521	11	0
chr3	103000000	chr13	60000000	3	11	3	01	0.471264541	NA	01	0	0	01	0	0	2	1	0.427441185	01	0
chr3	103000000	chr13	36000000	11	11	11	01	0.992132008	NA	01	0	0	01	0	0	2	1	1.47912874	01	0
chr3	103000000	chr13	37000000	6	11	6	01	0.909298301	NA	01	0	0	01	0	0	2	1	0.794069397	01	0
chr3	103000000	chr13	63000000	1	11	1	11	0.37375924	NA	11	1	1	11	1	1	1	1	1.18287877	11	0
chr3	104000000	chr13	30000000	1	11	1	01	0.490591198	NA	01	0	0	01	0	0	2	1	0.914522653	01	0
chr3	104000000	chr13	36000000	4	11	4	01	0.969667256	NA	01	0	0	01	0	0	2	1	0.952892689	01	0
chr3	104000000	chr13	37000000	4	11	4	01	0.813152671	NA	01	0	0	01	0	0	2	1	0.535897008	01	0
chr3	104000000	chr13	23000000	1	11	1	01	0.614044249	NA	01	0	0	01	0	0	2	1	1.19054579	01	0
chr3	104000000	chr13	53000000	1	11	1	01	0.638756514	NA	01	0	0	01	0	0	2	1	1.20718008	01	0
chr3	105000000	chr13	36000000	8	11	8	01	0.948976219	NA	01	0	0	01	0	0	2	1	1.21924829	01	0
chr3	109000000	chr13	42000000	1	11	1	11	0.716421187	NA	11	1	1	11	1	1	1	1	2.17010252	11	0
chr3	109000000	chr13	85000000	3	11	3	11	0.306017131	NA	11	3	3	11	3	3	1	1	1.40790327	11	0
chr3	109000000	chr13	86000000	1	11	1	11	0.343674451	NA	11	1	1	11	1	1	1	1	1.6125462	11	0
chr3	111000000	chr13	42000000	10	11	10	11	0.991262436	NA	11	10	10	11	10	10	1	1	2.18248534	11	0
chr3	111000000	chr13	104000000	5	11	5	11	0.66070205	NA	11	5	5	11	5	5	1	1	2.01958221	11	0
chr3	111000000	chr13	43000000	9	11	8	11	0.998772323	NA	11	8	8	11	8	8	1	1	2.42948222	11	0
chr3	111000000	chr13	95000000	3	11	3	11	0.664135098	NA	11	3	3	11	3	3	1	1	2.13942848	11	0
chr3	111000000	chr13	110000000	7	11	7	11	0.789565921	NA	11	7	7	11	7	7	1	1	2.41820579	11	0
chr3	111000000	chr13	111000000	4	11	4	11	0.720701635	NA	11	4	4	11	4	4	1	1	2.39521633	11	0
chr3	132000000	chr13	34000000	13	11	13	11	0.743968964	NA	11	13	13	11	13	13	1	1	0.516018199	11	0
chr3	133000000	chr13	34000000	16	11	16	11	0.762923002	NA	11	16	16	11	16	16	1	1	0.423478512	11	0
chr3	133000000	chr13	33000000	7	11	7	11	0.732729018	NA	11	7	7	11	7	7	1	1	0.567857946	11	0
chr3	133000000	chr13	35000000	2	10	1	11	0.475509346	NA	11	1	1	11	1	1	3	1	0.563721406	11	0
chr3	134000000	chr13	34000000	2	11	2	01	0.482037425	NA	01	0	0	01	0	0	2	1	0.271106939	01	0
chr3	136000000	chr13	36000000	1	11	1	11	0.604910314	NA	11	1	1	11	1	1	1	1	0.733366032	11	0
chr3	136000000	chr13	32000000	1	10	1	11	0.501521647	NA	11	0	0	11	0	0	3	1	0.86858453	11	0
chr3	137000000	chr13	37000000	1	11	1	11	0.636275291	NA	11	1	1	11	1	1	1	1	1.35840282	11	0
chr3	138000000	chr13	54000000	1	10	1	01	0.290080607	NA	01	0	0	11	0	1	3	2	0.00153014124	11	0
chr3	4000000	chr14	116000000	1	00	1	10	0.90238589	NA	10	0	0	10	0	0	3	1	3.23745137	10	0
chr3	5000000	chr14	117000000	10	00	10	10	0.93929702	NA	10	0	0	10	0	0	2	1	3.65566537	10	0
chr3	5000000	chr14	23000000	8	00	8	10	0.881118178	NA	10	0	0	10	0	0	3	1	2.38814467	10	0
chr3	5000000	chr14	109000000	2	00	2	10	0.830885708	NA	10	0	0	10	0	0	3	1	3.95140613	10	0
chr3	5000000	chr14	22000000	6	00	6	10	0.878644764	NA	10	0	0	10	0	0	4	1	2.65603637	10	0
chr3	6000000	chr14	117000000	6	00	6	10	0.99996829	NA	10	0	0	10	0	0	2	1	4.85367943	10	0
chr3	6000000	chr14	120000000	4	00	4	10	0.99941361	NA	10	0	0	10	0	0	2	1	4.72980436	10	0
chr3	6000000	chr14	121000000	3	00	3	10	0.998352647	NA	10	0	0	10	0	0	3	1	4.65117707	10	0
chr3	12000000	chr14	117000000	5	00	5	10	0.962784111	NA	10	0	0	10	0	0	2	1	3.78734506	10	0
chr3	12000000	chr14	121000000	1	00	1	10	0.914715827	NA	10	0	0	10	0	0	3	1	3.58472114	10	0
chr3	50000000	chr15	85000000	7	01	7	11	0.999682307	NA	11	0	0	11	0	0	2	1	3.08015149	11	0
chr3	50000000	chr15	72000000	10	01	10	11	0.563399017	NA	11	0	0	11	0	0	2	1	0.263761304	11	0
chr3	50000000	chr15	92000000	1	01	1	11	0.893612921	NA	11	0	0	11	0	0	2	1	2.90236248	11	0
chr3	51000000	chr15	85000000	4	01	4	11	0.993772089	NA	11	0	0	11	0	0	2	1	2.08054632	11	0
chr3	88000000	chr15	102000000	1	01	1	11	0.697739065	NA	11	0	0	11	0	0	2	1	1.37505537	11	0
chr3	88000000	chr15	85000000	2	01	2	11	0.939458907	NA	11	0	0	11	0	0	2	1	1.24067988	11	0
chr3	89000000	chr15	102000000	13	01	12	11	0.866190612	NA	11	0	0	11	0	1	3	1	1.62673624	11	0
chr3	89000000	chr15	85000000	6	01	6	11	0.960965037	NA	11	0	0	11	0	0	2	1	1.39017506	11	0
chr3	89000000	chr15	84000000	4	01	4	11	0.730391622	NA	11	0	0	11	0	0	3	1	0.770545106	11	0
chr3	89000000	chr15	73000000	4	01	4	11	0.3545596	NA	11	0	0	11	0	0	2	1	0.773464624	11	0
chr3	89000000	chr15	76000000	2	01	2	11	0.533391297	NA	11	0	0	11	0	0	2	1	0.518488266	11	0
chr3	90000000	chr15	102000000	2	01	2	11	0.55354929	NA	11	0	0	11	0	0	3	1	1.76481162	11	0
chr3	132000000	chr15	85000000	2	01	2	11	0.644100726	NA	11	0	0	11	0	0	2	1	1.79222313	11	0
chr3	135000000	chr15	85000000	1	01	1	11	0.684926093	NA	11	0	0	11	0	0	2	1	1.98745211	11	0
chr3	147000000	chr15	85000000	1	01	1	11	0.830957234	NA	11	0	0	11	0	0	2	1	2.30469868	11	0
chr3	148000000	chr15	85000000	1	01	1	11	0.958217204	NA	11	0	0	11	0	0	2	1	2.54904196	11	0
chr3	148000000	chr15	92000000	8	01	8	11	0.964568615	NA	11	0	0	11	0	0	2	1	1.86125526	11	0
chr3	149000000	chr15	85000000	6	01	6	11	0.909986317	NA	11	0	0	11	0	0	2	1	2.11875418	11	0
chr3	152000000	chr15	102000000	1	01	1	11	0.462331176	NA	11	0	0	11	0	0	2	1	2.16489022	11	0
chr3	152000000	chr15	75000000	5	01	5	11	0.535892367	NA	11	0	0	11	0	0	2	1	1.30995527	11	0
chr3	152000000	chr15	92000000	1	01	1	11	0.735531688	NA	11	0	0	11	0	0	2	1	2.1672841	11	0
chr3	26000000	chr17	72000000	1	11	1	10	0.338293403	NA	10	0	1	10	0	0	3	1	1.37095937	10	1
chr3	26000000	chr17	14000000	3	11	3	10	0.764928877	NA	10	0	3	10	0	0	3	1	0.793988198	10	1
chr3	27000000	chr17	72000000	1	11	1	10	0.35654819	NA	10	0	1	10	0	0	3	1	1.12974139	10	1
chr3	28000000	chr17	14000000	7	11	7	10	0.843321145	NA	10	0	7	10	0	0	3	1	1.06629834	10	1
chr3	29000000	chr17	14000000	1	11	1	10	0.691635549	NA	10	0	1	10	0	0	3	1	0.850925258	10	1
chr3	30000000	chr17	14000000	18	11	18	10	0.826058447	NA	10	0	18	10	0	0	3	1	0.797240381	10	1
chr3	32000000	chr17	15000000	3	11	3	10	0.646335602	NA	10	0	3	10	0	0	3	1	0.741121282	10	1
chr3	32000000	chr17	14000000	1	11	1	10	0.565584362	NA	10	0	1	10	0	0	3	1	0.612357672	10	1
chr3	89000000	chr17	84000000	3	10	3	10	0.475124329	NA	10	3	0	10	3	3	1	1	0.184679679	10	1
chr3	89000000	chr17	85000000	2	10	2	10	0.483330846	NA	10	2	0	10	2	2	1	1	1.26578466	10	1
chr3	3000000	chr18	40000000	1	10	1	10	0.963010371	NA	10	1	1	10	1	1	1	1	2.85206578	10	0
chr3	4000000	chr18	41000000	3	10	2	10	0.972122014	NA	10	2	2	10	2	2	1	1	3.96131975	10	0
chr3	4000000	chr18	40000000	6	10	6	10	0.999256194	NA	10	6	6	10	6	6	1	1	4.09686344	10	0
chr3	4000000	chr18	39000000	8	10	8	10	0.999617815	NA	10	8	8	10	8	8	1	1	3.96947682	10	0
chr3	5000000	chr18	40000000	2	10	2	10	0.99011898	NA	10	2	2	10	2	2	1	1	3.91681005	10	0
chr3	18000000	chr18	41000000	1	10	1	10	0.545846522	NA	10	1	1	10	1	1	1	1	3.45939796	10	0
chr3	19000000	chr18	40000000	1	10	1	10	0.83423996	NA	10	1	1	10	1	1	1	1	3.60942106	10	0
chr3	19000000	chr18	39000000	3	10	3	10	0.835166216	NA	10	3	3	10	3	3	1	1	3.61215771	10	0
chr3	19000000	chr18	4000000	2	10	1	10	0.81379354	NA	10	1	1	10	1	1	1	1	3.32719183	10	0
chr3	19000000	chr18	3000000	4	10	4	10	0.921939433	NA	10	4	4	10	4	4	1	1	3.37923396	10	0
chr3	20000000	chr18	3000000	2	10	2	10	0.689780593	NA	10	2	2	10	2	2	1	1	2.29445778	10	0
chr3	20000000	chr18	4000000	10	10	10	10	0.91408366	NA	10	10	10	10	10	10	1	1	2.02503527	10	0
chr3	20000000	chr18	39000000	2	10	2	10	0.55837518	NA	10	2	2	10	2	2	1	1	2.4715571	10	0
chr3	29000000	chr18	9000000	4	10	4	10	0.574801147	NA	10	4	4	10	4	4	1	1	1.08257177	10	0
chr3	58000000	chr18	59000000	3	10	3	10	0.992063463	NA	10	3	3	10	3	3	1	1	2.79227623	10	0
chr3	58000000	chr18	57000000	2	10	2	10	0.991728246	NA	10	2	2	10	2	2	1	1	2.51231835	10	0
chr3	58000000	chr18	27000000	8	10	8	10	0.99999845	NA	10	8	8	10	8	8	1	1	4.08644863	10	0
chr3	58000000	chr18	79000000	1	10	1	10	0.915253162	NA	10	1	1	10	1	1	1	1	3.99205377	10	0
chr3	58000000	chr18	26000000	1	10	1	10	0.988395333	NA	10	1	1	10	1	1	1	1	4.10126113	10	0
chr3	58000000	chr18	58000000	1	10	1	10	0.972006679	NA	10	1	1	10	1	1	1	1	2.85380547	10	0
chr3	58000000	chr18	24000000	1	10	1	10	0.994755507	NA	10	1	1	10	1	1	1	1	3.68565879	10	0
chr3	60000000	chr18	30000000	3	10	3	10	1	NA	10	3	3	10	3	3	1	1	4.6975006	10	0
chr3	60000000	chr18	80000000	1	10	1	10	0.991652787	NA	10	1	1	10	1	1	1	1	4.44960497	10	0
chr3	61000000	chr18	31000000	1	10	1	10	0.996471643	NA	10	1	1	10	1	1	1	1	4.08496523	10	0
chr3	63000000	chr18	30000000	5	10	5	10	0.999998569	NA	10	5	5	10	5	5	1	1	4.20751482	10	0
chr3	63000000	chr18	79000000	3	10	3	10	0.984082639	NA	10	3	3	10	3	3	1	1	4.04989135	10	0
chr3	63000000	chr18	34000000	1	10	1	10	0.979956269	NA	10	1	1	10	1	1	1	1	3.41624884	10	0
chr3	64000000	chr18	30000000	1	10	1	10	0.99998498	NA	10	1	1	10	1	1	1	1	3.95105102	10	0
chr3	68000000	chr18	57000000	1	10	1	10	0.954016745	NA	10	1	1	10	1	1	1	1	2.89746504	10	0
chr3	69000000	chr18	38000000	11	10	10	10	0.999859214	NA	10	10	10	10	10	10	1	1	3.45820846	10	0
chr3	69000000	chr18	56000000	3	10	3	10	0.674770296	NA	10	3	3	10	3	3	1	1	3.6189531	10	0
chr3	69000000	chr18	40000000	11	10	11	10	0.999991775	NA	10	11	11	10	11	11	1	1	3.65702377	10	0
chr3	69000000	chr18	41000000	5	10	5	10	0.999033093	NA	10	5	5	10	5	5	1	1	3.58309607	10	0
chr3	69000000	chr18	78000000	1	10	1	10	0.989095986	NA	10	1	1	10	1	1	1	1	3.65392314	10	0
chr3	69000000	chr18	39000000	1	10	1	10	0.984927893	NA	10	1	1	10	1	1	1	1	3.58482652	10	0
chr3	69000000	chr18	57000000	2	10	2	10	0.80267632	NA	10	2	2	10	2	2	1	1	3.68192236	10	0
chr3	70000000	chr18	57000000	1	10	1	10	0.571929276	NA	10	1	1	10	1	1	1	1	3.5281357	10	0
chr3	70000000	chr18	40000000	10	10	10	10	0.999461114	NA	10	10	10	10	10	10	1	1	3.45908474	10	0
chr3	70000000	chr18	39000000	1	10	1	10	0.953822792	NA	10	1	1	10	1	1	1	1	3.26516387	10	0
chr3	71000000	chr18	39000000	1	10	1	10	0.852613091	NA	10	1	1	10	1	1	1	1	3.49316496	10	0
chr3	72000000	chr18	40000000	4	10	4	10	0.999666095	NA	10	4	4	10	4	4	1	1	3.49044107	10	0
chr3	72000000	chr18	39000000	1	10	1	10	0.985065043	NA	10	1	1	10	1	1	1	1	3.34569185	10	0
chr3	117000000	chr18	59000000	1	10	1	10	0.736368477	NA	10	1	1	10	1	1	1	1	1.28864246	10	0
chr3	118000000	chr18	59000000	16	10	16	10	0.987062871	NA	10	16	16	10	16	16	1	1	2.15885225	10	0
chr3	118000000	chr18	58000000	1	01	1	10	0.774122655	NA	10	0	0	10	0	1	4	1	2.1778395	10	0
chr3	118000000	chr18	57000000	4	10	4	10	0.831330359	NA	10	4	4	10	4	4	1	1	1.89660499	10	0
chr3	118000000	chr18	25000000	2	10	2	10	0.571058214	NA	10	2	2	10	2	2	1	1	2.71774647	10	0
chr3	118000000	chr18	60000000	1	10	1	10	0.944993377	NA	10	1	1	10	1	1	1	1	1.75501287	10	0
chr3	130000000	chr18	40000000	4	10	4	10	0.627206922	NA	10	4	4	10	4	4	1	1	1.62603907	10	0
chr3	7000000	chr19	24000000	10	11	10	01	0.884477079	NA	01	0	0	01	0	0	2	1	2.5730456	01	0
chr3	19000000	chr19	32000000	1	11	1	01	0.698213577	NA	01	0	0	01	0	0	2	1	2.10852514	01	0
chr3	19000000	chr19	34000000	1	11	1	01	0.821933746	NA	01	0	0	01	0	0	2	1	1.9842058	01	0
chr3	19000000	chr19	24000000	3	11	3	01	0.792781353	NA	01	0	0	01	0	0	2	1	1.26963223	01	0
chr3	20000000	chr19	24000000	11	11	11	01	0.99010849	NA	01	0	0	01	0	0	2	1	1.70862375	01	0
chr3	20000000	chr19	56000000	1	11	1	01	0.586203396	NA	01	0	0	01	0	0	2	1	1.9700696	01	0
chr3	20000000	chr19	34000000	1	11	1	01	0.949681818	NA	01	0	0	01	0	0	2	1	2.42940621	01	0
chr3	20000000	chr19	33000000	1	11	1	01	0.960034668	NA	01	0	0	01	0	0	2	1	2.12054065	01	0
chr3	26000000	chr19	4000000	3	11	3	01	0.840597749	NA	01	0	0	01	0	0	2	1	1.60161328	01	0
chr3	26000000	chr19	53000000	1	11	1	01	0.799776316	NA	01	0	0	01	0	0	2	1	2.0027829	01	0
chr3	26000000	chr19	30000000	2	11	2	01	0.882751763	NA	01	0	0	01	0	0	2	1	1.29308666	01	0
chr3	27000000	chr19	32000000	1	11	1	01	0.963492751	NA	01	0	0	01	0	0	2	1	2.1848909	01	0
chr3	27000000	chr19	4000000	6	11	6	01	0.905018866	NA	01	0	0	01	0	0	2	1	1.82066339	01	0
chr3	28000000	chr19	56000000	5	11	5	01	0.707604766	NA	01	0	0	01	0	0	2	1	2.10098438	01	0
chr3	28000000	chr19	34000000	4	11	4	01	0.967814863	NA	01	0	0	01	0	0	2	1	2.53568844	01	0
chr3	28000000	chr19	55000000	1	11	1	01	0.52820909	NA	01	0	0	01	0	0	2	1	2.17886512	01	0
chr3	28000000	chr19	31000000	1	11	1	01	0.997969329	NA	01	0	0	01	0	0	2	1	2.22142204	01	0
chr3	9000000	chr4	154000000	10	10	10	00	0.628706694	NA	00	0	0	00	0	0	2	1	0.934908716	00	0
chr3	10000000	chr4	154000000	2	10	2	00	0.438247532	NA	00	0	0	00	0	0	2	1	0.398123111	00	0
chr3	4000000	chr7	100000000	2	10	1	11	0.531085193	NA	11	1	1	11	1	1	3	1	3.67235089	11	1
chr3	4000000	chr7	116000000	1	10	1	11	0.898418367	NA	11	0	1	11	0	0	3	1	3.73302536	11	1
chr3	4000000	chr7	117000000	1	10	1	11	0.759774864	NA	11	0	1	11	0	0	3	1	3.84354906	11	1
chr3	5000000	chr7	117000000	5	10	5	11	0.959401309	NA	11	0	5	11	0	0	3	1	3.56767925	11	1
chr3	5000000	chr7	116000000	1	01	1	11	0.955251932	NA	11	0	0	11	0	0	2	1	3.47885363	11	1
chr3	18000000	chr7	117000000	19	10	19	11	0.999913931	NA	11	0	19	11	0	0	3	1	3.42328434	11	1
chr3	18000000	chr7	116000000	12	10	12	11	0.998004615	NA	11	0	12	11	0	0	3	1	3.35202614	11	1
chr3	18000000	chr7	120000000	4	10	4	11	0.664203584	NA	11	0	4	11	0	0	3	1	1.38835293	11	1
chr3	18000000	chr7	112000000	4	10	4	11	0.84311676	NA	11	0	4	11	0	0	3	1	1.51685579	11	1
chr3	18000000	chr7	100000000	1	10	1	11	0.676405609	NA	11	0	1	11	0	0	3	1	3.31538802	11	1
chr3	18000000	chr7	99000000	1	10	1	11	0.689317584	NA	11	0	1	11	0	0	3	1	3.20883505	11	1
chr3	18000000	chr7	118000000	3	10	3	11	0.706099331	NA	11	0	3	11	0	0	3	1	0.815212347	11	1
chr3	19000000	chr7	112000000	1	10	1	11	0.85127306	NA	11	0	1	11	0	0	3	1	1.66650427	11	1
chr3	19000000	chr7	117000000	8	10	8	11	0.98243916	NA	11	0	8	11	0	0	3	1	3.54154146	11	1
chr3	19000000	chr7	100000000	14	10	14	11	0.973395765	NA	11	0	14	11	0	0	3	1	3.41833078	11	1
chr3	19000000	chr7	101000000	2	10	2	11	0.573506713	NA	11	0	2	11	0	0	3	1	2.77647143	11	1
chr3	19000000	chr7	113000000	2	10	2	11	0.736888468	NA	11	0	2	11	0	0	3	1	2.48652947	11	1
chr3	30000000	chr7	79000000	2	01	2	11	0.878925383	NA	11	0	0	11	0	0	2	1	1.82228354	11	1
chr3	30000000	chr7	35000000	1	01	1	01	0.25	NA	00	0	0	11	0	0	2	2	1.58042465	11	1
chr3	31000000	chr7	109000000	1	01	1	11	0.682493329	NA	11	0	0	11	0	0	2	1	1.25676112	11	1
chr3	32000000	chr7	110000000	1	11	1	11	0.620485306	NA	11	1	0	11	1	1	1	1	1.33424167	11	1
chr3	32000000	chr7	81000000	1	01	1	11	0.754776061	NA	11	0	0	11	0	0	2	1	2.21248071	11	1
chr3	38000000	chr7	50000000	5	00	5	11	0.924149156	NA	11	0	0	11	0	5	4	1	1.68977689	11	1
chr3	39000000	chr7	52000000	13	00	12	11	0.997114182	NA	11	0	0	11	0	12	4	1	2.50417476	11	1
chr3	39000000	chr7	51000000	3	00	3	11	0.960316777	NA	11	0	0	11	0	3	4	1	2.14456634	11	1
chr3	39000000	chr7	50000000	7	00	7	11	0.982447922	NA	11	0	0	11	0	7	4	1	2.20869888	11	1
chr3	39000000	chr7	63000000	2	00	2	11	0.89276433	NA	11	0	0	11	0	2	4	1	2.78744652	11	1
chr3	39000000	chr7	4000000	1	00	1	11	0.473452419	NA	11	0	0	11	0	1	4	1	1.44764162	11	1
chr3	40000000	chr7	50000000	13	00	13	11	0.992900491	NA	11	0	0	11	0	13	4	1	2.33810443	11	1
chr3	40000000	chr7	52000000	2	00	2	11	0.921988487	NA	11	0	0	11	0	2	4	1	2.66210187	11	1
chr3	40000000	chr7	110000000	24	01	23	11	0.99821043	NA	11	0	0	11	0	1	2	1	2.23486846	11	1
chr3	40000000	chr7	111000000	3	01	3	11	0.720890522	NA	11	0	0	11	0	0	2	1	2.19949948	11	1
chr3	40000000	chr7	63000000	2	00	2	11	0.95333159	NA	11	0	0	11	0	2	4	1	2.98408026	11	1
chr3	40000000	chr7	71000000	22	00	22	11	0.985654414	NA	11	0	0	11	0	22	4	1	1.87609325	11	1
chr3	40000000	chr7	72000000	2	00	2	11	0.890901268	NA	11	0	0	11	0	2	4	1	2.13244035	11	1
chr3	40000000	chr7	70000000	3	00	3	11	0.92420727	NA	11	0	0	11	0	3	4	1	2.13988365	11	1
chr3	41000000	chr7	118000000	1	10	1	11	0.803890824	NA	11	0	1	11	0	0	3	1	1.76612692	11	1
chr3	41000000	chr7	77000000	2	01	2	11	0.862488389	NA	11	0	0	11	0	0	2	1	2.31189073	11	1
chr3	41000000	chr7	108000000	6	01	6	11	0.983734965	NA	11	0	0	11	0	0	2	1	2.33111689	11	1
chr3	41000000	chr7	117000000	5	10	5	11	0.994409263	NA	11	0	5	11	0	0	3	1	3.08407716	11	1
chr3	41000000	chr7	79000000	4	01	4	11	0.937182486	NA	11	0	0	11	0	0	2	1	2.1799966	11	1
chr3	41000000	chr7	78000000	4	01	4	11	0.739994407	NA	11	0	0	11	0	0	2	1	2.10954796	11	1
chr3	42000000	chr7	79000000	5	01	5	11	0.605727255	NA	11	0	0	11	0	0	2	1	1.72342489	11	1
chr3	42000000	chr7	108000000	1	01	1	11	0.812549412	NA	11	0	0	11	0	0	2	1	1.51077828	11	1
chr3	43000000	chr7	79000000	2	01	2	11	0.772715986	NA	11	0	0	11	0	0	2	1	1.28459255	11	1
chr3	54000000	chr7	37000000	2	01	1	01	0.438426733	NA	01	1	0	01	1	2	1	1	0.549479615	01	1
chr3	54000000	chr7	36000000	1	01	1	01	0.486166179	NA	01	1	0	01	1	1	1	1	0.47081254	01	1
chr3	55000000	chr7	79000000	2	01	2	01	0.693428159	NA	01	2	0	01	2	2	1	1	0.984801807	01	1
chr3	55000000	chr7	35000000	8	01	8	01	0.762512267	NA	01	8	0	01	8	8	1	1	1.1306241	01	1
chr3	55000000	chr7	78000000	15	01	14	01	0.787570059	NA	01	14	1	01	14	14	1	1	0.99618644	01	1
chr3	55000000	chr7	36000000	13	01	12	01	0.801558435	NA	01	12	1	01	12	12	1	1	1.30222351	01	1
chr3	55000000	chr7	37000000	3	01	3	01	0.475519449	NA	01	3	0	01	3	3	1	1	1.33556011	01	1
chr3	57000000	chr7	118000000	11	10	11	01	0.892055571	NA	01	0	0	01	0	11	3	1	1.40455438	01	1
chr3	57000000	chr7	119000000	2	10	2	01	0.879412532	NA	01	0	0	01	0	2	3	1	1.75595323	01	1
chr3	57000000	chr7	103000000	3	10	3	11	0.525972724	NA	11	0	3	11	0	0	3	1	0.116007154	11	1
chr3	57000000	chr7	102000000	1	10	1	11	0.576355755	NA	11	0	1	11	0	0	3	1	0.71793928	11	1
chr3	57000000	chr7	98000000	1	10	1	11	0.638609648	NA	11	0	1	11	0	0	3	1	1.21863629	11	1
chr3	58000000	chr7	118000000	9	10	9	01	0.857538581	NA	01	0	0	01	0	9	3	1	1.55283118	01	1
chr3	58000000	chr7	103000000	1	10	1	11	0.559891164	NA	11	0	1	11	0	0	3	1	0.279711845	11	1
chr3	58000000	chr7	104000000	1	10	1	11	0.782044947	NA	11	0	1	11	0	0	3	1	3.07008203	11	1
chr3	58000000	chr7	119000000	1	10	1	01	0.779057622	NA	01	0	0	01	0	1	3	1	2.07322981	01	1
chr3	58000000	chr7	98000000	6	10	4	11	0.865171611	NA	11	2	4	11	2	2	3	1	2.04928972	11	1
chr3	58000000	chr7	105000000	1	10	1	11	0.613651693	NA	11	0	1	11	0	0	3	1	1.89489924	11	1
chr3	68000000	chr7	118000000	7	10	7	01	0.925844669	NA	01	0	0	01	0	7	3	1	0.98740672	01	1
chr3	69000000	chr7	118000000	9	10	9	11	0.576479673	NA	11	0	9	11	0	0	3	1	0.0710877779	11	1
chr3	69000000	chr7	117000000	24	10	24	11	0.999990702	NA	11	0	24	11	0	0	3	1	3.25083023	11	1
chr3	69000000	chr7	116000000	13	10	13	11	0.999862194	NA	11	0	13	11	0	0	3	1	3.32049933	11	1
chr3	69000000	chr7	99000000	33	10	33	11	0.999642611	NA	11	0	33	11	0	0	3	1	3.36394492	11	1
chr3	69000000	chr7	112000000	1	10	1	11	0.632016778	NA	11	0	1	11	0	0	3	1	1.02391383	11	1
chr3	69000000	chr7	100000000	3	10	3	11	0.992309093	NA	11	0	3	11	0	0	3	1	3.52184796	11	1
chr3	69000000	chr7	101000000	1	10	1	11	0.680930018	NA	11	0	1	11	0	0	3	1	2.85796659	11	1
chr3	69000000	chr7	98000000	1	10	1	11	0.700686097	NA	11	0	1	11	0	0	3	1	3.18711406	11	1
chr3	70000000	chr7	117000000	6	10	6	11	0.998078227	NA	11	0	6	11	0	0	3	1	3.12440915	11	1
chr3	71000000	chr7	117000000	2	10	2	11	0.996939182	NA	11	0	2	11	0	0	3	1	3.47570105	11	1
chr3	71000000	chr7	116000000	1	10	1	11	0.996072888	NA	11	0	1	11	0	0	3	1	3.4101669	11	1
chr3	72000000	chr7	117000000	9	10	9	11	0.999495983	NA	11	0	9	11	0	0	3	1	3.2325014	11	1
chr3	72000000	chr7	116000000	6	10	6	11	0.992738664	NA	11	0	6	11	0	0	3	1	3.18176707	11	1
chr3	86000000	chr7	80000000	3	01	3	11	0.547336459	NA	11	0	0	11	0	0	2	1	0.62312616	11	1
chr3	86000000	chr7	81000000	1	01	1	11	0.444200546	NA	11	0	0	11	0	0	2	1	0.517804055	11	1
chr3	86000000	chr7	112000000	1	01	1	01	0.318093538	NA	01	1	0	01	1	1	1	1	0.176944205	01	1
chr3	87000000	chr7	80000000	3	01	3	11	0.589131713	NA	11	0	0	11	0	0	2	1	0.200978963	11	1
chr3	88000000	chr7	80000000	7	01	7	11	0.588461637	NA	11	0	0	11	0	0	2	1	0.237250999	11	1
chr3	88000000	chr7	141000000	7	01	7	11	0.359664768	NA	11	0	0	11	0	0	3	1	0.100559653	11	1
chr3	95000000	chr7	79000000	3	01	3	11	0.611932158	NA	11	0	0	11	0	0	2	1	0.303451153	11	1
chr3	96000000	chr7	141000000	1	01	1	11	0.791960478	NA	11	0	0	11	0	0	2	1	1.48045636	11	1
chr3	97000000	chr7	100000000	3	01	3	11	0.517715633	NA	11	0	0	11	0	0	2	1	2.09034419	11	1
chr3	97000000	chr7	141000000	4	01	4	11	0.959607124	NA	11	0	0	11	0	0	2	1	1.82889732	11	1
chr3	97000000	chr7	99000000	4	01	4	11	0.64988488	NA	11	0	0	11	0	0	2	1	2.15463235	11	1
chr3	97000000	chr7	34000000	3	01	3	11	0.908714473	NA	11	0	0	11	0	0	2	1	1.73651315	11	1
chr3	97000000	chr7	29000000	1	01	1	11	0.625327468	NA	11	0	0	11	0	0	2	1	1.87866649	11	1
chr3	97000000	chr7	113000000	8	01	8	11	0.997860134	NA	11	0	0	11	0	0	2	1	2.04305172	11	1
chr3	97000000	chr7	115000000	5	01	5	11	0.98232919	NA	11	0	0	11	0	0	2	1	2.0097195	11	1
chr3	97000000	chr7	80000000	5	01	5	11	0.957470298	NA	11	0	0	11	0	0	2	1	1.29116708	11	1
chr3	97000000	chr7	28000000	9	01	9	11	0.961909652	NA	11	0	0	11	0	0	2	1	1.92042421	11	1
chr3	97000000	chr7	116000000	4	01	4	11	0.942535698	NA	11	0	0	11	0	0	2	1	1.87935524	11	1
chr3	97000000	chr7	79000000	1	01	1	11	0.870747387	NA	11	0	0	11	0	0	2	1	1.00972211	11	1
chr3	98000000	chr7	142000000	1	01	1	11	0.511306465	NA	11	0	0	11	0	0	2	1	1.22309964	11	1
chr3	98000000	chr7	115000000	16	01	16	11	0.986840844	NA	11	0	0	11	0	0	2	1	1.83341684	11	1
chr3	98000000	chr7	34000000	2	00	1	11	0.915744781	NA	11	0	0	11	0	1	4	1	1.72871258	11	1
chr3	98000000	chr7	36000000	5	01	5	11	0.747797549	NA	11	0	0	11	0	0	2	1	0.900847831	11	1
chr3	98000000	chr7	116000000	13	01	13	11	0.987555921	NA	11	0	0	11	0	0	2	1	1.59537898	11	1
chr3	98000000	chr7	79000000	3	01	3	11	0.715714812	NA	11	0	0	11	0	0	2	1	1.34469832	11	1
chr3	98000000	chr7	37000000	4	01	4	11	0.735758722	NA	11	0	0	11	0	0	2	1	0.952750097	11	1
chr3	98000000	chr7	38000000	2	01	2	11	0.5816167	NA	11	0	0	11	0	0	2	1	1.61978035	11	1
chr3	98000000	chr7	35000000	1	01	1	11	0.893540084	NA	11	0	0	11	0	0	2	1	1.37090161	11	1
chr3	99000000	chr7	79000000	1	01	1	11	0.702863932	NA	11	0	0	11	0	0	2	1	0.856940519	11	1
chr3	100000000	chr7	37000000	1	00	1	11	0.515535712	NA	11	0	0	11	0	1	4	1	0.694078042	11	1
chr3	100000000	chr7	36000000	1	00	1	11	0.584610105	NA	11	0	0	11	0	1	4	1	0.634650515	11	1
chr3	100000000	chr7	35000000	4	00	2	11	0.48565954	NA	11	0	0	11	0	2	4	1	0.938633409	11	1
chr3	101000000	chr7	50000000	3	00	3	11	0.4374336	NA	11	0	0	11	0	3	4	1	1.53333525	11	1
chr3	102000000	chr7	108000000	2	00	1	11	0.714257836	NA	11	0	0	11	0	1	4	1	1.48407012	11	1
chr3	102000000	chr7	110000000	4	01	3	11	0.697220862	NA	11	0	0	11	0	1	2	1	1.11294378	11	1
chr3	102000000	chr7	50000000	3	00	3	11	0.74943924	NA	11	0	0	11	0	3	4	1	2.18963733	11	1
chr3	103000000	chr7	111000000	1	01	1	11	0.691183269	NA	11	0	0	11	0	0	2	1	0.576060376	11	1
chr3	103000000	chr7	110000000	3	01	3	11	0.831842244	NA	11	0	0	11	0	0	2	1	0.617706925	11	1
chr3	103000000	chr7	109000000	2	01	2	11	0.649077177	NA	11	0	0	11	0	0	2	1	0.757677151	11	1
chr3	104000000	chr7	80000000	1	01	1	11	0.696966648	NA	11	0	0	11	0	0	2	1	0.611804895	11	1
chr3	108000000	chr7	80000000	3	01	3	11	0.615964592	NA	11	0	0	11	0	0	2	1	0.42111575	11	1
chr3	112000000	chr7	79000000	14	01	14	01	0.812363446	NA	01	14	0	01	14	14	1	1	0.852046727	01	1
chr3	112000000	chr7	78000000	2	01	2	01	0.609678864	NA	01	2	0	01	2	2	1	1	0.716306456	01	1
chr3	112000000	chr7	36000000	1	01	1	01	0.557495654	NA	01	1	0	01	1	1	1	1	1.13973284	01	1
chr3	113000000	chr7	35000000	1	01	1	01	0.695412159	NA	01	1	0	01	1	1	1	1	1.27460158	01	1
chr3	113000000	chr7	36000000	3	01	3	01	0.803700447	NA	01	3	0	01	3	3	1	1	1.47765792	01	1
chr3	115000000	chr7	114000000	2	01	1	01	0.355132699	NA	01	1	0	01	1	1	1	1	0.243378146	01	1
chr3	115000000	chr7	115000000	1	01	1	01	0.410618097	NA	01	1	0	01	1	1	1	1	0.124110758	01	1
chr3	115000000	chr7	37000000	8	01	8	01	0.871968925	NA	01	8	0	01	8	8	1	1	1.20062824	01	1
chr3	115000000	chr7	36000000	1	01	1	01	0.533438206	NA	01	1	0	01	1	1	1	1	1.11301212	01	1
chr3	116000000	chr7	115000000	8	01	8	01	0.426950663	NA	01	8	0	01	8	8	1	1	0.460662925	01	1
chr3	116000000	chr7	37000000	7	01	7	01	0.928305209	NA	01	7	0	01	7	7	1	1	1.77664855	01	1
chr3	116000000	chr7	114000000	4	01	4	01	0.478546113	NA	01	4	0	01	4	4	1	1	0.618222122	01	1
chr3	116000000	chr7	46000000	1	01	1	01	0.586178303	NA	01	1	0	01	1	1	1	1	0.721262685	01	1
chr3	118000000	chr7	118000000	2	10	2	01	0.546828687	NA	01	0	0	01	0	2	3	1	1.27574361	01	1
chr3	118000000	chr7	103000000	1	10	1	01	0.418521345	NA	01	0	0	11	0	1	3	2	0.021868989	11	1
chr3	118000000	chr7	104000000	2	10	2	11	0.749222338	NA	11	0	2	11	0	0	3	1	2.31935596	11	1
chr3	118000000	chr7	105000000	1	10	1	11	0.578496099	NA	11	0	1	11	0	0	3	1	1.46803065	11	1
chr3	118000000	chr7	98000000	3	10	3	11	0.59041959	NA	11	0	3	11	0	0	3	1	1.55864267	11	1
chr3	118000000	chr7	45000000	2	01	2	11	0.740516186	NA	11	0	0	11	0	0	2	1	1.80669725	11	1
chr3	119000000	chr7	46000000	2	01	2	11	0.523773313	NA	11	0	0	11	0	0	2	1	0.229092471	11	1
chr3	119000000	chr7	61000000	1	01	1	01	0.381334573	NA	01	1	0	01	1	1	1	1	0.0636250404	01	1
chr3	120000000	chr7	45000000	1	01	1	11	0.686131775	NA	11	0	0	11	0	0	2	1	0.853130924	11	1
chr3	120000000	chr7	43000000	1	01	1	11	0.500611365	NA	11	0	0	11	0	0	2	1	0.58118723	11	1
chr3	129000000	chr7	118000000	4	10	4	01	0.575257421	NA	01	0	0	01	0	4	3	1	1.11055003	01	1
chr3	129000000	chr7	117000000	3	10	3	11	0.630616069	NA	11	0	3	11	0	0	3	1	1.50947468	11	1
chr3	130000000	chr7	119000000	1	10	1	01	0.465335727	NA	01	0	0	01	0	1	3	1	1.87110683	01	1
chr3	152000000	chr7	117000000	2	10	2	11	0.934523046	NA	11	0	2	11	0	0	3	1	1.68219594	11	1
chr3	153000000	chr7	117000000	4	10	4	11	0.907881677	NA	11	0	4	11	0	0	3	1	1.56993414	11	1
chr3	153000000	chr7	118000000	2	10	2	01	0.91847986	NA	01	0	0	01	0	2	3	1	1.69761835	01	1
chr3	154000000	chr7	119000000	2	10	2	01	0.999855638	NA	01	0	0	01	0	2	3	1	3.3713792	01	1
chr3	154000000	chr7	118000000	1	10	1	01	0.957764149	NA	01	0	0	01	0	1	3	1	3.09241545	01	1
chr3	155000000	chr7	119000000	2	10	2	01	0.97557348	NA	01	0	0	01	0	2	3	1	3.23973209	01	1
chr3	156000000	chr7	25000000	2	01	1	11	0.433885545	NA	11	0	1	11	0	0	3	1	3.25880992	11	1
chr3	156000000	chr7	119000000	9	10	9	01	0.996872485	NA	01	0	0	01	0	9	2	1	3.22558264	01	1
chr3	156000000	chr7	118000000	9	10	9	01	0.997433245	NA	01	0	0	01	0	9	2	1	2.92801395	01	1
chr3	157000000	chr7	119000000	19	10	19	01	0.999983191	NA	01	0	0	01	0	19	2	1	3.28012297	01	1
chr3	157000000	chr7	102000000	3	10	3	01	0.436587632	NA	01	0	0	01	0	3	3	1	1.09006642	01	1
chr3	157000000	chr7	118000000	33	10	33	01	0.999908805	NA	01	0	0	01	0	33	2	1	3.03758707	01	1
chr3	157000000	chr7	58000000	5	01	5	01	0.25	NA	00	0	0	01	5	0	1	1	0.399058285	01	1
chr3	157000000	chr7	25000000	3	01	3	11	0.431880027	NA	11	0	0	11	0	0	2	1	3.98880212	11	1
chr3	7000000	chr8	99000000	13	00	13	10	0.584043145	NA	10	0	0	10	0	0	2	1	0.117810268	10	0
chr3	7000000	chr8	98000000	1	00	1	00	0.413030684	NA	00	1	1	00	1	1	1	1	0.523667936	00	0
chr3	8000000	chr8	99000000	3	00	3	10	0.526450098	NA	10	0	0	10	0	0	2	1	0.475326014	10	0
chr3	9000000	chr8	99000000	1	00	1	10	0.468142867	NA	10	0	0	10	0	0	2	1	0.23862648	10	0
chr3	49000000	chr8	98000000	22	00	22	00	0.994767785	NA	00	22	22	00	22	22	1	1	2.80637577	00	0
chr3	49000000	chr8	95000000	9	00	9	00	0.962908447	NA	00	9	9	00	9	9	1	1	2.08959345	00	0
chr3	49000000	chr8	99000000	2	00	2	00	0.880378544	NA	00	2	2	00	2	2	1	1	2.41786525	00	0
chr3	49000000	chr8	97000000	3	00	3	00	0.54675287	NA	00	3	3	00	3	3	1	1	1.54622104	00	0
chr3	49000000	chr8	102000000	2	00	2	00	0.601214588	NA	00	2	2	00	2	2	1	1	2.03602792	00	0
chr3	50000000	chr8	95000000	1	00	1	00	0.722469151	NA	00	1	1	00	1	1	1	1	1.35037071	00	0
chr3	50000000	chr8	98000000	10	00	10	00	0.984333158	NA	00	10	10	00	10	10	1	1	2.26221947	00	0
chr3	50000000	chr8	97000000	5	00	5	00	0.640967727	NA	00	5	5	00	5	5	1	1	0.738165341	00	0
chr3	50000000	chr8	82000000	2	00	2	10	0.3815763	NA	10	0	0	00	2	0	1	2	0.111071867	00	0
chr3	51000000	chr8	97000000	2	00	2	00	0.734269083	NA	00	2	2	00	2	2	1	1	1.27323216	00	0
chr3	51000000	chr8	82000000	2	00	2	00	0.451362103	NA	00	2	2	00	2	2	1	1	0.911377367	00	0
chr3	51000000	chr8	98000000	4	00	4	00	0.969604373	NA	00	4	4	00	4	4	1	1	2.32636496	00	0
chr3	93000000	chr8	106000000	2	11	2	00	0.395745754	NA	00	0	0	00	0	2	4	1	0.703668539	00	0
chr3	94000000	chr8	80000000	1	11	1	00	0.25	NA	00	0	0	00	0	1	4	1	1.32357096	00	0
chr3	108000000	chr8	106000000	8	11	8	00	0.982355535	NA	00	0	0	00	0	8	4	1	2.49382475	00	0
chr3	108000000	chr8	45000000	5	11	5	00	0.596837163	NA	00	0	0	00	0	5	4	1	0.183656592	00	0
chr3	108000000	chr8	80000000	1	11	1	00	0.717273891	NA	00	0	0	00	0	1	4	1	2.63060007	00	0
chr3	109000000	chr8	80000000	9	11	8	00	0.935658932	NA	00	0	0	00	0	8	4	1	2.71234346	00	0
chr3	109000000	chr8	106000000	15	11	15	00	0.999317288	NA	00	0	0	00	0	15	4	1	3.03717923	00	0
chr3	109000000	chr8	45000000	4	11	4	00	0.644143581	NA	00	0	0	00	0	4	4	1	0.331223746	00	0
chr3	109000000	chr8	46000000	4	11	4	00	0.908190548	NA	00	0	0	00	0	4	4	1	1.66933318	00	0
chr3	109000000	chr8	79000000	5	11	5	00	0.555195153	NA	00	0	0	00	0	5	4	1	2.77319651	00	0
chr3	109000000	chr8	110000000	3	11	3	00	0.90836215	NA	00	0	0	00	0	3	4	1	2.50678972	00	0
chr3	109000000	chr8	44000000	1	11	1	01	0.521512389	NA	01	0	0	01	0	0	3	1	1.04194395	01	0
chr3	109000000	chr8	107000000	1	11	1	00	0.908135653	NA	00	0	0	00	0	1	4	1	2.55245996	00	0
chr3	110000000	chr8	106000000	3	11	3	00	0.942340612	NA	00	0	0	00	0	3	4	1	2.18083844	00	0
chr3	110000000	chr8	45000000	1	11	1	00	0.485690206	NA	00	0	0	00	0	1	4	1	0.34712139	00	0
chr3	147000000	chr8	106000000	1	10	1	00	0.389634997	NA	00	0	0	00	0	0	3	1	1.07098549	00	0
chr3	147000000	chr8	45000000	2	11	2	00	0.25	NA	00	0	0	01	0	2	4	2	0.997204964	01	0
chr4	22000000	chr10	7000000	8	10	8	00	0.604559064	NA	00	0	0	00	0	0	4	1	0.141831938	00	1
chr4	22000000	chr10	10000000	6	10	6	00	0.665346563	NA	00	0	0	00	0	0	4	1	0.406778988	00	1
chr4	22000000	chr10	6000000	2	10	2	00	0.585476279	NA	00	0	0	00	0	0	4	1	0.32929097	00	1
chr4	22000000	chr10	25000000	2	10	2	00	0.433991343	NA	00	0	0	00	0	0	4	1	0.668522998	00	1
chr4	22000000	chr10	23000000	8	10	7	00	0.817205131	NA	00	1	0	00	1	1	4	1	1.11709484	00	1
chr4	23000000	chr10	6000000	1	10	1	00	0.448989868	NA	00	0	0	00	0	0	4	1	0.203330036	00	1
chr4	23000000	chr10	25000000	2	10	2	00	0.563054681	NA	00	0	0	00	0	0	4	1	0.570180344	00	1
chr4	23000000	chr10	9000000	7	10	7	01	0.651667297	NA	01	0	0	01	0	7	4	1	0.489119516	01	1
chr4	23000000	chr10	5000000	1	10	1	01	0.564276278	NA	01	0	0	01	0	1	4	1	0.520107537	01	1
chr4	23000000	chr10	17000000	1	10	1	00	0.621538937	NA	00	0	0	00	0	0	4	1	1.15935484	00	1
chr4	23000000	chr10	23000000	1	11	1	00	0.828740358	NA	00	0	0	00	0	1	3	1	1.09327675	00	1
chr4	23000000	chr10	7000000	1	10	1	00	0.478833795	NA	00	0	0	01	0	0	4	2	0.0907623893	01	1
chr4	24000000	chr10	7000000	4	10	4	00	0.527105272	NA	00	0	0	00	0	0	4	1	0.114011422	00	1
chr4	28000000	chr10	23000000	6	10	6	00	0.714122534	NA	00	0	0	00	0	0	4	1	1.03087151	00	1
chr4	45000000	chr10	59000000	2	10	2	01	0.684305489	NA	01	0	0	01	0	2	4	1	0.530524397	01	1
chr4	46000000	chr10	7000000	6	10	6	00	0.573099613	NA	00	0	0	01	0	0	4	2	0.0800703069	01	1
chr4	46000000	chr10	59000000	18	10	18	00	0.862849474	NA	00	0	0	00	0	0	4	1	0.663573346	00	1
chr4	46000000	chr10	14000000	4	10	4	00	0.938592017	NA	00	0	0	00	0	0	4	1	2.30949642	00	1
chr4	46000000	chr10	8000000	2	10	2	01	0.556057811	NA	01	0	0	01	0	2	4	1	0.241523348	01	1
chr4	46000000	chr10	11000000	1	10	1	00	0.501073122	NA	00	0	0	00	0	0	4	1	0.0791846536	00	1
chr4	46000000	chr10	13000000	17	10	17	00	0.997559071	NA	00	0	0	00	0	0	4	1	2.07382799	00	1
chr4	46000000	chr10	69000000	5	10	5	00	0.902956426	NA	00	0	0	00	0	0	4	1	1.64888928	00	1
chr4	46000000	chr10	18000000	13	10	12	00	0.995274782	NA	00	1	0	00	1	1	4	1	1.55996063	00	1
chr4	46000000	chr10	60000000	6	10	6	00	0.848285079	NA	00	0	0	00	0	0	4	1	1.46608592	00	1
chr4	46000000	chr10	68000000	9	10	9	00	0.918778121	NA	00	0	0	00	0	0	4	1	1.09268464	00	1
chr4	46000000	chr10	4000000	11	10	11	01	0.556880176	NA	01	0	0	01	0	11	4	1	0.375315933	01	1
chr4	46000000	chr10	5000000	5	10	5	00	0.577041388	NA	00	0	0	01	0	0	4	2	0.156180376	01	1
chr4	46000000	chr10	24000000	5	10	5	00	0.97499305	NA	00	0	0	00	0	0	4	1	1.10804956	00	1
chr4	46000000	chr10	25000000	3	10	3	00	0.951438606	NA	00	0	0	00	0	0	4	1	0.986883405	00	1
chr4	47000000	chr10	24000000	2	10	2	00	0.767595232	NA	00	0	0	00	0	0	4	1	0.514979636	00	1
chr4	47000000	chr10	7000000	17	10	17	01	0.870141268	NA	01	0	0	01	0	17	4	1	0.715657848	01	1
chr4	47000000	chr10	25000000	5	10	5	00	0.70277369	NA	00	0	0	00	0	0	4	1	0.187492976	00	1
chr4	47000000	chr10	5000000	4	10	3	01	0.892809629	NA	01	0	1	01	0	3	4	1	1.15657345	01	1
chr4	47000000	chr10	6000000	1	11	1	01	0.598089993	NA	01	0	0	01	0	0	3	1	0.477658618	01	1
chr4	47000000	chr10	4000000	1	10	1	01	0.654531002	NA	01	0	0	01	0	1	4	1	1.16748852	01	1
chr4	47000000	chr10	26000000	1	10	1	00	0.626954436	NA	00	0	0	00	0	0	4	1	0.568021574	00	1
chr4	48000000	chr10	5000000	2	10	2	01	0.837278247	NA	01	0	0	01	0	2	4	1	1.2326131	01	1
chr4	48000000	chr10	25000000	1	10	1	00	0.593120813	NA	00	0	0	00	0	0	4	1	0.0958340056	00	1
chr4	48000000	chr10	6000000	2	10	2	01	0.625069678	NA	01	0	0	01	0	2	4	1	0.519417907	01	1
chr4	48000000	chr10	7000000	4	10	4	01	0.823318422	NA	01	0	0	01	0	4	4	1	0.678101907	01	1
chr4	48000000	chr10	8000000	1	10	1	01	0.803449392	NA	01	0	0	01	0	1	4	1	0.899655264	01	1
chr4	48000000	chr10	31000000	1	10	1	01	0.607995868	NA	01	0	0	01	0	1	4	1	0.449761257	01	1
chr4	53000000	chr10	27000000	6	10	5	00	0.980163991	NA	00	1	0	00	1	1	4	1	2.10922506	00	1
chr4	53000000	chr10	28000000	2	10	2	00	0.983001113	NA	00	0	0	00	0	0	4	1	2.01986059	00	1
chr4	53000000	chr10	57000000	2	10	2	11	0.458637536	NA	11	0	2	11	0	0	4	1	0.299920924	11	1
chr4	53000000	chr10	29000000	1	10	1	00	0.947981954	NA	00	0	0	00	0	0	4	1	1.97906359	00	1
chr4	54000000	chr10	28000000	12	10	12	00	0.989517748	NA	00	0	0	00	0	0	4	1	2.29569989	00	1
chr4	54000000	chr10	29000000	3	10	3	00	0.99768436	NA	00	0	0	00	0	0	4	1	2.23281169	00	1
chr4	54000000	chr10	30000000	13	10	13	00	0.998647392	NA	00	0	0	00	0	0	4	1	2.05260817	00	1
chr4	55000000	chr10	30000000	12	10	12	00	0.94442153	NA	00	0	0	00	0	0	4	1	1.1912881	00	1
chr4	56000000	chr10	28000000	1	10	1	00	0.917394042	NA	00	0	0	00	0	0	4	1	2.23544652	00	1
chr4	56000000	chr10	27000000	2	10	2	00	0.901180327	NA	00	0	0	00	0	0	4	1	2.30033167	00	1
chr4	56000000	chr10	26000000	1	10	1	00	0.953264117	NA	00	0	0	00	0	0	4	1	1.51531775	00	1
chr4	56000000	chr10	29000000	1	10	1	00	0.841268539	NA	00	0	0	00	0	0	4	1	1.99020758	00	1
chr4	64000000	chr10	4000000	3	10	3	01	0.818193078	NA	01	0	0	01	0	3	4	1	1.46704285	01	1
chr4	64000000	chr10	24000000	1	10	1	00	0.482244432	NA	00	0	0	00	0	0	4	1	0.113362508	00	1
chr4	68000000	chr10	5000000	2	10	2	01	0.784150183	NA	01	0	0	01	0	2	4	1	1.38395121	01	1
chr4	68000000	chr10	31000000	5	10	5	01	0.753739476	NA	01	0	0	01	0	5	4	1	0.855625778	01	1
chr4	68000000	chr10	30000000	2	10	2	00	0.588733912	NA	00	0	0	00	0	0	4	1	0.565577212	00	1
chr4	69000000	chr10	31000000	3	10	3	01	0.547067821	NA	01	0	0	01	0	3	4	1	0.203644871	01	1
chr4	69000000	chr10	5000000	11	10	11	01	0.931198537	NA	01	0	0	01	0	11	4	1	1.14397742	01	1
chr4	69000000	chr10	29000000	2	10	2	01	0.593282342	NA	01	0	0	01	0	2	4	1	0.819045672	01	1
chr4	69000000	chr10	6000000	3	10	3	01	0.572263777	NA	01	0	0	01	0	3	4	1	0.513333425	01	1
chr4	92000000	chr10	30000000	2	10	2	00	0.788545132	NA	00	0	0	00	0	0	4	1	1.01933454	00	1
chr4	93000000	chr10	30000000	1	10	1	00	0.715532839	NA	00	0	0	00	0	0	4	1	1.12310426	00	1
chr4	99000000	chr10	12000000	3	10	3	01	0.745793641	NA	01	0	0	01	0	3	4	1	1.12096794	01	1
chr4	99000000	chr10	31000000	1	10	1	00	0.351162016	NA	00	0	0	00	0	0	4	1	0.053452011	00	1
chr4	99000000	chr10	30000000	2	10	2	00	0.816979229	NA	00	0	0	00	0	0	4	1	1.65871883	00	1
chr4	99000000	chr10	26000000	4	10	4	00	0.730588615	NA	00	0	0	00	0	0	4	1	1.38376375	00	1
chr4	99000000	chr10	33000000	2	10	2	00	0.375976622	NA	00	0	0	01	0	0	4	2	0.0241388862	01	1
chr4	99000000	chr10	34000000	4	10	4	11	0.678632259	NA	11	0	4	11	0	0	4	1	0.238084773	11	1
chr4	100000000	chr10	26000000	3	10	3	00	0.528232932	NA	00	0	0	00	0	0	4	1	0.893368829	00	1
chr4	100000000	chr10	34000000	5	10	5	00	0.511285126	NA	00	0	0	00	0	0	4	1	0.437122013	00	1
chr4	100000000	chr10	12000000	6	10	6	01	0.960747123	NA	01	0	0	01	0	6	4	1	0.841166131	01	1
chr4	100000000	chr10	11000000	6	10	6	01	0.984531939	NA	01	0	0	01	0	6	4	1	1.31005106	01	1
chr4	100000000	chr10	58000000	3	10	2	01	0.388335258	NA	01	1	0	00	0	3	4	2	0.178848461	00	1
chr4	100000000	chr10	69000000	8	10	8	00	0.4523682	NA	00	0	0	00	0	0	4	1	0.34611661	00	1
chr4	100000000	chr10	25000000	7	10	7	00	0.637736022	NA	00	0	0	00	0	0	4	1	0.27076164	00	1
chr4	100000000	chr10	33000000	2	10	2	01	0.560803533	NA	01	0	0	01	0	2	4	1	0.141724804	01	1
chr4	100000000	chr10	8000000	3	10	3	01	0.918389857	NA	01	0	0	01	0	3	4	1	0.826546147	01	1
chr4	101000000	chr10	12000000	5	10	5	01	0.964812875	NA	01	0	0	01	0	5	4	1	1.43217554	01	1
chr4	101000000	chr10	11000000	2	10	2	01	0.811317563	NA	01	0	0	01	0	2	4	1	1.515538	01	1
chr4	101000000	chr10	8000000	2	10	2	01	0.829169869	NA	01	0	0	01	0	2	4	1	0.88795518	01	1
chr4	103000000	chr10	30000000	4	10	4	00	0.746773005	NA	00	0	0	00	0	0	4	1	1.51578841	00	1
chr4	103000000	chr10	34000000	2	10	2	11	0.399271548	NA	11	0	2	11	0	0	4	1	0.327910632	11	1
chr4	103000000	chr10	11000000	1	10	1	01	0.576221287	NA	01	0	0	01	0	1	4	1	1.29821389	01	1
chr4	103000000	chr10	12000000	1	10	1	01	0.567768157	NA	01	0	0	01	0	1	4	1	1.30051911	01	1
chr4	104000000	chr10	25000000	1	10	1	00	0.405276835	NA	00	0	0	00	0	0	4	1	0.00864426326	00	1
chr4	104000000	chr10	12000000	8	10	8	01	0.993858397	NA	01	0	0	01	0	8	4	1	1.50545303	01	1
chr4	104000000	chr10	11000000	4	10	4	01	0.9504866	NA	01	0	0	01	0	4	4	1	1.44742863	01	1
chr4	105000000	chr10	12000000	9	10	9	01	0.953827202	NA	01	0	0	01	0	9	4	1	1.19545915	01	1
chr4	105000000	chr10	11000000	1	10	1	01	0.748015225	NA	01	0	0	01	0	1	4	1	1.3566045	01	1
chr4	106000000	chr10	12000000	15	10	15	01	0.950240135	NA	01	0	0	01	0	15	4	1	0.663674717	01	1
chr4	106000000	chr10	85000000	2	01	1	11	0.547810018	NA	11	0	1	11	0	0	3	1	1.0640282	11	1
chr4	106000000	chr10	11000000	4	10	4	01	0.818799257	NA	01	0	0	01	0	4	4	1	1.03267881	01	1
chr4	106000000	chr10	82000000	1	10	1	11	0.67302537	NA	11	0	1	11	0	0	4	1	1.02830746	11	1
chr4	106000000	chr10	40000000	3	10	3	11	0.745195627	NA	11	0	3	11	0	0	4	1	0.183393225	11	1
chr4	106000000	chr10	83000000	2	10	2	11	0.869071662	NA	11	0	2	11	0	0	4	1	0.634424976	11	1
chr4	106000000	chr10	88000000	1	10	1	11	0.509932399	NA	11	0	1	11	0	0	4	1	0.333622625	11	1
chr4	107000000	chr10	40000000	4	10	4	11	0.95520854	NA	11	0	4	11	0	0	4	1	1.09455796	11	1
chr4	107000000	chr10	84000000	2	10	2	11	0.893989682	NA	11	0	2	11	0	0	4	1	1.75315826	11	1
chr4	107000000	chr10	85000000	1	10	1	11	0.989733994	NA	11	0	1	11	0	0	4	1	1.83354181	11	1
chr4	107000000	chr10	88000000	1	10	1	11	0.490349889	NA	11	0	1	11	0	0	4	1	0.823209169	11	1
chr4	108000000	chr10	83000000	1	10	1	11	0.791629314	NA	11	0	1	11	0	0	4	1	1.25518649	11	1
chr4	108000000	chr10	92000000	2	10	2	11	0.851089597	NA	11	0	2	11	0	0	4	1	0.959510852	11	1
chr4	108000000	chr10	82000000	1	10	1	11	0.848006189	NA	11	0	1	11	0	0	4	1	0.963237114	11	1
chr4	108000000	chr10	108000000	2	10	1	11	0.377208173	NA	11	1	1	11	1	1	4	1	1.5633777	11	1
chr4	108000000	chr10	93000000	6	10	6	11	0.894172072	NA	11	0	6	11	0	0	4	1	1.01822498	11	1
chr4	108000000	chr10	77000000	10	10	10	11	0.996126235	NA	11	0	10	11	0	0	4	1	1.55836779	11	1
chr4	108000000	chr10	70000000	1	10	1	11	0.801730514	NA	11	0	1	11	0	0	4	1	0.677316771	11	1
chr4	108000000	chr10	91000000	5	10	5	11	0.916874528	NA	11	0	5	11	0	0	4	1	0.923122521	11	1
chr4	108000000	chr10	75000000	1	10	1	11	0.904157698	NA	11	0	1	11	0	0	4	1	1.39300814	11	1
chr4	108000000	chr10	76000000	2	10	2	11	0.883715987	NA	11	0	2	11	0	0	4	1	0.925531062	11	1
chr4	108000000	chr10	105000000	2	10	2	00	0.298547029	NA	00	0	0	00	0	0	4	1	0.31539365	00	1
chr4	108000000	chr10	46000000	2	10	2	11	0.825027347	NA	11	0	2	11	0	0	4	1	1.37016408	11	1
chr4	108000000	chr10	47000000	1	10	1	11	0.758210599	NA	11	0	1	11	0	0	4	1	1.87596724	11	1
chr4	109000000	chr10	77000000	5	10	5	11	0.997137666	NA	11	0	5	11	0	0	3	1	2.74709151	11	1
chr4	109000000	chr10	110000000	3	10	3	11	0.4143112	NA	11	0	3	11	0	0	3	1	2.43520733	11	1
chr4	109000000	chr10	46000000	11	10	9	11	0.999507546	NA	11	0	9	11	0	2	4	1	2.65793953	11	1
chr4	109000000	chr10	34000000	1	10	1	11	0.894406378	NA	11	0	1	11	0	0	4	1	1.9048307	11	1
chr4	109000000	chr10	52000000	3	10	3	11	0.97971648	NA	11	0	3	11	0	0	4	1	2.10001897	11	1
chr4	109000000	chr10	47000000	7	10	7	11	0.999447286	NA	11	0	7	11	0	0	4	1	3.07960682	11	1
chr4	109000000	chr10	91000000	15	10	15	11	0.999694824	NA	11	0	15	11	0	0	4	1	2.17978742	11	1
chr4	109000000	chr10	92000000	3	10	3	11	0.986022711	NA	11	0	3	11	0	0	3	1	2.20646347	11	1
chr4	109000000	chr10	76000000	1	10	1	11	0.589325011	NA	11	0	1	11	0	0	4	1	1.91976474	11	1
chr4	109000000	chr10	27000000	1	10	1	11	0.461960971	NA	11	0	1	11	0	0	4	1	0.203506272	11	1
chr4	109000000	chr10	107000000	1	10	1	11	0.441485882	NA	11	0	1	11	0	0	3	1	2.09853944	11	1
chr4	109000000	chr10	108000000	1	10	1	11	0.525006354	NA	11	0	1	11	0	0	3	1	2.41602321	11	1
chr4	110000000	chr10	93000000	2	10	2	11	0.916545331	NA	11	0	2	11	0	0	3	1	2.69338342	11	1
chr4	110000000	chr10	92000000	4	10	4	11	0.998992264	NA	11	0	4	11	0	0	4	1	2.64148157	11	1
chr4	110000000	chr10	108000000	1	10	1	11	0.446341574	NA	11	0	1	11	0	0	3	1	3.18150261	11	1
chr4	110000000	chr10	27000000	6	10	6	00	0.580277264	NA	00	0	0	00	0	0	4	1	0.585033037	00	1
chr4	110000000	chr10	77000000	1	10	1	11	0.954907775	NA	11	0	1	11	0	0	2	1	3.23187515	11	1
chr4	113000000	chr10	57000000	1	10	1	11	0.359448284	NA	11	0	1	00	0	0	4	2	0.100754981	00	1
chr4	114000000	chr10	27000000	2	10	2	00	0.777939856	NA	00	0	0	00	0	0	4	1	1.69434469	00	1
chr4	116000000	chr10	12000000	1	10	1	01	0.778412402	NA	01	0	0	01	0	1	4	1	1.06452185	01	1
chr4	116000000	chr10	11000000	1	10	1	01	0.826358974	NA	01	0	0	01	0	1	4	1	1.14031626	01	1
chr4	116000000	chr10	8000000	2	10	2	01	0.445909619	NA	01	0	0	01	0	2	4	1	0.469872515	01	1
chr4	117000000	chr10	11000000	1	10	1	01	0.52693373	NA	01	0	0	01	0	1	4	1	0.404095161	01	1
chr4	117000000	chr10	8000000	3	10	3	00	0.450726986	NA	00	0	0	00	0	0	4	1	0.0995834182	00	1
chr4	117000000	chr10	70000000	11	10	11	11	0.955183864	NA	11	0	11	11	0	0	4	1	0.95907434	11	1
chr4	117000000	chr10	7000000	1	01	1	00	0.47384426	NA	00	0	1	00	0	0	2	1	0.275609098	00	1
chr4	117000000	chr10	56000000	10	10	9	11	0.784802437	NA	11	1	9	11	1	1	4	1	0.76307595	11	1
chr4	117000000	chr10	47000000	4	10	4	11	0.569436371	NA	11	0	4	11	0	0	4	1	1.64308598	11	1
chr4	117000000	chr10	52000000	7	10	6	11	0.926681876	NA	11	0	6	11	0	0	4	1	1.43376587	11	1
chr4	117000000	chr10	28000000	1	10	1	00	0.512588561	NA	00	0	0	11	0	0	4	2	0.0849810986	11	1
chr4	117000000	chr10	34000000	5	10	5	11	0.727936924	NA	11	0	5	11	0	0	4	1	0.482987713	11	1
chr4	117000000	chr10	71000000	1	10	1	11	0.85426718	NA	11	0	1	11	0	0	4	1	1.44730909	11	1
chr4	117000000	chr10	57000000	1	10	1	11	0.46659261	NA	11	0	1	11	0	0	4	1	0.244728802	11	1
chr4	117000000	chr10	27000000	6	10	6	00	0.564384043	NA	00	0	0	00	0	0	4	1	0.0144053129	00	1
chr4	117000000	chr10	91000000	10	10	10	11	0.990611732	NA	11	0	10	11	0	0	4	1	1.79596601	11	1
chr4	117000000	chr10	92000000	6	10	6	11	0.956734061	NA	11	0	6	11	0	0	4	1	1.85336075	11	1
chr4	117000000	chr10	55000000	1	10	1	11	0.557281673	NA	11	0	1	11	0	0	4	1	0.663293851	11	1
chr4	118000000	chr10	91000000	1	10	1	11	0.626288056	NA	11	0	1	11	0	0	4	1	1.57272539	11	1
chr4	118000000	chr10	57000000	1	10	1	11	0.592118204	NA	11	0	1	11	0	0	4	1	0.798147713	11	1
chr4	124000000	chr10	40000000	1	10	1	00	0.400567234	NA	00	0	0	00	0	0	4	1	0.455066578	00	1
chr4	125000000	chr10	12000000	2	10	2	00	0.606248975	NA	00	0	0	00	0	0	4	1	0.195079771	00	1
chr4	125000000	chr10	59000000	5	10	5	00	0.565095603	NA	00	0	0	00	0	0	4	1	0.494286727	00	1
chr4	125000000	chr10	40000000	11	10	11	00	0.628573656	NA	00	0	0	00	0	0	4	1	0.486769465	00	1
chr4	125000000	chr10	19000000	3	10	3	00	0.429713368	NA	00	0	0	00	0	0	4	1	1.20196499	00	1
chr4	125000000	chr10	41000000	10	10	10	11	0.53965497	NA	11	0	10	11	0	0	4	1	0.0767943281	11	1
chr4	125000000	chr10	4000000	7	10	7	00	0.567411959	NA	00	0	0	00	0	0	4	1	0.290560947	00	1
chr4	125000000	chr10	60000000	2	10	2	00	0.492824703	NA	00	0	0	00	0	0	4	1	0.0931637146	00	1
chr4	125000000	chr10	20000000	18	10	18	00	0.855055213	NA	00	0	0	00	0	0	4	1	0.810966547	00	1
chr4	125000000	chr10	39000000	1	10	1	00	0.458004504	NA	00	0	0	00	0	0	4	1	0.177500992	00	1
chr4	129000000	chr10	39000000	1	10	1	11	0.401226312	NA	11	0	1	11	0	0	4	1	0.724428401	11	1
chr4	139000000	chr10	77000000	5	10	5	11	0.447302341	NA	11	0	5	11	0	0	4	1	1.43169964	11	1
chr4	139000000	chr10	93000000	6	10	6	11	0.759970069	NA	11	0	6	11	0	0	4	1	1.71792779	11	1
chr4	139000000	chr10	79000000	1	10	1	11	0.939122677	NA	11	0	1	11	0	0	4	1	2.53007278	11	1
chr4	140000000	chr10	93000000	8	10	8	11	0.897955358	NA	11	0	8	11	0	0	4	1	1.515932	11	1
chr4	140000000	chr10	79000000	3	10	3	11	0.818317831	NA	11	0	3	11	0	0	4	1	2.94161251	11	1
chr4	140000000	chr10	77000000	12	10	12	11	0.951469362	NA	11	0	12	11	0	0	4	1	1.82020204	11	1
chr4	140000000	chr10	81000000	3	10	3	11	0.693646193	NA	11	0	3	11	0	0	4	1	1.13893059	11	1
chr4	149000000	chr10	85000000	1	10	1	11	0.969877839	NA	11	0	1	11	0	0	4	1	1.51446781	11	1
chr4	150000000	chr10	87000000	6	10	6	11	0.896831036	NA	11	0	6	11	0	0	4	1	1.16343538	11	1
chr4	150000000	chr10	86000000	7	10	7	11	0.912735343	NA	11	0	7	11	0	0	4	1	1.04670309	11	1
chr4	150000000	chr10	88000000	2	10	2	11	0.614625096	NA	11	0	2	11	0	0	4	1	0.773250435	11	1
chr4	150000000	chr10	85000000	2	10	2	11	0.995750546	NA	11	0	2	11	0	0	4	1	1.67230174	11	1
chr4	150000000	chr10	75000000	1	10	1	11	0.583585799	NA	11	0	1	11	0	0	4	1	1.47069251	11	1
chr4	151000000	chr10	86000000	25	10	24	11	0.991356373	NA	11	0	24	11	0	0	4	1	1.09517257	11	1
chr4	151000000	chr10	87000000	33	10	33	11	0.993964612	NA	11	0	33	11	0	0	4	1	1.20199639	11	1
chr4	151000000	chr10	85000000	5	10	5	11	0.992071092	NA	11	0	5	11	0	0	4	1	1.81381603	11	1
chr4	151000000	chr10	75000000	17	10	17	11	0.968794346	NA	11	0	17	11	0	0	4	1	1.66177653	11	1
chr4	151000000	chr10	88000000	8	10	8	11	0.934038818	NA	11	0	8	11	0	0	4	1	0.839750709	11	1
chr4	151000000	chr10	83000000	3	10	3	11	0.970041096	NA	11	0	3	11	0	0	4	1	1.27261456	11	1
chr4	151000000	chr10	82000000	2	10	2	11	0.851602197	NA	11	0	2	11	0	0	4	1	1.81068975	11	1
chr4	126000000	chr11	75000000	4	11	4	01	0.385219485	NA	01	0	0	01	0	0	4	1	0.402775858	01	0
chr4	126000000	chr11	76000000	6	11	6	01	0.354672492	NA	01	0	0	01	0	0	4	1	0.059622813	01	0
chr4	126000000	chr11	105000000	2	11	2	01	0.75258559	NA	01	0	0	01	0	0	4	1	1.79684169	01	0
chr4	126000000	chr11	104000000	1	11	1	01	0.591516674	NA	01	0	0	01	0	0	4	1	1.95046559	01	0
chr4	11000000	chr12	76000000	1	00	1	11	0.541745842	NA	11	0	0	11	0	1	4	1	2.41050001	11	1
chr4	21000000	chr12	76000000	8	00	8	11	0.823372722	NA	11	0	0	11	0	8	4	1	2.6042945	11	1
chr4	21000000	chr12	13000000	5	00	5	11	0.873442769	NA	11	0	0	11	0	5	3	1	1.26601204	11	1
chr4	21000000	chr12	14000000	11	00	11	11	0.915550709	NA	11	0	0	11	0	11	3	1	1.41608291	11	1
chr4	21000000	chr12	15000000	2	00	2	11	0.630479395	NA	11	0	0	11	0	2	3	1	1.58690668	11	1
chr4	22000000	chr12	14000000	18	00	18	11	0.999352515	NA	11	0	0	11	0	18	4	1	3.25919563	11	1
chr4	22000000	chr12	37000000	6	00	6	11	0.81940639	NA	11	0	0	11	0	6	4	1	2.60515951	11	1
chr4	22000000	chr12	38000000	7	00	7	11	0.612056136	NA	11	0	0	11	0	7	4	1	2.6499107	11	1
chr4	22000000	chr12	76000000	1	00	1	11	0.47502178	NA	11	0	0	11	0	1	4	1	2.15309848	11	1
chr4	22000000	chr12	13000000	3	00	3	11	0.990972281	NA	11	0	0	11	0	3	3	1	3.08325913	11	1
chr4	22000000	chr12	118000000	4	00	4	11	0.46430102	NA	11	0	0	11	0	4	4	1	1.09186656	11	1
chr4	22000000	chr12	15000000	1	00	1	11	0.764453471	NA	11	0	0	11	0	1	4	1	3.25039939	11	1
chr4	23000000	chr12	37000000	1	00	1	11	0.409455329	NA	11	0	0	11	0	1	4	1	1.07568587	11	1
chr4	30000000	chr12	119000000	2	10	2	11	0.446180522	NA	11	0	2	11	0	0	3	1	0.28079413	11	1
chr4	31000000	chr12	119000000	2	00	2	11	0.552681804	NA	11	0	0	11	0	2	4	1	1.02135542	11	1
chr4	31000000	chr12	118000000	4	00	4	11	0.830259144	NA	11	0	0	11	0	4	4	1	1.1718056	11	1
chr4	32000000	chr12	76000000	7	00	7	11	0.9640342	NA	11	0	0	11	0	7	4	1	2.55488721	11	1
chr4	32000000	chr12	86000000	6	00	6	11	0.922837853	NA	11	0	0	11	0	6	4	1	2.8881753	11	1
chr4	32000000	chr12	12000000	2	00	2	11	0.366443992	NA	11	0	0	11	0	2	3	1	0.0587355858	11	1
chr4	32000000	chr12	36000000	2	00	2	11	0.520408869	NA	11	0	0	11	0	2	4	1	2.17180737	11	1
chr4	32000000	chr12	16000000	1	10	1	11	0.414238364	NA	11	0	1	11	0	0	2	1	2.14817816	11	1
chr4	33000000	chr12	76000000	3	00	3	11	0.814306736	NA	11	0	0	11	0	3	4	1	1.97209137	11	1
chr4	52000000	chr12	86000000	4	00	4	11	0.948832273	NA	11	0	0	11	0	4	4	1	2.84413701	11	1
chr4	52000000	chr12	78000000	3	00	3	11	0.999698997	NA	11	0	0	11	0	3	4	1	3.45338981	11	1
chr4	52000000	chr12	32000000	3	00	3	11	0.58810842	NA	11	0	0	11	0	3	4	1	2.5587533	11	1
chr4	52000000	chr12	57000000	1	00	1	11	0.926457644	NA	11	0	0	11	0	1	4	1	2.08269965	11	1
chr4	52000000	chr12	36000000	1	00	1	11	0.599309981	NA	11	0	0	11	0	1	4	1	2.26704281	11	1
chr4	52000000	chr12	81000000	2	00	2	11	0.728557467	NA	11	0	0	11	0	2	3	1	0.995957683	11	1
chr4	53000000	chr12	57000000	15	00	15	11	0.990550637	NA	11	0	0	11	0	15	4	1	2.34513974	11	1
chr4	53000000	chr12	81000000	4	00	4	11	0.942595482	NA	11	0	0	11	0	4	4	1	2.19939166	11	1
chr4	53000000	chr12	32000000	2	00	1	11	0.776491821	NA	11	0	0	11	0	1	3	1	2.36569317	11	1
chr4	53000000	chr12	86000000	8	00	8	11	0.999591768	NA	11	0	0	11	0	8	4	1	3.6422005	11	1
chr4	53000000	chr12	85000000	3	00	3	11	0.94329381	NA	11	0	0	11	0	3	4	1	3.35528342	11	1
chr4	53000000	chr12	84000000	3	00	3	11	0.927640855	NA	11	0	0	11	0	3	4	1	2.10319644	11	1
chr4	53000000	chr12	71000000	8	00	8	11	0.828949213	NA	11	0	0	11	0	8	4	1	1.09783578	11	1
chr4	53000000	chr12	12000000	1	00	1	10	0.441246361	NA	10	0	0	10	0	0	3	1	0.515312753	10	1
chr4	53000000	chr12	82000000	2	00	2	11	0.683579803	NA	11	0	0	11	0	2	4	1	1.20892695	11	1
chr4	53000000	chr12	13000000	6	00	6	11	0.426963925	NA	11	0	0	11	0	6	3	1	0.767124802	11	1
chr4	53000000	chr12	72000000	4	00	4	11	0.91200161	NA	11	0	0	11	0	4	4	1	2.31657616	11	1
chr4	53000000	chr12	36000000	1	00	1	11	0.507781327	NA	11	0	0	11	0	1	4	1	2.17775678	11	1
chr4	54000000	chr12	36000000	4	00	4	11	0.835491955	NA	11	0	0	11	0	4	4	1	2.25960592	11	1
chr4	54000000	chr12	86000000	6	00	5	11	0.998116493	NA	11	0	1	11	0	5	4	1	3.60232964	11	1
chr4	54000000	chr12	72000000	1	00	1	11	0.678713143	NA	11	0	0	11	0	1	4	1	1.85155405	11	1
chr4	54000000	chr12	12000000	6	00	6	11	0.399348944	NA	11	0	0	10	0	6	3	2	0.157283836	10	1
chr4	54000000	chr12	57000000	5	00	5	11	0.974900484	NA	11	0	0	11	0	5	4	1	2.36393803	11	1
chr4	54000000	chr12	78000000	4	00	4	11	0.999826491	NA	11	0	0	11	0	4	4	1	3.79743067	11	1
chr4	55000000	chr12	78000000	2	00	2	11	0.995194256	NA	11	0	0	11	0	2	4	1	3.49462227	11	1
chr4	55000000	chr12	36000000	1	00	1	11	0.645759106	NA	11	0	0	11	0	1	4	1	2.45648271	11	1
chr4	56000000	chr12	78000000	3	00	3	11	0.894101501	NA	11	0	0	11	0	3	4	1	4.02340442	11	1
chr4	56000000	chr12	36000000	2	00	2	11	0.512295723	NA	11	0	0	11	0	2	4	1	2.43990835	11	1
chr4	57000000	chr12	76000000	5	00	5	11	0.994997263	NA	11	0	0	11	0	5	4	1	2.61892375	11	1
chr4	57000000	chr12	86000000	7	00	7	11	0.986698389	NA	11	0	0	11	0	7	4	1	2.96399706	11	1
chr4	57000000	chr12	12000000	2	00	2	10	0.36173591	NA	10	0	0	10	0	0	3	1	0.287281088	10	1
chr4	57000000	chr12	38000000	1	00	1	11	0.496310532	NA	11	0	0	11	0	1	4	1	1.61465611	11	1
chr4	58000000	chr12	38000000	5	00	5	11	0.804170668	NA	11	0	0	11	0	5	4	1	2.01023797	11	1
chr4	58000000	chr12	76000000	2	00	2	11	0.906373262	NA	11	0	0	11	0	2	4	1	1.63060733	11	1
chr4	59000000	chr12	76000000	9	00	9	11	0.971159518	NA	11	0	0	11	0	9	3	1	1.62794221	11	1
chr4	77000000	chr12	14000000	1	00	1	11	0.25	NA	00	1	1	11	0	1	3	1	1.01400319	11	1
chr4	130000000	chr12	78000000	7	00	7	11	0.989451826	NA	11	0	0	11	0	7	3	1	2.40194373	11	1
chr4	130000000	chr12	79000000	5	00	5	11	0.957076848	NA	11	0	0	11	0	5	3	1	1.79656291	11	1
chr4	130000000	chr12	81000000	1	00	1	11	0.503425181	NA	11	0	0	11	0	1	3	1	0.0603939399	11	1
chr4	131000000	chr12	78000000	13	00	13	11	0.997504413	NA	11	0	0	11	0	13	3	1	3.01800396	11	1
chr4	131000000	chr12	79000000	12	00	12	11	0.988445997	NA	11	0	0	11	0	12	3	1	2.37933894	11	1
chr4	131000000	chr12	80000000	1	00	1	11	0.644537032	NA	11	0	0	11	0	1	3	1	1.9551486	11	1
chr4	132000000	chr12	78000000	1	00	1	11	0.670535982	NA	11	0	0	11	0	1	3	1	2.64189352	11	1
chr4	150000000	chr12	77000000	1	00	1	11	0.542648494	NA	11	0	0	11	0	1	4	1	2.02929461	11	1
chr4	150000000	chr12	38000000	1	00	1	11	0.544845164	NA	11	0	0	11	0	1	4	1	1.10447699	11	1
chr4	151000000	chr12	61000000	4	00	4	11	0.621533573	NA	11	0	0	11	0	4	4	1	1.89091292	11	1
chr4	151000000	chr12	77000000	10	00	10	11	0.890867412	NA	11	0	0	11	0	10	4	1	2.28166718	11	1
chr4	151000000	chr12	35000000	2	00	2	11	0.509522736	NA	11	0	0	11	0	2	4	1	1.36047164	11	1
chr4	152000000	chr12	77000000	1	00	1	11	0.617227495	NA	11	0	0	11	0	1	3	1	2.19764989	11	1
chr4	153000000	chr12	76000000	2	00	2	11	0.731300414	NA	11	0	0	11	0	2	3	1	1.41952238	11	1
chr4	153000000	chr12	38000000	1	00	1	11	0.833464146	NA	11	0	0	11	0	1	3	1	3.10483093	11	1
chr4	128000000	chr13	20000000	5	10	5	00	0.9207111	NA	00	0	0	00	0	0	4	1	2.78970121	00	0
chr4	128000000	chr13	21000000	12	10	12	00	0.962620258	NA	00	0	0	00	0	0	4	1	3.1236885	00	0
chr4	128000000	chr13	19000000	2	00	1	00	0.646991074	NA	00	1	1	00	1	1	1	1	2.32910526	00	0
chr4	128000000	chr13	5000000	14	10	14	00	0.886658728	NA	00	0	0	00	0	0	4	1	2.41943421	00	0
chr4	128000000	chr13	6000000	4	10	4	00	0.858727098	NA	00	0	0	00	0	0	4	1	2.65594164	00	0
chr4	128000000	chr13	4000000	1	10	1	00	0.516845345	NA	00	0	0	00	0	0	3	1	2.89457734	00	0
chr4	8000000	chr14	34000000	1	10	1	01	0.363077193	NA	01	0	0	01	0	1	3	1	0.806556274	01	0
chr4	126000000	chr14	45000000	1	11	1	00	0.420326799	NA	00	0	0	00	0	1	4	1	0.555200358	00	0
chr4	126000000	chr14	65000000	11	10	11	01	0.719467402	NA	01	0	0	01	0	11	3	1	0.650494703	01	0
chr4	126000000	chr14	67000000	1	10	1	00	0.457309723	NA	00	0	0	00	0	0	3	1	0.197202363	00	0
chr4	127000000	chr14	65000000	6	10	6	00	0.627796471	NA	00	0	0	00	0	0	3	1	0.400651923	00	0
chr4	127000000	chr14	67000000	6	10	6	00	0.915121913	NA	00	0	0	00	0	0	3	1	1.41696453	00	0
chr4	127000000	chr14	68000000	1	10	1	00	0.734549046	NA	00	0	0	00	0	0	3	1	1.46425321	00	0
chr4	127000000	chr14	64000000	8	10	8	00	0.765520275	NA	00	0	0	00	0	0	3	1	0.660447723	00	0
chr4	127000000	chr14	47000000	1	10	1	00	0.516147375	NA	00	0	0	00	0	0	3	1	1.45964012	00	0
chr4	127000000	chr14	32000000	6	10	6	00	0.793985248	NA	00	0	0	00	0	0	3	1	2.16636472	00	0
chr4	127000000	chr14	33000000	5	10	5	00	0.536726594	NA	00	0	0	00	0	0	3	1	0.945986596	00	0
chr4	127000000	chr14	45000000	1	11	1	00	0.502480149	NA	00	0	0	00	0	1	4	1	1.68194558	00	0
chr4	128000000	chr14	32000000	3	10	3	00	0.636145771	NA	00	0	0	00	0	0	3	1	2.00237157	00	0
chr4	129000000	chr16	96000000	2	11	2	10	0.677881837	NA	10	0	2	10	0	0	3	1	2.38897362	10	1
chr4	129000000	chr16	95000000	1	10	1	10	0.598672688	NA	10	1	0	10	1	1	1	1	2.68056171	10	1
chr4	130000000	chr16	95000000	1	11	1	10	0.515607536	NA	10	0	1	10	0	0	2	1	2.09966089	10	1
chr4	149000000	chr16	96000000	7	11	7	10	0.939117074	NA	10	0	7	10	0	0	3	1	2.15857455	10	1
chr4	149000000	chr16	31000000	1	11	1	01	0.69433409	NA	01	0	0	01	0	0	3	1	1.21161005	01	1
chr4	149000000	chr16	94000000	4	11	4	10	0.635195971	NA	10	0	4	10	0	0	3	1	1.34419731	10	1
chr4	149000000	chr16	95000000	1	11	1	10	0.557086468	NA	10	0	1	10	0	0	3	1	2.36277215	10	1
chr4	150000000	chr16	95000000	1	11	1	10	0.770757258	NA	10	0	1	10	0	0	3	1	2.48580437	10	1
chr4	150000000	chr16	96000000	1	11	1	10	0.831270456	NA	10	0	1	10	0	0	3	1	2.35451772	10	1
chr4	150000000	chr16	97000000	1	11	1	10	0.434140772	NA	10	0	1	10	0	0	3	1	1.27807552	10	1
chr4	150000000	chr16	31000000	5	11	5	01	0.646556854	NA	01	0	0	01	0	0	2	1	0.676857681	01	1
chr4	150000000	chr16	94000000	1	11	1	10	0.658003449	NA	10	0	1	10	0	0	3	1	1.49903449	10	1
chr4	151000000	chr16	31000000	1	11	1	01	0.420966417	NA	01	0	0	01	0	0	2	1	0.416840161	01	1
chr4	155000000	chr16	96000000	1	11	1	10	0.527493238	NA	10	0	1	10	0	0	2	1	2.42637169	10	1
chr4	151000000	chr17	64000000	6	01	6	10	0.535713673	NA	10	0	0	10	0	6	4	1	1.3035481	10	0
chr4	127000000	chr19	57000000	4	10	4	00	0.720632434	NA	00	0	0	00	0	0	4	1	1.84341843	00	0
chr4	128000000	chr19	57000000	6	10	6	00	0.961342156	NA	00	0	0	00	0	0	3	1	1.63570234	00	0
chr4	128000000	chr19	56000000	3	10	3	00	0.82094276	NA	00	0	0	00	0	0	3	1	1.94660623	00	0
chr4	129000000	chr19	57000000	1	10	1	01	0.730353594	NA	01	0	0	01	0	1	4	1	0.841159808	01	0
chr4	129000000	chr19	24000000	3	10	3	01	0.316402972	NA	01	0	0	01	0	3	3	1	0.757561033	01	0
chr4	149000000	chr19	24000000	4	10	4	01	0.542423248	NA	01	0	0	01	0	4	3	1	0.936271079	01	0
chr4	150000000	chr19	24000000	14	10	14	01	0.598845005	NA	01	0	0	01	0	14	3	1	1.52664176	01	0
chr4	4000000	chr5	56000000	6	11	6	00	0.936821818	NA	00	0	0	00	0	6	3	1	3.30186782	00	0
chr4	5000000	chr5	56000000	14	11	14	00	0.997113585	NA	00	0	0	00	0	14	3	1	3.21010982	00	0
chr4	5000000	chr5	78000000	3	11	3	00	0.998032033	NA	00	0	0	00	0	3	3	1	3.2270281	00	0
chr4	5000000	chr5	76000000	1	11	1	00	0.920939147	NA	00	0	0	00	0	1	3	1	3.11980753	00	0
chr4	5000000	chr5	54000000	1	11	1	00	0.69958353	NA	00	0	0	00	0	1	3	1	2.68257674	00	0
chr4	5000000	chr5	79000000	2	11	2	00	0.998314977	NA	00	0	0	00	0	2	3	1	3.28106091	00	0
chr4	8000000	chr5	51000000	1	11	1	00	0.985723794	NA	00	0	0	00	0	1	4	1	3.40827088	00	0
chr4	8000000	chr5	111000000	1	11	1	00	0.619659603	NA	00	0	0	00	0	1	3	1	1.92565009	00	0
chr4	9000000	chr5	51000000	10	11	10	00	0.999475777	NA	00	0	0	00	0	10	4	1	3.33801282	00	0
chr4	9000000	chr5	87000000	3	11	3	00	0.996892035	NA	00	0	0	00	0	3	4	1	1.54327044	00	0
chr4	9000000	chr5	90000000	2	11	2	00	0.999000609	NA	00	0	0	00	0	2	4	1	2.53964818	00	0
chr4	9000000	chr5	53000000	1	11	1	00	0.667871177	NA	00	0	0	00	0	1	4	1	2.62975427	00	0
chr4	9000000	chr5	77000000	1	11	1	00	0.769723475	NA	00	0	0	00	0	1	3	1	2.31024642	00	0
chr4	9000000	chr5	52000000	1	11	1	00	0.958207548	NA	00	0	0	00	0	1	4	1	3.28725967	00	0
chr4	9000000	chr5	89000000	15	11	15	00	0.999978781	NA	00	0	0	00	0	15	4	1	3.04131379	00	0
chr4	9000000	chr5	88000000	4	11	4	00	0.992780626	NA	00	0	0	00	0	4	4	1	2.03135481	00	0
chr4	9000000	chr5	83000000	6	11	6	00	0.999989271	NA	00	0	0	00	0	6	4	1	3.64094244	00	0
chr4	9000000	chr5	81000000	3	11	3	00	0.999796212	NA	00	0	0	00	0	3	3	1	2.96881689	00	0
chr4	9000000	chr5	82000000	3	11	3	00	0.999997377	NA	00	0	0	00	0	3	4	1	3.67969662	00	0
chr4	9000000	chr5	117000000	2	11	2	00	0.542646766	NA	00	0	0	00	0	2	3	1	2.8337696	00	0
chr4	9000000	chr5	103000000	1	11	1	00	0.479396254	NA	00	0	0	00	0	1	4	1	2.28296686	00	0
chr4	10000000	chr5	88000000	1	11	1	00	0.924007237	NA	00	0	0	00	0	1	4	1	2.02946737	00	0
chr4	10000000	chr5	83000000	4	11	4	00	0.999670744	NA	00	0	0	00	0	4	4	1	3.88484799	00	0
chr4	10000000	chr5	149000000	2	10	1	00	0.727618158	NA	00	0	0	00	0	1	3	1	1.94423486	00	0
chr4	10000000	chr5	82000000	1	11	1	00	0.999546111	NA	00	0	0	00	0	1	4	1	3.64212301	00	0
chr4	10000000	chr5	150000000	17	11	17	00	0.991053283	NA	00	0	0	00	0	17	2	1	2.36554538	00	0
chr4	10000000	chr5	130000000	24	11	22	00	0.877195656	NA	00	0	0	00	0	22	2	1	1.16943511	00	0
chr4	10000000	chr5	137000000	1	11	1	00	0.588336408	NA	00	0	0	00	0	1	2	1	0.915890963	00	0
chr4	10000000	chr5	81000000	6	11	6	00	0.999725044	NA	00	0	0	00	0	6	4	1	2.92919481	00	0
chr4	10000000	chr5	89000000	1	10	1	00	0.847450793	NA	00	0	0	00	0	0	3	1	3.07293462	00	0
chr4	11000000	chr5	150000000	2	11	2	00	0.766326606	NA	00	0	0	00	0	2	2	1	2.15183751	00	0
chr4	11000000	chr5	130000000	2	11	2	00	0.729368091	NA	00	0	0	00	0	2	2	1	1.09387542	00	0
chr4	11000000	chr5	118000000	3	11	3	00	0.87882334	NA	00	0	0	00	0	3	3	1	3.11836465	00	0
chr4	11000000	chr5	127000000	2	11	2	00	0.522716641	NA	00	0	0	00	0	2	2	1	2.22753528	00	0
chr4	11000000	chr5	117000000	2	11	2	00	0.912328601	NA	00	0	0	00	0	2	3	1	2.82554908	00	0
chr4	11000000	chr5	82000000	1	11	1	00	0.996763706	NA	00	0	0	00	0	1	4	1	3.63267161	00	0
chr4	11000000	chr5	83000000	3	11	3	00	0.999653697	NA	00	0	0	00	0	3	4	1	3.74767058	00	0
chr4	11000000	chr5	87000000	3	11	3	00	0.998089015	NA	00	0	0	00	0	3	4	1	1.54292355	00	0
chr4	11000000	chr5	88000000	3	11	3	00	0.991331816	NA	00	0	0	00	0	3	4	1	2.03692268	00	0
chr4	11000000	chr5	89000000	9	11	9	00	0.999965668	NA	00	0	0	00	0	9	4	1	3.07744652	00	0
chr4	11000000	chr5	76000000	5	11	5	00	0.999148369	NA	00	0	0	00	0	5	4	1	2.79921731	00	0
chr4	11000000	chr5	53000000	3	11	3	00	0.67416513	NA	00	0	0	00	0	3	4	1	2.57299568	00	0
chr4	11000000	chr5	90000000	1	11	1	00	0.996426642	NA	00	0	0	00	0	1	4	1	2.61473453	00	0
chr4	11000000	chr5	52000000	2	11	2	00	0.802082181	NA	00	0	0	00	0	2	4	1	3.24718502	00	0
chr4	11000000	chr5	81000000	1	11	1	00	0.919461012	NA	00	0	0	00	0	1	4	1	2.89432617	00	0
chr4	11000000	chr5	151000000	1	11	1	00	0.621549249	NA	00	0	0	00	0	1	2	1	2.13901038	00	0
chr4	12000000	chr5	89000000	6	11	6	00	0.996934533	NA	00	0	0	00	0	6	4	1	2.95063275	00	0
chr4	12000000	chr5	80000000	2	11	2	00	0.996821046	NA	00	0	0	00	0	2	4	1	3.09877406	00	0
chr4	12000000	chr5	83000000	2	11	2	00	0.953613162	NA	00	0	0	00	0	2	4	1	3.39276135	00	0
chr4	13000000	chr5	79000000	2	11	2	00	0.988681793	NA	00	0	0	00	0	2	4	1	3.07407718	00	0
chr4	14000000	chr5	82000000	5	11	5	00	0.999978065	NA	00	0	0	00	0	5	4	1	3.70482595	00	0
chr4	14000000	chr5	89000000	2	11	2	00	0.999337733	NA	00	0	0	00	0	2	4	1	3.02554914	00	0
chr4	14000000	chr5	88000000	1	11	1	00	0.973946154	NA	00	0	0	00	0	1	4	1	2.05464474	00	0
chr4	15000000	chr5	90000000	1	10	1	00	0.962713718	NA	00	0	0	00	0	0	3	1	2.57443082	00	0
chr4	15000000	chr5	87000000	5	11	5	00	0.981812954	NA	00	0	0	00	0	5	4	1	1.53578602	00	0
chr4	15000000	chr5	117000000	1	11	1	00	0.810637355	NA	00	0	0	00	0	1	3	1	2.65602825	00	0
chr4	15000000	chr5	127000000	2	11	2	00	0.519657731	NA	00	0	0	00	0	2	2	1	1.70388082	00	0
chr4	15000000	chr5	151000000	3	11	3	00	0.825748384	NA	00	0	0	00	0	3	2	1	1.70439903	00	0
chr4	15000000	chr5	83000000	1	11	1	00	0.998925745	NA	00	0	0	00	0	1	4	1	3.77719373	00	0
chr4	15000000	chr5	89000000	1	11	1	00	0.998061478	NA	00	0	0	00	0	1	4	1	3.05295112	00	0
chr4	43000000	chr5	129000000	1	11	1	00	0.335141361	NA	00	0	0	00	0	1	2	1	0.30347703	00	0
chr4	43000000	chr5	110000000	7	11	7	00	0.498244852	NA	00	0	0	00	0	7	3	1	0.892847497	00	0
chr4	43000000	chr5	85000000	1	11	1	00	0.291931093	NA	00	0	0	00	0	1	3	1	1.26058265	00	0
chr4	50000000	chr5	130000000	1	11	1	11	0.453645527	NA	11	1	1	11	1	1	1	1	0.428571491	11	0
chr4	50000000	chr5	149000000	2	11	2	00	0.383411556	NA	00	0	0	00	0	2	2	1	0.176462248	00	0
chr4	50000000	chr5	135000000	2	11	2	11	0.42769745	NA	11	2	2	11	2	2	1	1	0.668489817	11	0
chr4	50000000	chr5	134000000	1	11	1	11	0.469139844	NA	11	1	1	11	1	1	1	1	0.592280599	11	0
chr4	51000000	chr5	134000000	11	11	11	11	0.765335083	NA	11	11	11	11	11	11	1	1	0.671510117	11	0
chr4	51000000	chr5	130000000	4	11	4	11	0.690455616	NA	11	4	4	11	4	4	1	1	1.59556135	11	0
chr4	51000000	chr5	138000000	1	11	1	11	0.578829288	NA	11	1	1	11	1	1	1	1	2.20188495	11	0
chr4	51000000	chr5	132000000	1	11	1	11	0.422289133	NA	11	1	1	11	1	1	1	1	1.63942828	11	0
chr4	59000000	chr5	149000000	1	11	1	11	0.44227618	NA	11	1	1	11	1	1	1	1	0.634416846	11	0
chr4	62000000	chr5	150000000	2	11	2	00	0.42084533	NA	00	0	0	00	0	2	2	1	0.555709208	00	0
chr4	62000000	chr5	151000000	1	11	1	00	0.435793579	NA	00	0	0	00	0	1	2	1	0.41990644	00	0
chr4	63000000	chr5	129000000	15	11	13	00	0.722442985	NA	00	0	0	00	0	13	2	1	0.594161833	00	0
chr4	63000000	chr5	110000000	1	11	1	00	0.420253158	NA	00	0	0	00	0	1	3	1	2.07612184	00	0
chr4	64000000	chr5	84000000	1	11	1	00	0.624638736	NA	00	0	0	00	0	1	4	1	2.31245612	00	0
chr4	65000000	chr5	129000000	9	11	8	00	0.903006315	NA	00	0	0	00	0	8	2	1	1.33647731	00	0
chr4	65000000	chr5	151000000	9	11	9	00	0.693136454	NA	00	0	0	00	0	9	2	1	0.79955222	00	0
chr4	65000000	chr5	127000000	3	11	3	00	0.63773042	NA	00	0	0	00	0	3	2	1	0.640654139	00	0
chr4	65000000	chr5	126000000	3	11	3	00	0.805414617	NA	00	0	0	00	0	3	2	1	0.964018034	00	0
chr4	66000000	chr5	129000000	6	11	6	00	0.677072883	NA	00	0	0	00	0	6	2	1	0.482540866	00	0
chr4	66000000	chr5	86000000	1	00	1	00	0.620155632	NA	00	1	1	00	1	1	1	1	1.47449799	00	0
chr4	66000000	chr5	126000000	2	11	2	00	0.444709003	NA	00	0	0	00	0	2	2	1	0.0529164413	00	0
chr4	80000000	chr5	83000000	1	11	1	00	0.883762121	NA	00	0	0	00	0	1	4	1	2.66995491	00	0
chr4	80000000	chr5	151000000	1	11	1	00	0.642745316	NA	00	0	0	00	0	1	2	1	0.972799359	00	0
chr4	83000000	chr5	151000000	3	11	3	00	0.634193182	NA	00	0	0	00	0	3	2	1	0.893243778	00	0
chr4	83000000	chr5	89000000	2	11	2	00	0.734656513	NA	00	0	0	00	0	2	4	1	2.77388738	00	0
chr4	84000000	chr5	89000000	1	11	1	00	0.493864655	NA	00	0	0	00	0	1	4	1	2.97317389	00	0
chr4	87000000	chr5	138000000	1	11	1	11	0.495995909	NA	11	1	1	11	1	1	1	1	0.803643388	11	0
chr4	87000000	chr5	151000000	1	10	1	00	0.38172555	NA	00	0	0	00	0	0	3	1	1.02343005	00	0
chr4	87000000	chr5	130000000	6	11	6	11	0.516027272	NA	11	6	6	11	6	6	1	1	0.321838096	11	0
chr4	87000000	chr5	149000000	14	11	14	00	0.655680239	NA	00	0	0	00	0	14	2	1	0.644457696	00	0
chr4	87000000	chr5	150000000	1	11	1	00	0.499236733	NA	00	0	0	00	0	1	2	1	1.02279843	00	0
chr4	88000000	chr5	130000000	3	11	3	11	0.619705796	NA	11	3	3	11	3	3	1	1	0.90218631	11	0
chr4	88000000	chr5	150000000	1	11	1	00	0.376445621	NA	00	0	0	00	0	1	2	1	0.428731277	00	0
chr4	88000000	chr5	149000000	3	11	3	00	0.45236671	NA	00	0	0	00	0	3	2	1	0.0172646305	00	0
chr4	88000000	chr5	135000000	2	11	2	11	0.546836495	NA	11	2	2	11	2	2	1	1	0.410880177	11	0
chr4	122000000	chr5	132000000	1	11	1	11	0.829605699	NA	11	1	1	11	1	1	1	1	2.00445554	11	0
chr4	122000000	chr5	141000000	1	11	1	11	0.868378639	NA	11	1	1	11	1	1	1	1	1.91304199	11	0
chr4	123000000	chr5	134000000	4	11	4	11	0.825775206	NA	11	4	4	11	4	4	1	1	0.284176078	11	0
chr4	123000000	chr5	137000000	1	11	1	11	0.981572032	NA	11	1	1	11	1	1	1	1	1.73449462	11	0
chr4	126000000	chr5	114000000	4	11	4	10	0.984255195	NA	10	0	0	10	0	0	3	1	2.94944657	10	0
chr4	126000000	chr5	123000000	2	11	2	10	0.99667275	NA	10	0	0	10	0	0	4	1	3.17106876	10	0
chr4	126000000	chr5	122000000	1	11	1	10	0.926588953	NA	10	0	0	10	0	0	4	1	2.36211371	10	0
chr4	126000000	chr5	124000000	2	10	2	10	0.988578677	NA	10	2	2	10	2	2	1	1	3.48972505	10	0
chr4	127000000	chr5	122000000	7	11	7	10	0.852222741	NA	10	0	0	10	0	0	4	1	0.404757634	10	0
chr4	127000000	chr5	121000000	24	11	23	10	0.996007144	NA	10	1	1	10	1	1	3	1	1.75758137	10	0
chr4	127000000	chr5	124000000	8	11	8	10	0.985941827	NA	10	0	0	10	0	0	3	1	1.97326251	10	0
chr4	127000000	chr5	123000000	2	11	2	10	0.649950325	NA	10	0	0	10	0	0	4	1	1.17241698	10	0
chr4	128000000	chr5	121000000	8	11	7	10	0.971530497	NA	10	0	0	10	0	1	4	1	1.72899738	10	0
chr4	128000000	chr5	122000000	23	11	23	10	0.897088468	NA	10	0	0	10	0	0	4	1	0.594691772	10	0
chr4	128000000	chr5	123000000	1	11	1	10	0.8221066	NA	10	0	0	10	0	0	4	1	1.34525633	10	0
chr4	128000000	chr5	124000000	2	11	2	10	0.942696691	NA	10	0	0	10	0	0	3	1	1.88384641	10	0
chr4	129000000	chr5	124000000	4	11	3	10	0.994138002	NA	10	1	1	10	1	1	4	1	3.29459275	10	0
chr4	129000000	chr5	121000000	4	11	3	10	0.861671865	NA	10	1	1	10	1	1	4	1	3.17289836	10	0
chr4	129000000	chr5	113000000	2	11	2	10	0.62365669	NA	10	0	0	10	0	0	3	1	2.30960708	10	0
chr4	130000000	chr5	143000000	10	11	10	11	0.99763906	NA	11	10	10	11	10	10	1	1	1.89000965	11	0
chr4	130000000	chr5	144000000	4	11	4	11	0.954773664	NA	11	4	4	11	4	4	1	1	1.78278729	11	0
chr4	130000000	chr5	141000000	1	11	1	11	0.705338359	NA	11	1	1	11	1	1	1	1	1.72256743	11	0
chr4	130000000	chr5	146000000	1	11	1	11	0.527860999	NA	11	1	1	11	1	1	1	1	1.20373939	11	0
chr4	130000000	chr5	142000000	1	10	1	11	0.987597525	NA	11	0	0	11	0	0	2	1	1.74194703	11	0
chr4	130000000	chr5	113000000	1	11	1	11	0.337733358	NA	11	1	1	10	0	1	2	2	0.0988693072	10	0
chr4	132000000	chr5	142000000	1	11	1	11	0.619007885	NA	11	1	1	11	1	1	1	1	0.839986564	11	0
chr4	133000000	chr5	143000000	5	11	5	11	0.56482625	NA	11	5	5	11	5	5	1	1	0.54147234	11	0
chr4	133000000	chr5	144000000	4	11	4	11	0.743387341	NA	11	4	4	11	4	4	1	1	1.00848895	11	0
chr4	134000000	chr5	144000000	3	11	3	11	0.771040976	NA	11	3	3	11	3	3	1	1	0.916677128	11	0
chr4	134000000	chr5	143000000	2	11	2	11	0.545919418	NA	11	2	2	11	2	2	1	1	0.57938902	11	0
chr4	136000000	chr5	148000000	1	11	1	11	0.559364736	NA	11	1	1	11	1	1	1	1	0.854031063	11	0
chr4	136000000	chr5	129000000	2	11	2	11	0.989842236	NA	11	2	2	11	2	2	1	1	1.46238169	11	0
chr4	136000000	chr5	151000000	1	11	1	11	0.59486717	NA	11	1	1	11	1	1	1	1	1.78060672	11	0
chr4	137000000	chr5	134000000	2	11	2	11	0.508800387	NA	11	2	2	11	2	2	1	1	0.356097289	11	0
chr4	138000000	chr5	134000000	1	11	1	11	0.811076462	NA	11	1	1	11	1	1	1	1	0.464090222	11	0
chr4	140000000	chr5	144000000	7	11	7	11	0.802088022	NA	11	7	7	11	7	7	1	1	0.573500574	11	0
chr4	142000000	chr5	129000000	3	11	3	11	0.863348365	NA	11	3	3	11	3	3	1	1	1.43074044	11	0
chr4	142000000	chr5	126000000	1	11	1	11	0.623601079	NA	11	1	1	11	1	1	1	1	1.32596219	11	0
chr4	143000000	chr5	135000000	4	11	4	11	0.804785311	NA	11	4	4	11	4	4	1	1	0.734658342	11	0
chr4	143000000	chr5	134000000	12	11	12	11	0.996256948	NA	11	12	12	11	12	12	1	1	0.778837469	11	0
chr4	143000000	chr5	132000000	7	11	7	11	0.999905467	NA	11	7	7	11	7	7	1	1	2.24532617	11	0
chr4	143000000	chr5	130000000	6	11	6	11	0.977273524	NA	11	6	6	11	6	6	1	1	1.97213737	11	0
chr4	143000000	chr5	131000000	2	11	2	11	0.968698919	NA	11	2	2	11	2	2	1	1	2.16240296	11	0
chr4	143000000	chr5	138000000	2	11	2	11	0.954394579	NA	11	2	2	11	2	2	1	1	2.50398104	11	0
chr4	144000000	chr5	134000000	2	11	2	11	0.98205328	NA	11	2	2	11	2	2	1	1	0.911805846	11	0
chr4	144000000	chr5	141000000	1	11	1	11	0.999053776	NA	11	1	1	11	1	1	1	1	2.39536662	11	0
chr4	147000000	chr5	143000000	1	11	1	11	0.992804587	NA	11	1	1	11	1	1	1	1	1.17572116	11	0
chr4	152000000	chr5	142000000	5	11	4	11	0.997357011	NA	11	4	4	11	4	4	1	1	2.07216186	11	0
chr4	152000000	chr5	135000000	1	11	1	11	0.596443057	NA	11	1	1	11	1	1	1	1	0.687392328	11	0
chr4	152000000	chr5	136000000	4	11	4	11	0.997068226	NA	11	4	4	11	4	4	1	1	1.35921425	11	0
chr4	152000000	chr5	137000000	1	11	1	11	0.994012773	NA	11	1	1	11	1	1	1	1	2.34282961	11	0
chr4	152000000	chr5	134000000	3	11	3	11	0.970770895	NA	11	3	3	11	3	3	1	1	1.10467502	11	0
chr4	152000000	chr5	133000000	3	11	2	11	0.999243259	NA	11	2	2	11	2	2	1	1	1.94474656	11	0
chr4	152000000	chr5	132000000	5	11	5	11	0.999960184	NA	11	5	5	11	5	5	1	1	2.47678058	11	0
chr4	152000000	chr5	131000000	3	11	3	11	0.997910798	NA	11	3	3	11	3	3	1	1	2.36078658	11	0
chr4	152000000	chr5	140000000	2	11	2	11	0.999650478	NA	11	2	2	11	2	2	1	1	2.16600292	11	0
chr4	152000000	chr5	144000000	1	10	1	11	0.585413218	NA	11	0	0	11	0	0	2	1	1.72845535	11	0
chr4	152000000	chr5	143000000	3	10	2	11	0.846131682	NA	11	0	0	11	0	1	2	1	1.77249517	11	0
chr4	152000000	chr5	145000000	8	10	7	11	0.969875991	NA	11	1	1	11	1	1	2	1	1.63657136	11	0
chr4	152000000	chr5	141000000	9	11	9	11	0.999963522	NA	11	9	9	11	9	9	1	1	2.11874197	11	0
chr4	152000000	chr5	146000000	3	10	3	11	0.583410621	NA	11	0	0	11	0	0	2	1	1.62186279	11	0
chr4	153000000	chr5	132000000	4	11	4	11	0.999676466	NA	11	4	4	11	4	4	1	1	2.75129386	11	0
chr4	153000000	chr5	141000000	27	11	27	11	0.999999881	NA	11	27	27	11	27	27	1	1	2.65043369	11	0
chr4	153000000	chr5	142000000	34	11	31	11	0.999992371	NA	11	31	31	11	31	31	1	1	2.56342037	11	0
chr4	153000000	chr5	140000000	1	11	1	11	0.996856928	NA	11	1	1	11	1	1	1	1	2.66258604	11	0
chr4	153000000	chr5	146000000	10	11	9	11	0.999906301	NA	11	9	9	11	9	9	1	1	2.31177898	11	0
chr4	153000000	chr5	143000000	1	10	1	11	0.630908668	NA	11	0	0	11	0	0	2	1	1.98935821	11	0
chr4	154000000	chr5	146000000	10	11	9	11	0.999391913	NA	11	9	9	11	9	9	1	1	1.88638807	11	0
chr4	154000000	chr5	143000000	3	10	3	11	0.991001546	NA	11	0	0	11	0	0	2	1	1.98525363	11	0
chr4	154000000	chr5	142000000	12	11	11	11	0.999989033	NA	11	11	11	11	11	11	1	1	2.36340837	11	0
chr4	154000000	chr5	141000000	17	11	17	11	0.999989986	NA	11	17	17	11	17	17	1	1	2.47303823	11	0
chr4	127000000	chr6	82000000	3	11	3	01	0.386172056	NA	01	0	0	01	0	0	3	1	1.45532476	01	0
chr4	128000000	chr6	82000000	2	11	2	01	0.36862275	NA	01	0	0	01	0	0	3	1	1.31493379	01	0
chr4	129000000	chr6	82000000	3	11	3	00	0.371027023	NA	00	0	0	00	0	3	3	1	0.165561613	00	0
chr4	129000000	chr6	56000000	1	11	1	11	0.25	NA	00	0	0	01	0	1	3	3	2.05511796	01	0
chr4	149000000	chr6	76000000	1	11	1	00	0.339762539	NA	00	0	0	00	0	1	3	1	0.555619222	00	0
chr4	150000000	chr6	74000000	2	11	2	00	0.376384854	NA	00	0	0	00	0	2	3	1	0.616533743	00	0
chr4	151000000	chr6	38000000	10	11	10	00	0.916921854	NA	00	0	0	00	0	10	3	1	2.30215543	00	0
chr4	151000000	chr6	39000000	3	11	3	00	0.614044189	NA	00	0	0	00	0	3	3	1	1.4610908	00	0
chr4	151000000	chr6	72000000	1	11	1	01	0.361741394	NA	01	0	0	01	0	0	3	1	0.546080357	01	0
chr4	10000000	chr7	6000000	2	01	2	11	0.931328714	NA	11	0	0	11	0	0	2	1	2.77093533	11	0
chr4	10000000	chr7	4000000	2	01	2	01	0.604818881	NA	01	2	2	01	2	2	1	1	0.760411752	01	0
chr4	11000000	chr7	4000000	11	01	11	01	0.680499315	NA	01	11	11	01	11	11	1	1	0.310889206	01	0
chr4	11000000	chr7	66000000	7	01	6	01	0.727589607	NA	01	6	6	01	6	6	1	1	0.669878405	01	0
chr4	11000000	chr7	6000000	1	01	1	11	0.968470871	NA	11	0	0	11	0	0	2	1	3.04581976	11	0
chr4	29000000	chr7	65000000	2	01	2	01	0.588195801	NA	01	2	2	01	2	2	1	1	1.34360722	01	0
chr4	29000000	chr7	6000000	3	01	3	11	0.600930989	NA	11	0	0	11	0	0	2	1	2.58164431	11	0
chr4	29000000	chr7	66000000	2	01	2	01	0.618138134	NA	01	2	2	01	2	2	1	1	1.82243743	01	0
chr4	29000000	chr7	4000000	1	01	1	01	0.579946816	NA	01	1	1	01	1	1	1	1	1.13613872	01	0
chr4	30000000	chr7	4000000	1	00	1	01	0.54766494	NA	01	0	0	01	0	0	4	1	1.45543303	01	0
chr4	34000000	chr7	67000000	2	01	2	01	0.628365099	NA	01	2	2	01	2	2	1	1	2.32681068	01	0
chr4	34000000	chr7	4000000	1	01	1	01	0.77169764	NA	01	1	1	01	1	1	1	1	1.67537771	01	0
chr4	35000000	chr7	4000000	1	01	1	01	0.842519939	NA	01	1	1	01	1	1	1	1	2.19882417	01	0
chr4	41000000	chr7	73000000	1	01	1	01	0.87614423	NA	01	1	1	01	1	1	1	1	2.29645021	01	0
chr4	41000000	chr7	18000000	1	01	1	01	0.293674469	NA	01	1	1	01	1	1	1	1	0.473413791	01	0
chr4	50000000	chr7	67000000	1	11	1	01	0.518968165	NA	01	0	0	01	0	0	2	1	2.03771923	01	0
chr4	52000000	chr7	137000000	2	00	2	01	0.899586082	NA	01	0	0	01	0	0	4	1	2.43358124	01	0
chr4	52000000	chr7	138000000	1	00	1	01	0.914601803	NA	01	0	0	01	0	0	4	1	2.60134478	01	0
chr4	54000000	chr7	138000000	4	00	4	01	0.992769241	NA	01	0	0	01	0	0	4	1	2.61692761	01	0
chr4	54000000	chr7	137000000	1	00	1	01	0.986938477	NA	01	0	0	01	0	0	4	1	2.54126837	01	0
chr4	55000000	chr7	137000000	13	00	13	01	0.999822438	NA	01	0	0	01	0	0	4	1	3.42689379	01	0
chr4	55000000	chr7	138000000	26	00	26	01	0.99998951	NA	01	0	0	01	0	0	4	1	3.62477533	01	0
chr4	55000000	chr7	139000000	3	00	3	01	0.999107897	NA	01	0	0	01	0	0	4	1	3.49346613	01	0
chr4	56000000	chr7	138000000	36	00	35	01	0.999994159	NA	01	0	0	01	0	1	4	1	3.12285004	01	0
chr4	56000000	chr7	139000000	9	00	9	01	0.999108255	NA	01	0	0	01	0	0	4	1	3.21988441	01	0
chr4	56000000	chr7	137000000	4	00	4	01	0.975622118	NA	01	0	0	01	0	0	4	1	3.08119911	01	0
chr4	56000000	chr7	140000000	4	00	4	01	0.86759907	NA	01	0	0	01	0	0	4	1	3.19545589	01	0
chr4	57000000	chr7	138000000	5	00	5	01	0.836084902	NA	01	0	0	01	0	0	4	1	2.60818796	01	0
chr4	59000000	chr7	66000000	1	01	1	01	0.448009074	NA	01	1	1	01	1	1	1	1	2.48290786	01	0
chr4	70000000	chr7	17000000	1	01	1	01	0.442852288	NA	01	1	1	01	1	1	1	1	2.15291641	01	0
chr4	70000000	chr7	67000000	3	01	3	01	0.996016324	NA	01	3	3	01	3	3	1	1	4.59645692	01	0
chr4	70000000	chr7	71000000	2	01	2	01	0.999618173	NA	01	2	2	01	2	2	1	1	5.12782599	01	0
chr4	70000000	chr7	68000000	1	01	1	01	0.982165754	NA	01	1	1	01	1	1	1	1	4.81312829	01	0
chr4	70000000	chr7	70000000	2	01	2	01	0.99904114	NA	01	2	2	01	2	2	1	1	4.53754222	01	0
chr4	71000000	chr7	71000000	3	01	2	01	0.992179513	NA	01	2	2	01	2	2	1	1	5.17496452	01	0
chr4	71000000	chr7	67000000	7	01	7	01	0.99994719	NA	01	7	7	01	7	7	1	1	4.52150012	01	0
chr4	71000000	chr7	68000000	6	01	6	01	0.999853134	NA	01	6	6	01	6	6	1	1	4.7713716	01	0
chr4	71000000	chr7	72000000	2	01	2	01	0.994139075	NA	01	2	2	01	2	2	1	1	4.81158453	01	0
chr4	72000000	chr7	66000000	3	01	2	01	0.998952389	NA	01	2	2	01	2	3	1	1	4.31722548	01	0
chr4	72000000	chr7	64000000	2	01	2	01	0.959346354	NA	01	2	2	01	2	2	1	1	3.87480492	01	0
chr4	72000000	chr7	70000000	7	01	7	01	0.999578059	NA	01	7	7	01	7	7	1	1	4.17085753	01	0
chr4	73000000	chr7	66000000	3	01	3	01	0.999367774	NA	01	3	3	01	3	3	1	1	4.3530083	01	0
chr4	73000000	chr7	64000000	5	01	5	01	0.999894261	NA	01	5	5	01	5	5	1	1	3.91472149	01	0
chr4	73000000	chr7	65000000	2	01	2	01	0.999086142	NA	01	2	2	01	2	2	1	1	3.80171091	01	0
chr4	74000000	chr7	65000000	5	01	5	01	0.999592602	NA	01	5	5	01	5	5	1	1	3.45801425	01	0
chr4	74000000	chr7	66000000	3	01	2	01	0.998896003	NA	01	2	2	01	2	3	1	1	3.94853398	01	0
chr4	79000000	chr7	65000000	5	01	5	01	0.944601357	NA	01	5	5	01	5	5	1	1	1.41710798	01	0
chr4	79000000	chr7	6000000	1	01	1	11	0.619310856	NA	11	0	0	11	0	0	2	1	1.91760415	11	0
chr4	89000000	chr7	6000000	2	01	2	11	0.404260159	NA	11	0	0	11	0	0	2	1	1.6688386	11	0
chr4	90000000	chr7	65000000	3	01	3	01	0.8741889	NA	01	3	3	01	3	3	1	1	2.77162202	01	0
chr4	90000000	chr7	66000000	3	01	3	01	0.858986616	NA	01	3	3	01	3	3	1	1	3.25086715	01	0
chr4	92000000	chr7	66000000	5	01	5	01	0.878725708	NA	01	5	5	01	5	5	1	1	2.66902601	01	0
chr4	92000000	chr7	67000000	1	01	1	01	0.722383678	NA	01	1	1	01	1	1	1	1	2.73507827	01	0
chr4	99000000	chr7	118000000	7	01	7	01	0.999518394	NA	01	7	7	01	7	7	1	1	3.24892762	01	0
chr4	100000000	chr7	118000000	1	01	1	01	0.986414135	NA	01	1	1	01	1	1	1	1	2.63205464	01	0
chr4	102000000	chr7	118000000	5	01	5	01	0.999961972	NA	01	5	5	01	5	5	1	1	3.87005268	01	0
chr4	103000000	chr7	118000000	4	01	4	01	0.999819219	NA	01	4	4	01	4	4	1	1	3.58590029	01	0
chr4	103000000	chr7	71000000	1	11	1	01	0.764147103	NA	01	0	0	01	0	0	2	1	3.22211944	01	0
chr4	108000000	chr7	68000000	4	01	3	01	0.978346169	NA	01	3	3	01	3	3	1	1	2.37424067	01	0
chr4	108000000	chr7	18000000	1	01	1	01	0.395680755	NA	01	1	1	01	1	1	1	1	0.809166897	01	0
chr4	108000000	chr7	67000000	1	01	1	01	0.94043988	NA	01	1	1	01	1	1	1	1	2.20570395	01	0
chr4	108000000	chr7	72000000	1	01	1	01	0.902493715	NA	01	1	1	01	1	1	1	1	2.39190027	01	0
chr4	109000000	chr7	67000000	4	01	4	01	0.901208878	NA	01	4	4	01	4	4	1	1	2.62979282	01	0
chr4	109000000	chr7	72000000	2	01	2	01	0.84877044	NA	01	2	2	01	2	2	1	1	2.80465667	01	0
chr4	109000000	chr7	19000000	1	01	1	01	0.606635869	NA	01	1	1	01	1	1	1	1	1.28130873	01	0
chr4	109000000	chr7	68000000	3	01	3	01	0.994752884	NA	01	3	3	01	3	3	1	1	2.86500407	01	0
chr4	109000000	chr7	18000000	1	01	1	01	0.3830553	NA	01	1	1	01	1	1	1	1	1.04396398	01	0
chr4	109000000	chr7	120000000	4	01	4	01	0.999366939	NA	01	4	4	01	4	4	1	1	2.99306034	01	0
chr4	109000000	chr7	119000000	4	01	4	01	0.999773324	NA	01	4	4	01	4	4	1	1	3.25819899	01	0
chr4	109000000	chr7	118000000	2	01	2	01	0.999996543	NA	01	2	2	01	2	2	1	1	3.29330885	01	0
chr4	110000000	chr7	118000000	15	01	15	01	1	NA	01	15	15	01	15	15	1	1	4.25674194	01	0
chr4	110000000	chr7	119000000	12	01	12	01	0.999999642	NA	01	12	12	01	12	12	1	1	4.32755711	01	0
chr4	110000000	chr7	140000000	6	01	6	01	0.835091949	NA	01	6	6	01	6	6	1	1	2.82504429	01	0
chr4	111000000	chr7	120000000	2	01	2	01	0.986945331	NA	01	2	2	01	2	2	1	1	3.6384015	01	0
chr4	111000000	chr7	119000000	1	01	1	01	0.999839783	NA	01	1	1	01	1	1	1	1	4.5476803	01	0
chr4	111000000	chr7	118000000	2	01	2	01	0.999948978	NA	01	2	2	01	2	2	1	1	4.54844204	01	0
chr4	114000000	chr7	71000000	1	01	1	01	0.981952131	NA	01	1	1	01	1	1	1	1	3.67573675	01	0
chr4	114000000	chr7	68000000	5	01	5	01	0.983800828	NA	01	5	5	01	5	5	1	1	3.19141614	01	0
chr4	114000000	chr7	118000000	1	01	1	01	0.984318256	NA	01	1	1	01	1	1	1	1	4.1496559	01	0
chr4	115000000	chr7	71000000	4	01	4	01	0.995898187	NA	01	4	4	01	4	4	1	1	3.77630417	01	0
chr4	115000000	chr7	68000000	5	01	5	01	0.997969329	NA	01	5	5	01	5	5	1	1	3.31166001	01	0
chr4	115000000	chr7	67000000	2	01	2	01	0.896722078	NA	01	2	2	01	2	2	1	1	2.9943369	01	0
chr4	115000000	chr7	72000000	1	01	1	01	0.976087928	NA	01	1	1	01	1	1	1	1	3.28196633	01	0
chr4	115000000	chr7	118000000	5	01	5	01	0.999997377	NA	01	5	5	01	5	5	1	1	4.06703727	01	0
chr4	118000000	chr7	118000000	4	01	4	01	0.994387031	NA	01	4	4	01	4	4	1	1	3.53926292	01	0
chr4	119000000	chr7	66000000	4	01	4	01	0.981030822	NA	01	4	4	01	4	4	1	1	2.77650941	01	0
chr4	119000000	chr7	4000000	2	01	2	01	0.51649487	NA	01	2	2	01	2	2	1	1	1.58714472	01	0
chr4	119000000	chr7	72000000	1	01	1	01	0.921789169	NA	01	1	1	01	1	1	1	1	3.09134659	01	0
chr4	120000000	chr7	72000000	2	01	2	01	0.804080307	NA	01	2	2	01	2	2	1	1	3.41795205	01	0
chr4	120000000	chr7	19000000	2	01	2	01	0.397215098	NA	01	2	2	01	2	2	1	1	1.52941181	01	0
chr4	121000000	chr7	67000000	1	01	1	01	0.810348034	NA	01	1	1	01	1	1	1	1	3.13762037	01	0
chr4	127000000	chr7	139000000	7	00	7	01	0.984157681	NA	01	0	0	01	0	0	4	1	2.20018275	01	0
chr4	129000000	chr7	141000000	8	00	7	01	0.999884129	NA	01	1	1	01	1	1	3	1	3.88804846	01	0
chr4	129000000	chr7	140000000	4	00	4	01	0.992490351	NA	01	0	0	01	0	0	4	1	3.98248878	01	0
chr4	129000000	chr7	139000000	1	00	1	01	0.9859671	NA	01	0	0	01	0	0	4	1	3.73073488	01	0
chr4	130000000	chr7	141000000	6	00	6	01	0.997041047	NA	01	0	0	01	0	0	3	1	3.95428919	01	0
chr4	130000000	chr7	136000000	4	00	4	01	0.999606073	NA	01	0	0	01	0	0	4	1	3.85355292	01	0
chr4	130000000	chr7	142000000	6	00	6	01	0.987827003	NA	01	0	0	01	0	0	3	1	3.70632399	01	0
chr4	130000000	chr7	144000000	1	01	1	01	0.876942217	NA	01	1	1	01	1	1	1	1	3.62450049	01	0
chr4	132000000	chr7	139000000	1	00	1	01	0.859532833	NA	01	0	0	01	0	0	4	1	3.77653403	01	0
chr4	132000000	chr7	141000000	8	00	8	01	0.999275744	NA	01	0	0	01	0	0	4	1	3.81620144	01	0
chr4	132000000	chr7	140000000	1	00	1	01	0.993349612	NA	01	0	0	01	0	0	4	1	3.99478898	01	0
chr4	133000000	chr7	139000000	4	00	4	01	0.994720817	NA	01	0	0	01	0	0	4	1	3.28356178	01	0
chr4	134000000	chr7	139000000	4	00	4	01	0.99920696	NA	01	0	0	01	0	0	4	1	3.40901777	01	0
chr4	134000000	chr7	19000000	1	01	1	01	0.564184427	NA	01	1	1	01	1	1	1	1	1.11339181	01	0
chr4	135000000	chr7	19000000	3	01	3	01	0.57964009	NA	01	3	3	01	3	3	1	1	1.15981079	01	0
chr4	135000000	chr7	139000000	4	00	4	01	0.998518646	NA	01	0	0	01	0	0	4	1	3.46680138	01	0
chr4	136000000	chr7	139000000	6	00	6	01	0.999887586	NA	01	0	0	01	0	0	4	1	4.18639765	01	0
chr4	5000000	chrX	12000000	1	00	1	01	0.441919655	NA	01	0	1	01	0	0	3	1	0.140576724	01	1
chr4	5000000	chrX	14000000	3	00	3	10	0.677667081	NA	10	0	0	10	0	0	4	1	1.32843404	10	1
chr4	5000000	chrX	71000000	2	00	2	10	0.624705851	NA	10	0	0	10	0	0	4	1	2.46695938	10	1
chr4	6000000	chrX	71000000	3	00	3	10	0.995051086	NA	10	0	0	10	0	0	4	1	2.67130203	10	1
chr4	6000000	chrX	70000000	3	00	3	10	0.98763895	NA	10	0	0	10	0	0	4	1	2.40109261	10	1
chr4	7000000	chrX	71000000	1	00	1	10	0.621306121	NA	10	0	0	10	0	0	4	1	2.74372612	10	1
chr4	8000000	chrX	12000000	8	00	8	01	0.675498128	NA	01	0	8	01	0	0	3	1	0.0779561866	01	1
chr4	8000000	chrX	53000000	8	00	8	10	0.617839038	NA	10	0	0	10	0	0	4	1	1.17925419	10	1
chr4	8000000	chrX	71000000	2	00	2	10	0.929614305	NA	10	0	0	10	0	0	4	1	2.3226486	10	1
chr4	8000000	chrX	10000000	1	00	1	01	0.605751753	NA	01	0	1	01	0	0	3	1	0.0860306844	01	1
chr4	8000000	chrX	11000000	4	00	4	01	0.559576988	NA	01	0	4	10	0	0	3	2	0.205897941	10	1
chr4	9000000	chrX	71000000	4	00	4	10	0.943250179	NA	10	0	0	10	0	0	4	1	2.23272099	10	1
chr4	9000000	chrX	70000000	4	00	4	10	0.854902208	NA	10	0	0	10	0	0	4	1	1.85276779	10	1
chr4	16000000	chrX	12000000	6	00	6	01	0.844632864	NA	01	0	6	01	0	0	3	1	1.03293024	01	1
chr4	16000000	chrX	10000000	7	00	7	01	0.834273398	NA	01	0	7	01	0	0	3	1	1.10678521	01	1
chr4	16000000	chrX	11000000	2	00	2	01	0.787453532	NA	01	0	2	01	0	0	3	1	0.834557888	01	1
chr4	17000000	chrX	10000000	1	00	1	01	0.720349014	NA	01	0	1	01	0	0	3	1	0.727280255	01	1
chr4	17000000	chrX	11000000	1	00	1	01	0.560675323	NA	01	0	1	01	0	0	3	1	0.473185657	01	1
chr4	18000000	chrX	71000000	4	00	4	10	0.881790698	NA	10	0	0	10	0	0	4	1	2.50480196	10	1
chr4	18000000	chrX	10000000	4	00	4	01	0.767115116	NA	01	0	4	01	0	0	4	1	0.994246623	01	1
chr4	18000000	chrX	70000000	3	00	2	10	0.691526711	NA	10	0	0	10	0	1	4	1	2.32182302	10	1
chr4	19000000	chrX	12000000	5	00	5	01	0.762379646	NA	01	0	5	01	0	0	3	1	1.15560748	01	1
chr4	19000000	chrX	10000000	1	00	1	01	0.587716401	NA	01	0	1	01	0	0	3	1	1.0972517	01	1
chr4	20000000	chrX	10000000	2	00	2	01	0.511951149	NA	01	0	2	01	0	0	3	1	1.13380313	01	1
chr4	20000000	chrX	12000000	1	00	1	01	0.718374431	NA	01	0	1	01	0	0	3	1	1.16984704	01	1
chr4	25000000	chrX	14000000	5	00	5	10	0.547077596	NA	10	0	0	10	0	0	4	1	0.327947211	10	1
chr4	25000000	chrX	13000000	3	00	3	01	0.53504014	NA	01	0	3	01	0	0	4	1	0.853300196	01	1
chr4	26000000	chrX	12000000	1	00	1	01	0.576743364	NA	01	0	1	01	0	0	3	1	1.23180401	01	1
chr4	44000000	chrX	12000000	2	00	2	10	0.471530616	NA	10	0	0	10	0	0	3	1	0.437458337	10	1
chr4	46000000	chrX	71000000	5	00	5	10	0.837338626	NA	10	0	0	10	0	0	4	1	3.70600774	10	1
chr4	46000000	chrX	11000000	2	00	2	10	0.736110091	NA	10	0	0	10	0	0	3	1	1.85602594	10	1
chr4	46000000	chrX	15000000	2	00	2	10	0.519466162	NA	10	0	0	10	0	0	4	1	2.61104908	10	1
chr4	46000000	chrX	73000000	1	00	1	10	0.64615643	NA	10	0	0	10	0	0	4	1	2.95904402	10	1
chr4	46000000	chrX	53000000	8	00	8	10	0.999718368	NA	10	0	0	10	0	0	4	1	3.19828831	10	1
chr4	46000000	chrX	12000000	3	00	3	10	0.641589999	NA	10	0	0	10	0	0	3	1	1.78702292	10	1
chr4	46000000	chrX	48000000	1	00	1	10	0.960521281	NA	10	0	0	10	0	0	4	1	2.76932995	10	1
chr4	46000000	chrX	70000000	1	00	1	10	0.76632452	NA	10	0	0	10	0	0	4	1	3.3364136	10	1
chr4	46000000	chrX	10000000	2	00	2	10	0.775976241	NA	10	0	0	10	0	0	4	1	1.66292889	10	1
chr4	46000000	chrX	19000000	1	00	1	10	0.590184629	NA	10	0	0	10	0	0	4	1	2.19786062	10	1
chr4	47000000	chrX	12000000	1	00	1	10	0.598237157	NA	10	0	0	10	0	0	3	1	1.22700352	10	1
chr4	47000000	chrX	53000000	1	00	1	10	0.584903538	NA	10	0	0	10	0	0	4	1	2.2209759	10	1
chr4	48000000	chrX	71000000	1	00	1	10	0.722005904	NA	10	0	0	10	0	0	4	1	2.93794585	10	1
chr4	50000000	chrX	162000000	3	00	3	10	0.469896734	NA	10	0	0	10	0	0	3	1	2.04537922	10	1
chr4	50000000	chrX	160000000	4	00	4	10	0.7217834	NA	10	0	0	10	0	0	3	1	1.38564887	10	1
chr4	62000000	chrX	71000000	2	00	2	10	0.661824107	NA	10	0	0	10	0	0	4	1	2.16391837	10	1
chr4	63000000	chrX	70000000	6	00	6	10	0.982886493	NA	10	0	0	10	0	0	4	1	2.37903927	10	1
chr4	63000000	chrX	71000000	3	00	3	10	0.964684844	NA	10	0	0	10	0	0	3	1	2.65461554	10	1
chr4	63000000	chrX	73000000	2	00	2	10	0.981623828	NA	10	0	0	10	0	0	4	1	1.75942912	10	1
chr4	64000000	chrX	73000000	5	00	5	10	0.99760288	NA	10	0	0	10	0	0	4	1	2.66531536	10	1
chr4	64000000	chrX	72000000	5	00	5	10	0.999086022	NA	10	0	0	10	0	0	3	1	3.34867498	10	1
chr4	64000000	chrX	140000000	4	00	4	10	0.989918292	NA	10	0	0	10	0	0	3	1	3.32379002	10	1
chr4	64000000	chrX	70000000	2	00	2	10	0.733558297	NA	10	0	0	10	0	0	4	1	3.16190541	10	1
chr4	64000000	chrX	71000000	4	00	4	10	0.998537779	NA	10	0	0	10	0	0	3	1	3.42483176	10	1
chr4	65000000	chrX	71000000	3	00	3	10	0.992987931	NA	10	0	0	10	0	0	3	1	2.58243249	10	1
chr4	65000000	chrX	70000000	1	00	1	10	0.986112416	NA	10	0	0	10	0	0	4	1	2.32369773	10	1
chr4	67000000	chrX	70000000	1	00	1	10	0.679120541	NA	10	0	0	10	0	0	4	1	1.84804859	10	1
chr4	67000000	chrX	71000000	1	00	1	10	0.826990843	NA	10	0	0	10	0	0	3	1	2.05558057	10	1
chr4	68000000	chrX	73000000	3	00	3	10	0.980872989	NA	10	0	0	10	0	0	4	1	2.3862768	10	1
chr4	68000000	chrX	139000000	6	00	6	10	0.999233127	NA	10	0	0	10	0	0	4	1	3.45200662	10	1
chr4	68000000	chrX	162000000	2	00	2	10	0.866134584	NA	10	0	0	10	0	0	3	1	3.31686666	10	1
chr4	68000000	chrX	140000000	1	00	1	10	0.987601459	NA	10	0	0	10	0	0	3	1	3.73884973	10	1
chr4	69000000	chrX	74000000	3	00	3	10	0.997562408	NA	10	0	0	10	0	0	4	1	2.90400216	10	1
chr4	69000000	chrX	140000000	9	00	9	10	0.999991655	NA	10	0	0	10	0	0	3	1	4.6181711	10	1
chr4	69000000	chrX	100000000	6	00	6	10	0.993394673	NA	10	0	0	10	0	0	3	1	2.93743318	10	1
chr4	69000000	chrX	139000000	1	00	1	10	0.999943733	NA	10	0	0	10	0	0	3	1	4.4079346	10	1
chr4	69000000	chrX	162000000	6	00	6	10	0.95424974	NA	10	0	0	10	0	0	3	1	4.35174577	10	1
chr4	69000000	chrX	101000000	1	00	1	10	0.840451121	NA	10	0	0	10	0	0	3	1	2.00430298	10	1
chr4	69000000	chrX	161000000	1	01	1	10	0.900880456	NA	10	0	0	10	0	1	2	1	4.35627653	10	1
chr4	70000000	chrX	139000000	3	00	3	10	0.993324101	NA	10	0	0	10	0	0	4	1	3.15608139	10	1
chr4	70000000	chrX	140000000	1	00	1	10	0.974084795	NA	10	0	0	10	0	0	3	1	3.51927805	10	1
chr4	70000000	chrX	73000000	9	00	9	10	0.99979502	NA	10	0	0	10	0	0	4	1	2.73559152	10	1
chr4	70000000	chrX	74000000	2	00	2	10	0.697826505	NA	10	0	0	10	0	0	4	1	2.44527363	10	1
chr4	70000000	chrX	71000000	2	00	2	10	0.885375679	NA	10	0	0	10	0	0	3	1	3.01537243	10	1
chr4	70000000	chrX	72000000	1	00	1	10	0.786544561	NA	10	0	0	10	0	0	3	1	3.13081511	10	1
chr4	70000000	chrX	100000000	1	00	1	10	0.668718278	NA	10	0	0	10	0	0	3	1	2.37957002	10	1
chr4	83000000	chrX	12000000	1	00	1	01	0.428824455	NA	01	0	1	01	0	0	3	1	0.442337585	01	1
chr4	84000000	chrX	12000000	2	00	2	01	0.387439698	NA	01	0	2	01	0	0	3	1	0.234936616	01	1
chr4	101000000	chrX	157000000	2	00	2	10	0.541920245	NA	10	0	0	10	0	0	3	1	2.45567949	10	1
chr4	101000000	chrX	101000000	5	00	5	10	0.430961519	NA	10	0	0	10	0	0	4	1	1.10792483	10	1
chr4	101000000	chrX	162000000	1	00	1	10	0.846564472	NA	10	0	0	10	0	0	3	1	2.88188315	10	1
chr4	101000000	chrX	161000000	1	00	1	10	0.636416137	NA	10	0	0	10	0	0	3	1	3.03035438	10	1
chr4	138000000	chrX	104000000	1	00	1	10	0.474039614	NA	10	0	0	10	0	0	4	1	3.2988861	10	1
chr4	138000000	chrX	102000000	1	00	1	10	0.527704895	NA	10	0	0	10	0	0	4	1	2.7136046	10	1
chr4	142000000	chrX	101000000	2	00	2	10	0.628156006	NA	10	0	0	10	0	0	4	1	2.97670156	10	1
chr4	142000000	chrX	157000000	1	00	1	10	0.734203935	NA	10	0	0	10	0	0	4	1	4.27556674	10	1
chr4	143000000	chrX	159000000	3	00	3	10	0.985536397	NA	10	0	0	10	0	0	3	1	4.23585761	10	1
chr4	143000000	chrX	160000000	6	00	6	10	0.996895313	NA	10	0	0	10	0	0	3	1	4.42236159	10	1
chr4	144000000	chrX	160000000	1	00	1	10	0.887131035	NA	10	0	0	10	0	0	4	1	4.27804246	10	1
chr5	3000000	chr10	123000000	6	01	6	00	0.935780942	NA	00	0	6	00	0	0	2	1	1.38754578	00	1
chr5	3000000	chr10	122000000	11	01	11	00	0.998653412	NA	00	0	11	00	0	0	2	1	3.09788251	00	1
chr5	3000000	chr10	102000000	19	01	19	00	0.969990849	NA	00	0	19	00	0	0	3	1	2.99812276	00	1
chr5	3000000	chr10	101000000	3	01	3	00	0.80467242	NA	00	0	3	00	0	0	2	1	2.79830688	00	1
chr5	3000000	chr10	77000000	1	01	1	00	0.654418528	NA	00	0	1	00	0	0	2	1	1.65224077	00	1
chr5	3000000	chr10	78000000	5	01	5	00	0.721537888	NA	00	0	5	00	0	0	2	1	1.43399562	00	1
chr5	4000000	chr10	122000000	8	01	8	00	0.991310716	NA	00	0	8	00	0	0	2	1	2.56056751	00	1
chr5	4000000	chr10	8000000	2	01	2	01	0.338791072	NA	01	2	0	00	0	2	2	2	0.0789525196	00	1
chr5	5000000	chr10	8000000	3	01	3	01	0.457840264	NA	01	3	0	01	3	3	1	1	0.0830663093	01	1
chr5	6000000	chr10	8000000	1	01	1	01	0.379238904	NA	01	1	0	01	1	1	1	1	0.191565934	01	1
chr5	8000000	chr10	8000000	3	01	3	01	0.409523219	NA	01	3	0	01	3	3	1	1	0.134001046	01	1
chr5	9000000	chr10	8000000	7	01	7	01	0.474832416	NA	01	7	0	01	7	7	1	1	0.0573537889	01	1
chr5	10000000	chr10	8000000	7	01	6	01	0.429539174	NA	01	6	1	01	6	6	1	1	0.133668946	01	1
chr5	10000000	chr10	49000000	1	10	1	01	0.293130606	NA	01	0	0	01	0	1	3	1	0.465337433	01	1
chr5	16000000	chr10	123000000	1	01	1	00	0.495420337	NA	00	0	1	00	0	0	3	1	0.639392858	00	1
chr5	17000000	chr10	120000000	1	01	1	00	0.363216221	NA	00	0	1	00	0	0	2	1	0.166841781	00	1
chr5	18000000	chr10	123000000	4	01	4	00	0.470640451	NA	00	0	4	00	0	0	3	1	0.346607532	00	1
chr5	19000000	chr10	77000000	2	01	2	11	0.372385681	NA	11	0	0	11	0	0	3	1	0.0947409164	11	1
chr5	19000000	chr10	124000000	2	01	2	11	0.836235762	NA	11	0	0	11	0	0	3	1	1.20359287	11	1
chr5	19000000	chr10	123000000	4	01	4	11	0.866176963	NA	11	0	0	11	0	0	3	1	1.12293852	11	1
chr5	19000000	chr10	8000000	2	01	2	01	0.298855096	NA	01	2	0	00	0	2	2	2	0.0293235676	00	1
chr5	20000000	chr10	123000000	6	01	6	11	0.815868795	NA	11	0	0	11	0	0	2	1	0.976485872	11	1
chr5	20000000	chr10	88000000	1	01	1	11	0.283609629	NA	11	0	0	01	1	0	1	2	0.0106951541	01	1
chr5	20000000	chr10	89000000	1	00	1	01	0.294954777	NA	01	0	1	01	0	0	3	1	0.283635237	01	1
chr5	21000000	chr10	123000000	18	01	18	11	0.981036901	NA	11	0	0	11	0	0	2	1	1.00853412	11	1
chr5	21000000	chr10	120000000	16	01	16	11	0.817717731	NA	11	0	0	11	0	0	2	1	0.489571173	11	1
chr5	21000000	chr10	124000000	3	01	3	11	0.873204648	NA	11	0	0	11	0	0	2	1	0.804300891	11	1
chr5	21000000	chr10	119000000	5	01	5	11	0.613350213	NA	11	0	0	11	0	0	2	1	0.355306354	11	1
chr5	21000000	chr10	77000000	4	01	4	11	0.430412024	NA	11	0	0	11	0	0	2	1	0.348438638	11	1
chr5	21000000	chr10	68000000	1	01	1	01	0.290912271	NA	01	1	0	01	1	1	1	1	0.167967191	01	1
chr5	21000000	chr10	79000000	1	01	1	11	0.355260193	NA	11	0	0	11	0	0	2	1	0.123232927	11	1
chr5	22000000	chr10	120000000	8	01	8	11	0.74036634	NA	11	0	0	11	0	0	2	1	0.820869019	11	1
chr5	22000000	chr10	125000000	4	01	4	11	0.79166007	NA	11	0	0	11	0	0	2	1	1.02314817	11	1
chr5	22000000	chr10	119000000	8	01	8	11	0.771815717	NA	11	0	0	11	0	0	2	1	0.564253423	11	1
chr5	22000000	chr10	117000000	3	01	3	11	0.589627564	NA	11	0	0	11	0	0	2	1	0.429570726	11	1
chr5	22000000	chr10	79000000	1	01	1	11	0.320135862	NA	11	0	0	11	0	0	3	1	0.158194025	11	1
chr5	22000000	chr10	124000000	3	01	3	11	0.607329011	NA	11	0	0	11	0	0	2	1	1.22898021	11	1
chr5	22000000	chr10	123000000	2	01	2	11	0.760418475	NA	11	0	0	11	0	0	2	1	1.4400829	11	1
chr5	23000000	chr10	118000000	2	00	1	01	0.641005218	NA	01	1	1	01	1	1	3	1	1.02789097	01	1
chr5	23000000	chr10	123000000	1	01	1	11	0.41694662	NA	11	0	0	11	0	0	2	1	0.0254734191	11	1
chr5	35000000	chr10	77000000	5	01	4	00	0.412896186	NA	00	0	4	00	0	1	3	1	0.20994327	00	1
chr5	35000000	chr10	9000000	6	01	6	01	0.514213979	NA	01	6	0	01	6	6	1	1	0.00791980808	01	1
chr5	35000000	chr10	8000000	9	01	9	01	0.802266538	NA	01	9	0	01	9	9	1	1	0.228028199	01	1
chr5	35000000	chr10	37000000	6	01	6	01	0.463825673	NA	01	6	0	01	6	6	1	1	0.612428035	01	1
chr5	35000000	chr10	76000000	4	01	4	00	0.489929825	NA	00	0	4	00	0	0	2	1	0.828311387	00	1
chr5	35000000	chr10	7000000	7	01	7	01	0.567336857	NA	01	7	0	01	7	7	1	1	0.27462158	01	1
chr5	36000000	chr10	8000000	9	01	9	01	0.631081581	NA	01	9	0	01	9	9	1	1	0.180914687	01	1
chr5	36000000	chr10	7000000	4	01	4	01	0.314978033	NA	01	4	0	01	4	4	1	1	0.224332631	01	1
chr5	36000000	chr10	76000000	8	01	8	00	0.582743943	NA	00	0	8	00	0	0	3	1	0.80119943	00	1
chr5	36000000	chr10	9000000	23	01	22	00	0.486671925	NA	00	1	22	00	1	1	2	1	0.064865482	00	1
chr5	36000000	chr10	10000000	2	01	2	00	0.469689697	NA	00	0	2	00	0	0	2	1	0.648558975	00	1
chr5	36000000	chr10	37000000	2	01	2	01	0.285646498	NA	01	2	0	01	2	2	1	1	0.482460902	01	1
chr5	36000000	chr10	77000000	1	01	1	00	0.44039911	NA	00	0	1	00	0	0	3	1	0.00247871596	00	1
chr5	36000000	chr10	120000000	1	01	1	11	0.450103372	NA	11	0	0	11	0	0	2	1	0.74331449	11	1
chr5	36000000	chr10	68000000	13	01	13	00	0.451129943	NA	00	0	13	00	0	0	3	1	0.195523769	00	1
chr5	36000000	chr10	89000000	3	01	3	11	0.339383632	NA	11	0	0	01	3	0	1	2	0.0251562762	01	1
chr5	36000000	chr10	115000000	2	01	2	01	0.355331957	NA	01	2	0	01	2	2	1	1	0.0414964892	01	1
chr5	36000000	chr10	67000000	1	11	1	00	0.308900595	NA	00	0	0	00	0	1	3	1	0.422307154	00	1
chr5	37000000	chr10	124000000	1	01	1	11	0.29157728	NA	11	0	0	11	0	0	2	1	0.524555567	11	1
chr5	37000000	chr10	123000000	4	01	4	11	0.56260252	NA	11	0	0	11	0	0	2	1	0.669496185	11	1
chr5	41000000	chr10	122000000	15	01	15	00	0.941108167	NA	00	0	15	00	0	0	3	1	2.25720512	00	1
chr5	42000000	chr10	122000000	6	01	6	00	0.781650662	NA	00	0	6	00	0	0	4	1	1.60468574	00	1
chr5	78000000	chr10	126000000	1	00	1	10	0.445109099	NA	10	0	0	10	0	0	2	1	0.865068701	10	1
chr5	79000000	chr10	126000000	5	00	5	10	0.515215516	NA	10	0	0	10	0	0	2	1	0.954454766	10	1
chr5	79000000	chr10	125000000	1	00	1	10	0.325960547	NA	10	0	0	10	0	0	3	1	0.893396077	10	1
chr5	79000000	chr10	123000000	2	00	2	10	0.369854093	NA	10	0	0	10	0	0	3	1	0.439855101	10	1
chr5	79000000	chr10	122000000	1	00	1	10	0.394503713	NA	10	0	0	10	0	0	2	1	0.748543429	10	1
chr5	96000000	chr10	79000000	3	00	3	01	0.697380006	NA	01	0	3	01	0	0	2	1	1.23929067	01	1
chr5	100000000	chr10	79000000	3	00	3	01	0.734129906	NA	01	0	3	01	0	0	2	1	1.50597891	01	1
chr5	100000000	chr10	78000000	7	00	7	01	0.681055248	NA	01	0	7	01	0	0	3	1	1.39200071	01	1
chr5	100000000	chr10	122000000	3	00	3	00	0.413232237	NA	00	3	0	00	3	3	1	1	0.0296761538	00	1
chr5	101000000	chr10	79000000	2	00	2	01	0.414467186	NA	01	0	2	01	0	0	3	1	1.07830616	01	1
chr5	101000000	chr10	122000000	11	00	10	10	0.53346473	NA	10	0	0	10	0	1	2	1	0.616568243	10	1
chr5	101000000	chr10	117000000	6	00	6	01	0.552174628	NA	01	0	6	01	0	0	3	1	0.811083423	01	1
chr5	101000000	chr10	116000000	10	00	10	01	0.654610097	NA	01	0	10	01	0	0	3	1	0.657173797	01	1
chr5	101000000	chr10	123000000	1	00	1	01	0.518194497	NA	01	0	1	01	0	0	4	1	0.800253168	01	1
chr5	102000000	chr10	79000000	7	00	7	01	0.519965708	NA	01	0	7	01	0	0	3	1	0.135749368	01	1
chr5	102000000	chr10	116000000	1	00	1	01	0.3970851	NA	01	0	1	01	0	0	3	1	0.0541939736	01	1
chr5	102000000	chr10	122000000	5	00	5	10	0.60780561	NA	10	0	0	10	0	0	2	1	0.864888511	10	1
chr5	102000000	chr10	78000000	7	00	7	01	0.607998192	NA	01	0	7	01	0	0	3	1	0.537160779	01	1
chr5	103000000	chr10	79000000	2	00	2	01	0.36380437	NA	01	0	2	01	0	0	3	1	0.777905333	01	1
chr5	104000000	chr10	122000000	3	00	3	00	0.485005468	NA	00	3	0	00	3	3	1	1	0.172628828	00	1
chr5	122000000	chr10	117000000	1	00	1	01	0.609971881	NA	01	0	1	01	0	0	2	1	1.79186849	01	1
chr5	122000000	chr10	125000000	1	00	1	01	0.405711234	NA	01	0	1	01	0	0	2	1	2.07465008	01	1
chr5	144000000	chr10	79000000	1	10	1	01	0.475072414	NA	01	0	0	11	0	1	4	2	0.347854369	11	1
chr5	145000000	chr10	79000000	10	10	10	01	0.815908015	NA	01	0	0	01	0	10	4	1	0.898569958	01	1
chr5	3000000	chr11	33000000	1	11	1	11	0.508500338	NA	11	1	1	11	1	1	1	1	1.82140384	11	0
chr5	3000000	chr11	32000000	7	11	7	11	0.726336062	NA	11	7	7	11	7	7	1	1	1.67007775	11	0
chr5	5000000	chr11	55000000	8	11	5	11	0.903706253	NA	11	5	5	11	5	7	1	1	3.30204226	11	0
chr5	5000000	chr11	95000000	1	11	1	11	0.58006984	NA	11	1	1	11	1	1	1	1	2.84950326	11	0
chr5	5000000	chr11	74000000	1	11	1	11	0.915756822	NA	11	1	1	11	1	1	1	1	3.70218158	11	0
chr5	5000000	chr11	73000000	3	11	3	11	0.847133458	NA	11	3	3	11	3	3	1	1	2.91858363	11	0
chr5	5000000	chr11	38000000	1	11	1	11	0.616049588	NA	11	1	1	11	1	1	1	1	2.30688299	11	0
chr5	5000000	chr11	96000000	1	11	1	11	0.503493667	NA	11	1	1	11	1	1	1	1	2.7699757	11	0
chr5	6000000	chr11	55000000	8	11	8	11	0.995773733	NA	11	8	8	11	8	8	1	1	3.33878142	11	0
chr5	6000000	chr11	114000000	2	11	2	11	0.847984672	NA	11	2	2	11	2	2	1	1	3.70541562	11	0
chr5	6000000	chr11	73000000	2	11	2	11	0.738348484	NA	11	2	2	11	2	2	1	1	2.96549947	11	0
chr5	31000000	chr11	54000000	1	11	1	11	0.25	NA	00	0	0	00	0	1	4	4	0.992568248	00	0
chr5	40000000	chr11	96000000	1	11	1	11	0.25	NA	00	0	0	00	0	1	4	4	2.36297996	00	0
chr5	40000000	chr11	32000000	1	11	1	00	0.739768028	NA	00	0	0	00	0	1	4	1	2.06356817	00	0
chr5	40000000	chr11	39000000	1	11	1	00	0.69843483	NA	00	0	0	00	0	1	4	1	2.6111642	00	0
chr5	40000000	chr11	33000000	1	11	1	00	0.52752912	NA	00	0	0	00	0	1	4	1	1.88315813	00	0
chr5	121000000	chr13	6000000	1	10	1	10	0.419126868	NA	10	1	1	10	1	1	1	1	3.73430766	10	0
chr5	122000000	chr13	21000000	7	10	7	10	0.929278076	NA	10	7	7	10	7	7	1	1	4.38930902	10	0
chr5	122000000	chr13	20000000	5	10	5	10	0.895153403	NA	10	5	5	10	5	5	1	1	4.84032804	10	0
chr5	122000000	chr13	19000000	3	10	3	10	0.950197399	NA	10	3	3	10	3	3	1	1	4.20881088	10	0
chr5	3000000	chr14	63000000	2	11	2	11	0.520380676	NA	11	2	2	11	2	2	1	1	0.812273504	11	0
chr5	3000000	chr14	65000000	6	11	6	11	0.896661222	NA	11	6	6	11	6	6	1	1	1.00824453	11	0
chr5	4000000	chr14	65000000	8	11	7	11	0.714762449	NA	11	7	7	11	7	7	1	1	0.512035025	11	0
chr5	4000000	chr14	63000000	1	11	1	11	0.643567801	NA	11	1	1	11	1	1	1	1	0.365147179	11	0
chr5	5000000	chr14	64000000	1	11	1	11	0.925861716	NA	11	1	1	11	1	1	1	1	2.09381852	11	0
chr5	5000000	chr14	63000000	11	11	11	11	0.993083715	NA	11	11	11	11	11	11	1	1	2.11315906	11	0
chr5	5000000	chr14	65000000	5	11	5	11	0.994161427	NA	11	5	5	11	5	5	1	1	2.08137822	11	0
chr5	5000000	chr14	14000000	1	11	1	11	0.989881337	NA	11	1	1	11	1	1	1	1	2.68343103	11	0
chr5	5000000	chr14	15000000	1	11	1	11	0.932110548	NA	11	1	1	11	1	1	1	1	2.89499778	11	0
chr5	6000000	chr14	14000000	5	11	5	11	0.989601314	NA	11	5	5	11	5	5	1	1	2.82465316	11	0
chr5	6000000	chr14	65000000	1	11	1	11	0.965366364	NA	11	1	1	11	1	1	1	1	1.98926728	11	0
chr5	6000000	chr14	63000000	2	11	2	11	0.971909821	NA	11	2	2	11	2	2	1	1	2.08982391	11	0
chr5	6000000	chr14	64000000	1	11	1	11	0.87536484	NA	11	1	1	11	1	1	1	1	2.09386749	11	0
chr5	7000000	chr14	14000000	6	11	6	11	0.996402264	NA	11	6	6	11	6	6	1	1	3.02409914	11	0
chr5	7000000	chr14	65000000	2	11	2	11	0.962432206	NA	11	2	2	11	2	2	1	1	2.07510155	11	0
chr5	7000000	chr14	15000000	2	11	2	11	0.956585467	NA	11	2	2	11	2	2	1	1	3.25224455	11	0
chr5	7000000	chr14	63000000	11	11	11	11	0.995658278	NA	11	11	11	11	11	11	1	1	2.28723537	11	0
chr5	7000000	chr14	64000000	5	11	5	11	0.973771691	NA	11	5	5	11	5	5	1	1	2.35294062	11	0
chr5	7000000	chr14	66000000	1	11	1	11	0.857799828	NA	11	1	1	11	1	1	1	1	1.73721976	11	0
chr5	8000000	chr14	66000000	4	11	4	11	0.825039268	NA	11	4	4	11	4	4	1	1	1.58019244	11	0
chr5	8000000	chr14	15000000	2	11	2	11	0.988105416	NA	11	2	2	11	2	2	1	1	2.75080827	11	0
chr5	8000000	chr14	64000000	4	11	4	11	0.968393385	NA	11	4	4	11	4	4	1	1	2.24078887	11	0
chr5	8000000	chr14	16000000	15	11	15	11	0.99927026	NA	11	15	15	11	15	15	1	1	3.08656983	11	0
chr5	8000000	chr14	63000000	4	11	4	11	0.974164784	NA	11	4	4	11	4	4	1	1	2.14630374	11	0
chr5	8000000	chr14	65000000	1	11	1	11	0.607591033	NA	11	1	1	11	1	1	1	1	2.00624324	11	0
chr5	8000000	chr14	14000000	2	11	2	11	0.963993073	NA	11	2	2	11	2	2	1	1	2.47095597	11	0
chr5	30000000	chr14	65000000	1	11	1	01	0.516174912	NA	01	0	0	01	0	0	3	1	0.245949052	01	0
chr5	31000000	chr14	65000000	14	11	14	01	0.803894222	NA	01	0	0	01	0	0	3	1	0.499099346	01	0
chr5	31000000	chr14	25000000	5	11	5	00	0.405961603	NA	00	0	0	00	0	5	4	1	0.957510029	00	0
chr5	32000000	chr14	65000000	1	11	1	01	0.585024893	NA	01	0	0	01	0	0	3	1	0.518990406	01	0
chr5	32000000	chr14	63000000	2	11	2	01	0.58024931	NA	01	0	0	01	0	0	3	1	0.732574353	01	0
chr5	33000000	chr14	25000000	1	11	1	00	0.458235532	NA	00	0	0	00	0	1	4	1	1.02877909	00	0
chr5	33000000	chr14	61000000	2	11	2	01	0.470048189	NA	01	0	0	00	0	0	4	2	0.0116082679	00	0
chr5	33000000	chr14	65000000	5	11	5	01	0.590034425	NA	01	0	0	01	0	0	3	1	0.454852742	01	0
chr5	34000000	chr14	61000000	2	11	2	00	0.401035517	NA	00	0	0	00	0	2	4	1	0.126071829	00	0
chr5	42000000	chr14	17000000	3	11	3	10	0.387266129	NA	10	0	0	10	0	0	4	1	0.258650779	10	0
chr5	43000000	chr14	64000000	2	11	2	11	0.279396564	NA	11	2	2	11	2	2	1	1	0.223012046	11	0
chr5	43000000	chr14	67000000	11	11	11	10	0.394132912	NA	10	0	0	10	0	0	2	1	0.175959375	10	0
chr5	43000000	chr14	17000000	14	11	14	10	0.866195619	NA	10	0	0	10	0	0	3	1	0.853883227	10	0
chr5	43000000	chr14	23000000	1	11	1	11	0.395230025	NA	11	1	1	11	1	1	1	1	0.315273012	11	0
chr5	43000000	chr14	16000000	2	11	2	10	0.528862178	NA	10	0	0	10	0	0	3	1	0.552675191	10	0
chr5	44000000	chr14	17000000	11	11	10	10	0.888707042	NA	10	1	1	10	1	1	3	1	1.17292276	10	0
chr5	45000000	chr14	34000000	5	11	5	11	0.618884742	NA	11	5	5	11	5	5	1	1	1.10490543	11	0
chr5	45000000	chr14	24000000	2	11	2	10	0.461448669	NA	10	0	0	10	0	0	2	1	0.129359244	10	0
chr5	45000000	chr14	67000000	4	11	4	10	0.394551098	NA	10	0	0	10	0	0	2	1	0.315390577	10	0
chr5	45000000	chr14	17000000	1	11	1	10	0.600823104	NA	10	0	0	10	0	0	3	1	1.24170151	10	0
chr5	45000000	chr14	48000000	1	11	1	11	0.286110878	NA	11	1	1	11	1	1	1	1	0.501201644	11	0
chr5	45000000	chr14	47000000	1	11	1	10	0.279452562	NA	10	0	0	11	1	0	1	2	0.0115088207	11	0
chr5	46000000	chr14	25000000	1	11	1	10	0.515350401	NA	10	0	0	10	0	0	3	1	0.994243737	10	0
chr5	46000000	chr14	63000000	1	11	1	11	0.357999563	NA	11	1	1	11	1	1	1	1	0.369939435	11	0
chr5	46000000	chr14	24000000	1	11	1	10	0.348454475	NA	10	0	0	10	0	0	2	1	0.0982714665	10	0
chr5	48000000	chr14	34000000	1	11	1	11	0.327238441	NA	11	1	1	11	1	1	1	1	0.377939037	11	0
chr5	55000000	chr14	34000000	1	11	1	01	0.324538022	NA	01	0	0	01	0	0	2	1	0.15568284	01	0
chr5	66000000	chr14	65000000	2	11	2	01	0.37268737	NA	01	0	0	01	0	0	3	1	0.439890665	01	0
chr5	66000000	chr14	63000000	6	11	6	01	0.50535059	NA	01	0	0	01	0	0	3	1	0.644920517	01	0
chr5	68000000	chr14	63000000	6	11	6	01	0.371682763	NA	01	0	0	01	0	0	2	1	0.376882469	01	0
chr5	68000000	chr14	16000000	2	11	2	11	0.25	NA	00	0	0	00	0	2	4	4	0.00122533431	00	0
chr5	68000000	chr14	64000000	1	11	1	01	0.276857793	NA	01	0	0	01	0	0	2	1	0.330834838	01	0
chr5	111000000	chr14	47000000	2	11	2	00	0.320249647	NA	00	0	0	00	0	2	2	1	0.651892337	00	0
chr5	121000000	chr14	32000000	7	10	7	10	0.864301145	NA	10	7	7	10	7	7	1	1	2.43958317	10	0
chr5	122000000	chr14	32000000	2	10	2	10	0.854015231	NA	10	2	2	10	2	2	1	1	3.14908052	10	0
chr5	122000000	chr14	33000000	1	10	1	10	0.765388668	NA	10	1	1	10	1	1	1	1	1.90558404	10	0
chr5	122000000	chr14	65000000	1	11	1	10	0.45190531	NA	10	0	0	10	0	0	2	1	1.29250899	10	0
chr5	124000000	chr14	45000000	3	11	3	10	0.361886531	NA	10	0	0	10	0	0	2	1	1.63861809	10	0
chr5	4000000	chr15	72000000	4	00	4	11	0.659291804	NA	11	0	0	11	0	4	3	1	0.878528671	11	0
chr5	8000000	chr16	42000000	1	01	1	01	0.433194369	NA	01	1	1	01	1	1	1	1	2.09663444	01	0
chr5	9000000	chr16	42000000	3	01	3	01	0.647500932	NA	01	3	3	01	3	3	1	1	1.85802889	01	0
chr5	21000000	chr16	65000000	1	01	1	11	0.379343629	NA	11	0	0	11	0	0	2	1	0.635573647	11	0
chr5	22000000	chr16	65000000	10	01	10	11	0.58787632	NA	11	0	0	11	0	0	2	1	0.761088358	11	0
chr5	23000000	chr16	7000000	6	01	6	01	0.663674653	NA	01	6	6	01	6	6	1	1	1.15922088	01	0
chr5	23000000	chr16	55000000	5	01	5	01	0.656360924	NA	01	5	5	01	5	5	1	1	0.864605842	01	0
chr5	23000000	chr16	65000000	1	01	1	01	0.458930194	NA	01	1	1	01	1	1	1	1	0.403466947	01	0
chr5	24000000	chr16	4000000	3	01	3	01	0.622147262	NA	01	3	3	01	3	3	1	1	1.48818158	01	0
chr5	25000000	chr16	42000000	1	01	1	01	0.652602911	NA	01	1	1	01	1	1	1	1	1.85099634	01	0
chr5	32000000	chr16	55000000	4	01	4	01	0.788631082	NA	01	4	4	01	4	4	1	1	1.40638274	01	0
chr5	32000000	chr16	56000000	3	01	3	01	0.645137429	NA	01	3	3	01	3	3	1	1	1.01594924	01	0
chr5	32000000	chr16	43000000	2	01	2	01	0.417853296	NA	01	2	2	01	2	2	1	1	0.737650818	01	0
chr5	32000000	chr16	18000000	3	01	3	01	0.94493252	NA	01	3	3	01	3	3	1	1	1.50543467	01	0
chr5	32000000	chr16	6000000	1	01	1	01	0.714598417	NA	01	1	1	01	1	1	1	1	1.67389945	01	0
chr5	32000000	chr16	11000000	2	01	2	01	0.816709816	NA	01	2	2	01	2	2	1	1	1.20931365	01	0
chr5	33000000	chr16	42000000	3	01	2	01	0.724803627	NA	01	2	2	01	2	3	1	1	1.60842861	01	0
chr5	33000000	chr16	41000000	2	01	2	01	0.503922641	NA	01	2	2	01	2	2	1	1	1.42229334	01	0
chr5	34000000	chr16	17000000	2	01	2	01	0.754892409	NA	01	2	2	01	2	2	1	1	1.29347031	01	0
chr5	34000000	chr16	16000000	1	01	1	01	0.822770715	NA	01	1	1	01	1	1	1	1	1.3516143	01	0
chr5	35000000	chr16	42000000	2	01	2	01	0.67334646	NA	01	2	2	01	2	2	1	1	0.961996938	01	0
chr5	36000000	chr16	42000000	1	01	1	01	0.616290629	NA	01	1	1	01	1	1	1	1	0.463770948	01	0
chr5	36000000	chr16	41000000	1	01	1	01	0.497942716	NA	01	1	1	01	1	1	1	1	0.281725137	01	0
chr5	37000000	chr16	17000000	3	01	2	01	0.556494772	NA	01	2	2	01	2	3	1	1	1.25741674	01	0
chr5	54000000	chr16	55000000	1	01	1	11	0.337734997	NA	11	0	0	11	0	0	2	1	0.514209136	11	0
chr5	54000000	chr16	18000000	1	01	1	11	0.413177371	NA	11	0	0	11	0	0	2	1	0.435291847	11	0
chr5	55000000	chr16	55000000	7	01	7	11	0.433649898	NA	11	0	0	11	0	0	2	1	0.680553988	11	0
chr5	55000000	chr16	6000000	2	01	2	11	0.300742328	NA	11	0	0	10	0	0	3	2	0.0660021999	10	0
chr5	55000000	chr16	18000000	2	01	2	11	0.480978906	NA	11	0	0	11	0	0	2	1	0.582586276	11	0
chr5	55000000	chr16	56000000	2	01	2	11	0.362622321	NA	11	0	0	11	0	0	3	1	1.12724288	11	0
chr5	66000000	chr16	17000000	2	01	2	01	0.624471843	NA	01	2	2	01	2	2	1	1	1.14732679	01	0
chr5	66000000	chr16	16000000	4	01	4	01	0.553453326	NA	01	4	4	01	4	4	1	1	1.14367069	01	0
chr5	66000000	chr16	13000000	1	01	1	01	0.447428644	NA	01	1	1	01	1	1	1	1	1.11183616	01	0
chr5	76000000	chr16	13000000	2	01	2	11	0.433195531	NA	11	0	0	11	0	0	2	1	0.426214014	11	0
chr5	77000000	chr16	13000000	1	01	1	11	0.437770545	NA	11	0	0	11	0	0	2	1	0.694450734	11	0
chr5	77000000	chr16	17000000	1	01	1	11	0.449684262	NA	11	0	0	11	0	0	2	1	0.547167036	11	0
chr5	77000000	chr16	11000000	5	01	4	11	0.559695244	NA	11	0	0	11	0	1	2	1	0.632546038	11	0
chr5	77000000	chr16	12000000	8	01	8	11	0.838972032	NA	11	0	0	11	0	0	2	1	1.22212687	11	0
chr5	77000000	chr16	6000000	1	01	1	01	0.410280555	NA	01	1	1	01	1	1	1	1	0.20686196	01	0
chr5	77000000	chr16	56000000	1	01	1	11	0.4129107	NA	11	0	0	11	0	0	2	1	0.64894626	11	0
chr5	78000000	chr16	12000000	2	01	2	11	0.74414736	NA	11	0	0	11	0	0	2	1	1.8416578	11	0
chr5	79000000	chr16	12000000	4	01	4	11	0.756635129	NA	11	0	0	11	0	0	2	1	1.96253561	11	0
chr5	112000000	chr16	76000000	2	01	2	10	0.306760639	NA	10	0	0	10	0	2	3	1	0.612792268	10	0
chr5	112000000	chr16	48000000	3	01	2	10	0.443928778	NA	10	0	0	10	0	2	3	1	0.5721845	10	0
chr5	113000000	chr16	19000000	2	00	2	10	0.57149601	NA	10	0	0	10	0	0	4	1	0.345149269	10	0
chr5	113000000	chr16	96000000	4	01	4	11	0.603847921	NA	11	0	0	11	0	0	4	1	1.64940096	11	0
chr5	114000000	chr16	19000000	15	00	15	10	0.880959213	NA	10	0	0	10	0	0	4	1	1.95974065	10	0
chr5	114000000	chr16	20000000	6	00	6	10	0.902274668	NA	10	0	0	10	0	0	4	1	2.74353429	10	0
chr5	121000000	chr16	13000000	5	01	4	10	0.412302673	NA	10	0	0	01	4	4	1	2	0.0364955611	01	0
chr5	122000000	chr16	13000000	7	01	7	01	0.610238731	NA	01	7	7	01	7	7	1	1	1.63007786	01	0
chr5	124000000	chr16	20000000	1	00	1	11	0.479726017	NA	11	0	0	11	0	1	4	1	0.391877899	11	0
chr5	125000000	chr16	20000000	2	00	2	10	0.488450736	NA	10	0	0	10	0	0	4	1	0.742624619	10	0
chr5	127000000	chr16	92000000	5	00	5	10	0.999815643	NA	10	0	0	10	0	0	2	1	2.73560964	10	0
chr5	127000000	chr16	93000000	3	00	3	10	0.99491936	NA	10	0	0	10	0	0	2	1	2.63106001	10	0
chr5	127000000	chr16	97000000	1	00	1	10	0.997588038	NA	10	0	0	10	0	0	2	1	2.40897993	10	0
chr5	128000000	chr16	92000000	21	00	21	10	0.999971867	NA	10	0	0	10	0	0	2	1	2.50106618	10	0
chr5	128000000	chr16	93000000	13	00	13	10	0.999858379	NA	10	0	0	10	0	0	2	1	2.54376279	10	0
chr5	128000000	chr16	97000000	12	00	12	10	0.998695314	NA	10	0	0	10	0	0	2	1	2.2550514	10	0
chr5	128000000	chr16	67000000	2	00	2	11	0.342216015	NA	11	0	0	11	0	2	4	1	0.358827901	11	0
chr5	128000000	chr16	94000000	4	00	4	10	0.99606365	NA	10	0	0	10	0	0	2	1	1.98525843	10	0
chr5	129000000	chr16	92000000	7	00	7	10	0.999367893	NA	10	0	0	10	0	0	3	1	2.56380713	10	0
chr5	129000000	chr16	67000000	3	00	3	11	0.637526572	NA	11	0	0	11	0	3	4	1	0.816014879	11	0
chr5	129000000	chr16	91000000	2	00	2	10	0.812586963	NA	10	0	0	10	0	0	4	1	1.56805201	10	0
chr5	129000000	chr16	68000000	2	00	2	11	0.492727786	NA	11	0	0	11	0	2	4	1	0.697267361	11	0
chr5	129000000	chr16	71000000	4	00	4	11	0.495565474	NA	11	0	0	11	0	4	4	1	0.395408752	11	0
chr5	129000000	chr16	69000000	2	00	2	11	0.376644582	NA	11	0	0	11	0	2	4	1	0.570876288	11	0
chr5	129000000	chr16	72000000	6	00	6	11	0.652893782	NA	11	0	0	11	0	6	4	1	0.882618675	11	0
chr5	129000000	chr16	19000000	1	00	1	11	0.358077526	NA	11	0	0	11	0	1	4	1	0.42834199	11	0
chr5	130000000	chr16	94000000	4	00	2	10	0.948698044	NA	10	0	0	10	0	1	2	1	1.77148687	10	0
chr5	130000000	chr16	96000000	8	00	8	10	0.997926712	NA	10	0	0	10	0	0	2	1	1.4074737	10	0
chr5	130000000	chr16	97000000	11	00	11	10	0.999671459	NA	10	0	0	10	0	0	2	1	2.23732187	10	0
chr5	132000000	chr16	97000000	4	00	4	10	0.99632448	NA	10	0	0	10	0	0	2	1	1.89362091	10	0
chr5	133000000	chr16	93000000	9	00	9	10	0.996380031	NA	10	0	0	10	0	0	2	1	1.87049539	10	0
chr5	133000000	chr16	97000000	6	00	5	10	0.99699676	NA	10	0	0	10	0	1	2	1	1.83823748	10	0
chr5	133000000	chr16	92000000	22	00	22	10	0.999910951	NA	10	0	0	10	0	0	2	1	2.11298489	10	0
chr5	133000000	chr16	81000000	2	00	2	11	0.345520198	NA	11	0	0	11	0	2	4	1	0.400276477	11	0
chr5	134000000	chr16	92000000	10	00	10	10	0.928318918	NA	10	0	0	10	0	0	2	1	0.877422612	10	0
chr5	134000000	chr16	97000000	2	00	2	10	0.944801688	NA	10	0	0	10	0	0	2	1	0.664214296	10	0
chr5	134000000	chr16	93000000	2	00	2	10	0.792247891	NA	10	0	0	10	0	0	2	1	0.640706709	10	0
chr5	134000000	chr16	94000000	1	00	1	10	0.461534798	NA	10	0	0	10	0	0	2	1	0.16271662	10	0
chr5	135000000	chr16	67000000	4	00	4	01	0.590616584	NA	01	0	0	01	0	0	4	1	0.579837635	01	0
chr5	135000000	chr16	66000000	2	00	2	01	0.517560959	NA	01	0	0	01	0	0	4	1	0.472732352	01	0
chr5	136000000	chr16	97000000	1	10	1	10	0.433281779	NA	10	1	1	10	1	1	1	1	0.692655524	10	0
chr5	148000000	chr16	97000000	1	10	1	10	0.3577981	NA	10	1	1	10	1	1	1	1	1.44339655	10	0
chr5	148000000	chr16	92000000	1	00	1	10	0.359071851	NA	10	0	0	10	0	0	2	1	1.81916524	10	0
chr5	149000000	chr16	92000000	2	00	2	10	0.504171312	NA	10	0	0	10	0	0	2	1	2.21530614	10	0
chr5	150000000	chr16	92000000	3	00	3	10	0.462501079	NA	10	0	0	10	0	0	2	1	3.06867353	10	0
chr5	150000000	chr16	97000000	1	00	1	10	0.853713274	NA	10	0	0	10	0	0	2	1	2.74125985	10	0
chr5	3000000	chr18	68000000	1	01	1	11	0.596440613	NA	11	0	0	11	0	0	3	1	2.2339276	11	0
chr5	4000000	chr18	68000000	8	01	8	11	0.984262705	NA	11	0	0	11	0	0	3	1	2.19191041	11	0
chr5	4000000	chr18	67000000	7	01	7	11	0.718824208	NA	11	0	0	11	0	0	3	1	1.96055821	11	0
chr5	4000000	chr18	69000000	4	01	4	11	0.778753519	NA	11	0	0	11	0	0	3	1	1.63854369	11	0
chr5	4000000	chr18	32000000	3	01	3	01	0.764163852	NA	01	3	3	01	3	3	1	1	1.34814151	01	0
chr5	5000000	chr18	68000000	5	01	5	11	0.970651269	NA	11	0	0	11	0	0	3	1	2.46183019	11	0
chr5	5000000	chr18	67000000	5	01	5	11	0.788211703	NA	11	0	0	11	0	0	2	1	2.04265156	11	0
chr5	5000000	chr18	32000000	5	01	5	01	0.901413321	NA	01	5	5	01	5	5	1	1	2.49112102	01	0
chr5	5000000	chr18	5000000	2	01	2	01	0.612007022	NA	01	2	2	01	2	2	1	1	1.82238088	01	0
chr5	5000000	chr18	8000000	1	01	1	01	0.779376864	NA	01	1	1	01	1	1	1	1	2.00213652	01	0
chr5	6000000	chr18	8000000	2	01	2	01	0.837609828	NA	01	2	2	01	2	2	1	1	2.05742222	01	0
chr5	6000000	chr18	32000000	4	01	4	01	0.908840537	NA	01	4	4	01	4	4	1	1	2.59105883	01	0
chr5	6000000	chr18	5000000	4	01	4	01	0.727199972	NA	01	4	4	01	4	4	1	1	1.89162283	01	0
chr5	6000000	chr18	68000000	1	01	1	11	0.839745462	NA	11	0	0	11	0	0	3	1	2.39064683	11	0
chr5	6000000	chr18	6000000	1	01	1	01	0.63914156	NA	01	1	1	01	1	1	1	1	2.00753383	01	0
chr5	8000000	chr18	8000000	10	01	10	01	0.947246671	NA	01	10	10	01	10	10	1	1	1.57992841	01	0
chr5	8000000	chr18	7000000	3	01	3	01	0.843892992	NA	01	3	3	01	3	3	1	1	1.61693577	01	0
chr5	8000000	chr18	6000000	1	01	1	01	0.774725974	NA	01	1	1	01	1	1	1	1	1.72365719	01	0
chr5	8000000	chr18	32000000	2	01	2	01	0.763758719	NA	01	2	2	01	2	2	1	1	2.36904083	01	0
chr5	8000000	chr18	5000000	3	01	3	01	0.855109334	NA	01	3	3	01	3	3	1	1	1.59000474	01	0
chr5	39000000	chr18	8000000	12	01	12	11	0.98722899	NA	11	0	0	11	0	0	2	1	1.67120374	11	0
chr5	39000000	chr18	9000000	2	01	2	11	0.885114312	NA	11	0	0	11	0	0	2	1	1.70382635	11	0
chr5	39000000	chr18	68000000	1	01	1	11	0.25	NA	00	0	0	01	1	0	1	2	0.106944701	01	0
chr5	39000000	chr18	32000000	4	01	4	11	0.612166345	NA	11	0	0	11	0	0	2	1	1.06548692	11	0
chr5	45000000	chr18	6000000	4	01	4	11	0.941608429	NA	11	0	0	11	0	0	2	1	2.34183878	11	0
chr5	45000000	chr18	7000000	4	01	4	11	0.817998827	NA	11	0	0	11	0	0	2	1	2.08462572	11	0
chr5	45000000	chr18	8000000	2	01	2	11	0.979774296	NA	11	0	0	11	0	0	2	1	2.45699926	11	0
chr5	46000000	chr18	7000000	4	01	4	11	0.941457331	NA	11	0	0	11	0	0	2	1	2.16398574	11	0
chr5	46000000	chr18	8000000	3	01	3	11	0.986034095	NA	11	0	0	11	0	0	2	1	2.64672853	11	0
chr5	61000000	chr18	49000000	1	01	1	11	0.728337407	NA	11	0	0	11	0	0	2	1	1.74488311	11	0
chr5	61000000	chr18	48000000	1	01	1	11	0.884659827	NA	11	0	0	11	0	0	2	1	2.04501343	11	0
chr5	63000000	chr18	31000000	5	01	5	11	0.954505861	NA	11	0	0	11	0	0	2	1	1.5917219	11	0
chr5	63000000	chr18	48000000	1	01	1	11	0.889865875	NA	11	0	0	11	0	0	2	1	2.26729429	11	0
chr5	63000000	chr18	30000000	8	01	8	11	0.98210907	NA	11	0	0	11	0	0	2	1	1.74436586	11	0
chr5	64000000	chr18	30000000	2	01	2	11	0.724680424	NA	11	0	0	11	0	0	2	1	1.18911628	11	0
chr5	64000000	chr18	6000000	1	01	1	11	0.704082966	NA	11	0	0	11	0	0	2	1	1.17903855	11	0
chr5	64000000	chr18	5000000	2	01	2	11	0.731767356	NA	11	0	0	11	0	0	2	1	1.0107045	11	0
chr5	64000000	chr18	76000000	10	01	10	11	0.586188912	NA	11	0	0	11	0	0	2	1	0.554914852	11	0
chr5	64000000	chr18	46000000	4	01	4	11	0.646880746	NA	11	0	0	11	0	0	2	1	1.12835115	11	0
chr5	64000000	chr18	32000000	1	01	1	11	0.744715929	NA	11	0	0	11	0	0	2	1	0.97868868	11	0
chr5	64000000	chr18	7000000	1	01	1	11	0.501351416	NA	11	0	0	11	0	0	2	1	1.18244928	11	0
chr5	68000000	chr18	8000000	15	01	15	11	0.922773182	NA	11	0	0	11	0	0	2	1	1.38942784	11	0
chr5	68000000	chr18	9000000	2	01	2	11	0.709217191	NA	11	0	0	11	0	0	2	1	1.33327579	11	0
chr5	68000000	chr18	32000000	1	01	1	11	0.681499362	NA	11	0	0	11	0	0	2	1	0.683465667	11	0
chr5	68000000	chr18	68000000	5	01	5	01	0.387282312	NA	01	5	5	01	5	5	1	1	0.233264629	01	0
chr5	68000000	chr18	69000000	1	01	1	01	0.392753363	NA	01	1	1	01	1	1	1	1	0.197424677	01	0
chr5	69000000	chr18	8000000	6	01	6	11	0.903168261	NA	11	0	0	11	0	0	2	1	1.83253155	11	0
chr5	69000000	chr18	7000000	1	11	1	11	0.552812874	NA	11	1	1	11	1	1	1	1	1.61413457	11	0
chr5	92000000	chr18	31000000	3	01	2	01	0.427174747	NA	01	2	2	01	2	2	1	1	0.735911597	01	0
chr5	129000000	chr18	76000000	2	01	2	11	0.689896762	NA	11	0	0	11	0	0	2	1	1.20105101	11	0
chr5	129000000	chr18	75000000	5	01	5	11	0.732568264	NA	11	0	0	11	0	0	2	1	1.50089356	11	0
chr5	134000000	chr18	43000000	4	01	4	11	0.801633179	NA	11	0	0	11	0	0	2	1	1.08021532	11	0
chr5	134000000	chr18	42000000	15	01	15	11	0.927033484	NA	11	0	0	11	0	0	2	1	0.814111262	11	0
chr5	135000000	chr18	42000000	1	01	1	11	0.508671641	NA	11	0	0	01	1	0	1	2	0.214479905	01	0
chr5	135000000	chr18	75000000	4	01	3	01	0.516833544	NA	01	3	3	01	3	3	1	1	0.320932658	01	0
chr5	135000000	chr18	76000000	5	01	5	01	0.615480065	NA	01	5	5	01	5	5	1	1	0.554356443	01	0
chr5	136000000	chr18	75000000	1	01	1	11	0.505313635	NA	11	0	0	11	0	0	2	1	0.208753711	11	0
chr5	136000000	chr18	31000000	6	01	6	11	0.558950722	NA	11	0	0	11	0	0	2	1	0.83916822	11	0
chr5	136000000	chr18	43000000	23	01	23	11	0.95329845	NA	11	0	0	11	0	0	2	1	0.92225916	11	0
chr5	136000000	chr18	42000000	4	01	4	11	0.776474655	NA	11	0	0	11	0	0	2	1	0.313916072	11	0
chr5	136000000	chr18	32000000	2	01	2	11	0.449490249	NA	11	0	0	11	0	0	2	1	0.197244216	11	0
chr5	136000000	chr18	44000000	3	01	3	11	0.580010533	NA	11	0	0	11	0	0	2	1	0.322081139	11	0
chr5	137000000	chr18	42000000	1	01	1	11	0.749802172	NA	11	0	0	11	0	0	2	1	0.80624443	11	0
chr5	137000000	chr18	75000000	1	01	1	11	0.524710834	NA	11	0	0	11	0	0	2	1	0.759224918	11	0
chr5	138000000	chr18	43000000	1	01	1	11	0.687662899	NA	11	0	0	11	0	0	2	1	1.83462488	11	0
chr5	150000000	chr18	42000000	3	01	3	11	0.427010834	NA	11	0	0	11	0	0	2	1	1.22512902	11	0
chr5	113000000	chr19	25000000	7	00	5	10	0.80469799	NA	10	2	2	10	2	2	3	1	3.22809293	10	0
chr5	113000000	chr19	55000000	6	00	6	10	0.773619652	NA	10	0	0	10	0	0	3	1	3.64290823	10	0
chr5	113000000	chr19	24000000	9	00	9	10	0.912190795	NA	10	0	0	10	0	0	3	1	3.89659404	10	0
chr5	120000000	chr19	55000000	6	10	6	10	0.999726832	NA	10	6	6	10	6	6	1	1	4.72263892	10	0
chr5	120000000	chr19	56000000	7	10	6	10	0.999391794	NA	10	6	6	10	6	6	1	1	3.92630055	10	0
chr5	120000000	chr19	53000000	2	10	2	10	0.9977507	NA	10	2	2	10	2	2	1	1	4.86750578	10	0
chr5	121000000	chr19	55000000	5	10	5	10	0.997477949	NA	10	5	5	10	5	5	1	1	4.40717417	10	0
chr5	121000000	chr19	56000000	5	10	5	10	0.999951243	NA	10	5	5	10	5	5	1	1	4.64060422	10	0
chr5	121000000	chr19	52000000	1	10	1	10	0.99685055	NA	10	1	1	10	1	1	1	1	4.76884937	10	0
chr5	121000000	chr19	51000000	1	10	1	10	0.924388885	NA	10	1	1	10	1	1	1	1	4.55943349	10	0
chr5	121000000	chr19	53000000	2	10	2	10	0.997860491	NA	10	2	2	10	2	2	1	1	4.98516893	10	0
chr5	121000000	chr19	6000000	2	10	2	10	0.980042934	NA	10	2	2	10	2	2	1	1	4.23674226	10	0
chr5	121000000	chr19	57000000	2	10	2	10	0.997802436	NA	10	2	2	10	2	2	1	1	3.78891341	10	0
chr5	122000000	chr19	4000000	9	10	9	10	0.999000847	NA	10	9	9	10	9	9	1	1	4.53614423	10	0
chr5	122000000	chr19	57000000	2	10	2	10	0.999405265	NA	10	2	2	10	2	2	1	1	4.47290997	10	0
chr5	122000000	chr19	6000000	7	10	7	10	0.991808236	NA	10	7	7	10	7	7	1	1	3.80500085	10	0
chr5	122000000	chr19	56000000	1	00	1	10	0.932822943	NA	10	0	0	10	0	0	2	1	4.42295648	10	0
chr5	123000000	chr19	5000000	8	10	8	10	0.973212719	NA	10	8	8	10	8	8	1	1	4.36173221	10	0
chr5	123000000	chr19	6000000	2	10	2	10	0.842918515	NA	10	2	2	10	2	2	1	1	4.04943879	10	0
chr5	123000000	chr19	4000000	3	10	3	10	0.998381495	NA	10	3	3	10	3	3	1	1	5.00325999	10	0
chr5	124000000	chr19	56000000	10	10	10	10	0.999884129	NA	10	10	10	10	10	10	1	1	4.56612508	10	0
chr5	124000000	chr19	57000000	1	10	1	10	0.998018503	NA	10	1	1	10	1	1	1	1	3.42878126	10	0
chr5	124000000	chr19	53000000	3	10	3	10	0.996578753	NA	10	3	3	10	3	3	1	1	5.37814528	10	0
chr5	124000000	chr19	55000000	4	10	4	10	0.995366573	NA	10	4	4	10	4	4	1	1	5.13513156	10	0
chr5	125000000	chr19	55000000	10	10	10	10	0.992152035	NA	10	10	10	10	10	10	1	1	4.3582267	10	0
chr5	113000000	chr6	79000000	4	01	4	11	0.84231025	NA	11	0	0	11	0	0	3	1	4.53611036	11	0
chr5	113000000	chr6	81000000	14	01	14	11	0.999006212	NA	11	0	0	11	0	0	3	1	3.98692772	11	0
chr5	113000000	chr6	80000000	5	01	5	11	0.954549432	NA	11	0	0	11	0	0	3	1	3.7644788	11	0
chr5	113000000	chr6	74000000	5	01	5	11	0.883628905	NA	11	0	0	11	0	0	2	1	3.75332169	11	0
chr5	114000000	chr6	79000000	1	01	1	11	0.860199153	NA	11	0	0	11	0	0	3	1	3.82982357	11	0
chr5	121000000	chr6	82000000	4	11	4	11	0.978860021	NA	11	4	4	11	4	4	1	1	4.14177011	11	0
chr5	124000000	chr6	82000000	7	11	6	11	0.993220329	NA	11	6	6	11	6	6	1	1	4.91434754	11	0
chr5	17000000	chr9	17000000	5	10	5	10	0.997110963	NA	10	5	5	10	5	5	1	1	2.88076027	10	0
chr5	17000000	chr9	16000000	9	10	9	10	0.999787152	NA	10	9	9	10	9	9	1	1	3.05889673	10	0
chr5	17000000	chr9	20000000	5	10	5	10	0.992603242	NA	10	5	5	10	5	5	1	1	2.62736358	10	0
chr5	17000000	chr9	18000000	1	10	1	10	0.773678064	NA	10	1	1	10	1	1	1	1	2.78615733	10	0
chr5	18000000	chr9	17000000	10	10	10	10	0.999160647	NA	10	10	10	10	10	10	1	1	2.9457853	10	0
chr5	18000000	chr9	20000000	6	10	6	10	0.998807907	NA	10	6	6	10	6	6	1	1	2.75827597	10	0
chr5	18000000	chr9	16000000	3	10	3	10	0.997790337	NA	10	3	3	10	3	3	1	1	2.88287901	10	0
chr5	19000000	chr9	17000000	3	10	3	10	0.892728865	NA	10	3	3	10	3	3	1	1	1.7394832	10	0
chr5	21000000	chr9	22000000	3	10	2	10	0.550227582	NA	10	2	2	10	2	3	1	1	0.147921011	10	0
chr5	21000000	chr9	45000000	2	10	2	10	0.410767585	NA	10	2	2	00	0	2	2	2	0.0370957299	00	0
chr5	21000000	chr9	57000000	1	10	1	00	0.46807453	NA	00	0	0	00	0	0	2	1	0.286380975	00	0
chr5	23000000	chr9	22000000	2	10	2	10	0.713824928	NA	10	2	2	10	2	2	1	1	1.43333594	10	0
chr5	23000000	chr9	31000000	1	10	1	10	0.540241599	NA	10	1	1	10	1	1	1	1	1.26302347	10	0
chr5	24000000	chr9	22000000	3	10	3	10	0.988922238	NA	10	3	3	10	3	3	1	1	1.58840647	10	0
chr5	24000000	chr9	15000000	8	10	8	10	0.993714511	NA	10	8	8	10	8	8	1	1	1.83646973	10	0
chr5	24000000	chr9	84000000	1	10	1	10	0.659525037	NA	10	1	1	10	1	1	1	1	1.76013813	10	0
chr5	24000000	chr9	20000000	1	10	1	10	0.700436473	NA	10	1	1	10	1	1	1	1	1.82205219	10	0
chr5	24000000	chr9	25000000	2	00	1	10	0.725423038	NA	10	1	1	10	1	1	2	1	1.64673814	10	0
chr5	24000000	chr9	56000000	2	10	2	10	0.632992148	NA	10	2	2	10	2	2	1	1	0.741127102	10	0
chr5	24000000	chr9	14000000	7	10	7	10	0.953058362	NA	10	7	7	10	7	7	1	1	1.45704313	10	0
chr5	24000000	chr9	85000000	1	10	1	10	0.403955758	NA	10	1	1	10	1	1	1	1	1.67068307	10	0
chr5	24000000	chr9	45000000	1	10	1	10	0.607603908	NA	10	1	1	10	1	1	1	1	1.24342365	10	0
chr5	24000000	chr9	32000000	1	10	1	10	0.652038991	NA	10	1	1	10	1	1	1	1	1.721431	10	0
chr5	25000000	chr9	58000000	3	10	3	10	0.906087101	NA	10	3	3	10	3	3	1	1	0.901123056	10	0
chr5	25000000	chr9	14000000	2	10	2	10	0.845272422	NA	10	2	2	10	2	2	1	1	1.71887962	10	0
chr5	27000000	chr9	57000000	1	10	1	10	0.800827742	NA	10	1	1	10	1	1	1	1	0.57037935	10	0
chr5	27000000	chr9	56000000	1	10	1	10	0.535859466	NA	10	1	1	10	1	1	1	1	0.727738883	10	0
chr5	29000000	chr9	57000000	3	10	3	10	0.73241514	NA	10	3	3	10	3	3	1	1	0.458989475	10	0
chr5	30000000	chr9	56000000	20	10	20	10	0.976424694	NA	10	20	20	10	20	20	1	1	1.07120428	10	0
chr5	34000000	chr9	56000000	22	10	22	10	0.996344268	NA	10	22	22	10	22	22	1	1	1.4604966	10	0
chr5	35000000	chr9	56000000	27	10	25	10	0.989369154	NA	10	25	25	10	25	25	1	1	1.29842115	10	0
chr5	37000000	chr9	56000000	8	10	8	10	0.839051604	NA	10	8	8	10	8	8	1	1	0.852550784	10	0
chr5	37000000	chr9	57000000	1	10	1	10	0.700612128	NA	10	1	1	10	1	1	1	1	0.865904959	10	0
chr5	38000000	chr9	56000000	2	10	2	10	0.633466482	NA	10	2	2	10	2	2	1	1	0.43475577	10	0
chr5	38000000	chr9	7000000	1	10	1	10	0.706941426	NA	10	1	1	10	1	1	1	1	1.2921421	10	0
chr5	38000000	chr9	6000000	6	10	6	10	0.700045824	NA	10	6	6	10	6	6	1	1	1.35265446	10	0
chr5	39000000	chr9	6000000	11	10	11	10	0.866725981	NA	10	11	11	10	11	11	1	1	1.18374289	10	0
chr5	39000000	chr9	17000000	4	10	4	10	0.724630356	NA	10	4	4	10	4	4	1	1	1.43472966	10	0
chr5	39000000	chr9	18000000	2	10	2	10	0.607077599	NA	10	2	2	10	2	2	1	1	1.30706943	10	0
chr5	39000000	chr9	21000000	1	10	1	10	0.375755489	NA	10	1	1	10	1	1	1	1	0.782863023	10	0
chr5	59000000	chr9	40000000	2	10	2	10	0.40840143	NA	10	2	2	10	2	2	1	1	0.15950162	10	0
chr5	59000000	chr9	85000000	3	10	3	10	0.542592049	NA	10	3	3	10	3	3	1	1	1.32959392	10	0
chr5	59000000	chr9	87000000	5	10	5	10	0.562386394	NA	10	5	5	10	5	5	1	1	0.676368451	10	0
chr5	59000000	chr9	86000000	1	10	1	10	0.491390228	NA	10	1	1	10	1	1	1	1	0.624743314	10	0
chr5	59000000	chr9	39000000	6	10	6	10	0.623156607	NA	10	6	6	10	6	6	1	1	1.11233739	10	0
chr5	59000000	chr9	88000000	1	10	1	10	0.488387078	NA	10	1	1	10	1	1	1	1	0.636882853	10	0
chr5	61000000	chr9	16000000	5	10	5	10	0.998008072	NA	10	5	5	10	5	5	1	1	3.2637466	10	0
chr5	61000000	chr9	24000000	9	10	9	10	0.999414563	NA	10	9	9	10	9	9	1	1	2.16091561	10	0
chr5	61000000	chr9	20000000	1	10	1	10	0.998191893	NA	10	1	1	10	1	1	1	1	3.02418323	10	0
chr5	61000000	chr9	15000000	2	10	2	10	0.998710632	NA	10	2	2	10	2	2	1	1	2.23644254	10	0
chr5	61000000	chr9	17000000	1	10	1	10	0.951083601	NA	10	1	1	10	1	1	1	1	3.00534391	10	0
chr5	62000000	chr9	17000000	2	10	2	10	0.995508909	NA	10	2	2	10	2	2	1	1	3.03239617	10	0
chr5	62000000	chr9	15000000	1	10	1	10	0.913109064	NA	10	1	1	10	1	1	1	1	1.88637348	10	0
chr5	62000000	chr9	24000000	1	10	1	10	0.856635809	NA	10	1	1	10	1	1	1	1	1.80931129	10	0
chr5	64000000	chr9	56000000	1	10	1	00	0.506794095	NA	00	0	0	00	0	0	2	1	0.351259364	00	0
chr5	64000000	chr9	45000000	3	10	3	10	0.506047666	NA	10	3	3	00	0	3	2	2	0.0236953647	00	0
chr5	64000000	chr9	57000000	2	10	2	00	0.563638508	NA	00	0	0	00	0	0	2	1	0.448466786	00	0
chr5	65000000	chr9	21000000	7	10	7	10	0.992303252	NA	10	7	7	10	7	7	1	1	2.29311937	10	0
chr5	65000000	chr9	44000000	2	10	2	10	0.559321165	NA	10	2	2	10	2	2	1	1	0.578876456	10	0
chr5	65000000	chr9	20000000	1	10	1	10	0.992163658	NA	10	1	1	10	1	1	1	1	2.23129169	10	0
chr5	70000000	chr9	15000000	1	10	1	10	0.767512321	NA	10	1	1	10	1	1	1	1	2.4285198	10	0
chr5	71000000	chr9	32000000	4	10	4	10	0.997518301	NA	10	4	4	10	4	4	1	1	3.00760154	10	0
chr5	71000000	chr9	24000000	15	10	15	10	0.999995828	NA	10	15	15	10	15	15	1	1	3.26528152	10	0
chr5	71000000	chr9	25000000	1	10	1	10	0.997605681	NA	10	1	1	10	1	1	1	1	3.15777302	10	0
chr5	71000000	chr9	85000000	2	10	2	10	0.994829237	NA	10	2	2	10	2	2	1	1	2.63650852	10	0
chr5	71000000	chr9	33000000	3	10	3	10	0.980094016	NA	10	3	3	10	3	3	1	1	3.16291467	10	0
chr5	71000000	chr9	23000000	4	10	4	10	0.999460518	NA	10	4	4	10	4	4	1	1	3.56956093	10	0
chr5	71000000	chr9	84000000	7	10	7	10	0.998175979	NA	10	7	7	10	7	7	1	1	2.93766537	10	0
chr5	71000000	chr9	40000000	3	10	3	10	0.816044748	NA	10	3	3	10	3	3	1	1	1.20892337	10	0
chr5	71000000	chr9	39000000	7	10	7	10	0.975333333	NA	10	7	7	10	7	7	1	1	2.60334102	10	0
chr5	72000000	chr9	15000000	4	10	4	10	0.928591847	NA	10	4	4	10	4	4	1	1	2.7331949	10	0
chr5	72000000	chr9	24000000	3	10	3	10	0.991784096	NA	10	3	3	10	3	3	1	1	2.73808444	10	0
chr5	72000000	chr9	32000000	2	10	2	10	0.991928697	NA	10	2	2	10	2	2	1	1	2.3528847	10	0
chr5	72000000	chr9	84000000	3	10	3	10	0.961324275	NA	10	3	3	10	3	3	1	1	2.41956035	10	0
chr5	72000000	chr9	85000000	1	10	1	10	0.982571959	NA	10	1	1	10	1	1	1	1	2.28175519	10	0
chr5	72000000	chr9	31000000	1	10	1	10	0.898427069	NA	10	1	1	10	1	1	1	1	1.81706138	10	0
chr5	73000000	chr9	32000000	4	10	4	10	0.989039183	NA	10	4	4	10	4	4	1	1	2.22184027	10	0
chr5	73000000	chr9	85000000	4	10	3	10	0.997807086	NA	10	3	3	10	3	3	1	1	2.19459559	10	0
chr5	73000000	chr9	84000000	2	10	2	10	0.992457151	NA	10	2	2	10	2	2	1	1	2.29885455	10	0
chr5	73000000	chr9	53000000	7	10	7	10	0.805306017	NA	10	7	7	10	7	7	1	1	1.3766082	10	0
chr5	73000000	chr9	31000000	4	10	4	10	0.980244279	NA	10	4	4	10	4	4	1	1	1.73206353	10	0
chr5	73000000	chr9	22000000	1	10	1	10	0.867890716	NA	10	1	1	10	1	1	1	1	1.89701803	10	0
chr5	73000000	chr9	87000000	2	10	2	10	0.557313442	NA	10	2	2	10	2	2	1	1	1.42386387	10	0
chr5	74000000	chr9	85000000	2	10	2	10	0.9680655	NA	10	2	2	10	2	2	1	1	2.40340659	10	0
chr5	74000000	chr9	40000000	1	10	1	10	0.709892213	NA	10	1	1	10	1	1	1	1	1.4346708	10	0
chr5	74000000	chr9	88000000	7	10	7	10	0.897729874	NA	10	7	7	10	7	7	1	1	1.72540542	10	0
chr5	74000000	chr9	87000000	4	10	4	10	0.893073201	NA	10	4	4	10	4	4	1	1	1.85897043	10	0
chr5	74000000	chr9	53000000	2	10	2	10	0.827136815	NA	10	2	2	10	2	2	1	1	1.68687747	10	0
chr5	74000000	chr9	86000000	3	10	3	10	0.988346398	NA	10	3	3	10	3	3	1	1	1.87279219	10	0
chr5	74000000	chr9	31000000	1	10	1	10	0.729914248	NA	10	1	1	10	1	1	1	1	1.98357244	10	0
chr5	75000000	chr9	86000000	5	10	5	10	0.985387743	NA	10	5	5	10	5	5	1	1	1.52902326	10	0
chr5	75000000	chr9	87000000	2	10	2	10	0.955863118	NA	10	2	2	10	2	2	1	1	1.43067461	10	0
chr5	81000000	chr9	86000000	5	10	5	10	0.989870369	NA	10	5	5	10	5	5	1	1	1.84090237	10	0
chr5	81000000	chr9	87000000	5	10	5	10	0.982936502	NA	10	5	5	10	5	5	1	1	1.6816908	10	0
chr5	81000000	chr9	90000000	3	10	3	10	0.829313219	NA	10	3	3	10	3	3	1	1	1.18337679	10	0
chr5	88000000	chr9	87000000	3	10	3	10	0.637644172	NA	10	3	3	10	3	3	1	1	1.06366477	10	0
chr5	88000000	chr9	86000000	4	10	4	10	0.773579776	NA	10	4	4	10	4	4	1	1	1.24082867	10	0
chr5	92000000	chr9	40000000	1	10	1	10	0.558134735	NA	10	1	1	10	1	1	1	1	0.489889551	10	0
chr5	92000000	chr9	55000000	4	10	4	10	0.733774245	NA	10	4	4	10	4	4	1	1	0.478495384	10	0
chr5	92000000	chr9	41000000	1	10	1	10	0.646114945	NA	10	1	1	10	1	1	1	1	0.602760165	10	0
chr5	92000000	chr9	57000000	1	10	1	10	0.792300463	NA	10	1	1	10	1	1	1	1	0.652804363	10	0
chr5	97000000	chr9	55000000	7	10	7	10	0.947036207	NA	10	7	7	10	7	7	1	1	0.915219714	10	0
chr5	97000000	chr9	57000000	8	10	8	10	0.978628755	NA	10	8	8	10	8	8	1	1	0.977642215	10	0
chr5	97000000	chr9	41000000	6	10	6	10	0.819691002	NA	10	6	6	10	6	6	1	1	1.09972862	10	0
chr5	97000000	chr9	49000000	4	10	4	10	0.862253129	NA	10	4	4	10	4	4	1	1	0.855597089	10	0
chr5	97000000	chr9	40000000	8	10	8	10	0.965695977	NA	10	8	8	10	8	8	1	1	0.916684694	10	0
chr5	97000000	chr9	58000000	2	10	2	10	0.694457173	NA	10	2	2	10	2	2	1	1	0.464077886	10	0
chr5	97000000	chr9	103000000	1	10	1	10	0.399304301	NA	10	1	1	10	1	1	1	1	0.548060306	10	0
chr5	98000000	chr9	58000000	1	10	1	10	0.59189254	NA	10	1	1	00	0	1	2	2	0.00240148476	00	0
chr5	98000000	chr9	40000000	2	10	2	10	0.777035356	NA	10	2	2	10	2	2	1	1	0.489690112	10	0
chr5	98000000	chr9	56000000	2	10	2	10	0.501013219	NA	10	2	2	10	2	2	1	1	0.12452391	10	0
chr5	99000000	chr9	56000000	14	10	14	10	0.863040686	NA	10	14	14	10	14	14	1	1	0.120215501	10	0
chr5	99000000	chr9	57000000	2	10	2	10	0.808547378	NA	10	2	2	10	2	2	1	1	0.66870692	10	0
chr5	100000000	chr9	57000000	2	10	1	10	0.920071185	NA	10	1	1	10	1	1	1	1	1.19464506	10	0
chr5	100000000	chr9	56000000	8	10	7	10	0.969211638	NA	10	7	7	10	7	7	1	1	0.726189981	10	0
chr5	100000000	chr9	45000000	1	10	1	10	0.702368498	NA	10	1	1	10	1	1	1	1	0.912995776	10	0
chr5	101000000	chr9	40000000	2	10	2	10	0.668082654	NA	10	2	2	10	2	2	1	1	0.135002896	10	0
chr5	103000000	chr9	58000000	1	10	1	10	0.559869289	NA	10	1	1	00	0	1	2	2	0.14267736	00	0
chr5	104000000	chr9	87000000	2	10	2	10	0.779099822	NA	10	2	2	10	2	2	1	1	0.654935228	10	0
chr5	105000000	chr9	87000000	3	10	3	10	0.915227294	NA	10	3	3	10	3	3	1	1	1.36678158	10	0
chr5	105000000	chr9	86000000	1	10	1	10	0.938265324	NA	10	1	1	10	1	1	1	1	1.56157371	10	0
chr5	105000000	chr9	53000000	1	00	1	10	0.684939921	NA	10	0	0	10	0	0	2	1	1.41114163	10	0
chr5	105000000	chr9	48000000	9	10	9	10	0.964656115	NA	10	9	9	10	9	9	1	1	1.07833873	10	0
chr5	105000000	chr9	58000000	9	10	9	10	0.990088046	NA	10	9	9	10	9	9	1	1	1.10822375	10	0
chr5	105000000	chr9	40000000	4	10	4	10	0.887106836	NA	10	4	4	10	4	4	1	1	1.51248075	10	0
chr5	106000000	chr9	58000000	24	10	22	10	0.991948068	NA	10	22	22	10	22	22	1	1	0.657415572	10	0
chr5	106000000	chr9	40000000	2	10	2	10	0.915419936	NA	10	2	2	10	2	2	1	1	1.12177396	10	0
chr5	106000000	chr9	57000000	2	10	2	10	0.942125499	NA	10	2	2	10	2	2	1	1	1.2552109	10	0
chr5	106000000	chr9	49000000	9	10	8	10	0.958047688	NA	10	8	8	10	8	8	1	1	0.914941555	10	0
chr5	106000000	chr9	50000000	3	10	3	10	0.664404869	NA	10	3	3	10	3	3	1	1	0.744284174	10	0
chr5	106000000	chr9	48000000	8	10	8	10	0.931592643	NA	10	8	8	10	8	8	1	1	0.731026687	10	0
chr5	106000000	chr9	14000000	2	10	2	10	0.369591385	NA	10	2	2	10	2	2	1	1	1.02964408	10	0
chr5	106000000	chr9	55000000	1	10	1	10	0.651017189	NA	10	1	1	10	1	1	1	1	1.01791828	10	0
chr5	107000000	chr9	55000000	2	10	2	10	0.553023577	NA	10	2	2	10	2	2	1	1	0.616528263	10	0
chr5	107000000	chr9	58000000	3	10	3	10	0.832386732	NA	10	3	3	10	3	3	1	1	0.316324178	10	0
chr5	113000000	chr9	120000000	3	00	2	11	0.511597395	NA	11	0	0	11	0	2	2	1	0.665349619	11	0
chr5	114000000	chr9	62000000	1	00	1	00	0.6097489	NA	00	1	1	00	1	1	1	1	0.203027176	00	0
chr5	115000000	chr9	120000000	3	10	3	00	0.914144933	NA	00	0	0	00	0	0	3	1	2.09962872	00	0
chr5	115000000	chr9	58000000	1	10	1	00	0.986908555	NA	00	0	0	00	0	0	2	1	2.69964758	00	0
chr5	115000000	chr9	40000000	7	10	7	00	0.978235245	NA	00	0	0	00	0	0	2	1	2.40741082	00	0
chr5	115000000	chr9	49000000	1	10	1	00	0.85059303	NA	00	0	0	00	0	0	3	1	2.07111504	00	0
chr5	115000000	chr9	121000000	1	10	1	00	0.73286283	NA	00	0	0	00	0	0	3	1	1.86634912	00	0
chr5	116000000	chr9	121000000	8	10	7	00	0.943753719	NA	00	0	0	00	0	0	3	1	2.03951888	00	0
chr5	116000000	chr9	120000000	1	10	1	00	0.645043254	NA	00	0	0	00	0	0	3	1	2.28801628	00	0
chr5	118000000	chr9	87000000	1	10	1	00	0.481273472	NA	00	0	0	00	0	0	3	1	0.89231834	00	0
chr5	118000000	chr9	86000000	1	10	1	00	0.47994861	NA	00	0	0	00	0	0	3	1	0.884574076	00	0
chr5	118000000	chr9	40000000	1	10	1	00	0.50560993	NA	00	0	0	00	0	0	3	1	0.868402171	00	0
chr5	118000000	chr9	58000000	1	10	1	00	0.726037979	NA	00	0	0	00	0	0	3	1	2.16342522	00	0
chr5	119000000	chr9	40000000	4	10	4	00	0.499575734	NA	00	0	0	00	0	0	3	1	0.0569252569	00	0
chr5	119000000	chr9	61000000	20	10	19	00	0.964567006	NA	00	1	1	00	1	1	3	1	1.47423435	00	0
chr5	119000000	chr9	60000000	5	10	5	00	0.944424093	NA	00	0	0	00	0	0	3	1	1.46294411	00	0
chr5	119000000	chr9	121000000	2	10	2	11	0.535890937	NA	11	0	0	11	0	0	4	1	0.0744636968	11	0
chr5	119000000	chr9	109000000	2	10	2	00	0.478158176	NA	00	0	0	00	0	0	3	1	0.969286355	00	0
chr5	119000000	chr9	48000000	1	10	1	11	0.480651736	NA	11	0	0	11	0	0	3	1	0.443303822	11	0
chr5	120000000	chr9	61000000	4	10	4	00	0.675780475	NA	00	0	0	00	0	0	3	1	0.584193139	00	0
chr5	120000000	chr9	120000000	10	10	10	11	0.693463624	NA	11	0	0	11	0	0	4	1	0.366503267	11	0
chr5	120000000	chr9	62000000	16	10	16	11	0.914717197	NA	11	0	0	11	0	0	4	1	0.766428904	11	0
chr5	120000000	chr9	103000000	3	10	3	00	0.734189928	NA	00	0	0	00	0	0	4	1	0.658991589	00	0
chr5	120000000	chr9	110000000	3	10	3	00	0.597843885	NA	00	0	0	00	0	0	4	1	0.27379863	00	0
chr5	120000000	chr9	102000000	1	10	1	00	0.672410786	NA	00	0	0	00	0	0	4	1	0.452966548	00	0
chr5	120000000	chr9	121000000	1	10	1	11	0.642575741	NA	11	0	0	11	0	0	4	1	0.319621831	11	0
chr5	124000000	chr9	110000000	2	00	2	00	0.730876803	NA	00	2	2	00	2	2	1	1	0.915876175	00	0
chr5	124000000	chr9	62000000	8	00	8	11	0.636193097	NA	11	0	0	11	0	8	2	1	0.424114945	11	0
chr5	124000000	chr9	120000000	1	10	1	00	0.593298316	NA	00	0	0	00	0	0	4	1	0.151516173	00	0
chr5	125000000	chr9	110000000	11	00	11	00	0.837349236	NA	00	11	11	00	11	11	1	1	0.680237901	00	0
chr5	125000000	chr9	62000000	5	00	3	11	0.697512329	NA	11	0	0	11	0	3	2	1	0.420202401	11	0
chr5	125000000	chr9	121000000	6	10	5	11	0.540763021	NA	11	1	1	11	1	1	4	1	0.17696709	11	0
chr5	125000000	chr9	109000000	1	00	1	00	0.609669745	NA	00	1	1	00	1	1	1	1	0.85351999	00	0
chr5	125000000	chr9	120000000	8	10	8	11	0.513187289	NA	11	0	0	11	0	0	4	1	0.0553211065	11	0
chr5	125000000	chr9	61000000	5	10	5	00	0.899126649	NA	00	0	0	00	0	0	3	1	1.2857253	00	0
chr5	126000000	chr9	119000000	1	00	1	00	0.926555991	NA	00	1	1	00	1	1	1	1	2.11394042	00	0
chr5	128000000	chr9	40000000	2	10	2	00	0.441257179	NA	00	0	0	00	0	0	2	1	0.466552136	00	0
chr5	128000000	chr9	121000000	6	10	6	00	0.99499315	NA	00	0	0	00	0	0	2	1	1.73843549	00	0
chr5	128000000	chr9	61000000	5	10	3	00	0.884575188	NA	00	2	2	00	2	2	2	1	1.59270294	00	0
chr5	128000000	chr9	60000000	3	10	3	00	0.644124627	NA	00	0	0	00	0	0	2	1	1.14644079	00	0
chr5	128000000	chr9	119000000	1	00	1	00	0.727169573	NA	00	1	1	00	1	1	1	1	1.75204809	00	0
chr5	128000000	chr9	118000000	1	00	1	00	0.769965649	NA	00	1	1	00	1	1	1	1	1.79661963	00	0
chr5	129000000	chr9	110000000	1	00	1	00	0.962307513	NA	00	1	1	00	1	1	1	1	1.64986567	00	0
chr5	130000000	chr9	109000000	6	00	6	00	0.999246001	NA	00	6	6	00	6	6	1	1	1.90808011	00	0
chr5	130000000	chr9	111000000	6	00	6	00	0.99798286	NA	00	6	6	00	6	6	1	1	1.74481743	00	0
chr5	130000000	chr9	119000000	7	00	7	00	0.999953747	NA	00	7	7	00	7	7	1	1	2.37087598	00	0
chr5	130000000	chr9	118000000	11	00	11	00	0.999990821	NA	00	11	11	00	11	11	1	1	2.40293582	00	0
chr5	130000000	chr9	93000000	5	00	5	00	0.920330763	NA	00	5	5	00	5	5	1	1	1.27238104	00	0
chr5	130000000	chr9	35000000	1	00	1	00	0.365775257	NA	00	1	1	00	1	1	1	1	0.736250968	00	0
chr5	130000000	chr9	114000000	2	00	2	00	0.996692181	NA	00	2	2	00	2	2	1	1	1.63673839	00	0
chr5	131000000	chr9	119000000	5	00	4	00	0.996409118	NA	00	4	4	00	4	4	1	1	2.65956602	00	0
chr5	131000000	chr9	118000000	18	00	18	00	0.999753535	NA	00	18	18	00	18	18	1	1	2.71181701	00	0
chr5	131000000	chr9	117000000	3	00	3	00	0.895779729	NA	00	3	3	00	3	3	1	1	2.07721178	00	0
chr5	131000000	chr9	93000000	6	00	6	00	0.742014527	NA	00	6	6	00	6	6	1	1	1.62129898	00	0
chr5	131000000	chr9	116000000	1	10	1	00	0.971617997	NA	00	0	0	00	0	0	2	1	2.34196031	00	0
chr5	132000000	chr9	94000000	1	00	1	00	0.635166645	NA	00	1	1	00	1	1	1	1	1.53218748	00	0
chr5	132000000	chr9	118000000	15	00	14	00	0.999979854	NA	00	14	14	00	14	14	1	1	2.56428287	00	0
chr5	132000000	chr9	93000000	1	00	1	00	0.60269171	NA	00	1	1	00	1	1	1	1	1.44673826	00	0
chr5	132000000	chr9	119000000	6	00	6	00	0.999619603	NA	00	6	6	00	6	6	1	1	2.49180451	00	0
chr5	133000000	chr9	118000000	7	10	4	00	0.997923315	NA	00	3	3	00	3	3	2	1	2.57142149	00	0
chr5	133000000	chr9	117000000	5	10	5	00	0.999120057	NA	00	0	0	00	0	0	2	1	2.23875062	00	0
chr5	133000000	chr9	93000000	3	10	3	00	0.960316777	NA	00	0	0	00	0	0	2	1	1.83077942	00	0
chr5	133000000	chr9	94000000	10	10	10	00	0.987112343	NA	00	0	0	00	0	0	2	1	1.88788501	00	0
chr5	133000000	chr9	116000000	3	10	3	00	0.999685168	NA	00	0	0	00	0	0	2	1	2.41977932	00	0
chr5	133000000	chr9	89000000	3	10	3	00	0.962449968	NA	00	0	0	00	0	0	2	1	1.88541241	00	0
chr5	133000000	chr9	109000000	1	10	1	00	0.886083364	NA	00	0	0	00	0	0	2	1	2.06600338	00	0
chr5	134000000	chr9	94000000	3	10	3	00	0.812328994	NA	00	0	0	00	0	0	2	1	1.40508144	00	0
chr5	134000000	chr9	116000000	1	10	1	00	0.928502321	NA	00	0	0	00	0	0	2	1	1.44783687	00	0
chr5	134000000	chr9	117000000	2	00	1	00	0.960208356	NA	00	1	1	00	1	1	1	1	1.4435752	00	0
chr5	137000000	chr9	116000000	3	10	3	00	0.980021775	NA	00	0	0	00	0	0	2	1	1.24064635	00	0
chr5	137000000	chr9	89000000	19	10	19	00	0.976425588	NA	00	0	0	00	0	0	2	1	0.99403096	00	0
chr5	137000000	chr9	90000000	2	10	2	00	0.933786869	NA	00	0	0	00	0	0	2	1	1.27530768	00	0
chr5	138000000	chr9	89000000	20	10	20	00	0.964084566	NA	00	0	0	00	0	0	2	1	0.829745396	00	0
chr5	138000000	chr9	94000000	1	10	1	00	0.767886043	NA	00	0	0	00	0	0	2	1	0.820082588	00	0
chr5	138000000	chr9	117000000	1	10	1	00	0.892095804	NA	00	0	0	00	0	0	2	1	0.996560102	00	0
chr5	138000000	chr9	90000000	1	10	1	00	0.667908847	NA	00	0	0	00	0	0	2	1	0.949546644	00	0
chr5	138000000	chr9	109000000	2	10	2	00	0.973957717	NA	00	0	0	00	0	0	2	1	1.57358244	00	0
chr5	139000000	chr9	89000000	7	10	7	00	0.982473373	NA	00	0	0	00	0	0	2	1	2.21025134	00	0
chr5	139000000	chr9	90000000	1	10	1	00	0.584284663	NA	00	0	0	00	0	0	2	1	0.970078274	00	0
chr5	139000000	chr9	88000000	1	10	1	00	0.684313715	NA	00	0	0	00	0	0	2	1	0.833681544	00	0
chr5	139000000	chr9	117000000	10	10	10	00	0.999147058	NA	00	0	0	00	0	0	2	1	2.53774597	00	0
chr5	139000000	chr9	109000000	3	10	3	00	0.999805272	NA	00	0	0	00	0	0	2	1	2.70061242	00	0
chr5	139000000	chr9	61000000	2	10	2	00	0.527807415	NA	00	0	0	00	0	0	2	1	2.63240601	00	0
chr5	139000000	chr9	60000000	3	10	3	00	0.436585218	NA	00	0	0	00	0	0	2	1	2.45236188	00	0
chr5	139000000	chr9	120000000	2	10	2	00	0.761491239	NA	00	0	0	00	0	0	2	1	2.80711435	00	0
chr5	139000000	chr9	116000000	5	10	5	00	0.999974251	NA	00	0	0	00	0	0	2	1	2.76069696	00	0
chr5	139000000	chr9	115000000	3	10	3	00	0.973900616	NA	00	0	0	00	0	0	2	1	2.33642469	00	0
chr5	139000000	chr9	111000000	1	10	1	00	0.96762979	NA	00	0	0	00	0	0	2	1	2.51459453	00	0
chr5	139000000	chr9	119000000	2	10	2	00	0.999301553	NA	00	0	0	00	0	0	2	1	2.80060738	00	0
chr5	139000000	chr9	118000000	1	10	1	00	0.998260081	NA	00	0	0	00	0	0	2	1	2.80738307	00	0
chr5	139000000	chr9	94000000	1	10	1	00	0.787788987	NA	00	0	0	00	0	0	2	1	2.18036201	00	0
chr5	140000000	chr9	119000000	1	10	1	00	0.961738825	NA	00	0	0	00	0	0	2	1	2.22661517	00	0
chr5	140000000	chr9	118000000	1	10	1	00	0.956529975	NA	00	0	0	00	0	0	2	1	2.24041137	00	0
chr5	147000000	chr9	119000000	1	10	1	00	0.818830669	NA	00	0	0	00	0	0	3	1	2.45177622	00	0
chr5	147000000	chr9	109000000	1	10	1	00	0.876153946	NA	00	0	0	00	0	0	2	1	2.51200852	00	0
chr5	148000000	chr9	61000000	3	10	3	00	0.625080943	NA	00	0	0	00	0	0	2	1	2.25947793	00	0
chr5	149000000	chr9	89000000	1	10	1	00	0.606860995	NA	00	0	0	00	0	0	2	1	1.33626784	00	0
chr5	150000000	chr9	90000000	6	10	6	10	0.526170909	NA	10	6	6	10	6	6	1	1	0.528837649	10	0
chr5	150000000	chr9	89000000	2	10	2	00	0.570850968	NA	00	0	0	00	0	0	2	1	0.416832826	00	0
chr5	150000000	chr9	91000000	1	10	1	10	0.480748653	NA	10	1	1	10	1	1	1	1	0.892956279	10	0
chr5	150000000	chr9	87000000	2	10	2	10	0.45461002	NA	10	2	2	10	2	2	1	1	0.554728575	10	0
chr6	4000000	chr10	21000000	1	10	1	10	0.739686131	NA	10	1	1	10	1	1	1	1	1.63214001	10	0
chr6	5000000	chr10	21000000	3	10	3	10	0.714522719	NA	10	3	3	10	3	3	1	1	1.69567831	10	0
chr6	11000000	chr10	67000000	2	10	2	10	0.880102098	NA	10	2	2	10	2	2	1	1	2.69865661	10	0
chr6	11000000	chr10	63000000	5	10	5	10	0.987062871	NA	10	5	5	10	5	5	1	1	3.02631044	10	0
chr6	11000000	chr10	66000000	2	10	2	10	0.956046462	NA	10	2	2	10	2	2	1	1	2.15769098	10	0
chr6	11000000	chr10	35000000	1	10	1	10	0.702482879	NA	10	1	1	10	1	1	1	1	1.72662448	10	0
chr6	11000000	chr10	65000000	1	10	1	10	0.811399221	NA	10	1	1	10	1	1	1	1	2.41641257	10	0
chr6	12000000	chr10	3000000	11	10	11	10	0.580904782	NA	10	11	11	10	11	11	1	1	0.192704276	10	0
chr6	12000000	chr10	15000000	7	10	7	10	0.993708611	NA	10	7	7	10	7	7	1	1	2.9317539	10	0
chr6	12000000	chr10	17000000	4	10	4	10	0.984002352	NA	10	4	4	10	4	4	1	1	2.4844123	10	0
chr6	12000000	chr10	16000000	9	10	8	10	0.996910989	NA	10	8	8	10	8	8	1	1	2.62266034	10	0
chr6	12000000	chr10	67000000	2	10	2	10	0.995113671	NA	10	2	2	10	2	2	1	1	2.33098616	10	0
chr6	12000000	chr10	68000000	1	10	1	10	0.848428607	NA	10	1	1	10	1	1	1	1	2.29470099	10	0
chr6	13000000	chr10	3000000	6	10	6	11	0.737748682	NA	11	0	0	11	0	0	2	1	0.702468912	11	0
chr6	13000000	chr10	16000000	5	10	5	10	0.9267717	NA	10	5	5	10	5	5	1	1	2.11106729	10	0
chr6	13000000	chr10	21000000	7	10	7	10	0.750432193	NA	10	7	7	10	7	7	1	1	0.988808029	10	0
chr6	13000000	chr10	17000000	5	10	5	10	0.947695076	NA	10	5	5	10	5	5	1	1	1.99488923	10	0
chr6	14000000	chr10	21000000	3	10	3	10	0.805749774	NA	10	3	3	10	3	3	1	1	1.71747736	10	0
chr6	14000000	chr10	3000000	1	10	1	10	0.574369252	NA	10	1	1	10	1	1	1	1	0.20862601	10	0
chr6	15000000	chr10	3000000	5	10	5	10	0.773460507	NA	10	5	5	10	5	5	1	1	0.514285905	10	0
chr6	15000000	chr10	15000000	1	10	1	10	0.86403054	NA	10	1	1	10	1	1	1	1	2.91943332	10	0
chr6	15000000	chr10	67000000	3	10	2	10	0.992399871	NA	10	2	2	10	2	2	1	1	2.78758184	10	0
chr6	15000000	chr10	63000000	5	10	5	10	0.998854041	NA	10	5	5	10	5	5	1	1	3.38355867	10	0
chr6	15000000	chr10	65000000	2	10	2	10	0.929094672	NA	10	2	2	10	2	2	1	1	2.61282612	10	0
chr6	15000000	chr10	66000000	1	10	1	10	0.929548502	NA	10	1	1	10	1	1	1	1	2.36784365	10	0
chr6	16000000	chr10	65000000	1	10	1	10	0.639828146	NA	10	1	1	10	1	1	1	1	1.82071459	10	0
chr6	16000000	chr10	63000000	2	10	2	10	0.978879988	NA	10	2	2	10	2	2	1	1	2.62894161	10	0
chr6	17000000	chr10	44000000	5	10	4	10	0.987813711	NA	10	4	4	10	4	4	1	1	2.68122612	10	0
chr6	17000000	chr10	75000000	1	11	1	10	0.922540367	NA	10	0	0	10	0	0	3	1	2.6850434	10	0
chr6	17000000	chr10	45000000	3	10	3	10	0.851267695	NA	10	3	3	10	3	3	1	1	2.19598134	10	0
chr6	17000000	chr10	41000000	1	10	1	10	0.744048536	NA	10	1	1	10	1	1	1	1	2.35723889	10	0
chr6	17000000	chr10	73000000	2	10	2	10	0.942994952	NA	10	2	2	10	2	2	1	1	2.61167582	10	0
chr6	17000000	chr10	43000000	1	10	1	10	0.966705501	NA	10	1	1	10	1	1	1	1	2.77823367	10	0
chr6	17000000	chr10	74000000	1	10	1	10	0.950817466	NA	10	1	1	10	1	1	1	1	2.86327315	10	0
chr6	17000000	chr10	72000000	1	10	1	10	0.961090446	NA	10	1	1	10	1	1	1	1	2.53215837	10	0
chr6	18000000	chr10	73000000	6	10	4	10	0.924545765	NA	10	4	4	10	4	5	1	1	2.01722957	10	0
chr6	18000000	chr10	72000000	3	10	3	10	0.978414536	NA	10	3	3	10	3	3	1	1	1.9021613	10	0
chr6	18000000	chr10	74000000	3	10	3	10	0.770480216	NA	10	3	3	10	3	3	1	1	2.27903368	10	0
chr6	27000000	chr10	3000000	1	10	1	10	0.540010571	NA	10	1	1	10	1	1	1	1	0.569659774	10	0
chr6	27000000	chr10	16000000	3	10	3	10	0.514918566	NA	10	3	3	10	3	3	1	1	1.41408795	10	0
chr6	28000000	chr10	3000000	9	10	9	10	0.575992525	NA	10	9	9	10	9	9	1	1	0.57000127	10	0
chr6	28000000	chr10	63000000	6	10	6	10	0.600478172	NA	10	6	6	10	6	6	1	1	0.747461808	10	0
chr6	28000000	chr10	18000000	1	10	1	10	0.380581588	NA	10	1	1	10	1	1	1	1	0.998185676	10	0
chr6	28000000	chr10	67000000	3	10	3	10	0.624345601	NA	10	3	3	10	3	3	1	1	0.743132983	10	0
chr6	28000000	chr10	36000000	1	10	1	10	0.467070162	NA	10	1	1	10	1	1	1	1	0.95383106	10	0
chr6	28000000	chr10	19000000	1	10	1	10	0.367625654	NA	10	1	1	10	1	1	1	1	0.983762611	10	0
chr6	29000000	chr10	4000000	6	10	6	10	0.521140456	NA	10	6	6	10	6	6	1	1	1.06495736	10	0
chr6	29000000	chr10	63000000	7	10	7	10	0.595978558	NA	10	7	7	10	7	7	1	1	1.68348622	10	0
chr6	29000000	chr10	19000000	4	10	4	10	0.494885832	NA	10	4	4	10	4	4	1	1	1.88927898	10	0
chr6	29000000	chr10	39000000	4	10	4	10	0.495734394	NA	10	4	4	10	4	4	1	1	0.903701272	10	0
chr6	29000000	chr10	62000000	6	10	6	10	0.870536149	NA	10	6	6	10	6	6	1	1	2.27193058	10	0
chr6	29000000	chr10	3000000	1	10	1	10	0.297751009	NA	10	1	1	10	1	1	1	1	0.00359583919	10	0
chr6	34000000	chr10	43000000	1	10	1	10	0.416600645	NA	10	1	1	10	1	1	1	1	0.55915964	10	0
chr6	38000000	chr10	75000000	3	10	2	00	0.919010758	NA	00	1	1	00	1	1	2	1	2.52401597	00	0
chr6	38000000	chr10	86000000	8	10	8	00	0.864724636	NA	00	0	0	00	0	0	2	1	2.26557521	00	0
chr6	38000000	chr10	87000000	24	10	22	00	0.999738634	NA	00	0	0	00	0	0	2	1	2.9589974	00	0
chr6	38000000	chr10	42000000	1	10	1	00	0.966466129	NA	00	0	0	00	0	0	2	1	2.9051854	00	0
chr6	38000000	chr10	4000000	1	10	1	00	0.56610316	NA	00	0	0	00	0	0	4	1	2.01577126	00	0
chr6	38000000	chr10	41000000	3	10	3	00	0.985941589	NA	00	0	0	00	0	0	2	1	2.8658194	00	0
chr6	38000000	chr10	39000000	1	10	1	00	0.960648358	NA	00	0	0	00	0	0	2	1	2.90065069	00	0
chr6	38000000	chr10	85000000	7	10	7	00	0.999276102	NA	00	0	0	00	0	0	2	1	2.90515668	00	0
chr6	38000000	chr10	88000000	3	10	3	00	0.970924377	NA	00	0	0	00	0	0	2	1	2.74059657	00	0
chr6	38000000	chr10	84000000	3	10	3	00	0.988891482	NA	00	0	0	00	0	0	2	1	3.39036921	00	0
chr6	38000000	chr10	83000000	1	10	1	00	0.917283475	NA	00	0	0	00	0	0	2	1	3.14448496	00	0
chr6	39000000	chr10	87000000	1	10	1	00	0.744203687	NA	00	0	0	00	0	0	2	1	1.83223905	00	0
chr6	39000000	chr10	86000000	2	10	2	00	0.813676357	NA	00	0	0	00	0	0	2	1	1.11546086	00	0
chr6	46000000	chr10	66000000	1	10	1	10	0.490944535	NA	10	1	1	10	1	1	1	1	1.01806649	10	0
chr6	46000000	chr10	63000000	2	10	2	10	0.774045646	NA	10	2	2	10	2	2	1	1	1.58792485	10	0
chr6	47000000	chr10	66000000	2	10	2	10	0.558158696	NA	10	2	2	10	2	2	1	1	0.591388324	10	0
chr6	47000000	chr10	38000000	1	10	1	10	0.64669764	NA	10	1	1	10	1	1	1	1	0.664812235	10	0
chr6	47000000	chr10	43000000	6	10	6	10	0.792484105	NA	10	6	6	10	6	6	1	1	1.01150716	10	0
chr6	47000000	chr10	44000000	1	10	1	10	0.401682585	NA	10	1	1	10	1	1	1	1	1.18476247	10	0
chr6	47000000	chr10	35000000	3	10	3	10	0.592978954	NA	10	3	3	10	3	3	1	1	0.463911849	10	0
chr6	47000000	chr10	65000000	1	10	1	10	0.451741517	NA	10	1	1	10	1	1	1	1	0.714163218	10	0
chr6	47000000	chr10	72000000	1	10	1	10	0.5217188	NA	10	1	1	10	1	1	1	1	0.563968866	10	0
chr6	47000000	chr10	39000000	1	10	1	10	0.476716667	NA	10	1	1	10	1	1	1	1	0.732570421	10	0
chr6	53000000	chr10	21000000	3	10	3	10	0.49837625	NA	10	3	3	10	3	3	1	1	0.842221357	10	0
chr6	54000000	chr10	21000000	6	10	6	10	0.487820089	NA	10	6	6	10	6	6	1	1	0.325383125	10	0
chr6	55000000	chr10	20000000	7	10	7	10	0.812405288	NA	10	7	7	10	7	7	1	1	1.4951248	10	0
chr6	55000000	chr10	63000000	2	10	2	10	0.711532414	NA	10	2	2	10	2	2	1	1	0.859476622	10	0
chr6	55000000	chr10	62000000	11	10	11	10	0.948262274	NA	10	11	11	10	11	11	1	1	2.29339667	10	0
chr6	55000000	chr10	19000000	1	10	1	10	0.654625058	NA	10	1	1	10	1	1	1	1	1.39658054	10	0
chr6	56000000	chr10	62000000	9	10	9	10	0.889375567	NA	10	9	9	10	9	9	1	1	2.68468727	10	0
chr6	56000000	chr10	20000000	2	10	2	10	0.686682165	NA	10	2	2	10	2	2	1	1	1.24886227	10	0
chr6	57000000	chr10	62000000	1	10	1	10	0.828006685	NA	10	1	1	10	1	1	1	1	2.76308927	10	0
chr6	57000000	chr10	20000000	1	10	1	10	0.43454808	NA	10	1	1	10	1	1	1	1	1.21909142	10	0
chr6	66000000	chr10	63000000	3	10	3	10	0.587199092	NA	10	3	3	10	3	3	1	1	2.00440971	10	0
chr6	66000000	chr10	3000000	1	10	1	10	0.298769176	NA	10	1	1	11	0	1	2	2	0.00166062617	11	0
chr6	67000000	chr10	63000000	1	10	1	10	0.70982784	NA	10	1	1	10	1	1	1	1	1.55218914	10	0
chr6	67000000	chr10	3000000	1	10	1	11	0.331152916	NA	11	0	0	11	0	0	2	1	0.219384859	11	0
chr6	67000000	chr10	18000000	1	10	1	10	0.42648986	NA	10	1	1	10	1	1	1	1	1.13083336	10	0
chr6	71000000	chr10	85000000	2	10	2	10	0.511299431	NA	10	2	2	10	2	2	1	1	0.795785136	10	0
chr6	72000000	chr10	86000000	2	10	2	10	0.408664107	NA	10	2	2	10	2	2	1	1	1.16789025	10	0
chr6	72000000	chr10	85000000	2	10	2	10	0.407512337	NA	10	2	2	10	2	2	1	1	0.483918266	10	0
chr6	72000000	chr10	87000000	1	10	1	10	0.397572011	NA	10	1	1	10	1	1	1	1	0.456411301	10	0
chr6	78000000	chr10	47000000	4	11	4	00	0.51770401	NA	00	0	0	00	0	4	2	1	0.776663953	00	0
chr6	78000000	chr10	4000000	2	11	2	00	0.398290157	NA	00	0	0	00	0	2	2	1	1.4637781	00	0
chr6	84000000	chr10	20000000	1	10	1	10	0.34711653	NA	10	1	1	10	1	1	1	1	1.07152889	10	0
chr6	84000000	chr10	63000000	1	10	1	10	0.335621774	NA	10	1	1	10	1	1	1	1	0.14423372	10	0
chr6	99000000	chr10	63000000	1	10	1	10	0.469987631	NA	10	1	1	10	1	1	1	1	0.1160011	10	0
chr6	100000000	chr10	62000000	6	10	6	10	0.839476287	NA	10	6	6	10	6	6	1	1	2.26348274	10	0
chr6	100000000	chr10	20000000	1	10	1	10	0.574830115	NA	10	1	1	10	1	1	1	1	1.34402177	10	0
chr6	100000000	chr10	63000000	2	10	2	10	0.564422071	NA	10	2	2	10	2	2	1	1	0.981334933	10	0
chr6	19000000	chr13	49000000	1	10	1	11	0.25	NA	00	0	0	10	1	0	1	4	3.48285275	10	0
chr6	56000000	chr13	5000000	2	10	2	10	0.732128322	NA	10	2	2	10	2	2	1	1	3.68060378	10	0
chr6	56000000	chr13	6000000	3	10	3	10	0.701243699	NA	10	3	3	10	3	3	1	1	4.17135894	10	0
chr6	57000000	chr13	5000000	1	10	1	10	0.541947067	NA	10	1	1	10	1	1	1	1	3.91369051	10	0
chr6	85000000	chr13	6000000	1	10	1	10	0.674904823	NA	10	1	1	10	1	1	1	1	3.66548506	10	0
chr6	86000000	chr13	21000000	1	10	1	10	0.490522295	NA	10	1	1	10	1	1	1	1	3.67937445	10	0
chr6	86000000	chr13	6000000	1	10	1	10	0.595815003	NA	10	1	1	10	1	1	1	1	3.78768287	10	0
chr6	87000000	chr13	6000000	2	10	2	10	0.851990163	NA	10	2	2	10	2	2	1	1	4.12991162	10	0
chr6	87000000	chr13	5000000	1	10	1	10	0.727988422	NA	10	1	1	10	1	1	1	1	4.10663878	10	0
chr6	87000000	chr13	21000000	2	10	2	10	0.696253955	NA	10	2	2	10	2	2	1	1	3.95167084	10	0
chr6	89000000	chr13	83000000	2	10	2	10	0.619015574	NA	10	2	2	10	2	2	1	1	3.7114922	10	0
chr6	89000000	chr13	84000000	4	10	3	10	0.738402903	NA	10	3	3	10	3	3	1	1	3.61195661	10	0
chr6	135000000	chr13	23000000	5	10	5	10	0.988287508	NA	10	5	5	10	5	5	1	1	4.83188888	10	0
chr6	135000000	chr13	48000000	2	10	2	10	0.666497469	NA	10	2	2	10	2	2	1	1	4.0284559	10	0
chr6	135000000	chr13	24000000	1	10	1	10	0.847898662	NA	10	1	1	10	1	1	1	1	4.84405493	10	0
chr6	135000000	chr13	49000000	2	10	2	10	0.58022809	NA	10	2	2	10	2	2	1	1	4.33689218	10	0
chr6	135000000	chr13	63000000	4	10	4	10	0.626633227	NA	10	4	4	10	4	4	1	1	3.48175057	10	0
chr6	136000000	chr13	62000000	1	10	1	10	0.518387496	NA	10	1	1	10	1	1	1	1	3.7049602	10	0
chr6	136000000	chr13	63000000	1	10	1	10	0.63830471	NA	10	1	1	10	1	1	1	1	3.48966817	10	0
chr6	136000000	chr13	21000000	1	10	1	10	0.945524454	NA	10	1	1	10	1	1	1	1	4.58044561	10	0
chr6	137000000	chr13	21000000	1	10	1	10	0.726851463	NA	10	1	1	10	1	1	1	1	4.51717103	10	0
chr6	142000000	chr13	83000000	5	10	5	10	0.899368107	NA	10	5	5	10	5	5	1	1	4.57381312	10	0
chr6	142000000	chr13	84000000	3	10	3	10	0.944837153	NA	10	3	3	10	3	3	1	1	4.49834825	10	0
chr6	142000000	chr13	49000000	1	10	1	10	0.801140368	NA	10	1	1	10	1	1	1	1	4.73548638	10	0
chr6	145000000	chr13	21000000	2	10	2	10	0.850661337	NA	10	2	2	10	2	2	1	1	4.45744877	10	0
chr6	145000000	chr13	20000000	1	10	1	10	0.867582977	NA	10	1	1	10	1	1	1	1	4.50529307	10	0
chr6	4000000	chr14	109000000	3	11	3	11	0.743326962	NA	11	3	3	11	3	3	1	1	1.33537146	11	0
chr6	4000000	chr14	108000000	2	11	2	11	0.813829303	NA	11	2	2	11	2	2	1	1	1.36642999	11	0
chr6	4000000	chr14	110000000	1	11	1	11	0.587565184	NA	11	1	1	11	1	1	1	1	1.52438448	11	0
chr6	5000000	chr14	56000000	1	11	1	11	0.752977252	NA	11	1	1	11	1	1	1	1	2.38923439	11	0
chr6	5000000	chr14	109000000	9	11	9	11	0.935316443	NA	11	9	9	11	9	9	1	1	2.13251092	11	0
chr6	5000000	chr14	108000000	8	11	8	11	0.94633919	NA	11	8	8	11	8	8	1	1	2.15818048	11	0
chr6	5000000	chr14	110000000	2	11	2	11	0.830701888	NA	11	2	2	11	2	2	1	1	2.34321164	11	0
chr6	6000000	chr14	104000000	1	10	1	11	0.760668576	NA	11	0	0	11	0	0	3	1	2.26613859	11	0
chr6	50000000	chr14	55000000	1	11	1	11	0.902851403	NA	11	1	1	11	1	1	1	1	3.09788919	11	0
chr6	50000000	chr14	78000000	1	11	1	11	0.549414337	NA	11	1	1	11	1	1	1	1	2.82169488	11	0
chr6	51000000	chr14	50000000	3	11	3	11	0.910088837	NA	11	3	3	11	3	3	1	1	2.27743169	11	0
chr6	51000000	chr14	78000000	1	11	1	11	0.792462289	NA	11	1	1	11	1	1	1	1	1.95575945	11	0
chr6	51000000	chr14	55000000	7	11	7	11	0.990675271	NA	11	7	7	11	7	7	1	1	2.11787816	11	0
chr6	51000000	chr14	20000000	7	10	7	11	0.601579785	NA	11	0	0	11	0	0	2	1	2.27045596	11	0
chr6	51000000	chr14	49000000	2	11	2	11	0.851993501	NA	11	2	2	11	2	2	1	1	2.59540213	11	0
chr6	52000000	chr14	55000000	1	11	1	11	0.987246156	NA	11	1	1	11	1	1	1	1	2.89237112	11	0
chr6	52000000	chr14	78000000	4	11	4	11	0.787815332	NA	11	4	4	11	4	4	1	1	2.57789213	11	0
chr6	52000000	chr14	108000000	1	11	1	11	0.573804438	NA	11	1	1	11	1	1	1	1	1.64004644	11	0
chr6	52000000	chr14	56000000	4	11	4	11	0.952889323	NA	11	4	4	11	4	4	1	1	2.36925525	11	0
chr6	60000000	chr14	108000000	1	11	1	11	0.619792461	NA	11	1	1	11	1	1	1	1	2.51926029	11	0
chr6	62000000	chr14	110000000	7	11	7	11	0.808111966	NA	11	7	7	11	7	7	1	1	2.04886449	11	0
chr6	62000000	chr14	109000000	3	11	3	11	0.744593322	NA	11	3	3	11	3	3	1	1	1.97296873	11	0
chr6	62000000	chr14	108000000	1	11	1	11	0.803812087	NA	11	1	1	11	1	1	1	1	1.93528723	11	0
chr6	63000000	chr14	110000000	9	11	9	11	0.806121647	NA	11	9	9	11	9	9	1	1	2.19448183	11	0
chr6	82000000	chr14	32000000	5	10	5	10	0.405188054	NA	10	5	5	10	5	5	1	1	1.31753111	10	0
chr6	82000000	chr14	79000000	2	00	1	01	0.361419439	NA	01	0	0	01	0	0	4	1	1.62367261	01	0
chr6	82000000	chr14	55000000	1	11	1	01	0.45383808	NA	01	0	0	01	0	0	3	1	1.14689251	01	0
chr6	82000000	chr14	76000000	2	11	2	01	0.319895625	NA	01	0	0	01	0	0	2	1	1.39042969	01	0
chr6	92000000	chr14	55000000	5	10	5	11	0.689483345	NA	11	0	0	11	0	0	2	1	3.08231633	11	0
chr6	97000000	chr14	11000000	2	10	2	11	0.337950468	NA	11	0	0	11	0	0	3	1	0.835064043	11	0
chr6	97000000	chr14	10000000	1	10	1	11	0.3281838	NA	11	0	0	11	0	0	3	1	0.453700827	11	0
chr6	97000000	chr14	55000000	1	10	1	11	0.462867767	NA	11	0	0	11	0	0	3	1	1.43107484	11	0
chr6	97000000	chr14	34000000	1	10	1	11	0.610581279	NA	11	0	0	11	0	0	3	1	2.9619616	11	0
chr6	111000000	chr14	55000000	4	11	3	11	0.997100294	NA	11	3	3	11	3	3	1	1	2.41226038	11	0
chr6	111000000	chr14	50000000	1	11	1	11	0.906610429	NA	11	1	1	11	1	1	1	1	2.2159085	11	0
chr6	111000000	chr14	51000000	1	11	1	11	0.911057055	NA	11	1	1	11	1	1	1	1	2.45984299	11	0
chr6	111000000	chr14	78000000	1	11	1	11	0.79656291	NA	11	1	1	11	1	1	1	1	1.93888502	11	0
chr6	112000000	chr14	54000000	1	11	1	11	0.907474816	NA	11	1	1	11	1	1	1	1	3.41251046	11	0
chr6	112000000	chr14	20000000	6	10	6	11	0.670725584	NA	11	0	0	11	0	0	2	1	2.51195897	11	0
chr6	112000000	chr14	19000000	2	10	2	11	0.476547748	NA	11	0	0	11	0	0	2	1	2.76066319	11	0
chr6	112000000	chr14	49000000	1	10	1	11	0.849154353	NA	11	0	0	11	0	0	3	1	3.19553571	11	0
chr6	113000000	chr14	8000000	2	11	2	11	0.406801492	NA	11	2	2	11	2	2	1	1	2.30330455	11	0
chr6	113000000	chr14	54000000	5	11	5	11	0.999489069	NA	11	5	5	11	5	5	1	1	3.34283784	11	0
chr6	113000000	chr14	76000000	5	11	5	11	0.988714874	NA	11	5	5	11	5	5	1	1	2.70687268	11	0
chr6	113000000	chr14	51000000	4	11	4	11	0.99813652	NA	11	4	4	11	4	4	1	1	2.98442327	11	0
chr6	113000000	chr14	55000000	1	11	1	11	0.828058779	NA	11	1	1	11	1	1	1	1	2.78885589	11	0
chr6	114000000	chr14	50000000	2	11	2	11	0.97158879	NA	11	2	2	11	2	2	1	1	3.01726013	11	0
chr6	114000000	chr14	54000000	2	11	2	11	0.999899626	NA	11	2	2	11	2	2	1	1	3.4086783	11	0
chr6	114000000	chr14	55000000	17	11	17	11	0.99998796	NA	11	17	17	11	17	17	1	1	3.13377572	11	0
chr6	114000000	chr14	77000000	3	10	2	11	0.711760938	NA	11	1	1	11	1	1	3	1	2.7913844	11	0
chr6	114000000	chr14	8000000	2	11	2	11	0.46459493	NA	11	2	2	11	2	2	1	1	2.37646339	11	0
chr6	114000000	chr14	49000000	1	11	1	11	0.943950951	NA	11	1	1	11	1	1	1	1	3.2615427	11	0
chr6	114000000	chr14	51000000	3	11	3	11	0.999733627	NA	11	3	3	11	3	3	1	1	3.27284698	11	0
chr6	114000000	chr14	76000000	2	11	2	11	0.983415961	NA	11	2	2	11	2	2	1	1	2.93071532	11	0
chr6	114000000	chr14	79000000	1	11	1	11	0.859354675	NA	11	1	1	11	1	1	1	1	2.63445773	11	0
chr6	115000000	chr14	77000000	2	11	2	11	0.735511184	NA	11	2	2	11	2	2	1	1	3.19207942	11	0
chr6	115000000	chr14	104000000	13	11	13	11	0.999837756	NA	11	13	13	11	13	13	1	1	3.05176579	11	0
chr6	115000000	chr14	78000000	9	11	8	11	0.998108506	NA	11	8	8	11	8	8	1	1	3.1427087	11	0
chr6	115000000	chr14	55000000	3	11	3	11	0.999956608	NA	11	3	3	11	3	3	1	1	3.02440757	11	0
chr6	115000000	chr14	56000000	13	11	13	11	0.999999285	NA	11	13	13	11	13	13	1	1	3.10518879	11	0
chr6	115000000	chr14	107000000	14	11	14	11	0.997490168	NA	11	14	14	11	14	14	1	1	2.45796503	11	0
chr6	115000000	chr14	50000000	2	11	2	11	0.88341105	NA	11	2	2	11	2	2	1	1	3.1529613	11	0
chr6	115000000	chr14	79000000	2	11	2	11	0.993764102	NA	11	2	2	11	2	2	1	1	3.0388786	11	0
chr6	115000000	chr14	103000000	1	11	1	11	0.99643302	NA	11	1	1	11	1	1	1	1	3.05009491	11	0
chr6	115000000	chr14	109000000	3	11	3	11	0.99765563	NA	11	3	3	11	3	3	1	1	2.6877377	11	0
chr6	115000000	chr14	105000000	2	10	1	11	0.989226699	NA	11	1	1	11	1	1	3	1	2.9358046	11	0
chr6	115000000	chr14	108000000	3	11	3	11	0.987674415	NA	11	3	3	11	3	3	1	1	2.22001793	11	0
chr6	115000000	chr14	110000000	1	11	1	11	0.926921368	NA	11	1	1	11	1	1	1	1	2.28734194	11	0
chr6	115000000	chr14	111000000	1	11	1	11	0.889067888	NA	11	1	1	11	1	1	1	1	2.20748931	11	0
chr6	116000000	chr14	110000000	3	11	3	11	0.994201124	NA	11	3	3	11	3	3	1	1	2.60413434	11	0
chr6	116000000	chr14	111000000	1	11	1	11	0.942625046	NA	11	1	1	11	1	1	1	1	2.21994475	11	0
chr6	116000000	chr14	55000000	3	11	3	11	0.998392642	NA	11	3	3	11	3	3	1	1	3.31374672	11	0
chr6	117000000	chr14	52000000	1	10	1	11	0.998571277	NA	11	0	0	11	0	0	3	1	3.69239884	11	0
chr6	117000000	chr14	87000000	13	10	13	11	0.999487519	NA	11	0	0	11	0	0	3	1	4.15495028	11	0
chr6	117000000	chr14	50000000	3	10	3	11	0.999893188	NA	11	0	0	11	0	0	3	1	3.48566371	11	0
chr6	117000000	chr14	30000000	2	10	2	11	0.967834413	NA	11	0	0	11	0	0	3	1	4.08656365	11	0
chr6	117000000	chr14	86000000	1	10	1	11	0.998563111	NA	11	0	0	11	0	0	3	1	3.99056722	11	0
chr6	118000000	chr14	51000000	11	10	10	11	0.999999404	NA	11	1	1	11	1	1	3	1	4.14896901	11	0
chr6	118000000	chr14	30000000	8	10	8	11	0.995260656	NA	11	0	0	11	0	0	3	1	4.74419274	11	0
chr6	118000000	chr14	50000000	14	10	13	11	1	NA	11	0	0	11	0	1	3	1	4.32474811	11	0
chr6	118000000	chr14	86000000	3	10	3	11	0.999675393	NA	11	0	0	11	0	0	3	1	4.76403418	11	0
chr6	118000000	chr14	52000000	10	10	10	11	0.999999881	NA	11	0	0	11	0	0	3	1	4.53259218	11	0
chr6	118000000	chr14	36000000	6	10	5	11	0.998779953	NA	11	0	0	11	0	1	3	1	4.35781756	11	0
chr6	118000000	chr14	85000000	2	10	2	11	0.998266697	NA	11	0	0	11	0	0	3	1	4.41721019	11	0
chr6	118000000	chr14	104000000	1	10	1	11	0.877319872	NA	11	0	0	11	0	0	3	1	3.28700623	11	0
chr6	119000000	chr14	32000000	2	10	2	11	0.740548074	NA	11	0	0	11	0	0	2	1	2.15807685	11	0
chr6	120000000	chr14	31000000	1	10	1	11	0.724494576	NA	11	0	0	11	0	0	2	1	3.46214551	11	0
chr6	120000000	chr14	55000000	1	10	1	11	0.91476959	NA	11	0	0	11	0	0	3	1	3.51030519	11	0
chr6	122000000	chr14	87000000	1	10	1	11	0.86147511	NA	11	0	0	11	0	0	3	1	3.22890039	11	0
chr6	122000000	chr14	104000000	3	10	3	11	0.975274622	NA	11	0	0	11	0	0	3	1	2.0429637	11	0
chr6	122000000	chr14	99000000	1	10	1	11	0.961649477	NA	11	0	0	11	0	0	3	1	2.48935218	11	0
chr6	123000000	chr14	104000000	11	10	11	11	0.998162329	NA	11	0	0	11	0	0	3	1	2.07651855	11	0
chr6	123000000	chr14	87000000	3	10	3	11	0.971148491	NA	11	0	0	11	0	0	3	1	3.12669158	11	0
chr6	124000000	chr14	87000000	7	10	7	11	0.996621728	NA	11	0	0	11	0	0	3	1	3.72715595	11	0
chr6	124000000	chr14	51000000	5	10	3	11	0.993635535	NA	11	2	2	11	2	2	3	1	3.34188092	11	0
chr6	124000000	chr14	50000000	1	10	1	11	0.986136317	NA	11	0	0	11	0	0	3	1	3.21686255	11	0
chr6	124000000	chr14	52000000	1	10	1	11	0.999976873	NA	11	0	0	11	0	0	3	1	3.4252218	11	0
chr6	124000000	chr14	55000000	1	10	1	11	0.99491334	NA	11	0	0	11	0	0	3	1	3.01034822	11	0
chr6	124000000	chr14	31000000	1	10	1	11	0.995367169	NA	11	0	0	11	0	0	3	1	3.4310838	11	0
chr6	125000000	chr14	52000000	2	10	2	11	0.999736011	NA	11	0	0	11	0	0	3	1	2.89378142	11	0
chr6	126000000	chr14	110000000	5	11	5	11	0.992624223	NA	11	5	5	11	5	5	1	1	2.67178804	11	0
chr6	126000000	chr14	111000000	1	11	1	11	0.809572577	NA	11	1	1	11	1	1	1	1	2.1159336	11	0
chr6	126000000	chr14	99000000	2	10	2	11	0.912872493	NA	11	0	0	11	0	0	3	1	3.0121808	11	0
chr6	127000000	chr14	111000000	9	11	9	11	0.998169065	NA	11	9	9	11	9	9	1	1	2.97960799	11	0
chr6	127000000	chr14	99000000	6	10	6	11	0.999691963	NA	11	0	0	11	0	0	3	1	3.96316621	11	0
chr6	127000000	chr14	110000000	2	11	2	11	0.988416195	NA	11	2	2	11	2	2	1	1	3.03276702	11	0
chr6	127000000	chr14	105000000	1	10	1	11	0.939421773	NA	11	0	0	11	0	0	3	1	3.68536229	11	0
chr6	127000000	chr14	114000000	2	11	2	11	0.788607419	NA	11	2	2	11	2	2	1	1	2.8456249	11	0
chr6	127000000	chr14	115000000	3	10	3	11	0.935938179	NA	11	0	0	11	0	0	3	1	2.6664953	11	0
chr6	127000000	chr14	98000000	1	10	1	11	0.990556479	NA	11	0	0	11	0	0	3	1	3.52928304	11	0
chr6	128000000	chr14	55000000	4	11	4	11	0.998673558	NA	11	4	4	11	4	4	1	1	3.15013264	11	0
chr6	129000000	chr14	89000000	5	10	5	11	0.996831357	NA	11	0	0	11	0	0	3	1	3.77306646	11	0
chr6	129000000	chr14	88000000	3	10	3	11	0.992503881	NA	11	0	0	11	0	0	3	1	3.64957311	11	0
chr6	130000000	chr14	89000000	4	10	4	11	0.981384516	NA	11	0	0	11	0	0	3	1	3.65232285	11	0
chr6	130000000	chr14	88000000	2	00	1	11	0.978743076	NA	11	0	0	11	0	1	4	1	3.64054639	11	0
chr6	130000000	chr14	87000000	1	10	1	11	0.921914697	NA	11	0	0	11	0	0	3	1	3.4525277	11	0
chr6	145000000	chr14	55000000	1	10	1	11	0.380548596	NA	11	0	0	11	0	0	3	1	2.18541543	11	0
chr6	145000000	chr14	10000000	3	10	3	11	0.488858074	NA	11	0	0	11	0	0	2	1	0.48129356	11	0
chr6	145000000	chr14	33000000	7	10	7	11	0.943115532	NA	11	0	0	11	0	0	2	1	1.57039274	11	0
chr6	145000000	chr14	34000000	11	10	11	11	0.985631943	NA	11	0	0	11	0	0	2	1	2.5848219	11	0
chr6	145000000	chr14	32000000	5	10	5	11	0.56819737	NA	11	0	0	11	0	0	2	1	0.113107281	11	0
chr6	145000000	chr14	31000000	1	10	1	11	0.812147141	NA	11	0	0	11	0	0	2	1	1.79097569	11	0
chr6	145000000	chr14	13000000	3	10	3	10	0.502031922	NA	10	3	3	10	3	3	1	1	0.175343697	10	0
chr6	145000000	chr14	14000000	2	10	2	11	0.487074971	NA	11	0	0	11	0	0	2	1	1.00165379	11	0
chr6	145000000	chr14	9000000	2	10	2	11	0.55353415	NA	11	0	0	11	0	0	2	1	0.466181584	11	0
chr6	146000000	chr14	34000000	2	10	2	11	0.929010272	NA	11	0	0	11	0	0	2	1	2.90438341	11	0
chr6	146000000	chr14	9000000	1	10	1	11	0.566692948	NA	11	0	0	11	0	0	2	1	0.803205111	11	0
chr6	146000000	chr14	10000000	1	10	1	11	0.50659591	NA	11	0	0	11	0	0	2	1	0.806626277	11	0
chr6	149000000	chr14	89000000	4	10	4	11	0.569622397	NA	11	0	0	11	0	0	2	1	3.10794218	11	0
chr6	17000000	chr16	88000000	1	11	1	11	0.655445218	NA	11	1	1	11	1	1	1	1	2.43338817	11	0
chr6	17000000	chr16	55000000	1	00	1	11	0.972135663	NA	11	0	0	11	0	1	4	1	2.78967883	11	0
chr6	19000000	chr16	88000000	2	11	2	11	0.962523043	NA	11	2	2	11	2	2	1	1	2.45326772	11	0
chr6	19000000	chr16	87000000	2	11	2	11	0.954122603	NA	11	2	2	11	2	2	1	1	2.8745878	11	0
chr6	19000000	chr16	5000000	1	00	1	11	0.708504736	NA	11	0	0	11	0	1	4	1	2.43558565	11	0
chr6	19000000	chr16	89000000	1	11	1	11	0.925346851	NA	11	1	1	11	1	1	1	1	2.8612738	11	0
chr6	20000000	chr16	44000000	1	00	1	11	0.774774969	NA	11	0	0	11	0	1	4	1	1.23887795	11	0
chr6	20000000	chr16	88000000	1	11	1	11	0.865214109	NA	11	1	1	11	1	1	1	1	2.28702461	11	0
chr6	20000000	chr16	89000000	1	11	1	11	0.882399619	NA	11	1	1	11	1	1	1	1	2.70595936	11	0
chr6	20000000	chr16	55000000	2	00	2	11	0.934368193	NA	11	0	0	11	0	2	4	1	2.38574546	11	0
chr6	21000000	chr16	55000000	2	00	2	11	0.973404706	NA	11	0	0	11	0	2	4	1	2.46177426	11	0
chr6	21000000	chr16	54000000	3	00	3	11	0.991485894	NA	11	0	0	11	0	3	4	1	3.1000707	11	0
chr6	21000000	chr16	5000000	1	00	1	11	0.621918917	NA	11	0	0	11	0	1	4	1	2.15721971	11	0
chr6	21000000	chr16	53000000	2	00	2	11	0.921917856	NA	11	0	0	11	0	2	4	1	2.45426143	11	0
chr6	22000000	chr16	54000000	2	00	2	11	0.97208935	NA	11	0	0	11	0	2	4	1	2.98306784	11	0
chr6	22000000	chr16	55000000	14	00	14	11	0.99721992	NA	11	0	0	11	0	14	4	1	2.21746624	11	0
chr6	22000000	chr16	44000000	5	00	5	11	0.910063446	NA	11	0	0	11	0	5	4	1	1.12026437	11	0
chr6	22000000	chr16	45000000	2	00	2	11	0.823376775	NA	11	0	0	11	0	2	4	1	0.786222024	11	0
chr6	23000000	chr16	43000000	13	00	13	11	0.889637113	NA	11	0	0	11	0	13	4	1	0.802422827	11	0
chr6	23000000	chr16	55000000	2	00	2	11	0.939171672	NA	11	0	0	11	0	2	4	1	2.27006564	11	0
chr6	24000000	chr16	43000000	7	00	7	11	0.910813987	NA	11	0	0	11	0	7	4	1	0.860877809	11	0
chr6	36000000	chr16	34000000	4	11	4	11	0.920407295	NA	11	4	4	11	4	4	1	1	0.729207321	11	0
chr6	36000000	chr16	32000000	10	11	10	11	0.931835532	NA	11	10	10	11	10	10	1	1	0.943004816	11	0
chr6	36000000	chr16	94000000	3	11	2	11	0.977443635	NA	11	2	2	11	2	2	1	1	3.16448014	11	0
chr6	37000000	chr16	94000000	3	11	3	11	0.958931506	NA	11	3	3	11	3	3	1	1	3.01345717	11	0
chr6	37000000	chr16	34000000	3	11	3	11	0.863482594	NA	11	3	3	11	3	3	1	1	0.786064089	11	0
chr6	37000000	chr16	32000000	2	11	2	11	0.700252295	NA	11	2	2	11	2	2	1	1	0.954700314	11	0
chr6	37000000	chr16	35000000	3	11	3	11	0.688537836	NA	11	3	3	11	3	3	1	1	1.08156952	11	0
chr6	37000000	chr16	93000000	2	11	2	11	0.742893338	NA	11	2	2	11	2	2	1	1	2.37902484	11	0
chr6	38000000	chr16	34000000	2	11	2	11	0.666980565	NA	11	2	2	11	2	2	1	1	0.405205596	11	0
chr6	38000000	chr16	94000000	1	11	1	11	0.940296173	NA	11	1	1	11	1	1	1	1	2.75863819	11	0
chr6	39000000	chr16	34000000	3	11	3	11	0.900474131	NA	11	3	3	11	3	3	1	1	0.86644432	11	0
chr6	39000000	chr16	94000000	2	11	2	11	0.994831681	NA	11	2	2	11	2	2	1	1	3.81386387	11	0
chr6	39000000	chr16	87000000	3	11	3	11	0.602818966	NA	11	3	3	11	3	3	1	1	2.76426187	11	0
chr6	39000000	chr16	31000000	1	11	1	11	0.554705501	NA	11	1	1	11	1	1	1	1	1.10594921	11	0
chr6	39000000	chr16	32000000	7	11	7	11	0.924089372	NA	11	7	7	11	7	7	1	1	0.948340343	11	0
chr6	39000000	chr16	33000000	2	11	2	10	0.938471377	NA	10	0	0	10	0	0	2	1	1.41558448	10	0
chr6	39000000	chr16	30000000	1	11	1	11	0.72423023	NA	11	1	1	11	1	1	1	1	0.517439865	11	0
chr6	40000000	chr16	33000000	1	11	1	11	0.503083467	NA	11	1	1	11	1	1	1	1	0.20076357	11	0
chr6	40000000	chr16	34000000	1	11	1	11	0.784091413	NA	11	1	1	11	1	1	1	1	0.547646985	11	0
chr6	48000000	chr16	5000000	1	00	1	11	0.65007174	NA	11	0	0	11	0	1	4	1	2.99786604	11	0
chr6	56000000	chr16	5000000	5	00	5	11	0.917131543	NA	11	0	0	11	0	5	4	1	3.3848821	11	0
chr6	57000000	chr16	54000000	2	00	2	11	0.492408961	NA	11	0	0	11	0	2	4	1	2.64310124	11	0
chr6	57000000	chr16	55000000	1	00	1	11	0.390613645	NA	11	0	0	11	0	1	4	1	2.2801278	11	0
chr6	57000000	chr16	5000000	11	00	11	11	0.978920221	NA	11	0	0	11	0	11	4	1	3.1818493	11	0
chr6	70000000	chr16	83000000	4	00	4	11	0.784711719	NA	11	0	0	11	0	4	4	1	2.6543792	11	0
chr6	70000000	chr16	85000000	8	00	8	11	0.993751466	NA	11	0	0	11	0	8	4	1	2.51938911	11	0
chr6	71000000	chr16	34000000	4	11	3	11	0.510784864	NA	11	3	3	11	3	4	1	1	0.692235636	11	0
chr6	71000000	chr16	32000000	1	11	1	11	0.701357663	NA	11	1	1	11	1	1	1	1	0.735355676	11	0
chr6	72000000	chr16	94000000	3	11	3	11	0.999949336	NA	11	3	3	11	3	3	1	1	4.26645577	11	0
chr6	72000000	chr16	55000000	1	00	1	11	0.730567932	NA	11	0	0	11	0	1	4	1	1.79408126	11	0
chr6	72000000	chr16	34000000	4	11	4	11	0.809977889	NA	11	4	4	11	4	4	1	1	1.08248708	11	0
chr6	72000000	chr16	32000000	7	11	7	11	0.839243352	NA	11	7	7	11	7	7	1	1	1.21304586	11	0
chr6	72000000	chr16	33000000	4	11	4	10	0.769521117	NA	10	0	0	10	0	0	2	1	0.985872264	10	0
chr6	73000000	chr16	33000000	1	11	1	10	0.849910557	NA	10	0	0	10	0	0	2	1	1.69752317	10	0
chr6	73000000	chr16	34000000	1	11	1	11	0.757756948	NA	11	1	1	11	1	1	1	1	0.997706042	11	0
chr6	73000000	chr16	94000000	1	11	1	11	0.954653502	NA	11	1	1	11	1	1	1	1	3.87355228	11	0
chr6	73000000	chr16	96000000	1	11	1	11	0.996332467	NA	11	1	1	11	1	1	1	1	4.33672539	11	0
chr6	73000000	chr16	74000000	1	11	1	11	0.607643425	NA	11	1	1	11	1	1	1	1	0.782955849	11	0
chr6	74000000	chr16	74000000	2	11	2	11	0.64653039	NA	11	2	2	11	2	2	1	1	0.76189899	11	0
chr6	74000000	chr16	97000000	3	11	3	11	0.988211036	NA	11	3	3	11	3	3	1	1	3.12676797	11	0
chr6	74000000	chr16	73000000	1	11	1	11	0.631115317	NA	11	1	1	11	1	1	1	1	0.608439249	11	0
chr6	74000000	chr16	94000000	3	11	3	11	0.999847174	NA	11	3	3	11	3	3	1	1	3.83222354	11	0
chr6	74000000	chr16	96000000	14	11	14	11	0.999997258	NA	11	14	14	11	14	14	1	1	4.44441812	11	0
chr6	74000000	chr16	77000000	1	11	1	10	0.593614757	NA	10	0	0	10	0	0	2	1	0.541447991	10	0
chr6	74000000	chr16	31000000	1	11	1	11	0.662020504	NA	11	1	1	11	1	1	1	1	1.19060989	11	0
chr6	75000000	chr16	73000000	5	11	5	11	0.768032789	NA	11	5	5	11	5	5	1	1	0.822889396	11	0
chr6	75000000	chr16	74000000	2	11	2	11	0.639637351	NA	11	2	2	11	2	2	1	1	0.857396985	11	0
chr6	75000000	chr16	96000000	3	11	3	11	0.999797046	NA	11	3	3	11	3	3	1	1	4.24013894	11	0
chr6	75000000	chr16	97000000	1	11	1	11	0.950606167	NA	11	1	1	11	1	1	1	1	3.09596684	11	0
chr6	75000000	chr16	31000000	1	11	1	11	0.489583969	NA	11	1	1	11	1	1	1	1	1.20640703	11	0
chr6	75000000	chr16	94000000	1	11	1	11	0.999626637	NA	11	1	1	11	1	1	1	1	3.78768011	11	0
chr6	76000000	chr16	77000000	2	11	2	10	0.556099296	NA	10	0	0	10	0	0	2	1	0.527807961	10	0
chr6	76000000	chr16	96000000	2	11	2	11	0.995752335	NA	11	2	2	11	2	2	1	1	4.26447266	11	0
chr6	77000000	chr16	96000000	1	11	1	11	0.826835334	NA	11	1	1	11	1	1	1	1	4.15701312	11	0
chr6	77000000	chr16	47000000	2	11	2	10	0.56955868	NA	10	0	0	10	0	0	2	1	0.51222227	10	0
chr6	77000000	chr16	75000000	1	11	1	11	0.784948647	NA	11	1	1	11	1	1	1	1	0.788245285	11	0
chr6	78000000	chr16	61000000	3	11	3	11	0.450679958	NA	11	3	3	11	3	3	1	1	0.190919979	11	0
chr6	78000000	chr16	75000000	1	11	1	11	0.536497295	NA	11	1	1	11	1	1	1	1	0.697828958	11	0
chr6	78000000	chr16	76000000	3	11	3	11	0.446052372	NA	11	3	3	11	3	3	1	1	0.124944442	11	0
chr6	79000000	chr16	76000000	5	11	5	10	0.850388587	NA	10	0	0	10	0	0	2	1	0.990689193	10	0
chr6	79000000	chr16	75000000	2	11	2	10	0.726455867	NA	10	0	0	10	0	0	2	1	0.43236672	10	0
chr6	79000000	chr16	47000000	1	11	1	10	0.517775536	NA	10	0	0	10	0	0	2	1	0.912798151	10	0
chr6	80000000	chr16	96000000	6	11	6	11	0.99851352	NA	11	6	6	11	6	6	1	1	4.4144259	11	0
chr6	80000000	chr16	76000000	3	11	3	10	0.646480918	NA	10	0	0	10	0	0	2	1	0.338427944	10	0
chr6	80000000	chr16	46000000	2	11	2	10	0.656148911	NA	10	0	0	10	0	0	2	1	0.854772757	10	0
chr6	80000000	chr16	48000000	6	11	6	10	0.714417458	NA	10	0	0	10	0	0	2	1	0.882024525	10	0
chr6	80000000	chr16	49000000	1	11	1	10	0.511100352	NA	10	0	0	10	0	0	2	1	0.612327179	10	0
chr6	80000000	chr16	47000000	2	11	2	10	0.62436986	NA	10	0	0	10	0	0	2	1	0.667518795	10	0
chr6	81000000	chr16	96000000	4	11	4	11	0.99603647	NA	11	4	4	11	4	4	1	1	4.1978514	11	0
chr6	81000000	chr16	76000000	7	11	7	10	0.508632004	NA	10	0	0	10	0	0	2	1	0.121369497	10	0
chr6	81000000	chr16	95000000	2	11	2	11	0.980271757	NA	11	2	2	11	2	2	1	1	3.77636524	11	0
chr6	86000000	chr16	6000000	1	00	1	11	0.828734756	NA	11	0	0	11	0	1	4	1	2.47595986	11	0
chr6	87000000	chr16	33000000	5	11	5	10	0.487409383	NA	10	0	0	10	0	0	2	1	1.22918287	10	0
chr6	88000000	chr16	6000000	6	00	6	11	0.997560382	NA	11	0	0	11	0	6	4	1	2.34980249	11	0
chr6	88000000	chr16	7000000	12	00	12	11	0.900941133	NA	11	0	0	11	0	12	4	1	1.21879396	11	0
chr6	88000000	chr16	8000000	2	00	2	11	0.798928797	NA	11	0	0	11	0	2	4	1	1.58457275	11	0
chr6	88000000	chr16	5000000	10	00	10	11	0.997655988	NA	11	0	0	11	0	10	4	1	2.84188417	11	0
chr6	89000000	chr16	6000000	8	00	8	11	0.995970666	NA	11	0	0	11	0	8	4	1	2.36192828	11	0
chr6	89000000	chr16	5000000	4	00	4	11	0.980928481	NA	11	0	0	11	0	4	4	1	2.8415309	11	0
chr6	89000000	chr16	7000000	1	00	1	11	0.719382823	NA	11	0	0	11	0	1	4	1	1.27078841	11	0
chr6	92000000	chr16	54000000	2	00	2	11	0.761250675	NA	11	0	0	11	0	2	4	1	2.50048655	11	0
chr6	92000000	chr16	5000000	9	00	9	11	0.998778403	NA	11	0	0	11	0	9	4	1	2.95036151	11	0
chr6	92000000	chr16	6000000	5	00	5	11	0.996158957	NA	11	0	0	11	0	5	4	1	2.9490186	11	0
chr6	92000000	chr16	4000000	4	00	4	11	0.927821457	NA	11	0	0	11	0	4	4	1	1.43411418	11	0
chr6	118000000	chr16	43000000	2	00	2	11	0.400070667	NA	11	0	0	11	0	2	4	1	0.525748639	11	0
chr6	119000000	chr16	55000000	2	00	2	11	0.633793294	NA	11	0	0	11	0	2	4	1	1.78431125	11	0
chr6	126000000	chr16	83000000	1	00	1	11	0.744165838	NA	11	0	0	11	0	1	4	1	2.44770063	11	0
chr6	128000000	chr16	83000000	8	00	8	11	0.98039639	NA	11	0	0	11	0	8	4	1	2.98162878	11	0
chr6	129000000	chr16	83000000	8	00	8	11	0.905674577	NA	11	0	0	11	0	8	4	1	2.74463637	11	0
chr6	149000000	chr16	44000000	1	00	1	11	0.395242423	NA	11	0	0	11	0	1	4	1	1.043196	11	0
chr6	85000000	chr17	22000000	4	00	4	11	0.992757142	NA	11	0	0	11	0	4	3	1	2.1675071	11	0
chr6	85000000	chr17	23000000	1	00	1	11	0.820818484	NA	11	0	0	11	0	1	3	1	3.04362847	11	0
chr6	86000000	chr17	22000000	11	00	11	11	0.888680398	NA	11	0	0	11	0	11	3	1	2.17239409	11	0
chr6	86000000	chr17	24000000	3	00	3	11	0.948525846	NA	11	0	0	11	0	3	2	1	3.20900786	11	0
chr6	88000000	chr17	24000000	9	00	9	11	0.99490428	NA	11	0	0	11	0	9	3	1	3.51610116	11	0
chr6	88000000	chr17	23000000	8	00	8	11	0.992477715	NA	11	0	0	11	0	8	3	1	3.29926671	11	0
chr6	89000000	chr17	23000000	1	00	1	11	0.91773808	NA	11	0	0	11	0	1	3	1	3.31701876	11	0
chr6	89000000	chr17	22000000	1	00	1	11	0.701622665	NA	11	0	0	11	0	1	3	1	2.36013528	11	0
chr6	23000000	chr18	65000000	7	01	7	11	0.878076136	NA	11	0	0	11	0	0	3	1	2.17164479	11	1
chr6	23000000	chr18	41000000	1	01	1	11	0.503104091	NA	11	0	0	11	0	0	3	1	2.47563094	11	1
chr6	24000000	chr18	65000000	5	01	5	11	0.758811831	NA	11	0	0	11	0	0	3	1	1.94442111	11	1
chr6	88000000	chr18	69000000	4	10	4	11	0.636115611	NA	11	0	4	11	0	0	2	1	3.0494697	11	1
chr6	88000000	chr18	67000000	6	10	6	11	0.993569374	NA	11	0	6	11	0	0	2	1	3.3334144	11	1
chr6	88000000	chr18	68000000	1	10	1	11	0.770873368	NA	11	0	1	11	0	0	2	1	2.82815798	11	1
chr6	89000000	chr18	68000000	12	10	12	11	0.983653486	NA	11	0	12	11	0	0	2	1	3.0297396	11	1
chr6	89000000	chr18	67000000	1	10	1	11	0.989837646	NA	11	0	1	11	0	0	2	1	3.36519847	11	1
chr6	90000000	chr18	68000000	1	10	1	11	0.796110988	NA	11	0	1	11	0	0	2	1	3.1567351	11	1
chr6	90000000	chr18	67000000	2	10	2	11	0.857452273	NA	11	0	2	11	0	0	2	1	3.3136514	11	1
chr6	91000000	chr18	67000000	6	10	6	11	0.945923328	NA	11	0	6	11	0	0	2	1	3.33362036	11	1
chr6	107000000	chr18	63000000	2	01	2	11	0.591715097	NA	11	0	0	11	0	0	3	1	0.960257721	11	1
chr6	108000000	chr18	62000000	6	01	6	11	0.651992261	NA	11	0	0	11	0	0	4	1	0.344486135	11	1
chr6	108000000	chr18	63000000	15	01	15	11	0.94386673	NA	11	0	0	11	0	0	3	1	1.28323532	11	1
chr6	128000000	chr18	62000000	2	01	2	11	0.537261248	NA	11	0	0	11	0	0	3	1	0.265196872	11	1
chr6	128000000	chr18	14000000	2	01	2	10	0.496599942	NA	10	0	0	10	0	2	3	1	0.427628357	10	1
chr6	130000000	chr18	63000000	1	01	1	11	0.48918128	NA	11	0	0	11	0	0	3	1	0.664026299	11	1
chr6	136000000	chr18	67000000	1	10	1	11	0.935672998	NA	11	0	1	11	0	0	2	1	3.34808634	11	1
chr6	137000000	chr18	67000000	1	10	1	11	0.914198518	NA	11	0	1	11	0	0	2	1	3.36517967	11	1
chr6	138000000	chr18	67000000	2	10	2	11	0.970016897	NA	11	0	2	11	0	0	2	1	3.24861031	11	1
chr6	138000000	chr18	68000000	2	10	2	11	0.959825516	NA	11	0	2	11	0	0	2	1	3.14672864	11	1
chr6	139000000	chr18	67000000	2	10	2	11	0.956891239	NA	11	0	2	11	0	0	2	1	3.18176249	11	1
chr6	139000000	chr18	68000000	1	10	1	11	0.983861089	NA	11	0	1	11	0	0	2	1	3.1235193	11	1
chr6	142000000	chr18	68000000	4	10	4	11	0.981437922	NA	11	0	4	11	0	0	2	1	2.93271047	11	1
chr6	147000000	chr18	51000000	1	10	1	10	0.365410388	NA	10	1	0	10	1	1	1	1	0.110367843	10	1
chr6	147000000	chr18	71000000	2	10	2	10	0.58262676	NA	10	2	0	10	2	2	1	1	0.888889348	10	1
chr6	147000000	chr18	72000000	2	10	2	10	0.699735045	NA	10	2	0	10	2	2	1	1	1.0095206	10	1
chr6	147000000	chr18	68000000	5	10	5	11	0.987267315	NA	11	0	5	11	0	0	2	1	3.23050525	11	1
chr6	147000000	chr18	69000000	2	10	2	11	0.997106493	NA	11	0	2	11	0	0	2	1	2.70242874	11	1
chr6	148000000	chr18	68000000	5	10	5	11	0.988351166	NA	11	0	5	11	0	0	2	1	3.15930398	11	1
chr6	148000000	chr18	67000000	4	10	4	11	0.993387461	NA	11	0	4	11	0	0	2	1	3.3262182	11	1
chr6	148000000	chr18	69000000	2	10	2	11	0.994645238	NA	11	0	2	11	0	0	2	1	2.9204292	11	1
chr6	149000000	chr18	67000000	5	10	5	11	0.958028436	NA	11	0	5	11	0	0	2	1	3.2555344	11	1
chr6	149000000	chr18	69000000	1	10	1	11	0.916881025	NA	11	0	1	11	0	0	2	1	2.87066901	11	1
chr6	19000000	chr19	33000000	1	10	1	10	0.879782081	NA	10	1	1	10	1	1	1	1	4.23694953	10	0
chr6	19000000	chr19	32000000	8	10	8	10	0.686762333	NA	10	8	8	10	8	8	1	1	4.21059247	10	0
chr6	39000000	chr19	32000000	7	10	7	10	0.996577799	NA	10	7	7	10	7	7	1	1	3.78418584	10	0
chr6	39000000	chr19	33000000	5	10	5	10	0.998570919	NA	10	5	5	10	5	5	1	1	3.61434863	10	0
chr6	39000000	chr19	34000000	4	10	4	10	0.914507806	NA	10	4	4	10	4	4	1	1	3.32693164	10	0
chr6	56000000	chr19	20000000	1	01	1	11	0.25	NA	00	0	0	10	0	0	4	2	3.63603933	10	0
chr6	72000000	chr19	23000000	1	10	1	10	0.999981284	NA	10	1	1	10	1	1	1	1	5.46428952	10	0
chr6	73000000	chr19	18000000	5	10	4	10	0.999999881	NA	10	4	4	10	4	4	1	1	5.40283691	10	0
chr6	73000000	chr19	23000000	15	10	15	10	1	NA	10	15	15	10	15	15	1	1	5.47047756	10	0
chr6	73000000	chr19	22000000	4	10	4	10	1	NA	10	4	4	10	4	4	1	1	5.73090032	10	0
chr6	73000000	chr19	20000000	7	10	7	10	0.999999881	NA	10	7	7	10	7	7	1	1	5.44024166	10	0
chr6	73000000	chr19	17000000	17	10	17	10	1	NA	10	17	17	10	17	17	1	1	5.23927556	10	0
chr6	73000000	chr19	27000000	1	10	1	10	0.999957204	NA	10	1	1	10	1	1	1	1	5.24869667	10	0
chr6	74000000	chr19	24000000	17	10	16	10	1	NA	10	16	16	10	16	16	1	1	5.53789228	10	0
chr6	74000000	chr19	23000000	4	10	4	10	1	NA	10	4	4	10	4	4	1	1	5.31276582	10	0
chr6	74000000	chr19	30000000	4	10	4	10	0.965132356	NA	10	4	4	10	4	4	1	1	5.40799331	10	0
chr6	74000000	chr19	22000000	5	10	5	10	0.999777257	NA	10	5	5	10	5	5	1	1	5.29192437	10	0
chr6	74000000	chr19	25000000	3	10	3	10	0.9996382	NA	10	3	3	10	3	3	1	1	4.6945573	10	0
chr6	75000000	chr19	22000000	7	10	7	10	0.999999642	NA	10	7	7	10	7	7	1	1	5.63379786	10	0
chr6	75000000	chr19	30000000	3	10	3	10	0.999999642	NA	10	3	3	10	3	3	1	1	5.76574737	10	0
chr6	75000000	chr19	23000000	7	10	7	10	1	NA	10	7	7	10	7	7	1	1	5.34520494	10	0
chr6	75000000	chr19	17000000	6	10	6	10	1	NA	10	6	6	10	6	6	1	1	5.23792326	10	0
chr6	75000000	chr19	18000000	6	10	6	10	1	NA	10	6	6	10	6	6	1	1	5.34058201	10	0
chr6	75000000	chr19	24000000	4	10	3	10	0.999992013	NA	10	3	3	10	3	3	1	1	5.44303936	10	0
chr6	75000000	chr19	25000000	1	00	1	10	0.973390102	NA	10	0	0	10	0	0	4	1	4.96724485	10	0
chr6	75000000	chr19	20000000	2	00	1	10	0.999998331	NA	10	1	1	10	1	1	3	1	5.32628289	10	0
chr6	76000000	chr19	24000000	15	10	15	10	1	NA	10	15	15	10	15	15	1	1	4.92789543	10	0
chr6	76000000	chr19	25000000	14	10	14	10	1	NA	10	14	14	10	14	14	1	1	4.67885838	10	0
chr6	76000000	chr19	53000000	2	10	1	10	0.920334041	NA	10	1	1	10	1	1	1	1	3.49438735	10	0
chr6	76000000	chr19	18000000	2	10	2	10	0.999918461	NA	10	2	2	10	2	2	1	1	4.79650041	10	0
chr6	76000000	chr19	17000000	5	10	5	10	0.999993563	NA	10	5	5	10	5	5	1	1	4.88690082	10	0
chr6	76000000	chr19	55000000	1	10	1	10	0.935301185	NA	10	1	1	10	1	1	1	1	4.25757263	10	0
chr6	76000000	chr19	54000000	1	10	1	10	0.712477267	NA	10	1	1	10	1	1	1	1	3.94812933	10	0
chr6	77000000	chr19	17000000	3	10	3	10	0.999999404	NA	10	3	3	10	3	3	1	1	4.9487339	10	0
chr6	77000000	chr19	53000000	2	10	2	10	0.964202046	NA	10	2	2	10	2	2	1	1	3.74517869	10	0
chr6	77000000	chr19	54000000	4	10	4	10	0.982014418	NA	10	4	4	10	4	4	1	1	4.19389454	10	0
chr6	77000000	chr19	55000000	1	10	1	10	0.935151696	NA	10	1	1	10	1	1	1	1	4.48986558	10	0
chr6	77000000	chr19	25000000	3	10	3	10	0.999999881	NA	10	3	3	10	3	3	1	1	4.8516605	10	0
chr6	77000000	chr19	24000000	3	10	3	10	0.999984026	NA	10	3	3	10	3	3	1	1	4.81803067	10	0
chr6	78000000	chr19	18000000	1	10	1	10	0.994073451	NA	10	1	1	10	1	1	1	1	4.12876727	10	0
chr6	80000000	chr19	24000000	8	10	8	10	0.999465644	NA	10	8	8	10	8	8	1	1	4.13925697	10	0
chr6	80000000	chr19	18000000	1	10	1	10	0.922651589	NA	10	1	1	10	1	1	1	1	3.48231921	10	0
chr6	80000000	chr19	25000000	2	10	2	10	0.999917269	NA	10	2	2	10	2	2	1	1	3.58474297	10	0
chr6	81000000	chr19	24000000	6	10	6	10	0.999968767	NA	10	6	6	10	6	6	1	1	4.41583518	10	0
chr6	81000000	chr19	25000000	13	10	13	10	0.999976277	NA	10	13	13	10	13	13	1	1	4.12049607	10	0
chr6	81000000	chr19	53000000	4	10	3	10	0.701428771	NA	10	3	3	10	3	3	1	1	3.24189523	10	0
chr6	81000000	chr19	55000000	1	10	1	10	0.923846364	NA	10	1	1	10	1	1	1	1	4.02133501	10	0
chr6	82000000	chr19	25000000	5	10	4	10	0.999986529	NA	10	4	4	10	4	5	1	1	4.93077428	10	0
chr6	82000000	chr19	53000000	5	10	5	10	0.99780339	NA	10	5	5	10	5	5	1	1	4.13928389	10	0
chr6	82000000	chr19	55000000	4	10	4	10	0.975273132	NA	10	4	4	10	4	4	1	1	4.88496198	10	0
chr6	82000000	chr19	56000000	9	10	9	10	0.986530364	NA	10	9	9	10	9	9	1	1	3.95973496	10	0
chr6	82000000	chr19	28000000	1	10	1	10	0.992166281	NA	10	1	1	10	1	1	1	1	4.37638211	10	0
chr6	85000000	chr19	23000000	1	10	1	10	0.939674139	NA	10	1	1	10	1	1	1	1	3.23397152	10	0
chr6	87000000	chr19	20000000	2	10	2	10	0.938576579	NA	10	2	2	10	2	2	1	1	3.56693492	10	0
chr6	87000000	chr19	23000000	1	10	1	10	0.96936518	NA	10	1	1	10	1	1	1	1	3.39491309	10	0
chr6	87000000	chr19	21000000	2	10	2	10	0.953275621	NA	10	2	2	10	2	2	1	1	3.70094329	10	0
chr6	87000000	chr19	22000000	2	10	2	10	0.825953782	NA	10	2	2	10	2	2	1	1	3.70082091	10	0
chr6	88000000	chr19	34000000	1	10	1	10	0.922260761	NA	10	1	1	10	1	1	1	1	3.9352744	10	0
chr6	89000000	chr19	34000000	3	10	3	10	0.942028165	NA	10	3	3	10	3	3	1	1	4.0280277	10	0
chr6	135000000	chr19	21000000	2	10	2	10	0.621162057	NA	10	2	2	10	2	2	1	1	4.51322903	10	0
chr6	142000000	chr19	33000000	8	10	8	10	0.991577744	NA	10	8	8	10	8	8	1	1	3.88719987	10	0
chr6	142000000	chr19	32000000	3	10	3	10	0.837443769	NA	10	3	3	10	3	3	1	1	4.30495627	10	0
chr6	142000000	chr19	34000000	8	10	8	10	0.998812318	NA	10	8	8	10	8	8	1	1	4.44415248	10	0
chr6	143000000	chr19	33000000	1	10	1	10	0.769865155	NA	10	1	1	10	1	1	1	1	3.13379241	10	0
chr6	29000000	chr9	108000000	1	01	1	11	0.46413213	NA	11	0	0	11	0	0	4	1	1.45685627	11	1
chr6	31000000	chr9	115000000	4	01	4	11	0.928024352	NA	11	0	0	11	0	0	2	1	3.44126617	11	1
chr6	31000000	chr9	122000000	1	01	1	11	0.761374295	NA	11	0	0	11	0	0	2	1	3.47626679	11	1
chr6	31000000	chr9	114000000	1	01	1	11	0.565091848	NA	11	0	0	11	0	0	2	1	3.35954885	11	1
chr6	38000000	chr9	96000000	17	01	17	11	0.999635458	NA	11	0	0	11	0	0	2	1	4.34737524	11	1
chr6	38000000	chr9	108000000	1	01	1	11	0.657245636	NA	11	0	0	11	0	0	2	1	4.16498692	11	1
chr6	38000000	chr9	94000000	4	01	4	11	0.907705665	NA	11	0	0	11	0	0	2	1	4.37101518	11	1
chr6	38000000	chr9	98000000	1	01	1	11	0.985372365	NA	11	0	0	11	0	0	2	1	4.36189644	11	1
chr6	38000000	chr9	113000000	2	01	2	11	0.756911933	NA	11	0	0	11	0	0	2	1	4.27712392	11	1
chr6	38000000	chr9	93000000	1	01	1	11	0.999563277	NA	11	0	0	11	0	0	2	1	4.39376221	11	1
chr6	39000000	chr9	93000000	4	01	4	11	0.983242273	NA	11	0	0	11	0	0	2	1	4.6899419	11	1
chr6	39000000	chr9	96000000	4	01	4	11	0.987184703	NA	11	0	0	11	0	0	2	1	4.60806563	11	1
chr6	39000000	chr9	98000000	1	01	1	11	0.996882558	NA	11	0	0	11	0	0	2	1	4.66111064	11	1
chr6	39000000	chr9	97000000	3	01	3	11	0.997351766	NA	11	0	0	11	0	0	3	1	4.61813848	11	1
chr6	79000000	chr9	97000000	1	01	1	11	0.891531527	NA	11	0	0	11	0	0	3	1	5.31937048	11	1
chr6	79000000	chr9	115000000	2	01	2	11	0.999095201	NA	11	0	0	11	0	0	3	1	5.43102069	11	1
chr6	79000000	chr9	113000000	1	01	1	11	0.999976277	NA	11	0	0	11	0	0	3	1	5.54711706	11	1
chr6	80000000	chr9	113000000	8	01	8	11	0.999999762	NA	11	0	0	11	0	0	2	1	5.24963547	11	1
chr6	80000000	chr9	122000000	3	01	3	11	0.999585211	NA	11	0	0	11	0	0	2	1	5.20465818	11	1
chr6	80000000	chr9	114000000	1	01	1	11	0.939740002	NA	11	0	0	11	0	0	3	1	5.12977736	11	1
chr6	80000000	chr9	97000000	2	01	2	11	0.986314297	NA	11	0	0	11	0	0	2	1	5.23149604	11	1
chr6	80000000	chr9	98000000	1	01	1	11	0.861137807	NA	11	0	0	11	0	0	2	1	5.27111862	11	1
chr6	80000000	chr9	94000000	2	01	2	11	0.828740299	NA	11	0	0	11	0	0	3	1	4.99011148	11	1
chr6	80000000	chr9	93000000	4	01	4	11	0.983304858	NA	11	0	0	11	0	0	2	1	5.14866792	11	1
chr6	82000000	chr9	97000000	4	01	4	11	0.992884576	NA	11	0	0	11	0	0	2	1	5.45125321	11	1
chr6	82000000	chr9	98000000	1	01	1	11	0.957317233	NA	11	0	0	11	0	0	2	1	5.5950757	11	1
chr6	82000000	chr9	108000000	6	01	6	11	0.999999046	NA	11	0	0	11	0	0	2	1	5.05875821	11	1
chr6	82000000	chr9	113000000	1	01	1	11	0.999751389	NA	11	0	0	11	0	0	2	1	5.44148707	11	1
chr6	82000000	chr9	107000000	1	01	1	11	0.99884218	NA	11	0	0	11	0	0	2	1	4.93258346	11	1
chr6	83000000	chr9	113000000	1	01	1	11	0.999958038	NA	11	0	0	11	0	0	3	1	6.28760602	11	1
chr6	83000000	chr9	115000000	6	01	6	11	0.999999881	NA	11	0	0	11	0	0	3	1	5.90938009	11	1
chr6	83000000	chr9	114000000	2	01	2	11	0.99002403	NA	11	0	0	11	0	0	3	1	6.01942784	11	1
chr6	83000000	chr9	120000000	11	01	11	11	0.999999166	NA	11	0	0	11	0	0	4	1	6.04008565	11	1
chr6	83000000	chr9	121000000	7	01	6	11	0.999976158	NA	11	0	1	11	0	0	4	1	5.87855867	11	1
chr6	83000000	chr9	79000000	4	01	4	11	0.716483235	NA	11	0	0	11	0	0	3	1	4.94672301	11	1
chr6	83000000	chr9	122000000	6	01	6	11	0.999997139	NA	11	0	0	11	0	0	2	1	6.37767125	11	1
chr6	83000000	chr9	74000000	5	01	5	11	0.99967742	NA	11	0	0	11	0	0	3	1	5.72877915	11	1
chr6	83000000	chr9	98000000	1	01	1	11	0.888423085	NA	11	0	0	11	0	0	3	1	6.28946435	11	1
chr6	83000000	chr9	63000000	1	01	1	11	0.25	NA	00	0	0	11	0	0	4	1	5.93991598	11	1
chr6	84000000	chr9	108000000	4	01	4	11	0.913861215	NA	11	0	0	11	0	0	2	1	3.54387682	11	1
chr7	4000000	chr12	119000000	2	10	2	11	0.571157575	NA	11	0	0	11	0	0	3	1	0.962560294	11	0
chr7	25000000	chr12	113000000	1	10	1	10	0.995753407	NA	10	1	1	10	1	1	1	1	1.81734174	10	0
chr7	25000000	chr12	114000000	17	10	17	10	0.9998191	NA	10	17	17	10	17	17	1	1	2.38900339	10	0
chr7	25000000	chr12	103000000	3	10	3	10	0.991829574	NA	10	3	3	10	3	3	1	1	2.78409094	10	0
chr7	25000000	chr12	102000000	1	10	1	10	0.940749526	NA	10	1	1	10	1	1	1	1	2.62696371	10	0
chr7	26000000	chr12	103000000	7	10	7	10	0.994483411	NA	10	7	7	10	7	7	1	1	2.89510296	10	0
chr7	26000000	chr12	114000000	17	10	17	10	0.998381257	NA	10	17	17	10	17	17	1	1	2.58987504	10	0
chr7	26000000	chr12	98000000	8	10	8	10	0.998237371	NA	10	8	8	10	8	8	1	1	2.59850723	10	0
chr7	27000000	chr12	98000000	3	10	3	11	0.676648974	NA	11	0	0	11	0	0	2	1	0.712052173	11	0
chr7	27000000	chr12	114000000	4	10	4	11	0.666809201	NA	11	0	0	11	0	0	2	1	0.775539047	11	0
chr7	30000000	chr12	111000000	10	10	9	10	0.880139351	NA	10	9	9	10	9	9	1	1	1.39462076	10	0
chr7	30000000	chr12	100000000	1	10	1	11	0.51919663	NA	11	0	0	11	0	0	2	1	0.321689341	11	0
chr7	31000000	chr12	111000000	3	10	3	10	0.688825011	NA	10	3	3	10	3	3	1	1	1.0759157	10	0
chr7	43000000	chr12	113000000	6	10	6	11	0.717267275	NA	11	0	0	11	0	0	2	1	0.335716185	11	0
chr7	45000000	chr12	111000000	5	10	5	10	0.784618497	NA	10	5	5	10	5	5	1	1	1.21759032	10	0
chr7	45000000	chr12	113000000	5	10	5	11	0.576448739	NA	11	0	0	10	5	0	1	2	0.185637123	10	0
chr7	46000000	chr12	113000000	7	10	7	11	0.697543979	NA	11	0	0	11	0	0	2	1	0.221197961	11	0
chr7	56000000	chr12	98000000	16	10	16	11	0.95772326	NA	11	0	0	11	0	0	2	1	2.02267013	11	0
chr7	56000000	chr12	111000000	3	10	3	10	0.409071445	NA	10	3	3	10	3	3	1	1	0.409367031	10	0
chr7	56000000	chr12	100000000	2	10	2	11	0.622735441	NA	11	0	0	11	0	0	2	1	1.61304326	11	0
chr7	56000000	chr12	99000000	4	10	4	11	0.881315351	NA	11	0	0	11	0	0	2	1	1.79723268	11	0
chr7	56000000	chr12	114000000	3	10	3	11	0.490364283	NA	11	0	0	11	0	0	2	1	1.79615217	11	0
chr7	57000000	chr12	98000000	2	10	2	11	0.669616759	NA	11	0	0	11	0	0	2	1	1.31333509	11	0
chr7	58000000	chr12	113000000	5	10	5	11	0.637332141	NA	11	0	0	11	0	0	2	1	0.214049395	11	0
chr7	58000000	chr12	114000000	1	10	1	11	0.462878704	NA	11	0	0	11	0	0	2	1	1.44754925	11	0
chr7	60000000	chr12	113000000	6	10	6	11	0.71955651	NA	11	0	0	11	0	0	2	1	0.643783519	11	0
chr7	61000000	chr12	113000000	3	10	3	11	0.777833879	NA	11	0	0	11	0	0	2	1	0.862185701	11	0
chr7	65000000	chr12	116000000	1	10	1	00	0.407325059	NA	00	0	0	11	0	0	3	2	0.327890475	11	0
chr7	65000000	chr12	119000000	3	10	3	00	0.51690352	NA	00	0	0	11	0	0	3	2	0.135142424	11	0
chr7	80000000	chr12	79000000	1	10	1	10	0.486609191	NA	10	1	1	10	1	1	1	1	2.87568952	10	0
chr7	80000000	chr12	80000000	1	10	1	10	0.339832723	NA	10	1	1	10	1	1	1	1	2.04954494	10	0
chr7	100000000	chr12	111000000	9	10	8	10	0.319811136	NA	10	8	8	10	8	8	1	1	0.711011773	10	0
chr7	136000000	chr12	56000000	4	00	4	10	0.368854761	NA	10	0	0	10	0	0	3	1	0.449802577	10	0
chr7	136000000	chr12	57000000	2	00	2	11	0.326767713	NA	11	0	0	11	0	2	3	1	0.600720488	11	0
chr7	137000000	chr12	57000000	1	00	1	11	0.304773778	NA	11	0	0	11	0	1	3	1	0.727557037	11	0
chr7	138000000	chr12	78000000	1	11	1	00	0.338783503	NA	00	0	0	11	1	1	1	2	0.384292312	11	0
chr7	141000000	chr12	111000000	1	10	1	11	0.34211275	NA	11	0	0	11	0	0	3	1	0.506535854	11	0
chr7	141000000	chr12	79000000	3	10	3	00	0.349570483	NA	00	0	0	10	3	0	1	3	0.100470775	10	0
chr7	144000000	chr12	79000000	1	10	1	10	0.327189565	NA	10	1	1	10	1	1	1	1	1.04368612	10	0
chr7	6000000	chr14	76000000	2	00	2	10	0.619814515	NA	10	0	0	10	0	0	2	1	1.02953232	10	0
chr7	12000000	chr14	76000000	2	00	2	10	0.987823725	NA	10	0	0	10	0	0	2	1	5.95555122	10	0
chr7	13000000	chr14	76000000	3	00	3	10	0.999992847	NA	10	0	0	10	0	0	2	1	6.28267992	10	0
chr7	13000000	chr14	77000000	1	00	1	10	0.996285558	NA	10	0	0	10	0	0	2	1	6.38487742	10	0
chr7	14000000	chr14	76000000	1	00	1	10	0.999838471	NA	10	0	0	10	0	0	2	1	5.7840272	10	0
chr7	14000000	chr14	78000000	2	00	2	10	0.997061789	NA	10	0	0	10	0	0	2	1	5.62772271	10	0
chr7	16000000	chr14	72000000	3	00	3	10	0.999934077	NA	10	0	0	10	0	0	3	1	4.49230886	10	0
chr7	16000000	chr14	45000000	5	00	5	10	0.89019382	NA	10	0	0	10	0	0	3	1	4.02750492	10	0
chr7	16000000	chr14	73000000	2	00	2	10	0.973957598	NA	10	0	0	10	0	0	3	1	3.88469056	10	0
chr7	16000000	chr14	23000000	1	00	1	10	0.942741275	NA	10	0	0	10	0	0	3	1	3.55687369	10	0
chr7	16000000	chr14	69000000	2	00	2	10	0.920673609	NA	10	0	0	10	0	0	3	1	4.28928803	10	0
chr7	16000000	chr14	25000000	9	00	9	10	0.98922962	NA	10	0	0	10	0	0	3	1	3.52096755	10	0
chr7	16000000	chr14	70000000	1	00	1	10	0.998527288	NA	10	0	0	10	0	0	3	1	5.08842395	10	0
chr7	16000000	chr14	24000000	1	00	1	10	0.96177119	NA	10	0	0	10	0	0	3	1	2.97512759	10	0
chr7	16000000	chr14	59000000	3	00	3	10	0.729505718	NA	10	0	0	10	0	0	3	1	4.16552078	10	0
chr7	16000000	chr14	79000000	3	00	3	10	0.998901606	NA	10	0	0	10	0	0	3	1	3.82240279	10	0
chr7	17000000	chr14	22000000	2	00	2	10	0.812377512	NA	10	0	0	10	0	0	3	1	4.16765699	10	0
chr7	17000000	chr14	81000000	2	00	2	10	0.998941362	NA	10	0	0	10	0	0	3	1	5.63415749	10	0
chr7	17000000	chr14	78000000	9	00	9	10	1	NA	10	0	0	10	0	0	3	1	6.54615104	10	0
chr7	17000000	chr14	83000000	1	00	1	10	0.99610585	NA	10	0	0	10	0	0	2	1	6.32769891	10	0
chr7	17000000	chr14	59000000	1	00	1	10	0.580511272	NA	10	0	0	10	0	0	3	1	4.16155185	10	0
chr7	17000000	chr14	76000000	6	00	6	10	0.999916911	NA	10	0	0	10	0	0	3	1	6.11625335	10	0
chr7	18000000	chr14	76000000	2	00	2	10	0.998965144	NA	10	0	0	10	0	0	3	1	6.12999316	10	0
chr7	18000000	chr14	78000000	1	00	1	10	0.999922276	NA	10	0	0	10	0	0	3	1	6.53522083	10	0
chr7	19000000	chr14	25000000	1	00	1	10	0.734703541	NA	10	0	0	10	0	0	3	1	3.17482143	10	0
chr7	19000000	chr14	24000000	1	00	1	10	0.671910644	NA	10	0	0	10	0	0	3	1	2.4116411	10	0
chr7	24000000	chr14	76000000	7	00	7	10	0.999919295	NA	10	0	0	10	0	0	3	1	6.09383799	10	0
chr7	24000000	chr14	75000000	2	00	2	10	0.99059242	NA	10	0	0	10	0	0	3	1	5.64942682	10	0
chr7	24000000	chr14	79000000	3	00	3	10	0.997575939	NA	10	0	0	10	0	0	2	1	5.60662843	10	0
chr7	24000000	chr14	23000000	2	00	2	10	0.905908525	NA	10	0	0	10	0	0	3	1	3.52062765	10	0
chr7	25000000	chr14	76000000	1	00	1	10	0.993312299	NA	10	0	0	10	0	0	2	1	4.47492561	10	0
chr7	25000000	chr14	78000000	2	00	2	10	0.981201768	NA	10	0	0	10	0	0	2	1	4.5177191	10	0
chr7	28000000	chr14	75000000	16	00	16	10	0.996464968	NA	10	0	0	10	0	0	2	1	3.69083375	10	0
chr7	28000000	chr14	76000000	1	00	1	10	0.97269249	NA	10	0	0	10	0	0	2	1	3.47764995	10	0
chr7	43000000	chr14	69000000	1	00	1	10	0.465859652	NA	10	0	0	10	0	0	3	1	3.10557627	10	0
chr7	45000000	chr14	69000000	1	00	1	10	0.686682284	NA	10	0	0	10	0	0	3	1	3.42094137	10	0
chr7	136000000	chr15	82000000	3	01	3	11	0.674411595	NA	11	0	0	11	0	0	4	1	1.53138812	11	0
chr7	137000000	chr15	82000000	3	01	3	11	0.507854283	NA	11	0	0	11	0	0	4	1	1.34185571	11	0
chr7	142000000	chr15	82000000	5	01	5	11	0.818201065	NA	11	0	0	11	0	0	4	1	1.80179533	11	0
chr7	142000000	chr15	83000000	3	01	3	11	0.633507311	NA	11	0	0	11	0	0	4	1	1.7158343	11	0
chr7	143000000	chr15	83000000	2	01	2	11	0.708755374	NA	11	0	0	11	0	0	4	1	2.15748543	11	0
chr7	143000000	chr15	82000000	1	01	1	11	0.849214852	NA	11	0	0	11	0	0	4	1	2.19718379	11	0
chr7	14000000	chr18	44000000	2	00	2	10	0.383713007	NA	10	0	0	10	0	0	2	1	3.65486484	10	0
chr7	29000000	chr18	77000000	1	00	1	10	0.604680121	NA	10	0	0	10	0	0	3	1	3.60899896	10	0
chr7	40000000	chr18	45000000	1	00	1	10	0.839488924	NA	10	0	0	10	0	0	3	1	3.83678137	10	0
chr7	41000000	chr18	44000000	5	00	5	10	0.967690051	NA	10	0	0	10	0	0	3	1	3.52351826	10	0
chr7	41000000	chr18	45000000	4	00	4	10	0.959286988	NA	10	0	0	10	0	0	3	1	3.75667692	10	0
chr7	42000000	chr18	44000000	1	00	1	10	0.748215854	NA	10	0	0	10	0	0	3	1	3.47943388	10	0
chr7	45000000	chr18	77000000	3	00	3	10	0.971795321	NA	10	0	0	10	0	0	3	1	3.56528095	10	0
chr7	45000000	chr18	75000000	7	00	7	10	0.869876623	NA	10	0	0	10	0	0	3	1	3.05174991	10	0
chr7	46000000	chr18	77000000	10	00	9	10	0.954157889	NA	10	1	1	10	1	1	3	1	3.28605849	10	0
chr7	80000000	chr18	61000000	4	00	4	10	0.999549925	NA	10	0	0	10	0	0	2	1	4.43079053	10	0
chr7	81000000	chr18	61000000	6	00	6	10	0.99709487	NA	10	0	0	10	0	0	3	1	4.62581136	10	0
chr7	81000000	chr18	60000000	2	00	2	10	0.909245491	NA	10	0	0	10	0	0	3	1	4.77486963	10	0
chr7	81000000	chr18	53000000	5	00	4	10	0.999795854	NA	10	1	1	10	1	1	3	1	4.90514154	10	0
chr7	81000000	chr18	77000000	6	00	6	10	0.906624854	NA	10	0	0	10	0	0	3	1	4.20789085	10	0
chr7	81000000	chr18	44000000	1	00	1	10	0.991097212	NA	10	0	0	10	0	0	3	1	4.42326134	10	0
chr7	81000000	chr18	43000000	3	00	3	10	0.990404367	NA	10	0	0	10	0	0	3	1	4.63482648	10	0
chr7	81000000	chr18	42000000	2	00	2	10	0.970098197	NA	10	0	0	10	0	0	3	1	4.38826405	10	0
chr7	81000000	chr18	45000000	1	00	1	10	0.979065657	NA	10	0	0	10	0	0	3	1	4.56258245	10	0
chr7	82000000	chr18	77000000	4	00	4	10	0.662556231	NA	10	0	0	10	0	0	3	1	4.05193857	10	0
chr7	82000000	chr18	42000000	2	00	2	10	0.997681022	NA	10	0	0	10	0	0	3	1	4.27626204	10	0
chr7	82000000	chr18	53000000	12	00	12	10	0.999995708	NA	10	0	0	10	0	0	3	1	4.88451157	10	0
chr7	82000000	chr18	62000000	2	00	2	10	0.977038145	NA	10	0	0	10	0	0	3	1	4.4117838	10	0
chr7	82000000	chr18	43000000	3	00	3	10	0.998922765	NA	10	0	0	10	0	0	3	1	4.51093625	10	0
chr7	82000000	chr18	45000000	6	00	6	10	0.999994516	NA	10	0	0	10	0	0	3	1	4.57647742	10	0
chr7	82000000	chr18	44000000	2	00	2	10	0.999911666	NA	10	0	0	10	0	0	3	1	4.34467597	10	0
chr7	82000000	chr18	49000000	6	00	6	10	0.999952316	NA	10	0	0	10	0	0	3	1	4.87697845	10	0
chr7	83000000	chr18	44000000	1	00	1	10	0.996240854	NA	10	0	0	10	0	0	3	1	3.78211674	10	0
chr7	83000000	chr18	45000000	2	00	2	10	0.993562579	NA	10	0	0	10	0	0	3	1	4.0388527	10	0
chr7	83000000	chr18	60000000	3	00	2	10	0.906478584	NA	10	0	0	10	0	1	3	1	4.72149249	10	0
chr7	83000000	chr18	61000000	1	00	1	10	0.899081051	NA	10	0	0	10	0	0	3	1	4.24979944	10	0
chr7	84000000	chr18	49000000	2	00	2	10	0.995822072	NA	10	0	0	10	0	0	3	1	4.39951458	10	0
chr7	85000000	chr18	49000000	5	00	5	10	0.997337162	NA	10	0	0	10	0	0	3	1	4.03236946	10	0
chr7	85000000	chr18	50000000	1	00	1	10	0.870256901	NA	10	0	0	10	0	0	3	1	3.61669514	10	0
chr7	86000000	chr18	50000000	3	00	3	10	0.964773834	NA	10	0	0	10	0	0	3	1	3.55235109	10	0
chr7	95000000	chr18	61000000	1	00	1	10	0.923455834	NA	10	0	0	10	0	0	3	1	3.54878829	10	0
chr7	96000000	chr18	61000000	2	00	2	10	0.980793595	NA	10	0	0	10	0	0	3	1	4.44410262	10	0
chr7	96000000	chr18	59000000	1	00	1	10	0.998504043	NA	10	0	0	10	0	0	3	1	4.70661814	10	0
chr7	96000000	chr18	65000000	2	00	1	10	0.90449357	NA	10	0	0	10	0	0	3	1	3.46600077	10	0
chr7	96000000	chr18	50000000	2	00	2	10	0.898743033	NA	10	0	0	10	0	0	3	1	4.36052285	10	0
chr7	97000000	chr18	60000000	7	00	7	10	0.999995828	NA	10	0	0	10	0	0	3	1	4.76705413	10	0
chr7	97000000	chr18	61000000	12	00	12	10	0.999998689	NA	10	0	0	10	0	0	3	1	4.32975934	10	0
chr7	97000000	chr18	65000000	1	00	1	10	0.899694383	NA	10	0	0	10	0	0	3	1	3.3660549	10	0
chr7	97000000	chr18	54000000	4	00	4	10	0.999808013	NA	10	0	0	10	0	0	3	1	4.66630035	10	0
chr7	97000000	chr18	53000000	1	00	1	10	0.999188244	NA	10	0	0	10	0	0	3	1	4.50555986	10	0
chr7	98000000	chr18	59000000	7	00	7	10	0.999916077	NA	10	0	0	10	0	0	2	1	5.28700251	10	0
chr7	98000000	chr18	60000000	6	00	6	10	1	NA	10	0	0	10	0	0	3	1	5.51126077	10	0
chr7	98000000	chr18	57000000	3	00	3	10	0.999613225	NA	10	0	0	10	0	0	2	1	5.29445566	10	0
chr7	98000000	chr18	58000000	5	00	5	10	0.999980688	NA	10	0	0	10	0	0	3	1	5.19465988	10	0
chr7	98000000	chr18	56000000	2	00	2	10	0.999501586	NA	10	0	0	10	0	0	2	1	5.35226946	10	0
chr7	98000000	chr18	53000000	2	00	2	10	0.995945871	NA	10	0	0	10	0	0	3	1	4.93013826	10	0
chr7	98000000	chr18	61000000	2	00	2	10	0.999992251	NA	10	0	0	10	0	0	3	1	4.85748318	10	0
chr7	99000000	chr18	60000000	12	00	12	10	0.999999881	NA	10	0	0	10	0	0	2	1	5.40680635	10	0
chr7	99000000	chr18	38000000	21	00	21	10	0.999999881	NA	10	0	0	10	0	0	3	1	4.89788478	10	0
chr7	99000000	chr18	61000000	10	00	10	10	0.999999881	NA	10	0	0	10	0	0	3	1	5.10202649	10	0
chr7	99000000	chr18	78000000	5	00	5	10	0.978717804	NA	10	0	0	10	0	0	3	1	4.65926877	10	0
chr7	99000000	chr18	57000000	2	00	2	10	0.9991014	NA	10	0	0	10	0	0	2	1	5.10826075	10	0
chr7	99000000	chr18	53000000	2	00	2	10	0.999838591	NA	10	0	0	10	0	0	3	1	5.18198104	10	0
chr7	99000000	chr18	58000000	1	00	1	10	0.981150031	NA	10	0	0	10	0	0	2	1	4.8828367	10	0
chr7	99000000	chr18	54000000	3	00	3	10	0.999987245	NA	10	0	0	10	0	0	2	1	5.54937097	10	0
chr7	99000000	chr18	42000000	4	00	4	10	0.999884367	NA	10	0	0	10	0	0	3	1	4.65362068	10	0
chr7	99000000	chr18	62000000	1	00	1	10	0.944824457	NA	10	0	0	10	0	0	3	1	4.79661958	10	0
chr7	99000000	chr18	55000000	2	00	2	10	0.999927521	NA	10	0	0	10	0	0	3	1	5.44744884	10	0
chr7	99000000	chr18	41000000	5	00	5	10	0.999968171	NA	10	0	0	10	0	0	3	1	4.96261692	10	0
chr7	99000000	chr18	37000000	1	00	1	10	0.986675322	NA	10	0	0	10	0	0	3	1	4.49110394	10	0
chr7	99000000	chr18	56000000	2	00	2	10	0.999844074	NA	10	0	0	10	0	0	2	1	5.28979212	10	0
chr7	99000000	chr18	11000000	1	00	1	10	0.63008368	NA	10	0	0	10	0	0	3	1	3.49906931	10	0
chr7	99000000	chr18	18000000	3	00	3	10	0.74856931	NA	10	0	0	10	0	0	2	1	3.01235361	10	0
chr7	99000000	chr18	6000000	2	00	2	10	0.703293741	NA	10	0	0	10	0	0	3	1	4.50842063	10	0
chr7	99000000	chr18	39000000	5	00	5	10	0.999859691	NA	10	0	0	10	0	0	3	1	4.84880779	10	0
chr7	99000000	chr18	40000000	3	00	3	10	0.994304478	NA	10	0	0	10	0	0	3	1	4.45510147	10	0
chr7	100000000	chr18	39000000	6	00	6	10	0.999687076	NA	10	0	0	10	0	0	2	1	5.10961322	10	0
chr7	100000000	chr18	40000000	2	00	2	10	0.999167681	NA	10	0	0	10	0	0	2	1	4.9934884	10	0
chr7	100000000	chr18	38000000	2	00	2	10	0.999382019	NA	10	0	0	10	0	0	3	1	5.20731749	10	0
chr7	100000000	chr18	75000000	1	00	1	10	0.805932939	NA	10	0	0	10	0	0	3	1	4.04043029	10	0
chr7	100000000	chr18	3000000	5	00	5	10	0.858742774	NA	10	0	0	10	0	0	2	1	3.90733285	10	0
chr7	100000000	chr18	4000000	8	00	8	10	0.774611235	NA	10	0	0	10	0	0	3	1	4.48145575	10	0
chr7	100000000	chr18	7000000	5	00	5	10	0.662198722	NA	10	0	0	10	0	0	2	1	3.87206818	10	0
chr7	100000000	chr18	74000000	1	00	1	10	0.810764194	NA	10	0	0	10	0	0	3	1	4.60659249	10	0
chr7	101000000	chr18	7000000	2	00	2	10	0.686374247	NA	10	0	0	10	0	0	3	1	3.58545766	10	0
chr7	101000000	chr18	4000000	2	00	2	10	0.600535691	NA	10	0	0	10	0	0	3	1	3.81504853	10	0
chr7	101000000	chr18	3000000	2	00	2	10	0.572934568	NA	10	0	0	10	0	0	2	1	4.12586499	10	0
chr7	101000000	chr18	74000000	2	00	2	10	0.842336118	NA	10	0	0	10	0	0	3	1	3.97288676	10	0
chr7	101000000	chr18	39000000	2	00	1	10	0.99453944	NA	10	0	0	10	0	0	3	1	4.50712729	10	0
chr7	103000000	chr18	59000000	2	00	2	10	0.993029177	NA	10	0	0	10	0	0	2	1	4.54322034	10	0
chr7	104000000	chr18	59000000	9	00	9	10	0.999999523	NA	10	0	0	10	0	0	3	1	5.47749829	10	0
chr7	104000000	chr18	60000000	3	00	2	10	0.999257863	NA	10	0	0	10	0	1	3	1	5.35800069	10	0
chr7	104000000	chr18	64000000	3	00	3	10	0.996521831	NA	10	0	0	10	0	0	2	1	3.45557141	10	0
chr7	104000000	chr18	65000000	5	00	5	10	0.988466859	NA	10	0	0	10	0	0	3	1	4.34619642	10	0
chr7	104000000	chr18	48000000	1	00	1	10	0.927709818	NA	10	0	0	10	0	0	3	1	5.00438671	10	0
chr7	104000000	chr18	58000000	5	00	5	10	0.999961972	NA	10	0	0	10	0	0	3	1	5.3263974	10	0
chr7	104000000	chr18	50000000	1	01	1	10	0.998311162	NA	10	0	0	10	0	1	4	1	4.72878638	10	0
chr7	104000000	chr18	25000000	1	00	1	10	0.518190503	NA	10	0	0	10	0	0	2	1	4.56683448	10	0
chr7	105000000	chr18	58000000	2	00	2	10	0.999418616	NA	10	0	0	10	0	0	2	1	5.22606388	10	0
chr7	105000000	chr18	59000000	3	00	3	10	0.999996901	NA	10	0	0	10	0	0	2	1	5.29103422	10	0
chr7	105000000	chr18	60000000	5	00	5	10	0.999790967	NA	10	0	0	10	0	0	2	1	5.62133344	10	0
chr7	114000000	chr18	49000000	3	00	3	10	0.990386784	NA	10	0	0	10	0	0	3	1	4.42083825	10	0
chr7	115000000	chr18	49000000	3	00	3	10	0.999699593	NA	10	0	0	10	0	0	3	1	4.62759161	10	0
chr7	116000000	chr18	41000000	2	00	2	10	0.999630213	NA	10	0	0	10	0	0	3	1	5.64554053	10	0
chr7	116000000	chr18	40000000	7	00	7	10	0.999982476	NA	10	0	0	10	0	0	3	1	5.64956231	10	0
chr7	116000000	chr18	39000000	3	00	3	10	0.999967575	NA	10	0	0	10	0	0	2	1	6.0210399	10	0
chr7	117000000	chr18	41000000	4	00	4	10	0.996073484	NA	10	0	0	10	0	0	3	1	5.6889548	10	0
chr7	117000000	chr18	40000000	7	00	5	10	0.999933124	NA	10	0	0	10	0	2	3	1	5.72824947	10	0
chr7	117000000	chr18	38000000	5	00	5	10	0.992760658	NA	10	0	0	10	0	0	3	1	5.25442753	10	0
chr7	129000000	chr18	77000000	6	00	6	10	0.912456155	NA	10	0	0	10	0	0	3	1	3.24246266	10	0
chr7	130000000	chr18	77000000	12	00	12	10	0.997503936	NA	10	0	0	10	0	0	3	1	3.40470255	10	0
chr7	130000000	chr18	44000000	3	00	3	10	0.859015703	NA	10	0	0	10	0	0	3	1	3.48979319	10	0
chr7	130000000	chr18	53000000	1	00	1	10	0.866642833	NA	10	0	0	10	0	0	3	1	3.98969741	10	0
chr7	131000000	chr18	44000000	7	00	7	10	0.947515011	NA	10	0	0	10	0	0	3	1	3.54003076	10	0
chr7	131000000	chr18	42000000	1	00	1	10	0.615809917	NA	10	0	0	10	0	0	3	1	3.48044868	10	0
chr7	131000000	chr18	53000000	1	00	1	10	0.642434716	NA	10	0	0	10	0	0	3	1	4.10031647	10	0
chr7	131000000	chr18	45000000	1	00	1	10	0.753292382	NA	10	0	0	10	0	0	3	1	3.66316473	10	0
chr7	43000000	chr19	57000000	1	01	1	11	0.603205383	NA	11	0	0	11	0	0	3	1	1.9050962	11	0
chr7	43000000	chr19	60000000	1	01	1	11	0.461952627	NA	11	0	0	11	0	0	3	1	1.51195259	11	0
chr7	44000000	chr19	57000000	1	01	1	11	0.591858268	NA	11	0	0	11	0	0	3	1	1.98604417	11	0
chr7	133000000	chr19	60000000	3	01	3	11	0.966803491	NA	11	0	0	11	0	0	3	1	1.3481251	11	0
chr7	134000000	chr19	14000000	9	01	9	11	0.535557926	NA	11	0	0	11	0	0	3	1	0.951376287	11	0
chr7	142000000	chr19	58000000	7	01	6	11	0.997986436	NA	11	0	0	11	0	1	3	1	2.24064535	11	0
chr7	142000000	chr19	22000000	1	01	1	11	0.80164659	NA	11	0	0	11	0	0	3	1	2.82566368	11	0
chr7	143000000	chr19	58000000	2	01	2	11	0.999826133	NA	11	0	0	11	0	0	3	1	4.25406098	11	0
chr7	143000000	chr19	57000000	10	01	10	11	0.999997973	NA	11	0	0	11	0	0	3	1	4.69059286	11	0
chr7	143000000	chr19	60000000	2	01	2	11	0.999879003	NA	11	0	0	11	0	0	3	1	4.00330247	11	0
chr7	144000000	chr19	57000000	1	01	1	11	0.798843861	NA	11	0	0	11	0	0	3	1	2.81176078	11	0
chr7	144000000	chr19	60000000	7	01	7	11	0.997295558	NA	11	0	0	11	0	0	3	1	2.1673727	11	0
chr7	43000000	chr8	84000000	7	00	7	10	0.701830566	NA	10	0	0	10	0	0	3	1	3.30193326	10	0
chr8	3000000	chr11	20000000	1	01	1	11	0.613650262	NA	11	0	0	11	0	0	2	1	1.46894381	11	1
chr8	3000000	chr11	3000000	4	00	3	11	0.866209567	NA	11	0	0	11	0	3	4	1	2.38643737	11	1
chr8	4000000	chr11	22000000	2	01	2	11	0.717522621	NA	11	0	0	11	0	0	2	1	2.69578795	11	1
chr8	5000000	chr11	7000000	3	01	3	11	0.999742806	NA	11	0	0	11	0	0	2	1	4.31286531	11	1
chr8	5000000	chr11	22000000	2	01	2	11	0.743219495	NA	11	0	0	11	0	0	2	1	3.59423922	11	1
chr8	5000000	chr11	6000000	4	01	4	11	0.988176405	NA	11	0	0	11	0	0	2	1	3.01628904	11	1
chr8	6000000	chr11	14000000	1	10	1	11	0.796903431	NA	11	0	1	11	0	0	3	1	2.69990526	11	1
chr8	6000000	chr11	22000000	1	01	1	11	0.860412776	NA	11	0	0	11	0	0	2	1	3.45461642	11	1
chr8	6000000	chr11	15000000	1	01	1	11	0.942568898	NA	11	0	0	11	0	0	2	1	2.58783456	11	1
chr8	6000000	chr11	21000000	1	01	1	11	0.957831621	NA	11	0	0	11	0	0	2	1	3.22542763	11	1
chr8	7000000	chr11	21000000	6	01	6	11	0.972616255	NA	11	0	0	11	0	0	2	1	3.68980154	11	1
chr8	7000000	chr11	22000000	2	01	2	11	0.882077873	NA	11	0	0	11	0	0	2	1	3.94935974	11	1
chr8	7000000	chr11	14000000	2	01	2	11	0.993638933	NA	11	0	0	11	0	0	2	1	3.21470699	11	1
chr8	8000000	chr11	21000000	1	01	1	11	0.985544026	NA	11	0	0	11	0	0	2	1	4.40717389	11	1
chr8	9000000	chr11	3000000	3	01	3	11	0.999238491	NA	11	0	0	11	0	0	3	1	4.62978154	11	1
chr8	9000000	chr11	44000000	1	01	1	11	0.398677438	NA	11	0	0	11	0	0	2	1	1.11833714	11	1
chr8	10000000	chr11	44000000	2	01	2	11	0.51564467	NA	11	0	0	11	0	0	2	1	1.70990475	11	1
chr8	10000000	chr11	3000000	7	01	7	11	0.999990582	NA	11	0	0	11	0	0	3	1	4.55127993	11	1
chr8	11000000	chr11	3000000	4	01	4	11	0.999339044	NA	11	0	0	11	0	0	3	1	4.23472925	11	1
chr8	11000000	chr11	7000000	14	01	14	11	0.999995589	NA	11	0	0	11	0	0	3	1	4.79958984	11	1
chr8	11000000	chr11	22000000	10	01	9	11	0.999804676	NA	11	0	0	11	0	1	3	1	5.56485646	11	1
chr8	11000000	chr11	21000000	3	01	3	11	0.992352188	NA	11	0	0	11	0	0	2	1	4.84513583	11	1
chr8	11000000	chr11	23000000	1	01	1	11	0.906228244	NA	11	0	0	11	0	0	2	1	4.12193658	11	1
chr8	11000000	chr11	6000000	11	01	11	11	0.999992251	NA	11	0	0	11	0	0	3	1	4.68681993	11	1
chr8	11000000	chr11	8000000	7	01	6	11	0.989536047	NA	11	0	0	11	0	1	3	1	4.17399657	11	1
chr8	11000000	chr11	5000000	9	01	9	11	0.999733746	NA	11	0	0	11	0	0	3	1	3.9242614	11	1
chr8	11000000	chr11	4000000	4	01	4	11	0.833604336	NA	11	0	0	11	0	0	3	1	3.32893093	11	1
chr8	11000000	chr11	61000000	1	01	1	11	0.421720892	NA	11	0	0	11	0	0	3	1	2.27624837	11	1
chr8	12000000	chr11	7000000	1	01	1	11	0.987113833	NA	11	0	0	11	0	0	3	1	5.15547009	11	1
chr8	12000000	chr11	6000000	10	01	10	11	0.999709189	NA	11	0	0	11	0	0	2	1	4.76030483	11	1
chr8	12000000	chr11	5000000	2	01	2	11	0.980720222	NA	11	0	0	11	0	0	3	1	4.20897669	11	1
chr8	13000000	chr11	6000000	3	01	3	11	0.998611212	NA	11	0	0	11	0	0	2	1	3.23545817	11	1
chr8	13000000	chr11	5000000	3	01	3	11	0.99723947	NA	11	0	0	11	0	0	2	1	2.99889788	11	1
chr8	22000000	chr11	21000000	3	01	3	11	0.993076444	NA	11	0	0	11	0	0	2	1	3.6899617	11	1
chr8	23000000	chr11	21000000	13	01	13	11	0.9993698	NA	11	0	0	11	0	0	2	1	3.26859672	11	1
chr8	23000000	chr11	20000000	1	01	1	11	0.960157156	NA	11	0	0	11	0	0	2	1	2.56416101	11	1
chr8	23000000	chr11	23000000	1	01	1	11	0.872587502	NA	11	0	0	11	0	0	2	1	2.53537594	11	1
chr8	23000000	chr11	68000000	2	01	2	11	0.934307277	NA	11	0	0	11	0	0	2	1	2.04330617	11	1
chr8	24000000	chr11	65000000	5	01	5	11	0.990968883	NA	11	0	0	11	0	0	2	1	1.8450639	11	1
chr8	24000000	chr11	68000000	12	01	11	11	0.990417242	NA	11	0	1	11	0	0	2	1	1.946011	11	1
chr8	24000000	chr11	64000000	3	01	2	11	0.779735565	NA	11	0	0	11	0	1	2	1	1.60994125	11	1
chr8	24000000	chr11	67000000	2	01	2	11	0.938850939	NA	11	0	0	11	0	0	2	1	1.88043493	11	1
chr8	25000000	chr11	21000000	6	01	6	11	0.995897174	NA	11	0	0	11	0	0	2	1	2.90761405	11	1
chr8	25000000	chr11	68000000	1	01	1	11	0.957568765	NA	11	0	0	11	0	0	2	1	1.56477789	11	1
chr8	25000000	chr11	65000000	2	01	2	11	0.803146183	NA	11	0	0	11	0	0	2	1	1.49714778	11	1
chr8	25000000	chr11	20000000	1	01	1	11	0.982050776	NA	11	0	0	11	0	0	2	1	2.40623847	11	1
chr8	25000000	chr11	67000000	1	01	1	11	0.967039347	NA	11	0	0	11	0	0	2	1	1.53791259	11	1
chr8	26000000	chr11	66000000	12	01	12	11	0.995900571	NA	11	0	0	11	0	0	2	1	1.92921504	11	1
chr8	26000000	chr11	67000000	17	01	17	11	0.99953866	NA	11	0	0	11	0	0	2	1	2.18177954	11	1
chr8	26000000	chr11	65000000	1	01	1	11	0.998511136	NA	11	0	0	11	0	0	2	1	2.14553571	11	1
chr8	26000000	chr11	68000000	6	01	6	11	0.984505057	NA	11	0	0	11	0	0	2	1	2.18860079	11	1
chr8	26000000	chr11	63000000	9	01	9	11	0.978963375	NA	11	0	0	11	0	0	2	1	1.66958265	11	1
chr8	26000000	chr11	64000000	9	01	9	11	0.999269545	NA	11	0	0	11	0	0	2	1	1.84864212	11	1
chr8	26000000	chr11	53000000	7	01	6	11	0.939140201	NA	11	0	0	11	0	1	2	1	1.31244773	11	1
chr8	26000000	chr11	52000000	4	01	4	11	0.880345881	NA	11	0	0	11	0	0	2	1	1.12720442	11	1
chr8	26000000	chr11	51000000	7	01	7	01	0.779458344	NA	01	7	0	01	7	7	1	1	0.605810763	01	1
chr8	26000000	chr11	57000000	1	01	1	11	0.531886041	NA	11	0	0	11	0	0	2	1	0.276428368	11	1
chr8	27000000	chr11	58000000	1	01	1	11	0.9081406	NA	11	0	0	11	0	0	2	1	1.0412444	11	1
chr8	27000000	chr11	44000000	1	01	1	01	0.802899718	NA	01	1	0	01	1	1	1	1	0.617352672	01	1
chr8	27000000	chr11	13000000	2	01	2	11	0.956420243	NA	11	0	0	11	0	0	2	1	2.52300994	11	1
chr8	27000000	chr11	51000000	5	01	5	01	0.967655003	NA	01	5	0	01	5	5	1	1	1.87176495	01	1
chr8	27000000	chr11	35000000	1	01	1	01	0.477355003	NA	01	1	0	01	1	1	1	1	0.0560552508	01	1
chr8	27000000	chr11	36000000	1	01	1	01	0.683286905	NA	01	1	0	01	1	1	1	1	0.741837416	01	1
chr8	27000000	chr11	3000000	1	01	1	11	0.736616135	NA	11	0	0	11	0	0	2	1	2.96673467	11	1
chr8	27000000	chr11	12000000	5	01	5	11	0.997290909	NA	11	0	0	11	0	0	2	1	2.65411599	11	1
chr8	27000000	chr11	42000000	7	01	7	01	0.784264028	NA	01	7	0	01	7	7	1	1	0.76496836	01	1
chr8	27000000	chr11	40000000	1	01	1	01	0.573804319	NA	01	1	0	01	1	1	1	1	0.365102993	01	1
chr8	27000000	chr11	41000000	3	01	3	01	0.907314122	NA	01	3	0	01	3	3	1	1	1.76769836	01	1
chr8	27000000	chr11	15000000	1	01	1	11	0.951062143	NA	11	0	0	11	0	0	2	1	2.73427834	11	1
chr8	28000000	chr11	12000000	4	01	4	11	0.998538971	NA	11	0	0	11	0	0	2	1	3.71390974	11	1
chr8	28000000	chr11	15000000	2	01	2	11	0.985303521	NA	11	0	0	11	0	0	2	1	3.44573341	11	1
chr8	28000000	chr11	14000000	2	01	2	11	0.77157712	NA	11	0	0	11	0	0	2	1	3.5779676	11	1
chr8	29000000	chr11	13000000	1	01	1	11	0.77200985	NA	11	0	0	11	0	0	2	1	2.86951179	11	1
chr8	29000000	chr11	12000000	3	01	3	11	0.963106096	NA	11	0	0	11	0	0	2	1	2.8252117	11	1
chr8	29000000	chr11	41000000	13	01	13	01	0.965269268	NA	01	13	0	01	13	13	1	1	2.59479468	01	1
chr8	30000000	chr11	42000000	1	01	1	01	0.763599455	NA	01	1	0	01	1	1	1	1	0.868744986	01	1
chr8	33000000	chr11	66000000	1	01	1	11	0.649203241	NA	11	0	0	11	0	0	2	1	1.15808514	11	1
chr8	34000000	chr11	84000000	3	01	3	01	0.973002851	NA	01	3	0	01	3	3	1	1	1.93475022	01	1
chr8	34000000	chr11	85000000	1	01	1	01	0.955219746	NA	01	1	0	01	1	1	1	1	2.0001424	01	1
chr8	35000000	chr11	84000000	3	01	3	01	0.974312305	NA	01	3	0	01	3	3	1	1	1.60816795	01	1
chr8	35000000	chr11	85000000	3	01	3	01	0.959150136	NA	01	3	0	01	3	3	1	1	1.74699697	01	1
chr8	35000000	chr11	66000000	1	01	1	11	0.901271701	NA	11	0	0	11	0	0	2	1	1.27619089	11	1
chr8	35000000	chr11	67000000	1	01	1	11	0.610353351	NA	11	0	0	11	0	0	2	1	1.56416319	11	1
chr8	36000000	chr11	85000000	3	01	3	01	0.866637766	NA	01	3	0	01	3	3	1	1	1.69329679	01	1
chr8	36000000	chr11	67000000	1	01	1	11	0.925032258	NA	11	0	0	11	0	0	2	1	1.40433071	11	1
chr8	37000000	chr11	67000000	1	01	1	11	0.675181508	NA	11	0	0	11	0	0	2	1	1.44974003	11	1
chr8	39000000	chr11	81000000	11	01	11	01	0.999846697	NA	01	11	0	01	11	11	1	1	2.91789864	01	1
chr8	39000000	chr11	83000000	4	01	3	01	0.994327605	NA	01	3	1	01	3	3	1	1	2.67010056	01	1
chr8	39000000	chr11	48000000	3	01	3	01	0.986383677	NA	01	3	0	01	3	3	1	1	2.28420434	01	1
chr8	39000000	chr11	80000000	1	01	1	01	0.971818149	NA	01	1	0	01	1	1	1	1	2.35213467	01	1
chr8	40000000	chr11	81000000	2	01	2	01	0.919680774	NA	01	2	0	01	2	2	1	1	2.67345293	01	1
chr8	40000000	chr11	83000000	5	01	5	01	0.993721604	NA	01	5	0	01	5	5	1	1	2.61298247	01	1
chr8	40000000	chr11	84000000	14	01	14	01	0.999859929	NA	01	14	0	01	14	14	1	1	2.81815281	01	1
chr8	40000000	chr11	85000000	2	01	2	01	0.999836087	NA	01	2	0	01	2	2	1	1	3.01671454	01	1
chr8	40000000	chr11	66000000	2	01	2	11	0.590225756	NA	11	0	0	11	0	0	2	1	0.270832372	11	1
chr8	40000000	chr11	80000000	1	01	1	01	0.987726629	NA	01	1	0	01	1	1	1	1	2.41167664	01	1
chr8	40000000	chr11	67000000	1	01	1	11	0.567754269	NA	11	0	0	11	0	0	2	1	0.589546277	11	1
chr8	41000000	chr11	85000000	1	01	1	01	0.989585221	NA	01	1	0	01	1	1	1	1	2.84360135	01	1
chr8	41000000	chr11	51000000	4	01	4	01	0.97483319	NA	01	4	0	01	4	4	1	1	2.48383689	01	1
chr8	42000000	chr11	93000000	2	01	2	01	0.892492294	NA	01	2	0	01	2	2	1	1	1.92473524	01	1
chr8	42000000	chr11	40000000	2	01	1	01	0.674277127	NA	01	1	0	01	1	2	1	1	1.37752954	01	1
chr8	42000000	chr11	50000000	2	01	2	01	0.953280926	NA	01	2	0	01	2	2	1	1	1.67709326	01	1
chr8	42000000	chr11	47000000	1	01	1	01	0.888993144	NA	01	1	0	01	1	1	1	1	2.11269525	01	1
chr8	42000000	chr11	92000000	1	01	1	01	0.905812085	NA	01	1	0	01	1	1	1	1	2.03383	01	1
chr8	42000000	chr11	41000000	11	01	11	01	0.995835781	NA	01	11	0	01	11	11	1	1	2.69713451	01	1
chr8	43000000	chr11	51000000	1	01	1	01	0.952065825	NA	01	1	0	01	1	1	1	1	2.22499643	01	1
chr8	43000000	chr11	48000000	5	01	5	01	0.987736583	NA	01	5	0	01	5	5	1	1	2.29018755	01	1
chr8	43000000	chr11	41000000	2	01	2	01	0.967011154	NA	01	2	0	01	2	2	1	1	2.26172866	01	1
chr8	43000000	chr11	50000000	2	01	2	01	0.928394854	NA	01	2	0	01	2	2	1	1	1.57498214	01	1
chr8	43000000	chr11	80000000	1	01	1	01	0.847896576	NA	01	1	0	01	1	1	1	1	1.75421637	01	1
chr8	43000000	chr11	47000000	1	01	1	01	0.967083037	NA	01	1	0	01	1	1	1	1	2.09694001	01	1
chr8	43000000	chr11	81000000	1	01	1	01	0.927700579	NA	01	1	0	01	1	1	1	1	2.55092273	01	1
chr8	44000000	chr11	81000000	3	01	3	01	0.990267932	NA	01	3	0	01	3	3	1	1	2.56472226	01	1
chr8	44000000	chr11	47000000	7	01	7	01	0.972278833	NA	01	7	0	01	7	7	1	1	2.1322555	01	1
chr8	44000000	chr11	80000000	2	01	2	01	0.990928829	NA	01	2	0	01	2	2	1	1	1.88938889	01	1
chr8	44000000	chr11	48000000	8	01	8	01	0.996786118	NA	01	8	0	01	8	8	1	1	2.28279813	01	1
chr8	44000000	chr11	82000000	1	01	1	01	0.931736588	NA	01	1	0	01	1	1	1	1	2.13089924	01	1
chr8	44000000	chr11	83000000	1	01	1	01	0.985061824	NA	01	1	0	01	1	1	1	1	2.13536012	01	1
chr8	44000000	chr11	41000000	3	01	3	01	0.937451363	NA	01	3	0	01	3	3	1	1	2.28197677	01	1
chr8	44000000	chr11	50000000	1	01	1	01	0.962850213	NA	01	1	0	01	1	1	1	1	1.69720117	01	1
chr8	44000000	chr11	51000000	2	01	2	01	0.99431926	NA	01	2	0	01	2	2	1	1	2.35814798	01	1
chr8	45000000	chr11	50000000	4	01	4	01	0.837295949	NA	01	4	0	01	4	4	1	1	1.06942429	01	1
chr8	45000000	chr11	51000000	9	01	9	01	0.997743726	NA	01	9	0	01	9	9	1	1	1.89178222	01	1
chr8	45000000	chr11	41000000	4	01	4	01	0.940478265	NA	01	4	0	01	4	4	1	1	1.84810398	01	1
chr8	45000000	chr11	93000000	1	01	1	01	0.582857251	NA	01	1	0	01	1	1	1	1	1.17583616	01	1
chr8	46000000	chr11	20000000	2	01	2	11	0.688917756	NA	11	0	0	11	0	0	2	1	1.36876125	11	1
chr8	46000000	chr11	21000000	3	01	3	11	0.534804165	NA	11	0	0	11	0	0	2	1	2.28902128	11	1
chr8	46000000	chr11	65000000	4	01	4	11	0.72676158	NA	11	0	0	11	0	0	2	1	0.988681704	11	1
chr8	46000000	chr11	3000000	3	01	3	11	0.772315383	NA	11	0	0	11	0	0	2	1	2.03369798	11	1
chr8	46000000	chr11	67000000	1	01	1	11	0.581263423	NA	11	0	0	11	0	0	2	1	1.00518985	11	1
chr8	47000000	chr11	51000000	7	01	7	01	0.908752024	NA	01	7	0	01	7	7	1	1	0.771693224	01	1
chr8	47000000	chr11	67000000	1	01	1	11	0.596127808	NA	11	0	0	11	0	0	2	1	1.24013736	11	1
chr8	47000000	chr11	3000000	1	01	1	11	0.560991585	NA	11	0	0	11	0	0	2	1	2.45989169	11	1
chr8	47000000	chr11	20000000	1	01	1	11	0.773671269	NA	11	0	0	11	0	0	2	1	1.85842569	11	1
chr8	48000000	chr11	65000000	8	01	8	11	0.794313014	NA	11	0	0	11	0	0	2	1	1.60287015	11	1
chr8	48000000	chr11	68000000	10	01	10	11	0.975499272	NA	11	0	0	11	0	0	2	1	1.59652518	11	1
chr8	48000000	chr11	20000000	10	01	10	11	0.948155344	NA	11	0	0	11	0	0	2	1	2.04463927	11	1
chr8	48000000	chr11	21000000	5	01	5	11	0.977496624	NA	11	0	0	11	0	0	2	1	2.46010834	11	1
chr8	48000000	chr11	59000000	2	01	1	11	0.796268463	NA	11	0	1	11	0	0	2	1	1.40702101	11	1
chr8	48000000	chr11	23000000	1	01	1	11	0.621893346	NA	11	0	0	11	0	0	2	1	1.97032254	11	1
chr8	48000000	chr11	67000000	1	01	1	11	0.61487323	NA	11	0	0	11	0	0	2	1	1.59032755	11	1
chr8	48000000	chr11	58000000	1	01	1	11	0.754782259	NA	11	0	0	11	0	0	2	1	1.00893804	11	1
chr8	48000000	chr11	35000000	1	01	1	11	0.493885875	NA	11	0	0	11	0	0	2	1	0.988673304	11	1
chr8	49000000	chr11	68000000	1	01	1	11	0.7646541	NA	11	0	0	11	0	0	2	1	2.25323316	11	1
chr8	56000000	chr11	22000000	3	01	3	11	0.986963093	NA	11	0	0	11	0	0	2	1	3.75328599	11	1
chr8	56000000	chr11	7000000	10	01	10	11	0.994769514	NA	11	0	0	11	0	0	2	1	4.00737448	11	1
chr8	56000000	chr11	6000000	2	01	2	11	0.938154638	NA	11	0	0	11	0	0	2	1	3.43932153	11	1
chr8	56000000	chr11	8000000	7	01	7	11	0.941182911	NA	11	0	0	11	0	0	2	1	3.31154591	11	1
chr8	56000000	chr11	15000000	2	01	2	11	0.956284523	NA	11	0	0	11	0	0	2	1	3.1873244	11	1
chr8	57000000	chr11	21000000	1	01	1	11	0.948303759	NA	11	0	0	11	0	0	2	1	3.67501154	11	1
chr8	57000000	chr11	15000000	2	01	2	11	0.757846415	NA	11	0	0	11	0	0	2	1	2.8920998	11	1
chr8	57000000	chr11	14000000	1	01	1	11	0.876016259	NA	11	0	0	11	0	0	2	1	3.00647031	11	1
chr8	57000000	chr11	12000000	3	01	3	11	0.900374591	NA	11	0	0	11	0	0	2	1	2.76690823	11	1
chr8	61000000	chr11	80000000	6	01	5	01	0.967644393	NA	01	5	1	01	5	5	1	1	2.50999277	01	1
chr8	61000000	chr11	81000000	10	01	10	01	0.99271965	NA	01	10	0	01	10	10	1	1	2.83331184	01	1
chr8	61000000	chr11	83000000	15	01	15	01	0.993893802	NA	01	15	0	01	15	15	1	1	2.66250556	01	1
chr8	61000000	chr11	84000000	1	01	1	01	0.960841358	NA	01	1	0	01	1	1	1	1	2.90499543	01	1
chr8	61000000	chr11	48000000	2	01	2	01	0.421541095	NA	01	2	0	01	2	2	1	1	2.08152198	01	1
chr8	63000000	chr11	81000000	2	00	1	01	0.840293586	NA	01	1	1	01	1	1	4	1	2.59683249	01	1
chr8	63000000	chr11	47000000	1	01	1	01	0.426261097	NA	01	1	0	01	1	1	1	1	1.71223464	01	1
chr8	68000000	chr11	85000000	1	01	1	01	0.703504324	NA	01	1	0	01	1	1	1	1	2.24793282	01	1
chr8	70000000	chr11	91000000	4	10	4	11	0.759611547	NA	11	0	4	11	0	0	4	1	0.795328654	11	1
chr8	70000000	chr11	104000000	2	10	2	11	0.715204835	NA	11	0	2	11	0	0	4	1	0.701138637	11	1
chr8	71000000	chr11	98000000	5	10	5	11	0.92602092	NA	11	0	5	11	0	0	4	1	1.38514547	11	1
chr8	71000000	chr11	84000000	1	10	1	01	0.547380388	NA	01	0	0	01	0	1	4	1	1.2661039	01	1
chr8	71000000	chr11	99000000	6	10	6	11	0.912610471	NA	11	0	6	11	0	0	4	1	1.38448035	11	1
chr8	71000000	chr11	82000000	1	10	1	11	0.652205944	NA	11	0	1	11	0	0	4	1	0.878169201	11	1
chr8	72000000	chr11	99000000	1	10	1	11	0.57488817	NA	11	0	1	11	0	0	4	1	0.769863675	11	1
chr8	75000000	chr11	111000000	1	01	1	11	0.696921647	NA	11	0	0	11	0	0	2	1	1.89458119	11	1
chr8	76000000	chr11	111000000	9	01	9	11	0.906717241	NA	11	0	0	11	0	0	2	1	1.62919751	11	1
chr8	76000000	chr11	112000000	1	10	1	11	0.715849459	NA	11	0	1	11	0	0	4	1	1.06323955	11	1
chr8	76000000	chr11	110000000	2	01	2	11	0.870106339	NA	11	0	0	11	0	0	2	1	1.6085737	11	1
chr8	76000000	chr11	89000000	1	01	1	11	0.597088456	NA	11	0	0	11	0	0	2	1	0.401179351	11	1
chr8	76000000	chr11	90000000	1	01	1	11	0.500944972	NA	11	0	0	11	0	0	2	1	0.102181816	11	1
chr8	76000000	chr11	82000000	1	01	1	01	0.579186261	NA	01	1	0	01	1	1	1	1	0.328216767	01	1
chr8	77000000	chr11	82000000	16	01	16	01	0.533392787	NA	01	16	0	01	16	16	1	1	0.0784617525	01	1
chr8	77000000	chr11	89000000	3	01	3	11	0.582009137	NA	11	0	0	11	0	0	2	1	0.652499831	11	1
chr8	77000000	chr11	81000000	1	01	1	01	0.599711001	NA	01	1	0	01	1	1	1	1	1.30463307	01	1
chr8	78000000	chr11	113000000	2	10	2	11	0.792230725	NA	11	0	2	11	0	0	4	1	1.24255567	11	1
chr8	79000000	chr11	113000000	6	10	5	11	0.921305001	NA	11	0	5	11	0	0	4	1	1.77704849	11	1
chr8	79000000	chr11	111000000	5	10	5	11	0.954795182	NA	11	0	5	11	0	0	4	1	2.21787146	11	1
chr8	79000000	chr11	112000000	21	10	20	11	0.980669856	NA	11	0	20	11	0	1	4	1	1.88941241	11	1
chr8	84000000	chr11	98000000	1	10	1	11	0.456754565	NA	11	0	1	11	0	0	4	1	0.438307793	11	1
chr8	84000000	chr11	116000000	1	10	1	00	0.503060639	NA	00	0	0	00	0	0	4	1	0.148991514	00	1
chr8	84000000	chr11	121000000	8	01	8	00	0.662389576	NA	00	0	8	00	0	0	3	1	0.266586607	00	1
chr8	84000000	chr11	115000000	8	01	7	11	0.539446652	NA	11	0	1	11	0	0	3	1	0.03158335	11	1
chr8	84000000	chr11	97000000	3	01	2	11	0.416592568	NA	11	0	1	11	0	0	3	1	0.433614677	11	1
chr8	84000000	chr11	62000000	1	10	1	11	0.665970623	NA	11	0	1	11	0	0	4	1	0.298718118	11	1
chr8	84000000	chr11	120000000	1	01	1	00	0.621037066	NA	00	0	1	00	0	0	3	1	0.456299107	00	1
chr8	85000000	chr11	62000000	7	01	7	00	0.757266819	NA	00	0	7	00	0	0	3	1	1.01242185	00	1
chr8	85000000	chr11	121000000	4	01	4	11	0.552193642	NA	11	0	0	11	0	0	3	1	0.28710502	11	1
chr8	85000000	chr11	59000000	13	01	13	00	0.718496084	NA	00	0	13	00	0	0	3	1	0.389380028	00	1
chr8	85000000	chr11	79000000	2	01	2	11	0.628879786	NA	11	0	0	11	0	0	3	1	0.427425692	11	1
chr8	85000000	chr11	68000000	12	01	12	11	0.802258432	NA	11	0	0	11	0	0	3	1	0.563925379	11	1
chr8	85000000	chr11	63000000	3	01	3	00	0.50458163	NA	00	0	3	11	0	0	3	2	0.0314079032	11	1
chr8	85000000	chr11	70000000	2	01	2	11	0.533016562	NA	11	0	0	11	0	0	3	1	0.108631489	11	1
chr8	85000000	chr11	60000000	3	01	3	00	0.704088569	NA	00	0	3	00	0	0	3	1	0.66361	00	1
chr8	85000000	chr11	69000000	1	01	1	00	0.632706046	NA	00	0	1	00	0	0	3	1	0.443901017	00	1
chr8	85000000	chr11	67000000	1	01	1	11	0.509063244	NA	11	0	0	11	0	0	3	1	0.912179835	11	1
chr8	86000000	chr11	68000000	2	01	2	11	0.906861722	NA	11	0	0	11	0	0	3	1	2.00425286	11	1
chr8	86000000	chr11	20000000	1	10	1	11	0.308892637	NA	11	0	1	11	0	0	4	1	1.56593812	11	1
chr8	86000000	chr11	23000000	2	01	2	11	0.35836482	NA	11	0	0	11	0	0	2	1	1.53308774	11	1
chr8	86000000	chr11	60000000	3	01	3	11	0.45985356	NA	11	0	0	11	0	0	3	1	0.254414656	11	1
chr8	86000000	chr11	59000000	1	01	1	11	0.634964705	NA	11	0	0	11	0	0	3	1	0.809683183	11	1
chr8	87000000	chr11	65000000	18	01	18	11	0.995954871	NA	11	0	0	11	0	0	2	1	1.75330361	11	1
chr8	87000000	chr11	64000000	4	00	2	11	0.902047217	NA	11	0	1	11	0	2	3	1	1.43206269	11	1
chr8	87000000	chr11	68000000	2	01	2	11	0.954344511	NA	11	0	0	11	0	0	2	1	1.85117753	11	1
chr8	87000000	chr11	67000000	6	01	6	11	0.988383114	NA	11	0	0	11	0	0	2	1	1.70713076	11	1
chr8	88000000	chr11	86000000	1	11	1	11	0.519883931	NA	11	1	0	11	1	1	1	1	0.106331755	11	1
chr8	88000000	chr11	84000000	3	01	3	01	0.849375665	NA	01	3	0	01	3	3	1	1	1.8582337	01	1
chr8	88000000	chr11	67000000	1	01	1	11	0.725460529	NA	11	0	0	11	0	0	2	1	1.14933043	11	1
chr8	91000000	chr11	84000000	2	01	1	01	0.803933561	NA	01	1	0	01	1	2	1	1	2.0692167	01	1
chr8	91000000	chr11	80000000	2	01	2	01	0.599137783	NA	01	2	0	01	2	2	1	1	1.28917618	01	1
chr8	92000000	chr11	83000000	10	01	10	01	0.99618113	NA	01	10	0	01	10	10	1	1	1.95527221	01	1
chr8	92000000	chr11	80000000	6	01	6	01	0.966667593	NA	01	6	0	01	6	6	1	1	1.77102043	01	1
chr8	92000000	chr11	81000000	4	01	4	01	0.953228891	NA	01	4	0	01	4	4	1	1	1.80932508	01	1
chr8	92000000	chr11	84000000	1	01	1	01	0.860055029	NA	01	1	0	01	1	1	1	1	2.44755409	01	1
chr8	97000000	chr11	39000000	1	00	1	11	0.490171462	NA	11	0	0	11	0	1	3	1	0.703951807	11	1
chr8	97000000	chr11	55000000	2	10	2	01	0.589721501	NA	01	0	0	01	0	2	4	1	0.201213547	01	1
chr8	97000000	chr11	56000000	1	10	1	01	0.655246496	NA	01	0	0	01	0	1	4	1	0.277098874	01	1
chr8	98000000	chr11	55000000	13	10	13	11	0.699806452	NA	11	0	13	11	0	0	4	1	0.403293069	11	1
chr8	98000000	chr11	56000000	7	10	7	11	0.630231142	NA	11	0	7	11	0	0	4	1	0.358432537	11	1
chr8	98000000	chr11	31000000	5	10	5	01	0.845537841	NA	01	0	0	01	0	5	4	1	1.41885208	01	1
chr8	98000000	chr11	32000000	4	10	4	11	0.588749468	NA	11	0	4	11	0	0	4	1	0.521662756	11	1
chr8	98000000	chr11	66000000	12	10	12	11	0.925343513	NA	11	0	12	11	0	0	4	1	0.984408025	11	1
chr8	98000000	chr11	39000000	2	10	2	11	0.651497304	NA	11	0	2	11	0	0	4	1	0.975371161	11	1
chr8	98000000	chr11	40000000	3	10	3	11	0.680034995	NA	11	0	3	11	0	0	4	1	0.958155753	11	1
chr8	99000000	chr11	56000000	4	10	4	01	0.676382124	NA	01	0	0	01	0	4	4	1	0.345104475	01	1
chr8	99000000	chr11	55000000	11	10	11	01	0.683581591	NA	01	0	0	01	0	11	4	1	0.330231135	01	1
chr8	99000000	chr11	57000000	3	10	3	01	0.670912802	NA	01	0	0	01	0	3	4	1	0.484326677	01	1
chr8	100000000	chr11	57000000	1	10	1	01	0.730976045	NA	01	0	0	01	0	1	4	1	0.864841497	01	1
chr8	101000000	chr11	67000000	11	10	11	11	0.979197979	NA	11	0	11	11	0	0	4	1	1.35147451	11	1
chr8	101000000	chr11	91000000	4	10	4	11	0.835803032	NA	11	0	4	11	0	0	4	1	0.916841943	11	1
chr8	101000000	chr11	65000000	10	10	10	11	0.995152116	NA	11	0	10	11	0	0	4	1	1.3787904	11	1
chr8	101000000	chr11	104000000	3	10	3	11	0.935794175	NA	11	0	3	11	0	0	4	1	1.22734717	11	1
chr8	101000000	chr11	93000000	6	10	6	01	0.553198695	NA	01	0	0	01	0	6	4	1	0.00970849285	01	1
chr8	101000000	chr11	56000000	7	10	7	01	0.829688191	NA	01	0	0	01	0	7	4	1	0.469114639	01	1
chr8	101000000	chr11	68000000	1	10	1	11	0.893235147	NA	11	0	1	11	0	0	4	1	1.5641621	11	1
chr8	101000000	chr11	66000000	1	10	1	11	0.866591275	NA	11	0	1	11	0	0	4	1	1.18601847	11	1
chr8	101000000	chr11	57000000	5	10	5	01	0.841790736	NA	01	0	0	01	0	5	4	1	0.571982421	01	1
chr8	102000000	chr11	91000000	6	10	6	11	0.965539575	NA	11	0	6	11	0	0	4	1	1.44908281	11	1
chr8	102000000	chr11	99000000	2	10	2	11	0.954840958	NA	11	0	2	11	0	0	4	1	1.71135561	11	1
chr8	102000000	chr11	92000000	7	10	7	11	0.752082229	NA	11	0	7	11	0	0	4	1	0.694276881	11	1
chr8	102000000	chr11	104000000	1	10	1	11	0.829549909	NA	11	0	1	11	0	0	4	1	1.03103218	11	1
chr8	103000000	chr11	112000000	2	10	2	11	0.997510672	NA	11	0	2	11	0	0	4	1	2.37745194	11	1
chr8	103000000	chr11	113000000	11	10	11	11	0.995597661	NA	11	0	11	11	0	0	4	1	2.0547416	11	1
chr8	103000000	chr11	99000000	9	10	9	11	0.991012871	NA	11	0	9	11	0	0	4	1	1.89394086	11	1
chr8	104000000	chr11	113000000	3	10	3	11	0.985435009	NA	11	0	3	11	0	0	4	1	1.67511295	11	1
chr8	105000000	chr11	113000000	3	10	2	11	0.928958416	NA	11	0	2	11	0	0	4	1	1.82093886	11	1
chr8	105000000	chr11	119000000	5	10	5	01	0.524528384	NA	01	0	0	01	0	5	4	1	0.383827281	01	1
chr8	105000000	chr11	114000000	3	10	3	11	0.942651451	NA	11	0	3	11	0	0	4	1	1.59729332	11	1
chr8	105000000	chr11	102000000	5	10	5	11	0.741289139	NA	11	0	5	11	0	0	4	1	0.509123084	11	1
chr8	105000000	chr11	97000000	2	10	2	11	0.578566909	NA	11	0	2	11	0	0	4	1	0.322953796	11	1
chr8	105000000	chr11	100000000	1	10	1	11	0.798558414	NA	11	0	1	11	0	0	4	1	1.34576457	11	1
chr8	106000000	chr11	79000000	2	01	2	11	0.692454278	NA	11	0	0	11	0	0	2	1	1.50539518	11	1
chr8	106000000	chr11	98000000	1	01	1	11	0.931824982	NA	11	0	0	11	0	0	2	1	2.8272543	11	1
chr8	106000000	chr11	111000000	1	10	1	11	0.936429679	NA	11	0	1	11	0	0	4	1	3.23742561	11	1
chr8	107000000	chr11	113000000	19	10	19	11	0.998853326	NA	11	0	19	11	0	0	4	1	2.14230893	11	1
chr8	107000000	chr11	111000000	2	10	2	11	0.84849292	NA	11	0	2	11	0	0	4	1	2.33391525	11	1
chr8	107000000	chr11	112000000	1	10	1	11	0.958705068	NA	11	0	1	11	0	0	4	1	2.15520711	11	1
chr8	107000000	chr11	114000000	7	10	7	11	0.971914411	NA	11	0	7	11	0	0	4	1	1.68648865	11	1
chr8	107000000	chr11	98000000	3	10	3	11	0.822843492	NA	11	0	3	11	0	0	4	1	1.71495366	11	1
chr8	107000000	chr11	100000000	1	10	1	11	0.764889896	NA	11	0	1	11	0	0	4	1	1.61755348	11	1
chr8	107000000	chr11	119000000	1	10	1	01	0.514816403	NA	01	0	0	01	0	1	4	1	0.477141575	01	1
chr8	107000000	chr11	115000000	1	10	1	11	0.559884548	NA	11	0	1	11	0	0	4	1	0.867273547	11	1
chr8	108000000	chr11	113000000	12	10	12	11	0.996065557	NA	11	0	12	11	0	0	4	1	1.84379391	11	1
chr8	108000000	chr11	114000000	3	10	3	11	0.984874547	NA	11	0	3	11	0	0	4	1	1.39416059	11	1
chr8	108000000	chr11	98000000	9	10	9	11	0.951142073	NA	11	0	9	11	0	0	4	1	1.36985797	11	1
chr8	108000000	chr11	119000000	1	01	1	01	0.525684834	NA	01	1	0	01	1	1	1	1	0.769827815	01	1
chr8	109000000	chr11	113000000	5	10	5	11	0.9644835	NA	11	0	5	11	0	0	4	1	1.74953417	11	1
chr8	109000000	chr11	97000000	1	00	1	11	0.4923563	NA	11	0	0	11	0	1	3	1	0.0838338075	11	1
chr8	109000000	chr11	114000000	4	10	4	11	0.947690308	NA	11	0	4	11	0	0	4	1	1.41907063	11	1
chr8	109000000	chr11	98000000	6	10	5	11	0.908500373	NA	11	1	5	11	1	1	4	1	1.46677642	11	1
chr8	109000000	chr11	119000000	1	10	1	01	0.630950809	NA	01	0	0	01	0	1	4	1	0.681574782	01	1
chr8	109000000	chr11	115000000	1	01	1	11	0.752001107	NA	11	0	0	11	0	0	2	1	0.66976422	11	1
chr8	109000000	chr11	102000000	1	01	1	11	0.52066648	NA	11	0	0	11	0	0	2	1	0.255016525	11	1
chr8	111000000	chr11	102000000	1	01	1	11	0.592487931	NA	11	0	0	11	0	0	2	1	0.283573389	11	1
chr8	111000000	chr11	98000000	1	10	1	11	0.954070866	NA	11	0	1	11	0	0	4	1	1.43469814	11	1
chr8	111000000	chr11	97000000	1	10	1	11	0.52011019	NA	11	0	1	11	0	0	4	1	0.09376379	11	1
chr8	111000000	chr11	84000000	1	01	1	01	0.664017141	NA	01	1	0	01	1	1	1	1	1.03082756	01	1
chr8	111000000	chr11	80000000	2	01	2	01	0.612331688	NA	01	2	0	01	2	2	1	1	0.281097035	01	1
chr8	112000000	chr11	83000000	1	01	1	01	0.61579448	NA	01	1	0	01	1	1	1	1	1.60770793	01	1
chr8	112000000	chr11	81000000	2	01	2	01	0.802445054	NA	01	2	0	01	2	2	1	1	1.35187747	01	1
chr8	112000000	chr11	82000000	2	01	2	01	0.521918356	NA	01	2	0	11	0	2	2	2	0.00563464428	11	1
chr8	117000000	chr11	75000000	3	01	3	11	0.557973146	NA	11	0	0	11	0	0	2	1	0.679757886	11	1
chr8	117000000	chr11	109000000	5	01	5	11	0.993050218	NA	11	0	0	11	0	0	2	1	1.4705535	11	1
chr8	117000000	chr11	57000000	1	10	1	01	0.955050528	NA	01	0	0	01	0	1	4	1	1.37505648	01	1
chr8	117000000	chr11	110000000	1	01	1	11	0.761496961	NA	11	0	0	11	0	0	2	1	1.91973715	11	1
chr8	118000000	chr11	57000000	13	10	13	01	0.996869385	NA	01	0	0	01	0	13	4	1	1.43556234	01	1
chr8	118000000	chr11	56000000	1	10	1	01	0.673449099	NA	01	0	0	01	0	1	4	1	1.36274603	01	1
chr8	118000000	chr11	111000000	3	01	3	11	0.997494102	NA	11	0	0	11	0	0	2	1	2.49974044	11	1
chr8	118000000	chr11	110000000	2	01	2	11	0.983719289	NA	11	0	0	11	0	0	2	1	2.4027465	11	1
chr8	119000000	chr11	67000000	6	10	6	11	0.854123414	NA	11	0	6	11	0	0	4	1	1.44059305	11	1
chr8	119000000	chr11	76000000	2	01	1	11	0.728153944	NA	11	0	1	11	0	0	2	1	1.31343573	11	1
chr8	119000000	chr11	68000000	13	10	13	11	0.99870646	NA	11	0	13	11	0	0	4	1	1.69060923	11	1
chr8	119000000	chr11	57000000	15	10	15	01	0.985879958	NA	01	0	0	01	0	15	4	1	0.980434198	01	1
chr8	119000000	chr11	110000000	7	01	7	11	0.996436715	NA	11	0	0	11	0	0	2	1	1.62861098	11	1
chr8	119000000	chr11	56000000	2	10	2	01	0.888198256	NA	01	0	0	01	0	2	4	1	0.939657769	01	1
chr8	119000000	chr11	109000000	11	01	11	11	0.999595225	NA	11	0	0	11	0	0	2	1	1.69620345	11	1
chr8	119000000	chr11	32000000	5	10	5	01	0.595258653	NA	01	0	0	01	0	5	4	1	0.476504876	01	1
chr8	119000000	chr11	16000000	9	10	9	01	0.540301085	NA	01	0	0	01	0	9	4	1	0.144227367	01	1
chr8	119000000	chr11	64000000	16	10	16	11	0.988022685	NA	11	0	16	11	0	0	4	1	0.996960825	11	1
chr8	119000000	chr11	55000000	2	10	2	01	0.814282179	NA	01	0	0	01	0	2	4	1	0.71181293	01	1
chr8	119000000	chr11	50000000	4	10	4	01	0.548117697	NA	01	0	0	01	0	4	4	1	0.0612763969	01	1
chr8	119000000	chr11	33000000	5	10	5	01	0.710110486	NA	01	0	0	01	0	5	4	1	0.535966393	01	1
chr8	119000000	chr11	111000000	4	01	4	11	0.93655324	NA	11	0	0	11	0	0	2	1	1.56351406	11	1
chr8	119000000	chr11	17000000	1	10	1	01	0.549692512	NA	01	0	0	01	0	1	4	1	0.207683185	01	1
chr8	119000000	chr11	20000000	3	10	3	11	0.577757359	NA	11	0	3	11	0	0	4	1	0.476920593	11	1
chr8	119000000	chr11	69000000	1	10	1	11	0.603567123	NA	11	0	1	11	0	0	4	1	0.0977824392	11	1
chr8	119000000	chr11	75000000	3	01	3	11	0.807533562	NA	11	0	0	11	0	0	2	1	1.46388385	11	1
chr8	119000000	chr11	100000000	1	01	1	11	0.644139767	NA	11	0	0	11	0	0	2	1	1.32575703	11	1
chr8	119000000	chr11	58000000	1	10	1	01	0.537986279	NA	01	0	0	11	0	1	4	2	0.0302260302	11	1
chr8	119000000	chr11	63000000	1	10	1	11	0.755654395	NA	11	0	1	11	0	0	4	1	0.575892018	11	1
chr8	120000000	chr11	109000000	13	01	13	01	0.996102929	NA	01	13	0	01	13	13	1	1	1.70585792	01	1
chr8	120000000	chr11	63000000	8	10	8	01	0.940777719	NA	01	0	0	01	0	8	3	1	1.16981729	01	1
chr8	120000000	chr11	20000000	2	10	2	11	0.529842377	NA	11	0	2	11	0	0	3	1	0.394519646	11	1
chr8	120000000	chr11	69000000	1	10	1	01	0.612899005	NA	01	0	0	01	0	1	3	1	0.964662379	01	1
chr8	120000000	chr11	58000000	8	10	8	01	0.995182097	NA	01	0	0	01	0	8	3	1	1.30667243	01	1
chr8	120000000	chr11	102000000	9	01	9	01	0.990960896	NA	01	9	0	01	9	9	1	1	2.11819711	01	1
chr8	120000000	chr11	75000000	13	01	13	01	0.993978739	NA	01	13	0	01	13	13	1	1	1.92383758	01	1
chr8	120000000	chr11	59000000	1	10	1	01	0.791698694	NA	01	0	0	01	0	1	3	1	0.641139272	01	1
chr8	120000000	chr11	5000000	4	10	4	11	0.560977459	NA	11	0	4	11	0	0	3	1	1.05376711	11	1
chr8	120000000	chr11	3000000	1	10	1	11	0.47288084	NA	11	0	1	11	0	0	3	1	1.08779254	11	1
chr8	120000000	chr11	76000000	2	01	2	01	0.783129513	NA	01	2	0	01	2	2	1	1	2.02920073	01	1
chr8	120000000	chr11	118000000	8	01	7	01	0.99706167	NA	01	7	0	01	7	8	1	1	1.97438801	01	1
chr8	120000000	chr11	104000000	1	01	1	01	0.883374393	NA	01	1	0	01	1	1	1	1	1.7803542	01	1
chr8	120000000	chr11	103000000	20	01	20	01	0.99883765	NA	01	20	0	01	20	20	1	1	2.05685386	01	1
chr8	120000000	chr11	117000000	1	01	1	01	0.958046019	NA	01	1	0	01	1	1	1	1	1.97958237	01	1
chr8	120000000	chr11	107000000	6	01	5	01	0.989794314	NA	01	5	1	01	5	5	1	1	2.13406957	01	1
chr8	120000000	chr11	108000000	1	01	1	01	0.948970079	NA	01	1	0	01	1	1	1	1	2.00246962	01	1
chr8	121000000	chr11	102000000	8	01	8	01	0.997933269	NA	01	8	0	01	8	8	1	1	2.83763196	01	1
chr8	121000000	chr11	103000000	18	01	18	01	0.999957681	NA	01	18	0	01	18	18	1	1	2.81035015	01	1
chr8	121000000	chr11	104000000	4	01	4	01	0.995853662	NA	01	4	0	01	4	4	1	1	2.71597435	01	1
chr8	121000000	chr11	117000000	9	01	9	01	0.999819934	NA	01	9	0	01	9	9	1	1	2.34753754	01	1
chr8	121000000	chr11	118000000	9	01	9	01	0.994260073	NA	01	9	0	01	9	9	1	1	2.50113591	01	1
chr8	121000000	chr11	108000000	1	01	1	01	0.984332323	NA	01	1	0	01	1	1	1	1	2.81230232	01	1
chr8	121000000	chr11	107000000	1	01	1	01	0.961139143	NA	01	1	0	01	1	1	1	1	2.89169129	01	1
chr8	121000000	chr11	58000000	1	00	1	01	0.922252953	NA	01	0	1	01	0	0	4	1	1.0761643	01	1
chr8	122000000	chr11	117000000	5	01	5	01	0.969956875	NA	01	5	0	01	5	5	1	1	1.61474454	01	1
chr8	122000000	chr11	97000000	1	01	1	01	0.956127107	NA	01	1	0	01	1	1	1	1	1.93896497	01	1
chr8	122000000	chr11	58000000	4	10	4	01	0.964019775	NA	01	0	0	01	0	4	3	1	1.53332348	01	1
chr8	122000000	chr11	116000000	11	10	11	01	0.995447814	NA	01	0	0	01	0	11	3	1	1.88876013	01	1
chr8	122000000	chr11	115000000	2	10	2	01	0.86716032	NA	01	0	0	01	0	2	3	1	1.70188898	01	1
chr8	122000000	chr11	59000000	1	10	1	01	0.72519809	NA	01	0	0	01	0	1	3	1	0.969403753	01	1
chr8	122000000	chr11	95000000	4	10	3	01	0.858310699	NA	01	0	0	01	0	3	3	1	1.81353174	01	1
chr8	123000000	chr11	118000000	3	00	1	11	0.612186253	NA	11	0	1	11	0	1	3	1	0.514318087	11	1
chr8	123000000	chr11	95000000	4	10	4	01	0.59890455	NA	01	0	0	01	0	4	4	1	0.316785127	01	1
chr8	123000000	chr11	115000000	2	01	1	11	0.697189867	NA	11	0	1	11	0	0	2	1	0.558745355	11	1
chr8	123000000	chr11	121000000	1	00	1	11	0.485551387	NA	11	0	0	11	0	1	3	1	0.557070979	11	1
chr8	123000000	chr11	116000000	1	01	1	01	0.499875635	NA	01	1	0	11	0	1	2	2	0.0538370823	11	1
chr8	123000000	chr11	63000000	2	10	2	11	0.535835803	NA	11	0	2	01	0	0	4	2	0.00513751204	01	1
chr8	123000000	chr11	69000000	3	10	3	01	0.500798821	NA	01	0	0	01	0	3	4	1	0.387422977	01	1
chr8	123000000	chr11	20000000	7	10	7	01	0.499984205	NA	01	0	0	01	0	7	4	1	0.067792602	01	1
chr8	123000000	chr11	104000000	6	01	6	11	0.955058277	NA	11	0	0	11	0	0	2	1	0.759703199	11	1
chr8	123000000	chr11	97000000	4	01	4	11	0.524032891	NA	11	0	0	11	0	0	2	1	0.0253651145	11	1
chr8	123000000	chr11	68000000	3	10	3	11	0.842128277	NA	11	0	3	11	0	0	4	1	0.733221558	11	1
chr8	123000000	chr11	50000000	1	10	1	01	0.507306635	NA	01	0	0	01	0	1	4	1	0.115566933	01	1
chr8	123000000	chr11	33000000	1	10	1	01	0.533467472	NA	01	0	0	01	0	1	4	1	0.542874963	01	1
chr8	123000000	chr11	117000000	13	01	12	11	0.719746947	NA	11	0	0	11	0	1	2	1	0.407279669	11	1
chr8	123000000	chr11	103000000	4	01	4	11	0.86088568	NA	11	0	0	11	0	0	2	1	0.61120839	11	1
chr8	123000000	chr11	64000000	3	10	3	11	0.788464665	NA	11	0	3	11	0	0	4	1	0.343121765	11	1
chr8	124000000	chr11	103000000	5	01	5	11	0.961412191	NA	11	0	0	11	0	0	2	1	0.887892146	11	1
chr8	124000000	chr11	104000000	15	01	15	11	0.997893512	NA	11	0	0	11	0	0	2	1	1.6237482	11	1
chr8	124000000	chr11	102000000	1	01	1	11	0.740706801	NA	11	0	0	11	0	0	2	1	0.954366587	11	1
chr8	124000000	chr11	68000000	4	10	4	11	0.832718432	NA	11	0	4	11	0	0	4	1	0.520787393	11	1
chr8	124000000	chr11	75000000	6	01	6	11	0.905690312	NA	11	0	0	11	0	0	2	1	1.04821176	11	1
chr8	124000000	chr11	33000000	7	10	7	01	0.858668745	NA	01	0	0	01	0	7	4	1	1.44326169	01	1
chr8	124000000	chr11	118000000	1	01	1	11	0.49459219	NA	11	0	0	11	0	0	2	1	0.55395685	11	1
chr8	124000000	chr11	57000000	1	10	1	01	0.989864647	NA	01	0	0	01	0	1	4	1	1.40302874	01	1
chr8	125000000	chr11	75000000	2	01	2	11	0.910907805	NA	11	0	0	11	0	0	2	1	1.24021037	11	1
chr8	125000000	chr11	68000000	5	10	5	11	0.935441673	NA	11	0	5	11	0	0	4	1	1.08463473	11	1
chr8	125000000	chr11	109000000	3	01	3	11	0.905374408	NA	11	0	0	11	0	0	2	1	1.92177094	11	1
chr8	125000000	chr11	57000000	10	10	10	01	0.996284068	NA	01	0	0	01	0	10	4	1	1.47236631	01	1
chr8	125000000	chr11	83000000	1	10	1	01	0.536444962	NA	01	0	0	01	0	1	4	1	0.916546788	01	1
chr8	125000000	chr11	56000000	4	10	4	01	0.892284095	NA	01	0	0	01	0	4	4	1	1.42339356	01	1
chr8	125000000	chr11	65000000	2	10	2	11	0.727279484	NA	11	0	2	11	0	0	4	1	0.636638021	11	1
chr8	125000000	chr11	55000000	1	10	1	01	0.894085526	NA	01	0	0	01	0	1	4	1	1.27883914	01	1
chr8	125000000	chr11	67000000	1	10	1	11	0.853344977	NA	11	0	1	11	0	0	4	1	0.719968531	11	1
chr8	126000000	chr11	67000000	17	10	17	11	0.976755321	NA	11	0	17	11	0	0	4	1	0.726081615	11	1
chr8	126000000	chr11	57000000	15	10	15	01	0.998199046	NA	01	0	0	01	0	15	4	1	1.83420701	01	1
chr8	126000000	chr11	56000000	4	10	4	01	0.991392016	NA	01	0	0	01	0	4	4	1	1.83159083	01	1
chr8	126000000	chr11	109000000	2	01	2	11	0.923767626	NA	11	0	0	11	0	0	2	1	1.85269031	11	1
chr8	126000000	chr11	68000000	13	10	12	11	0.986112058	NA	11	0	12	11	0	0	4	1	1.11162765	11	1
chr8	126000000	chr11	65000000	8	10	8	11	0.819447339	NA	11	0	8	11	0	0	4	1	0.628267507	11	1
chr8	126000000	chr11	66000000	2	10	2	11	0.63948369	NA	11	0	2	11	0	0	4	1	0.321105024	11	1
chr8	126000000	chr11	83000000	1	10	1	01	0.717182219	NA	01	0	0	01	0	1	4	1	1.00506122	01	1
chr8	126000000	chr11	16000000	1	10	1	01	0.654745817	NA	01	0	0	01	0	1	4	1	0.915973328	01	1
chr8	126000000	chr11	55000000	2	10	2	01	0.849736333	NA	01	0	0	01	0	2	4	1	1.62394833	01	1
chr8	128000000	chr11	39000000	1	10	1	01	0.586062551	NA	01	0	0	11	0	1	3	2	0.0310504751	11	1
chr8	79000000	chr13	85000000	4	11	4	00	0.434481353	NA	00	0	0	00	0	4	4	1	1.01328616	00	0
chr8	79000000	chr13	81000000	1	11	1	00	0.335613996	NA	00	0	0	00	0	1	4	1	0.635229322	00	0
chr8	104000000	chr13	52000000	1	11	1	00	0.418939233	NA	00	0	0	00	0	1	4	1	0.719042706	00	0
chr8	104000000	chr13	55000000	1	11	1	00	0.403324634	NA	00	0	0	00	0	1	4	1	0.377151208	00	0
chr8	105000000	chr13	52000000	4	11	4	00	0.559105039	NA	00	0	0	00	0	4	4	1	1.20032186	00	0
chr8	105000000	chr13	55000000	3	11	3	00	0.702597141	NA	00	0	0	00	0	3	4	1	0.718374939	00	0
chr8	105000000	chr13	29000000	1	11	1	00	0.292854816	NA	00	0	0	00	0	1	4	1	0.284568787	00	0
chr8	106000000	chr13	86000000	3	11	3	00	0.585756719	NA	00	0	0	00	0	3	4	1	1.15039209	00	0
chr8	107000000	chr13	52000000	7	11	6	00	0.811341703	NA	00	1	1	00	1	7	4	1	1.38452229	00	0
chr8	107000000	chr13	84000000	3	11	3	00	0.545522094	NA	00	0	0	00	0	3	4	1	1.38006822	00	0
chr8	107000000	chr13	46000000	1	11	1	00	0.547344327	NA	00	0	0	00	0	1	4	1	1.45542276	00	0
chr8	109000000	chr13	54000000	1	11	1	00	0.439187884	NA	00	0	0	00	0	1	4	1	1.04254217	00	0
chr8	76000000	chr14	120000000	10	01	10	11	0.80291748	NA	11	0	0	11	0	0	2	1	2.1451788	11	0
chr8	76000000	chr14	115000000	1	01	1	11	0.673540175	NA	11	0	0	11	0	0	2	1	2.60573667	11	0
chr8	99000000	chr14	117000000	6	00	6	11	0.608405828	NA	11	0	0	11	0	6	3	1	1.1115733	11	0
chr8	100000000	chr14	120000000	7	00	7	11	0.918194056	NA	11	0	0	11	0	7	3	1	1.59333512	11	0
chr8	100000000	chr14	119000000	2	00	2	11	0.514100313	NA	11	0	0	11	0	2	2	1	1.43646506	11	0
chr8	101000000	chr14	120000000	19	00	19	11	0.954414546	NA	11	0	0	11	0	19	3	1	2.17557369	11	0
chr8	101000000	chr14	119000000	12	00	12	11	0.91685611	NA	11	0	0	11	0	12	3	1	2.06814143	11	0
chr8	104000000	chr14	120000000	8	00	8	11	0.954896927	NA	11	0	0	11	0	8	3	1	2.14163958	11	0
chr8	104000000	chr14	119000000	3	00	3	11	0.635261774	NA	11	0	0	11	0	3	2	1	1.95262359	11	0
chr8	117000000	chr14	120000000	13	01	13	11	0.997783482	NA	11	0	0	11	0	0	2	1	2.29919605	11	0
chr8	117000000	chr14	117000000	4	01	4	11	0.817653	NA	11	0	0	11	0	0	2	1	1.87569904	11	0
chr8	117000000	chr14	119000000	1	01	1	11	0.888186574	NA	11	0	0	11	0	0	2	1	2.27927391	11	0
chr8	117000000	chr14	118000000	2	01	2	11	0.797312319	NA	11	0	0	11	0	0	2	1	1.24972115	11	0
chr8	118000000	chr14	120000000	3	01	3	11	0.942684174	NA	11	0	0	11	0	0	2	1	2.48831856	11	0
chr8	119000000	chr14	120000000	2	11	2	11	0.946671247	NA	11	2	2	11	2	2	1	1	1.86638776	11	0
chr8	120000000	chr14	118000000	7	01	7	01	0.764985442	NA	01	7	7	01	7	7	1	1	1.71020219	01	0
chr8	124000000	chr14	66000000	8	00	8	11	0.810169637	NA	11	0	0	11	0	8	4	1	2.09110168	11	0
chr8	124000000	chr14	27000000	5	00	5	11	0.516857743	NA	11	0	0	11	0	5	4	1	2.08737878	11	0
chr8	124000000	chr14	67000000	6	00	6	11	0.964002192	NA	11	0	0	11	0	6	4	1	2.02615084	11	0
chr8	124000000	chr14	65000000	3	00	3	11	0.7852633	NA	11	0	0	11	0	3	4	1	1.7254239	11	0
chr8	124000000	chr14	118000000	4	01	2	11	0.773311377	NA	11	0	0	11	0	1	2	1	1.54091832	11	0
chr8	124000000	chr14	72000000	1	00	1	11	0.523292661	NA	11	0	0	11	0	1	4	1	1.94889946	11	0
chr8	124000000	chr14	68000000	4	00	4	11	0.88252902	NA	11	0	0	11	0	4	4	1	2.06564821	11	0
chr8	124000000	chr14	26000000	2	00	2	11	0.650186539	NA	11	0	0	11	0	2	4	1	1.98576085	11	0
chr8	125000000	chr14	120000000	8	01	8	11	0.995427251	NA	11	0	0	11	0	0	2	1	2.27956923	11	0
chr8	125000000	chr14	121000000	8	01	8	11	0.987356305	NA	11	0	0	11	0	0	2	1	2.2632657	11	0
chr8	125000000	chr14	118000000	2	01	2	11	0.883547068	NA	11	0	0	11	0	0	2	1	1.95658273	11	0
chr8	125000000	chr14	72000000	2	00	2	11	0.908704638	NA	11	0	0	11	0	2	3	1	2.57412401	11	0
chr8	125000000	chr14	67000000	13	00	13	11	0.941320539	NA	11	0	0	11	0	13	4	1	1.92250753	11	0
chr8	125000000	chr14	119000000	2	01	2	11	0.977129161	NA	11	0	0	11	0	0	2	1	2.46309672	11	0
chr8	125000000	chr14	63000000	3	00	3	11	0.647037208	NA	11	0	0	11	0	3	4	1	1.66352215	11	0
chr8	125000000	chr14	68000000	7	00	7	11	0.971492469	NA	11	0	0	11	0	7	4	1	2.14079553	11	0
chr8	126000000	chr14	119000000	2	01	2	11	0.951100528	NA	11	0	0	11	0	0	2	1	2.56482985	11	0
chr8	126000000	chr14	118000000	4	00	3	11	0.760521591	NA	11	0	0	11	0	3	3	1	1.83824135	11	0
chr8	126000000	chr14	120000000	3	01	3	11	0.997582436	NA	11	0	0	11	0	0	2	1	2.41892564	11	0
chr8	126000000	chr14	121000000	8	01	8	11	0.989606321	NA	11	0	0	11	0	0	2	1	2.20417451	11	0
chr8	126000000	chr14	122000000	4	01	4	11	0.997050166	NA	11	0	0	11	0	0	2	1	2.75016898	11	0
chr8	126000000	chr14	115000000	10	01	9	11	0.999775231	NA	11	0	0	11	0	1	2	1	2.75046281	11	0
chr8	126000000	chr14	70000000	3	01	3	11	0.627299428	NA	11	0	0	11	0	0	2	1	2.77319573	11	0
chr8	126000000	chr14	10000000	10	01	10	11	0.929728448	NA	11	0	0	11	0	0	2	1	2.7504719	11	0
chr8	126000000	chr14	61000000	2	00	2	11	0.812114835	NA	11	0	0	11	0	2	4	1	2.60287277	11	0
chr8	126000000	chr14	9000000	2	01	2	11	0.864153028	NA	11	0	0	11	0	0	2	1	2.74506429	11	0
chr8	126000000	chr14	62000000	1	00	1	11	0.603430629	NA	11	0	0	11	0	1	4	1	2.31719079	11	0
chr8	127000000	chr14	118000000	3	00	3	11	0.574271619	NA	11	0	0	11	0	3	3	1	0.467880796	11	0
chr8	127000000	chr14	10000000	2	01	2	11	0.510856509	NA	11	0	0	11	0	0	2	1	1.32180029	11	0
chr8	127000000	chr14	93000000	10	00	10	11	0.503508508	NA	11	0	0	11	0	10	3	1	0.700105549	11	0
chr8	127000000	chr14	119000000	36	00	36	11	0.961339712	NA	11	0	0	11	0	36	3	1	0.969951348	11	0
chr8	128000000	chr14	115000000	12	01	11	11	0.819714427	NA	11	0	0	11	0	1	2	1	0.707736909	11	0
chr8	128000000	chr14	10000000	5	01	5	11	0.686365008	NA	11	0	0	11	0	0	2	1	0.930402584	11	0
chr8	128000000	chr14	120000000	9	01	8	11	0.842071772	NA	11	1	1	11	1	1	2	1	0.640506594	11	0
chr8	3000000	chr15	31000000	1	01	1	01	0.731209099	NA	01	1	1	01	1	1	1	1	3.30837661	01	0
chr8	4000000	chr15	33000000	2	01	2	01	0.984268427	NA	01	2	2	01	2	2	1	1	3.4055443	01	0
chr8	13000000	chr15	38000000	8	01	8	01	0.999930978	NA	01	8	8	01	8	8	1	1	3.28457291	01	0
chr8	13000000	chr15	25000000	5	01	5	01	0.999056637	NA	01	5	5	01	5	5	1	1	4.30396622	01	0
chr8	13000000	chr15	39000000	2	01	2	01	0.992943466	NA	01	2	2	01	2	2	1	1	2.85329768	01	0
chr8	13000000	chr15	30000000	1	01	1	01	0.993652105	NA	01	1	1	01	1	1	1	1	3.71082362	01	0
chr8	13000000	chr15	28000000	2	01	1	01	0.975420654	NA	01	1	1	01	1	1	1	1	3.93731809	01	0
chr8	13000000	chr15	27000000	2	01	2	01	0.940032542	NA	01	2	2	01	2	2	1	1	3.56719133	01	0
chr8	14000000	chr15	39000000	1	01	1	01	0.995441437	NA	01	1	1	01	1	1	1	1	3.47974825	01	0
chr8	14000000	chr15	38000000	4	01	4	01	0.999943256	NA	01	4	4	01	4	4	1	1	3.81691396	01	0
chr8	14000000	chr15	26000000	4	01	4	01	0.966133177	NA	01	4	4	01	4	4	1	1	4.19550395	01	0
chr8	14000000	chr15	27000000	5	01	5	01	0.902443171	NA	01	5	5	01	5	5	1	1	3.70025512	01	0
chr8	14000000	chr15	28000000	6	01	6	01	0.999839664	NA	01	6	6	01	6	6	1	1	4.04858678	01	0
chr8	14000000	chr15	30000000	18	01	18	01	0.999983668	NA	01	18	18	01	18	18	1	1	4.01893473	01	0
chr8	14000000	chr15	25000000	2	01	2	01	0.999657989	NA	01	2	2	01	2	2	1	1	4.0862193	01	0
chr8	14000000	chr15	31000000	2	01	1	01	0.993573606	NA	01	1	1	01	1	1	1	1	3.53006196	01	0
chr8	15000000	chr15	21000000	1	01	1	01	0.994624436	NA	01	1	1	01	1	1	1	1	3.66004728	01	0
chr8	17000000	chr15	13000000	1	01	1	01	0.98254782	NA	01	1	1	01	1	1	1	1	4.18779627	01	0
chr8	17000000	chr15	14000000	1	01	1	01	0.976119518	NA	01	1	1	01	1	1	1	1	4.59914446	01	0
chr8	17000000	chr15	12000000	3	01	3	01	0.99971801	NA	01	3	3	01	3	3	1	1	4.56913121	01	0
chr8	17000000	chr15	44000000	2	01	2	01	0.999673128	NA	01	2	2	01	2	2	1	1	4.59954237	01	0
chr8	22000000	chr15	21000000	2	01	2	01	0.989071846	NA	01	2	2	01	2	2	1	1	3.62206117	01	0
chr8	22000000	chr15	34000000	1	01	1	01	0.999853373	NA	01	1	1	01	1	1	1	1	3.567379	01	0
chr8	22000000	chr15	35000000	1	00	1	01	0.880934894	NA	01	0	0	01	0	0	3	1	3.08193247	01	0
chr8	22000000	chr15	31000000	2	01	2	01	0.990642965	NA	01	2	2	01	2	2	1	1	3.33114402	01	0
chr8	23000000	chr15	39000000	15	01	15	01	0.99993062	NA	01	15	15	01	15	15	1	1	2.80044935	01	0
chr8	24000000	chr15	40000000	4	01	4	01	0.978423774	NA	01	4	4	01	4	4	1	1	2.89609657	01	0
chr8	24000000	chr15	39000000	5	01	5	01	0.999721706	NA	01	5	5	01	5	5	1	1	2.81460891	01	0
chr8	24000000	chr15	9000000	1	01	1	01	0.949148417	NA	01	1	1	01	1	1	1	1	2.92943223	01	0
chr8	24000000	chr15	35000000	1	01	1	01	0.808918536	NA	01	1	1	01	1	1	1	1	2.83337291	01	0
chr8	25000000	chr15	39000000	3	01	3	01	0.983547628	NA	01	3	3	01	3	3	1	1	2.88759119	01	0
chr8	25000000	chr15	10000000	8	01	8	01	0.997540832	NA	01	8	8	01	8	8	1	1	2.73598701	01	0
chr8	26000000	chr15	9000000	6	01	6	01	0.96328485	NA	01	6	6	01	6	6	1	1	1.89023024	01	0
chr8	26000000	chr15	10000000	2	01	1	01	0.897748828	NA	01	1	1	01	1	1	1	1	1.88520657	01	0
chr8	31000000	chr15	76000000	1	01	1	01	0.49100545	NA	01	1	1	01	1	1	1	1	3.19899114	01	0
chr8	31000000	chr15	13000000	5	01	5	01	0.997756302	NA	01	5	5	01	5	5	1	1	3.92194055	01	0
chr8	31000000	chr15	14000000	3	01	3	01	0.982877076	NA	01	3	3	01	3	3	1	1	3.86062222	01	0
chr8	31000000	chr15	77000000	1	01	1	01	0.559013367	NA	01	1	1	01	1	1	1	1	3.31273519	01	0
chr8	33000000	chr15	9000000	3	10	2	01	0.861880422	NA	01	1	1	01	1	3	4	1	2.25062517	01	0
chr8	33000000	chr15	78000000	2	01	2	01	0.633984923	NA	01	2	2	01	2	2	1	1	3.06218924	01	0
chr8	33000000	chr15	6000000	1	01	1	01	0.93363905	NA	01	1	1	01	1	1	1	1	3.0204826	01	0
chr8	33000000	chr15	8000000	1	01	1	01	0.751461685	NA	01	1	1	01	1	1	1	1	1.69449894	01	0
chr8	34000000	chr15	6000000	1	11	1	01	0.743970752	NA	01	0	0	01	0	0	2	1	2.45538635	01	0
chr8	47000000	chr15	10000000	3	01	3	01	0.933377087	NA	01	3	3	01	3	3	1	1	2.57521555	01	0
chr8	48000000	chr15	39000000	2	01	2	01	0.822927296	NA	01	2	2	01	2	2	1	1	2.42321387	01	0
chr8	49000000	chr15	38000000	7	01	7	01	0.999994993	NA	01	7	7	01	7	7	1	1	3.35918531	01	0
chr8	49000000	chr15	39000000	5	01	5	01	0.99969542	NA	01	5	5	01	5	5	1	1	3.07824774	01	0
chr8	49000000	chr15	26000000	5	01	5	01	0.995856225	NA	01	5	5	01	5	5	1	1	3.47579377	01	0
chr8	49000000	chr15	27000000	4	01	4	01	0.996706188	NA	01	4	4	01	4	4	1	1	3.16743913	01	0
chr8	50000000	chr15	27000000	3	01	3	01	0.901847839	NA	01	3	3	01	3	3	1	1	2.16335797	01	0
chr8	50000000	chr15	54000000	1	01	1	11	0.594117463	NA	11	0	0	11	0	0	2	1	0.925885401	11	0
chr8	50000000	chr15	55000000	1	01	1	11	0.452373594	NA	11	0	0	11	0	0	2	1	0.986034943	11	0
chr8	50000000	chr15	39000000	1	01	1	01	0.852969706	NA	01	1	1	01	1	1	1	1	2.89102783	01	0
chr8	50000000	chr15	61000000	4	01	4	01	0.706995845	NA	01	4	4	01	4	4	1	1	1.66622036	01	0
chr8	50000000	chr15	40000000	1	01	1	01	0.999265134	NA	01	1	1	01	1	1	1	1	3.28002571	01	0
chr8	50000000	chr15	60000000	3	01	3	11	0.469935656	NA	11	0	0	11	0	0	2	1	0.623472023	11	0
chr8	51000000	chr15	11000000	4	01	4	01	0.997396111	NA	01	4	4	01	4	4	1	1	3.98572054	01	0
chr8	51000000	chr15	39000000	5	01	5	01	0.999759138	NA	01	5	5	01	5	5	1	1	3.60307919	01	0
chr8	51000000	chr15	40000000	5	01	5	01	0.999887943	NA	01	5	5	01	5	5	1	1	4.00683451	01	0
chr8	51000000	chr15	35000000	2	01	2	01	0.997991681	NA	01	2	2	01	2	2	1	1	3.90138304	01	0
chr8	51000000	chr15	10000000	2	01	2	01	0.938890457	NA	01	2	2	01	2	2	1	1	3.8679057	01	0
chr8	51000000	chr15	9000000	3	01	3	01	0.998804092	NA	01	3	3	01	3	3	1	1	3.9318249	01	0
chr8	52000000	chr15	39000000	5	01	5	01	0.999965191	NA	01	5	5	01	5	5	1	1	3.54416727	01	0
chr8	52000000	chr15	37000000	1	01	1	01	0.999624252	NA	01	1	1	01	1	1	1	1	3.74885428	01	0
chr8	52000000	chr15	40000000	4	01	4	01	0.999977231	NA	01	4	4	01	4	4	1	1	3.72518932	01	0
chr8	52000000	chr15	11000000	1	01	1	01	0.95921272	NA	01	1	1	01	1	1	1	1	3.52910195	01	0
chr8	53000000	chr15	40000000	8	01	8	01	0.999999285	NA	01	8	8	01	8	8	1	1	4.18168366	01	0
chr8	53000000	chr15	37000000	2	01	2	01	0.999962807	NA	01	2	2	01	2	2	1	1	4.11507288	01	0
chr8	53000000	chr15	35000000	13	01	12	01	0.999999642	NA	01	12	12	01	12	13	1	1	4.15121587	01	0
chr8	53000000	chr15	11000000	7	01	7	01	0.999682307	NA	01	7	7	01	7	7	1	1	3.97025722	01	0
chr8	53000000	chr15	39000000	2	01	1	01	0.999986768	NA	01	1	1	01	1	2	1	1	3.81705522	01	0
chr8	53000000	chr15	10000000	1	01	1	01	0.980986893	NA	01	1	1	01	1	1	1	1	3.64517358	01	0
chr8	53000000	chr15	9000000	2	01	2	01	0.999008894	NA	01	2	2	01	2	2	1	1	3.66335313	01	0
chr8	53000000	chr15	33000000	1	01	1	01	0.977714181	NA	01	1	1	01	1	1	1	1	3.89666916	01	0
chr8	54000000	chr15	34000000	1	01	1	01	0.951162219	NA	01	1	1	01	1	1	1	1	4.40868647	01	0
chr8	54000000	chr15	39000000	2	01	2	01	0.999979496	NA	01	2	2	01	2	2	1	1	4.01268573	01	0
chr8	54000000	chr15	31000000	3	01	3	01	0.999806106	NA	01	3	3	01	3	3	1	1	4.03518788	01	0
chr8	54000000	chr15	33000000	2	01	2	01	0.999931455	NA	01	2	2	01	2	2	1	1	4.46001803	01	0
chr8	64000000	chr15	13000000	14	01	14	01	0.999998689	NA	01	14	14	01	14	14	1	1	4.66067812	01	0
chr8	64000000	chr15	99000000	4	01	4	01	0.931368709	NA	01	4	4	01	4	4	1	1	4.48450497	01	0
chr8	64000000	chr15	14000000	3	01	3	01	0.999447167	NA	01	3	3	01	3	3	1	1	4.64178432	01	0
chr8	64000000	chr15	12000000	1	01	1	01	0.999478996	NA	01	1	1	01	1	1	1	1	4.49666051	01	0
chr8	65000000	chr15	12000000	2	01	2	01	0.997438192	NA	01	2	2	01	2	2	1	1	3.84777043	01	0
chr8	66000000	chr15	44000000	1	01	1	01	0.911442697	NA	01	1	1	01	1	1	1	1	4.18967696	01	0
chr8	66000000	chr15	13000000	4	01	4	01	0.997666359	NA	01	4	4	01	4	4	1	1	4.46885997	01	0
chr8	66000000	chr15	12000000	4	01	4	01	0.999928832	NA	01	4	4	01	4	4	1	1	4.38096802	01	0
chr8	66000000	chr15	14000000	4	01	4	01	0.999822438	NA	01	4	4	01	4	4	1	1	4.50748538	01	0
chr8	66000000	chr15	45000000	1	01	1	01	0.679934919	NA	01	1	1	01	1	1	1	1	4.19465868	01	0
chr8	67000000	chr15	13000000	2	01	2	01	0.998829544	NA	01	2	2	01	2	2	1	1	4.58263278	01	0
chr8	67000000	chr15	99000000	1	01	1	01	0.75419265	NA	01	1	1	01	1	1	1	1	4.39492085	01	0
chr8	69000000	chr15	13000000	3	01	3	01	0.999889731	NA	01	3	3	01	3	3	1	1	3.94916322	01	0
chr8	69000000	chr15	78000000	2	01	2	01	0.916267455	NA	01	2	2	01	2	2	1	1	3.16790376	01	0
chr8	69000000	chr15	99000000	1	01	1	01	0.907175481	NA	01	1	1	01	1	1	1	1	3.90111202	01	0
chr8	69000000	chr15	6000000	2	01	2	01	0.998714447	NA	01	2	2	01	2	2	1	1	3.11235526	01	0
chr8	69000000	chr15	79000000	3	01	3	01	0.906633675	NA	01	3	3	01	3	3	1	1	3.05861659	01	0
chr8	69000000	chr15	12000000	2	01	2	01	0.998762965	NA	01	2	2	01	2	2	1	1	3.85611707	01	0
chr8	70000000	chr15	12000000	10	01	10	01	0.999999285	NA	01	10	10	01	10	10	1	1	3.93212089	01	0
chr8	70000000	chr15	10000000	3	01	2	01	0.990481317	NA	01	2	2	01	2	2	1	1	2.44648825	01	0
chr8	70000000	chr15	6000000	1	01	1	01	0.990584671	NA	01	1	1	01	1	1	1	1	3.26891523	01	0
chr8	70000000	chr15	99000000	13	01	13	01	0.997643292	NA	01	13	13	01	13	13	1	1	3.97024069	01	0
chr8	70000000	chr15	44000000	1	01	1	01	0.955145121	NA	01	1	1	01	1	1	1	1	3.86925721	01	0
chr8	70000000	chr15	100000000	1	01	1	01	0.795703113	NA	01	1	1	01	1	1	1	1	3.46142393	01	0
chr8	71000000	chr15	13000000	1	01	1	01	0.976722896	NA	01	1	1	01	1	1	1	1	3.04255375	01	0
chr8	71000000	chr15	78000000	2	01	2	01	0.698391557	NA	01	2	2	01	2	2	1	1	3.00052671	01	0
chr8	71000000	chr15	99000000	2	01	2	01	0.671698153	NA	01	2	2	01	2	2	1	1	2.95304132	01	0
chr8	81000000	chr15	72000000	4	01	4	01	0.999404907	NA	01	4	4	01	4	4	1	1	3.87450883	01	0
chr8	81000000	chr15	71000000	1	01	1	01	0.990980446	NA	01	1	1	01	1	1	1	1	3.75924092	01	0
chr8	82000000	chr15	71000000	2	01	2	01	0.990543306	NA	01	2	2	01	2	2	1	1	3.87351782	01	0
chr8	82000000	chr15	72000000	6	01	6	01	0.999544561	NA	01	6	6	01	6	6	1	1	4.0086496	01	0
chr8	85000000	chr15	38000000	1	01	1	11	0.468641043	NA	11	0	0	11	0	0	3	1	3.5374645	11	0
chr8	86000000	chr15	38000000	3	01	3	11	0.423423141	NA	11	0	0	11	0	0	2	1	1.54525958	11	0
chr8	86000000	chr15	39000000	2	01	2	11	0.411212772	NA	11	0	0	11	0	0	2	1	1.49033902	11	0
chr8	87000000	chr15	38000000	7	01	7	01	0.549958646	NA	01	7	7	01	7	7	1	1	1.97086869	01	0
chr8	87000000	chr15	39000000	4	01	4	01	0.643199861	NA	01	4	4	01	4	4	1	1	1.96548644	01	0
chr8	87000000	chr15	10000000	2	01	2	01	0.947103024	NA	01	2	2	01	2	2	1	1	2.559228	01	0
chr8	87000000	chr15	9000000	3	01	3	01	0.984888911	NA	01	3	3	01	3	3	1	1	2.54656941	01	0
chr8	87000000	chr15	8000000	1	01	1	01	0.971017003	NA	01	1	1	01	1	1	1	1	3.07605478	01	0
chr8	88000000	chr15	10000000	3	01	3	01	0.887709618	NA	01	3	3	01	3	3	1	1	2.644636	01	0
chr8	88000000	chr15	9000000	2	01	2	01	0.933555126	NA	01	2	2	01	2	2	1	1	2.5330531	01	0
chr8	88000000	chr15	8000000	2	01	2	01	0.688476145	NA	01	2	2	01	2	2	1	1	2.09092178	01	0
chr8	88000000	chr15	79000000	7	01	7	01	0.991511166	NA	01	7	7	01	7	7	1	1	3.18215481	01	0
chr8	88000000	chr15	78000000	5	01	5	01	0.999664783	NA	01	5	5	01	5	5	1	1	3.26118905	01	0
chr8	89000000	chr15	77000000	1	01	1	01	0.860025525	NA	01	1	1	01	1	1	1	1	4.07838193	01	0
chr8	89000000	chr15	78000000	8	01	8	01	0.99990344	NA	01	8	8	01	8	8	1	1	4.11788695	01	0
chr8	90000000	chr15	78000000	3	01	3	01	0.994086504	NA	01	3	3	01	3	3	1	1	3.50940441	01	0
chr8	90000000	chr15	14000000	2	01	2	01	0.751828432	NA	01	2	2	01	2	2	1	1	3.42659645	01	0
chr8	90000000	chr15	13000000	2	01	2	01	0.857012391	NA	01	2	2	01	2	2	1	1	3.59844839	01	0
chr8	90000000	chr15	77000000	1	01	1	01	0.974402666	NA	01	1	1	01	1	1	1	1	3.49761255	01	0
chr8	91000000	chr15	71000000	2	01	2	01	0.859774828	NA	01	2	2	01	2	2	1	1	3.36792976	01	0
chr8	96000000	chr15	72000000	3	01	3	01	0.9886204	NA	01	3	3	01	3	3	1	1	3.66091475	01	0
chr8	97000000	chr15	78000000	4	01	4	01	0.956496775	NA	01	4	4	01	4	4	1	1	3.21874069	01	0
chr8	97000000	chr15	77000000	1	01	1	01	0.907931924	NA	01	1	1	01	1	1	1	1	3.35912457	01	0
chr8	97000000	chr15	14000000	1	01	1	01	0.823681653	NA	01	1	1	01	1	1	1	1	2.67964933	01	0
chr8	97000000	chr15	13000000	2	01	2	01	0.950049043	NA	01	2	2	01	2	2	1	1	2.82796908	01	0
chr8	97000000	chr15	72000000	2	01	2	01	0.994893312	NA	01	2	2	01	2	2	1	1	3.59855093	01	0
chr8	97000000	chr15	71000000	1	01	1	01	0.951044261	NA	01	1	1	01	1	1	1	1	3.51316238	01	0
chr8	106000000	chr15	8000000	2	01	2	01	0.528438449	NA	01	2	2	01	2	2	1	1	0.780432009	01	0
chr8	109000000	chr15	8000000	1	01	1	01	0.511889875	NA	01	1	1	01	1	1	1	1	1.70502525	01	0
chr8	13000000	chr17	80000000	11	01	11	01	0.903422832	NA	01	11	11	01	11	11	1	1	3.06182415	01	0
chr8	49000000	chr17	81000000	2	01	2	00	0.25	NA	00	0	0	01	2	0	1	3	1.91247185	01	0
chr8	50000000	chr17	52000000	1	01	1	01	0.376626372	NA	01	1	1	01	1	1	1	1	2.18542417	01	0
chr8	50000000	chr17	20000000	4	01	4	01	0.411143959	NA	01	4	4	01	4	4	1	1	0.437045753	01	0
chr8	86000000	chr18	10000000	2	00	2	00	0.329126835	NA	00	2	2	00	2	2	1	1	0.933524699	00	0
chr8	122000000	chr18	4000000	6	00	6	00	0.422795951	NA	00	6	6	00	6	6	1	1	0.0710426586	00	0
chr8	122000000	chr18	74000000	5	00	5	00	0.328774661	NA	00	5	5	00	5	5	1	1	0.0829708248	00	0
chr8	122000000	chr18	8000000	1	00	1	00	0.385361046	NA	00	1	1	00	1	1	1	1	0.141900477	00	0
chr8	24000000	chr19	11000000	2	01	2	01	0.25	NA	00	0	0	00	0	0	4	4	2.48270559	00	0
chr8	24000000	chr19	47000000	1	01	1	01	0.25	NA	00	0	0	00	0	0	3	3	0.0956955454	00	0
chr8	84000000	chr19	45000000	3	01	3	01	0.99995625	NA	01	3	3	01	3	3	1	1	5.59484338	01	0
chr8	84000000	chr19	46000000	2	01	2	01	0.999848008	NA	01	2	2	01	2	2	1	1	5.52857222	01	0
chr8	84000000	chr19	44000000	8	01	8	01	0.999994278	NA	01	8	8	01	8	8	1	1	5.41416026	01	0
chr8	84000000	chr19	3000000	1	01	1	01	0.987495244	NA	01	1	1	01	1	1	1	1	4.15007125	01	0
chr8	84000000	chr19	6000000	5	01	5	01	0.999573171	NA	01	5	5	01	5	5	1	1	5.50710909	01	0
chr8	84000000	chr19	18000000	1	01	1	01	0.995444298	NA	01	1	1	01	1	1	1	1	4.75828991	01	0
chr8	84000000	chr19	5000000	2	01	2	01	0.999552071	NA	01	2	2	01	2	2	1	1	5.56982854	01	0
chr8	85000000	chr19	47000000	6	01	6	01	0.999988079	NA	01	6	6	01	6	6	1	1	4.92296481	01	0
chr8	85000000	chr19	6000000	2	01	2	01	0.93229574	NA	01	2	2	01	2	2	1	1	4.43908954	01	0
chr8	85000000	chr19	43000000	2	00	1	01	0.981069446	NA	01	1	1	01	1	1	3	1	4.3177622	01	0
chr8	85000000	chr19	41000000	6	01	6	01	0.997655869	NA	01	6	6	01	6	6	1	1	4.63201731	01	0
chr8	85000000	chr19	12000000	4	01	4	01	0.999190032	NA	01	4	4	01	4	4	1	1	2.97307439	01	0
chr8	85000000	chr19	13000000	1	01	1	01	0.891119897	NA	01	1	1	01	1	1	1	1	3.65064526	01	0
chr8	85000000	chr19	18000000	2	01	2	01	0.889748752	NA	01	2	2	01	2	2	1	1	3.93563921	01	0
chr8	85000000	chr19	11000000	2	01	2	01	0.831328213	NA	01	2	2	01	2	2	1	1	2.46161683	01	0
chr8	86000000	chr19	47000000	12	01	12	01	0.999976873	NA	01	12	12	01	12	12	1	1	3.60800659	01	0
chr8	86000000	chr19	12000000	3	01	3	01	0.924309492	NA	01	3	3	01	3	3	1	1	2.53096361	01	0
chr8	86000000	chr19	41000000	11	01	11	01	0.998625517	NA	01	11	11	01	11	11	1	1	3.52253694	01	0
chr8	86000000	chr19	43000000	1	01	1	01	0.990698397	NA	01	1	1	01	1	1	1	1	3.69217575	01	0
chr8	87000000	chr19	47000000	6	01	6	00	0.523140848	NA	00	0	0	00	0	0	2	1	0.421359603	00	0
chr8	87000000	chr19	17000000	3	01	2	00	0.639766037	NA	00	0	0	00	0	1	2	1	0.958368855	00	0
chr8	87000000	chr19	12000000	9	01	8	00	0.988348186	NA	00	1	1	00	1	1	3	1	2.87858956	00	0
chr8	87000000	chr19	11000000	10	01	10	00	0.999618053	NA	00	0	0	00	0	0	3	1	3.04160898	00	0
chr8	88000000	chr19	11000000	3	01	3	00	0.716471314	NA	00	0	0	00	0	0	3	1	2.22564831	00	0
chr8	106000000	chr19	46000000	15	01	15	01	0.971888065	NA	01	15	15	01	15	15	1	1	2.31678876	01	0
chr8	109000000	chr19	46000000	2	01	2	01	0.537691832	NA	01	2	2	01	2	2	1	1	1.46801326	01	0
chr8	121000000	chr19	5000000	4	00	4	11	0.32620427	NA	11	0	0	11	0	4	2	1	0.952093065	11	0
chr8	121000000	chr19	45000000	1	01	1	11	0.808671951	NA	11	0	0	11	0	0	2	1	1.79854496	11	0
chr8	122000000	chr19	45000000	15	01	15	11	0.909224689	NA	11	0	0	11	0	0	2	1	1.32191781	11	0
chr8	122000000	chr19	44000000	4	01	4	11	0.774872601	NA	11	0	0	11	0	0	2	1	1.25527305	11	0
chr8	122000000	chr19	23000000	1	01	1	11	0.334840238	NA	11	0	0	11	0	0	2	1	1.14449075	11	0
chr8	123000000	chr19	45000000	15	01	15	01	0.775691986	NA	01	15	15	01	15	15	1	1	0.279997669	01	0
chr8	124000000	chr19	45000000	1	01	1	01	0.490584254	NA	01	1	1	01	1	1	1	1	0.682896654	01	0
chr8	51000000	chrX	58000000	5	10	5	11	0.577321589	NA	11	0	5	11	0	0	4	1	1.60532448	11	1
chr8	51000000	chrX	59000000	6	10	6	11	0.658164799	NA	11	0	6	11	0	0	4	1	1.46457618	11	1
chr8	56000000	chrX	135000000	4	10	4	11	0.614821255	NA	11	0	4	11	0	0	4	1	2.50756377	11	1
chr8	56000000	chrX	136000000	1	10	1	11	0.401819676	NA	11	0	1	11	0	0	4	1	2.35794631	11	1
chr8	56000000	chrX	58000000	1	10	1	11	0.505810857	NA	11	0	1	11	0	0	3	1	2.63901881	11	1
chr9	5000000	chr11	27000000	2	01	2	00	0.324654728	NA	00	0	2	00	0	0	3	1	0.597857541	00	1
chr9	6000000	chr11	27000000	2	01	2	00	0.336617589	NA	00	0	2	00	0	0	3	1	0.903889022	00	1
chr9	7000000	chr11	29000000	2	01	2	00	0.327319115	NA	00	0	2	00	0	0	4	1	0.211328798	00	1
chr9	15000000	chr12	10000000	1	11	1	11	0.607556343	NA	11	1	1	11	1	1	1	1	4.27576382	11	0
chr9	21000000	chr12	12000000	3	11	3	11	0.916423678	NA	11	3	3	11	3	3	1	1	3.35768441	11	0
chr9	45000000	chr12	10000000	11	11	11	11	0.999997854	NA	11	11	11	11	11	11	1	1	6.36363934	11	0
chr9	45000000	chr12	11000000	3	11	3	11	0.999508142	NA	11	3	3	11	3	3	1	1	6.29498656	11	0
chr9	45000000	chr12	9000000	3	11	3	11	0.999833107	NA	11	3	3	11	3	3	1	1	5.24689039	11	0
chr9	45000000	chr12	12000000	1	11	1	11	0.994467974	NA	11	1	1	11	1	1	1	1	4.68033688	11	0
chr9	46000000	chr12	9000000	6	11	6	11	0.999933481	NA	11	6	6	11	6	6	1	1	5.30934602	11	0
chr9	46000000	chr12	10000000	7	11	6	11	0.999996424	NA	11	6	6	11	6	6	1	1	6.49678255	11	0
chr9	48000000	chr12	10000000	8	11	8	11	1	NA	11	8	8	11	8	8	1	1	6.35846895	11	0
chr9	48000000	chr12	9000000	2	11	2	11	0.999927759	NA	11	2	2	11	2	2	1	1	5.19838474	11	0
chr9	34000000	chr16	88000000	4	00	4	10	0.450288624	NA	10	0	0	10	0	0	4	1	0.208361335	10	0
chr9	34000000	chr16	78000000	1	00	1	10	0.360687584	NA	10	0	0	10	0	0	4	1	0.405232659	10	0
chr9	35000000	chr16	88000000	3	00	3	10	0.524551153	NA	10	0	0	10	0	0	4	1	0.287044046	10	0
chr9	35000000	chr16	78000000	1	00	1	10	0.354792148	NA	10	0	0	10	0	0	4	1	0.378910196	10	0
chr9	35000000	chr16	96000000	1	00	1	00	0.655464709	NA	00	1	1	00	1	1	1	1	1.02159042	00	0
chr9	35000000	chr16	95000000	2	00	2	00	0.622877061	NA	00	2	2	00	2	2	1	1	1.33209896	00	0
chr9	36000000	chr16	96000000	4	00	4	00	0.666364491	NA	00	4	4	00	4	4	1	1	0.969971267	00	0
chr9	36000000	chr16	78000000	3	00	3	10	0.410601169	NA	10	0	0	10	0	0	4	1	0.394586902	10	0
chr9	36000000	chr16	88000000	2	00	2	10	0.544836164	NA	10	0	0	10	0	0	4	1	0.335395308	10	0
chr9	36000000	chr16	89000000	3	00	3	10	0.533866882	NA	10	0	0	10	0	0	4	1	0.188572137	10	0
chr9	36000000	chr16	95000000	1	00	1	00	0.661361635	NA	00	1	1	00	1	1	1	1	1.27730847	00	0
chr9	41000000	chr16	18000000	6	00	6	10	0.631928086	NA	10	0	0	10	0	0	4	1	1.04049024	10	0
chr9	42000000	chr16	18000000	3	00	3	10	0.69662869	NA	10	0	0	10	0	0	4	1	1.64571949	10	0
chr9	43000000	chr16	15000000	3	00	3	10	0.5322631	NA	10	0	0	10	0	0	4	1	1.29481332	10	0
chr9	43000000	chr16	90000000	2	00	2	10	0.790229023	NA	10	0	0	10	0	0	4	1	1.50718865	10	0
chr9	50000000	chr16	96000000	1	00	1	11	0.359016299	NA	11	0	0	11	0	1	2	1	0.00826186143	11	0
chr9	62000000	chr16	20000000	1	00	1	10	0.610714018	NA	10	0	0	10	0	0	4	1	1.68177058	10	0
chr9	64000000	chr16	30000000	1	00	1	10	0.515162766	NA	10	0	0	10	0	0	4	1	1.64259135	10	0
chr9	74000000	chr16	96000000	1	00	1	11	0.368314117	NA	11	0	0	11	0	1	2	1	0.0430979453	11	0
chr9	75000000	chr16	96000000	1	00	1	11	0.340763211	NA	11	0	0	11	0	1	2	1	0.039389914	11	0
chr9	93000000	chr16	96000000	1	00	1	11	0.662667274	NA	11	0	0	11	0	1	2	1	0.503200293	11	0
chr9	94000000	chr16	96000000	1	00	1	11	0.554533839	NA	11	0	0	11	0	1	2	1	0.191977126	11	0
chr9	96000000	chr16	30000000	4	00	4	10	0.794844031	NA	10	0	0	10	0	0	4	1	1.14669808	10	0
chr9	96000000	chr16	31000000	4	00	4	10	0.630072117	NA	10	0	0	10	0	0	4	1	0.302627174	10	0
chr9	96000000	chr16	35000000	1	00	1	10	0.723393738	NA	10	0	0	10	0	0	4	1	0.955980264	10	0
chr9	99000000	chr16	90000000	1	00	1	10	0.606959283	NA	10	0	0	10	0	0	4	1	0.617051039	10	0
chr9	100000000	chr16	26000000	1	00	1	10	0.90608269	NA	10	0	0	10	0	0	4	1	2.51817368	10	0
chr9	101000000	chr16	18000000	3	00	3	10	0.965687752	NA	10	0	0	10	0	0	4	1	2.87818134	10	0
chr9	102000000	chr16	21000000	2	00	2	10	0.993441939	NA	10	0	0	10	0	0	4	1	3.32089835	10	0
chr9	102000000	chr16	20000000	1	00	1	10	0.758148134	NA	10	0	0	10	0	0	4	1	2.72717328	10	0
chr9	103000000	chr16	21000000	14	00	14	10	0.999134004	NA	10	0	0	10	0	0	4	1	3.61388396	10	0
chr9	104000000	chr16	16000000	3	00	3	10	0.982855618	NA	10	0	0	10	0	0	4	1	2.08374844	10	0
chr9	104000000	chr16	17000000	1	00	1	10	0.938209713	NA	10	0	0	10	0	0	4	1	2.38826834	10	0
chr9	104000000	chr16	26000000	1	00	1	10	0.983918786	NA	10	0	0	10	0	0	4	1	2.56321444	10	0
chr9	104000000	chr16	14000000	2	00	2	10	0.801764309	NA	10	0	0	10	0	0	4	1	2.05062971	10	0
chr9	105000000	chr16	16000000	1	00	1	10	0.862450004	NA	10	0	0	10	0	0	4	1	1.96272026	10	0
chr9	105000000	chr16	15000000	2	00	2	10	0.748045504	NA	10	0	0	10	0	0	4	1	1.49137289	10	0
chr9	105000000	chr16	14000000	1	00	1	10	0.691672325	NA	10	0	0	10	0	0	4	1	1.90352623	10	0
chr9	105000000	chr16	90000000	1	00	1	10	0.771216989	NA	10	0	0	10	0	0	4	1	1.27306349	10	0
chr9	106000000	chr16	96000000	2	00	2	11	0.603518724	NA	11	0	0	11	0	2	2	1	0.675637514	11	0
chr9	107000000	chr16	16000000	1	00	1	10	0.897342324	NA	10	0	0	10	0	0	4	1	2.03610438	10	0
chr9	107000000	chr16	15000000	2	00	2	10	0.743208826	NA	10	0	0	10	0	0	4	1	1.47783735	10	0
chr9	107000000	chr16	26000000	1	00	1	10	0.987081349	NA	10	0	0	10	0	0	4	1	2.40555031	10	0
chr9	107000000	chr16	35000000	3	00	3	10	0.890619218	NA	10	0	0	10	0	0	4	1	1.45461383	10	0
chr9	107000000	chr16	17000000	4	00	4	10	0.98763448	NA	10	0	0	10	0	0	4	1	2.36932494	10	0
chr9	107000000	chr16	31000000	1	00	1	10	0.61910218	NA	10	0	0	10	0	0	4	1	0.566313953	10	0
chr9	107000000	chr16	36000000	1	00	1	10	0.818743289	NA	10	0	0	10	0	0	4	1	1.71195767	10	0
chr9	107000000	chr16	13000000	1	00	1	10	0.900928736	NA	10	0	0	10	0	0	4	1	2.44239666	10	0
chr9	107000000	chr16	18000000	1	00	1	10	0.948661983	NA	10	0	0	10	0	0	4	1	2.46654574	10	0
chr9	108000000	chr16	18000000	4	00	4	10	0.9682284	NA	10	0	0	10	0	0	4	1	2.16412195	10	0
chr9	108000000	chr16	17000000	3	00	3	10	0.964613259	NA	10	0	0	10	0	0	4	1	2.05908951	10	0
chr9	108000000	chr16	26000000	1	00	1	10	0.783173978	NA	10	0	0	10	0	0	4	1	2.09878664	10	0
chr9	108000000	chr16	90000000	4	00	4	10	0.600383341	NA	10	0	0	10	0	0	4	1	0.451694265	10	0
chr9	110000000	chr16	92000000	1	00	1	00	0.32417807	NA	00	1	1	00	1	1	1	1	0.45960273	00	0
chr9	110000000	chr16	20000000	4	00	4	10	0.991250277	NA	10	0	0	10	0	0	4	1	2.07796575	10	0
chr9	111000000	chr16	96000000	5	00	5	11	0.491728336	NA	11	0	0	00	5	5	1	2	0.336038177	00	0
chr9	113000000	chr16	95000000	1	00	1	11	0.445361108	NA	11	0	0	11	0	1	2	1	0.324162299	11	0
chr9	113000000	chr16	96000000	2	00	2	11	0.573347211	NA	11	0	0	11	0	2	2	1	0.481027219	11	0
chr9	113000000	chr16	89000000	2	00	2	11	0.525871873	NA	11	0	0	11	0	2	4	1	0.253223878	11	0
chr9	114000000	chr16	94000000	2	00	2	00	0.503863752	NA	00	2	2	00	2	2	1	1	0.121730386	00	0
chr9	114000000	chr16	96000000	9	00	8	11	0.678401411	NA	11	0	0	11	0	8	2	1	0.340407883	11	0
chr9	114000000	chr16	95000000	3	00	3	11	0.573295355	NA	11	0	0	11	0	3	2	1	0.247270002	11	0
chr9	118000000	chr16	97000000	1	00	1	00	0.394004762	NA	00	1	1	00	1	1	1	1	0.377942557	00	0
chr9	121000000	chr16	18000000	1	00	1	10	0.556628704	NA	10	0	0	10	0	0	4	1	2.19895225	10	0
chr9	122000000	chr16	16000000	1	00	1	10	0.489207715	NA	10	0	0	10	0	0	4	1	1.81206625	10	0
chr9	122000000	chr16	90000000	1	00	1	10	0.591810703	NA	10	0	0	10	0	0	4	1	0.644332204	10	0
chr9	123000000	chr16	89000000	3	00	2	11	0.535577297	NA	11	0	0	11	0	2	3	1	0.121909534	11	0
chr9	123000000	chr16	78000000	1	00	1	10	0.564651728	NA	10	0	0	10	0	0	4	1	0.569010258	10	0
chr9	123000000	chr16	88000000	6	00	6	11	0.51335901	NA	11	0	0	10	0	6	4	2	0.0662141116	10	0
chr9	3000000	chr17	43000000	10	11	10	11	0.999996066	NA	11	10	10	11	10	10	1	1	7.52958766	11	0
chr9	3000000	chr17	66000000	1	11	1	11	0.814453721	NA	11	1	1	11	1	1	1	1	6.20214229	11	0
chr9	3000000	chr17	46000000	1	11	1	11	0.998535752	NA	11	1	1	11	1	1	1	1	6.37667698	11	0
chr9	3000000	chr17	57000000	1	11	1	11	0.635051906	NA	11	1	1	11	1	1	1	1	5.78696573	11	0
chr9	3000000	chr17	58000000	1	11	1	11	0.940288067	NA	11	1	1	11	1	1	1	1	6.89760763	11	0
chr9	4000000	chr17	43000000	2	11	2	11	0.997809112	NA	11	2	2	11	2	2	1	1	6.99326302	11	0
chr9	5000000	chr17	43000000	15	11	15	11	0.99999845	NA	11	15	15	11	15	15	1	1	7.18708004	11	0
chr9	5000000	chr17	46000000	2	11	2	11	0.910277247	NA	11	2	2	11	2	2	1	1	6.17037557	11	0
chr9	6000000	chr17	43000000	11	11	11	11	0.999982357	NA	11	11	11	11	11	11	1	1	7.12296881	11	0
chr9	6000000	chr17	79000000	8	11	8	11	0.999054253	NA	11	8	8	11	8	8	1	1	6.37305198	11	0
chr9	6000000	chr17	46000000	1	11	1	11	0.991097808	NA	11	1	1	11	1	1	1	1	6.25320336	11	0
chr9	7000000	chr17	79000000	6	11	6	11	0.956110418	NA	11	6	6	11	6	6	1	1	6.16250922	11	0
chr9	7000000	chr17	45000000	1	11	1	11	0.922064364	NA	11	1	1	11	1	1	1	1	5.9930245	11	0
chr9	7000000	chr17	46000000	3	11	2	11	0.99922502	NA	11	2	2	11	2	2	1	1	5.72275312	11	0
chr9	15000000	chr17	60000000	3	11	3	11	0.999373734	NA	11	3	3	11	3	3	1	1	5.55594624	11	0
chr9	15000000	chr17	61000000	2	11	2	11	0.999872446	NA	11	2	2	11	2	2	1	1	5.18126122	11	0
chr9	16000000	chr17	61000000	2	11	2	11	0.974317193	NA	11	2	2	11	2	2	1	1	4.31806315	11	0
chr9	21000000	chr17	87000000	4	11	4	11	0.998662114	NA	11	4	4	11	4	4	1	1	5.25141483	11	0
chr9	21000000	chr17	5000000	5	11	5	11	0.971397519	NA	11	5	5	11	5	5	1	1	5.11975792	11	0
chr9	21000000	chr17	86000000	3	11	3	11	0.996272564	NA	11	3	3	11	3	3	1	1	5.13160034	11	0
chr9	21000000	chr17	28000000	2	11	2	11	0.892494857	NA	11	2	2	11	2	2	1	1	3.21472988	11	0
chr9	22000000	chr17	67000000	1	11	1	11	0.99100399	NA	11	1	1	11	1	1	1	1	5.72236935	11	0
chr9	23000000	chr17	60000000	2	11	2	11	0.999289989	NA	11	2	2	11	2	2	1	1	5.59315214	11	0
chr9	24000000	chr17	60000000	2	01	1	11	0.995323002	NA	11	1	1	11	1	1	2	1	5.47066449	11	0
chr9	25000000	chr17	59000000	3	11	2	11	0.999978781	NA	11	2	2	11	2	3	1	1	5.91328507	11	0
chr9	25000000	chr17	66000000	3	11	3	11	0.999911904	NA	11	3	3	11	3	3	1	1	6.07385912	11	0
chr9	25000000	chr17	58000000	8	11	8	11	0.999999881	NA	11	8	8	11	8	8	1	1	6.29106463	11	0
chr9	25000000	chr17	47000000	6	11	6	11	0.997490764	NA	11	6	6	11	6	6	1	1	4.33649229	11	0
chr9	25000000	chr17	43000000	7	11	7	11	0.999995947	NA	11	7	7	11	7	7	1	1	5.86144902	11	0
chr9	25000000	chr17	79000000	4	11	4	11	0.997311115	NA	11	4	4	11	4	4	1	1	6.53767911	11	0
chr9	25000000	chr17	57000000	7	11	7	11	0.999999881	NA	11	7	7	11	7	7	1	1	5.6932401	11	0
chr9	25000000	chr17	44000000	3	11	3	11	0.984638155	NA	11	3	3	11	3	3	1	1	5.81438526	11	0
chr9	25000000	chr17	75000000	1	11	1	11	0.974198699	NA	11	1	1	11	1	1	1	1	5.25815744	11	0
chr9	25000000	chr17	42000000	1	11	1	11	0.99487406	NA	11	1	1	11	1	1	1	1	5.03254333	11	0
chr9	26000000	chr17	77000000	2	11	2	11	0.993449032	NA	11	2	2	11	2	2	1	1	5.94770624	11	0
chr9	26000000	chr17	75000000	2	11	2	11	0.967523098	NA	11	2	2	11	2	2	1	1	5.06968856	11	0
chr9	26000000	chr17	58000000	9	11	9	11	0.999999881	NA	11	9	9	11	9	9	1	1	6.15899256	11	0
chr9	26000000	chr17	43000000	3	11	3	11	0.999997735	NA	11	3	3	11	3	3	1	1	6.19785567	11	0
chr9	26000000	chr17	57000000	2	11	2	11	0.999737203	NA	11	2	2	11	2	2	1	1	5.46322864	11	0
chr9	26000000	chr17	46000000	1	11	1	11	0.987623215	NA	11	1	1	11	1	1	1	1	4.77768458	11	0
chr9	31000000	chr17	46000000	1	11	1	11	0.977791846	NA	11	1	1	11	1	1	1	1	3.68074497	11	0
chr9	39000000	chr17	60000000	1	11	1	11	0.999956369	NA	11	1	1	11	1	1	1	1	5.15039937	11	0
chr9	40000000	chr17	66000000	1	11	1	11	0.999999762	NA	11	1	1	11	1	1	1	1	5.61167591	11	0
chr9	40000000	chr17	27000000	4	11	4	11	0.806006074	NA	11	4	4	11	4	4	1	1	5.02979282	11	0
chr9	40000000	chr17	67000000	15	11	15	11	1	NA	11	15	15	11	15	15	1	1	5.88119082	11	0
chr9	40000000	chr17	87000000	4	11	4	11	0.938252509	NA	11	4	4	11	4	4	1	1	4.94056501	11	0
chr9	40000000	chr17	84000000	2	11	2	11	0.999110043	NA	11	2	2	11	2	2	1	1	5.83086553	11	0
chr9	41000000	chr17	67000000	14	11	14	11	1	NA	11	14	14	11	14	14	1	1	5.69675922	11	0
chr9	41000000	chr17	78000000	5	11	5	11	0.999999762	NA	11	5	5	11	5	5	1	1	6.2588616	11	0
chr9	41000000	chr17	66000000	1	11	1	11	0.999395132	NA	11	1	1	11	1	1	1	1	5.30165905	11	0
chr9	41000000	chr17	27000000	3	11	3	11	0.743315458	NA	11	3	3	11	3	3	1	1	5.18249507	11	0
chr9	41000000	chr17	85000000	7	11	7	11	0.999998689	NA	11	7	7	11	7	7	1	1	5.63695909	11	0
chr9	41000000	chr17	87000000	7	11	7	11	0.999993801	NA	11	7	7	11	7	7	1	1	5.43923633	11	0
chr9	41000000	chr17	88000000	4	11	4	11	0.998853683	NA	11	4	4	11	4	4	1	1	5.91740027	11	0
chr9	41000000	chr17	84000000	4	11	4	11	0.999999523	NA	11	4	4	11	4	4	1	1	6.08946617	11	0
chr9	41000000	chr17	69000000	3	11	3	11	1	NA	11	3	3	11	3	3	1	1	6.20559879	11	0
chr9	41000000	chr17	58000000	1	11	1	11	0.986988902	NA	11	1	1	11	1	1	1	1	5.27963077	11	0
chr9	41000000	chr17	86000000	1	11	1	11	0.999986291	NA	11	1	1	11	1	1	1	1	5.95516602	11	0
chr9	41000000	chr17	68000000	2	11	2	11	0.999808252	NA	11	2	2	11	2	2	1	1	5.46474983	11	0
chr9	42000000	chr17	69000000	21	11	21	11	1	NA	11	21	21	11	21	21	1	1	5.91100851	11	0
chr9	42000000	chr17	85000000	3	11	2	11	0.998149633	NA	11	2	2	11	2	2	1	1	5.19680657	11	0
chr9	42000000	chr17	86000000	3	11	3	11	0.999979854	NA	11	3	3	11	3	3	1	1	5.73958171	11	0
chr9	42000000	chr17	60000000	7	11	7	11	1	NA	11	7	7	11	7	7	1	1	5.75149235	11	0
chr9	42000000	chr17	61000000	5	11	5	11	1	NA	11	5	5	11	5	5	1	1	5.85527148	11	0
chr9	42000000	chr17	59000000	7	11	6	11	1	NA	11	6	6	11	6	6	1	1	5.7153925	11	0
chr9	42000000	chr17	68000000	14	11	14	11	1	NA	11	14	14	11	14	14	1	1	5.26559618	11	0
chr9	42000000	chr17	67000000	5	11	5	11	1	NA	11	5	5	11	5	5	1	1	5.20018733	11	0
chr9	43000000	chr17	69000000	1	11	1	11	0.995268285	NA	11	1	1	11	1	1	1	1	5.98665901	11	0
chr9	43000000	chr17	67000000	4	11	4	11	0.999956608	NA	11	4	4	11	4	4	1	1	5.53457718	11	0
chr9	43000000	chr17	87000000	5	11	5	11	0.999998689	NA	11	5	5	11	5	5	1	1	5.23613033	11	0
chr9	44000000	chr17	87000000	9	11	9	11	0.999996543	NA	11	9	9	11	9	9	1	1	5.22882258	11	0
chr9	44000000	chr17	60000000	1	11	1	11	0.999389052	NA	11	1	1	11	1	1	1	1	6.27775814	11	0
chr9	44000000	chr17	61000000	1	11	1	11	0.999430358	NA	11	1	1	11	1	1	1	1	6.40700949	11	0
chr9	45000000	chr17	61000000	14	11	14	11	1	NA	11	14	14	11	14	14	1	1	6.50795548	11	0
chr9	45000000	chr17	68000000	7	11	7	11	1	NA	11	7	7	11	7	7	1	1	5.93365859	11	0
chr9	45000000	chr17	85000000	9	11	8	11	0.999977112	NA	11	8	8	11	8	8	1	1	5.37769179	11	0
chr9	45000000	chr17	69000000	3	11	3	11	1	NA	11	3	3	11	3	3	1	1	6.31964807	11	0
chr9	45000000	chr17	86000000	15	11	15	11	0.999999404	NA	11	15	15	11	15	15	1	1	6.23438894	11	0
chr9	46000000	chr17	86000000	10	11	10	11	0.999999523	NA	11	10	10	11	10	10	1	1	5.76455483	11	0
chr9	46000000	chr17	69000000	8	11	8	11	0.999995828	NA	11	8	8	11	8	8	1	1	5.82754618	11	0
chr9	46000000	chr17	61000000	8	11	8	11	1	NA	11	8	8	11	8	8	1	1	6.14543946	11	0
chr9	46000000	chr17	60000000	6	11	6	11	1	NA	11	6	6	11	6	6	1	1	5.84337798	11	0
chr9	46000000	chr17	59000000	2	11	2	11	0.999988675	NA	11	2	2	11	2	2	1	1	5.56440864	11	0
chr9	47000000	chr17	59000000	1	11	1	11	0.999143243	NA	11	1	1	11	1	1	1	1	5.12520555	11	0
chr9	47000000	chr17	68000000	1	11	1	11	0.980200887	NA	11	1	1	11	1	1	1	1	4.89306328	11	0
chr9	47000000	chr17	60000000	3	11	3	11	1	NA	11	3	3	11	3	3	1	1	5.53781742	11	0
chr9	47000000	chr17	61000000	4	11	4	11	1	NA	11	4	4	11	4	4	1	1	5.73835084	11	0
chr9	48000000	chr17	61000000	17	11	17	11	1	NA	11	17	17	11	17	17	1	1	6.00409693	11	0
chr9	48000000	chr17	60000000	9	11	9	11	1	NA	11	9	9	11	9	9	1	1	5.76859633	11	0
chr9	49000000	chr17	61000000	2	11	2	11	0.992277741	NA	11	2	2	11	2	2	1	1	5.53182266	11	0
chr9	50000000	chr17	87000000	1	11	1	11	0.977467775	NA	11	1	1	11	1	1	1	1	4.19575447	11	0
chr9	50000000	chr17	86000000	1	10	1	11	0.948198438	NA	11	0	0	11	0	0	4	1	4.85723695	11	0
chr9	66000000	chr17	67000000	1	11	1	11	0.967397809	NA	11	1	1	11	1	1	1	1	5.27885027	11	0
chr9	67000000	chr17	46000000	2	11	2	11	0.699812949	NA	11	2	2	11	2	2	1	1	4.05967746	11	0
chr9	68000000	chr17	58000000	1	11	1	11	0.976651609	NA	11	1	1	11	1	1	1	1	4.58303973	11	0
chr9	68000000	chr17	67000000	2	11	2	11	0.96552223	NA	11	2	2	11	2	2	1	1	4.5462591	11	0
chr9	69000000	chr17	59000000	1	11	1	11	0.850092828	NA	11	1	1	11	1	1	1	1	4.22636062	11	0
chr9	69000000	chr17	67000000	10	11	10	11	0.99953723	NA	11	10	10	11	10	10	1	1	4.00897234	11	0
chr9	69000000	chr17	27000000	1	11	1	11	0.89692992	NA	11	1	1	11	1	1	1	1	3.43447716	11	0
chr9	70000000	chr17	87000000	6	11	6	11	0.810997963	NA	11	6	6	11	6	6	1	1	4.85965187	11	0
chr9	70000000	chr17	28000000	10	11	10	11	0.996944368	NA	11	10	10	11	10	10	1	1	3.04833344	11	0
chr9	70000000	chr17	27000000	7	11	7	11	0.99901557	NA	11	7	7	11	7	7	1	1	5.04903955	11	0
chr9	70000000	chr17	67000000	2	00	1	11	0.87471509	NA	11	1	1	11	1	2	2	1	5.41026519	11	0
chr9	109000000	chr17	28000000	2	11	2	10	0.25	NA	00	0	0	11	2	2	1	4	1.11866873	11	0
chr9	15000000	chrX	19000000	6	11	4	00	0.838225067	NA	00	1	1	00	1	5	4	1	1.04333023	00	0
chr9	15000000	chrX	20000000	9	11	9	00	0.866471171	NA	00	0	0	00	0	9	4	1	1.29858103	00	0
chr9	15000000	chrX	13000000	1	11	1	00	0.640789807	NA	00	0	0	00	0	1	4	1	1.94806683	00	0
chr9	48000000	chrX	13000000	2	11	2	11	0.25	NA	00	0	0	00	0	2	4	4	0.0296597586	00	0
chr9	63000000	chrX	15000000	1	11	1	01	0.41554451	NA	01	0	0	01	0	0	4	1	2.60575805	01	0
chr9	63000000	chrX	13000000	3	11	3	01	0.394144088	NA	01	0	0	01	0	0	4	1	0.489119882	01	0
chr9	84000000	chrX	18000000	1	11	1	00	0.479960084	NA	00	0	0	01	0	1	4	2	0.0881973719	01	0
chr9	85000000	chrX	19000000	2	11	2	00	0.573801458	NA	00	0	0	00	0	2	4	1	0.263605682	00	0
chr9	86000000	chrX	19000000	3	11	3	01	0.83334142	NA	01	0	0	01	0	0	4	1	1.01940123	01	0
chr9	86000000	chrX	17000000	2	11	2	01	0.965241849	NA	01	0	0	01	0	0	4	1	1.81585692	01	0
chr9	86000000	chrX	18000000	1	11	1	01	0.932057619	NA	01	0	0	01	0	0	4	1	1.43645893	01	0
chr9	87000000	chrX	17000000	9	11	9	01	0.937733352	NA	01	0	0	01	0	0	4	1	1.49895399	01	0
chr9	87000000	chrX	18000000	4	11	4	01	0.85988903	NA	01	0	0	01	0	0	4	1	1.0860148	01	0
chr9	87000000	chrX	19000000	1	11	1	01	0.561301649	NA	01	0	0	01	0	0	4	1	0.699626797	01	0
chr9	103000000	chrX	13000000	3	11	2	01	0.927635908	NA	01	0	0	01	0	1	4	1	1.74285794	01	0
chr9	103000000	chrX	14000000	1	11	1	01	0.995336473	NA	01	0	0	01	0	0	4	1	3.15551954	01	0
chr9	103000000	chrX	15000000	1	11	1	01	0.995988309	NA	01	0	0	01	0	0	4	1	3.81181557	01	0
chr9	103000000	chrX	16000000	1	11	1	01	0.991345763	NA	01	0	0	01	0	0	4	1	3.31087899	01	0
chr9	104000000	chrX	15000000	14	11	13	01	0.999999404	NA	01	1	1	01	1	1	4	1	4.44133685	01	0
chr9	104000000	chrX	14000000	2	11	2	01	0.995532036	NA	01	0	0	01	0	0	4	1	3.75611506	01	0
chr9	104000000	chrX	16000000	2	11	2	01	0.999365509	NA	01	0	0	01	0	0	4	1	3.82767376	01	0
chr9	105000000	chrX	15000000	3	11	3	01	0.997547209	NA	01	0	0	01	0	0	4	1	4.5099509	01	0
chr9	105000000	chrX	13000000	8	11	8	01	0.999853969	NA	01	0	0	01	0	0	4	1	3.89773719	01	0
chr9	105000000	chrX	14000000	6	11	6	01	0.999998808	NA	01	0	0	01	0	0	4	1	4.36952563	01	0
chr9	105000000	chrX	20000000	1	11	1	01	0.999947309	NA	01	0	0	01	0	0	4	1	5.12158	01	0
chr9	105000000	chrX	7000000	3	11	3	01	0.999597013	NA	01	0	0	01	0	0	4	1	4.85550745	01	0
chr9	105000000	chrX	6000000	2	11	2	01	0.987423182	NA	01	0	0	01	0	0	4	1	5.22491446	01	0
chr9	105000000	chrX	22000000	1	11	1	01	0.993232489	NA	01	0	0	01	0	0	4	1	4.79882938	01	0
chr9	106000000	chrX	20000000	2	11	2	01	0.982201874	NA	01	0	0	01	0	0	4	1	3.13628299	01	0
chr9	106000000	chrX	14000000	2	11	2	01	0.99855262	NA	01	0	0	01	0	0	4	1	3.32180609	01	0
chr9	106000000	chrX	16000000	2	11	2	01	0.921105802	NA	01	0	0	01	0	0	4	1	3.41353921	01	0
chr9	106000000	chrX	15000000	3	11	3	01	0.999273002	NA	01	0	0	01	0	0	4	1	3.99257644	01	0
chr9	106000000	chrX	17000000	1	11	1	01	0.867198765	NA	01	0	0	01	0	0	4	1	3.68052267	01	0
chr9	110000000	chrX	14000000	1	11	1	01	0.834523261	NA	01	0	0	01	0	0	4	1	2.76815009	01	0
chr9	118000000	chrX	15000000	1	11	1	01	0.406789809	NA	01	0	0	01	0	0	4	1	2.04562598	01	0
