experiment	component	configuration	scope	metric	bin_index	lower	upper	count	coverage	mean_confidence	accuracy
057	057A_oracle_coordinates_score_kernel_isolation	oracle_coords_fdg_flat	all	exact	0	0.0	0.1	0	0.0	nan	nan
057	057A_oracle_coordinates_score_kernel_isolation	oracle_coords_fdg_flat	all	exact	1	0.1	0.2	0	0.0	nan	nan
057	057A_oracle_coordinates_score_kernel_isolation	oracle_coords_fdg_flat	all	exact	2	0.2	0.30000000000000004	356	0.0010170440585771667	0.27972593456869826	0.300561797752809
057	057A_oracle_coordinates_score_kernel_isolation	oracle_coords_fdg_flat	all	exact	3	0.30000000000000004	0.4	4493	0.012835895941537109	0.3627905125796931	0.2530603160471845
057	057A_oracle_coordinates_score_kernel_isolation	oracle_coords_fdg_flat	all	exact	4	0.4	0.5	37913	0.10831233537313519	0.4821688760268639	0.40345000395642655
057	057A_oracle_coordinates_score_kernel_isolation	oracle_coords_fdg_flat	all	exact	5	0.5	0.6000000000000001	78003	0.22284406657638972	0.5370702260640493	0.33247439201056367
057	057A_oracle_coordinates_score_kernel_isolation	oracle_coords_fdg_flat	all	exact	6	0.6000000000000001	0.7000000000000001	44192	0.1262505927995566	0.6484322445149957	0.218387943519189
057	057A_oracle_coordinates_score_kernel_isolation	oracle_coords_fdg_flat	all	exact	7	0.7000000000000001	0.8	39998	0.11426889959261101	0.7499287716230004	0.15908295414770737
057	057A_oracle_coordinates_score_kernel_isolation	oracle_coords_fdg_flat	all	exact	8	0.8	0.9	42066	0.12017689710142443	0.8505620127457209	0.12302096705177579
057	057A_oracle_coordinates_score_kernel_isolation	oracle_coords_fdg_flat	all	exact	9	0.9	1.0	103013	0.29429426855676877	0.970214076610652	0.0561191305951676
057	057A_oracle_coordinates_score_kernel_isolation	oracle_coords_fdg_flat	all	same_cross	0	0.0	0.1	0	0.0	nan	nan
057	057A_oracle_coordinates_score_kernel_isolation	oracle_coords_fdg_flat	all	same_cross	1	0.1	0.2	0	0.0	nan	nan
057	057A_oracle_coordinates_score_kernel_isolation	oracle_coords_fdg_flat	all	same_cross	2	0.2	0.30000000000000004	0	0.0	nan	nan
057	057A_oracle_coordinates_score_kernel_isolation	oracle_coords_fdg_flat	all	same_cross	3	0.30000000000000004	0.4	0	0.0	nan	nan
057	057A_oracle_coordinates_score_kernel_isolation	oracle_coords_fdg_flat	all	same_cross	4	0.4	0.5	0	0.0	nan	nan
057	057A_oracle_coordinates_score_kernel_isolation	oracle_coords_fdg_flat	all	same_cross	5	0.5	0.6000000000000001	16482	0.047086854419856355	0.5480143080695234	0.5288193180439267
057	057A_oracle_coordinates_score_kernel_isolation	oracle_coords_fdg_flat	all	same_cross	6	0.6000000000000001	0.7000000000000001	16234	0.046378351817252035	0.6510476461386878	0.5623999014414193
057	057A_oracle_coordinates_score_kernel_isolation	oracle_coords_fdg_flat	all	same_cross	7	0.7000000000000001	0.8	18622	0.053200546232651684	0.7515382897137358	0.5820534851251208
057	057A_oracle_coordinates_score_kernel_isolation	oracle_coords_fdg_flat	all	same_cross	8	0.8	0.9	25380	0.07250724215361937	0.8530740839949866	0.6312056737588653
057	057A_oracle_coordinates_score_kernel_isolation	oracle_coords_fdg_flat	all	same_cross	9	0.9	1.0	273316	0.7808270053766205	0.9909051955479355	0.9216547878645963
057	057A_oracle_coordinates_score_kernel_isolation	oracle_coords_fdg_flat	cis	exact	0	0.0	0.1	0	0.0	nan	nan
057	057A_oracle_coordinates_score_kernel_isolation	oracle_coords_fdg_flat	cis	exact	1	0.1	0.2	0	0.0	nan	nan
057	057A_oracle_coordinates_score_kernel_isolation	oracle_coords_fdg_flat	cis	exact	2	0.2	0.30000000000000004	273	0.0013248761265086844	0.2774528696289222	0.304029304029304
057	057A_oracle_coordinates_score_kernel_isolation	oracle_coords_fdg_flat	cis	exact	3	0.30000000000000004	0.4	1549	0.007517337435758067	0.35361992769804496	0.2911555842479019
057	057A_oracle_coordinates_score_kernel_isolation	oracle_coords_fdg_flat	cis	exact	4	0.4	0.5	26525	0.1287265174199372	0.49169540755263663	0.4795852968897267
057	057A_oracle_coordinates_score_kernel_isolation	oracle_coords_fdg_flat	cis	exact	5	0.5	0.6000000000000001	58969	0.28617809635198027	0.5335862168137161	0.3685665349590463
057	057A_oracle_coordinates_score_kernel_isolation	oracle_coords_fdg_flat	cis	exact	6	0.6000000000000001	0.7000000000000001	26400	0.12811988915688377	0.647428605196835	0.2243181818181818
057	057A_oracle_coordinates_score_kernel_isolation	oracle_coords_fdg_flat	cis	exact	7	0.7000000000000001	0.8	21853	0.10605317946005231	0.74927304713538	0.12478835857776964
057	057A_oracle_coordinates_score_kernel_isolation	oracle_coords_fdg_flat	cis	exact	8	0.8	0.9	21455	0.10412167507049021	0.8496537152109985	0.062363085527848985
057	057A_oracle_coordinates_score_kernel_isolation	oracle_coords_fdg_flat	cis	exact	9	0.9	1.0	49033	0.23795842897838948	0.9672587499512528	0.011869557236962862
057	057A_oracle_coordinates_score_kernel_isolation	oracle_coords_fdg_flat	cis	same_cross	0	0.0	0.1	0	0.0	nan	nan
057	057A_oracle_coordinates_score_kernel_isolation	oracle_coords_fdg_flat	cis	same_cross	1	0.1	0.2	0	0.0	nan	nan
057	057A_oracle_coordinates_score_kernel_isolation	oracle_coords_fdg_flat	cis	same_cross	2	0.2	0.30000000000000004	0	0.0	nan	nan
057	057A_oracle_coordinates_score_kernel_isolation	oracle_coords_fdg_flat	cis	same_cross	3	0.30000000000000004	0.4	0	0.0	nan	nan
057	057A_oracle_coordinates_score_kernel_isolation	oracle_coords_fdg_flat	cis	same_cross	4	0.4	0.5	0	0.0	nan	nan
057	057A_oracle_coordinates_score_kernel_isolation	oracle_coords_fdg_flat	cis	same_cross	5	0.5	0.6000000000000001	1077	0.005226709114468327	0.549882447668427	0.6248839368616528
057	057A_oracle_coordinates_score_kernel_isolation	oracle_coords_fdg_flat	cis	same_cross	6	0.6000000000000001	0.7000000000000001	1260	0.0061148128915785435	0.653932678296405	0.7388888888888889
057	057A_oracle_coordinates_score_kernel_isolation	oracle_coords_fdg_flat	cis	same_cross	7	0.7000000000000001	0.8	1447	0.007022328773106471	0.7526479817980348	0.8037318590186593
057	057A_oracle_coordinates_score_kernel_isolation	oracle_coords_fdg_flat	cis	same_cross	8	0.8	0.9	2838	0.013772888084365005	0.8565787623678514	0.8727977448907681
057	057A_oracle_coordinates_score_kernel_isolation	oracle_coords_fdg_flat	cis	same_cross	9	0.9	1.0	199435	0.9678632611364817	0.997155828361495	0.9831824905357636
057	057A_oracle_coordinates_score_kernel_isolation	oracle_coords_fdg_flat	trans	exact	0	0.0	0.1	0	0.0	nan	nan
057	057A_oracle_coordinates_score_kernel_isolation	oracle_coords_fdg_flat	trans	exact	1	0.1	0.2	0	0.0	nan	nan
057	057A_oracle_coordinates_score_kernel_isolation	oracle_coords_fdg_flat	trans	exact	2	0.2	0.30000000000000004	83	0.0005764809657098008	0.28720240117784124	0.2891566265060241
057	057A_oracle_coordinates_score_kernel_isolation	oracle_coords_fdg_flat	trans	exact	3	0.30000000000000004	0.4	2944	0.0204477103981886	0.3676156606712939	0.23301630434782608
057	057A_oracle_coordinates_score_kernel_isolation	oracle_coords_fdg_flat	trans	exact	4	0.4	0.5	11388	0.07909596671690618	0.4599796199045317	0.2261152089919213
057	057A_oracle_coordinates_score_kernel_isolation	oracle_coords_fdg_flat	trans	exact	5	0.5	0.6000000000000001	19034	0.13220167110024517	0.5478639920345701	0.22065777030576864
057	057A_oracle_coordinates_score_kernel_isolation	oracle_coords_fdg_flat	trans	exact	6	0.6000000000000001	0.7000000000000001	17792	0.12357529327600936	0.649921457532051	0.20958857913669066
057	057A_oracle_coordinates_score_kernel_isolation	oracle_coords_fdg_flat	trans	exact	7	0.7000000000000001	0.8	18145	0.12602707376872696	0.7507184959122245	0.20038578120694406
057	057A_oracle_coordinates_score_kernel_isolation	oracle_coords_fdg_flat	trans	exact	8	0.8	0.9	20611	0.1431548094487314	0.8515075041632876	0.18616272864004657
057	057A_oracle_coordinates_score_kernel_isolation	oracle_coords_fdg_flat	trans	exact	9	0.9	1.0	53980	0.37492099432548254	0.9728985621995798	0.09631344942571322
057	057A_oracle_coordinates_score_kernel_isolation	oracle_coords_fdg_flat	trans	same_cross	0	0.0	0.1	0	0.0	nan	nan
057	057A_oracle_coordinates_score_kernel_isolation	oracle_coords_fdg_flat	trans	same_cross	1	0.1	0.2	0	0.0	nan	nan
057	057A_oracle_coordinates_score_kernel_isolation	oracle_coords_fdg_flat	trans	same_cross	2	0.2	0.30000000000000004	0	0.0	nan	nan
057	057A_oracle_coordinates_score_kernel_isolation	oracle_coords_fdg_flat	trans	same_cross	3	0.30000000000000004	0.4	0	0.0	nan	nan
057	057A_oracle_coordinates_score_kernel_isolation	oracle_coords_fdg_flat	trans	same_cross	4	0.4	0.5	0	0.0	nan	nan
057	057A_oracle_coordinates_score_kernel_isolation	oracle_coords_fdg_flat	trans	same_cross	5	0.5	0.6000000000000001	15405	0.10699625634649979	0.5478837020099312	0.5221032132424538
057	057A_oracle_coordinates_score_kernel_isolation	oracle_coords_fdg_flat	trans	same_cross	6	0.6000000000000001	0.7000000000000001	14974	0.10400272265709107	0.650804882647388	0.5475490850808067
057	057A_oracle_coordinates_score_kernel_isolation	oracle_coords_fdg_flat	trans	same_cross	7	0.7000000000000001	0.8	17175	0.11928988657910639	0.7514447977518154	0.5633770014556041
057	057A_oracle_coordinates_score_kernel_isolation	oracle_coords_fdg_flat	trans	same_cross	8	0.8	0.9	22542	0.15656667384373893	0.8526328508647326	0.6007896371218171
057	057A_oracle_coordinates_score_kernel_isolation	oracle_coords_fdg_flat	trans	same_cross	9	0.9	1.0	73881	0.5131444605735639	0.9740321841488988	0.7555663837793208
057	057A_oracle_coordinates_score_kernel_isolation	oracle_coords_dist2	all	exact	0	0.0	0.1	0	0.0	nan	nan
057	057A_oracle_coordinates_score_kernel_isolation	oracle_coords_dist2	all	exact	1	0.1	0.2	0	0.0	nan	nan
057	057A_oracle_coordinates_score_kernel_isolation	oracle_coords_dist2	all	exact	2	0.2	0.30000000000000004	1	2.8568653330819293e-06	0.2927880311138273	0.0
057	057A_oracle_coordinates_score_kernel_isolation	oracle_coords_dist2	all	exact	3	0.30000000000000004	0.4	93	0.00026568847597661943	0.3767613964629177	0.21505376344086022
057	057A_oracle_coordinates_score_kernel_isolation	oracle_coords_dist2	all	exact	4	0.4	0.5	691	0.001974093945159613	0.4637617044640791	0.24167872648335745
057	057A_oracle_coordinates_score_kernel_isolation	oracle_coords_dist2	all	exact	5	0.5	0.6000000000000001	19851	0.056711633727009374	0.5499596641615294	0.4082413984182157
057	057A_oracle_coordinates_score_kernel_isolation	oracle_coords_dist2	all	exact	6	0.6000000000000001	0.7000000000000001	21177	0.06049983715867602	0.6496038080835184	0.3692685460641262
057	057A_oracle_coordinates_score_kernel_isolation	oracle_coords_dist2	all	exact	7	0.7000000000000001	0.8	22576	0.06449659175965763	0.7512728730070068	0.3327427356484763
057	057A_oracle_coordinates_score_kernel_isolation	oracle_coords_dist2	all	exact	8	0.8	0.9	29330	0.08379186021929298	0.853714094352166	0.3045687009887487
057	057A_oracle_coordinates_score_kernel_isolation	oracle_coords_dist2	all	exact	9	0.9	1.0	256315	0.7322574378488946	0.9884191319078708	0.13068294871544778
057	057A_oracle_coordinates_score_kernel_isolation	oracle_coords_dist2	all	same_cross	0	0.0	0.1	0	0.0	nan	nan
057	057A_oracle_coordinates_score_kernel_isolation	oracle_coords_dist2	all	same_cross	1	0.1	0.2	0	0.0	nan	nan
057	057A_oracle_coordinates_score_kernel_isolation	oracle_coords_dist2	all	same_cross	2	0.2	0.30000000000000004	0	0.0	nan	nan
057	057A_oracle_coordinates_score_kernel_isolation	oracle_coords_dist2	all	same_cross	3	0.30000000000000004	0.4	0	0.0	nan	nan
057	057A_oracle_coordinates_score_kernel_isolation	oracle_coords_dist2	all	same_cross	4	0.4	0.5	0	0.0	nan	nan
057	057A_oracle_coordinates_score_kernel_isolation	oracle_coords_dist2	all	same_cross	5	0.5	0.6000000000000001	3088	0.008822000148556997	0.5505451566780407	0.5129533678756477
057	057A_oracle_coordinates_score_kernel_isolation	oracle_coords_dist2	all	same_cross	6	0.6000000000000001	0.7000000000000001	3460	0.009884754052463475	0.6514725564916238	0.5234104046242775
057	057A_oracle_coordinates_score_kernel_isolation	oracle_coords_dist2	all	same_cross	7	0.7000000000000001	0.8	4313	0.01232166018158236	0.7516982354817918	0.5221423603060514
057	057A_oracle_coordinates_score_kernel_isolation	oracle_coords_dist2	all	same_cross	8	0.8	0.9	6210	0.01774113371843878	0.8554115415866926	0.5492753623188406
057	057A_oracle_coordinates_score_kernel_isolation	oracle_coords_dist2	all	same_cross	9	0.9	1.0	332963	0.9512304518989584	0.9976247777783516	0.8639908938831041
057	057A_oracle_coordinates_score_kernel_isolation	oracle_coords_dist2	cis	exact	0	0.0	0.1	0	0.0	nan	nan
057	057A_oracle_coordinates_score_kernel_isolation	oracle_coords_dist2	cis	exact	1	0.1	0.2	0	0.0	nan	nan
057	057A_oracle_coordinates_score_kernel_isolation	oracle_coords_dist2	cis	exact	2	0.2	0.30000000000000004	1	4.853026104427416e-06	0.2927880311138273	0.0
057	057A_oracle_coordinates_score_kernel_isolation	oracle_coords_dist2	cis	exact	3	0.30000000000000004	0.4	26	0.0001261786787151128	0.37864084542651383	0.19230769230769232
057	057A_oracle_coordinates_score_kernel_isolation	oracle_coords_dist2	cis	exact	4	0.4	0.5	175	0.0008492795682747978	0.46767236299919546	0.21142857142857144
057	057A_oracle_coordinates_score_kernel_isolation	oracle_coords_dist2	cis	exact	5	0.5	0.6000000000000001	15456	0.07500837147003014	0.5499861123980772	0.4589156314699793
057	057A_oracle_coordinates_score_kernel_isolation	oracle_coords_dist2	cis	exact	6	0.6000000000000001	0.7000000000000001	16492	0.08003610651421694	0.6492492741902023	0.4126243026922144
057	057A_oracle_coordinates_score_kernel_isolation	oracle_coords_dist2	cis	exact	7	0.7000000000000001	0.8	16964	0.08232673483550668	0.7511270428222107	0.3719641593963688
057	057A_oracle_coordinates_score_kernel_isolation	oracle_coords_dist2	cis	exact	8	0.8	0.9	21445	0.10407314480944593	0.8532826875248462	0.3335975751923525
057	057A_oracle_coordinates_score_kernel_isolation	oracle_coords_dist2	cis	exact	9	0.9	1.0	135498	0.6575753310977059	0.9850741959675078	0.10899053860573588
057	057A_oracle_coordinates_score_kernel_isolation	oracle_coords_dist2	cis	same_cross	0	0.0	0.1	0	0.0	nan	nan
057	057A_oracle_coordinates_score_kernel_isolation	oracle_coords_dist2	cis	same_cross	1	0.1	0.2	0	0.0	nan	nan
057	057A_oracle_coordinates_score_kernel_isolation	oracle_coords_dist2	cis	same_cross	2	0.2	0.30000000000000004	0	0.0	nan	nan
057	057A_oracle_coordinates_score_kernel_isolation	oracle_coords_dist2	cis	same_cross	3	0.30000000000000004	0.4	0	0.0	nan	nan
057	057A_oracle_coordinates_score_kernel_isolation	oracle_coords_dist2	cis	same_cross	4	0.4	0.5	0	0.0	nan	nan
057	057A_oracle_coordinates_score_kernel_isolation	oracle_coords_dist2	cis	same_cross	5	0.5	0.6000000000000001	139	0.0006745706285154108	0.5497163013201802	0.5539568345323741
057	057A_oracle_coordinates_score_kernel_isolation	oracle_coords_dist2	cis	same_cross	6	0.6000000000000001	0.7000000000000001	216	0.0010482536385563218	0.6521245568269138	0.7268518518518519
057	057A_oracle_coordinates_score_kernel_isolation	oracle_coords_dist2	cis	same_cross	7	0.7000000000000001	0.8	312	0.0015141441445813537	0.7493683151702748	0.532051282051282
057	057A_oracle_coordinates_score_kernel_isolation	oracle_coords_dist2	cis	same_cross	8	0.8	0.9	474	0.002300334373498595	0.8551157131697052	0.6582278481012658
057	057A_oracle_coordinates_score_kernel_isolation	oracle_coords_dist2	cis	same_cross	9	0.9	1.0	204916	0.9944626972148484	0.9996342783105232	0.9793622752737707
057	057A_oracle_coordinates_score_kernel_isolation	oracle_coords_dist2	trans	exact	0	0.0	0.1	0	0.0	nan	nan
057	057A_oracle_coordinates_score_kernel_isolation	oracle_coords_dist2	trans	exact	1	0.1	0.2	0	0.0	nan	nan
057	057A_oracle_coordinates_score_kernel_isolation	oracle_coords_dist2	trans	exact	2	0.2	0.30000000000000004	0	0.0	nan	nan
057	057A_oracle_coordinates_score_kernel_isolation	oracle_coords_dist2	trans	exact	3	0.30000000000000004	0.4	67	0.0004653521048500802	0.3760320580591341	0.22388059701492538
057	057A_oracle_coordinates_score_kernel_isolation	oracle_coords_dist2	trans	exact	4	0.4	0.5	516	0.003583905762725991	0.4624354152322082	0.25193798449612403
057	057A_oracle_coordinates_score_kernel_isolation	oracle_coords_dist2	trans	exact	5	0.5	0.6000000000000001	4395	0.030525708967404516	0.5498666530252193	0.23003412969283277
057	057A_oracle_coordinates_score_kernel_isolation	oracle_coords_dist2	trans	exact	6	0.6000000000000001	0.7000000000000001	4685	0.03253991957048695	0.6508518279273964	0.21664887940234792
057	057A_oracle_coordinates_score_kernel_isolation	oracle_coords_dist2	trans	exact	7	0.7000000000000001	0.8	5612	0.03897844794654702	0.7517136896953334	0.21418389166072702
057	057A_oracle_coordinates_score_kernel_isolation	oracle_coords_dist2	trans	exact	8	0.8	0.9	7885	0.05476569174243108	0.8548874005553212	0.22561826252377934
057	057A_oracle_coordinates_score_kernel_isolation	oracle_coords_dist2	trans	exact	9	0.9	1.0	120817	0.8391409739055543	0.9921705255863043	0.15501129807891273
057	057A_oracle_coordinates_score_kernel_isolation	oracle_coords_dist2	trans	same_cross	0	0.0	0.1	0	0.0	nan	nan
057	057A_oracle_coordinates_score_kernel_isolation	oracle_coords_dist2	trans	same_cross	1	0.1	0.2	0	0.0	nan	nan
057	057A_oracle_coordinates_score_kernel_isolation	oracle_coords_dist2	trans	same_cross	2	0.2	0.30000000000000004	0	0.0	nan	nan
057	057A_oracle_coordinates_score_kernel_isolation	oracle_coords_dist2	trans	same_cross	3	0.30000000000000004	0.4	0	0.0	nan	nan
057	057A_oracle_coordinates_score_kernel_isolation	oracle_coords_dist2	trans	same_cross	4	0.4	0.5	0	0.0	nan	nan
057	057A_oracle_coordinates_score_kernel_isolation	oracle_coords_dist2	trans	same_cross	5	0.5	0.6000000000000001	2949	0.02048243816720726	0.5505842244619482	0.5110206849779586
057	057A_oracle_coordinates_score_kernel_isolation	oracle_coords_dist2	trans	same_cross	6	0.6000000000000001	0.7000000000000001	3244	0.02253137653930836	0.651429143399015	0.5098643649815043
057	057A_oracle_coordinates_score_kernel_isolation	oracle_coords_dist2	trans	same_cross	7	0.7000000000000001	0.8	4001	0.027789160768733896	0.7518799238439996	0.5213696575856036
057	057A_oracle_coordinates_score_kernel_isolation	oracle_coords_dist2	trans	same_cross	8	0.8	0.9	5736	0.03983969661820985	0.8554359876588077	0.5402719665271967
057	057A_oracle_coordinates_score_kernel_isolation	oracle_coords_dist2	trans	same_cross	9	0.9	1.0	128047	0.8893573279065407	0.9944089366336902	0.6793599225284466
057	057A_oracle_coordinates_score_kernel_isolation	oracle_coords_logdist2	all	exact	0	0.0	0.1	0	0.0	nan	nan
057	057A_oracle_coordinates_score_kernel_isolation	oracle_coords_logdist2	all	exact	1	0.1	0.2	0	0.0	nan	nan
057	057A_oracle_coordinates_score_kernel_isolation	oracle_coords_logdist2	all	exact	2	0.2	0.30000000000000004	2292	0.006547935343423782	0.28714932255655395	0.2530541012216405
057	057A_oracle_coordinates_score_kernel_isolation	oracle_coords_logdist2	all	exact	3	0.30000000000000004	0.4	29240	0.08353474233931561	0.3558608432999942	0.24121067031463747
057	057A_oracle_coordinates_score_kernel_isolation	oracle_coords_logdist2	all	exact	4	0.4	0.5	36691	0.10482124593610906	0.4522748721287056	0.25150581886566187
057	057A_oracle_coordinates_score_kernel_isolation	oracle_coords_logdist2	all	exact	5	0.5	0.6000000000000001	55494	0.15853888479404857	0.5489614131206583	0.32672000576638915
057	057A_oracle_coordinates_score_kernel_isolation	oracle_coords_logdist2	all	exact	6	0.6000000000000001	0.7000000000000001	51459	0.147011433175063	0.650411573986135	0.24932470510503507
057	057A_oracle_coordinates_score_kernel_isolation	oracle_coords_logdist2	all	exact	7	0.7000000000000001	0.8	53955	0.1541421690464355	0.7503357398966951	0.17585024557501622
057	057A_oracle_coordinates_score_kernel_isolation	oracle_coords_logdist2	all	exact	8	0.8	0.9	61783	0.17650571087380082	0.8514043246848679	0.09989803020248289
057	057A_oracle_coordinates_score_kernel_isolation	oracle_coords_logdist2	all	exact	9	0.9	1.0	59120	0.16889787849180365	0.942919711088737	0.04347090663058187
057	057A_oracle_coordinates_score_kernel_isolation	oracle_coords_logdist2	all	same_cross	0	0.0	0.1	0	0.0	nan	nan
057	057A_oracle_coordinates_score_kernel_isolation	oracle_coords_logdist2	all	same_cross	1	0.1	0.2	0	0.0	nan	nan
057	057A_oracle_coordinates_score_kernel_isolation	oracle_coords_logdist2	all	same_cross	2	0.2	0.30000000000000004	0	0.0	nan	nan
057	057A_oracle_coordinates_score_kernel_isolation	oracle_coords_logdist2	all	same_cross	3	0.30000000000000004	0.4	0	0.0	nan	nan
057	057A_oracle_coordinates_score_kernel_isolation	oracle_coords_logdist2	all	same_cross	4	0.4	0.5	0	0.0	nan	nan
057	057A_oracle_coordinates_score_kernel_isolation	oracle_coords_logdist2	all	same_cross	5	0.5	0.6000000000000001	39227	0.11206625642080484	0.549299875697974	0.5125041425548729
057	057A_oracle_coordinates_score_kernel_isolation	oracle_coords_logdist2	all	same_cross	6	0.6000000000000001	0.7000000000000001	32347	0.09241102292920117	0.6488873607658231	0.5628342659288342
057	057A_oracle_coordinates_score_kernel_isolation	oracle_coords_logdist2	all	same_cross	7	0.7000000000000001	0.8	28081	0.08022363541827365	0.7494219600025342	0.6394359175243047
057	057A_oracle_coordinates_score_kernel_isolation	oracle_coords_logdist2	all	same_cross	8	0.8	0.9	29511	0.08430895284458081	0.8534250910287995	0.7990579783809427
057	057A_oracle_coordinates_score_kernel_isolation	oracle_coords_logdist2	all	same_cross	9	0.9	1.0	220868	0.6309901323871395	0.9763461054205494	0.9815138453737073
057	057A_oracle_coordinates_score_kernel_isolation	oracle_coords_logdist2	cis	exact	0	0.0	0.1	0	0.0	nan	nan
057	057A_oracle_coordinates_score_kernel_isolation	oracle_coords_logdist2	cis	exact	1	0.1	0.2	0	0.0	nan	nan
057	057A_oracle_coordinates_score_kernel_isolation	oracle_coords_logdist2	cis	exact	2	0.2	0.30000000000000004	6	2.9118156626564496e-05	0.2844770870389161	0.3333333333333333
057	057A_oracle_coordinates_score_kernel_isolation	oracle_coords_logdist2	cis	exact	3	0.30000000000000004	0.4	613	0.0029749050020140056	0.36806033373176733	0.200652528548124
057	057A_oracle_coordinates_score_kernel_isolation	oracle_coords_logdist2	cis	exact	4	0.4	0.5	6065	0.029433603323352275	0.4759647122931065	0.37774113767518547
057	057A_oracle_coordinates_score_kernel_isolation	oracle_coords_logdist2	cis	exact	5	0.5	0.6000000000000001	34066	0.16532318727342435	0.5497094125927833	0.4057124405565667
057	057A_oracle_coordinates_score_kernel_isolation	oracle_coords_logdist2	cis	exact	6	0.6000000000000001	0.7000000000000001	35334	0.1714768243738383	0.6515489870695325	0.28465500650931114
057	057A_oracle_coordinates_score_kernel_isolation	oracle_coords_logdist2	cis	exact	7	0.7000000000000001	0.8	40895	0.19846450254055917	0.7509805499259686	0.1944736520357012
057	057A_oracle_coordinates_score_kernel_isolation	oracle_coords_logdist2	cis	exact	8	0.8	0.9	48055	0.23321216944825945	0.8512333719328649	0.11432733326396836
057	057A_oracle_coordinates_score_kernel_isolation	oracle_coords_logdist2	cis	exact	9	0.9	1.0	41023	0.19908568988192588	0.9422619645918152	0.059235063257197185
057	057A_oracle_coordinates_score_kernel_isolation	oracle_coords_logdist2	cis	same_cross	0	0.0	0.1	0	0.0	nan	nan
057	057A_oracle_coordinates_score_kernel_isolation	oracle_coords_logdist2	cis	same_cross	1	0.1	0.2	0	0.0	nan	nan
057	057A_oracle_coordinates_score_kernel_isolation	oracle_coords_logdist2	cis	same_cross	2	0.2	0.30000000000000004	0	0.0	nan	nan
057	057A_oracle_coordinates_score_kernel_isolation	oracle_coords_logdist2	cis	same_cross	3	0.30000000000000004	0.4	0	0.0	nan	nan
057	057A_oracle_coordinates_score_kernel_isolation	oracle_coords_logdist2	cis	same_cross	4	0.4	0.5	0	0.0	nan	nan
057	057A_oracle_coordinates_score_kernel_isolation	oracle_coords_logdist2	cis	same_cross	5	0.5	0.6000000000000001	609	0.002955492897596296	0.5520163406591033	0.6075533661740559
057	057A_oracle_coordinates_score_kernel_isolation	oracle_coords_logdist2	cis	same_cross	6	0.6000000000000001	0.7000000000000001	932	0.004523020329326352	0.6521858302802331	0.6384120171673819
057	057A_oracle_coordinates_score_kernel_isolation	oracle_coords_logdist2	cis	same_cross	7	0.7000000000000001	0.8	2277	0.011050340439781226	0.7588222412561924	0.8028107158541942
057	057A_oracle_coordinates_score_kernel_isolation	oracle_coords_logdist2	cis	same_cross	8	0.8	0.9	8487	0.041187632548275475	0.8636235588565158	0.8978437610463061
057	057A_oracle_coordinates_score_kernel_isolation	oracle_coords_logdist2	cis	same_cross	9	0.9	1.0	193752	0.9402835137850206	0.9797979486043341	0.9855588587472646
057	057A_oracle_coordinates_score_kernel_isolation	oracle_coords_logdist2	trans	exact	0	0.0	0.1	0	0.0	nan	nan
057	057A_oracle_coordinates_score_kernel_isolation	oracle_coords_logdist2	trans	exact	1	0.1	0.2	0	0.0	nan	nan
057	057A_oracle_coordinates_score_kernel_isolation	oracle_coords_logdist2	trans	exact	2	0.2	0.30000000000000004	2286	0.01587753599533259	0.28715633629807	0.25284339457567806
057	057A_oracle_coordinates_score_kernel_isolation	oracle_coords_logdist2	trans	exact	3	0.30000000000000004	0.4	28627	0.19883036873945145	0.35559961132896417	0.2420791560414993
057	057A_oracle_coordinates_score_kernel_isolation	oracle_coords_logdist2	trans	exact	4	0.4	0.5	30626	0.21271453079311278	0.4475834700325425	0.22650688957095277
057	057A_oracle_coordinates_score_kernel_isolation	oracle_coords_logdist2	trans	exact	5	0.5	0.6000000000000001	21428	0.14882932690638087	0.5477722517422092	0.20113869703192086
057	057A_oracle_coordinates_score_kernel_isolation	oracle_coords_logdist2	trans	exact	6	0.6000000000000001	0.7000000000000001	16125	0.11199705508518722	0.647919210954274	0.17190697674418604
057	057A_oracle_coordinates_score_kernel_isolation	oracle_coords_logdist2	trans	exact	7	0.7000000000000001	0.8	13060	0.09070893267674698	0.7483166352912475	0.11753445635528331
057	057A_oracle_coordinates_score_kernel_isolation	oracle_coords_logdist2	trans	exact	8	0.8	0.9	13728	0.09534856261764031	0.8520027464868424	0.04938811188811189
057	057A_oracle_coordinates_score_kernel_isolation	oracle_coords_logdist2	trans	exact	9	0.9	1.0	18097	0.1256936871861478	0.9444107170313363	0.007736088854506272
057	057A_oracle_coordinates_score_kernel_isolation	oracle_coords_logdist2	trans	same_cross	0	0.0	0.1	0	0.0	nan	nan
057	057A_oracle_coordinates_score_kernel_isolation	oracle_coords_logdist2	trans	same_cross	1	0.1	0.2	0	0.0	nan	nan
057	057A_oracle_coordinates_score_kernel_isolation	oracle_coords_logdist2	trans	same_cross	2	0.2	0.30000000000000004	0	0.0	nan	nan
057	057A_oracle_coordinates_score_kernel_isolation	oracle_coords_logdist2	trans	same_cross	3	0.30000000000000004	0.4	0	0.0	nan	nan
057	057A_oracle_coordinates_score_kernel_isolation	oracle_coords_logdist2	trans	same_cross	4	0.4	0.5	0	0.0	nan	nan
057	057A_oracle_coordinates_score_kernel_isolation	oracle_coords_logdist2	trans	same_cross	5	0.5	0.6000000000000001	38618	0.26822339679254326	0.5492570374577407	0.5110052307214252
057	057A_oracle_coordinates_score_kernel_isolation	oracle_coords_logdist2	trans	same_cross	6	0.6000000000000001	0.7000000000000001	31415	0.21819457274425777	0.6487895038953015	0.5605920738500716
057	057A_oracle_coordinates_score_kernel_isolation	oracle_coords_logdist2	trans	same_cross	7	0.7000000000000001	0.8	25804	0.17922307035151447	0.748592459133887	0.6250193768407999
057	057A_oracle_coordinates_score_kernel_isolation	oracle_coords_logdist2	trans	same_cross	8	0.8	0.9	21024	0.14602332316967293	0.8493081581685525	0.7591799847792998
057	057A_oracle_coordinates_score_kernel_isolation	oracle_coords_logdist2	trans	same_cross	9	0.9	1.0	27116	0.18833563694201158	0.9516816445655313	0.9526110045729459
057	057A_oracle_coordinates_score_kernel_isolation	oracle_coords_monotonic_powerlaw	all	exact	0	0.0	0.1	0	0.0	nan	nan
057	057A_oracle_coordinates_score_kernel_isolation	oracle_coords_monotonic_powerlaw	all	exact	1	0.1	0.2	0	0.0	nan	nan
057	057A_oracle_coordinates_score_kernel_isolation	oracle_coords_monotonic_powerlaw	all	exact	2	0.2	0.30000000000000004	2593	0.007407851808681442	0.2871283604320882	0.2533744697261859
057	057A_oracle_coordinates_score_kernel_isolation	oracle_coords_monotonic_powerlaw	all	exact	3	0.30000000000000004	0.4	32875	0.09391944782506842	0.35575828481850036	0.24033460076045626
057	057A_oracle_coordinates_score_kernel_isolation	oracle_coords_monotonic_powerlaw	all	exact	4	0.4	0.5	44118	0.12603918476490855	0.4539273788308089	0.26168457319008115
057	057A_oracle_coordinates_score_kernel_isolation	oracle_coords_monotonic_powerlaw	all	exact	5	0.5	0.6000000000000001	71754	0.20499151510996075	0.5488709818362679	0.31525768598266296
057	057A_oracle_coordinates_score_kernel_isolation	oracle_coords_monotonic_powerlaw	all	exact	6	0.6000000000000001	0.7000000000000001	63496	0.18139952118937017	0.649211873132555	0.21599785813279576
057	057A_oracle_coordinates_score_kernel_isolation	oracle_coords_monotonic_powerlaw	all	exact	7	0.7000000000000001	0.8	58401	0.16684379231731775	0.7490587500641319	0.12784027670759063
057	057A_oracle_coordinates_score_kernel_isolation	oracle_coords_monotonic_powerlaw	all	exact	8	0.8	0.9	51566	0.14731711776570275	0.8485534779958608	0.0395221657681418
057	057A_oracle_coordinates_score_kernel_isolation	oracle_coords_monotonic_powerlaw	all	exact	9	0.9	1.0	25231	0.07208156921899016	0.9317031300069536	0.004320082438270382
057	057A_oracle_coordinates_score_kernel_isolation	oracle_coords_monotonic_powerlaw	all	same_cross	0	0.0	0.1	0	0.0	nan	nan
057	057A_oracle_coordinates_score_kernel_isolation	oracle_coords_monotonic_powerlaw	all	same_cross	1	0.1	0.2	0	0.0	nan	nan
057	057A_oracle_coordinates_score_kernel_isolation	oracle_coords_monotonic_powerlaw	all	same_cross	2	0.2	0.30000000000000004	0	0.0	nan	nan
057	057A_oracle_coordinates_score_kernel_isolation	oracle_coords_monotonic_powerlaw	all	same_cross	3	0.30000000000000004	0.4	0	0.0	nan	nan
057	057A_oracle_coordinates_score_kernel_isolation	oracle_coords_monotonic_powerlaw	all	same_cross	4	0.4	0.5	0	0.0	nan	nan
057	057A_oracle_coordinates_score_kernel_isolation	oracle_coords_monotonic_powerlaw	all	same_cross	5	0.5	0.6000000000000001	42842	0.122393824599896	0.549120227357623	0.5168526212595117
057	057A_oracle_coordinates_score_kernel_isolation	oracle_coords_monotonic_powerlaw	all	same_cross	6	0.6000000000000001	0.7000000000000001	35565	0.10160441557105881	0.6488556382559869	0.576606213974413
057	057A_oracle_coordinates_score_kernel_isolation	oracle_coords_monotonic_powerlaw	all	same_cross	7	0.7000000000000001	0.8	31015	0.08860567830553603	0.7494100055624953	0.6791230049975818
057	057A_oracle_coordinates_score_kernel_isolation	oracle_coords_monotonic_powerlaw	all	same_cross	8	0.8	0.9	35001	0.0999931435232006	0.8545960790842771	0.8620896545812977
057	057A_oracle_coordinates_score_kernel_isolation	oracle_coords_monotonic_powerlaw	all	same_cross	9	0.9	1.0	205611	0.5874029380003085	0.970077722224607	0.9859929673023331
057	057A_oracle_coordinates_score_kernel_isolation	oracle_coords_monotonic_powerlaw	cis	exact	0	0.0	0.1	0	0.0	nan	nan
057	057A_oracle_coordinates_score_kernel_isolation	oracle_coords_monotonic_powerlaw	cis	exact	1	0.1	0.2	0	0.0	nan	nan
057	057A_oracle_coordinates_score_kernel_isolation	oracle_coords_monotonic_powerlaw	cis	exact	2	0.2	0.30000000000000004	12	5.823631325312899e-05	0.28594903308807246	0.3333333333333333
057	057A_oracle_coordinates_score_kernel_isolation	oracle_coords_monotonic_powerlaw	cis	exact	3	0.30000000000000004	0.4	1116	0.005415977132540996	0.36555057836850097	0.22043010752688172
057	057A_oracle_coordinates_score_kernel_isolation	oracle_coords_monotonic_powerlaw	cis	exact	4	0.4	0.5	11402	0.05533420364268139	0.47364762168589575	0.37870549026486583
057	057A_oracle_coordinates_score_kernel_isolation	oracle_coords_monotonic_powerlaw	cis	exact	5	0.5	0.6000000000000001	48827	0.23695870560087742	0.5496890385820044	0.3733590021914105
057	057A_oracle_coordinates_score_kernel_isolation	oracle_coords_monotonic_powerlaw	cis	exact	6	0.6000000000000001	0.7000000000000001	46877	0.22749530469724397	0.6498965464870797	0.2383471638543422
057	057A_oracle_coordinates_score_kernel_isolation	oracle_coords_monotonic_powerlaw	cis	exact	7	0.7000000000000001	0.8	45764	0.22209388664301624	0.7493292724506776	0.1387553535530111
057	057A_oracle_coordinates_score_kernel_isolation	oracle_coords_monotonic_powerlaw	cis	exact	8	0.8	0.9	38886	0.1887147730967645	0.847176189396261	0.04569768039911536
057	057A_oracle_coordinates_score_kernel_isolation	oracle_coords_monotonic_powerlaw	cis	exact	9	0.9	1.0	13173	0.06392891287362235	0.9271922211013309	0.005617551051393001
057	057A_oracle_coordinates_score_kernel_isolation	oracle_coords_monotonic_powerlaw	cis	same_cross	0	0.0	0.1	0	0.0	nan	nan
057	057A_oracle_coordinates_score_kernel_isolation	oracle_coords_monotonic_powerlaw	cis	same_cross	1	0.1	0.2	0	0.0	nan	nan
057	057A_oracle_coordinates_score_kernel_isolation	oracle_coords_monotonic_powerlaw	cis	same_cross	2	0.2	0.30000000000000004	0	0.0	nan	nan
057	057A_oracle_coordinates_score_kernel_isolation	oracle_coords_monotonic_powerlaw	cis	same_cross	3	0.30000000000000004	0.4	0	0.0	nan	nan
057	057A_oracle_coordinates_score_kernel_isolation	oracle_coords_monotonic_powerlaw	cis	same_cross	4	0.4	0.5	0	0.0	nan	nan
057	057A_oracle_coordinates_score_kernel_isolation	oracle_coords_monotonic_powerlaw	cis	same_cross	5	0.5	0.6000000000000001	847	0.004110513110450021	0.5532937839399553	0.5962219598583235
057	057A_oracle_coordinates_score_kernel_isolation	oracle_coords_monotonic_powerlaw	cis	same_cross	6	0.6000000000000001	0.7000000000000001	1405	0.006818501676720519	0.6560283506917137	0.6882562277580071
057	057A_oracle_coordinates_score_kernel_isolation	oracle_coords_monotonic_powerlaw	cis	same_cross	7	0.7000000000000001	0.8	3907	0.018960772989997914	0.7579530250601713	0.8505246992577425
057	057A_oracle_coordinates_score_kernel_isolation	oracle_coords_monotonic_powerlaw	cis	same_cross	8	0.8	0.9	14874	0.07218391027725338	0.8629421504267576	0.9294742503697727
057	057A_oracle_coordinates_score_kernel_isolation	oracle_coords_monotonic_powerlaw	cis	same_cross	9	0.9	1.0	185024	0.8979263019455782	0.9727534837750523	0.9876070131442407
057	057A_oracle_coordinates_score_kernel_isolation	oracle_coords_monotonic_powerlaw	trans	exact	0	0.0	0.1	0	0.0	nan	nan
057	057A_oracle_coordinates_score_kernel_isolation	oracle_coords_monotonic_powerlaw	trans	exact	1	0.1	0.2	0	0.0	nan	nan
057	057A_oracle_coordinates_score_kernel_isolation	oracle_coords_monotonic_powerlaw	trans	exact	2	0.2	0.30000000000000004	2581	0.01792647436743369	0.28713384355030913	0.25300271212708253
057	057A_oracle_coordinates_score_kernel_isolation	oracle_coords_monotonic_powerlaw	trans	exact	3	0.30000000000000004	0.4	31759	0.22058384325274175	0.3554141870949637	0.24103403759564218
057	057A_oracle_coordinates_score_kernel_isolation	oracle_coords_monotonic_powerlaw	trans	exact	4	0.4	0.5	32716	0.2272307382429138	0.44705458848254814	0.22090108815258588
057	057A_oracle_coordinates_score_kernel_isolation	oracle_coords_monotonic_powerlaw	trans	exact	5	0.5	0.6000000000000001	22927	0.15924071205817597	0.5471287889316547	0.19152091420595804
057	057A_oracle_coordinates_score_kernel_isolation	oracle_coords_monotonic_powerlaw	trans	exact	6	0.6000000000000001	0.7000000000000001	16619	0.11542815866423109	0.6472806237890293	0.15295745833082616
057	057A_oracle_coordinates_score_kernel_isolation	oracle_coords_monotonic_powerlaw	trans	exact	7	0.7000000000000001	0.8	12637	0.08777096341776812	0.748079072411376	0.08831209939067816
057	057A_oracle_coordinates_score_kernel_isolation	oracle_coords_monotonic_powerlaw	trans	exact	8	0.8	0.9	12680	0.08806962223132861	0.8527772354472832	0.02058359621451104
057	057A_oracle_coordinates_score_kernel_isolation	oracle_coords_monotonic_powerlaw	trans	exact	9	0.9	1.0	12058	0.08374948776540697	0.9366311614395102	0.0029026372532758335
057	057A_oracle_coordinates_score_kernel_isolation	oracle_coords_monotonic_powerlaw	trans	same_cross	0	0.0	0.1	0	0.0	nan	nan
057	057A_oracle_coordinates_score_kernel_isolation	oracle_coords_monotonic_powerlaw	trans	same_cross	1	0.1	0.2	0	0.0	nan	nan
057	057A_oracle_coordinates_score_kernel_isolation	oracle_coords_monotonic_powerlaw	trans	same_cross	2	0.2	0.30000000000000004	0	0.0	nan	nan
057	057A_oracle_coordinates_score_kernel_isolation	oracle_coords_monotonic_powerlaw	trans	same_cross	3	0.30000000000000004	0.4	0	0.0	nan	nan
057	057A_oracle_coordinates_score_kernel_isolation	oracle_coords_monotonic_powerlaw	trans	same_cross	4	0.4	0.5	0	0.0	nan	nan
057	057A_oracle_coordinates_score_kernel_isolation	oracle_coords_monotonic_powerlaw	trans	same_cross	5	0.5	0.6000000000000001	41995	0.29167853198774807	0.5490360506121715	0.5152518156923444
057	057A_oracle_coordinates_score_kernel_isolation	oracle_coords_monotonic_powerlaw	trans	same_cross	6	0.6000000000000001	0.7000000000000001	34160	0.23726011793550358	0.6485606247614847	0.5720140515222483
057	057A_oracle_coordinates_score_kernel_isolation	oracle_coords_monotonic_powerlaw	trans	same_cross	7	0.7000000000000001	0.8	27108	0.18828007251158171	0.7481787241261142	0.6544193595986425
057	057A_oracle_coordinates_score_kernel_isolation	oracle_coords_monotonic_powerlaw	trans	same_cross	8	0.8	0.9	20127	0.13979316140772485	0.8484282714056336	0.8122919461419983
057	057A_oracle_coordinates_score_kernel_isolation	oracle_coords_monotonic_powerlaw	trans	same_cross	9	0.9	1.0	20587	0.1429881161574418	0.94602953137069	0.9714868606402098
057	057A_oracle_coordinates_score_kernel_isolation	oracle_coords_monotone_log	all	exact	0	0.0	0.1	0	0.0	nan	nan
057	057A_oracle_coordinates_score_kernel_isolation	oracle_coords_monotone_log	all	exact	1	0.1	0.2	0	0.0	nan	nan
057	057A_oracle_coordinates_score_kernel_isolation	oracle_coords_monotone_log	all	exact	2	0.2	0.30000000000000004	2367	0.006762200243404927	0.2871971598857558	0.253907900295733
057	057A_oracle_coordinates_score_kernel_isolation	oracle_coords_monotone_log	all	exact	3	0.30000000000000004	0.4	29836	0.08523743407783244	0.3558141880747538	0.24101756267596192
057	057A_oracle_coordinates_score_kernel_isolation	oracle_coords_monotone_log	all	exact	4	0.4	0.5	37281	0.1065067964826274	0.4523139298264914	0.25101258013465305
057	057A_oracle_coordinates_score_kernel_isolation	oracle_coords_monotone_log	all	exact	5	0.5	0.6000000000000001	56523	0.1614785992217899	0.548693128160211	0.32528351290625057
057	057A_oracle_coordinates_score_kernel_isolation	oracle_coords_monotone_log	all	exact	6	0.6000000000000001	0.7000000000000001	52828	0.15092248181605217	0.6502201891944055	0.24767168925569774
057	057A_oracle_coordinates_score_kernel_isolation	oracle_coords_monotone_log	all	exact	7	0.7000000000000001	0.8	54656	0.15614483164492593	0.7502613336324405	0.16955137587822014
057	057A_oracle_coordinates_score_kernel_isolation	oracle_coords_monotone_log	all	exact	8	0.8	0.9	61685	0.1762257380711588	0.8512715099242759	0.09653886682337684
057	057A_oracle_coordinates_score_kernel_isolation	oracle_coords_monotone_log	all	exact	9	0.9	1.0	54858	0.15672191844220848	0.9415280549329288	0.04028582886725728
057	057A_oracle_coordinates_score_kernel_isolation	oracle_coords_monotone_log	all	same_cross	0	0.0	0.1	0	0.0	nan	nan
057	057A_oracle_coordinates_score_kernel_isolation	oracle_coords_monotone_log	all	same_cross	1	0.1	0.2	0	0.0	nan	nan
057	057A_oracle_coordinates_score_kernel_isolation	oracle_coords_monotone_log	all	same_cross	2	0.2	0.30000000000000004	0	0.0	nan	nan
057	057A_oracle_coordinates_score_kernel_isolation	oracle_coords_monotone_log	all	same_cross	3	0.30000000000000004	0.4	0	0.0	nan	nan
057	057A_oracle_coordinates_score_kernel_isolation	oracle_coords_monotone_log	all	same_cross	4	0.4	0.5	0	0.0	nan	nan
057	057A_oracle_coordinates_score_kernel_isolation	oracle_coords_monotone_log	all	same_cross	5	0.5	0.6000000000000001	39767	0.11360896370066907	0.5492445352053941	0.5126612517916865
057	057A_oracle_coordinates_score_kernel_isolation	oracle_coords_monotone_log	all	same_cross	6	0.6000000000000001	0.7000000000000001	32730	0.09350520235177154	0.6488314295092562	0.5655362053162236
057	057A_oracle_coordinates_score_kernel_isolation	oracle_coords_monotone_log	all	same_cross	7	0.7000000000000001	0.8	28282	0.08079786535022312	0.7492626279004675	0.642387384201966
057	057A_oracle_coordinates_score_kernel_isolation	oracle_coords_monotone_log	all	same_cross	8	0.8	0.9	30221	0.08633732723106899	0.8537344028697792	0.8091393401939049
057	057A_oracle_coordinates_score_kernel_isolation	oracle_coords_monotone_log	all	same_cross	9	0.9	1.0	219034	0.6257506413662672	0.975608861991551	0.9821306281216615
057	057A_oracle_coordinates_score_kernel_isolation	oracle_coords_monotone_log	cis	exact	0	0.0	0.1	0	0.0	nan	nan
057	057A_oracle_coordinates_score_kernel_isolation	oracle_coords_monotone_log	cis	exact	1	0.1	0.2	0	0.0	nan	nan
057	057A_oracle_coordinates_score_kernel_isolation	oracle_coords_monotone_log	cis	exact	2	0.2	0.30000000000000004	6	2.9118156626564496e-05	0.2835807845250083	0.3333333333333333
057	057A_oracle_coordinates_score_kernel_isolation	oracle_coords_monotone_log	cis	exact	3	0.30000000000000004	0.4	641	0.0031107897329379734	0.36707066538553207	0.20280811232449297
057	057A_oracle_coordinates_score_kernel_isolation	oracle_coords_monotone_log	cis	exact	4	0.4	0.5	6416	0.031137015486006298	0.47528712576488047	0.3756234413965087
057	057A_oracle_coordinates_score_kernel_isolation	oracle_coords_monotone_log	cis	exact	5	0.5	0.6000000000000001	35005	0.1698801787854817	0.5492554704996447	0.4023139551492644
057	057A_oracle_coordinates_score_kernel_isolation	oracle_coords_monotone_log	cis	exact	6	0.6000000000000001	0.7000000000000001	36714	0.17817400039794815	0.6512273746869425	0.28169090810045216
057	057A_oracle_coordinates_score_kernel_isolation	oracle_coords_monotone_log	cis	exact	7	0.7000000000000001	0.8	41672	0.20223530382369928	0.7508608896216384	0.18655212132846996
057	057A_oracle_coordinates_score_kernel_isolation	oracle_coords_monotone_log	cis	exact	8	0.8	0.9	47982	0.23285789854263625	0.8510343654043733	0.11133341669792839
057	057A_oracle_coordinates_score_kernel_isolation	oracle_coords_monotone_log	cis	exact	9	0.9	1.0	37621	0.1825756950746638	0.9406919213659188	0.05552749793998033
057	057A_oracle_coordinates_score_kernel_isolation	oracle_coords_monotone_log	cis	same_cross	0	0.0	0.1	0	0.0	nan	nan
057	057A_oracle_coordinates_score_kernel_isolation	oracle_coords_monotone_log	cis	same_cross	1	0.1	0.2	0	0.0	nan	nan
057	057A_oracle_coordinates_score_kernel_isolation	oracle_coords_monotone_log	cis	same_cross	2	0.2	0.30000000000000004	0	0.0	nan	nan
057	057A_oracle_coordinates_score_kernel_isolation	oracle_coords_monotone_log	cis	same_cross	3	0.30000000000000004	0.4	0	0.0	nan	nan
057	057A_oracle_coordinates_score_kernel_isolation	oracle_coords_monotone_log	cis	same_cross	4	0.4	0.5	0	0.0	nan	nan
057	057A_oracle_coordinates_score_kernel_isolation	oracle_coords_monotone_log	cis	same_cross	5	0.5	0.6000000000000001	644	0.003125348811251256	0.5532591848196554	0.6009316770186336
057	057A_oracle_coordinates_score_kernel_isolation	oracle_coords_monotone_log	cis	same_cross	6	0.6000000000000001	0.7000000000000001	989	0.004799642817278714	0.6550113202808245	0.6562184024266936
057	057A_oracle_coordinates_score_kernel_isolation	oracle_coords_monotone_log	cis	same_cross	7	0.7000000000000001	0.8	2342	0.011365787136569008	0.7589453381127454	0.8035866780529461
057	057A_oracle_coordinates_score_kernel_isolation	oracle_coords_monotone_log	cis	same_cross	8	0.8	0.9	9276	0.04501667014466871	0.8638978167329624	0.9038378611470461
057	057A_oracle_coordinates_score_kernel_isolation	oracle_coords_monotone_log	cis	same_cross	9	0.9	1.0	192806	0.9356925510902323	0.9789747145715623	0.9857940105598374
057	057A_oracle_coordinates_score_kernel_isolation	oracle_coords_monotone_log	trans	exact	0	0.0	0.1	0	0.0	nan	nan
057	057A_oracle_coordinates_score_kernel_isolation	oracle_coords_monotone_log	trans	exact	1	0.1	0.2	0	0.0	nan	nan
057	057A_oracle_coordinates_score_kernel_isolation	oracle_coords_monotone_log	trans	exact	2	0.2	0.30000000000000004	2361	0.016398452530612527	0.2872063501662151	0.25370605675561203
057	057A_oracle_coordinates_score_kernel_isolation	oracle_coords_monotone_log	trans	exact	3	0.30000000000000004	0.4	29195	0.20277544329997152	0.35556704294866337	0.24185648227436204
057	057A_oracle_coordinates_score_kernel_isolation	oracle_coords_monotone_log	trans	exact	4	0.4	0.5	30865	0.21437451815220487	0.447538422775116	0.22510934715697392
057	057A_oracle_coordinates_score_kernel_isolation	oracle_coords_monotone_log	trans	exact	5	0.5	0.6000000000000001	21518	0.1494544267487168	0.5477783222492586	0.19997211636769216
057	057A_oracle_coordinates_score_kernel_isolation	oracle_coords_monotone_log	trans	exact	6	0.6000000000000001	0.7000000000000001	16114	0.11192065399334616	0.6479254263687255	0.1701625915353109
057	057A_oracle_coordinates_score_kernel_isolation	oracle_coords_monotone_log	trans	exact	7	0.7000000000000001	0.8	12984	0.09018107058766331	0.7483370655192355	0.11498767714109673
057	057A_oracle_coordinates_score_kernel_isolation	oracle_coords_monotone_log	trans	exact	8	0.8	0.9	13703	0.09517492377254701	0.8521018878235656	0.04473472962125082
057	057A_oracle_coordinates_score_kernel_isolation	oracle_coords_monotone_log	trans	exact	9	0.9	1.0	17237	0.11972051091493781	0.9433529769567427	0.007019783024888321
057	057A_oracle_coordinates_score_kernel_isolation	oracle_coords_monotone_log	trans	same_cross	0	0.0	0.1	0	0.0	nan	nan
057	057A_oracle_coordinates_score_kernel_isolation	oracle_coords_monotone_log	trans	same_cross	1	0.1	0.2	0	0.0	nan	nan
057	057A_oracle_coordinates_score_kernel_isolation	oracle_coords_monotone_log	trans	same_cross	2	0.2	0.30000000000000004	0	0.0	nan	nan
057	057A_oracle_coordinates_score_kernel_isolation	oracle_coords_monotone_log	trans	same_cross	3	0.30000000000000004	0.4	0	0.0	nan	nan
057	057A_oracle_coordinates_score_kernel_isolation	oracle_coords_monotone_log	trans	same_cross	4	0.4	0.5	0	0.0	nan	nan
057	057A_oracle_coordinates_score_kernel_isolation	oracle_coords_monotone_log	trans	same_cross	5	0.5	0.6000000000000001	39123	0.2717309014634282	0.5491784504380811	0.5112082406768397
057	057A_oracle_coordinates_score_kernel_isolation	oracle_coords_monotone_log	trans	same_cross	6	0.6000000000000001	0.7000000000000001	31741	0.22045882328427457	0.6486388737620181	0.5627106896443086
057	057A_oracle_coordinates_score_kernel_isolation	oracle_coords_monotone_log	trans	same_cross	7	0.7000000000000001	0.8	25940	0.1801676656688221	0.7483884217587113	0.6278334618350039
057	057A_oracle_coordinates_score_kernel_isolation	oracle_coords_monotone_log	trans	same_cross	8	0.8	0.9	20945	0.14547462441917805	0.849233289143597	0.7671998090236333
057	057A_oracle_coordinates_score_kernel_isolation	oracle_coords_monotone_log	trans	same_cross	9	0.9	1.0	26228	0.18216798516429708	0.9508659699471068	0.9552005490315694
057	057A_oracle_coordinates_score_kernel_isolation	oracle_coords_monotone_logistic	all	exact	0	0.0	0.1	0	0.0	nan	nan
057	057A_oracle_coordinates_score_kernel_isolation	oracle_coords_monotone_logistic	all	exact	1	0.1	0.2	0	0.0	nan	nan
057	057A_oracle_coordinates_score_kernel_isolation	oracle_coords_monotone_logistic	all	exact	2	0.2	0.30000000000000004	3	8.570595999245788e-06	0.29558907442863513	0.3333333333333333
057	057A_oracle_coordinates_score_kernel_isolation	oracle_coords_monotone_logistic	all	exact	3	0.30000000000000004	0.4	286	0.0008170634852614318	0.3736753574303167	0.25874125874125875
057	057A_oracle_coordinates_score_kernel_isolation	oracle_coords_monotone_logistic	all	exact	4	0.4	0.5	1762	0.005033796716890359	0.4632434119609429	0.24233825198637912
057	057A_oracle_coordinates_score_kernel_isolation	oracle_coords_monotone_logistic	all	exact	5	0.5	0.6000000000000001	21629	0.061791140289229045	0.5493367362842857	0.3842988580147025
057	057A_oracle_coordinates_score_kernel_isolation	oracle_coords_monotone_logistic	all	exact	6	0.6000000000000001	0.7000000000000001	23109	0.0660193009821903	0.6493849108236651	0.3564844865636765
057	057A_oracle_coordinates_score_kernel_isolation	oracle_coords_monotone_logistic	all	exact	7	0.7000000000000001	0.8	24002	0.06857048172463247	0.7512495130011458	0.32884759603366387
057	057A_oracle_coordinates_score_kernel_isolation	oracle_coords_monotone_logistic	all	exact	8	0.8	0.9	32961	0.09416513824371346	0.8541504132437736	0.2941658323473196
057	057A_oracle_coordinates_score_kernel_isolation	oracle_coords_monotone_logistic	all	exact	9	0.9	1.0	246282	0.7035945079620837	0.9856406102185848	0.12754078657798784
057	057A_oracle_coordinates_score_kernel_isolation	oracle_coords_monotone_logistic	all	same_cross	0	0.0	0.1	0	0.0	nan	nan
057	057A_oracle_coordinates_score_kernel_isolation	oracle_coords_monotone_logistic	all	same_cross	1	0.1	0.2	0	0.0	nan	nan
057	057A_oracle_coordinates_score_kernel_isolation	oracle_coords_monotone_logistic	all	same_cross	2	0.2	0.30000000000000004	0	0.0	nan	nan
057	057A_oracle_coordinates_score_kernel_isolation	oracle_coords_monotone_logistic	all	same_cross	3	0.30000000000000004	0.4	0	0.0	nan	nan
057	057A_oracle_coordinates_score_kernel_isolation	oracle_coords_monotone_logistic	all	same_cross	4	0.4	0.5	0	0.0	nan	nan
057	057A_oracle_coordinates_score_kernel_isolation	oracle_coords_monotone_logistic	all	same_cross	5	0.5	0.6000000000000001	4854	0.013867224326779684	0.5505263436219131	0.503914297486609
057	057A_oracle_coordinates_score_kernel_isolation	oracle_coords_monotone_logistic	all	same_cross	6	0.6000000000000001	0.7000000000000001	5501	0.01571561619728369	0.6517736912730433	0.5209961825122705
057	057A_oracle_coordinates_score_kernel_isolation	oracle_coords_monotone_logistic	all	same_cross	7	0.7000000000000001	0.8	6483	0.018521057954370146	0.7521425567767176	0.5192040721888015
057	057A_oracle_coordinates_score_kernel_isolation	oracle_coords_monotone_logistic	all	same_cross	8	0.8	0.9	9664	0.027608746578903765	0.854318780400658	0.5345612582781457
057	057A_oracle_coordinates_score_kernel_isolation	oracle_coords_monotone_logistic	all	same_cross	9	0.9	1.0	323532	0.9242873549426627	0.9962164488890028	0.8744451862566918
057	057A_oracle_coordinates_score_kernel_isolation	oracle_coords_monotone_logistic	cis	exact	0	0.0	0.1	0	0.0	nan	nan
057	057A_oracle_coordinates_score_kernel_isolation	oracle_coords_monotone_logistic	cis	exact	1	0.1	0.2	0	0.0	nan	nan
057	057A_oracle_coordinates_score_kernel_isolation	oracle_coords_monotone_logistic	cis	exact	2	0.2	0.30000000000000004	1	4.853026104427416e-06	0.2997908963556507	0.0
057	057A_oracle_coordinates_score_kernel_isolation	oracle_coords_monotone_logistic	cis	exact	3	0.30000000000000004	0.4	21	0.00010191354819297573	0.37763854535220737	0.14285714285714285
057	057A_oracle_coordinates_score_kernel_isolation	oracle_coords_monotone_logistic	cis	exact	4	0.4	0.5	173	0.0008395735160659429	0.4692835932861141	0.2138728323699422
057	057A_oracle_coordinates_score_kernel_isolation	oracle_coords_monotone_logistic	cis	exact	5	0.5	0.6000000000000001	14837	0.07200434831138956	0.5491419358240545	0.4550785199164252
057	057A_oracle_coordinates_score_kernel_isolation	oracle_coords_monotone_logistic	cis	exact	6	0.6000000000000001	0.7000000000000001	15877	0.07705149545999408	0.6486682263815212	0.41506581847956164
057	057A_oracle_coordinates_score_kernel_isolation	oracle_coords_monotone_logistic	cis	exact	7	0.7000000000000001	0.8	15721	0.0762944233877034	0.7510818403591346	0.37942878951720627
057	057A_oracle_coordinates_score_kernel_isolation	oracle_coords_monotone_logistic	cis	exact	8	0.8	0.9	21193	0.10285018223113022	0.8542780473381252	0.3322795262586703
057	057A_oracle_coordinates_score_kernel_isolation	oracle_coords_monotone_logistic	cis	exact	9	0.9	1.0	138234	0.6708532105194194	0.9841029860525208	0.11417596249837232
057	057A_oracle_coordinates_score_kernel_isolation	oracle_coords_monotone_logistic	cis	same_cross	0	0.0	0.1	0	0.0	nan	nan
057	057A_oracle_coordinates_score_kernel_isolation	oracle_coords_monotone_logistic	cis	same_cross	1	0.1	0.2	0	0.0	nan	nan
057	057A_oracle_coordinates_score_kernel_isolation	oracle_coords_monotone_logistic	cis	same_cross	2	0.2	0.30000000000000004	0	0.0	nan	nan
057	057A_oracle_coordinates_score_kernel_isolation	oracle_coords_monotone_logistic	cis	same_cross	3	0.30000000000000004	0.4	0	0.0	nan	nan
057	057A_oracle_coordinates_score_kernel_isolation	oracle_coords_monotone_logistic	cis	same_cross	4	0.4	0.5	0	0.0	nan	nan
057	057A_oracle_coordinates_score_kernel_isolation	oracle_coords_monotone_logistic	cis	same_cross	5	0.5	0.6000000000000001	140	0.0006794236546198382	0.5512597651496912	0.5357142857142857
057	057A_oracle_coordinates_score_kernel_isolation	oracle_coords_monotone_logistic	cis	same_cross	6	0.6000000000000001	0.7000000000000001	234	0.0011356081084360153	0.6590341455270147	0.6666666666666666
057	057A_oracle_coordinates_score_kernel_isolation	oracle_coords_monotone_logistic	cis	same_cross	7	0.7000000000000001	0.8	279	0.001353994283135249	0.754000814917786	0.5591397849462365
057	057A_oracle_coordinates_score_kernel_isolation	oracle_coords_monotone_logistic	cis	same_cross	8	0.8	0.9	518	0.0025138675220934014	0.857201385897169	0.6428571428571429
057	057A_oracle_coordinates_score_kernel_isolation	oracle_coords_monotone_logistic	cis	same_cross	9	0.9	1.0	204886	0.9943171064317154	0.999625046385354	0.9794666302236366
057	057A_oracle_coordinates_score_kernel_isolation	oracle_coords_monotone_logistic	trans	exact	0	0.0	0.1	0	0.0	nan	nan
057	057A_oracle_coordinates_score_kernel_isolation	oracle_coords_monotone_logistic	trans	exact	1	0.1	0.2	0	0.0	nan	nan
057	057A_oracle_coordinates_score_kernel_isolation	oracle_coords_monotone_logistic	trans	exact	2	0.2	0.30000000000000004	2	1.3891107607465081e-05	0.2934881634651273	0.5
057	057A_oracle_coordinates_score_kernel_isolation	oracle_coords_monotone_logistic	trans	exact	3	0.30000000000000004	0.4	265	0.0018405717579891233	0.3733612934817896	0.2679245283018868
057	057A_oracle_coordinates_score_kernel_isolation	oracle_coords_monotone_logistic	trans	exact	4	0.4	0.5	1589	0.011036484994131008	0.4625857962471263	0.24543738200125864
057	057A_oracle_coordinates_score_kernel_isolation	oracle_coords_monotone_logistic	trans	exact	5	0.5	0.6000000000000001	6792	0.047174201434951414	0.5497622743332331	0.22968197879858657
057	057A_oracle_coordinates_score_kernel_isolation	oracle_coords_monotone_logistic	trans	exact	6	0.6000000000000001	0.7000000000000001	7232	0.05023024510859373	0.6509583066875917	0.22787610619469026
057	057A_oracle_coordinates_score_kernel_isolation	oracle_coords_monotone_logistic	trans	exact	7	0.7000000000000001	0.8	8281	0.05751613104870917	0.7515678298233966	0.23282212293201304
057	057A_oracle_coordinates_score_kernel_isolation	oracle_coords_monotone_logistic	trans	exact	8	0.8	0.9	11768	0.08173527716232454	0.8539205569078122	0.22552685248130525
057	057A_oracle_coordinates_score_kernel_isolation	oracle_coords_monotone_logistic	trans	exact	9	0.9	1.0	108048	0.7504531973856935	0.9876078094168272	0.1446394195172516
057	057A_oracle_coordinates_score_kernel_isolation	oracle_coords_monotone_logistic	trans	same_cross	0	0.0	0.1	0	0.0	nan	nan
057	057A_oracle_coordinates_score_kernel_isolation	oracle_coords_monotone_logistic	trans	same_cross	1	0.1	0.2	0	0.0	nan	nan
057	057A_oracle_coordinates_score_kernel_isolation	oracle_coords_monotone_logistic	trans	same_cross	2	0.2	0.30000000000000004	0	0.0	nan	nan
057	057A_oracle_coordinates_score_kernel_isolation	oracle_coords_monotone_logistic	trans	same_cross	3	0.30000000000000004	0.4	0	0.0	nan	nan
057	057A_oracle_coordinates_score_kernel_isolation	oracle_coords_monotone_logistic	trans	same_cross	4	0.4	0.5	0	0.0	nan	nan
057	057A_oracle_coordinates_score_kernel_isolation	oracle_coords_monotone_logistic	trans	same_cross	5	0.5	0.6000000000000001	4714	0.032741340630795195	0.5505045619049235	0.5029698769622402
057	057A_oracle_coordinates_score_kernel_isolation	oracle_coords_monotone_logistic	trans	same_cross	6	0.6000000000000001	0.7000000000000001	5267	0.03658223188425929	0.6514511269488684	0.5145243971900513
057	057A_oracle_coordinates_score_kernel_isolation	oracle_coords_monotone_logistic	trans	same_cross	7	0.7000000000000001	0.8	6204	0.04309021579835668	0.7520589890750158	0.5174081237911026
057	057A_oracle_coordinates_score_kernel_isolation	oracle_coords_monotone_logistic	trans	same_cross	8	0.8	0.9	9146	0.06352403508893782	0.8541555189041357	0.5284277279685108
057	057A_oracle_coordinates_score_kernel_isolation	oracle_coords_monotone_logistic	trans	same_cross	9	0.9	1.0	118646	0.824062176597651	0.9903302503940059	0.6930869982974563
057	057A_stratified_genomic_separation	oracle_coords_monotone_log	cis_20_50Mb	exact	0	0.0	0.1	0	0.0	nan	nan
057	057A_stratified_genomic_separation	oracle_coords_monotone_log	cis_20_50Mb	exact	1	0.1	0.2	0	0.0	nan	nan
057	057A_stratified_genomic_separation	oracle_coords_monotone_log	cis_20_50Mb	exact	2	0.2	0.30000000000000004	3	5.693788077207766e-05	0.2780369168411501	0.0
057	057A_stratified_genomic_separation	oracle_coords_monotone_log	cis_20_50Mb	exact	3	0.30000000000000004	0.4	129	0.0024483288731993397	0.3670209206434325	0.1937984496124031
057	057A_stratified_genomic_separation	oracle_coords_monotone_log	cis_20_50Mb	exact	4	0.4	0.5	1781	0.03380212188502344	0.4738139406132767	0.38517686692869174
057	057A_stratified_genomic_separation	oracle_coords_monotone_log	cis_20_50Mb	exact	5	0.5	0.6000000000000001	6322	0.11998709408035833	0.5496516737344517	0.3620689655172414
057	057A_stratified_genomic_separation	oracle_coords_monotone_log	cis_20_50Mb	exact	6	0.6000000000000001	0.7000000000000001	7993	0.15170149367040558	0.6521805673936947	0.2014262479669711
057	057A_stratified_genomic_separation	oracle_coords_monotone_log	cis_20_50Mb	exact	7	0.7000000000000001	0.8	10215	0.19387348402892443	0.7520235430581356	0.09427312775330396
057	057A_stratified_genomic_separation	oracle_coords_monotone_log	cis_20_50Mb	exact	8	0.8	0.9	13785	0.26162956214769684	0.8525197800939397	0.0420747188973522
057	057A_stratified_genomic_separation	oracle_coords_monotone_log	cis_20_50Mb	exact	9	0.9	1.0	12461	0.23650097743361992	0.9426987803554787	0.01982184415375973
057	057A_stratified_genomic_separation	oracle_coords_monotone_log	cis_20_50Mb	same_cross	0	0.0	0.1	0	0.0	nan	nan
057	057A_stratified_genomic_separation	oracle_coords_monotone_log	cis_20_50Mb	same_cross	1	0.1	0.2	0	0.0	nan	nan
057	057A_stratified_genomic_separation	oracle_coords_monotone_log	cis_20_50Mb	same_cross	2	0.2	0.30000000000000004	0	0.0	nan	nan
057	057A_stratified_genomic_separation	oracle_coords_monotone_log	cis_20_50Mb	same_cross	3	0.30000000000000004	0.4	0	0.0	nan	nan
057	057A_stratified_genomic_separation	oracle_coords_monotone_log	cis_20_50Mb	same_cross	4	0.4	0.5	0	0.0	nan	nan
057	057A_stratified_genomic_separation	oracle_coords_monotone_log	cis_20_50Mb	same_cross	5	0.5	0.6000000000000001	227	0.00430829964508721	0.5570165611001138	0.5242290748898678
057	057A_stratified_genomic_separation	oracle_coords_monotone_log	cis_20_50Mb	same_cross	6	0.6000000000000001	0.7000000000000001	303	0.005750725957979844	0.6554182114076473	0.7392739273927392
057	057A_stratified_genomic_separation	oracle_coords_monotone_log	cis_20_50Mb	same_cross	7	0.7000000000000001	0.8	764	0.014500180303289112	0.7571622088013091	0.8350785340314136
057	057A_stratified_genomic_separation	oracle_coords_monotone_log	cis_20_50Mb	same_cross	8	0.8	0.9	3031	0.05752623887338913	0.8635977543933556	0.9102606400527878
057	057A_stratified_genomic_separation	oracle_coords_monotone_log	cis_20_50Mb	same_cross	9	0.9	1.0	48364	0.9179145552202547	0.974244679269356	0.9819287073029526
057	057A_stratified_genomic_separation	oracle_coords_monotone_log	cis_5_20Mb	exact	0	0.0	0.1	0	0.0	nan	nan
057	057A_stratified_genomic_separation	oracle_coords_monotone_log	cis_5_20Mb	exact	1	0.1	0.2	0	0.0	nan	nan
057	057A_stratified_genomic_separation	oracle_coords_monotone_log	cis_5_20Mb	exact	2	0.2	0.30000000000000004	0	0.0	nan	nan
057	057A_stratified_genomic_separation	oracle_coords_monotone_log	cis_5_20Mb	exact	3	0.30000000000000004	0.4	137	0.003000438020148927	0.3632522964664954	0.13138686131386862
057	057A_stratified_genomic_separation	oracle_coords_monotone_log	cis_5_20Mb	exact	4	0.4	0.5	1539	0.03370565045992115	0.47535191283508377	0.36907082521117607
057	057A_stratified_genomic_separation	oracle_coords_monotone_log	cis_5_20Mb	exact	5	0.5	0.6000000000000001	6295	0.13786684187472623	0.5502770480825181	0.35186656076250994
057	057A_stratified_genomic_separation	oracle_coords_monotone_log	cis_5_20Mb	exact	6	0.6000000000000001	0.7000000000000001	7510	0.16447656592203241	0.6520608383783293	0.21544607190412782
057	057A_stratified_genomic_separation	oracle_coords_monotone_log	cis_5_20Mb	exact	7	0.7000000000000001	0.8	9169	0.20081033727551467	0.7517589536488954	0.11571599956374741
057	057A_stratified_genomic_separation	oracle_coords_monotone_log	cis_5_20Mb	exact	8	0.8	0.9	10998	0.24086727989487516	0.8514140383198405	0.055100927441352976
057	057A_stratified_genomic_separation	oracle_coords_monotone_log	cis_5_20Mb	exact	9	0.9	1.0	10012	0.21927288655278143	0.9420738427407119	0.02037554934079105
057	057A_stratified_genomic_separation	oracle_coords_monotone_log	cis_5_20Mb	same_cross	0	0.0	0.1	0	0.0	nan	nan
057	057A_stratified_genomic_separation	oracle_coords_monotone_log	cis_5_20Mb	same_cross	1	0.1	0.2	0	0.0	nan	nan
057	057A_stratified_genomic_separation	oracle_coords_monotone_log	cis_5_20Mb	same_cross	2	0.2	0.30000000000000004	0	0.0	nan	nan
057	057A_stratified_genomic_separation	oracle_coords_monotone_log	cis_5_20Mb	same_cross	3	0.30000000000000004	0.4	0	0.0	nan	nan
057	057A_stratified_genomic_separation	oracle_coords_monotone_log	cis_5_20Mb	same_cross	4	0.4	0.5	0	0.0	nan	nan
057	057A_stratified_genomic_separation	oracle_coords_monotone_log	cis_5_20Mb	same_cross	5	0.5	0.6000000000000001	207	0.004533508541392904	0.5482976972445809	0.6183574879227053
057	057A_stratified_genomic_separation	oracle_coords_monotone_log	cis_5_20Mb	same_cross	6	0.6000000000000001	0.7000000000000001	287	0.006285589137100306	0.6560850745678315	0.6167247386759582
057	057A_stratified_genomic_separation	oracle_coords_monotone_log	cis_5_20Mb	same_cross	7	0.7000000000000001	0.8	532	0.011651335961454228	0.7627108139542877	0.8270676691729323
057	057A_stratified_genomic_separation	oracle_coords_monotone_log	cis_5_20Mb	same_cross	8	0.8	0.9	2134	0.046736749890494964	0.8661367093060383	0.9287722586691659
057	057A_stratified_genomic_separation	oracle_coords_monotone_log	cis_5_20Mb	same_cross	9	0.9	1.0	42500	0.9307928164695576	0.9765874031601764	0.9851058823529412
057	057A_stratified_genomic_separation	oracle_coords_monotone_log	cis_ge50Mb	exact	0	0.0	0.1	0	0.0	nan	nan
057	057A_stratified_genomic_separation	oracle_coords_monotone_log	cis_ge50Mb	exact	1	0.1	0.2	0	0.0	nan	nan
057	057A_stratified_genomic_separation	oracle_coords_monotone_log	cis_ge50Mb	exact	2	0.2	0.30000000000000004	3	9.402620196828183e-05	0.28912465220886635	0.6666666666666666
057	057A_stratified_genomic_separation	oracle_coords_monotone_log	cis_ge50Mb	exact	3	0.30000000000000004	0.4	289	0.009057857456277817	0.36517003772521905	0.23529411764705882
057	057A_stratified_genomic_separation	oracle_coords_monotone_log	cis_ge50Mb	exact	4	0.4	0.5	1583	0.04961449257193004	0.4645757364483222	0.3051168667087808
057	057A_stratified_genomic_separation	oracle_coords_monotone_log	cis_ge50Mb	exact	5	0.5	0.6000000000000001	3679	0.11530746568043627	0.54968617405626	0.2911117151399837
057	057A_stratified_genomic_separation	oracle_coords_monotone_log	cis_ge50Mb	exact	6	0.6000000000000001	0.7000000000000001	4411	0.13824985896069705	0.652031529982176	0.15756064384493312
057	057A_stratified_genomic_separation	oracle_coords_monotone_log	cis_ge50Mb	exact	7	0.7000000000000001	0.8	5840	0.18303767316492195	0.7521438974352188	0.07671232876712329
057	057A_stratified_genomic_separation	oracle_coords_monotone_log	cis_ge50Mb	exact	8	0.8	0.9	8819	0.2764056917194258	0.8538782073868348	0.03322372151037532
057	057A_stratified_genomic_separation	oracle_coords_monotone_log	cis_ge50Mb	exact	9	0.9	1.0	7282	0.22823293424434277	0.942117666657456	0.011260642680582258
057	057A_stratified_genomic_separation	oracle_coords_monotone_log	cis_ge50Mb	same_cross	0	0.0	0.1	0	0.0	nan	nan
057	057A_stratified_genomic_separation	oracle_coords_monotone_log	cis_ge50Mb	same_cross	1	0.1	0.2	0	0.0	nan	nan
057	057A_stratified_genomic_separation	oracle_coords_monotone_log	cis_ge50Mb	same_cross	2	0.2	0.30000000000000004	0	0.0	nan	nan
057	057A_stratified_genomic_separation	oracle_coords_monotone_log	cis_ge50Mb	same_cross	3	0.30000000000000004	0.4	0	0.0	nan	nan
057	057A_stratified_genomic_separation	oracle_coords_monotone_log	cis_ge50Mb	same_cross	4	0.4	0.5	0	0.0	nan	nan
057	057A_stratified_genomic_separation	oracle_coords_monotone_log	cis_ge50Mb	same_cross	5	0.5	0.6000000000000001	184	0.005766940387387952	0.5497129598582642	0.6358695652173914
057	057A_stratified_genomic_separation	oracle_coords_monotone_log	cis_ge50Mb	same_cross	6	0.6000000000000001	0.7000000000000001	326	0.010217513947219958	0.656774624948963	0.6533742331288344
057	057A_stratified_genomic_separation	oracle_coords_monotone_log	cis_ge50Mb	same_cross	7	0.7000000000000001	0.8	935	0.02930483294678117	0.7574863470156509	0.7614973262032085
057	057A_stratified_genomic_separation	oracle_coords_monotone_log	cis_ge50Mb	same_cross	8	0.8	0.9	3066	0.09609477841158402	0.8608142807041139	0.8639921722113503
057	057A_stratified_genomic_separation	oracle_coords_monotone_log	cis_ge50Mb	same_cross	9	0.9	1.0	27395	0.8586159343070269	0.9701632986312306	0.9755794853075379
057	057A_stratified_genomic_separation	oracle_coords_monotone_log	cis_lt5Mb	exact	0	0.0	0.1	0	0.0	nan	nan
057	057A_stratified_genomic_separation	oracle_coords_monotone_log	cis_lt5Mb	exact	1	0.1	0.2	0	0.0	nan	nan
057	057A_stratified_genomic_separation	oracle_coords_monotone_log	cis_lt5Mb	exact	2	0.2	0.30000000000000004	0	0.0	nan	nan
057	057A_stratified_genomic_separation	oracle_coords_monotone_log	cis_lt5Mb	exact	3	0.30000000000000004	0.4	86	0.0011345347088467324	0.37961502593750107	0.22093023255813954
057	057A_stratified_genomic_separation	oracle_coords_monotone_log	cis_lt5Mb	exact	4	0.4	0.5	1513	0.019959895517268674	0.48816231726658277	0.4448116325181758
057	057A_stratified_genomic_separation	oracle_coords_monotone_log	cis_lt5Mb	exact	5	0.5	0.6000000000000001	18709	0.2468140682303897	0.5486931643304521	0.4547543962798653
057	057A_stratified_genomic_separation	oracle_coords_monotone_log	cis_lt5Mb	exact	6	0.6000000000000001	0.7000000000000001	16800	0.22163003614680352	0.6501901538158318	0.38208333333333333
057	057A_stratified_genomic_separation	oracle_coords_monotone_log	cis_lt5Mb	exact	7	0.7000000000000001	0.8	16448	0.21698635919896572	0.7491826539971829	0.3223492217898833
057	057A_stratified_genomic_separation	oracle_coords_monotone_log	cis_lt5Mb	exact	8	0.8	0.9	14380	0.18970475713041873	0.8475759560397483	0.26863699582753825
057	057A_stratified_genomic_separation	oracle_coords_monotone_log	cis_lt5Mb	exact	9	0.9	1.0	7866	0.10377034906730694	0.9344339066333597	0.19781337401474702
057	057A_stratified_genomic_separation	oracle_coords_monotone_log	cis_lt5Mb	same_cross	0	0.0	0.1	0	0.0	nan	nan
057	057A_stratified_genomic_separation	oracle_coords_monotone_log	cis_lt5Mb	same_cross	1	0.1	0.2	0	0.0	nan	nan
057	057A_stratified_genomic_separation	oracle_coords_monotone_log	cis_lt5Mb	same_cross	2	0.2	0.30000000000000004	0	0.0	nan	nan
057	057A_stratified_genomic_separation	oracle_coords_monotone_log	cis_lt5Mb	same_cross	3	0.30000000000000004	0.4	0	0.0	nan	nan
057	057A_stratified_genomic_separation	oracle_coords_monotone_log	cis_lt5Mb	same_cross	4	0.4	0.5	0	0.0	nan	nan
057	057A_stratified_genomic_separation	oracle_coords_monotone_log	cis_lt5Mb	same_cross	5	0.5	0.6000000000000001	26	0.00034299886546529113	0.5850518350224407	0.8846153846153846
057	057A_stratified_genomic_separation	oracle_coords_monotone_log	cis_lt5Mb	same_cross	6	0.6000000000000001	0.7000000000000001	73	0.0009630352761140867	0.6412264872176549	0.4794520547945205
057	057A_stratified_genomic_separation	oracle_coords_monotone_log	cis_lt5Mb	same_cross	7	0.7000000000000001	0.8	111	0.001464341310255666	0.7654609626354508	0.8288288288288288
057	057A_stratified_genomic_separation	oracle_coords_monotone_log	cis_lt5Mb	same_cross	8	0.8	0.9	1045	0.013785915938893433	0.8692430929672721	0.9511961722488038
057	057A_stratified_genomic_separation	oracle_coords_monotone_log	cis_lt5Mb	same_cross	9	0.9	1.0	74547	0.9834437086092715	0.9866425335585796	0.9924477175473191
057	057A_stratified_genomic_separation	oracle_coords_monotone_log	trans	exact	0	0.0	0.1	0	0.0	nan	nan
057	057A_stratified_genomic_separation	oracle_coords_monotone_log	trans	exact	1	0.1	0.2	0	0.0	nan	nan
057	057A_stratified_genomic_separation	oracle_coords_monotone_log	trans	exact	2	0.2	0.30000000000000004	2361	0.016398452530612527	0.2872063501662151	0.25370605675561203
057	057A_stratified_genomic_separation	oracle_coords_monotone_log	trans	exact	3	0.30000000000000004	0.4	29195	0.20277544329997152	0.35556704294866337	0.24185648227436204
057	057A_stratified_genomic_separation	oracle_coords_monotone_log	trans	exact	4	0.4	0.5	30865	0.21437451815220487	0.447538422775116	0.22510934715697392
057	057A_stratified_genomic_separation	oracle_coords_monotone_log	trans	exact	5	0.5	0.6000000000000001	21518	0.1494544267487168	0.5477783222492586	0.19997211636769216
057	057A_stratified_genomic_separation	oracle_coords_monotone_log	trans	exact	6	0.6000000000000001	0.7000000000000001	16114	0.11192065399334616	0.6479254263687255	0.1701625915353109
057	057A_stratified_genomic_separation	oracle_coords_monotone_log	trans	exact	7	0.7000000000000001	0.8	12984	0.09018107058766331	0.7483370655192355	0.11498767714109673
057	057A_stratified_genomic_separation	oracle_coords_monotone_log	trans	exact	8	0.8	0.9	13703	0.09517492377254701	0.8521018878235656	0.04473472962125082
057	057A_stratified_genomic_separation	oracle_coords_monotone_log	trans	exact	9	0.9	1.0	17237	0.11972051091493781	0.9433529769567427	0.007019783024888321
057	057A_stratified_genomic_separation	oracle_coords_monotone_log	trans	same_cross	0	0.0	0.1	0	0.0	nan	nan
057	057A_stratified_genomic_separation	oracle_coords_monotone_log	trans	same_cross	1	0.1	0.2	0	0.0	nan	nan
057	057A_stratified_genomic_separation	oracle_coords_monotone_log	trans	same_cross	2	0.2	0.30000000000000004	0	0.0	nan	nan
057	057A_stratified_genomic_separation	oracle_coords_monotone_log	trans	same_cross	3	0.30000000000000004	0.4	0	0.0	nan	nan
057	057A_stratified_genomic_separation	oracle_coords_monotone_log	trans	same_cross	4	0.4	0.5	0	0.0	nan	nan
057	057A_stratified_genomic_separation	oracle_coords_monotone_log	trans	same_cross	5	0.5	0.6000000000000001	39123	0.2717309014634282	0.5491784504380811	0.5112082406768397
057	057A_stratified_genomic_separation	oracle_coords_monotone_log	trans	same_cross	6	0.6000000000000001	0.7000000000000001	31741	0.22045882328427457	0.6486388737620181	0.5627106896443086
057	057A_stratified_genomic_separation	oracle_coords_monotone_log	trans	same_cross	7	0.7000000000000001	0.8	25940	0.1801676656688221	0.7483884217587113	0.6278334618350039
057	057A_stratified_genomic_separation	oracle_coords_monotone_log	trans	same_cross	8	0.8	0.9	20945	0.14547462441917805	0.849233289143597	0.7671998090236333
057	057A_stratified_genomic_separation	oracle_coords_monotone_log	trans	same_cross	9	0.9	1.0	26228	0.18216798516429708	0.9508659699471068	0.9552005490315694
057	057A_stratified_truth_distance_margin	oracle_coords_monotone_log	truth_nearest_high_margin	exact	0	0.0	0.1	0	0.0	nan	nan
057	057A_stratified_truth_distance_margin	oracle_coords_monotone_log	truth_nearest_high_margin	exact	1	0.1	0.2	0	0.0	nan	nan
057	057A_stratified_truth_distance_margin	oracle_coords_monotone_log	truth_nearest_high_margin	exact	2	0.2	0.30000000000000004	28	0.0012717445610210291	0.29513600813030777	1.0
057	057A_stratified_truth_distance_margin	oracle_coords_monotone_log	truth_nearest_high_margin	exact	3	0.30000000000000004	0.4	2912	0.13226143434618703	0.36545347844983206	1.0
057	057A_stratified_truth_distance_margin	oracle_coords_monotone_log	truth_nearest_high_margin	exact	4	0.4	0.5	5338	0.24244901666893764	0.44900525750676157	1.0
057	057A_stratified_truth_distance_margin	oracle_coords_monotone_log	truth_nearest_high_margin	exact	5	0.5	0.6000000000000001	4276	0.1942135622473543	0.5481380519980491	1.0
057	057A_stratified_truth_distance_margin	oracle_coords_monotone_log	truth_nearest_high_margin	exact	6	0.6000000000000001	0.7000000000000001	3359	0.15256392787391562	0.6479402725209892	1.0
057	057A_stratified_truth_distance_margin	oracle_coords_monotone_log	truth_nearest_high_margin	exact	7	0.7000000000000001	0.8	2552	0.11591043284734523	0.7474571916945958	1.0
057	057A_stratified_truth_distance_margin	oracle_coords_monotone_log	truth_nearest_high_margin	exact	8	0.8	0.9	2219	0.10078575646091656	0.8472169534026365	1.0
057	057A_stratified_truth_distance_margin	oracle_coords_monotone_log	truth_nearest_high_margin	exact	9	0.9	1.0	1333	0.060544124994322567	0.934594139848609	1.0
057	057A_stratified_truth_distance_margin	oracle_coords_monotone_log	truth_nearest_high_margin	same_cross	0	0.0	0.1	0	0.0	nan	nan
057	057A_stratified_truth_distance_margin	oracle_coords_monotone_log	truth_nearest_high_margin	same_cross	1	0.1	0.2	0	0.0	nan	nan
057	057A_stratified_truth_distance_margin	oracle_coords_monotone_log	truth_nearest_high_margin	same_cross	2	0.2	0.30000000000000004	0	0.0	nan	nan
057	057A_stratified_truth_distance_margin	oracle_coords_monotone_log	truth_nearest_high_margin	same_cross	3	0.30000000000000004	0.4	0	0.0	nan	nan
057	057A_stratified_truth_distance_margin	oracle_coords_monotone_log	truth_nearest_high_margin	same_cross	4	0.4	0.5	0	0.0	nan	nan
057	057A_stratified_truth_distance_margin	oracle_coords_monotone_log	truth_nearest_high_margin	same_cross	5	0.5	0.6000000000000001	4244	0.19276013989190172	0.558309920647165	0.9474552309142319
057	057A_stratified_truth_distance_margin	oracle_coords_monotone_log	truth_nearest_high_margin	same_cross	6	0.6000000000000001	0.7000000000000001	5747	0.26102557114956626	0.6484088164526943	1.0
057	057A_stratified_truth_distance_margin	oracle_coords_monotone_log	truth_nearest_high_margin	same_cross	7	0.7000000000000001	0.8	4405	0.20007267111777263	0.7476493439709124	1.0
057	057A_stratified_truth_distance_margin	oracle_coords_monotone_log	truth_nearest_high_margin	same_cross	8	0.8	0.9	2752	0.12499432256892401	0.8447640413699665	1.0
057	057A_stratified_truth_distance_margin	oracle_coords_monotone_log	truth_nearest_high_margin	same_cross	9	0.9	1.0	4869	0.2211472952718354	0.9705369202014618	1.0
057	057A_stratified_truth_distance_margin	oracle_coords_monotone_log	truth_nearest_low_margin	exact	0	0.0	0.1	0	0.0	nan	nan
057	057A_stratified_truth_distance_margin	oracle_coords_monotone_log	truth_nearest_low_margin	exact	1	0.1	0.2	0	0.0	nan	nan
057	057A_stratified_truth_distance_margin	oracle_coords_monotone_log	truth_nearest_low_margin	exact	2	0.2	0.30000000000000004	360	0.01634877384196185	0.2847308323772269	1.0
057	057A_stratified_truth_distance_margin	oracle_coords_monotone_log	truth_nearest_low_margin	exact	3	0.30000000000000004	0.4	1654	0.07511353315168029	0.344548878233433	1.0
057	057A_stratified_truth_distance_margin	oracle_coords_monotone_log	truth_nearest_low_margin	exact	4	0.4	0.5	2586	0.11743869209809264	0.4731045832020474	1.0
057	057A_stratified_truth_distance_margin	oracle_coords_monotone_log	truth_nearest_low_margin	exact	5	0.5	0.6000000000000001	12310	0.5590372388737511	0.5448259781808741	1.0
057	057A_stratified_truth_distance_margin	oracle_coords_monotone_log	truth_nearest_low_margin	exact	6	0.6000000000000001	0.7000000000000001	4231	0.1921435059037239	0.635658738505085	1.0
057	057A_stratified_truth_distance_margin	oracle_coords_monotone_log	truth_nearest_low_margin	exact	7	0.7000000000000001	0.8	842	0.03823796548592189	0.7321184548721825	1.0
057	057A_stratified_truth_distance_margin	oracle_coords_monotone_log	truth_nearest_low_margin	exact	8	0.8	0.9	37	0.0016802906448683016	0.8240683144294375	1.0
057	057A_stratified_truth_distance_margin	oracle_coords_monotone_log	truth_nearest_low_margin	exact	9	0.9	1.0	0	0.0	nan	nan
057	057A_stratified_truth_distance_margin	oracle_coords_monotone_log	truth_nearest_low_margin	same_cross	0	0.0	0.1	0	0.0	nan	nan
057	057A_stratified_truth_distance_margin	oracle_coords_monotone_log	truth_nearest_low_margin	same_cross	1	0.1	0.2	0	0.0	nan	nan
057	057A_stratified_truth_distance_margin	oracle_coords_monotone_log	truth_nearest_low_margin	same_cross	2	0.2	0.30000000000000004	0	0.0	nan	nan
057	057A_stratified_truth_distance_margin	oracle_coords_monotone_log	truth_nearest_low_margin	same_cross	3	0.30000000000000004	0.4	0	0.0	nan	nan
057	057A_stratified_truth_distance_margin	oracle_coords_monotone_log	truth_nearest_low_margin	same_cross	4	0.4	0.5	0	0.0	nan	nan
057	057A_stratified_truth_distance_margin	oracle_coords_monotone_log	truth_nearest_low_margin	same_cross	5	0.5	0.6000000000000001	1660	0.07538601271571299	0.5371038097811927	0.6433734939759036
057	057A_stratified_truth_distance_margin	oracle_coords_monotone_log	truth_nearest_low_margin	same_cross	6	0.6000000000000001	0.7000000000000001	423	0.019209809264305176	0.6453924157166072	0.9881796690307328
057	057A_stratified_truth_distance_margin	oracle_coords_monotone_log	truth_nearest_low_margin	same_cross	7	0.7000000000000001	0.8	303	0.013760217983651226	0.7507376022027632	1.0
057	057A_stratified_truth_distance_margin	oracle_coords_monotone_log	truth_nearest_low_margin	same_cross	8	0.8	0.9	606	0.027520435967302453	0.8609530309436946	1.0
057	057A_stratified_truth_distance_margin	oracle_coords_monotone_log	truth_nearest_low_margin	same_cross	9	0.9	1.0	19028	0.8641235240690281	0.9827444778349146	1.0
057	057A_stratified_truth_distance_margin	oracle_coords_monotone_log	truth_nearest_mid_margin	exact	0	0.0	0.1	0	0.0	nan	nan
057	057A_stratified_truth_distance_margin	oracle_coords_monotone_log	truth_nearest_mid_margin	exact	1	0.1	0.2	0	0.0	nan	nan
057	057A_stratified_truth_distance_margin	oracle_coords_monotone_log	truth_nearest_mid_margin	exact	2	0.2	0.30000000000000004	213	0.009675221439927321	0.28990241074391415	1.0
057	057A_stratified_truth_distance_margin	oracle_coords_monotone_log	truth_nearest_mid_margin	exact	3	0.30000000000000004	0.4	2625	0.1192368839427663	0.35119680562486705	1.0
057	057A_stratified_truth_distance_margin	oracle_coords_monotone_log	truth_nearest_mid_margin	exact	4	0.4	0.5	1434	0.0651374063138769	0.44354075204497945	1.0
057	057A_stratified_truth_distance_margin	oracle_coords_monotone_log	truth_nearest_mid_margin	exact	5	0.5	0.6000000000000001	1800	0.08176243470361118	0.5605173486708122	1.0
057	057A_stratified_truth_distance_margin	oracle_coords_monotone_log	truth_nearest_mid_margin	exact	6	0.6000000000000001	0.7000000000000001	5494	0.24955712014535544	0.6571257726678758	1.0
057	057A_stratified_truth_distance_margin	oracle_coords_monotone_log	truth_nearest_mid_margin	exact	7	0.7000000000000001	0.8	5873	0.2667726550079491	0.7465597460605492	1.0
057	057A_stratified_truth_distance_margin	oracle_coords_monotone_log	truth_nearest_mid_margin	exact	8	0.8	0.9	3699	0.16802180331592095	0.8434113476104516	1.0
057	057A_stratified_truth_distance_margin	oracle_coords_monotone_log	truth_nearest_mid_margin	exact	9	0.9	1.0	877	0.039836475130592776	0.9235353133700913	1.0
057	057A_stratified_truth_distance_margin	oracle_coords_monotone_log	truth_nearest_mid_margin	same_cross	0	0.0	0.1	0	0.0	nan	nan
057	057A_stratified_truth_distance_margin	oracle_coords_monotone_log	truth_nearest_mid_margin	same_cross	1	0.1	0.2	0	0.0	nan	nan
057	057A_stratified_truth_distance_margin	oracle_coords_monotone_log	truth_nearest_mid_margin	same_cross	2	0.2	0.30000000000000004	0	0.0	nan	nan
057	057A_stratified_truth_distance_margin	oracle_coords_monotone_log	truth_nearest_mid_margin	same_cross	3	0.30000000000000004	0.4	0	0.0	nan	nan
057	057A_stratified_truth_distance_margin	oracle_coords_monotone_log	truth_nearest_mid_margin	same_cross	4	0.4	0.5	0	0.0	nan	nan
057	057A_stratified_truth_distance_margin	oracle_coords_monotone_log	truth_nearest_mid_margin	same_cross	5	0.5	0.6000000000000001	2716	0.12337042925278219	0.5422931553423187	0.7776141384388807
057	057A_stratified_truth_distance_margin	oracle_coords_monotone_log	truth_nearest_mid_margin	same_cross	6	0.6000000000000001	0.7000000000000001	836	0.03797410856234386	0.6447511525233314	1.0
057	057A_stratified_truth_distance_margin	oracle_coords_monotone_log	truth_nearest_mid_margin	same_cross	7	0.7000000000000001	0.8	569	0.0258460140813082	0.7488880602572028	1.0
057	057A_stratified_truth_distance_margin	oracle_coords_monotone_log	truth_nearest_mid_margin	same_cross	8	0.8	0.9	786	0.03570292982057688	0.8606821050497122	1.0
057	057A_stratified_truth_distance_margin	oracle_coords_monotone_log	truth_nearest_mid_margin	same_cross	9	0.9	1.0	17108	0.7771065182829888	0.9839233915314127	1.0
057	057A_stratified_truth_distance_margin	oracle_coords_monotone_log	truth_not_nearest	exact	0	0.0	0.1	0	0.0	nan	nan
057	057A_stratified_truth_distance_margin	oracle_coords_monotone_log	truth_not_nearest	exact	1	0.1	0.2	0	0.0	nan	nan
057	057A_stratified_truth_distance_margin	oracle_coords_monotone_log	truth_not_nearest	exact	2	0.2	0.30000000000000004	1766	0.006218704002366347	0.28724776674840313	0.0
057	057A_stratified_truth_distance_margin	oracle_coords_monotone_log	truth_not_nearest	exact	3	0.30000000000000004	0.4	22645	0.07974096949806678	0.3559327059743461	0.0
057	057A_stratified_truth_distance_margin	oracle_coords_monotone_log	truth_not_nearest	exact	4	0.4	0.5	27923	0.09832665450627152	0.45147153467382944	0.0
057	057A_stratified_truth_distance_margin	oracle_coords_monotone_log	truth_not_nearest	exact	5	0.5	0.6000000000000001	38137	0.13429372284158855	0.549445534615778	0.0
057	057A_stratified_truth_distance_margin	oracle_coords_monotone_log	truth_not_nearest	exact	6	0.6000000000000001	0.7000000000000001	39744	0.13995253220274526	0.6510084455945985	0.0
057	057A_stratified_truth_distance_margin	oracle_coords_monotone_log	truth_not_nearest	exact	7	0.7000000000000001	0.8	45389	0.15983055264066032	0.7512345187202644	0.0
057	057A_stratified_truth_distance_margin	oracle_coords_monotone_log	truth_not_nearest	exact	8	0.8	0.9	55730	0.19624483241895613	0.8519727178832506	0.0
057	057A_stratified_truth_distance_margin	oracle_coords_monotone_log	truth_not_nearest	exact	9	0.9	1.0	52648	0.1853920318893451	0.9420033349655607	0.0
057	057A_stratified_truth_distance_margin	oracle_coords_monotone_log	truth_not_nearest	same_cross	0	0.0	0.1	0	0.0	nan	nan
057	057A_stratified_truth_distance_margin	oracle_coords_monotone_log	truth_not_nearest	same_cross	1	0.1	0.2	0	0.0	nan	nan
057	057A_stratified_truth_distance_margin	oracle_coords_monotone_log	truth_not_nearest	same_cross	2	0.2	0.30000000000000004	0	0.0	nan	nan
057	057A_stratified_truth_distance_margin	oracle_coords_monotone_log	truth_not_nearest	same_cross	3	0.30000000000000004	0.4	0	0.0	nan	nan
057	057A_stratified_truth_distance_margin	oracle_coords_monotone_log	truth_not_nearest	same_cross	4	0.4	0.5	0	0.0	nan	nan
057	057A_stratified_truth_distance_margin	oracle_coords_monotone_log	truth_not_nearest	same_cross	5	0.5	0.6000000000000001	31147	0.10967948672803206	0.5492625162660872	0.42334735287507624
057	057A_stratified_truth_distance_margin	oracle_coords_monotone_log	truth_not_nearest	same_cross	6	0.6000000000000001	0.7000000000000001	25724	0.09058320597784367	0.6491150001681966	0.4474032032343337
057	057A_stratified_truth_distance_margin	oracle_coords_monotone_log	truth_not_nearest	same_cross	7	0.7000000000000001	0.8	23005	0.0810086554781641	0.7495613771934522	0.5603564442512498
057	057A_stratified_truth_distance_margin	oracle_coords_monotone_log	truth_not_nearest	same_cross	8	0.8	0.9	26077	0.091826242508328	0.854303910570867	0.778808912068106
057	057A_stratified_truth_distance_margin	oracle_coords_monotone_log	truth_not_nearest	same_cross	9	0.9	1.0	178029	0.6269024093076322	0.9741859130053769	0.9780148178105814
057	057D_prior_only	prior_uniform_four_state	all	exact	0	0.0	0.1	0	0.0	nan	nan
057	057D_prior_only	prior_uniform_four_state	all	exact	1	0.1	0.2	0	0.0	nan	nan
057	057D_prior_only	prior_uniform_four_state	all	exact	2	0.2	0.30000000000000004	350034	1.0	0.25	0.41999920007770675
057	057D_prior_only	prior_uniform_four_state	all	exact	3	0.30000000000000004	0.4	0	0.0	nan	nan
057	057D_prior_only	prior_uniform_four_state	all	exact	4	0.4	0.5	0	0.0	nan	nan
057	057D_prior_only	prior_uniform_four_state	all	exact	5	0.5	0.6000000000000001	0	0.0	nan	nan
057	057D_prior_only	prior_uniform_four_state	all	exact	6	0.6000000000000001	0.7000000000000001	0	0.0	nan	nan
057	057D_prior_only	prior_uniform_four_state	all	exact	7	0.7000000000000001	0.8	0	0.0	nan	nan
057	057D_prior_only	prior_uniform_four_state	all	exact	8	0.8	0.9	0	0.0	nan	nan
057	057D_prior_only	prior_uniform_four_state	all	exact	9	0.9	1.0	0	0.0	nan	nan
057	057D_prior_only	prior_uniform_four_state	all	same_cross	0	0.0	0.1	0	0.0	nan	nan
057	057D_prior_only	prior_uniform_four_state	all	same_cross	1	0.1	0.2	0	0.0	nan	nan
057	057D_prior_only	prior_uniform_four_state	all	same_cross	2	0.2	0.30000000000000004	0	0.0	nan	nan
057	057D_prior_only	prior_uniform_four_state	all	same_cross	3	0.30000000000000004	0.4	0	0.0	nan	nan
057	057D_prior_only	prior_uniform_four_state	all	same_cross	4	0.4	0.5	0	0.0	nan	nan
057	057D_prior_only	prior_uniform_four_state	all	same_cross	5	0.5	0.6000000000000001	350034	1.0	0.5	0.7712907888947931
057	057D_prior_only	prior_uniform_four_state	all	same_cross	6	0.6000000000000001	0.7000000000000001	0	0.0	nan	nan
057	057D_prior_only	prior_uniform_four_state	all	same_cross	7	0.7000000000000001	0.8	0	0.0	nan	nan
057	057D_prior_only	prior_uniform_four_state	all	same_cross	8	0.8	0.9	0	0.0	nan	nan
057	057D_prior_only	prior_uniform_four_state	all	same_cross	9	0.9	1.0	0	0.0	nan	nan
057	057D_prior_only	prior_uniform_four_state	cis	exact	0	0.0	0.1	0	0.0	nan	nan
057	057D_prior_only	prior_uniform_four_state	cis	exact	1	0.1	0.2	0	0.0	nan	nan
057	057D_prior_only	prior_uniform_four_state	cis	exact	2	0.2	0.30000000000000004	206057	1.0	0.25	0.5338911078002688
057	057D_prior_only	prior_uniform_four_state	cis	exact	3	0.30000000000000004	0.4	0	0.0	nan	nan
057	057D_prior_only	prior_uniform_four_state	cis	exact	4	0.4	0.5	0	0.0	nan	nan
057	057D_prior_only	prior_uniform_four_state	cis	exact	5	0.5	0.6000000000000001	0	0.0	nan	nan
057	057D_prior_only	prior_uniform_four_state	cis	exact	6	0.6000000000000001	0.7000000000000001	0	0.0	nan	nan
057	057D_prior_only	prior_uniform_four_state	cis	exact	7	0.7000000000000001	0.8	0	0.0	nan	nan
057	057D_prior_only	prior_uniform_four_state	cis	exact	8	0.8	0.9	0	0.0	nan	nan
057	057D_prior_only	prior_uniform_four_state	cis	exact	9	0.9	1.0	0	0.0	nan	nan
057	057D_prior_only	prior_uniform_four_state	cis	same_cross	0	0.0	0.1	0	0.0	nan	nan
057	057D_prior_only	prior_uniform_four_state	cis	same_cross	1	0.1	0.2	0	0.0	nan	nan
057	057D_prior_only	prior_uniform_four_state	cis	same_cross	2	0.2	0.30000000000000004	0	0.0	nan	nan
057	057D_prior_only	prior_uniform_four_state	cis	same_cross	3	0.30000000000000004	0.4	0	0.0	nan	nan
057	057D_prior_only	prior_uniform_four_state	cis	same_cross	4	0.4	0.5	0	0.0	nan	nan
057	057D_prior_only	prior_uniform_four_state	cis	same_cross	5	0.5	0.6000000000000001	206057	1.0	0.5	0.974963238327259
057	057D_prior_only	prior_uniform_four_state	cis	same_cross	6	0.6000000000000001	0.7000000000000001	0	0.0	nan	nan
057	057D_prior_only	prior_uniform_four_state	cis	same_cross	7	0.7000000000000001	0.8	0	0.0	nan	nan
057	057D_prior_only	prior_uniform_four_state	cis	same_cross	8	0.8	0.9	0	0.0	nan	nan
057	057D_prior_only	prior_uniform_four_state	cis	same_cross	9	0.9	1.0	0	0.0	nan	nan
057	057D_prior_only	prior_uniform_four_state	trans	exact	0	0.0	0.1	0	0.0	nan	nan
057	057D_prior_only	prior_uniform_four_state	trans	exact	1	0.1	0.2	0	0.0	nan	nan
057	057D_prior_only	prior_uniform_four_state	trans	exact	2	0.2	0.30000000000000004	143977	1.0	0.25	0.25699938184571147
057	057D_prior_only	prior_uniform_four_state	trans	exact	3	0.30000000000000004	0.4	0	0.0	nan	nan
057	057D_prior_only	prior_uniform_four_state	trans	exact	4	0.4	0.5	0	0.0	nan	nan
057	057D_prior_only	prior_uniform_four_state	trans	exact	5	0.5	0.6000000000000001	0	0.0	nan	nan
057	057D_prior_only	prior_uniform_four_state	trans	exact	6	0.6000000000000001	0.7000000000000001	0	0.0	nan	nan
057	057D_prior_only	prior_uniform_four_state	trans	exact	7	0.7000000000000001	0.8	0	0.0	nan	nan
057	057D_prior_only	prior_uniform_four_state	trans	exact	8	0.8	0.9	0	0.0	nan	nan
057	057D_prior_only	prior_uniform_four_state	trans	exact	9	0.9	1.0	0	0.0	nan	nan
057	057D_prior_only	prior_uniform_four_state	trans	same_cross	0	0.0	0.1	0	0.0	nan	nan
057	057D_prior_only	prior_uniform_four_state	trans	same_cross	1	0.1	0.2	0	0.0	nan	nan
057	057D_prior_only	prior_uniform_four_state	trans	same_cross	2	0.2	0.30000000000000004	0	0.0	nan	nan
057	057D_prior_only	prior_uniform_four_state	trans	same_cross	3	0.30000000000000004	0.4	0	0.0	nan	nan
057	057D_prior_only	prior_uniform_four_state	trans	same_cross	4	0.4	0.5	0	0.0	nan	nan
057	057D_prior_only	prior_uniform_four_state	trans	same_cross	5	0.5	0.6000000000000001	143977	1.0	0.5	0.4797988567618439
057	057D_prior_only	prior_uniform_four_state	trans	same_cross	6	0.6000000000000001	0.7000000000000001	0	0.0	nan	nan
057	057D_prior_only	prior_uniform_four_state	trans	same_cross	7	0.7000000000000001	0.8	0	0.0	nan	nan
057	057D_prior_only	prior_uniform_four_state	trans	same_cross	8	0.8	0.9	0	0.0	nan	nan
057	057D_prior_only	prior_uniform_four_state	trans	same_cross	9	0.9	1.0	0	0.0	nan	nan
057	057D_prior_only	prior_cis_same_cross_configured_0p9	all	exact	0	0.0	0.1	0	0.0	nan	nan
057	057D_prior_only	prior_cis_same_cross_configured_0p9	all	exact	1	0.1	0.2	0	0.0	nan	nan
057	057D_prior_only	prior_cis_same_cross_configured_0p9	all	exact	2	0.2	0.30000000000000004	143977	0.4113229000611369	0.25	0.25699938184571147
057	057D_prior_only	prior_cis_same_cross_configured_0p9	all	exact	3	0.30000000000000004	0.4	0	0.0	nan	nan
057	057D_prior_only	prior_cis_same_cross_configured_0p9	all	exact	4	0.4	0.5	206057	0.5886770999388631	0.4500000000000002	0.5338911078002688
057	057D_prior_only	prior_cis_same_cross_configured_0p9	all	exact	5	0.5	0.6000000000000001	0	0.0	nan	nan
057	057D_prior_only	prior_cis_same_cross_configured_0p9	all	exact	6	0.6000000000000001	0.7000000000000001	0	0.0	nan	nan
057	057D_prior_only	prior_cis_same_cross_configured_0p9	all	exact	7	0.7000000000000001	0.8	0	0.0	nan	nan
057	057D_prior_only	prior_cis_same_cross_configured_0p9	all	exact	8	0.8	0.9	0	0.0	nan	nan
057	057D_prior_only	prior_cis_same_cross_configured_0p9	all	exact	9	0.9	1.0	0	0.0	nan	nan
057	057D_prior_only	prior_cis_same_cross_configured_0p9	all	same_cross	0	0.0	0.1	0	0.0	nan	nan
057	057D_prior_only	prior_cis_same_cross_configured_0p9	all	same_cross	1	0.1	0.2	0	0.0	nan	nan
057	057D_prior_only	prior_cis_same_cross_configured_0p9	all	same_cross	2	0.2	0.30000000000000004	0	0.0	nan	nan
057	057D_prior_only	prior_cis_same_cross_configured_0p9	all	same_cross	3	0.30000000000000004	0.4	0	0.0	nan	nan
057	057D_prior_only	prior_cis_same_cross_configured_0p9	all	same_cross	4	0.4	0.5	0	0.0	nan	nan
057	057D_prior_only	prior_cis_same_cross_configured_0p9	all	same_cross	5	0.5	0.6000000000000001	143977	0.4113229000611369	0.5	0.4797988567618439
057	057D_prior_only	prior_cis_same_cross_configured_0p9	all	same_cross	6	0.6000000000000001	0.7000000000000001	0	0.0	nan	nan
057	057D_prior_only	prior_cis_same_cross_configured_0p9	all	same_cross	7	0.7000000000000001	0.8	0	0.0	nan	nan
057	057D_prior_only	prior_cis_same_cross_configured_0p9	all	same_cross	8	0.8	0.9	0	0.0	nan	nan
057	057D_prior_only	prior_cis_same_cross_configured_0p9	all	same_cross	9	0.9	1.0	206057	0.5886770999388631	0.9000000000000004	0.974963238327259
057	057D_prior_only	prior_cis_same_cross_configured_0p9	cis	exact	0	0.0	0.1	0	0.0	nan	nan
057	057D_prior_only	prior_cis_same_cross_configured_0p9	cis	exact	1	0.1	0.2	0	0.0	nan	nan
057	057D_prior_only	prior_cis_same_cross_configured_0p9	cis	exact	2	0.2	0.30000000000000004	0	0.0	nan	nan
057	057D_prior_only	prior_cis_same_cross_configured_0p9	cis	exact	3	0.30000000000000004	0.4	0	0.0	nan	nan
057	057D_prior_only	prior_cis_same_cross_configured_0p9	cis	exact	4	0.4	0.5	206057	1.0	0.4500000000000002	0.5338911078002688
057	057D_prior_only	prior_cis_same_cross_configured_0p9	cis	exact	5	0.5	0.6000000000000001	0	0.0	nan	nan
057	057D_prior_only	prior_cis_same_cross_configured_0p9	cis	exact	6	0.6000000000000001	0.7000000000000001	0	0.0	nan	nan
057	057D_prior_only	prior_cis_same_cross_configured_0p9	cis	exact	7	0.7000000000000001	0.8	0	0.0	nan	nan
057	057D_prior_only	prior_cis_same_cross_configured_0p9	cis	exact	8	0.8	0.9	0	0.0	nan	nan
057	057D_prior_only	prior_cis_same_cross_configured_0p9	cis	exact	9	0.9	1.0	0	0.0	nan	nan
057	057D_prior_only	prior_cis_same_cross_configured_0p9	cis	same_cross	0	0.0	0.1	0	0.0	nan	nan
057	057D_prior_only	prior_cis_same_cross_configured_0p9	cis	same_cross	1	0.1	0.2	0	0.0	nan	nan
057	057D_prior_only	prior_cis_same_cross_configured_0p9	cis	same_cross	2	0.2	0.30000000000000004	0	0.0	nan	nan
057	057D_prior_only	prior_cis_same_cross_configured_0p9	cis	same_cross	3	0.30000000000000004	0.4	0	0.0	nan	nan
057	057D_prior_only	prior_cis_same_cross_configured_0p9	cis	same_cross	4	0.4	0.5	0	0.0	nan	nan
057	057D_prior_only	prior_cis_same_cross_configured_0p9	cis	same_cross	5	0.5	0.6000000000000001	0	0.0	nan	nan
057	057D_prior_only	prior_cis_same_cross_configured_0p9	cis	same_cross	6	0.6000000000000001	0.7000000000000001	0	0.0	nan	nan
057	057D_prior_only	prior_cis_same_cross_configured_0p9	cis	same_cross	7	0.7000000000000001	0.8	0	0.0	nan	nan
057	057D_prior_only	prior_cis_same_cross_configured_0p9	cis	same_cross	8	0.8	0.9	0	0.0	nan	nan
057	057D_prior_only	prior_cis_same_cross_configured_0p9	cis	same_cross	9	0.9	1.0	206057	1.0	0.9000000000000004	0.974963238327259
057	057D_prior_only	prior_cis_same_cross_configured_0p9	trans	exact	0	0.0	0.1	0	0.0	nan	nan
057	057D_prior_only	prior_cis_same_cross_configured_0p9	trans	exact	1	0.1	0.2	0	0.0	nan	nan
057	057D_prior_only	prior_cis_same_cross_configured_0p9	trans	exact	2	0.2	0.30000000000000004	143977	1.0	0.25	0.25699938184571147
057	057D_prior_only	prior_cis_same_cross_configured_0p9	trans	exact	3	0.30000000000000004	0.4	0	0.0	nan	nan
057	057D_prior_only	prior_cis_same_cross_configured_0p9	trans	exact	4	0.4	0.5	0	0.0	nan	nan
057	057D_prior_only	prior_cis_same_cross_configured_0p9	trans	exact	5	0.5	0.6000000000000001	0	0.0	nan	nan
057	057D_prior_only	prior_cis_same_cross_configured_0p9	trans	exact	6	0.6000000000000001	0.7000000000000001	0	0.0	nan	nan
057	057D_prior_only	prior_cis_same_cross_configured_0p9	trans	exact	7	0.7000000000000001	0.8	0	0.0	nan	nan
057	057D_prior_only	prior_cis_same_cross_configured_0p9	trans	exact	8	0.8	0.9	0	0.0	nan	nan
057	057D_prior_only	prior_cis_same_cross_configured_0p9	trans	exact	9	0.9	1.0	0	0.0	nan	nan
057	057D_prior_only	prior_cis_same_cross_configured_0p9	trans	same_cross	0	0.0	0.1	0	0.0	nan	nan
057	057D_prior_only	prior_cis_same_cross_configured_0p9	trans	same_cross	1	0.1	0.2	0	0.0	nan	nan
057	057D_prior_only	prior_cis_same_cross_configured_0p9	trans	same_cross	2	0.2	0.30000000000000004	0	0.0	nan	nan
057	057D_prior_only	prior_cis_same_cross_configured_0p9	trans	same_cross	3	0.30000000000000004	0.4	0	0.0	nan	nan
057	057D_prior_only	prior_cis_same_cross_configured_0p9	trans	same_cross	4	0.4	0.5	0	0.0	nan	nan
057	057D_prior_only	prior_cis_same_cross_configured_0p9	trans	same_cross	5	0.5	0.6000000000000001	143977	1.0	0.5	0.4797988567618439
057	057D_prior_only	prior_cis_same_cross_configured_0p9	trans	same_cross	6	0.6000000000000001	0.7000000000000001	0	0.0	nan	nan
057	057D_prior_only	prior_cis_same_cross_configured_0p9	trans	same_cross	7	0.7000000000000001	0.8	0	0.0	nan	nan
057	057D_prior_only	prior_cis_same_cross_configured_0p9	trans	same_cross	8	0.8	0.9	0	0.0	nan	nan
057	057D_prior_only	prior_cis_same_cross_configured_0p9	trans	same_cross	9	0.9	1.0	0	0.0	nan	nan
057	057D_prior_only	prior_chromosome_pair_unlabeled_gauge_symmetric	all	exact	0	0.0	0.1	0	0.0	nan	nan
057	057D_prior_only	prior_chromosome_pair_unlabeled_gauge_symmetric	all	exact	1	0.1	0.2	0	0.0	nan	nan
057	057D_prior_only	prior_chromosome_pair_unlabeled_gauge_symmetric	all	exact	2	0.2	0.30000000000000004	350034	1.0	0.25	0.41999920007770675
057	057D_prior_only	prior_chromosome_pair_unlabeled_gauge_symmetric	all	exact	3	0.30000000000000004	0.4	0	0.0	nan	nan
057	057D_prior_only	prior_chromosome_pair_unlabeled_gauge_symmetric	all	exact	4	0.4	0.5	0	0.0	nan	nan
057	057D_prior_only	prior_chromosome_pair_unlabeled_gauge_symmetric	all	exact	5	0.5	0.6000000000000001	0	0.0	nan	nan
057	057D_prior_only	prior_chromosome_pair_unlabeled_gauge_symmetric	all	exact	6	0.6000000000000001	0.7000000000000001	0	0.0	nan	nan
057	057D_prior_only	prior_chromosome_pair_unlabeled_gauge_symmetric	all	exact	7	0.7000000000000001	0.8	0	0.0	nan	nan
057	057D_prior_only	prior_chromosome_pair_unlabeled_gauge_symmetric	all	exact	8	0.8	0.9	0	0.0	nan	nan
057	057D_prior_only	prior_chromosome_pair_unlabeled_gauge_symmetric	all	exact	9	0.9	1.0	0	0.0	nan	nan
057	057D_prior_only	prior_chromosome_pair_unlabeled_gauge_symmetric	all	same_cross	0	0.0	0.1	0	0.0	nan	nan
057	057D_prior_only	prior_chromosome_pair_unlabeled_gauge_symmetric	all	same_cross	1	0.1	0.2	0	0.0	nan	nan
057	057D_prior_only	prior_chromosome_pair_unlabeled_gauge_symmetric	all	same_cross	2	0.2	0.30000000000000004	0	0.0	nan	nan
057	057D_prior_only	prior_chromosome_pair_unlabeled_gauge_symmetric	all	same_cross	3	0.30000000000000004	0.4	0	0.0	nan	nan
057	057D_prior_only	prior_chromosome_pair_unlabeled_gauge_symmetric	all	same_cross	4	0.4	0.5	0	0.0	nan	nan
057	057D_prior_only	prior_chromosome_pair_unlabeled_gauge_symmetric	all	same_cross	5	0.5	0.6000000000000001	350034	1.0	0.5	0.7712907888947931
057	057D_prior_only	prior_chromosome_pair_unlabeled_gauge_symmetric	all	same_cross	6	0.6000000000000001	0.7000000000000001	0	0.0	nan	nan
057	057D_prior_only	prior_chromosome_pair_unlabeled_gauge_symmetric	all	same_cross	7	0.7000000000000001	0.8	0	0.0	nan	nan
057	057D_prior_only	prior_chromosome_pair_unlabeled_gauge_symmetric	all	same_cross	8	0.8	0.9	0	0.0	nan	nan
057	057D_prior_only	prior_chromosome_pair_unlabeled_gauge_symmetric	all	same_cross	9	0.9	1.0	0	0.0	nan	nan
057	057D_prior_only	prior_chromosome_pair_unlabeled_gauge_symmetric	cis	exact	0	0.0	0.1	0	0.0	nan	nan
057	057D_prior_only	prior_chromosome_pair_unlabeled_gauge_symmetric	cis	exact	1	0.1	0.2	0	0.0	nan	nan
057	057D_prior_only	prior_chromosome_pair_unlabeled_gauge_symmetric	cis	exact	2	0.2	0.30000000000000004	206057	1.0	0.25	0.5338911078002688
057	057D_prior_only	prior_chromosome_pair_unlabeled_gauge_symmetric	cis	exact	3	0.30000000000000004	0.4	0	0.0	nan	nan
057	057D_prior_only	prior_chromosome_pair_unlabeled_gauge_symmetric	cis	exact	4	0.4	0.5	0	0.0	nan	nan
057	057D_prior_only	prior_chromosome_pair_unlabeled_gauge_symmetric	cis	exact	5	0.5	0.6000000000000001	0	0.0	nan	nan
057	057D_prior_only	prior_chromosome_pair_unlabeled_gauge_symmetric	cis	exact	6	0.6000000000000001	0.7000000000000001	0	0.0	nan	nan
057	057D_prior_only	prior_chromosome_pair_unlabeled_gauge_symmetric	cis	exact	7	0.7000000000000001	0.8	0	0.0	nan	nan
057	057D_prior_only	prior_chromosome_pair_unlabeled_gauge_symmetric	cis	exact	8	0.8	0.9	0	0.0	nan	nan
057	057D_prior_only	prior_chromosome_pair_unlabeled_gauge_symmetric	cis	exact	9	0.9	1.0	0	0.0	nan	nan
057	057D_prior_only	prior_chromosome_pair_unlabeled_gauge_symmetric	cis	same_cross	0	0.0	0.1	0	0.0	nan	nan
057	057D_prior_only	prior_chromosome_pair_unlabeled_gauge_symmetric	cis	same_cross	1	0.1	0.2	0	0.0	nan	nan
057	057D_prior_only	prior_chromosome_pair_unlabeled_gauge_symmetric	cis	same_cross	2	0.2	0.30000000000000004	0	0.0	nan	nan
057	057D_prior_only	prior_chromosome_pair_unlabeled_gauge_symmetric	cis	same_cross	3	0.30000000000000004	0.4	0	0.0	nan	nan
057	057D_prior_only	prior_chromosome_pair_unlabeled_gauge_symmetric	cis	same_cross	4	0.4	0.5	0	0.0	nan	nan
057	057D_prior_only	prior_chromosome_pair_unlabeled_gauge_symmetric	cis	same_cross	5	0.5	0.6000000000000001	206057	1.0	0.5	0.974963238327259
057	057D_prior_only	prior_chromosome_pair_unlabeled_gauge_symmetric	cis	same_cross	6	0.6000000000000001	0.7000000000000001	0	0.0	nan	nan
057	057D_prior_only	prior_chromosome_pair_unlabeled_gauge_symmetric	cis	same_cross	7	0.7000000000000001	0.8	0	0.0	nan	nan
057	057D_prior_only	prior_chromosome_pair_unlabeled_gauge_symmetric	cis	same_cross	8	0.8	0.9	0	0.0	nan	nan
057	057D_prior_only	prior_chromosome_pair_unlabeled_gauge_symmetric	cis	same_cross	9	0.9	1.0	0	0.0	nan	nan
057	057D_prior_only	prior_chromosome_pair_unlabeled_gauge_symmetric	trans	exact	0	0.0	0.1	0	0.0	nan	nan
057	057D_prior_only	prior_chromosome_pair_unlabeled_gauge_symmetric	trans	exact	1	0.1	0.2	0	0.0	nan	nan
057	057D_prior_only	prior_chromosome_pair_unlabeled_gauge_symmetric	trans	exact	2	0.2	0.30000000000000004	143977	1.0	0.25	0.25699938184571147
057	057D_prior_only	prior_chromosome_pair_unlabeled_gauge_symmetric	trans	exact	3	0.30000000000000004	0.4	0	0.0	nan	nan
057	057D_prior_only	prior_chromosome_pair_unlabeled_gauge_symmetric	trans	exact	4	0.4	0.5	0	0.0	nan	nan
057	057D_prior_only	prior_chromosome_pair_unlabeled_gauge_symmetric	trans	exact	5	0.5	0.6000000000000001	0	0.0	nan	nan
057	057D_prior_only	prior_chromosome_pair_unlabeled_gauge_symmetric	trans	exact	6	0.6000000000000001	0.7000000000000001	0	0.0	nan	nan
057	057D_prior_only	prior_chromosome_pair_unlabeled_gauge_symmetric	trans	exact	7	0.7000000000000001	0.8	0	0.0	nan	nan
057	057D_prior_only	prior_chromosome_pair_unlabeled_gauge_symmetric	trans	exact	8	0.8	0.9	0	0.0	nan	nan
057	057D_prior_only	prior_chromosome_pair_unlabeled_gauge_symmetric	trans	exact	9	0.9	1.0	0	0.0	nan	nan
057	057D_prior_only	prior_chromosome_pair_unlabeled_gauge_symmetric	trans	same_cross	0	0.0	0.1	0	0.0	nan	nan
057	057D_prior_only	prior_chromosome_pair_unlabeled_gauge_symmetric	trans	same_cross	1	0.1	0.2	0	0.0	nan	nan
057	057D_prior_only	prior_chromosome_pair_unlabeled_gauge_symmetric	trans	same_cross	2	0.2	0.30000000000000004	0	0.0	nan	nan
057	057D_prior_only	prior_chromosome_pair_unlabeled_gauge_symmetric	trans	same_cross	3	0.30000000000000004	0.4	0	0.0	nan	nan
057	057D_prior_only	prior_chromosome_pair_unlabeled_gauge_symmetric	trans	same_cross	4	0.4	0.5	0	0.0	nan	nan
057	057D_prior_only	prior_chromosome_pair_unlabeled_gauge_symmetric	trans	same_cross	5	0.5	0.6000000000000001	143977	1.0	0.5	0.4797988567618439
057	057D_prior_only	prior_chromosome_pair_unlabeled_gauge_symmetric	trans	same_cross	6	0.6000000000000001	0.7000000000000001	0	0.0	nan	nan
057	057D_prior_only	prior_chromosome_pair_unlabeled_gauge_symmetric	trans	same_cross	7	0.7000000000000001	0.8	0	0.0	nan	nan
057	057D_prior_only	prior_chromosome_pair_unlabeled_gauge_symmetric	trans	same_cross	8	0.8	0.9	0	0.0	nan	nan
057	057D_prior_only	prior_chromosome_pair_unlabeled_gauge_symmetric	trans	same_cross	9	0.9	1.0	0	0.0	nan	nan
057	057D_prior_only	prior_state_frequency_unlabeled_max_entropy	all	exact	0	0.0	0.1	0	0.0	nan	nan
057	057D_prior_only	prior_state_frequency_unlabeled_max_entropy	all	exact	1	0.1	0.2	0	0.0	nan	nan
057	057D_prior_only	prior_state_frequency_unlabeled_max_entropy	all	exact	2	0.2	0.30000000000000004	350034	1.0	0.25	0.41999920007770675
057	057D_prior_only	prior_state_frequency_unlabeled_max_entropy	all	exact	3	0.30000000000000004	0.4	0	0.0	nan	nan
057	057D_prior_only	prior_state_frequency_unlabeled_max_entropy	all	exact	4	0.4	0.5	0	0.0	nan	nan
057	057D_prior_only	prior_state_frequency_unlabeled_max_entropy	all	exact	5	0.5	0.6000000000000001	0	0.0	nan	nan
057	057D_prior_only	prior_state_frequency_unlabeled_max_entropy	all	exact	6	0.6000000000000001	0.7000000000000001	0	0.0	nan	nan
057	057D_prior_only	prior_state_frequency_unlabeled_max_entropy	all	exact	7	0.7000000000000001	0.8	0	0.0	nan	nan
057	057D_prior_only	prior_state_frequency_unlabeled_max_entropy	all	exact	8	0.8	0.9	0	0.0	nan	nan
057	057D_prior_only	prior_state_frequency_unlabeled_max_entropy	all	exact	9	0.9	1.0	0	0.0	nan	nan
057	057D_prior_only	prior_state_frequency_unlabeled_max_entropy	all	same_cross	0	0.0	0.1	0	0.0	nan	nan
057	057D_prior_only	prior_state_frequency_unlabeled_max_entropy	all	same_cross	1	0.1	0.2	0	0.0	nan	nan
057	057D_prior_only	prior_state_frequency_unlabeled_max_entropy	all	same_cross	2	0.2	0.30000000000000004	0	0.0	nan	nan
057	057D_prior_only	prior_state_frequency_unlabeled_max_entropy	all	same_cross	3	0.30000000000000004	0.4	0	0.0	nan	nan
057	057D_prior_only	prior_state_frequency_unlabeled_max_entropy	all	same_cross	4	0.4	0.5	0	0.0	nan	nan
057	057D_prior_only	prior_state_frequency_unlabeled_max_entropy	all	same_cross	5	0.5	0.6000000000000001	350034	1.0	0.5	0.7712907888947931
057	057D_prior_only	prior_state_frequency_unlabeled_max_entropy	all	same_cross	6	0.6000000000000001	0.7000000000000001	0	0.0	nan	nan
057	057D_prior_only	prior_state_frequency_unlabeled_max_entropy	all	same_cross	7	0.7000000000000001	0.8	0	0.0	nan	nan
057	057D_prior_only	prior_state_frequency_unlabeled_max_entropy	all	same_cross	8	0.8	0.9	0	0.0	nan	nan
057	057D_prior_only	prior_state_frequency_unlabeled_max_entropy	all	same_cross	9	0.9	1.0	0	0.0	nan	nan
057	057D_prior_only	prior_state_frequency_unlabeled_max_entropy	cis	exact	0	0.0	0.1	0	0.0	nan	nan
057	057D_prior_only	prior_state_frequency_unlabeled_max_entropy	cis	exact	1	0.1	0.2	0	0.0	nan	nan
057	057D_prior_only	prior_state_frequency_unlabeled_max_entropy	cis	exact	2	0.2	0.30000000000000004	206057	1.0	0.25	0.5338911078002688
057	057D_prior_only	prior_state_frequency_unlabeled_max_entropy	cis	exact	3	0.30000000000000004	0.4	0	0.0	nan	nan
057	057D_prior_only	prior_state_frequency_unlabeled_max_entropy	cis	exact	4	0.4	0.5	0	0.0	nan	nan
057	057D_prior_only	prior_state_frequency_unlabeled_max_entropy	cis	exact	5	0.5	0.6000000000000001	0	0.0	nan	nan
057	057D_prior_only	prior_state_frequency_unlabeled_max_entropy	cis	exact	6	0.6000000000000001	0.7000000000000001	0	0.0	nan	nan
057	057D_prior_only	prior_state_frequency_unlabeled_max_entropy	cis	exact	7	0.7000000000000001	0.8	0	0.0	nan	nan
057	057D_prior_only	prior_state_frequency_unlabeled_max_entropy	cis	exact	8	0.8	0.9	0	0.0	nan	nan
057	057D_prior_only	prior_state_frequency_unlabeled_max_entropy	cis	exact	9	0.9	1.0	0	0.0	nan	nan
057	057D_prior_only	prior_state_frequency_unlabeled_max_entropy	cis	same_cross	0	0.0	0.1	0	0.0	nan	nan
057	057D_prior_only	prior_state_frequency_unlabeled_max_entropy	cis	same_cross	1	0.1	0.2	0	0.0	nan	nan
057	057D_prior_only	prior_state_frequency_unlabeled_max_entropy	cis	same_cross	2	0.2	0.30000000000000004	0	0.0	nan	nan
057	057D_prior_only	prior_state_frequency_unlabeled_max_entropy	cis	same_cross	3	0.30000000000000004	0.4	0	0.0	nan	nan
057	057D_prior_only	prior_state_frequency_unlabeled_max_entropy	cis	same_cross	4	0.4	0.5	0	0.0	nan	nan
057	057D_prior_only	prior_state_frequency_unlabeled_max_entropy	cis	same_cross	5	0.5	0.6000000000000001	206057	1.0	0.5	0.974963238327259
057	057D_prior_only	prior_state_frequency_unlabeled_max_entropy	cis	same_cross	6	0.6000000000000001	0.7000000000000001	0	0.0	nan	nan
057	057D_prior_only	prior_state_frequency_unlabeled_max_entropy	cis	same_cross	7	0.7000000000000001	0.8	0	0.0	nan	nan
057	057D_prior_only	prior_state_frequency_unlabeled_max_entropy	cis	same_cross	8	0.8	0.9	0	0.0	nan	nan
057	057D_prior_only	prior_state_frequency_unlabeled_max_entropy	cis	same_cross	9	0.9	1.0	0	0.0	nan	nan
057	057D_prior_only	prior_state_frequency_unlabeled_max_entropy	trans	exact	0	0.0	0.1	0	0.0	nan	nan
057	057D_prior_only	prior_state_frequency_unlabeled_max_entropy	trans	exact	1	0.1	0.2	0	0.0	nan	nan
057	057D_prior_only	prior_state_frequency_unlabeled_max_entropy	trans	exact	2	0.2	0.30000000000000004	143977	1.0	0.25	0.25699938184571147
057	057D_prior_only	prior_state_frequency_unlabeled_max_entropy	trans	exact	3	0.30000000000000004	0.4	0	0.0	nan	nan
057	057D_prior_only	prior_state_frequency_unlabeled_max_entropy	trans	exact	4	0.4	0.5	0	0.0	nan	nan
057	057D_prior_only	prior_state_frequency_unlabeled_max_entropy	trans	exact	5	0.5	0.6000000000000001	0	0.0	nan	nan
057	057D_prior_only	prior_state_frequency_unlabeled_max_entropy	trans	exact	6	0.6000000000000001	0.7000000000000001	0	0.0	nan	nan
057	057D_prior_only	prior_state_frequency_unlabeled_max_entropy	trans	exact	7	0.7000000000000001	0.8	0	0.0	nan	nan
057	057D_prior_only	prior_state_frequency_unlabeled_max_entropy	trans	exact	8	0.8	0.9	0	0.0	nan	nan
057	057D_prior_only	prior_state_frequency_unlabeled_max_entropy	trans	exact	9	0.9	1.0	0	0.0	nan	nan
057	057D_prior_only	prior_state_frequency_unlabeled_max_entropy	trans	same_cross	0	0.0	0.1	0	0.0	nan	nan
057	057D_prior_only	prior_state_frequency_unlabeled_max_entropy	trans	same_cross	1	0.1	0.2	0	0.0	nan	nan
057	057D_prior_only	prior_state_frequency_unlabeled_max_entropy	trans	same_cross	2	0.2	0.30000000000000004	0	0.0	nan	nan
057	057D_prior_only	prior_state_frequency_unlabeled_max_entropy	trans	same_cross	3	0.30000000000000004	0.4	0	0.0	nan	nan
057	057D_prior_only	prior_state_frequency_unlabeled_max_entropy	trans	same_cross	4	0.4	0.5	0	0.0	nan	nan
057	057D_prior_only	prior_state_frequency_unlabeled_max_entropy	trans	same_cross	5	0.5	0.6000000000000001	143977	1.0	0.5	0.4797988567618439
057	057D_prior_only	prior_state_frequency_unlabeled_max_entropy	trans	same_cross	6	0.6000000000000001	0.7000000000000001	0	0.0	nan	nan
057	057D_prior_only	prior_state_frequency_unlabeled_max_entropy	trans	same_cross	7	0.7000000000000001	0.8	0	0.0	nan	nan
057	057D_prior_only	prior_state_frequency_unlabeled_max_entropy	trans	same_cross	8	0.8	0.9	0	0.0	nan	nan
057	057D_prior_only	prior_state_frequency_unlabeled_max_entropy	trans	same_cross	9	0.9	1.0	0	0.0	nan	nan
057	057D_prior_only	prior_random_seeded	all	exact	0	0.0	0.1	0	0.0	nan	nan
057	057D_prior_only	prior_random_seeded	all	exact	1	0.1	0.2	0	0.0	nan	nan
057	057D_prior_only	prior_random_seeded	all	exact	2	0.2	0.30000000000000004	2829	0.008082072027288778	0.2877582175240948	0.24248851184164016
057	057D_prior_only	prior_random_seeded	all	exact	3	0.30000000000000004	0.4	61303	0.1751344155139215	0.3621285345696982	0.24913952008873955
057	057D_prior_only	prior_random_seeded	all	exact	4	0.4	0.5	110921	0.31688635961078065	0.450416726652334	0.2475906275637616
057	057D_prior_only	prior_random_seeded	all	exact	5	0.5	0.6000000000000001	85533	0.24435626253449666	0.5462670331752878	0.25086224030491155
057	057D_prior_only	prior_random_seeded	all	exact	6	0.6000000000000001	0.7000000000000001	51608	0.1474371061096922	0.6452477283343753	0.2507363199503953
057	057D_prior_only	prior_random_seeded	all	exact	7	0.7000000000000001	0.8	26744	0.07640400646794311	0.7433025990863256	0.24865390367932994
057	057D_prior_only	prior_random_seeded	all	exact	8	0.8	0.9	9761	0.027885862516212712	0.8390266176649014	0.256838438684561
057	057D_prior_only	prior_random_seeded	all	exact	9	0.9	1.0	1335	0.0038139152196643754	0.9245012115500485	0.26292134831460673
057	057D_prior_only	prior_random_seeded	all	same_cross	0	0.0	0.1	0	0.0	nan	nan
057	057D_prior_only	prior_random_seeded	all	same_cross	1	0.1	0.2	0	0.0	nan	nan
057	057D_prior_only	prior_random_seeded	all	same_cross	2	0.2	0.30000000000000004	0	0.0	nan	nan
057	057D_prior_only	prior_random_seeded	all	same_cross	3	0.30000000000000004	0.4	0	0.0	nan	nan
057	057D_prior_only	prior_random_seeded	all	same_cross	4	0.4	0.5	0	0.0	nan	nan
057	057D_prior_only	prior_random_seeded	all	same_cross	5	0.5	0.6000000000000001	103870	0.29674260214722	0.5496115617776308	0.4997015500144411
057	057D_prior_only	prior_random_seeded	all	same_cross	6	0.6000000000000001	0.7000000000000001	95211	0.27200500522806353	0.6489418736944268	0.5010765562802617
057	057D_prior_only	prior_random_seeded	all	same_cross	7	0.7000000000000001	0.8	78479	0.22420393447493672	0.7478536935670834	0.500184762802788
057	057D_prior_only	prior_random_seeded	all	same_cross	8	0.8	0.9	53161	0.15187381797196844	0.8453149371194735	0.5009687552905325
057	057D_prior_only	prior_random_seeded	all	same_cross	9	0.9	1.0	19313	0.0551746401778113	0.9340365306571073	0.5017345829234194
057	057D_prior_only	prior_random_seeded	cis	exact	0	0.0	0.1	0	0.0	nan	nan
057	057D_prior_only	prior_random_seeded	cis	exact	1	0.1	0.2	0	0.0	nan	nan
057	057D_prior_only	prior_random_seeded	cis	exact	2	0.2	0.30000000000000004	1697	0.008235585299213324	0.28764374980666124	0.24454920447849146
057	057D_prior_only	prior_random_seeded	cis	exact	3	0.30000000000000004	0.4	36314	0.17623278995617717	0.36214548403016134	0.24916010354133392
057	057D_prior_only	prior_random_seeded	cis	exact	4	0.4	0.5	65150	0.31617465070344614	0.4503725021257487	0.24710667689946278
057	057D_prior_only	prior_random_seeded	cis	exact	5	0.5	0.6000000000000001	50375	0.24447119001053105	0.5460886788887516	0.2508982630272953
057	057D_prior_only	prior_random_seeded	cis	exact	6	0.6000000000000001	0.7000000000000001	30299	0.14704183793804626	0.6450700008002593	0.2514274398495
057	057D_prior_only	prior_random_seeded	cis	exact	7	0.7000000000000001	0.8	15710	0.0762410401005547	0.7432361747174534	0.24863144493952896
057	057D_prior_only	prior_random_seeded	cis	exact	8	0.8	0.9	5711	0.02771563208238497	0.8389835966821962	0.25617229907196637
057	057D_prior_only	prior_random_seeded	cis	exact	9	0.9	1.0	801	0.00388727390964636	0.9240817132673963	0.2833957553058677
057	057D_prior_only	prior_random_seeded	cis	same_cross	0	0.0	0.1	0	0.0	nan	nan
057	057D_prior_only	prior_random_seeded	cis	same_cross	1	0.1	0.2	0	0.0	nan	nan
057	057D_prior_only	prior_random_seeded	cis	same_cross	2	0.2	0.30000000000000004	0	0.0	nan	nan
057	057D_prior_only	prior_random_seeded	cis	same_cross	3	0.30000000000000004	0.4	0	0.0	nan	nan
057	057D_prior_only	prior_random_seeded	cis	same_cross	4	0.4	0.5	0	0.0	nan	nan
057	057D_prior_only	prior_random_seeded	cis	same_cross	5	0.5	0.6000000000000001	61226	0.29713137626967295	0.549634657463777	0.4968314114918499
057	057D_prior_only	prior_random_seeded	cis	same_cross	6	0.6000000000000001	0.7000000000000001	55911	0.27133754252464126	0.648914437912625	0.500366654146769
057	057D_prior_only	prior_random_seeded	cis	same_cross	7	0.7000000000000001	0.8	46289	0.22464172534784066	0.747886411180451	0.5008317310808184
057	057D_prior_only	prior_random_seeded	cis	same_cross	8	0.8	0.9	31346	0.15212295626938177	0.8453972565020116	0.503828239647802
057	057D_prior_only	prior_random_seeded	cis	same_cross	9	0.9	1.0	11285	0.05476639958846339	0.9339320892278657	0.5021710234824989
057	057D_prior_only	prior_random_seeded	trans	exact	0	0.0	0.1	0	0.0	nan	nan
057	057D_prior_only	prior_random_seeded	trans	exact	1	0.1	0.2	0	0.0	nan	nan
057	057D_prior_only	prior_random_seeded	trans	exact	2	0.2	0.30000000000000004	1132	0.007862366905825237	0.2879298179803533	0.2393992932862191
057	057D_prior_only	prior_random_seeded	trans	exact	3	0.30000000000000004	0.4	24989	0.17356244400147247	0.3621039036237914	0.24910960822762016
057	057D_prior_only	prior_random_seeded	trans	exact	4	0.4	0.5	45771	0.3179049431506421	0.45047967541698924	0.24827947827226846
057	057D_prior_only	prior_random_seeded	trans	exact	5	0.5	0.6000000000000001	35158	0.24419178063162866	0.5465225823300821	0.25081062631549006
057	057D_prior_only	prior_random_seeded	trans	exact	6	0.6000000000000001	0.7000000000000001	21309	0.14800280600373672	0.6455004368873895	0.24975362522877656
057	057D_prior_only	prior_random_seeded	trans	exact	7	0.7000000000000001	0.8	11034	0.07663724067038485	0.7433971728433477	0.2486858800072503
057	057D_prior_only	prior_random_seeded	trans	exact	8	0.8	0.9	4050	0.02812949290511679	0.8390872825617484	0.2577777777777778
057	057D_prior_only	prior_random_seeded	trans	exact	9	0.9	1.0	534	0.003708925731193177	0.9251304589740265	0.23220973782771537
057	057D_prior_only	prior_random_seeded	trans	same_cross	0	0.0	0.1	0	0.0	nan	nan
057	057D_prior_only	prior_random_seeded	trans	same_cross	1	0.1	0.2	0	0.0	nan	nan
057	057D_prior_only	prior_random_seeded	trans	same_cross	2	0.2	0.30000000000000004	0	0.0	nan	nan
057	057D_prior_only	prior_random_seeded	trans	same_cross	3	0.30000000000000004	0.4	0	0.0	nan	nan
057	057D_prior_only	prior_random_seeded	trans	same_cross	4	0.4	0.5	0	0.0	nan	nan
057	057D_prior_only	prior_random_seeded	trans	same_cross	5	0.5	0.6000000000000001	42644	0.29618619640637045	0.5495784022128622	0.5038223431197824
057	057D_prior_only	prior_random_seeded	trans	same_cross	6	0.6000000000000001	0.7000000000000001	39300	0.27296026448668886	0.6489809058062924	0.5020865139949109
057	057D_prior_only	prior_random_seeded	trans	same_cross	7	0.7000000000000001	0.8	32190	0.2235773769421505	0.7478066458626669	0.49925442684063376
057	057D_prior_only	prior_random_seeded	trans	same_cross	8	0.8	0.9	21815	0.15151725622842538	0.8451966522987064	0.4968599587439835
057	057D_prior_only	prior_random_seeded	trans	same_cross	9	0.9	1.0	8028	0.05575890593636484	0.9341833444997818	0.5011210762331838
057	057E_randomized_negative_control	negative_shuffled_endpoints_stratum_preserving	all	exact	0	0.0	0.1	0	0.0	nan	nan
057	057E_randomized_negative_control	negative_shuffled_endpoints_stratum_preserving	all	exact	1	0.1	0.2	0	0.0	nan	nan
057	057E_randomized_negative_control	negative_shuffled_endpoints_stratum_preserving	all	exact	2	0.2	0.30000000000000004	2361	0.006745059051406435	0.2871739100957877	0.26387124099957643
057	057E_randomized_negative_control	negative_shuffled_endpoints_stratum_preserving	all	exact	3	0.30000000000000004	0.4	29794	0.085117445733843	0.3558014061167649	0.2406524803651742
057	057E_randomized_negative_control	negative_shuffled_endpoints_stratum_preserving	all	exact	4	0.4	0.5	37224	0.10634395515864173	0.4523960971049695	0.2559907586503331
057	057E_randomized_negative_control	negative_shuffled_endpoints_stratum_preserving	all	exact	5	0.5	0.6000000000000001	56488	0.161378608935132	0.5487451615863234	0.37261011188216964
057	057E_randomized_negative_control	negative_shuffled_endpoints_stratum_preserving	all	exact	6	0.6000000000000001	0.7000000000000001	52876	0.15105961135204007	0.6502064308207994	0.38673500264770405
057	057E_randomized_negative_control	negative_shuffled_endpoints_stratum_preserving	all	exact	7	0.7000000000000001	0.8	54988	0.15709331093550913	0.7501807497324425	0.40534298392376517
057	057E_randomized_negative_control	negative_shuffled_endpoints_stratum_preserving	all	exact	8	0.8	0.9	62210	0.1777255923710268	0.8511264553283829	0.4090017682044687
057	057E_randomized_negative_control	negative_shuffled_endpoints_stratum_preserving	all	exact	9	0.9	1.0	54093	0.1545364164624008	0.940661403058931	0.3742813303015178
057	057E_randomized_negative_control	negative_shuffled_endpoints_stratum_preserving	all	same_cross	0	0.0	0.1	0	0.0	nan	nan
057	057E_randomized_negative_control	negative_shuffled_endpoints_stratum_preserving	all	same_cross	1	0.1	0.2	0	0.0	nan	nan
057	057E_randomized_negative_control	negative_shuffled_endpoints_stratum_preserving	all	same_cross	2	0.2	0.30000000000000004	0	0.0	nan	nan
057	057E_randomized_negative_control	negative_shuffled_endpoints_stratum_preserving	all	same_cross	3	0.30000000000000004	0.4	0	0.0	nan	nan
057	057E_randomized_negative_control	negative_shuffled_endpoints_stratum_preserving	all	same_cross	4	0.4	0.5	0	0.0	nan	nan
057	057E_randomized_negative_control	negative_shuffled_endpoints_stratum_preserving	all	same_cross	5	0.5	0.6000000000000001	39729	0.11350040281801196	0.5492433612265094	0.5199728158272294
057	057E_randomized_negative_control	negative_shuffled_endpoints_stratum_preserving	all	same_cross	6	0.6000000000000001	0.7000000000000001	32679	0.09335950221978437	0.6488147677832717	0.5804951191896937
057	057E_randomized_negative_control	negative_shuffled_endpoints_stratum_preserving	all	same_cross	7	0.7000000000000001	0.8	28308	0.08087214384888325	0.7492998772081777	0.6594955489614244
057	057E_randomized_negative_control	negative_shuffled_endpoints_stratum_preserving	all	same_cross	8	0.8	0.9	30321	0.08662301376437717	0.8537884068867484	0.764651561623957
057	057E_randomized_negative_control	negative_shuffled_endpoints_stratum_preserving	all	same_cross	9	0.9	1.0	218997	0.6256449373489432	0.9754514731935997	0.9468896834203209
057	057E_randomized_negative_control	negative_shuffled_endpoints_stratum_preserving	cis	exact	0	0.0	0.1	0	0.0	nan	nan
057	057E_randomized_negative_control	negative_shuffled_endpoints_stratum_preserving	cis	exact	1	0.1	0.2	0	0.0	nan	nan
057	057E_randomized_negative_control	negative_shuffled_endpoints_stratum_preserving	cis	exact	2	0.2	0.30000000000000004	6	2.9118156626564496e-05	0.2841244683507794	0.5
057	057E_randomized_negative_control	negative_shuffled_endpoints_stratum_preserving	cis	exact	3	0.30000000000000004	0.4	633	0.003071965524102554	0.36753245396223566	0.41232227488151657
057	057E_randomized_negative_control	negative_shuffled_endpoints_stratum_preserving	cis	exact	4	0.4	0.5	6381	0.03096715957235134	0.47575483227848614	0.46638457921955806
057	057E_randomized_negative_control	negative_shuffled_endpoints_stratum_preserving	cis	exact	5	0.5	0.6000000000000001	34976	0.1697394410284533	0.5492673928863528	0.4827596065873742
057	057E_randomized_negative_control	negative_shuffled_endpoints_stratum_preserving	cis	exact	6	0.6000000000000001	0.7000000000000001	36787	0.17852827130357135	0.6511887925404525	0.483078261342322
057	057E_randomized_negative_control	negative_shuffled_endpoints_stratum_preserving	cis	exact	7	0.7000000000000001	0.8	41842	0.20306031826145193	0.7507365084024668	0.4804263658524927
057	057E_randomized_negative_control	negative_shuffled_endpoints_stratum_preserving	cis	exact	8	0.8	0.9	48207	0.23394982941613243	0.8508187203203774	0.48080154334432756
057	057E_randomized_negative_control	negative_shuffled_endpoints_stratum_preserving	cis	exact	9	0.9	1.0	37225	0.18065389673731055	0.940107078700704	0.47758226997985226
057	057E_randomized_negative_control	negative_shuffled_endpoints_stratum_preserving	cis	same_cross	0	0.0	0.1	0	0.0	nan	nan
057	057E_randomized_negative_control	negative_shuffled_endpoints_stratum_preserving	cis	same_cross	1	0.1	0.2	0	0.0	nan	nan
057	057E_randomized_negative_control	negative_shuffled_endpoints_stratum_preserving	cis	same_cross	2	0.2	0.30000000000000004	0	0.0	nan	nan
057	057E_randomized_negative_control	negative_shuffled_endpoints_stratum_preserving	cis	same_cross	3	0.30000000000000004	0.4	0	0.0	nan	nan
057	057E_randomized_negative_control	negative_shuffled_endpoints_stratum_preserving	cis	same_cross	4	0.4	0.5	0	0.0	nan	nan
057	057E_randomized_negative_control	negative_shuffled_endpoints_stratum_preserving	cis	same_cross	5	0.5	0.6000000000000001	643	0.0031204957851468282	0.5532259100897751	0.583203732503888
057	057E_randomized_negative_control	negative_shuffled_endpoints_stratum_preserving	cis	same_cross	6	0.6000000000000001	0.7000000000000001	962	0.0046686111124591735	0.6544112512456526	0.7952182952182952
057	057E_randomized_negative_control	negative_shuffled_endpoints_stratum_preserving	cis	same_cross	7	0.7000000000000001	0.8	2329	0.011302697797211452	0.7585307642585776	0.9158437097466724
057	057E_randomized_negative_control	negative_shuffled_endpoints_stratum_preserving	cis	same_cross	8	0.8	0.9	9183	0.044565338716956955	0.8638639912360127	0.9604704344985299
057	057E_randomized_negative_control	negative_shuffled_endpoints_stratum_preserving	cis	same_cross	9	0.9	1.0	192940	0.9363428565882256	0.9788996500688127	0.9757178397429253
057	057E_randomized_negative_control	negative_shuffled_endpoints_stratum_preserving	trans	exact	0	0.0	0.1	0	0.0	nan	nan
057	057E_randomized_negative_control	negative_shuffled_endpoints_stratum_preserving	trans	exact	1	0.1	0.2	0	0.0	nan	nan
057	057E_randomized_negative_control	negative_shuffled_endpoints_stratum_preserving	trans	exact	2	0.2	0.30000000000000004	2355	0.016356779207790134	0.2871816793741189	0.2632696390658174
057	057E_randomized_negative_control	negative_shuffled_endpoints_stratum_preserving	trans	exact	3	0.30000000000000004	0.4	29161	0.20253929447064462	0.35554675938701685	0.2369260313432324
057	057E_randomized_negative_control	negative_shuffled_endpoints_stratum_preserving	trans	exact	4	0.4	0.5	30843	0.21422171596852274	0.4475634903824649	0.21246311967058976
057	057E_randomized_negative_control	negative_shuffled_endpoints_stratum_preserving	trans	exact	5	0.5	0.6000000000000001	21512	0.1494127534258944	0.5478960744744867	0.1935198958720714
057	057E_randomized_negative_control	negative_shuffled_endpoints_stratum_preserving	trans	exact	6	0.6000000000000001	0.7000000000000001	16089	0.11174701514825285	0.6479602911862121	0.1664491267325502
057	057E_randomized_negative_control	negative_shuffled_endpoints_stratum_preserving	trans	exact	7	0.7000000000000001	0.8	13146	0.09130625030386798	0.7484118425157115	0.16636239160200822
057	057E_randomized_negative_control	negative_shuffled_endpoints_stratum_preserving	trans	exact	8	0.8	0.9	14003	0.09725858991366676	0.8521858698489087	0.16182246661429694
057	057E_randomized_negative_control	negative_shuffled_endpoints_stratum_preserving	trans	exact	9	0.9	1.0	16868	0.1171576015613605	0.941884708977534	0.1463125444628883
057	057E_randomized_negative_control	negative_shuffled_endpoints_stratum_preserving	trans	same_cross	0	0.0	0.1	0	0.0	nan	nan
057	057E_randomized_negative_control	negative_shuffled_endpoints_stratum_preserving	trans	same_cross	1	0.1	0.2	0	0.0	nan	nan
057	057E_randomized_negative_control	negative_shuffled_endpoints_stratum_preserving	trans	same_cross	2	0.2	0.30000000000000004	0	0.0	nan	nan
057	057E_randomized_negative_control	negative_shuffled_endpoints_stratum_preserving	trans	same_cross	3	0.30000000000000004	0.4	0	0.0	nan	nan
057	057E_randomized_negative_control	negative_shuffled_endpoints_stratum_preserving	trans	same_cross	4	0.4	0.5	0	0.0	nan	nan
057	057E_randomized_negative_control	negative_shuffled_endpoints_stratum_preserving	trans	same_cross	5	0.5	0.6000000000000001	39086	0.2714739159726901	0.5491778447009228	0.5189326101417387
057	057E_randomized_negative_control	negative_shuffled_endpoints_stratum_preserving	trans	same_cross	6	0.6000000000000001	0.7000000000000001	31717	0.220292129992985	0.6486450223126785	0.5739824069111202
057	057E_randomized_negative_control	negative_shuffled_endpoints_stratum_preserving	trans	same_cross	7	0.7000000000000001	0.8	25979	0.18043854226716768	0.7484723343489308	0.6365141075484044
057	057E_randomized_negative_control	negative_shuffled_endpoints_stratum_preserving	trans	same_cross	8	0.8	0.9	21138	0.14681511630329844	0.84941126188347	0.6795817958179582
057	057E_randomized_negative_control	negative_shuffled_endpoints_stratum_preserving	trans	same_cross	9	0.9	1.0	26057	0.1809802954638588	0.9499193226657712	0.733430556088575
057	057E_randomized_negative_control	negative_randomized_geometry	all	exact	0	0.0	0.1	0	0.0	nan	nan
057	057E_randomized_negative_control	negative_randomized_geometry	all	exact	1	0.1	0.2	0	0.0	nan	nan
057	057E_randomized_negative_control	negative_randomized_geometry	all	exact	2	0.2	0.30000000000000004	516	0.0014741425118702754	0.28750802811937454	0.2616279069767442
057	057E_randomized_negative_control	negative_randomized_geometry	all	exact	3	0.30000000000000004	0.4	17794	0.050835061736859845	0.365571800455955	0.2527256378554569
057	057E_randomized_negative_control	negative_randomized_geometry	all	exact	4	0.4	0.5	52595	0.15025683219344407	0.4556627261237558	0.24625915010932597
057	057E_randomized_negative_control	negative_randomized_geometry	all	exact	5	0.5	0.6000000000000001	64907	0.18543055817434878	0.5489590321575532	0.25082040457885896
057	057E_randomized_negative_control	negative_randomized_geometry	all	exact	6	0.6000000000000001	0.7000000000000001	58567	0.16731803196260936	0.6493097026285605	0.24520634486997797
057	057E_randomized_negative_control	negative_randomized_geometry	all	exact	7	0.7000000000000001	0.8	55427	0.1583474748167321	0.7497058993100348	0.2510509318563155
057	057E_randomized_negative_control	negative_randomized_geometry	all	exact	8	0.8	0.9	53986	0.15423073187176103	0.8497510219445136	0.2530841329233505
057	057E_randomized_negative_control	negative_randomized_geometry	all	exact	9	0.9	1.0	46242	0.13210716673237458	0.9452161961054162	0.250529821374508
057	057E_randomized_negative_control	negative_randomized_geometry	all	same_cross	0	0.0	0.1	0	0.0	nan	nan
057	057E_randomized_negative_control	negative_randomized_geometry	all	same_cross	1	0.1	0.2	0	0.0	nan	nan
057	057E_randomized_negative_control	negative_randomized_geometry	all	same_cross	2	0.2	0.30000000000000004	0	0.0	nan	nan
057	057E_randomized_negative_control	negative_randomized_geometry	all	same_cross	3	0.30000000000000004	0.4	0	0.0	nan	nan
057	057E_randomized_negative_control	negative_randomized_geometry	all	same_cross	4	0.4	0.5	0	0.0	nan	nan
057	057E_randomized_negative_control	negative_randomized_geometry	all	same_cross	5	0.5	0.6000000000000001	53900	0.15398504145311598	0.5501226077758904	0.5005194805194805
057	057E_randomized_negative_control	negative_randomized_geometry	all	same_cross	6	0.6000000000000001	0.7000000000000001	55980	0.15992732134592638	0.6505288769184505	0.4962486602357985
057	057E_randomized_negative_control	negative_randomized_geometry	all	same_cross	7	0.7000000000000001	0.8	62444	0.17839409885896798	0.7510205374867258	0.5016654922810838
057	057E_randomized_negative_control	negative_randomized_geometry	all	same_cross	8	0.8	0.9	75243	0.2149591182570836	0.851959096374859	0.49839852212165914
057	057E_randomized_negative_control	negative_randomized_geometry	all	same_cross	9	0.9	1.0	102467	0.292734420084906	0.9522987188855526	0.5009710443362253
057	057E_randomized_negative_control	negative_randomized_geometry	cis	exact	0	0.0	0.1	0	0.0	nan	nan
057	057E_randomized_negative_control	negative_randomized_geometry	cis	exact	1	0.1	0.2	0	0.0	nan	nan
057	057E_randomized_negative_control	negative_randomized_geometry	cis	exact	2	0.2	0.30000000000000004	285	0.0013831124397618135	0.2874142227725402	0.2631578947368421
057	057E_randomized_negative_control	negative_randomized_geometry	cis	exact	3	0.30000000000000004	0.4	10162	0.0493164512731914	0.36555392816534593	0.25428065341468215
057	057E_randomized_negative_control	negative_randomized_geometry	cis	exact	4	0.4	0.5	30244	0.14677492150230276	0.45580518235299033	0.24877661684962307
057	057E_randomized_negative_control	negative_randomized_geometry	cis	exact	5	0.5	0.6000000000000001	37732	0.18311438097225524	0.5489765911619721	0.2522262270751617
057	057E_randomized_negative_control	negative_randomized_geometry	cis	exact	6	0.6000000000000001	0.7000000000000001	34074	0.16536201148225976	0.6491593221344556	0.24214943945530315
057	057E_randomized_negative_control	negative_randomized_geometry	cis	exact	7	0.7000000000000001	0.8	32591	0.1581649737693939	0.7498996015170474	0.24920990457488262
057	057E_randomized_negative_control	negative_randomized_geometry	cis	exact	8	0.8	0.9	32186	0.1561994981971008	0.8500232310077144	0.2514757969303424
057	057E_randomized_negative_control	negative_randomized_geometry	cis	exact	9	0.9	1.0	28783	0.13968465036373431	0.9462495955878225	0.2517110794566237
057	057E_randomized_negative_control	negative_randomized_geometry	cis	same_cross	0	0.0	0.1	0	0.0	nan	nan
057	057E_randomized_negative_control	negative_randomized_geometry	cis	same_cross	1	0.1	0.2	0	0.0	nan	nan
057	057E_randomized_negative_control	negative_randomized_geometry	cis	same_cross	2	0.2	0.30000000000000004	0	0.0	nan	nan
057	057E_randomized_negative_control	negative_randomized_geometry	cis	same_cross	3	0.30000000000000004	0.4	0	0.0	nan	nan
057	057E_randomized_negative_control	negative_randomized_geometry	cis	same_cross	4	0.4	0.5	0	0.0	nan	nan
057	057E_randomized_negative_control	negative_randomized_geometry	cis	same_cross	5	0.5	0.6000000000000001	31248	0.1516473597111479	0.5502241391841983	0.49977598566308246
057	057E_randomized_negative_control	negative_randomized_geometry	cis	same_cross	6	0.6000000000000001	0.7000000000000001	32406	0.15726716394007484	0.650411063369041	0.4971918780472752
057	057E_randomized_negative_control	negative_randomized_geometry	cis	same_cross	7	0.7000000000000001	0.8	36395	0.17662588507063579	0.7510842714367317	0.5007555982964693
057	057E_randomized_negative_control	negative_randomized_geometry	cis	same_cross	8	0.8	0.9	43967	0.2133729987333602	0.8522707283271755	0.4959856255828235
057	057E_randomized_negative_control	negative_randomized_geometry	cis	same_cross	9	0.9	1.0	62041	0.3010865925447813	0.9529093498477541	0.5007172676133524
057	057E_randomized_negative_control	negative_randomized_geometry	trans	exact	0	0.0	0.1	0	0.0	nan	nan
057	057E_randomized_negative_control	negative_randomized_geometry	trans	exact	1	0.1	0.2	0	0.0	nan	nan
057	057E_randomized_negative_control	negative_randomized_geometry	trans	exact	2	0.2	0.30000000000000004	231	0.0016044229286622169	0.2876237619888456	0.2597402597402597
057	057E_randomized_negative_control	negative_randomized_geometry	trans	exact	3	0.30000000000000004	0.4	7632	0.05300846663008675	0.3655955973921669	0.2506551362683438
057	057E_randomized_negative_control	negative_randomized_geometry	trans	exact	4	0.4	0.5	22351	0.155240073067226	0.4554699631065767	0.24285266878439443
057	057E_randomized_negative_control	negative_randomized_geometry	trans	exact	5	0.5	0.6000000000000001	27175	0.1887454246164318	0.5489346517949134	0.2488684452621895
057	057E_randomized_negative_control	negative_randomized_geometry	trans	exact	6	0.6000000000000001	0.7000000000000001	24493	0.17011744931482112	0.6495189079099113	0.24945902911035805
057	057E_randomized_negative_control	negative_randomized_geometry	trans	exact	7	0.7000000000000001	0.8	22836	0.1586086666620363	0.7494294520938525	0.25367840252233315
057	057E_randomized_negative_control	negative_randomized_geometry	trans	exact	8	0.8	0.9	21800	0.15141307292136938	0.8493491264900099	0.25545871559633027
057	057E_randomized_negative_control	negative_randomized_geometry	trans	exact	9	0.9	1.0	17459	0.12126242385936643	0.9435125282377205	0.24858239303511084
057	057E_randomized_negative_control	negative_randomized_geometry	trans	same_cross	0	0.0	0.1	0	0.0	nan	nan
057	057E_randomized_negative_control	negative_randomized_geometry	trans	same_cross	1	0.1	0.2	0	0.0	nan	nan
057	057E_randomized_negative_control	negative_randomized_geometry	trans	same_cross	2	0.2	0.30000000000000004	0	0.0	nan	nan
057	057E_randomized_negative_control	negative_randomized_geometry	trans	same_cross	3	0.30000000000000004	0.4	0	0.0	nan	nan
057	057E_randomized_negative_control	negative_randomized_geometry	trans	same_cross	4	0.4	0.5	0	0.0	nan	nan
057	057E_randomized_negative_control	negative_randomized_geometry	trans	same_cross	5	0.5	0.6000000000000001	22652	0.1573306847621495	0.5499825471434159	0.5015451174289246
057	057E_randomized_negative_control	negative_randomized_geometry	trans	same_cross	6	0.6000000000000001	0.7000000000000001	23574	0.1637344853691909	0.6506908293186443	0.4949520658352422
057	057E_randomized_negative_control	negative_randomized_geometry	trans	same_cross	7	0.7000000000000001	0.8	26049	0.18092473103342896	0.750931490033447	0.5029367730047218
057	057E_randomized_negative_control	negative_randomized_geometry	trans	same_cross	8	0.8	0.9	31276	0.21722914076553895	0.8515210121554095	0.5017905102954342
057	057E_randomized_negative_control	negative_randomized_geometry	trans	same_cross	9	0.9	1.0	40426	0.28078095806969167	0.9513615953629203	0.5013605105625093
057	057E_randomized_negative_control	negative_permuted_chromosome_labels_trans	all	exact	0	0.0	0.1	0	0.0	nan	nan
057	057E_randomized_negative_control	negative_permuted_chromosome_labels_trans	all	exact	1	0.1	0.2	0	0.0	nan	nan
057	057E_randomized_negative_control	negative_permuted_chromosome_labels_trans	all	exact	2	0.2	0.30000000000000004	2357	0.006733631590074107	0.28718283328312855	0.2460755197284684
057	057E_randomized_negative_control	negative_permuted_chromosome_labels_trans	all	exact	3	0.30000000000000004	0.4	29783	0.0850860202151791	0.35582307955811143	0.24762448376590673
057	057E_randomized_negative_control	negative_permuted_chromosome_labels_trans	all	exact	4	0.4	0.5	37270	0.1064753709639635	0.4523492765725976	0.2715320633217065
057	057E_randomized_negative_control	negative_permuted_chromosome_labels_trans	all	exact	5	0.5	0.6000000000000001	56537	0.16151859533645302	0.5487244586293007	0.3448007499513593
057	057E_randomized_negative_control	negative_permuted_chromosome_labels_trans	all	exact	6	0.6000000000000001	0.7000000000000001	52867	0.15103389956404234	0.6502527032145973	0.27175742901999356
057	057E_randomized_negative_control	negative_permuted_chromosome_labels_trans	all	exact	7	0.7000000000000001	0.8	54816	0.15660193009821902	0.7502981127274221	0.20134632224168125
057	057E_randomized_negative_control	negative_permuted_chromosome_labels_trans	all	exact	8	0.8	0.9	62046	0.17725706645640138	0.8512790411277189	0.14228153305611965
057	057E_randomized_negative_control	negative_permuted_chromosome_labels_trans	all	exact	9	0.9	1.0	54358	0.1552934857756675	0.9409671763696393	0.1156591486073807
057	057E_randomized_negative_control	negative_permuted_chromosome_labels_trans	all	same_cross	0	0.0	0.1	0	0.0	nan	nan
057	057E_randomized_negative_control	negative_permuted_chromosome_labels_trans	all	same_cross	1	0.1	0.2	0	0.0	nan	nan
057	057E_randomized_negative_control	negative_permuted_chromosome_labels_trans	all	same_cross	2	0.2	0.30000000000000004	0	0.0	nan	nan
057	057E_randomized_negative_control	negative_permuted_chromosome_labels_trans	all	same_cross	3	0.30000000000000004	0.4	0	0.0	nan	nan
057	057E_randomized_negative_control	negative_permuted_chromosome_labels_trans	all	same_cross	4	0.4	0.5	0	0.0	nan	nan
057	057E_randomized_negative_control	negative_permuted_chromosome_labels_trans	all	same_cross	5	0.5	0.6000000000000001	39716	0.1134632635686819	0.5492506030785697	0.4993201732299325
057	057E_randomized_negative_control	negative_permuted_chromosome_labels_trans	all	same_cross	6	0.6000000000000001	0.7000000000000001	32723	0.09348520429443997	0.6488502716514265	0.5113834306145525
057	057E_randomized_negative_control	negative_permuted_chromosome_labels_trans	all	same_cross	7	0.7000000000000001	0.8	28331	0.08093785175154414	0.7492915918346728	0.5215841304578024
057	057E_randomized_negative_control	negative_permuted_chromosome_labels_trans	all	same_cross	8	0.8	0.9	30514	0.08717438877366199	0.8538059198693184	0.6257455594153504
057	057E_randomized_negative_control	negative_permuted_chromosome_labels_trans	all	same_cross	9	0.9	1.0	218750	0.624939291611672	0.975505420787923	0.9284251428571428
057	057E_randomized_negative_control	negative_permuted_chromosome_labels_trans	cis	exact	0	0.0	0.1	0	0.0	nan	nan
057	057E_randomized_negative_control	negative_permuted_chromosome_labels_trans	cis	exact	1	0.1	0.2	0	0.0	nan	nan
057	057E_randomized_negative_control	negative_permuted_chromosome_labels_trans	cis	exact	2	0.2	0.30000000000000004	6	2.9118156626564496e-05	0.2835807845250083	0.3333333333333333
057	057E_randomized_negative_control	negative_permuted_chromosome_labels_trans	cis	exact	3	0.30000000000000004	0.4	641	0.0031107897329379734	0.36707066538553207	0.20280811232449297
057	057E_randomized_negative_control	negative_permuted_chromosome_labels_trans	cis	exact	4	0.4	0.5	6416	0.031137015486006298	0.47528712576488047	0.3756234413965087
057	057E_randomized_negative_control	negative_permuted_chromosome_labels_trans	cis	exact	5	0.5	0.6000000000000001	35005	0.1698801787854817	0.5492554704996447	0.4023139551492644
057	057E_randomized_negative_control	negative_permuted_chromosome_labels_trans	cis	exact	6	0.6000000000000001	0.7000000000000001	36714	0.17817400039794815	0.6512273746869425	0.28169090810045216
057	057E_randomized_negative_control	negative_permuted_chromosome_labels_trans	cis	exact	7	0.7000000000000001	0.8	41672	0.20223530382369928	0.7508608896216384	0.18655212132846996
057	057E_randomized_negative_control	negative_permuted_chromosome_labels_trans	cis	exact	8	0.8	0.9	47982	0.23285789854263625	0.8510343654043733	0.11133341669792839
057	057E_randomized_negative_control	negative_permuted_chromosome_labels_trans	cis	exact	9	0.9	1.0	37621	0.1825756950746638	0.9406919213659188	0.05552749793998033
057	057E_randomized_negative_control	negative_permuted_chromosome_labels_trans	cis	same_cross	0	0.0	0.1	0	0.0	nan	nan
057	057E_randomized_negative_control	negative_permuted_chromosome_labels_trans	cis	same_cross	1	0.1	0.2	0	0.0	nan	nan
057	057E_randomized_negative_control	negative_permuted_chromosome_labels_trans	cis	same_cross	2	0.2	0.30000000000000004	0	0.0	nan	nan
057	057E_randomized_negative_control	negative_permuted_chromosome_labels_trans	cis	same_cross	3	0.30000000000000004	0.4	0	0.0	nan	nan
057	057E_randomized_negative_control	negative_permuted_chromosome_labels_trans	cis	same_cross	4	0.4	0.5	0	0.0	nan	nan
057	057E_randomized_negative_control	negative_permuted_chromosome_labels_trans	cis	same_cross	5	0.5	0.6000000000000001	644	0.003125348811251256	0.5532591848196554	0.6009316770186336
057	057E_randomized_negative_control	negative_permuted_chromosome_labels_trans	cis	same_cross	6	0.6000000000000001	0.7000000000000001	989	0.004799642817278714	0.6550113202808245	0.6562184024266936
057	057E_randomized_negative_control	negative_permuted_chromosome_labels_trans	cis	same_cross	7	0.7000000000000001	0.8	2342	0.011365787136569008	0.7589453381127454	0.8035866780529461
057	057E_randomized_negative_control	negative_permuted_chromosome_labels_trans	cis	same_cross	8	0.8	0.9	9276	0.04501667014466871	0.8638978167329624	0.9038378611470461
057	057E_randomized_negative_control	negative_permuted_chromosome_labels_trans	cis	same_cross	9	0.9	1.0	192806	0.9356925510902323	0.9789747145715623	0.9857940105598374
057	057E_randomized_negative_control	negative_permuted_chromosome_labels_trans	trans	exact	0	0.0	0.1	0	0.0	nan	nan
057	057E_randomized_negative_control	negative_permuted_chromosome_labels_trans	trans	exact	1	0.1	0.2	0	0.0	nan	nan
057	057E_randomized_negative_control	negative_permuted_chromosome_labels_trans	trans	exact	2	0.2	0.30000000000000004	2351	0.016328996992575204	0.2871920260915287	0.24585282858358146
057	057E_randomized_negative_control	negative_permuted_chromosome_labels_trans	trans	exact	3	0.30000000000000004	0.4	29142	0.2024073289483737	0.35557568052869076	0.24861025324274244
057	057E_randomized_negative_control	negative_permuted_chromosome_labels_trans	trans	exact	4	0.4	0.5	30854	0.2142981170603638	0.447579417221535	0.2498865625202567
057	057E_randomized_negative_control	negative_permuted_chromosome_labels_trans	trans	exact	5	0.5	0.6000000000000001	21532	0.14955166450196908	0.5478611820864161	0.2513003901170351
057	057E_randomized_negative_control	negative_permuted_chromosome_labels_trans	trans	exact	6	0.6000000000000001	0.7000000000000001	16153	0.11219153059169173	0.6480373816993564	0.24917971893765864
057	057E_randomized_negative_control	negative_permuted_chromosome_labels_trans	trans	exact	7	0.7000000000000001	0.8	13144	0.09129235919626051	0.7485138736270119	0.2482501521606817
057	057E_randomized_negative_control	negative_permuted_chromosome_labels_trans	trans	exact	8	0.8	0.9	14064	0.09768226869569445	0.8521137987043381	0.24786689419795221
057	057E_randomized_negative_control	negative_permuted_chromosome_labels_trans	trans	exact	9	0.9	1.0	16737	0.11624773401307154	0.9415858875182899	0.2508215331301906
057	057E_randomized_negative_control	negative_permuted_chromosome_labels_trans	trans	same_cross	0	0.0	0.1	0	0.0	nan	nan
057	057E_randomized_negative_control	negative_permuted_chromosome_labels_trans	trans	same_cross	1	0.1	0.2	0	0.0	nan	nan
057	057E_randomized_negative_control	negative_permuted_chromosome_labels_trans	trans	same_cross	2	0.2	0.30000000000000004	0	0.0	nan	nan
057	057E_randomized_negative_control	negative_permuted_chromosome_labels_trans	trans	same_cross	3	0.30000000000000004	0.4	0	0.0	nan	nan
057	057E_randomized_negative_control	negative_permuted_chromosome_labels_trans	trans	same_cross	4	0.4	0.5	0	0.0	nan	nan
057	057E_randomized_negative_control	negative_permuted_chromosome_labels_trans	trans	same_cross	5	0.5	0.6000000000000001	39072	0.27137667821943784	0.5491845320650238	0.4976453726453726
057	057E_randomized_negative_control	negative_permuted_chromosome_labels_trans	trans	same_cross	6	0.6000000000000001	0.7000000000000001	31734	0.22041020440764844	0.6486582606507814	0.5068696035797567
057	057E_randomized_negative_control	negative_permuted_chromosome_labels_trans	trans	same_cross	7	0.7000000000000001	0.8	25989	0.180507997805205	0.7484216440189334	0.49617145715495015
057	057E_randomized_negative_control	negative_permuted_chromosome_labels_trans	trans	same_cross	8	0.8	0.9	21238	0.14750967168367168	0.8493981396966486	0.5042847725774555
057	057E_randomized_negative_control	negative_permuted_chromosome_labels_trans	trans	same_cross	9	0.9	1.0	25944	0.18019544788403705	0.9497229409371543	0.5020814061054579
057	057E_randomized_negative_control	negative_randomized_p4_initialization	all	exact	0	0.0	0.1	0	0.0	nan	nan
057	057E_randomized_negative_control	negative_randomized_p4_initialization	all	exact	1	0.1	0.2	0	0.0	nan	nan
057	057E_randomized_negative_control	negative_randomized_p4_initialization	all	exact	2	0.2	0.30000000000000004	2731	0.007802099224646749	0.28728906544921756	0.24569754668619553
057	057E_randomized_negative_control	negative_randomized_p4_initialization	all	exact	3	0.30000000000000004	0.4	61902	0.17684567784843758	0.3621024418702701	0.2496849859455268
057	057E_randomized_negative_control	negative_randomized_p4_initialization	all	exact	4	0.4	0.5	110807	0.3165606769628093	0.4503853342675805	0.2498759103666736
057	057E_randomized_negative_control	negative_randomized_p4_initialization	all	exact	5	0.5	0.6000000000000001	85095	0.24310495551860675	0.5463938673509848	0.25255302896762444
057	057E_randomized_negative_control	negative_randomized_p4_initialization	all	exact	6	0.6000000000000001	0.7000000000000001	51877	0.14820560288429124	0.6452380253216684	0.2508626173448735
057	057E_randomized_negative_control	negative_randomized_p4_initialization	all	exact	7	0.7000000000000001	0.8	26458	0.07558694298268168	0.7430323773120049	0.24502985864388843
057	057E_randomized_negative_control	negative_randomized_p4_initialization	all	exact	8	0.8	0.9	9800	0.027997280264202905	0.8395260768380306	0.25540816326530613
057	057E_randomized_negative_control	negative_randomized_p4_initialization	all	exact	9	0.9	1.0	1364	0.0038967643143237515	0.9246665337389434	0.26759530791788855
057	057E_randomized_negative_control	negative_randomized_p4_initialization	all	same_cross	0	0.0	0.1	0	0.0	nan	nan
057	057E_randomized_negative_control	negative_randomized_p4_initialization	all	same_cross	1	0.1	0.2	0	0.0	nan	nan
057	057E_randomized_negative_control	negative_randomized_p4_initialization	all	same_cross	2	0.2	0.30000000000000004	0	0.0	nan	nan
057	057E_randomized_negative_control	negative_randomized_p4_initialization	all	same_cross	3	0.30000000000000004	0.4	0	0.0	nan	nan
057	057E_randomized_negative_control	negative_randomized_p4_initialization	all	same_cross	4	0.4	0.5	0	0.0	nan	nan
057	057E_randomized_negative_control	negative_randomized_p4_initialization	all	same_cross	5	0.5	0.6000000000000001	103825	0.2966140432072313	0.5495121392282406	0.500130026486877
057	057E_randomized_negative_control	negative_randomized_p4_initialization	all	same_cross	6	0.6000000000000001	0.7000000000000001	94952	0.2712650771067953	0.6488056432064967	0.5007582778667116
057	057E_randomized_negative_control	negative_randomized_p4_initialization	all	same_cross	7	0.7000000000000001	0.8	78403	0.2239868127096225	0.7478056604746462	0.5009502187416298
057	057E_randomized_negative_control	negative_randomized_p4_initialization	all	same_cross	8	0.8	0.9	53152	0.1518481061839707	0.8454375761010191	0.4995860927152318
057	057E_randomized_negative_control	negative_randomized_p4_initialization	all	same_cross	9	0.9	1.0	19702	0.05628596079238017	0.9339259553413131	0.5040097452035326
057	057E_randomized_negative_control	negative_randomized_p4_initialization	cis	exact	0	0.0	0.1	0	0.0	nan	nan
057	057E_randomized_negative_control	negative_randomized_p4_initialization	cis	exact	1	0.1	0.2	0	0.0	nan	nan
057	057E_randomized_negative_control	negative_randomized_p4_initialization	cis	exact	2	0.2	0.30000000000000004	1607	0.007798812949814857	0.28717722027667214	0.23957685127566894
057	057E_randomized_negative_control	negative_randomized_p4_initialization	cis	exact	3	0.30000000000000004	0.4	36467	0.17697530295015457	0.3620947424219359	0.24838895439712616
057	057E_randomized_negative_control	negative_randomized_p4_initialization	cis	exact	4	0.4	0.5	65469	0.3177227660307585	0.4504743205351228	0.24941575402098703
057	057E_randomized_negative_control	negative_randomized_p4_initialization	cis	exact	5	0.5	0.6000000000000001	50121	0.2432385213800065	0.546379245239189	0.2524091698090621
057	057E_randomized_negative_control	negative_randomized_p4_initialization	cis	exact	6	0.6000000000000001	0.7000000000000001	30403	0.14754655265290673	0.6453511685579065	0.2521132782949051
057	057E_randomized_negative_control	negative_randomized_p4_initialization	cis	exact	7	0.7000000000000001	0.8	15390	0.07468807174713793	0.7430816700973588	0.2424301494476933
057	057E_randomized_negative_control	negative_randomized_p4_initialization	cis	exact	8	0.8	0.9	5768	0.027992254570337334	0.8396299866614846	0.2501733703190014
057	057E_randomized_negative_control	negative_randomized_p4_initialization	cis	exact	9	0.9	1.0	832	0.0040377177188836095	0.9242546331205278	0.27884615384615385
057	057E_randomized_negative_control	negative_randomized_p4_initialization	cis	same_cross	0	0.0	0.1	0	0.0	nan	nan
057	057E_randomized_negative_control	negative_randomized_p4_initialization	cis	same_cross	1	0.1	0.2	0	0.0	nan	nan
057	057E_randomized_negative_control	negative_randomized_p4_initialization	cis	same_cross	2	0.2	0.30000000000000004	0	0.0	nan	nan
057	057E_randomized_negative_control	negative_randomized_p4_initialization	cis	same_cross	3	0.30000000000000004	0.4	0	0.0	nan	nan
057	057E_randomized_negative_control	negative_randomized_p4_initialization	cis	same_cross	4	0.4	0.5	0	0.0	nan	nan
057	057E_randomized_negative_control	negative_randomized_p4_initialization	cis	same_cross	5	0.5	0.6000000000000001	61146	0.29674313418131876	0.5495021115496026	0.49967291400909297
057	057E_randomized_negative_control	negative_randomized_p4_initialization	cis	same_cross	6	0.6000000000000001	0.7000000000000001	55828	0.27093474135797374	0.6488804805661254	0.5000358243175468
057	057E_randomized_negative_control	negative_randomized_p4_initialization	cis	same_cross	7	0.7000000000000001	0.8	46142	0.22392833051048983	0.7477343428977777	0.5035975900481123
057	057E_randomized_negative_control	negative_randomized_p4_initialization	cis	same_cross	8	0.8	0.9	31408	0.15242384388785626	0.8454830114752666	0.4989811512990321
057	057E_randomized_negative_control	negative_randomized_p4_initialization	cis	same_cross	9	0.9	1.0	11533	0.055969950062361384	0.93411968728152	0.5007370155206798
057	057E_randomized_negative_control	negative_randomized_p4_initialization	trans	exact	0	0.0	0.1	0	0.0	nan	nan
057	057E_randomized_negative_control	negative_randomized_p4_initialization	trans	exact	1	0.1	0.2	0	0.0	nan	nan
057	057E_randomized_negative_control	negative_randomized_p4_initialization	trans	exact	2	0.2	0.30000000000000004	1124	0.007806802475395376	0.28744897220391546	0.25444839857651247
057	057E_randomized_negative_control	negative_randomized_p4_initialization	trans	exact	3	0.30000000000000004	0.4	25435	0.17666016099793716	0.3621134808237752	0.25154314920385296
057	057E_randomized_negative_control	negative_randomized_p4_initialization	trans	exact	4	0.4	0.5	45338	0.31489751835362595	0.45025683627583546	0.25054038554854646
057	057E_randomized_negative_control	negative_randomized_p4_initialization	trans	exact	5	0.5	0.6000000000000001	34974	0.24291379873174188	0.5464148221993098	0.252759192543032
057	057E_randomized_negative_control	negative_randomized_p4_initialization	trans	exact	6	0.6000000000000001	0.7000000000000001	21474	0.14914882238135257	0.6450778365440138	0.24909192511874825
057	057E_randomized_negative_control	negative_randomized_p4_initialization	trans	exact	7	0.7000000000000001	0.8	11068	0.07687338949971176	0.7429638359344664	0.2486447415973979
057	057E_randomized_negative_control	negative_randomized_p4_initialization	trans	exact	8	0.8	0.9	4032	0.028004472936649604	0.8393774280628115	0.2628968253968254
057	057E_randomized_negative_control	negative_randomized_p4_initialization	trans	exact	9	0.9	1.0	532	0.0036950346235857115	0.9253107091421798	0.25
057	057E_randomized_negative_control	negative_randomized_p4_initialization	trans	same_cross	0	0.0	0.1	0	0.0	nan	nan
057	057E_randomized_negative_control	negative_randomized_p4_initialization	trans	same_cross	1	0.1	0.2	0	0.0	nan	nan
057	057E_randomized_negative_control	negative_randomized_p4_initialization	trans	same_cross	2	0.2	0.30000000000000004	0	0.0	nan	nan
057	057E_randomized_negative_control	negative_randomized_p4_initialization	trans	same_cross	3	0.30000000000000004	0.4	0	0.0	nan	nan
057	057E_randomized_negative_control	negative_randomized_p4_initialization	trans	same_cross	4	0.4	0.5	0	0.0	nan	nan
057	057E_randomized_negative_control	negative_randomized_p4_initialization	trans	same_cross	5	0.5	0.6000000000000001	42679	0.2964292907895011	0.5495265058356588	0.5007849293563579
057	057E_randomized_negative_control	negative_randomized_p4_initialization	trans	same_cross	6	0.6000000000000001	0.7000000000000001	39124	0.2717378470172319	0.6486988540204895	0.5017891831101114
057	057E_randomized_negative_control	negative_randomized_p4_initialization	trans	same_cross	7	0.7000000000000001	0.8	32261	0.2240705112622155	0.7479076639969136	0.49716375809801305
057	057E_randomized_negative_control	negative_randomized_p4_initialization	trans	same_cross	8	0.8	0.9	21744	0.15102412190836037	0.8453719472271057	0.5004598969830758
057	057E_randomized_negative_control	negative_randomized_p4_initialization	trans	same_cross	9	0.9	1.0	8169	0.05673822902269112	0.9336524444505787	0.5086301872934264
