experiment	component	configuration	scope	metric	value	n	truth_used_in_inference
057	057A_oracle_coordinates_score_kernel_isolation	oracle_coords_fdg_flat	all	n_contacts	350034	350034	ORACLE_COORDINATES
057	057A_oracle_coordinates_score_kernel_isolation	oracle_coords_fdg_flat	all	callable_fraction	1.0	350034	ORACLE_COORDINATES
057	057A_oracle_coordinates_score_kernel_isolation	oracle_coords_fdg_flat	all	exact_top1_accuracy	0.19839215619054149	350034	ORACLE_COORDINATES
057	057A_oracle_coordinates_score_kernel_isolation	oracle_coords_fdg_flat	all	exact_random_tie_expected_accuracy	0.19627807584406087	350034	ORACLE_COORDINATES
057	057A_oracle_coordinates_score_kernel_isolation	oracle_coords_fdg_flat	all	exact_accuracy_ci95_lower	0.19707436770743503	350034	ORACLE_COORDINATES
057	057A_oracle_coordinates_score_kernel_isolation	oracle_coords_fdg_flat	all	exact_accuracy_ci95_upper	0.19971656460997922	350034	ORACLE_COORDINATES
057	057A_oracle_coordinates_score_kernel_isolation	oracle_coords_fdg_flat	all	exact_log_loss	3.3745106678146577	350034	ORACLE_COORDINATES
057	057A_oracle_coordinates_score_kernel_isolation	oracle_coords_fdg_flat	all	exact_brier	1.15663208555737	350034	ORACLE_COORDINATES
057	057A_oracle_coordinates_score_kernel_isolation	oracle_coords_fdg_flat	all	same_cross_accuracy	0.8473691127147649	350034	ORACLE_COORDINATES
057	057A_oracle_coordinates_score_kernel_isolation	oracle_coords_fdg_flat	all	same_cross_random_tie_expected_accuracy	0.847371969580098	350034	ORACLE_COORDINATES
057	057A_oracle_coordinates_score_kernel_isolation	oracle_coords_fdg_flat	all	same_cross_accuracy_ci95_lower	0.8461739204344108	350034	ORACLE_COORDINATES
057	057A_oracle_coordinates_score_kernel_isolation	oracle_coords_fdg_flat	all	same_cross_accuracy_ci95_upper	0.848556680652925	350034	ORACLE_COORDINATES
057	057A_oracle_coordinates_score_kernel_isolation	oracle_coords_fdg_flat	all	same_cross_log_loss	0.4640886304403902	350034	ORACLE_COORDINATES
057	057A_oracle_coordinates_score_kernel_isolation	oracle_coords_fdg_flat	all	same_cross_brier	0.23180111018674943	350034	ORACLE_COORDINATES
057	057A_oracle_coordinates_score_kernel_isolation	oracle_coords_fdg_flat	all	mean_entropy	0.5335511777326613	350034	ORACLE_COORDINATES
057	057A_oracle_coordinates_score_kernel_isolation	oracle_coords_fdg_flat	all	exact_ece	0.5338040471492275	350034	ORACLE_COORDINATES
057	057A_oracle_coordinates_score_kernel_isolation	oracle_coords_fdg_flat	all	same_cross_ece	0.08419150717427118	350034	ORACLE_COORDINATES
057	057A_oracle_coordinates_score_kernel_isolation	oracle_coords_fdg_flat	all	mean_exact_confidence	0.7321538213580555	350034	ORACLE_COORDINATES
057	057A_oracle_coordinates_score_kernel_isolation	oracle_coords_fdg_flat	all	mean_same_cross_confidence	0.931560619889036	350034	ORACLE_COORDINATES
057	057A_oracle_coordinates_score_kernel_isolation	oracle_coords_fdg_flat	all	mean_signal_probability	1.0	350034	ORACLE_COORDINATES
057	057A_oracle_coordinates_score_kernel_isolation	oracle_coords_fdg_flat	all	exact_coverage_at_precision_0.55	0.0	350034	ORACLE_COORDINATES
057	057A_oracle_coordinates_score_kernel_isolation	oracle_coords_fdg_flat	all	exact_coverage_at_precision_0.60	0.0	350034	ORACLE_COORDINATES
057	057A_oracle_coordinates_score_kernel_isolation	oracle_coords_fdg_flat	all	exact_coverage_at_precision_0.70	0.0	350034	ORACLE_COORDINATES
057	057A_oracle_coordinates_score_kernel_isolation	oracle_coords_fdg_flat	all	exact_coverage_at_precision_0.80	0.0	350034	ORACLE_COORDINATES
057	057A_oracle_coordinates_score_kernel_isolation	oracle_coords_fdg_flat	all	exact_coverage_at_precision_0.90	0.0	350034	ORACLE_COORDINATES
057	057A_oracle_coordinates_score_kernel_isolation	oracle_coords_fdg_flat	all	same_cross_coverage_at_precision_0.55	1.0	350034	ORACLE_COORDINATES
057	057A_oracle_coordinates_score_kernel_isolation	oracle_coords_fdg_flat	all	same_cross_coverage_at_precision_0.60	1.0	350034	ORACLE_COORDINATES
057	057A_oracle_coordinates_score_kernel_isolation	oracle_coords_fdg_flat	all	same_cross_coverage_at_precision_0.70	1.0	350034	ORACLE_COORDINATES
057	057A_oracle_coordinates_score_kernel_isolation	oracle_coords_fdg_flat	all	same_cross_coverage_at_precision_0.80	1.0	350034	ORACLE_COORDINATES
057	057A_oracle_coordinates_score_kernel_isolation	oracle_coords_fdg_flat	all	same_cross_coverage_at_precision_0.90	0.8442065627910431	350034	ORACLE_COORDINATES
057	057A_oracle_coordinates_score_kernel_isolation	oracle_coords_fdg_flat	all	exact_signal_aware_coverage_at_precision_0.55	0.0	350034	ORACLE_COORDINATES
057	057A_oracle_coordinates_score_kernel_isolation	oracle_coords_fdg_flat	all	exact_signal_aware_coverage_at_precision_0.60	0.0	350034	ORACLE_COORDINATES
057	057A_oracle_coordinates_score_kernel_isolation	oracle_coords_fdg_flat	all	exact_signal_aware_coverage_at_precision_0.70	0.0	350034	ORACLE_COORDINATES
057	057A_oracle_coordinates_score_kernel_isolation	oracle_coords_fdg_flat	all	exact_signal_aware_coverage_at_precision_0.80	0.0	350034	ORACLE_COORDINATES
057	057A_oracle_coordinates_score_kernel_isolation	oracle_coords_fdg_flat	all	exact_signal_aware_coverage_at_precision_0.90	0.0	350034	ORACLE_COORDINATES
057	057A_oracle_coordinates_score_kernel_isolation	oracle_coords_fdg_flat	all	same_cross_signal_aware_coverage_at_precision_0.55	1.0	350034	ORACLE_COORDINATES
057	057A_oracle_coordinates_score_kernel_isolation	oracle_coords_fdg_flat	all	same_cross_signal_aware_coverage_at_precision_0.60	1.0	350034	ORACLE_COORDINATES
057	057A_oracle_coordinates_score_kernel_isolation	oracle_coords_fdg_flat	all	same_cross_signal_aware_coverage_at_precision_0.70	1.0	350034	ORACLE_COORDINATES
057	057A_oracle_coordinates_score_kernel_isolation	oracle_coords_fdg_flat	all	same_cross_signal_aware_coverage_at_precision_0.80	1.0	350034	ORACLE_COORDINATES
057	057A_oracle_coordinates_score_kernel_isolation	oracle_coords_fdg_flat	all	same_cross_signal_aware_coverage_at_precision_0.90	0.8442065627910431	350034	ORACLE_COORDINATES
057	057A_oracle_coordinates_score_kernel_isolation	oracle_coords_fdg_flat	all	mean_truth_state_distance_rank	2.201269019580955	350034	ORACLE_COORDINATES
057	057A_oracle_coordinates_score_kernel_isolation	oracle_coords_fdg_flat	all	truth_state_geometrically_nearest_fraction	0.1887016689807276	350034	ORACLE_COORDINATES
057	057A_oracle_coordinates_score_kernel_isolation	oracle_coords_fdg_flat	all	posterior_top1_equals_geometrically_nearest_fraction	0.9590239805276058	350034	ORACLE_COORDINATES
057	057A_oracle_coordinates_score_kernel_isolation	oracle_coords_fdg_flat	cis	n_contacts	206057	206057	ORACLE_COORDINATES
057	057A_oracle_coordinates_score_kernel_isolation	oracle_coords_fdg_flat	cis	callable_fraction	1.0	206057	ORACLE_COORDINATES
057	057A_oracle_coordinates_score_kernel_isolation	oracle_coords_fdg_flat	cis	exact_top1_accuracy	0.2210941632655042	206057	ORACLE_COORDINATES
057	057A_oracle_coordinates_score_kernel_isolation	oracle_coords_fdg_flat	cis	exact_random_tie_expected_accuracy	0.21743174623202963	206057	ORACLE_COORDINATES
057	057A_oracle_coordinates_score_kernel_isolation	oracle_coords_fdg_flat	cis	exact_accuracy_ci95_lower	0.21930758842654768	206057	ORACLE_COORDINATES
057	057A_oracle_coordinates_score_kernel_isolation	oracle_coords_fdg_flat	cis	exact_accuracy_ci95_upper	0.2228911370262459	206057	ORACLE_COORDINATES
057	057A_oracle_coordinates_score_kernel_isolation	oracle_coords_fdg_flat	cis	exact_log_loss	1.981685660341796	206057	ORACLE_COORDINATES
057	057A_oracle_coordinates_score_kernel_isolation	oracle_coords_fdg_flat	cis	exact_brier	1.0231508485328125	206057	ORACLE_COORDINATES
057	057A_oracle_coordinates_score_kernel_isolation	oracle_coords_fdg_flat	cis	same_cross_accuracy	0.9770354804738495	206057	ORACLE_COORDINATES
057	057A_oracle_coordinates_score_kernel_isolation	oracle_coords_fdg_flat	cis	same_cross_random_tie_expected_accuracy	0.9770403334999539	206057	ORACLE_COORDINATES
057	057A_oracle_coordinates_score_kernel_isolation	oracle_coords_fdg_flat	cis	same_cross_accuracy_ci95_lower	0.9763797795946313	206057	ORACLE_COORDINATES
057	057A_oracle_coordinates_score_kernel_isolation	oracle_coords_fdg_flat	cis	same_cross_accuracy_ci95_upper	0.9776733952260065	206057	ORACLE_COORDINATES
057	057A_oracle_coordinates_score_kernel_isolation	oracle_coords_fdg_flat	cis	same_cross_log_loss	0.18089467310507212	206057	ORACLE_COORDINATES
057	057A_oracle_coordinates_score_kernel_isolation	oracle_coords_fdg_flat	cis	same_cross_brier	0.04222127720956505	206057	ORACLE_COORDINATES
057	057A_oracle_coordinates_score_kernel_isolation	oracle_coords_fdg_flat	cis	mean_entropy	0.5312017439504322	206057	ORACLE_COORDINATES
057	057A_oracle_coordinates_score_kernel_isolation	oracle_coords_fdg_flat	cis	exact_ece	0.479043064597053	206057	ORACLE_COORDINATES
057	057A_oracle_coordinates_score_kernel_isolation	oracle_coords_fdg_flat	cis	same_cross_ece	0.015017892627868297	206057	ORACLE_COORDINATES
057	057A_oracle_coordinates_score_kernel_isolation	oracle_coords_fdg_flat	cis	mean_exact_confidence	0.7000668068956275	206057	ORACLE_COORDINATES
057	057A_oracle_coordinates_score_kernel_isolation	oracle_coords_fdg_flat	cis	mean_same_cross_confidence	0.9890661484799295	206057	ORACLE_COORDINATES
057	057A_oracle_coordinates_score_kernel_isolation	oracle_coords_fdg_flat	cis	mean_signal_probability	1.0	206057	ORACLE_COORDINATES
057	057A_oracle_coordinates_score_kernel_isolation	oracle_coords_fdg_flat	cis	exact_coverage_at_precision_0.55	0.0	206057	ORACLE_COORDINATES
057	057A_oracle_coordinates_score_kernel_isolation	oracle_coords_fdg_flat	cis	exact_coverage_at_precision_0.60	0.0	206057	ORACLE_COORDINATES
057	057A_oracle_coordinates_score_kernel_isolation	oracle_coords_fdg_flat	cis	exact_coverage_at_precision_0.70	0.0	206057	ORACLE_COORDINATES
057	057A_oracle_coordinates_score_kernel_isolation	oracle_coords_fdg_flat	cis	exact_coverage_at_precision_0.80	0.0	206057	ORACLE_COORDINATES
057	057A_oracle_coordinates_score_kernel_isolation	oracle_coords_fdg_flat	cis	exact_coverage_at_precision_0.90	0.0	206057	ORACLE_COORDINATES
057	057A_oracle_coordinates_score_kernel_isolation	oracle_coords_fdg_flat	cis	same_cross_coverage_at_precision_0.55	1.0	206057	ORACLE_COORDINATES
057	057A_oracle_coordinates_score_kernel_isolation	oracle_coords_fdg_flat	cis	same_cross_coverage_at_precision_0.60	1.0	206057	ORACLE_COORDINATES
057	057A_oracle_coordinates_score_kernel_isolation	oracle_coords_fdg_flat	cis	same_cross_coverage_at_precision_0.70	1.0	206057	ORACLE_COORDINATES
057	057A_oracle_coordinates_score_kernel_isolation	oracle_coords_fdg_flat	cis	same_cross_coverage_at_precision_0.80	1.0	206057	ORACLE_COORDINATES
057	057A_oracle_coordinates_score_kernel_isolation	oracle_coords_fdg_flat	cis	same_cross_coverage_at_precision_0.90	1.0	206057	ORACLE_COORDINATES
057	057A_oracle_coordinates_score_kernel_isolation	oracle_coords_fdg_flat	cis	exact_signal_aware_coverage_at_precision_0.55	0.0	206057	ORACLE_COORDINATES
057	057A_oracle_coordinates_score_kernel_isolation	oracle_coords_fdg_flat	cis	exact_signal_aware_coverage_at_precision_0.60	0.0	206057	ORACLE_COORDINATES
057	057A_oracle_coordinates_score_kernel_isolation	oracle_coords_fdg_flat	cis	exact_signal_aware_coverage_at_precision_0.70	0.0	206057	ORACLE_COORDINATES
057	057A_oracle_coordinates_score_kernel_isolation	oracle_coords_fdg_flat	cis	exact_signal_aware_coverage_at_precision_0.80	0.0	206057	ORACLE_COORDINATES
057	057A_oracle_coordinates_score_kernel_isolation	oracle_coords_fdg_flat	cis	exact_signal_aware_coverage_at_precision_0.90	0.0	206057	ORACLE_COORDINATES
057	057A_oracle_coordinates_score_kernel_isolation	oracle_coords_fdg_flat	cis	same_cross_signal_aware_coverage_at_precision_0.55	1.0	206057	ORACLE_COORDINATES
057	057A_oracle_coordinates_score_kernel_isolation	oracle_coords_fdg_flat	cis	same_cross_signal_aware_coverage_at_precision_0.60	1.0	206057	ORACLE_COORDINATES
057	057A_oracle_coordinates_score_kernel_isolation	oracle_coords_fdg_flat	cis	same_cross_signal_aware_coverage_at_precision_0.70	1.0	206057	ORACLE_COORDINATES
057	057A_oracle_coordinates_score_kernel_isolation	oracle_coords_fdg_flat	cis	same_cross_signal_aware_coverage_at_precision_0.80	1.0	206057	ORACLE_COORDINATES
057	057A_oracle_coordinates_score_kernel_isolation	oracle_coords_fdg_flat	cis	same_cross_signal_aware_coverage_at_precision_0.90	1.0	206057	ORACLE_COORDINATES
057	057A_oracle_coordinates_score_kernel_isolation	oracle_coords_fdg_flat	cis	mean_truth_state_distance_rank	1.8529290439053272	206057	ORACLE_COORDINATES
057	057A_oracle_coordinates_score_kernel_isolation	oracle_coords_fdg_flat	cis	truth_state_geometrically_nearest_fraction	0.20466181687591298	206057	ORACLE_COORDINATES
057	057A_oracle_coordinates_score_kernel_isolation	oracle_coords_fdg_flat	cis	posterior_top1_equals_geometrically_nearest_fraction	0.931499536536007	206057	ORACLE_COORDINATES
057	057A_oracle_coordinates_score_kernel_isolation	oracle_coords_fdg_flat	trans	n_contacts	143977	143977	ORACLE_COORDINATES
057	057A_oracle_coordinates_score_kernel_isolation	oracle_coords_fdg_flat	trans	callable_fraction	1.0	143977	ORACLE_COORDINATES
057	057A_oracle_coordinates_score_kernel_isolation	oracle_coords_fdg_flat	trans	exact_top1_accuracy	0.16590149815595545	143977	ORACLE_COORDINATES
057	057A_oracle_coordinates_score_kernel_isolation	oracle_coords_fdg_flat	trans	exact_random_tie_expected_accuracy	0.1660033662784102	143977	ORACLE_COORDINATES
057	057A_oracle_coordinates_score_kernel_isolation	oracle_coords_fdg_flat	trans	exact_accuracy_ci95_lower	0.16398893924607577	143977	ORACLE_COORDINATES
057	057A_oracle_coordinates_score_kernel_isolation	oracle_coords_fdg_flat	trans	exact_accuracy_ci95_upper	0.16783188479380068	143977	ORACLE_COORDINATES
057	057A_oracle_coordinates_score_kernel_isolation	oracle_coords_fdg_flat	trans	exact_log_loss	5.367893934342196	143977	ORACLE_COORDINATES
057	057A_oracle_coordinates_score_kernel_isolation	oracle_coords_fdg_flat	trans	exact_brier	1.3476677597106672	143977	ORACLE_COORDINATES
057	057A_oracle_coordinates_score_kernel_isolation	oracle_coords_fdg_flat	trans	same_cross_accuracy	0.6617932030810477	143977	ORACLE_COORDINATES
057	057A_oracle_coordinates_score_kernel_isolation	oracle_coords_fdg_flat	trans	same_cross_random_tie_expected_accuracy	0.6617932030810477	143977	ORACLE_COORDINATES
057	057A_oracle_coordinates_score_kernel_isolation	oracle_coords_fdg_flat	trans	same_cross_accuracy_ci95_lower	0.6593451816389091	143977	ORACLE_COORDINATES
057	057A_oracle_coordinates_score_kernel_isolation	oracle_coords_fdg_flat	trans	same_cross_accuracy_ci95_upper	0.6642325911255647	143977	ORACLE_COORDINATES
057	057A_oracle_coordinates_score_kernel_isolation	oracle_coords_fdg_flat	trans	same_cross_log_loss	0.8693901526741056	143977	ORACLE_COORDINATES
057	057A_oracle_coordinates_score_kernel_isolation	oracle_coords_fdg_flat	trans	same_cross_brier	0.5031239717811684	143977	ORACLE_COORDINATES
057	057A_oracle_coordinates_score_kernel_isolation	oracle_coords_fdg_flat	trans	mean_entropy	0.5369136403264422	143977	ORACLE_COORDINATES
057	057A_oracle_coordinates_score_kernel_isolation	oracle_coords_fdg_flat	trans	exact_ece	0.6121768690704609	143977	ORACLE_COORDINATES
057	057A_oracle_coordinates_score_kernel_isolation	oracle_coords_fdg_flat	trans	same_cross_ece	0.18746665554157954	143977	ORACLE_COORDINATES
057	057A_oracle_coordinates_score_kernel_isolation	oracle_coords_fdg_flat	trans	mean_exact_confidence	0.7780761140790076	143977	ORACLE_COORDINATES
057	057A_oracle_coordinates_score_kernel_isolation	oracle_coords_fdg_flat	trans	mean_same_cross_confidence	0.8492598586226272	143977	ORACLE_COORDINATES
057	057A_oracle_coordinates_score_kernel_isolation	oracle_coords_fdg_flat	trans	mean_signal_probability	1.0	143977	ORACLE_COORDINATES
057	057A_oracle_coordinates_score_kernel_isolation	oracle_coords_fdg_flat	trans	exact_coverage_at_precision_0.55	0.0	143977	ORACLE_COORDINATES
057	057A_oracle_coordinates_score_kernel_isolation	oracle_coords_fdg_flat	trans	exact_coverage_at_precision_0.60	0.0	143977	ORACLE_COORDINATES
057	057A_oracle_coordinates_score_kernel_isolation	oracle_coords_fdg_flat	trans	exact_coverage_at_precision_0.70	0.0	143977	ORACLE_COORDINATES
057	057A_oracle_coordinates_score_kernel_isolation	oracle_coords_fdg_flat	trans	exact_coverage_at_precision_0.80	0.0	143977	ORACLE_COORDINATES
057	057A_oracle_coordinates_score_kernel_isolation	oracle_coords_fdg_flat	trans	exact_coverage_at_precision_0.90	0.0	143977	ORACLE_COORDINATES
057	057A_oracle_coordinates_score_kernel_isolation	oracle_coords_fdg_flat	trans	same_cross_coverage_at_precision_0.55	1.0	143977	ORACLE_COORDINATES
057	057A_oracle_coordinates_score_kernel_isolation	oracle_coords_fdg_flat	trans	same_cross_coverage_at_precision_0.60	1.0	143977	ORACLE_COORDINATES
057	057A_oracle_coordinates_score_kernel_isolation	oracle_coords_fdg_flat	trans	same_cross_coverage_at_precision_0.70	0.7647332560061677	143977	ORACLE_COORDINATES
057	057A_oracle_coordinates_score_kernel_isolation	oracle_coords_fdg_flat	trans	same_cross_coverage_at_precision_0.80	0.3806371851059544	143977	ORACLE_COORDINATES
057	057A_oracle_coordinates_score_kernel_isolation	oracle_coords_fdg_flat	trans	same_cross_coverage_at_precision_0.90	0.20802628197559334	143977	ORACLE_COORDINATES
057	057A_oracle_coordinates_score_kernel_isolation	oracle_coords_fdg_flat	trans	exact_signal_aware_coverage_at_precision_0.55	0.0	143977	ORACLE_COORDINATES
057	057A_oracle_coordinates_score_kernel_isolation	oracle_coords_fdg_flat	trans	exact_signal_aware_coverage_at_precision_0.60	0.0	143977	ORACLE_COORDINATES
057	057A_oracle_coordinates_score_kernel_isolation	oracle_coords_fdg_flat	trans	exact_signal_aware_coverage_at_precision_0.70	0.0	143977	ORACLE_COORDINATES
057	057A_oracle_coordinates_score_kernel_isolation	oracle_coords_fdg_flat	trans	exact_signal_aware_coverage_at_precision_0.80	0.0	143977	ORACLE_COORDINATES
057	057A_oracle_coordinates_score_kernel_isolation	oracle_coords_fdg_flat	trans	exact_signal_aware_coverage_at_precision_0.90	0.0	143977	ORACLE_COORDINATES
057	057A_oracle_coordinates_score_kernel_isolation	oracle_coords_fdg_flat	trans	same_cross_signal_aware_coverage_at_precision_0.55	1.0	143977	ORACLE_COORDINATES
057	057A_oracle_coordinates_score_kernel_isolation	oracle_coords_fdg_flat	trans	same_cross_signal_aware_coverage_at_precision_0.60	1.0	143977	ORACLE_COORDINATES
057	057A_oracle_coordinates_score_kernel_isolation	oracle_coords_fdg_flat	trans	same_cross_signal_aware_coverage_at_precision_0.70	0.7647332560061677	143977	ORACLE_COORDINATES
057	057A_oracle_coordinates_score_kernel_isolation	oracle_coords_fdg_flat	trans	same_cross_signal_aware_coverage_at_precision_0.80	0.3806371851059544	143977	ORACLE_COORDINATES
057	057A_oracle_coordinates_score_kernel_isolation	oracle_coords_fdg_flat	trans	same_cross_signal_aware_coverage_at_precision_0.90	0.20802628197559334	143977	ORACLE_COORDINATES
057	057A_oracle_coordinates_score_kernel_isolation	oracle_coords_fdg_flat	trans	mean_truth_state_distance_rank	2.699806219048876	143977	ORACLE_COORDINATES
057	057A_oracle_coordinates_score_kernel_isolation	oracle_coords_fdg_flat	trans	truth_state_geometrically_nearest_fraction	0.16585982483313308	143977	ORACLE_COORDINATES
057	057A_oracle_coordinates_score_kernel_isolation	oracle_coords_fdg_flat	trans	posterior_top1_equals_geometrically_nearest_fraction	0.998416413732749	143977	ORACLE_COORDINATES
057	057A_oracle_coordinates_score_kernel_isolation	oracle_coords_dist2	all	n_contacts	350034	350034	ORACLE_COORDINATES
057	057A_oracle_coordinates_score_kernel_isolation	oracle_coords_dist2	all	callable_fraction	1.0	350034	ORACLE_COORDINATES
057	057A_oracle_coordinates_score_kernel_isolation	oracle_coords_dist2	all	exact_top1_accuracy	0.1887016689807276	350034	ORACLE_COORDINATES
057	057A_oracle_coordinates_score_kernel_isolation	oracle_coords_dist2	all	exact_random_tie_expected_accuracy	0.1887016689807276	350034	ORACLE_COORDINATES
057	057A_oracle_coordinates_score_kernel_isolation	oracle_coords_dist2	all	exact_accuracy_ci95_lower	0.18740889053197476	350034	ORACLE_COORDINATES
057	057A_oracle_coordinates_score_kernel_isolation	oracle_coords_dist2	all	exact_accuracy_ci95_upper	0.190001280060573	350034	ORACLE_COORDINATES
057	057A_oracle_coordinates_score_kernel_isolation	oracle_coords_dist2	all	exact_log_loss	12.233863137925418	350034	ORACLE_COORDINATES
057	057A_oracle_coordinates_score_kernel_isolation	oracle_coords_dist2	all	exact_brier	1.482157814453631	350034	ORACLE_COORDINATES
057	057A_oracle_coordinates_score_kernel_isolation	oracle_coords_dist2	all	same_cross_accuracy	0.8477319346120663	350034	ORACLE_COORDINATES
057	057A_oracle_coordinates_score_kernel_isolation	oracle_coords_dist2	all	same_cross_random_tie_expected_accuracy	0.8477319346120663	350034	ORACLE_COORDINATES
057	057A_oracle_coordinates_score_kernel_isolation	oracle_coords_dist2	all	same_cross_accuracy_ci95_lower	0.8465379004656762	350034	ORACLE_COORDINATES
057	057A_oracle_coordinates_score_kernel_isolation	oracle_coords_dist2	all	same_cross_accuracy_ci95_upper	0.8489183364527498	350034	ORACLE_COORDINATES
057	057A_oracle_coordinates_score_kernel_isolation	oracle_coords_dist2	all	same_cross_log_loss	1.8741817847271989	350034	ORACLE_COORDINATES
057	057A_oracle_coordinates_score_kernel_isolation	oracle_coords_dist2	all	same_cross_brier	0.28444126471293774	350034	ORACLE_COORDINATES
057	057A_oracle_coordinates_score_kernel_isolation	oracle_coords_dist2	all	mean_entropy	0.18849838968702345	350034	ORACLE_COORDINATES
057	057A_oracle_coordinates_score_kernel_isolation	oracle_coords_dist2	all	exact_ece	0.7265709063578486	350034	ORACLE_COORDINATES
057	057A_oracle_coordinates_score_kernel_isolation	oracle_coords_dist2	all	same_cross_ece	0.13697382978677047	350034	ORACLE_COORDINATES
057	057A_oracle_coordinates_score_kernel_isolation	oracle_coords_dist2	all	mean_exact_confidence	0.9152725753385761	350034	ORACLE_COORDINATES
057	057A_oracle_coordinates_score_kernel_isolation	oracle_coords_dist2	all	mean_same_cross_confidence	0.9847057643988367	350034	ORACLE_COORDINATES
057	057A_oracle_coordinates_score_kernel_isolation	oracle_coords_dist2	all	mean_signal_probability	1.0	350034	ORACLE_COORDINATES
057	057A_oracle_coordinates_score_kernel_isolation	oracle_coords_dist2	all	exact_coverage_at_precision_0.55	0.0	350034	ORACLE_COORDINATES
057	057A_oracle_coordinates_score_kernel_isolation	oracle_coords_dist2	all	exact_coverage_at_precision_0.60	0.0	350034	ORACLE_COORDINATES
057	057A_oracle_coordinates_score_kernel_isolation	oracle_coords_dist2	all	exact_coverage_at_precision_0.70	0.0	350034	ORACLE_COORDINATES
057	057A_oracle_coordinates_score_kernel_isolation	oracle_coords_dist2	all	exact_coverage_at_precision_0.80	0.0	350034	ORACLE_COORDINATES
057	057A_oracle_coordinates_score_kernel_isolation	oracle_coords_dist2	all	exact_coverage_at_precision_0.90	0.0	350034	ORACLE_COORDINATES
057	057A_oracle_coordinates_score_kernel_isolation	oracle_coords_dist2	all	same_cross_coverage_at_precision_0.55	1.0	350034	ORACLE_COORDINATES
057	057A_oracle_coordinates_score_kernel_isolation	oracle_coords_dist2	all	same_cross_coverage_at_precision_0.60	1.0	350034	ORACLE_COORDINATES
057	057A_oracle_coordinates_score_kernel_isolation	oracle_coords_dist2	all	same_cross_coverage_at_precision_0.70	1.0	350034	ORACLE_COORDINATES
057	057A_oracle_coordinates_score_kernel_isolation	oracle_coords_dist2	all	same_cross_coverage_at_precision_0.80	1.0	350034	ORACLE_COORDINATES
057	057A_oracle_coordinates_score_kernel_isolation	oracle_coords_dist2	all	same_cross_coverage_at_precision_0.90	0.8356673923104613	350034	ORACLE_COORDINATES
057	057A_oracle_coordinates_score_kernel_isolation	oracle_coords_dist2	all	exact_signal_aware_coverage_at_precision_0.55	0.0	350034	ORACLE_COORDINATES
057	057A_oracle_coordinates_score_kernel_isolation	oracle_coords_dist2	all	exact_signal_aware_coverage_at_precision_0.60	0.0	350034	ORACLE_COORDINATES
057	057A_oracle_coordinates_score_kernel_isolation	oracle_coords_dist2	all	exact_signal_aware_coverage_at_precision_0.70	0.0	350034	ORACLE_COORDINATES
057	057A_oracle_coordinates_score_kernel_isolation	oracle_coords_dist2	all	exact_signal_aware_coverage_at_precision_0.80	0.0	350034	ORACLE_COORDINATES
057	057A_oracle_coordinates_score_kernel_isolation	oracle_coords_dist2	all	exact_signal_aware_coverage_at_precision_0.90	0.0	350034	ORACLE_COORDINATES
057	057A_oracle_coordinates_score_kernel_isolation	oracle_coords_dist2	all	same_cross_signal_aware_coverage_at_precision_0.55	1.0	350034	ORACLE_COORDINATES
057	057A_oracle_coordinates_score_kernel_isolation	oracle_coords_dist2	all	same_cross_signal_aware_coverage_at_precision_0.60	1.0	350034	ORACLE_COORDINATES
057	057A_oracle_coordinates_score_kernel_isolation	oracle_coords_dist2	all	same_cross_signal_aware_coverage_at_precision_0.70	1.0	350034	ORACLE_COORDINATES
057	057A_oracle_coordinates_score_kernel_isolation	oracle_coords_dist2	all	same_cross_signal_aware_coverage_at_precision_0.80	1.0	350034	ORACLE_COORDINATES
057	057A_oracle_coordinates_score_kernel_isolation	oracle_coords_dist2	all	same_cross_signal_aware_coverage_at_precision_0.90	0.8356673923104613	350034	ORACLE_COORDINATES
057	057A_oracle_coordinates_score_kernel_isolation	oracle_coords_dist2	all	mean_truth_state_distance_rank	2.201269019580955	350034	ORACLE_COORDINATES
057	057A_oracle_coordinates_score_kernel_isolation	oracle_coords_dist2	all	truth_state_geometrically_nearest_fraction	0.1887016689807276	350034	ORACLE_COORDINATES
057	057A_oracle_coordinates_score_kernel_isolation	oracle_coords_dist2	all	posterior_top1_equals_geometrically_nearest_fraction	1.0	350034	ORACLE_COORDINATES
057	057A_oracle_coordinates_score_kernel_isolation	oracle_coords_dist2	cis	n_contacts	206057	206057	ORACLE_COORDINATES
057	057A_oracle_coordinates_score_kernel_isolation	oracle_coords_dist2	cis	callable_fraction	1.0	206057	ORACLE_COORDINATES
057	057A_oracle_coordinates_score_kernel_isolation	oracle_coords_dist2	cis	exact_top1_accuracy	0.20466181687591298	206057	ORACLE_COORDINATES
057	057A_oracle_coordinates_score_kernel_isolation	oracle_coords_dist2	cis	exact_random_tie_expected_accuracy	0.20466181687591298	206057	ORACLE_COORDINATES
057	057A_oracle_coordinates_score_kernel_isolation	oracle_coords_dist2	cis	exact_accuracy_ci95_lower	0.20292532787223966	206057	ORACLE_COORDINATES
057	057A_oracle_coordinates_score_kernel_isolation	oracle_coords_dist2	cis	exact_accuracy_ci95_upper	0.20640931747655555	206057	ORACLE_COORDINATES
057	057A_oracle_coordinates_score_kernel_isolation	oracle_coords_dist2	cis	exact_log_loss	7.7027596559203815	206057	ORACLE_COORDINATES
057	057A_oracle_coordinates_score_kernel_isolation	oracle_coords_dist2	cis	exact_brier	1.404951548280195	206057	ORACLE_COORDINATES
057	057A_oracle_coordinates_score_kernel_isolation	oracle_coords_dist2	cis	same_cross_accuracy	0.9773946044055771	206057	ORACLE_COORDINATES
057	057A_oracle_coordinates_score_kernel_isolation	oracle_coords_dist2	cis	same_cross_random_tie_expected_accuracy	0.9773946044055771	206057	ORACLE_COORDINATES
057	057A_oracle_coordinates_score_kernel_isolation	oracle_coords_dist2	cis	same_cross_accuracy_ci95_lower	0.9767438552556297	206057	ORACLE_COORDINATES
057	057A_oracle_coordinates_score_kernel_isolation	oracle_coords_dist2	cis	same_cross_accuracy_ci95_upper	0.9780275540386337	206057	ORACLE_COORDINATES
057	057A_oracle_coordinates_score_kernel_isolation	oracle_coords_dist2	cis	same_cross_log_loss	0.48069614922851417	206057	ORACLE_COORDINATES
057	057A_oracle_coordinates_score_kernel_isolation	oracle_coords_dist2	cis	same_cross_brier	0.043570118436580964	206057	ORACLE_COORDINATES
057	057A_oracle_coordinates_score_kernel_isolation	oracle_coords_dist2	cis	mean_entropy	0.2341735178070502	206057	ORACLE_COORDINATES
057	057A_oracle_coordinates_score_kernel_isolation	oracle_coords_dist2	cis	exact_ece	0.6874036518551576	206057	ORACLE_COORDINATES
057	057A_oracle_coordinates_score_kernel_isolation	oracle_coords_dist2	cis	same_cross_ece	0.021022901752896613	206057	ORACLE_COORDINATES
057	057A_oracle_coordinates_score_kernel_isolation	oracle_coords_dist2	cis	mean_exact_confidence	0.8920654687310706	206057	ORACLE_COORDINATES
057	057A_oracle_coordinates_score_kernel_isolation	oracle_coords_dist2	cis	mean_same_cross_confidence	0.9982551187623465	206057	ORACLE_COORDINATES
057	057A_oracle_coordinates_score_kernel_isolation	oracle_coords_dist2	cis	mean_signal_probability	1.0	206057	ORACLE_COORDINATES
057	057A_oracle_coordinates_score_kernel_isolation	oracle_coords_dist2	cis	exact_coverage_at_precision_0.55	0.0	206057	ORACLE_COORDINATES
057	057A_oracle_coordinates_score_kernel_isolation	oracle_coords_dist2	cis	exact_coverage_at_precision_0.60	0.0	206057	ORACLE_COORDINATES
057	057A_oracle_coordinates_score_kernel_isolation	oracle_coords_dist2	cis	exact_coverage_at_precision_0.70	0.0	206057	ORACLE_COORDINATES
057	057A_oracle_coordinates_score_kernel_isolation	oracle_coords_dist2	cis	exact_coverage_at_precision_0.80	0.0	206057	ORACLE_COORDINATES
057	057A_oracle_coordinates_score_kernel_isolation	oracle_coords_dist2	cis	exact_coverage_at_precision_0.90	0.0	206057	ORACLE_COORDINATES
057	057A_oracle_coordinates_score_kernel_isolation	oracle_coords_dist2	cis	same_cross_coverage_at_precision_0.55	1.0	206057	ORACLE_COORDINATES
057	057A_oracle_coordinates_score_kernel_isolation	oracle_coords_dist2	cis	same_cross_coverage_at_precision_0.60	1.0	206057	ORACLE_COORDINATES
057	057A_oracle_coordinates_score_kernel_isolation	oracle_coords_dist2	cis	same_cross_coverage_at_precision_0.70	1.0	206057	ORACLE_COORDINATES
057	057A_oracle_coordinates_score_kernel_isolation	oracle_coords_dist2	cis	same_cross_coverage_at_precision_0.80	1.0	206057	ORACLE_COORDINATES
057	057A_oracle_coordinates_score_kernel_isolation	oracle_coords_dist2	cis	same_cross_coverage_at_precision_0.90	1.0	206057	ORACLE_COORDINATES
057	057A_oracle_coordinates_score_kernel_isolation	oracle_coords_dist2	cis	exact_signal_aware_coverage_at_precision_0.55	0.0	206057	ORACLE_COORDINATES
057	057A_oracle_coordinates_score_kernel_isolation	oracle_coords_dist2	cis	exact_signal_aware_coverage_at_precision_0.60	0.0	206057	ORACLE_COORDINATES
057	057A_oracle_coordinates_score_kernel_isolation	oracle_coords_dist2	cis	exact_signal_aware_coverage_at_precision_0.70	0.0	206057	ORACLE_COORDINATES
057	057A_oracle_coordinates_score_kernel_isolation	oracle_coords_dist2	cis	exact_signal_aware_coverage_at_precision_0.80	0.0	206057	ORACLE_COORDINATES
057	057A_oracle_coordinates_score_kernel_isolation	oracle_coords_dist2	cis	exact_signal_aware_coverage_at_precision_0.90	0.0	206057	ORACLE_COORDINATES
057	057A_oracle_coordinates_score_kernel_isolation	oracle_coords_dist2	cis	same_cross_signal_aware_coverage_at_precision_0.55	1.0	206057	ORACLE_COORDINATES
057	057A_oracle_coordinates_score_kernel_isolation	oracle_coords_dist2	cis	same_cross_signal_aware_coverage_at_precision_0.60	1.0	206057	ORACLE_COORDINATES
057	057A_oracle_coordinates_score_kernel_isolation	oracle_coords_dist2	cis	same_cross_signal_aware_coverage_at_precision_0.70	1.0	206057	ORACLE_COORDINATES
057	057A_oracle_coordinates_score_kernel_isolation	oracle_coords_dist2	cis	same_cross_signal_aware_coverage_at_precision_0.80	1.0	206057	ORACLE_COORDINATES
057	057A_oracle_coordinates_score_kernel_isolation	oracle_coords_dist2	cis	same_cross_signal_aware_coverage_at_precision_0.90	1.0	206057	ORACLE_COORDINATES
057	057A_oracle_coordinates_score_kernel_isolation	oracle_coords_dist2	cis	mean_truth_state_distance_rank	1.8529290439053272	206057	ORACLE_COORDINATES
057	057A_oracle_coordinates_score_kernel_isolation	oracle_coords_dist2	cis	truth_state_geometrically_nearest_fraction	0.20466181687591298	206057	ORACLE_COORDINATES
057	057A_oracle_coordinates_score_kernel_isolation	oracle_coords_dist2	cis	posterior_top1_equals_geometrically_nearest_fraction	1.0	206057	ORACLE_COORDINATES
057	057A_oracle_coordinates_score_kernel_isolation	oracle_coords_dist2	trans	n_contacts	143977	143977	ORACLE_COORDINATES
057	057A_oracle_coordinates_score_kernel_isolation	oracle_coords_dist2	trans	callable_fraction	1.0	143977	ORACLE_COORDINATES
057	057A_oracle_coordinates_score_kernel_isolation	oracle_coords_dist2	trans	exact_top1_accuracy	0.16585982483313308	143977	ORACLE_COORDINATES
057	057A_oracle_coordinates_score_kernel_isolation	oracle_coords_dist2	trans	exact_random_tie_expected_accuracy	0.16585982483313308	143977	ORACLE_COORDINATES
057	057A_oracle_coordinates_score_kernel_isolation	oracle_coords_dist2	trans	exact_accuracy_ci95_lower	0.16394746037757468	143977	ORACLE_COORDINATES
057	057A_oracle_coordinates_score_kernel_isolation	oracle_coords_dist2	trans	exact_accuracy_ci95_upper	0.16779001924037446	143977	ORACLE_COORDINATES
057	057A_oracle_coordinates_score_kernel_isolation	oracle_coords_dist2	trans	exact_log_loss	18.718687729294256	143977	ORACLE_COORDINATES
057	057A_oracle_coordinates_score_kernel_isolation	oracle_coords_dist2	trans	exact_brier	1.5926538769420815	143977	ORACLE_COORDINATES
057	057A_oracle_coordinates_score_kernel_isolation	oracle_coords_dist2	trans	same_cross_accuracy	0.6621613174326455	143977	ORACLE_COORDINATES
057	057A_oracle_coordinates_score_kernel_isolation	oracle_coords_dist2	trans	same_cross_random_tie_expected_accuracy	0.6621613174326455	143977	ORACLE_COORDINATES
057	057A_oracle_coordinates_score_kernel_isolation	oracle_coords_dist2	trans	same_cross_accuracy_ci95_lower	0.6597139372362806	143977	ORACLE_COORDINATES
057	057A_oracle_coordinates_score_kernel_isolation	oracle_coords_dist2	trans	same_cross_accuracy_ci95_upper	0.6646000445885514	143977	ORACLE_COORDINATES
057	057A_oracle_coordinates_score_kernel_isolation	oracle_coords_dist2	trans	same_cross_log_loss	3.868510528859612	143977	ORACLE_COORDINATES
057	057A_oracle_coordinates_score_kernel_isolation	oracle_coords_dist2	trans	same_cross_brier	0.6291712270560011	143977	ORACLE_COORDINATES
057	057A_oracle_coordinates_score_kernel_isolation	oracle_coords_dist2	trans	mean_entropy	0.1231290607315073	143977	ORACLE_COORDINATES
057	057A_oracle_coordinates_score_kernel_isolation	oracle_coords_dist2	trans	exact_ece	0.7826262968789801	143977	ORACLE_COORDINATES
057	057A_oracle_coordinates_score_kernel_isolation	oracle_coords_dist2	trans	same_cross_ece	0.30315288225737164	143977	ORACLE_COORDINATES
057	057A_oracle_coordinates_score_kernel_isolation	oracle_coords_dist2	trans	mean_exact_confidence	0.9484861217121131	143977	ORACLE_COORDINATES
057	057A_oracle_coordinates_score_kernel_isolation	oracle_coords_dist2	trans	mean_same_cross_confidence	0.9653141996900171	143977	ORACLE_COORDINATES
057	057A_oracle_coordinates_score_kernel_isolation	oracle_coords_dist2	trans	mean_signal_probability	1.0	143977	ORACLE_COORDINATES
057	057A_oracle_coordinates_score_kernel_isolation	oracle_coords_dist2	trans	exact_coverage_at_precision_0.55	0.0	143977	ORACLE_COORDINATES
057	057A_oracle_coordinates_score_kernel_isolation	oracle_coords_dist2	trans	exact_coverage_at_precision_0.60	0.0	143977	ORACLE_COORDINATES
057	057A_oracle_coordinates_score_kernel_isolation	oracle_coords_dist2	trans	exact_coverage_at_precision_0.70	0.0	143977	ORACLE_COORDINATES
057	057A_oracle_coordinates_score_kernel_isolation	oracle_coords_dist2	trans	exact_coverage_at_precision_0.80	0.0	143977	ORACLE_COORDINATES
057	057A_oracle_coordinates_score_kernel_isolation	oracle_coords_dist2	trans	exact_coverage_at_precision_0.90	0.0	143977	ORACLE_COORDINATES
057	057A_oracle_coordinates_score_kernel_isolation	oracle_coords_dist2	trans	same_cross_coverage_at_precision_0.55	1.0	143977	ORACLE_COORDINATES
057	057A_oracle_coordinates_score_kernel_isolation	oracle_coords_dist2	trans	same_cross_coverage_at_precision_0.60	1.0	143977	ORACLE_COORDINATES
057	057A_oracle_coordinates_score_kernel_isolation	oracle_coords_dist2	trans	same_cross_coverage_at_precision_0.70	0.7579682866013322	143977	ORACLE_COORDINATES
057	057A_oracle_coordinates_score_kernel_isolation	oracle_coords_dist2	trans	same_cross_coverage_at_precision_0.80	0.34518707849170355	143977	ORACLE_COORDINATES
057	057A_oracle_coordinates_score_kernel_isolation	oracle_coords_dist2	trans	same_cross_coverage_at_precision_0.90	0.18545323211346257	143977	ORACLE_COORDINATES
057	057A_oracle_coordinates_score_kernel_isolation	oracle_coords_dist2	trans	exact_signal_aware_coverage_at_precision_0.55	0.0	143977	ORACLE_COORDINATES
057	057A_oracle_coordinates_score_kernel_isolation	oracle_coords_dist2	trans	exact_signal_aware_coverage_at_precision_0.60	0.0	143977	ORACLE_COORDINATES
057	057A_oracle_coordinates_score_kernel_isolation	oracle_coords_dist2	trans	exact_signal_aware_coverage_at_precision_0.70	0.0	143977	ORACLE_COORDINATES
057	057A_oracle_coordinates_score_kernel_isolation	oracle_coords_dist2	trans	exact_signal_aware_coverage_at_precision_0.80	0.0	143977	ORACLE_COORDINATES
057	057A_oracle_coordinates_score_kernel_isolation	oracle_coords_dist2	trans	exact_signal_aware_coverage_at_precision_0.90	0.0	143977	ORACLE_COORDINATES
057	057A_oracle_coordinates_score_kernel_isolation	oracle_coords_dist2	trans	same_cross_signal_aware_coverage_at_precision_0.55	1.0	143977	ORACLE_COORDINATES
057	057A_oracle_coordinates_score_kernel_isolation	oracle_coords_dist2	trans	same_cross_signal_aware_coverage_at_precision_0.60	1.0	143977	ORACLE_COORDINATES
057	057A_oracle_coordinates_score_kernel_isolation	oracle_coords_dist2	trans	same_cross_signal_aware_coverage_at_precision_0.70	0.7579682866013322	143977	ORACLE_COORDINATES
057	057A_oracle_coordinates_score_kernel_isolation	oracle_coords_dist2	trans	same_cross_signal_aware_coverage_at_precision_0.80	0.34518707849170355	143977	ORACLE_COORDINATES
057	057A_oracle_coordinates_score_kernel_isolation	oracle_coords_dist2	trans	same_cross_signal_aware_coverage_at_precision_0.90	0.18517540996131326	143977	ORACLE_COORDINATES
057	057A_oracle_coordinates_score_kernel_isolation	oracle_coords_dist2	trans	mean_truth_state_distance_rank	2.699806219048876	143977	ORACLE_COORDINATES
057	057A_oracle_coordinates_score_kernel_isolation	oracle_coords_dist2	trans	truth_state_geometrically_nearest_fraction	0.16585982483313308	143977	ORACLE_COORDINATES
057	057A_oracle_coordinates_score_kernel_isolation	oracle_coords_dist2	trans	posterior_top1_equals_geometrically_nearest_fraction	1.0	143977	ORACLE_COORDINATES
057	057A_oracle_coordinates_score_kernel_isolation	oracle_coords_logdist2	all	n_contacts	350034	350034	ORACLE_COORDINATES
057	057A_oracle_coordinates_score_kernel_isolation	oracle_coords_logdist2	all	callable_fraction	1.0	350034	ORACLE_COORDINATES
057	057A_oracle_coordinates_score_kernel_isolation	oracle_coords_logdist2	all	exact_top1_accuracy	0.1887016689807276	350034	ORACLE_COORDINATES
057	057A_oracle_coordinates_score_kernel_isolation	oracle_coords_logdist2	all	exact_random_tie_expected_accuracy	0.1887016689807276	350034	ORACLE_COORDINATES
057	057A_oracle_coordinates_score_kernel_isolation	oracle_coords_logdist2	all	exact_accuracy_ci95_lower	0.18740889053197476	350034	ORACLE_COORDINATES
057	057A_oracle_coordinates_score_kernel_isolation	oracle_coords_logdist2	all	exact_accuracy_ci95_upper	0.190001280060573	350034	ORACLE_COORDINATES
057	057A_oracle_coordinates_score_kernel_isolation	oracle_coords_logdist2	all	exact_log_loss	1.90706507035265	350034	ORACLE_COORDINATES
057	057A_oracle_coordinates_score_kernel_isolation	oracle_coords_logdist2	all	exact_brier	1.0926192268847517	350034	ORACLE_COORDINATES
057	057A_oracle_coordinates_score_kernel_isolation	oracle_coords_logdist2	all	same_cross_accuracy	0.8474376774827588	350034	ORACLE_COORDINATES
057	057A_oracle_coordinates_score_kernel_isolation	oracle_coords_logdist2	all	same_cross_random_tie_expected_accuracy	0.8474376774827588	350034	ORACLE_COORDINATES
057	057A_oracle_coordinates_score_kernel_isolation	oracle_coords_logdist2	all	same_cross_accuracy_ci95_lower	0.8462427038825421	350034	ORACLE_COORDINATES
057	057A_oracle_coordinates_score_kernel_isolation	oracle_coords_logdist2	all	same_cross_accuracy_ci95_upper	0.8486250252358657	350034	ORACLE_COORDINATES
057	057A_oracle_coordinates_score_kernel_isolation	oracle_coords_logdist2	all	same_cross_log_loss	0.29431534457923614	350034	ORACLE_COORDINATES
057	057A_oracle_coordinates_score_kernel_isolation	oracle_coords_logdist2	all	same_cross_brier	0.19157181918411076	350034	ORACLE_COORDINATES
057	057A_oracle_coordinates_score_kernel_isolation	oracle_coords_logdist2	all	mean_entropy	0.7487303850186343	350034	ORACLE_COORDINATES
057	057A_oracle_coordinates_score_kernel_isolation	oracle_coords_logdist2	all	exact_ece	0.4981562363708486	350034	ORACLE_COORDINATES
057	057A_oracle_coordinates_score_kernel_isolation	oracle_coords_logdist2	all	same_cross_ece	0.0287437220122978	350034	ORACLE_COORDINATES
057	057A_oracle_coordinates_score_kernel_isolation	oracle_coords_logdist2	all	mean_exact_confidence	0.6868579053515762	350034	ORACLE_COORDINATES
057	057A_oracle_coordinates_score_kernel_isolation	oracle_coords_logdist2	all	mean_same_cross_confidence	0.8696598136606857	350034	ORACLE_COORDINATES
057	057A_oracle_coordinates_score_kernel_isolation	oracle_coords_logdist2	all	mean_signal_probability	1.0	350034	ORACLE_COORDINATES
057	057A_oracle_coordinates_score_kernel_isolation	oracle_coords_logdist2	all	exact_coverage_at_precision_0.55	0.0	350034	ORACLE_COORDINATES
057	057A_oracle_coordinates_score_kernel_isolation	oracle_coords_logdist2	all	exact_coverage_at_precision_0.60	0.0	350034	ORACLE_COORDINATES
057	057A_oracle_coordinates_score_kernel_isolation	oracle_coords_logdist2	all	exact_coverage_at_precision_0.70	0.0	350034	ORACLE_COORDINATES
057	057A_oracle_coordinates_score_kernel_isolation	oracle_coords_logdist2	all	exact_coverage_at_precision_0.80	0.0	350034	ORACLE_COORDINATES
057	057A_oracle_coordinates_score_kernel_isolation	oracle_coords_logdist2	all	exact_coverage_at_precision_0.90	0.0	350034	ORACLE_COORDINATES
057	057A_oracle_coordinates_score_kernel_isolation	oracle_coords_logdist2	all	same_cross_coverage_at_precision_0.55	1.0	350034	ORACLE_COORDINATES
057	057A_oracle_coordinates_score_kernel_isolation	oracle_coords_logdist2	all	same_cross_coverage_at_precision_0.60	1.0	350034	ORACLE_COORDINATES
057	057A_oracle_coordinates_score_kernel_isolation	oracle_coords_logdist2	all	same_cross_coverage_at_precision_0.70	1.0	350034	ORACLE_COORDINATES
057	057A_oracle_coordinates_score_kernel_isolation	oracle_coords_logdist2	all	same_cross_coverage_at_precision_0.80	1.0	350034	ORACLE_COORDINATES
057	057A_oracle_coordinates_score_kernel_isolation	oracle_coords_logdist2	all	same_cross_coverage_at_precision_0.90	0.8621448202174646	350034	ORACLE_COORDINATES
057	057A_oracle_coordinates_score_kernel_isolation	oracle_coords_logdist2	all	exact_signal_aware_coverage_at_precision_0.55	0.0	350034	ORACLE_COORDINATES
057	057A_oracle_coordinates_score_kernel_isolation	oracle_coords_logdist2	all	exact_signal_aware_coverage_at_precision_0.60	0.0	350034	ORACLE_COORDINATES
057	057A_oracle_coordinates_score_kernel_isolation	oracle_coords_logdist2	all	exact_signal_aware_coverage_at_precision_0.70	0.0	350034	ORACLE_COORDINATES
057	057A_oracle_coordinates_score_kernel_isolation	oracle_coords_logdist2	all	exact_signal_aware_coverage_at_precision_0.80	0.0	350034	ORACLE_COORDINATES
057	057A_oracle_coordinates_score_kernel_isolation	oracle_coords_logdist2	all	exact_signal_aware_coverage_at_precision_0.90	0.0	350034	ORACLE_COORDINATES
057	057A_oracle_coordinates_score_kernel_isolation	oracle_coords_logdist2	all	same_cross_signal_aware_coverage_at_precision_0.55	1.0	350034	ORACLE_COORDINATES
057	057A_oracle_coordinates_score_kernel_isolation	oracle_coords_logdist2	all	same_cross_signal_aware_coverage_at_precision_0.60	1.0	350034	ORACLE_COORDINATES
057	057A_oracle_coordinates_score_kernel_isolation	oracle_coords_logdist2	all	same_cross_signal_aware_coverage_at_precision_0.70	1.0	350034	ORACLE_COORDINATES
057	057A_oracle_coordinates_score_kernel_isolation	oracle_coords_logdist2	all	same_cross_signal_aware_coverage_at_precision_0.80	1.0	350034	ORACLE_COORDINATES
057	057A_oracle_coordinates_score_kernel_isolation	oracle_coords_logdist2	all	same_cross_signal_aware_coverage_at_precision_0.90	0.8621448202174646	350034	ORACLE_COORDINATES
057	057A_oracle_coordinates_score_kernel_isolation	oracle_coords_logdist2	all	mean_truth_state_distance_rank	2.201269019580955	350034	ORACLE_COORDINATES
057	057A_oracle_coordinates_score_kernel_isolation	oracle_coords_logdist2	all	truth_state_geometrically_nearest_fraction	0.1887016689807276	350034	ORACLE_COORDINATES
057	057A_oracle_coordinates_score_kernel_isolation	oracle_coords_logdist2	all	posterior_top1_equals_geometrically_nearest_fraction	1.0	350034	ORACLE_COORDINATES
057	057A_oracle_coordinates_score_kernel_isolation	oracle_coords_logdist2	cis	n_contacts	206057	206057	ORACLE_COORDINATES
057	057A_oracle_coordinates_score_kernel_isolation	oracle_coords_logdist2	cis	callable_fraction	1.0	206057	ORACLE_COORDINATES
057	057A_oracle_coordinates_score_kernel_isolation	oracle_coords_logdist2	cis	exact_top1_accuracy	0.20466181687591298	206057	ORACLE_COORDINATES
057	057A_oracle_coordinates_score_kernel_isolation	oracle_coords_logdist2	cis	exact_random_tie_expected_accuracy	0.20466181687591298	206057	ORACLE_COORDINATES
057	057A_oracle_coordinates_score_kernel_isolation	oracle_coords_logdist2	cis	exact_accuracy_ci95_lower	0.20292532787223966	206057	ORACLE_COORDINATES
057	057A_oracle_coordinates_score_kernel_isolation	oracle_coords_logdist2	cis	exact_accuracy_ci95_upper	0.20640931747655555	206057	ORACLE_COORDINATES
057	057A_oracle_coordinates_score_kernel_isolation	oracle_coords_logdist2	cis	exact_log_loss	1.6944300741914307	206057	ORACLE_COORDINATES
057	057A_oracle_coordinates_score_kernel_isolation	oracle_coords_logdist2	cis	exact_brier	1.085209159864264	206057	ORACLE_COORDINATES
057	057A_oracle_coordinates_score_kernel_isolation	oracle_coords_logdist2	cis	same_cross_accuracy	0.9772393075702355	206057	ORACLE_COORDINATES
057	057A_oracle_coordinates_score_kernel_isolation	oracle_coords_logdist2	cis	same_cross_random_tie_expected_accuracy	0.9772393075702355	206057	ORACLE_COORDINATES
057	057A_oracle_coordinates_score_kernel_isolation	oracle_coords_logdist2	cis	same_cross_accuracy_ci95_lower	0.9765864119888052	206057	ORACLE_COORDINATES
057	057A_oracle_coordinates_score_kernel_isolation	oracle_coords_logdist2	cis	same_cross_accuracy_ci95_upper	0.9778744094249714	206057	ORACLE_COORDINATES
057	057A_oracle_coordinates_score_kernel_isolation	oracle_coords_logdist2	cis	same_cross_log_loss	0.09321733580063737	206057	ORACLE_COORDINATES
057	057A_oracle_coordinates_score_kernel_isolation	oracle_coords_logdist2	cis	same_cross_brier	0.04133179152142239	206057	ORACLE_COORDINATES
057	057A_oracle_coordinates_score_kernel_isolation	oracle_coords_logdist2	cis	mean_entropy	0.586534767408309	206057	ORACLE_COORDINATES
057	057A_oracle_coordinates_score_kernel_isolation	oracle_coords_logdist2	cis	exact_ece	0.5482107121404272	206057	ORACLE_COORDINATES
057	057A_oracle_coordinates_score_kernel_isolation	oracle_coords_logdist2	cis	same_cross_ece	0.007538864086234613	206057	ORACLE_COORDINATES
057	057A_oracle_coordinates_score_kernel_isolation	oracle_coords_logdist2	cis	mean_exact_confidence	0.7528696838086766	206057	ORACLE_COORDINATES
057	057A_oracle_coordinates_score_kernel_isolation	oracle_coords_logdist2	cis	mean_same_cross_confidence	0.9698250419574445	206057	ORACLE_COORDINATES
057	057A_oracle_coordinates_score_kernel_isolation	oracle_coords_logdist2	cis	mean_signal_probability	1.0	206057	ORACLE_COORDINATES
057	057A_oracle_coordinates_score_kernel_isolation	oracle_coords_logdist2	cis	exact_coverage_at_precision_0.55	0.0	206057	ORACLE_COORDINATES
057	057A_oracle_coordinates_score_kernel_isolation	oracle_coords_logdist2	cis	exact_coverage_at_precision_0.60	0.0	206057	ORACLE_COORDINATES
057	057A_oracle_coordinates_score_kernel_isolation	oracle_coords_logdist2	cis	exact_coverage_at_precision_0.70	0.0	206057	ORACLE_COORDINATES
057	057A_oracle_coordinates_score_kernel_isolation	oracle_coords_logdist2	cis	exact_coverage_at_precision_0.80	0.0	206057	ORACLE_COORDINATES
057	057A_oracle_coordinates_score_kernel_isolation	oracle_coords_logdist2	cis	exact_coverage_at_precision_0.90	0.0	206057	ORACLE_COORDINATES
057	057A_oracle_coordinates_score_kernel_isolation	oracle_coords_logdist2	cis	same_cross_coverage_at_precision_0.55	1.0	206057	ORACLE_COORDINATES
057	057A_oracle_coordinates_score_kernel_isolation	oracle_coords_logdist2	cis	same_cross_coverage_at_precision_0.60	1.0	206057	ORACLE_COORDINATES
057	057A_oracle_coordinates_score_kernel_isolation	oracle_coords_logdist2	cis	same_cross_coverage_at_precision_0.70	1.0	206057	ORACLE_COORDINATES
057	057A_oracle_coordinates_score_kernel_isolation	oracle_coords_logdist2	cis	same_cross_coverage_at_precision_0.80	1.0	206057	ORACLE_COORDINATES
057	057A_oracle_coordinates_score_kernel_isolation	oracle_coords_logdist2	cis	same_cross_coverage_at_precision_0.90	1.0	206057	ORACLE_COORDINATES
057	057A_oracle_coordinates_score_kernel_isolation	oracle_coords_logdist2	cis	exact_signal_aware_coverage_at_precision_0.55	0.0	206057	ORACLE_COORDINATES
057	057A_oracle_coordinates_score_kernel_isolation	oracle_coords_logdist2	cis	exact_signal_aware_coverage_at_precision_0.60	0.0	206057	ORACLE_COORDINATES
057	057A_oracle_coordinates_score_kernel_isolation	oracle_coords_logdist2	cis	exact_signal_aware_coverage_at_precision_0.70	0.0	206057	ORACLE_COORDINATES
057	057A_oracle_coordinates_score_kernel_isolation	oracle_coords_logdist2	cis	exact_signal_aware_coverage_at_precision_0.80	0.0	206057	ORACLE_COORDINATES
057	057A_oracle_coordinates_score_kernel_isolation	oracle_coords_logdist2	cis	exact_signal_aware_coverage_at_precision_0.90	0.0	206057	ORACLE_COORDINATES
057	057A_oracle_coordinates_score_kernel_isolation	oracle_coords_logdist2	cis	same_cross_signal_aware_coverage_at_precision_0.55	1.0	206057	ORACLE_COORDINATES
057	057A_oracle_coordinates_score_kernel_isolation	oracle_coords_logdist2	cis	same_cross_signal_aware_coverage_at_precision_0.60	1.0	206057	ORACLE_COORDINATES
057	057A_oracle_coordinates_score_kernel_isolation	oracle_coords_logdist2	cis	same_cross_signal_aware_coverage_at_precision_0.70	1.0	206057	ORACLE_COORDINATES
057	057A_oracle_coordinates_score_kernel_isolation	oracle_coords_logdist2	cis	same_cross_signal_aware_coverage_at_precision_0.80	1.0	206057	ORACLE_COORDINATES
057	057A_oracle_coordinates_score_kernel_isolation	oracle_coords_logdist2	cis	same_cross_signal_aware_coverage_at_precision_0.90	1.0	206057	ORACLE_COORDINATES
057	057A_oracle_coordinates_score_kernel_isolation	oracle_coords_logdist2	cis	mean_truth_state_distance_rank	1.8529290439053272	206057	ORACLE_COORDINATES
057	057A_oracle_coordinates_score_kernel_isolation	oracle_coords_logdist2	cis	truth_state_geometrically_nearest_fraction	0.20466181687591298	206057	ORACLE_COORDINATES
057	057A_oracle_coordinates_score_kernel_isolation	oracle_coords_logdist2	cis	posterior_top1_equals_geometrically_nearest_fraction	1.0	206057	ORACLE_COORDINATES
057	057A_oracle_coordinates_score_kernel_isolation	oracle_coords_logdist2	trans	n_contacts	143977	143977	ORACLE_COORDINATES
057	057A_oracle_coordinates_score_kernel_isolation	oracle_coords_logdist2	trans	callable_fraction	1.0	143977	ORACLE_COORDINATES
057	057A_oracle_coordinates_score_kernel_isolation	oracle_coords_logdist2	trans	exact_top1_accuracy	0.16585982483313308	143977	ORACLE_COORDINATES
057	057A_oracle_coordinates_score_kernel_isolation	oracle_coords_logdist2	trans	exact_random_tie_expected_accuracy	0.16585982483313308	143977	ORACLE_COORDINATES
057	057A_oracle_coordinates_score_kernel_isolation	oracle_coords_logdist2	trans	exact_accuracy_ci95_lower	0.16394746037757468	143977	ORACLE_COORDINATES
057	057A_oracle_coordinates_score_kernel_isolation	oracle_coords_logdist2	trans	exact_accuracy_ci95_upper	0.16779001924037446	143977	ORACLE_COORDINATES
057	057A_oracle_coordinates_score_kernel_isolation	oracle_coords_logdist2	trans	exact_log_loss	2.211384019934822	143977	ORACLE_COORDINATES
057	057A_oracle_coordinates_score_kernel_isolation	oracle_coords_logdist2	trans	exact_brier	1.1032243664559376	143977	ORACLE_COORDINATES
057	057A_oracle_coordinates_score_kernel_isolation	oracle_coords_logdist2	trans	same_cross_accuracy	0.6616681831125805	143977	ORACLE_COORDINATES
057	057A_oracle_coordinates_score_kernel_isolation	oracle_coords_logdist2	trans	same_cross_random_tie_expected_accuracy	0.6616681831125805	143977	ORACLE_COORDINATES
057	057A_oracle_coordinates_score_kernel_isolation	oracle_coords_logdist2	trans	same_cross_accuracy_ci95_lower	0.6592199442648309	143977	ORACLE_COORDINATES
057	057A_oracle_coordinates_score_kernel_isolation	oracle_coords_logdist2	trans	same_cross_accuracy_ci95_upper	0.6641077952338607	143977	ORACLE_COORDINATES
057	057A_oracle_coordinates_score_kernel_isolation	oracle_coords_logdist2	trans	same_cross_log_loss	0.5821227887883232	143977	ORACLE_COORDINATES
057	057A_oracle_coordinates_score_kernel_isolation	oracle_coords_logdist2	trans	same_cross_brier	0.40659233898998665	143977	ORACLE_COORDINATES
057	057A_oracle_coordinates_score_kernel_isolation	oracle_coords_logdist2	trans	mean_entropy	0.98086150580828	143977	ORACLE_COORDINATES
057	057A_oracle_coordinates_score_kernel_isolation	oracle_coords_logdist2	trans	exact_ece	0.4265233447374871	143977	ORACLE_COORDINATES
057	057A_oracle_coordinates_score_kernel_isolation	oracle_coords_logdist2	trans	same_cross_ece	0.0649872243219504	143977	ORACLE_COORDINATES
057	057A_oracle_coordinates_score_kernel_isolation	oracle_coords_logdist2	trans	mean_exact_confidence	0.5923831695706201	143977	ORACLE_COORDINATES
057	057A_oracle_coordinates_score_kernel_isolation	oracle_coords_logdist2	trans	mean_same_cross_confidence	0.7263053442166412	143977	ORACLE_COORDINATES
057	057A_oracle_coordinates_score_kernel_isolation	oracle_coords_logdist2	trans	mean_signal_probability	1.0	143977	ORACLE_COORDINATES
057	057A_oracle_coordinates_score_kernel_isolation	oracle_coords_logdist2	trans	exact_coverage_at_precision_0.55	0.0	143977	ORACLE_COORDINATES
057	057A_oracle_coordinates_score_kernel_isolation	oracle_coords_logdist2	trans	exact_coverage_at_precision_0.60	0.0	143977	ORACLE_COORDINATES
057	057A_oracle_coordinates_score_kernel_isolation	oracle_coords_logdist2	trans	exact_coverage_at_precision_0.70	0.0	143977	ORACLE_COORDINATES
057	057A_oracle_coordinates_score_kernel_isolation	oracle_coords_logdist2	trans	exact_coverage_at_precision_0.80	0.0	143977	ORACLE_COORDINATES
057	057A_oracle_coordinates_score_kernel_isolation	oracle_coords_logdist2	trans	exact_coverage_at_precision_0.90	0.0	143977	ORACLE_COORDINATES
057	057A_oracle_coordinates_score_kernel_isolation	oracle_coords_logdist2	trans	same_cross_coverage_at_precision_0.55	1.0	143977	ORACLE_COORDINATES
057	057A_oracle_coordinates_score_kernel_isolation	oracle_coords_logdist2	trans	same_cross_coverage_at_precision_0.60	1.0	143977	ORACLE_COORDINATES
057	057A_oracle_coordinates_score_kernel_isolation	oracle_coords_logdist2	trans	same_cross_coverage_at_precision_0.70	0.804142328288546	143977	ORACLE_COORDINATES
057	057A_oracle_coordinates_score_kernel_isolation	oracle_coords_logdist2	trans	same_cross_coverage_at_precision_0.80	0.4734645116928398	143977	ORACLE_COORDINATES
057	057A_oracle_coordinates_score_kernel_isolation	oracle_coords_logdist2	trans	same_cross_coverage_at_precision_0.90	0.2821283955076158	143977	ORACLE_COORDINATES
057	057A_oracle_coordinates_score_kernel_isolation	oracle_coords_logdist2	trans	exact_signal_aware_coverage_at_precision_0.55	0.0	143977	ORACLE_COORDINATES
057	057A_oracle_coordinates_score_kernel_isolation	oracle_coords_logdist2	trans	exact_signal_aware_coverage_at_precision_0.60	0.0	143977	ORACLE_COORDINATES
057	057A_oracle_coordinates_score_kernel_isolation	oracle_coords_logdist2	trans	exact_signal_aware_coverage_at_precision_0.70	0.0	143977	ORACLE_COORDINATES
057	057A_oracle_coordinates_score_kernel_isolation	oracle_coords_logdist2	trans	exact_signal_aware_coverage_at_precision_0.80	0.0	143977	ORACLE_COORDINATES
057	057A_oracle_coordinates_score_kernel_isolation	oracle_coords_logdist2	trans	exact_signal_aware_coverage_at_precision_0.90	0.0	143977	ORACLE_COORDINATES
057	057A_oracle_coordinates_score_kernel_isolation	oracle_coords_logdist2	trans	same_cross_signal_aware_coverage_at_precision_0.55	1.0	143977	ORACLE_COORDINATES
057	057A_oracle_coordinates_score_kernel_isolation	oracle_coords_logdist2	trans	same_cross_signal_aware_coverage_at_precision_0.60	1.0	143977	ORACLE_COORDINATES
057	057A_oracle_coordinates_score_kernel_isolation	oracle_coords_logdist2	trans	same_cross_signal_aware_coverage_at_precision_0.70	0.804142328288546	143977	ORACLE_COORDINATES
057	057A_oracle_coordinates_score_kernel_isolation	oracle_coords_logdist2	trans	same_cross_signal_aware_coverage_at_precision_0.80	0.4734645116928398	143977	ORACLE_COORDINATES
057	057A_oracle_coordinates_score_kernel_isolation	oracle_coords_logdist2	trans	same_cross_signal_aware_coverage_at_precision_0.90	0.2821283955076158	143977	ORACLE_COORDINATES
057	057A_oracle_coordinates_score_kernel_isolation	oracle_coords_logdist2	trans	mean_truth_state_distance_rank	2.699806219048876	143977	ORACLE_COORDINATES
057	057A_oracle_coordinates_score_kernel_isolation	oracle_coords_logdist2	trans	truth_state_geometrically_nearest_fraction	0.16585982483313308	143977	ORACLE_COORDINATES
057	057A_oracle_coordinates_score_kernel_isolation	oracle_coords_logdist2	trans	posterior_top1_equals_geometrically_nearest_fraction	1.0	143977	ORACLE_COORDINATES
057	057A_oracle_coordinates_score_kernel_isolation	oracle_coords_monotonic_powerlaw	all	n_contacts	350034	350034	ORACLE_COORDINATES
057	057A_oracle_coordinates_score_kernel_isolation	oracle_coords_monotonic_powerlaw	all	callable_fraction	1.0	350034	ORACLE_COORDINATES
057	057A_oracle_coordinates_score_kernel_isolation	oracle_coords_monotonic_powerlaw	all	exact_top1_accuracy	0.1887016689807276	350034	ORACLE_COORDINATES
057	057A_oracle_coordinates_score_kernel_isolation	oracle_coords_monotonic_powerlaw	all	exact_random_tie_expected_accuracy	0.1887016689807276	350034	ORACLE_COORDINATES
057	057A_oracle_coordinates_score_kernel_isolation	oracle_coords_monotonic_powerlaw	all	exact_accuracy_ci95_lower	0.18740889053197476	350034	ORACLE_COORDINATES
057	057A_oracle_coordinates_score_kernel_isolation	oracle_coords_monotonic_powerlaw	all	exact_accuracy_ci95_upper	0.190001280060573	350034	ORACLE_COORDINATES
057	057A_oracle_coordinates_score_kernel_isolation	oracle_coords_monotonic_powerlaw	all	exact_log_loss	1.6909817035072159	350034	ORACLE_COORDINATES
057	057A_oracle_coordinates_score_kernel_isolation	oracle_coords_monotonic_powerlaw	all	exact_brier	1.0058283541969957	350034	ORACLE_COORDINATES
057	057A_oracle_coordinates_score_kernel_isolation	oracle_coords_monotonic_powerlaw	all	same_cross_accuracy	0.8473976813680957	350034	ORACLE_COORDINATES
057	057A_oracle_coordinates_score_kernel_isolation	oracle_coords_monotonic_powerlaw	all	same_cross_random_tie_expected_accuracy	0.8473976813680957	350034	ORACLE_COORDINATES
057	057A_oracle_coordinates_score_kernel_isolation	oracle_coords_monotonic_powerlaw	all	same_cross_accuracy_ci95_lower	0.8462025801942904	350034	ORACLE_COORDINATES
057	057A_oracle_coordinates_score_kernel_isolation	oracle_coords_monotonic_powerlaw	all	same_cross_accuracy_ci95_upper	0.8485851575726587	350034	ORACLE_COORDINATES
057	057A_oracle_coordinates_score_kernel_isolation	oracle_coords_monotonic_powerlaw	all	same_cross_log_loss	0.2955186308744393	350034	ORACLE_COORDINATES
057	057A_oracle_coordinates_score_kernel_isolation	oracle_coords_monotonic_powerlaw	all	same_cross_brier	0.19119179797343355	350034	ORACLE_COORDINATES
057	057A_oracle_coordinates_score_kernel_isolation	oracle_coords_monotonic_powerlaw	all	mean_entropy	0.836211611393498	350034	ORACLE_COORDINATES
057	057A_oracle_coordinates_score_kernel_isolation	oracle_coords_monotonic_powerlaw	all	exact_ece	0.4514720897410134	350034	ORACLE_COORDINATES
057	057A_oracle_coordinates_score_kernel_isolation	oracle_coords_monotonic_powerlaw	all	same_cross_ece	0.02761601149944809	350034	ORACLE_COORDINATES
057	057A_oracle_coordinates_score_kernel_isolation	oracle_coords_monotonic_powerlaw	all	mean_exact_confidence	0.640173758721741	350034	ORACLE_COORDINATES
057	057A_oracle_coordinates_score_kernel_isolation	oracle_coords_monotonic_powerlaw	all	mean_same_cross_confidence	0.8548177570918905	350034	ORACLE_COORDINATES
057	057A_oracle_coordinates_score_kernel_isolation	oracle_coords_monotonic_powerlaw	all	mean_signal_probability	1.0	350034	ORACLE_COORDINATES
057	057A_oracle_coordinates_score_kernel_isolation	oracle_coords_monotonic_powerlaw	all	exact_coverage_at_precision_0.55	0.0	350034	ORACLE_COORDINATES
057	057A_oracle_coordinates_score_kernel_isolation	oracle_coords_monotonic_powerlaw	all	exact_coverage_at_precision_0.60	0.0	350034	ORACLE_COORDINATES
057	057A_oracle_coordinates_score_kernel_isolation	oracle_coords_monotonic_powerlaw	all	exact_coverage_at_precision_0.70	0.0	350034	ORACLE_COORDINATES
057	057A_oracle_coordinates_score_kernel_isolation	oracle_coords_monotonic_powerlaw	all	exact_coverage_at_precision_0.80	0.0	350034	ORACLE_COORDINATES
057	057A_oracle_coordinates_score_kernel_isolation	oracle_coords_monotonic_powerlaw	all	exact_coverage_at_precision_0.90	0.0	350034	ORACLE_COORDINATES
057	057A_oracle_coordinates_score_kernel_isolation	oracle_coords_monotonic_powerlaw	all	same_cross_coverage_at_precision_0.55	1.0	350034	ORACLE_COORDINATES
057	057A_oracle_coordinates_score_kernel_isolation	oracle_coords_monotonic_powerlaw	all	same_cross_coverage_at_precision_0.60	1.0	350034	ORACLE_COORDINATES
057	057A_oracle_coordinates_score_kernel_isolation	oracle_coords_monotonic_powerlaw	all	same_cross_coverage_at_precision_0.70	1.0	350034	ORACLE_COORDINATES
057	057A_oracle_coordinates_score_kernel_isolation	oracle_coords_monotonic_powerlaw	all	same_cross_coverage_at_precision_0.80	1.0	350034	ORACLE_COORDINATES
057	057A_oracle_coordinates_score_kernel_isolation	oracle_coords_monotonic_powerlaw	all	same_cross_coverage_at_precision_0.90	0.8608592308175778	350034	ORACLE_COORDINATES
057	057A_oracle_coordinates_score_kernel_isolation	oracle_coords_monotonic_powerlaw	all	exact_signal_aware_coverage_at_precision_0.55	0.0	350034	ORACLE_COORDINATES
057	057A_oracle_coordinates_score_kernel_isolation	oracle_coords_monotonic_powerlaw	all	exact_signal_aware_coverage_at_precision_0.60	0.0	350034	ORACLE_COORDINATES
057	057A_oracle_coordinates_score_kernel_isolation	oracle_coords_monotonic_powerlaw	all	exact_signal_aware_coverage_at_precision_0.70	0.0	350034	ORACLE_COORDINATES
057	057A_oracle_coordinates_score_kernel_isolation	oracle_coords_monotonic_powerlaw	all	exact_signal_aware_coverage_at_precision_0.80	0.0	350034	ORACLE_COORDINATES
057	057A_oracle_coordinates_score_kernel_isolation	oracle_coords_monotonic_powerlaw	all	exact_signal_aware_coverage_at_precision_0.90	0.0	350034	ORACLE_COORDINATES
057	057A_oracle_coordinates_score_kernel_isolation	oracle_coords_monotonic_powerlaw	all	same_cross_signal_aware_coverage_at_precision_0.55	1.0	350034	ORACLE_COORDINATES
057	057A_oracle_coordinates_score_kernel_isolation	oracle_coords_monotonic_powerlaw	all	same_cross_signal_aware_coverage_at_precision_0.60	1.0	350034	ORACLE_COORDINATES
057	057A_oracle_coordinates_score_kernel_isolation	oracle_coords_monotonic_powerlaw	all	same_cross_signal_aware_coverage_at_precision_0.70	1.0	350034	ORACLE_COORDINATES
057	057A_oracle_coordinates_score_kernel_isolation	oracle_coords_monotonic_powerlaw	all	same_cross_signal_aware_coverage_at_precision_0.80	1.0	350034	ORACLE_COORDINATES
057	057A_oracle_coordinates_score_kernel_isolation	oracle_coords_monotonic_powerlaw	all	same_cross_signal_aware_coverage_at_precision_0.90	0.8608592308175778	350034	ORACLE_COORDINATES
057	057A_oracle_coordinates_score_kernel_isolation	oracle_coords_monotonic_powerlaw	all	mean_truth_state_distance_rank	2.201269019580955	350034	ORACLE_COORDINATES
057	057A_oracle_coordinates_score_kernel_isolation	oracle_coords_monotonic_powerlaw	all	truth_state_geometrically_nearest_fraction	0.1887016689807276	350034	ORACLE_COORDINATES
057	057A_oracle_coordinates_score_kernel_isolation	oracle_coords_monotonic_powerlaw	all	posterior_top1_equals_geometrically_nearest_fraction	1.0	350034	ORACLE_COORDINATES
057	057A_oracle_coordinates_score_kernel_isolation	oracle_coords_monotonic_powerlaw	cis	n_contacts	206057	206057	ORACLE_COORDINATES
057	057A_oracle_coordinates_score_kernel_isolation	oracle_coords_monotonic_powerlaw	cis	callable_fraction	1.0	206057	ORACLE_COORDINATES
057	057A_oracle_coordinates_score_kernel_isolation	oracle_coords_monotonic_powerlaw	cis	exact_top1_accuracy	0.20466181687591298	206057	ORACLE_COORDINATES
057	057A_oracle_coordinates_score_kernel_isolation	oracle_coords_monotonic_powerlaw	cis	exact_random_tie_expected_accuracy	0.20466181687591298	206057	ORACLE_COORDINATES
057	057A_oracle_coordinates_score_kernel_isolation	oracle_coords_monotonic_powerlaw	cis	exact_accuracy_ci95_lower	0.20292532787223966	206057	ORACLE_COORDINATES
057	057A_oracle_coordinates_score_kernel_isolation	oracle_coords_monotonic_powerlaw	cis	exact_accuracy_ci95_upper	0.20640931747655555	206057	ORACLE_COORDINATES
057	057A_oracle_coordinates_score_kernel_isolation	oracle_coords_monotonic_powerlaw	cis	exact_log_loss	1.4158311873562726	206057	ORACLE_COORDINATES
057	057A_oracle_coordinates_score_kernel_isolation	oracle_coords_monotonic_powerlaw	cis	exact_brier	0.9641737396392911	206057	ORACLE_COORDINATES
057	057A_oracle_coordinates_score_kernel_isolation	oracle_coords_monotonic_powerlaw	cis	same_cross_accuracy	0.9771616591525646	206057	ORACLE_COORDINATES
057	057A_oracle_coordinates_score_kernel_isolation	oracle_coords_monotonic_powerlaw	cis	same_cross_random_tie_expected_accuracy	0.9771616591525646	206057	ORACLE_COORDINATES
057	057A_oracle_coordinates_score_kernel_isolation	oracle_coords_monotonic_powerlaw	cis	same_cross_accuracy_ci95_lower	0.9765076933022714	206057	ORACLE_COORDINATES
057	057A_oracle_coordinates_score_kernel_isolation	oracle_coords_monotonic_powerlaw	cis	same_cross_accuracy_ci95_upper	0.9777978341712619	206057	ORACLE_COORDINATES
057	057A_oracle_coordinates_score_kernel_isolation	oracle_coords_monotonic_powerlaw	cis	same_cross_log_loss	0.09780477009328975	206057	ORACLE_COORDINATES
057	057A_oracle_coordinates_score_kernel_isolation	oracle_coords_monotonic_powerlaw	cis	same_cross_brier	0.04265138685164105	206057	ORACLE_COORDINATES
057	057A_oracle_coordinates_score_kernel_isolation	oracle_coords_monotonic_powerlaw	cis	mean_entropy	0.6988810795141106	206057	ORACLE_COORDINATES
057	057A_oracle_coordinates_score_kernel_isolation	oracle_coords_monotonic_powerlaw	cis	exact_ece	0.48722160174081336	206057	ORACLE_COORDINATES
057	057A_oracle_coordinates_score_kernel_isolation	oracle_coords_monotonic_powerlaw	cis	same_cross_ece	0.020291354993657234	206057	ORACLE_COORDINATES
057	057A_oracle_coordinates_score_kernel_isolation	oracle_coords_monotonic_powerlaw	cis	mean_exact_confidence	0.6918778996428218	206057	ORACLE_COORDINATES
057	057A_oracle_coordinates_score_kernel_isolation	oracle_coords_monotonic_powerlaw	cis	mean_same_cross_confidence	0.9568703041589075	206057	ORACLE_COORDINATES
057	057A_oracle_coordinates_score_kernel_isolation	oracle_coords_monotonic_powerlaw	cis	mean_signal_probability	1.0	206057	ORACLE_COORDINATES
057	057A_oracle_coordinates_score_kernel_isolation	oracle_coords_monotonic_powerlaw	cis	exact_coverage_at_precision_0.55	0.0	206057	ORACLE_COORDINATES
057	057A_oracle_coordinates_score_kernel_isolation	oracle_coords_monotonic_powerlaw	cis	exact_coverage_at_precision_0.60	0.0	206057	ORACLE_COORDINATES
057	057A_oracle_coordinates_score_kernel_isolation	oracle_coords_monotonic_powerlaw	cis	exact_coverage_at_precision_0.70	0.0	206057	ORACLE_COORDINATES
057	057A_oracle_coordinates_score_kernel_isolation	oracle_coords_monotonic_powerlaw	cis	exact_coverage_at_precision_0.80	0.0	206057	ORACLE_COORDINATES
057	057A_oracle_coordinates_score_kernel_isolation	oracle_coords_monotonic_powerlaw	cis	exact_coverage_at_precision_0.90	0.0	206057	ORACLE_COORDINATES
057	057A_oracle_coordinates_score_kernel_isolation	oracle_coords_monotonic_powerlaw	cis	same_cross_coverage_at_precision_0.55	1.0	206057	ORACLE_COORDINATES
057	057A_oracle_coordinates_score_kernel_isolation	oracle_coords_monotonic_powerlaw	cis	same_cross_coverage_at_precision_0.60	1.0	206057	ORACLE_COORDINATES
057	057A_oracle_coordinates_score_kernel_isolation	oracle_coords_monotonic_powerlaw	cis	same_cross_coverage_at_precision_0.70	1.0	206057	ORACLE_COORDINATES
057	057A_oracle_coordinates_score_kernel_isolation	oracle_coords_monotonic_powerlaw	cis	same_cross_coverage_at_precision_0.80	1.0	206057	ORACLE_COORDINATES
057	057A_oracle_coordinates_score_kernel_isolation	oracle_coords_monotonic_powerlaw	cis	same_cross_coverage_at_precision_0.90	1.0	206057	ORACLE_COORDINATES
057	057A_oracle_coordinates_score_kernel_isolation	oracle_coords_monotonic_powerlaw	cis	exact_signal_aware_coverage_at_precision_0.55	0.0	206057	ORACLE_COORDINATES
057	057A_oracle_coordinates_score_kernel_isolation	oracle_coords_monotonic_powerlaw	cis	exact_signal_aware_coverage_at_precision_0.60	0.0	206057	ORACLE_COORDINATES
057	057A_oracle_coordinates_score_kernel_isolation	oracle_coords_monotonic_powerlaw	cis	exact_signal_aware_coverage_at_precision_0.70	0.0	206057	ORACLE_COORDINATES
057	057A_oracle_coordinates_score_kernel_isolation	oracle_coords_monotonic_powerlaw	cis	exact_signal_aware_coverage_at_precision_0.80	0.0	206057	ORACLE_COORDINATES
057	057A_oracle_coordinates_score_kernel_isolation	oracle_coords_monotonic_powerlaw	cis	exact_signal_aware_coverage_at_precision_0.90	0.0	206057	ORACLE_COORDINATES
057	057A_oracle_coordinates_score_kernel_isolation	oracle_coords_monotonic_powerlaw	cis	same_cross_signal_aware_coverage_at_precision_0.55	1.0	206057	ORACLE_COORDINATES
057	057A_oracle_coordinates_score_kernel_isolation	oracle_coords_monotonic_powerlaw	cis	same_cross_signal_aware_coverage_at_precision_0.60	1.0	206057	ORACLE_COORDINATES
057	057A_oracle_coordinates_score_kernel_isolation	oracle_coords_monotonic_powerlaw	cis	same_cross_signal_aware_coverage_at_precision_0.70	1.0	206057	ORACLE_COORDINATES
057	057A_oracle_coordinates_score_kernel_isolation	oracle_coords_monotonic_powerlaw	cis	same_cross_signal_aware_coverage_at_precision_0.80	1.0	206057	ORACLE_COORDINATES
057	057A_oracle_coordinates_score_kernel_isolation	oracle_coords_monotonic_powerlaw	cis	same_cross_signal_aware_coverage_at_precision_0.90	1.0	206057	ORACLE_COORDINATES
057	057A_oracle_coordinates_score_kernel_isolation	oracle_coords_monotonic_powerlaw	cis	mean_truth_state_distance_rank	1.8529290439053272	206057	ORACLE_COORDINATES
057	057A_oracle_coordinates_score_kernel_isolation	oracle_coords_monotonic_powerlaw	cis	truth_state_geometrically_nearest_fraction	0.20466181687591298	206057	ORACLE_COORDINATES
057	057A_oracle_coordinates_score_kernel_isolation	oracle_coords_monotonic_powerlaw	cis	posterior_top1_equals_geometrically_nearest_fraction	1.0	206057	ORACLE_COORDINATES
057	057A_oracle_coordinates_score_kernel_isolation	oracle_coords_monotonic_powerlaw	trans	n_contacts	143977	143977	ORACLE_COORDINATES
057	057A_oracle_coordinates_score_kernel_isolation	oracle_coords_monotonic_powerlaw	trans	callable_fraction	1.0	143977	ORACLE_COORDINATES
057	057A_oracle_coordinates_score_kernel_isolation	oracle_coords_monotonic_powerlaw	trans	exact_top1_accuracy	0.16585982483313308	143977	ORACLE_COORDINATES
057	057A_oracle_coordinates_score_kernel_isolation	oracle_coords_monotonic_powerlaw	trans	exact_random_tie_expected_accuracy	0.16585982483313308	143977	ORACLE_COORDINATES
057	057A_oracle_coordinates_score_kernel_isolation	oracle_coords_monotonic_powerlaw	trans	exact_accuracy_ci95_lower	0.16394746037757468	143977	ORACLE_COORDINATES
057	057A_oracle_coordinates_score_kernel_isolation	oracle_coords_monotonic_powerlaw	trans	exact_accuracy_ci95_upper	0.16779001924037446	143977	ORACLE_COORDINATES
057	057A_oracle_coordinates_score_kernel_isolation	oracle_coords_monotonic_powerlaw	trans	exact_log_loss	2.0847716137464563	143977	ORACLE_COORDINATES
057	057A_oracle_coordinates_score_kernel_isolation	oracle_coords_monotonic_powerlaw	trans	exact_brier	1.0654436046322524	143977	ORACLE_COORDINATES
057	057A_oracle_coordinates_score_kernel_isolation	oracle_coords_monotonic_powerlaw	trans	same_cross_accuracy	0.661682074220188	143977	ORACLE_COORDINATES
057	057A_oracle_coordinates_score_kernel_isolation	oracle_coords_monotonic_powerlaw	trans	same_cross_random_tie_expected_accuracy	0.661682074220188	143977	ORACLE_COORDINATES
057	057A_oracle_coordinates_score_kernel_isolation	oracle_coords_monotonic_powerlaw	trans	same_cross_accuracy_ci95_lower	0.6592338595192067	143977	ORACLE_COORDINATES
057	057A_oracle_coordinates_score_kernel_isolation	oracle_coords_monotonic_powerlaw	trans	same_cross_accuracy_ci95_upper	0.6641216614534609	143977	ORACLE_COORDINATES
057	057A_oracle_coordinates_score_kernel_isolation	oracle_coords_monotonic_powerlaw	trans	same_cross_log_loss	0.5784827502197606	143977	ORACLE_COORDINATES
057	057A_oracle_coordinates_score_kernel_isolation	oracle_coords_monotonic_powerlaw	trans	same_cross_brier	0.4037798606120717	143977	ORACLE_COORDINATES
057	057A_oracle_coordinates_score_kernel_isolation	oracle_coords_monotonic_powerlaw	trans	mean_entropy	1.032756319280667	143977	ORACLE_COORDINATES
057	057A_oracle_coordinates_score_kernel_isolation	oracle_coords_monotonic_powerlaw	trans	exact_ece	0.4003160025122415	143977	ORACLE_COORDINATES
057	057A_oracle_coordinates_score_kernel_isolation	oracle_coords_monotonic_powerlaw	trans	same_cross_ece	0.05436031169682625	143977	ORACLE_COORDINATES
057	057A_oracle_coordinates_score_kernel_isolation	oracle_coords_monotonic_powerlaw	trans	mean_exact_confidence	0.5661758273453745	143977	ORACLE_COORDINATES
057	057A_oracle_coordinates_score_kernel_isolation	oracle_coords_monotonic_powerlaw	trans	mean_same_cross_confidence	0.7087621948077175	143977	ORACLE_COORDINATES
057	057A_oracle_coordinates_score_kernel_isolation	oracle_coords_monotonic_powerlaw	trans	mean_signal_probability	1.0	143977	ORACLE_COORDINATES
057	057A_oracle_coordinates_score_kernel_isolation	oracle_coords_monotonic_powerlaw	trans	exact_coverage_at_precision_0.55	0.0	143977	ORACLE_COORDINATES
057	057A_oracle_coordinates_score_kernel_isolation	oracle_coords_monotonic_powerlaw	trans	exact_coverage_at_precision_0.60	0.0	143977	ORACLE_COORDINATES
057	057A_oracle_coordinates_score_kernel_isolation	oracle_coords_monotonic_powerlaw	trans	exact_coverage_at_precision_0.70	0.0	143977	ORACLE_COORDINATES
057	057A_oracle_coordinates_score_kernel_isolation	oracle_coords_monotonic_powerlaw	trans	exact_coverage_at_precision_0.80	0.0	143977	ORACLE_COORDINATES
057	057A_oracle_coordinates_score_kernel_isolation	oracle_coords_monotonic_powerlaw	trans	exact_coverage_at_precision_0.90	0.0	143977	ORACLE_COORDINATES
057	057A_oracle_coordinates_score_kernel_isolation	oracle_coords_monotonic_powerlaw	trans	same_cross_coverage_at_precision_0.55	1.0	143977	ORACLE_COORDINATES
057	057A_oracle_coordinates_score_kernel_isolation	oracle_coords_monotonic_powerlaw	trans	same_cross_coverage_at_precision_0.60	1.0	143977	ORACLE_COORDINATES
057	057A_oracle_coordinates_score_kernel_isolation	oracle_coords_monotonic_powerlaw	trans	same_cross_coverage_at_precision_0.70	0.8022253554387159	143977	ORACLE_COORDINATES
057	057A_oracle_coordinates_score_kernel_isolation	oracle_coords_monotonic_powerlaw	trans	same_cross_coverage_at_precision_0.80	0.4653659959576877	143977	ORACLE_COORDINATES
057	057A_oracle_coordinates_score_kernel_isolation	oracle_coords_monotonic_powerlaw	trans	same_cross_coverage_at_precision_0.90	0.27084881613035416	143977	ORACLE_COORDINATES
057	057A_oracle_coordinates_score_kernel_isolation	oracle_coords_monotonic_powerlaw	trans	exact_signal_aware_coverage_at_precision_0.55	0.0	143977	ORACLE_COORDINATES
057	057A_oracle_coordinates_score_kernel_isolation	oracle_coords_monotonic_powerlaw	trans	exact_signal_aware_coverage_at_precision_0.60	0.0	143977	ORACLE_COORDINATES
057	057A_oracle_coordinates_score_kernel_isolation	oracle_coords_monotonic_powerlaw	trans	exact_signal_aware_coverage_at_precision_0.70	0.0	143977	ORACLE_COORDINATES
057	057A_oracle_coordinates_score_kernel_isolation	oracle_coords_monotonic_powerlaw	trans	exact_signal_aware_coverage_at_precision_0.80	0.0	143977	ORACLE_COORDINATES
057	057A_oracle_coordinates_score_kernel_isolation	oracle_coords_monotonic_powerlaw	trans	exact_signal_aware_coverage_at_precision_0.90	0.0	143977	ORACLE_COORDINATES
057	057A_oracle_coordinates_score_kernel_isolation	oracle_coords_monotonic_powerlaw	trans	same_cross_signal_aware_coverage_at_precision_0.55	1.0	143977	ORACLE_COORDINATES
057	057A_oracle_coordinates_score_kernel_isolation	oracle_coords_monotonic_powerlaw	trans	same_cross_signal_aware_coverage_at_precision_0.60	1.0	143977	ORACLE_COORDINATES
057	057A_oracle_coordinates_score_kernel_isolation	oracle_coords_monotonic_powerlaw	trans	same_cross_signal_aware_coverage_at_precision_0.70	0.8022253554387159	143977	ORACLE_COORDINATES
057	057A_oracle_coordinates_score_kernel_isolation	oracle_coords_monotonic_powerlaw	trans	same_cross_signal_aware_coverage_at_precision_0.80	0.4653659959576877	143977	ORACLE_COORDINATES
057	057A_oracle_coordinates_score_kernel_isolation	oracle_coords_monotonic_powerlaw	trans	same_cross_signal_aware_coverage_at_precision_0.90	0.27084881613035416	143977	ORACLE_COORDINATES
057	057A_oracle_coordinates_score_kernel_isolation	oracle_coords_monotonic_powerlaw	trans	mean_truth_state_distance_rank	2.699806219048876	143977	ORACLE_COORDINATES
057	057A_oracle_coordinates_score_kernel_isolation	oracle_coords_monotonic_powerlaw	trans	truth_state_geometrically_nearest_fraction	0.16585982483313308	143977	ORACLE_COORDINATES
057	057A_oracle_coordinates_score_kernel_isolation	oracle_coords_monotonic_powerlaw	trans	posterior_top1_equals_geometrically_nearest_fraction	1.0	143977	ORACLE_COORDINATES
057	057A_oracle_coordinates_score_kernel_isolation	oracle_coords_monotone_log	all	n_contacts	350034	350034	ORACLE_COORDINATES
057	057A_oracle_coordinates_score_kernel_isolation	oracle_coords_monotone_log	all	callable_fraction	1.0	350034	ORACLE_COORDINATES
057	057A_oracle_coordinates_score_kernel_isolation	oracle_coords_monotone_log	all	exact_top1_accuracy	0.1887016689807276	350034	ORACLE_COORDINATES
057	057A_oracle_coordinates_score_kernel_isolation	oracle_coords_monotone_log	all	exact_random_tie_expected_accuracy	0.1887016689807276	350034	ORACLE_COORDINATES
057	057A_oracle_coordinates_score_kernel_isolation	oracle_coords_monotone_log	all	exact_accuracy_ci95_lower	0.18740889053197476	350034	ORACLE_COORDINATES
057	057A_oracle_coordinates_score_kernel_isolation	oracle_coords_monotone_log	all	exact_accuracy_ci95_upper	0.190001280060573	350034	ORACLE_COORDINATES
057	057A_oracle_coordinates_score_kernel_isolation	oracle_coords_monotone_log	all	exact_log_loss	1.8796949242693213	350034	ORACLE_COORDINATES
057	057A_oracle_coordinates_score_kernel_isolation	oracle_coords_monotone_log	all	exact_brier	1.0834693131878415	350034	ORACLE_COORDINATES
057	057A_oracle_coordinates_score_kernel_isolation	oracle_coords_monotone_log	all	same_cross_accuracy	0.8474548186747574	350034	ORACLE_COORDINATES
057	057A_oracle_coordinates_score_kernel_isolation	oracle_coords_monotone_log	all	same_cross_random_tie_expected_accuracy	0.8474548186747574	350034	ORACLE_COORDINATES
057	057A_oracle_coordinates_score_kernel_isolation	oracle_coords_monotone_log	all	same_cross_accuracy_ci95_lower	0.8462598997576594	350034	ORACLE_COORDINATES
057	057A_oracle_coordinates_score_kernel_isolation	oracle_coords_monotone_log	all	same_cross_accuracy_ci95_upper	0.8486421113685167	350034	ORACLE_COORDINATES
057	057A_oracle_coordinates_score_kernel_isolation	oracle_coords_monotone_log	all	same_cross_log_loss	0.2940827745566275	350034	ORACLE_COORDINATES
057	057A_oracle_coordinates_score_kernel_isolation	oracle_coords_monotone_log	all	same_cross_brier	0.19135417453212517	350034	ORACLE_COORDINATES
057	057A_oracle_coordinates_score_kernel_isolation	oracle_coords_monotone_log	all	mean_entropy	0.7590323945634309	350034	ORACLE_COORDINATES
057	057A_oracle_coordinates_score_kernel_isolation	oracle_coords_monotone_log	all	exact_ece	0.4932021170134194	350034	ORACLE_COORDINATES
057	057A_oracle_coordinates_score_kernel_isolation	oracle_coords_monotone_log	all	same_cross_ece	0.02851123511802317	350034	ORACLE_COORDINATES
057	057A_oracle_coordinates_score_kernel_isolation	oracle_coords_monotone_log	all	mean_exact_confidence	0.6819037859941471	350034	ORACLE_COORDINATES
057	057A_oracle_coordinates_score_kernel_isolation	oracle_coords_monotone_log	all	mean_same_cross_confidence	0.8678040551152655	350034	ORACLE_COORDINATES
057	057A_oracle_coordinates_score_kernel_isolation	oracle_coords_monotone_log	all	mean_signal_probability	1.0	350034	ORACLE_COORDINATES
057	057A_oracle_coordinates_score_kernel_isolation	oracle_coords_monotone_log	all	exact_coverage_at_precision_0.55	0.0	350034	ORACLE_COORDINATES
057	057A_oracle_coordinates_score_kernel_isolation	oracle_coords_monotone_log	all	exact_coverage_at_precision_0.60	0.0	350034	ORACLE_COORDINATES
057	057A_oracle_coordinates_score_kernel_isolation	oracle_coords_monotone_log	all	exact_coverage_at_precision_0.70	0.0	350034	ORACLE_COORDINATES
057	057A_oracle_coordinates_score_kernel_isolation	oracle_coords_monotone_log	all	exact_coverage_at_precision_0.80	0.0	350034	ORACLE_COORDINATES
057	057A_oracle_coordinates_score_kernel_isolation	oracle_coords_monotone_log	all	exact_coverage_at_precision_0.90	0.0	350034	ORACLE_COORDINATES
057	057A_oracle_coordinates_score_kernel_isolation	oracle_coords_monotone_log	all	same_cross_coverage_at_precision_0.55	1.0	350034	ORACLE_COORDINATES
057	057A_oracle_coordinates_score_kernel_isolation	oracle_coords_monotone_log	all	same_cross_coverage_at_precision_0.60	1.0	350034	ORACLE_COORDINATES
057	057A_oracle_coordinates_score_kernel_isolation	oracle_coords_monotone_log	all	same_cross_coverage_at_precision_0.70	1.0	350034	ORACLE_COORDINATES
057	057A_oracle_coordinates_score_kernel_isolation	oracle_coords_monotone_log	all	same_cross_coverage_at_precision_0.80	1.0	350034	ORACLE_COORDINATES
057	057A_oracle_coordinates_score_kernel_isolation	oracle_coords_monotone_log	all	same_cross_coverage_at_precision_0.90	0.8620962535068022	350034	ORACLE_COORDINATES
057	057A_oracle_coordinates_score_kernel_isolation	oracle_coords_monotone_log	all	exact_signal_aware_coverage_at_precision_0.55	0.0	350034	ORACLE_COORDINATES
057	057A_oracle_coordinates_score_kernel_isolation	oracle_coords_monotone_log	all	exact_signal_aware_coverage_at_precision_0.60	0.0	350034	ORACLE_COORDINATES
057	057A_oracle_coordinates_score_kernel_isolation	oracle_coords_monotone_log	all	exact_signal_aware_coverage_at_precision_0.70	0.0	350034	ORACLE_COORDINATES
057	057A_oracle_coordinates_score_kernel_isolation	oracle_coords_monotone_log	all	exact_signal_aware_coverage_at_precision_0.80	0.0	350034	ORACLE_COORDINATES
057	057A_oracle_coordinates_score_kernel_isolation	oracle_coords_monotone_log	all	exact_signal_aware_coverage_at_precision_0.90	0.0	350034	ORACLE_COORDINATES
057	057A_oracle_coordinates_score_kernel_isolation	oracle_coords_monotone_log	all	same_cross_signal_aware_coverage_at_precision_0.55	1.0	350034	ORACLE_COORDINATES
057	057A_oracle_coordinates_score_kernel_isolation	oracle_coords_monotone_log	all	same_cross_signal_aware_coverage_at_precision_0.60	1.0	350034	ORACLE_COORDINATES
057	057A_oracle_coordinates_score_kernel_isolation	oracle_coords_monotone_log	all	same_cross_signal_aware_coverage_at_precision_0.70	1.0	350034	ORACLE_COORDINATES
057	057A_oracle_coordinates_score_kernel_isolation	oracle_coords_monotone_log	all	same_cross_signal_aware_coverage_at_precision_0.80	1.0	350034	ORACLE_COORDINATES
057	057A_oracle_coordinates_score_kernel_isolation	oracle_coords_monotone_log	all	same_cross_signal_aware_coverage_at_precision_0.90	0.8620962535068022	350034	ORACLE_COORDINATES
057	057A_oracle_coordinates_score_kernel_isolation	oracle_coords_monotone_log	all	mean_truth_state_distance_rank	2.201269019580955	350034	ORACLE_COORDINATES
057	057A_oracle_coordinates_score_kernel_isolation	oracle_coords_monotone_log	all	truth_state_geometrically_nearest_fraction	0.1887016689807276	350034	ORACLE_COORDINATES
057	057A_oracle_coordinates_score_kernel_isolation	oracle_coords_monotone_log	all	posterior_top1_equals_geometrically_nearest_fraction	1.0	350034	ORACLE_COORDINATES
057	057A_oracle_coordinates_score_kernel_isolation	oracle_coords_monotone_log	cis	n_contacts	206057	206057	ORACLE_COORDINATES
057	057A_oracle_coordinates_score_kernel_isolation	oracle_coords_monotone_log	cis	callable_fraction	1.0	206057	ORACLE_COORDINATES
057	057A_oracle_coordinates_score_kernel_isolation	oracle_coords_monotone_log	cis	exact_top1_accuracy	0.20466181687591298	206057	ORACLE_COORDINATES
057	057A_oracle_coordinates_score_kernel_isolation	oracle_coords_monotone_log	cis	exact_random_tie_expected_accuracy	0.20466181687591298	206057	ORACLE_COORDINATES
057	057A_oracle_coordinates_score_kernel_isolation	oracle_coords_monotone_log	cis	exact_accuracy_ci95_lower	0.20292532787223966	206057	ORACLE_COORDINATES
057	057A_oracle_coordinates_score_kernel_isolation	oracle_coords_monotone_log	cis	exact_accuracy_ci95_upper	0.20640931747655555	206057	ORACLE_COORDINATES
057	057A_oracle_coordinates_score_kernel_isolation	oracle_coords_monotone_log	cis	exact_log_loss	1.6613456897331351	206057	ORACLE_COORDINATES
057	057A_oracle_coordinates_score_kernel_isolation	oracle_coords_monotone_log	cis	exact_brier	1.0733037274257717	206057	ORACLE_COORDINATES
057	057A_oracle_coordinates_score_kernel_isolation	oracle_coords_monotone_log	cis	same_cross_accuracy	0.9772490136224443	206057	ORACLE_COORDINATES
057	057A_oracle_coordinates_score_kernel_isolation	oracle_coords_monotone_log	cis	same_cross_random_tie_expected_accuracy	0.9772490136224443	206057	ORACLE_COORDINATES
057	057A_oracle_coordinates_score_kernel_isolation	oracle_coords_monotone_log	cis	same_cross_accuracy_ci95_lower	0.9765962519623251	206057	ORACLE_COORDINATES
057	057A_oracle_coordinates_score_kernel_isolation	oracle_coords_monotone_log	cis	same_cross_accuracy_ci95_upper	0.977883981193982	206057	ORACLE_COORDINATES
057	057A_oracle_coordinates_score_kernel_isolation	oracle_coords_monotone_log	cis	same_cross_log_loss	0.09348958306279263	206057	ORACLE_COORDINATES
057	057A_oracle_coordinates_score_kernel_isolation	oracle_coords_monotone_log	cis	same_cross_brier	0.04141875849732473	206057	ORACLE_COORDINATES
057	057A_oracle_coordinates_score_kernel_isolation	oracle_coords_monotone_log	cis	mean_entropy	0.5987907486306613	206057	ORACLE_COORDINATES
057	057A_oracle_coordinates_score_kernel_isolation	oracle_coords_monotone_log	cis	exact_ece	0.5423977796272959	206057	ORACLE_COORDINATES
057	057A_oracle_coordinates_score_kernel_isolation	oracle_coords_monotone_log	cis	same_cross_ece	0.008840902962087054	206057	ORACLE_COORDINATES
057	057A_oracle_coordinates_score_kernel_isolation	oracle_coords_monotone_log	cis	mean_exact_confidence	0.7470566990981914	206057	ORACLE_COORDINATES
057	057A_oracle_coordinates_score_kernel_isolation	oracle_coords_monotone_log	cis	mean_same_cross_confidence	0.9684081106603571	206057	ORACLE_COORDINATES
057	057A_oracle_coordinates_score_kernel_isolation	oracle_coords_monotone_log	cis	mean_signal_probability	1.0	206057	ORACLE_COORDINATES
057	057A_oracle_coordinates_score_kernel_isolation	oracle_coords_monotone_log	cis	exact_coverage_at_precision_0.55	0.0	206057	ORACLE_COORDINATES
057	057A_oracle_coordinates_score_kernel_isolation	oracle_coords_monotone_log	cis	exact_coverage_at_precision_0.60	0.0	206057	ORACLE_COORDINATES
057	057A_oracle_coordinates_score_kernel_isolation	oracle_coords_monotone_log	cis	exact_coverage_at_precision_0.70	0.0	206057	ORACLE_COORDINATES
057	057A_oracle_coordinates_score_kernel_isolation	oracle_coords_monotone_log	cis	exact_coverage_at_precision_0.80	0.0	206057	ORACLE_COORDINATES
057	057A_oracle_coordinates_score_kernel_isolation	oracle_coords_monotone_log	cis	exact_coverage_at_precision_0.90	0.0	206057	ORACLE_COORDINATES
057	057A_oracle_coordinates_score_kernel_isolation	oracle_coords_monotone_log	cis	same_cross_coverage_at_precision_0.55	1.0	206057	ORACLE_COORDINATES
057	057A_oracle_coordinates_score_kernel_isolation	oracle_coords_monotone_log	cis	same_cross_coverage_at_precision_0.60	1.0	206057	ORACLE_COORDINATES
057	057A_oracle_coordinates_score_kernel_isolation	oracle_coords_monotone_log	cis	same_cross_coverage_at_precision_0.70	1.0	206057	ORACLE_COORDINATES
057	057A_oracle_coordinates_score_kernel_isolation	oracle_coords_monotone_log	cis	same_cross_coverage_at_precision_0.80	1.0	206057	ORACLE_COORDINATES
057	057A_oracle_coordinates_score_kernel_isolation	oracle_coords_monotone_log	cis	same_cross_coverage_at_precision_0.90	1.0	206057	ORACLE_COORDINATES
057	057A_oracle_coordinates_score_kernel_isolation	oracle_coords_monotone_log	cis	exact_signal_aware_coverage_at_precision_0.55	0.0	206057	ORACLE_COORDINATES
057	057A_oracle_coordinates_score_kernel_isolation	oracle_coords_monotone_log	cis	exact_signal_aware_coverage_at_precision_0.60	0.0	206057	ORACLE_COORDINATES
057	057A_oracle_coordinates_score_kernel_isolation	oracle_coords_monotone_log	cis	exact_signal_aware_coverage_at_precision_0.70	0.0	206057	ORACLE_COORDINATES
057	057A_oracle_coordinates_score_kernel_isolation	oracle_coords_monotone_log	cis	exact_signal_aware_coverage_at_precision_0.80	0.0	206057	ORACLE_COORDINATES
057	057A_oracle_coordinates_score_kernel_isolation	oracle_coords_monotone_log	cis	exact_signal_aware_coverage_at_precision_0.90	0.0	206057	ORACLE_COORDINATES
057	057A_oracle_coordinates_score_kernel_isolation	oracle_coords_monotone_log	cis	same_cross_signal_aware_coverage_at_precision_0.55	1.0	206057	ORACLE_COORDINATES
057	057A_oracle_coordinates_score_kernel_isolation	oracle_coords_monotone_log	cis	same_cross_signal_aware_coverage_at_precision_0.60	1.0	206057	ORACLE_COORDINATES
057	057A_oracle_coordinates_score_kernel_isolation	oracle_coords_monotone_log	cis	same_cross_signal_aware_coverage_at_precision_0.70	1.0	206057	ORACLE_COORDINATES
057	057A_oracle_coordinates_score_kernel_isolation	oracle_coords_monotone_log	cis	same_cross_signal_aware_coverage_at_precision_0.80	1.0	206057	ORACLE_COORDINATES
057	057A_oracle_coordinates_score_kernel_isolation	oracle_coords_monotone_log	cis	same_cross_signal_aware_coverage_at_precision_0.90	1.0	206057	ORACLE_COORDINATES
057	057A_oracle_coordinates_score_kernel_isolation	oracle_coords_monotone_log	cis	mean_truth_state_distance_rank	1.8529290439053272	206057	ORACLE_COORDINATES
057	057A_oracle_coordinates_score_kernel_isolation	oracle_coords_monotone_log	cis	truth_state_geometrically_nearest_fraction	0.20466181687591298	206057	ORACLE_COORDINATES
057	057A_oracle_coordinates_score_kernel_isolation	oracle_coords_monotone_log	cis	posterior_top1_equals_geometrically_nearest_fraction	1.0	206057	ORACLE_COORDINATES
057	057A_oracle_coordinates_score_kernel_isolation	oracle_coords_monotone_log	trans	n_contacts	143977	143977	ORACLE_COORDINATES
057	057A_oracle_coordinates_score_kernel_isolation	oracle_coords_monotone_log	trans	callable_fraction	1.0	143977	ORACLE_COORDINATES
057	057A_oracle_coordinates_score_kernel_isolation	oracle_coords_monotone_log	trans	exact_top1_accuracy	0.16585982483313308	143977	ORACLE_COORDINATES
057	057A_oracle_coordinates_score_kernel_isolation	oracle_coords_monotone_log	trans	exact_random_tie_expected_accuracy	0.16585982483313308	143977	ORACLE_COORDINATES
057	057A_oracle_coordinates_score_kernel_isolation	oracle_coords_monotone_log	trans	exact_accuracy_ci95_lower	0.16394746037757468	143977	ORACLE_COORDINATES
057	057A_oracle_coordinates_score_kernel_isolation	oracle_coords_monotone_log	trans	exact_accuracy_ci95_upper	0.16779001924037446	143977	ORACLE_COORDINATES
057	057A_oracle_coordinates_score_kernel_isolation	oracle_coords_monotone_log	trans	exact_log_loss	2.1921919774154683	143977	ORACLE_COORDINATES
057	057A_oracle_coordinates_score_kernel_isolation	oracle_coords_monotone_log	trans	exact_brier	1.098018096016868	143977	ORACLE_COORDINATES
057	057A_oracle_coordinates_score_kernel_isolation	oracle_coords_monotone_log	trans	same_cross_accuracy	0.6616959653277954	143977	ORACLE_COORDINATES
057	057A_oracle_coordinates_score_kernel_isolation	oracle_coords_monotone_log	trans	same_cross_random_tie_expected_accuracy	0.6616959653277954	143977	ORACLE_COORDINATES
057	057A_oracle_coordinates_score_kernel_isolation	oracle_coords_monotone_log	trans	same_cross_accuracy_ci95_lower	0.6592477747759349	143977	ORACLE_COORDINATES
057	057A_oracle_coordinates_score_kernel_isolation	oracle_coords_monotone_log	trans	same_cross_accuracy_ci95_upper	0.6641355276707084	143977	ORACLE_COORDINATES
057	057A_oracle_coordinates_score_kernel_isolation	oracle_coords_monotone_log	trans	same_cross_log_loss	0.581167734374134	143977	ORACLE_COORDINATES
057	057A_oracle_coordinates_score_kernel_isolation	oracle_coords_monotone_log	trans	same_cross_brier	0.4059387402744512	143977	ORACLE_COORDINATES
057	057A_oracle_coordinates_score_kernel_isolation	oracle_coords_monotone_log	trans	mean_entropy	0.9883670302064065	143977	ORACLE_COORDINATES
057	057A_oracle_coordinates_score_kernel_isolation	oracle_coords_monotone_log	trans	exact_ece	0.42279841627898385	143977	ORACLE_COORDINATES
057	057A_oracle_coordinates_score_kernel_isolation	oracle_coords_monotone_log	trans	same_cross_ece	0.06370482264757678	143977	ORACLE_COORDINATES
057	057A_oracle_coordinates_score_kernel_isolation	oracle_coords_monotone_log	trans	mean_exact_confidence	0.5886582411121168	143977	ORACLE_COORDINATES
057	057A_oracle_coordinates_score_kernel_isolation	oracle_coords_monotone_log	trans	mean_same_cross_confidence	0.7238215448986685	143977	ORACLE_COORDINATES
057	057A_oracle_coordinates_score_kernel_isolation	oracle_coords_monotone_log	trans	mean_signal_probability	1.0	143977	ORACLE_COORDINATES
057	057A_oracle_coordinates_score_kernel_isolation	oracle_coords_monotone_log	trans	exact_coverage_at_precision_0.55	0.0	143977	ORACLE_COORDINATES
057	057A_oracle_coordinates_score_kernel_isolation	oracle_coords_monotone_log	trans	exact_coverage_at_precision_0.60	0.0	143977	ORACLE_COORDINATES
057	057A_oracle_coordinates_score_kernel_isolation	oracle_coords_monotone_log	trans	exact_coverage_at_precision_0.70	0.0	143977	ORACLE_COORDINATES
057	057A_oracle_coordinates_score_kernel_isolation	oracle_coords_monotone_log	trans	exact_coverage_at_precision_0.80	0.0	143977	ORACLE_COORDINATES
057	057A_oracle_coordinates_score_kernel_isolation	oracle_coords_monotone_log	trans	exact_coverage_at_precision_0.90	0.0	143977	ORACLE_COORDINATES
057	057A_oracle_coordinates_score_kernel_isolation	oracle_coords_monotone_log	trans	same_cross_coverage_at_precision_0.55	1.0	143977	ORACLE_COORDINATES
057	057A_oracle_coordinates_score_kernel_isolation	oracle_coords_monotone_log	trans	same_cross_coverage_at_precision_0.60	1.0	143977	ORACLE_COORDINATES
057	057A_oracle_coordinates_score_kernel_isolation	oracle_coords_monotone_log	trans	same_cross_coverage_at_precision_0.70	0.8034894462309953	143977	ORACLE_COORDINATES
057	057A_oracle_coordinates_score_kernel_isolation	oracle_coords_monotone_log	trans	same_cross_coverage_at_precision_0.80	0.47258937191356953	143977	ORACLE_COORDINATES
057	057A_oracle_coordinates_score_kernel_isolation	oracle_coords_monotone_log	trans	same_cross_coverage_at_precision_0.90	0.2813782756968127	143977	ORACLE_COORDINATES
057	057A_oracle_coordinates_score_kernel_isolation	oracle_coords_monotone_log	trans	exact_signal_aware_coverage_at_precision_0.55	0.0	143977	ORACLE_COORDINATES
057	057A_oracle_coordinates_score_kernel_isolation	oracle_coords_monotone_log	trans	exact_signal_aware_coverage_at_precision_0.60	0.0	143977	ORACLE_COORDINATES
057	057A_oracle_coordinates_score_kernel_isolation	oracle_coords_monotone_log	trans	exact_signal_aware_coverage_at_precision_0.70	0.0	143977	ORACLE_COORDINATES
057	057A_oracle_coordinates_score_kernel_isolation	oracle_coords_monotone_log	trans	exact_signal_aware_coverage_at_precision_0.80	0.0	143977	ORACLE_COORDINATES
057	057A_oracle_coordinates_score_kernel_isolation	oracle_coords_monotone_log	trans	exact_signal_aware_coverage_at_precision_0.90	0.0	143977	ORACLE_COORDINATES
057	057A_oracle_coordinates_score_kernel_isolation	oracle_coords_monotone_log	trans	same_cross_signal_aware_coverage_at_precision_0.55	1.0	143977	ORACLE_COORDINATES
057	057A_oracle_coordinates_score_kernel_isolation	oracle_coords_monotone_log	trans	same_cross_signal_aware_coverage_at_precision_0.60	1.0	143977	ORACLE_COORDINATES
057	057A_oracle_coordinates_score_kernel_isolation	oracle_coords_monotone_log	trans	same_cross_signal_aware_coverage_at_precision_0.70	0.8034894462309953	143977	ORACLE_COORDINATES
057	057A_oracle_coordinates_score_kernel_isolation	oracle_coords_monotone_log	trans	same_cross_signal_aware_coverage_at_precision_0.80	0.47258937191356953	143977	ORACLE_COORDINATES
057	057A_oracle_coordinates_score_kernel_isolation	oracle_coords_monotone_log	trans	same_cross_signal_aware_coverage_at_precision_0.90	0.2813782756968127	143977	ORACLE_COORDINATES
057	057A_oracle_coordinates_score_kernel_isolation	oracle_coords_monotone_log	trans	mean_truth_state_distance_rank	2.699806219048876	143977	ORACLE_COORDINATES
057	057A_oracle_coordinates_score_kernel_isolation	oracle_coords_monotone_log	trans	truth_state_geometrically_nearest_fraction	0.16585982483313308	143977	ORACLE_COORDINATES
057	057A_oracle_coordinates_score_kernel_isolation	oracle_coords_monotone_log	trans	posterior_top1_equals_geometrically_nearest_fraction	1.0	143977	ORACLE_COORDINATES
057	057A_oracle_coordinates_score_kernel_isolation	oracle_coords_monotone_logistic	all	n_contacts	350034	350034	ORACLE_COORDINATES
057	057A_oracle_coordinates_score_kernel_isolation	oracle_coords_monotone_logistic	all	callable_fraction	1.0	350034	ORACLE_COORDINATES
057	057A_oracle_coordinates_score_kernel_isolation	oracle_coords_monotone_logistic	all	exact_top1_accuracy	0.1887016689807276	350034	ORACLE_COORDINATES
057	057A_oracle_coordinates_score_kernel_isolation	oracle_coords_monotone_logistic	all	exact_random_tie_expected_accuracy	0.1887016689807276	350034	ORACLE_COORDINATES
057	057A_oracle_coordinates_score_kernel_isolation	oracle_coords_monotone_logistic	all	exact_accuracy_ci95_lower	0.18740889053197476	350034	ORACLE_COORDINATES
057	057A_oracle_coordinates_score_kernel_isolation	oracle_coords_monotone_logistic	all	exact_accuracy_ci95_upper	0.190001280060573	350034	ORACLE_COORDINATES
057	057A_oracle_coordinates_score_kernel_isolation	oracle_coords_monotone_logistic	all	exact_log_loss	8.434969850927331	350034	ORACLE_COORDINATES
057	057A_oracle_coordinates_score_kernel_isolation	oracle_coords_monotone_logistic	all	exact_brier	1.467277693941096	350034	ORACLE_COORDINATES
057	057A_oracle_coordinates_score_kernel_isolation	oracle_coords_monotone_logistic	all	same_cross_accuracy	0.8477890719187279	350034	ORACLE_COORDINATES
057	057A_oracle_coordinates_score_kernel_isolation	oracle_coords_monotone_logistic	all	same_cross_random_tie_expected_accuracy	0.8477890719187279	350034	ORACLE_COORDINATES
057	057A_oracle_coordinates_score_kernel_isolation	oracle_coords_monotone_logistic	all	same_cross_accuracy_ci95_lower	0.8465952203697101	350034	ORACLE_COORDINATES
057	057A_oracle_coordinates_score_kernel_isolation	oracle_coords_monotone_logistic	all	same_cross_accuracy_ci95_upper	0.8489752899079425	350034	ORACLE_COORDINATES
057	057A_oracle_coordinates_score_kernel_isolation	oracle_coords_monotone_logistic	all	same_cross_log_loss	1.0704436457500919	350034	ORACLE_COORDINATES
057	057A_oracle_coordinates_score_kernel_isolation	oracle_coords_monotone_logistic	all	same_cross_brier	0.2725284429083184	350034	ORACLE_COORDINATES
057	057A_oracle_coordinates_score_kernel_isolation	oracle_coords_monotone_logistic	all	mean_entropy	0.21724310931919735	350034	ORACLE_COORDINATES
057	057A_oracle_coordinates_score_kernel_isolation	oracle_coords_monotone_logistic	all	exact_ece	0.7161908351703803	350034	ORACLE_COORDINATES
057	057A_oracle_coordinates_score_kernel_isolation	oracle_coords_monotone_logistic	all	same_cross_ece	0.1283956386492914	350034	ORACLE_COORDINATES
057	057A_oracle_coordinates_score_kernel_isolation	oracle_coords_monotone_logistic	all	mean_exact_confidence	0.9048918571695193	350034	ORACLE_COORDINATES
057	057A_oracle_coordinates_score_kernel_isolation	oracle_coords_monotone_logistic	all	mean_same_cross_confidence	0.9761847105680191	350034	ORACLE_COORDINATES
057	057A_oracle_coordinates_score_kernel_isolation	oracle_coords_monotone_logistic	all	mean_signal_probability	1.0	350034	ORACLE_COORDINATES
057	057A_oracle_coordinates_score_kernel_isolation	oracle_coords_monotone_logistic	all	exact_coverage_at_precision_0.55	0.0	350034	ORACLE_COORDINATES
057	057A_oracle_coordinates_score_kernel_isolation	oracle_coords_monotone_logistic	all	exact_coverage_at_precision_0.60	0.0	350034	ORACLE_COORDINATES
057	057A_oracle_coordinates_score_kernel_isolation	oracle_coords_monotone_logistic	all	exact_coverage_at_precision_0.70	0.0	350034	ORACLE_COORDINATES
057	057A_oracle_coordinates_score_kernel_isolation	oracle_coords_monotone_logistic	all	exact_coverage_at_precision_0.80	0.0	350034	ORACLE_COORDINATES
057	057A_oracle_coordinates_score_kernel_isolation	oracle_coords_monotone_logistic	all	exact_coverage_at_precision_0.90	0.0	350034	ORACLE_COORDINATES
057	057A_oracle_coordinates_score_kernel_isolation	oracle_coords_monotone_logistic	all	same_cross_coverage_at_precision_0.55	1.0	350034	ORACLE_COORDINATES
057	057A_oracle_coordinates_score_kernel_isolation	oracle_coords_monotone_logistic	all	same_cross_coverage_at_precision_0.60	1.0	350034	ORACLE_COORDINATES
057	057A_oracle_coordinates_score_kernel_isolation	oracle_coords_monotone_logistic	all	same_cross_coverage_at_precision_0.70	1.0	350034	ORACLE_COORDINATES
057	057A_oracle_coordinates_score_kernel_isolation	oracle_coords_monotone_logistic	all	same_cross_coverage_at_precision_0.80	1.0	350034	ORACLE_COORDINATES
057	057A_oracle_coordinates_score_kernel_isolation	oracle_coords_monotone_logistic	all	same_cross_coverage_at_precision_0.90	0.8536142203328819	350034	ORACLE_COORDINATES
057	057A_oracle_coordinates_score_kernel_isolation	oracle_coords_monotone_logistic	all	exact_signal_aware_coverage_at_precision_0.55	0.0	350034	ORACLE_COORDINATES
057	057A_oracle_coordinates_score_kernel_isolation	oracle_coords_monotone_logistic	all	exact_signal_aware_coverage_at_precision_0.60	0.0	350034	ORACLE_COORDINATES
057	057A_oracle_coordinates_score_kernel_isolation	oracle_coords_monotone_logistic	all	exact_signal_aware_coverage_at_precision_0.70	0.0	350034	ORACLE_COORDINATES
057	057A_oracle_coordinates_score_kernel_isolation	oracle_coords_monotone_logistic	all	exact_signal_aware_coverage_at_precision_0.80	0.0	350034	ORACLE_COORDINATES
057	057A_oracle_coordinates_score_kernel_isolation	oracle_coords_monotone_logistic	all	exact_signal_aware_coverage_at_precision_0.90	0.0	350034	ORACLE_COORDINATES
057	057A_oracle_coordinates_score_kernel_isolation	oracle_coords_monotone_logistic	all	same_cross_signal_aware_coverage_at_precision_0.55	1.0	350034	ORACLE_COORDINATES
057	057A_oracle_coordinates_score_kernel_isolation	oracle_coords_monotone_logistic	all	same_cross_signal_aware_coverage_at_precision_0.60	1.0	350034	ORACLE_COORDINATES
057	057A_oracle_coordinates_score_kernel_isolation	oracle_coords_monotone_logistic	all	same_cross_signal_aware_coverage_at_precision_0.70	1.0	350034	ORACLE_COORDINATES
057	057A_oracle_coordinates_score_kernel_isolation	oracle_coords_monotone_logistic	all	same_cross_signal_aware_coverage_at_precision_0.80	1.0	350034	ORACLE_COORDINATES
057	057A_oracle_coordinates_score_kernel_isolation	oracle_coords_monotone_logistic	all	same_cross_signal_aware_coverage_at_precision_0.90	0.8536142203328819	350034	ORACLE_COORDINATES
057	057A_oracle_coordinates_score_kernel_isolation	oracle_coords_monotone_logistic	all	mean_truth_state_distance_rank	2.201269019580955	350034	ORACLE_COORDINATES
057	057A_oracle_coordinates_score_kernel_isolation	oracle_coords_monotone_logistic	all	truth_state_geometrically_nearest_fraction	0.1887016689807276	350034	ORACLE_COORDINATES
057	057A_oracle_coordinates_score_kernel_isolation	oracle_coords_monotone_logistic	all	posterior_top1_equals_geometrically_nearest_fraction	1.0	350034	ORACLE_COORDINATES
057	057A_oracle_coordinates_score_kernel_isolation	oracle_coords_monotone_logistic	cis	n_contacts	206057	206057	ORACLE_COORDINATES
057	057A_oracle_coordinates_score_kernel_isolation	oracle_coords_monotone_logistic	cis	callable_fraction	1.0	206057	ORACLE_COORDINATES
057	057A_oracle_coordinates_score_kernel_isolation	oracle_coords_monotone_logistic	cis	exact_top1_accuracy	0.20466181687591298	206057	ORACLE_COORDINATES
057	057A_oracle_coordinates_score_kernel_isolation	oracle_coords_monotone_logistic	cis	exact_random_tie_expected_accuracy	0.20466181687591298	206057	ORACLE_COORDINATES
057	057A_oracle_coordinates_score_kernel_isolation	oracle_coords_monotone_logistic	cis	exact_accuracy_ci95_lower	0.20292532787223966	206057	ORACLE_COORDINATES
057	057A_oracle_coordinates_score_kernel_isolation	oracle_coords_monotone_logistic	cis	exact_accuracy_ci95_upper	0.20640931747655555	206057	ORACLE_COORDINATES
057	057A_oracle_coordinates_score_kernel_isolation	oracle_coords_monotone_logistic	cis	exact_log_loss	5.733789719566346	206057	ORACLE_COORDINATES
057	057A_oracle_coordinates_score_kernel_isolation	oracle_coords_monotone_logistic	cis	exact_brier	1.4095468386693788	206057	ORACLE_COORDINATES
057	057A_oracle_coordinates_score_kernel_isolation	oracle_coords_monotone_logistic	cis	same_cross_accuracy	0.9773946044055771	206057	ORACLE_COORDINATES
057	057A_oracle_coordinates_score_kernel_isolation	oracle_coords_monotone_logistic	cis	same_cross_random_tie_expected_accuracy	0.9773946044055771	206057	ORACLE_COORDINATES
057	057A_oracle_coordinates_score_kernel_isolation	oracle_coords_monotone_logistic	cis	same_cross_accuracy_ci95_lower	0.9767438552556297	206057	ORACLE_COORDINATES
057	057A_oracle_coordinates_score_kernel_isolation	oracle_coords_monotone_logistic	cis	same_cross_accuracy_ci95_upper	0.9780275540386337	206057	ORACLE_COORDINATES
057	057A_oracle_coordinates_score_kernel_isolation	oracle_coords_monotone_logistic	cis	same_cross_log_loss	0.38266465648344183	206057	ORACLE_COORDINATES
057	057A_oracle_coordinates_score_kernel_isolation	oracle_coords_monotone_logistic	cis	same_cross_brier	0.04353547199257628	206057	ORACLE_COORDINATES
057	057A_oracle_coordinates_score_kernel_isolation	oracle_coords_monotone_logistic	cis	mean_entropy	0.23011473117412912	206057	ORACLE_COORDINATES
057	057A_oracle_coordinates_score_kernel_isolation	oracle_coords_monotone_logistic	cis	exact_ece	0.6906482431442521	206057	ORACLE_COORDINATES
057	057A_oracle_coordinates_score_kernel_isolation	oracle_coords_monotone_logistic	cis	same_cross_ece	0.02086576129922336	206057	ORACLE_COORDINATES
057	057A_oracle_coordinates_score_kernel_isolation	oracle_coords_monotone_logistic	cis	mean_exact_confidence	0.8953100600201651	206057	ORACLE_COORDINATES
057	057A_oracle_coordinates_score_kernel_isolation	oracle_coords_monotone_logistic	cis	mean_same_cross_confidence	0.9982430305990123	206057	ORACLE_COORDINATES
057	057A_oracle_coordinates_score_kernel_isolation	oracle_coords_monotone_logistic	cis	mean_signal_probability	1.0	206057	ORACLE_COORDINATES
057	057A_oracle_coordinates_score_kernel_isolation	oracle_coords_monotone_logistic	cis	exact_coverage_at_precision_0.55	0.0	206057	ORACLE_COORDINATES
057	057A_oracle_coordinates_score_kernel_isolation	oracle_coords_monotone_logistic	cis	exact_coverage_at_precision_0.60	0.0	206057	ORACLE_COORDINATES
057	057A_oracle_coordinates_score_kernel_isolation	oracle_coords_monotone_logistic	cis	exact_coverage_at_precision_0.70	0.0	206057	ORACLE_COORDINATES
057	057A_oracle_coordinates_score_kernel_isolation	oracle_coords_monotone_logistic	cis	exact_coverage_at_precision_0.80	0.0	206057	ORACLE_COORDINATES
057	057A_oracle_coordinates_score_kernel_isolation	oracle_coords_monotone_logistic	cis	exact_coverage_at_precision_0.90	0.0	206057	ORACLE_COORDINATES
057	057A_oracle_coordinates_score_kernel_isolation	oracle_coords_monotone_logistic	cis	same_cross_coverage_at_precision_0.55	1.0	206057	ORACLE_COORDINATES
057	057A_oracle_coordinates_score_kernel_isolation	oracle_coords_monotone_logistic	cis	same_cross_coverage_at_precision_0.60	1.0	206057	ORACLE_COORDINATES
057	057A_oracle_coordinates_score_kernel_isolation	oracle_coords_monotone_logistic	cis	same_cross_coverage_at_precision_0.70	1.0	206057	ORACLE_COORDINATES
057	057A_oracle_coordinates_score_kernel_isolation	oracle_coords_monotone_logistic	cis	same_cross_coverage_at_precision_0.80	1.0	206057	ORACLE_COORDINATES
057	057A_oracle_coordinates_score_kernel_isolation	oracle_coords_monotone_logistic	cis	same_cross_coverage_at_precision_0.90	1.0	206057	ORACLE_COORDINATES
057	057A_oracle_coordinates_score_kernel_isolation	oracle_coords_monotone_logistic	cis	exact_signal_aware_coverage_at_precision_0.55	0.0	206057	ORACLE_COORDINATES
057	057A_oracle_coordinates_score_kernel_isolation	oracle_coords_monotone_logistic	cis	exact_signal_aware_coverage_at_precision_0.60	0.0	206057	ORACLE_COORDINATES
057	057A_oracle_coordinates_score_kernel_isolation	oracle_coords_monotone_logistic	cis	exact_signal_aware_coverage_at_precision_0.70	0.0	206057	ORACLE_COORDINATES
057	057A_oracle_coordinates_score_kernel_isolation	oracle_coords_monotone_logistic	cis	exact_signal_aware_coverage_at_precision_0.80	0.0	206057	ORACLE_COORDINATES
057	057A_oracle_coordinates_score_kernel_isolation	oracle_coords_monotone_logistic	cis	exact_signal_aware_coverage_at_precision_0.90	0.0	206057	ORACLE_COORDINATES
057	057A_oracle_coordinates_score_kernel_isolation	oracle_coords_monotone_logistic	cis	same_cross_signal_aware_coverage_at_precision_0.55	1.0	206057	ORACLE_COORDINATES
057	057A_oracle_coordinates_score_kernel_isolation	oracle_coords_monotone_logistic	cis	same_cross_signal_aware_coverage_at_precision_0.60	1.0	206057	ORACLE_COORDINATES
057	057A_oracle_coordinates_score_kernel_isolation	oracle_coords_monotone_logistic	cis	same_cross_signal_aware_coverage_at_precision_0.70	1.0	206057	ORACLE_COORDINATES
057	057A_oracle_coordinates_score_kernel_isolation	oracle_coords_monotone_logistic	cis	same_cross_signal_aware_coverage_at_precision_0.80	1.0	206057	ORACLE_COORDINATES
057	057A_oracle_coordinates_score_kernel_isolation	oracle_coords_monotone_logistic	cis	same_cross_signal_aware_coverage_at_precision_0.90	1.0	206057	ORACLE_COORDINATES
057	057A_oracle_coordinates_score_kernel_isolation	oracle_coords_monotone_logistic	cis	mean_truth_state_distance_rank	1.8529290439053272	206057	ORACLE_COORDINATES
057	057A_oracle_coordinates_score_kernel_isolation	oracle_coords_monotone_logistic	cis	truth_state_geometrically_nearest_fraction	0.20466181687591298	206057	ORACLE_COORDINATES
057	057A_oracle_coordinates_score_kernel_isolation	oracle_coords_monotone_logistic	cis	posterior_top1_equals_geometrically_nearest_fraction	1.0	206057	ORACLE_COORDINATES
057	057A_oracle_coordinates_score_kernel_isolation	oracle_coords_monotone_logistic	trans	n_contacts	143977	143977	ORACLE_COORDINATES
057	057A_oracle_coordinates_score_kernel_isolation	oracle_coords_monotone_logistic	trans	callable_fraction	1.0	143977	ORACLE_COORDINATES
057	057A_oracle_coordinates_score_kernel_isolation	oracle_coords_monotone_logistic	trans	exact_top1_accuracy	0.16585982483313308	143977	ORACLE_COORDINATES
057	057A_oracle_coordinates_score_kernel_isolation	oracle_coords_monotone_logistic	trans	exact_random_tie_expected_accuracy	0.16585982483313308	143977	ORACLE_COORDINATES
057	057A_oracle_coordinates_score_kernel_isolation	oracle_coords_monotone_logistic	trans	exact_accuracy_ci95_lower	0.16394746037757468	143977	ORACLE_COORDINATES
057	057A_oracle_coordinates_score_kernel_isolation	oracle_coords_monotone_logistic	trans	exact_accuracy_ci95_upper	0.16779001924037446	143977	ORACLE_COORDINATES
057	057A_oracle_coordinates_score_kernel_isolation	oracle_coords_monotone_logistic	trans	exact_log_loss	12.300844777671536	143977	ORACLE_COORDINATES
057	057A_oracle_coordinates_score_kernel_isolation	oracle_coords_monotone_logistic	trans	exact_brier	1.5499009382420905	143977	ORACLE_COORDINATES
057	057A_oracle_coordinates_score_kernel_isolation	oracle_coords_monotone_logistic	trans	same_cross_accuracy	0.6623002285087202	143977	ORACLE_COORDINATES
057	057A_oracle_coordinates_score_kernel_isolation	oracle_coords_monotone_logistic	trans	same_cross_random_tie_expected_accuracy	0.6623002285087202	143977	ORACLE_COORDINATES
057	057A_oracle_coordinates_score_kernel_isolation	oracle_coords_monotone_logistic	trans	same_cross_accuracy_ci95_lower	0.6598530907216039	143977	ORACLE_COORDINATES
057	057A_oracle_coordinates_score_kernel_isolation	oracle_coords_monotone_logistic	trans	same_cross_accuracy_ci95_upper	0.664738705842986	143977	ORACLE_COORDINATES
057	057A_oracle_coordinates_score_kernel_isolation	oracle_coords_monotone_logistic	trans	same_cross_log_loss	2.0547791659464996	143977	ORACLE_COORDINATES
057	057A_oracle_coordinates_score_kernel_isolation	oracle_coords_monotone_logistic	trans	same_cross_brier	0.6002585984747288	143977	ORACLE_COORDINATES
057	057A_oracle_coordinates_score_kernel_isolation	oracle_coords_monotone_logistic	trans	mean_entropy	0.19882150180854163	143977	ORACLE_COORDINATES
057	057A_oracle_coordinates_score_kernel_isolation	oracle_coords_monotone_logistic	trans	exact_ece	0.7527510459465501	143977	ORACLE_COORDINATES
057	057A_oracle_coordinates_score_kernel_isolation	oracle_coords_monotone_logistic	trans	same_cross_ece	0.282315056035515	143977	ORACLE_COORDINATES
057	057A_oracle_coordinates_score_kernel_isolation	oracle_coords_monotone_logistic	trans	mean_exact_confidence	0.918605133423396	143977	ORACLE_COORDINATES
057	057A_oracle_coordinates_score_kernel_isolation	oracle_coords_monotone_logistic	trans	mean_same_cross_confidence	0.9446152845442352	143977	ORACLE_COORDINATES
057	057A_oracle_coordinates_score_kernel_isolation	oracle_coords_monotone_logistic	trans	mean_signal_probability	1.0	143977	ORACLE_COORDINATES
057	057A_oracle_coordinates_score_kernel_isolation	oracle_coords_monotone_logistic	trans	exact_coverage_at_precision_0.55	0.0	143977	ORACLE_COORDINATES
057	057A_oracle_coordinates_score_kernel_isolation	oracle_coords_monotone_logistic	trans	exact_coverage_at_precision_0.60	0.0	143977	ORACLE_COORDINATES
057	057A_oracle_coordinates_score_kernel_isolation	oracle_coords_monotone_logistic	trans	exact_coverage_at_precision_0.70	0.0	143977	ORACLE_COORDINATES
057	057A_oracle_coordinates_score_kernel_isolation	oracle_coords_monotone_logistic	trans	exact_coverage_at_precision_0.80	0.0	143977	ORACLE_COORDINATES
057	057A_oracle_coordinates_score_kernel_isolation	oracle_coords_monotone_logistic	trans	exact_coverage_at_precision_0.90	0.0	143977	ORACLE_COORDINATES
057	057A_oracle_coordinates_score_kernel_isolation	oracle_coords_monotone_logistic	trans	same_cross_coverage_at_precision_0.55	1.0	143977	ORACLE_COORDINATES
057	057A_oracle_coordinates_score_kernel_isolation	oracle_coords_monotone_logistic	trans	same_cross_coverage_at_precision_0.60	1.0	143977	ORACLE_COORDINATES
057	057A_oracle_coordinates_score_kernel_isolation	oracle_coords_monotone_logistic	trans	same_cross_coverage_at_precision_0.70	0.7900150718517541	143977	ORACLE_COORDINATES
057	057A_oracle_coordinates_score_kernel_isolation	oracle_coords_monotone_logistic	trans	same_cross_coverage_at_precision_0.80	0.4098918577272759	143977	ORACLE_COORDINATES
057	057A_oracle_coordinates_score_kernel_isolation	oracle_coords_monotone_logistic	trans	same_cross_coverage_at_precision_0.90	0.2224105239031234	143977	ORACLE_COORDINATES
057	057A_oracle_coordinates_score_kernel_isolation	oracle_coords_monotone_logistic	trans	exact_signal_aware_coverage_at_precision_0.55	0.0	143977	ORACLE_COORDINATES
057	057A_oracle_coordinates_score_kernel_isolation	oracle_coords_monotone_logistic	trans	exact_signal_aware_coverage_at_precision_0.60	0.0	143977	ORACLE_COORDINATES
057	057A_oracle_coordinates_score_kernel_isolation	oracle_coords_monotone_logistic	trans	exact_signal_aware_coverage_at_precision_0.70	0.0	143977	ORACLE_COORDINATES
057	057A_oracle_coordinates_score_kernel_isolation	oracle_coords_monotone_logistic	trans	exact_signal_aware_coverage_at_precision_0.80	0.0	143977	ORACLE_COORDINATES
057	057A_oracle_coordinates_score_kernel_isolation	oracle_coords_monotone_logistic	trans	exact_signal_aware_coverage_at_precision_0.90	0.0	143977	ORACLE_COORDINATES
057	057A_oracle_coordinates_score_kernel_isolation	oracle_coords_monotone_logistic	trans	same_cross_signal_aware_coverage_at_precision_0.55	1.0	143977	ORACLE_COORDINATES
057	057A_oracle_coordinates_score_kernel_isolation	oracle_coords_monotone_logistic	trans	same_cross_signal_aware_coverage_at_precision_0.60	1.0	143977	ORACLE_COORDINATES
057	057A_oracle_coordinates_score_kernel_isolation	oracle_coords_monotone_logistic	trans	same_cross_signal_aware_coverage_at_precision_0.70	0.7900150718517541	143977	ORACLE_COORDINATES
057	057A_oracle_coordinates_score_kernel_isolation	oracle_coords_monotone_logistic	trans	same_cross_signal_aware_coverage_at_precision_0.80	0.4098918577272759	143977	ORACLE_COORDINATES
057	057A_oracle_coordinates_score_kernel_isolation	oracle_coords_monotone_logistic	trans	same_cross_signal_aware_coverage_at_precision_0.90	0.2224105239031234	143977	ORACLE_COORDINATES
057	057A_oracle_coordinates_score_kernel_isolation	oracle_coords_monotone_logistic	trans	mean_truth_state_distance_rank	2.699806219048876	143977	ORACLE_COORDINATES
057	057A_oracle_coordinates_score_kernel_isolation	oracle_coords_monotone_logistic	trans	truth_state_geometrically_nearest_fraction	0.16585982483313308	143977	ORACLE_COORDINATES
057	057A_oracle_coordinates_score_kernel_isolation	oracle_coords_monotone_logistic	trans	posterior_top1_equals_geometrically_nearest_fraction	1.0	143977	ORACLE_COORDINATES
057	057A_stratified_genomic_separation	oracle_coords_monotone_log	cis_20_50Mb	n_contacts	52689	52689	ORACLE_COORDINATES
057	057A_stratified_genomic_separation	oracle_coords_monotone_log	cis_20_50Mb	callable_fraction	1.0	52689	ORACLE_COORDINATES
057	057A_stratified_genomic_separation	oracle_coords_monotone_log	cis_20_50Mb	exact_top1_accuracy	0.12146747898043235	52689	ORACLE_COORDINATES
057	057A_stratified_genomic_separation	oracle_coords_monotone_log	cis_20_50Mb	exact_random_tie_expected_accuracy	0.12146747898043235	52689	ORACLE_COORDINATES
057	057A_stratified_genomic_separation	oracle_coords_monotone_log	cis_20_50Mb	exact_accuracy_ci95_lower	0.11870572858075844	52689	ORACLE_COORDINATES
057	057A_stratified_genomic_separation	oracle_coords_monotone_log	cis_20_50Mb	exact_accuracy_ci95_upper	0.12428442158654389	52689	ORACLE_COORDINATES
057	057A_stratified_genomic_separation	oracle_coords_monotone_log	cis_20_50Mb	exact_log_loss	1.9552462587514332	52689	ORACLE_COORDINATES
057	057A_stratified_genomic_separation	oracle_coords_monotone_log	cis_20_50Mb	exact_brier	1.2334890761261952	52689	ORACLE_COORDINATES
057	057A_stratified_genomic_separation	oracle_coords_monotone_log	cis_20_50Mb	same_cross_accuracy	0.9723092106511796	52689	ORACLE_COORDINATES
057	057A_stratified_genomic_separation	oracle_coords_monotone_log	cis_20_50Mb	same_cross_random_tie_expected_accuracy	0.9723092106511796	52689	ORACLE_COORDINATES
057	057A_stratified_genomic_separation	oracle_coords_monotone_log	cis_20_50Mb	same_cross_accuracy_ci95_lower	0.9708733419469812	52689	ORACLE_COORDINATES
057	057A_stratified_genomic_separation	oracle_coords_monotone_log	cis_20_50Mb	same_cross_accuracy_ci95_upper	0.9736762139712719	52689	ORACLE_COORDINATES
057	057A_stratified_genomic_separation	oracle_coords_monotone_log	cis_20_50Mb	same_cross_log_loss	0.11249602102773597	52689	ORACLE_COORDINATES
057	057A_stratified_genomic_separation	oracle_coords_monotone_log	cis_20_50Mb	same_cross_brier	0.05089770209048554	52689	ORACLE_COORDINATES
057	057A_stratified_genomic_separation	oracle_coords_monotone_log	cis_20_50Mb	mean_entropy	0.5801487416854176	52689	ORACLE_COORDINATES
057	057A_stratified_genomic_separation	oracle_coords_monotone_log	cis_20_50Mb	exact_ece	0.6521417137773768	52689	ORACLE_COORDINATES
057	057A_stratified_genomic_separation	oracle_coords_monotone_log	cis_20_50Mb	same_cross_ece	0.011490911803974501	52689	ORACLE_COORDINATES
057	057A_stratified_genomic_separation	oracle_coords_monotone_log	cis_20_50Mb	mean_exact_confidence	0.7736091927578094	52689	ORACLE_COORDINATES
057	057A_stratified_genomic_separation	oracle_coords_monotone_log	cis_20_50Mb	mean_same_cross_confidence	0.9611008154776108	52689	ORACLE_COORDINATES
057	057A_stratified_genomic_separation	oracle_coords_monotone_log	cis_20_50Mb	mean_signal_probability	1.0	52689	ORACLE_COORDINATES
057	057A_stratified_genomic_separation	oracle_coords_monotone_log	cis_20_50Mb	exact_coverage_at_precision_0.55	0.0	52689	ORACLE_COORDINATES
057	057A_stratified_genomic_separation	oracle_coords_monotone_log	cis_20_50Mb	exact_coverage_at_precision_0.60	0.0	52689	ORACLE_COORDINATES
057	057A_stratified_genomic_separation	oracle_coords_monotone_log	cis_20_50Mb	exact_coverage_at_precision_0.70	0.0	52689	ORACLE_COORDINATES
057	057A_stratified_genomic_separation	oracle_coords_monotone_log	cis_20_50Mb	exact_coverage_at_precision_0.80	0.0	52689	ORACLE_COORDINATES
057	057A_stratified_genomic_separation	oracle_coords_monotone_log	cis_20_50Mb	exact_coverage_at_precision_0.90	0.0	52689	ORACLE_COORDINATES
057	057A_stratified_genomic_separation	oracle_coords_monotone_log	cis_20_50Mb	same_cross_coverage_at_precision_0.55	1.0	52689	ORACLE_COORDINATES
057	057A_stratified_genomic_separation	oracle_coords_monotone_log	cis_20_50Mb	same_cross_coverage_at_precision_0.60	1.0	52689	ORACLE_COORDINATES
057	057A_stratified_genomic_separation	oracle_coords_monotone_log	cis_20_50Mb	same_cross_coverage_at_precision_0.70	1.0	52689	ORACLE_COORDINATES
057	057A_stratified_genomic_separation	oracle_coords_monotone_log	cis_20_50Mb	same_cross_coverage_at_precision_0.80	1.0	52689	ORACLE_COORDINATES
057	057A_stratified_genomic_separation	oracle_coords_monotone_log	cis_20_50Mb	same_cross_coverage_at_precision_0.90	1.0	52689	ORACLE_COORDINATES
057	057A_stratified_genomic_separation	oracle_coords_monotone_log	cis_20_50Mb	exact_signal_aware_coverage_at_precision_0.55	0.0	52689	ORACLE_COORDINATES
057	057A_stratified_genomic_separation	oracle_coords_monotone_log	cis_20_50Mb	exact_signal_aware_coverage_at_precision_0.60	0.0	52689	ORACLE_COORDINATES
057	057A_stratified_genomic_separation	oracle_coords_monotone_log	cis_20_50Mb	exact_signal_aware_coverage_at_precision_0.70	0.0	52689	ORACLE_COORDINATES
057	057A_stratified_genomic_separation	oracle_coords_monotone_log	cis_20_50Mb	exact_signal_aware_coverage_at_precision_0.80	0.0	52689	ORACLE_COORDINATES
057	057A_stratified_genomic_separation	oracle_coords_monotone_log	cis_20_50Mb	exact_signal_aware_coverage_at_precision_0.90	0.0	52689	ORACLE_COORDINATES
057	057A_stratified_genomic_separation	oracle_coords_monotone_log	cis_20_50Mb	same_cross_signal_aware_coverage_at_precision_0.55	1.0	52689	ORACLE_COORDINATES
057	057A_stratified_genomic_separation	oracle_coords_monotone_log	cis_20_50Mb	same_cross_signal_aware_coverage_at_precision_0.60	1.0	52689	ORACLE_COORDINATES
057	057A_stratified_genomic_separation	oracle_coords_monotone_log	cis_20_50Mb	same_cross_signal_aware_coverage_at_precision_0.70	1.0	52689	ORACLE_COORDINATES
057	057A_stratified_genomic_separation	oracle_coords_monotone_log	cis_20_50Mb	same_cross_signal_aware_coverage_at_precision_0.80	1.0	52689	ORACLE_COORDINATES
057	057A_stratified_genomic_separation	oracle_coords_monotone_log	cis_20_50Mb	same_cross_signal_aware_coverage_at_precision_0.90	1.0	52689	ORACLE_COORDINATES
057	057A_stratified_genomic_separation	oracle_coords_monotone_log	cis_5_20Mb	n_contacts	45660	45660	ORACLE_COORDINATES
057	057A_stratified_genomic_separation	oracle_coords_monotone_log	cis_5_20Mb	callable_fraction	1.0	45660	ORACLE_COORDINATES
057	057A_stratified_genomic_separation	oracle_coords_monotone_log	cis_5_20Mb	exact_top1_accuracy	0.13775733683749453	45660	ORACLE_COORDINATES
057	057A_stratified_genomic_separation	oracle_coords_monotone_log	cis_5_20Mb	exact_random_tie_expected_accuracy	0.13775733683749453	45660	ORACLE_COORDINATES
057	057A_stratified_genomic_separation	oracle_coords_monotone_log	cis_5_20Mb	exact_accuracy_ci95_lower	0.13462659440461455	45660	ORACLE_COORDINATES
057	057A_stratified_genomic_separation	oracle_coords_monotone_log	cis_5_20Mb	exact_accuracy_ci95_upper	0.14094902641057044	45660	ORACLE_COORDINATES
057	057A_stratified_genomic_separation	oracle_coords_monotone_log	cis_5_20Mb	exact_log_loss	1.846522516071294	45660	ORACLE_COORDINATES
057	057A_stratified_genomic_separation	oracle_coords_monotone_log	cis_5_20Mb	exact_brier	1.1815838053681251	45660	ORACLE_COORDINATES
057	057A_stratified_genomic_separation	oracle_coords_monotone_log	cis_5_20Mb	same_cross_accuracy	0.9766535260621989	45660	ORACLE_COORDINATES
057	057A_stratified_genomic_separation	oracle_coords_monotone_log	cis_5_20Mb	same_cross_random_tie_expected_accuracy	0.9766535260621989	45660	ORACLE_COORDINATES
057	057A_stratified_genomic_separation	oracle_coords_monotone_log	cis_5_20Mb	same_cross_accuracy_ci95_lower	0.9752278696637864	45660	ORACLE_COORDINATES
057	057A_stratified_genomic_separation	oracle_coords_monotone_log	cis_5_20Mb	same_cross_accuracy_ci95_upper	0.9779989857520732	45660	ORACLE_COORDINATES
057	057A_stratified_genomic_separation	oracle_coords_monotone_log	cis_5_20Mb	same_cross_log_loss	0.09768498160601435	45660	ORACLE_COORDINATES
057	057A_stratified_genomic_separation	oracle_coords_monotone_log	cis_5_20Mb	same_cross_brier	0.042619230031085836	45660	ORACLE_COORDINATES
057	057A_stratified_genomic_separation	oracle_coords_monotone_log	cis_5_20Mb	mean_entropy	0.5862691693090233	45660	ORACLE_COORDINATES
057	057A_stratified_genomic_separation	oracle_coords_monotone_log	cis_5_20Mb	exact_ece	0.6250783141773575	45660	ORACLE_COORDINATES
057	057A_stratified_genomic_separation	oracle_coords_monotone_log	cis_5_20Mb	same_cross_ece	0.012171184145446191	45660	ORACLE_COORDINATES
057	057A_stratified_genomic_separation	oracle_coords_monotone_log	cis_5_20Mb	mean_exact_confidence	0.762835651014852	45660	ORACLE_COORDINATES
057	057A_stratified_genomic_separation	oracle_coords_monotone_log	cis_5_20Mb	mean_same_cross_confidence	0.9649771477161819	45660	ORACLE_COORDINATES
057	057A_stratified_genomic_separation	oracle_coords_monotone_log	cis_5_20Mb	mean_signal_probability	1.0	45660	ORACLE_COORDINATES
057	057A_stratified_genomic_separation	oracle_coords_monotone_log	cis_5_20Mb	exact_coverage_at_precision_0.55	0.0	45660	ORACLE_COORDINATES
057	057A_stratified_genomic_separation	oracle_coords_monotone_log	cis_5_20Mb	exact_coverage_at_precision_0.60	0.0	45660	ORACLE_COORDINATES
057	057A_stratified_genomic_separation	oracle_coords_monotone_log	cis_5_20Mb	exact_coverage_at_precision_0.70	0.0	45660	ORACLE_COORDINATES
057	057A_stratified_genomic_separation	oracle_coords_monotone_log	cis_5_20Mb	exact_coverage_at_precision_0.80	0.0	45660	ORACLE_COORDINATES
057	057A_stratified_genomic_separation	oracle_coords_monotone_log	cis_5_20Mb	exact_coverage_at_precision_0.90	0.0	45660	ORACLE_COORDINATES
057	057A_stratified_genomic_separation	oracle_coords_monotone_log	cis_5_20Mb	same_cross_coverage_at_precision_0.55	1.0	45660	ORACLE_COORDINATES
057	057A_stratified_genomic_separation	oracle_coords_monotone_log	cis_5_20Mb	same_cross_coverage_at_precision_0.60	1.0	45660	ORACLE_COORDINATES
057	057A_stratified_genomic_separation	oracle_coords_monotone_log	cis_5_20Mb	same_cross_coverage_at_precision_0.70	1.0	45660	ORACLE_COORDINATES
057	057A_stratified_genomic_separation	oracle_coords_monotone_log	cis_5_20Mb	same_cross_coverage_at_precision_0.80	1.0	45660	ORACLE_COORDINATES
057	057A_stratified_genomic_separation	oracle_coords_monotone_log	cis_5_20Mb	same_cross_coverage_at_precision_0.90	1.0	45660	ORACLE_COORDINATES
057	057A_stratified_genomic_separation	oracle_coords_monotone_log	cis_5_20Mb	exact_signal_aware_coverage_at_precision_0.55	0.0	45660	ORACLE_COORDINATES
057	057A_stratified_genomic_separation	oracle_coords_monotone_log	cis_5_20Mb	exact_signal_aware_coverage_at_precision_0.60	0.0	45660	ORACLE_COORDINATES
057	057A_stratified_genomic_separation	oracle_coords_monotone_log	cis_5_20Mb	exact_signal_aware_coverage_at_precision_0.70	0.0	45660	ORACLE_COORDINATES
057	057A_stratified_genomic_separation	oracle_coords_monotone_log	cis_5_20Mb	exact_signal_aware_coverage_at_precision_0.80	0.0	45660	ORACLE_COORDINATES
057	057A_stratified_genomic_separation	oracle_coords_monotone_log	cis_5_20Mb	exact_signal_aware_coverage_at_precision_0.90	0.0	45660	ORACLE_COORDINATES
057	057A_stratified_genomic_separation	oracle_coords_monotone_log	cis_5_20Mb	same_cross_signal_aware_coverage_at_precision_0.55	1.0	45660	ORACLE_COORDINATES
057	057A_stratified_genomic_separation	oracle_coords_monotone_log	cis_5_20Mb	same_cross_signal_aware_coverage_at_precision_0.60	1.0	45660	ORACLE_COORDINATES
057	057A_stratified_genomic_separation	oracle_coords_monotone_log	cis_5_20Mb	same_cross_signal_aware_coverage_at_precision_0.70	1.0	45660	ORACLE_COORDINATES
057	057A_stratified_genomic_separation	oracle_coords_monotone_log	cis_5_20Mb	same_cross_signal_aware_coverage_at_precision_0.80	1.0	45660	ORACLE_COORDINATES
057	057A_stratified_genomic_separation	oracle_coords_monotone_log	cis_5_20Mb	same_cross_signal_aware_coverage_at_precision_0.90	1.0	45660	ORACLE_COORDINATES
057	057A_stratified_genomic_separation	oracle_coords_monotone_log	cis_ge50Mb	n_contacts	31906	31906	ORACLE_COORDINATES
057	057A_stratified_genomic_separation	oracle_coords_monotone_log	cis_ge50Mb	callable_fraction	1.0	31906	ORACLE_COORDINATES
057	057A_stratified_genomic_separation	oracle_coords_monotone_log	cis_ge50Mb	exact_top1_accuracy	0.09847677552811383	31906	ORACLE_COORDINATES
057	057A_stratified_genomic_separation	oracle_coords_monotone_log	cis_ge50Mb	exact_random_tie_expected_accuracy	0.09847677552811383	31906	ORACLE_COORDINATES
057	057A_stratified_genomic_separation	oracle_coords_monotone_log	cis_ge50Mb	exact_accuracy_ci95_lower	0.0952555581343879	31906	ORACLE_COORDINATES
057	057A_stratified_genomic_separation	oracle_coords_monotone_log	cis_ge50Mb	exact_accuracy_ci95_upper	0.10179466748127637	31906	ORACLE_COORDINATES
057	057A_stratified_genomic_separation	oracle_coords_monotone_log	cis_ge50Mb	exact_log_loss	2.0420936573953234	31906	ORACLE_COORDINATES
057	057A_stratified_genomic_separation	oracle_coords_monotone_log	cis_ge50Mb	exact_brier	1.2651568168994651	31906	ORACLE_COORDINATES
057	057A_stratified_genomic_separation	oracle_coords_monotone_log	cis_ge50Mb	same_cross_accuracy	0.9533316617564095	31906	ORACLE_COORDINATES
057	057A_stratified_genomic_separation	oracle_coords_monotone_log	cis_ge50Mb	same_cross_random_tie_expected_accuracy	0.9533316617564095	31906	ORACLE_COORDINATES
057	057A_stratified_genomic_separation	oracle_coords_monotone_log	cis_ge50Mb	same_cross_accuracy_ci95_lower	0.9509621479394998	31906	ORACLE_COORDINATES
057	057A_stratified_genomic_separation	oracle_coords_monotone_log	cis_ge50Mb	same_cross_accuracy_ci95_upper	0.9555920271206075	31906	ORACLE_COORDINATES
057	057A_stratified_genomic_separation	oracle_coords_monotone_log	cis_ge50Mb	same_cross_log_loss	0.15724782324766123	31906	ORACLE_COORDINATES
057	057A_stratified_genomic_separation	oracle_coords_monotone_log	cis_ge50Mb	same_cross_brier	0.08065823027784688	31906	ORACLE_COORDINATES
057	057A_stratified_genomic_separation	oracle_coords_monotone_log	cis_ge50Mb	mean_entropy	0.6082197500410385	31906	ORACLE_COORDINATES
057	057A_stratified_genomic_separation	oracle_coords_monotone_log	cis_ge50Mb	exact_ece	0.6702146866236377	31906	ORACLE_COORDINATES
057	057A_stratified_genomic_separation	oracle_coords_monotone_log	cis_ge50Mb	same_cross_ece	0.005604947596641142	31906	ORACLE_COORDINATES
057	057A_stratified_genomic_separation	oracle_coords_monotone_log	cis_ge50Mb	mean_exact_confidence	0.7686204644683456	31906	ORACLE_COORDINATES
057	057A_stratified_genomic_separation	oracle_coords_monotone_log	cis_ge50Mb	mean_same_cross_confidence	0.9477962012614646	31906	ORACLE_COORDINATES
057	057A_stratified_genomic_separation	oracle_coords_monotone_log	cis_ge50Mb	mean_signal_probability	1.0	31906	ORACLE_COORDINATES
057	057A_stratified_genomic_separation	oracle_coords_monotone_log	cis_ge50Mb	exact_coverage_at_precision_0.55	0.0	31906	ORACLE_COORDINATES
057	057A_stratified_genomic_separation	oracle_coords_monotone_log	cis_ge50Mb	exact_coverage_at_precision_0.60	0.0	31906	ORACLE_COORDINATES
057	057A_stratified_genomic_separation	oracle_coords_monotone_log	cis_ge50Mb	exact_coverage_at_precision_0.70	0.0	31906	ORACLE_COORDINATES
057	057A_stratified_genomic_separation	oracle_coords_monotone_log	cis_ge50Mb	exact_coverage_at_precision_0.80	0.0	31906	ORACLE_COORDINATES
057	057A_stratified_genomic_separation	oracle_coords_monotone_log	cis_ge50Mb	exact_coverage_at_precision_0.90	0.0	31906	ORACLE_COORDINATES
057	057A_stratified_genomic_separation	oracle_coords_monotone_log	cis_ge50Mb	same_cross_coverage_at_precision_0.55	1.0	31906	ORACLE_COORDINATES
057	057A_stratified_genomic_separation	oracle_coords_monotone_log	cis_ge50Mb	same_cross_coverage_at_precision_0.60	1.0	31906	ORACLE_COORDINATES
057	057A_stratified_genomic_separation	oracle_coords_monotone_log	cis_ge50Mb	same_cross_coverage_at_precision_0.70	1.0	31906	ORACLE_COORDINATES
057	057A_stratified_genomic_separation	oracle_coords_monotone_log	cis_ge50Mb	same_cross_coverage_at_precision_0.80	1.0	31906	ORACLE_COORDINATES
057	057A_stratified_genomic_separation	oracle_coords_monotone_log	cis_ge50Mb	same_cross_coverage_at_precision_0.90	1.0	31906	ORACLE_COORDINATES
057	057A_stratified_genomic_separation	oracle_coords_monotone_log	cis_ge50Mb	exact_signal_aware_coverage_at_precision_0.55	0.0	31906	ORACLE_COORDINATES
057	057A_stratified_genomic_separation	oracle_coords_monotone_log	cis_ge50Mb	exact_signal_aware_coverage_at_precision_0.60	0.0	31906	ORACLE_COORDINATES
057	057A_stratified_genomic_separation	oracle_coords_monotone_log	cis_ge50Mb	exact_signal_aware_coverage_at_precision_0.70	0.0	31906	ORACLE_COORDINATES
057	057A_stratified_genomic_separation	oracle_coords_monotone_log	cis_ge50Mb	exact_signal_aware_coverage_at_precision_0.80	0.0	31906	ORACLE_COORDINATES
057	057A_stratified_genomic_separation	oracle_coords_monotone_log	cis_ge50Mb	exact_signal_aware_coverage_at_precision_0.90	0.0	31906	ORACLE_COORDINATES
057	057A_stratified_genomic_separation	oracle_coords_monotone_log	cis_ge50Mb	same_cross_signal_aware_coverage_at_precision_0.55	1.0	31906	ORACLE_COORDINATES
057	057A_stratified_genomic_separation	oracle_coords_monotone_log	cis_ge50Mb	same_cross_signal_aware_coverage_at_precision_0.60	1.0	31906	ORACLE_COORDINATES
057	057A_stratified_genomic_separation	oracle_coords_monotone_log	cis_ge50Mb	same_cross_signal_aware_coverage_at_precision_0.70	1.0	31906	ORACLE_COORDINATES
057	057A_stratified_genomic_separation	oracle_coords_monotone_log	cis_ge50Mb	same_cross_signal_aware_coverage_at_precision_0.80	1.0	31906	ORACLE_COORDINATES
057	057A_stratified_genomic_separation	oracle_coords_monotone_log	cis_ge50Mb	same_cross_signal_aware_coverage_at_precision_0.90	1.0	31906	ORACLE_COORDINATES
057	057A_stratified_genomic_separation	oracle_coords_monotone_log	cis_lt5Mb	n_contacts	75802	75802	ORACLE_COORDINATES
057	057A_stratified_genomic_separation	oracle_coords_monotone_log	cis_lt5Mb	callable_fraction	1.0	75802	ORACLE_COORDINATES
057	057A_stratified_genomic_separation	oracle_coords_monotone_log	cis_lt5Mb	exact_top1_accuracy	0.34748423524445265	75802	ORACLE_COORDINATES
057	057A_stratified_genomic_separation	oracle_coords_monotone_log	cis_lt5Mb	exact_random_tie_expected_accuracy	0.34748423524445265	75802	ORACLE_COORDINATES
057	057A_stratified_genomic_separation	oracle_coords_monotone_log	cis_lt5Mb	exact_accuracy_ci95_lower	0.34410226649318465	75802	ORACLE_COORDINATES
057	057A_stratified_genomic_separation	oracle_coords_monotone_log	cis_lt5Mb	exact_accuracy_ci95_upper	0.3508816614596454	75802	ORACLE_COORDINATES
057	057A_stratified_genomic_separation	oracle_coords_monotone_log	cis_lt5Mb	exact_log_loss	1.1852547471744275	75802	ORACLE_COORDINATES
057	057A_stratified_genomic_separation	oracle_coords_monotone_log	cis_lt5Mb	exact_brier	0.815984146553603	75802	ORACLE_COORDINATES
057	057A_stratified_genomic_separation	oracle_coords_monotone_log	cis_lt5Mb	same_cross_accuracy	0.9911084140260151	75802	ORACLE_COORDINATES
057	057A_stratified_genomic_separation	oracle_coords_monotone_log	cis_lt5Mb	same_cross_random_tie_expected_accuracy	0.9911084140260151	75802	ORACLE_COORDINATES
057	057A_stratified_genomic_separation	oracle_coords_monotone_log	cis_lt5Mb	same_cross_accuracy_ci95_lower	0.9904148015862546	75802	ORACLE_COORDINATES
057	057A_stratified_genomic_separation	oracle_coords_monotone_log	cis_lt5Mb	same_cross_accuracy_ci95_upper	0.9917522526564577	75802	ORACLE_COORDINATES
057	057A_stratified_genomic_separation	oracle_coords_monotone_log	cis_lt5Mb	same_cross_log_loss	0.050914683736167754	75802	ORACLE_COORDINATES
057	057A_stratified_genomic_separation	oracle_coords_monotone_log	cis_lt5Mb	same_cross_brier	0.017590572224654884	75802	ORACLE_COORDINATES
057	057A_stratified_genomic_separation	oracle_coords_monotone_log	cis_lt5Mb	mean_entropy	0.6153222688644868	75802	ORACLE_COORDINATES
057	057A_stratified_genomic_separation	oracle_coords_monotone_log	cis_lt5Mb	exact_ece	0.36253511944532624	75802	ORACLE_COORDINATES
057	057A_stratified_genomic_separation	oracle_coords_monotone_log	cis_lt5Mb	same_cross_ece	0.007190206560005494	75802	ORACLE_COORDINATES
057	057A_stratified_genomic_separation	oracle_coords_monotone_log	cis_lt5Mb	mean_exact_confidence	0.7100193546897788	75802	ORACLE_COORDINATES
057	057A_stratified_genomic_separation	oracle_coords_monotone_log	cis_lt5Mb	mean_same_cross_confidence	0.9842297964364031	75802	ORACLE_COORDINATES
057	057A_stratified_genomic_separation	oracle_coords_monotone_log	cis_lt5Mb	mean_signal_probability	1.0	75802	ORACLE_COORDINATES
057	057A_stratified_genomic_separation	oracle_coords_monotone_log	cis_lt5Mb	exact_coverage_at_precision_0.55	0.0	75802	ORACLE_COORDINATES
057	057A_stratified_genomic_separation	oracle_coords_monotone_log	cis_lt5Mb	exact_coverage_at_precision_0.60	0.0	75802	ORACLE_COORDINATES
057	057A_stratified_genomic_separation	oracle_coords_monotone_log	cis_lt5Mb	exact_coverage_at_precision_0.70	0.0	75802	ORACLE_COORDINATES
057	057A_stratified_genomic_separation	oracle_coords_monotone_log	cis_lt5Mb	exact_coverage_at_precision_0.80	0.0	75802	ORACLE_COORDINATES
057	057A_stratified_genomic_separation	oracle_coords_monotone_log	cis_lt5Mb	exact_coverage_at_precision_0.90	0.0	75802	ORACLE_COORDINATES
057	057A_stratified_genomic_separation	oracle_coords_monotone_log	cis_lt5Mb	same_cross_coverage_at_precision_0.55	1.0	75802	ORACLE_COORDINATES
057	057A_stratified_genomic_separation	oracle_coords_monotone_log	cis_lt5Mb	same_cross_coverage_at_precision_0.60	1.0	75802	ORACLE_COORDINATES
057	057A_stratified_genomic_separation	oracle_coords_monotone_log	cis_lt5Mb	same_cross_coverage_at_precision_0.70	1.0	75802	ORACLE_COORDINATES
057	057A_stratified_genomic_separation	oracle_coords_monotone_log	cis_lt5Mb	same_cross_coverage_at_precision_0.80	1.0	75802	ORACLE_COORDINATES
057	057A_stratified_genomic_separation	oracle_coords_monotone_log	cis_lt5Mb	same_cross_coverage_at_precision_0.90	1.0	75802	ORACLE_COORDINATES
057	057A_stratified_genomic_separation	oracle_coords_monotone_log	cis_lt5Mb	exact_signal_aware_coverage_at_precision_0.55	0.0	75802	ORACLE_COORDINATES
057	057A_stratified_genomic_separation	oracle_coords_monotone_log	cis_lt5Mb	exact_signal_aware_coverage_at_precision_0.60	0.0	75802	ORACLE_COORDINATES
057	057A_stratified_genomic_separation	oracle_coords_monotone_log	cis_lt5Mb	exact_signal_aware_coverage_at_precision_0.70	0.0	75802	ORACLE_COORDINATES
057	057A_stratified_genomic_separation	oracle_coords_monotone_log	cis_lt5Mb	exact_signal_aware_coverage_at_precision_0.80	0.0	75802	ORACLE_COORDINATES
057	057A_stratified_genomic_separation	oracle_coords_monotone_log	cis_lt5Mb	exact_signal_aware_coverage_at_precision_0.90	0.0	75802	ORACLE_COORDINATES
057	057A_stratified_genomic_separation	oracle_coords_monotone_log	cis_lt5Mb	same_cross_signal_aware_coverage_at_precision_0.55	1.0	75802	ORACLE_COORDINATES
057	057A_stratified_genomic_separation	oracle_coords_monotone_log	cis_lt5Mb	same_cross_signal_aware_coverage_at_precision_0.60	1.0	75802	ORACLE_COORDINATES
057	057A_stratified_genomic_separation	oracle_coords_monotone_log	cis_lt5Mb	same_cross_signal_aware_coverage_at_precision_0.70	1.0	75802	ORACLE_COORDINATES
057	057A_stratified_genomic_separation	oracle_coords_monotone_log	cis_lt5Mb	same_cross_signal_aware_coverage_at_precision_0.80	1.0	75802	ORACLE_COORDINATES
057	057A_stratified_genomic_separation	oracle_coords_monotone_log	cis_lt5Mb	same_cross_signal_aware_coverage_at_precision_0.90	1.0	75802	ORACLE_COORDINATES
057	057A_stratified_genomic_separation	oracle_coords_monotone_log	trans	n_contacts	143977	143977	ORACLE_COORDINATES
057	057A_stratified_genomic_separation	oracle_coords_monotone_log	trans	callable_fraction	1.0	143977	ORACLE_COORDINATES
057	057A_stratified_genomic_separation	oracle_coords_monotone_log	trans	exact_top1_accuracy	0.16585982483313308	143977	ORACLE_COORDINATES
057	057A_stratified_genomic_separation	oracle_coords_monotone_log	trans	exact_random_tie_expected_accuracy	0.16585982483313308	143977	ORACLE_COORDINATES
057	057A_stratified_genomic_separation	oracle_coords_monotone_log	trans	exact_accuracy_ci95_lower	0.16394746037757468	143977	ORACLE_COORDINATES
057	057A_stratified_genomic_separation	oracle_coords_monotone_log	trans	exact_accuracy_ci95_upper	0.16779001924037446	143977	ORACLE_COORDINATES
057	057A_stratified_genomic_separation	oracle_coords_monotone_log	trans	exact_log_loss	2.1921919774154683	143977	ORACLE_COORDINATES
057	057A_stratified_genomic_separation	oracle_coords_monotone_log	trans	exact_brier	1.098018096016868	143977	ORACLE_COORDINATES
057	057A_stratified_genomic_separation	oracle_coords_monotone_log	trans	same_cross_accuracy	0.6616959653277954	143977	ORACLE_COORDINATES
057	057A_stratified_genomic_separation	oracle_coords_monotone_log	trans	same_cross_random_tie_expected_accuracy	0.6616959653277954	143977	ORACLE_COORDINATES
057	057A_stratified_genomic_separation	oracle_coords_monotone_log	trans	same_cross_accuracy_ci95_lower	0.6592477747759349	143977	ORACLE_COORDINATES
057	057A_stratified_genomic_separation	oracle_coords_monotone_log	trans	same_cross_accuracy_ci95_upper	0.6641355276707084	143977	ORACLE_COORDINATES
057	057A_stratified_genomic_separation	oracle_coords_monotone_log	trans	same_cross_log_loss	0.581167734374134	143977	ORACLE_COORDINATES
057	057A_stratified_genomic_separation	oracle_coords_monotone_log	trans	same_cross_brier	0.4059387402744512	143977	ORACLE_COORDINATES
057	057A_stratified_genomic_separation	oracle_coords_monotone_log	trans	mean_entropy	0.9883670302064065	143977	ORACLE_COORDINATES
057	057A_stratified_genomic_separation	oracle_coords_monotone_log	trans	exact_ece	0.42279841627898385	143977	ORACLE_COORDINATES
057	057A_stratified_genomic_separation	oracle_coords_monotone_log	trans	same_cross_ece	0.06370482264757678	143977	ORACLE_COORDINATES
057	057A_stratified_genomic_separation	oracle_coords_monotone_log	trans	mean_exact_confidence	0.5886582411121168	143977	ORACLE_COORDINATES
057	057A_stratified_genomic_separation	oracle_coords_monotone_log	trans	mean_same_cross_confidence	0.7238215448986685	143977	ORACLE_COORDINATES
057	057A_stratified_genomic_separation	oracle_coords_monotone_log	trans	mean_signal_probability	1.0	143977	ORACLE_COORDINATES
057	057A_stratified_genomic_separation	oracle_coords_monotone_log	trans	exact_coverage_at_precision_0.55	0.0	143977	ORACLE_COORDINATES
057	057A_stratified_genomic_separation	oracle_coords_monotone_log	trans	exact_coverage_at_precision_0.60	0.0	143977	ORACLE_COORDINATES
057	057A_stratified_genomic_separation	oracle_coords_monotone_log	trans	exact_coverage_at_precision_0.70	0.0	143977	ORACLE_COORDINATES
057	057A_stratified_genomic_separation	oracle_coords_monotone_log	trans	exact_coverage_at_precision_0.80	0.0	143977	ORACLE_COORDINATES
057	057A_stratified_genomic_separation	oracle_coords_monotone_log	trans	exact_coverage_at_precision_0.90	0.0	143977	ORACLE_COORDINATES
057	057A_stratified_genomic_separation	oracle_coords_monotone_log	trans	same_cross_coverage_at_precision_0.55	1.0	143977	ORACLE_COORDINATES
057	057A_stratified_genomic_separation	oracle_coords_monotone_log	trans	same_cross_coverage_at_precision_0.60	1.0	143977	ORACLE_COORDINATES
057	057A_stratified_genomic_separation	oracle_coords_monotone_log	trans	same_cross_coverage_at_precision_0.70	0.8034894462309953	143977	ORACLE_COORDINATES
057	057A_stratified_genomic_separation	oracle_coords_monotone_log	trans	same_cross_coverage_at_precision_0.80	0.47258937191356953	143977	ORACLE_COORDINATES
057	057A_stratified_genomic_separation	oracle_coords_monotone_log	trans	same_cross_coverage_at_precision_0.90	0.2813782756968127	143977	ORACLE_COORDINATES
057	057A_stratified_genomic_separation	oracle_coords_monotone_log	trans	exact_signal_aware_coverage_at_precision_0.55	0.0	143977	ORACLE_COORDINATES
057	057A_stratified_genomic_separation	oracle_coords_monotone_log	trans	exact_signal_aware_coverage_at_precision_0.60	0.0	143977	ORACLE_COORDINATES
057	057A_stratified_genomic_separation	oracle_coords_monotone_log	trans	exact_signal_aware_coverage_at_precision_0.70	0.0	143977	ORACLE_COORDINATES
057	057A_stratified_genomic_separation	oracle_coords_monotone_log	trans	exact_signal_aware_coverage_at_precision_0.80	0.0	143977	ORACLE_COORDINATES
057	057A_stratified_genomic_separation	oracle_coords_monotone_log	trans	exact_signal_aware_coverage_at_precision_0.90	0.0	143977	ORACLE_COORDINATES
057	057A_stratified_genomic_separation	oracle_coords_monotone_log	trans	same_cross_signal_aware_coverage_at_precision_0.55	1.0	143977	ORACLE_COORDINATES
057	057A_stratified_genomic_separation	oracle_coords_monotone_log	trans	same_cross_signal_aware_coverage_at_precision_0.60	1.0	143977	ORACLE_COORDINATES
057	057A_stratified_genomic_separation	oracle_coords_monotone_log	trans	same_cross_signal_aware_coverage_at_precision_0.70	0.8034894462309953	143977	ORACLE_COORDINATES
057	057A_stratified_genomic_separation	oracle_coords_monotone_log	trans	same_cross_signal_aware_coverage_at_precision_0.80	0.47258937191356953	143977	ORACLE_COORDINATES
057	057A_stratified_genomic_separation	oracle_coords_monotone_log	trans	same_cross_signal_aware_coverage_at_precision_0.90	0.2813782756968127	143977	ORACLE_COORDINATES
057	057A_stratified_truth_distance_margin	oracle_coords_monotone_log	truth_nearest_high_margin	n_contacts	22017	22017	ORACLE_COORDINATES
057	057A_stratified_truth_distance_margin	oracle_coords_monotone_log	truth_nearest_high_margin	callable_fraction	1.0	22017	ORACLE_COORDINATES
057	057A_stratified_truth_distance_margin	oracle_coords_monotone_log	truth_nearest_high_margin	exact_top1_accuracy	1.0	22017	ORACLE_COORDINATES
057	057A_stratified_truth_distance_margin	oracle_coords_monotone_log	truth_nearest_high_margin	exact_random_tie_expected_accuracy	1.0	22017	ORACLE_COORDINATES
057	057A_stratified_truth_distance_margin	oracle_coords_monotone_log	truth_nearest_high_margin	exact_accuracy_ci95_lower	0.9998255534954068	22017	ORACLE_COORDINATES
057	057A_stratified_truth_distance_margin	oracle_coords_monotone_log	truth_nearest_high_margin	exact_accuracy_ci95_upper	1.0	22017	ORACLE_COORDINATES
057	057A_stratified_truth_distance_margin	oracle_coords_monotone_log	truth_nearest_high_margin	exact_log_loss	0.5676959463956269	22017	ORACLE_COORDINATES
057	057A_stratified_truth_distance_margin	oracle_coords_monotone_log	truth_nearest_high_margin	exact_brier	0.27400500361390623	22017	ORACLE_COORDINATES
057	057A_stratified_truth_distance_margin	oracle_coords_monotone_log	truth_nearest_high_margin	same_cross_accuracy	0.9898714629604397	22017	ORACLE_COORDINATES
057	057A_stratified_truth_distance_margin	oracle_coords_monotone_log	truth_nearest_high_margin	same_cross_random_tie_expected_accuracy	0.9898714629604397	22017	ORACLE_COORDINATES
057	057A_stratified_truth_distance_margin	oracle_coords_monotone_log	truth_nearest_high_margin	same_cross_accuracy_ci95_lower	0.9884607539091609	22017	ORACLE_COORDINATES
057	057A_stratified_truth_distance_margin	oracle_coords_monotone_log	truth_nearest_high_margin	same_cross_accuracy_ci95_upper	0.9911112592828918	22017	ORACLE_COORDINATES
057	057A_stratified_truth_distance_margin	oracle_coords_monotone_log	truth_nearest_high_margin	same_cross_log_loss	0.3127967524260189	22017	ORACLE_COORDINATES
057	057A_stratified_truth_distance_margin	oracle_coords_monotone_log	truth_nearest_high_margin	same_cross_brier	0.17390183181187033	22017	ORACLE_COORDINATES
057	057A_stratified_truth_distance_margin	oracle_coords_monotone_log	truth_nearest_high_margin	mean_entropy	1.008328152346003	22017	ORACLE_COORDINATES
057	057A_stratified_truth_distance_margin	oracle_coords_monotone_log	truth_nearest_high_margin	exact_ece	0.40851054871192405	22017	ORACLE_COORDINATES
057	057A_stratified_truth_distance_margin	oracle_coords_monotone_log	truth_nearest_high_margin	same_cross_ece	0.24319375764713008	22017	ORACLE_COORDINATES
057	057A_stratified_truth_distance_margin	oracle_coords_monotone_log	truth_nearest_high_margin	mean_exact_confidence	0.591489451288076	22017	ORACLE_COORDINATES
057	057A_stratified_truth_distance_margin	oracle_coords_monotone_log	truth_nearest_high_margin	mean_same_cross_confidence	0.7466777053133095	22017	ORACLE_COORDINATES
057	057A_stratified_truth_distance_margin	oracle_coords_monotone_log	truth_nearest_high_margin	mean_signal_probability	1.0	22017	ORACLE_COORDINATES
057	057A_stratified_truth_distance_margin	oracle_coords_monotone_log	truth_nearest_high_margin	exact_coverage_at_precision_0.55	1.0	22017	ORACLE_COORDINATES
057	057A_stratified_truth_distance_margin	oracle_coords_monotone_log	truth_nearest_high_margin	exact_coverage_at_precision_0.60	1.0	22017	ORACLE_COORDINATES
057	057A_stratified_truth_distance_margin	oracle_coords_monotone_log	truth_nearest_high_margin	exact_coverage_at_precision_0.70	1.0	22017	ORACLE_COORDINATES
057	057A_stratified_truth_distance_margin	oracle_coords_monotone_log	truth_nearest_high_margin	exact_coverage_at_precision_0.80	1.0	22017	ORACLE_COORDINATES
057	057A_stratified_truth_distance_margin	oracle_coords_monotone_log	truth_nearest_high_margin	exact_coverage_at_precision_0.90	1.0	22017	ORACLE_COORDINATES
057	057A_stratified_truth_distance_margin	oracle_coords_monotone_log	truth_nearest_high_margin	same_cross_coverage_at_precision_0.55	1.0	22017	ORACLE_COORDINATES
057	057A_stratified_truth_distance_margin	oracle_coords_monotone_log	truth_nearest_high_margin	same_cross_coverage_at_precision_0.60	1.0	22017	ORACLE_COORDINATES
057	057A_stratified_truth_distance_margin	oracle_coords_monotone_log	truth_nearest_high_margin	same_cross_coverage_at_precision_0.70	1.0	22017	ORACLE_COORDINATES
057	057A_stratified_truth_distance_margin	oracle_coords_monotone_log	truth_nearest_high_margin	same_cross_coverage_at_precision_0.80	1.0	22017	ORACLE_COORDINATES
057	057A_stratified_truth_distance_margin	oracle_coords_monotone_log	truth_nearest_high_margin	same_cross_coverage_at_precision_0.90	1.0	22017	ORACLE_COORDINATES
057	057A_stratified_truth_distance_margin	oracle_coords_monotone_log	truth_nearest_high_margin	exact_signal_aware_coverage_at_precision_0.55	1.0	22017	ORACLE_COORDINATES
057	057A_stratified_truth_distance_margin	oracle_coords_monotone_log	truth_nearest_high_margin	exact_signal_aware_coverage_at_precision_0.60	1.0	22017	ORACLE_COORDINATES
057	057A_stratified_truth_distance_margin	oracle_coords_monotone_log	truth_nearest_high_margin	exact_signal_aware_coverage_at_precision_0.70	1.0	22017	ORACLE_COORDINATES
057	057A_stratified_truth_distance_margin	oracle_coords_monotone_log	truth_nearest_high_margin	exact_signal_aware_coverage_at_precision_0.80	1.0	22017	ORACLE_COORDINATES
057	057A_stratified_truth_distance_margin	oracle_coords_monotone_log	truth_nearest_high_margin	exact_signal_aware_coverage_at_precision_0.90	1.0	22017	ORACLE_COORDINATES
057	057A_stratified_truth_distance_margin	oracle_coords_monotone_log	truth_nearest_high_margin	same_cross_signal_aware_coverage_at_precision_0.55	1.0	22017	ORACLE_COORDINATES
057	057A_stratified_truth_distance_margin	oracle_coords_monotone_log	truth_nearest_high_margin	same_cross_signal_aware_coverage_at_precision_0.60	1.0	22017	ORACLE_COORDINATES
057	057A_stratified_truth_distance_margin	oracle_coords_monotone_log	truth_nearest_high_margin	same_cross_signal_aware_coverage_at_precision_0.70	1.0	22017	ORACLE_COORDINATES
057	057A_stratified_truth_distance_margin	oracle_coords_monotone_log	truth_nearest_high_margin	same_cross_signal_aware_coverage_at_precision_0.80	1.0	22017	ORACLE_COORDINATES
057	057A_stratified_truth_distance_margin	oracle_coords_monotone_log	truth_nearest_high_margin	same_cross_signal_aware_coverage_at_precision_0.90	1.0	22017	ORACLE_COORDINATES
057	057A_stratified_truth_distance_margin	oracle_coords_monotone_log	truth_nearest_low_margin	n_contacts	22020	22020	ORACLE_COORDINATES
057	057A_stratified_truth_distance_margin	oracle_coords_monotone_log	truth_nearest_low_margin	callable_fraction	1.0	22020	ORACLE_COORDINATES
057	057A_stratified_truth_distance_margin	oracle_coords_monotone_log	truth_nearest_low_margin	exact_top1_accuracy	1.0	22020	ORACLE_COORDINATES
057	057A_stratified_truth_distance_margin	oracle_coords_monotone_log	truth_nearest_low_margin	exact_random_tie_expected_accuracy	1.0	22020	ORACLE_COORDINATES
057	057A_stratified_truth_distance_margin	oracle_coords_monotone_log	truth_nearest_low_margin	exact_accuracy_ci95_lower	0.999825577257815	22020	ORACLE_COORDINATES
057	057A_stratified_truth_distance_margin	oracle_coords_monotone_log	truth_nearest_low_margin	exact_accuracy_ci95_upper	0.9999999999999999	22020	ORACLE_COORDINATES
057	057A_stratified_truth_distance_margin	oracle_coords_monotone_log	truth_nearest_low_margin	exact_log_loss	0.6286518646088797	22020	ORACLE_COORDINATES
057	057A_stratified_truth_distance_margin	oracle_coords_monotone_log	truth_nearest_low_margin	exact_brier	0.39230979437233177	22020	ORACLE_COORDINATES
057	057A_stratified_truth_distance_margin	oracle_coords_monotone_log	truth_nearest_low_margin	same_cross_accuracy	0.9728882833787466	22020	ORACLE_COORDINATES
057	057A_stratified_truth_distance_margin	oracle_coords_monotone_log	truth_nearest_low_margin	same_cross_random_tie_expected_accuracy	0.9728882833787466	22020	ORACLE_COORDINATES
057	057A_stratified_truth_distance_margin	oracle_coords_monotone_log	truth_nearest_low_margin	same_cross_accuracy_ci95_lower	0.9706592933439496	22020	ORACLE_COORDINATES
057	057A_stratified_truth_distance_margin	oracle_coords_monotone_log	truth_nearest_low_margin	same_cross_accuracy_ci95_upper	0.9749523084712753	22020	ORACLE_COORDINATES
057	057A_stratified_truth_distance_margin	oracle_coords_monotone_log	truth_nearest_low_margin	same_cross_log_loss	0.08210821644280972	22020	ORACLE_COORDINATES
057	057A_stratified_truth_distance_margin	oracle_coords_monotone_log	truth_nearest_low_margin	same_cross_brier	0.04466065771377739	22020	ORACLE_COORDINATES
057	057A_stratified_truth_distance_margin	oracle_coords_monotone_log	truth_nearest_low_margin	mean_entropy	0.8194659606543754	22020	ORACLE_COORDINATES
057	057A_stratified_truth_distance_margin	oracle_coords_monotone_log	truth_nearest_low_margin	exact_ece	0.45780882937909917	22020	ORACLE_COORDINATES
057	057A_stratified_truth_distance_margin	oracle_coords_monotone_log	truth_nearest_low_margin	same_cross_ece	0.036763566278520635	22020	ORACLE_COORDINATES
057	057A_stratified_truth_distance_margin	oracle_coords_monotone_log	truth_nearest_low_margin	mean_exact_confidence	0.5421911706209008	22020	ORACLE_COORDINATES
057	057A_stratified_truth_distance_margin	oracle_coords_monotone_log	truth_nearest_low_margin	mean_same_cross_confidence	0.9361247171002259	22020	ORACLE_COORDINATES
057	057A_stratified_truth_distance_margin	oracle_coords_monotone_log	truth_nearest_low_margin	mean_signal_probability	1.0	22020	ORACLE_COORDINATES
057	057A_stratified_truth_distance_margin	oracle_coords_monotone_log	truth_nearest_low_margin	exact_coverage_at_precision_0.55	1.0	22020	ORACLE_COORDINATES
057	057A_stratified_truth_distance_margin	oracle_coords_monotone_log	truth_nearest_low_margin	exact_coverage_at_precision_0.60	1.0	22020	ORACLE_COORDINATES
057	057A_stratified_truth_distance_margin	oracle_coords_monotone_log	truth_nearest_low_margin	exact_coverage_at_precision_0.70	1.0	22020	ORACLE_COORDINATES
057	057A_stratified_truth_distance_margin	oracle_coords_monotone_log	truth_nearest_low_margin	exact_coverage_at_precision_0.80	1.0	22020	ORACLE_COORDINATES
057	057A_stratified_truth_distance_margin	oracle_coords_monotone_log	truth_nearest_low_margin	exact_coverage_at_precision_0.90	1.0	22020	ORACLE_COORDINATES
057	057A_stratified_truth_distance_margin	oracle_coords_monotone_log	truth_nearest_low_margin	same_cross_coverage_at_precision_0.55	1.0	22020	ORACLE_COORDINATES
057	057A_stratified_truth_distance_margin	oracle_coords_monotone_log	truth_nearest_low_margin	same_cross_coverage_at_precision_0.60	1.0	22020	ORACLE_COORDINATES
057	057A_stratified_truth_distance_margin	oracle_coords_monotone_log	truth_nearest_low_margin	same_cross_coverage_at_precision_0.70	1.0	22020	ORACLE_COORDINATES
057	057A_stratified_truth_distance_margin	oracle_coords_monotone_log	truth_nearest_low_margin	same_cross_coverage_at_precision_0.80	1.0	22020	ORACLE_COORDINATES
057	057A_stratified_truth_distance_margin	oracle_coords_monotone_log	truth_nearest_low_margin	same_cross_coverage_at_precision_0.90	1.0	22020	ORACLE_COORDINATES
057	057A_stratified_truth_distance_margin	oracle_coords_monotone_log	truth_nearest_low_margin	exact_signal_aware_coverage_at_precision_0.55	1.0	22020	ORACLE_COORDINATES
057	057A_stratified_truth_distance_margin	oracle_coords_monotone_log	truth_nearest_low_margin	exact_signal_aware_coverage_at_precision_0.60	1.0	22020	ORACLE_COORDINATES
057	057A_stratified_truth_distance_margin	oracle_coords_monotone_log	truth_nearest_low_margin	exact_signal_aware_coverage_at_precision_0.70	1.0	22020	ORACLE_COORDINATES
057	057A_stratified_truth_distance_margin	oracle_coords_monotone_log	truth_nearest_low_margin	exact_signal_aware_coverage_at_precision_0.80	1.0	22020	ORACLE_COORDINATES
057	057A_stratified_truth_distance_margin	oracle_coords_monotone_log	truth_nearest_low_margin	exact_signal_aware_coverage_at_precision_0.90	1.0	22020	ORACLE_COORDINATES
057	057A_stratified_truth_distance_margin	oracle_coords_monotone_log	truth_nearest_low_margin	same_cross_signal_aware_coverage_at_precision_0.55	1.0	22020	ORACLE_COORDINATES
057	057A_stratified_truth_distance_margin	oracle_coords_monotone_log	truth_nearest_low_margin	same_cross_signal_aware_coverage_at_precision_0.60	1.0	22020	ORACLE_COORDINATES
057	057A_stratified_truth_distance_margin	oracle_coords_monotone_log	truth_nearest_low_margin	same_cross_signal_aware_coverage_at_precision_0.70	1.0	22020	ORACLE_COORDINATES
057	057A_stratified_truth_distance_margin	oracle_coords_monotone_log	truth_nearest_low_margin	same_cross_signal_aware_coverage_at_precision_0.80	1.0	22020	ORACLE_COORDINATES
057	057A_stratified_truth_distance_margin	oracle_coords_monotone_log	truth_nearest_low_margin	same_cross_signal_aware_coverage_at_precision_0.90	1.0	22020	ORACLE_COORDINATES
057	057A_stratified_truth_distance_margin	oracle_coords_monotone_log	truth_nearest_mid_margin	n_contacts	22015	22015	ORACLE_COORDINATES
057	057A_stratified_truth_distance_margin	oracle_coords_monotone_log	truth_nearest_mid_margin	callable_fraction	1.0	22015	ORACLE_COORDINATES
057	057A_stratified_truth_distance_margin	oracle_coords_monotone_log	truth_nearest_mid_margin	exact_top1_accuracy	1.0	22015	ORACLE_COORDINATES
057	057A_stratified_truth_distance_margin	oracle_coords_monotone_log	truth_nearest_mid_margin	exact_random_tie_expected_accuracy	1.0	22015	ORACLE_COORDINATES
057	057A_stratified_truth_distance_margin	oracle_coords_monotone_log	truth_nearest_mid_margin	exact_accuracy_ci95_lower	0.9998255376502038	22015	ORACLE_COORDINATES
057	057A_stratified_truth_distance_margin	oracle_coords_monotone_log	truth_nearest_mid_margin	exact_accuracy_ci95_upper	0.9999999999999999	22015	ORACLE_COORDINATES
057	057A_stratified_truth_distance_margin	oracle_coords_monotone_log	truth_nearest_mid_margin	exact_log_loss	0.452660863595182	22015	ORACLE_COORDINATES
057	057A_stratified_truth_distance_margin	oracle_coords_monotone_log	truth_nearest_mid_margin	exact_brier	0.22962023731641093	22015	ORACLE_COORDINATES
057	057A_stratified_truth_distance_margin	oracle_coords_monotone_log	truth_nearest_mid_margin	same_cross_accuracy	0.972564160799455	22015	ORACLE_COORDINATES
057	057A_stratified_truth_distance_margin	oracle_coords_monotone_log	truth_nearest_mid_margin	same_cross_random_tie_expected_accuracy	0.972564160799455	22015	ORACLE_COORDINATES
057	057A_stratified_truth_distance_margin	oracle_coords_monotone_log	truth_nearest_mid_margin	same_cross_accuracy_ci95_lower	0.970322550594515	22015	ORACLE_COORDINATES
057	057A_stratified_truth_distance_margin	oracle_coords_monotone_log	truth_nearest_mid_margin	same_cross_accuracy_ci95_upper	0.9746408816965499	22015	ORACLE_COORDINATES
057	057A_stratified_truth_distance_margin	oracle_coords_monotone_log	truth_nearest_mid_margin	same_cross_log_loss	0.1207210762655577	22015	ORACLE_COORDINATES
057	057A_stratified_truth_distance_margin	oracle_coords_monotone_log	truth_nearest_mid_margin	same_cross_brier	0.0699561179324886	22015	ORACLE_COORDINATES
057	057A_stratified_truth_distance_margin	oracle_coords_monotone_log	truth_nearest_mid_margin	mean_entropy	0.7583576930010959	22015	ORACLE_COORDINATES
057	057A_stratified_truth_distance_margin	oracle_coords_monotone_log	truth_nearest_mid_margin	exact_ece	0.3389451318382359	22015	ORACLE_COORDINATES
057	057A_stratified_truth_distance_margin	oracle_coords_monotone_log	truth_nearest_mid_margin	same_cross_ece	0.06647944598709636	22015	ORACLE_COORDINATES
057	057A_stratified_truth_distance_margin	oracle_coords_monotone_log	truth_nearest_mid_margin	mean_exact_confidence	0.6610548681617642	22015	ORACLE_COORDINATES
057	057A_stratified_truth_distance_margin	oracle_coords_monotone_log	truth_nearest_mid_margin	mean_same_cross_confidence	0.9060847148123586	22015	ORACLE_COORDINATES
057	057A_stratified_truth_distance_margin	oracle_coords_monotone_log	truth_nearest_mid_margin	mean_signal_probability	1.0	22015	ORACLE_COORDINATES
057	057A_stratified_truth_distance_margin	oracle_coords_monotone_log	truth_nearest_mid_margin	exact_coverage_at_precision_0.55	1.0	22015	ORACLE_COORDINATES
057	057A_stratified_truth_distance_margin	oracle_coords_monotone_log	truth_nearest_mid_margin	exact_coverage_at_precision_0.60	1.0	22015	ORACLE_COORDINATES
057	057A_stratified_truth_distance_margin	oracle_coords_monotone_log	truth_nearest_mid_margin	exact_coverage_at_precision_0.70	1.0	22015	ORACLE_COORDINATES
057	057A_stratified_truth_distance_margin	oracle_coords_monotone_log	truth_nearest_mid_margin	exact_coverage_at_precision_0.80	1.0	22015	ORACLE_COORDINATES
057	057A_stratified_truth_distance_margin	oracle_coords_monotone_log	truth_nearest_mid_margin	exact_coverage_at_precision_0.90	1.0	22015	ORACLE_COORDINATES
057	057A_stratified_truth_distance_margin	oracle_coords_monotone_log	truth_nearest_mid_margin	same_cross_coverage_at_precision_0.55	1.0	22015	ORACLE_COORDINATES
057	057A_stratified_truth_distance_margin	oracle_coords_monotone_log	truth_nearest_mid_margin	same_cross_coverage_at_precision_0.60	1.0	22015	ORACLE_COORDINATES
057	057A_stratified_truth_distance_margin	oracle_coords_monotone_log	truth_nearest_mid_margin	same_cross_coverage_at_precision_0.70	1.0	22015	ORACLE_COORDINATES
057	057A_stratified_truth_distance_margin	oracle_coords_monotone_log	truth_nearest_mid_margin	same_cross_coverage_at_precision_0.80	1.0	22015	ORACLE_COORDINATES
057	057A_stratified_truth_distance_margin	oracle_coords_monotone_log	truth_nearest_mid_margin	same_cross_coverage_at_precision_0.90	1.0	22015	ORACLE_COORDINATES
057	057A_stratified_truth_distance_margin	oracle_coords_monotone_log	truth_nearest_mid_margin	exact_signal_aware_coverage_at_precision_0.55	1.0	22015	ORACLE_COORDINATES
057	057A_stratified_truth_distance_margin	oracle_coords_monotone_log	truth_nearest_mid_margin	exact_signal_aware_coverage_at_precision_0.60	1.0	22015	ORACLE_COORDINATES
057	057A_stratified_truth_distance_margin	oracle_coords_monotone_log	truth_nearest_mid_margin	exact_signal_aware_coverage_at_precision_0.70	1.0	22015	ORACLE_COORDINATES
057	057A_stratified_truth_distance_margin	oracle_coords_monotone_log	truth_nearest_mid_margin	exact_signal_aware_coverage_at_precision_0.80	1.0	22015	ORACLE_COORDINATES
057	057A_stratified_truth_distance_margin	oracle_coords_monotone_log	truth_nearest_mid_margin	exact_signal_aware_coverage_at_precision_0.90	1.0	22015	ORACLE_COORDINATES
057	057A_stratified_truth_distance_margin	oracle_coords_monotone_log	truth_nearest_mid_margin	same_cross_signal_aware_coverage_at_precision_0.55	1.0	22015	ORACLE_COORDINATES
057	057A_stratified_truth_distance_margin	oracle_coords_monotone_log	truth_nearest_mid_margin	same_cross_signal_aware_coverage_at_precision_0.60	1.0	22015	ORACLE_COORDINATES
057	057A_stratified_truth_distance_margin	oracle_coords_monotone_log	truth_nearest_mid_margin	same_cross_signal_aware_coverage_at_precision_0.70	1.0	22015	ORACLE_COORDINATES
057	057A_stratified_truth_distance_margin	oracle_coords_monotone_log	truth_nearest_mid_margin	same_cross_signal_aware_coverage_at_precision_0.80	1.0	22015	ORACLE_COORDINATES
057	057A_stratified_truth_distance_margin	oracle_coords_monotone_log	truth_nearest_mid_margin	same_cross_signal_aware_coverage_at_precision_0.90	1.0	22015	ORACLE_COORDINATES
057	057A_stratified_truth_distance_margin	oracle_coords_monotone_log	truth_not_nearest	n_contacts	283982	283982	ORACLE_COORDINATES
057	057A_stratified_truth_distance_margin	oracle_coords_monotone_log	truth_not_nearest	callable_fraction	1.0	283982	ORACLE_COORDINATES
057	057A_stratified_truth_distance_margin	oracle_coords_monotone_log	truth_not_nearest	exact_top1_accuracy	0.0	283982	ORACLE_COORDINATES
057	057A_stratified_truth_distance_margin	oracle_coords_monotone_log	truth_not_nearest	exact_random_tie_expected_accuracy	0.0	283982	ORACLE_COORDINATES
057	057A_stratified_truth_distance_margin	oracle_coords_monotone_log	truth_not_nearest	exact_accuracy_ci95_lower	0.0	283982	ORACLE_COORDINATES
057	057A_stratified_truth_distance_margin	oracle_coords_monotone_log	truth_not_nearest	exact_accuracy_ci95_upper	1.3526937825353363e-05	283982	ORACLE_COORDINATES
057	057A_stratified_truth_distance_margin	oracle_coords_monotone_log	truth_not_nearest	exact_log_loss	2.189046941352479	283982	ORACLE_COORDINATES
057	057A_stratified_truth_distance_margin	oracle_coords_monotone_log	truth_not_nearest	exact_brier	1.2660118536077145	283982	ORACLE_COORDINATES
057	057A_stratified_truth_distance_margin	oracle_coords_monotone_log	truth_not_nearest	same_cross_accuracy	0.8169884006732822	283982	ORACLE_COORDINATES
057	057A_stratified_truth_distance_margin	oracle_coords_monotone_log	truth_not_nearest	same_cross_random_tie_expected_accuracy	0.8169884006732822	283982	ORACLE_COORDINATES
057	057A_stratified_truth_distance_margin	oracle_coords_monotone_log	truth_not_nearest	same_cross_accuracy_ci95_lower	0.8155619511045669	283982	ORACLE_COORDINATES
057	057A_stratified_truth_distance_margin	oracle_coords_monotone_log	truth_not_nearest	same_cross_accuracy_ci95_upper	0.8184062744772229	283982	ORACLE_COORDINATES
057	057A_stratified_truth_distance_margin	oracle_coords_monotone_log	truth_not_nearest	same_cross_log_loss	0.322507857508342	283982	ORACLE_COORDINATES
057	057A_stratified_truth_distance_margin	oracle_coords_monotone_log	truth_not_nearest	same_cross_brier	0.21349296391332845	283982	ORACLE_COORDINATES
057	057A_stratified_truth_distance_margin	oracle_coords_monotone_log	truth_not_nearest	mean_entropy	0.7350708819692288	283982	ORACLE_COORDINATES
057	057A_stratified_truth_distance_margin	oracle_coords_monotone_log	truth_not_nearest	exact_ece	0.7013631641372067	283982	ORACLE_COORDINATES
057	057A_stratified_truth_distance_margin	oracle_coords_monotone_log	truth_not_nearest	same_cross_ece	0.05674202065738012	283982	ORACLE_COORDINATES
057	057A_stratified_truth_distance_margin	oracle_coords_monotone_log	truth_not_nearest	mean_exact_confidence	0.7013631641372066	283982	ORACLE_COORDINATES
057	057A_stratified_truth_distance_margin	oracle_coords_monotone_log	truth_not_nearest	mean_same_cross_confidence	0.8689297220358778	283982	ORACLE_COORDINATES
057	057A_stratified_truth_distance_margin	oracle_coords_monotone_log	truth_not_nearest	mean_signal_probability	1.0	283982	ORACLE_COORDINATES
057	057A_stratified_truth_distance_margin	oracle_coords_monotone_log	truth_not_nearest	exact_coverage_at_precision_0.55	0.0	283982	ORACLE_COORDINATES
057	057A_stratified_truth_distance_margin	oracle_coords_monotone_log	truth_not_nearest	exact_coverage_at_precision_0.60	0.0	283982	ORACLE_COORDINATES
057	057A_stratified_truth_distance_margin	oracle_coords_monotone_log	truth_not_nearest	exact_coverage_at_precision_0.70	0.0	283982	ORACLE_COORDINATES
057	057A_stratified_truth_distance_margin	oracle_coords_monotone_log	truth_not_nearest	exact_coverage_at_precision_0.80	0.0	283982	ORACLE_COORDINATES
057	057A_stratified_truth_distance_margin	oracle_coords_monotone_log	truth_not_nearest	exact_coverage_at_precision_0.90	0.0	283982	ORACLE_COORDINATES
057	057A_stratified_truth_distance_margin	oracle_coords_monotone_log	truth_not_nearest	same_cross_coverage_at_precision_0.55	1.0	283982	ORACLE_COORDINATES
057	057A_stratified_truth_distance_margin	oracle_coords_monotone_log	truth_not_nearest	same_cross_coverage_at_precision_0.60	1.0	283982	ORACLE_COORDINATES
057	057A_stratified_truth_distance_margin	oracle_coords_monotone_log	truth_not_nearest	same_cross_coverage_at_precision_0.70	1.0	283982	ORACLE_COORDINATES
057	057A_stratified_truth_distance_margin	oracle_coords_monotone_log	truth_not_nearest	same_cross_coverage_at_precision_0.80	1.0	283982	ORACLE_COORDINATES
057	057A_stratified_truth_distance_margin	oracle_coords_monotone_log	truth_not_nearest	same_cross_coverage_at_precision_0.90	0.8241402624109979	283982	ORACLE_COORDINATES
057	057A_stratified_truth_distance_margin	oracle_coords_monotone_log	truth_not_nearest	exact_signal_aware_coverage_at_precision_0.55	0.0	283982	ORACLE_COORDINATES
057	057A_stratified_truth_distance_margin	oracle_coords_monotone_log	truth_not_nearest	exact_signal_aware_coverage_at_precision_0.60	0.0	283982	ORACLE_COORDINATES
057	057A_stratified_truth_distance_margin	oracle_coords_monotone_log	truth_not_nearest	exact_signal_aware_coverage_at_precision_0.70	0.0	283982	ORACLE_COORDINATES
057	057A_stratified_truth_distance_margin	oracle_coords_monotone_log	truth_not_nearest	exact_signal_aware_coverage_at_precision_0.80	0.0	283982	ORACLE_COORDINATES
057	057A_stratified_truth_distance_margin	oracle_coords_monotone_log	truth_not_nearest	exact_signal_aware_coverage_at_precision_0.90	0.0	283982	ORACLE_COORDINATES
057	057A_stratified_truth_distance_margin	oracle_coords_monotone_log	truth_not_nearest	same_cross_signal_aware_coverage_at_precision_0.55	1.0	283982	ORACLE_COORDINATES
057	057A_stratified_truth_distance_margin	oracle_coords_monotone_log	truth_not_nearest	same_cross_signal_aware_coverage_at_precision_0.60	1.0	283982	ORACLE_COORDINATES
057	057A_stratified_truth_distance_margin	oracle_coords_monotone_log	truth_not_nearest	same_cross_signal_aware_coverage_at_precision_0.70	1.0	283982	ORACLE_COORDINATES
057	057A_stratified_truth_distance_margin	oracle_coords_monotone_log	truth_not_nearest	same_cross_signal_aware_coverage_at_precision_0.80	1.0	283982	ORACLE_COORDINATES
057	057A_stratified_truth_distance_margin	oracle_coords_monotone_log	truth_not_nearest	same_cross_signal_aware_coverage_at_precision_0.90	0.8241402624109979	283982	ORACLE_COORDINATES
057	057D_prior_only	prior_uniform_four_state	all	n_contacts	350034	350034	none
057	057D_prior_only	prior_uniform_four_state	all	callable_fraction	1.0	350034	none
057	057D_prior_only	prior_uniform_four_state	all	exact_top1_accuracy	0.41999920007770675	350034	none
057	057D_prior_only	prior_uniform_four_state	all	exact_random_tie_expected_accuracy	0.25	350034	none
057	057D_prior_only	prior_uniform_four_state	all	exact_accuracy_ci95_lower	0.41836503502298	350034	none
057	057D_prior_only	prior_uniform_four_state	all	exact_accuracy_ci95_upper	0.421635121055606	350034	none
057	057D_prior_only	prior_uniform_four_state	all	exact_log_loss	1.3862943611198908	350034	none
057	057D_prior_only	prior_uniform_four_state	all	exact_brier	0.75	350034	none
057	057D_prior_only	prior_uniform_four_state	all	same_cross_accuracy	0.7712907888947931	350034	none
057	057D_prior_only	prior_uniform_four_state	all	same_cross_random_tie_expected_accuracy	0.5	350034	none
057	057D_prior_only	prior_uniform_four_state	all	same_cross_accuracy_ci95_lower	0.7698964421124891	350034	none
057	057D_prior_only	prior_uniform_four_state	all	same_cross_accuracy_ci95_upper	0.7726791811643529	350034	none
057	057D_prior_only	prior_uniform_four_state	all	same_cross_log_loss	0.6931471805599454	350034	none
057	057D_prior_only	prior_uniform_four_state	all	same_cross_brier	0.5	350034	none
057	057D_prior_only	prior_uniform_four_state	all	mean_entropy	1.3862943611198908	350034	none
057	057D_prior_only	prior_uniform_four_state	all	exact_ece	0.16999920007770675	350034	none
057	057D_prior_only	prior_uniform_four_state	all	same_cross_ece	0.2712907888947931	350034	none
057	057D_prior_only	prior_uniform_four_state	all	mean_exact_confidence	0.25	350034	none
057	057D_prior_only	prior_uniform_four_state	all	mean_same_cross_confidence	0.5	350034	none
057	057D_prior_only	prior_uniform_four_state	all	mean_signal_probability	1.0	350034	none
057	057D_prior_only	prior_uniform_four_state	all	exact_coverage_at_precision_0.55	0.0	350034	none
057	057D_prior_only	prior_uniform_four_state	all	exact_coverage_at_precision_0.60	0.0	350034	none
057	057D_prior_only	prior_uniform_four_state	all	exact_coverage_at_precision_0.70	0.0	350034	none
057	057D_prior_only	prior_uniform_four_state	all	exact_coverage_at_precision_0.80	0.0	350034	none
057	057D_prior_only	prior_uniform_four_state	all	exact_coverage_at_precision_0.90	0.0	350034	none
057	057D_prior_only	prior_uniform_four_state	all	same_cross_coverage_at_precision_0.55	1.0	350034	none
057	057D_prior_only	prior_uniform_four_state	all	same_cross_coverage_at_precision_0.60	1.0	350034	none
057	057D_prior_only	prior_uniform_four_state	all	same_cross_coverage_at_precision_0.70	1.0	350034	none
057	057D_prior_only	prior_uniform_four_state	all	same_cross_coverage_at_precision_0.80	0.0	350034	none
057	057D_prior_only	prior_uniform_four_state	all	same_cross_coverage_at_precision_0.90	0.0	350034	none
057	057D_prior_only	prior_uniform_four_state	all	exact_signal_aware_coverage_at_precision_0.55	0.0	350034	none
057	057D_prior_only	prior_uniform_four_state	all	exact_signal_aware_coverage_at_precision_0.60	0.0	350034	none
057	057D_prior_only	prior_uniform_four_state	all	exact_signal_aware_coverage_at_precision_0.70	0.0	350034	none
057	057D_prior_only	prior_uniform_four_state	all	exact_signal_aware_coverage_at_precision_0.80	0.0	350034	none
057	057D_prior_only	prior_uniform_four_state	all	exact_signal_aware_coverage_at_precision_0.90	0.0	350034	none
057	057D_prior_only	prior_uniform_four_state	all	same_cross_signal_aware_coverage_at_precision_0.55	1.0	350034	none
057	057D_prior_only	prior_uniform_four_state	all	same_cross_signal_aware_coverage_at_precision_0.60	1.0	350034	none
057	057D_prior_only	prior_uniform_four_state	all	same_cross_signal_aware_coverage_at_precision_0.70	1.0	350034	none
057	057D_prior_only	prior_uniform_four_state	all	same_cross_signal_aware_coverage_at_precision_0.80	0.0	350034	none
057	057D_prior_only	prior_uniform_four_state	all	same_cross_signal_aware_coverage_at_precision_0.90	0.0	350034	none
057	057D_prior_only	prior_uniform_four_state	cis	n_contacts	206057	206057	none
057	057D_prior_only	prior_uniform_four_state	cis	callable_fraction	1.0	206057	none
057	057D_prior_only	prior_uniform_four_state	cis	exact_top1_accuracy	0.5338911078002688	206057	none
057	057D_prior_only	prior_uniform_four_state	cis	exact_random_tie_expected_accuracy	0.25	206057	none
057	057D_prior_only	prior_uniform_four_state	cis	exact_accuracy_ci95_lower	0.531736601398481	206057	none
057	057D_prior_only	prior_uniform_four_state	cis	exact_accuracy_ci95_upper	0.5360443505821075	206057	none
057	057D_prior_only	prior_uniform_four_state	cis	exact_log_loss	1.3862943611198901	206057	none
057	057D_prior_only	prior_uniform_four_state	cis	exact_brier	0.75	206057	none
057	057D_prior_only	prior_uniform_four_state	cis	same_cross_accuracy	0.974963238327259	206057	none
057	057D_prior_only	prior_uniform_four_state	cis	same_cross_random_tie_expected_accuracy	0.5	206057	none
057	057D_prior_only	prior_uniform_four_state	cis	same_cross_accuracy_ci95_lower	0.9742797456416219	206057	none
057	057D_prior_only	prior_uniform_four_state	cis	same_cross_accuracy_ci95_upper	0.9756290221487716	206057	none
057	057D_prior_only	prior_uniform_four_state	cis	same_cross_log_loss	0.6931471805599451	206057	none
057	057D_prior_only	prior_uniform_four_state	cis	same_cross_brier	0.5	206057	none
057	057D_prior_only	prior_uniform_four_state	cis	mean_entropy	1.3862943611198901	206057	none
057	057D_prior_only	prior_uniform_four_state	cis	exact_ece	0.2838911078002688	206057	none
057	057D_prior_only	prior_uniform_four_state	cis	same_cross_ece	0.47496323832725895	206057	none
057	057D_prior_only	prior_uniform_four_state	cis	mean_exact_confidence	0.25	206057	none
057	057D_prior_only	prior_uniform_four_state	cis	mean_same_cross_confidence	0.5	206057	none
057	057D_prior_only	prior_uniform_four_state	cis	mean_signal_probability	1.0	206057	none
057	057D_prior_only	prior_uniform_four_state	cis	exact_coverage_at_precision_0.55	0.0	206057	none
057	057D_prior_only	prior_uniform_four_state	cis	exact_coverage_at_precision_0.60	0.0	206057	none
057	057D_prior_only	prior_uniform_four_state	cis	exact_coverage_at_precision_0.70	0.0	206057	none
057	057D_prior_only	prior_uniform_four_state	cis	exact_coverage_at_precision_0.80	0.0	206057	none
057	057D_prior_only	prior_uniform_four_state	cis	exact_coverage_at_precision_0.90	0.0	206057	none
057	057D_prior_only	prior_uniform_four_state	cis	same_cross_coverage_at_precision_0.55	1.0	206057	none
057	057D_prior_only	prior_uniform_four_state	cis	same_cross_coverage_at_precision_0.60	1.0	206057	none
057	057D_prior_only	prior_uniform_four_state	cis	same_cross_coverage_at_precision_0.70	1.0	206057	none
057	057D_prior_only	prior_uniform_four_state	cis	same_cross_coverage_at_precision_0.80	1.0	206057	none
057	057D_prior_only	prior_uniform_four_state	cis	same_cross_coverage_at_precision_0.90	1.0	206057	none
057	057D_prior_only	prior_uniform_four_state	cis	exact_signal_aware_coverage_at_precision_0.55	0.0	206057	none
057	057D_prior_only	prior_uniform_four_state	cis	exact_signal_aware_coverage_at_precision_0.60	0.0	206057	none
057	057D_prior_only	prior_uniform_four_state	cis	exact_signal_aware_coverage_at_precision_0.70	0.0	206057	none
057	057D_prior_only	prior_uniform_four_state	cis	exact_signal_aware_coverage_at_precision_0.80	0.0	206057	none
057	057D_prior_only	prior_uniform_four_state	cis	exact_signal_aware_coverage_at_precision_0.90	0.0	206057	none
057	057D_prior_only	prior_uniform_four_state	cis	same_cross_signal_aware_coverage_at_precision_0.55	1.0	206057	none
057	057D_prior_only	prior_uniform_four_state	cis	same_cross_signal_aware_coverage_at_precision_0.60	1.0	206057	none
057	057D_prior_only	prior_uniform_four_state	cis	same_cross_signal_aware_coverage_at_precision_0.70	1.0	206057	none
057	057D_prior_only	prior_uniform_four_state	cis	same_cross_signal_aware_coverage_at_precision_0.80	1.0	206057	none
057	057D_prior_only	prior_uniform_four_state	cis	same_cross_signal_aware_coverage_at_precision_0.90	1.0	206057	none
057	057D_prior_only	prior_uniform_four_state	trans	n_contacts	143977	143977	none
057	057D_prior_only	prior_uniform_four_state	trans	callable_fraction	1.0	143977	none
057	057D_prior_only	prior_uniform_four_state	trans	exact_top1_accuracy	0.25699938184571147	143977	none
057	057D_prior_only	prior_uniform_four_state	trans	exact_random_tie_expected_accuracy	0.25	143977	none
057	057D_prior_only	prior_uniform_four_state	trans	exact_accuracy_ci95_lower	0.25474872696070366	143977	none
057	057D_prior_only	prior_uniform_four_state	trans	exact_accuracy_ci95_upper	0.25926300341237757	143977	none
057	057D_prior_only	prior_uniform_four_state	trans	exact_log_loss	1.3862943611198906	143977	none
057	057D_prior_only	prior_uniform_four_state	trans	exact_brier	0.75	143977	none
057	057D_prior_only	prior_uniform_four_state	trans	same_cross_accuracy	0.4797988567618439	143977	none
057	057D_prior_only	prior_uniform_four_state	trans	same_cross_random_tie_expected_accuracy	0.5	143977	none
057	057D_prior_only	prior_uniform_four_state	trans	same_cross_accuracy_ci95_lower	0.47721885331652847	143977	none
057	057D_prior_only	prior_uniform_four_state	trans	same_cross_accuracy_ci95_upper	0.4823799381541848	143977	none
057	057D_prior_only	prior_uniform_four_state	trans	same_cross_log_loss	0.6931471805599453	143977	none
057	057D_prior_only	prior_uniform_four_state	trans	same_cross_brier	0.5	143977	none
057	057D_prior_only	prior_uniform_four_state	trans	mean_entropy	1.3862943611198906	143977	none
057	057D_prior_only	prior_uniform_four_state	trans	exact_ece	0.006999381845711472	143977	none
057	057D_prior_only	prior_uniform_four_state	trans	same_cross_ece	0.020201143238156083	143977	none
057	057D_prior_only	prior_uniform_four_state	trans	mean_exact_confidence	0.25	143977	none
057	057D_prior_only	prior_uniform_four_state	trans	mean_same_cross_confidence	0.5	143977	none
057	057D_prior_only	prior_uniform_four_state	trans	mean_signal_probability	1.0	143977	none
057	057D_prior_only	prior_uniform_four_state	trans	exact_coverage_at_precision_0.55	0.0	143977	none
057	057D_prior_only	prior_uniform_four_state	trans	exact_coverage_at_precision_0.60	0.0	143977	none
057	057D_prior_only	prior_uniform_four_state	trans	exact_coverage_at_precision_0.70	0.0	143977	none
057	057D_prior_only	prior_uniform_four_state	trans	exact_coverage_at_precision_0.80	0.0	143977	none
057	057D_prior_only	prior_uniform_four_state	trans	exact_coverage_at_precision_0.90	0.0	143977	none
057	057D_prior_only	prior_uniform_four_state	trans	same_cross_coverage_at_precision_0.55	0.0	143977	none
057	057D_prior_only	prior_uniform_four_state	trans	same_cross_coverage_at_precision_0.60	0.0	143977	none
057	057D_prior_only	prior_uniform_four_state	trans	same_cross_coverage_at_precision_0.70	0.0	143977	none
057	057D_prior_only	prior_uniform_four_state	trans	same_cross_coverage_at_precision_0.80	0.0	143977	none
057	057D_prior_only	prior_uniform_four_state	trans	same_cross_coverage_at_precision_0.90	0.0	143977	none
057	057D_prior_only	prior_uniform_four_state	trans	exact_signal_aware_coverage_at_precision_0.55	0.0	143977	none
057	057D_prior_only	prior_uniform_four_state	trans	exact_signal_aware_coverage_at_precision_0.60	0.0	143977	none
057	057D_prior_only	prior_uniform_four_state	trans	exact_signal_aware_coverage_at_precision_0.70	0.0	143977	none
057	057D_prior_only	prior_uniform_four_state	trans	exact_signal_aware_coverage_at_precision_0.80	0.0	143977	none
057	057D_prior_only	prior_uniform_four_state	trans	exact_signal_aware_coverage_at_precision_0.90	0.0	143977	none
057	057D_prior_only	prior_uniform_four_state	trans	same_cross_signal_aware_coverage_at_precision_0.55	0.0	143977	none
057	057D_prior_only	prior_uniform_four_state	trans	same_cross_signal_aware_coverage_at_precision_0.60	0.0	143977	none
057	057D_prior_only	prior_uniform_four_state	trans	same_cross_signal_aware_coverage_at_precision_0.70	0.0	143977	none
057	057D_prior_only	prior_uniform_four_state	trans	same_cross_signal_aware_coverage_at_precision_0.80	0.0	143977	none
057	057D_prior_only	prior_uniform_four_state	trans	same_cross_signal_aware_coverage_at_precision_0.90	0.0	143977	none
057	057D_prior_only	prior_cis_same_cross_configured_0p9	all	n_contacts	350034	350034	none
057	057D_prior_only	prior_cis_same_cross_configured_0p9	all	callable_fraction	1.0	350034	none
057	057D_prior_only	prior_cis_same_cross_configured_0p9	all	exact_top1_accuracy	0.41999920007770675	350034	none
057	057D_prior_only	prior_cis_same_cross_configured_0p9	all	exact_random_tie_expected_accuracy	0.3897999908580309	350034	none
057	057D_prior_only	prior_cis_same_cross_configured_0p9	all	exact_accuracy_ci95_lower	0.41836503502298	350034	none
057	057D_prior_only	prior_cis_same_cross_configured_0p9	all	exact_accuracy_ci95_upper	0.421635121055606	350034	none
057	057D_prior_only	prior_cis_same_cross_configured_0p9	all	exact_log_loss	1.072661756243626	350034	none
057	057D_prior_only	prior_cis_same_cross_configured_0p9	all	exact_brier	0.6205083506173685	350034	none
057	057D_prior_only	prior_cis_same_cross_configured_0p9	all	same_cross_accuracy	0.7712907888947931	350034	none
057	057D_prior_only	prior_cis_same_cross_configured_0p9	all	same_cross_random_tie_expected_accuracy	0.7795999817160618	350034	none
057	057D_prior_only	prior_cis_same_cross_configured_0p9	all	same_cross_accuracy_ci95_lower	0.7698964421124891	350034	none
057	057D_prior_only	prior_cis_same_cross_configured_0p9	all	same_cross_accuracy_ci95_upper	0.7726791811643529	350034	none
057	057D_prior_only	prior_cis_same_cross_configured_0p9	all	same_cross_log_loss	0.3795145756836808	350034	none
057	057D_prior_only	prior_cis_same_cross_configured_0p9	all	same_cross_brier	0.24101670123473723	350034	none
057	057D_prior_only	prior_cis_same_cross_configured_0p9	all	mean_entropy	1.1696233910526426	350034	none
057	057D_prior_only	prior_cis_same_cross_configured_0p9	all	exact_ece	0.052263780089934	350034	none
057	057D_prior_only	prior_cis_same_cross_configured_0p9	all	same_cross_ece	0.052438334561785205	350034	none
057	057D_prior_only	prior_cis_same_cross_configured_0p9	all	mean_exact_confidence	0.3677354199877727	350034	none
057	057D_prior_only	prior_cis_same_cross_configured_0p9	all	mean_same_cross_confidence	0.7354708399755454	350034	none
057	057D_prior_only	prior_cis_same_cross_configured_0p9	all	mean_signal_probability	1.0	350034	none
057	057D_prior_only	prior_cis_same_cross_configured_0p9	all	exact_coverage_at_precision_0.55	0.0	350034	none
057	057D_prior_only	prior_cis_same_cross_configured_0p9	all	exact_coverage_at_precision_0.60	0.0	350034	none
057	057D_prior_only	prior_cis_same_cross_configured_0p9	all	exact_coverage_at_precision_0.70	0.0	350034	none
057	057D_prior_only	prior_cis_same_cross_configured_0p9	all	exact_coverage_at_precision_0.80	0.0	350034	none
057	057D_prior_only	prior_cis_same_cross_configured_0p9	all	exact_coverage_at_precision_0.90	0.0	350034	none
057	057D_prior_only	prior_cis_same_cross_configured_0p9	all	same_cross_coverage_at_precision_0.55	1.0	350034	none
057	057D_prior_only	prior_cis_same_cross_configured_0p9	all	same_cross_coverage_at_precision_0.60	1.0	350034	none
057	057D_prior_only	prior_cis_same_cross_configured_0p9	all	same_cross_coverage_at_precision_0.70	1.0	350034	none
057	057D_prior_only	prior_cis_same_cross_configured_0p9	all	same_cross_coverage_at_precision_0.80	0.5886770999388631	350034	none
057	057D_prior_only	prior_cis_same_cross_configured_0p9	all	same_cross_coverage_at_precision_0.90	0.5886770999388631	350034	none
057	057D_prior_only	prior_cis_same_cross_configured_0p9	all	exact_signal_aware_coverage_at_precision_0.55	0.0	350034	none
057	057D_prior_only	prior_cis_same_cross_configured_0p9	all	exact_signal_aware_coverage_at_precision_0.60	0.0	350034	none
057	057D_prior_only	prior_cis_same_cross_configured_0p9	all	exact_signal_aware_coverage_at_precision_0.70	0.0	350034	none
057	057D_prior_only	prior_cis_same_cross_configured_0p9	all	exact_signal_aware_coverage_at_precision_0.80	0.0	350034	none
057	057D_prior_only	prior_cis_same_cross_configured_0p9	all	exact_signal_aware_coverage_at_precision_0.90	0.0	350034	none
057	057D_prior_only	prior_cis_same_cross_configured_0p9	all	same_cross_signal_aware_coverage_at_precision_0.55	1.0	350034	none
057	057D_prior_only	prior_cis_same_cross_configured_0p9	all	same_cross_signal_aware_coverage_at_precision_0.60	1.0	350034	none
057	057D_prior_only	prior_cis_same_cross_configured_0p9	all	same_cross_signal_aware_coverage_at_precision_0.70	1.0	350034	none
057	057D_prior_only	prior_cis_same_cross_configured_0p9	all	same_cross_signal_aware_coverage_at_precision_0.80	0.5886770999388631	350034	none
057	057D_prior_only	prior_cis_same_cross_configured_0p9	all	same_cross_signal_aware_coverage_at_precision_0.90	0.5886770999388631	350034	none
057	057D_prior_only	prior_cis_same_cross_configured_0p9	cis	n_contacts	206057	206057	none
057	057D_prior_only	prior_cis_same_cross_configured_0p9	cis	callable_fraction	1.0	206057	none
057	057D_prior_only	prior_cis_same_cross_configured_0p9	cis	exact_top1_accuracy	0.5338911078002688	206057	none
057	057D_prior_only	prior_cis_same_cross_configured_0p9	cis	exact_random_tie_expected_accuracy	0.4874816191636295	206057	none
057	057D_prior_only	prior_cis_same_cross_configured_0p9	cis	exact_accuracy_ci95_lower	0.531736601398481	206057	none
057	057D_prior_only	prior_cis_same_cross_configured_0p9	cis	exact_accuracy_ci95_upper	0.5360443505821075	206057	none
057	057D_prior_only	prior_cis_same_cross_configured_0p9	cis	exact_log_loss	0.8535190843020277	206057	none
057	057D_prior_only	prior_cis_same_cross_configured_0p9	cis	exact_brier	0.5300294093381928	206057	none
057	057D_prior_only	prior_cis_same_cross_configured_0p9	cis	same_cross_accuracy	0.974963238327259	206057	none
057	057D_prior_only	prior_cis_same_cross_configured_0p9	cis	same_cross_random_tie_expected_accuracy	0.974963238327259	206057	none
057	057D_prior_only	prior_cis_same_cross_configured_0p9	cis	same_cross_accuracy_ci95_lower	0.9742797456416219	206057	none
057	057D_prior_only	prior_cis_same_cross_configured_0p9	cis	same_cross_accuracy_ci95_upper	0.9756290221487716	206057	none
057	057D_prior_only	prior_cis_same_cross_configured_0p9	cis	same_cross_log_loss	0.1603719037420824	206057	none
057	057D_prior_only	prior_cis_same_cross_configured_0p9	cis	same_cross_brier	0.060058818676385656	206057	none
057	057D_prior_only	prior_cis_same_cross_configured_0p9	cis	mean_entropy	1.0182301539513936	206057	none
057	057D_prior_only	prior_cis_same_cross_configured_0p9	cis	exact_ece	0.08389110780026865	206057	none
057	057D_prior_only	prior_cis_same_cross_configured_0p9	cis	same_cross_ece	0.0749632383272586	206057	none
057	057D_prior_only	prior_cis_same_cross_configured_0p9	cis	mean_exact_confidence	0.4500000000000002	206057	none
057	057D_prior_only	prior_cis_same_cross_configured_0p9	cis	mean_same_cross_confidence	0.9000000000000004	206057	none
057	057D_prior_only	prior_cis_same_cross_configured_0p9	cis	mean_signal_probability	1.0	206057	none
057	057D_prior_only	prior_cis_same_cross_configured_0p9	cis	exact_coverage_at_precision_0.55	0.0	206057	none
057	057D_prior_only	prior_cis_same_cross_configured_0p9	cis	exact_coverage_at_precision_0.60	0.0	206057	none
057	057D_prior_only	prior_cis_same_cross_configured_0p9	cis	exact_coverage_at_precision_0.70	0.0	206057	none
057	057D_prior_only	prior_cis_same_cross_configured_0p9	cis	exact_coverage_at_precision_0.80	0.0	206057	none
057	057D_prior_only	prior_cis_same_cross_configured_0p9	cis	exact_coverage_at_precision_0.90	0.0	206057	none
057	057D_prior_only	prior_cis_same_cross_configured_0p9	cis	same_cross_coverage_at_precision_0.55	1.0	206057	none
057	057D_prior_only	prior_cis_same_cross_configured_0p9	cis	same_cross_coverage_at_precision_0.60	1.0	206057	none
057	057D_prior_only	prior_cis_same_cross_configured_0p9	cis	same_cross_coverage_at_precision_0.70	1.0	206057	none
057	057D_prior_only	prior_cis_same_cross_configured_0p9	cis	same_cross_coverage_at_precision_0.80	1.0	206057	none
057	057D_prior_only	prior_cis_same_cross_configured_0p9	cis	same_cross_coverage_at_precision_0.90	1.0	206057	none
057	057D_prior_only	prior_cis_same_cross_configured_0p9	cis	exact_signal_aware_coverage_at_precision_0.55	0.0	206057	none
057	057D_prior_only	prior_cis_same_cross_configured_0p9	cis	exact_signal_aware_coverage_at_precision_0.60	0.0	206057	none
057	057D_prior_only	prior_cis_same_cross_configured_0p9	cis	exact_signal_aware_coverage_at_precision_0.70	0.0	206057	none
057	057D_prior_only	prior_cis_same_cross_configured_0p9	cis	exact_signal_aware_coverage_at_precision_0.80	0.0	206057	none
057	057D_prior_only	prior_cis_same_cross_configured_0p9	cis	exact_signal_aware_coverage_at_precision_0.90	0.0	206057	none
057	057D_prior_only	prior_cis_same_cross_configured_0p9	cis	same_cross_signal_aware_coverage_at_precision_0.55	1.0	206057	none
057	057D_prior_only	prior_cis_same_cross_configured_0p9	cis	same_cross_signal_aware_coverage_at_precision_0.60	1.0	206057	none
057	057D_prior_only	prior_cis_same_cross_configured_0p9	cis	same_cross_signal_aware_coverage_at_precision_0.70	1.0	206057	none
057	057D_prior_only	prior_cis_same_cross_configured_0p9	cis	same_cross_signal_aware_coverage_at_precision_0.80	1.0	206057	none
057	057D_prior_only	prior_cis_same_cross_configured_0p9	cis	same_cross_signal_aware_coverage_at_precision_0.90	1.0	206057	none
057	057D_prior_only	prior_cis_same_cross_configured_0p9	trans	n_contacts	143977	143977	none
057	057D_prior_only	prior_cis_same_cross_configured_0p9	trans	callable_fraction	1.0	143977	none
057	057D_prior_only	prior_cis_same_cross_configured_0p9	trans	exact_top1_accuracy	0.25699938184571147	143977	none
057	057D_prior_only	prior_cis_same_cross_configured_0p9	trans	exact_random_tie_expected_accuracy	0.25	143977	none
057	057D_prior_only	prior_cis_same_cross_configured_0p9	trans	exact_accuracy_ci95_lower	0.25474872696070366	143977	none
057	057D_prior_only	prior_cis_same_cross_configured_0p9	trans	exact_accuracy_ci95_upper	0.25926300341237757	143977	none
057	057D_prior_only	prior_cis_same_cross_configured_0p9	trans	exact_log_loss	1.3862943611198906	143977	none
057	057D_prior_only	prior_cis_same_cross_configured_0p9	trans	exact_brier	0.75	143977	none
057	057D_prior_only	prior_cis_same_cross_configured_0p9	trans	same_cross_accuracy	0.4797988567618439	143977	none
057	057D_prior_only	prior_cis_same_cross_configured_0p9	trans	same_cross_random_tie_expected_accuracy	0.5	143977	none
057	057D_prior_only	prior_cis_same_cross_configured_0p9	trans	same_cross_accuracy_ci95_lower	0.47721885331652847	143977	none
057	057D_prior_only	prior_cis_same_cross_configured_0p9	trans	same_cross_accuracy_ci95_upper	0.4823799381541848	143977	none
057	057D_prior_only	prior_cis_same_cross_configured_0p9	trans	same_cross_log_loss	0.6931471805599453	143977	none
057	057D_prior_only	prior_cis_same_cross_configured_0p9	trans	same_cross_brier	0.5	143977	none
057	057D_prior_only	prior_cis_same_cross_configured_0p9	trans	mean_entropy	1.3862943611198906	143977	none
057	057D_prior_only	prior_cis_same_cross_configured_0p9	trans	exact_ece	0.006999381845711472	143977	none
057	057D_prior_only	prior_cis_same_cross_configured_0p9	trans	same_cross_ece	0.020201143238156083	143977	none
057	057D_prior_only	prior_cis_same_cross_configured_0p9	trans	mean_exact_confidence	0.25	143977	none
057	057D_prior_only	prior_cis_same_cross_configured_0p9	trans	mean_same_cross_confidence	0.5	143977	none
057	057D_prior_only	prior_cis_same_cross_configured_0p9	trans	mean_signal_probability	1.0	143977	none
057	057D_prior_only	prior_cis_same_cross_configured_0p9	trans	exact_coverage_at_precision_0.55	0.0	143977	none
057	057D_prior_only	prior_cis_same_cross_configured_0p9	trans	exact_coverage_at_precision_0.60	0.0	143977	none
057	057D_prior_only	prior_cis_same_cross_configured_0p9	trans	exact_coverage_at_precision_0.70	0.0	143977	none
057	057D_prior_only	prior_cis_same_cross_configured_0p9	trans	exact_coverage_at_precision_0.80	0.0	143977	none
057	057D_prior_only	prior_cis_same_cross_configured_0p9	trans	exact_coverage_at_precision_0.90	0.0	143977	none
057	057D_prior_only	prior_cis_same_cross_configured_0p9	trans	same_cross_coverage_at_precision_0.55	0.0	143977	none
057	057D_prior_only	prior_cis_same_cross_configured_0p9	trans	same_cross_coverage_at_precision_0.60	0.0	143977	none
057	057D_prior_only	prior_cis_same_cross_configured_0p9	trans	same_cross_coverage_at_precision_0.70	0.0	143977	none
057	057D_prior_only	prior_cis_same_cross_configured_0p9	trans	same_cross_coverage_at_precision_0.80	0.0	143977	none
057	057D_prior_only	prior_cis_same_cross_configured_0p9	trans	same_cross_coverage_at_precision_0.90	0.0	143977	none
057	057D_prior_only	prior_cis_same_cross_configured_0p9	trans	exact_signal_aware_coverage_at_precision_0.55	0.0	143977	none
057	057D_prior_only	prior_cis_same_cross_configured_0p9	trans	exact_signal_aware_coverage_at_precision_0.60	0.0	143977	none
057	057D_prior_only	prior_cis_same_cross_configured_0p9	trans	exact_signal_aware_coverage_at_precision_0.70	0.0	143977	none
057	057D_prior_only	prior_cis_same_cross_configured_0p9	trans	exact_signal_aware_coverage_at_precision_0.80	0.0	143977	none
057	057D_prior_only	prior_cis_same_cross_configured_0p9	trans	exact_signal_aware_coverage_at_precision_0.90	0.0	143977	none
057	057D_prior_only	prior_cis_same_cross_configured_0p9	trans	same_cross_signal_aware_coverage_at_precision_0.55	0.0	143977	none
057	057D_prior_only	prior_cis_same_cross_configured_0p9	trans	same_cross_signal_aware_coverage_at_precision_0.60	0.0	143977	none
057	057D_prior_only	prior_cis_same_cross_configured_0p9	trans	same_cross_signal_aware_coverage_at_precision_0.70	0.0	143977	none
057	057D_prior_only	prior_cis_same_cross_configured_0p9	trans	same_cross_signal_aware_coverage_at_precision_0.80	0.0	143977	none
057	057D_prior_only	prior_cis_same_cross_configured_0p9	trans	same_cross_signal_aware_coverage_at_precision_0.90	0.0	143977	none
057	057D_prior_only	prior_chromosome_pair_unlabeled_gauge_symmetric	all	n_contacts	350034	350034	none
057	057D_prior_only	prior_chromosome_pair_unlabeled_gauge_symmetric	all	callable_fraction	1.0	350034	none
057	057D_prior_only	prior_chromosome_pair_unlabeled_gauge_symmetric	all	exact_top1_accuracy	0.41999920007770675	350034	none
057	057D_prior_only	prior_chromosome_pair_unlabeled_gauge_symmetric	all	exact_random_tie_expected_accuracy	0.25	350034	none
057	057D_prior_only	prior_chromosome_pair_unlabeled_gauge_symmetric	all	exact_accuracy_ci95_lower	0.41836503502298	350034	none
057	057D_prior_only	prior_chromosome_pair_unlabeled_gauge_symmetric	all	exact_accuracy_ci95_upper	0.421635121055606	350034	none
057	057D_prior_only	prior_chromosome_pair_unlabeled_gauge_symmetric	all	exact_log_loss	1.3862943611198908	350034	none
057	057D_prior_only	prior_chromosome_pair_unlabeled_gauge_symmetric	all	exact_brier	0.75	350034	none
057	057D_prior_only	prior_chromosome_pair_unlabeled_gauge_symmetric	all	same_cross_accuracy	0.7712907888947931	350034	none
057	057D_prior_only	prior_chromosome_pair_unlabeled_gauge_symmetric	all	same_cross_random_tie_expected_accuracy	0.5	350034	none
057	057D_prior_only	prior_chromosome_pair_unlabeled_gauge_symmetric	all	same_cross_accuracy_ci95_lower	0.7698964421124891	350034	none
057	057D_prior_only	prior_chromosome_pair_unlabeled_gauge_symmetric	all	same_cross_accuracy_ci95_upper	0.7726791811643529	350034	none
057	057D_prior_only	prior_chromosome_pair_unlabeled_gauge_symmetric	all	same_cross_log_loss	0.6931471805599454	350034	none
057	057D_prior_only	prior_chromosome_pair_unlabeled_gauge_symmetric	all	same_cross_brier	0.5	350034	none
057	057D_prior_only	prior_chromosome_pair_unlabeled_gauge_symmetric	all	mean_entropy	1.3862943611198908	350034	none
057	057D_prior_only	prior_chromosome_pair_unlabeled_gauge_symmetric	all	exact_ece	0.16999920007770675	350034	none
057	057D_prior_only	prior_chromosome_pair_unlabeled_gauge_symmetric	all	same_cross_ece	0.2712907888947931	350034	none
057	057D_prior_only	prior_chromosome_pair_unlabeled_gauge_symmetric	all	mean_exact_confidence	0.25	350034	none
057	057D_prior_only	prior_chromosome_pair_unlabeled_gauge_symmetric	all	mean_same_cross_confidence	0.5	350034	none
057	057D_prior_only	prior_chromosome_pair_unlabeled_gauge_symmetric	all	mean_signal_probability	1.0	350034	none
057	057D_prior_only	prior_chromosome_pair_unlabeled_gauge_symmetric	all	exact_coverage_at_precision_0.55	0.0	350034	none
057	057D_prior_only	prior_chromosome_pair_unlabeled_gauge_symmetric	all	exact_coverage_at_precision_0.60	0.0	350034	none
057	057D_prior_only	prior_chromosome_pair_unlabeled_gauge_symmetric	all	exact_coverage_at_precision_0.70	0.0	350034	none
057	057D_prior_only	prior_chromosome_pair_unlabeled_gauge_symmetric	all	exact_coverage_at_precision_0.80	0.0	350034	none
057	057D_prior_only	prior_chromosome_pair_unlabeled_gauge_symmetric	all	exact_coverage_at_precision_0.90	0.0	350034	none
057	057D_prior_only	prior_chromosome_pair_unlabeled_gauge_symmetric	all	same_cross_coverage_at_precision_0.55	1.0	350034	none
057	057D_prior_only	prior_chromosome_pair_unlabeled_gauge_symmetric	all	same_cross_coverage_at_precision_0.60	1.0	350034	none
057	057D_prior_only	prior_chromosome_pair_unlabeled_gauge_symmetric	all	same_cross_coverage_at_precision_0.70	1.0	350034	none
057	057D_prior_only	prior_chromosome_pair_unlabeled_gauge_symmetric	all	same_cross_coverage_at_precision_0.80	0.0	350034	none
057	057D_prior_only	prior_chromosome_pair_unlabeled_gauge_symmetric	all	same_cross_coverage_at_precision_0.90	0.0	350034	none
057	057D_prior_only	prior_chromosome_pair_unlabeled_gauge_symmetric	all	exact_signal_aware_coverage_at_precision_0.55	0.0	350034	none
057	057D_prior_only	prior_chromosome_pair_unlabeled_gauge_symmetric	all	exact_signal_aware_coverage_at_precision_0.60	0.0	350034	none
057	057D_prior_only	prior_chromosome_pair_unlabeled_gauge_symmetric	all	exact_signal_aware_coverage_at_precision_0.70	0.0	350034	none
057	057D_prior_only	prior_chromosome_pair_unlabeled_gauge_symmetric	all	exact_signal_aware_coverage_at_precision_0.80	0.0	350034	none
057	057D_prior_only	prior_chromosome_pair_unlabeled_gauge_symmetric	all	exact_signal_aware_coverage_at_precision_0.90	0.0	350034	none
057	057D_prior_only	prior_chromosome_pair_unlabeled_gauge_symmetric	all	same_cross_signal_aware_coverage_at_precision_0.55	1.0	350034	none
057	057D_prior_only	prior_chromosome_pair_unlabeled_gauge_symmetric	all	same_cross_signal_aware_coverage_at_precision_0.60	1.0	350034	none
057	057D_prior_only	prior_chromosome_pair_unlabeled_gauge_symmetric	all	same_cross_signal_aware_coverage_at_precision_0.70	1.0	350034	none
057	057D_prior_only	prior_chromosome_pair_unlabeled_gauge_symmetric	all	same_cross_signal_aware_coverage_at_precision_0.80	0.0	350034	none
057	057D_prior_only	prior_chromosome_pair_unlabeled_gauge_symmetric	all	same_cross_signal_aware_coverage_at_precision_0.90	0.0	350034	none
057	057D_prior_only	prior_chromosome_pair_unlabeled_gauge_symmetric	cis	n_contacts	206057	206057	none
057	057D_prior_only	prior_chromosome_pair_unlabeled_gauge_symmetric	cis	callable_fraction	1.0	206057	none
057	057D_prior_only	prior_chromosome_pair_unlabeled_gauge_symmetric	cis	exact_top1_accuracy	0.5338911078002688	206057	none
057	057D_prior_only	prior_chromosome_pair_unlabeled_gauge_symmetric	cis	exact_random_tie_expected_accuracy	0.25	206057	none
057	057D_prior_only	prior_chromosome_pair_unlabeled_gauge_symmetric	cis	exact_accuracy_ci95_lower	0.531736601398481	206057	none
057	057D_prior_only	prior_chromosome_pair_unlabeled_gauge_symmetric	cis	exact_accuracy_ci95_upper	0.5360443505821075	206057	none
057	057D_prior_only	prior_chromosome_pair_unlabeled_gauge_symmetric	cis	exact_log_loss	1.3862943611198901	206057	none
057	057D_prior_only	prior_chromosome_pair_unlabeled_gauge_symmetric	cis	exact_brier	0.75	206057	none
057	057D_prior_only	prior_chromosome_pair_unlabeled_gauge_symmetric	cis	same_cross_accuracy	0.974963238327259	206057	none
057	057D_prior_only	prior_chromosome_pair_unlabeled_gauge_symmetric	cis	same_cross_random_tie_expected_accuracy	0.5	206057	none
057	057D_prior_only	prior_chromosome_pair_unlabeled_gauge_symmetric	cis	same_cross_accuracy_ci95_lower	0.9742797456416219	206057	none
057	057D_prior_only	prior_chromosome_pair_unlabeled_gauge_symmetric	cis	same_cross_accuracy_ci95_upper	0.9756290221487716	206057	none
057	057D_prior_only	prior_chromosome_pair_unlabeled_gauge_symmetric	cis	same_cross_log_loss	0.6931471805599451	206057	none
057	057D_prior_only	prior_chromosome_pair_unlabeled_gauge_symmetric	cis	same_cross_brier	0.5	206057	none
057	057D_prior_only	prior_chromosome_pair_unlabeled_gauge_symmetric	cis	mean_entropy	1.3862943611198901	206057	none
057	057D_prior_only	prior_chromosome_pair_unlabeled_gauge_symmetric	cis	exact_ece	0.2838911078002688	206057	none
057	057D_prior_only	prior_chromosome_pair_unlabeled_gauge_symmetric	cis	same_cross_ece	0.47496323832725895	206057	none
057	057D_prior_only	prior_chromosome_pair_unlabeled_gauge_symmetric	cis	mean_exact_confidence	0.25	206057	none
057	057D_prior_only	prior_chromosome_pair_unlabeled_gauge_symmetric	cis	mean_same_cross_confidence	0.5	206057	none
057	057D_prior_only	prior_chromosome_pair_unlabeled_gauge_symmetric	cis	mean_signal_probability	1.0	206057	none
057	057D_prior_only	prior_chromosome_pair_unlabeled_gauge_symmetric	cis	exact_coverage_at_precision_0.55	0.0	206057	none
057	057D_prior_only	prior_chromosome_pair_unlabeled_gauge_symmetric	cis	exact_coverage_at_precision_0.60	0.0	206057	none
057	057D_prior_only	prior_chromosome_pair_unlabeled_gauge_symmetric	cis	exact_coverage_at_precision_0.70	0.0	206057	none
057	057D_prior_only	prior_chromosome_pair_unlabeled_gauge_symmetric	cis	exact_coverage_at_precision_0.80	0.0	206057	none
057	057D_prior_only	prior_chromosome_pair_unlabeled_gauge_symmetric	cis	exact_coverage_at_precision_0.90	0.0	206057	none
057	057D_prior_only	prior_chromosome_pair_unlabeled_gauge_symmetric	cis	same_cross_coverage_at_precision_0.55	1.0	206057	none
057	057D_prior_only	prior_chromosome_pair_unlabeled_gauge_symmetric	cis	same_cross_coverage_at_precision_0.60	1.0	206057	none
057	057D_prior_only	prior_chromosome_pair_unlabeled_gauge_symmetric	cis	same_cross_coverage_at_precision_0.70	1.0	206057	none
057	057D_prior_only	prior_chromosome_pair_unlabeled_gauge_symmetric	cis	same_cross_coverage_at_precision_0.80	1.0	206057	none
057	057D_prior_only	prior_chromosome_pair_unlabeled_gauge_symmetric	cis	same_cross_coverage_at_precision_0.90	1.0	206057	none
057	057D_prior_only	prior_chromosome_pair_unlabeled_gauge_symmetric	cis	exact_signal_aware_coverage_at_precision_0.55	0.0	206057	none
057	057D_prior_only	prior_chromosome_pair_unlabeled_gauge_symmetric	cis	exact_signal_aware_coverage_at_precision_0.60	0.0	206057	none
057	057D_prior_only	prior_chromosome_pair_unlabeled_gauge_symmetric	cis	exact_signal_aware_coverage_at_precision_0.70	0.0	206057	none
057	057D_prior_only	prior_chromosome_pair_unlabeled_gauge_symmetric	cis	exact_signal_aware_coverage_at_precision_0.80	0.0	206057	none
057	057D_prior_only	prior_chromosome_pair_unlabeled_gauge_symmetric	cis	exact_signal_aware_coverage_at_precision_0.90	0.0	206057	none
057	057D_prior_only	prior_chromosome_pair_unlabeled_gauge_symmetric	cis	same_cross_signal_aware_coverage_at_precision_0.55	1.0	206057	none
057	057D_prior_only	prior_chromosome_pair_unlabeled_gauge_symmetric	cis	same_cross_signal_aware_coverage_at_precision_0.60	1.0	206057	none
057	057D_prior_only	prior_chromosome_pair_unlabeled_gauge_symmetric	cis	same_cross_signal_aware_coverage_at_precision_0.70	1.0	206057	none
057	057D_prior_only	prior_chromosome_pair_unlabeled_gauge_symmetric	cis	same_cross_signal_aware_coverage_at_precision_0.80	1.0	206057	none
057	057D_prior_only	prior_chromosome_pair_unlabeled_gauge_symmetric	cis	same_cross_signal_aware_coverage_at_precision_0.90	1.0	206057	none
057	057D_prior_only	prior_chromosome_pair_unlabeled_gauge_symmetric	trans	n_contacts	143977	143977	none
057	057D_prior_only	prior_chromosome_pair_unlabeled_gauge_symmetric	trans	callable_fraction	1.0	143977	none
057	057D_prior_only	prior_chromosome_pair_unlabeled_gauge_symmetric	trans	exact_top1_accuracy	0.25699938184571147	143977	none
057	057D_prior_only	prior_chromosome_pair_unlabeled_gauge_symmetric	trans	exact_random_tie_expected_accuracy	0.25	143977	none
057	057D_prior_only	prior_chromosome_pair_unlabeled_gauge_symmetric	trans	exact_accuracy_ci95_lower	0.25474872696070366	143977	none
057	057D_prior_only	prior_chromosome_pair_unlabeled_gauge_symmetric	trans	exact_accuracy_ci95_upper	0.25926300341237757	143977	none
057	057D_prior_only	prior_chromosome_pair_unlabeled_gauge_symmetric	trans	exact_log_loss	1.3862943611198906	143977	none
057	057D_prior_only	prior_chromosome_pair_unlabeled_gauge_symmetric	trans	exact_brier	0.75	143977	none
057	057D_prior_only	prior_chromosome_pair_unlabeled_gauge_symmetric	trans	same_cross_accuracy	0.4797988567618439	143977	none
057	057D_prior_only	prior_chromosome_pair_unlabeled_gauge_symmetric	trans	same_cross_random_tie_expected_accuracy	0.5	143977	none
057	057D_prior_only	prior_chromosome_pair_unlabeled_gauge_symmetric	trans	same_cross_accuracy_ci95_lower	0.47721885331652847	143977	none
057	057D_prior_only	prior_chromosome_pair_unlabeled_gauge_symmetric	trans	same_cross_accuracy_ci95_upper	0.4823799381541848	143977	none
057	057D_prior_only	prior_chromosome_pair_unlabeled_gauge_symmetric	trans	same_cross_log_loss	0.6931471805599453	143977	none
057	057D_prior_only	prior_chromosome_pair_unlabeled_gauge_symmetric	trans	same_cross_brier	0.5	143977	none
057	057D_prior_only	prior_chromosome_pair_unlabeled_gauge_symmetric	trans	mean_entropy	1.3862943611198906	143977	none
057	057D_prior_only	prior_chromosome_pair_unlabeled_gauge_symmetric	trans	exact_ece	0.006999381845711472	143977	none
057	057D_prior_only	prior_chromosome_pair_unlabeled_gauge_symmetric	trans	same_cross_ece	0.020201143238156083	143977	none
057	057D_prior_only	prior_chromosome_pair_unlabeled_gauge_symmetric	trans	mean_exact_confidence	0.25	143977	none
057	057D_prior_only	prior_chromosome_pair_unlabeled_gauge_symmetric	trans	mean_same_cross_confidence	0.5	143977	none
057	057D_prior_only	prior_chromosome_pair_unlabeled_gauge_symmetric	trans	mean_signal_probability	1.0	143977	none
057	057D_prior_only	prior_chromosome_pair_unlabeled_gauge_symmetric	trans	exact_coverage_at_precision_0.55	0.0	143977	none
057	057D_prior_only	prior_chromosome_pair_unlabeled_gauge_symmetric	trans	exact_coverage_at_precision_0.60	0.0	143977	none
057	057D_prior_only	prior_chromosome_pair_unlabeled_gauge_symmetric	trans	exact_coverage_at_precision_0.70	0.0	143977	none
057	057D_prior_only	prior_chromosome_pair_unlabeled_gauge_symmetric	trans	exact_coverage_at_precision_0.80	0.0	143977	none
057	057D_prior_only	prior_chromosome_pair_unlabeled_gauge_symmetric	trans	exact_coverage_at_precision_0.90	0.0	143977	none
057	057D_prior_only	prior_chromosome_pair_unlabeled_gauge_symmetric	trans	same_cross_coverage_at_precision_0.55	0.0	143977	none
057	057D_prior_only	prior_chromosome_pair_unlabeled_gauge_symmetric	trans	same_cross_coverage_at_precision_0.60	0.0	143977	none
057	057D_prior_only	prior_chromosome_pair_unlabeled_gauge_symmetric	trans	same_cross_coverage_at_precision_0.70	0.0	143977	none
057	057D_prior_only	prior_chromosome_pair_unlabeled_gauge_symmetric	trans	same_cross_coverage_at_precision_0.80	0.0	143977	none
057	057D_prior_only	prior_chromosome_pair_unlabeled_gauge_symmetric	trans	same_cross_coverage_at_precision_0.90	0.0	143977	none
057	057D_prior_only	prior_chromosome_pair_unlabeled_gauge_symmetric	trans	exact_signal_aware_coverage_at_precision_0.55	0.0	143977	none
057	057D_prior_only	prior_chromosome_pair_unlabeled_gauge_symmetric	trans	exact_signal_aware_coverage_at_precision_0.60	0.0	143977	none
057	057D_prior_only	prior_chromosome_pair_unlabeled_gauge_symmetric	trans	exact_signal_aware_coverage_at_precision_0.70	0.0	143977	none
057	057D_prior_only	prior_chromosome_pair_unlabeled_gauge_symmetric	trans	exact_signal_aware_coverage_at_precision_0.80	0.0	143977	none
057	057D_prior_only	prior_chromosome_pair_unlabeled_gauge_symmetric	trans	exact_signal_aware_coverage_at_precision_0.90	0.0	143977	none
057	057D_prior_only	prior_chromosome_pair_unlabeled_gauge_symmetric	trans	same_cross_signal_aware_coverage_at_precision_0.55	0.0	143977	none
057	057D_prior_only	prior_chromosome_pair_unlabeled_gauge_symmetric	trans	same_cross_signal_aware_coverage_at_precision_0.60	0.0	143977	none
057	057D_prior_only	prior_chromosome_pair_unlabeled_gauge_symmetric	trans	same_cross_signal_aware_coverage_at_precision_0.70	0.0	143977	none
057	057D_prior_only	prior_chromosome_pair_unlabeled_gauge_symmetric	trans	same_cross_signal_aware_coverage_at_precision_0.80	0.0	143977	none
057	057D_prior_only	prior_chromosome_pair_unlabeled_gauge_symmetric	trans	same_cross_signal_aware_coverage_at_precision_0.90	0.0	143977	none
057	057D_prior_only	prior_state_frequency_unlabeled_max_entropy	all	n_contacts	350034	350034	none
057	057D_prior_only	prior_state_frequency_unlabeled_max_entropy	all	callable_fraction	1.0	350034	none
057	057D_prior_only	prior_state_frequency_unlabeled_max_entropy	all	exact_top1_accuracy	0.41999920007770675	350034	none
057	057D_prior_only	prior_state_frequency_unlabeled_max_entropy	all	exact_random_tie_expected_accuracy	0.25	350034	none
057	057D_prior_only	prior_state_frequency_unlabeled_max_entropy	all	exact_accuracy_ci95_lower	0.41836503502298	350034	none
057	057D_prior_only	prior_state_frequency_unlabeled_max_entropy	all	exact_accuracy_ci95_upper	0.421635121055606	350034	none
057	057D_prior_only	prior_state_frequency_unlabeled_max_entropy	all	exact_log_loss	1.3862943611198908	350034	none
057	057D_prior_only	prior_state_frequency_unlabeled_max_entropy	all	exact_brier	0.75	350034	none
057	057D_prior_only	prior_state_frequency_unlabeled_max_entropy	all	same_cross_accuracy	0.7712907888947931	350034	none
057	057D_prior_only	prior_state_frequency_unlabeled_max_entropy	all	same_cross_random_tie_expected_accuracy	0.5	350034	none
057	057D_prior_only	prior_state_frequency_unlabeled_max_entropy	all	same_cross_accuracy_ci95_lower	0.7698964421124891	350034	none
057	057D_prior_only	prior_state_frequency_unlabeled_max_entropy	all	same_cross_accuracy_ci95_upper	0.7726791811643529	350034	none
057	057D_prior_only	prior_state_frequency_unlabeled_max_entropy	all	same_cross_log_loss	0.6931471805599454	350034	none
057	057D_prior_only	prior_state_frequency_unlabeled_max_entropy	all	same_cross_brier	0.5	350034	none
057	057D_prior_only	prior_state_frequency_unlabeled_max_entropy	all	mean_entropy	1.3862943611198908	350034	none
057	057D_prior_only	prior_state_frequency_unlabeled_max_entropy	all	exact_ece	0.16999920007770675	350034	none
057	057D_prior_only	prior_state_frequency_unlabeled_max_entropy	all	same_cross_ece	0.2712907888947931	350034	none
057	057D_prior_only	prior_state_frequency_unlabeled_max_entropy	all	mean_exact_confidence	0.25	350034	none
057	057D_prior_only	prior_state_frequency_unlabeled_max_entropy	all	mean_same_cross_confidence	0.5	350034	none
057	057D_prior_only	prior_state_frequency_unlabeled_max_entropy	all	mean_signal_probability	1.0	350034	none
057	057D_prior_only	prior_state_frequency_unlabeled_max_entropy	all	exact_coverage_at_precision_0.55	0.0	350034	none
057	057D_prior_only	prior_state_frequency_unlabeled_max_entropy	all	exact_coverage_at_precision_0.60	0.0	350034	none
057	057D_prior_only	prior_state_frequency_unlabeled_max_entropy	all	exact_coverage_at_precision_0.70	0.0	350034	none
057	057D_prior_only	prior_state_frequency_unlabeled_max_entropy	all	exact_coverage_at_precision_0.80	0.0	350034	none
057	057D_prior_only	prior_state_frequency_unlabeled_max_entropy	all	exact_coverage_at_precision_0.90	0.0	350034	none
057	057D_prior_only	prior_state_frequency_unlabeled_max_entropy	all	same_cross_coverage_at_precision_0.55	1.0	350034	none
057	057D_prior_only	prior_state_frequency_unlabeled_max_entropy	all	same_cross_coverage_at_precision_0.60	1.0	350034	none
057	057D_prior_only	prior_state_frequency_unlabeled_max_entropy	all	same_cross_coverage_at_precision_0.70	1.0	350034	none
057	057D_prior_only	prior_state_frequency_unlabeled_max_entropy	all	same_cross_coverage_at_precision_0.80	0.0	350034	none
057	057D_prior_only	prior_state_frequency_unlabeled_max_entropy	all	same_cross_coverage_at_precision_0.90	0.0	350034	none
057	057D_prior_only	prior_state_frequency_unlabeled_max_entropy	all	exact_signal_aware_coverage_at_precision_0.55	0.0	350034	none
057	057D_prior_only	prior_state_frequency_unlabeled_max_entropy	all	exact_signal_aware_coverage_at_precision_0.60	0.0	350034	none
057	057D_prior_only	prior_state_frequency_unlabeled_max_entropy	all	exact_signal_aware_coverage_at_precision_0.70	0.0	350034	none
057	057D_prior_only	prior_state_frequency_unlabeled_max_entropy	all	exact_signal_aware_coverage_at_precision_0.80	0.0	350034	none
057	057D_prior_only	prior_state_frequency_unlabeled_max_entropy	all	exact_signal_aware_coverage_at_precision_0.90	0.0	350034	none
057	057D_prior_only	prior_state_frequency_unlabeled_max_entropy	all	same_cross_signal_aware_coverage_at_precision_0.55	1.0	350034	none
057	057D_prior_only	prior_state_frequency_unlabeled_max_entropy	all	same_cross_signal_aware_coverage_at_precision_0.60	1.0	350034	none
057	057D_prior_only	prior_state_frequency_unlabeled_max_entropy	all	same_cross_signal_aware_coverage_at_precision_0.70	1.0	350034	none
057	057D_prior_only	prior_state_frequency_unlabeled_max_entropy	all	same_cross_signal_aware_coverage_at_precision_0.80	0.0	350034	none
057	057D_prior_only	prior_state_frequency_unlabeled_max_entropy	all	same_cross_signal_aware_coverage_at_precision_0.90	0.0	350034	none
057	057D_prior_only	prior_state_frequency_unlabeled_max_entropy	cis	n_contacts	206057	206057	none
057	057D_prior_only	prior_state_frequency_unlabeled_max_entropy	cis	callable_fraction	1.0	206057	none
057	057D_prior_only	prior_state_frequency_unlabeled_max_entropy	cis	exact_top1_accuracy	0.5338911078002688	206057	none
057	057D_prior_only	prior_state_frequency_unlabeled_max_entropy	cis	exact_random_tie_expected_accuracy	0.25	206057	none
057	057D_prior_only	prior_state_frequency_unlabeled_max_entropy	cis	exact_accuracy_ci95_lower	0.531736601398481	206057	none
057	057D_prior_only	prior_state_frequency_unlabeled_max_entropy	cis	exact_accuracy_ci95_upper	0.5360443505821075	206057	none
057	057D_prior_only	prior_state_frequency_unlabeled_max_entropy	cis	exact_log_loss	1.3862943611198901	206057	none
057	057D_prior_only	prior_state_frequency_unlabeled_max_entropy	cis	exact_brier	0.75	206057	none
057	057D_prior_only	prior_state_frequency_unlabeled_max_entropy	cis	same_cross_accuracy	0.974963238327259	206057	none
057	057D_prior_only	prior_state_frequency_unlabeled_max_entropy	cis	same_cross_random_tie_expected_accuracy	0.5	206057	none
057	057D_prior_only	prior_state_frequency_unlabeled_max_entropy	cis	same_cross_accuracy_ci95_lower	0.9742797456416219	206057	none
057	057D_prior_only	prior_state_frequency_unlabeled_max_entropy	cis	same_cross_accuracy_ci95_upper	0.9756290221487716	206057	none
057	057D_prior_only	prior_state_frequency_unlabeled_max_entropy	cis	same_cross_log_loss	0.6931471805599451	206057	none
057	057D_prior_only	prior_state_frequency_unlabeled_max_entropy	cis	same_cross_brier	0.5	206057	none
057	057D_prior_only	prior_state_frequency_unlabeled_max_entropy	cis	mean_entropy	1.3862943611198901	206057	none
057	057D_prior_only	prior_state_frequency_unlabeled_max_entropy	cis	exact_ece	0.2838911078002688	206057	none
057	057D_prior_only	prior_state_frequency_unlabeled_max_entropy	cis	same_cross_ece	0.47496323832725895	206057	none
057	057D_prior_only	prior_state_frequency_unlabeled_max_entropy	cis	mean_exact_confidence	0.25	206057	none
057	057D_prior_only	prior_state_frequency_unlabeled_max_entropy	cis	mean_same_cross_confidence	0.5	206057	none
057	057D_prior_only	prior_state_frequency_unlabeled_max_entropy	cis	mean_signal_probability	1.0	206057	none
057	057D_prior_only	prior_state_frequency_unlabeled_max_entropy	cis	exact_coverage_at_precision_0.55	0.0	206057	none
057	057D_prior_only	prior_state_frequency_unlabeled_max_entropy	cis	exact_coverage_at_precision_0.60	0.0	206057	none
057	057D_prior_only	prior_state_frequency_unlabeled_max_entropy	cis	exact_coverage_at_precision_0.70	0.0	206057	none
057	057D_prior_only	prior_state_frequency_unlabeled_max_entropy	cis	exact_coverage_at_precision_0.80	0.0	206057	none
057	057D_prior_only	prior_state_frequency_unlabeled_max_entropy	cis	exact_coverage_at_precision_0.90	0.0	206057	none
057	057D_prior_only	prior_state_frequency_unlabeled_max_entropy	cis	same_cross_coverage_at_precision_0.55	1.0	206057	none
057	057D_prior_only	prior_state_frequency_unlabeled_max_entropy	cis	same_cross_coverage_at_precision_0.60	1.0	206057	none
057	057D_prior_only	prior_state_frequency_unlabeled_max_entropy	cis	same_cross_coverage_at_precision_0.70	1.0	206057	none
057	057D_prior_only	prior_state_frequency_unlabeled_max_entropy	cis	same_cross_coverage_at_precision_0.80	1.0	206057	none
057	057D_prior_only	prior_state_frequency_unlabeled_max_entropy	cis	same_cross_coverage_at_precision_0.90	1.0	206057	none
057	057D_prior_only	prior_state_frequency_unlabeled_max_entropy	cis	exact_signal_aware_coverage_at_precision_0.55	0.0	206057	none
057	057D_prior_only	prior_state_frequency_unlabeled_max_entropy	cis	exact_signal_aware_coverage_at_precision_0.60	0.0	206057	none
057	057D_prior_only	prior_state_frequency_unlabeled_max_entropy	cis	exact_signal_aware_coverage_at_precision_0.70	0.0	206057	none
057	057D_prior_only	prior_state_frequency_unlabeled_max_entropy	cis	exact_signal_aware_coverage_at_precision_0.80	0.0	206057	none
057	057D_prior_only	prior_state_frequency_unlabeled_max_entropy	cis	exact_signal_aware_coverage_at_precision_0.90	0.0	206057	none
057	057D_prior_only	prior_state_frequency_unlabeled_max_entropy	cis	same_cross_signal_aware_coverage_at_precision_0.55	1.0	206057	none
057	057D_prior_only	prior_state_frequency_unlabeled_max_entropy	cis	same_cross_signal_aware_coverage_at_precision_0.60	1.0	206057	none
057	057D_prior_only	prior_state_frequency_unlabeled_max_entropy	cis	same_cross_signal_aware_coverage_at_precision_0.70	1.0	206057	none
057	057D_prior_only	prior_state_frequency_unlabeled_max_entropy	cis	same_cross_signal_aware_coverage_at_precision_0.80	1.0	206057	none
057	057D_prior_only	prior_state_frequency_unlabeled_max_entropy	cis	same_cross_signal_aware_coverage_at_precision_0.90	1.0	206057	none
057	057D_prior_only	prior_state_frequency_unlabeled_max_entropy	trans	n_contacts	143977	143977	none
057	057D_prior_only	prior_state_frequency_unlabeled_max_entropy	trans	callable_fraction	1.0	143977	none
057	057D_prior_only	prior_state_frequency_unlabeled_max_entropy	trans	exact_top1_accuracy	0.25699938184571147	143977	none
057	057D_prior_only	prior_state_frequency_unlabeled_max_entropy	trans	exact_random_tie_expected_accuracy	0.25	143977	none
057	057D_prior_only	prior_state_frequency_unlabeled_max_entropy	trans	exact_accuracy_ci95_lower	0.25474872696070366	143977	none
057	057D_prior_only	prior_state_frequency_unlabeled_max_entropy	trans	exact_accuracy_ci95_upper	0.25926300341237757	143977	none
057	057D_prior_only	prior_state_frequency_unlabeled_max_entropy	trans	exact_log_loss	1.3862943611198906	143977	none
057	057D_prior_only	prior_state_frequency_unlabeled_max_entropy	trans	exact_brier	0.75	143977	none
057	057D_prior_only	prior_state_frequency_unlabeled_max_entropy	trans	same_cross_accuracy	0.4797988567618439	143977	none
057	057D_prior_only	prior_state_frequency_unlabeled_max_entropy	trans	same_cross_random_tie_expected_accuracy	0.5	143977	none
057	057D_prior_only	prior_state_frequency_unlabeled_max_entropy	trans	same_cross_accuracy_ci95_lower	0.47721885331652847	143977	none
057	057D_prior_only	prior_state_frequency_unlabeled_max_entropy	trans	same_cross_accuracy_ci95_upper	0.4823799381541848	143977	none
057	057D_prior_only	prior_state_frequency_unlabeled_max_entropy	trans	same_cross_log_loss	0.6931471805599453	143977	none
057	057D_prior_only	prior_state_frequency_unlabeled_max_entropy	trans	same_cross_brier	0.5	143977	none
057	057D_prior_only	prior_state_frequency_unlabeled_max_entropy	trans	mean_entropy	1.3862943611198906	143977	none
057	057D_prior_only	prior_state_frequency_unlabeled_max_entropy	trans	exact_ece	0.006999381845711472	143977	none
057	057D_prior_only	prior_state_frequency_unlabeled_max_entropy	trans	same_cross_ece	0.020201143238156083	143977	none
057	057D_prior_only	prior_state_frequency_unlabeled_max_entropy	trans	mean_exact_confidence	0.25	143977	none
057	057D_prior_only	prior_state_frequency_unlabeled_max_entropy	trans	mean_same_cross_confidence	0.5	143977	none
057	057D_prior_only	prior_state_frequency_unlabeled_max_entropy	trans	mean_signal_probability	1.0	143977	none
057	057D_prior_only	prior_state_frequency_unlabeled_max_entropy	trans	exact_coverage_at_precision_0.55	0.0	143977	none
057	057D_prior_only	prior_state_frequency_unlabeled_max_entropy	trans	exact_coverage_at_precision_0.60	0.0	143977	none
057	057D_prior_only	prior_state_frequency_unlabeled_max_entropy	trans	exact_coverage_at_precision_0.70	0.0	143977	none
057	057D_prior_only	prior_state_frequency_unlabeled_max_entropy	trans	exact_coverage_at_precision_0.80	0.0	143977	none
057	057D_prior_only	prior_state_frequency_unlabeled_max_entropy	trans	exact_coverage_at_precision_0.90	0.0	143977	none
057	057D_prior_only	prior_state_frequency_unlabeled_max_entropy	trans	same_cross_coverage_at_precision_0.55	0.0	143977	none
057	057D_prior_only	prior_state_frequency_unlabeled_max_entropy	trans	same_cross_coverage_at_precision_0.60	0.0	143977	none
057	057D_prior_only	prior_state_frequency_unlabeled_max_entropy	trans	same_cross_coverage_at_precision_0.70	0.0	143977	none
057	057D_prior_only	prior_state_frequency_unlabeled_max_entropy	trans	same_cross_coverage_at_precision_0.80	0.0	143977	none
057	057D_prior_only	prior_state_frequency_unlabeled_max_entropy	trans	same_cross_coverage_at_precision_0.90	0.0	143977	none
057	057D_prior_only	prior_state_frequency_unlabeled_max_entropy	trans	exact_signal_aware_coverage_at_precision_0.55	0.0	143977	none
057	057D_prior_only	prior_state_frequency_unlabeled_max_entropy	trans	exact_signal_aware_coverage_at_precision_0.60	0.0	143977	none
057	057D_prior_only	prior_state_frequency_unlabeled_max_entropy	trans	exact_signal_aware_coverage_at_precision_0.70	0.0	143977	none
057	057D_prior_only	prior_state_frequency_unlabeled_max_entropy	trans	exact_signal_aware_coverage_at_precision_0.80	0.0	143977	none
057	057D_prior_only	prior_state_frequency_unlabeled_max_entropy	trans	exact_signal_aware_coverage_at_precision_0.90	0.0	143977	none
057	057D_prior_only	prior_state_frequency_unlabeled_max_entropy	trans	same_cross_signal_aware_coverage_at_precision_0.55	0.0	143977	none
057	057D_prior_only	prior_state_frequency_unlabeled_max_entropy	trans	same_cross_signal_aware_coverage_at_precision_0.60	0.0	143977	none
057	057D_prior_only	prior_state_frequency_unlabeled_max_entropy	trans	same_cross_signal_aware_coverage_at_precision_0.70	0.0	143977	none
057	057D_prior_only	prior_state_frequency_unlabeled_max_entropy	trans	same_cross_signal_aware_coverage_at_precision_0.80	0.0	143977	none
057	057D_prior_only	prior_state_frequency_unlabeled_max_entropy	trans	same_cross_signal_aware_coverage_at_precision_0.90	0.0	143977	none
057	057D_prior_only	prior_random_seeded	all	n_contacts	350034	350034	none
057	057D_prior_only	prior_random_seeded	all	callable_fraction	1.0	350034	none
057	057D_prior_only	prior_random_seeded	all	exact_top1_accuracy	0.24948147894204564	350034	none
057	057D_prior_only	prior_random_seeded	all	exact_random_tie_expected_accuracy	0.24948147894204564	350034	none
057	057D_prior_only	prior_random_seeded	all	exact_accuracy_ci95_lower	0.2480507495050527	350034	none
057	057D_prior_only	prior_random_seeded	all	exact_accuracy_ci95_upper	0.2509177069650112	350034	none
057	057D_prior_only	prior_random_seeded	all	exact_log_loss	1.8369458601099	350034	none
057	057D_prior_only	prior_random_seeded	all	exact_brier	0.9000855367469619	350034	none
057	057D_prior_only	prior_random_seeded	all	same_cross_accuracy	0.500488523971957	350034	none
057	057D_prior_only	prior_random_seeded	all	same_cross_random_tie_expected_accuracy	0.500488523971957	350034	none
057	057D_prior_only	prior_random_seeded	all	same_cross_accuracy_ci95_lower	0.4988321370409771	350034	none
057	057D_prior_only	prior_random_seeded	all	same_cross_accuracy_ci95_upper	0.502144900180412	350034	none
057	057D_prior_only	prior_random_seeded	all	same_cross_log_loss	0.8322535053619623	350034	none
057	057D_prior_only	prior_random_seeded	all	same_cross_brier	0.5992649706573488	350034	none
057	057D_prior_only	prior_random_seeded	all	mean_entropy	1.0832845431060352	350034	none
057	057D_prior_only	prior_random_seeded	all	exact_ece	0.2713277648570677	350034	none
057	057D_prior_only	prior_random_seeded	all	same_cross_ece	0.18670815567745638	350034	none
057	057D_prior_only	prior_random_seeded	all	mean_exact_confidence	0.5208092437991133	350034	none
057	057D_prior_only	prior_random_seeded	all	mean_same_cross_confidence	0.6871966796494134	350034	none
057	057D_prior_only	prior_random_seeded	all	mean_signal_probability	1.0	350034	none
057	057D_prior_only	prior_random_seeded	all	exact_coverage_at_precision_0.55	2.8568653330819293e-06	350034	none
057	057D_prior_only	prior_random_seeded	all	exact_coverage_at_precision_0.60	2.8568653330819293e-06	350034	none
057	057D_prior_only	prior_random_seeded	all	exact_coverage_at_precision_0.70	2.8568653330819293e-06	350034	none
057	057D_prior_only	prior_random_seeded	all	exact_coverage_at_precision_0.80	2.8568653330819293e-06	350034	none
057	057D_prior_only	prior_random_seeded	all	exact_coverage_at_precision_0.90	2.8568653330819293e-06	350034	none
057	057D_prior_only	prior_random_seeded	all	same_cross_coverage_at_precision_0.55	0.00024283355331196398	350034	none
057	057D_prior_only	prior_random_seeded	all	same_cross_coverage_at_precision_0.60	0.00011427461332327717	350034	none
057	057D_prior_only	prior_random_seeded	all	same_cross_coverage_at_precision_0.70	0.0	350034	none
057	057D_prior_only	prior_random_seeded	all	same_cross_coverage_at_precision_0.80	0.0	350034	none
057	057D_prior_only	prior_random_seeded	all	same_cross_coverage_at_precision_0.90	0.0	350034	none
057	057D_prior_only	prior_random_seeded	all	exact_signal_aware_coverage_at_precision_0.55	2.8568653330819293e-06	350034	none
057	057D_prior_only	prior_random_seeded	all	exact_signal_aware_coverage_at_precision_0.60	2.8568653330819293e-06	350034	none
057	057D_prior_only	prior_random_seeded	all	exact_signal_aware_coverage_at_precision_0.70	2.8568653330819293e-06	350034	none
057	057D_prior_only	prior_random_seeded	all	exact_signal_aware_coverage_at_precision_0.80	2.8568653330819293e-06	350034	none
057	057D_prior_only	prior_random_seeded	all	exact_signal_aware_coverage_at_precision_0.90	2.8568653330819293e-06	350034	none
057	057D_prior_only	prior_random_seeded	all	same_cross_signal_aware_coverage_at_precision_0.55	0.00024283355331196398	350034	none
057	057D_prior_only	prior_random_seeded	all	same_cross_signal_aware_coverage_at_precision_0.60	0.00011427461332327717	350034	none
057	057D_prior_only	prior_random_seeded	all	same_cross_signal_aware_coverage_at_precision_0.70	0.0	350034	none
057	057D_prior_only	prior_random_seeded	all	same_cross_signal_aware_coverage_at_precision_0.80	0.0	350034	none
057	057D_prior_only	prior_random_seeded	all	same_cross_signal_aware_coverage_at_precision_0.90	0.0	350034	none
057	057D_prior_only	prior_random_seeded	cis	n_contacts	206057	206057	none
057	057D_prior_only	prior_random_seeded	cis	callable_fraction	1.0	206057	none
057	057D_prior_only	prior_random_seeded	cis	exact_top1_accuracy	0.24951833715913557	206057	none
057	057D_prior_only	prior_random_seeded	cis	exact_random_tie_expected_accuracy	0.24951833715913557	206057	none
057	057D_prior_only	prior_random_seeded	cis	exact_accuracy_ci95_lower	0.2476545932580897	206057	none
057	057D_prior_only	prior_random_seeded	cis	exact_accuracy_ci95_upper	0.2513914201950343	206057	none
057	057D_prior_only	prior_random_seeded	cis	exact_log_loss	1.834496174430974	206057	none
057	057D_prior_only	prior_random_seeded	cis	exact_brier	0.8994807825548281	206057	none
057	057D_prior_only	prior_random_seeded	cis	same_cross_accuracy	0.5000461037479921	206057	none
057	057D_prior_only	prior_random_seeded	cis	same_cross_random_tie_expected_accuracy	0.5000461037479921	206057	none
057	057D_prior_only	prior_random_seeded	cis	same_cross_accuracy_ci95_lower	0.4978872633719158	206057	none
057	057D_prior_only	prior_random_seeded	cis	same_cross_accuracy_ci95_upper	0.5022049424051038	206057	none
057	057D_prior_only	prior_random_seeded	cis	same_cross_log_loss	0.8316555453566111	206057	none
057	057D_prior_only	prior_random_seeded	cis	same_cross_brier	0.5988219221614465	206057	none
057	057D_prior_only	prior_random_seeded	cis	mean_entropy	1.0837348393352	206057	none
057	057D_prior_only	prior_random_seeded	cis	exact_ece	0.2709343011644546	206057	none
057	057D_prior_only	prior_random_seeded	cis	same_cross_ece	0.1871013690017345	206057	none
057	057D_prior_only	prior_random_seeded	cis	mean_exact_confidence	0.5204526383235902	206057	none
057	057D_prior_only	prior_random_seeded	cis	mean_same_cross_confidence	0.6871474727497265	206057	none
057	057D_prior_only	prior_random_seeded	cis	mean_signal_probability	1.0	206057	none
057	057D_prior_only	prior_random_seeded	cis	exact_coverage_at_precision_0.55	0.0	206057	none
057	057D_prior_only	prior_random_seeded	cis	exact_coverage_at_precision_0.60	0.0	206057	none
057	057D_prior_only	prior_random_seeded	cis	exact_coverage_at_precision_0.70	0.0	206057	none
057	057D_prior_only	prior_random_seeded	cis	exact_coverage_at_precision_0.80	0.0	206057	none
057	057D_prior_only	prior_random_seeded	cis	exact_coverage_at_precision_0.90	0.0	206057	none
057	057D_prior_only	prior_random_seeded	cis	same_cross_coverage_at_precision_0.55	0.00019412104417709664	206057	none
057	057D_prior_only	prior_random_seeded	cis	same_cross_coverage_at_precision_0.60	0.00011161960040183056	206057	none
057	057D_prior_only	prior_random_seeded	cis	same_cross_coverage_at_precision_0.70	0.0	206057	none
057	057D_prior_only	prior_random_seeded	cis	same_cross_coverage_at_precision_0.80	0.0	206057	none
057	057D_prior_only	prior_random_seeded	cis	same_cross_coverage_at_precision_0.90	0.0	206057	none
057	057D_prior_only	prior_random_seeded	cis	exact_signal_aware_coverage_at_precision_0.55	0.0	206057	none
057	057D_prior_only	prior_random_seeded	cis	exact_signal_aware_coverage_at_precision_0.60	0.0	206057	none
057	057D_prior_only	prior_random_seeded	cis	exact_signal_aware_coverage_at_precision_0.70	0.0	206057	none
057	057D_prior_only	prior_random_seeded	cis	exact_signal_aware_coverage_at_precision_0.80	0.0	206057	none
057	057D_prior_only	prior_random_seeded	cis	exact_signal_aware_coverage_at_precision_0.90	0.0	206057	none
057	057D_prior_only	prior_random_seeded	cis	same_cross_signal_aware_coverage_at_precision_0.55	0.00019412104417709664	206057	none
057	057D_prior_only	prior_random_seeded	cis	same_cross_signal_aware_coverage_at_precision_0.60	0.00011161960040183056	206057	none
057	057D_prior_only	prior_random_seeded	cis	same_cross_signal_aware_coverage_at_precision_0.70	0.0	206057	none
057	057D_prior_only	prior_random_seeded	cis	same_cross_signal_aware_coverage_at_precision_0.80	0.0	206057	none
057	057D_prior_only	prior_random_seeded	cis	same_cross_signal_aware_coverage_at_precision_0.90	0.0	206057	none
057	057D_prior_only	prior_random_seeded	trans	n_contacts	143977	143977	none
057	057D_prior_only	prior_random_seeded	trans	callable_fraction	1.0	143977	none
057	057D_prior_only	prior_random_seeded	trans	exact_top1_accuracy	0.24942872819964299	143977	none
057	057D_prior_only	prior_random_seeded	trans	exact_random_tie_expected_accuracy	0.24942872819964299	143977	none
057	057D_prior_only	prior_random_seeded	trans	exact_accuracy_ci95_lower	0.24720046829480458	143977	none
057	057D_prior_only	prior_random_seeded	trans	exact_accuracy_ci95_upper	0.2516703587614732	143977	none
057	057D_prior_only	prior_random_seeded	trans	exact_log_loss	1.8404518012112037	143977	none
057	057D_prior_only	prior_random_seeded	trans	exact_brier	0.9009510488396468	143977	none
057	057D_prior_only	prior_random_seeded	trans	same_cross_accuracy	0.5011217069393028	143977	none
057	057D_prior_only	prior_random_seeded	trans	same_cross_random_tie_expected_accuracy	0.5011217069393028	143977	none
057	057D_prior_only	prior_random_seeded	trans	same_cross_accuracy_ci95_lower	0.498539032398786	143977	none
057	057D_prior_only	prior_random_seeded	trans	same_cross_accuracy_ci95_upper	0.5037043216247588	143977	none
057	057D_prior_only	prior_random_seeded	trans	same_cross_log_loss	0.8331092937505431	143977	none
057	057D_prior_only	prior_random_seeded	trans	same_cross_brier	0.5998990527949133	143977	none
057	057D_prior_only	prior_random_seeded	trans	mean_entropy	1.0826400881577238	143977	none
057	057D_prior_only	prior_random_seeded	trans	exact_ece	0.2718908822168459	143977	none
057	057D_prior_only	prior_random_seeded	trans	same_cross_ece	0.186145396639827	143977	none
057	057D_prior_only	prior_random_seeded	trans	mean_exact_confidence	0.5213196104164889	143977	none
057	057D_prior_only	prior_random_seeded	trans	mean_same_cross_confidence	0.6872671035791298	143977	none
057	057D_prior_only	prior_random_seeded	trans	mean_signal_probability	1.0	143977	none
057	057D_prior_only	prior_random_seeded	trans	exact_coverage_at_precision_0.55	6.945553803732541e-06	143977	none
057	057D_prior_only	prior_random_seeded	trans	exact_coverage_at_precision_0.60	6.945553803732541e-06	143977	none
057	057D_prior_only	prior_random_seeded	trans	exact_coverage_at_precision_0.70	6.945553803732541e-06	143977	none
057	057D_prior_only	prior_random_seeded	trans	exact_coverage_at_precision_0.80	6.945553803732541e-06	143977	none
057	057D_prior_only	prior_random_seeded	trans	exact_coverage_at_precision_0.90	6.945553803732541e-06	143977	none
057	057D_prior_only	prior_random_seeded	trans	same_cross_coverage_at_precision_0.55	0.0017155517895219375	143977	none
057	057D_prior_only	prior_random_seeded	trans	same_cross_coverage_at_precision_0.60	0.0010973975009897414	143977	none
057	057D_prior_only	prior_random_seeded	trans	same_cross_coverage_at_precision_0.70	0.0	143977	none
057	057D_prior_only	prior_random_seeded	trans	same_cross_coverage_at_precision_0.80	0.0	143977	none
057	057D_prior_only	prior_random_seeded	trans	same_cross_coverage_at_precision_0.90	0.0	143977	none
057	057D_prior_only	prior_random_seeded	trans	exact_signal_aware_coverage_at_precision_0.55	6.945553803732541e-06	143977	none
057	057D_prior_only	prior_random_seeded	trans	exact_signal_aware_coverage_at_precision_0.60	6.945553803732541e-06	143977	none
057	057D_prior_only	prior_random_seeded	trans	exact_signal_aware_coverage_at_precision_0.70	6.945553803732541e-06	143977	none
057	057D_prior_only	prior_random_seeded	trans	exact_signal_aware_coverage_at_precision_0.80	6.945553803732541e-06	143977	none
057	057D_prior_only	prior_random_seeded	trans	exact_signal_aware_coverage_at_precision_0.90	6.945553803732541e-06	143977	none
057	057D_prior_only	prior_random_seeded	trans	same_cross_signal_aware_coverage_at_precision_0.55	0.0017155517895219375	143977	none
057	057D_prior_only	prior_random_seeded	trans	same_cross_signal_aware_coverage_at_precision_0.60	0.0010973975009897414	143977	none
057	057D_prior_only	prior_random_seeded	trans	same_cross_signal_aware_coverage_at_precision_0.70	0.0	143977	none
057	057D_prior_only	prior_random_seeded	trans	same_cross_signal_aware_coverage_at_precision_0.80	0.0	143977	none
057	057D_prior_only	prior_random_seeded	trans	same_cross_signal_aware_coverage_at_precision_0.90	0.0	143977	none
057	057E_randomized_negative_control	negative_shuffled_endpoints_stratum_preserving	all	n_contacts	350034	350034	ORACLE_COORDINATES_RANDOMIZED_CONTROL
057	057E_randomized_negative_control	negative_shuffled_endpoints_stratum_preserving	all	callable_fraction	1.0	350034	ORACLE_COORDINATES_RANDOMIZED_CONTROL
057	057E_randomized_negative_control	negative_shuffled_endpoints_stratum_preserving	all	exact_top1_accuracy	0.36224481050412244	350034	ORACLE_COORDINATES_RANDOMIZED_CONTROL
057	057E_randomized_negative_control	negative_shuffled_endpoints_stratum_preserving	all	exact_random_tie_expected_accuracy	0.36224481050412244	350034	ORACLE_COORDINATES_RANDOMIZED_CONTROL
057	057E_randomized_negative_control	negative_shuffled_endpoints_stratum_preserving	all	exact_accuracy_ci95_lower	0.36065404435770415	350034	ORACLE_COORDINATES_RANDOMIZED_CONTROL
057	057E_randomized_negative_control	negative_shuffled_endpoints_stratum_preserving	all	exact_accuracy_ci95_upper	0.3638386002144251	350034	ORACLE_COORDINATES_RANDOMIZED_CONTROL
057	057E_randomized_negative_control	negative_shuffled_endpoints_stratum_preserving	all	exact_log_loss	1.529276532195736	350034	ORACLE_COORDINATES_RANDOMIZED_CONTROL
057	057E_randomized_negative_control	negative_shuffled_endpoints_stratum_preserving	all	exact_brier	0.8487279336753168	350034	ORACLE_COORDINATES_RANDOMIZED_CONTROL
057	057E_randomized_negative_control	negative_shuffled_endpoints_stratum_preserving	all	same_cross_accuracy	0.8251998377300491	350034	ORACLE_COORDINATES_RANDOMIZED_CONTROL
057	057E_randomized_negative_control	negative_shuffled_endpoints_stratum_preserving	all	same_cross_random_tie_expected_accuracy	0.8251998377300491	350034	ORACLE_COORDINATES_RANDOMIZED_CONTROL
057	057E_randomized_negative_control	negative_shuffled_endpoints_stratum_preserving	all	same_cross_accuracy_ci95_lower	0.8239380887234005	350034	ORACLE_COORDINATES_RANDOMIZED_CONTROL
057	057E_randomized_negative_control	negative_shuffled_endpoints_stratum_preserving	all	same_cross_accuracy_ci95_upper	0.826454448983934	350034	ORACLE_COORDINATES_RANDOMIZED_CONTROL
057	057E_randomized_negative_control	negative_shuffled_endpoints_stratum_preserving	all	same_cross_log_loss	0.37662320633156776	350034	ORACLE_COORDINATES_RANDOMIZED_CONTROL
057	057E_randomized_negative_control	negative_shuffled_endpoints_stratum_preserving	all	same_cross_brier	0.23530167446177144	350034	ORACLE_COORDINATES_RANDOMIZED_CONTROL
057	057E_randomized_negative_control	negative_shuffled_endpoints_stratum_preserving	all	mean_entropy	0.7600515698246293	350034	ORACLE_COORDINATES_RANDOMIZED_CONTROL
057	057E_randomized_negative_control	negative_shuffled_endpoints_stratum_preserving	all	exact_ece	0.3193441267588756	350034	ORACLE_COORDINATES_RANDOMIZED_CONTROL
057	057E_randomized_negative_control	negative_shuffled_endpoints_stratum_preserving	all	same_cross_ece	0.042554016977660654	350034	ORACLE_COORDINATES_RANDOMIZED_CONTROL
057	057E_randomized_negative_control	negative_shuffled_endpoints_stratum_preserving	all	mean_exact_confidence	0.681588937262998	350034	ORACLE_COORDINATES_RANDOMIZED_CONTROL
057	057E_randomized_negative_control	negative_shuffled_endpoints_stratum_preserving	all	mean_same_cross_confidence	0.8677538547077098	350034	ORACLE_COORDINATES_RANDOMIZED_CONTROL
057	057E_randomized_negative_control	negative_shuffled_endpoints_stratum_preserving	all	mean_signal_probability	1.0	350034	ORACLE_COORDINATES_RANDOMIZED_CONTROL
057	057E_randomized_negative_control	negative_shuffled_endpoints_stratum_preserving	all	exact_coverage_at_precision_0.55	0.0	350034	ORACLE_COORDINATES_RANDOMIZED_CONTROL
057	057E_randomized_negative_control	negative_shuffled_endpoints_stratum_preserving	all	exact_coverage_at_precision_0.60	0.0	350034	ORACLE_COORDINATES_RANDOMIZED_CONTROL
057	057E_randomized_negative_control	negative_shuffled_endpoints_stratum_preserving	all	exact_coverage_at_precision_0.70	0.0	350034	ORACLE_COORDINATES_RANDOMIZED_CONTROL
057	057E_randomized_negative_control	negative_shuffled_endpoints_stratum_preserving	all	exact_coverage_at_precision_0.80	0.0	350034	ORACLE_COORDINATES_RANDOMIZED_CONTROL
057	057E_randomized_negative_control	negative_shuffled_endpoints_stratum_preserving	all	exact_coverage_at_precision_0.90	0.0	350034	ORACLE_COORDINATES_RANDOMIZED_CONTROL
057	057E_randomized_negative_control	negative_shuffled_endpoints_stratum_preserving	all	same_cross_coverage_at_precision_0.55	1.0	350034	ORACLE_COORDINATES_RANDOMIZED_CONTROL
057	057E_randomized_negative_control	negative_shuffled_endpoints_stratum_preserving	all	same_cross_coverage_at_precision_0.60	1.0	350034	ORACLE_COORDINATES_RANDOMIZED_CONTROL
057	057E_randomized_negative_control	negative_shuffled_endpoints_stratum_preserving	all	same_cross_coverage_at_precision_0.70	1.0	350034	ORACLE_COORDINATES_RANDOMIZED_CONTROL
057	057E_randomized_negative_control	negative_shuffled_endpoints_stratum_preserving	all	same_cross_coverage_at_precision_0.80	1.0	350034	ORACLE_COORDINATES_RANDOMIZED_CONTROL
057	057E_randomized_negative_control	negative_shuffled_endpoints_stratum_preserving	all	same_cross_coverage_at_precision_0.90	0.7865807321574476	350034	ORACLE_COORDINATES_RANDOMIZED_CONTROL
057	057E_randomized_negative_control	negative_shuffled_endpoints_stratum_preserving	all	exact_signal_aware_coverage_at_precision_0.55	0.0	350034	ORACLE_COORDINATES_RANDOMIZED_CONTROL
057	057E_randomized_negative_control	negative_shuffled_endpoints_stratum_preserving	all	exact_signal_aware_coverage_at_precision_0.60	0.0	350034	ORACLE_COORDINATES_RANDOMIZED_CONTROL
057	057E_randomized_negative_control	negative_shuffled_endpoints_stratum_preserving	all	exact_signal_aware_coverage_at_precision_0.70	0.0	350034	ORACLE_COORDINATES_RANDOMIZED_CONTROL
057	057E_randomized_negative_control	negative_shuffled_endpoints_stratum_preserving	all	exact_signal_aware_coverage_at_precision_0.80	0.0	350034	ORACLE_COORDINATES_RANDOMIZED_CONTROL
057	057E_randomized_negative_control	negative_shuffled_endpoints_stratum_preserving	all	exact_signal_aware_coverage_at_precision_0.90	0.0	350034	ORACLE_COORDINATES_RANDOMIZED_CONTROL
057	057E_randomized_negative_control	negative_shuffled_endpoints_stratum_preserving	all	same_cross_signal_aware_coverage_at_precision_0.55	1.0	350034	ORACLE_COORDINATES_RANDOMIZED_CONTROL
057	057E_randomized_negative_control	negative_shuffled_endpoints_stratum_preserving	all	same_cross_signal_aware_coverage_at_precision_0.60	1.0	350034	ORACLE_COORDINATES_RANDOMIZED_CONTROL
057	057E_randomized_negative_control	negative_shuffled_endpoints_stratum_preserving	all	same_cross_signal_aware_coverage_at_precision_0.70	1.0	350034	ORACLE_COORDINATES_RANDOMIZED_CONTROL
057	057E_randomized_negative_control	negative_shuffled_endpoints_stratum_preserving	all	same_cross_signal_aware_coverage_at_precision_0.80	1.0	350034	ORACLE_COORDINATES_RANDOMIZED_CONTROL
057	057E_randomized_negative_control	negative_shuffled_endpoints_stratum_preserving	all	same_cross_signal_aware_coverage_at_precision_0.90	0.7865807321574476	350034	ORACLE_COORDINATES_RANDOMIZED_CONTROL
057	057E_randomized_negative_control	negative_shuffled_endpoints_stratum_preserving	cis	n_contacts	206057	206057	ORACLE_COORDINATES_RANDOMIZED_CONTROL
057	057E_randomized_negative_control	negative_shuffled_endpoints_stratum_preserving	cis	callable_fraction	1.0	206057	ORACLE_COORDINATES_RANDOMIZED_CONTROL
057	057E_randomized_negative_control	negative_shuffled_endpoints_stratum_preserving	cis	exact_top1_accuracy	0.4802263451375105	206057	ORACLE_COORDINATES_RANDOMIZED_CONTROL
057	057E_randomized_negative_control	negative_shuffled_endpoints_stratum_preserving	cis	exact_random_tie_expected_accuracy	0.4802263451375105	206057	ORACLE_COORDINATES_RANDOMIZED_CONTROL
057	057E_randomized_negative_control	negative_shuffled_endpoints_stratum_preserving	cis	exact_accuracy_ci95_lower	0.4780695630696817	206057	ORACLE_COORDINATES_RANDOMIZED_CONTROL
057	057E_randomized_negative_control	negative_shuffled_endpoints_stratum_preserving	cis	exact_accuracy_ci95_upper	0.48238386446022324	206057	ORACLE_COORDINATES_RANDOMIZED_CONTROL
057	057E_randomized_negative_control	negative_shuffled_endpoints_stratum_preserving	cis	exact_log_loss	1.1448444745365738	206057	ORACLE_COORDINATES_RANDOMIZED_CONTROL
057	057E_randomized_negative_control	negative_shuffled_endpoints_stratum_preserving	cis	exact_brier	0.7103601369029567	206057	ORACLE_COORDINATES_RANDOMIZED_CONTROL
057	057E_randomized_negative_control	negative_shuffled_endpoints_stratum_preserving	cis	same_cross_accuracy	0.9722940739698239	206057	ORACLE_COORDINATES_RANDOMIZED_CONTROL
057	057E_randomized_negative_control	negative_shuffled_endpoints_stratum_preserving	cis	same_cross_random_tie_expected_accuracy	0.9722940739698239	206057	ORACLE_COORDINATES_RANDOMIZED_CONTROL
057	057E_randomized_negative_control	negative_shuffled_endpoints_stratum_preserving	cis	same_cross_accuracy_ci95_lower	0.9715765585331868	206057	ORACLE_COORDINATES_RANDOMIZED_CONTROL
057	057E_randomized_negative_control	negative_shuffled_endpoints_stratum_preserving	cis	same_cross_accuracy_ci95_upper	0.9729939800613416	206057	ORACLE_COORDINATES_RANDOMIZED_CONTROL
057	057E_randomized_negative_control	negative_shuffled_endpoints_stratum_preserving	cis	same_cross_log_loss	0.13176643807508306	206057	ORACLE_COORDINATES_RANDOMIZED_CONTROL
057	057E_randomized_negative_control	negative_shuffled_endpoints_stratum_preserving	cis	same_cross_brier	0.05457326565780146	206057	ORACLE_COORDINATES_RANDOMIZED_CONTROL
057	057E_randomized_negative_control	negative_shuffled_endpoints_stratum_preserving	cis	mean_entropy	0.5997172590710708	206057	ORACLE_COORDINATES_RANDOMIZED_CONTROL
057	057E_randomized_negative_control	negative_shuffled_endpoints_stratum_preserving	cis	exact_ece	0.26674715384128506	206057	ORACLE_COORDINATES_RANDOMIZED_CONTROL
057	057E_randomized_negative_control	negative_shuffled_endpoints_stratum_preserving	cis	same_cross_ece	0.009813543917033431	206057	ORACLE_COORDINATES_RANDOMIZED_CONTROL
057	057E_randomized_negative_control	negative_shuffled_endpoints_stratum_preserving	cis	mean_exact_confidence	0.7466857416123212	206057	ORACLE_COORDINATES_RANDOMIZED_CONTROL
057	057E_randomized_negative_control	negative_shuffled_endpoints_stratum_preserving	cis	mean_same_cross_confidence	0.9684390607921173	206057	ORACLE_COORDINATES_RANDOMIZED_CONTROL
057	057E_randomized_negative_control	negative_shuffled_endpoints_stratum_preserving	cis	mean_signal_probability	1.0	206057	ORACLE_COORDINATES_RANDOMIZED_CONTROL
057	057E_randomized_negative_control	negative_shuffled_endpoints_stratum_preserving	cis	exact_coverage_at_precision_0.55	4.853026104427416e-06	206057	ORACLE_COORDINATES_RANDOMIZED_CONTROL
057	057E_randomized_negative_control	negative_shuffled_endpoints_stratum_preserving	cis	exact_coverage_at_precision_0.60	4.853026104427416e-06	206057	ORACLE_COORDINATES_RANDOMIZED_CONTROL
057	057E_randomized_negative_control	negative_shuffled_endpoints_stratum_preserving	cis	exact_coverage_at_precision_0.70	4.853026104427416e-06	206057	ORACLE_COORDINATES_RANDOMIZED_CONTROL
057	057E_randomized_negative_control	negative_shuffled_endpoints_stratum_preserving	cis	exact_coverage_at_precision_0.80	4.853026104427416e-06	206057	ORACLE_COORDINATES_RANDOMIZED_CONTROL
057	057E_randomized_negative_control	negative_shuffled_endpoints_stratum_preserving	cis	exact_coverage_at_precision_0.90	4.853026104427416e-06	206057	ORACLE_COORDINATES_RANDOMIZED_CONTROL
057	057E_randomized_negative_control	negative_shuffled_endpoints_stratum_preserving	cis	same_cross_coverage_at_precision_0.55	1.0	206057	ORACLE_COORDINATES_RANDOMIZED_CONTROL
057	057E_randomized_negative_control	negative_shuffled_endpoints_stratum_preserving	cis	same_cross_coverage_at_precision_0.60	1.0	206057	ORACLE_COORDINATES_RANDOMIZED_CONTROL
057	057E_randomized_negative_control	negative_shuffled_endpoints_stratum_preserving	cis	same_cross_coverage_at_precision_0.70	1.0	206057	ORACLE_COORDINATES_RANDOMIZED_CONTROL
057	057E_randomized_negative_control	negative_shuffled_endpoints_stratum_preserving	cis	same_cross_coverage_at_precision_0.80	1.0	206057	ORACLE_COORDINATES_RANDOMIZED_CONTROL
057	057E_randomized_negative_control	negative_shuffled_endpoints_stratum_preserving	cis	same_cross_coverage_at_precision_0.90	1.0	206057	ORACLE_COORDINATES_RANDOMIZED_CONTROL
057	057E_randomized_negative_control	negative_shuffled_endpoints_stratum_preserving	cis	exact_signal_aware_coverage_at_precision_0.55	4.853026104427416e-06	206057	ORACLE_COORDINATES_RANDOMIZED_CONTROL
057	057E_randomized_negative_control	negative_shuffled_endpoints_stratum_preserving	cis	exact_signal_aware_coverage_at_precision_0.60	4.853026104427416e-06	206057	ORACLE_COORDINATES_RANDOMIZED_CONTROL
057	057E_randomized_negative_control	negative_shuffled_endpoints_stratum_preserving	cis	exact_signal_aware_coverage_at_precision_0.70	4.853026104427416e-06	206057	ORACLE_COORDINATES_RANDOMIZED_CONTROL
057	057E_randomized_negative_control	negative_shuffled_endpoints_stratum_preserving	cis	exact_signal_aware_coverage_at_precision_0.80	4.853026104427416e-06	206057	ORACLE_COORDINATES_RANDOMIZED_CONTROL
057	057E_randomized_negative_control	negative_shuffled_endpoints_stratum_preserving	cis	exact_signal_aware_coverage_at_precision_0.90	4.853026104427416e-06	206057	ORACLE_COORDINATES_RANDOMIZED_CONTROL
057	057E_randomized_negative_control	negative_shuffled_endpoints_stratum_preserving	cis	same_cross_signal_aware_coverage_at_precision_0.55	1.0	206057	ORACLE_COORDINATES_RANDOMIZED_CONTROL
057	057E_randomized_negative_control	negative_shuffled_endpoints_stratum_preserving	cis	same_cross_signal_aware_coverage_at_precision_0.60	1.0	206057	ORACLE_COORDINATES_RANDOMIZED_CONTROL
057	057E_randomized_negative_control	negative_shuffled_endpoints_stratum_preserving	cis	same_cross_signal_aware_coverage_at_precision_0.70	1.0	206057	ORACLE_COORDINATES_RANDOMIZED_CONTROL
057	057E_randomized_negative_control	negative_shuffled_endpoints_stratum_preserving	cis	same_cross_signal_aware_coverage_at_precision_0.80	1.0	206057	ORACLE_COORDINATES_RANDOMIZED_CONTROL
057	057E_randomized_negative_control	negative_shuffled_endpoints_stratum_preserving	cis	same_cross_signal_aware_coverage_at_precision_0.90	1.0	206057	ORACLE_COORDINATES_RANDOMIZED_CONTROL
057	057E_randomized_negative_control	negative_shuffled_endpoints_stratum_preserving	trans	n_contacts	143977	143977	ORACLE_COORDINATES_RANDOMIZED_CONTROL
057	057E_randomized_negative_control	negative_shuffled_endpoints_stratum_preserving	trans	callable_fraction	1.0	143977	ORACLE_COORDINATES_RANDOMIZED_CONTROL
057	057E_randomized_negative_control	negative_shuffled_endpoints_stratum_preserving	trans	exact_top1_accuracy	0.19339200011112886	143977	ORACLE_COORDINATES_RANDOMIZED_CONTROL
057	057E_randomized_negative_control	negative_shuffled_endpoints_stratum_preserving	trans	exact_random_tie_expected_accuracy	0.19339200011112886	143977	ORACLE_COORDINATES_RANDOMIZED_CONTROL
057	057E_randomized_negative_control	negative_shuffled_endpoints_stratum_preserving	trans	exact_accuracy_ci95_lower	0.19136008856124043	143977	ORACLE_COORDINATES_RANDOMIZED_CONTROL
057	057E_randomized_negative_control	negative_shuffled_endpoints_stratum_preserving	trans	exact_accuracy_ci95_upper	0.19544027247671658	143977	ORACLE_COORDINATES_RANDOMIZED_CONTROL
057	057E_randomized_negative_control	negative_shuffled_endpoints_stratum_preserving	trans	exact_log_loss	2.0794679968399086	143977	ORACLE_COORDINATES_RANDOMIZED_CONTROL
057	057E_randomized_negative_control	negative_shuffled_endpoints_stratum_preserving	trans	exact_brier	1.0467571543114056	143977	ORACLE_COORDINATES_RANDOMIZED_CONTROL
057	057E_randomized_negative_control	negative_shuffled_endpoints_stratum_preserving	trans	same_cross_accuracy	0.6146815116303298	143977	ORACLE_COORDINATES_RANDOMIZED_CONTROL
057	057E_randomized_negative_control	negative_shuffled_endpoints_stratum_preserving	trans	same_cross_random_tie_expected_accuracy	0.6146815116303298	143977	ORACLE_COORDINATES_RANDOMIZED_CONTROL
057	057E_randomized_negative_control	negative_shuffled_endpoints_stratum_preserving	trans	same_cross_accuracy_ci95_lower	0.6121646499406962	143977	ORACLE_COORDINATES_RANDOMIZED_CONTROL
057	057E_randomized_negative_control	negative_shuffled_endpoints_stratum_preserving	trans	same_cross_accuracy_ci95_upper	0.6171922538348992	143977	ORACLE_COORDINATES_RANDOMIZED_CONTROL
057	057E_randomized_negative_control	negative_shuffled_endpoints_stratum_preserving	trans	same_cross_log_loss	0.7270573110609793	143977	ORACLE_COORDINATES_RANDOMIZED_CONTROL
057	057E_randomized_negative_control	negative_shuffled_endpoints_stratum_preserving	trans	same_cross_brier	0.49395655498379687	143977	ORACLE_COORDINATES_RANDOMIZED_CONTROL
057	057E_randomized_negative_control	negative_shuffled_endpoints_stratum_preserving	trans	mean_entropy	0.989518825503981	143977	ORACLE_COORDINATES_RANDOMIZED_CONTROL
057	057E_randomized_negative_control	negative_shuffled_endpoints_stratum_preserving	trans	exact_ece	0.39503169399630633	143977	ORACLE_COORDINATES_RANDOMIZED_CONTROL
057	057E_randomized_negative_control	negative_shuffled_endpoints_stratum_preserving	trans	same_cross_ece	0.108973691833537	143977	ORACLE_COORDINATES_RANDOMIZED_CONTROL
057	057E_randomized_negative_control	negative_shuffled_endpoints_stratum_preserving	trans	mean_exact_confidence	0.588423694107435	143977	ORACLE_COORDINATES_RANDOMIZED_CONTROL
057	057E_randomized_negative_control	negative_shuffled_endpoints_stratum_preserving	trans	mean_same_cross_confidence	0.7236552034638668	143977	ORACLE_COORDINATES_RANDOMIZED_CONTROL
057	057E_randomized_negative_control	negative_shuffled_endpoints_stratum_preserving	trans	mean_signal_probability	1.0	143977	ORACLE_COORDINATES_RANDOMIZED_CONTROL
057	057E_randomized_negative_control	negative_shuffled_endpoints_stratum_preserving	trans	exact_coverage_at_precision_0.55	0.0	143977	ORACLE_COORDINATES_RANDOMIZED_CONTROL
057	057E_randomized_negative_control	negative_shuffled_endpoints_stratum_preserving	trans	exact_coverage_at_precision_0.60	0.0	143977	ORACLE_COORDINATES_RANDOMIZED_CONTROL
057	057E_randomized_negative_control	negative_shuffled_endpoints_stratum_preserving	trans	exact_coverage_at_precision_0.70	0.0	143977	ORACLE_COORDINATES_RANDOMIZED_CONTROL
057	057E_randomized_negative_control	negative_shuffled_endpoints_stratum_preserving	trans	exact_coverage_at_precision_0.80	0.0	143977	ORACLE_COORDINATES_RANDOMIZED_CONTROL
057	057E_randomized_negative_control	negative_shuffled_endpoints_stratum_preserving	trans	exact_coverage_at_precision_0.90	0.0	143977	ORACLE_COORDINATES_RANDOMIZED_CONTROL
057	057E_randomized_negative_control	negative_shuffled_endpoints_stratum_preserving	trans	same_cross_coverage_at_precision_0.55	1.0	143977	ORACLE_COORDINATES_RANDOMIZED_CONTROL
057	057E_randomized_negative_control	negative_shuffled_endpoints_stratum_preserving	trans	same_cross_coverage_at_precision_0.60	1.0	143977	ORACLE_COORDINATES_RANDOMIZED_CONTROL
057	057E_randomized_negative_control	negative_shuffled_endpoints_stratum_preserving	trans	same_cross_coverage_at_precision_0.70	0.3922432055119915	143977	ORACLE_COORDINATES_RANDOMIZED_CONTROL
057	057E_randomized_negative_control	negative_shuffled_endpoints_stratum_preserving	trans	same_cross_coverage_at_precision_0.80	0.0021392305715496225	143977	ORACLE_COORDINATES_RANDOMIZED_CONTROL
057	057E_randomized_negative_control	negative_shuffled_endpoints_stratum_preserving	trans	same_cross_coverage_at_precision_0.90	0.00010418330705598811	143977	ORACLE_COORDINATES_RANDOMIZED_CONTROL
057	057E_randomized_negative_control	negative_shuffled_endpoints_stratum_preserving	trans	exact_signal_aware_coverage_at_precision_0.55	0.0	143977	ORACLE_COORDINATES_RANDOMIZED_CONTROL
057	057E_randomized_negative_control	negative_shuffled_endpoints_stratum_preserving	trans	exact_signal_aware_coverage_at_precision_0.60	0.0	143977	ORACLE_COORDINATES_RANDOMIZED_CONTROL
057	057E_randomized_negative_control	negative_shuffled_endpoints_stratum_preserving	trans	exact_signal_aware_coverage_at_precision_0.70	0.0	143977	ORACLE_COORDINATES_RANDOMIZED_CONTROL
057	057E_randomized_negative_control	negative_shuffled_endpoints_stratum_preserving	trans	exact_signal_aware_coverage_at_precision_0.80	0.0	143977	ORACLE_COORDINATES_RANDOMIZED_CONTROL
057	057E_randomized_negative_control	negative_shuffled_endpoints_stratum_preserving	trans	exact_signal_aware_coverage_at_precision_0.90	0.0	143977	ORACLE_COORDINATES_RANDOMIZED_CONTROL
057	057E_randomized_negative_control	negative_shuffled_endpoints_stratum_preserving	trans	same_cross_signal_aware_coverage_at_precision_0.55	1.0	143977	ORACLE_COORDINATES_RANDOMIZED_CONTROL
057	057E_randomized_negative_control	negative_shuffled_endpoints_stratum_preserving	trans	same_cross_signal_aware_coverage_at_precision_0.60	1.0	143977	ORACLE_COORDINATES_RANDOMIZED_CONTROL
057	057E_randomized_negative_control	negative_shuffled_endpoints_stratum_preserving	trans	same_cross_signal_aware_coverage_at_precision_0.70	0.3922432055119915	143977	ORACLE_COORDINATES_RANDOMIZED_CONTROL
057	057E_randomized_negative_control	negative_shuffled_endpoints_stratum_preserving	trans	same_cross_signal_aware_coverage_at_precision_0.80	0.0021392305715496225	143977	ORACLE_COORDINATES_RANDOMIZED_CONTROL
057	057E_randomized_negative_control	negative_shuffled_endpoints_stratum_preserving	trans	same_cross_signal_aware_coverage_at_precision_0.90	0.00010418330705598811	143977	ORACLE_COORDINATES_RANDOMIZED_CONTROL
057	057E_randomized_negative_control	negative_randomized_geometry	all	n_contacts	350034	350034	ORACLE_COORDINATES_RANDOMIZED_CONTROL
057	057E_randomized_negative_control	negative_randomized_geometry	all	callable_fraction	1.0	350034	ORACLE_COORDINATES_RANDOMIZED_CONTROL
057	057E_randomized_negative_control	negative_randomized_geometry	all	exact_top1_accuracy	0.24965574772736362	350034	ORACLE_COORDINATES_RANDOMIZED_CONTROL
057	057E_randomized_negative_control	negative_randomized_geometry	all	exact_random_tie_expected_accuracy	0.24965574772736362	350034	ORACLE_COORDINATES_RANDOMIZED_CONTROL
057	057E_randomized_negative_control	negative_randomized_geometry	all	exact_accuracy_ci95_lower	0.2482246823036833	350034	ORACLE_COORDINATES_RANDOMIZED_CONTROL
057	057E_randomized_negative_control	negative_randomized_geometry	all	exact_accuracy_ci95_upper	0.2510923079120223	350034	ORACLE_COORDINATES_RANDOMIZED_CONTROL
057	057E_randomized_negative_control	negative_randomized_geometry	all	exact_log_loss	2.389601724851065	350034	ORACLE_COORDINATES_RANDOMIZED_CONTROL
057	057E_randomized_negative_control	negative_randomized_geometry	all	exact_brier	1.057356629443244	350034	ORACLE_COORDINATES_RANDOMIZED_CONTROL
057	057E_randomized_negative_control	negative_randomized_geometry	all	same_cross_accuracy	0.4997171703320249	350034	ORACLE_COORDINATES_RANDOMIZED_CONTROL
057	057E_randomized_negative_control	negative_randomized_geometry	all	same_cross_random_tie_expected_accuracy	0.4997171703320249	350034	ORACLE_COORDINATES_RANDOMIZED_CONTROL
057	057E_randomized_negative_control	negative_randomized_geometry	all	same_cross_accuracy_ci95_lower	0.4980607913405885	350034	ORACLE_COORDINATES_RANDOMIZED_CONTROL
057	057E_randomized_negative_control	negative_randomized_geometry	all	same_cross_accuracy_ci95_upper	0.5013735555312389	350034	ORACLE_COORDINATES_RANDOMIZED_CONTROL
057	057E_randomized_negative_control	negative_randomized_geometry	all	same_cross_log_loss	1.0942410064358354	350034	ORACLE_COORDINATES_RANDOMIZED_CONTROL
057	057E_randomized_negative_control	negative_randomized_geometry	all	same_cross_brier	0.7051985203985041	350034	ORACLE_COORDINATES_RANDOMIZED_CONTROL
057	057E_randomized_negative_control	negative_randomized_geometry	all	mean_entropy	0.7996215440936904	350034	ORACLE_COORDINATES_RANDOMIZED_CONTROL
057	057E_randomized_negative_control	negative_randomized_geometry	all	exact_ece	0.4228949758779418	350034	ORACLE_COORDINATES_RANDOMIZED_CONTROL
057	057E_randomized_negative_control	negative_randomized_geometry	all	same_cross_ece	0.28491544435230837	350034	ORACLE_COORDINATES_RANDOMIZED_CONTROL
057	057E_randomized_negative_control	negative_randomized_geometry	all	mean_exact_confidence	0.6725507236053054	350034	ORACLE_COORDINATES_RANDOMIZED_CONTROL
057	057E_randomized_negative_control	negative_randomized_geometry	all	mean_same_cross_confidence	0.7846326146843333	350034	ORACLE_COORDINATES_RANDOMIZED_CONTROL
057	057E_randomized_negative_control	negative_randomized_geometry	all	mean_signal_probability	1.0	350034	ORACLE_COORDINATES_RANDOMIZED_CONTROL
057	057E_randomized_negative_control	negative_randomized_geometry	all	exact_coverage_at_precision_0.55	2.8568653330819293e-06	350034	ORACLE_COORDINATES_RANDOMIZED_CONTROL
057	057E_randomized_negative_control	negative_randomized_geometry	all	exact_coverage_at_precision_0.60	2.8568653330819293e-06	350034	ORACLE_COORDINATES_RANDOMIZED_CONTROL
057	057E_randomized_negative_control	negative_randomized_geometry	all	exact_coverage_at_precision_0.70	2.8568653330819293e-06	350034	ORACLE_COORDINATES_RANDOMIZED_CONTROL
057	057E_randomized_negative_control	negative_randomized_geometry	all	exact_coverage_at_precision_0.80	2.8568653330819293e-06	350034	ORACLE_COORDINATES_RANDOMIZED_CONTROL
057	057E_randomized_negative_control	negative_randomized_geometry	all	exact_coverage_at_precision_0.90	2.8568653330819293e-06	350034	ORACLE_COORDINATES_RANDOMIZED_CONTROL
057	057E_randomized_negative_control	negative_randomized_geometry	all	same_cross_coverage_at_precision_0.55	0.0003942474159653062	350034	ORACLE_COORDINATES_RANDOMIZED_CONTROL
057	057E_randomized_negative_control	negative_randomized_geometry	all	same_cross_coverage_at_precision_0.60	0.00019998057331573505	350034	ORACLE_COORDINATES_RANDOMIZED_CONTROL
057	057E_randomized_negative_control	negative_randomized_geometry	all	same_cross_coverage_at_precision_0.70	0.0	350034	ORACLE_COORDINATES_RANDOMIZED_CONTROL
057	057E_randomized_negative_control	negative_randomized_geometry	all	same_cross_coverage_at_precision_0.80	0.0	350034	ORACLE_COORDINATES_RANDOMIZED_CONTROL
057	057E_randomized_negative_control	negative_randomized_geometry	all	same_cross_coverage_at_precision_0.90	0.0	350034	ORACLE_COORDINATES_RANDOMIZED_CONTROL
057	057E_randomized_negative_control	negative_randomized_geometry	all	exact_signal_aware_coverage_at_precision_0.55	2.8568653330819293e-06	350034	ORACLE_COORDINATES_RANDOMIZED_CONTROL
057	057E_randomized_negative_control	negative_randomized_geometry	all	exact_signal_aware_coverage_at_precision_0.60	2.8568653330819293e-06	350034	ORACLE_COORDINATES_RANDOMIZED_CONTROL
057	057E_randomized_negative_control	negative_randomized_geometry	all	exact_signal_aware_coverage_at_precision_0.70	2.8568653330819293e-06	350034	ORACLE_COORDINATES_RANDOMIZED_CONTROL
057	057E_randomized_negative_control	negative_randomized_geometry	all	exact_signal_aware_coverage_at_precision_0.80	2.8568653330819293e-06	350034	ORACLE_COORDINATES_RANDOMIZED_CONTROL
057	057E_randomized_negative_control	negative_randomized_geometry	all	exact_signal_aware_coverage_at_precision_0.90	2.8568653330819293e-06	350034	ORACLE_COORDINATES_RANDOMIZED_CONTROL
057	057E_randomized_negative_control	negative_randomized_geometry	all	same_cross_signal_aware_coverage_at_precision_0.55	0.0003942474159653062	350034	ORACLE_COORDINATES_RANDOMIZED_CONTROL
057	057E_randomized_negative_control	negative_randomized_geometry	all	same_cross_signal_aware_coverage_at_precision_0.60	0.00019998057331573505	350034	ORACLE_COORDINATES_RANDOMIZED_CONTROL
057	057E_randomized_negative_control	negative_randomized_geometry	all	same_cross_signal_aware_coverage_at_precision_0.70	0.0	350034	ORACLE_COORDINATES_RANDOMIZED_CONTROL
057	057E_randomized_negative_control	negative_randomized_geometry	all	same_cross_signal_aware_coverage_at_precision_0.80	0.0	350034	ORACLE_COORDINATES_RANDOMIZED_CONTROL
057	057E_randomized_negative_control	negative_randomized_geometry	all	same_cross_signal_aware_coverage_at_precision_0.90	0.0	350034	ORACLE_COORDINATES_RANDOMIZED_CONTROL
057	057E_randomized_negative_control	negative_randomized_geometry	cis	n_contacts	206057	206057	ORACLE_COORDINATES_RANDOMIZED_CONTROL
057	057E_randomized_negative_control	negative_randomized_geometry	cis	callable_fraction	1.0	206057	ORACLE_COORDINATES_RANDOMIZED_CONTROL
057	057E_randomized_negative_control	negative_randomized_geometry	cis	exact_top1_accuracy	0.2495037780808223	206057	ORACLE_COORDINATES_RANDOMIZED_CONTROL
057	057E_randomized_negative_control	negative_randomized_geometry	cis	exact_random_tie_expected_accuracy	0.2495037780808223	206057	ORACLE_COORDINATES_RANDOMIZED_CONTROL
057	057E_randomized_negative_control	negative_randomized_geometry	cis	exact_accuracy_ci95_lower	0.24764007083819584	206057	ORACLE_COORDINATES_RANDOMIZED_CONTROL
057	057E_randomized_negative_control	negative_randomized_geometry	cis	exact_accuracy_ci95_upper	0.25137682500113256	206057	ORACLE_COORDINATES_RANDOMIZED_CONTROL
057	057E_randomized_negative_control	negative_randomized_geometry	cis	exact_log_loss	2.41320765848824	206057	ORACLE_COORDINATES_RANDOMIZED_CONTROL
057	057E_randomized_negative_control	negative_randomized_geometry	cis	exact_brier	1.062838801254243	206057	ORACLE_COORDINATES_RANDOMIZED_CONTROL
057	057E_randomized_negative_control	negative_randomized_geometry	cis	same_cross_accuracy	0.49901726221385345	206057	ORACLE_COORDINATES_RANDOMIZED_CONTROL
057	057E_randomized_negative_control	negative_randomized_geometry	cis	same_cross_random_tie_expected_accuracy	0.49901726221385345	206057	ORACLE_COORDINATES_RANDOMIZED_CONTROL
057	057E_randomized_negative_control	negative_randomized_geometry	cis	same_cross_accuracy_ci95_lower	0.4968584451784528	206057	ORACLE_COORDINATES_RANDOMIZED_CONTROL
057	057E_randomized_negative_control	negative_randomized_geometry	cis	same_cross_accuracy_ci95_upper	0.5011761158903423	206057	ORACLE_COORDINATES_RANDOMIZED_CONTROL
057	057E_randomized_negative_control	negative_randomized_geometry	cis	same_cross_log_loss	1.106838848576689	206057	ORACLE_COORDINATES_RANDOMIZED_CONTROL
057	057E_randomized_negative_control	negative_randomized_geometry	cis	same_cross_brier	0.7092088221531281	206057	ORACLE_COORDINATES_RANDOMIZED_CONTROL
057	057E_randomized_negative_control	negative_randomized_geometry	cis	mean_entropy	0.7909478759090149	206057	ORACLE_COORDINATES_RANDOMIZED_CONTROL
057	057E_randomized_negative_control	negative_randomized_geometry	cis	exact_ece	0.427251737251265	206057	ORACLE_COORDINATES_RANDOMIZED_CONTROL
057	057E_randomized_negative_control	negative_randomized_geometry	cis	same_cross_ece	0.28813179346477075	206057	ORACLE_COORDINATES_RANDOMIZED_CONTROL
057	057E_randomized_negative_control	negative_randomized_geometry	cis	mean_exact_confidence	0.6767555153320873	206057	ORACLE_COORDINATES_RANDOMIZED_CONTROL
057	057E_randomized_negative_control	negative_randomized_geometry	cis	mean_same_cross_confidence	0.7871490556786241	206057	ORACLE_COORDINATES_RANDOMIZED_CONTROL
057	057E_randomized_negative_control	negative_randomized_geometry	cis	mean_signal_probability	1.0	206057	ORACLE_COORDINATES_RANDOMIZED_CONTROL
057	057E_randomized_negative_control	negative_randomized_geometry	cis	exact_coverage_at_precision_0.55	1.4559078313282248e-05	206057	ORACLE_COORDINATES_RANDOMIZED_CONTROL
057	057E_randomized_negative_control	negative_randomized_geometry	cis	exact_coverage_at_precision_0.60	1.4559078313282248e-05	206057	ORACLE_COORDINATES_RANDOMIZED_CONTROL
057	057E_randomized_negative_control	negative_randomized_geometry	cis	exact_coverage_at_precision_0.70	4.853026104427416e-06	206057	ORACLE_COORDINATES_RANDOMIZED_CONTROL
057	057E_randomized_negative_control	negative_randomized_geometry	cis	exact_coverage_at_precision_0.80	4.853026104427416e-06	206057	ORACLE_COORDINATES_RANDOMIZED_CONTROL
057	057E_randomized_negative_control	negative_randomized_geometry	cis	exact_coverage_at_precision_0.90	4.853026104427416e-06	206057	ORACLE_COORDINATES_RANDOMIZED_CONTROL
057	057E_randomized_negative_control	negative_randomized_geometry	cis	same_cross_coverage_at_precision_0.55	0.00043191932329404	206057	ORACLE_COORDINATES_RANDOMIZED_CONTROL
057	057E_randomized_negative_control	negative_randomized_geometry	cis	same_cross_coverage_at_precision_0.60	0.0002183861746992337	206057	ORACLE_COORDINATES_RANDOMIZED_CONTROL
057	057E_randomized_negative_control	negative_randomized_geometry	cis	same_cross_coverage_at_precision_0.70	0.0	206057	ORACLE_COORDINATES_RANDOMIZED_CONTROL
057	057E_randomized_negative_control	negative_randomized_geometry	cis	same_cross_coverage_at_precision_0.80	0.0	206057	ORACLE_COORDINATES_RANDOMIZED_CONTROL
057	057E_randomized_negative_control	negative_randomized_geometry	cis	same_cross_coverage_at_precision_0.90	0.0	206057	ORACLE_COORDINATES_RANDOMIZED_CONTROL
057	057E_randomized_negative_control	negative_randomized_geometry	cis	exact_signal_aware_coverage_at_precision_0.55	1.4559078313282248e-05	206057	ORACLE_COORDINATES_RANDOMIZED_CONTROL
057	057E_randomized_negative_control	negative_randomized_geometry	cis	exact_signal_aware_coverage_at_precision_0.60	1.4559078313282248e-05	206057	ORACLE_COORDINATES_RANDOMIZED_CONTROL
057	057E_randomized_negative_control	negative_randomized_geometry	cis	exact_signal_aware_coverage_at_precision_0.70	4.853026104427416e-06	206057	ORACLE_COORDINATES_RANDOMIZED_CONTROL
057	057E_randomized_negative_control	negative_randomized_geometry	cis	exact_signal_aware_coverage_at_precision_0.80	4.853026104427416e-06	206057	ORACLE_COORDINATES_RANDOMIZED_CONTROL
057	057E_randomized_negative_control	negative_randomized_geometry	cis	exact_signal_aware_coverage_at_precision_0.90	4.853026104427416e-06	206057	ORACLE_COORDINATES_RANDOMIZED_CONTROL
057	057E_randomized_negative_control	negative_randomized_geometry	cis	same_cross_signal_aware_coverage_at_precision_0.55	0.00043191932329404	206057	ORACLE_COORDINATES_RANDOMIZED_CONTROL
057	057E_randomized_negative_control	negative_randomized_geometry	cis	same_cross_signal_aware_coverage_at_precision_0.60	0.0002183861746992337	206057	ORACLE_COORDINATES_RANDOMIZED_CONTROL
057	057E_randomized_negative_control	negative_randomized_geometry	cis	same_cross_signal_aware_coverage_at_precision_0.70	0.0	206057	ORACLE_COORDINATES_RANDOMIZED_CONTROL
057	057E_randomized_negative_control	negative_randomized_geometry	cis	same_cross_signal_aware_coverage_at_precision_0.80	0.0	206057	ORACLE_COORDINATES_RANDOMIZED_CONTROL
057	057E_randomized_negative_control	negative_randomized_geometry	cis	same_cross_signal_aware_coverage_at_precision_0.90	0.0	206057	ORACLE_COORDINATES_RANDOMIZED_CONTROL
057	057E_randomized_negative_control	negative_randomized_geometry	trans	n_contacts	143977	143977	ORACLE_COORDINATES_RANDOMIZED_CONTROL
057	057E_randomized_negative_control	negative_randomized_geometry	trans	callable_fraction	1.0	143977	ORACLE_COORDINATES_RANDOMIZED_CONTROL
057	057E_randomized_negative_control	negative_randomized_geometry	trans	exact_top1_accuracy	0.2498732436430819	143977	ORACLE_COORDINATES_RANDOMIZED_CONTROL
057	057E_randomized_negative_control	negative_randomized_geometry	trans	exact_random_tie_expected_accuracy	0.2498732436430819	143977	ORACLE_COORDINATES_RANDOMIZED_CONTROL
057	057E_randomized_negative_control	negative_randomized_geometry	trans	exact_accuracy_ci95_lower	0.24764364382138274	143977	ORACLE_COORDINATES_RANDOMIZED_CONTROL
057	057E_randomized_negative_control	negative_randomized_geometry	trans	exact_accuracy_ci95_upper	0.2521161904021202	143977	ORACLE_COORDINATES_RANDOMIZED_CONTROL
057	057E_randomized_negative_control	negative_randomized_geometry	trans	exact_log_loss	2.3558173852171267	143977	ORACLE_COORDINATES_RANDOMIZED_CONTROL
057	057E_randomized_negative_control	negative_randomized_geometry	trans	exact_brier	1.0495106548996778	143977	ORACLE_COORDINATES_RANDOMIZED_CONTROL
057	057E_randomized_negative_control	negative_randomized_geometry	trans	same_cross_accuracy	0.5007188648186863	143977	ORACLE_COORDINATES_RANDOMIZED_CONTROL
057	057E_randomized_negative_control	negative_randomized_geometry	trans	same_cross_random_tie_expected_accuracy	0.5007188648186863	143977	ORACLE_COORDINATES_RANDOMIZED_CONTROL
057	057E_randomized_negative_control	negative_randomized_geometry	trans	same_cross_accuracy_ci95_lower	0.4981361971963684	143977	ORACLE_COORDINATES_RANDOMIZED_CONTROL
057	057E_randomized_negative_control	negative_randomized_geometry	trans	same_cross_accuracy_ci95_upper	0.5033014940818786	143977	ORACLE_COORDINATES_RANDOMIZED_CONTROL
057	057E_randomized_negative_control	negative_randomized_geometry	trans	same_cross_log_loss	1.0762112269709367	143977	ORACLE_COORDINATES_RANDOMIZED_CONTROL
057	057E_randomized_negative_control	negative_randomized_geometry	trans	same_cross_brier	0.6994590568129829	143977	ORACLE_COORDINATES_RANDOMIZED_CONTROL
057	057E_randomized_negative_control	negative_randomized_geometry	trans	mean_entropy	0.8120351243539379	143977	ORACLE_COORDINATES_RANDOMIZED_CONTROL
057	057E_randomized_negative_control	negative_randomized_geometry	trans	exact_ece	0.41665966622221295	143977	ORACLE_COORDINATES_RANDOMIZED_CONTROL
057	057E_randomized_negative_control	negative_randomized_geometry	trans	same_cross_ece	0.28031226989342495	143977	ORACLE_COORDINATES_RANDOMIZED_CONTROL
057	057E_randomized_negative_control	negative_randomized_geometry	trans	mean_exact_confidence	0.6665329098652949	143977	ORACLE_COORDINATES_RANDOMIZED_CONTROL
057	057E_randomized_negative_control	negative_randomized_geometry	trans	mean_same_cross_confidence	0.7810311347121113	143977	ORACLE_COORDINATES_RANDOMIZED_CONTROL
057	057E_randomized_negative_control	negative_randomized_geometry	trans	mean_signal_probability	1.0	143977	ORACLE_COORDINATES_RANDOMIZED_CONTROL
057	057E_randomized_negative_control	negative_randomized_geometry	trans	exact_coverage_at_precision_0.55	0.0	143977	ORACLE_COORDINATES_RANDOMIZED_CONTROL
057	057E_randomized_negative_control	negative_randomized_geometry	trans	exact_coverage_at_precision_0.60	0.0	143977	ORACLE_COORDINATES_RANDOMIZED_CONTROL
057	057E_randomized_negative_control	negative_randomized_geometry	trans	exact_coverage_at_precision_0.70	0.0	143977	ORACLE_COORDINATES_RANDOMIZED_CONTROL
057	057E_randomized_negative_control	negative_randomized_geometry	trans	exact_coverage_at_precision_0.80	0.0	143977	ORACLE_COORDINATES_RANDOMIZED_CONTROL
057	057E_randomized_negative_control	negative_randomized_geometry	trans	exact_coverage_at_precision_0.90	0.0	143977	ORACLE_COORDINATES_RANDOMIZED_CONTROL
057	057E_randomized_negative_control	negative_randomized_geometry	trans	same_cross_coverage_at_precision_0.55	0.0009932141939337532	143977	ORACLE_COORDINATES_RANDOMIZED_CONTROL
057	057E_randomized_negative_control	negative_randomized_geometry	trans	same_cross_coverage_at_precision_0.60	0.0002500399369343715	143977	ORACLE_COORDINATES_RANDOMIZED_CONTROL
057	057E_randomized_negative_control	negative_randomized_geometry	trans	same_cross_coverage_at_precision_0.70	0.00020836661411197623	143977	ORACLE_COORDINATES_RANDOMIZED_CONTROL
057	057E_randomized_negative_control	negative_randomized_geometry	trans	same_cross_coverage_at_precision_0.80	7.640109184105794e-05	143977	ORACLE_COORDINATES_RANDOMIZED_CONTROL
057	057E_randomized_negative_control	negative_randomized_geometry	trans	same_cross_coverage_at_precision_0.90	0.0	143977	ORACLE_COORDINATES_RANDOMIZED_CONTROL
057	057E_randomized_negative_control	negative_randomized_geometry	trans	exact_signal_aware_coverage_at_precision_0.55	0.0	143977	ORACLE_COORDINATES_RANDOMIZED_CONTROL
057	057E_randomized_negative_control	negative_randomized_geometry	trans	exact_signal_aware_coverage_at_precision_0.60	0.0	143977	ORACLE_COORDINATES_RANDOMIZED_CONTROL
057	057E_randomized_negative_control	negative_randomized_geometry	trans	exact_signal_aware_coverage_at_precision_0.70	0.0	143977	ORACLE_COORDINATES_RANDOMIZED_CONTROL
057	057E_randomized_negative_control	negative_randomized_geometry	trans	exact_signal_aware_coverage_at_precision_0.80	0.0	143977	ORACLE_COORDINATES_RANDOMIZED_CONTROL
057	057E_randomized_negative_control	negative_randomized_geometry	trans	exact_signal_aware_coverage_at_precision_0.90	0.0	143977	ORACLE_COORDINATES_RANDOMIZED_CONTROL
057	057E_randomized_negative_control	negative_randomized_geometry	trans	same_cross_signal_aware_coverage_at_precision_0.55	0.0009932141939337532	143977	ORACLE_COORDINATES_RANDOMIZED_CONTROL
057	057E_randomized_negative_control	negative_randomized_geometry	trans	same_cross_signal_aware_coverage_at_precision_0.60	0.0002500399369343715	143977	ORACLE_COORDINATES_RANDOMIZED_CONTROL
057	057E_randomized_negative_control	negative_randomized_geometry	trans	same_cross_signal_aware_coverage_at_precision_0.70	0.00020836661411197623	143977	ORACLE_COORDINATES_RANDOMIZED_CONTROL
057	057E_randomized_negative_control	negative_randomized_geometry	trans	same_cross_signal_aware_coverage_at_precision_0.80	7.640109184105794e-05	143977	ORACLE_COORDINATES_RANDOMIZED_CONTROL
057	057E_randomized_negative_control	negative_randomized_geometry	trans	same_cross_signal_aware_coverage_at_precision_0.90	0.0	143977	ORACLE_COORDINATES_RANDOMIZED_CONTROL
057	057E_randomized_negative_control	negative_permuted_chromosome_labels_trans	all	n_contacts	350034	350034	ORACLE_COORDINATES_RANDOMIZED_CONTROL
057	057E_randomized_negative_control	negative_permuted_chromosome_labels_trans	all	callable_fraction	1.0	350034	ORACLE_COORDINATES_RANDOMIZED_CONTROL
057	057E_randomized_negative_control	negative_permuted_chromosome_labels_trans	all	exact_top1_accuracy	0.2230869001297017	350034	ORACLE_COORDINATES_RANDOMIZED_CONTROL
057	057E_randomized_negative_control	negative_permuted_chromosome_labels_trans	all	exact_random_tie_expected_accuracy	0.2230869001297017	350034	ORACLE_COORDINATES_RANDOMIZED_CONTROL
057	057E_randomized_negative_control	negative_permuted_chromosome_labels_trans	all	exact_accuracy_ci95_lower	0.2217107782916052	350034	ORACLE_COORDINATES_RANDOMIZED_CONTROL
057	057E_randomized_negative_control	negative_permuted_chromosome_labels_trans	all	exact_accuracy_ci95_upper	0.22446909988363514	350034	ORACLE_COORDINATES_RANDOMIZED_CONTROL
057	057E_randomized_negative_control	negative_permuted_chromosome_labels_trans	all	exact_log_loss	1.7643026072292805	350034	ORACLE_COORDINATES_RANDOMIZED_CONTROL
057	057E_randomized_negative_control	negative_permuted_chromosome_labels_trans	all	exact_brier	1.031679606784863	350034	ORACLE_COORDINATES_RANDOMIZED_CONTROL
057	057E_randomized_negative_control	negative_permuted_chromosome_labels_trans	all	same_cross_accuracy	0.781435517692567	350034	ORACLE_COORDINATES_RANDOMIZED_CONTROL
057	057E_randomized_negative_control	negative_permuted_chromosome_labels_trans	all	same_cross_random_tie_expected_accuracy	0.781435517692567	350034	ORACLE_COORDINATES_RANDOMIZED_CONTROL
057	057E_randomized_negative_control	negative_permuted_chromosome_labels_trans	all	same_cross_accuracy_ci95_lower	0.7800633515022709	350034	ORACLE_COORDINATES_RANDOMIZED_CONTROL
057	057E_randomized_negative_control	negative_permuted_chromosome_labels_trans	all	same_cross_accuracy_ci95_upper	0.7828015067052906	350034	ORACLE_COORDINATES_RANDOMIZED_CONTROL
057	057E_randomized_negative_control	negative_permuted_chromosome_labels_trans	all	same_cross_log_loss	0.4440022720744924	350034	ORACLE_COORDINATES_RANDOMIZED_CONTROL
057	057E_randomized_negative_control	negative_permuted_chromosome_labels_trans	all	same_cross_brier	0.2885666994622026	350034	ORACLE_COORDINATES_RANDOMIZED_CONTROL
057	057E_randomized_negative_control	negative_permuted_chromosome_labels_trans	all	mean_entropy	0.7597431408092075	350034	ORACLE_COORDINATES_RANDOMIZED_CONTROL
057	057E_randomized_negative_control	negative_permuted_chromosome_labels_trans	all	exact_ece	0.4586453462776097	350034	ORACLE_COORDINATES_RANDOMIZED_CONTROL
057	057E_randomized_negative_control	negative_permuted_chromosome_labels_trans	all	same_cross_ece	0.08624987605671668	350034	ORACLE_COORDINATES_RANDOMIZED_CONTROL
057	057E_randomized_negative_control	negative_permuted_chromosome_labels_trans	all	mean_exact_confidence	0.6817322464073113	350034	ORACLE_COORDINATES_RANDOMIZED_CONTROL
057	057E_randomized_negative_control	negative_permuted_chromosome_labels_trans	all	mean_same_cross_confidence	0.8676853937492836	350034	ORACLE_COORDINATES_RANDOMIZED_CONTROL
057	057E_randomized_negative_control	negative_permuted_chromosome_labels_trans	all	mean_signal_probability	1.0	350034	ORACLE_COORDINATES_RANDOMIZED_CONTROL
057	057E_randomized_negative_control	negative_permuted_chromosome_labels_trans	all	exact_coverage_at_precision_0.55	0.0	350034	ORACLE_COORDINATES_RANDOMIZED_CONTROL
057	057E_randomized_negative_control	negative_permuted_chromosome_labels_trans	all	exact_coverage_at_precision_0.60	0.0	350034	ORACLE_COORDINATES_RANDOMIZED_CONTROL
057	057E_randomized_negative_control	negative_permuted_chromosome_labels_trans	all	exact_coverage_at_precision_0.70	0.0	350034	ORACLE_COORDINATES_RANDOMIZED_CONTROL
057	057E_randomized_negative_control	negative_permuted_chromosome_labels_trans	all	exact_coverage_at_precision_0.80	0.0	350034	ORACLE_COORDINATES_RANDOMIZED_CONTROL
057	057E_randomized_negative_control	negative_permuted_chromosome_labels_trans	all	exact_coverage_at_precision_0.90	0.0	350034	ORACLE_COORDINATES_RANDOMIZED_CONTROL
057	057E_randomized_negative_control	negative_permuted_chromosome_labels_trans	all	same_cross_coverage_at_precision_0.55	1.0	350034	ORACLE_COORDINATES_RANDOMIZED_CONTROL
057	057E_randomized_negative_control	negative_permuted_chromosome_labels_trans	all	same_cross_coverage_at_precision_0.60	1.0	350034	ORACLE_COORDINATES_RANDOMIZED_CONTROL
057	057E_randomized_negative_control	negative_permuted_chromosome_labels_trans	all	same_cross_coverage_at_precision_0.70	1.0	350034	ORACLE_COORDINATES_RANDOMIZED_CONTROL
057	057E_randomized_negative_control	negative_permuted_chromosome_labels_trans	all	same_cross_coverage_at_precision_0.80	0.9383288480547604	350034	ORACLE_COORDINATES_RANDOMIZED_CONTROL
057	057E_randomized_negative_control	negative_permuted_chromosome_labels_trans	all	same_cross_coverage_at_precision_0.90	0.6933097927629888	350034	ORACLE_COORDINATES_RANDOMIZED_CONTROL
057	057E_randomized_negative_control	negative_permuted_chromosome_labels_trans	all	exact_signal_aware_coverage_at_precision_0.55	0.0	350034	ORACLE_COORDINATES_RANDOMIZED_CONTROL
057	057E_randomized_negative_control	negative_permuted_chromosome_labels_trans	all	exact_signal_aware_coverage_at_precision_0.60	0.0	350034	ORACLE_COORDINATES_RANDOMIZED_CONTROL
057	057E_randomized_negative_control	negative_permuted_chromosome_labels_trans	all	exact_signal_aware_coverage_at_precision_0.70	0.0	350034	ORACLE_COORDINATES_RANDOMIZED_CONTROL
057	057E_randomized_negative_control	negative_permuted_chromosome_labels_trans	all	exact_signal_aware_coverage_at_precision_0.80	0.0	350034	ORACLE_COORDINATES_RANDOMIZED_CONTROL
057	057E_randomized_negative_control	negative_permuted_chromosome_labels_trans	all	exact_signal_aware_coverage_at_precision_0.90	0.0	350034	ORACLE_COORDINATES_RANDOMIZED_CONTROL
057	057E_randomized_negative_control	negative_permuted_chromosome_labels_trans	all	same_cross_signal_aware_coverage_at_precision_0.55	1.0	350034	ORACLE_COORDINATES_RANDOMIZED_CONTROL
057	057E_randomized_negative_control	negative_permuted_chromosome_labels_trans	all	same_cross_signal_aware_coverage_at_precision_0.60	1.0	350034	ORACLE_COORDINATES_RANDOMIZED_CONTROL
057	057E_randomized_negative_control	negative_permuted_chromosome_labels_trans	all	same_cross_signal_aware_coverage_at_precision_0.70	1.0	350034	ORACLE_COORDINATES_RANDOMIZED_CONTROL
057	057E_randomized_negative_control	negative_permuted_chromosome_labels_trans	all	same_cross_signal_aware_coverage_at_precision_0.80	0.9383288480547604	350034	ORACLE_COORDINATES_RANDOMIZED_CONTROL
057	057E_randomized_negative_control	negative_permuted_chromosome_labels_trans	all	same_cross_signal_aware_coverage_at_precision_0.90	0.6933097927629888	350034	ORACLE_COORDINATES_RANDOMIZED_CONTROL
057	057E_randomized_negative_control	negative_permuted_chromosome_labels_trans	cis	n_contacts	206057	206057	ORACLE_COORDINATES_RANDOMIZED_CONTROL
057	057E_randomized_negative_control	negative_permuted_chromosome_labels_trans	cis	callable_fraction	1.0	206057	ORACLE_COORDINATES_RANDOMIZED_CONTROL
057	057E_randomized_negative_control	negative_permuted_chromosome_labels_trans	cis	exact_top1_accuracy	0.20466181687591298	206057	ORACLE_COORDINATES_RANDOMIZED_CONTROL
057	057E_randomized_negative_control	negative_permuted_chromosome_labels_trans	cis	exact_random_tie_expected_accuracy	0.20466181687591298	206057	ORACLE_COORDINATES_RANDOMIZED_CONTROL
057	057E_randomized_negative_control	negative_permuted_chromosome_labels_trans	cis	exact_accuracy_ci95_lower	0.20292532787223966	206057	ORACLE_COORDINATES_RANDOMIZED_CONTROL
057	057E_randomized_negative_control	negative_permuted_chromosome_labels_trans	cis	exact_accuracy_ci95_upper	0.20640931747655555	206057	ORACLE_COORDINATES_RANDOMIZED_CONTROL
057	057E_randomized_negative_control	negative_permuted_chromosome_labels_trans	cis	exact_log_loss	1.6613456897331351	206057	ORACLE_COORDINATES_RANDOMIZED_CONTROL
057	057E_randomized_negative_control	negative_permuted_chromosome_labels_trans	cis	exact_brier	1.0733037274257717	206057	ORACLE_COORDINATES_RANDOMIZED_CONTROL
057	057E_randomized_negative_control	negative_permuted_chromosome_labels_trans	cis	same_cross_accuracy	0.9772490136224443	206057	ORACLE_COORDINATES_RANDOMIZED_CONTROL
057	057E_randomized_negative_control	negative_permuted_chromosome_labels_trans	cis	same_cross_random_tie_expected_accuracy	0.9772490136224443	206057	ORACLE_COORDINATES_RANDOMIZED_CONTROL
057	057E_randomized_negative_control	negative_permuted_chromosome_labels_trans	cis	same_cross_accuracy_ci95_lower	0.9765962519623251	206057	ORACLE_COORDINATES_RANDOMIZED_CONTROL
057	057E_randomized_negative_control	negative_permuted_chromosome_labels_trans	cis	same_cross_accuracy_ci95_upper	0.977883981193982	206057	ORACLE_COORDINATES_RANDOMIZED_CONTROL
057	057E_randomized_negative_control	negative_permuted_chromosome_labels_trans	cis	same_cross_log_loss	0.09348958306279263	206057	ORACLE_COORDINATES_RANDOMIZED_CONTROL
057	057E_randomized_negative_control	negative_permuted_chromosome_labels_trans	cis	same_cross_brier	0.04141875849732473	206057	ORACLE_COORDINATES_RANDOMIZED_CONTROL
057	057E_randomized_negative_control	negative_permuted_chromosome_labels_trans	cis	mean_entropy	0.5987907486306613	206057	ORACLE_COORDINATES_RANDOMIZED_CONTROL
057	057E_randomized_negative_control	negative_permuted_chromosome_labels_trans	cis	exact_ece	0.5423977796272959	206057	ORACLE_COORDINATES_RANDOMIZED_CONTROL
057	057E_randomized_negative_control	negative_permuted_chromosome_labels_trans	cis	same_cross_ece	0.008840902962087054	206057	ORACLE_COORDINATES_RANDOMIZED_CONTROL
057	057E_randomized_negative_control	negative_permuted_chromosome_labels_trans	cis	mean_exact_confidence	0.7470566990981914	206057	ORACLE_COORDINATES_RANDOMIZED_CONTROL
057	057E_randomized_negative_control	negative_permuted_chromosome_labels_trans	cis	mean_same_cross_confidence	0.9684081106603571	206057	ORACLE_COORDINATES_RANDOMIZED_CONTROL
057	057E_randomized_negative_control	negative_permuted_chromosome_labels_trans	cis	mean_signal_probability	1.0	206057	ORACLE_COORDINATES_RANDOMIZED_CONTROL
057	057E_randomized_negative_control	negative_permuted_chromosome_labels_trans	cis	exact_coverage_at_precision_0.55	0.0	206057	ORACLE_COORDINATES_RANDOMIZED_CONTROL
057	057E_randomized_negative_control	negative_permuted_chromosome_labels_trans	cis	exact_coverage_at_precision_0.60	0.0	206057	ORACLE_COORDINATES_RANDOMIZED_CONTROL
057	057E_randomized_negative_control	negative_permuted_chromosome_labels_trans	cis	exact_coverage_at_precision_0.70	0.0	206057	ORACLE_COORDINATES_RANDOMIZED_CONTROL
057	057E_randomized_negative_control	negative_permuted_chromosome_labels_trans	cis	exact_coverage_at_precision_0.80	0.0	206057	ORACLE_COORDINATES_RANDOMIZED_CONTROL
057	057E_randomized_negative_control	negative_permuted_chromosome_labels_trans	cis	exact_coverage_at_precision_0.90	0.0	206057	ORACLE_COORDINATES_RANDOMIZED_CONTROL
057	057E_randomized_negative_control	negative_permuted_chromosome_labels_trans	cis	same_cross_coverage_at_precision_0.55	1.0	206057	ORACLE_COORDINATES_RANDOMIZED_CONTROL
057	057E_randomized_negative_control	negative_permuted_chromosome_labels_trans	cis	same_cross_coverage_at_precision_0.60	1.0	206057	ORACLE_COORDINATES_RANDOMIZED_CONTROL
057	057E_randomized_negative_control	negative_permuted_chromosome_labels_trans	cis	same_cross_coverage_at_precision_0.70	1.0	206057	ORACLE_COORDINATES_RANDOMIZED_CONTROL
057	057E_randomized_negative_control	negative_permuted_chromosome_labels_trans	cis	same_cross_coverage_at_precision_0.80	1.0	206057	ORACLE_COORDINATES_RANDOMIZED_CONTROL
057	057E_randomized_negative_control	negative_permuted_chromosome_labels_trans	cis	same_cross_coverage_at_precision_0.90	1.0	206057	ORACLE_COORDINATES_RANDOMIZED_CONTROL
057	057E_randomized_negative_control	negative_permuted_chromosome_labels_trans	cis	exact_signal_aware_coverage_at_precision_0.55	0.0	206057	ORACLE_COORDINATES_RANDOMIZED_CONTROL
057	057E_randomized_negative_control	negative_permuted_chromosome_labels_trans	cis	exact_signal_aware_coverage_at_precision_0.60	0.0	206057	ORACLE_COORDINATES_RANDOMIZED_CONTROL
057	057E_randomized_negative_control	negative_permuted_chromosome_labels_trans	cis	exact_signal_aware_coverage_at_precision_0.70	0.0	206057	ORACLE_COORDINATES_RANDOMIZED_CONTROL
057	057E_randomized_negative_control	negative_permuted_chromosome_labels_trans	cis	exact_signal_aware_coverage_at_precision_0.80	0.0	206057	ORACLE_COORDINATES_RANDOMIZED_CONTROL
057	057E_randomized_negative_control	negative_permuted_chromosome_labels_trans	cis	exact_signal_aware_coverage_at_precision_0.90	0.0	206057	ORACLE_COORDINATES_RANDOMIZED_CONTROL
057	057E_randomized_negative_control	negative_permuted_chromosome_labels_trans	cis	same_cross_signal_aware_coverage_at_precision_0.55	1.0	206057	ORACLE_COORDINATES_RANDOMIZED_CONTROL
057	057E_randomized_negative_control	negative_permuted_chromosome_labels_trans	cis	same_cross_signal_aware_coverage_at_precision_0.60	1.0	206057	ORACLE_COORDINATES_RANDOMIZED_CONTROL
057	057E_randomized_negative_control	negative_permuted_chromosome_labels_trans	cis	same_cross_signal_aware_coverage_at_precision_0.70	1.0	206057	ORACLE_COORDINATES_RANDOMIZED_CONTROL
057	057E_randomized_negative_control	negative_permuted_chromosome_labels_trans	cis	same_cross_signal_aware_coverage_at_precision_0.80	1.0	206057	ORACLE_COORDINATES_RANDOMIZED_CONTROL
057	057E_randomized_negative_control	negative_permuted_chromosome_labels_trans	cis	same_cross_signal_aware_coverage_at_precision_0.90	1.0	206057	ORACLE_COORDINATES_RANDOMIZED_CONTROL
057	057E_randomized_negative_control	negative_permuted_chromosome_labels_trans	trans	n_contacts	143977	143977	ORACLE_COORDINATES_RANDOMIZED_CONTROL
057	057E_randomized_negative_control	negative_permuted_chromosome_labels_trans	trans	callable_fraction	1.0	143977	ORACLE_COORDINATES_RANDOMIZED_CONTROL
057	057E_randomized_negative_control	negative_permuted_chromosome_labels_trans	trans	exact_top1_accuracy	0.24945651041485792	143977	ORACLE_COORDINATES_RANDOMIZED_CONTROL
057	057E_randomized_negative_control	negative_permuted_chromosome_labels_trans	trans	exact_random_tie_expected_accuracy	0.24945651041485792	143977	ORACLE_COORDINATES_RANDOMIZED_CONTROL
057	057E_randomized_negative_control	negative_permuted_chromosome_labels_trans	trans	exact_accuracy_ci95_lower	0.24722816667299435	143977	ORACLE_COORDINATES_RANDOMIZED_CONTROL
057	057E_randomized_negative_control	negative_permuted_chromosome_labels_trans	trans	exact_accuracy_ci95_upper	0.251698223331235	143977	ORACLE_COORDINATES_RANDOMIZED_CONTROL
057	057E_randomized_negative_control	negative_permuted_chromosome_labels_trans	trans	exact_log_loss	1.9116524863662472	143977	ORACLE_COORDINATES_RANDOMIZED_CONTROL
057	057E_randomized_negative_control	negative_permuted_chromosome_labels_trans	trans	exact_brier	0.9721079986328404	143977	ORACLE_COORDINATES_RANDOMIZED_CONTROL
057	057E_randomized_negative_control	negative_permuted_chromosome_labels_trans	trans	same_cross_accuracy	0.5011911624773401	143977	ORACLE_COORDINATES_RANDOMIZED_CONTROL
057	057E_randomized_negative_control	negative_permuted_chromosome_labels_trans	trans	same_cross_random_tie_expected_accuracy	0.5011911624773401	143977	ORACLE_COORDINATES_RANDOMIZED_CONTROL
057	057E_randomized_negative_control	negative_permuted_chromosome_labels_trans	trans	same_cross_accuracy_ci95_lower	0.4986084869134678	143977	ORACLE_COORDINATES_RANDOMIZED_CONTROL
057	057E_randomized_negative_control	negative_permuted_chromosome_labels_trans	trans	same_cross_accuracy_ci95_upper	0.5037737744799556	143977	ORACLE_COORDINATES_RANDOMIZED_CONTROL
057	057E_randomized_negative_control	negative_permuted_chromosome_labels_trans	trans	same_cross_log_loss	0.9456490153715735	143977	ORACLE_COORDINATES_RANDOMIZED_CONTROL
057	057E_randomized_negative_control	negative_permuted_chromosome_labels_trans	trans	same_cross_brier	0.6422798847028995	143977	ORACLE_COORDINATES_RANDOMIZED_CONTROL
057	057E_randomized_negative_control	negative_permuted_chromosome_labels_trans	trans	mean_entropy	0.9900949822500951	143977	ORACLE_COORDINATES_RANDOMIZED_CONTROL
057	057E_randomized_negative_control	negative_permuted_chromosome_labels_trans	trans	exact_ece	0.33878468708794335	143977	ORACLE_COORDINATES_RANDOMIZED_CONTROL
057	057E_randomized_negative_control	negative_permuted_chromosome_labels_trans	trans	same_cross_ece	0.22234189528393783	143977	ORACLE_COORDINATES_RANDOMIZED_CONTROL
057	057E_randomized_negative_control	negative_permuted_chromosome_labels_trans	trans	mean_exact_confidence	0.5882411975028012	143977	ORACLE_COORDINATES_RANDOMIZED_CONTROL
057	057E_randomized_negative_control	negative_permuted_chromosome_labels_trans	trans	mean_same_cross_confidence	0.723533057761278	143977	ORACLE_COORDINATES_RANDOMIZED_CONTROL
057	057E_randomized_negative_control	negative_permuted_chromosome_labels_trans	trans	mean_signal_probability	1.0	143977	ORACLE_COORDINATES_RANDOMIZED_CONTROL
057	057E_randomized_negative_control	negative_permuted_chromosome_labels_trans	trans	exact_coverage_at_precision_0.55	0.0	143977	ORACLE_COORDINATES_RANDOMIZED_CONTROL
057	057E_randomized_negative_control	negative_permuted_chromosome_labels_trans	trans	exact_coverage_at_precision_0.60	0.0	143977	ORACLE_COORDINATES_RANDOMIZED_CONTROL
057	057E_randomized_negative_control	negative_permuted_chromosome_labels_trans	trans	exact_coverage_at_precision_0.70	0.0	143977	ORACLE_COORDINATES_RANDOMIZED_CONTROL
057	057E_randomized_negative_control	negative_permuted_chromosome_labels_trans	trans	exact_coverage_at_precision_0.80	0.0	143977	ORACLE_COORDINATES_RANDOMIZED_CONTROL
057	057E_randomized_negative_control	negative_permuted_chromosome_labels_trans	trans	exact_coverage_at_precision_0.90	0.0	143977	ORACLE_COORDINATES_RANDOMIZED_CONTROL
057	057E_randomized_negative_control	negative_permuted_chromosome_labels_trans	trans	same_cross_coverage_at_precision_0.55	0.0001389110760746508	143977	ORACLE_COORDINATES_RANDOMIZED_CONTROL
057	057E_randomized_negative_control	negative_permuted_chromosome_labels_trans	trans	same_cross_coverage_at_precision_0.60	6.945553803732541e-06	143977	ORACLE_COORDINATES_RANDOMIZED_CONTROL
057	057E_randomized_negative_control	negative_permuted_chromosome_labels_trans	trans	same_cross_coverage_at_precision_0.70	6.945553803732541e-06	143977	ORACLE_COORDINATES_RANDOMIZED_CONTROL
057	057E_randomized_negative_control	negative_permuted_chromosome_labels_trans	trans	same_cross_coverage_at_precision_0.80	6.945553803732541e-06	143977	ORACLE_COORDINATES_RANDOMIZED_CONTROL
057	057E_randomized_negative_control	negative_permuted_chromosome_labels_trans	trans	same_cross_coverage_at_precision_0.90	6.945553803732541e-06	143977	ORACLE_COORDINATES_RANDOMIZED_CONTROL
057	057E_randomized_negative_control	negative_permuted_chromosome_labels_trans	trans	exact_signal_aware_coverage_at_precision_0.55	0.0	143977	ORACLE_COORDINATES_RANDOMIZED_CONTROL
057	057E_randomized_negative_control	negative_permuted_chromosome_labels_trans	trans	exact_signal_aware_coverage_at_precision_0.60	0.0	143977	ORACLE_COORDINATES_RANDOMIZED_CONTROL
057	057E_randomized_negative_control	negative_permuted_chromosome_labels_trans	trans	exact_signal_aware_coverage_at_precision_0.70	0.0	143977	ORACLE_COORDINATES_RANDOMIZED_CONTROL
057	057E_randomized_negative_control	negative_permuted_chromosome_labels_trans	trans	exact_signal_aware_coverage_at_precision_0.80	0.0	143977	ORACLE_COORDINATES_RANDOMIZED_CONTROL
057	057E_randomized_negative_control	negative_permuted_chromosome_labels_trans	trans	exact_signal_aware_coverage_at_precision_0.90	0.0	143977	ORACLE_COORDINATES_RANDOMIZED_CONTROL
057	057E_randomized_negative_control	negative_permuted_chromosome_labels_trans	trans	same_cross_signal_aware_coverage_at_precision_0.55	0.0001389110760746508	143977	ORACLE_COORDINATES_RANDOMIZED_CONTROL
057	057E_randomized_negative_control	negative_permuted_chromosome_labels_trans	trans	same_cross_signal_aware_coverage_at_precision_0.60	6.945553803732541e-06	143977	ORACLE_COORDINATES_RANDOMIZED_CONTROL
057	057E_randomized_negative_control	negative_permuted_chromosome_labels_trans	trans	same_cross_signal_aware_coverage_at_precision_0.70	6.945553803732541e-06	143977	ORACLE_COORDINATES_RANDOMIZED_CONTROL
057	057E_randomized_negative_control	negative_permuted_chromosome_labels_trans	trans	same_cross_signal_aware_coverage_at_precision_0.80	6.945553803732541e-06	143977	ORACLE_COORDINATES_RANDOMIZED_CONTROL
057	057E_randomized_negative_control	negative_permuted_chromosome_labels_trans	trans	same_cross_signal_aware_coverage_at_precision_0.90	6.945553803732541e-06	143977	ORACLE_COORDINATES_RANDOMIZED_CONTROL
057	057E_randomized_negative_control	negative_randomized_p4_initialization	all	n_contacts	350034	350034	none
057	057E_randomized_negative_control	negative_randomized_p4_initialization	all	callable_fraction	1.0	350034	none
057	057E_randomized_negative_control	negative_randomized_p4_initialization	all	exact_top1_accuracy	0.2504642406166258	350034	none
057	057E_randomized_negative_control	negative_randomized_p4_initialization	all	exact_random_tie_expected_accuracy	0.2504642406166258	350034	none
057	057E_randomized_negative_control	negative_randomized_p4_initialization	all	exact_accuracy_ci95_lower	0.24903162048962826	350034	none
057	057E_randomized_negative_control	negative_randomized_p4_initialization	all	exact_accuracy_ci95_upper	0.25190233775913684	350034	none
057	057E_randomized_negative_control	negative_randomized_p4_initialization	all	exact_log_loss	1.8357633425291606	350034	none
057	057E_randomized_negative_control	negative_randomized_p4_initialization	all	exact_brier	0.9000727887373	350034	none
057	057E_randomized_negative_control	negative_randomized_p4_initialization	all	same_cross_accuracy	0.5006199397772788	350034	none
057	057E_randomized_negative_control	negative_randomized_p4_initialization	all	same_cross_random_tie_expected_accuracy	0.5006199397772788	350034	none
057	057E_randomized_negative_control	negative_randomized_p4_initialization	all	same_cross_accuracy_ci95_lower	0.49896355188665237	350034	none
057	057E_randomized_negative_control	negative_randomized_p4_initialization	all	same_cross_accuracy_ci95_upper	0.5022763140609586	350034	none
057	057E_randomized_negative_control	negative_randomized_p4_initialization	all	same_cross_log_loss	0.8328744280174949	350034	none
057	057E_randomized_negative_control	negative_randomized_p4_initialization	all	same_cross_brier	0.5995489207566042	350034	none
057	057E_randomized_negative_control	negative_randomized_p4_initialization	all	mean_entropy	1.083509059723396	350034	none
057	057E_randomized_negative_control	negative_randomized_p4_initialization	all	exact_ece	0.27011790298765537	350034	none
057	057E_randomized_negative_control	negative_randomized_p4_initialization	all	same_cross_ece	0.18681501141136278	350034	none
057	057E_randomized_negative_control	negative_randomized_p4_initialization	all	mean_exact_confidence	0.5205821436042811	350034	none
057	057E_randomized_negative_control	negative_randomized_p4_initialization	all	mean_same_cross_confidence	0.6874349511886415	350034	none
057	057E_randomized_negative_control	negative_randomized_p4_initialization	all	mean_signal_probability	1.0	350034	none
057	057E_randomized_negative_control	negative_randomized_p4_initialization	all	exact_coverage_at_precision_0.55	0.0	350034	none
057	057E_randomized_negative_control	negative_randomized_p4_initialization	all	exact_coverage_at_precision_0.60	0.0	350034	none
057	057E_randomized_negative_control	negative_randomized_p4_initialization	all	exact_coverage_at_precision_0.70	0.0	350034	none
057	057E_randomized_negative_control	negative_randomized_p4_initialization	all	exact_coverage_at_precision_0.80	0.0	350034	none
057	057E_randomized_negative_control	negative_randomized_p4_initialization	all	exact_coverage_at_precision_0.90	0.0	350034	none
057	057E_randomized_negative_control	negative_randomized_p4_initialization	all	same_cross_coverage_at_precision_0.55	0.0007113594679374004	350034	none
057	057E_randomized_negative_control	negative_randomized_p4_initialization	all	same_cross_coverage_at_precision_0.60	4.285297999622894e-05	350034	none
057	057E_randomized_negative_control	negative_randomized_p4_initialization	all	same_cross_coverage_at_precision_0.70	0.0	350034	none
057	057E_randomized_negative_control	negative_randomized_p4_initialization	all	same_cross_coverage_at_precision_0.80	0.0	350034	none
057	057E_randomized_negative_control	negative_randomized_p4_initialization	all	same_cross_coverage_at_precision_0.90	0.0	350034	none
057	057E_randomized_negative_control	negative_randomized_p4_initialization	all	exact_signal_aware_coverage_at_precision_0.55	0.0	350034	none
057	057E_randomized_negative_control	negative_randomized_p4_initialization	all	exact_signal_aware_coverage_at_precision_0.60	0.0	350034	none
057	057E_randomized_negative_control	negative_randomized_p4_initialization	all	exact_signal_aware_coverage_at_precision_0.70	0.0	350034	none
057	057E_randomized_negative_control	negative_randomized_p4_initialization	all	exact_signal_aware_coverage_at_precision_0.80	0.0	350034	none
057	057E_randomized_negative_control	negative_randomized_p4_initialization	all	exact_signal_aware_coverage_at_precision_0.90	0.0	350034	none
057	057E_randomized_negative_control	negative_randomized_p4_initialization	all	same_cross_signal_aware_coverage_at_precision_0.55	0.0007113594679374004	350034	none
057	057E_randomized_negative_control	negative_randomized_p4_initialization	all	same_cross_signal_aware_coverage_at_precision_0.60	4.285297999622894e-05	350034	none
057	057E_randomized_negative_control	negative_randomized_p4_initialization	all	same_cross_signal_aware_coverage_at_precision_0.70	0.0	350034	none
057	057E_randomized_negative_control	negative_randomized_p4_initialization	all	same_cross_signal_aware_coverage_at_precision_0.80	0.0	350034	none
057	057E_randomized_negative_control	negative_randomized_p4_initialization	all	same_cross_signal_aware_coverage_at_precision_0.90	0.0	350034	none
057	057E_randomized_negative_control	negative_randomized_p4_initialization	cis	n_contacts	206057	206057	none
057	057E_randomized_negative_control	negative_randomized_p4_initialization	cis	callable_fraction	1.0	206057	none
057	057E_randomized_negative_control	negative_randomized_p4_initialization	cis	exact_top1_accuracy	0.24990172622138535	206057	none
057	057E_randomized_negative_control	negative_randomized_p4_initialization	cis	exact_random_tie_expected_accuracy	0.24990172622138535	206057	none
057	057E_randomized_negative_control	negative_randomized_p4_initialization	cis	exact_accuracy_ci95_lower	0.2480370179975944	206057	none
057	057E_randomized_negative_control	negative_randomized_p4_initialization	cis	exact_accuracy_ci95_upper	0.2517757592854811	206057	none
057	057E_randomized_negative_control	negative_randomized_p4_initialization	cis	exact_log_loss	1.8344125042365451	206057	none
057	057E_randomized_negative_control	negative_randomized_p4_initialization	cis	exact_brier	0.8996522196540002	206057	none
057	057E_randomized_negative_control	negative_randomized_p4_initialization	cis	same_cross_accuracy	0.5006042017500012	206057	none
057	057E_randomized_negative_control	negative_randomized_p4_initialization	cis	same_cross_random_tie_expected_accuracy	0.5006042017500012	206057	none
057	057E_randomized_negative_control	negative_randomized_p4_initialization	cis	same_cross_accuracy_ci95_lower	0.49844535253667	206057	none
057	057E_randomized_negative_control	negative_randomized_p4_initialization	cis	same_cross_accuracy_ci95_upper	0.5027630284358485	206057	none
057	057E_randomized_negative_control	negative_randomized_p4_initialization	cis	same_cross_log_loss	0.8329651020846621	206057	none
057	057E_randomized_negative_control	negative_randomized_p4_initialization	cis	same_cross_brier	0.5994937790447771	206057	none
057	057E_randomized_negative_control	negative_randomized_p4_initialization	cis	mean_entropy	1.0840092717428298	206057	none
057	057E_randomized_negative_control	negative_randomized_p4_initialization	cis	exact_ece	0.27039986171261743	206057	none
057	057E_randomized_negative_control	negative_randomized_p4_initialization	cis	same_cross_ece	0.18685434811571483	206057	none
057	057E_randomized_negative_control	negative_randomized_p4_initialization	cis	mean_exact_confidence	0.5203015879340027	206057	none
057	057E_randomized_negative_control	negative_randomized_p4_initialization	cis	mean_same_cross_confidence	0.687458549865716	206057	none
057	057E_randomized_negative_control	negative_randomized_p4_initialization	cis	mean_signal_probability	1.0	206057	none
057	057E_randomized_negative_control	negative_randomized_p4_initialization	cis	exact_coverage_at_precision_0.55	0.0	206057	none
057	057E_randomized_negative_control	negative_randomized_p4_initialization	cis	exact_coverage_at_precision_0.60	0.0	206057	none
057	057E_randomized_negative_control	negative_randomized_p4_initialization	cis	exact_coverage_at_precision_0.70	0.0	206057	none
057	057E_randomized_negative_control	negative_randomized_p4_initialization	cis	exact_coverage_at_precision_0.80	0.0	206057	none
057	057E_randomized_negative_control	negative_randomized_p4_initialization	cis	exact_coverage_at_precision_0.90	0.0	206057	none
057	057E_randomized_negative_control	negative_randomized_p4_initialization	cis	same_cross_coverage_at_precision_0.55	0.00013103170481954023	206057	none
057	057E_randomized_negative_control	negative_randomized_p4_initialization	cis	same_cross_coverage_at_precision_0.60	7.279539156641124e-05	206057	none
057	057E_randomized_negative_control	negative_randomized_p4_initialization	cis	same_cross_coverage_at_precision_0.70	0.0	206057	none
057	057E_randomized_negative_control	negative_randomized_p4_initialization	cis	same_cross_coverage_at_precision_0.80	0.0	206057	none
057	057E_randomized_negative_control	negative_randomized_p4_initialization	cis	same_cross_coverage_at_precision_0.90	0.0	206057	none
057	057E_randomized_negative_control	negative_randomized_p4_initialization	cis	exact_signal_aware_coverage_at_precision_0.55	0.0	206057	none
057	057E_randomized_negative_control	negative_randomized_p4_initialization	cis	exact_signal_aware_coverage_at_precision_0.60	0.0	206057	none
057	057E_randomized_negative_control	negative_randomized_p4_initialization	cis	exact_signal_aware_coverage_at_precision_0.70	0.0	206057	none
057	057E_randomized_negative_control	negative_randomized_p4_initialization	cis	exact_signal_aware_coverage_at_precision_0.80	0.0	206057	none
057	057E_randomized_negative_control	negative_randomized_p4_initialization	cis	exact_signal_aware_coverage_at_precision_0.90	0.0	206057	none
057	057E_randomized_negative_control	negative_randomized_p4_initialization	cis	same_cross_signal_aware_coverage_at_precision_0.55	0.00013103170481954023	206057	none
057	057E_randomized_negative_control	negative_randomized_p4_initialization	cis	same_cross_signal_aware_coverage_at_precision_0.60	7.279539156641124e-05	206057	none
057	057E_randomized_negative_control	negative_randomized_p4_initialization	cis	same_cross_signal_aware_coverage_at_precision_0.70	0.0	206057	none
057	057E_randomized_negative_control	negative_randomized_p4_initialization	cis	same_cross_signal_aware_coverage_at_precision_0.80	0.0	206057	none
057	057E_randomized_negative_control	negative_randomized_p4_initialization	cis	same_cross_signal_aware_coverage_at_precision_0.90	0.0	206057	none
057	057E_randomized_negative_control	negative_randomized_p4_initialization	trans	n_contacts	143977	143977	none
057	057E_randomized_negative_control	negative_randomized_p4_initialization	trans	callable_fraction	1.0	143977	none
057	057E_randomized_negative_control	negative_randomized_p4_initialization	trans	exact_top1_accuracy	0.25126929995763214	143977	none
057	057E_randomized_negative_control	negative_randomized_p4_initialization	trans	exact_random_tie_expected_accuracy	0.25126929995763214	143977	none
057	057E_randomized_negative_control	negative_randomized_p4_initialization	trans	exact_accuracy_ci95_lower	0.2490355123775327	143977	none
057	057E_randomized_negative_control	negative_randomized_p4_initialization	trans	exact_accuracy_ci95_upper	0.25351635998053684	143977	none
057	057E_randomized_negative_control	negative_randomized_p4_initialization	trans	exact_log_loss	1.837696635249953	143977	none
057	057E_randomized_negative_control	negative_randomized_p4_initialization	trans	exact_brier	0.9006746987895828	143977	none
057	057E_randomized_negative_control	negative_randomized_p4_initialization	trans	same_cross_accuracy	0.5006424637268453	143977	none
057	057E_randomized_negative_control	negative_randomized_p4_initialization	trans	same_cross_random_tie_expected_accuracy	0.5006424637268453	143977	none
057	057E_randomized_negative_control	negative_randomized_p4_initialization	trans	same_cross_accuracy_ci95_lower	0.49805979760572133	143977	none
057	057E_randomized_negative_control	negative_randomized_p4_initialization	trans	same_cross_accuracy_ci95_upper	0.5032250955656589	143977	none
057	057E_randomized_negative_control	negative_randomized_p4_initialization	trans	same_cross_log_loss	0.8327446571078481	143977	none
057	057E_randomized_negative_control	negative_randomized_p4_initialization	trans	same_cross_brier	0.5996278384706417	143977	none
057	057E_randomized_negative_control	negative_randomized_p4_initialization	trans	mean_entropy	1.0827931662953596	143977	none
057	057E_randomized_negative_control	negative_randomized_p4_initialization	trans	exact_ece	0.269714369305265	143977	none
057	057E_randomized_negative_control	negative_randomized_p4_initialization	trans	same_cross_ece	0.1867587135076096	143977	none
057	057E_randomized_negative_control	negative_randomized_p4_initialization	trans	mean_exact_confidence	0.5209836692628971	143977	none
057	057E_randomized_negative_control	negative_randomized_p4_initialization	trans	mean_same_cross_confidence	0.6874011772344548	143977	none
057	057E_randomized_negative_control	negative_randomized_p4_initialization	trans	mean_signal_probability	1.0	143977	none
057	057E_randomized_negative_control	negative_randomized_p4_initialization	trans	exact_coverage_at_precision_0.55	0.0	143977	none
057	057E_randomized_negative_control	negative_randomized_p4_initialization	trans	exact_coverage_at_precision_0.60	0.0	143977	none
057	057E_randomized_negative_control	negative_randomized_p4_initialization	trans	exact_coverage_at_precision_0.70	0.0	143977	none
057	057E_randomized_negative_control	negative_randomized_p4_initialization	trans	exact_coverage_at_precision_0.80	0.0	143977	none
057	057E_randomized_negative_control	negative_randomized_p4_initialization	trans	exact_coverage_at_precision_0.90	0.0	143977	none
057	057E_randomized_negative_control	negative_randomized_p4_initialization	trans	same_cross_coverage_at_precision_0.55	0.0013127096689054501	143977	none
057	057E_randomized_negative_control	negative_randomized_p4_initialization	trans	same_cross_coverage_at_precision_0.60	0.0007501198108031144	143977	none
057	057E_randomized_negative_control	negative_randomized_p4_initialization	trans	same_cross_coverage_at_precision_0.70	0.0	143977	none
057	057E_randomized_negative_control	negative_randomized_p4_initialization	trans	same_cross_coverage_at_precision_0.80	0.0	143977	none
057	057E_randomized_negative_control	negative_randomized_p4_initialization	trans	same_cross_coverage_at_precision_0.90	0.0	143977	none
057	057E_randomized_negative_control	negative_randomized_p4_initialization	trans	exact_signal_aware_coverage_at_precision_0.55	0.0	143977	none
057	057E_randomized_negative_control	negative_randomized_p4_initialization	trans	exact_signal_aware_coverage_at_precision_0.60	0.0	143977	none
057	057E_randomized_negative_control	negative_randomized_p4_initialization	trans	exact_signal_aware_coverage_at_precision_0.70	0.0	143977	none
057	057E_randomized_negative_control	negative_randomized_p4_initialization	trans	exact_signal_aware_coverage_at_precision_0.80	0.0	143977	none
057	057E_randomized_negative_control	negative_randomized_p4_initialization	trans	exact_signal_aware_coverage_at_precision_0.90	0.0	143977	none
057	057E_randomized_negative_control	negative_randomized_p4_initialization	trans	same_cross_signal_aware_coverage_at_precision_0.55	0.0013127096689054501	143977	none
057	057E_randomized_negative_control	negative_randomized_p4_initialization	trans	same_cross_signal_aware_coverage_at_precision_0.60	0.0007501198108031144	143977	none
057	057E_randomized_negative_control	negative_randomized_p4_initialization	trans	same_cross_signal_aware_coverage_at_precision_0.70	0.0	143977	none
057	057E_randomized_negative_control	negative_randomized_p4_initialization	trans	same_cross_signal_aware_coverage_at_precision_0.80	0.0	143977	none
057	057E_randomized_negative_control	negative_randomized_p4_initialization	trans	same_cross_signal_aware_coverage_at_precision_0.90	0.0	143977	none
057	057B_historical_joint_oracle_phase_hickit_partial	true_seed17	all_chromosomes	strict_unordered_pair_spearman_mean	0.9198302464454192	20	ORACLE_CONTACT_PHASE
057	057B_historical_joint_oracle_phase_hickit_partial	true_seed17	all_chromosomes	strict_worst_copy_spearman_mean	0.9048941412274354	20	ORACLE_CONTACT_PHASE
057	057B_historical_joint_oracle_phase_hickit_partial	true_seed17	all_chromosomes	assignment_gap_mean	0.6722990576422314	20	ORACLE_CONTACT_PHASE
057	057B_historical_joint_oracle_phase_hickit_partial	true_seed17	all_chromosomes	d0_minus_d1_abs_spearman_mean	0.8989845520979296	20	ORACLE_CONTACT_PHASE
057	057B_historical_joint_oracle_phase_hickit_partial	true_seed17	all_chromosomes	pooled_two_copy_spearman_mean_diagnostic	0.9767292667537182	20	ORACLE_CONTACT_PHASE
057	057B_historical_joint_oracle_phase_hickit_partial	true_seed29	all_chromosomes	strict_unordered_pair_spearman_mean	0.8911945867484377	20	ORACLE_CONTACT_PHASE
057	057B_historical_joint_oracle_phase_hickit_partial	true_seed29	all_chromosomes	strict_worst_copy_spearman_mean	0.8555503685446	20	ORACLE_CONTACT_PHASE
057	057B_historical_joint_oracle_phase_hickit_partial	true_seed29	all_chromosomes	assignment_gap_mean	0.6501210946136085	20	ORACLE_CONTACT_PHASE
057	057B_historical_joint_oracle_phase_hickit_partial	true_seed29	all_chromosomes	d0_minus_d1_abs_spearman_mean	0.852094968771353	20	ORACLE_CONTACT_PHASE
057	057B_historical_joint_oracle_phase_hickit_partial	true_seed29	all_chromosomes	pooled_two_copy_spearman_mean_diagnostic	0.9523006147810416	20	ORACLE_CONTACT_PHASE
057	057B_historical_joint_oracle_phase_hickit_partial	true_seed43	all_chromosomes	strict_unordered_pair_spearman_mean	0.9132978993702627	20	ORACLE_CONTACT_PHASE
057	057B_historical_joint_oracle_phase_hickit_partial	true_seed43	all_chromosomes	strict_worst_copy_spearman_mean	0.8955760160018859	20	ORACLE_CONTACT_PHASE
057	057B_historical_joint_oracle_phase_hickit_partial	true_seed43	all_chromosomes	assignment_gap_mean	0.6662821107699477	20	ORACLE_CONTACT_PHASE
057	057B_historical_joint_oracle_phase_hickit_partial	true_seed43	all_chromosomes	d0_minus_d1_abs_spearman_mean	0.8884263467019231	20	ORACLE_CONTACT_PHASE
057	057B_historical_joint_oracle_phase_hickit_partial	true_seed43	all_chromosomes	pooled_two_copy_spearman_mean_diagnostic	0.9726033335055193	20	ORACLE_CONTACT_PHASE
057	057B_explicit_oracle_phase_mstep	native_hickit_cis_only_seed17	all_chromosomes	n_chromosomes	20	20	ORACLE_CONTACT_PHASE
057	057B_explicit_oracle_phase_mstep	native_hickit_cis_only_seed17	all_chromosomes	mean_copy_swap_invariant_procrustes_rmsd	1.3988308839180719	20	ORACLE_CONTACT_PHASE
057	057B_explicit_oracle_phase_mstep	native_hickit_cis_only_seed17	all_chromosomes	mean_copy_swap_invariant_rigid_rmsd	1.7654797932475546	20	ORACLE_CONTACT_PHASE
057	057B_explicit_oracle_phase_mstep	native_hickit_cis_only_seed17	all_chromosomes	mean_copy_swap_invariant_distance_pearson	0.7980954281180124	20	ORACLE_CONTACT_PHASE
057	057B_explicit_oracle_phase_mstep	native_hickit_cis_only_seed17	all_chromosomes	mean_copy_swap_invariant_distance_spearman	0.8036049606350995	20	ORACLE_CONTACT_PHASE
057	057B_explicit_oracle_phase_mstep	native_hickit_cis_only_seed17	all_chromosomes	mean_chromosome_shape_preservation	0.7782571387508174	20	ORACLE_CONTACT_PHASE
057	057B_explicit_oracle_phase_mstep	native_hickit_cis_only_seed17	all_chromosomes	mean_homolog_separation_spearman	0.1727748647611199	20	ORACLE_CONTACT_PHASE
057	057B_explicit_oracle_phase_mstep	native_hickit_cis_only_seed17	all_chromosomes	cis_truth_state_fdg_energy_proxy	1.8529343359813495	20	ORACLE_CONTACT_PHASE
057	057B_explicit_oracle_phase_mstep	native_hickit_cis_only_seed17	all_chromosomes	trans_truth_state_fdg_energy_proxy	44.729890689288425	20	ORACLE_CONTACT_PHASE
057	057B_explicit_oracle_phase_mstep	native_hickit_cis_only_seed17	all_chromosomes	n_cis_contacts_scored	206057	20	ORACLE_CONTACT_PHASE
057	057B_explicit_oracle_phase_mstep	native_hickit_cis_only_seed17	all_chromosomes	n_trans_contacts_scored	143977	20	ORACLE_CONTACT_PHASE
057	057B_explicit_oracle_phase_mstep	native_hickit_cis_only_seed17	all_chromosomes	chromosome_centroid_distance_spearman	0.12678904941236163	20	ORACLE_CONTACT_PHASE
057	057B_explicit_oracle_phase_mstep	native_hickit_cis_only_seed17	all_chromosomes	runtime_seconds	21.338323613628745	20	ORACLE_CONTACT_PHASE
057	057B_explicit_oracle_phase_mstep	native_hickit_cis_plus_trans_seed17	all_chromosomes	n_chromosomes	20	20	ORACLE_CONTACT_PHASE
057	057B_explicit_oracle_phase_mstep	native_hickit_cis_plus_trans_seed17	all_chromosomes	mean_copy_swap_invariant_procrustes_rmsd	0.3233861808010046	20	ORACLE_CONTACT_PHASE
057	057B_explicit_oracle_phase_mstep	native_hickit_cis_plus_trans_seed17	all_chromosomes	mean_copy_swap_invariant_rigid_rmsd	1.2021110461491586	20	ORACLE_CONTACT_PHASE
057	057B_explicit_oracle_phase_mstep	native_hickit_cis_plus_trans_seed17	all_chromosomes	mean_copy_swap_invariant_distance_pearson	0.9849636326949615	20	ORACLE_CONTACT_PHASE
057	057B_explicit_oracle_phase_mstep	native_hickit_cis_plus_trans_seed17	all_chromosomes	mean_copy_swap_invariant_distance_spearman	0.9770033130401036	20	ORACLE_CONTACT_PHASE
057	057B_explicit_oracle_phase_mstep	native_hickit_cis_plus_trans_seed17	all_chromosomes	mean_chromosome_shape_preservation	0.9198302808810709	20	ORACLE_CONTACT_PHASE
057	057B_explicit_oracle_phase_mstep	native_hickit_cis_plus_trans_seed17	all_chromosomes	mean_homolog_separation_spearman	0.9255724964866234	20	ORACLE_CONTACT_PHASE
057	057B_explicit_oracle_phase_mstep	native_hickit_cis_plus_trans_seed17	all_chromosomes	cis_truth_state_fdg_energy_proxy	2.0868012902071986	20	ORACLE_CONTACT_PHASE
057	057B_explicit_oracle_phase_mstep	native_hickit_cis_plus_trans_seed17	all_chromosomes	trans_truth_state_fdg_energy_proxy	10.287554549474033	20	ORACLE_CONTACT_PHASE
057	057B_explicit_oracle_phase_mstep	native_hickit_cis_plus_trans_seed17	all_chromosomes	n_cis_contacts_scored	206057	20	ORACLE_CONTACT_PHASE
057	057B_explicit_oracle_phase_mstep	native_hickit_cis_plus_trans_seed17	all_chromosomes	n_trans_contacts_scored	143977	20	ORACLE_CONTACT_PHASE
057	057B_explicit_oracle_phase_mstep	native_hickit_cis_plus_trans_seed17	all_chromosomes	chromosome_centroid_distance_spearman	0.9898664637160091	20	ORACLE_CONTACT_PHASE
057	057B_explicit_oracle_phase_mstep	native_hickit_cis_plus_trans_seed17	all_chromosomes	runtime_seconds	45.42505771620199	20	ORACLE_CONTACT_PHASE
057	057B_explicit_oracle_phase_mstep	experimental_fixed_cis_rigid_trans_placement_seed17	all_chromosomes	n_chromosomes	20	20	ORACLE_CONTACT_PHASE
057	057B_explicit_oracle_phase_mstep	experimental_fixed_cis_rigid_trans_placement_seed17	all_chromosomes	mean_copy_swap_invariant_procrustes_rmsd	1.3988308839180719	20	ORACLE_CONTACT_PHASE
057	057B_explicit_oracle_phase_mstep	experimental_fixed_cis_rigid_trans_placement_seed17	all_chromosomes	mean_copy_swap_invariant_rigid_rmsd	1.7654797932475546	20	ORACLE_CONTACT_PHASE
057	057B_explicit_oracle_phase_mstep	experimental_fixed_cis_rigid_trans_placement_seed17	all_chromosomes	mean_copy_swap_invariant_distance_pearson	0.7980954281180124	20	ORACLE_CONTACT_PHASE
057	057B_explicit_oracle_phase_mstep	experimental_fixed_cis_rigid_trans_placement_seed17	all_chromosomes	mean_copy_swap_invariant_distance_spearman	0.8036049606350995	20	ORACLE_CONTACT_PHASE
057	057B_explicit_oracle_phase_mstep	experimental_fixed_cis_rigid_trans_placement_seed17	all_chromosomes	mean_chromosome_shape_preservation	0.7782571387508174	20	ORACLE_CONTACT_PHASE
057	057B_explicit_oracle_phase_mstep	experimental_fixed_cis_rigid_trans_placement_seed17	all_chromosomes	mean_homolog_separation_spearman	0.1727748647611199	20	ORACLE_CONTACT_PHASE
057	057B_explicit_oracle_phase_mstep	experimental_fixed_cis_rigid_trans_placement_seed17	all_chromosomes	cis_truth_state_fdg_energy_proxy	1.8529343359813504	20	ORACLE_CONTACT_PHASE
057	057B_explicit_oracle_phase_mstep	experimental_fixed_cis_rigid_trans_placement_seed17	all_chromosomes	trans_truth_state_fdg_energy_proxy	8.210999232841617	20	ORACLE_CONTACT_PHASE
057	057B_explicit_oracle_phase_mstep	experimental_fixed_cis_rigid_trans_placement_seed17	all_chromosomes	n_cis_contacts_scored	206057	20	ORACLE_CONTACT_PHASE
057	057B_explicit_oracle_phase_mstep	experimental_fixed_cis_rigid_trans_placement_seed17	all_chromosomes	n_trans_contacts_scored	143977	20	ORACLE_CONTACT_PHASE
057	057B_explicit_oracle_phase_mstep	experimental_fixed_cis_rigid_trans_placement_seed17	all_chromosomes	chromosome_centroid_distance_spearman	0.14986069011971465	20	ORACLE_CONTACT_PHASE
057	057B_explicit_oracle_phase_mstep	experimental_fixed_cis_rigid_trans_placement_seed17	all_chromosomes	runtime_seconds	9.336967300157994	20	ORACLE_CONTACT_PHASE
057	057B_explicit_oracle_phase_mstep	experimental_fixed_cis_rigid_trans_placement_seed17	all_chromosomes	placement_iterations	350	20	ORACLE_CONTACT_PHASE
057	057B_explicit_oracle_phase_mstep	experimental_fixed_cis_rigid_trans_placement_seed17	all_chromosomes	placement_n_unique_trans_state_contacts	108875	20	ORACLE_CONTACT_PHASE
057	057B_explicit_oracle_phase_mstep	experimental_fixed_cis_rigid_trans_placement_seed17	all_chromosomes	placement_n_raw_trans_contact_mass	132365	20	ORACLE_CONTACT_PHASE
057	057B_explicit_oracle_phase_mstep	experimental_fixed_cis_rigid_trans_placement_seed17	all_chromosomes	placement_initial_objective	37.475241404978526	20	ORACLE_CONTACT_PHASE
057	057B_explicit_oracle_phase_mstep	experimental_fixed_cis_rigid_trans_placement_seed17	all_chromosomes	placement_final_objective	6.726892078435751	20	ORACLE_CONTACT_PHASE
057	057B_explicit_oracle_phase_mstep	experimental_fixed_cis_rigid_trans_placement_seed17	all_chromosomes	placement_runtime_seconds	9.336967300157994	20	ORACLE_CONTACT_PHASE
057	057B_explicit_oracle_phase_mstep	experimental_fixed_cis_rigid_trans_placement_seed17	all_chromosomes	placement_converged	1	20	ORACLE_CONTACT_PHASE
057	057B_explicit_oracle_phase_mstep	experimental_fixed_cis_rigid_trans_placement_seed17	all_chromosomes	placement_seed	17	20	ORACLE_CONTACT_PHASE
057	057B_explicit_oracle_phase_mstep	native_hickit_cis_only_seed29	all_chromosomes	n_chromosomes	20	20	ORACLE_CONTACT_PHASE
057	057B_explicit_oracle_phase_mstep	native_hickit_cis_only_seed29	all_chromosomes	mean_copy_swap_invariant_procrustes_rmsd	1.4377954174471854	20	ORACLE_CONTACT_PHASE
057	057B_explicit_oracle_phase_mstep	native_hickit_cis_only_seed29	all_chromosomes	mean_copy_swap_invariant_rigid_rmsd	1.7523135150501923	20	ORACLE_CONTACT_PHASE
057	057B_explicit_oracle_phase_mstep	native_hickit_cis_only_seed29	all_chromosomes	mean_copy_swap_invariant_distance_pearson	0.7794979948849607	20	ORACLE_CONTACT_PHASE
057	057B_explicit_oracle_phase_mstep	native_hickit_cis_only_seed29	all_chromosomes	mean_copy_swap_invariant_distance_spearman	0.7952894166785323	20	ORACLE_CONTACT_PHASE
057	057B_explicit_oracle_phase_mstep	native_hickit_cis_only_seed29	all_chromosomes	mean_chromosome_shape_preservation	0.7680097652100061	20	ORACLE_CONTACT_PHASE
057	057B_explicit_oracle_phase_mstep	native_hickit_cis_only_seed29	all_chromosomes	mean_homolog_separation_spearman	0.15465253372424098	20	ORACLE_CONTACT_PHASE
057	057B_explicit_oracle_phase_mstep	native_hickit_cis_only_seed29	all_chromosomes	cis_truth_state_fdg_energy_proxy	1.839471045755862	20	ORACLE_CONTACT_PHASE
057	057B_explicit_oracle_phase_mstep	native_hickit_cis_only_seed29	all_chromosomes	trans_truth_state_fdg_energy_proxy	48.464902296302746	20	ORACLE_CONTACT_PHASE
057	057B_explicit_oracle_phase_mstep	native_hickit_cis_only_seed29	all_chromosomes	n_cis_contacts_scored	206057	20	ORACLE_CONTACT_PHASE
057	057B_explicit_oracle_phase_mstep	native_hickit_cis_only_seed29	all_chromosomes	n_trans_contacts_scored	143977	20	ORACLE_CONTACT_PHASE
057	057B_explicit_oracle_phase_mstep	native_hickit_cis_only_seed29	all_chromosomes	chromosome_centroid_distance_spearman	-0.16207622021895926	20	ORACLE_CONTACT_PHASE
057	057B_explicit_oracle_phase_mstep	native_hickit_cis_only_seed29	all_chromosomes	runtime_seconds	21.50459433114156	20	ORACLE_CONTACT_PHASE
057	057B_explicit_oracle_phase_mstep	native_hickit_cis_plus_trans_seed29	all_chromosomes	n_chromosomes	20	20	ORACLE_CONTACT_PHASE
057	057B_explicit_oracle_phase_mstep	native_hickit_cis_plus_trans_seed29	all_chromosomes	mean_copy_swap_invariant_procrustes_rmsd	0.9986960502117761	20	ORACLE_CONTACT_PHASE
057	057B_explicit_oracle_phase_mstep	native_hickit_cis_plus_trans_seed29	all_chromosomes	mean_copy_swap_invariant_rigid_rmsd	1.3970954094290207	20	ORACLE_CONTACT_PHASE
057	057B_explicit_oracle_phase_mstep	native_hickit_cis_plus_trans_seed29	all_chromosomes	mean_copy_swap_invariant_distance_pearson	0.9652692942019006	20	ORACLE_CONTACT_PHASE
057	057B_explicit_oracle_phase_mstep	native_hickit_cis_plus_trans_seed29	all_chromosomes	mean_copy_swap_invariant_distance_spearman	0.9483189214550654	20	ORACLE_CONTACT_PHASE
057	057B_explicit_oracle_phase_mstep	native_hickit_cis_plus_trans_seed29	all_chromosomes	mean_chromosome_shape_preservation	0.8654837355410423	20	ORACLE_CONTACT_PHASE
057	057B_explicit_oracle_phase_mstep	native_hickit_cis_plus_trans_seed29	all_chromosomes	mean_homolog_separation_spearman	0.8032488483501126	20	ORACLE_CONTACT_PHASE
057	057B_explicit_oracle_phase_mstep	native_hickit_cis_plus_trans_seed29	all_chromosomes	cis_truth_state_fdg_energy_proxy	2.0859472879578083	20	ORACLE_CONTACT_PHASE
057	057B_explicit_oracle_phase_mstep	native_hickit_cis_plus_trans_seed29	all_chromosomes	trans_truth_state_fdg_energy_proxy	10.353441942593395	20	ORACLE_CONTACT_PHASE
057	057B_explicit_oracle_phase_mstep	native_hickit_cis_plus_trans_seed29	all_chromosomes	n_cis_contacts_scored	206057	20	ORACLE_CONTACT_PHASE
057	057B_explicit_oracle_phase_mstep	native_hickit_cis_plus_trans_seed29	all_chromosomes	n_trans_contacts_scored	143977	20	ORACLE_CONTACT_PHASE
057	057B_explicit_oracle_phase_mstep	native_hickit_cis_plus_trans_seed29	all_chromosomes	chromosome_centroid_distance_spearman	0.9481513557016451	20	ORACLE_CONTACT_PHASE
057	057B_explicit_oracle_phase_mstep	native_hickit_cis_plus_trans_seed29	all_chromosomes	runtime_seconds	47.45327433105558	20	ORACLE_CONTACT_PHASE
057	057B_explicit_oracle_phase_mstep	experimental_fixed_cis_rigid_trans_placement_seed29	all_chromosomes	n_chromosomes	20	20	ORACLE_CONTACT_PHASE
057	057B_explicit_oracle_phase_mstep	experimental_fixed_cis_rigid_trans_placement_seed29	all_chromosomes	mean_copy_swap_invariant_procrustes_rmsd	1.4377954174471854	20	ORACLE_CONTACT_PHASE
057	057B_explicit_oracle_phase_mstep	experimental_fixed_cis_rigid_trans_placement_seed29	all_chromosomes	mean_copy_swap_invariant_rigid_rmsd	1.7523135150501923	20	ORACLE_CONTACT_PHASE
057	057B_explicit_oracle_phase_mstep	experimental_fixed_cis_rigid_trans_placement_seed29	all_chromosomes	mean_copy_swap_invariant_distance_pearson	0.7794979948849607	20	ORACLE_CONTACT_PHASE
057	057B_explicit_oracle_phase_mstep	experimental_fixed_cis_rigid_trans_placement_seed29	all_chromosomes	mean_copy_swap_invariant_distance_spearman	0.7952894166785323	20	ORACLE_CONTACT_PHASE
057	057B_explicit_oracle_phase_mstep	experimental_fixed_cis_rigid_trans_placement_seed29	all_chromosomes	mean_chromosome_shape_preservation	0.7680097652100061	20	ORACLE_CONTACT_PHASE
057	057B_explicit_oracle_phase_mstep	experimental_fixed_cis_rigid_trans_placement_seed29	all_chromosomes	mean_homolog_separation_spearman	0.15465253372424098	20	ORACLE_CONTACT_PHASE
057	057B_explicit_oracle_phase_mstep	experimental_fixed_cis_rigid_trans_placement_seed29	all_chromosomes	cis_truth_state_fdg_energy_proxy	1.8394710457558618	20	ORACLE_CONTACT_PHASE
057	057B_explicit_oracle_phase_mstep	experimental_fixed_cis_rigid_trans_placement_seed29	all_chromosomes	trans_truth_state_fdg_energy_proxy	7.494314566678726	20	ORACLE_CONTACT_PHASE
057	057B_explicit_oracle_phase_mstep	experimental_fixed_cis_rigid_trans_placement_seed29	all_chromosomes	n_cis_contacts_scored	206057	20	ORACLE_CONTACT_PHASE
057	057B_explicit_oracle_phase_mstep	experimental_fixed_cis_rigid_trans_placement_seed29	all_chromosomes	n_trans_contacts_scored	143977	20	ORACLE_CONTACT_PHASE
057	057B_explicit_oracle_phase_mstep	experimental_fixed_cis_rigid_trans_placement_seed29	all_chromosomes	chromosome_centroid_distance_spearman	0.21672068478351203	20	ORACLE_CONTACT_PHASE
057	057B_explicit_oracle_phase_mstep	experimental_fixed_cis_rigid_trans_placement_seed29	all_chromosomes	runtime_seconds	9.20179286878556	20	ORACLE_CONTACT_PHASE
057	057B_explicit_oracle_phase_mstep	experimental_fixed_cis_rigid_trans_placement_seed29	all_chromosomes	placement_iterations	350	20	ORACLE_CONTACT_PHASE
057	057B_explicit_oracle_phase_mstep	experimental_fixed_cis_rigid_trans_placement_seed29	all_chromosomes	placement_n_unique_trans_state_contacts	108875	20	ORACLE_CONTACT_PHASE
057	057B_explicit_oracle_phase_mstep	experimental_fixed_cis_rigid_trans_placement_seed29	all_chromosomes	placement_n_raw_trans_contact_mass	132365	20	ORACLE_CONTACT_PHASE
057	057B_explicit_oracle_phase_mstep	experimental_fixed_cis_rigid_trans_placement_seed29	all_chromosomes	placement_initial_objective	40.346924971287535	20	ORACLE_CONTACT_PHASE
057	057B_explicit_oracle_phase_mstep	experimental_fixed_cis_rigid_trans_placement_seed29	all_chromosomes	placement_final_objective	6.107564259517111	20	ORACLE_CONTACT_PHASE
057	057B_explicit_oracle_phase_mstep	experimental_fixed_cis_rigid_trans_placement_seed29	all_chromosomes	placement_runtime_seconds	9.20179286878556	20	ORACLE_CONTACT_PHASE
057	057B_explicit_oracle_phase_mstep	experimental_fixed_cis_rigid_trans_placement_seed29	all_chromosomes	placement_converged	1	20	ORACLE_CONTACT_PHASE
057	057B_explicit_oracle_phase_mstep	experimental_fixed_cis_rigid_trans_placement_seed29	all_chromosomes	placement_seed	29	20	ORACLE_CONTACT_PHASE
057	057B_explicit_oracle_phase_mstep	native_hickit_cis_only_seed43	all_chromosomes	n_chromosomes	20	20	ORACLE_CONTACT_PHASE
057	057B_explicit_oracle_phase_mstep	native_hickit_cis_only_seed43	all_chromosomes	mean_copy_swap_invariant_procrustes_rmsd	1.3878482151227665	20	ORACLE_CONTACT_PHASE
057	057B_explicit_oracle_phase_mstep	native_hickit_cis_only_seed43	all_chromosomes	mean_copy_swap_invariant_rigid_rmsd	1.717009854068073	20	ORACLE_CONTACT_PHASE
057	057B_explicit_oracle_phase_mstep	native_hickit_cis_only_seed43	all_chromosomes	mean_copy_swap_invariant_distance_pearson	0.7967344567638399	20	ORACLE_CONTACT_PHASE
057	057B_explicit_oracle_phase_mstep	native_hickit_cis_only_seed43	all_chromosomes	mean_copy_swap_invariant_distance_spearman	0.8082817894027408	20	ORACLE_CONTACT_PHASE
057	057B_explicit_oracle_phase_mstep	native_hickit_cis_only_seed43	all_chromosomes	mean_chromosome_shape_preservation	0.8438400266946269	20	ORACLE_CONTACT_PHASE
057	057B_explicit_oracle_phase_mstep	native_hickit_cis_only_seed43	all_chromosomes	mean_homolog_separation_spearman	0.17833488737768532	20	ORACLE_CONTACT_PHASE
057	057B_explicit_oracle_phase_mstep	native_hickit_cis_only_seed43	all_chromosomes	cis_truth_state_fdg_energy_proxy	1.8614970383083373	20	ORACLE_CONTACT_PHASE
057	057B_explicit_oracle_phase_mstep	native_hickit_cis_only_seed43	all_chromosomes	trans_truth_state_fdg_energy_proxy	47.60946716341299	20	ORACLE_CONTACT_PHASE
057	057B_explicit_oracle_phase_mstep	native_hickit_cis_only_seed43	all_chromosomes	n_cis_contacts_scored	206057	20	ORACLE_CONTACT_PHASE
057	057B_explicit_oracle_phase_mstep	native_hickit_cis_only_seed43	all_chromosomes	n_trans_contacts_scored	143977	20	ORACLE_CONTACT_PHASE
057	057B_explicit_oracle_phase_mstep	native_hickit_cis_only_seed43	all_chromosomes	chromosome_centroid_distance_spearman	-0.16512572880718376	20	ORACLE_CONTACT_PHASE
057	057B_explicit_oracle_phase_mstep	native_hickit_cis_only_seed43	all_chromosomes	runtime_seconds	22.54215705115348	20	ORACLE_CONTACT_PHASE
057	057B_explicit_oracle_phase_mstep	native_hickit_cis_plus_trans_seed43	all_chromosomes	n_chromosomes	20	20	ORACLE_CONTACT_PHASE
057	057B_explicit_oracle_phase_mstep	native_hickit_cis_plus_trans_seed43	all_chromosomes	mean_copy_swap_invariant_procrustes_rmsd	0.9377019463822126	20	ORACLE_CONTACT_PHASE
057	057B_explicit_oracle_phase_mstep	native_hickit_cis_plus_trans_seed43	all_chromosomes	mean_copy_swap_invariant_rigid_rmsd	1.3553682356342558	20	ORACLE_CONTACT_PHASE
057	057B_explicit_oracle_phase_mstep	native_hickit_cis_plus_trans_seed43	all_chromosomes	mean_copy_swap_invariant_distance_pearson	0.982025723606837	20	ORACLE_CONTACT_PHASE
057	057B_explicit_oracle_phase_mstep	native_hickit_cis_plus_trans_seed43	all_chromosomes	mean_copy_swap_invariant_distance_spearman	0.972971675295731	20	ORACLE_CONTACT_PHASE
057	057B_explicit_oracle_phase_mstep	native_hickit_cis_plus_trans_seed43	all_chromosomes	mean_chromosome_shape_preservation	0.9133505067053909	20	ORACLE_CONTACT_PHASE
057	057B_explicit_oracle_phase_mstep	native_hickit_cis_plus_trans_seed43	all_chromosomes	mean_homolog_separation_spearman	0.9089232651372807	20	ORACLE_CONTACT_PHASE
057	057B_explicit_oracle_phase_mstep	native_hickit_cis_plus_trans_seed43	all_chromosomes	cis_truth_state_fdg_energy_proxy	2.080196263593311	20	ORACLE_CONTACT_PHASE
057	057B_explicit_oracle_phase_mstep	native_hickit_cis_plus_trans_seed43	all_chromosomes	trans_truth_state_fdg_energy_proxy	10.20987723656495	20	ORACLE_CONTACT_PHASE
057	057B_explicit_oracle_phase_mstep	native_hickit_cis_plus_trans_seed43	all_chromosomes	n_cis_contacts_scored	206057	20	ORACLE_CONTACT_PHASE
057	057B_explicit_oracle_phase_mstep	native_hickit_cis_plus_trans_seed43	all_chromosomes	n_trans_contacts_scored	143977	20	ORACLE_CONTACT_PHASE
057	057B_explicit_oracle_phase_mstep	native_hickit_cis_plus_trans_seed43	all_chromosomes	chromosome_centroid_distance_spearman	0.9792640414299274	20	ORACLE_CONTACT_PHASE
057	057B_explicit_oracle_phase_mstep	native_hickit_cis_plus_trans_seed43	all_chromosomes	runtime_seconds	51.49077955074608	20	ORACLE_CONTACT_PHASE
057	057B_explicit_oracle_phase_mstep	experimental_fixed_cis_rigid_trans_placement_seed43	all_chromosomes	n_chromosomes	20	20	ORACLE_CONTACT_PHASE
057	057B_explicit_oracle_phase_mstep	experimental_fixed_cis_rigid_trans_placement_seed43	all_chromosomes	mean_copy_swap_invariant_procrustes_rmsd	1.3878482151227665	20	ORACLE_CONTACT_PHASE
057	057B_explicit_oracle_phase_mstep	experimental_fixed_cis_rigid_trans_placement_seed43	all_chromosomes	mean_copy_swap_invariant_rigid_rmsd	1.717009854068073	20	ORACLE_CONTACT_PHASE
057	057B_explicit_oracle_phase_mstep	experimental_fixed_cis_rigid_trans_placement_seed43	all_chromosomes	mean_copy_swap_invariant_distance_pearson	0.7967344567638399	20	ORACLE_CONTACT_PHASE
057	057B_explicit_oracle_phase_mstep	experimental_fixed_cis_rigid_trans_placement_seed43	all_chromosomes	mean_copy_swap_invariant_distance_spearman	0.8082817894027408	20	ORACLE_CONTACT_PHASE
057	057B_explicit_oracle_phase_mstep	experimental_fixed_cis_rigid_trans_placement_seed43	all_chromosomes	mean_chromosome_shape_preservation	0.8438400266946269	20	ORACLE_CONTACT_PHASE
057	057B_explicit_oracle_phase_mstep	experimental_fixed_cis_rigid_trans_placement_seed43	all_chromosomes	mean_homolog_separation_spearman	0.17833488737768532	20	ORACLE_CONTACT_PHASE
057	057B_explicit_oracle_phase_mstep	experimental_fixed_cis_rigid_trans_placement_seed43	all_chromosomes	cis_truth_state_fdg_energy_proxy	1.8614970383083358	20	ORACLE_CONTACT_PHASE
057	057B_explicit_oracle_phase_mstep	experimental_fixed_cis_rigid_trans_placement_seed43	all_chromosomes	trans_truth_state_fdg_energy_proxy	7.509787918023172	20	ORACLE_CONTACT_PHASE
057	057B_explicit_oracle_phase_mstep	experimental_fixed_cis_rigid_trans_placement_seed43	all_chromosomes	n_cis_contacts_scored	206057	20	ORACLE_CONTACT_PHASE
057	057B_explicit_oracle_phase_mstep	experimental_fixed_cis_rigid_trans_placement_seed43	all_chromosomes	n_trans_contacts_scored	143977	20	ORACLE_CONTACT_PHASE
057	057B_explicit_oracle_phase_mstep	experimental_fixed_cis_rigid_trans_placement_seed43	all_chromosomes	chromosome_centroid_distance_spearman	0.08245657774453587	20	ORACLE_CONTACT_PHASE
057	057B_explicit_oracle_phase_mstep	experimental_fixed_cis_rigid_trans_placement_seed43	all_chromosomes	runtime_seconds	9.179279446136206	20	ORACLE_CONTACT_PHASE
057	057B_explicit_oracle_phase_mstep	experimental_fixed_cis_rigid_trans_placement_seed43	all_chromosomes	placement_iterations	350	20	ORACLE_CONTACT_PHASE
057	057B_explicit_oracle_phase_mstep	experimental_fixed_cis_rigid_trans_placement_seed43	all_chromosomes	placement_n_unique_trans_state_contacts	108875	20	ORACLE_CONTACT_PHASE
057	057B_explicit_oracle_phase_mstep	experimental_fixed_cis_rigid_trans_placement_seed43	all_chromosomes	placement_n_raw_trans_contact_mass	132365	20	ORACLE_CONTACT_PHASE
057	057B_explicit_oracle_phase_mstep	experimental_fixed_cis_rigid_trans_placement_seed43	all_chromosomes	placement_initial_objective	39.69430426358337	20	ORACLE_CONTACT_PHASE
057	057B_explicit_oracle_phase_mstep	experimental_fixed_cis_rigid_trans_placement_seed43	all_chromosomes	placement_final_objective	6.119362264706349	20	ORACLE_CONTACT_PHASE
057	057B_explicit_oracle_phase_mstep	experimental_fixed_cis_rigid_trans_placement_seed43	all_chromosomes	placement_runtime_seconds	9.179279446136206	20	ORACLE_CONTACT_PHASE
057	057B_explicit_oracle_phase_mstep	experimental_fixed_cis_rigid_trans_placement_seed43	all_chromosomes	placement_converged	1	20	ORACLE_CONTACT_PHASE
057	057B_explicit_oracle_phase_mstep	experimental_fixed_cis_rigid_trans_placement_seed43	all_chromosomes	placement_seed	43	20	ORACLE_CONTACT_PHASE
057	057C_prototype_near_truth_initialization	noise_0_seed_17	synthetic_all	exact_top1_accuracy	0.2685497470489039	2372	ORACLE_NEAR_TRUTH_INITIALIZATION
057	057C_prototype_near_truth_initialization	noise_0_seed_17	synthetic_all	same_cross_accuracy	0.4759696458684654	2372	ORACLE_NEAR_TRUTH_INITIALIZATION
057	057C_prototype_near_truth_initialization	noise_0_seed_17	synthetic_all	geometry_gauge_aligned_exact_top1_accuracy	0.23102866779089376	2372	ORACLE_NEAR_TRUTH_INITIALIZATION
057	057C_prototype_near_truth_initialization	noise_0_seed_17	synthetic_all	geometry_gauge_aligned_same_cross_accuracy	0.46922428330522764	2372	ORACLE_NEAR_TRUTH_INITIALIZATION
057	057C_prototype_near_truth_initialization	noise_0_seed_17	synthetic_all	unordered_structure_rmsd	0.644944416775102	2372	ORACLE_NEAR_TRUTH_INITIALIZATION
057	057C_prototype_near_truth_initialization	noise_0_seed_17	synthetic_all	unordered_structure_distance_spearman	0.9328668657545662	2372	ORACLE_NEAR_TRUTH_INITIALIZATION
057	057C_prototype_near_truth_initialization	noise_0_seed_17	synthetic_all	mean_exact_confidence	0.3415771124738781	2372	ORACLE_NEAR_TRUTH_INITIALIZATION
057	057C_prototype_near_truth_initialization	noise_0_seed_17	synthetic_all	mean_entropy	1.3353865654809585	2372	ORACLE_NEAR_TRUTH_INITIALIZATION
057	057C_prototype_near_truth_initialization	noise_0.05_seed_17	synthetic_all	exact_top1_accuracy	0.24662731871838112	2372	ORACLE_NEAR_TRUTH_INITIALIZATION
057	057C_prototype_near_truth_initialization	noise_0.05_seed_17	synthetic_all	same_cross_accuracy	0.4700674536256324	2372	ORACLE_NEAR_TRUTH_INITIALIZATION
057	057C_prototype_near_truth_initialization	noise_0.05_seed_17	synthetic_all	geometry_gauge_aligned_exact_top1_accuracy	0.24662731871838112	2372	ORACLE_NEAR_TRUTH_INITIALIZATION
057	057C_prototype_near_truth_initialization	noise_0.05_seed_17	synthetic_all	geometry_gauge_aligned_same_cross_accuracy	0.4700674536256324	2372	ORACLE_NEAR_TRUTH_INITIALIZATION
057	057C_prototype_near_truth_initialization	noise_0.05_seed_17	synthetic_all	unordered_structure_rmsd	0.7018322163172492	2372	ORACLE_NEAR_TRUTH_INITIALIZATION
057	057C_prototype_near_truth_initialization	noise_0.05_seed_17	synthetic_all	unordered_structure_distance_spearman	0.9491700812556427	2372	ORACLE_NEAR_TRUTH_INITIALIZATION
057	057C_prototype_near_truth_initialization	noise_0.05_seed_17	synthetic_all	mean_exact_confidence	0.34635863550314994	2372	ORACLE_NEAR_TRUTH_INITIALIZATION
057	057C_prototype_near_truth_initialization	noise_0.05_seed_17	synthetic_all	mean_entropy	1.3365039501591565	2372	ORACLE_NEAR_TRUTH_INITIALIZATION
057	057C_prototype_near_truth_initialization	noise_0.1_seed_17	synthetic_all	exact_top1_accuracy	0.24578414839797638	2372	ORACLE_NEAR_TRUTH_INITIALIZATION
057	057C_prototype_near_truth_initialization	noise_0.1_seed_17	synthetic_all	same_cross_accuracy	0.4776559865092749	2372	ORACLE_NEAR_TRUTH_INITIALIZATION
057	057C_prototype_near_truth_initialization	noise_0.1_seed_17	synthetic_all	geometry_gauge_aligned_exact_top1_accuracy	0.24578414839797638	2372	ORACLE_NEAR_TRUTH_INITIALIZATION
057	057C_prototype_near_truth_initialization	noise_0.1_seed_17	synthetic_all	geometry_gauge_aligned_same_cross_accuracy	0.4776559865092749	2372	ORACLE_NEAR_TRUTH_INITIALIZATION
057	057C_prototype_near_truth_initialization	noise_0.1_seed_17	synthetic_all	unordered_structure_rmsd	0.6298132504993695	2372	ORACLE_NEAR_TRUTH_INITIALIZATION
057	057C_prototype_near_truth_initialization	noise_0.1_seed_17	synthetic_all	unordered_structure_distance_spearman	0.956687964441975	2372	ORACLE_NEAR_TRUTH_INITIALIZATION
057	057C_prototype_near_truth_initialization	noise_0.1_seed_17	synthetic_all	mean_exact_confidence	0.3356479107429174	2372	ORACLE_NEAR_TRUTH_INITIALIZATION
057	057C_prototype_near_truth_initialization	noise_0.1_seed_17	synthetic_all	mean_entropy	1.3451027484200175	2372	ORACLE_NEAR_TRUTH_INITIALIZATION
057	057C_prototype_near_truth_initialization	noise_0.25_seed_17	synthetic_all	exact_top1_accuracy	0.23946037099494097	2372	ORACLE_NEAR_TRUTH_INITIALIZATION
057	057C_prototype_near_truth_initialization	noise_0.25_seed_17	synthetic_all	same_cross_accuracy	0.4763912310286678	2372	ORACLE_NEAR_TRUTH_INITIALIZATION
057	057C_prototype_near_truth_initialization	noise_0.25_seed_17	synthetic_all	geometry_gauge_aligned_exact_top1_accuracy	0.23946037099494097	2372	ORACLE_NEAR_TRUTH_INITIALIZATION
057	057C_prototype_near_truth_initialization	noise_0.25_seed_17	synthetic_all	geometry_gauge_aligned_same_cross_accuracy	0.4763912310286678	2372	ORACLE_NEAR_TRUTH_INITIALIZATION
057	057C_prototype_near_truth_initialization	noise_0.25_seed_17	synthetic_all	unordered_structure_rmsd	0.7204794747596241	2372	ORACLE_NEAR_TRUTH_INITIALIZATION
057	057C_prototype_near_truth_initialization	noise_0.25_seed_17	synthetic_all	unordered_structure_distance_spearman	0.9379123550246543	2372	ORACLE_NEAR_TRUTH_INITIALIZATION
057	057C_prototype_near_truth_initialization	noise_0.25_seed_17	synthetic_all	mean_exact_confidence	0.4064026145727733	2372	ORACLE_NEAR_TRUTH_INITIALIZATION
057	057C_prototype_near_truth_initialization	noise_0.25_seed_17	synthetic_all	mean_entropy	1.275225949633434	2372	ORACLE_NEAR_TRUTH_INITIALIZATION
057	057C_prototype_near_truth_initialization	noise_0.5_seed_17	synthetic_all	exact_top1_accuracy	0.27529510961214165	2372	ORACLE_NEAR_TRUTH_INITIALIZATION
057	057C_prototype_near_truth_initialization	noise_0.5_seed_17	synthetic_all	same_cross_accuracy	0.5417369308600337	2372	ORACLE_NEAR_TRUTH_INITIALIZATION
057	057C_prototype_near_truth_initialization	noise_0.5_seed_17	synthetic_all	geometry_gauge_aligned_exact_top1_accuracy	0.27529510961214165	2372	ORACLE_NEAR_TRUTH_INITIALIZATION
057	057C_prototype_near_truth_initialization	noise_0.5_seed_17	synthetic_all	geometry_gauge_aligned_same_cross_accuracy	0.5417369308600337	2372	ORACLE_NEAR_TRUTH_INITIALIZATION
057	057C_prototype_near_truth_initialization	noise_0.5_seed_17	synthetic_all	unordered_structure_rmsd	0.7379223919032034	2372	ORACLE_NEAR_TRUTH_INITIALIZATION
057	057C_prototype_near_truth_initialization	noise_0.5_seed_17	synthetic_all	unordered_structure_distance_spearman	0.947333148135287	2372	ORACLE_NEAR_TRUTH_INITIALIZATION
057	057C_prototype_near_truth_initialization	noise_0.5_seed_17	synthetic_all	mean_exact_confidence	0.3324258783669992	2372	ORACLE_NEAR_TRUTH_INITIALIZATION
057	057C_prototype_near_truth_initialization	noise_0.5_seed_17	synthetic_all	mean_entropy	1.3431940692189732	2372	ORACLE_NEAR_TRUTH_INITIALIZATION
057	057C_prototype_near_truth_initialization	noise_1_seed_17	synthetic_all	exact_top1_accuracy	0.2934232715008432	2372	ORACLE_NEAR_TRUTH_INITIALIZATION
057	057C_prototype_near_truth_initialization	noise_1_seed_17	synthetic_all	same_cross_accuracy	0.581787521079258	2372	ORACLE_NEAR_TRUTH_INITIALIZATION
057	057C_prototype_near_truth_initialization	noise_1_seed_17	synthetic_all	geometry_gauge_aligned_exact_top1_accuracy	0.2934232715008432	2372	ORACLE_NEAR_TRUTH_INITIALIZATION
057	057C_prototype_near_truth_initialization	noise_1_seed_17	synthetic_all	geometry_gauge_aligned_same_cross_accuracy	0.581787521079258	2372	ORACLE_NEAR_TRUTH_INITIALIZATION
057	057C_prototype_near_truth_initialization	noise_1_seed_17	synthetic_all	unordered_structure_rmsd	1.088988891757357	2372	ORACLE_NEAR_TRUTH_INITIALIZATION
057	057C_prototype_near_truth_initialization	noise_1_seed_17	synthetic_all	unordered_structure_distance_spearman	0.8035488575595526	2372	ORACLE_NEAR_TRUTH_INITIALIZATION
057	057C_prototype_near_truth_initialization	noise_1_seed_17	synthetic_all	mean_exact_confidence	0.433615758959707	2372	ORACLE_NEAR_TRUTH_INITIALIZATION
057	057C_prototype_near_truth_initialization	noise_1_seed_17	synthetic_all	mean_entropy	1.2124791416985092	2372	ORACLE_NEAR_TRUTH_INITIALIZATION
057	057C_prototype_near_truth_initialization	noise_2_seed_17	synthetic_all	exact_top1_accuracy	0.27445193929173695	2372	ORACLE_NEAR_TRUTH_INITIALIZATION
057	057C_prototype_near_truth_initialization	noise_2_seed_17	synthetic_all	same_cross_accuracy	0.5425801011804384	2372	ORACLE_NEAR_TRUTH_INITIALIZATION
057	057C_prototype_near_truth_initialization	noise_2_seed_17	synthetic_all	geometry_gauge_aligned_exact_top1_accuracy	0.26559865092748736	2372	ORACLE_NEAR_TRUTH_INITIALIZATION
057	057C_prototype_near_truth_initialization	noise_2_seed_17	synthetic_all	geometry_gauge_aligned_same_cross_accuracy	0.5425801011804384	2372	ORACLE_NEAR_TRUTH_INITIALIZATION
057	057C_prototype_near_truth_initialization	noise_2_seed_17	synthetic_all	unordered_structure_rmsd	1.1950444446808781	2372	ORACLE_NEAR_TRUTH_INITIALIZATION
057	057C_prototype_near_truth_initialization	noise_2_seed_17	synthetic_all	unordered_structure_distance_spearman	0.7783873880130563	2372	ORACLE_NEAR_TRUTH_INITIALIZATION
057	057C_prototype_near_truth_initialization	noise_2_seed_17	synthetic_all	mean_exact_confidence	0.4578307755767836	2372	ORACLE_NEAR_TRUTH_INITIALIZATION
057	057C_prototype_near_truth_initialization	noise_2_seed_17	synthetic_all	mean_entropy	1.179998036128467	2372	ORACLE_NEAR_TRUTH_INITIALIZATION
057	057C_prototype_near_truth_initialization	noise_0_seed_29	synthetic_all	exact_top1_accuracy	0.3678646934460888	2365	ORACLE_NEAR_TRUTH_INITIALIZATION
057	057C_prototype_near_truth_initialization	noise_0_seed_29	synthetic_all	same_cross_accuracy	0.6186046511627907	2365	ORACLE_NEAR_TRUTH_INITIALIZATION
057	057C_prototype_near_truth_initialization	noise_0_seed_29	synthetic_all	geometry_gauge_aligned_exact_top1_accuracy	0.3678646934460888	2365	ORACLE_NEAR_TRUTH_INITIALIZATION
057	057C_prototype_near_truth_initialization	noise_0_seed_29	synthetic_all	geometry_gauge_aligned_same_cross_accuracy	0.6186046511627907	2365	ORACLE_NEAR_TRUTH_INITIALIZATION
057	057C_prototype_near_truth_initialization	noise_0_seed_29	synthetic_all	unordered_structure_rmsd	0.5626234779484363	2365	ORACLE_NEAR_TRUTH_INITIALIZATION
057	057C_prototype_near_truth_initialization	noise_0_seed_29	synthetic_all	unordered_structure_distance_spearman	0.9265157302590457	2365	ORACLE_NEAR_TRUTH_INITIALIZATION
057	057C_prototype_near_truth_initialization	noise_0_seed_29	synthetic_all	mean_exact_confidence	0.3776785352320105	2365	ORACLE_NEAR_TRUTH_INITIALIZATION
057	057C_prototype_near_truth_initialization	noise_0_seed_29	synthetic_all	mean_entropy	1.2880271702857404	2365	ORACLE_NEAR_TRUTH_INITIALIZATION
057	057C_prototype_near_truth_initialization	noise_0.05_seed_29	synthetic_all	exact_top1_accuracy	0.3674418604651163	2365	ORACLE_NEAR_TRUTH_INITIALIZATION
057	057C_prototype_near_truth_initialization	noise_0.05_seed_29	synthetic_all	same_cross_accuracy	0.6241014799154334	2365	ORACLE_NEAR_TRUTH_INITIALIZATION
057	057C_prototype_near_truth_initialization	noise_0.05_seed_29	synthetic_all	geometry_gauge_aligned_exact_top1_accuracy	0.3674418604651163	2365	ORACLE_NEAR_TRUTH_INITIALIZATION
057	057C_prototype_near_truth_initialization	noise_0.05_seed_29	synthetic_all	geometry_gauge_aligned_same_cross_accuracy	0.6241014799154334	2365	ORACLE_NEAR_TRUTH_INITIALIZATION
057	057C_prototype_near_truth_initialization	noise_0.05_seed_29	synthetic_all	unordered_structure_rmsd	0.5288052399293697	2365	ORACLE_NEAR_TRUTH_INITIALIZATION
057	057C_prototype_near_truth_initialization	noise_0.05_seed_29	synthetic_all	unordered_structure_distance_spearman	0.9348253350927147	2365	ORACLE_NEAR_TRUTH_INITIALIZATION
057	057C_prototype_near_truth_initialization	noise_0.05_seed_29	synthetic_all	mean_exact_confidence	0.38084038909260687	2365	ORACLE_NEAR_TRUTH_INITIALIZATION
057	057C_prototype_near_truth_initialization	noise_0.05_seed_29	synthetic_all	mean_entropy	1.2849438123658812	2365	ORACLE_NEAR_TRUTH_INITIALIZATION
057	057C_prototype_near_truth_initialization	noise_0.1_seed_29	synthetic_all	exact_top1_accuracy	0.3657505285412262	2365	ORACLE_NEAR_TRUTH_INITIALIZATION
057	057C_prototype_near_truth_initialization	noise_0.1_seed_29	synthetic_all	same_cross_accuracy	0.6186046511627907	2365	ORACLE_NEAR_TRUTH_INITIALIZATION
057	057C_prototype_near_truth_initialization	noise_0.1_seed_29	synthetic_all	geometry_gauge_aligned_exact_top1_accuracy	0.3657505285412262	2365	ORACLE_NEAR_TRUTH_INITIALIZATION
057	057C_prototype_near_truth_initialization	noise_0.1_seed_29	synthetic_all	geometry_gauge_aligned_same_cross_accuracy	0.6186046511627907	2365	ORACLE_NEAR_TRUTH_INITIALIZATION
057	057C_prototype_near_truth_initialization	noise_0.1_seed_29	synthetic_all	unordered_structure_rmsd	0.5348457770344405	2365	ORACLE_NEAR_TRUTH_INITIALIZATION
057	057C_prototype_near_truth_initialization	noise_0.1_seed_29	synthetic_all	unordered_structure_distance_spearman	0.9344086394888532	2365	ORACLE_NEAR_TRUTH_INITIALIZATION
057	057C_prototype_near_truth_initialization	noise_0.1_seed_29	synthetic_all	mean_exact_confidence	0.38127322350417125	2365	ORACLE_NEAR_TRUTH_INITIALIZATION
057	057C_prototype_near_truth_initialization	noise_0.1_seed_29	synthetic_all	mean_entropy	1.2853014159279597	2365	ORACLE_NEAR_TRUTH_INITIALIZATION
057	057C_prototype_near_truth_initialization	noise_0.25_seed_29	synthetic_all	exact_top1_accuracy	0.3708245243128964	2365	ORACLE_NEAR_TRUTH_INITIALIZATION
057	057C_prototype_near_truth_initialization	noise_0.25_seed_29	synthetic_all	same_cross_accuracy	0.6152219873150105	2365	ORACLE_NEAR_TRUTH_INITIALIZATION
057	057C_prototype_near_truth_initialization	noise_0.25_seed_29	synthetic_all	geometry_gauge_aligned_exact_top1_accuracy	0.3708245243128964	2365	ORACLE_NEAR_TRUTH_INITIALIZATION
057	057C_prototype_near_truth_initialization	noise_0.25_seed_29	synthetic_all	geometry_gauge_aligned_same_cross_accuracy	0.6152219873150105	2365	ORACLE_NEAR_TRUTH_INITIALIZATION
057	057C_prototype_near_truth_initialization	noise_0.25_seed_29	synthetic_all	unordered_structure_rmsd	0.4428807856755647	2365	ORACLE_NEAR_TRUTH_INITIALIZATION
057	057C_prototype_near_truth_initialization	noise_0.25_seed_29	synthetic_all	unordered_structure_distance_spearman	0.9478262379331895	2365	ORACLE_NEAR_TRUTH_INITIALIZATION
057	057C_prototype_near_truth_initialization	noise_0.25_seed_29	synthetic_all	mean_exact_confidence	0.3909528438611238	2365	ORACLE_NEAR_TRUTH_INITIALIZATION
057	057C_prototype_near_truth_initialization	noise_0.25_seed_29	synthetic_all	mean_entropy	1.275059176888957	2365	ORACLE_NEAR_TRUTH_INITIALIZATION
057	057C_prototype_near_truth_initialization	noise_0.5_seed_29	synthetic_all	exact_top1_accuracy	0.35306553911205074	2365	ORACLE_NEAR_TRUTH_INITIALIZATION
057	057C_prototype_near_truth_initialization	noise_0.5_seed_29	synthetic_all	same_cross_accuracy	0.6097251585623679	2365	ORACLE_NEAR_TRUTH_INITIALIZATION
057	057C_prototype_near_truth_initialization	noise_0.5_seed_29	synthetic_all	geometry_gauge_aligned_exact_top1_accuracy	0.35306553911205074	2365	ORACLE_NEAR_TRUTH_INITIALIZATION
057	057C_prototype_near_truth_initialization	noise_0.5_seed_29	synthetic_all	geometry_gauge_aligned_same_cross_accuracy	0.6097251585623679	2365	ORACLE_NEAR_TRUTH_INITIALIZATION
057	057C_prototype_near_truth_initialization	noise_0.5_seed_29	synthetic_all	unordered_structure_rmsd	0.5536381449034824	2365	ORACLE_NEAR_TRUTH_INITIALIZATION
057	057C_prototype_near_truth_initialization	noise_0.5_seed_29	synthetic_all	unordered_structure_distance_spearman	0.9095631641086185	2365	ORACLE_NEAR_TRUTH_INITIALIZATION
057	057C_prototype_near_truth_initialization	noise_0.5_seed_29	synthetic_all	mean_exact_confidence	0.38538372785604363	2365	ORACLE_NEAR_TRUTH_INITIALIZATION
057	057C_prototype_near_truth_initialization	noise_0.5_seed_29	synthetic_all	mean_entropy	1.2788155345856582	2365	ORACLE_NEAR_TRUTH_INITIALIZATION
057	057C_prototype_near_truth_initialization	noise_1_seed_29	synthetic_all	exact_top1_accuracy	0.36405919661733616	2365	ORACLE_NEAR_TRUTH_INITIALIZATION
057	057C_prototype_near_truth_initialization	noise_1_seed_29	synthetic_all	same_cross_accuracy	0.6021141649048626	2365	ORACLE_NEAR_TRUTH_INITIALIZATION
057	057C_prototype_near_truth_initialization	noise_1_seed_29	synthetic_all	geometry_gauge_aligned_exact_top1_accuracy	0.36405919661733616	2365	ORACLE_NEAR_TRUTH_INITIALIZATION
057	057C_prototype_near_truth_initialization	noise_1_seed_29	synthetic_all	geometry_gauge_aligned_same_cross_accuracy	0.6021141649048626	2365	ORACLE_NEAR_TRUTH_INITIALIZATION
057	057C_prototype_near_truth_initialization	noise_1_seed_29	synthetic_all	unordered_structure_rmsd	0.6652585190174689	2365	ORACLE_NEAR_TRUTH_INITIALIZATION
057	057C_prototype_near_truth_initialization	noise_1_seed_29	synthetic_all	unordered_structure_distance_spearman	0.8491179943051599	2365	ORACLE_NEAR_TRUTH_INITIALIZATION
057	057C_prototype_near_truth_initialization	noise_1_seed_29	synthetic_all	mean_exact_confidence	0.45508417246835653	2365	ORACLE_NEAR_TRUTH_INITIALIZATION
057	057C_prototype_near_truth_initialization	noise_1_seed_29	synthetic_all	mean_entropy	1.1821566360595435	2365	ORACLE_NEAR_TRUTH_INITIALIZATION
057	057C_prototype_near_truth_initialization	noise_2_seed_29	synthetic_all	exact_top1_accuracy	0.27061310782241016	2365	ORACLE_NEAR_TRUTH_INITIALIZATION
057	057C_prototype_near_truth_initialization	noise_2_seed_29	synthetic_all	same_cross_accuracy	0.5471458773784356	2365	ORACLE_NEAR_TRUTH_INITIALIZATION
057	057C_prototype_near_truth_initialization	noise_2_seed_29	synthetic_all	geometry_gauge_aligned_exact_top1_accuracy	0.28625792811839323	2365	ORACLE_NEAR_TRUTH_INITIALIZATION
057	057C_prototype_near_truth_initialization	noise_2_seed_29	synthetic_all	geometry_gauge_aligned_same_cross_accuracy	0.5539112050739958	2365	ORACLE_NEAR_TRUTH_INITIALIZATION
057	057C_prototype_near_truth_initialization	noise_2_seed_29	synthetic_all	unordered_structure_rmsd	1.14246799731232	2365	ORACLE_NEAR_TRUTH_INITIALIZATION
057	057C_prototype_near_truth_initialization	noise_2_seed_29	synthetic_all	unordered_structure_distance_spearman	0.596885200361136	2365	ORACLE_NEAR_TRUTH_INITIALIZATION
057	057C_prototype_near_truth_initialization	noise_2_seed_29	synthetic_all	mean_exact_confidence	0.4492876682397868	2365	ORACLE_NEAR_TRUTH_INITIALIZATION
057	057C_prototype_near_truth_initialization	noise_2_seed_29	synthetic_all	mean_entropy	1.1945967756190523	2365	ORACLE_NEAR_TRUTH_INITIALIZATION
057	057C_prototype_near_truth_initialization	noise_0_seed_43	synthetic_all	exact_top1_accuracy	0.3568114719527625	2371	ORACLE_NEAR_TRUTH_INITIALIZATION
057	057C_prototype_near_truth_initialization	noise_0_seed_43	synthetic_all	same_cross_accuracy	0.5651623787431463	2371	ORACLE_NEAR_TRUTH_INITIALIZATION
057	057C_prototype_near_truth_initialization	noise_0_seed_43	synthetic_all	geometry_gauge_aligned_exact_top1_accuracy	0.3568114719527625	2371	ORACLE_NEAR_TRUTH_INITIALIZATION
057	057C_prototype_near_truth_initialization	noise_0_seed_43	synthetic_all	geometry_gauge_aligned_same_cross_accuracy	0.5651623787431463	2371	ORACLE_NEAR_TRUTH_INITIALIZATION
057	057C_prototype_near_truth_initialization	noise_0_seed_43	synthetic_all	unordered_structure_rmsd	0.42304960431585564	2371	ORACLE_NEAR_TRUTH_INITIALIZATION
057	057C_prototype_near_truth_initialization	noise_0_seed_43	synthetic_all	unordered_structure_distance_spearman	0.9652163344676713	2371	ORACLE_NEAR_TRUTH_INITIALIZATION
057	057C_prototype_near_truth_initialization	noise_0_seed_43	synthetic_all	mean_exact_confidence	0.4223855492880574	2371	ORACLE_NEAR_TRUTH_INITIALIZATION
057	057C_prototype_near_truth_initialization	noise_0_seed_43	synthetic_all	mean_entropy	1.1950082042101307	2371	ORACLE_NEAR_TRUTH_INITIALIZATION
057	057C_prototype_near_truth_initialization	noise_0.05_seed_43	synthetic_all	exact_top1_accuracy	0.3530156052298608	2371	ORACLE_NEAR_TRUTH_INITIALIZATION
057	057C_prototype_near_truth_initialization	noise_0.05_seed_43	synthetic_all	same_cross_accuracy	0.5571488823281316	2371	ORACLE_NEAR_TRUTH_INITIALIZATION
057	057C_prototype_near_truth_initialization	noise_0.05_seed_43	synthetic_all	geometry_gauge_aligned_exact_top1_accuracy	0.3530156052298608	2371	ORACLE_NEAR_TRUTH_INITIALIZATION
057	057C_prototype_near_truth_initialization	noise_0.05_seed_43	synthetic_all	geometry_gauge_aligned_same_cross_accuracy	0.5571488823281316	2371	ORACLE_NEAR_TRUTH_INITIALIZATION
057	057C_prototype_near_truth_initialization	noise_0.05_seed_43	synthetic_all	unordered_structure_rmsd	0.44675529436657346	2371	ORACLE_NEAR_TRUTH_INITIALIZATION
057	057C_prototype_near_truth_initialization	noise_0.05_seed_43	synthetic_all	unordered_structure_distance_spearman	0.9620529203416903	2371	ORACLE_NEAR_TRUTH_INITIALIZATION
057	057C_prototype_near_truth_initialization	noise_0.05_seed_43	synthetic_all	mean_exact_confidence	0.42917421137435197	2371	ORACLE_NEAR_TRUTH_INITIALIZATION
057	057C_prototype_near_truth_initialization	noise_0.05_seed_43	synthetic_all	mean_entropy	1.1899901884774589	2371	ORACLE_NEAR_TRUTH_INITIALIZATION
057	057C_prototype_near_truth_initialization	noise_0.1_seed_43	synthetic_all	exact_top1_accuracy	0.35638970898355127	2371	ORACLE_NEAR_TRUTH_INITIALIZATION
057	057C_prototype_near_truth_initialization	noise_0.1_seed_43	synthetic_all	same_cross_accuracy	0.5685364824968367	2371	ORACLE_NEAR_TRUTH_INITIALIZATION
057	057C_prototype_near_truth_initialization	noise_0.1_seed_43	synthetic_all	geometry_gauge_aligned_exact_top1_accuracy	0.35638970898355127	2371	ORACLE_NEAR_TRUTH_INITIALIZATION
057	057C_prototype_near_truth_initialization	noise_0.1_seed_43	synthetic_all	geometry_gauge_aligned_same_cross_accuracy	0.5685364824968367	2371	ORACLE_NEAR_TRUTH_INITIALIZATION
057	057C_prototype_near_truth_initialization	noise_0.1_seed_43	synthetic_all	unordered_structure_rmsd	0.4351649936137888	2371	ORACLE_NEAR_TRUTH_INITIALIZATION
057	057C_prototype_near_truth_initialization	noise_0.1_seed_43	synthetic_all	unordered_structure_distance_spearman	0.9619174942704352	2371	ORACLE_NEAR_TRUTH_INITIALIZATION
057	057C_prototype_near_truth_initialization	noise_0.1_seed_43	synthetic_all	mean_exact_confidence	0.4285970597926787	2371	ORACLE_NEAR_TRUTH_INITIALIZATION
057	057C_prototype_near_truth_initialization	noise_0.1_seed_43	synthetic_all	mean_entropy	1.1906044354772993	2371	ORACLE_NEAR_TRUTH_INITIALIZATION
057	057C_prototype_near_truth_initialization	noise_0.25_seed_43	synthetic_all	exact_top1_accuracy	0.3867566427667651	2371	ORACLE_NEAR_TRUTH_INITIALIZATION
057	057C_prototype_near_truth_initialization	noise_0.25_seed_43	synthetic_all	same_cross_accuracy	0.617460986925348	2371	ORACLE_NEAR_TRUTH_INITIALIZATION
057	057C_prototype_near_truth_initialization	noise_0.25_seed_43	synthetic_all	geometry_gauge_aligned_exact_top1_accuracy	0.3867566427667651	2371	ORACLE_NEAR_TRUTH_INITIALIZATION
057	057C_prototype_near_truth_initialization	noise_0.25_seed_43	synthetic_all	geometry_gauge_aligned_same_cross_accuracy	0.617460986925348	2371	ORACLE_NEAR_TRUTH_INITIALIZATION
057	057C_prototype_near_truth_initialization	noise_0.25_seed_43	synthetic_all	unordered_structure_rmsd	0.4148964052638414	2371	ORACLE_NEAR_TRUTH_INITIALIZATION
057	057C_prototype_near_truth_initialization	noise_0.25_seed_43	synthetic_all	unordered_structure_distance_spearman	0.971636919230502	2371	ORACLE_NEAR_TRUTH_INITIALIZATION
057	057C_prototype_near_truth_initialization	noise_0.25_seed_43	synthetic_all	mean_exact_confidence	0.40586692439518035	2371	ORACLE_NEAR_TRUTH_INITIALIZATION
057	057C_prototype_near_truth_initialization	noise_0.25_seed_43	synthetic_all	mean_entropy	1.20914633828648	2371	ORACLE_NEAR_TRUTH_INITIALIZATION
057	057C_prototype_near_truth_initialization	noise_0.5_seed_43	synthetic_all	exact_top1_accuracy	0.3656684943061999	2371	ORACLE_NEAR_TRUTH_INITIALIZATION
057	057C_prototype_near_truth_initialization	noise_0.5_seed_43	synthetic_all	same_cross_accuracy	0.6035428089413749	2371	ORACLE_NEAR_TRUTH_INITIALIZATION
057	057C_prototype_near_truth_initialization	noise_0.5_seed_43	synthetic_all	geometry_gauge_aligned_exact_top1_accuracy	0.3656684943061999	2371	ORACLE_NEAR_TRUTH_INITIALIZATION
057	057C_prototype_near_truth_initialization	noise_0.5_seed_43	synthetic_all	geometry_gauge_aligned_same_cross_accuracy	0.6035428089413749	2371	ORACLE_NEAR_TRUTH_INITIALIZATION
057	057C_prototype_near_truth_initialization	noise_0.5_seed_43	synthetic_all	unordered_structure_rmsd	0.7139583355416236	2371	ORACLE_NEAR_TRUTH_INITIALIZATION
057	057C_prototype_near_truth_initialization	noise_0.5_seed_43	synthetic_all	unordered_structure_distance_spearman	0.9372907840822278	2371	ORACLE_NEAR_TRUTH_INITIALIZATION
057	057C_prototype_near_truth_initialization	noise_0.5_seed_43	synthetic_all	mean_exact_confidence	0.40608848742707937	2371	ORACLE_NEAR_TRUTH_INITIALIZATION
057	057C_prototype_near_truth_initialization	noise_0.5_seed_43	synthetic_all	mean_entropy	1.2099137528114428	2371	ORACLE_NEAR_TRUTH_INITIALIZATION
057	057C_prototype_near_truth_initialization	noise_1_seed_43	synthetic_all	exact_top1_accuracy	0.25685364824968365	2371	ORACLE_NEAR_TRUTH_INITIALIZATION
057	057C_prototype_near_truth_initialization	noise_1_seed_43	synthetic_all	same_cross_accuracy	0.509067903838043	2371	ORACLE_NEAR_TRUTH_INITIALIZATION
057	057C_prototype_near_truth_initialization	noise_1_seed_43	synthetic_all	geometry_gauge_aligned_exact_top1_accuracy	0.26781948544917755	2371	ORACLE_NEAR_TRUTH_INITIALIZATION
057	057C_prototype_near_truth_initialization	noise_1_seed_43	synthetic_all	geometry_gauge_aligned_same_cross_accuracy	0.509067903838043	2371	ORACLE_NEAR_TRUTH_INITIALIZATION
057	057C_prototype_near_truth_initialization	noise_1_seed_43	synthetic_all	unordered_structure_rmsd	1.1312215489965567	2371	ORACLE_NEAR_TRUTH_INITIALIZATION
057	057C_prototype_near_truth_initialization	noise_1_seed_43	synthetic_all	unordered_structure_distance_spearman	0.8296305298979094	2371	ORACLE_NEAR_TRUTH_INITIALIZATION
057	057C_prototype_near_truth_initialization	noise_1_seed_43	synthetic_all	mean_exact_confidence	0.4764302667132171	2371	ORACLE_NEAR_TRUTH_INITIALIZATION
057	057C_prototype_near_truth_initialization	noise_1_seed_43	synthetic_all	mean_entropy	1.119193273859941	2371	ORACLE_NEAR_TRUTH_INITIALIZATION
057	057C_prototype_near_truth_initialization	noise_2_seed_43	synthetic_all	exact_top1_accuracy	0.26444538169548715	2371	ORACLE_NEAR_TRUTH_INITIALIZATION
057	057C_prototype_near_truth_initialization	noise_2_seed_43	synthetic_all	same_cross_accuracy	0.5318431041754534	2371	ORACLE_NEAR_TRUTH_INITIALIZATION
057	057C_prototype_near_truth_initialization	noise_2_seed_43	synthetic_all	geometry_gauge_aligned_exact_top1_accuracy	0.26444538169548715	2371	ORACLE_NEAR_TRUTH_INITIALIZATION
057	057C_prototype_near_truth_initialization	noise_2_seed_43	synthetic_all	geometry_gauge_aligned_same_cross_accuracy	0.5318431041754534	2371	ORACLE_NEAR_TRUTH_INITIALIZATION
057	057C_prototype_near_truth_initialization	noise_2_seed_43	synthetic_all	unordered_structure_rmsd	1.5457964845300993	2371	ORACLE_NEAR_TRUTH_INITIALIZATION
057	057C_prototype_near_truth_initialization	noise_2_seed_43	synthetic_all	unordered_structure_distance_spearman	0.3973678727689422	2371	ORACLE_NEAR_TRUTH_INITIALIZATION
057	057C_prototype_near_truth_initialization	noise_2_seed_43	synthetic_all	mean_exact_confidence	0.5470767328826392	2371	ORACLE_NEAR_TRUTH_INITIALIZATION
057	057C_prototype_near_truth_initialization	noise_2_seed_43	synthetic_all	mean_entropy	1.024482189980819	2371	ORACLE_NEAR_TRUTH_INITIALIZATION
