chr1	chr2	policy	relative_flip	flip_source	n_eval_contacts	top1_accuracy	same_cross_accuracy	pmax_threshold_accuracy	pmax_threshold_recall
chr1	chr2	cis_selected_whole_chrom	0	cis_snp_truth_whole_chrom	1440	0.465972222	0.656944444	0.786549708	0.186805556
chr1	chr2	pair_independent_trans_oracle	0	snp_truth_oracle	1440	0.465972222	0.656944444	0.786549708	0.186805556
chr1	chr2	blind_geometry_nearest_pair_flip	0	blind_posterior_reconstruction_geometry	1440	0.465972222	0.656944444	0.786549708	0.186805556
chr1	chr2	blind_posterior_geometry_agreement_pair_flip	0	blind_posterior_reconstruction_geometry	1440	0.465972222	0.656944444	0.786549708	0.186805556
chr1	chr2	blind_high_pmax_geometry_pair_flip	0	blind_posterior_reconstruction_geometry	1440	0.465972222	0.656944444	0.786549708	0.186805556
chr1	chr2	blind_margin_geometry_pair_flip	0	blind_posterior_reconstruction_geometry	1440	0.465972222	0.656944444	0.786549708	0.186805556
chr1	chr3	cis_selected_whole_chrom	0	cis_snp_truth_whole_chrom	1036	0.234555985	0.455598456	0.251308901	0.0463320463
chr1	chr3	pair_independent_trans_oracle	1	snp_truth_oracle	1036	0.262548263	0.544401544	0.277486911	0.0511583012
chr1	chr3	blind_geometry_nearest_pair_flip	0	blind_posterior_reconstruction_geometry	1036	0.234555985	0.455598456	0.251308901	0.0463320463
chr1	chr3	blind_posterior_geometry_agreement_pair_flip	0	blind_posterior_reconstruction_geometry	1036	0.234555985	0.455598456	0.251308901	0.0463320463
chr1	chr3	blind_high_pmax_geometry_pair_flip	0	blind_posterior_reconstruction_geometry	1036	0.234555985	0.455598456	0.251308901	0.0463320463
chr1	chr3	blind_margin_geometry_pair_flip	0	blind_posterior_reconstruction_geometry	1036	0.234555985	0.455598456	0.251308901	0.0463320463
chr1	chr4	cis_selected_whole_chrom	0	cis_snp_truth_whole_chrom	1167	0.475578406	0.616109683	0.541160594	0.34361611
chr1	chr4	pair_independent_trans_oracle	0	snp_truth_oracle	1167	0.475578406	0.616109683	0.541160594	0.34361611
chr1	chr4	blind_geometry_nearest_pair_flip	0	blind_posterior_reconstruction_geometry	1167	0.475578406	0.616109683	0.541160594	0.34361611
chr1	chr4	blind_posterior_geometry_agreement_pair_flip	0	blind_posterior_reconstruction_geometry	1167	0.475578406	0.616109683	0.541160594	0.34361611
chr1	chr4	blind_high_pmax_geometry_pair_flip	0	blind_posterior_reconstruction_geometry	1167	0.475578406	0.616109683	0.541160594	0.34361611
chr1	chr4	blind_margin_geometry_pair_flip	0	blind_posterior_reconstruction_geometry	1167	0.475578406	0.616109683	0.541160594	0.34361611
chr1	chr5	cis_selected_whole_chrom	0	cis_snp_truth_whole_chrom	865	0.225433526	0.470520231	0.206666667	0.0716763006
chr1	chr5	pair_independent_trans_oracle	1	snp_truth_oracle	865	0.294797688	0.529479769	0.283333333	0.098265896
chr1	chr5	blind_geometry_nearest_pair_flip	0	blind_posterior_reconstruction_geometry	865	0.225433526	0.470520231	0.206666667	0.0716763006
chr1	chr5	blind_posterior_geometry_agreement_pair_flip	0	blind_posterior_reconstruction_geometry	865	0.225433526	0.470520231	0.206666667	0.0716763006
chr1	chr5	blind_high_pmax_geometry_pair_flip	0	blind_posterior_reconstruction_geometry	865	0.225433526	0.470520231	0.206666667	0.0716763006
chr1	chr5	blind_margin_geometry_pair_flip	0	blind_posterior_reconstruction_geometry	865	0.225433526	0.470520231	0.206666667	0.0716763006
chr1	chr6	cis_selected_whole_chrom	0	cis_snp_truth_whole_chrom	1600	0.5925	0.7125	0.724576271	0.4275
chr1	chr6	pair_independent_trans_oracle	0	snp_truth_oracle	1600	0.5925	0.7125	0.724576271	0.4275
chr1	chr6	blind_geometry_nearest_pair_flip	0	blind_posterior_reconstruction_geometry	1600	0.5925	0.7125	0.724576271	0.4275
chr1	chr6	blind_posterior_geometry_agreement_pair_flip	0	blind_posterior_reconstruction_geometry	1600	0.5925	0.7125	0.724576271	0.4275
chr1	chr6	blind_high_pmax_geometry_pair_flip	0	blind_posterior_reconstruction_geometry	1600	0.5925	0.7125	0.724576271	0.4275
chr1	chr6	blind_margin_geometry_pair_flip	0	blind_posterior_reconstruction_geometry	1600	0.5925	0.7125	0.724576271	0.4275
chr1	chr7	cis_selected_whole_chrom	0	cis_snp_truth_whole_chrom	778	0.26092545	0.467866324	0.269449715	0.18251928
chr1	chr7	pair_independent_trans_oracle	1	snp_truth_oracle	778	0.269922879	0.532133676	0.282732448	0.19151671
chr1	chr7	blind_geometry_nearest_pair_flip	0	blind_posterior_reconstruction_geometry	778	0.26092545	0.467866324	0.269449715	0.18251928
chr1	chr7	blind_posterior_geometry_agreement_pair_flip	0	blind_posterior_reconstruction_geometry	778	0.26092545	0.467866324	0.269449715	0.18251928
chr1	chr7	blind_high_pmax_geometry_pair_flip	0	blind_posterior_reconstruction_geometry	778	0.26092545	0.467866324	0.269449715	0.18251928
chr1	chr7	blind_margin_geometry_pair_flip	0	blind_posterior_reconstruction_geometry	778	0.26092545	0.467866324	0.269449715	0.18251928
chr1	chr8	cis_selected_whole_chrom	0	cis_snp_truth_whole_chrom	1480	0.166216216	0.343243243	0.110726644	0.0648648649
chr1	chr8	pair_independent_trans_oracle	1	snp_truth_oracle	1480	0.528378378	0.656756757	0.663206459	0.388513514
chr1	chr8	blind_geometry_nearest_pair_flip	0	blind_posterior_reconstruction_geometry	1480	0.166216216	0.343243243	0.110726644	0.0648648649
chr1	chr8	blind_posterior_geometry_agreement_pair_flip	0	blind_posterior_reconstruction_geometry	1480	0.166216216	0.343243243	0.110726644	0.0648648649
chr1	chr8	blind_high_pmax_geometry_pair_flip	0	blind_posterior_reconstruction_geometry	1480	0.166216216	0.343243243	0.110726644	0.0648648649
chr1	chr8	blind_margin_geometry_pair_flip	0	blind_posterior_reconstruction_geometry	1480	0.166216216	0.343243243	0.110726644	0.0648648649
chr1	chr9	cis_selected_whole_chrom	0	cis_snp_truth_whole_chrom	1116	0.215949821	0.420250896	0.205479452	0.0403225806
chr1	chr9	pair_independent_trans_oracle	1	snp_truth_oracle	1116	0.286738351	0.579749104	0.392694064	0.0770609319
chr1	chr9	blind_geometry_nearest_pair_flip	0	blind_posterior_reconstruction_geometry	1116	0.215949821	0.420250896	0.205479452	0.0403225806
chr1	chr9	blind_posterior_geometry_agreement_pair_flip	0	blind_posterior_reconstruction_geometry	1116	0.215949821	0.420250896	0.205479452	0.0403225806
chr1	chr9	blind_high_pmax_geometry_pair_flip	0	blind_posterior_reconstruction_geometry	1116	0.215949821	0.420250896	0.205479452	0.0403225806
chr1	chr9	blind_margin_geometry_pair_flip	0	blind_posterior_reconstruction_geometry	1116	0.215949821	0.420250896	0.205479452	0.0403225806
chr1	chr10	cis_selected_whole_chrom	0	cis_snp_truth_whole_chrom	758	0.283641161	0.531662269	0.289044289	0.163588391
chr1	chr10	pair_independent_trans_oracle	0	snp_truth_oracle	758	0.283641161	0.531662269	0.289044289	0.163588391
chr1	chr10	blind_geometry_nearest_pair_flip	0	blind_posterior_reconstruction_geometry	758	0.283641161	0.531662269	0.289044289	0.163588391
chr1	chr10	blind_posterior_geometry_agreement_pair_flip	0	blind_posterior_reconstruction_geometry	758	0.283641161	0.531662269	0.289044289	0.163588391
chr1	chr10	blind_high_pmax_geometry_pair_flip	0	blind_posterior_reconstruction_geometry	758	0.283641161	0.531662269	0.289044289	0.163588391
chr1	chr10	blind_margin_geometry_pair_flip	0	blind_posterior_reconstruction_geometry	758	0.283641161	0.531662269	0.289044289	0.163588391
chr1	chr11	cis_selected_whole_chrom	0	cis_snp_truth_whole_chrom	1466	0.287175989	0.446111869	0.398373984	0.133697135
chr1	chr11	pair_independent_trans_oracle	1	snp_truth_oracle	1466	0.397680764	0.553888131	0.432926829	0.145293315
chr1	chr11	blind_geometry_nearest_pair_flip	0	blind_posterior_reconstruction_geometry	1466	0.287175989	0.446111869	0.398373984	0.133697135
chr1	chr11	blind_posterior_geometry_agreement_pair_flip	0	blind_posterior_reconstruction_geometry	1466	0.287175989	0.446111869	0.398373984	0.133697135
chr1	chr11	blind_high_pmax_geometry_pair_flip	0	blind_posterior_reconstruction_geometry	1466	0.287175989	0.446111869	0.398373984	0.133697135
chr1	chr11	blind_margin_geometry_pair_flip	0	blind_posterior_reconstruction_geometry	1466	0.287175989	0.446111869	0.398373984	0.133697135
chr1	chr12	cis_selected_whole_chrom	0	cis_snp_truth_whole_chrom	815	0.236809816	0.499386503	0.236842105	0.0331288344
chr1	chr12	pair_independent_trans_oracle	1	snp_truth_oracle	815	0.250306748	0.500613497	0.368421053	0.0515337423
chr1	chr12	blind_geometry_nearest_pair_flip	0	blind_posterior_reconstruction_geometry	815	0.236809816	0.499386503	0.236842105	0.0331288344
chr1	chr12	blind_posterior_geometry_agreement_pair_flip	0	blind_posterior_reconstruction_geometry	815	0.236809816	0.499386503	0.236842105	0.0331288344
chr1	chr12	blind_high_pmax_geometry_pair_flip	0	blind_posterior_reconstruction_geometry	815	0.236809816	0.499386503	0.236842105	0.0331288344
chr1	chr12	blind_margin_geometry_pair_flip	0	blind_posterior_reconstruction_geometry	815	0.236809816	0.499386503	0.236842105	0.0331288344
chr1	chr13	cis_selected_whole_chrom	0	cis_snp_truth_whole_chrom	897	0.274247492	0.499442586	0.275280899	0.0546265329
chr1	chr13	pair_independent_trans_oracle	0	snp_truth_oracle	897	0.274247492	0.499442586	0.275280899	0.0546265329
chr1	chr13	blind_geometry_nearest_pair_flip	0	blind_posterior_reconstruction_geometry	897	0.274247492	0.499442586	0.275280899	0.0546265329
chr1	chr13	blind_posterior_geometry_agreement_pair_flip	0	blind_posterior_reconstruction_geometry	897	0.274247492	0.499442586	0.275280899	0.0546265329
chr1	chr13	blind_high_pmax_geometry_pair_flip	0	blind_posterior_reconstruction_geometry	897	0.274247492	0.499442586	0.275280899	0.0546265329
chr1	chr13	blind_margin_geometry_pair_flip	0	blind_posterior_reconstruction_geometry	897	0.274247492	0.499442586	0.275280899	0.0546265329
chr1	chr14	cis_selected_whole_chrom	0	cis_snp_truth_whole_chrom	607	0.278418451	0.469522241	0.286764706	0.192751236
chr1	chr14	pair_independent_trans_oracle	0	snp_truth_oracle	607	0.278418451	0.469522241	0.286764706	0.192751236
chr1	chr14	blind_geometry_nearest_pair_flip	0	blind_posterior_reconstruction_geometry	607	0.278418451	0.469522241	0.286764706	0.192751236
chr1	chr14	blind_posterior_geometry_agreement_pair_flip	0	blind_posterior_reconstruction_geometry	607	0.278418451	0.469522241	0.286764706	0.192751236
chr1	chr14	blind_high_pmax_geometry_pair_flip	0	blind_posterior_reconstruction_geometry	607	0.278418451	0.469522241	0.286764706	0.192751236
chr1	chr14	blind_margin_geometry_pair_flip	0	blind_posterior_reconstruction_geometry	607	0.278418451	0.469522241	0.286764706	0.192751236
chr1	chr15	cis_selected_whole_chrom	0	cis_snp_truth_whole_chrom	966	0.50310559	0.649068323	0.640684411	0.348861284
chr1	chr15	pair_independent_trans_oracle	0	snp_truth_oracle	966	0.50310559	0.649068323	0.640684411	0.348861284
chr1	chr15	blind_geometry_nearest_pair_flip	0	blind_posterior_reconstruction_geometry	966	0.50310559	0.649068323	0.640684411	0.348861284
chr1	chr15	blind_posterior_geometry_agreement_pair_flip	0	blind_posterior_reconstruction_geometry	966	0.50310559	0.649068323	0.640684411	0.348861284
chr1	chr15	blind_high_pmax_geometry_pair_flip	0	blind_posterior_reconstruction_geometry	966	0.50310559	0.649068323	0.640684411	0.348861284
chr1	chr15	blind_margin_geometry_pair_flip	0	blind_posterior_reconstruction_geometry	966	0.50310559	0.649068323	0.640684411	0.348861284
chr1	chr16	cis_selected_whole_chrom	0	cis_snp_truth_whole_chrom	548	0.255474453	0.510948905	0.2	0.052919708
chr1	chr16	pair_independent_trans_oracle	1	snp_truth_oracle	548	0.262773723	0.489051095	0.220689655	0.0583941606
chr1	chr16	blind_geometry_nearest_pair_flip	0	blind_posterior_reconstruction_geometry	548	0.255474453	0.510948905	0.2	0.052919708
chr1	chr16	blind_posterior_geometry_agreement_pair_flip	0	blind_posterior_reconstruction_geometry	548	0.255474453	0.510948905	0.2	0.052919708
chr1	chr16	blind_high_pmax_geometry_pair_flip	0	blind_posterior_reconstruction_geometry	548	0.255474453	0.510948905	0.2	0.052919708
chr1	chr16	blind_margin_geometry_pair_flip	0	blind_posterior_reconstruction_geometry	548	0.255474453	0.510948905	0.2	0.052919708
chr1	chr17	cis_selected_whole_chrom	0	cis_snp_truth_whole_chrom	1142	0.42469352	0.635726795	0.795031056	0.224168126
chr1	chr17	pair_independent_trans_oracle	0	snp_truth_oracle	1142	0.42469352	0.635726795	0.795031056	0.224168126
chr1	chr17	blind_geometry_nearest_pair_flip	0	blind_posterior_reconstruction_geometry	1142	0.42469352	0.635726795	0.795031056	0.224168126
chr1	chr17	blind_posterior_geometry_agreement_pair_flip	0	blind_posterior_reconstruction_geometry	1142	0.42469352	0.635726795	0.795031056	0.224168126
chr1	chr17	blind_high_pmax_geometry_pair_flip	0	blind_posterior_reconstruction_geometry	1142	0.42469352	0.635726795	0.795031056	0.224168126
chr1	chr17	blind_margin_geometry_pair_flip	0	blind_posterior_reconstruction_geometry	1142	0.42469352	0.635726795	0.795031056	0.224168126
chr1	chr18	cis_selected_whole_chrom	0	cis_snp_truth_whole_chrom	570	0.245614035	0.49122807	0.277456647	0.0842105263
chr1	chr18	pair_independent_trans_oracle	1	snp_truth_oracle	570	0.256140351	0.50877193	0.184971098	0.0561403509
chr1	chr18	blind_geometry_nearest_pair_flip	0	blind_posterior_reconstruction_geometry	570	0.245614035	0.49122807	0.277456647	0.0842105263
chr1	chr18	blind_posterior_geometry_agreement_pair_flip	0	blind_posterior_reconstruction_geometry	570	0.245614035	0.49122807	0.277456647	0.0842105263
chr1	chr18	blind_high_pmax_geometry_pair_flip	0	blind_posterior_reconstruction_geometry	570	0.245614035	0.49122807	0.277456647	0.0842105263
chr1	chr18	blind_margin_geometry_pair_flip	0	blind_posterior_reconstruction_geometry	570	0.245614035	0.49122807	0.277456647	0.0842105263
chr1	chr19	cis_selected_whole_chrom	0	cis_snp_truth_whole_chrom	347	0.30259366	0.5129683	0.320512821	0.0720461095
chr1	chr19	pair_independent_trans_oracle	0	snp_truth_oracle	347	0.30259366	0.5129683	0.320512821	0.0720461095
chr1	chr19	blind_geometry_nearest_pair_flip	0	blind_posterior_reconstruction_geometry	347	0.30259366	0.5129683	0.320512821	0.0720461095
chr1	chr19	blind_posterior_geometry_agreement_pair_flip	0	blind_posterior_reconstruction_geometry	347	0.30259366	0.5129683	0.320512821	0.0720461095
chr1	chr19	blind_high_pmax_geometry_pair_flip	0	blind_posterior_reconstruction_geometry	347	0.30259366	0.5129683	0.320512821	0.0720461095
chr1	chr19	blind_margin_geometry_pair_flip	0	blind_posterior_reconstruction_geometry	347	0.30259366	0.5129683	0.320512821	0.0720461095
chr1	chrX	cis_selected_whole_chrom	0	cis_snp_truth_whole_chrom	1233	0.391727494	0.568532036	0.536023055	0.150851582
chr1	chrX	pair_independent_trans_oracle	0	snp_truth_oracle	1233	0.391727494	0.568532036	0.536023055	0.150851582
chr1	chrX	blind_geometry_nearest_pair_flip	0	blind_posterior_reconstruction_geometry	1233	0.391727494	0.568532036	0.536023055	0.150851582
chr1	chrX	blind_posterior_geometry_agreement_pair_flip	0	blind_posterior_reconstruction_geometry	1233	0.391727494	0.568532036	0.536023055	0.150851582
chr1	chrX	blind_high_pmax_geometry_pair_flip	0	blind_posterior_reconstruction_geometry	1233	0.391727494	0.568532036	0.536023055	0.150851582
chr1	chrX	blind_margin_geometry_pair_flip	0	blind_posterior_reconstruction_geometry	1233	0.391727494	0.568532036	0.536023055	0.150851582
chr2	chr3	cis_selected_whole_chrom	0	cis_snp_truth_whole_chrom	1464	0.284836066	0.411885246	0.276202219	0.153005464
chr2	chr3	pair_independent_trans_oracle	1	snp_truth_oracle	1464	0.461065574	0.588114754	0.561035758	0.31079235
chr2	chr3	blind_geometry_nearest_pair_flip	0	blind_posterior_reconstruction_geometry	1464	0.284836066	0.411885246	0.276202219	0.153005464
chr2	chr3	blind_posterior_geometry_agreement_pair_flip	0	blind_posterior_reconstruction_geometry	1464	0.284836066	0.411885246	0.276202219	0.153005464
chr2	chr3	blind_high_pmax_geometry_pair_flip	0	blind_posterior_reconstruction_geometry	1464	0.284836066	0.411885246	0.276202219	0.153005464
chr2	chr3	blind_margin_geometry_pair_flip	0	blind_posterior_reconstruction_geometry	1464	0.284836066	0.411885246	0.276202219	0.153005464
chr2	chr4	cis_selected_whole_chrom	0	cis_snp_truth_whole_chrom	1382	0.589725036	0.746743849	0.803459119	0.36975398
chr2	chr4	pair_independent_trans_oracle	0	snp_truth_oracle	1382	0.589725036	0.746743849	0.803459119	0.36975398
chr2	chr4	blind_geometry_nearest_pair_flip	0	blind_posterior_reconstruction_geometry	1382	0.589725036	0.746743849	0.803459119	0.36975398
chr2	chr4	blind_posterior_geometry_agreement_pair_flip	0	blind_posterior_reconstruction_geometry	1382	0.589725036	0.746743849	0.803459119	0.36975398
chr2	chr4	blind_high_pmax_geometry_pair_flip	0	blind_posterior_reconstruction_geometry	1382	0.589725036	0.746743849	0.803459119	0.36975398
chr2	chr4	blind_margin_geometry_pair_flip	0	blind_posterior_reconstruction_geometry	1382	0.589725036	0.746743849	0.803459119	0.36975398
chr2	chr5	cis_selected_whole_chrom	0	cis_snp_truth_whole_chrom	864	0.265046296	0.472222222	0.221674877	0.0520833333
chr2	chr5	pair_independent_trans_oracle	1	snp_truth_oracle	864	0.315972222	0.527777778	0.330049261	0.0775462963
chr2	chr5	blind_geometry_nearest_pair_flip	0	blind_posterior_reconstruction_geometry	864	0.265046296	0.472222222	0.221674877	0.0520833333
chr2	chr5	blind_posterior_geometry_agreement_pair_flip	0	blind_posterior_reconstruction_geometry	864	0.265046296	0.472222222	0.221674877	0.0520833333
chr2	chr5	blind_high_pmax_geometry_pair_flip	0	blind_posterior_reconstruction_geometry	864	0.265046296	0.472222222	0.221674877	0.0520833333
chr2	chr5	blind_margin_geometry_pair_flip	0	blind_posterior_reconstruction_geometry	864	0.265046296	0.472222222	0.221674877	0.0520833333
chr2	chr6	cis_selected_whole_chrom	0	cis_snp_truth_whole_chrom	1660	0.658433735	0.75060241	0.733761026	0.551204819
chr2	chr6	pair_independent_trans_oracle	0	snp_truth_oracle	1660	0.658433735	0.75060241	0.733761026	0.551204819
chr2	chr6	blind_geometry_nearest_pair_flip	0	blind_posterior_reconstruction_geometry	1660	0.658433735	0.75060241	0.733761026	0.551204819
chr2	chr6	blind_posterior_geometry_agreement_pair_flip	0	blind_posterior_reconstruction_geometry	1660	0.658433735	0.75060241	0.733761026	0.551204819
chr2	chr6	blind_high_pmax_geometry_pair_flip	0	blind_posterior_reconstruction_geometry	1660	0.658433735	0.75060241	0.733761026	0.551204819
chr2	chr6	blind_margin_geometry_pair_flip	0	blind_posterior_reconstruction_geometry	1660	0.658433735	0.75060241	0.733761026	0.551204819
chr2	chr7	cis_selected_whole_chrom	0	cis_snp_truth_whole_chrom	1126	0.315275311	0.491119005	0.389400922	0.15008881
chr2	chr7	pair_independent_trans_oracle	1	snp_truth_oracle	1126	0.319715808	0.508880995	0.417050691	0.160746004
chr2	chr7	blind_geometry_nearest_pair_flip	0	blind_posterior_reconstruction_geometry	1126	0.315275311	0.491119005	0.389400922	0.15008881
chr2	chr7	blind_posterior_geometry_agreement_pair_flip	0	blind_posterior_reconstruction_geometry	1126	0.315275311	0.491119005	0.389400922	0.15008881
chr2	chr7	blind_high_pmax_geometry_pair_flip	0	blind_posterior_reconstruction_geometry	1126	0.315275311	0.491119005	0.389400922	0.15008881
chr2	chr7	blind_margin_geometry_pair_flip	0	blind_posterior_reconstruction_geometry	1126	0.315275311	0.491119005	0.389400922	0.15008881
chr2	chr8	cis_selected_whole_chrom	0	cis_snp_truth_whole_chrom	1477	0.134055518	0.259986459	0.0922509225	0.067704807
chr2	chr8	pair_independent_trans_oracle	1	snp_truth_oracle	1477	0.580907244	0.740013541	0.687269373	0.504400812
chr2	chr8	blind_geometry_nearest_pair_flip	0	blind_posterior_reconstruction_geometry	1477	0.134055518	0.259986459	0.0922509225	0.067704807
chr2	chr8	blind_posterior_geometry_agreement_pair_flip	0	blind_posterior_reconstruction_geometry	1477	0.134055518	0.259986459	0.0922509225	0.067704807
chr2	chr8	blind_high_pmax_geometry_pair_flip	0	blind_posterior_reconstruction_geometry	1477	0.134055518	0.259986459	0.0922509225	0.067704807
chr2	chr8	blind_margin_geometry_pair_flip	0	blind_posterior_reconstruction_geometry	1477	0.134055518	0.259986459	0.0922509225	0.067704807
chr2	chr9	cis_selected_whole_chrom	0	cis_snp_truth_whole_chrom	1624	0.622536946	0.708128079	0.767491927	0.439039409
chr2	chr9	pair_independent_trans_oracle	0	snp_truth_oracle	1624	0.622536946	0.708128079	0.767491927	0.439039409
chr2	chr9	blind_geometry_nearest_pair_flip	0	blind_posterior_reconstruction_geometry	1624	0.622536946	0.708128079	0.767491927	0.439039409
chr2	chr9	blind_posterior_geometry_agreement_pair_flip	0	blind_posterior_reconstruction_geometry	1624	0.622536946	0.708128079	0.767491927	0.439039409
chr2	chr9	blind_high_pmax_geometry_pair_flip	0	blind_posterior_reconstruction_geometry	1624	0.622536946	0.708128079	0.767491927	0.439039409
chr2	chr9	blind_margin_geometry_pair_flip	0	blind_posterior_reconstruction_geometry	1624	0.622536946	0.708128079	0.767491927	0.439039409
chr2	chr10	cis_selected_whole_chrom	0	cis_snp_truth_whole_chrom	664	0.277108434	0.495481928	0.0625	0.0015060241
chr2	chr10	pair_independent_trans_oracle	0	snp_truth_oracle	664	0.277108434	0.495481928	0.0625	0.0015060241
chr2	chr10	blind_geometry_nearest_pair_flip	0	blind_posterior_reconstruction_geometry	664	0.277108434	0.495481928	0.0625	0.0015060241
chr2	chr10	blind_posterior_geometry_agreement_pair_flip	0	blind_posterior_reconstruction_geometry	664	0.277108434	0.495481928	0.0625	0.0015060241
chr2	chr10	blind_high_pmax_geometry_pair_flip	0	blind_posterior_reconstruction_geometry	664	0.277108434	0.495481928	0.0625	0.0015060241
chr2	chr10	blind_margin_geometry_pair_flip	0	blind_posterior_reconstruction_geometry	664	0.277108434	0.495481928	0.0625	0.0015060241
chr2	chr11	cis_selected_whole_chrom	0	cis_snp_truth_whole_chrom	940	0.322340426	0.60106383	0.529411765	0.0478723404
chr2	chr11	pair_independent_trans_oracle	0	snp_truth_oracle	940	0.322340426	0.60106383	0.529411765	0.0478723404
chr2	chr11	blind_geometry_nearest_pair_flip	0	blind_posterior_reconstruction_geometry	940	0.322340426	0.60106383	0.529411765	0.0478723404
chr2	chr11	blind_posterior_geometry_agreement_pair_flip	0	blind_posterior_reconstruction_geometry	940	0.322340426	0.60106383	0.529411765	0.0478723404
chr2	chr11	blind_high_pmax_geometry_pair_flip	0	blind_posterior_reconstruction_geometry	940	0.322340426	0.60106383	0.529411765	0.0478723404
chr2	chr11	blind_margin_geometry_pair_flip	0	blind_posterior_reconstruction_geometry	940	0.322340426	0.60106383	0.529411765	0.0478723404
chr2	chr12	cis_selected_whole_chrom	0	cis_snp_truth_whole_chrom	701	0.2467903	0.456490728	0.261363636	0.032810271
chr2	chr12	pair_independent_trans_oracle	0	snp_truth_oracle	701	0.2467903	0.456490728	0.261363636	0.032810271
chr2	chr12	blind_geometry_nearest_pair_flip	0	blind_posterior_reconstruction_geometry	701	0.2467903	0.456490728	0.261363636	0.032810271
chr2	chr12	blind_posterior_geometry_agreement_pair_flip	0	blind_posterior_reconstruction_geometry	701	0.2467903	0.456490728	0.261363636	0.032810271
chr2	chr12	blind_high_pmax_geometry_pair_flip	0	blind_posterior_reconstruction_geometry	701	0.2467903	0.456490728	0.261363636	0.032810271
chr2	chr12	blind_margin_geometry_pair_flip	0	blind_posterior_reconstruction_geometry	701	0.2467903	0.456490728	0.261363636	0.032810271
chr2	chr13	cis_selected_whole_chrom	0	cis_snp_truth_whole_chrom	715	0.230769231	0.475524476	0.142857143	0.0013986014
chr2	chr13	pair_independent_trans_oracle	1	snp_truth_oracle	715	0.285314685	0.524475524	0.428571429	0.0041958042
chr2	chr13	blind_geometry_nearest_pair_flip	0	blind_posterior_reconstruction_geometry	715	0.230769231	0.475524476	0.142857143	0.0013986014
chr2	chr13	blind_posterior_geometry_agreement_pair_flip	0	blind_posterior_reconstruction_geometry	715	0.230769231	0.475524476	0.142857143	0.0013986014
chr2	chr13	blind_high_pmax_geometry_pair_flip	0	blind_posterior_reconstruction_geometry	715	0.230769231	0.475524476	0.142857143	0.0013986014
chr2	chr13	blind_margin_geometry_pair_flip	0	blind_posterior_reconstruction_geometry	715	0.230769231	0.475524476	0.142857143	0.0013986014
chr2	chr14	cis_selected_whole_chrom	0	cis_snp_truth_whole_chrom	635	0.234645669	0.518110236	0.221198157	0.0755905512
chr2	chr14	pair_independent_trans_oracle	1	snp_truth_oracle	635	0.256692913	0.481889764	0.258064516	0.0881889764
chr2	chr14	blind_geometry_nearest_pair_flip	0	blind_posterior_reconstruction_geometry	635	0.234645669	0.518110236	0.221198157	0.0755905512
chr2	chr14	blind_posterior_geometry_agreement_pair_flip	0	blind_posterior_reconstruction_geometry	635	0.234645669	0.518110236	0.221198157	0.0755905512
chr2	chr14	blind_high_pmax_geometry_pair_flip	0	blind_posterior_reconstruction_geometry	635	0.234645669	0.518110236	0.221198157	0.0755905512
chr2	chr14	blind_margin_geometry_pair_flip	0	blind_posterior_reconstruction_geometry	635	0.234645669	0.518110236	0.221198157	0.0755905512
chr2	chr15	cis_selected_whole_chrom	0	cis_snp_truth_whole_chrom	490	0.242857143	0.487755102	0.233009709	0.0489795918
chr2	chr15	pair_independent_trans_oracle	1	snp_truth_oracle	490	0.244897959	0.512244898	0.213592233	0.0448979592
chr2	chr15	blind_geometry_nearest_pair_flip	0	blind_posterior_reconstruction_geometry	490	0.242857143	0.487755102	0.233009709	0.0489795918
chr2	chr15	blind_posterior_geometry_agreement_pair_flip	0	blind_posterior_reconstruction_geometry	490	0.242857143	0.487755102	0.233009709	0.0489795918
chr2	chr15	blind_high_pmax_geometry_pair_flip	0	blind_posterior_reconstruction_geometry	490	0.242857143	0.487755102	0.233009709	0.0489795918
chr2	chr15	blind_margin_geometry_pair_flip	0	blind_posterior_reconstruction_geometry	490	0.242857143	0.487755102	0.233009709	0.0489795918
chr2	chr16	cis_selected_whole_chrom	0	cis_snp_truth_whole_chrom	1019	0.157016683	0.274779195	0.0659340659	0.0294406281
chr2	chr16	pair_independent_trans_oracle	1	snp_truth_oracle	1019	0.610402355	0.725220805	0.830769231	0.370951914
chr2	chr16	blind_geometry_nearest_pair_flip	0	blind_posterior_reconstruction_geometry	1019	0.157016683	0.274779195	0.0659340659	0.0294406281
chr2	chr16	blind_posterior_geometry_agreement_pair_flip	0	blind_posterior_reconstruction_geometry	1019	0.157016683	0.274779195	0.0659340659	0.0294406281
chr2	chr16	blind_high_pmax_geometry_pair_flip	0	blind_posterior_reconstruction_geometry	1019	0.157016683	0.274779195	0.0659340659	0.0294406281
chr2	chr16	blind_margin_geometry_pair_flip	0	blind_posterior_reconstruction_geometry	1019	0.157016683	0.274779195	0.0659340659	0.0294406281
chr2	chr17	cis_selected_whole_chrom	0	cis_snp_truth_whole_chrom	653	0.306278714	0.513016845	0.2996633	0.136294028
chr2	chr17	pair_independent_trans_oracle	0	snp_truth_oracle	653	0.306278714	0.513016845	0.2996633	0.136294028
chr2	chr17	blind_geometry_nearest_pair_flip	0	blind_posterior_reconstruction_geometry	653	0.306278714	0.513016845	0.2996633	0.136294028
chr2	chr17	blind_posterior_geometry_agreement_pair_flip	0	blind_posterior_reconstruction_geometry	653	0.306278714	0.513016845	0.2996633	0.136294028
chr2	chr17	blind_high_pmax_geometry_pair_flip	0	blind_posterior_reconstruction_geometry	653	0.306278714	0.513016845	0.2996633	0.136294028
chr2	chr17	blind_margin_geometry_pair_flip	0	blind_posterior_reconstruction_geometry	653	0.306278714	0.513016845	0.2996633	0.136294028
chr2	chr18	cis_selected_whole_chrom	0	cis_snp_truth_whole_chrom	568	0.242957746	0.540492958	0.259562842	0.167253521
chr2	chr18	pair_independent_trans_oracle	0	snp_truth_oracle	568	0.242957746	0.540492958	0.259562842	0.167253521
chr2	chr18	blind_geometry_nearest_pair_flip	0	blind_posterior_reconstruction_geometry	568	0.242957746	0.540492958	0.259562842	0.167253521
chr2	chr18	blind_posterior_geometry_agreement_pair_flip	0	blind_posterior_reconstruction_geometry	568	0.242957746	0.540492958	0.259562842	0.167253521
chr2	chr18	blind_high_pmax_geometry_pair_flip	0	blind_posterior_reconstruction_geometry	568	0.242957746	0.540492958	0.259562842	0.167253521
chr2	chr18	blind_margin_geometry_pair_flip	0	blind_posterior_reconstruction_geometry	568	0.242957746	0.540492958	0.259562842	0.167253521
chr2	chr19	cis_selected_whole_chrom	0	cis_snp_truth_whole_chrom	447	0.272930649	0.496644295	0.350515464	0.0760626398
chr2	chr19	pair_independent_trans_oracle	0	snp_truth_oracle	447	0.272930649	0.496644295	0.350515464	0.0760626398
chr2	chr19	blind_geometry_nearest_pair_flip	0	blind_posterior_reconstruction_geometry	447	0.272930649	0.496644295	0.350515464	0.0760626398
chr2	chr19	blind_posterior_geometry_agreement_pair_flip	0	blind_posterior_reconstruction_geometry	447	0.272930649	0.496644295	0.350515464	0.0760626398
chr2	chr19	blind_high_pmax_geometry_pair_flip	0	blind_posterior_reconstruction_geometry	447	0.272930649	0.496644295	0.350515464	0.0760626398
chr2	chr19	blind_margin_geometry_pair_flip	0	blind_posterior_reconstruction_geometry	447	0.272930649	0.496644295	0.350515464	0.0760626398
chr2	chrX	cis_selected_whole_chrom	0	cis_snp_truth_whole_chrom	735	0.291156463	0.448979592	0.461139896	0.121088435
chr2	chrX	pair_independent_trans_oracle	1	snp_truth_oracle	735	0.340136054	0.551020408	0.259067358	0.0680272109
chr2	chrX	blind_geometry_nearest_pair_flip	0	blind_posterior_reconstruction_geometry	735	0.291156463	0.448979592	0.461139896	0.121088435
chr2	chrX	blind_posterior_geometry_agreement_pair_flip	0	blind_posterior_reconstruction_geometry	735	0.291156463	0.448979592	0.461139896	0.121088435
chr2	chrX	blind_high_pmax_geometry_pair_flip	0	blind_posterior_reconstruction_geometry	735	0.291156463	0.448979592	0.461139896	0.121088435
chr2	chrX	blind_margin_geometry_pair_flip	0	blind_posterior_reconstruction_geometry	735	0.291156463	0.448979592	0.461139896	0.121088435
chr3	chr4	cis_selected_whole_chrom	0	cis_snp_truth_whole_chrom	870	0.291954023	0.491954023	0.287815126	0.157471264
chr3	chr4	pair_independent_trans_oracle	0	snp_truth_oracle	870	0.291954023	0.491954023	0.287815126	0.157471264
chr3	chr4	blind_geometry_nearest_pair_flip	0	blind_posterior_reconstruction_geometry	870	0.291954023	0.491954023	0.287815126	0.157471264
chr3	chr4	blind_posterior_geometry_agreement_pair_flip	0	blind_posterior_reconstruction_geometry	870	0.291954023	0.491954023	0.287815126	0.157471264
chr3	chr4	blind_high_pmax_geometry_pair_flip	0	blind_posterior_reconstruction_geometry	870	0.291954023	0.491954023	0.287815126	0.157471264
chr3	chr4	blind_margin_geometry_pair_flip	0	blind_posterior_reconstruction_geometry	870	0.291954023	0.491954023	0.287815126	0.157471264
chr3	chr5	cis_selected_whole_chrom	0	cis_snp_truth_whole_chrom	690	0.244927536	0.484057971	0.223076923	0.0420289855
chr3	chr5	pair_independent_trans_oracle	1	snp_truth_oracle	690	0.289855072	0.515942029	0.330769231	0.0623188406
chr3	chr5	blind_geometry_nearest_pair_flip	0	blind_posterior_reconstruction_geometry	690	0.244927536	0.484057971	0.223076923	0.0420289855
chr3	chr5	blind_posterior_geometry_agreement_pair_flip	0	blind_posterior_reconstruction_geometry	690	0.244927536	0.484057971	0.223076923	0.0420289855
chr3	chr5	blind_high_pmax_geometry_pair_flip	0	blind_posterior_reconstruction_geometry	690	0.244927536	0.484057971	0.223076923	0.0420289855
chr3	chr5	blind_margin_geometry_pair_flip	0	blind_posterior_reconstruction_geometry	690	0.244927536	0.484057971	0.223076923	0.0420289855
chr3	chr6	cis_selected_whole_chrom	0	cis_snp_truth_whole_chrom	683	0.245973646	0.510980966	0.4	0.0175695461
chr3	chr6	pair_independent_trans_oracle	0	snp_truth_oracle	683	0.245973646	0.510980966	0.4	0.0175695461
chr3	chr6	blind_geometry_nearest_pair_flip	0	blind_posterior_reconstruction_geometry	683	0.245973646	0.510980966	0.4	0.0175695461
chr3	chr6	blind_posterior_geometry_agreement_pair_flip	0	blind_posterior_reconstruction_geometry	683	0.245973646	0.510980966	0.4	0.0175695461
chr3	chr6	blind_high_pmax_geometry_pair_flip	0	blind_posterior_reconstruction_geometry	683	0.245973646	0.510980966	0.4	0.0175695461
chr3	chr6	blind_margin_geometry_pair_flip	0	blind_posterior_reconstruction_geometry	683	0.245973646	0.510980966	0.4	0.0175695461
chr3	chr7	cis_selected_whole_chrom	0	cis_snp_truth_whole_chrom	2113	0.230477993	0.332702319	0.204152249	0.0837671557
chr3	chr7	pair_independent_trans_oracle	1	snp_truth_oracle	2113	0.521060104	0.667297681	0.730103806	0.299574065
chr3	chr7	blind_geometry_nearest_pair_flip	0	blind_posterior_reconstruction_geometry	2113	0.230477993	0.332702319	0.204152249	0.0837671557
chr3	chr7	blind_posterior_geometry_agreement_pair_flip	0	blind_posterior_reconstruction_geometry	2113	0.230477993	0.332702319	0.204152249	0.0837671557
chr3	chr7	blind_high_pmax_geometry_pair_flip	0	blind_posterior_reconstruction_geometry	2113	0.230477993	0.332702319	0.204152249	0.0837671557
chr3	chr7	blind_margin_geometry_pair_flip	0	blind_posterior_reconstruction_geometry	2113	0.230477993	0.332702319	0.204152249	0.0837671557
chr3	chr8	cis_selected_whole_chrom	0	cis_snp_truth_whole_chrom	1041	0.209414025	0.392891451	0.0898203593	0.0144092219
chr3	chr8	pair_independent_trans_oracle	1	snp_truth_oracle	1041	0.317002882	0.607108549	0.425149701	0.0682036503
chr3	chr8	blind_geometry_nearest_pair_flip	0	blind_posterior_reconstruction_geometry	1041	0.209414025	0.392891451	0.0898203593	0.0144092219
chr3	chr8	blind_posterior_geometry_agreement_pair_flip	0	blind_posterior_reconstruction_geometry	1041	0.209414025	0.392891451	0.0898203593	0.0144092219
chr3	chr8	blind_high_pmax_geometry_pair_flip	0	blind_posterior_reconstruction_geometry	1041	0.209414025	0.392891451	0.0898203593	0.0144092219
chr3	chr8	blind_margin_geometry_pair_flip	0	blind_posterior_reconstruction_geometry	1041	0.209414025	0.392891451	0.0898203593	0.0144092219
chr3	chr9	cis_selected_whole_chrom	0	cis_snp_truth_whole_chrom	528	0.253787879	0.507575758	0.407407407	0.0208333333
chr3	chr9	pair_independent_trans_oracle	0	snp_truth_oracle	528	0.253787879	0.507575758	0.407407407	0.0208333333
chr3	chr9	blind_geometry_nearest_pair_flip	0	blind_posterior_reconstruction_geometry	528	0.253787879	0.507575758	0.407407407	0.0208333333
chr3	chr9	blind_posterior_geometry_agreement_pair_flip	0	blind_posterior_reconstruction_geometry	528	0.253787879	0.507575758	0.407407407	0.0208333333
chr3	chr9	blind_high_pmax_geometry_pair_flip	0	blind_posterior_reconstruction_geometry	528	0.253787879	0.507575758	0.407407407	0.0208333333
chr3	chr9	blind_margin_geometry_pair_flip	0	blind_posterior_reconstruction_geometry	528	0.253787879	0.507575758	0.407407407	0.0208333333
chr3	chr10	cis_selected_whole_chrom	0	cis_snp_truth_whole_chrom	665	0.279699248	0.514285714	0.2525	0.151879699
chr3	chr10	pair_independent_trans_oracle	0	snp_truth_oracle	665	0.279699248	0.514285714	0.2525	0.151879699
chr3	chr10	blind_geometry_nearest_pair_flip	0	blind_posterior_reconstruction_geometry	665	0.279699248	0.514285714	0.2525	0.151879699
chr3	chr10	blind_posterior_geometry_agreement_pair_flip	0	blind_posterior_reconstruction_geometry	665	0.279699248	0.514285714	0.2525	0.151879699
chr3	chr10	blind_high_pmax_geometry_pair_flip	0	blind_posterior_reconstruction_geometry	665	0.279699248	0.514285714	0.2525	0.151879699
chr3	chr10	blind_margin_geometry_pair_flip	0	blind_posterior_reconstruction_geometry	665	0.279699248	0.514285714	0.2525	0.151879699
chr3	chr11	cis_selected_whole_chrom	0	cis_snp_truth_whole_chrom	772	0.230569948	0.588082902	0.265306122	0.0336787565
chr3	chr11	pair_independent_trans_oracle	0	snp_truth_oracle	772	0.230569948	0.588082902	0.265306122	0.0336787565
chr3	chr11	blind_geometry_nearest_pair_flip	0	blind_posterior_reconstruction_geometry	772	0.230569948	0.588082902	0.265306122	0.0336787565
chr3	chr11	blind_posterior_geometry_agreement_pair_flip	0	blind_posterior_reconstruction_geometry	772	0.230569948	0.588082902	0.265306122	0.0336787565
chr3	chr11	blind_high_pmax_geometry_pair_flip	0	blind_posterior_reconstruction_geometry	772	0.230569948	0.588082902	0.265306122	0.0336787565
chr3	chr11	blind_margin_geometry_pair_flip	0	blind_posterior_reconstruction_geometry	772	0.230569948	0.588082902	0.265306122	0.0336787565
chr3	chr12	cis_selected_whole_chrom	0	cis_snp_truth_whole_chrom	1358	0.399116348	0.769513991	0.49391069	0.268777614
chr3	chr12	pair_independent_trans_oracle	0	snp_truth_oracle	1358	0.399116348	0.769513991	0.49391069	0.268777614
chr3	chr12	blind_geometry_nearest_pair_flip	0	blind_posterior_reconstruction_geometry	1358	0.399116348	0.769513991	0.49391069	0.268777614
chr3	chr12	blind_posterior_geometry_agreement_pair_flip	0	blind_posterior_reconstruction_geometry	1358	0.399116348	0.769513991	0.49391069	0.268777614
chr3	chr12	blind_high_pmax_geometry_pair_flip	0	blind_posterior_reconstruction_geometry	1358	0.399116348	0.769513991	0.49391069	0.268777614
chr3	chr12	blind_margin_geometry_pair_flip	0	blind_posterior_reconstruction_geometry	1358	0.399116348	0.769513991	0.49391069	0.268777614
chr3	chr13	cis_selected_whole_chrom	0	cis_snp_truth_whole_chrom	1063	0.512699906	0.660395108	0.851393189	0.258701787
chr3	chr13	pair_independent_trans_oracle	0	snp_truth_oracle	1063	0.512699906	0.660395108	0.851393189	0.258701787
chr3	chr13	blind_geometry_nearest_pair_flip	0	blind_posterior_reconstruction_geometry	1063	0.512699906	0.660395108	0.851393189	0.258701787
chr3	chr13	blind_posterior_geometry_agreement_pair_flip	0	blind_posterior_reconstruction_geometry	1063	0.512699906	0.660395108	0.851393189	0.258701787
chr3	chr13	blind_high_pmax_geometry_pair_flip	0	blind_posterior_reconstruction_geometry	1063	0.512699906	0.660395108	0.851393189	0.258701787
chr3	chr13	blind_margin_geometry_pair_flip	0	blind_posterior_reconstruction_geometry	1063	0.512699906	0.660395108	0.851393189	0.258701787
chr3	chr14	cis_selected_whole_chrom	0	cis_snp_truth_whole_chrom	660	0.451515152	0.584848485	0.479120879	0.33030303
chr3	chr14	pair_independent_trans_oracle	0	snp_truth_oracle	660	0.451515152	0.584848485	0.479120879	0.33030303
chr3	chr14	blind_geometry_nearest_pair_flip	0	blind_posterior_reconstruction_geometry	660	0.451515152	0.584848485	0.479120879	0.33030303
chr3	chr14	blind_posterior_geometry_agreement_pair_flip	0	blind_posterior_reconstruction_geometry	660	0.451515152	0.584848485	0.479120879	0.33030303
chr3	chr14	blind_high_pmax_geometry_pair_flip	0	blind_posterior_reconstruction_geometry	660	0.451515152	0.584848485	0.479120879	0.33030303
chr3	chr14	blind_margin_geometry_pair_flip	0	blind_posterior_reconstruction_geometry	660	0.451515152	0.584848485	0.479120879	0.33030303
chr3	chr15	cis_selected_whole_chrom	0	cis_snp_truth_whole_chrom	607	0.169686985	0.654036244	0.132352941	0.0593080725
chr3	chr15	pair_independent_trans_oracle	1	snp_truth_oracle	607	0.191103789	0.345963756	0.110294118	0.0494233937
chr3	chr15	blind_geometry_nearest_pair_flip	0	blind_posterior_reconstruction_geometry	607	0.169686985	0.654036244	0.132352941	0.0593080725
chr3	chr15	blind_posterior_geometry_agreement_pair_flip	0	blind_posterior_reconstruction_geometry	607	0.169686985	0.654036244	0.132352941	0.0593080725
chr3	chr15	blind_high_pmax_geometry_pair_flip	0	blind_posterior_reconstruction_geometry	607	0.169686985	0.654036244	0.132352941	0.0593080725
chr3	chr15	blind_margin_geometry_pair_flip	0	blind_posterior_reconstruction_geometry	607	0.169686985	0.654036244	0.132352941	0.0593080725
chr3	chr16	cis_selected_whole_chrom	0	cis_snp_truth_whole_chrom	340	0.267647059	0.544117647	0.263888889	0.0558823529
chr3	chr16	pair_independent_trans_oracle	0	snp_truth_oracle	340	0.267647059	0.544117647	0.263888889	0.0558823529
chr3	chr16	blind_geometry_nearest_pair_flip	0	blind_posterior_reconstruction_geometry	340	0.267647059	0.544117647	0.263888889	0.0558823529
chr3	chr16	blind_posterior_geometry_agreement_pair_flip	0	blind_posterior_reconstruction_geometry	340	0.267647059	0.544117647	0.263888889	0.0558823529
chr3	chr16	blind_high_pmax_geometry_pair_flip	0	blind_posterior_reconstruction_geometry	340	0.267647059	0.544117647	0.263888889	0.0558823529
chr3	chr16	blind_margin_geometry_pair_flip	0	blind_posterior_reconstruction_geometry	340	0.267647059	0.544117647	0.263888889	0.0558823529
chr3	chr17	cis_selected_whole_chrom	0	cis_snp_truth_whole_chrom	566	0.30565371	0.505300353	0.300518135	0.102473498
chr3	chr17	pair_independent_trans_oracle	0	snp_truth_oracle	566	0.30565371	0.505300353	0.300518135	0.102473498
chr3	chr17	blind_geometry_nearest_pair_flip	0	blind_posterior_reconstruction_geometry	566	0.30565371	0.505300353	0.300518135	0.102473498
chr3	chr17	blind_posterior_geometry_agreement_pair_flip	0	blind_posterior_reconstruction_geometry	566	0.30565371	0.505300353	0.300518135	0.102473498
chr3	chr17	blind_high_pmax_geometry_pair_flip	0	blind_posterior_reconstruction_geometry	566	0.30565371	0.505300353	0.300518135	0.102473498
chr3	chr17	blind_margin_geometry_pair_flip	0	blind_posterior_reconstruction_geometry	566	0.30565371	0.505300353	0.300518135	0.102473498
chr3	chr18	cis_selected_whole_chrom	0	cis_snp_truth_whole_chrom	763	0.515072084	0.647444299	0.637462236	0.276539974
chr3	chr18	pair_independent_trans_oracle	0	snp_truth_oracle	763	0.515072084	0.647444299	0.637462236	0.276539974
chr3	chr18	blind_geometry_nearest_pair_flip	0	blind_posterior_reconstruction_geometry	763	0.515072084	0.647444299	0.637462236	0.276539974
chr3	chr18	blind_posterior_geometry_agreement_pair_flip	0	blind_posterior_reconstruction_geometry	763	0.515072084	0.647444299	0.637462236	0.276539974
chr3	chr18	blind_high_pmax_geometry_pair_flip	0	blind_posterior_reconstruction_geometry	763	0.515072084	0.647444299	0.637462236	0.276539974
chr3	chr18	blind_margin_geometry_pair_flip	0	blind_posterior_reconstruction_geometry	763	0.515072084	0.647444299	0.637462236	0.276539974
chr3	chr19	cis_selected_whole_chrom	0	cis_snp_truth_whole_chrom	464	0.228448276	0.405172414	0.204255319	0.103448276
chr3	chr19	pair_independent_trans_oracle	0	snp_truth_oracle	464	0.228448276	0.405172414	0.204255319	0.103448276
chr3	chr19	blind_geometry_nearest_pair_flip	0	blind_posterior_reconstruction_geometry	464	0.228448276	0.405172414	0.204255319	0.103448276
chr3	chr19	blind_posterior_geometry_agreement_pair_flip	0	blind_posterior_reconstruction_geometry	464	0.228448276	0.405172414	0.204255319	0.103448276
chr3	chr19	blind_high_pmax_geometry_pair_flip	0	blind_posterior_reconstruction_geometry	464	0.228448276	0.405172414	0.204255319	0.103448276
chr3	chr19	blind_margin_geometry_pair_flip	0	blind_posterior_reconstruction_geometry	464	0.228448276	0.405172414	0.204255319	0.103448276
chr3	chrX	cis_selected_whole_chrom	0	cis_snp_truth_whole_chrom	405	0.22962963	0.528395062	0.208955224	0.0345679012
chr3	chrX	pair_independent_trans_oracle	0	snp_truth_oracle	405	0.22962963	0.528395062	0.208955224	0.0345679012
chr3	chrX	blind_geometry_nearest_pair_flip	0	blind_posterior_reconstruction_geometry	405	0.22962963	0.528395062	0.208955224	0.0345679012
chr3	chrX	blind_posterior_geometry_agreement_pair_flip	0	blind_posterior_reconstruction_geometry	405	0.22962963	0.528395062	0.208955224	0.0345679012
chr3	chrX	blind_high_pmax_geometry_pair_flip	0	blind_posterior_reconstruction_geometry	405	0.22962963	0.528395062	0.208955224	0.0345679012
chr3	chrX	blind_margin_geometry_pair_flip	0	blind_posterior_reconstruction_geometry	405	0.22962963	0.528395062	0.208955224	0.0345679012
chr4	chr5	cis_selected_whole_chrom	0	cis_snp_truth_whole_chrom	1849	0.410492158	0.512709573	0.44486692	0.253109789
chr4	chr5	pair_independent_trans_oracle	0	snp_truth_oracle	1849	0.410492158	0.512709573	0.44486692	0.253109789
chr4	chr5	blind_geometry_nearest_pair_flip	0	blind_posterior_reconstruction_geometry	1849	0.410492158	0.512709573	0.44486692	0.253109789
chr4	chr5	blind_posterior_geometry_agreement_pair_flip	0	blind_posterior_reconstruction_geometry	1849	0.410492158	0.512709573	0.44486692	0.253109789
chr4	chr5	blind_high_pmax_geometry_pair_flip	0	blind_posterior_reconstruction_geometry	1849	0.410492158	0.512709573	0.44486692	0.253109789
chr4	chr5	blind_margin_geometry_pair_flip	0	blind_posterior_reconstruction_geometry	1849	0.410492158	0.512709573	0.44486692	0.253109789
chr4	chr6	cis_selected_whole_chrom	0	cis_snp_truth_whole_chrom	741	0.337381916	0.538461538	0.546391753	0.143049933
chr4	chr6	pair_independent_trans_oracle	0	snp_truth_oracle	741	0.337381916	0.538461538	0.546391753	0.143049933
chr4	chr6	blind_geometry_nearest_pair_flip	0	blind_posterior_reconstruction_geometry	741	0.337381916	0.538461538	0.546391753	0.143049933
chr4	chr6	blind_posterior_geometry_agreement_pair_flip	0	blind_posterior_reconstruction_geometry	741	0.337381916	0.538461538	0.546391753	0.143049933
chr4	chr6	blind_high_pmax_geometry_pair_flip	0	blind_posterior_reconstruction_geometry	741	0.337381916	0.538461538	0.546391753	0.143049933
chr4	chr6	blind_margin_geometry_pair_flip	0	blind_posterior_reconstruction_geometry	741	0.337381916	0.538461538	0.546391753	0.143049933
chr4	chr7	cis_selected_whole_chrom	0	cis_snp_truth_whole_chrom	1423	0.229093465	0.320449754	0.21113882	0.178496135
chr4	chr7	pair_independent_trans_oracle	1	snp_truth_oracle	1423	0.454673226	0.679550246	0.472152951	0.399156711
chr4	chr7	blind_geometry_nearest_pair_flip	0	blind_posterior_reconstruction_geometry	1423	0.229093465	0.320449754	0.21113882	0.178496135
chr4	chr7	blind_posterior_geometry_agreement_pair_flip	0	blind_posterior_reconstruction_geometry	1423	0.229093465	0.320449754	0.21113882	0.178496135
chr4	chr7	blind_high_pmax_geometry_pair_flip	0	blind_posterior_reconstruction_geometry	1423	0.229093465	0.320449754	0.21113882	0.178496135
chr4	chr7	blind_margin_geometry_pair_flip	0	blind_posterior_reconstruction_geometry	1423	0.229093465	0.320449754	0.21113882	0.178496135
chr4	chr8	cis_selected_whole_chrom	0	cis_snp_truth_whole_chrom	623	0.322632424	0.544141252	0.380952381	0.0128410915
chr4	chr8	pair_independent_trans_oracle	0	snp_truth_oracle	623	0.322632424	0.544141252	0.380952381	0.0128410915
chr4	chr8	blind_geometry_nearest_pair_flip	0	blind_posterior_reconstruction_geometry	623	0.322632424	0.544141252	0.380952381	0.0128410915
chr4	chr8	blind_posterior_geometry_agreement_pair_flip	0	blind_posterior_reconstruction_geometry	623	0.322632424	0.544141252	0.380952381	0.0128410915
chr4	chr8	blind_high_pmax_geometry_pair_flip	0	blind_posterior_reconstruction_geometry	623	0.322632424	0.544141252	0.380952381	0.0128410915
chr4	chr8	blind_margin_geometry_pair_flip	0	blind_posterior_reconstruction_geometry	623	0.322632424	0.544141252	0.380952381	0.0128410915
chr4	chr9	cis_selected_whole_chrom	0	cis_snp_truth_whole_chrom	718	0.257660167	0.490250696	0.203389831	0.0167130919
chr4	chr9	pair_independent_trans_oracle	1	snp_truth_oracle	718	0.302228412	0.509749304	0.457627119	0.0376044568
chr4	chr9	blind_geometry_nearest_pair_flip	0	blind_posterior_reconstruction_geometry	718	0.257660167	0.490250696	0.203389831	0.0167130919
chr4	chr9	blind_posterior_geometry_agreement_pair_flip	0	blind_posterior_reconstruction_geometry	718	0.257660167	0.490250696	0.203389831	0.0167130919
chr4	chr9	blind_high_pmax_geometry_pair_flip	0	blind_posterior_reconstruction_geometry	718	0.257660167	0.490250696	0.203389831	0.0167130919
chr4	chr9	blind_margin_geometry_pair_flip	0	blind_posterior_reconstruction_geometry	718	0.257660167	0.490250696	0.203389831	0.0167130919
chr4	chr10	cis_selected_whole_chrom	0	cis_snp_truth_whole_chrom	1850	0.767567568	0.835675676	0.840832774	0.676756757
chr4	chr10	pair_independent_trans_oracle	0	snp_truth_oracle	1850	0.767567568	0.835675676	0.840832774	0.676756757
chr4	chr10	blind_geometry_nearest_pair_flip	0	blind_posterior_reconstruction_geometry	1850	0.767567568	0.835675676	0.840832774	0.676756757
chr4	chr10	blind_posterior_geometry_agreement_pair_flip	0	blind_posterior_reconstruction_geometry	1850	0.767567568	0.835675676	0.840832774	0.676756757
chr4	chr10	blind_high_pmax_geometry_pair_flip	0	blind_posterior_reconstruction_geometry	1850	0.767567568	0.835675676	0.840832774	0.676756757
chr4	chr10	blind_margin_geometry_pair_flip	0	blind_posterior_reconstruction_geometry	1850	0.767567568	0.835675676	0.840832774	0.676756757
chr4	chr11	cis_selected_whole_chrom	0	cis_snp_truth_whole_chrom	649	0.25577812	0.543913713	0.257142857	0.0138674884
chr4	chr11	pair_independent_trans_oracle	0	snp_truth_oracle	649	0.25577812	0.543913713	0.257142857	0.0138674884
chr4	chr11	blind_geometry_nearest_pair_flip	0	blind_posterior_reconstruction_geometry	649	0.25577812	0.543913713	0.257142857	0.0138674884
chr4	chr11	blind_posterior_geometry_agreement_pair_flip	0	blind_posterior_reconstruction_geometry	649	0.25577812	0.543913713	0.257142857	0.0138674884
chr4	chr11	blind_high_pmax_geometry_pair_flip	0	blind_posterior_reconstruction_geometry	649	0.25577812	0.543913713	0.257142857	0.0138674884
chr4	chr11	blind_margin_geometry_pair_flip	0	blind_posterior_reconstruction_geometry	649	0.25577812	0.543913713	0.257142857	0.0138674884
chr4	chr12	cis_selected_whole_chrom	0	cis_snp_truth_whole_chrom	1104	0.123188406	0.264492754	0.116367077	0.111413043
chr4	chr12	pair_independent_trans_oracle	0	snp_truth_oracle	1104	0.123188406	0.264492754	0.116367077	0.111413043
chr4	chr12	blind_geometry_nearest_pair_flip	0	blind_posterior_reconstruction_geometry	1104	0.123188406	0.264492754	0.116367077	0.111413043
chr4	chr12	blind_posterior_geometry_agreement_pair_flip	0	blind_posterior_reconstruction_geometry	1104	0.123188406	0.264492754	0.116367077	0.111413043
chr4	chr12	blind_high_pmax_geometry_pair_flip	0	blind_posterior_reconstruction_geometry	1104	0.123188406	0.264492754	0.116367077	0.111413043
chr4	chr12	blind_margin_geometry_pair_flip	0	blind_posterior_reconstruction_geometry	1104	0.123188406	0.264492754	0.116367077	0.111413043
chr4	chr13	cis_selected_whole_chrom	0	cis_snp_truth_whole_chrom	582	0.33161512	0.596219931	0.35	0.264604811
chr4	chr13	pair_independent_trans_oracle	0	snp_truth_oracle	582	0.33161512	0.596219931	0.35	0.264604811
chr4	chr13	blind_geometry_nearest_pair_flip	0	blind_posterior_reconstruction_geometry	582	0.33161512	0.596219931	0.35	0.264604811
chr4	chr13	blind_posterior_geometry_agreement_pair_flip	0	blind_posterior_reconstruction_geometry	582	0.33161512	0.596219931	0.35	0.264604811
chr4	chr13	blind_high_pmax_geometry_pair_flip	0	blind_posterior_reconstruction_geometry	582	0.33161512	0.596219931	0.35	0.264604811
chr4	chr13	blind_margin_geometry_pair_flip	0	blind_posterior_reconstruction_geometry	582	0.33161512	0.596219931	0.35	0.264604811
chr4	chr14	cis_selected_whole_chrom	0	cis_snp_truth_whole_chrom	629	0.286168521	0.488076312	0.679012346	0.0874403816
chr4	chr14	pair_independent_trans_oracle	0	snp_truth_oracle	629	0.286168521	0.488076312	0.679012346	0.0874403816
chr4	chr14	blind_geometry_nearest_pair_flip	0	blind_posterior_reconstruction_geometry	629	0.286168521	0.488076312	0.679012346	0.0874403816
chr4	chr14	blind_posterior_geometry_agreement_pair_flip	0	blind_posterior_reconstruction_geometry	629	0.286168521	0.488076312	0.679012346	0.0874403816
chr4	chr14	blind_high_pmax_geometry_pair_flip	0	blind_posterior_reconstruction_geometry	629	0.286168521	0.488076312	0.679012346	0.0874403816
chr4	chr14	blind_margin_geometry_pair_flip	0	blind_posterior_reconstruction_geometry	629	0.286168521	0.488076312	0.679012346	0.0874403816
chr4	chr15	cis_selected_whole_chrom	0	cis_snp_truth_whole_chrom	471	0.220806794	0.522292994	0.0625	0.00212314225
chr4	chr15	pair_independent_trans_oracle	0	snp_truth_oracle	471	0.220806794	0.522292994	0.0625	0.00212314225
chr4	chr15	blind_geometry_nearest_pair_flip	0	blind_posterior_reconstruction_geometry	471	0.220806794	0.522292994	0.0625	0.00212314225
chr4	chr15	blind_posterior_geometry_agreement_pair_flip	0	blind_posterior_reconstruction_geometry	471	0.220806794	0.522292994	0.0625	0.00212314225
chr4	chr15	blind_high_pmax_geometry_pair_flip	0	blind_posterior_reconstruction_geometry	471	0.220806794	0.522292994	0.0625	0.00212314225
chr4	chr15	blind_margin_geometry_pair_flip	0	blind_posterior_reconstruction_geometry	471	0.220806794	0.522292994	0.0625	0.00212314225
chr4	chr16	cis_selected_whole_chrom	0	cis_snp_truth_whole_chrom	568	0.230633803	0.427816901	0.210412148	0.170774648
chr4	chr16	pair_independent_trans_oracle	1	snp_truth_oracle	568	0.339788732	0.572183099	0.368763557	0.299295775
chr4	chr16	blind_geometry_nearest_pair_flip	0	blind_posterior_reconstruction_geometry	568	0.230633803	0.427816901	0.210412148	0.170774648
chr4	chr16	blind_posterior_geometry_agreement_pair_flip	0	blind_posterior_reconstruction_geometry	568	0.230633803	0.427816901	0.210412148	0.170774648
chr4	chr16	blind_high_pmax_geometry_pair_flip	0	blind_posterior_reconstruction_geometry	568	0.230633803	0.427816901	0.210412148	0.170774648
chr4	chr16	blind_margin_geometry_pair_flip	0	blind_posterior_reconstruction_geometry	568	0.230633803	0.427816901	0.210412148	0.170774648
chr4	chr17	cis_selected_whole_chrom	0	cis_snp_truth_whole_chrom	480	0.239583333	0.445833333	0.241573034	0.179166667
chr4	chr17	pair_independent_trans_oracle	0	snp_truth_oracle	480	0.239583333	0.445833333	0.241573034	0.179166667
chr4	chr17	blind_geometry_nearest_pair_flip	0	blind_posterior_reconstruction_geometry	480	0.239583333	0.445833333	0.241573034	0.179166667
chr4	chr17	blind_posterior_geometry_agreement_pair_flip	0	blind_posterior_reconstruction_geometry	480	0.239583333	0.445833333	0.241573034	0.179166667
chr4	chr17	blind_high_pmax_geometry_pair_flip	0	blind_posterior_reconstruction_geometry	480	0.239583333	0.445833333	0.241573034	0.179166667
chr4	chr17	blind_margin_geometry_pair_flip	0	blind_posterior_reconstruction_geometry	480	0.239583333	0.445833333	0.241573034	0.179166667
chr4	chr18	cis_selected_whole_chrom	0	cis_snp_truth_whole_chrom	424	0.29009434	0.535377358	0.7	0.016509434
chr4	chr18	pair_independent_trans_oracle	0	snp_truth_oracle	424	0.29009434	0.535377358	0.7	0.016509434
chr4	chr18	blind_geometry_nearest_pair_flip	0	blind_posterior_reconstruction_geometry	424	0.29009434	0.535377358	0.7	0.016509434
chr4	chr18	blind_posterior_geometry_agreement_pair_flip	0	blind_posterior_reconstruction_geometry	424	0.29009434	0.535377358	0.7	0.016509434
chr4	chr18	blind_high_pmax_geometry_pair_flip	0	blind_posterior_reconstruction_geometry	424	0.29009434	0.535377358	0.7	0.016509434
chr4	chr18	blind_margin_geometry_pair_flip	0	blind_posterior_reconstruction_geometry	424	0.29009434	0.535377358	0.7	0.016509434
chr4	chr19	cis_selected_whole_chrom	0	cis_snp_truth_whole_chrom	397	0.322418136	0.59697733	0.457627119	0.0680100756
chr4	chr19	pair_independent_trans_oracle	0	snp_truth_oracle	397	0.322418136	0.59697733	0.457627119	0.0680100756
chr4	chr19	blind_geometry_nearest_pair_flip	0	blind_posterior_reconstruction_geometry	397	0.322418136	0.59697733	0.457627119	0.0680100756
chr4	chr19	blind_posterior_geometry_agreement_pair_flip	0	blind_posterior_reconstruction_geometry	397	0.322418136	0.59697733	0.457627119	0.0680100756
chr4	chr19	blind_high_pmax_geometry_pair_flip	0	blind_posterior_reconstruction_geometry	397	0.322418136	0.59697733	0.457627119	0.0680100756
chr4	chr19	blind_margin_geometry_pair_flip	0	blind_posterior_reconstruction_geometry	397	0.322418136	0.59697733	0.457627119	0.0680100756
chr4	chrX	cis_selected_whole_chrom	0	cis_snp_truth_whole_chrom	898	0.677060134	0.755011136	0.742128936	0.551224944
chr4	chrX	pair_independent_trans_oracle	0	snp_truth_oracle	898	0.677060134	0.755011136	0.742128936	0.551224944
chr4	chrX	blind_geometry_nearest_pair_flip	0	blind_posterior_reconstruction_geometry	898	0.677060134	0.755011136	0.742128936	0.551224944
chr4	chrX	blind_posterior_geometry_agreement_pair_flip	0	blind_posterior_reconstruction_geometry	898	0.677060134	0.755011136	0.742128936	0.551224944
chr4	chrX	blind_high_pmax_geometry_pair_flip	0	blind_posterior_reconstruction_geometry	898	0.677060134	0.755011136	0.742128936	0.551224944
chr4	chrX	blind_margin_geometry_pair_flip	0	blind_posterior_reconstruction_geometry	898	0.677060134	0.755011136	0.742128936	0.551224944
chr5	chr6	cis_selected_whole_chrom	0	cis_snp_truth_whole_chrom	884	0.269230769	0.494343891	0.4	0.0542986425
chr5	chr6	pair_independent_trans_oracle	0	snp_truth_oracle	884	0.269230769	0.494343891	0.4	0.0542986425
chr5	chr6	blind_geometry_nearest_pair_flip	0	blind_posterior_reconstruction_geometry	884	0.269230769	0.494343891	0.4	0.0542986425
chr5	chr6	blind_posterior_geometry_agreement_pair_flip	0	blind_posterior_reconstruction_geometry	884	0.269230769	0.494343891	0.4	0.0542986425
chr5	chr6	blind_high_pmax_geometry_pair_flip	0	blind_posterior_reconstruction_geometry	884	0.269230769	0.494343891	0.4	0.0542986425
chr5	chr6	blind_margin_geometry_pair_flip	0	blind_posterior_reconstruction_geometry	884	0.269230769	0.494343891	0.4	0.0542986425
chr5	chr7	cis_selected_whole_chrom	0	cis_snp_truth_whole_chrom	650	0.270769231	0.536923077	0.26459144	0.104615385
chr5	chr7	pair_independent_trans_oracle	0	snp_truth_oracle	650	0.270769231	0.536923077	0.26459144	0.104615385
chr5	chr7	blind_geometry_nearest_pair_flip	0	blind_posterior_reconstruction_geometry	650	0.270769231	0.536923077	0.26459144	0.104615385
chr5	chr7	blind_posterior_geometry_agreement_pair_flip	0	blind_posterior_reconstruction_geometry	650	0.270769231	0.536923077	0.26459144	0.104615385
chr5	chr7	blind_high_pmax_geometry_pair_flip	0	blind_posterior_reconstruction_geometry	650	0.270769231	0.536923077	0.26459144	0.104615385
chr5	chr7	blind_margin_geometry_pair_flip	0	blind_posterior_reconstruction_geometry	650	0.270769231	0.536923077	0.26459144	0.104615385
chr5	chr8	cis_selected_whole_chrom	0	cis_snp_truth_whole_chrom	658	0.319148936	0.510638298	0.406779661	0.0364741641
chr5	chr8	pair_independent_trans_oracle	0	snp_truth_oracle	658	0.319148936	0.510638298	0.406779661	0.0364741641
chr5	chr8	blind_geometry_nearest_pair_flip	0	blind_posterior_reconstruction_geometry	658	0.319148936	0.510638298	0.406779661	0.0364741641
chr5	chr8	blind_posterior_geometry_agreement_pair_flip	0	blind_posterior_reconstruction_geometry	658	0.319148936	0.510638298	0.406779661	0.0364741641
chr5	chr8	blind_high_pmax_geometry_pair_flip	0	blind_posterior_reconstruction_geometry	658	0.319148936	0.510638298	0.406779661	0.0364741641
chr5	chr8	blind_margin_geometry_pair_flip	0	blind_posterior_reconstruction_geometry	658	0.319148936	0.510638298	0.406779661	0.0364741641
chr5	chr9	cis_selected_whole_chrom	0	cis_snp_truth_whole_chrom	2111	0.0990052108	0.273803884	0.0310442145	0.0156324017
chr5	chr9	pair_independent_trans_oracle	1	snp_truth_oracle	2111	0.283751776	0.726196116	0.273753528	0.13784936
chr5	chr9	blind_geometry_nearest_pair_flip	0	blind_posterior_reconstruction_geometry	2111	0.0990052108	0.273803884	0.0310442145	0.0156324017
chr5	chr9	blind_posterior_geometry_agreement_pair_flip	0	blind_posterior_reconstruction_geometry	2111	0.0990052108	0.273803884	0.0310442145	0.0156324017
chr5	chr9	blind_high_pmax_geometry_pair_flip	0	blind_posterior_reconstruction_geometry	2111	0.0990052108	0.273803884	0.0310442145	0.0156324017
chr5	chr9	blind_margin_geometry_pair_flip	0	blind_posterior_reconstruction_geometry	2111	0.0990052108	0.273803884	0.0310442145	0.0156324017
chr5	chr10	cis_selected_whole_chrom	0	cis_snp_truth_whole_chrom	1519	0.368005267	0.561553654	0.507075472	0.141540487
chr5	chr10	pair_independent_trans_oracle	0	snp_truth_oracle	1519	0.368005267	0.561553654	0.507075472	0.141540487
chr5	chr10	blind_geometry_nearest_pair_flip	0	blind_posterior_reconstruction_geometry	1519	0.368005267	0.561553654	0.507075472	0.141540487
chr5	chr10	blind_posterior_geometry_agreement_pair_flip	0	blind_posterior_reconstruction_geometry	1519	0.368005267	0.561553654	0.507075472	0.141540487
chr5	chr10	blind_high_pmax_geometry_pair_flip	0	blind_posterior_reconstruction_geometry	1519	0.368005267	0.561553654	0.507075472	0.141540487
chr5	chr10	blind_margin_geometry_pair_flip	0	blind_posterior_reconstruction_geometry	1519	0.368005267	0.561553654	0.507075472	0.141540487
chr5	chr11	cis_selected_whole_chrom	0	cis_snp_truth_whole_chrom	786	0.416030534	0.645038168	0.47519084	0.316793893
chr5	chr11	pair_independent_trans_oracle	0	snp_truth_oracle	786	0.416030534	0.645038168	0.47519084	0.316793893
chr5	chr11	blind_geometry_nearest_pair_flip	0	blind_posterior_reconstruction_geometry	786	0.416030534	0.645038168	0.47519084	0.316793893
chr5	chr11	blind_posterior_geometry_agreement_pair_flip	0	blind_posterior_reconstruction_geometry	786	0.416030534	0.645038168	0.47519084	0.316793893
chr5	chr11	blind_high_pmax_geometry_pair_flip	0	blind_posterior_reconstruction_geometry	786	0.416030534	0.645038168	0.47519084	0.316793893
chr5	chr11	blind_margin_geometry_pair_flip	0	blind_posterior_reconstruction_geometry	786	0.416030534	0.645038168	0.47519084	0.316793893
chr5	chr12	cis_selected_whole_chrom	0	cis_snp_truth_whole_chrom	462	0.218614719	0.474025974	0.192982456	0.0238095238
chr5	chr12	pair_independent_trans_oracle	1	snp_truth_oracle	462	0.266233766	0.525974026	0.298245614	0.0367965368
chr5	chr12	blind_geometry_nearest_pair_flip	0	blind_posterior_reconstruction_geometry	462	0.218614719	0.474025974	0.192982456	0.0238095238
chr5	chr12	blind_posterior_geometry_agreement_pair_flip	0	blind_posterior_reconstruction_geometry	462	0.218614719	0.474025974	0.192982456	0.0238095238
chr5	chr12	blind_high_pmax_geometry_pair_flip	0	blind_posterior_reconstruction_geometry	462	0.218614719	0.474025974	0.192982456	0.0238095238
chr5	chr12	blind_margin_geometry_pair_flip	0	blind_posterior_reconstruction_geometry	462	0.218614719	0.474025974	0.192982456	0.0238095238
chr5	chr13	cis_selected_whole_chrom	0	cis_snp_truth_whole_chrom	641	0.301092044	0.492979719	0.372222222	0.104524181
chr5	chr13	pair_independent_trans_oracle	0	snp_truth_oracle	641	0.301092044	0.492979719	0.372222222	0.104524181
chr5	chr13	blind_geometry_nearest_pair_flip	0	blind_posterior_reconstruction_geometry	641	0.301092044	0.492979719	0.372222222	0.104524181
chr5	chr13	blind_posterior_geometry_agreement_pair_flip	0	blind_posterior_reconstruction_geometry	641	0.301092044	0.492979719	0.372222222	0.104524181
chr5	chr13	blind_high_pmax_geometry_pair_flip	0	blind_posterior_reconstruction_geometry	641	0.301092044	0.492979719	0.372222222	0.104524181
chr5	chr13	blind_margin_geometry_pair_flip	0	blind_posterior_reconstruction_geometry	641	0.301092044	0.492979719	0.372222222	0.104524181
chr5	chr14	cis_selected_whole_chrom	0	cis_snp_truth_whole_chrom	998	0.177354709	0.320641283	0.165048544	0.119238477
chr5	chr14	pair_independent_trans_oracle	1	snp_truth_oracle	998	0.526052104	0.679358717	0.579750347	0.418837675
chr5	chr14	blind_geometry_nearest_pair_flip	0	blind_posterior_reconstruction_geometry	998	0.177354709	0.320641283	0.165048544	0.119238477
chr5	chr14	blind_posterior_geometry_agreement_pair_flip	0	blind_posterior_reconstruction_geometry	998	0.177354709	0.320641283	0.165048544	0.119238477
chr5	chr14	blind_high_pmax_geometry_pair_flip	0	blind_posterior_reconstruction_geometry	998	0.177354709	0.320641283	0.165048544	0.119238477
chr5	chr14	blind_margin_geometry_pair_flip	0	blind_posterior_reconstruction_geometry	998	0.177354709	0.320641283	0.165048544	0.119238477
chr5	chr15	cis_selected_whole_chrom	0	cis_snp_truth_whole_chrom	563	0.234458259	0.525754885	0.177777778	0.0142095915
chr5	chr15	pair_independent_trans_oracle	0	snp_truth_oracle	563	0.234458259	0.525754885	0.177777778	0.0142095915
chr5	chr15	blind_geometry_nearest_pair_flip	0	blind_posterior_reconstruction_geometry	563	0.234458259	0.525754885	0.177777778	0.0142095915
chr5	chr15	blind_posterior_geometry_agreement_pair_flip	0	blind_posterior_reconstruction_geometry	563	0.234458259	0.525754885	0.177777778	0.0142095915
chr5	chr15	blind_high_pmax_geometry_pair_flip	0	blind_posterior_reconstruction_geometry	563	0.234458259	0.525754885	0.177777778	0.0142095915
chr5	chr15	blind_margin_geometry_pair_flip	0	blind_posterior_reconstruction_geometry	563	0.234458259	0.525754885	0.177777778	0.0142095915
chr5	chr16	cis_selected_whole_chrom	0	cis_snp_truth_whole_chrom	1282	0.380655226	0.507800312	0.426710098	0.306552262
chr5	chr16	pair_independent_trans_oracle	0	snp_truth_oracle	1282	0.380655226	0.507800312	0.426710098	0.306552262
chr5	chr16	blind_geometry_nearest_pair_flip	0	blind_posterior_reconstruction_geometry	1282	0.380655226	0.507800312	0.426710098	0.306552262
chr5	chr16	blind_posterior_geometry_agreement_pair_flip	0	blind_posterior_reconstruction_geometry	1282	0.380655226	0.507800312	0.426710098	0.306552262
chr5	chr16	blind_high_pmax_geometry_pair_flip	0	blind_posterior_reconstruction_geometry	1282	0.380655226	0.507800312	0.426710098	0.306552262
chr5	chr16	blind_margin_geometry_pair_flip	0	blind_posterior_reconstruction_geometry	1282	0.380655226	0.507800312	0.426710098	0.306552262
chr5	chr17	cis_selected_whole_chrom	0	cis_snp_truth_whole_chrom	398	0.213567839	0.457286432	0	0
chr5	chr17	pair_independent_trans_oracle	1	snp_truth_oracle	398	0.281407035	0.542713568	0.217391304	0.0125628141
chr5	chr17	blind_geometry_nearest_pair_flip	0	blind_posterior_reconstruction_geometry	398	0.213567839	0.457286432	0	0
chr5	chr17	blind_posterior_geometry_agreement_pair_flip	0	blind_posterior_reconstruction_geometry	398	0.213567839	0.457286432	0	0
chr5	chr17	blind_high_pmax_geometry_pair_flip	0	blind_posterior_reconstruction_geometry	398	0.213567839	0.457286432	0	0
chr5	chr17	blind_margin_geometry_pair_flip	0	blind_posterior_reconstruction_geometry	398	0.213567839	0.457286432	0	0
chr5	chr18	cis_selected_whole_chrom	0	cis_snp_truth_whole_chrom	1009	0.452923687	0.660059465	0.530864198	0.340931615
chr5	chr18	pair_independent_trans_oracle	0	snp_truth_oracle	1009	0.452923687	0.660059465	0.530864198	0.340931615
chr5	chr18	blind_geometry_nearest_pair_flip	0	blind_posterior_reconstruction_geometry	1009	0.452923687	0.660059465	0.530864198	0.340931615
chr5	chr18	blind_posterior_geometry_agreement_pair_flip	0	blind_posterior_reconstruction_geometry	1009	0.452923687	0.660059465	0.530864198	0.340931615
chr5	chr18	blind_high_pmax_geometry_pair_flip	0	blind_posterior_reconstruction_geometry	1009	0.452923687	0.660059465	0.530864198	0.340931615
chr5	chr18	blind_margin_geometry_pair_flip	0	blind_posterior_reconstruction_geometry	1009	0.452923687	0.660059465	0.530864198	0.340931615
chr5	chr19	cis_selected_whole_chrom	0	cis_snp_truth_whole_chrom	578	0.238754325	0.397923875	0.202614379	0.053633218
chr5	chr19	pair_independent_trans_oracle	1	snp_truth_oracle	578	0.264705882	0.602076125	0.405228758	0.107266436
chr5	chr19	blind_geometry_nearest_pair_flip	0	blind_posterior_reconstruction_geometry	578	0.238754325	0.397923875	0.202614379	0.053633218
chr5	chr19	blind_posterior_geometry_agreement_pair_flip	0	blind_posterior_reconstruction_geometry	578	0.238754325	0.397923875	0.202614379	0.053633218
chr5	chr19	blind_high_pmax_geometry_pair_flip	0	blind_posterior_reconstruction_geometry	578	0.238754325	0.397923875	0.202614379	0.053633218
chr5	chr19	blind_margin_geometry_pair_flip	0	blind_posterior_reconstruction_geometry	578	0.238754325	0.397923875	0.202614379	0.053633218
chr5	chrX	cis_selected_whole_chrom	0	cis_snp_truth_whole_chrom	324	0.191358025	0.462962963	0.230769231	0.00925925926
chr5	chrX	pair_independent_trans_oracle	1	snp_truth_oracle	324	0.296296296	0.537037037	0.461538462	0.0185185185
chr5	chrX	blind_geometry_nearest_pair_flip	0	blind_posterior_reconstruction_geometry	324	0.191358025	0.462962963	0.230769231	0.00925925926
chr5	chrX	blind_posterior_geometry_agreement_pair_flip	0	blind_posterior_reconstruction_geometry	324	0.191358025	0.462962963	0.230769231	0.00925925926
chr5	chrX	blind_high_pmax_geometry_pair_flip	0	blind_posterior_reconstruction_geometry	324	0.191358025	0.462962963	0.230769231	0.00925925926
chr5	chrX	blind_margin_geometry_pair_flip	0	blind_posterior_reconstruction_geometry	324	0.191358025	0.462962963	0.230769231	0.00925925926
chr6	chr7	cis_selected_whole_chrom	0	cis_snp_truth_whole_chrom	634	0.216088328	0.476340694	0.210784314	0.135646688
chr6	chr7	pair_independent_trans_oracle	1	snp_truth_oracle	634	0.312302839	0.523659306	0.340686275	0.219242902
chr6	chr7	blind_geometry_nearest_pair_flip	0	blind_posterior_reconstruction_geometry	634	0.216088328	0.476340694	0.210784314	0.135646688
chr6	chr7	blind_posterior_geometry_agreement_pair_flip	0	blind_posterior_reconstruction_geometry	634	0.216088328	0.476340694	0.210784314	0.135646688
chr6	chr7	blind_high_pmax_geometry_pair_flip	0	blind_posterior_reconstruction_geometry	634	0.216088328	0.476340694	0.210784314	0.135646688
chr6	chr7	blind_margin_geometry_pair_flip	0	blind_posterior_reconstruction_geometry	634	0.216088328	0.476340694	0.210784314	0.135646688
chr6	chr8	cis_selected_whole_chrom	0	cis_snp_truth_whole_chrom	586	0.274744027	0.467576792	0.292993631	0.0784982935
chr6	chr8	pair_independent_trans_oracle	1	snp_truth_oracle	586	0.284982935	0.532423208	0.312101911	0.0836177474
chr6	chr8	blind_geometry_nearest_pair_flip	0	blind_posterior_reconstruction_geometry	586	0.274744027	0.467576792	0.292993631	0.0784982935
chr6	chr8	blind_posterior_geometry_agreement_pair_flip	0	blind_posterior_reconstruction_geometry	586	0.274744027	0.467576792	0.292993631	0.0784982935
chr6	chr8	blind_high_pmax_geometry_pair_flip	0	blind_posterior_reconstruction_geometry	586	0.274744027	0.467576792	0.292993631	0.0784982935
chr6	chr8	blind_margin_geometry_pair_flip	0	blind_posterior_reconstruction_geometry	586	0.274744027	0.467576792	0.292993631	0.0784982935
chr6	chr9	cis_selected_whole_chrom	0	cis_snp_truth_whole_chrom	896	0.225446429	0.381696429	0.103053435	0.0301339286
chr6	chr9	pair_independent_trans_oracle	1	snp_truth_oracle	896	0.443080357	0.618303571	0.755725191	0.220982143
chr6	chr9	blind_geometry_nearest_pair_flip	0	blind_posterior_reconstruction_geometry	896	0.225446429	0.381696429	0.103053435	0.0301339286
chr6	chr9	blind_posterior_geometry_agreement_pair_flip	0	blind_posterior_reconstruction_geometry	896	0.225446429	0.381696429	0.103053435	0.0301339286
chr6	chr9	blind_high_pmax_geometry_pair_flip	0	blind_posterior_reconstruction_geometry	896	0.225446429	0.381696429	0.103053435	0.0301339286
chr6	chr9	blind_margin_geometry_pair_flip	0	blind_posterior_reconstruction_geometry	896	0.225446429	0.381696429	0.103053435	0.0301339286
chr6	chr10	cis_selected_whole_chrom	0	cis_snp_truth_whole_chrom	1314	0.246575342	0.388127854	0.202846975	0.0867579909
chr6	chr10	pair_independent_trans_oracle	1	snp_truth_oracle	1314	0.46803653	0.611872146	0.674377224	0.288432268
chr6	chr10	blind_geometry_nearest_pair_flip	0	blind_posterior_reconstruction_geometry	1314	0.246575342	0.388127854	0.202846975	0.0867579909
chr6	chr10	blind_posterior_geometry_agreement_pair_flip	0	blind_posterior_reconstruction_geometry	1314	0.246575342	0.388127854	0.202846975	0.0867579909
chr6	chr10	blind_high_pmax_geometry_pair_flip	0	blind_posterior_reconstruction_geometry	1314	0.246575342	0.388127854	0.202846975	0.0867579909
chr6	chr10	blind_margin_geometry_pair_flip	0	blind_posterior_reconstruction_geometry	1314	0.246575342	0.388127854	0.202846975	0.0867579909
chr6	chr11	cis_selected_whole_chrom	0	cis_snp_truth_whole_chrom	707	0.240452617	0.485148515	0.209876543	0.0480905233
chr6	chr11	pair_independent_trans_oracle	0	snp_truth_oracle	707	0.240452617	0.485148515	0.209876543	0.0480905233
chr6	chr11	blind_geometry_nearest_pair_flip	0	blind_posterior_reconstruction_geometry	707	0.240452617	0.485148515	0.209876543	0.0480905233
chr6	chr11	blind_posterior_geometry_agreement_pair_flip	0	blind_posterior_reconstruction_geometry	707	0.240452617	0.485148515	0.209876543	0.0480905233
chr6	chr11	blind_high_pmax_geometry_pair_flip	0	blind_posterior_reconstruction_geometry	707	0.240452617	0.485148515	0.209876543	0.0480905233
chr6	chr11	blind_margin_geometry_pair_flip	0	blind_posterior_reconstruction_geometry	707	0.240452617	0.485148515	0.209876543	0.0480905233
chr6	chr12	cis_selected_whole_chrom	0	cis_snp_truth_whole_chrom	554	0.24368231	0.467509025	0.333333333	0.00180505415
chr6	chr12	pair_independent_trans_oracle	1	snp_truth_oracle	554	0.335740072	0.532490975	0	0
chr6	chr12	blind_geometry_nearest_pair_flip	0	blind_posterior_reconstruction_geometry	554	0.24368231	0.467509025	0.333333333	0.00180505415
chr6	chr12	blind_posterior_geometry_agreement_pair_flip	0	blind_posterior_reconstruction_geometry	554	0.24368231	0.467509025	0.333333333	0.00180505415
chr6	chr12	blind_high_pmax_geometry_pair_flip	0	blind_posterior_reconstruction_geometry	554	0.24368231	0.467509025	0.333333333	0.00180505415
chr6	chr12	blind_margin_geometry_pair_flip	0	blind_posterior_reconstruction_geometry	554	0.24368231	0.467509025	0.333333333	0.00180505415
chr6	chr13	cis_selected_whole_chrom	0	cis_snp_truth_whole_chrom	861	0.459930314	0.655052265	0.514435696	0.227642276
chr6	chr13	pair_independent_trans_oracle	0	snp_truth_oracle	861	0.459930314	0.655052265	0.514435696	0.227642276
chr6	chr13	blind_geometry_nearest_pair_flip	0	blind_posterior_reconstruction_geometry	861	0.459930314	0.655052265	0.514435696	0.227642276
chr6	chr13	blind_posterior_geometry_agreement_pair_flip	0	blind_posterior_reconstruction_geometry	861	0.459930314	0.655052265	0.514435696	0.227642276
chr6	chr13	blind_high_pmax_geometry_pair_flip	0	blind_posterior_reconstruction_geometry	861	0.459930314	0.655052265	0.514435696	0.227642276
chr6	chr13	blind_margin_geometry_pair_flip	0	blind_posterior_reconstruction_geometry	861	0.459930314	0.655052265	0.514435696	0.227642276
chr6	chr14	cis_selected_whole_chrom	0	cis_snp_truth_whole_chrom	1449	0.407867495	0.512077295	0.433962264	0.349206349
chr6	chr14	pair_independent_trans_oracle	0	snp_truth_oracle	1449	0.407867495	0.512077295	0.433962264	0.349206349
chr6	chr14	blind_geometry_nearest_pair_flip	0	blind_posterior_reconstruction_geometry	1449	0.407867495	0.512077295	0.433962264	0.349206349
chr6	chr14	blind_posterior_geometry_agreement_pair_flip	0	blind_posterior_reconstruction_geometry	1449	0.407867495	0.512077295	0.433962264	0.349206349
chr6	chr14	blind_high_pmax_geometry_pair_flip	0	blind_posterior_reconstruction_geometry	1449	0.407867495	0.512077295	0.433962264	0.349206349
chr6	chr14	blind_margin_geometry_pair_flip	0	blind_posterior_reconstruction_geometry	1449	0.407867495	0.512077295	0.433962264	0.349206349
chr6	chr15	cis_selected_whole_chrom	0	cis_snp_truth_whole_chrom	568	0.367957746	0.544014085	0.369230769	0.0422535211
chr6	chr15	pair_independent_trans_oracle	0	snp_truth_oracle	568	0.367957746	0.544014085	0.369230769	0.0422535211
chr6	chr15	blind_geometry_nearest_pair_flip	0	blind_posterior_reconstruction_geometry	568	0.367957746	0.544014085	0.369230769	0.0422535211
chr6	chr15	blind_posterior_geometry_agreement_pair_flip	0	blind_posterior_reconstruction_geometry	568	0.367957746	0.544014085	0.369230769	0.0422535211
chr6	chr15	blind_high_pmax_geometry_pair_flip	0	blind_posterior_reconstruction_geometry	568	0.367957746	0.544014085	0.369230769	0.0422535211
chr6	chr15	blind_margin_geometry_pair_flip	0	blind_posterior_reconstruction_geometry	568	0.367957746	0.544014085	0.369230769	0.0422535211
chr6	chr16	cis_selected_whole_chrom	0	cis_snp_truth_whole_chrom	1190	0.14789916	0.254621849	0.105820106	0.0336134454
chr6	chr16	pair_independent_trans_oracle	1	snp_truth_oracle	1190	0.536134454	0.745378151	0.761904762	0.242016807
chr6	chr16	blind_geometry_nearest_pair_flip	0	blind_posterior_reconstruction_geometry	1190	0.14789916	0.254621849	0.105820106	0.0336134454
chr6	chr16	blind_posterior_geometry_agreement_pair_flip	0	blind_posterior_reconstruction_geometry	1190	0.14789916	0.254621849	0.105820106	0.0336134454
chr6	chr16	blind_high_pmax_geometry_pair_flip	0	blind_posterior_reconstruction_geometry	1190	0.14789916	0.254621849	0.105820106	0.0336134454
chr6	chr16	blind_margin_geometry_pair_flip	0	blind_posterior_reconstruction_geometry	1190	0.14789916	0.254621849	0.105820106	0.0336134454
chr6	chr17	cis_selected_whole_chrom	0	cis_snp_truth_whole_chrom	482	0.269709544	0.462655602	0.206521739	0.0788381743
chr6	chr17	pair_independent_trans_oracle	1	snp_truth_oracle	482	0.373443983	0.537344398	0.385869565	0.147302905
chr6	chr17	blind_geometry_nearest_pair_flip	0	blind_posterior_reconstruction_geometry	482	0.269709544	0.462655602	0.206521739	0.0788381743
chr6	chr17	blind_posterior_geometry_agreement_pair_flip	0	blind_posterior_reconstruction_geometry	482	0.269709544	0.462655602	0.206521739	0.0788381743
chr6	chr17	blind_high_pmax_geometry_pair_flip	0	blind_posterior_reconstruction_geometry	482	0.269709544	0.462655602	0.206521739	0.0788381743
chr6	chr17	blind_margin_geometry_pair_flip	0	blind_posterior_reconstruction_geometry	482	0.269709544	0.462655602	0.206521739	0.0788381743
chr6	chr18	cis_selected_whole_chrom	0	cis_snp_truth_whole_chrom	775	0.198709677	0.384516129	0.109311741	0.0348387097
chr6	chr18	pair_independent_trans_oracle	1	snp_truth_oracle	775	0.290322581	0.615483871	0.36437247	0.116129032
chr6	chr18	blind_geometry_nearest_pair_flip	0	blind_posterior_reconstruction_geometry	775	0.198709677	0.384516129	0.109311741	0.0348387097
chr6	chr18	blind_posterior_geometry_agreement_pair_flip	0	blind_posterior_reconstruction_geometry	775	0.198709677	0.384516129	0.109311741	0.0348387097
chr6	chr18	blind_high_pmax_geometry_pair_flip	0	blind_posterior_reconstruction_geometry	775	0.198709677	0.384516129	0.109311741	0.0348387097
chr6	chr18	blind_margin_geometry_pair_flip	0	blind_posterior_reconstruction_geometry	775	0.198709677	0.384516129	0.109311741	0.0348387097
chr6	chr19	cis_selected_whole_chrom	0	cis_snp_truth_whole_chrom	712	0.58988764	0.699438202	0.824404762	0.389044944
chr6	chr19	pair_independent_trans_oracle	0	snp_truth_oracle	712	0.58988764	0.699438202	0.824404762	0.389044944
chr6	chr19	blind_geometry_nearest_pair_flip	0	blind_posterior_reconstruction_geometry	712	0.58988764	0.699438202	0.824404762	0.389044944
chr6	chr19	blind_posterior_geometry_agreement_pair_flip	0	blind_posterior_reconstruction_geometry	712	0.58988764	0.699438202	0.824404762	0.389044944
chr6	chr19	blind_high_pmax_geometry_pair_flip	0	blind_posterior_reconstruction_geometry	712	0.58988764	0.699438202	0.824404762	0.389044944
chr6	chr19	blind_margin_geometry_pair_flip	0	blind_posterior_reconstruction_geometry	712	0.58988764	0.699438202	0.824404762	0.389044944
chr6	chrX	cis_selected_whole_chrom	0	cis_snp_truth_whole_chrom	374	0.320855615	0.548128342	0.336	0.22459893
chr6	chrX	pair_independent_trans_oracle	0	snp_truth_oracle	374	0.320855615	0.548128342	0.336	0.22459893
chr6	chrX	blind_geometry_nearest_pair_flip	0	blind_posterior_reconstruction_geometry	374	0.320855615	0.548128342	0.336	0.22459893
chr6	chrX	blind_posterior_geometry_agreement_pair_flip	0	blind_posterior_reconstruction_geometry	374	0.320855615	0.548128342	0.336	0.22459893
chr6	chrX	blind_high_pmax_geometry_pair_flip	0	blind_posterior_reconstruction_geometry	374	0.320855615	0.548128342	0.336	0.22459893
chr6	chrX	blind_margin_geometry_pair_flip	0	blind_posterior_reconstruction_geometry	374	0.320855615	0.548128342	0.336	0.22459893
chr7	chr8	cis_selected_whole_chrom	0	cis_snp_truth_whole_chrom	719	0.353268428	0.554937413	0.717948718	0.0389429764
chr7	chr8	pair_independent_trans_oracle	0	snp_truth_oracle	719	0.353268428	0.554937413	0.717948718	0.0389429764
chr7	chr8	blind_geometry_nearest_pair_flip	0	blind_posterior_reconstruction_geometry	719	0.353268428	0.554937413	0.717948718	0.0389429764
chr7	chr8	blind_posterior_geometry_agreement_pair_flip	0	blind_posterior_reconstruction_geometry	719	0.353268428	0.554937413	0.717948718	0.0389429764
chr7	chr8	blind_high_pmax_geometry_pair_flip	0	blind_posterior_reconstruction_geometry	719	0.353268428	0.554937413	0.717948718	0.0389429764
chr7	chr8	blind_margin_geometry_pair_flip	0	blind_posterior_reconstruction_geometry	719	0.353268428	0.554937413	0.717948718	0.0389429764
chr7	chr9	cis_selected_whole_chrom	0	cis_snp_truth_whole_chrom	491	0.268839104	0.488798371	0.253012048	0.128309572
chr7	chr9	pair_independent_trans_oracle	1	snp_truth_oracle	491	0.276985743	0.511201629	0.273092369	0.138492872
chr7	chr9	blind_geometry_nearest_pair_flip	0	blind_posterior_reconstruction_geometry	491	0.268839104	0.488798371	0.253012048	0.128309572
chr7	chr9	blind_posterior_geometry_agreement_pair_flip	0	blind_posterior_reconstruction_geometry	491	0.268839104	0.488798371	0.253012048	0.128309572
chr7	chr9	blind_high_pmax_geometry_pair_flip	0	blind_posterior_reconstruction_geometry	491	0.268839104	0.488798371	0.253012048	0.128309572
chr7	chr9	blind_margin_geometry_pair_flip	0	blind_posterior_reconstruction_geometry	491	0.268839104	0.488798371	0.253012048	0.128309572
chr7	chr10	cis_selected_whole_chrom	0	cis_snp_truth_whole_chrom	542	0.223247232	0.485239852	0.267015707	0.094095941
chr7	chr10	pair_independent_trans_oracle	1	snp_truth_oracle	542	0.234317343	0.514760148	0.19895288	0.0701107011
chr7	chr10	blind_geometry_nearest_pair_flip	0	blind_posterior_reconstruction_geometry	542	0.223247232	0.485239852	0.267015707	0.094095941
chr7	chr10	blind_posterior_geometry_agreement_pair_flip	0	blind_posterior_reconstruction_geometry	542	0.223247232	0.485239852	0.267015707	0.094095941
chr7	chr10	blind_high_pmax_geometry_pair_flip	0	blind_posterior_reconstruction_geometry	542	0.223247232	0.485239852	0.267015707	0.094095941
chr7	chr10	blind_margin_geometry_pair_flip	0	blind_posterior_reconstruction_geometry	542	0.223247232	0.485239852	0.267015707	0.094095941
chr7	chr11	cis_selected_whole_chrom	0	cis_snp_truth_whole_chrom	630	0.266666667	0.492063492	0.251968504	0.0507936508
chr7	chr11	pair_independent_trans_oracle	0	snp_truth_oracle	630	0.266666667	0.492063492	0.251968504	0.0507936508
chr7	chr11	blind_geometry_nearest_pair_flip	0	blind_posterior_reconstruction_geometry	630	0.266666667	0.492063492	0.251968504	0.0507936508
chr7	chr11	blind_posterior_geometry_agreement_pair_flip	0	blind_posterior_reconstruction_geometry	630	0.266666667	0.492063492	0.251968504	0.0507936508
chr7	chr11	blind_high_pmax_geometry_pair_flip	0	blind_posterior_reconstruction_geometry	630	0.266666667	0.492063492	0.251968504	0.0507936508
chr7	chr11	blind_margin_geometry_pair_flip	0	blind_posterior_reconstruction_geometry	630	0.266666667	0.492063492	0.251968504	0.0507936508
chr7	chr12	cis_selected_whole_chrom	0	cis_snp_truth_whole_chrom	980	0.159183673	0.38877551	0.06	0.0214285714
chr7	chr12	pair_independent_trans_oracle	1	snp_truth_oracle	980	0.454081633	0.61122449	0.731428571	0.26122449
chr7	chr12	blind_geometry_nearest_pair_flip	0	blind_posterior_reconstruction_geometry	980	0.159183673	0.38877551	0.06	0.0214285714
chr7	chr12	blind_posterior_geometry_agreement_pair_flip	0	blind_posterior_reconstruction_geometry	980	0.159183673	0.38877551	0.06	0.0214285714
chr7	chr12	blind_high_pmax_geometry_pair_flip	0	blind_posterior_reconstruction_geometry	980	0.159183673	0.38877551	0.06	0.0214285714
chr7	chr12	blind_margin_geometry_pair_flip	0	blind_posterior_reconstruction_geometry	980	0.159183673	0.38877551	0.06	0.0214285714
chr7	chr13	cis_selected_whole_chrom	0	cis_snp_truth_whole_chrom	548	0.260948905	0.483576642	0.253012048	0.0766423358
chr7	chr13	pair_independent_trans_oracle	0	snp_truth_oracle	548	0.260948905	0.483576642	0.253012048	0.0766423358
chr7	chr13	blind_geometry_nearest_pair_flip	0	blind_posterior_reconstruction_geometry	548	0.260948905	0.483576642	0.253012048	0.0766423358
chr7	chr13	blind_posterior_geometry_agreement_pair_flip	0	blind_posterior_reconstruction_geometry	548	0.260948905	0.483576642	0.253012048	0.0766423358
chr7	chr13	blind_high_pmax_geometry_pair_flip	0	blind_posterior_reconstruction_geometry	548	0.260948905	0.483576642	0.253012048	0.0766423358
chr7	chr13	blind_margin_geometry_pair_flip	0	blind_posterior_reconstruction_geometry	548	0.260948905	0.483576642	0.253012048	0.0766423358
chr7	chr14	cis_selected_whole_chrom	0	cis_snp_truth_whole_chrom	840	0.453571429	0.642857143	0.616724739	0.210714286
chr7	chr14	pair_independent_trans_oracle	0	snp_truth_oracle	840	0.453571429	0.642857143	0.616724739	0.210714286
chr7	chr14	blind_geometry_nearest_pair_flip	0	blind_posterior_reconstruction_geometry	840	0.453571429	0.642857143	0.616724739	0.210714286
chr7	chr14	blind_posterior_geometry_agreement_pair_flip	0	blind_posterior_reconstruction_geometry	840	0.453571429	0.642857143	0.616724739	0.210714286
chr7	chr14	blind_high_pmax_geometry_pair_flip	0	blind_posterior_reconstruction_geometry	840	0.453571429	0.642857143	0.616724739	0.210714286
chr7	chr14	blind_margin_geometry_pair_flip	0	blind_posterior_reconstruction_geometry	840	0.453571429	0.642857143	0.616724739	0.210714286
chr7	chr15	cis_selected_whole_chrom	0	cis_snp_truth_whole_chrom	514	0.188715953	0.517509728	0.214285714	0.0233463035
chr7	chr15	pair_independent_trans_oracle	1	snp_truth_oracle	514	0.291828794	0.482490272	0.357142857	0.0389105058
chr7	chr15	blind_geometry_nearest_pair_flip	0	blind_posterior_reconstruction_geometry	514	0.188715953	0.517509728	0.214285714	0.0233463035
chr7	chr15	blind_posterior_geometry_agreement_pair_flip	0	blind_posterior_reconstruction_geometry	514	0.188715953	0.517509728	0.214285714	0.0233463035
chr7	chr15	blind_high_pmax_geometry_pair_flip	0	blind_posterior_reconstruction_geometry	514	0.188715953	0.517509728	0.214285714	0.0233463035
chr7	chr15	blind_margin_geometry_pair_flip	0	blind_posterior_reconstruction_geometry	514	0.188715953	0.517509728	0.214285714	0.0233463035
chr7	chr16	cis_selected_whole_chrom	0	cis_snp_truth_whole_chrom	339	0.224188791	0.454277286	0.212389381	0.14159292
chr7	chr16	pair_independent_trans_oracle	1	snp_truth_oracle	339	0.265486726	0.545722714	0.230088496	0.15339233
chr7	chr16	blind_geometry_nearest_pair_flip	0	blind_posterior_reconstruction_geometry	339	0.224188791	0.454277286	0.212389381	0.14159292
chr7	chr16	blind_posterior_geometry_agreement_pair_flip	0	blind_posterior_reconstruction_geometry	339	0.224188791	0.454277286	0.212389381	0.14159292
chr7	chr16	blind_high_pmax_geometry_pair_flip	0	blind_posterior_reconstruction_geometry	339	0.224188791	0.454277286	0.212389381	0.14159292
chr7	chr16	blind_margin_geometry_pair_flip	0	blind_posterior_reconstruction_geometry	339	0.224188791	0.454277286	0.212389381	0.14159292
chr7	chr17	cis_selected_whole_chrom	0	cis_snp_truth_whole_chrom	379	0.284960422	0.562005277	0	0
chr7	chr17	pair_independent_trans_oracle	0	snp_truth_oracle	379	0.284960422	0.562005277	0	0
chr7	chr17	blind_geometry_nearest_pair_flip	0	blind_posterior_reconstruction_geometry	379	0.284960422	0.562005277	0	0
chr7	chr17	blind_posterior_geometry_agreement_pair_flip	0	blind_posterior_reconstruction_geometry	379	0.284960422	0.562005277	0	0
chr7	chr17	blind_high_pmax_geometry_pair_flip	0	blind_posterior_reconstruction_geometry	379	0.284960422	0.562005277	0	0
chr7	chr17	blind_margin_geometry_pair_flip	0	blind_posterior_reconstruction_geometry	379	0.284960422	0.562005277	0	0
chr7	chr18	cis_selected_whole_chrom	0	cis_snp_truth_whole_chrom	1117	0.155774396	0.2435094	0.0822580645	0.0456580125
chr7	chr18	pair_independent_trans_oracle	0	snp_truth_oracle	1117	0.155774396	0.2435094	0.0822580645	0.0456580125
chr7	chr18	blind_geometry_nearest_pair_flip	0	blind_posterior_reconstruction_geometry	1117	0.155774396	0.2435094	0.0822580645	0.0456580125
chr7	chr18	blind_posterior_geometry_agreement_pair_flip	0	blind_posterior_reconstruction_geometry	1117	0.155774396	0.2435094	0.0822580645	0.0456580125
chr7	chr18	blind_high_pmax_geometry_pair_flip	0	blind_posterior_reconstruction_geometry	1117	0.155774396	0.2435094	0.0822580645	0.0456580125
chr7	chr18	blind_margin_geometry_pair_flip	0	blind_posterior_reconstruction_geometry	1117	0.155774396	0.2435094	0.0822580645	0.0456580125
chr7	chr19	cis_selected_whole_chrom	0	cis_snp_truth_whole_chrom	404	0.346534653	0.547029703	0.729166667	0.0866336634
chr7	chr19	pair_independent_trans_oracle	0	snp_truth_oracle	404	0.346534653	0.547029703	0.729166667	0.0866336634
chr7	chr19	blind_geometry_nearest_pair_flip	0	blind_posterior_reconstruction_geometry	404	0.346534653	0.547029703	0.729166667	0.0866336634
chr7	chr19	blind_posterior_geometry_agreement_pair_flip	0	blind_posterior_reconstruction_geometry	404	0.346534653	0.547029703	0.729166667	0.0866336634
chr7	chr19	blind_high_pmax_geometry_pair_flip	0	blind_posterior_reconstruction_geometry	404	0.346534653	0.547029703	0.729166667	0.0866336634
chr7	chr19	blind_margin_geometry_pair_flip	0	blind_posterior_reconstruction_geometry	404	0.346534653	0.547029703	0.729166667	0.0866336634
chr7	chrX	cis_selected_whole_chrom	0	cis_snp_truth_whole_chrom	350	0.237142857	0.488571429	0.153846154	0.00571428571
chr7	chrX	pair_independent_trans_oracle	0	snp_truth_oracle	350	0.237142857	0.488571429	0.153846154	0.00571428571
chr7	chrX	blind_geometry_nearest_pair_flip	0	blind_posterior_reconstruction_geometry	350	0.237142857	0.488571429	0.153846154	0.00571428571
chr7	chrX	blind_posterior_geometry_agreement_pair_flip	0	blind_posterior_reconstruction_geometry	350	0.237142857	0.488571429	0.153846154	0.00571428571
chr7	chrX	blind_high_pmax_geometry_pair_flip	0	blind_posterior_reconstruction_geometry	350	0.237142857	0.488571429	0.153846154	0.00571428571
chr7	chrX	blind_margin_geometry_pair_flip	0	blind_posterior_reconstruction_geometry	350	0.237142857	0.488571429	0.153846154	0.00571428571
chr8	chr9	cis_selected_whole_chrom	0	cis_snp_truth_whole_chrom	472	0.300847458	0.497881356	0.338235294	0.194915254
chr8	chr9	pair_independent_trans_oracle	0	snp_truth_oracle	472	0.300847458	0.497881356	0.338235294	0.194915254
chr8	chr9	blind_geometry_nearest_pair_flip	0	blind_posterior_reconstruction_geometry	472	0.300847458	0.497881356	0.338235294	0.194915254
chr8	chr9	blind_posterior_geometry_agreement_pair_flip	0	blind_posterior_reconstruction_geometry	472	0.300847458	0.497881356	0.338235294	0.194915254
chr8	chr9	blind_high_pmax_geometry_pair_flip	0	blind_posterior_reconstruction_geometry	472	0.300847458	0.497881356	0.338235294	0.194915254
chr8	chr9	blind_margin_geometry_pair_flip	0	blind_posterior_reconstruction_geometry	472	0.300847458	0.497881356	0.338235294	0.194915254
chr8	chr10	cis_selected_whole_chrom	0	cis_snp_truth_whole_chrom	534	0.215355805	0.488764045	0.186046512	0.0599250936
chr8	chr10	pair_independent_trans_oracle	1	snp_truth_oracle	534	0.243445693	0.511235955	0.255813953	0.0823970037
chr8	chr10	blind_geometry_nearest_pair_flip	0	blind_posterior_reconstruction_geometry	534	0.215355805	0.488764045	0.186046512	0.0599250936
chr8	chr10	blind_posterior_geometry_agreement_pair_flip	0	blind_posterior_reconstruction_geometry	534	0.215355805	0.488764045	0.186046512	0.0599250936
chr8	chr10	blind_high_pmax_geometry_pair_flip	0	blind_posterior_reconstruction_geometry	534	0.215355805	0.488764045	0.186046512	0.0599250936
chr8	chr10	blind_margin_geometry_pair_flip	0	blind_posterior_reconstruction_geometry	534	0.215355805	0.488764045	0.186046512	0.0599250936
chr8	chr11	cis_selected_whole_chrom	0	cis_snp_truth_whole_chrom	2859	0.478838755	0.784190276	0.494853849	0.420426723
chr8	chr11	pair_independent_trans_oracle	0	snp_truth_oracle	2859	0.478838755	0.784190276	0.494853849	0.420426723
chr8	chr11	blind_geometry_nearest_pair_flip	0	blind_posterior_reconstruction_geometry	2859	0.478838755	0.784190276	0.494853849	0.420426723
chr8	chr11	blind_posterior_geometry_agreement_pair_flip	0	blind_posterior_reconstruction_geometry	2859	0.478838755	0.784190276	0.494853849	0.420426723
chr8	chr11	blind_high_pmax_geometry_pair_flip	0	blind_posterior_reconstruction_geometry	2859	0.478838755	0.784190276	0.494853849	0.420426723
chr8	chr11	blind_margin_geometry_pair_flip	0	blind_posterior_reconstruction_geometry	2859	0.478838755	0.784190276	0.494853849	0.420426723
chr8	chr12	cis_selected_whole_chrom	0	cis_snp_truth_whole_chrom	522	0.381226054	0.607279693	0.387755102	0.291187739
chr8	chr12	pair_independent_trans_oracle	0	snp_truth_oracle	522	0.381226054	0.607279693	0.387755102	0.291187739
chr8	chr12	blind_geometry_nearest_pair_flip	0	blind_posterior_reconstruction_geometry	522	0.381226054	0.607279693	0.387755102	0.291187739
chr8	chr12	blind_posterior_geometry_agreement_pair_flip	0	blind_posterior_reconstruction_geometry	522	0.381226054	0.607279693	0.387755102	0.291187739
chr8	chr12	blind_high_pmax_geometry_pair_flip	0	blind_posterior_reconstruction_geometry	522	0.381226054	0.607279693	0.387755102	0.291187739
chr8	chr12	blind_margin_geometry_pair_flip	0	blind_posterior_reconstruction_geometry	522	0.381226054	0.607279693	0.387755102	0.291187739
chr8	chr13	cis_selected_whole_chrom	0	cis_snp_truth_whole_chrom	662	0.238670695	0.574018127	0.196363636	0.081570997
chr8	chr13	pair_independent_trans_oracle	0	snp_truth_oracle	662	0.238670695	0.574018127	0.196363636	0.081570997
chr8	chr13	blind_geometry_nearest_pair_flip	0	blind_posterior_reconstruction_geometry	662	0.238670695	0.574018127	0.196363636	0.081570997
chr8	chr13	blind_posterior_geometry_agreement_pair_flip	0	blind_posterior_reconstruction_geometry	662	0.238670695	0.574018127	0.196363636	0.081570997
chr8	chr13	blind_high_pmax_geometry_pair_flip	0	blind_posterior_reconstruction_geometry	662	0.238670695	0.574018127	0.196363636	0.081570997
chr8	chr13	blind_margin_geometry_pair_flip	0	blind_posterior_reconstruction_geometry	662	0.238670695	0.574018127	0.196363636	0.081570997
chr8	chr14	cis_selected_whole_chrom	0	cis_snp_truth_whole_chrom	1031	0.424830262	0.540252182	0.536	0.259941804
chr8	chr14	pair_independent_trans_oracle	0	snp_truth_oracle	1031	0.424830262	0.540252182	0.536	0.259941804
chr8	chr14	blind_geometry_nearest_pair_flip	0	blind_posterior_reconstruction_geometry	1031	0.424830262	0.540252182	0.536	0.259941804
chr8	chr14	blind_posterior_geometry_agreement_pair_flip	0	blind_posterior_reconstruction_geometry	1031	0.424830262	0.540252182	0.536	0.259941804
chr8	chr14	blind_high_pmax_geometry_pair_flip	0	blind_posterior_reconstruction_geometry	1031	0.424830262	0.540252182	0.536	0.259941804
chr8	chr14	blind_margin_geometry_pair_flip	0	blind_posterior_reconstruction_geometry	1031	0.424830262	0.540252182	0.536	0.259941804
chr8	chr15	cis_selected_whole_chrom	0	cis_snp_truth_whole_chrom	1141	0.0946538124	0.189307625	0.0786885246	0.0631025416
chr8	chr15	pair_independent_trans_oracle	1	snp_truth_oracle	1141	0.702015776	0.810692375	0.76284153	0.611744084
chr8	chr15	blind_geometry_nearest_pair_flip	0	blind_posterior_reconstruction_geometry	1141	0.0946538124	0.189307625	0.0786885246	0.0631025416
chr8	chr15	blind_posterior_geometry_agreement_pair_flip	0	blind_posterior_reconstruction_geometry	1141	0.0946538124	0.189307625	0.0786885246	0.0631025416
chr8	chr15	blind_high_pmax_geometry_pair_flip	0	blind_posterior_reconstruction_geometry	1141	0.0946538124	0.189307625	0.0786885246	0.0631025416
chr8	chr15	blind_margin_geometry_pair_flip	0	blind_posterior_reconstruction_geometry	1141	0.0946538124	0.189307625	0.0786885246	0.0631025416
chr8	chr16	cis_selected_whole_chrom	0	cis_snp_truth_whole_chrom	376	0.284574468	0.515957447	0.288732394	0.109042553
chr8	chr16	pair_independent_trans_oracle	0	snp_truth_oracle	376	0.284574468	0.515957447	0.288732394	0.109042553
chr8	chr16	blind_geometry_nearest_pair_flip	0	blind_posterior_reconstruction_geometry	376	0.284574468	0.515957447	0.288732394	0.109042553
chr8	chr16	blind_posterior_geometry_agreement_pair_flip	0	blind_posterior_reconstruction_geometry	376	0.284574468	0.515957447	0.288732394	0.109042553
chr8	chr16	blind_high_pmax_geometry_pair_flip	0	blind_posterior_reconstruction_geometry	376	0.284574468	0.515957447	0.288732394	0.109042553
chr8	chr16	blind_margin_geometry_pair_flip	0	blind_posterior_reconstruction_geometry	376	0.284574468	0.515957447	0.288732394	0.109042553
chr8	chr17	cis_selected_whole_chrom	0	cis_snp_truth_whole_chrom	477	0.348008386	0.603773585	0.371104816	0.274633124
chr8	chr17	pair_independent_trans_oracle	0	snp_truth_oracle	477	0.348008386	0.603773585	0.371104816	0.274633124
chr8	chr17	blind_geometry_nearest_pair_flip	0	blind_posterior_reconstruction_geometry	477	0.348008386	0.603773585	0.371104816	0.274633124
chr8	chr17	blind_posterior_geometry_agreement_pair_flip	0	blind_posterior_reconstruction_geometry	477	0.348008386	0.603773585	0.371104816	0.274633124
chr8	chr17	blind_high_pmax_geometry_pair_flip	0	blind_posterior_reconstruction_geometry	477	0.348008386	0.603773585	0.371104816	0.274633124
chr8	chr17	blind_margin_geometry_pair_flip	0	blind_posterior_reconstruction_geometry	477	0.348008386	0.603773585	0.371104816	0.274633124
chr8	chr18	cis_selected_whole_chrom	0	cis_snp_truth_whole_chrom	435	0.312643678	0.505747126	0.301324503	0.209195402
chr8	chr18	pair_independent_trans_oracle	0	snp_truth_oracle	435	0.312643678	0.505747126	0.301324503	0.209195402
chr8	chr18	blind_geometry_nearest_pair_flip	0	blind_posterior_reconstruction_geometry	435	0.312643678	0.505747126	0.301324503	0.209195402
chr8	chr18	blind_posterior_geometry_agreement_pair_flip	0	blind_posterior_reconstruction_geometry	435	0.312643678	0.505747126	0.301324503	0.209195402
chr8	chr18	blind_high_pmax_geometry_pair_flip	0	blind_posterior_reconstruction_geometry	435	0.312643678	0.505747126	0.301324503	0.209195402
chr8	chr18	blind_margin_geometry_pair_flip	0	blind_posterior_reconstruction_geometry	435	0.312643678	0.505747126	0.301324503	0.209195402
chr8	chr19	cis_selected_whole_chrom	0	cis_snp_truth_whole_chrom	579	0.447322971	0.566493955	0.491349481	0.245250432
chr8	chr19	pair_independent_trans_oracle	0	snp_truth_oracle	579	0.447322971	0.566493955	0.491349481	0.245250432
chr8	chr19	blind_geometry_nearest_pair_flip	0	blind_posterior_reconstruction_geometry	579	0.447322971	0.566493955	0.491349481	0.245250432
chr8	chr19	blind_posterior_geometry_agreement_pair_flip	0	blind_posterior_reconstruction_geometry	579	0.447322971	0.566493955	0.491349481	0.245250432
chr8	chr19	blind_high_pmax_geometry_pair_flip	0	blind_posterior_reconstruction_geometry	579	0.447322971	0.566493955	0.491349481	0.245250432
chr8	chr19	blind_margin_geometry_pair_flip	0	blind_posterior_reconstruction_geometry	579	0.447322971	0.566493955	0.491349481	0.245250432
chr8	chrX	cis_selected_whole_chrom	0	cis_snp_truth_whole_chrom	464	0.234913793	0.588362069	0.263333333	0.170258621
chr8	chrX	pair_independent_trans_oracle	0	snp_truth_oracle	464	0.234913793	0.588362069	0.263333333	0.170258621
chr8	chrX	blind_geometry_nearest_pair_flip	0	blind_posterior_reconstruction_geometry	464	0.234913793	0.588362069	0.263333333	0.170258621
chr8	chrX	blind_posterior_geometry_agreement_pair_flip	0	blind_posterior_reconstruction_geometry	464	0.234913793	0.588362069	0.263333333	0.170258621
chr8	chrX	blind_high_pmax_geometry_pair_flip	0	blind_posterior_reconstruction_geometry	464	0.234913793	0.588362069	0.263333333	0.170258621
chr8	chrX	blind_margin_geometry_pair_flip	0	blind_posterior_reconstruction_geometry	464	0.234913793	0.588362069	0.263333333	0.170258621
chr9	chr10	cis_selected_whole_chrom	0	cis_snp_truth_whole_chrom	559	0.237924866	0.474060823	0.28057554	0.0697674419
chr9	chr10	pair_independent_trans_oracle	1	snp_truth_oracle	559	0.311270125	0.525939177	0.352517986	0.0876565295
chr9	chr10	blind_geometry_nearest_pair_flip	0	blind_posterior_reconstruction_geometry	559	0.237924866	0.474060823	0.28057554	0.0697674419
chr9	chr10	blind_posterior_geometry_agreement_pair_flip	0	blind_posterior_reconstruction_geometry	559	0.237924866	0.474060823	0.28057554	0.0697674419
chr9	chr10	blind_high_pmax_geometry_pair_flip	0	blind_posterior_reconstruction_geometry	559	0.237924866	0.474060823	0.28057554	0.0697674419
chr9	chr10	blind_margin_geometry_pair_flip	0	blind_posterior_reconstruction_geometry	559	0.237924866	0.474060823	0.28057554	0.0697674419
chr9	chr11	cis_selected_whole_chrom	0	cis_snp_truth_whole_chrom	700	0.251428571	0.457142857	0.254403131	0.185714286
chr9	chr11	pair_independent_trans_oracle	1	snp_truth_oracle	700	0.304285714	0.542857143	0.299412916	0.218571429
chr9	chr11	blind_geometry_nearest_pair_flip	0	blind_posterior_reconstruction_geometry	700	0.251428571	0.457142857	0.254403131	0.185714286
chr9	chr11	blind_posterior_geometry_agreement_pair_flip	0	blind_posterior_reconstruction_geometry	700	0.251428571	0.457142857	0.254403131	0.185714286
chr9	chr11	blind_high_pmax_geometry_pair_flip	0	blind_posterior_reconstruction_geometry	700	0.251428571	0.457142857	0.254403131	0.185714286
chr9	chr11	blind_margin_geometry_pair_flip	0	blind_posterior_reconstruction_geometry	700	0.251428571	0.457142857	0.254403131	0.185714286
chr9	chr12	cis_selected_whole_chrom	0	cis_snp_truth_whole_chrom	576	0.168402778	0.411458333	0.125	0.0295138889
chr9	chr12	pair_independent_trans_oracle	1	snp_truth_oracle	576	0.380208333	0.588541667	0.573529412	0.135416667
chr9	chr12	blind_geometry_nearest_pair_flip	0	blind_posterior_reconstruction_geometry	576	0.168402778	0.411458333	0.125	0.0295138889
chr9	chr12	blind_posterior_geometry_agreement_pair_flip	0	blind_posterior_reconstruction_geometry	576	0.168402778	0.411458333	0.125	0.0295138889
chr9	chr12	blind_high_pmax_geometry_pair_flip	0	blind_posterior_reconstruction_geometry	576	0.168402778	0.411458333	0.125	0.0295138889
chr9	chr12	blind_margin_geometry_pair_flip	0	blind_posterior_reconstruction_geometry	576	0.168402778	0.411458333	0.125	0.0295138889
chr9	chr13	cis_selected_whole_chrom	0	cis_snp_truth_whole_chrom	561	0.23885918	0.442067736	0.288888889	0.0231729055
chr9	chr13	pair_independent_trans_oracle	1	snp_truth_oracle	561	0.251336898	0.557932264	0.2	0.0160427807
chr9	chr13	blind_geometry_nearest_pair_flip	0	blind_posterior_reconstruction_geometry	561	0.23885918	0.442067736	0.288888889	0.0231729055
chr9	chr13	blind_posterior_geometry_agreement_pair_flip	0	blind_posterior_reconstruction_geometry	561	0.23885918	0.442067736	0.288888889	0.0231729055
chr9	chr13	blind_high_pmax_geometry_pair_flip	0	blind_posterior_reconstruction_geometry	561	0.23885918	0.442067736	0.288888889	0.0231729055
chr9	chr13	blind_margin_geometry_pair_flip	0	blind_posterior_reconstruction_geometry	561	0.23885918	0.442067736	0.288888889	0.0231729055
chr9	chr14	cis_selected_whole_chrom	0	cis_snp_truth_whole_chrom	446	0.239910314	0.52690583	0.245398773	0.179372197
chr9	chr14	pair_independent_trans_oracle	0	snp_truth_oracle	446	0.239910314	0.52690583	0.245398773	0.179372197
chr9	chr14	blind_geometry_nearest_pair_flip	0	blind_posterior_reconstruction_geometry	446	0.239910314	0.52690583	0.245398773	0.179372197
chr9	chr14	blind_posterior_geometry_agreement_pair_flip	0	blind_posterior_reconstruction_geometry	446	0.239910314	0.52690583	0.245398773	0.179372197
chr9	chr14	blind_high_pmax_geometry_pair_flip	0	blind_posterior_reconstruction_geometry	446	0.239910314	0.52690583	0.245398773	0.179372197
chr9	chr14	blind_margin_geometry_pair_flip	0	blind_posterior_reconstruction_geometry	446	0.239910314	0.52690583	0.245398773	0.179372197
chr9	chr15	cis_selected_whole_chrom	0	cis_snp_truth_whole_chrom	431	0.236658933	0.477958237	0.134615385	0.0162412993
chr9	chr15	pair_independent_trans_oracle	0	snp_truth_oracle	431	0.236658933	0.477958237	0.134615385	0.0162412993
chr9	chr15	blind_geometry_nearest_pair_flip	0	blind_posterior_reconstruction_geometry	431	0.236658933	0.477958237	0.134615385	0.0162412993
chr9	chr15	blind_posterior_geometry_agreement_pair_flip	0	blind_posterior_reconstruction_geometry	431	0.236658933	0.477958237	0.134615385	0.0162412993
chr9	chr15	blind_high_pmax_geometry_pair_flip	0	blind_posterior_reconstruction_geometry	431	0.236658933	0.477958237	0.134615385	0.0162412993
chr9	chr15	blind_margin_geometry_pair_flip	0	blind_posterior_reconstruction_geometry	431	0.236658933	0.477958237	0.134615385	0.0162412993
chr9	chr16	cis_selected_whole_chrom	0	cis_snp_truth_whole_chrom	798	0.196741855	0.305764411	0.0984848485	0.0325814536
chr9	chr16	pair_independent_trans_oracle	1	snp_truth_oracle	798	0.552631579	0.694235589	0.806818182	0.266917293
chr9	chr16	blind_geometry_nearest_pair_flip	0	blind_posterior_reconstruction_geometry	798	0.196741855	0.305764411	0.0984848485	0.0325814536
chr9	chr16	blind_posterior_geometry_agreement_pair_flip	0	blind_posterior_reconstruction_geometry	798	0.196741855	0.305764411	0.0984848485	0.0325814536
chr9	chr16	blind_high_pmax_geometry_pair_flip	0	blind_posterior_reconstruction_geometry	798	0.196741855	0.305764411	0.0984848485	0.0325814536
chr9	chr16	blind_margin_geometry_pair_flip	0	blind_posterior_reconstruction_geometry	798	0.196741855	0.305764411	0.0984848485	0.0325814536
chr9	chr17	cis_selected_whole_chrom	0	cis_snp_truth_whole_chrom	1022	0.690802348	0.799412916	0.874801902	0.540117417
chr9	chr17	pair_independent_trans_oracle	0	snp_truth_oracle	1022	0.690802348	0.799412916	0.874801902	0.540117417
chr9	chr17	blind_geometry_nearest_pair_flip	0	blind_posterior_reconstruction_geometry	1022	0.690802348	0.799412916	0.874801902	0.540117417
chr9	chr17	blind_posterior_geometry_agreement_pair_flip	0	blind_posterior_reconstruction_geometry	1022	0.690802348	0.799412916	0.874801902	0.540117417
chr9	chr17	blind_high_pmax_geometry_pair_flip	0	blind_posterior_reconstruction_geometry	1022	0.690802348	0.799412916	0.874801902	0.540117417
chr9	chr17	blind_margin_geometry_pair_flip	0	blind_posterior_reconstruction_geometry	1022	0.690802348	0.799412916	0.874801902	0.540117417
chr9	chr18	cis_selected_whole_chrom	0	cis_snp_truth_whole_chrom	444	0.256756757	0.5	0.337349398	0.0630630631
chr9	chr18	pair_independent_trans_oracle	1	snp_truth_oracle	444	0.283783784	0.5	0.228915663	0.0427927928
chr9	chr18	blind_geometry_nearest_pair_flip	0	blind_posterior_reconstruction_geometry	444	0.256756757	0.5	0.337349398	0.0630630631
chr9	chr18	blind_posterior_geometry_agreement_pair_flip	0	blind_posterior_reconstruction_geometry	444	0.256756757	0.5	0.337349398	0.0630630631
chr9	chr18	blind_high_pmax_geometry_pair_flip	0	blind_posterior_reconstruction_geometry	444	0.256756757	0.5	0.337349398	0.0630630631
chr9	chr18	blind_margin_geometry_pair_flip	0	blind_posterior_reconstruction_geometry	444	0.256756757	0.5	0.337349398	0.0630630631
chr9	chr19	cis_selected_whole_chrom	0	cis_snp_truth_whole_chrom	309	0.317152104	0.59223301	0.309090909	0.0550161812
chr9	chr19	pair_independent_trans_oracle	0	snp_truth_oracle	309	0.317152104	0.59223301	0.309090909	0.0550161812
chr9	chr19	blind_geometry_nearest_pair_flip	0	blind_posterior_reconstruction_geometry	309	0.317152104	0.59223301	0.309090909	0.0550161812
chr9	chr19	blind_posterior_geometry_agreement_pair_flip	0	blind_posterior_reconstruction_geometry	309	0.317152104	0.59223301	0.309090909	0.0550161812
chr9	chr19	blind_high_pmax_geometry_pair_flip	0	blind_posterior_reconstruction_geometry	309	0.317152104	0.59223301	0.309090909	0.0550161812
chr9	chr19	blind_margin_geometry_pair_flip	0	blind_posterior_reconstruction_geometry	309	0.317152104	0.59223301	0.309090909	0.0550161812
chr9	chrX	cis_selected_whole_chrom	0	cis_snp_truth_whole_chrom	497	0.464788732	0.670020121	0.677272727	0.299798793
chr9	chrX	pair_independent_trans_oracle	0	snp_truth_oracle	497	0.464788732	0.670020121	0.677272727	0.299798793
chr9	chrX	blind_geometry_nearest_pair_flip	0	blind_posterior_reconstruction_geometry	497	0.464788732	0.670020121	0.677272727	0.299798793
chr9	chrX	blind_posterior_geometry_agreement_pair_flip	0	blind_posterior_reconstruction_geometry	497	0.464788732	0.670020121	0.677272727	0.299798793
chr9	chrX	blind_high_pmax_geometry_pair_flip	0	blind_posterior_reconstruction_geometry	497	0.464788732	0.670020121	0.677272727	0.299798793
chr9	chrX	blind_margin_geometry_pair_flip	0	blind_posterior_reconstruction_geometry	497	0.464788732	0.670020121	0.677272727	0.299798793
chr10	chr11	cis_selected_whole_chrom	0	cis_snp_truth_whole_chrom	579	0.233160622	0.525043178	0.267326733	0.0466321244
chr10	chr11	pair_independent_trans_oracle	1	snp_truth_oracle	579	0.252158895	0.474956822	0.297029703	0.0518134715
chr10	chr11	blind_geometry_nearest_pair_flip	0	blind_posterior_reconstruction_geometry	579	0.233160622	0.525043178	0.267326733	0.0466321244
chr10	chr11	blind_posterior_geometry_agreement_pair_flip	0	blind_posterior_reconstruction_geometry	579	0.233160622	0.525043178	0.267326733	0.0466321244
chr10	chr11	blind_high_pmax_geometry_pair_flip	0	blind_posterior_reconstruction_geometry	579	0.233160622	0.525043178	0.267326733	0.0466321244
chr10	chr11	blind_margin_geometry_pair_flip	0	blind_posterior_reconstruction_geometry	579	0.233160622	0.525043178	0.267326733	0.0466321244
chr10	chr12	cis_selected_whole_chrom	0	cis_snp_truth_whole_chrom	954	0.176100629	0.43081761	0.0860655738	0.0220125786
chr10	chr12	pair_independent_trans_oracle	1	snp_truth_oracle	954	0.452830189	0.56918239	0.770491803	0.19706499
chr10	chr12	blind_geometry_nearest_pair_flip	0	blind_posterior_reconstruction_geometry	954	0.176100629	0.43081761	0.0860655738	0.0220125786
chr10	chr12	blind_posterior_geometry_agreement_pair_flip	0	blind_posterior_reconstruction_geometry	954	0.176100629	0.43081761	0.0860655738	0.0220125786
chr10	chr12	blind_high_pmax_geometry_pair_flip	0	blind_posterior_reconstruction_geometry	954	0.176100629	0.43081761	0.0860655738	0.0220125786
chr10	chr12	blind_margin_geometry_pair_flip	0	blind_posterior_reconstruction_geometry	954	0.176100629	0.43081761	0.0860655738	0.0220125786
chr10	chr13	cis_selected_whole_chrom	0	cis_snp_truth_whole_chrom	1070	0.413084112	0.555140187	0.535452323	0.204672897
chr10	chr13	pair_independent_trans_oracle	0	snp_truth_oracle	1070	0.413084112	0.555140187	0.535452323	0.204672897
chr10	chr13	blind_geometry_nearest_pair_flip	0	blind_posterior_reconstruction_geometry	1070	0.413084112	0.555140187	0.535452323	0.204672897
chr10	chr13	blind_posterior_geometry_agreement_pair_flip	0	blind_posterior_reconstruction_geometry	1070	0.413084112	0.555140187	0.535452323	0.204672897
chr10	chr13	blind_high_pmax_geometry_pair_flip	0	blind_posterior_reconstruction_geometry	1070	0.413084112	0.555140187	0.535452323	0.204672897
chr10	chr13	blind_margin_geometry_pair_flip	0	blind_posterior_reconstruction_geometry	1070	0.413084112	0.555140187	0.535452323	0.204672897
chr10	chr14	cis_selected_whole_chrom	0	cis_snp_truth_whole_chrom	523	0.271510516	0.514340344	0	0
chr10	chr14	pair_independent_trans_oracle	1	snp_truth_oracle	523	0.282982792	0.485659656	0.75	0.00573613767
chr10	chr14	blind_geometry_nearest_pair_flip	0	blind_posterior_reconstruction_geometry	523	0.271510516	0.514340344	0	0
chr10	chr14	blind_posterior_geometry_agreement_pair_flip	0	blind_posterior_reconstruction_geometry	523	0.271510516	0.514340344	0	0
chr10	chr14	blind_high_pmax_geometry_pair_flip	0	blind_posterior_reconstruction_geometry	523	0.271510516	0.514340344	0	0
chr10	chr14	blind_margin_geometry_pair_flip	0	blind_posterior_reconstruction_geometry	523	0.271510516	0.514340344	0	0
chr10	chr15	cis_selected_whole_chrom	0	cis_snp_truth_whole_chrom	908	0.25	0.77092511	0.172757475	0.0572687225
chr10	chr15	pair_independent_trans_oracle	0	snp_truth_oracle	908	0.25	0.77092511	0.172757475	0.0572687225
chr10	chr15	blind_geometry_nearest_pair_flip	0	blind_posterior_reconstruction_geometry	908	0.25	0.77092511	0.172757475	0.0572687225
chr10	chr15	blind_posterior_geometry_agreement_pair_flip	0	blind_posterior_reconstruction_geometry	908	0.25	0.77092511	0.172757475	0.0572687225
chr10	chr15	blind_high_pmax_geometry_pair_flip	0	blind_posterior_reconstruction_geometry	908	0.25	0.77092511	0.172757475	0.0572687225
chr10	chr15	blind_margin_geometry_pair_flip	0	blind_posterior_reconstruction_geometry	908	0.25	0.77092511	0.172757475	0.0572687225
chr10	chr16	cis_selected_whole_chrom	0	cis_snp_truth_whole_chrom	1086	0.126151013	0.586556169	0.0595238095	0.032228361
chr10	chr16	pair_independent_trans_oracle	1	snp_truth_oracle	1086	0.299263352	0.413443831	0.285714286	0.154696133
chr10	chr16	blind_geometry_nearest_pair_flip	0	blind_posterior_reconstruction_geometry	1086	0.126151013	0.586556169	0.0595238095	0.032228361
chr10	chr16	blind_posterior_geometry_agreement_pair_flip	0	blind_posterior_reconstruction_geometry	1086	0.126151013	0.586556169	0.0595238095	0.032228361
chr10	chr16	blind_high_pmax_geometry_pair_flip	0	blind_posterior_reconstruction_geometry	1086	0.126151013	0.586556169	0.0595238095	0.032228361
chr10	chr16	blind_margin_geometry_pair_flip	0	blind_posterior_reconstruction_geometry	1086	0.126151013	0.586556169	0.0595238095	0.032228361
chr10	chr17	cis_selected_whole_chrom	0	cis_snp_truth_whole_chrom	693	0.375180375	0.519480519	0.481171548	0.165945166
chr10	chr17	pair_independent_trans_oracle	0	snp_truth_oracle	693	0.375180375	0.519480519	0.481171548	0.165945166
chr10	chr17	blind_geometry_nearest_pair_flip	0	blind_posterior_reconstruction_geometry	693	0.375180375	0.519480519	0.481171548	0.165945166
chr10	chr17	blind_posterior_geometry_agreement_pair_flip	0	blind_posterior_reconstruction_geometry	693	0.375180375	0.519480519	0.481171548	0.165945166
chr10	chr17	blind_high_pmax_geometry_pair_flip	0	blind_posterior_reconstruction_geometry	693	0.375180375	0.519480519	0.481171548	0.165945166
chr10	chr17	blind_margin_geometry_pair_flip	0	blind_posterior_reconstruction_geometry	693	0.375180375	0.519480519	0.481171548	0.165945166
chr10	chr18	cis_selected_whole_chrom	0	cis_snp_truth_whole_chrom	585	0.299145299	0.524786325	0.586206897	0.0871794872
chr10	chr18	pair_independent_trans_oracle	0	snp_truth_oracle	585	0.299145299	0.524786325	0.586206897	0.0871794872
chr10	chr18	blind_geometry_nearest_pair_flip	0	blind_posterior_reconstruction_geometry	585	0.299145299	0.524786325	0.586206897	0.0871794872
chr10	chr18	blind_posterior_geometry_agreement_pair_flip	0	blind_posterior_reconstruction_geometry	585	0.299145299	0.524786325	0.586206897	0.0871794872
chr10	chr18	blind_high_pmax_geometry_pair_flip	0	blind_posterior_reconstruction_geometry	585	0.299145299	0.524786325	0.586206897	0.0871794872
chr10	chr18	blind_margin_geometry_pair_flip	0	blind_posterior_reconstruction_geometry	585	0.299145299	0.524786325	0.586206897	0.0871794872
chr10	chr19	cis_selected_whole_chrom	0	cis_snp_truth_whole_chrom	365	0.301369863	0.564383562	0.315789474	0.0164383562
chr10	chr19	pair_independent_trans_oracle	0	snp_truth_oracle	365	0.301369863	0.564383562	0.315789474	0.0164383562
chr10	chr19	blind_geometry_nearest_pair_flip	0	blind_posterior_reconstruction_geometry	365	0.301369863	0.564383562	0.315789474	0.0164383562
chr10	chr19	blind_posterior_geometry_agreement_pair_flip	0	blind_posterior_reconstruction_geometry	365	0.301369863	0.564383562	0.315789474	0.0164383562
chr10	chr19	blind_high_pmax_geometry_pair_flip	0	blind_posterior_reconstruction_geometry	365	0.301369863	0.564383562	0.315789474	0.0164383562
chr10	chr19	blind_margin_geometry_pair_flip	0	blind_posterior_reconstruction_geometry	365	0.301369863	0.564383562	0.315789474	0.0164383562
chr10	chrX	cis_selected_whole_chrom	0	cis_snp_truth_whole_chrom	304	0.299342105	0.5625	0.296703297	0.177631579
chr10	chrX	pair_independent_trans_oracle	0	snp_truth_oracle	304	0.299342105	0.5625	0.296703297	0.177631579
chr10	chrX	blind_geometry_nearest_pair_flip	0	blind_posterior_reconstruction_geometry	304	0.299342105	0.5625	0.296703297	0.177631579
chr10	chrX	blind_posterior_geometry_agreement_pair_flip	0	blind_posterior_reconstruction_geometry	304	0.299342105	0.5625	0.296703297	0.177631579
chr10	chrX	blind_high_pmax_geometry_pair_flip	0	blind_posterior_reconstruction_geometry	304	0.299342105	0.5625	0.296703297	0.177631579
chr10	chrX	blind_margin_geometry_pair_flip	0	blind_posterior_reconstruction_geometry	304	0.299342105	0.5625	0.296703297	0.177631579
chr11	chr12	cis_selected_whole_chrom	0	cis_snp_truth_whole_chrom	595	0.257142857	0.539495798	0.265822785	0.247058824
chr11	chr12	pair_independent_trans_oracle	0	snp_truth_oracle	595	0.257142857	0.539495798	0.265822785	0.247058824
chr11	chr12	blind_geometry_nearest_pair_flip	0	blind_posterior_reconstruction_geometry	595	0.257142857	0.539495798	0.265822785	0.247058824
chr11	chr12	blind_posterior_geometry_agreement_pair_flip	0	blind_posterior_reconstruction_geometry	595	0.257142857	0.539495798	0.265822785	0.247058824
chr11	chr12	blind_high_pmax_geometry_pair_flip	0	blind_posterior_reconstruction_geometry	595	0.257142857	0.539495798	0.265822785	0.247058824
chr11	chr12	blind_margin_geometry_pair_flip	0	blind_posterior_reconstruction_geometry	595	0.257142857	0.539495798	0.265822785	0.247058824
chr11	chr13	cis_selected_whole_chrom	0	cis_snp_truth_whole_chrom	1022	0.351272016	0.772015656	0.39050536	0.249510763
chr11	chr13	pair_independent_trans_oracle	0	snp_truth_oracle	1022	0.351272016	0.772015656	0.39050536	0.249510763
chr11	chr13	blind_geometry_nearest_pair_flip	0	blind_posterior_reconstruction_geometry	1022	0.351272016	0.772015656	0.39050536	0.249510763
chr11	chr13	blind_posterior_geometry_agreement_pair_flip	0	blind_posterior_reconstruction_geometry	1022	0.351272016	0.772015656	0.39050536	0.249510763
chr11	chr13	blind_high_pmax_geometry_pair_flip	0	blind_posterior_reconstruction_geometry	1022	0.351272016	0.772015656	0.39050536	0.249510763
chr11	chr13	blind_margin_geometry_pair_flip	0	blind_posterior_reconstruction_geometry	1022	0.351272016	0.772015656	0.39050536	0.249510763
chr11	chr14	cis_selected_whole_chrom	0	cis_snp_truth_whole_chrom	903	0.222591362	0.357696567	0.226285714	0.219269103
chr11	chr14	pair_independent_trans_oracle	1	snp_truth_oracle	903	0.531561462	0.642303433	0.534857143	0.518272425
chr11	chr14	blind_geometry_nearest_pair_flip	0	blind_posterior_reconstruction_geometry	903	0.222591362	0.357696567	0.226285714	0.219269103
chr11	chr14	blind_posterior_geometry_agreement_pair_flip	0	blind_posterior_reconstruction_geometry	903	0.222591362	0.357696567	0.226285714	0.219269103
chr11	chr14	blind_high_pmax_geometry_pair_flip	0	blind_posterior_reconstruction_geometry	903	0.222591362	0.357696567	0.226285714	0.219269103
chr11	chr14	blind_margin_geometry_pair_flip	0	blind_posterior_reconstruction_geometry	903	0.222591362	0.357696567	0.226285714	0.219269103
chr11	chr15	cis_selected_whole_chrom	0	cis_snp_truth_whole_chrom	544	0.180147059	0.367647059	0.16119403	0.0992647059
chr11	chr15	pair_independent_trans_oracle	1	snp_truth_oracle	544	0.384191176	0.632352941	0.414925373	0.255514706
chr11	chr15	blind_geometry_nearest_pair_flip	0	blind_posterior_reconstruction_geometry	544	0.180147059	0.367647059	0.16119403	0.0992647059
chr11	chr15	blind_posterior_geometry_agreement_pair_flip	0	blind_posterior_reconstruction_geometry	544	0.180147059	0.367647059	0.16119403	0.0992647059
chr11	chr15	blind_high_pmax_geometry_pair_flip	0	blind_posterior_reconstruction_geometry	544	0.180147059	0.367647059	0.16119403	0.0992647059
chr11	chr15	blind_margin_geometry_pair_flip	0	blind_posterior_reconstruction_geometry	544	0.180147059	0.367647059	0.16119403	0.0992647059
chr11	chr16	cis_selected_whole_chrom	0	cis_snp_truth_whole_chrom	413	0.295399516	0.561743341	0.30875576	0.162227603
chr11	chr16	pair_independent_trans_oracle	0	snp_truth_oracle	413	0.295399516	0.561743341	0.30875576	0.162227603
chr11	chr16	blind_geometry_nearest_pair_flip	0	blind_posterior_reconstruction_geometry	413	0.295399516	0.561743341	0.30875576	0.162227603
chr11	chr16	blind_posterior_geometry_agreement_pair_flip	0	blind_posterior_reconstruction_geometry	413	0.295399516	0.561743341	0.30875576	0.162227603
chr11	chr16	blind_high_pmax_geometry_pair_flip	0	blind_posterior_reconstruction_geometry	413	0.295399516	0.561743341	0.30875576	0.162227603
chr11	chr16	blind_margin_geometry_pair_flip	0	blind_posterior_reconstruction_geometry	413	0.295399516	0.561743341	0.30875576	0.162227603
chr11	chr17	cis_selected_whole_chrom	0	cis_snp_truth_whole_chrom	479	0.252609603	0.607515658	0.250591017	0.221294363
chr11	chr17	pair_independent_trans_oracle	0	snp_truth_oracle	479	0.252609603	0.607515658	0.250591017	0.221294363
chr11	chr17	blind_geometry_nearest_pair_flip	0	blind_posterior_reconstruction_geometry	479	0.252609603	0.607515658	0.250591017	0.221294363
chr11	chr17	blind_posterior_geometry_agreement_pair_flip	0	blind_posterior_reconstruction_geometry	479	0.252609603	0.607515658	0.250591017	0.221294363
chr11	chr17	blind_high_pmax_geometry_pair_flip	0	blind_posterior_reconstruction_geometry	479	0.252609603	0.607515658	0.250591017	0.221294363
chr11	chr17	blind_margin_geometry_pair_flip	0	blind_posterior_reconstruction_geometry	479	0.252609603	0.607515658	0.250591017	0.221294363
chr11	chr18	cis_selected_whole_chrom	0	cis_snp_truth_whole_chrom	424	0.330188679	0.580188679	0.351111111	0.186320755
chr11	chr18	pair_independent_trans_oracle	0	snp_truth_oracle	424	0.330188679	0.580188679	0.351111111	0.186320755
chr11	chr18	blind_geometry_nearest_pair_flip	0	blind_posterior_reconstruction_geometry	424	0.330188679	0.580188679	0.351111111	0.186320755
chr11	chr18	blind_posterior_geometry_agreement_pair_flip	0	blind_posterior_reconstruction_geometry	424	0.330188679	0.580188679	0.351111111	0.186320755
chr11	chr18	blind_high_pmax_geometry_pair_flip	0	blind_posterior_reconstruction_geometry	424	0.330188679	0.580188679	0.351111111	0.186320755
chr11	chr18	blind_margin_geometry_pair_flip	0	blind_posterior_reconstruction_geometry	424	0.330188679	0.580188679	0.351111111	0.186320755
chr11	chr19	cis_selected_whole_chrom	0	cis_snp_truth_whole_chrom	701	0.475035663	0.579172611	0.515991471	0.345221113
chr11	chr19	pair_independent_trans_oracle	0	snp_truth_oracle	701	0.475035663	0.579172611	0.515991471	0.345221113
chr11	chr19	blind_geometry_nearest_pair_flip	0	blind_posterior_reconstruction_geometry	701	0.475035663	0.579172611	0.515991471	0.345221113
chr11	chr19	blind_posterior_geometry_agreement_pair_flip	0	blind_posterior_reconstruction_geometry	701	0.475035663	0.579172611	0.515991471	0.345221113
chr11	chr19	blind_high_pmax_geometry_pair_flip	0	blind_posterior_reconstruction_geometry	701	0.475035663	0.579172611	0.515991471	0.345221113
chr11	chr19	blind_margin_geometry_pair_flip	0	blind_posterior_reconstruction_geometry	701	0.475035663	0.579172611	0.515991471	0.345221113
chr11	chrX	cis_selected_whole_chrom	0	cis_snp_truth_whole_chrom	864	0.164351852	0.278935185	0.0406976744	0.0162037037
chr11	chrX	pair_independent_trans_oracle	1	snp_truth_oracle	864	0.516203704	0.721064815	0.75	0.298611111
chr11	chrX	blind_geometry_nearest_pair_flip	0	blind_posterior_reconstruction_geometry	864	0.164351852	0.278935185	0.0406976744	0.0162037037
chr11	chrX	blind_posterior_geometry_agreement_pair_flip	0	blind_posterior_reconstruction_geometry	864	0.164351852	0.278935185	0.0406976744	0.0162037037
chr11	chrX	blind_high_pmax_geometry_pair_flip	0	blind_posterior_reconstruction_geometry	864	0.164351852	0.278935185	0.0406976744	0.0162037037
chr11	chrX	blind_margin_geometry_pair_flip	0	blind_posterior_reconstruction_geometry	864	0.164351852	0.278935185	0.0406976744	0.0162037037
chr12	chr13	cis_selected_whole_chrom	0	cis_snp_truth_whole_chrom	1950	0.0687179487	0.423589744	0.0375354108	0.0271794872
chr12	chr13	pair_independent_trans_oracle	1	snp_truth_oracle	1950	0.0887179487	0.576410256	0.0679886686	0.0492307692
chr12	chr13	blind_geometry_nearest_pair_flip	0	blind_posterior_reconstruction_geometry	1950	0.0687179487	0.423589744	0.0375354108	0.0271794872
chr12	chr13	blind_posterior_geometry_agreement_pair_flip	0	blind_posterior_reconstruction_geometry	1950	0.0687179487	0.423589744	0.0375354108	0.0271794872
chr12	chr13	blind_high_pmax_geometry_pair_flip	0	blind_posterior_reconstruction_geometry	1950	0.0687179487	0.423589744	0.0375354108	0.0271794872
chr12	chr13	blind_margin_geometry_pair_flip	0	blind_posterior_reconstruction_geometry	1950	0.0687179487	0.423589744	0.0375354108	0.0271794872
chr12	chr14	cis_selected_whole_chrom	0	cis_snp_truth_whole_chrom	451	0.272727273	0.536585366	0.361702128	0.0376940133
chr12	chr14	pair_independent_trans_oracle	0	snp_truth_oracle	451	0.272727273	0.536585366	0.361702128	0.0376940133
chr12	chr14	blind_geometry_nearest_pair_flip	0	blind_posterior_reconstruction_geometry	451	0.272727273	0.536585366	0.361702128	0.0376940133
chr12	chr14	blind_posterior_geometry_agreement_pair_flip	0	blind_posterior_reconstruction_geometry	451	0.272727273	0.536585366	0.361702128	0.0376940133
chr12	chr14	blind_high_pmax_geometry_pair_flip	0	blind_posterior_reconstruction_geometry	451	0.272727273	0.536585366	0.361702128	0.0376940133
chr12	chr14	blind_margin_geometry_pair_flip	0	blind_posterior_reconstruction_geometry	451	0.272727273	0.536585366	0.361702128	0.0376940133
chr12	chr15	cis_selected_whole_chrom	0	cis_snp_truth_whole_chrom	928	0.0851293103	0.179956897	0.0457746479	0.0280172414
chr12	chr15	pair_independent_trans_oracle	1	snp_truth_oracle	928	0.702586207	0.820043103	0.830985915	0.50862069
chr12	chr15	blind_geometry_nearest_pair_flip	0	blind_posterior_reconstruction_geometry	928	0.0851293103	0.179956897	0.0457746479	0.0280172414
chr12	chr15	blind_posterior_geometry_agreement_pair_flip	0	blind_posterior_reconstruction_geometry	928	0.0851293103	0.179956897	0.0457746479	0.0280172414
chr12	chr15	blind_high_pmax_geometry_pair_flip	0	blind_posterior_reconstruction_geometry	928	0.0851293103	0.179956897	0.0457746479	0.0280172414
chr12	chr15	blind_margin_geometry_pair_flip	0	blind_posterior_reconstruction_geometry	928	0.0851293103	0.179956897	0.0457746479	0.0280172414
chr12	chr16	cis_selected_whole_chrom	0	cis_snp_truth_whole_chrom	388	0.18556701	0.427835052	0.168316832	0.087628866
chr12	chr16	pair_independent_trans_oracle	1	snp_truth_oracle	388	0.229381443	0.572164948	0.207920792	0.108247423
chr12	chr16	blind_geometry_nearest_pair_flip	0	blind_posterior_reconstruction_geometry	388	0.18556701	0.427835052	0.168316832	0.087628866
chr12	chr16	blind_posterior_geometry_agreement_pair_flip	0	blind_posterior_reconstruction_geometry	388	0.18556701	0.427835052	0.168316832	0.087628866
chr12	chr16	blind_high_pmax_geometry_pair_flip	0	blind_posterior_reconstruction_geometry	388	0.18556701	0.427835052	0.168316832	0.087628866
chr12	chr16	blind_margin_geometry_pair_flip	0	blind_posterior_reconstruction_geometry	388	0.18556701	0.427835052	0.168316832	0.087628866
chr12	chr17	cis_selected_whole_chrom	0	cis_snp_truth_whole_chrom	798	0.249373434	0.551378446	0.21564482	0.127819549
chr12	chr17	pair_independent_trans_oracle	0	snp_truth_oracle	798	0.249373434	0.551378446	0.21564482	0.127819549
chr12	chr17	blind_geometry_nearest_pair_flip	0	blind_posterior_reconstruction_geometry	798	0.249373434	0.551378446	0.21564482	0.127819549
chr12	chr17	blind_posterior_geometry_agreement_pair_flip	0	blind_posterior_reconstruction_geometry	798	0.249373434	0.551378446	0.21564482	0.127819549
chr12	chr17	blind_high_pmax_geometry_pair_flip	0	blind_posterior_reconstruction_geometry	798	0.249373434	0.551378446	0.21564482	0.127819549
chr12	chr17	blind_margin_geometry_pair_flip	0	blind_posterior_reconstruction_geometry	798	0.249373434	0.551378446	0.21564482	0.127819549
chr12	chr18	cis_selected_whole_chrom	0	cis_snp_truth_whole_chrom	541	0.26987061	0.438077634	0.0476190476	0.00924214418
chr12	chr18	pair_independent_trans_oracle	0	snp_truth_oracle	541	0.26987061	0.438077634	0.0476190476	0.00924214418
chr12	chr18	blind_geometry_nearest_pair_flip	0	blind_posterior_reconstruction_geometry	541	0.26987061	0.438077634	0.0476190476	0.00924214418
chr12	chr18	blind_posterior_geometry_agreement_pair_flip	0	blind_posterior_reconstruction_geometry	541	0.26987061	0.438077634	0.0476190476	0.00924214418
chr12	chr18	blind_high_pmax_geometry_pair_flip	0	blind_posterior_reconstruction_geometry	541	0.26987061	0.438077634	0.0476190476	0.00924214418
chr12	chr18	blind_margin_geometry_pair_flip	0	blind_posterior_reconstruction_geometry	541	0.26987061	0.438077634	0.0476190476	0.00924214418
chr12	chr19	cis_selected_whole_chrom	0	cis_snp_truth_whole_chrom	631	0.103011094	0.251980983	0.0334261838	0.0190174326
chr12	chr19	pair_independent_trans_oracle	1	snp_truth_oracle	631	0.107765452	0.748019017	0.0640668524	0.0364500792
chr12	chr19	blind_geometry_nearest_pair_flip	0	blind_posterior_reconstruction_geometry	631	0.103011094	0.251980983	0.0334261838	0.0190174326
chr12	chr19	blind_posterior_geometry_agreement_pair_flip	0	blind_posterior_reconstruction_geometry	631	0.103011094	0.251980983	0.0334261838	0.0190174326
chr12	chr19	blind_high_pmax_geometry_pair_flip	0	blind_posterior_reconstruction_geometry	631	0.103011094	0.251980983	0.0334261838	0.0190174326
chr12	chr19	blind_margin_geometry_pair_flip	0	blind_posterior_reconstruction_geometry	631	0.103011094	0.251980983	0.0334261838	0.0190174326
chr12	chrX	cis_selected_whole_chrom	0	cis_snp_truth_whole_chrom	320	0.20625	0.41875	0.181818182	0.05
chr12	chrX	pair_independent_trans_oracle	1	snp_truth_oracle	320	0.275	0.58125	0.238636364	0.065625
chr12	chrX	blind_geometry_nearest_pair_flip	0	blind_posterior_reconstruction_geometry	320	0.20625	0.41875	0.181818182	0.05
chr12	chrX	blind_posterior_geometry_agreement_pair_flip	0	blind_posterior_reconstruction_geometry	320	0.20625	0.41875	0.181818182	0.05
chr12	chrX	blind_high_pmax_geometry_pair_flip	0	blind_posterior_reconstruction_geometry	320	0.20625	0.41875	0.181818182	0.05
chr12	chrX	blind_margin_geometry_pair_flip	0	blind_posterior_reconstruction_geometry	320	0.20625	0.41875	0.181818182	0.05
chr13	chr14	cis_selected_whole_chrom	0	cis_snp_truth_whole_chrom	737	0.449118046	0.591587517	0.666666667	0.246947083
chr13	chr14	pair_independent_trans_oracle	0	snp_truth_oracle	737	0.449118046	0.591587517	0.666666667	0.246947083
chr13	chr14	blind_geometry_nearest_pair_flip	0	blind_posterior_reconstruction_geometry	737	0.449118046	0.591587517	0.666666667	0.246947083
chr13	chr14	blind_posterior_geometry_agreement_pair_flip	0	blind_posterior_reconstruction_geometry	737	0.449118046	0.591587517	0.666666667	0.246947083
chr13	chr14	blind_high_pmax_geometry_pair_flip	0	blind_posterior_reconstruction_geometry	737	0.449118046	0.591587517	0.666666667	0.246947083
chr13	chr14	blind_margin_geometry_pair_flip	0	blind_posterior_reconstruction_geometry	737	0.449118046	0.591587517	0.666666667	0.246947083
chr13	chr15	cis_selected_whole_chrom	0	cis_snp_truth_whole_chrom	395	0.316455696	0.46835443	0.30952381	0.0329113924
chr13	chr15	pair_independent_trans_oracle	0	snp_truth_oracle	395	0.316455696	0.46835443	0.30952381	0.0329113924
chr13	chr15	blind_geometry_nearest_pair_flip	0	blind_posterior_reconstruction_geometry	395	0.316455696	0.46835443	0.30952381	0.0329113924
chr13	chr15	blind_posterior_geometry_agreement_pair_flip	0	blind_posterior_reconstruction_geometry	395	0.316455696	0.46835443	0.30952381	0.0329113924
chr13	chr15	blind_high_pmax_geometry_pair_flip	0	blind_posterior_reconstruction_geometry	395	0.316455696	0.46835443	0.30952381	0.0329113924
chr13	chr15	blind_margin_geometry_pair_flip	0	blind_posterior_reconstruction_geometry	395	0.316455696	0.46835443	0.30952381	0.0329113924
chr13	chr16	cis_selected_whole_chrom	0	cis_snp_truth_whole_chrom	798	0.15037594	0.268170426	0.130116959	0.111528822
chr13	chr16	pair_independent_trans_oracle	1	snp_truth_oracle	798	0.595238095	0.731829574	0.649122807	0.556390977
chr13	chr16	blind_geometry_nearest_pair_flip	0	blind_posterior_reconstruction_geometry	798	0.15037594	0.268170426	0.130116959	0.111528822
chr13	chr16	blind_posterior_geometry_agreement_pair_flip	0	blind_posterior_reconstruction_geometry	798	0.15037594	0.268170426	0.130116959	0.111528822
chr13	chr16	blind_high_pmax_geometry_pair_flip	0	blind_posterior_reconstruction_geometry	798	0.15037594	0.268170426	0.130116959	0.111528822
chr13	chr16	blind_margin_geometry_pair_flip	0	blind_posterior_reconstruction_geometry	798	0.15037594	0.268170426	0.130116959	0.111528822
chr13	chr17	cis_selected_whole_chrom	0	cis_snp_truth_whole_chrom	960	0.595833333	0.73125	0.919308357	0.332291667
chr13	chr17	pair_independent_trans_oracle	0	snp_truth_oracle	960	0.595833333	0.73125	0.919308357	0.332291667
chr13	chr17	blind_geometry_nearest_pair_flip	0	blind_posterior_reconstruction_geometry	960	0.595833333	0.73125	0.919308357	0.332291667
chr13	chr17	blind_posterior_geometry_agreement_pair_flip	0	blind_posterior_reconstruction_geometry	960	0.595833333	0.73125	0.919308357	0.332291667
chr13	chr17	blind_high_pmax_geometry_pair_flip	0	blind_posterior_reconstruction_geometry	960	0.595833333	0.73125	0.919308357	0.332291667
chr13	chr17	blind_margin_geometry_pair_flip	0	blind_posterior_reconstruction_geometry	960	0.595833333	0.73125	0.919308357	0.332291667
chr13	chr18	cis_selected_whole_chrom	0	cis_snp_truth_whole_chrom	808	0.580445545	0.685643564	0.740181269	0.303217822
chr13	chr18	pair_independent_trans_oracle	0	snp_truth_oracle	808	0.580445545	0.685643564	0.740181269	0.303217822
chr13	chr18	blind_geometry_nearest_pair_flip	0	blind_posterior_reconstruction_geometry	808	0.580445545	0.685643564	0.740181269	0.303217822
chr13	chr18	blind_posterior_geometry_agreement_pair_flip	0	blind_posterior_reconstruction_geometry	808	0.580445545	0.685643564	0.740181269	0.303217822
chr13	chr18	blind_high_pmax_geometry_pair_flip	0	blind_posterior_reconstruction_geometry	808	0.580445545	0.685643564	0.740181269	0.303217822
chr13	chr18	blind_margin_geometry_pair_flip	0	blind_posterior_reconstruction_geometry	808	0.580445545	0.685643564	0.740181269	0.303217822
chr13	chr19	cis_selected_whole_chrom	0	cis_snp_truth_whole_chrom	833	0.211284514	0.290516206	0.1875	0.093637455
chr13	chr19	pair_independent_trans_oracle	1	snp_truth_oracle	833	0.62665066	0.709483794	0.771634615	0.385354142
chr13	chr19	blind_geometry_nearest_pair_flip	0	blind_posterior_reconstruction_geometry	833	0.211284514	0.290516206	0.1875	0.093637455
chr13	chr19	blind_posterior_geometry_agreement_pair_flip	0	blind_posterior_reconstruction_geometry	833	0.211284514	0.290516206	0.1875	0.093637455
chr13	chr19	blind_high_pmax_geometry_pair_flip	0	blind_posterior_reconstruction_geometry	833	0.211284514	0.290516206	0.1875	0.093637455
chr13	chr19	blind_margin_geometry_pair_flip	0	blind_posterior_reconstruction_geometry	833	0.211284514	0.290516206	0.1875	0.093637455
chr13	chrX	cis_selected_whole_chrom	0	cis_snp_truth_whole_chrom	462	0.4004329	0.603896104	0.503225806	0.168831169
chr13	chrX	pair_independent_trans_oracle	0	snp_truth_oracle	462	0.4004329	0.603896104	0.503225806	0.168831169
chr13	chrX	blind_geometry_nearest_pair_flip	0	blind_posterior_reconstruction_geometry	462	0.4004329	0.603896104	0.503225806	0.168831169
chr13	chrX	blind_posterior_geometry_agreement_pair_flip	0	blind_posterior_reconstruction_geometry	462	0.4004329	0.603896104	0.503225806	0.168831169
chr13	chrX	blind_high_pmax_geometry_pair_flip	0	blind_posterior_reconstruction_geometry	462	0.4004329	0.603896104	0.503225806	0.168831169
chr13	chrX	blind_margin_geometry_pair_flip	0	blind_posterior_reconstruction_geometry	462	0.4004329	0.603896104	0.503225806	0.168831169
chr14	chr15	cis_selected_whole_chrom	0	cis_snp_truth_whole_chrom	340	0.235294118	0.444117647	0.117647059	0.00588235294
chr14	chr15	pair_independent_trans_oracle	1	snp_truth_oracle	340	0.326470588	0.555882353	0.294117647	0.0147058824
chr14	chr15	blind_geometry_nearest_pair_flip	0	blind_posterior_reconstruction_geometry	340	0.235294118	0.444117647	0.117647059	0.00588235294
chr14	chr15	blind_posterior_geometry_agreement_pair_flip	0	blind_posterior_reconstruction_geometry	340	0.235294118	0.444117647	0.117647059	0.00588235294
chr14	chr15	blind_high_pmax_geometry_pair_flip	0	blind_posterior_reconstruction_geometry	340	0.235294118	0.444117647	0.117647059	0.00588235294
chr14	chr15	blind_margin_geometry_pair_flip	0	blind_posterior_reconstruction_geometry	340	0.235294118	0.444117647	0.117647059	0.00588235294
chr14	chr16	cis_selected_whole_chrom	0	cis_snp_truth_whole_chrom	334	0.281437126	0.535928144	0.287234043	0.0808383234
chr14	chr16	pair_independent_trans_oracle	0	snp_truth_oracle	334	0.281437126	0.535928144	0.287234043	0.0808383234
chr14	chr16	blind_geometry_nearest_pair_flip	0	blind_posterior_reconstruction_geometry	334	0.281437126	0.535928144	0.287234043	0.0808383234
chr14	chr16	blind_posterior_geometry_agreement_pair_flip	0	blind_posterior_reconstruction_geometry	334	0.281437126	0.535928144	0.287234043	0.0808383234
chr14	chr16	blind_high_pmax_geometry_pair_flip	0	blind_posterior_reconstruction_geometry	334	0.281437126	0.535928144	0.287234043	0.0808383234
chr14	chr16	blind_margin_geometry_pair_flip	0	blind_posterior_reconstruction_geometry	334	0.281437126	0.535928144	0.287234043	0.0808383234
chr14	chr17	cis_selected_whole_chrom	0	cis_snp_truth_whole_chrom	260	0.292307692	0.476923077	0.309210526	0.180769231
chr14	chr17	pair_independent_trans_oracle	0	snp_truth_oracle	260	0.292307692	0.476923077	0.309210526	0.180769231
chr14	chr17	blind_geometry_nearest_pair_flip	0	blind_posterior_reconstruction_geometry	260	0.292307692	0.476923077	0.309210526	0.180769231
chr14	chr17	blind_posterior_geometry_agreement_pair_flip	0	blind_posterior_reconstruction_geometry	260	0.292307692	0.476923077	0.309210526	0.180769231
chr14	chr17	blind_high_pmax_geometry_pair_flip	0	blind_posterior_reconstruction_geometry	260	0.292307692	0.476923077	0.309210526	0.180769231
chr14	chr17	blind_margin_geometry_pair_flip	0	blind_posterior_reconstruction_geometry	260	0.292307692	0.476923077	0.309210526	0.180769231
chr14	chr18	cis_selected_whole_chrom	0	cis_snp_truth_whole_chrom	681	0.522760646	0.723935389	0.840740741	0.333333333
chr14	chr18	pair_independent_trans_oracle	0	snp_truth_oracle	681	0.522760646	0.723935389	0.840740741	0.333333333
chr14	chr18	blind_geometry_nearest_pair_flip	0	blind_posterior_reconstruction_geometry	681	0.522760646	0.723935389	0.840740741	0.333333333
chr14	chr18	blind_posterior_geometry_agreement_pair_flip	0	blind_posterior_reconstruction_geometry	681	0.522760646	0.723935389	0.840740741	0.333333333
chr14	chr18	blind_high_pmax_geometry_pair_flip	0	blind_posterior_reconstruction_geometry	681	0.522760646	0.723935389	0.840740741	0.333333333
chr14	chr18	blind_margin_geometry_pair_flip	0	blind_posterior_reconstruction_geometry	681	0.522760646	0.723935389	0.840740741	0.333333333
chr14	chr19	cis_selected_whole_chrom	0	cis_snp_truth_whole_chrom	431	0.317865429	0.591647332	0.580357143	0.150812065
chr14	chr19	pair_independent_trans_oracle	0	snp_truth_oracle	431	0.317865429	0.591647332	0.580357143	0.150812065
chr14	chr19	blind_geometry_nearest_pair_flip	0	blind_posterior_reconstruction_geometry	431	0.317865429	0.591647332	0.580357143	0.150812065
chr14	chr19	blind_posterior_geometry_agreement_pair_flip	0	blind_posterior_reconstruction_geometry	431	0.317865429	0.591647332	0.580357143	0.150812065
chr14	chr19	blind_high_pmax_geometry_pair_flip	0	blind_posterior_reconstruction_geometry	431	0.317865429	0.591647332	0.580357143	0.150812065
chr14	chr19	blind_margin_geometry_pair_flip	0	blind_posterior_reconstruction_geometry	431	0.317865429	0.591647332	0.580357143	0.150812065
chr14	chrX	cis_selected_whole_chrom	0	cis_snp_truth_whole_chrom	244	0.25	0.475409836	0.157894737	0.012295082
chr14	chrX	pair_independent_trans_oracle	1	snp_truth_oracle	244	0.266393443	0.524590164	0.157894737	0.012295082
chr14	chrX	blind_geometry_nearest_pair_flip	0	blind_posterior_reconstruction_geometry	244	0.25	0.475409836	0.157894737	0.012295082
chr14	chrX	blind_posterior_geometry_agreement_pair_flip	0	blind_posterior_reconstruction_geometry	244	0.25	0.475409836	0.157894737	0.012295082
chr14	chrX	blind_high_pmax_geometry_pair_flip	0	blind_posterior_reconstruction_geometry	244	0.25	0.475409836	0.157894737	0.012295082
chr14	chrX	blind_margin_geometry_pair_flip	0	blind_posterior_reconstruction_geometry	244	0.25	0.475409836	0.157894737	0.012295082
chr15	chr16	cis_selected_whole_chrom	0	cis_snp_truth_whole_chrom	331	0.29305136	0.483383686	0.254385965	0.0876132931
chr15	chr16	pair_independent_trans_oracle	0	snp_truth_oracle	331	0.29305136	0.483383686	0.254385965	0.0876132931
chr15	chr16	blind_geometry_nearest_pair_flip	0	blind_posterior_reconstruction_geometry	331	0.29305136	0.483383686	0.254385965	0.0876132931
chr15	chr16	blind_posterior_geometry_agreement_pair_flip	0	blind_posterior_reconstruction_geometry	331	0.29305136	0.483383686	0.254385965	0.0876132931
chr15	chr16	blind_high_pmax_geometry_pair_flip	0	blind_posterior_reconstruction_geometry	331	0.29305136	0.483383686	0.254385965	0.0876132931
chr15	chr16	blind_margin_geometry_pair_flip	0	blind_posterior_reconstruction_geometry	331	0.29305136	0.483383686	0.254385965	0.0876132931
chr15	chr17	cis_selected_whole_chrom	0	cis_snp_truth_whole_chrom	904	0.0984513274	0.16039823	0.0625909753	0.0475663717
chr15	chr17	pair_independent_trans_oracle	1	snp_truth_oracle	904	0.565265487	0.83960177	0.593886463	0.451327434
chr15	chr17	blind_geometry_nearest_pair_flip	0	blind_posterior_reconstruction_geometry	904	0.0984513274	0.16039823	0.0625909753	0.0475663717
chr15	chr17	blind_posterior_geometry_agreement_pair_flip	0	blind_posterior_reconstruction_geometry	904	0.0984513274	0.16039823	0.0625909753	0.0475663717
chr15	chr17	blind_high_pmax_geometry_pair_flip	0	blind_posterior_reconstruction_geometry	904	0.0984513274	0.16039823	0.0625909753	0.0475663717
chr15	chr17	blind_margin_geometry_pair_flip	0	blind_posterior_reconstruction_geometry	904	0.0984513274	0.16039823	0.0625909753	0.0475663717
chr15	chr18	cis_selected_whole_chrom	0	cis_snp_truth_whole_chrom	830	0.113253012	0.172289157	0.0942812983	0.0734939759
chr15	chr18	pair_independent_trans_oracle	1	snp_truth_oracle	830	0.707228916	0.827710843	0.786707883	0.613253012
chr15	chr18	blind_geometry_nearest_pair_flip	0	blind_posterior_reconstruction_geometry	830	0.113253012	0.172289157	0.0942812983	0.0734939759
chr15	chr18	blind_posterior_geometry_agreement_pair_flip	0	blind_posterior_reconstruction_geometry	830	0.113253012	0.172289157	0.0942812983	0.0734939759
chr15	chr18	blind_high_pmax_geometry_pair_flip	0	blind_posterior_reconstruction_geometry	830	0.113253012	0.172289157	0.0942812983	0.0734939759
chr15	chr18	blind_margin_geometry_pair_flip	0	blind_posterior_reconstruction_geometry	830	0.113253012	0.172289157	0.0942812983	0.0734939759
chr15	chr19	cis_selected_whole_chrom	0	cis_snp_truth_whole_chrom	390	0.130769231	0.305128205	0.0470588235	0.0205128205
chr15	chr19	pair_independent_trans_oracle	0	snp_truth_oracle	390	0.130769231	0.305128205	0.0470588235	0.0205128205
chr15	chr19	blind_geometry_nearest_pair_flip	0	blind_posterior_reconstruction_geometry	390	0.130769231	0.305128205	0.0470588235	0.0205128205
chr15	chr19	blind_posterior_geometry_agreement_pair_flip	0	blind_posterior_reconstruction_geometry	390	0.130769231	0.305128205	0.0470588235	0.0205128205
chr15	chr19	blind_high_pmax_geometry_pair_flip	0	blind_posterior_reconstruction_geometry	390	0.130769231	0.305128205	0.0470588235	0.0205128205
chr15	chr19	blind_margin_geometry_pair_flip	0	blind_posterior_reconstruction_geometry	390	0.130769231	0.305128205	0.0470588235	0.0205128205
chr15	chrX	cis_selected_whole_chrom	0	cis_snp_truth_whole_chrom	257	0.221789883	0.482490272	0.248803828	0.20233463
chr15	chrX	pair_independent_trans_oracle	1	snp_truth_oracle	257	0.3307393	0.517509728	0.330143541	0.26848249
chr15	chrX	blind_geometry_nearest_pair_flip	0	blind_posterior_reconstruction_geometry	257	0.221789883	0.482490272	0.248803828	0.20233463
chr15	chrX	blind_posterior_geometry_agreement_pair_flip	0	blind_posterior_reconstruction_geometry	257	0.221789883	0.482490272	0.248803828	0.20233463
chr15	chrX	blind_high_pmax_geometry_pair_flip	0	blind_posterior_reconstruction_geometry	257	0.221789883	0.482490272	0.248803828	0.20233463
chr15	chrX	blind_margin_geometry_pair_flip	0	blind_posterior_reconstruction_geometry	257	0.221789883	0.482490272	0.248803828	0.20233463
chr16	chr17	cis_selected_whole_chrom	0	cis_snp_truth_whole_chrom	310	0.225806452	0.483870968	0.111111111	0.0064516129
chr16	chr17	pair_independent_trans_oracle	1	snp_truth_oracle	310	0.329032258	0.516129032	0.722222222	0.0419354839
chr16	chr17	blind_geometry_nearest_pair_flip	0	blind_posterior_reconstruction_geometry	310	0.225806452	0.483870968	0.111111111	0.0064516129
chr16	chr17	blind_posterior_geometry_agreement_pair_flip	0	blind_posterior_reconstruction_geometry	310	0.225806452	0.483870968	0.111111111	0.0064516129
chr16	chr17	blind_high_pmax_geometry_pair_flip	0	blind_posterior_reconstruction_geometry	310	0.225806452	0.483870968	0.111111111	0.0064516129
chr16	chr17	blind_margin_geometry_pair_flip	0	blind_posterior_reconstruction_geometry	310	0.225806452	0.483870968	0.111111111	0.0064516129
chr16	chr18	cis_selected_whole_chrom	0	cis_snp_truth_whole_chrom	1135	0.729515419	0.826431718	0.887287025	0.596475771
chr16	chr18	pair_independent_trans_oracle	0	snp_truth_oracle	1135	0.729515419	0.826431718	0.887287025	0.596475771
chr16	chr18	blind_geometry_nearest_pair_flip	0	blind_posterior_reconstruction_geometry	1135	0.729515419	0.826431718	0.887287025	0.596475771
chr16	chr18	blind_posterior_geometry_agreement_pair_flip	0	blind_posterior_reconstruction_geometry	1135	0.729515419	0.826431718	0.887287025	0.596475771
chr16	chr18	blind_high_pmax_geometry_pair_flip	0	blind_posterior_reconstruction_geometry	1135	0.729515419	0.826431718	0.887287025	0.596475771
chr16	chr18	blind_margin_geometry_pair_flip	0	blind_posterior_reconstruction_geometry	1135	0.729515419	0.826431718	0.887287025	0.596475771
chr16	chr19	cis_selected_whole_chrom	0	cis_snp_truth_whole_chrom	534	0.260299625	0.359550562	0.256756757	0.142322097
chr16	chr19	pair_independent_trans_oracle	0	snp_truth_oracle	534	0.260299625	0.359550562	0.256756757	0.142322097
chr16	chr19	blind_geometry_nearest_pair_flip	0	blind_posterior_reconstruction_geometry	534	0.260299625	0.359550562	0.256756757	0.142322097
chr16	chr19	blind_posterior_geometry_agreement_pair_flip	0	blind_posterior_reconstruction_geometry	534	0.260299625	0.359550562	0.256756757	0.142322097
chr16	chr19	blind_high_pmax_geometry_pair_flip	0	blind_posterior_reconstruction_geometry	534	0.260299625	0.359550562	0.256756757	0.142322097
chr16	chr19	blind_margin_geometry_pair_flip	0	blind_posterior_reconstruction_geometry	534	0.260299625	0.359550562	0.256756757	0.142322097
chr16	chrX	cis_selected_whole_chrom	0	cis_snp_truth_whole_chrom	222	0.211711712	0.5	0	0
chr16	chrX	pair_independent_trans_oracle	1	snp_truth_oracle	222	0.27027027	0.5	0	0
chr16	chrX	blind_geometry_nearest_pair_flip	0	blind_posterior_reconstruction_geometry	222	0.211711712	0.5	0	0
chr16	chrX	blind_posterior_geometry_agreement_pair_flip	0	blind_posterior_reconstruction_geometry	222	0.211711712	0.5	0	0
chr16	chrX	blind_high_pmax_geometry_pair_flip	0	blind_posterior_reconstruction_geometry	222	0.211711712	0.5	0	0
chr16	chrX	blind_margin_geometry_pair_flip	0	blind_posterior_reconstruction_geometry	222	0.211711712	0.5	0	0
chr17	chr18	cis_selected_whole_chrom	0	cis_snp_truth_whole_chrom	282	0.273049645	0.517730496	0.166666667	0.00709219858
chr17	chr18	pair_independent_trans_oracle	0	snp_truth_oracle	282	0.273049645	0.517730496	0.166666667	0.00709219858
chr17	chr18	blind_geometry_nearest_pair_flip	0	blind_posterior_reconstruction_geometry	282	0.273049645	0.517730496	0.166666667	0.00709219858
chr17	chr18	blind_posterior_geometry_agreement_pair_flip	0	blind_posterior_reconstruction_geometry	282	0.273049645	0.517730496	0.166666667	0.00709219858
chr17	chr18	blind_high_pmax_geometry_pair_flip	0	blind_posterior_reconstruction_geometry	282	0.273049645	0.517730496	0.166666667	0.00709219858
chr17	chr18	blind_margin_geometry_pair_flip	0	blind_posterior_reconstruction_geometry	282	0.273049645	0.517730496	0.166666667	0.00709219858
chr17	chr19	cis_selected_whole_chrom	0	cis_snp_truth_whole_chrom	426	0.178403756	0.302816901	0.156862745	0.112676056
chr17	chr19	pair_independent_trans_oracle	1	snp_truth_oracle	426	0.563380282	0.697183099	0.62745098	0.450704225
chr17	chr19	blind_geometry_nearest_pair_flip	0	blind_posterior_reconstruction_geometry	426	0.178403756	0.302816901	0.156862745	0.112676056
chr17	chr19	blind_posterior_geometry_agreement_pair_flip	0	blind_posterior_reconstruction_geometry	426	0.178403756	0.302816901	0.156862745	0.112676056
chr17	chr19	blind_high_pmax_geometry_pair_flip	0	blind_posterior_reconstruction_geometry	426	0.178403756	0.302816901	0.156862745	0.112676056
chr17	chr19	blind_margin_geometry_pair_flip	0	blind_posterior_reconstruction_geometry	426	0.178403756	0.302816901	0.156862745	0.112676056
chr17	chrX	cis_selected_whole_chrom	0	cis_snp_truth_whole_chrom	550	0.627272727	0.750909091	0.806748466	0.478181818
chr17	chrX	pair_independent_trans_oracle	0	snp_truth_oracle	550	0.627272727	0.750909091	0.806748466	0.478181818
chr17	chrX	blind_geometry_nearest_pair_flip	0	blind_posterior_reconstruction_geometry	550	0.627272727	0.750909091	0.806748466	0.478181818
chr17	chrX	blind_posterior_geometry_agreement_pair_flip	0	blind_posterior_reconstruction_geometry	550	0.627272727	0.750909091	0.806748466	0.478181818
chr17	chrX	blind_high_pmax_geometry_pair_flip	0	blind_posterior_reconstruction_geometry	550	0.627272727	0.750909091	0.806748466	0.478181818
chr17	chrX	blind_margin_geometry_pair_flip	0	blind_posterior_reconstruction_geometry	550	0.627272727	0.750909091	0.806748466	0.478181818
chr18	chr19	cis_selected_whole_chrom	0	cis_snp_truth_whole_chrom	450	0.566666667	0.673333333	0.916666667	0.342222222
chr18	chr19	pair_independent_trans_oracle	0	snp_truth_oracle	450	0.566666667	0.673333333	0.916666667	0.342222222
chr18	chr19	blind_geometry_nearest_pair_flip	0	blind_posterior_reconstruction_geometry	450	0.566666667	0.673333333	0.916666667	0.342222222
chr18	chr19	blind_posterior_geometry_agreement_pair_flip	0	blind_posterior_reconstruction_geometry	450	0.566666667	0.673333333	0.916666667	0.342222222
chr18	chr19	blind_high_pmax_geometry_pair_flip	0	blind_posterior_reconstruction_geometry	450	0.566666667	0.673333333	0.916666667	0.342222222
chr18	chr19	blind_margin_geometry_pair_flip	0	blind_posterior_reconstruction_geometry	450	0.566666667	0.673333333	0.916666667	0.342222222
chr18	chrX	cis_selected_whole_chrom	0	cis_snp_truth_whole_chrom	209	0.296650718	0.516746411	0.274193548	0.0813397129
chr18	chrX	pair_independent_trans_oracle	0	snp_truth_oracle	209	0.296650718	0.516746411	0.274193548	0.0813397129
chr18	chrX	blind_geometry_nearest_pair_flip	0	blind_posterior_reconstruction_geometry	209	0.296650718	0.516746411	0.274193548	0.0813397129
chr18	chrX	blind_posterior_geometry_agreement_pair_flip	0	blind_posterior_reconstruction_geometry	209	0.296650718	0.516746411	0.274193548	0.0813397129
chr18	chrX	blind_high_pmax_geometry_pair_flip	0	blind_posterior_reconstruction_geometry	209	0.296650718	0.516746411	0.274193548	0.0813397129
chr18	chrX	blind_margin_geometry_pair_flip	0	blind_posterior_reconstruction_geometry	209	0.296650718	0.516746411	0.274193548	0.0813397129
chr19	chrX	cis_selected_whole_chrom	0	cis_snp_truth_whole_chrom	143	0.230769231	0.447552448	0.181818182	0.027972028
chr19	chrX	pair_independent_trans_oracle	0	snp_truth_oracle	143	0.230769231	0.447552448	0.181818182	0.027972028
chr19	chrX	blind_geometry_nearest_pair_flip	0	blind_posterior_reconstruction_geometry	143	0.230769231	0.447552448	0.181818182	0.027972028
chr19	chrX	blind_posterior_geometry_agreement_pair_flip	0	blind_posterior_reconstruction_geometry	143	0.230769231	0.447552448	0.181818182	0.027972028
chr19	chrX	blind_high_pmax_geometry_pair_flip	0	blind_posterior_reconstruction_geometry	143	0.230769231	0.447552448	0.181818182	0.027972028
chr19	chrX	blind_margin_geometry_pair_flip	0	blind_posterior_reconstruction_geometry	143	0.230769231	0.447552448	0.181818182	0.027972028
