config_name	policy	chrom1	chrom2	all_score0	all_score1	all_score2	all_score3	split_a_score0	split_a_score1	split_a_score2	split_a_score3	split_b_score0	split_b_score1	split_b_score2	split_b_score3	all_selected_swap_code	split_a_selected_swap_code	split_b_selected_swap_code	split_agree
p9016_pcgamma1_td0p5_mstep1_p1_w0_sep0	geom_nearest_gap	chr1	chr10	3037.11537	0	0	0	1507.8123	0	0	0	1529.30307	0	0	0	0	0	0	1
p9016_pcgamma1_td0p5_mstep1_p1_w0_sep0	geom_nearest_gap	chr1	chr11	15127.9861	0	0	0	7345.19094	0	0	0	7782.79515	0	0	0	0	0	0	1
p9016_pcgamma1_td0p5_mstep1_p1_w0_sep0	geom_nearest_gap	chr1	chr12	6888.10392	0	0	0	3646.24079	0	0	0	3241.86313	0	0	0	0	0	0	1
p9016_pcgamma1_td0p5_mstep1_p1_w0_sep0	geom_nearest_gap	chr1	chr13	6341.55405	0	0	0	3120.77188	0	0	0	3220.78217	0	0	0	0	0	0	1
p9016_pcgamma1_td0p5_mstep1_p1_w0_sep0	geom_nearest_gap	chr1	chr14	5459.48068	0	0	0	2720.71456	0	0	0	2738.76612	0	0	0	0	0	0	1
p9016_pcgamma1_td0p5_mstep1_p1_w0_sep0	geom_nearest_gap	chr1	chr15	7423.99775	0	0	0	3712.92282	0	0	0	3711.07493	0	0	0	0	0	0	1
p9016_pcgamma1_td0p5_mstep1_p1_w0_sep0	geom_nearest_gap	chr1	chr16	2112.1994	0	0	0	1058.03849	0	0	0	1054.1609	0	0	0	0	0	0	1
p9016_pcgamma1_td0p5_mstep1_p1_w0_sep0	geom_nearest_gap	chr1	chr17	7114.09362	0	0.113890199	0	3356.5768	0	0.113890199	0	3757.51682	0	0	0	0	0	0	1
p9016_pcgamma1_td0p5_mstep1_p1_w0_sep0	geom_nearest_gap	chr1	chr18	2675.61647	0	0	0	1240.33461	0	0	0	1435.28186	0	0	0	0	0	0	1
p9016_pcgamma1_td0p5_mstep1_p1_w0_sep0	geom_nearest_gap	chr1	chr19	3270.68021	0	0	0	1658.02844	0	0	0	1612.65177	0	0	0	0	0	0	1
p9016_pcgamma1_td0p5_mstep1_p1_w0_sep0	geom_nearest_gap	chr1	chr2	6392.1997	0	0	0.00913927387	3029.68864	0	0	0	3362.51107	0	0	0.00913927387	0	0	0	1
p9016_pcgamma1_td0p5_mstep1_p1_w0_sep0	geom_nearest_gap	chr1	chr3	10117.4188	0	0	0	5127.04141	0	0	0	4990.37739	0	0	0	0	0	0	1
p9016_pcgamma1_td0p5_mstep1_p1_w0_sep0	geom_nearest_gap	chr1	chr4	8352.00603	0	0	0	4116.50508	0	0	0	4235.50095	0	0	0	0	0	0	1
p9016_pcgamma1_td0p5_mstep1_p1_w0_sep0	geom_nearest_gap	chr1	chr5	3320.64186	0	0	0	1695.63373	0	0	0	1625.00813	0	0	0	0	0	0	1
p9016_pcgamma1_td0p5_mstep1_p1_w0_sep0	geom_nearest_gap	chr1	chr6	11189.3147	0	0.351064677	0	5401.54682	0	0.351064677	0	5787.76786	0	0	0	0	0	0	1
p9016_pcgamma1_td0p5_mstep1_p1_w0_sep0	geom_nearest_gap	chr1	chr7	9746.93647	0	0	0	4998.44941	0	0	0	4748.48706	0	0	0	0	0	0	1
p9016_pcgamma1_td0p5_mstep1_p1_w0_sep0	geom_nearest_gap	chr1	chr8	20563.0262	0	0	0	10837.4547	0	0	0	9725.57151	0	0	0	0	0	0	1
p9016_pcgamma1_td0p5_mstep1_p1_w0_sep0	geom_nearest_gap	chr1	chr9	6441.002	0	0	1.84691443	3182.84264	0	0	0.182088937	3258.15937	0	0	1.6648255	0	0	0	1
p9016_pcgamma1_td0p5_mstep1_p1_w0_sep0	geom_nearest_gap	chr1	chrX	10414.071	0.248616746	0	0	5355.59395	0.0643751103	0	0	5058.47708	0.184241635	0	0	0	0	0	1
p9016_pcgamma1_td0p5_mstep1_p1_w0_sep0	geom_nearest_gap	chr10	chr11	1894.5168	0	0	0	939.016824	0	0	0	955.499977	0	0	0	0	0	0	1
p9016_pcgamma1_td0p5_mstep1_p1_w0_sep0	geom_nearest_gap	chr10	chr12	6635.02915	0	0	0	3764.44556	0	0	0	2870.58358	0	0	0	0	0	0	1
p9016_pcgamma1_td0p5_mstep1_p1_w0_sep0	geom_nearest_gap	chr10	chr13	3971.45283	0	0	0	1962.88513	0	0	0	2008.5677	0	0	0	0	0	0	1
p9016_pcgamma1_td0p5_mstep1_p1_w0_sep0	geom_nearest_gap	chr10	chr14	1315.77261	0	0	0.0567728421	665.241496	0	0	0.0567728421	650.531116	0	0	0	0	0	0	1
p9016_pcgamma1_td0p5_mstep1_p1_w0_sep0	geom_nearest_gap	chr10	chr15	5898.27383	0	0	0.41103633	2827.43563	0	0	0	3070.8382	0	0	0.41103633	0	0	0	1
p9016_pcgamma1_td0p5_mstep1_p1_w0_sep0	geom_nearest_gap	chr10	chr16	8143.30203	0	0	0	3868.08644	0	0	0	4275.21559	0	0	0	0	0	0	1
p9016_pcgamma1_td0p5_mstep1_p1_w0_sep0	geom_nearest_gap	chr10	chr17	5660.40019	0	0	0	2983.4494	0	0	0	2676.95079	0	0	0	0	0	0	1
p9016_pcgamma1_td0p5_mstep1_p1_w0_sep0	geom_nearest_gap	chr10	chr18	2581.58374	0	0	0	1294.29977	0	0	0	1287.28397	0	0	0	0	0	0	1
p9016_pcgamma1_td0p5_mstep1_p1_w0_sep0	geom_nearest_gap	chr10	chr19	780.455906	0	0	0.514943108	365.071379	0	0	0.380666775	415.384527	0	0	0.134276333	0	0	0	1
p9016_pcgamma1_td0p5_mstep1_p1_w0_sep0	geom_nearest_gap	chr10	chrX	3039.88917	0	0	0	1553.97275	0	0	0	1485.91642	0	0	0	0	0	0	1
p9016_pcgamma1_td0p5_mstep1_p1_w0_sep0	geom_nearest_gap	chr11	chr12	7648.70139	0	0	0	3849.6478	0	0	0	3799.05359	0	0	0	0	0	0	1
p9016_pcgamma1_td0p5_mstep1_p1_w0_sep0	geom_nearest_gap	chr11	chr13	8984.15746	0	0	0	4539.65461	0	0	0	4444.50284	0	0	0	0	0	0	1
p9016_pcgamma1_td0p5_mstep1_p1_w0_sep0	geom_nearest_gap	chr11	chr14	9523.46935	0	0	0	4730.36195	0	0	0	4793.1074	0	0	0	0	0	0	1
p9016_pcgamma1_td0p5_mstep1_p1_w0_sep0	geom_nearest_gap	chr11	chr15	3851.35474	0	0	0	1854.39862	0	0	0	1996.95612	0	0	0	0	0	0	1
p9016_pcgamma1_td0p5_mstep1_p1_w0_sep0	geom_nearest_gap	chr11	chr16	3251.51883	0	0	0	1613.70985	0	0	0	1637.80898	0	0	0	0	0	0	1
p9016_pcgamma1_td0p5_mstep1_p1_w0_sep0	geom_nearest_gap	chr11	chr17	3419.09263	0	0	0	1693.0629	0	0	0	1726.02973	0	0	0	0	0	0	1
p9016_pcgamma1_td0p5_mstep1_p1_w0_sep0	geom_nearest_gap	chr11	chr18	2248.28859	0	0	0	1171.14797	0	0	0	1077.14062	0	0	0	0	0	0	1
p9016_pcgamma1_td0p5_mstep1_p1_w0_sep0	geom_nearest_gap	chr11	chr19	7674.71408	0	0	0	3884.13479	0	0	0	3790.57928	0	0	0	0	0	0	1
p9016_pcgamma1_td0p5_mstep1_p1_w0_sep0	geom_nearest_gap	chr11	chrX	5909.14516	0	0	0.778406039	3126.96336	0	0	0.520056017	2782.18179	0	0	0.258350023	0	0	0	1
p9016_pcgamma1_td0p5_mstep1_p1_w0_sep0	geom_nearest_gap	chr12	chr13	14402.0309	0	0	0	6934.44831	0	0	0	7467.58257	0	0	0	0	0	0	1
p9016_pcgamma1_td0p5_mstep1_p1_w0_sep0	geom_nearest_gap	chr12	chr14	1543.61287	0	0	0	764.950891	0	0	0	778.661977	0	0	0	0	0	0	1
p9016_pcgamma1_td0p5_mstep1_p1_w0_sep0	geom_nearest_gap	chr12	chr15	9742.01054	0	0	1.22278537	4811.16758	0	0	0	4930.84295	0	0	1.22278537	0	0	0	1
p9016_pcgamma1_td0p5_mstep1_p1_w0_sep0	geom_nearest_gap	chr12	chr16	3759.18475	0	0	0	1948.42335	0	0	0	1810.7614	0	0	0	0	0	0	1
p9016_pcgamma1_td0p5_mstep1_p1_w0_sep0	geom_nearest_gap	chr12	chr17	4070.42339	0	0	0	2225.44369	0	0	0	1844.9797	0	0	0	0	0	0	1
p9016_pcgamma1_td0p5_mstep1_p1_w0_sep0	geom_nearest_gap	chr12	chr18	1591.39503	0	0	0	675.114086	0	0	0	916.280944	0	0	0	0	0	0	1
p9016_pcgamma1_td0p5_mstep1_p1_w0_sep0	geom_nearest_gap	chr12	chr19	5445.92737	0	0	0	2157.55957	0	0	0	3288.3678	0	0	0	0	0	0	1
p9016_pcgamma1_td0p5_mstep1_p1_w0_sep0	geom_nearest_gap	chr12	chrX	4103.95689	0	0	0	2127.48705	0	0	0	1976.46983	0	0	0	0	0	0	1
p9016_pcgamma1_td0p5_mstep1_p1_w0_sep0	geom_nearest_gap	chr13	chr14	1965.9977	0	0	6.11278925	921.560309	0	0	3.92384463	1044.43739	0	0	2.18894463	0	0	0	1
p9016_pcgamma1_td0p5_mstep1_p1_w0_sep0	geom_nearest_gap	chr13	chr15	2460.25188	0	0	0	1220.38204	0	0	0	1239.86984	0	0	0	0	0	0	1
p9016_pcgamma1_td0p5_mstep1_p1_w0_sep0	geom_nearest_gap	chr13	chr16	3736.3786	0	0	0	1868.40867	0	0	0	1867.96993	0	0	0	0	0	0	1
p9016_pcgamma1_td0p5_mstep1_p1_w0_sep0	geom_nearest_gap	chr13	chr17	5760.1519	0	0	0	2875.30257	0	0	0	2884.84933	0	0	0	0	0	0	1
p9016_pcgamma1_td0p5_mstep1_p1_w0_sep0	geom_nearest_gap	chr13	chr18	4870.48411	0	0	3.54679066	2256.58461	0	0	2.81044105	2613.8995	0	0	0.736349613	0	0	0	1
p9016_pcgamma1_td0p5_mstep1_p1_w0_sep0	geom_nearest_gap	chr13	chr19	2581.33936	0	0	115.563035	1079.8194	0	0	66.7215123	1501.51996	0	0	48.8415231	0	0	0	1
p9016_pcgamma1_td0p5_mstep1_p1_w0_sep0	geom_nearest_gap	chr13	chrX	5290.72103	0	0	0	2711.06225	0	0	0	2579.65878	0	0	0	0	0	0	1
p9016_pcgamma1_td0p5_mstep1_p1_w0_sep0	geom_nearest_gap	chr14	chr15	825.768782	0	0	0	428.229783	0	0	0	397.538999	0	0	0	0	0	0	1
p9016_pcgamma1_td0p5_mstep1_p1_w0_sep0	geom_nearest_gap	chr14	chr16	1002.34436	0	0	0	513.29467	0	0	0	489.049692	0	0	0	0	0	0	1
p9016_pcgamma1_td0p5_mstep1_p1_w0_sep0	geom_nearest_gap	chr14	chr17	976.926023	0	0	0	487.118058	0	0	0	489.807966	0	0	0	0	0	0	1
p9016_pcgamma1_td0p5_mstep1_p1_w0_sep0	geom_nearest_gap	chr14	chr18	3130.66868	0	0	1.54988679	1513.25153	0	0	0.325911766	1617.41715	0	0	1.22397503	0	0	0	1
p9016_pcgamma1_td0p5_mstep1_p1_w0_sep0	geom_nearest_gap	chr14	chr19	1391.45878	0	0	8.70095839	734.121078	0	0	4.00816394	657.3377	0	0	4.69279445	0	0	0	1
p9016_pcgamma1_td0p5_mstep1_p1_w0_sep0	geom_nearest_gap	chr14	chrX	1147.27679	0	0	0	586.6747	0	0	0	560.602091	0	0	0	0	0	0	1
p9016_pcgamma1_td0p5_mstep1_p1_w0_sep0	geom_nearest_gap	chr15	chr16	2062.15868	0	0	0	1130.04467	0	0	0	932.114008	0	0	0	0	0	0	1
p9016_pcgamma1_td0p5_mstep1_p1_w0_sep0	geom_nearest_gap	chr15	chr17	6682.51043	0	0	0	3483.28869	0	0	0	3199.22174	0	0	0	0	0	0	1
p9016_pcgamma1_td0p5_mstep1_p1_w0_sep0	geom_nearest_gap	chr15	chr18	6081.73314	0	0	0	2904.94956	0	0	0	3176.78358	0	0	0	0	0	0	1
p9016_pcgamma1_td0p5_mstep1_p1_w0_sep0	geom_nearest_gap	chr15	chr19	2985.27024	0	0	0	1533.12839	0	0	0	1452.14185	0	0	0	0	0	0	1
p9016_pcgamma1_td0p5_mstep1_p1_w0_sep0	geom_nearest_gap	chr15	chrX	3168.86285	0	0	0	1664.19241	0	0	0	1504.67044	0	0	0	0	0	0	1
p9016_pcgamma1_td0p5_mstep1_p1_w0_sep0	geom_nearest_gap	chr16	chr17	1381.15019	0	0	0	728.940689	0	0	0	652.209499	0	0	0	0	0	0	1
p9016_pcgamma1_td0p5_mstep1_p1_w0_sep0	geom_nearest_gap	chr16	chr18	8960.59881	0	0	0	4123.09762	0	0	0	4837.5012	0	0	0	0	0	0	1
p9016_pcgamma1_td0p5_mstep1_p1_w0_sep0	geom_nearest_gap	chr16	chr19	2195.87319	2.48769848	0	0	1003.76742	0.435385083	0	0	1192.10577	2.0523134	0	0	0	0	0	1
p9016_pcgamma1_td0p5_mstep1_p1_w0_sep0	geom_nearest_gap	chr16	chrX	1292.84026	0	0	0	672.29011	0	0	0	620.550146	0	0	0	0	0	0	1
p9016_pcgamma1_td0p5_mstep1_p1_w0_sep0	geom_nearest_gap	chr17	chr18	834.224618	0	0	0	429.274742	0	0	0	404.949876	0	0	0	0	0	0	1
p9016_pcgamma1_td0p5_mstep1_p1_w0_sep0	geom_nearest_gap	chr17	chr19	4120.83289	0	0	0	1896.92546	0	0	0	2223.90743	0	0	0	0	0	0	1
p9016_pcgamma1_td0p5_mstep1_p1_w0_sep0	geom_nearest_gap	chr17	chrX	5280.47537	0	0	0	2431.38401	0	0	0	2849.09136	0	0	0	0	0	0	1
p9016_pcgamma1_td0p5_mstep1_p1_w0_sep0	geom_nearest_gap	chr18	chr19	1494.0593	0	0	6.95953196	706.453316	0	0	2.43629146	787.605982	0	0	4.52324049	0	0	0	1
p9016_pcgamma1_td0p5_mstep1_p1_w0_sep0	geom_nearest_gap	chr18	chrX	826.945965	0	0	0	419.725644	0	0	0	407.220321	0	0	0	0	0	0	1
p9016_pcgamma1_td0p5_mstep1_p1_w0_sep0	geom_nearest_gap	chr19	chrX	1432.74217	0	0	0	676.066547	0	0	0	756.675627	0	0	0	0	0	0	1
p9016_pcgamma1_td0p5_mstep1_p1_w0_sep0	geom_nearest_gap	chr2	chr10	2453.92151	0	0	0	1264.34437	0	0	0	1189.57715	0	0	0	0	0	0	1
p9016_pcgamma1_td0p5_mstep1_p1_w0_sep0	geom_nearest_gap	chr2	chr11	5035.05528	0	0	0	2494.13342	0	0	0	2540.92186	0	0	0	0	0	0	1
p9016_pcgamma1_td0p5_mstep1_p1_w0_sep0	geom_nearest_gap	chr2	chr12	3007.30925	0	0	0	1476.79796	0	0	0	1530.5113	0	0	0	0	0	0	1
p9016_pcgamma1_td0p5_mstep1_p1_w0_sep0	geom_nearest_gap	chr2	chr13	4794.85187	0	0	0	2408.24147	0	0	0	2386.6104	0	0	0	0	0	0	1
p9016_pcgamma1_td0p5_mstep1_p1_w0_sep0	geom_nearest_gap	chr2	chr14	2805.70607	0	0	0	1401.03114	0	0	0	1404.67493	0	0	0	0	0	0	1
p9016_pcgamma1_td0p5_mstep1_p1_w0_sep0	geom_nearest_gap	chr2	chr15	1800.01377	0	0	0	848.174651	0	0	0	951.839116	0	0	0	0	0	0	1
p9016_pcgamma1_td0p5_mstep1_p1_w0_sep0	geom_nearest_gap	chr2	chr16	7696.22931	0	0	0	3891.51122	0	0	0	3804.71809	0	0	0	0	0	0	1
p9016_pcgamma1_td0p5_mstep1_p1_w0_sep0	geom_nearest_gap	chr2	chr17	3351.77623	0	0	0	1418.46471	0	0	0	1933.31152	0	0	0	0	0	0	1
p9016_pcgamma1_td0p5_mstep1_p1_w0_sep0	geom_nearest_gap	chr2	chr18	3279.38822	0	0	0	1568.0302	0	0	0	1711.35803	0	0	0	0	0	0	1
p9016_pcgamma1_td0p5_mstep1_p1_w0_sep0	geom_nearest_gap	chr2	chr19	1638.148	0	0	0	882.034592	0	0	0	756.113406	0	0	0	0	0	0	1
p9016_pcgamma1_td0p5_mstep1_p1_w0_sep0	geom_nearest_gap	chr2	chr3	13764.5257	0	0	0	6621.21501	0	0	0	7143.31071	0	0	0	0	0	0	1
p9016_pcgamma1_td0p5_mstep1_p1_w0_sep0	geom_nearest_gap	chr2	chr4	11696.5326	0	0	0	5673.17396	0	0	0	6023.35864	0	0	0	0	0	0	1
p9016_pcgamma1_td0p5_mstep1_p1_w0_sep0	geom_nearest_gap	chr2	chr5	3886.47757	0	0	0	1991.89023	0	0	0	1894.58734	0	0	0	0	0	0	1
p9016_pcgamma1_td0p5_mstep1_p1_w0_sep0	geom_nearest_gap	chr2	chr6	14232.9641	0	0	0	7231.09234	0	0	0	7001.87174	0	0	0	0	0	0	1
p9016_pcgamma1_td0p5_mstep1_p1_w0_sep0	geom_nearest_gap	chr2	chr7	9000.3239	0	0	0	4360.95004	0	0	0	4639.37386	0	0	0	0	0	0	1
p9016_pcgamma1_td0p5_mstep1_p1_w0_sep0	geom_nearest_gap	chr2	chr8	16200.7798	0	0	0	7716.85052	0	0	0	8483.92924	0	0	0	0	0	0	1
p9016_pcgamma1_td0p5_mstep1_p1_w0_sep0	geom_nearest_gap	chr2	chr9	10374.3411	14.9627613	0	0	5236.42633	10.5289469	0	0	5137.91474	4.43381444	0	0	0	0	0	1
p9016_pcgamma1_td0p5_mstep1_p1_w0_sep0	geom_nearest_gap	chr2	chrX	5170.37638	0.119639575	0	0	2496.23524	0	0	0	2674.14114	0.119639575	0	0	0	0	0	1
p9016_pcgamma1_td0p5_mstep1_p1_w0_sep0	geom_nearest_gap	chr3	chr10	2408.13621	0	0	0	1201.69467	0	0	0	1206.44154	0	0	0	0	0	0	1
p9016_pcgamma1_td0p5_mstep1_p1_w0_sep0	geom_nearest_gap	chr3	chr11	6769.15129	0	0	0.597096726	3336.78228	0	0	0.325491348	3432.36901	0	0	0.271605378	0	0	0	1
p9016_pcgamma1_td0p5_mstep1_p1_w0_sep0	geom_nearest_gap	chr3	chr12	6810.56899	0	0	13.3647248	3838.62807	0	0	9.59065691	2971.94092	0	0	3.77406789	0	0	0	1
p9016_pcgamma1_td0p5_mstep1_p1_w0_sep0	geom_nearest_gap	chr3	chr13	10518.3414	0	0	0	5117.74654	0	0	0	5400.59487	0	0	0	0	0	0	1
p9016_pcgamma1_td0p5_mstep1_p1_w0_sep0	geom_nearest_gap	chr3	chr14	4020.38526	0	0	0	1911.29744	0	0	0	2109.08781	0	0	0	0	0	0	1
p9016_pcgamma1_td0p5_mstep1_p1_w0_sep0	geom_nearest_gap	chr3	chr15	3037.5332	0	0	0	1667.72096	0	0	0	1369.81224	0	0	0	0	0	0	1
p9016_pcgamma1_td0p5_mstep1_p1_w0_sep0	geom_nearest_gap	chr3	chr16	4421.46658	0	0	0	2324.4634	0	0	0	2097.00319	0	0	0	0	0	0	1
p9016_pcgamma1_td0p5_mstep1_p1_w0_sep0	geom_nearest_gap	chr3	chr17	2343.05227	0	0	0	1190.77731	0	0	0	1152.27496	0	0	0	0	0	0	1
p9016_pcgamma1_td0p5_mstep1_p1_w0_sep0	geom_nearest_gap	chr3	chr18	6974.72568	0	0	0	3579.90815	0	0	0	3394.81753	0	0	0	0	0	0	1
p9016_pcgamma1_td0p5_mstep1_p1_w0_sep0	geom_nearest_gap	chr3	chr19	3413.0175	0	0	0	1843.35664	0	0	0	1569.66086	0	0	0	0	0	0	1
p9016_pcgamma1_td0p5_mstep1_p1_w0_sep0	geom_nearest_gap	chr3	chr4	3731.85272	0	0	0	1832.28191	0	0	0	1899.57082	0	0	0	0	0	0	1
p9016_pcgamma1_td0p5_mstep1_p1_w0_sep0	geom_nearest_gap	chr3	chr5	5799.60551	0.475271971	0	0	2857.99384	0	0	0	2941.61167	0.475271971	0	0	0	0	0	1
p9016_pcgamma1_td0p5_mstep1_p1_w0_sep0	geom_nearest_gap	chr3	chr6	7601.08365	0	0	0	3710.83745	0	0	0	3890.2462	0	0	0	0	0	0	1
p9016_pcgamma1_td0p5_mstep1_p1_w0_sep0	geom_nearest_gap	chr3	chr7	7545.30986	0	0	24.1739985	3761.93605	0	0	12.8384726	3783.37381	0	0	11.3355259	0	0	0	1
p9016_pcgamma1_td0p5_mstep1_p1_w0_sep0	geom_nearest_gap	chr3	chr8	9592.53518	0	0	0.63165269	4627.97505	0	0	0.251853552	4964.56013	0	0	0.379799139	0	0	0	1
p9016_pcgamma1_td0p5_mstep1_p1_w0_sep0	geom_nearest_gap	chr3	chr9	4164.30553	0	0	0	2083.57215	0	0	0	2080.73338	0	0	0	0	0	0	1
p9016_pcgamma1_td0p5_mstep1_p1_w0_sep0	geom_nearest_gap	chr3	chrX	3200.05148	0	0	0	1624.02443	0	0	0	1576.02706	0	0	0	0	0	0	1
p9016_pcgamma1_td0p5_mstep1_p1_w0_sep0	geom_nearest_gap	chr4	chr10	11710.1421	0	0	0	5628.1724	0	0	0	6081.96969	0	0	0	0	0	0	1
p9016_pcgamma1_td0p5_mstep1_p1_w0_sep0	geom_nearest_gap	chr4	chr11	1538.28622	0	0	0.0243496158	777.62579	0	0	0.0243496158	760.660431	0	0	0	0	0	0	1
p9016_pcgamma1_td0p5_mstep1_p1_w0_sep0	geom_nearest_gap	chr4	chr12	7732.40999	0	0	0	3916.34595	0	0	0	3816.06404	0	0	0	0	0	0	1
p9016_pcgamma1_td0p5_mstep1_p1_w0_sep0	geom_nearest_gap	chr4	chr13	1699.65354	0	0	0	882.104372	0	0	0	817.549168	0	0	0	0	0	0	1
p9016_pcgamma1_td0p5_mstep1_p1_w0_sep0	geom_nearest_gap	chr4	chr14	1858.28787	0	0	0	985.493064	0	0	0	872.794806	0	0	0	0	0	0	1
p9016_pcgamma1_td0p5_mstep1_p1_w0_sep0	geom_nearest_gap	chr4	chr15	883.468857	0	0	0	444.73264	0	0	0	438.736217	0	0	0	0	0	0	1
p9016_pcgamma1_td0p5_mstep1_p1_w0_sep0	geom_nearest_gap	chr4	chr16	5952.33264	0	0	0	2945.91677	0	0	0	3006.41587	0	0	0	0	0	0	1
p9016_pcgamma1_td0p5_mstep1_p1_w0_sep0	geom_nearest_gap	chr4	chr17	1117.26435	0	0	0	513.912618	0	0	0	603.351734	0	0	0	0	0	0	1
p9016_pcgamma1_td0p5_mstep1_p1_w0_sep0	geom_nearest_gap	chr4	chr18	1023.74532	0	0	0	495.063263	0	0	0	528.682061	0	0	0	0	0	0	1
p9016_pcgamma1_td0p5_mstep1_p1_w0_sep0	geom_nearest_gap	chr4	chr19	1257.21784	0.609599009	0	0	688.672248	0.488418229	0	0	568.54559	0.121180779	0	0	0	0	0	1
p9016_pcgamma1_td0p5_mstep1_p1_w0_sep0	geom_nearest_gap	chr4	chr5	16963.8803	0	0	0	8219.33965	0	0	0	8744.54061	0	0	0	0	0	0	1
p9016_pcgamma1_td0p5_mstep1_p1_w0_sep0	geom_nearest_gap	chr4	chr6	7838.81367	0	0	0	3866.3801	0	0	0	3972.43357	0	0	0	0	0	0	1
p9016_pcgamma1_td0p5_mstep1_p1_w0_sep0	geom_nearest_gap	chr4	chr7	11250.2928	0	0	0	5276.4954	0	0	0	5973.79736	0	0	0	0	0	0	1
p9016_pcgamma1_td0p5_mstep1_p1_w0_sep0	geom_nearest_gap	chr4	chr8	1827.8361	0	0	0	876.904221	0	0	0	950.931883	0	0	0	0	0	0	1
p9016_pcgamma1_td0p5_mstep1_p1_w0_sep0	geom_nearest_gap	chr4	chr9	3612.42528	0	0	0	1786.15445	0	0	0	1826.27083	0	0	0	0	0	0	1
p9016_pcgamma1_td0p5_mstep1_p1_w0_sep0	geom_nearest_gap	chr4	chrX	6155.37331	0.134299229	0	0	2764.64787	0.134299229	0	0	3390.72544	0	0	0	0	0	0	1
p9016_pcgamma1_td0p5_mstep1_p1_w0_sep0	geom_nearest_gap	chr5	chr10	4802.49489	0	0	3.2915352	2294.24395	0	0	1.52244755	2508.25095	0	0	1.76908765	0	0	0	1
p9016_pcgamma1_td0p5_mstep1_p1_w0_sep0	geom_nearest_gap	chr5	chr11	6314.61827	0	0	0	3226.09933	0	0	0	3088.51894	0	0	0	0	0	0	1
p9016_pcgamma1_td0p5_mstep1_p1_w0_sep0	geom_nearest_gap	chr5	chr12	2063.78192	0	0	0	1008.26522	0	0	0	1055.5167	0	0	0	0	0	0	1
p9016_pcgamma1_td0p5_mstep1_p1_w0_sep0	geom_nearest_gap	chr5	chr13	2496.1087	0	0.441746457	0	1255.13936	0	0	0	1240.96934	0	0.441746457	0	0	0	0	1
p9016_pcgamma1_td0p5_mstep1_p1_w0_sep0	geom_nearest_gap	chr5	chr14	7882.51023	0	0	0	4046.10562	0	0	0	3836.4046	0	0	0	0	0	0	1
p9016_pcgamma1_td0p5_mstep1_p1_w0_sep0	geom_nearest_gap	chr5	chr15	1254.58222	0	0	0	616.249042	0	0	0	638.333174	0	0	0	0	0	0	1
p9016_pcgamma1_td0p5_mstep1_p1_w0_sep0	geom_nearest_gap	chr5	chr16	3901.47605	0.0913618708	0	6.29042267	2002.28658	0	0	5.53036473	1899.18947	0.0913618708	0	0.760057933	0	0	0	1
p9016_pcgamma1_td0p5_mstep1_p1_w0_sep0	geom_nearest_gap	chr5	chr17	1271.76431	0	0	0	619.410513	0	0	0	652.353801	0	0	0	0	0	0	1
p9016_pcgamma1_td0p5_mstep1_p1_w0_sep0	geom_nearest_gap	chr5	chr18	4008.58297	0	0	13.6605999	1984.82198	0	0	5.47097197	2023.76099	0	0	8.18962794	0	0	0	1
p9016_pcgamma1_td0p5_mstep1_p1_w0_sep0	geom_nearest_gap	chr5	chr19	2711.10582	0	0	0.30596854	1400.69458	0	0	0.134498561	1310.41125	0	0	0.171469978	0	0	0	1
p9016_pcgamma1_td0p5_mstep1_p1_w0_sep0	geom_nearest_gap	chr5	chr6	1995.88245	0	0	0.392110019	1019.57358	0	0	0.142030778	976.308867	0	0	0.250079241	0	0	0	1
p9016_pcgamma1_td0p5_mstep1_p1_w0_sep0	geom_nearest_gap	chr5	chr7	6689.42567	0	0	0	3391.59757	0	0	0	3297.8281	0	0	0	0	0	0	1
p9016_pcgamma1_td0p5_mstep1_p1_w0_sep0	geom_nearest_gap	chr5	chr8	4313.32531	0	0	0	2093.65406	0	0	0	2219.67125	0	0	0	0	0	0	1
p9016_pcgamma1_td0p5_mstep1_p1_w0_sep0	geom_nearest_gap	chr5	chr9	12561.2166	0	0	6.68108747	6602.00474	0	0	3.46627288	5959.21185	0	0	3.21481459	0	0	0	1
p9016_pcgamma1_td0p5_mstep1_p1_w0_sep0	geom_nearest_gap	chr5	chrX	1367.79596	0	0	0	710.377804	0	0	0	657.418152	0	0	0	0	0	0	1
p9016_pcgamma1_td0p5_mstep1_p1_w0_sep0	geom_nearest_gap	chr6	chr10	8067.96704	0.0279538609	0	0	4139.39949	0.0279538609	0	0	3928.56755	0	0	0	0	0	0	1
p9016_pcgamma1_td0p5_mstep1_p1_w0_sep0	geom_nearest_gap	chr6	chr11	3052.16074	0	0	0	1518.93734	0	0	0	1533.2234	0	0	0	0	0	0	1
p9016_pcgamma1_td0p5_mstep1_p1_w0_sep0	geom_nearest_gap	chr6	chr12	5146.15575	0	0	0	2471.51895	0	0	0	2674.6368	0	0	0	0	0	0	1
p9016_pcgamma1_td0p5_mstep1_p1_w0_sep0	geom_nearest_gap	chr6	chr13	2941.70041	0	0	0	1389.96013	0	0	0	1551.74028	0	0	0	0	0	0	1
p9016_pcgamma1_td0p5_mstep1_p1_w0_sep0	geom_nearest_gap	chr6	chr14	16603.3766	0	0	0	8375.66261	0	0	0	8227.71402	0	0	0	0	0	0	1
p9016_pcgamma1_td0p5_mstep1_p1_w0_sep0	geom_nearest_gap	chr6	chr15	2810.84497	0	0	0	1414.68206	0	0	0	1396.16291	0	0	0	0	0	0	1
p9016_pcgamma1_td0p5_mstep1_p1_w0_sep0	geom_nearest_gap	chr6	chr16	4430.33234	0	0	45.2407979	2045.0969	0	0	20.9855786	2385.23544	0	0	24.2552193	0	0	0	1
p9016_pcgamma1_td0p5_mstep1_p1_w0_sep0	geom_nearest_gap	chr6	chr17	1532.39069	0	0	0	744.812814	0	0	0	787.577874	0	0	0	0	0	0	1
p9016_pcgamma1_td0p5_mstep1_p1_w0_sep0	geom_nearest_gap	chr6	chr18	5922.88308	0	0	0	2968.90195	0	0	0	2953.98113	0	0	0	0	0	0	1
p9016_pcgamma1_td0p5_mstep1_p1_w0_sep0	geom_nearest_gap	chr6	chr19	3117.32821	0.573682693	0	0	1773.32629	0.573682693	0	0	1344.00192	0	0	0	0	0	0	1
p9016_pcgamma1_td0p5_mstep1_p1_w0_sep0	geom_nearest_gap	chr6	chr7	3016.52799	0	0	0	1487.52726	0	0	0	1529.00073	0	0	0	0	0	0	1
p9016_pcgamma1_td0p5_mstep1_p1_w0_sep0	geom_nearest_gap	chr6	chr8	3344.15514	0	0	0	1700.97362	0	0	0	1643.18153	0	0	0	0	0	0	1
p9016_pcgamma1_td0p5_mstep1_p1_w0_sep0	geom_nearest_gap	chr6	chr9	3886.52242	0	0	0	2003.68007	0	0	0	1882.84235	0	0	0	0	0	0	1
p9016_pcgamma1_td0p5_mstep1_p1_w0_sep0	geom_nearest_gap	chr6	chrX	2403.36485	0	0	0	1227.30988	0	0	0	1176.05497	0	0	0	0	0	0	1
p9016_pcgamma1_td0p5_mstep1_p1_w0_sep0	geom_nearest_gap	chr7	chr10	1790.85749	0	0	0	903.750636	0	0	0	887.106855	0	0	0	0	0	0	1
p9016_pcgamma1_td0p5_mstep1_p1_w0_sep0	geom_nearest_gap	chr7	chr11	5387.4439	0	0	0	2724.51101	0	0	0	2662.93289	0	0	0	0	0	0	1
p9016_pcgamma1_td0p5_mstep1_p1_w0_sep0	geom_nearest_gap	chr7	chr12	4822.37621	0	0	11.8279248	2468.18237	0	0	8.15821526	2354.19384	0	0	3.66970951	0	0	0	1
p9016_pcgamma1_td0p5_mstep1_p1_w0_sep0	geom_nearest_gap	chr7	chr13	4315.08763	0	0	0	2258.38657	0	0	0	2056.70106	0	0	0	0	0	0	1
p9016_pcgamma1_td0p5_mstep1_p1_w0_sep0	geom_nearest_gap	chr7	chr14	11655.8293	0	0	0	5673.75562	0	0	0	5982.0737	0	0	0	0	0	0	1
p9016_pcgamma1_td0p5_mstep1_p1_w0_sep0	geom_nearest_gap	chr7	chr15	2105.06851	0	0	0	999.923243	0	0	0	1105.14527	0	0	0	0	0	0	1
p9016_pcgamma1_td0p5_mstep1_p1_w0_sep0	geom_nearest_gap	chr7	chr16	3223.68662	0	0	0	1633.80949	0	0	0	1589.87713	0	0	0	0	0	0	1
p9016_pcgamma1_td0p5_mstep1_p1_w0_sep0	geom_nearest_gap	chr7	chr17	1535.70517	0	0	0	807.777591	0	0	0	727.927583	0	0	0	0	0	0	1
p9016_pcgamma1_td0p5_mstep1_p1_w0_sep0	geom_nearest_gap	chr7	chr18	10754.4388	0	0	0	5054.39749	0	0	0	5700.04136	0	0	0	0	0	0	1
p9016_pcgamma1_td0p5_mstep1_p1_w0_sep0	geom_nearest_gap	chr7	chr19	4626.82448	0	0	0	2408.02538	0	0	0	2218.7991	0	0	0	0	0	0	1
p9016_pcgamma1_td0p5_mstep1_p1_w0_sep0	geom_nearest_gap	chr7	chr8	6787.90253	0	0	0	3409.46455	0	0	0	3378.43798	0	0	0	0	0	0	1
p9016_pcgamma1_td0p5_mstep1_p1_w0_sep0	geom_nearest_gap	chr7	chr9	6094.26376	0	0	0	3145.7449	0	0	0	2948.51886	0	0	0	0	0	0	1
p9016_pcgamma1_td0p5_mstep1_p1_w0_sep0	geom_nearest_gap	chr7	chrX	1494.35245	0	0	0	749.20452	0	0	0	745.147928	0	0	0	0	0	0	1
p9016_pcgamma1_td0p5_mstep1_p1_w0_sep0	geom_nearest_gap	chr8	chr10	1976.5951	0	0	0	983.160499	0	0	0	993.4346	0	0	0	0	0	0	1
p9016_pcgamma1_td0p5_mstep1_p1_w0_sep0	geom_nearest_gap	chr8	chr11	28381.2029	0	0	0	14969.6082	0	0	0	13411.5948	0	0	0	0	0	0	1
p9016_pcgamma1_td0p5_mstep1_p1_w0_sep0	geom_nearest_gap	chr8	chr12	6650.69541	0	0	0	3346.88238	0	0	0	3303.81303	0	0	0	0	0	0	1
p9016_pcgamma1_td0p5_mstep1_p1_w0_sep0	geom_nearest_gap	chr8	chr13	6338.95521	0	0	0	3171.83551	0	0	0	3167.1197	0	0	0	0	0	0	1
p9016_pcgamma1_td0p5_mstep1_p1_w0_sep0	geom_nearest_gap	chr8	chr14	8234.08315	0	0	0	3880.43457	0	0	0	4353.64859	0	0	0	0	0	0	1
p9016_pcgamma1_td0p5_mstep1_p1_w0_sep0	geom_nearest_gap	chr8	chr15	10096.2125	0	0	0	5211.49899	0	0	0	4884.71353	0	0	0	0	0	0	1
p9016_pcgamma1_td0p5_mstep1_p1_w0_sep0	geom_nearest_gap	chr8	chr16	3072.38864	0	0	0	1568.13897	0	0	0	1504.24967	0	0	0	0	0	0	1
p9016_pcgamma1_td0p5_mstep1_p1_w0_sep0	geom_nearest_gap	chr8	chr17	1881.70668	0	0	0	938.540048	0	0	0	943.16663	0	0	0	0	0	0	1
p9016_pcgamma1_td0p5_mstep1_p1_w0_sep0	geom_nearest_gap	chr8	chr18	2502.89962	0	0	0	1227.66805	0	0	0	1275.23157	0	0	0	0	0	0	1
p9016_pcgamma1_td0p5_mstep1_p1_w0_sep0	geom_nearest_gap	chr8	chr19	6110.2816	0	0	0	3162.26926	0	0	0	2948.01234	0	0	0	0	0	0	1
p9016_pcgamma1_td0p5_mstep1_p1_w0_sep0	geom_nearest_gap	chr8	chr9	5014.04494	0	0	0	2444.22804	0	0	0	2569.8169	0	0	0	0	0	0	1
p9016_pcgamma1_td0p5_mstep1_p1_w0_sep0	geom_nearest_gap	chr8	chrX	4520.99455	0	0	0	2235.94865	0	0	0	2285.0459	0	0	0	0	0	0	1
p9016_pcgamma1_td0p5_mstep1_p1_w0_sep0	geom_nearest_gap	chr9	chr10	1645.20974	0	0	0	845.839711	0	0	0	799.370033	0	0	0	0	0	0	1
p9016_pcgamma1_td0p5_mstep1_p1_w0_sep0	geom_nearest_gap	chr9	chr11	6564.972	0	0	0	3277.81473	0	0	0	3287.15727	0	0	0	0	0	0	1
p9016_pcgamma1_td0p5_mstep1_p1_w0_sep0	geom_nearest_gap	chr9	chr12	2797.38875	0	0	0	1360.74693	0	0	0	1436.64182	0	0	0	0	0	0	1
p9016_pcgamma1_td0p5_mstep1_p1_w0_sep0	geom_nearest_gap	chr9	chr13	2327.85457	0	0	0	1107.53841	0	0	0	1220.31616	0	0	0	0	0	0	1
p9016_pcgamma1_td0p5_mstep1_p1_w0_sep0	geom_nearest_gap	chr9	chr14	3955.69941	0	0	0	1978.25581	0	0	0	1977.4436	0	0	0	0	0	0	1
p9016_pcgamma1_td0p5_mstep1_p1_w0_sep0	geom_nearest_gap	chr9	chr15	2129.51416	0	0	0	1085.22925	0	0	0	1044.28491	0	0	0	0	0	0	1
p9016_pcgamma1_td0p5_mstep1_p1_w0_sep0	geom_nearest_gap	chr9	chr16	3865.68746	0	0	0	1903.08761	0	0	0	1962.59985	0	0	0	0	0	0	1
p9016_pcgamma1_td0p5_mstep1_p1_w0_sep0	geom_nearest_gap	chr9	chr17	7019.59544	0	0	0	3684.96658	0	0	0	3334.62886	0	0	0	0	0	0	1
p9016_pcgamma1_td0p5_mstep1_p1_w0_sep0	geom_nearest_gap	chr9	chr18	1897.67423	0	0	0	904.281153	0	0	0	993.393078	0	0	0	0	0	0	1
p9016_pcgamma1_td0p5_mstep1_p1_w0_sep0	geom_nearest_gap	chr9	chr19	2036.37553	0	0	0	946.262096	0	0	0	1090.11343	0	0	0	0	0	0	1
p9016_pcgamma1_td0p5_mstep1_p1_w0_sep0	geom_nearest_gap	chr9	chrX	3586.75727	0	0	0	2022.22381	0	0	0	1564.53345	0	0	0	0	0	0	1
p9016_pcgamma1_td0p5_mstep1_p1_w0_sep0	geom_top_to_nearest	chr1	chr10	3043	0	0	0	1510	0	0	0	1533	0	0	0	0	0	0	1
p9016_pcgamma1_td0p5_mstep1_p1_w0_sep0	geom_top_to_nearest	chr1	chr11	5490	0	0	0	2675	0	0	0	2815	0	0	0	0	0	0	1
p9016_pcgamma1_td0p5_mstep1_p1_w0_sep0	geom_top_to_nearest	chr1	chr12	3152	0	0	0	1604	0	0	0	1548	0	0	0	0	0	0	1
p9016_pcgamma1_td0p5_mstep1_p1_w0_sep0	geom_top_to_nearest	chr1	chr13	3650	0	0	0	1832	0	0	0	1818	0	0	0	0	0	0	1
p9016_pcgamma1_td0p5_mstep1_p1_w0_sep0	geom_top_to_nearest	chr1	chr14	2568	0	0	0	1280	0	0	0	1288	0	0	0	0	0	0	1
p9016_pcgamma1_td0p5_mstep1_p1_w0_sep0	geom_top_to_nearest	chr1	chr15	3676	0	0	0	1825	0	0	0	1851	0	0	0	0	0	0	1
p9016_pcgamma1_td0p5_mstep1_p1_w0_sep0	geom_top_to_nearest	chr1	chr16	2273	0	0	0	1150	0	0	0	1123	0	0	0	0	0	0	1
p9016_pcgamma1_td0p5_mstep1_p1_w0_sep0	geom_top_to_nearest	chr1	chr17	4335	0	2	0	2122	0	2	0	2213	0	0	0	0	0	0	1
p9016_pcgamma1_td0p5_mstep1_p1_w0_sep0	geom_top_to_nearest	chr1	chr18	2269	0	0	0	1075	0	0	0	1194	0	0	0	0	0	0	1
p9016_pcgamma1_td0p5_mstep1_p1_w0_sep0	geom_top_to_nearest	chr1	chr19	1454	0	0	0	726	0	0	0	728	0	0	0	0	0	0	1
p9016_pcgamma1_td0p5_mstep1_p1_w0_sep0	geom_top_to_nearest	chr1	chr2	6068	0	0	1	2931	0	0	0	3137	0	0	1	0	0	0	1
p9016_pcgamma1_td0p5_mstep1_p1_w0_sep0	geom_top_to_nearest	chr1	chr3	4137	0	0	0	2089	0	0	0	2048	0	0	0	0	0	0	1
p9016_pcgamma1_td0p5_mstep1_p1_w0_sep0	geom_top_to_nearest	chr1	chr4	4546	0	0	0	2262	0	0	0	2284	0	0	0	0	0	0	1
p9016_pcgamma1_td0p5_mstep1_p1_w0_sep0	geom_top_to_nearest	chr1	chr5	3498	0	0	0	1768	0	0	0	1730	0	0	0	0	0	0	1
p9016_pcgamma1_td0p5_mstep1_p1_w0_sep0	geom_top_to_nearest	chr1	chr6	6088	0	1	0	2912	0	1	0	3176	0	0	0	0	0	0	1
p9016_pcgamma1_td0p5_mstep1_p1_w0_sep0	geom_top_to_nearest	chr1	chr7	3168	0	0	0	1623	0	0	0	1545	0	0	0	0	0	0	1
p9016_pcgamma1_td0p5_mstep1_p1_w0_sep0	geom_top_to_nearest	chr1	chr8	5575	0	0	0	2925	0	0	0	2650	0	0	0	0	0	0	1
p9016_pcgamma1_td0p5_mstep1_p1_w0_sep0	geom_top_to_nearest	chr1	chr9	4469	0	0	5	2189	0	0	2	2280	0	0	3	0	0	0	1
p9016_pcgamma1_td0p5_mstep1_p1_w0_sep0	geom_top_to_nearest	chr1	chrX	7023	3	0	0	3494	2	0	0	3529	1	0	0	0	0	0	1
p9016_pcgamma1_td0p5_mstep1_p1_w0_sep0	geom_top_to_nearest	chr10	chr11	2108	0	0	0	1061	0	0	0	1047	0	0	0	0	0	0	1
p9016_pcgamma1_td0p5_mstep1_p1_w0_sep0	geom_top_to_nearest	chr10	chr12	3533	0	0	0	1952	0	0	0	1581	0	0	0	0	0	0	1
p9016_pcgamma1_td0p5_mstep1_p1_w0_sep0	geom_top_to_nearest	chr10	chr13	3845	0	0	0	1941	0	0	0	1904	0	0	0	0	0	0	1
p9016_pcgamma1_td0p5_mstep1_p1_w0_sep0	geom_top_to_nearest	chr10	chr14	2065	0	0	1	1031	0	0	1	1034	0	0	0	0	0	0	1
p9016_pcgamma1_td0p5_mstep1_p1_w0_sep0	geom_top_to_nearest	chr10	chr15	3066	0	0	1	1485	0	0	0	1581	0	0	1	0	0	0	1
p9016_pcgamma1_td0p5_mstep1_p1_w0_sep0	geom_top_to_nearest	chr10	chr16	4169	0	0	0	2038	0	0	0	2131	0	0	0	0	0	0	1
p9016_pcgamma1_td0p5_mstep1_p1_w0_sep0	geom_top_to_nearest	chr10	chr17	2720	0	0	0	1412	0	0	0	1308	0	0	0	0	0	0	1
p9016_pcgamma1_td0p5_mstep1_p1_w0_sep0	geom_top_to_nearest	chr10	chr18	2169	0	0	0	1090	0	0	0	1079	0	0	0	0	0	0	1
p9016_pcgamma1_td0p5_mstep1_p1_w0_sep0	geom_top_to_nearest	chr10	chr19	1272	0	0	4	640	0	0	3	632	0	0	1	0	0	0	1
p9016_pcgamma1_td0p5_mstep1_p1_w0_sep0	geom_top_to_nearest	chr10	chrX	1712	0	0	0	882	0	0	0	830	0	0	0	0	0	0	1
p9016_pcgamma1_td0p5_mstep1_p1_w0_sep0	geom_top_to_nearest	chr11	chr12	2217	0	0	0	1109	0	0	0	1108	0	0	0	0	0	0	1
p9016_pcgamma1_td0p5_mstep1_p1_w0_sep0	geom_top_to_nearest	chr11	chr13	3803	0	0	0	1914	0	0	0	1889	0	0	0	0	0	0	1
p9016_pcgamma1_td0p5_mstep1_p1_w0_sep0	geom_top_to_nearest	chr11	chr14	3439	0	0	0	1713	0	0	0	1726	0	0	0	0	0	0	1
p9016_pcgamma1_td0p5_mstep1_p1_w0_sep0	geom_top_to_nearest	chr11	chr15	2121	0	0	0	1023	0	0	0	1098	0	0	0	0	0	0	1
p9016_pcgamma1_td0p5_mstep1_p1_w0_sep0	geom_top_to_nearest	chr11	chr16	1559	0	0	0	777	0	0	0	782	0	0	0	0	0	0	1
p9016_pcgamma1_td0p5_mstep1_p1_w0_sep0	geom_top_to_nearest	chr11	chr17	2003	0	0	0	997	0	0	0	1006	0	0	0	0	0	0	1
p9016_pcgamma1_td0p5_mstep1_p1_w0_sep0	geom_top_to_nearest	chr11	chr18	1531	0	0	0	797	0	0	0	734	0	0	0	0	0	0	1
p9016_pcgamma1_td0p5_mstep1_p1_w0_sep0	geom_top_to_nearest	chr11	chr19	2387	0	0	0	1206	0	0	0	1181	0	0	0	0	0	0	1
p9016_pcgamma1_td0p5_mstep1_p1_w0_sep0	geom_top_to_nearest	chr11	chrX	4913	0	0	6	2562	0	0	4	2351	0	0	2	0	0	0	1
p9016_pcgamma1_td0p5_mstep1_p1_w0_sep0	geom_top_to_nearest	chr12	chr13	6728	0	0	0	3220	0	0	0	3508	0	0	0	0	0	0	1
p9016_pcgamma1_td0p5_mstep1_p1_w0_sep0	geom_top_to_nearest	chr12	chr14	1767	0	0	0	892	0	0	0	875	0	0	0	0	0	0	1
p9016_pcgamma1_td0p5_mstep1_p1_w0_sep0	geom_top_to_nearest	chr12	chr15	3461	0	0	1	1756	0	0	0	1705	0	0	1	0	0	0	1
p9016_pcgamma1_td0p5_mstep1_p1_w0_sep0	geom_top_to_nearest	chr12	chr16	1469	0	0	0	761	0	0	0	708	0	0	0	0	0	0	1
p9016_pcgamma1_td0p5_mstep1_p1_w0_sep0	geom_top_to_nearest	chr12	chr17	2868	0	0	0	1509	0	0	0	1359	0	0	0	0	0	0	1
p9016_pcgamma1_td0p5_mstep1_p1_w0_sep0	geom_top_to_nearest	chr12	chr18	1915	0	0	0	871	0	0	0	1044	0	0	0	0	0	0	1
p9016_pcgamma1_td0p5_mstep1_p1_w0_sep0	geom_top_to_nearest	chr12	chr19	2376	0	0	0	1026	0	0	0	1350	0	0	0	0	0	0	1
p9016_pcgamma1_td0p5_mstep1_p1_w0_sep0	geom_top_to_nearest	chr12	chrX	1972	0	0	0	1024	0	0	0	948	0	0	0	0	0	0	1
p9016_pcgamma1_td0p5_mstep1_p1_w0_sep0	geom_top_to_nearest	chr13	chr14	2604	0	0	14	1266	0	0	7	1338	0	0	7	0	0	0	1
p9016_pcgamma1_td0p5_mstep1_p1_w0_sep0	geom_top_to_nearest	chr13	chr15	1613	0	0	0	798	0	0	0	815	0	0	0	0	0	0	1
p9016_pcgamma1_td0p5_mstep1_p1_w0_sep0	geom_top_to_nearest	chr13	chr16	2823	0	0	0	1434	0	0	0	1389	0	0	0	0	0	0	1
p9016_pcgamma1_td0p5_mstep1_p1_w0_sep0	geom_top_to_nearest	chr13	chr17	3679	0	0	0	1865	0	0	0	1814	0	0	0	0	0	0	1
p9016_pcgamma1_td0p5_mstep1_p1_w0_sep0	geom_top_to_nearest	chr13	chr18	2797	0	0	13	1333	0	0	10	1464	0	0	3	0	0	0	1
p9016_pcgamma1_td0p5_mstep1_p1_w0_sep0	geom_top_to_nearest	chr13	chr19	2765	0	0	333	1224	0	0	194	1541	0	0	139	0	0	0	1
p9016_pcgamma1_td0p5_mstep1_p1_w0_sep0	geom_top_to_nearest	chr13	chrX	2579	0	0	0	1315	0	0	0	1264	0	0	0	0	0	0	1
p9016_pcgamma1_td0p5_mstep1_p1_w0_sep0	geom_top_to_nearest	chr14	chr15	1408	0	0	0	702	0	0	0	706	0	0	0	0	0	0	1
p9016_pcgamma1_td0p5_mstep1_p1_w0_sep0	geom_top_to_nearest	chr14	chr16	1315	0	0	0	669	0	0	0	646	0	0	0	0	0	0	1
p9016_pcgamma1_td0p5_mstep1_p1_w0_sep0	geom_top_to_nearest	chr14	chr17	1220	0	0	0	612	0	0	0	608	0	0	0	0	0	0	1
p9016_pcgamma1_td0p5_mstep1_p1_w0_sep0	geom_top_to_nearest	chr14	chr18	2319	0	0	23	1107	0	0	2	1212	0	0	21	0	0	0	1
p9016_pcgamma1_td0p5_mstep1_p1_w0_sep0	geom_top_to_nearest	chr14	chr19	1605	0	0	43	860	0	0	22	745	0	0	21	0	0	0	1
p9016_pcgamma1_td0p5_mstep1_p1_w0_sep0	geom_top_to_nearest	chr14	chrX	1641	0	0	0	828	0	0	0	813	0	0	0	0	0	0	1
p9016_pcgamma1_td0p5_mstep1_p1_w0_sep0	geom_top_to_nearest	chr15	chr16	1302	0	0	0	698	0	0	0	604	0	0	0	0	0	0	1
p9016_pcgamma1_td0p5_mstep1_p1_w0_sep0	geom_top_to_nearest	chr15	chr17	3195	0	0	0	1638	0	0	0	1557	0	0	0	0	0	0	1
p9016_pcgamma1_td0p5_mstep1_p1_w0_sep0	geom_top_to_nearest	chr15	chr18	2985	0	0	0	1436	0	0	0	1549	0	0	0	0	0	0	1
p9016_pcgamma1_td0p5_mstep1_p1_w0_sep0	geom_top_to_nearest	chr15	chr19	1415	0	0	0	722	0	0	0	693	0	0	0	0	0	0	1
p9016_pcgamma1_td0p5_mstep1_p1_w0_sep0	geom_top_to_nearest	chr15	chrX	1592	0	0	0	828	0	0	0	764	0	0	0	0	0	0	1
p9016_pcgamma1_td0p5_mstep1_p1_w0_sep0	geom_top_to_nearest	chr16	chr17	1311	0	0	0	663	0	0	0	648	0	0	0	0	0	0	1
p9016_pcgamma1_td0p5_mstep1_p1_w0_sep0	geom_top_to_nearest	chr16	chr18	3559	0	0	0	1654	0	0	0	1905	0	0	0	0	0	0	1
p9016_pcgamma1_td0p5_mstep1_p1_w0_sep0	geom_top_to_nearest	chr16	chr19	1941	9	0	0	930	2	0	0	1011	7	0	0	0	0	0	1
p9016_pcgamma1_td0p5_mstep1_p1_w0_sep0	geom_top_to_nearest	chr16	chrX	1393	0	0	0	701	0	0	0	692	0	0	0	0	0	0	1
p9016_pcgamma1_td0p5_mstep1_p1_w0_sep0	geom_top_to_nearest	chr17	chr18	1121	0	0	0	579	0	0	0	542	0	0	0	0	0	0	1
p9016_pcgamma1_td0p5_mstep1_p1_w0_sep0	geom_top_to_nearest	chr17	chr19	1709	0	0	0	798	0	0	0	911	0	0	0	0	0	0	1
p9016_pcgamma1_td0p5_mstep1_p1_w0_sep0	geom_top_to_nearest	chr17	chrX	2904	0	0	0	1394	0	0	0	1510	0	0	0	0	0	0	1
p9016_pcgamma1_td0p5_mstep1_p1_w0_sep0	geom_top_to_nearest	chr18	chr19	1502	0	0	7	736	0	0	2	766	0	0	5	0	0	0	1
p9016_pcgamma1_td0p5_mstep1_p1_w0_sep0	geom_top_to_nearest	chr18	chrX	1270	0	0	0	632	0	0	0	638	0	0	0	0	0	0	1
p9016_pcgamma1_td0p5_mstep1_p1_w0_sep0	geom_top_to_nearest	chr19	chrX	901	0	0	0	433	0	0	0	468	0	0	0	0	0	0	1
p9016_pcgamma1_td0p5_mstep1_p1_w0_sep0	geom_top_to_nearest	chr2	chr10	2775	0	0	0	1415	0	0	0	1360	0	0	0	0	0	0	1
p9016_pcgamma1_td0p5_mstep1_p1_w0_sep0	geom_top_to_nearest	chr2	chr11	3988	0	0	0	1966	0	0	0	2022	0	0	0	0	0	0	1
p9016_pcgamma1_td0p5_mstep1_p1_w0_sep0	geom_top_to_nearest	chr2	chr12	3013	0	0	0	1470	0	0	0	1543	0	0	0	0	0	0	1
p9016_pcgamma1_td0p5_mstep1_p1_w0_sep0	geom_top_to_nearest	chr2	chr13	3064	0	0	0	1545	0	0	0	1519	0	0	0	0	0	0	1
p9016_pcgamma1_td0p5_mstep1_p1_w0_sep0	geom_top_to_nearest	chr2	chr14	2747	0	0	0	1351	0	0	0	1396	0	0	0	0	0	0	1
p9016_pcgamma1_td0p5_mstep1_p1_w0_sep0	geom_top_to_nearest	chr2	chr15	2227	0	0	0	1061	0	0	0	1166	0	0	0	0	0	0	1
p9016_pcgamma1_td0p5_mstep1_p1_w0_sep0	geom_top_to_nearest	chr2	chr16	4260	0	0	0	2128	0	0	0	2132	0	0	0	0	0	0	1
p9016_pcgamma1_td0p5_mstep1_p1_w0_sep0	geom_top_to_nearest	chr2	chr17	3091	0	0	0	1485	0	0	0	1606	0	0	0	0	0	0	1
p9016_pcgamma1_td0p5_mstep1_p1_w0_sep0	geom_top_to_nearest	chr2	chr18	2439	0	0	0	1170	0	0	0	1269	0	0	0	0	0	0	1
p9016_pcgamma1_td0p5_mstep1_p1_w0_sep0	geom_top_to_nearest	chr2	chr19	1777	0	0	0	910	0	0	0	867	0	0	0	0	0	0	1
p9016_pcgamma1_td0p5_mstep1_p1_w0_sep0	geom_top_to_nearest	chr2	chr3	6182	0	0	0	2984	0	0	0	3198	0	0	0	0	0	0	1
p9016_pcgamma1_td0p5_mstep1_p1_w0_sep0	geom_top_to_nearest	chr2	chr4	6038	0	0	0	2955	0	0	0	3083	0	0	0	0	0	0	1
p9016_pcgamma1_td0p5_mstep1_p1_w0_sep0	geom_top_to_nearest	chr2	chr5	3768	0	0	0	1911	0	0	0	1857	0	0	0	0	0	0	1
p9016_pcgamma1_td0p5_mstep1_p1_w0_sep0	geom_top_to_nearest	chr2	chr6	6215	0	0	0	3168	0	0	0	3047	0	0	0	0	0	0	1
p9016_pcgamma1_td0p5_mstep1_p1_w0_sep0	geom_top_to_nearest	chr2	chr7	4371	0	0	0	2150	0	0	0	2221	0	0	0	0	0	0	1
p9016_pcgamma1_td0p5_mstep1_p1_w0_sep0	geom_top_to_nearest	chr2	chr8	5892	0	0	0	2836	0	0	0	3056	0	0	0	0	0	0	1
p9016_pcgamma1_td0p5_mstep1_p1_w0_sep0	geom_top_to_nearest	chr2	chr9	6670	30	0	0	3330	17	0	0	3340	13	0	0	0	0	0	1
p9016_pcgamma1_td0p5_mstep1_p1_w0_sep0	geom_top_to_nearest	chr2	chrX	4550	1	0	0	2243	0	0	0	2307	1	0	0	0	0	0	1
p9016_pcgamma1_td0p5_mstep1_p1_w0_sep0	geom_top_to_nearest	chr3	chr10	2484	0	0	0	1198	0	0	0	1286	0	0	0	0	0	0	1
p9016_pcgamma1_td0p5_mstep1_p1_w0_sep0	geom_top_to_nearest	chr3	chr11	2988	0	0	2	1485	0	0	1	1503	0	0	1	0	0	0	1
p9016_pcgamma1_td0p5_mstep1_p1_w0_sep0	geom_top_to_nearest	chr3	chr12	5274	0	0	39	2853	0	0	26	2421	0	0	13	0	0	0	1
p9016_pcgamma1_td0p5_mstep1_p1_w0_sep0	geom_top_to_nearest	chr3	chr13	4065	0	0	0	1978	0	0	0	2087	0	0	0	0	0	0	1
p9016_pcgamma1_td0p5_mstep1_p1_w0_sep0	geom_top_to_nearest	chr3	chr14	2687	0	0	0	1283	0	0	0	1404	0	0	0	0	0	0	1
p9016_pcgamma1_td0p5_mstep1_p1_w0_sep0	geom_top_to_nearest	chr3	chr15	2624	0	0	0	1367	0	0	0	1257	0	0	0	0	0	0	1
p9016_pcgamma1_td0p5_mstep1_p1_w0_sep0	geom_top_to_nearest	chr3	chr16	1557	0	0	0	811	0	0	0	746	0	0	0	0	0	0	1
p9016_pcgamma1_td0p5_mstep1_p1_w0_sep0	geom_top_to_nearest	chr3	chr17	2378	0	0	0	1197	0	0	0	1181	0	0	0	0	0	0	1
p9016_pcgamma1_td0p5_mstep1_p1_w0_sep0	geom_top_to_nearest	chr3	chr18	2999	0	0	0	1520	0	0	0	1479	0	0	0	0	0	0	1
p9016_pcgamma1_td0p5_mstep1_p1_w0_sep0	geom_top_to_nearest	chr3	chr19	1899	0	0	0	1013	0	0	0	886	0	0	0	0	0	0	1
p9016_pcgamma1_td0p5_mstep1_p1_w0_sep0	geom_top_to_nearest	chr3	chr4	3378	0	0	0	1656	0	0	0	1722	0	0	0	0	0	0	1
p9016_pcgamma1_td0p5_mstep1_p1_w0_sep0	geom_top_to_nearest	chr3	chr5	2587	1	0	0	1245	0	0	0	1342	1	0	0	0	0	0	1
p9016_pcgamma1_td0p5_mstep1_p1_w0_sep0	geom_top_to_nearest	chr3	chr6	2721	0	0	0	1333	0	0	0	1388	0	0	0	0	0	0	1
p9016_pcgamma1_td0p5_mstep1_p1_w0_sep0	geom_top_to_nearest	chr3	chr7	7353	0	0	77	3674	0	0	42	3679	0	0	35	0	0	0	1
p9016_pcgamma1_td0p5_mstep1_p1_w0_sep0	geom_top_to_nearest	chr3	chr8	3920	0	0	2	1870	0	0	1	2050	0	0	1	0	0	0	1
p9016_pcgamma1_td0p5_mstep1_p1_w0_sep0	geom_top_to_nearest	chr3	chr9	2267	0	0	0	1142	0	0	0	1125	0	0	0	0	0	0	1
p9016_pcgamma1_td0p5_mstep1_p1_w0_sep0	geom_top_to_nearest	chr3	chrX	2651	0	0	0	1348	0	0	0	1303	0	0	0	0	0	0	1
p9016_pcgamma1_td0p5_mstep1_p1_w0_sep0	geom_top_to_nearest	chr4	chr10	6248	0	0	0	3064	0	0	0	3184	0	0	0	0	0	0	1
p9016_pcgamma1_td0p5_mstep1_p1_w0_sep0	geom_top_to_nearest	chr4	chr11	2636	0	0	1	1368	0	0	1	1268	0	0	0	0	0	0	1
p9016_pcgamma1_td0p5_mstep1_p1_w0_sep0	geom_top_to_nearest	chr4	chr12	3914	0	0	0	1952	0	0	0	1962	0	0	0	0	0	0	1
p9016_pcgamma1_td0p5_mstep1_p1_w0_sep0	geom_top_to_nearest	chr4	chr13	2352	0	0	0	1177	0	0	0	1175	0	0	0	0	0	0	1
p9016_pcgamma1_td0p5_mstep1_p1_w0_sep0	geom_top_to_nearest	chr4	chr14	2674	0	0	0	1364	0	0	0	1310	0	0	0	0	0	0	1
p9016_pcgamma1_td0p5_mstep1_p1_w0_sep0	geom_top_to_nearest	chr4	chr15	2012	0	0	0	1017	0	0	0	995	0	0	0	0	0	0	1
p9016_pcgamma1_td0p5_mstep1_p1_w0_sep0	geom_top_to_nearest	chr4	chr16	2220	0	0	0	1118	0	0	0	1102	0	0	0	0	0	0	1
p9016_pcgamma1_td0p5_mstep1_p1_w0_sep0	geom_top_to_nearest	chr4	chr17	2057	0	0	0	987	0	0	0	1070	0	0	0	0	0	0	1
p9016_pcgamma1_td0p5_mstep1_p1_w0_sep0	geom_top_to_nearest	chr4	chr18	1640	0	0	0	796	0	0	0	844	0	0	0	0	0	0	1
p9016_pcgamma1_td0p5_mstep1_p1_w0_sep0	geom_top_to_nearest	chr4	chr19	1540	4	0	0	788	3	0	0	752	1	0	0	0	0	0	1
p9016_pcgamma1_td0p5_mstep1_p1_w0_sep0	geom_top_to_nearest	chr4	chr5	6855	0	0	0	3367	0	0	0	3488	0	0	0	0	0	0	1
p9016_pcgamma1_td0p5_mstep1_p1_w0_sep0	geom_top_to_nearest	chr4	chr6	3169	0	0	0	1592	0	0	0	1577	0	0	0	0	0	0	1
p9016_pcgamma1_td0p5_mstep1_p1_w0_sep0	geom_top_to_nearest	chr4	chr7	5388	0	0	0	2600	0	0	0	2788	0	0	0	0	0	0	1
p9016_pcgamma1_td0p5_mstep1_p1_w0_sep0	geom_top_to_nearest	chr4	chr8	2594	0	0	0	1295	0	0	0	1299	0	0	0	0	0	0	1
p9016_pcgamma1_td0p5_mstep1_p1_w0_sep0	geom_top_to_nearest	chr4	chr9	2786	0	0	0	1370	0	0	0	1416	0	0	0	0	0	0	1
p9016_pcgamma1_td0p5_mstep1_p1_w0_sep0	geom_top_to_nearest	chr4	chrX	4561	1	0	0	2181	1	0	0	2380	0	0	0	0	0	0	1
p9016_pcgamma1_td0p5_mstep1_p1_w0_sep0	geom_top_to_nearest	chr5	chr10	4997	0	0	18	2437	0	0	9	2560	0	0	9	0	0	0	1
p9016_pcgamma1_td0p5_mstep1_p1_w0_sep0	geom_top_to_nearest	chr5	chr11	3049	0	0	0	1548	0	0	0	1501	0	0	0	0	0	0	1
p9016_pcgamma1_td0p5_mstep1_p1_w0_sep0	geom_top_to_nearest	chr5	chr12	1872	0	0	0	929	0	0	0	943	0	0	0	0	0	0	1
p9016_pcgamma1_td0p5_mstep1_p1_w0_sep0	geom_top_to_nearest	chr5	chr13	2509	0	2	0	1251	0	0	0	1258	0	2	0	0	0	0	1
p9016_pcgamma1_td0p5_mstep1_p1_w0_sep0	geom_top_to_nearest	chr5	chr14	3650	0	0	0	1836	0	0	0	1814	0	0	0	0	0	0	1
p9016_pcgamma1_td0p5_mstep1_p1_w0_sep0	geom_top_to_nearest	chr5	chr15	2176	0	0	0	1052	0	0	0	1124	0	0	0	0	0	0	1
p9016_pcgamma1_td0p5_mstep1_p1_w0_sep0	geom_top_to_nearest	chr5	chr16	4632	1	0	12	2354	0	0	10	2278	1	0	2	0	0	0	1
p9016_pcgamma1_td0p5_mstep1_p1_w0_sep0	geom_top_to_nearest	chr5	chr17	1717	0	0	0	860	0	0	0	857	0	0	0	0	0	0	1
p9016_pcgamma1_td0p5_mstep1_p1_w0_sep0	geom_top_to_nearest	chr5	chr18	3437	0	0	52	1716	0	0	15	1721	0	0	37	0	0	0	1
p9016_pcgamma1_td0p5_mstep1_p1_w0_sep0	geom_top_to_nearest	chr5	chr19	2090	0	0	2	1047	0	0	1	1043	0	0	1	0	0	0	1
p9016_pcgamma1_td0p5_mstep1_p1_w0_sep0	geom_top_to_nearest	chr5	chr6	3399	0	0	3	1716	0	0	2	1683	0	0	1	0	0	0	1
p9016_pcgamma1_td0p5_mstep1_p1_w0_sep0	geom_top_to_nearest	chr5	chr7	2415	0	0	0	1220	0	0	0	1195	0	0	0	0	0	0	1
p9016_pcgamma1_td0p5_mstep1_p1_w0_sep0	geom_top_to_nearest	chr5	chr8	2478	0	0	0	1194	0	0	0	1284	0	0	0	0	0	0	1
p9016_pcgamma1_td0p5_mstep1_p1_w0_sep0	geom_top_to_nearest	chr5	chr9	7251	0	0	27	3840	0	0	18	3411	0	0	9	0	0	0	1
p9016_pcgamma1_td0p5_mstep1_p1_w0_sep0	geom_top_to_nearest	chr5	chrX	2073	0	0	0	1093	0	0	0	980	0	0	0	0	0	0	1
p9016_pcgamma1_td0p5_mstep1_p1_w0_sep0	geom_top_to_nearest	chr6	chr10	4774	1	0	0	2393	1	0	0	2381	0	0	0	0	0	0	1
p9016_pcgamma1_td0p5_mstep1_p1_w0_sep0	geom_top_to_nearest	chr6	chr11	2580	0	0	0	1273	0	0	0	1307	0	0	0	0	0	0	1
p9016_pcgamma1_td0p5_mstep1_p1_w0_sep0	geom_top_to_nearest	chr6	chr12	2129	0	0	0	1043	0	0	0	1086	0	0	0	0	0	0	1
p9016_pcgamma1_td0p5_mstep1_p1_w0_sep0	geom_top_to_nearest	chr6	chr13	3097	0	0	0	1492	0	0	0	1605	0	0	0	0	0	0	1
p9016_pcgamma1_td0p5_mstep1_p1_w0_sep0	geom_top_to_nearest	chr6	chr14	5451	0	0	0	2754	0	0	0	2697	0	0	0	0	0	0	1
p9016_pcgamma1_td0p5_mstep1_p1_w0_sep0	geom_top_to_nearest	chr6	chr15	2123	0	0	0	1055	0	0	0	1068	0	0	0	0	0	0	1
p9016_pcgamma1_td0p5_mstep1_p1_w0_sep0	geom_top_to_nearest	chr6	chr16	4161	0	0	148	1988	0	0	70	2173	0	0	78	0	0	0	1
p9016_pcgamma1_td0p5_mstep1_p1_w0_sep0	geom_top_to_nearest	chr6	chr17	1988	0	0	0	984	0	0	0	1004	0	0	0	0	0	0	1
p9016_pcgamma1_td0p5_mstep1_p1_w0_sep0	geom_top_to_nearest	chr6	chr18	2837	0	0	0	1427	0	0	0	1410	0	0	0	0	0	0	1
p9016_pcgamma1_td0p5_mstep1_p1_w0_sep0	geom_top_to_nearest	chr6	chr19	2570	1	0	0	1388	1	0	0	1182	0	0	0	0	0	0	1
p9016_pcgamma1_td0p5_mstep1_p1_w0_sep0	geom_top_to_nearest	chr6	chr7	2450	0	0	0	1218	0	0	0	1232	0	0	0	0	0	0	1
p9016_pcgamma1_td0p5_mstep1_p1_w0_sep0	geom_top_to_nearest	chr6	chr8	2353	0	0	0	1214	0	0	0	1139	0	0	0	0	0	0	1
p9016_pcgamma1_td0p5_mstep1_p1_w0_sep0	geom_top_to_nearest	chr6	chr9	3428	0	0	0	1781	0	0	0	1647	0	0	0	0	0	0	1
p9016_pcgamma1_td0p5_mstep1_p1_w0_sep0	geom_top_to_nearest	chr6	chrX	2292	0	0	0	1135	0	0	0	1157	0	0	0	0	0	0	1
p9016_pcgamma1_td0p5_mstep1_p1_w0_sep0	geom_top_to_nearest	chr7	chr10	2060	0	0	0	1044	0	0	0	1016	0	0	0	0	0	0	1
p9016_pcgamma1_td0p5_mstep1_p1_w0_sep0	geom_top_to_nearest	chr7	chr11	2406	0	0	0	1206	0	0	0	1200	0	0	0	0	0	0	1
p9016_pcgamma1_td0p5_mstep1_p1_w0_sep0	geom_top_to_nearest	chr7	chr12	3658	0	0	35	1882	0	0	21	1776	0	0	14	0	0	0	1
p9016_pcgamma1_td0p5_mstep1_p1_w0_sep0	geom_top_to_nearest	chr7	chr13	2217	0	0	0	1156	0	0	0	1061	0	0	0	0	0	0	1
p9016_pcgamma1_td0p5_mstep1_p1_w0_sep0	geom_top_to_nearest	chr7	chr14	3293	0	0	0	1600	0	0	0	1693	0	0	0	0	0	0	1
p9016_pcgamma1_td0p5_mstep1_p1_w0_sep0	geom_top_to_nearest	chr7	chr15	2080	0	0	0	1024	0	0	0	1056	0	0	0	0	0	0	1
p9016_pcgamma1_td0p5_mstep1_p1_w0_sep0	geom_top_to_nearest	chr7	chr16	1394	0	0	0	703	0	0	0	691	0	0	0	0	0	0	1
p9016_pcgamma1_td0p5_mstep1_p1_w0_sep0	geom_top_to_nearest	chr7	chr17	1652	0	0	0	877	0	0	0	775	0	0	0	0	0	0	1
p9016_pcgamma1_td0p5_mstep1_p1_w0_sep0	geom_top_to_nearest	chr7	chr18	3592	0	0	0	1745	0	0	0	1847	0	0	0	0	0	0	1
p9016_pcgamma1_td0p5_mstep1_p1_w0_sep0	geom_top_to_nearest	chr7	chr19	1755	0	0	0	913	0	0	0	842	0	0	0	0	0	0	1
p9016_pcgamma1_td0p5_mstep1_p1_w0_sep0	geom_top_to_nearest	chr7	chr8	2807	0	0	0	1400	0	0	0	1407	0	0	0	0	0	0	1
p9016_pcgamma1_td0p5_mstep1_p1_w0_sep0	geom_top_to_nearest	chr7	chr9	2043	0	0	0	1056	0	0	0	987	0	0	0	0	0	0	1
p9016_pcgamma1_td0p5_mstep1_p1_w0_sep0	geom_top_to_nearest	chr7	chrX	2356	0	0	0	1158	0	0	0	1198	0	0	0	0	0	0	1
p9016_pcgamma1_td0p5_mstep1_p1_w0_sep0	geom_top_to_nearest	chr8	chr10	2004	0	0	0	996	0	0	0	1008	0	0	0	0	0	0	1
p9016_pcgamma1_td0p5_mstep1_p1_w0_sep0	geom_top_to_nearest	chr8	chr11	9258	0	0	0	4841	0	0	0	4417	0	0	0	0	0	0	1
p9016_pcgamma1_td0p5_mstep1_p1_w0_sep0	geom_top_to_nearest	chr8	chr12	2085	0	0	0	1047	0	0	0	1038	0	0	0	0	0	0	1
p9016_pcgamma1_td0p5_mstep1_p1_w0_sep0	geom_top_to_nearest	chr8	chr13	2477	0	0	0	1245	0	0	0	1232	0	0	0	0	0	0	1
p9016_pcgamma1_td0p5_mstep1_p1_w0_sep0	geom_top_to_nearest	chr8	chr14	3326	0	0	0	1601	0	0	0	1725	0	0	0	0	0	0	1
p9016_pcgamma1_td0p5_mstep1_p1_w0_sep0	geom_top_to_nearest	chr8	chr15	4112	0	0	0	2115	0	0	0	1997	0	0	0	0	0	0	1
p9016_pcgamma1_td0p5_mstep1_p1_w0_sep0	geom_top_to_nearest	chr8	chr16	1463	0	0	0	753	0	0	0	710	0	0	0	0	0	0	1
p9016_pcgamma1_td0p5_mstep1_p1_w0_sep0	geom_top_to_nearest	chr8	chr17	1862	0	0	0	915	0	0	0	947	0	0	0	0	0	0	1
p9016_pcgamma1_td0p5_mstep1_p1_w0_sep0	geom_top_to_nearest	chr8	chr18	1533	0	0	0	763	0	0	0	770	0	0	0	0	0	0	1
p9016_pcgamma1_td0p5_mstep1_p1_w0_sep0	geom_top_to_nearest	chr8	chr19	2020	0	0	0	1054	0	0	0	966	0	0	0	0	0	0	1
p9016_pcgamma1_td0p5_mstep1_p1_w0_sep0	geom_top_to_nearest	chr8	chr9	2080	0	0	0	1015	0	0	0	1065	0	0	0	0	0	0	1
p9016_pcgamma1_td0p5_mstep1_p1_w0_sep0	geom_top_to_nearest	chr8	chrX	2775	0	0	0	1390	0	0	0	1385	0	0	0	0	0	0	1
p9016_pcgamma1_td0p5_mstep1_p1_w0_sep0	geom_top_to_nearest	chr9	chr10	2132	0	0	0	1081	0	0	0	1051	0	0	0	0	0	0	1
p9016_pcgamma1_td0p5_mstep1_p1_w0_sep0	geom_top_to_nearest	chr9	chr11	2606	0	0	0	1290	0	0	0	1316	0	0	0	0	0	0	1
p9016_pcgamma1_td0p5_mstep1_p1_w0_sep0	geom_top_to_nearest	chr9	chr12	2310	0	0	0	1140	0	0	0	1170	0	0	0	0	0	0	1
p9016_pcgamma1_td0p5_mstep1_p1_w0_sep0	geom_top_to_nearest	chr9	chr13	2236	0	0	0	1079	0	0	0	1157	0	0	0	0	0	0	1
p9016_pcgamma1_td0p5_mstep1_p1_w0_sep0	geom_top_to_nearest	chr9	chr14	1849	0	0	0	930	0	0	0	919	0	0	0	0	0	0	1
p9016_pcgamma1_td0p5_mstep1_p1_w0_sep0	geom_top_to_nearest	chr9	chr15	1834	0	0	0	940	0	0	0	894	0	0	0	0	0	0	1
p9016_pcgamma1_td0p5_mstep1_p1_w0_sep0	geom_top_to_nearest	chr9	chr16	2922	0	0	0	1444	0	0	0	1478	0	0	0	0	0	0	1
p9016_pcgamma1_td0p5_mstep1_p1_w0_sep0	geom_top_to_nearest	chr9	chr17	3794	0	0	0	1951	0	0	0	1843	0	0	0	0	0	0	1
p9016_pcgamma1_td0p5_mstep1_p1_w0_sep0	geom_top_to_nearest	chr9	chr18	1678	0	0	0	807	0	0	0	871	0	0	0	0	0	0	1
p9016_pcgamma1_td0p5_mstep1_p1_w0_sep0	geom_top_to_nearest	chr9	chr19	1249	0	0	0	589	0	0	0	660	0	0	0	0	0	0	1
p9016_pcgamma1_td0p5_mstep1_p1_w0_sep0	geom_top_to_nearest	chr9	chrX	2928	0	0	0	1590	0	0	0	1338	0	0	0	0	0	0	1
p9016_pcgamma1_td0p5_mstep1_p1_w0_sep0	margin_geom_gap	chr1	chr10	2022.60752	0	0	0	1013.63535	0	0	0	1008.97218	0	0	0	0	0	0	1
p9016_pcgamma1_td0p5_mstep1_p1_w0_sep0	margin_geom_gap	chr1	chr11	14042.2041	0	0	0	6799.04451	0	0	0	7243.15962	0	0	0	0	0	0	1
p9016_pcgamma1_td0p5_mstep1_p1_w0_sep0	margin_geom_gap	chr1	chr12	6142.17877	0	0	0	3277.72513	0	0	0	2864.45364	0	0	0	0	0	0	1
p9016_pcgamma1_td0p5_mstep1_p1_w0_sep0	margin_geom_gap	chr1	chr13	5360.18484	0	0	0	2618.75594	0	0	0	2741.4289	0	0	0	0	0	0	1
p9016_pcgamma1_td0p5_mstep1_p1_w0_sep0	margin_geom_gap	chr1	chr14	4719.51656	0	0	0	2353.93787	0	0	0	2365.57869	0	0	0	0	0	0	1
p9016_pcgamma1_td0p5_mstep1_p1_w0_sep0	margin_geom_gap	chr1	chr15	6401.64713	0	0	0	3194.78092	0	0	0	3206.86621	0	0	0	0	0	0	1
p9016_pcgamma1_td0p5_mstep1_p1_w0_sep0	margin_geom_gap	chr1	chr16	1240.36343	0	0	0	619.939682	0	0	0	620.423743	0	0	0	0	0	0	1
p9016_pcgamma1_td0p5_mstep1_p1_w0_sep0	margin_geom_gap	chr1	chr17	5730.45722	0	0	0	2667.25172	0	0	0	3063.2055	0	0	0	0	0	0	1
p9016_pcgamma1_td0p5_mstep1_p1_w0_sep0	margin_geom_gap	chr1	chr18	2013.28286	0	0	0	920.368755	0	0	0	1092.9141	0	0	0	0	0	0	1
p9016_pcgamma1_td0p5_mstep1_p1_w0_sep0	margin_geom_gap	chr1	chr19	2864.58864	0	0	0	1460.70739	0	0	0	1403.88125	0	0	0	0	0	0	1
p9016_pcgamma1_td0p5_mstep1_p1_w0_sep0	margin_geom_gap	chr1	chr2	4379.79333	0	0	0	2022.12527	0	0	0	2357.66807	0	0	0	0	0	0	1
p9016_pcgamma1_td0p5_mstep1_p1_w0_sep0	margin_geom_gap	chr1	chr3	9307.1345	0	0	0	4718.80291	0	0	0	4588.33159	0	0	0	0	0	0	1
p9016_pcgamma1_td0p5_mstep1_p1_w0_sep0	margin_geom_gap	chr1	chr4	7133.82417	0	0	0	3506.10673	0	0	0	3627.71744	0	0	0	0	0	0	1
p9016_pcgamma1_td0p5_mstep1_p1_w0_sep0	margin_geom_gap	chr1	chr5	2121.14754	0	0	0	1089.85116	0	0	0	1031.29638	0	0	0	0	0	0	1
p9016_pcgamma1_td0p5_mstep1_p1_w0_sep0	margin_geom_gap	chr1	chr6	9413.48274	0	0	0	4527.05968	0	0	0	4886.42306	0	0	0	0	0	0	1
p9016_pcgamma1_td0p5_mstep1_p1_w0_sep0	margin_geom_gap	chr1	chr7	9275.26107	0	0	0	4755.30076	0	0	0	4519.96031	0	0	0	0	0	0	1
p9016_pcgamma1_td0p5_mstep1_p1_w0_sep0	margin_geom_gap	chr1	chr8	19997.8851	0	0	0	10554.6228	0	0	0	9443.26229	0	0	0	0	0	0	1
p9016_pcgamma1_td0p5_mstep1_p1_w0_sep0	margin_geom_gap	chr1	chr9	4696.55679	0	0	0.00174645861	2293.72999	0	0	0	2402.8268	0	0	0.00174645861	0	0	0	1
p9016_pcgamma1_td0p5_mstep1_p1_w0_sep0	margin_geom_gap	chr1	chrX	8090.84647	0	0	0	4198.05779	0	0	0	3892.78868	0	0	0	0	0	0	1
p9016_pcgamma1_td0p5_mstep1_p1_w0_sep0	margin_geom_gap	chr10	chr11	1255.8575	0	0	0	619.326781	0	0	0	636.530719	0	0	0	0	0	0	1
p9016_pcgamma1_td0p5_mstep1_p1_w0_sep0	margin_geom_gap	chr10	chr12	5625.87928	0	0	0	3245.88696	0	0	0	2379.99232	0	0	0	0	0	0	1
p9016_pcgamma1_td0p5_mstep1_p1_w0_sep0	margin_geom_gap	chr10	chr13	2600.77444	0	0	0	1280.21569	0	0	0	1320.55875	0	0	0	0	0	0	1
p9016_pcgamma1_td0p5_mstep1_p1_w0_sep0	margin_geom_gap	chr10	chr14	637.133256	0	0	0	322.962305	0	0	0	314.170951	0	0	0	0	0	0	1
p9016_pcgamma1_td0p5_mstep1_p1_w0_sep0	margin_geom_gap	chr10	chr15	5159.3383	0	0	0	2454.48732	0	0	0	2704.85098	0	0	0	0	0	0	1
p9016_pcgamma1_td0p5_mstep1_p1_w0_sep0	margin_geom_gap	chr10	chr16	6806.51646	0	0	0	3187.65916	0	0	0	3618.8573	0	0	0	0	0	0	1
p9016_pcgamma1_td0p5_mstep1_p1_w0_sep0	margin_geom_gap	chr10	chr17	4996.71577	0	0	0	2647.59886	0	0	0	2349.11691	0	0	0	0	0	0	1
p9016_pcgamma1_td0p5_mstep1_p1_w0_sep0	margin_geom_gap	chr10	chr18	1799.07	0	0	0	894.606228	0	0	0	904.463768	0	0	0	0	0	0	1
p9016_pcgamma1_td0p5_mstep1_p1_w0_sep0	margin_geom_gap	chr10	chr19	343.015795	0	0	0	156.820137	0	0	0	186.195658	0	0	0	0	0	0	1
p9016_pcgamma1_td0p5_mstep1_p1_w0_sep0	margin_geom_gap	chr10	chrX	2340.88479	0	0	0	1196.05804	0	0	0	1144.82675	0	0	0	0	0	0	1
p9016_pcgamma1_td0p5_mstep1_p1_w0_sep0	margin_geom_gap	chr11	chr12	7371.07387	0	0	0	3712.68189	0	0	0	3658.39198	0	0	0	0	0	0	1
p9016_pcgamma1_td0p5_mstep1_p1_w0_sep0	margin_geom_gap	chr11	chr13	8355.96798	0	0	0	4223.89364	0	0	0	4132.07435	0	0	0	0	0	0	1
p9016_pcgamma1_td0p5_mstep1_p1_w0_sep0	margin_geom_gap	chr11	chr14	8943.96367	0	0	0	4437.61215	0	0	0	4506.35152	0	0	0	0	0	0	1
p9016_pcgamma1_td0p5_mstep1_p1_w0_sep0	margin_geom_gap	chr11	chr15	3137.42511	0	0	0	1501.35691	0	0	0	1636.0682	0	0	0	0	0	0	1
p9016_pcgamma1_td0p5_mstep1_p1_w0_sep0	margin_geom_gap	chr11	chr16	2897.8309	0	0	0	1436.45389	0	0	0	1461.37701	0	0	0	0	0	0	1
p9016_pcgamma1_td0p5_mstep1_p1_w0_sep0	margin_geom_gap	chr11	chr17	2788.33875	0	0	0	1381.5357	0	0	0	1406.80305	0	0	0	0	0	0	1
p9016_pcgamma1_td0p5_mstep1_p1_w0_sep0	margin_geom_gap	chr11	chr18	1731.1207	0	0	0	900.04828	0	0	0	831.072423	0	0	0	0	0	0	1
p9016_pcgamma1_td0p5_mstep1_p1_w0_sep0	margin_geom_gap	chr11	chr19	7312.0553	0	0	0	3701.57004	0	0	0	3610.48526	0	0	0	0	0	0	1
p9016_pcgamma1_td0p5_mstep1_p1_w0_sep0	margin_geom_gap	chr11	chrX	4364.24322	0	0	0	2347.34415	0	0	0	2016.89907	0	0	0	0	0	0	1
p9016_pcgamma1_td0p5_mstep1_p1_w0_sep0	margin_geom_gap	chr12	chr13	12927.373	0	0	0	6195.89716	0	0	0	6731.47579	0	0	0	0	0	0	1
p9016_pcgamma1_td0p5_mstep1_p1_w0_sep0	margin_geom_gap	chr12	chr14	964.521737	0	0	0	477.915312	0	0	0	486.606425	0	0	0	0	0	0	1
p9016_pcgamma1_td0p5_mstep1_p1_w0_sep0	margin_geom_gap	chr12	chr15	9100.5035	0	0	0.0252582428	4487.31044	0	0	0	4613.19306	0	0	0.0252582428	0	0	0	1
p9016_pcgamma1_td0p5_mstep1_p1_w0_sep0	margin_geom_gap	chr12	chr16	3423.1476	0	0	0	1781.1524	0	0	0	1641.9952	0	0	0	0	0	0	1
p9016_pcgamma1_td0p5_mstep1_p1_w0_sep0	margin_geom_gap	chr12	chr17	3313.92586	0	0	0	1842.18779	0	0	0	1471.73807	0	0	0	0	0	0	1
p9016_pcgamma1_td0p5_mstep1_p1_w0_sep0	margin_geom_gap	chr12	chr18	1090.49366	0	0	0	432.894969	0	0	0	657.598696	0	0	0	0	0	0	1
p9016_pcgamma1_td0p5_mstep1_p1_w0_sep0	margin_geom_gap	chr12	chr19	4847.12819	0	0	0	1852.09303	0	0	0	2995.03516	0	0	0	0	0	0	1
p9016_pcgamma1_td0p5_mstep1_p1_w0_sep0	margin_geom_gap	chr12	chrX	3488.78199	0	0	0	1813.74805	0	0	0	1675.03394	0	0	0	0	0	0	1
p9016_pcgamma1_td0p5_mstep1_p1_w0_sep0	margin_geom_gap	chr13	chr14	1063.08392	0	0	0.0607589539	468.07866	0	0	0.0360255652	595.005255	0	0	0.0247333886	0	0	0	1
p9016_pcgamma1_td0p5_mstep1_p1_w0_sep0	margin_geom_gap	chr13	chr15	1775.82291	0	0	0	885.423405	0	0	0	890.399509	0	0	0	0	0	0	1
p9016_pcgamma1_td0p5_mstep1_p1_w0_sep0	margin_geom_gap	chr13	chr16	2866.53868	0	0	0	1413.43313	0	0	0	1453.10556	0	0	0	0	0	0	1
p9016_pcgamma1_td0p5_mstep1_p1_w0_sep0	margin_geom_gap	chr13	chr17	4592.42771	0	0	0	2286.63755	0	0	0	2305.79016	0	0	0	0	0	0	1
p9016_pcgamma1_td0p5_mstep1_p1_w0_sep0	margin_geom_gap	chr13	chr18	3756.02503	0	0	0	1701.93328	0	0	0	2054.09175	0	0	0	0	0	0	1
p9016_pcgamma1_td0p5_mstep1_p1_w0_sep0	margin_geom_gap	chr13	chr19	1571.93962	0	0	0.466338238	597.669199	0	0	0.274776143	974.270417	0	0	0.191562095	0	0	0	1
p9016_pcgamma1_td0p5_mstep1_p1_w0_sep0	margin_geom_gap	chr13	chrX	4544.05318	0	0	0	2337.78946	0	0	0	2206.26372	0	0	0	0	0	0	1
p9016_pcgamma1_td0p5_mstep1_p1_w0_sep0	margin_geom_gap	chr14	chr15	383.163072	0	0	0	204.230806	0	0	0	178.932266	0	0	0	0	0	0	1
p9016_pcgamma1_td0p5_mstep1_p1_w0_sep0	margin_geom_gap	chr14	chr16	564.627342	0	0	0	289.260011	0	0	0	275.367331	0	0	0	0	0	0	1
p9016_pcgamma1_td0p5_mstep1_p1_w0_sep0	margin_geom_gap	chr14	chr17	539.464906	0	0	0	262.109485	0	0	0	277.355421	0	0	0	0	0	0	1
p9016_pcgamma1_td0p5_mstep1_p1_w0_sep0	margin_geom_gap	chr14	chr18	2436.69664	0	0	0.000246076047	1165.11084	0	0	0	1271.58579	0	0	0.000246076047	0	0	0	1
p9016_pcgamma1_td0p5_mstep1_p1_w0_sep0	margin_geom_gap	chr14	chr19	754.106748	0	0	0.00101461781	411.434882	0	0	0	342.671866	0	0	0.00101461781	0	0	0	1
p9016_pcgamma1_td0p5_mstep1_p1_w0_sep0	margin_geom_gap	chr14	chrX	554.342963	0	0	0	286.242784	0	0	0	268.100178	0	0	0	0	0	0	1
p9016_pcgamma1_td0p5_mstep1_p1_w0_sep0	margin_geom_gap	chr15	chr16	1654.18964	0	0	0	913.357666	0	0	0	740.831972	0	0	0	0	0	0	1
p9016_pcgamma1_td0p5_mstep1_p1_w0_sep0	margin_geom_gap	chr15	chr17	5855.09662	0	0	0	3075.96529	0	0	0	2779.13134	0	0	0	0	0	0	1
p9016_pcgamma1_td0p5_mstep1_p1_w0_sep0	margin_geom_gap	chr15	chr18	5279.23094	0	0	0	2507.71264	0	0	0	2771.5183	0	0	0	0	0	0	1
p9016_pcgamma1_td0p5_mstep1_p1_w0_sep0	margin_geom_gap	chr15	chr19	2624.79517	0	0	0	1360.191	0	0	0	1264.60418	0	0	0	0	0	0	1
p9016_pcgamma1_td0p5_mstep1_p1_w0_sep0	margin_geom_gap	chr15	chrX	2523.9635	0	0	0	1331.56621	0	0	0	1192.39729	0	0	0	0	0	0	1
p9016_pcgamma1_td0p5_mstep1_p1_w0_sep0	margin_geom_gap	chr16	chr17	894.401769	0	0	0	478.067277	0	0	0	416.334493	0	0	0	0	0	0	1
p9016_pcgamma1_td0p5_mstep1_p1_w0_sep0	margin_geom_gap	chr16	chr18	8270.17753	0	0	0	3794.16904	0	0	0	4476.0085	0	0	0	0	0	0	1
p9016_pcgamma1_td0p5_mstep1_p1_w0_sep0	margin_geom_gap	chr16	chr19	1593.59992	0	0	0	694.559536	0	0	0	899.040382	0	0	0	0	0	0	1
p9016_pcgamma1_td0p5_mstep1_p1_w0_sep0	margin_geom_gap	chr16	chrX	773.848211	0	0	0	408.885454	0	0	0	364.962756	0	0	0	0	0	0	1
p9016_pcgamma1_td0p5_mstep1_p1_w0_sep0	margin_geom_gap	chr17	chr18	448.138548	0	0	0	230.60477	0	0	0	217.533778	0	0	0	0	0	0	1
p9016_pcgamma1_td0p5_mstep1_p1_w0_sep0	margin_geom_gap	chr17	chr19	3723.22942	0	0	0	1694.91832	0	0	0	2028.31109	0	0	0	0	0	0	1
p9016_pcgamma1_td0p5_mstep1_p1_w0_sep0	margin_geom_gap	chr17	chrX	4556.7212	0	0	0	2070.87568	0	0	0	2485.84552	0	0	0	0	0	0	1
p9016_pcgamma1_td0p5_mstep1_p1_w0_sep0	margin_geom_gap	chr18	chr19	1000.63665	0	0	0.149164895	459.220785	0	0	0.0804337003	541.41587	0	0	0.0687311943	0	0	0	1
p9016_pcgamma1_td0p5_mstep1_p1_w0_sep0	margin_geom_gap	chr18	chrX	387.296801	0	0	0	203.528302	0	0	0	183.768498	0	0	0	0	0	0	1
p9016_pcgamma1_td0p5_mstep1_p1_w0_sep0	margin_geom_gap	chr19	chrX	1054.33317	0	0	0	489.811118	0	0	0	564.522054	0	0	0	0	0	0	1
p9016_pcgamma1_td0p5_mstep1_p1_w0_sep0	margin_geom_gap	chr2	chr10	1483.79592	0	0	0	774.027522	0	0	0	709.768402	0	0	0	0	0	0	1
p9016_pcgamma1_td0p5_mstep1_p1_w0_sep0	margin_geom_gap	chr2	chr11	3789.15058	0	0	0	1868.97407	0	0	0	1920.17651	0	0	0	0	0	0	1
p9016_pcgamma1_td0p5_mstep1_p1_w0_sep0	margin_geom_gap	chr2	chr12	2044.38637	0	0	0	1004.06563	0	0	0	1040.32074	0	0	0	0	0	0	1
p9016_pcgamma1_td0p5_mstep1_p1_w0_sep0	margin_geom_gap	chr2	chr13	3737.18109	0	0	0	1877.43572	0	0	0	1859.74537	0	0	0	0	0	0	1
p9016_pcgamma1_td0p5_mstep1_p1_w0_sep0	margin_geom_gap	chr2	chr14	1849.46099	0	0	0	931.394445	0	0	0	918.066548	0	0	0	0	0	0	1
p9016_pcgamma1_td0p5_mstep1_p1_w0_sep0	margin_geom_gap	chr2	chr15	1044.22617	0	0	0	487.424977	0	0	0	556.801193	0	0	0	0	0	0	1
p9016_pcgamma1_td0p5_mstep1_p1_w0_sep0	margin_geom_gap	chr2	chr16	6549.77693	0	0	0	3324.10272	0	0	0	3225.67421	0	0	0	0	0	0	1
p9016_pcgamma1_td0p5_mstep1_p1_w0_sep0	margin_geom_gap	chr2	chr17	2400.18523	0	0	0	944.473598	0	0	0	1455.71163	0	0	0	0	0	0	1
p9016_pcgamma1_td0p5_mstep1_p1_w0_sep0	margin_geom_gap	chr2	chr18	2508.86327	0	0	0	1199.64731	0	0	0	1309.21596	0	0	0	0	0	0	1
p9016_pcgamma1_td0p5_mstep1_p1_w0_sep0	margin_geom_gap	chr2	chr19	1106.47447	0	0	0	612.307501	0	0	0	494.166971	0	0	0	0	0	0	1
p9016_pcgamma1_td0p5_mstep1_p1_w0_sep0	margin_geom_gap	chr2	chr3	12469.9013	0	0	0	5975.1978	0	0	0	6494.70353	0	0	0	0	0	0	1
p9016_pcgamma1_td0p5_mstep1_p1_w0_sep0	margin_geom_gap	chr2	chr4	10110.7962	0	0	0	4905.42797	0	0	0	5205.36823	0	0	0	0	0	0	1
p9016_pcgamma1_td0p5_mstep1_p1_w0_sep0	margin_geom_gap	chr2	chr5	2555.5448	0	0	0	1321.24391	0	0	0	1234.30089	0	0	0	0	0	0	1
p9016_pcgamma1_td0p5_mstep1_p1_w0_sep0	margin_geom_gap	chr2	chr6	12877.1904	0	0	0	6563.2657	0	0	0	6313.92466	0	0	0	0	0	0	1
p9016_pcgamma1_td0p5_mstep1_p1_w0_sep0	margin_geom_gap	chr2	chr7	7898.12556	0	0	0	3818.14857	0	0	0	4079.97699	0	0	0	0	0	0	1
p9016_pcgamma1_td0p5_mstep1_p1_w0_sep0	margin_geom_gap	chr2	chr8	15244.2707	0	0	0	7242.85317	0	0	0	8001.41757	0	0	0	0	0	0	1
p9016_pcgamma1_td0p5_mstep1_p1_w0_sep0	margin_geom_gap	chr2	chr9	8292.86352	0.0353715212	0	0	4207.78216	0.0339403986	0	0	4085.08135	0.00143112261	0	0	0	0	0	1
p9016_pcgamma1_td0p5_mstep1_p1_w0_sep0	margin_geom_gap	chr2	chrX	3585.80327	0	0	0	1707.50661	0	0	0	1878.29666	0	0	0	0	0	0	1
p9016_pcgamma1_td0p5_mstep1_p1_w0_sep0	margin_geom_gap	chr3	chr10	1570.58702	0	0	0	790.502004	0	0	0	780.085015	0	0	0	0	0	0	1
p9016_pcgamma1_td0p5_mstep1_p1_w0_sep0	margin_geom_gap	chr3	chr11	5937.69728	0	0	0	2920.87978	0	0	0	3016.8175	0	0	0	0	0	0	1
p9016_pcgamma1_td0p5_mstep1_p1_w0_sep0	margin_geom_gap	chr3	chr12	5218.29806	0	0	0.0169235147	3057.90643	0	0	0.0169235147	2160.39163	0	0	0	0	0	0	1
p9016_pcgamma1_td0p5_mstep1_p1_w0_sep0	margin_geom_gap	chr3	chr13	9650.95773	0	0	0	4684.48663	0	0	0	4966.47111	0	0	0	0	0	0	1
p9016_pcgamma1_td0p5_mstep1_p1_w0_sep0	margin_geom_gap	chr3	chr14	3238.50501	0	0	0	1535.99559	0	0	0	1702.50942	0	0	0	0	0	0	1
p9016_pcgamma1_td0p5_mstep1_p1_w0_sep0	margin_geom_gap	chr3	chr15	2300.57429	0	0	0	1306.30662	0	0	0	994.267671	0	0	0	0	0	0	1
p9016_pcgamma1_td0p5_mstep1_p1_w0_sep0	margin_geom_gap	chr3	chr16	4154.21532	0	0	0	2189.0926	0	0	0	1965.12272	0	0	0	0	0	0	1
p9016_pcgamma1_td0p5_mstep1_p1_w0_sep0	margin_geom_gap	chr3	chr17	1650.98981	0	0	0	837.245641	0	0	0	813.744168	0	0	0	0	0	0	1
p9016_pcgamma1_td0p5_mstep1_p1_w0_sep0	margin_geom_gap	chr3	chr18	6308.68571	0	0	0	3252.4148	0	0	0	3056.2709	0	0	0	0	0	0	1
p9016_pcgamma1_td0p5_mstep1_p1_w0_sep0	margin_geom_gap	chr3	chr19	2889.21203	0	0	0	1573.69258	0	0	0	1315.51945	0	0	0	0	0	0	1
p9016_pcgamma1_td0p5_mstep1_p1_w0_sep0	margin_geom_gap	chr3	chr4	2534.64279	0	0	0	1249.52625	0	0	0	1285.11655	0	0	0	0	0	0	1
p9016_pcgamma1_td0p5_mstep1_p1_w0_sep0	margin_geom_gap	chr3	chr5	5172.91091	0	0	0	2562.46289	0	0	0	2610.44802	0	0	0	0	0	0	1
p9016_pcgamma1_td0p5_mstep1_p1_w0_sep0	margin_geom_gap	chr3	chr6	7155.415	0	0	0	3483.80556	0	0	0	3671.60944	0	0	0	0	0	0	1
p9016_pcgamma1_td0p5_mstep1_p1_w0_sep0	margin_geom_gap	chr3	chr7	5118.80597	0	0	0.116692391	2536.43345	0	0	0.0813917068	2582.37252	0	0	0.0353006845	0	0	0	1
p9016_pcgamma1_td0p5_mstep1_p1_w0_sep0	margin_geom_gap	chr3	chr8	8704.96611	0	0	0	4171.90144	0	0	0	4533.06467	0	0	0	0	0	0	1
p9016_pcgamma1_td0p5_mstep1_p1_w0_sep0	margin_geom_gap	chr3	chr9	3465.40772	0	0	0	1728.76761	0	0	0	1736.64011	0	0	0	0	0	0	1
p9016_pcgamma1_td0p5_mstep1_p1_w0_sep0	margin_geom_gap	chr3	chrX	2218.01724	0	0	0	1130.99865	0	0	0	1087.01859	0	0	0	0	0	0	1
p9016_pcgamma1_td0p5_mstep1_p1_w0_sep0	margin_geom_gap	chr4	chr10	10257.2395	0	0	0	4907.48831	0	0	0	5349.75124	0	0	0	0	0	0	1
p9016_pcgamma1_td0p5_mstep1_p1_w0_sep0	margin_geom_gap	chr4	chr11	700.09376	0	0	0	350.717498	0	0	0	349.376262	0	0	0	0	0	0	1
p9016_pcgamma1_td0p5_mstep1_p1_w0_sep0	margin_geom_gap	chr4	chr12	6867.39149	0	0	0	3478.85318	0	0	0	3388.5383	0	0	0	0	0	0	1
p9016_pcgamma1_td0p5_mstep1_p1_w0_sep0	margin_geom_gap	chr4	chr13	942.123789	0	0	0	497.898342	0	0	0	444.225446	0	0	0	0	0	0	1
p9016_pcgamma1_td0p5_mstep1_p1_w0_sep0	margin_geom_gap	chr4	chr14	1021.08406	0	0	0	559.936445	0	0	0	461.147615	0	0	0	0	0	0	1
p9016_pcgamma1_td0p5_mstep1_p1_w0_sep0	margin_geom_gap	chr4	chr15	317.703821	0	0	0	161.083084	0	0	0	156.620738	0	0	0	0	0	0	1
p9016_pcgamma1_td0p5_mstep1_p1_w0_sep0	margin_geom_gap	chr4	chr16	5535.40205	0	0	0	2727.47068	0	0	0	2807.93137	0	0	0	0	0	0	1
p9016_pcgamma1_td0p5_mstep1_p1_w0_sep0	margin_geom_gap	chr4	chr17	530.819471	0	0	0	231.991289	0	0	0	298.828182	0	0	0	0	0	0	1
p9016_pcgamma1_td0p5_mstep1_p1_w0_sep0	margin_geom_gap	chr4	chr18	477.291092	0	0	0	233.850747	0	0	0	243.440345	0	0	0	0	0	0	1
p9016_pcgamma1_td0p5_mstep1_p1_w0_sep0	margin_geom_gap	chr4	chr19	724.016994	0	0	0	414.870977	0	0	0	309.146016	0	0	0	0	0	0	1
p9016_pcgamma1_td0p5_mstep1_p1_w0_sep0	margin_geom_gap	chr4	chr5	15660.2579	0	0	0	7571.91945	0	0	0	8088.33849	0	0	0	0	0	0	1
p9016_pcgamma1_td0p5_mstep1_p1_w0_sep0	margin_geom_gap	chr4	chr6	7116.96321	0	0	0	3489.48164	0	0	0	3627.48157	0	0	0	0	0	0	1
p9016_pcgamma1_td0p5_mstep1_p1_w0_sep0	margin_geom_gap	chr4	chr7	9969.8422	0	0	0	4639.27587	0	0	0	5330.56633	0	0	0	0	0	0	1
p9016_pcgamma1_td0p5_mstep1_p1_w0_sep0	margin_geom_gap	chr4	chr8	1028.65201	0	0	0	478.959815	0	0	0	549.692198	0	0	0	0	0	0	1
p9016_pcgamma1_td0p5_mstep1_p1_w0_sep0	margin_geom_gap	chr4	chr9	2749.46784	0	0	0	1356.27215	0	0	0	1393.19569	0	0	0	0	0	0	1
p9016_pcgamma1_td0p5_mstep1_p1_w0_sep0	margin_geom_gap	chr4	chrX	4818.31468	0	0	0	2090.9033	0	0	0	2727.41139	0	0	0	0	0	0	1
p9016_pcgamma1_td0p5_mstep1_p1_w0_sep0	margin_geom_gap	chr5	chr10	3310.58246	0	0	0	1550.01287	0	0	0	1760.56959	0	0	0	0	0	0	1
p9016_pcgamma1_td0p5_mstep1_p1_w0_sep0	margin_geom_gap	chr5	chr11	5615.75022	0	0	0	2872.77315	0	0	0	2742.97707	0	0	0	0	0	0	1
p9016_pcgamma1_td0p5_mstep1_p1_w0_sep0	margin_geom_gap	chr5	chr12	1462.1308	0	0	0	711.408794	0	0	0	750.722009	0	0	0	0	0	0	1
p9016_pcgamma1_td0p5_mstep1_p1_w0_sep0	margin_geom_gap	chr5	chr13	1537.87729	0	0	0	781.437657	0	0	0	756.439629	0	0	0	0	0	0	1
p9016_pcgamma1_td0p5_mstep1_p1_w0_sep0	margin_geom_gap	chr5	chr14	6736.32667	0	0	0	3469.19181	0	0	0	3267.13486	0	0	0	0	0	0	1
p9016_pcgamma1_td0p5_mstep1_p1_w0_sep0	margin_geom_gap	chr5	chr15	601.443221	0	0	0	299.424383	0	0	0	302.018839	0	0	0	0	0	0	1
p9016_pcgamma1_td0p5_mstep1_p1_w0_sep0	margin_geom_gap	chr5	chr16	2352.55952	0	0	0.0949679393	1219.80194	0	0	0.0815992529	1132.75758	0	0	0.0133686864	0	0	0	1
p9016_pcgamma1_td0p5_mstep1_p1_w0_sep0	margin_geom_gap	chr5	chr17	703.490003	0	0	0	338.194405	0	0	0	365.295598	0	0	0	0	0	0	1
p9016_pcgamma1_td0p5_mstep1_p1_w0_sep0	margin_geom_gap	chr5	chr18	2943.26283	0	0	0	1461.69562	0	0	0	1481.56721	0	0	0	0	0	0	1
p9016_pcgamma1_td0p5_mstep1_p1_w0_sep0	margin_geom_gap	chr5	chr19	1809.98706	0	0	0	945.373562	0	0	0	864.613498	0	0	0	0	0	0	1
p9016_pcgamma1_td0p5_mstep1_p1_w0_sep0	margin_geom_gap	chr5	chr6	946.608977	0	0	0	491.94633	0	0	0	454.662647	0	0	0	0	0	0	1
p9016_pcgamma1_td0p5_mstep1_p1_w0_sep0	margin_geom_gap	chr5	chr7	6268.26828	0	0	0	3180.96967	0	0	0	3087.29861	0	0	0	0	0	0	1
p9016_pcgamma1_td0p5_mstep1_p1_w0_sep0	margin_geom_gap	chr5	chr8	3649.88008	0	0	0	1772.60675	0	0	0	1877.27333	0	0	0	0	0	0	1
p9016_pcgamma1_td0p5_mstep1_p1_w0_sep0	margin_geom_gap	chr5	chr9	10504.1096	0	0	0.00220244641	5557.02003	0	0	0	4947.08954	0	0	0.00220244641	0	0	0	1
p9016_pcgamma1_td0p5_mstep1_p1_w0_sep0	margin_geom_gap	chr5	chrX	647.517623	0	0	0	333.060104	0	0	0	314.457519	0	0	0	0	0	0	1
p9016_pcgamma1_td0p5_mstep1_p1_w0_sep0	margin_geom_gap	chr6	chr10	6736.87088	0	0	0	3487.51715	0	0	0	3249.35374	0	0	0	0	0	0	1
p9016_pcgamma1_td0p5_mstep1_p1_w0_sep0	margin_geom_gap	chr6	chr11	2346.44629	0	0	0	1169.37086	0	0	0	1177.07543	0	0	0	0	0	0	1
p9016_pcgamma1_td0p5_mstep1_p1_w0_sep0	margin_geom_gap	chr6	chr12	4620.46767	0	0	0	2207.51558	0	0	0	2412.95209	0	0	0	0	0	0	1
p9016_pcgamma1_td0p5_mstep1_p1_w0_sep0	margin_geom_gap	chr6	chr13	1765.36695	0	0	0	822.686252	0	0	0	942.680699	0	0	0	0	0	0	1
p9016_pcgamma1_td0p5_mstep1_p1_w0_sep0	margin_geom_gap	chr6	chr14	15746.8497	0	0	0	7954.76551	0	0	0	7792.08417	0	0	0	0	0	0	1
p9016_pcgamma1_td0p5_mstep1_p1_w0_sep0	margin_geom_gap	chr6	chr15	2192.23153	0	0	0	1110.47951	0	0	0	1081.75202	0	0	0	0	0	0	1
p9016_pcgamma1_td0p5_mstep1_p1_w0_sep0	margin_geom_gap	chr6	chr16	2894.21914	0	0	0.0536912888	1309.52309	0	0	0.0218033544	1584.69605	0	0	0.0318879344	0	0	0	1
p9016_pcgamma1_td0p5_mstep1_p1_w0_sep0	margin_geom_gap	chr6	chr17	924.533138	0	0	0	445.545505	0	0	0	478.987633	0	0	0	0	0	0	1
p9016_pcgamma1_td0p5_mstep1_p1_w0_sep0	margin_geom_gap	chr6	chr18	5262.81206	0	0	0	2649.37176	0	0	0	2613.4403	0	0	0	0	0	0	1
p9016_pcgamma1_td0p5_mstep1_p1_w0_sep0	margin_geom_gap	chr6	chr19	2341.41396	0	0	0	1394.79464	0	0	0	946.619319	0	0	0	0	0	0	1
p9016_pcgamma1_td0p5_mstep1_p1_w0_sep0	margin_geom_gap	chr6	chr7	2249.80525	0	0	0	1107.96602	0	0	0	1141.83923	0	0	0	0	0	0	1
p9016_pcgamma1_td0p5_mstep1_p1_w0_sep0	margin_geom_gap	chr6	chr8	2686.44613	0	0	0	1360.2142	0	0	0	1326.23193	0	0	0	0	0	0	1
p9016_pcgamma1_td0p5_mstep1_p1_w0_sep0	margin_geom_gap	chr6	chr9	2866.77016	0	0	0	1477.61593	0	0	0	1389.15423	0	0	0	0	0	0	1
p9016_pcgamma1_td0p5_mstep1_p1_w0_sep0	margin_geom_gap	chr6	chrX	1596.58481	0	0	0	824.171336	0	0	0	772.413473	0	0	0	0	0	0	1
p9016_pcgamma1_td0p5_mstep1_p1_w0_sep0	margin_geom_gap	chr7	chr10	1116.45963	0	0	0	566.993196	0	0	0	549.466435	0	0	0	0	0	0	1
p9016_pcgamma1_td0p5_mstep1_p1_w0_sep0	margin_geom_gap	chr7	chr11	4625.05652	0	0	0	2344.5898	0	0	0	2280.46672	0	0	0	0	0	0	1
p9016_pcgamma1_td0p5_mstep1_p1_w0_sep0	margin_geom_gap	chr7	chr12	3672.25192	0	0	0.0481516258	1882.11502	0	0	0.0264145264	1790.1369	0	0	0.0217370994	0	0	0	1
p9016_pcgamma1_td0p5_mstep1_p1_w0_sep0	margin_geom_gap	chr7	chr13	3773.36571	0	0	0	1978.71804	0	0	0	1794.64768	0	0	0	0	0	0	1
p9016_pcgamma1_td0p5_mstep1_p1_w0_sep0	margin_geom_gap	chr7	chr14	11354.6258	0	0	0	5526.40994	0	0	0	5828.21591	0	0	0	0	0	0	1
p9016_pcgamma1_td0p5_mstep1_p1_w0_sep0	margin_geom_gap	chr7	chr15	1393.97629	0	0	0	644.125234	0	0	0	749.851058	0	0	0	0	0	0	1
p9016_pcgamma1_td0p5_mstep1_p1_w0_sep0	margin_geom_gap	chr7	chr16	2882.78008	0	0	0	1463.70256	0	0	0	1419.07752	0	0	0	0	0	0	1
p9016_pcgamma1_td0p5_mstep1_p1_w0_sep0	margin_geom_gap	chr7	chr17	1006.96133	0	0	0	528.912143	0	0	0	478.049191	0	0	0	0	0	0	1
p9016_pcgamma1_td0p5_mstep1_p1_w0_sep0	margin_geom_gap	chr7	chr18	10238.5966	0	0	0	4776.43438	0	0	0	5462.16219	0	0	0	0	0	0	1
p9016_pcgamma1_td0p5_mstep1_p1_w0_sep0	margin_geom_gap	chr7	chr19	4368.06981	0	0	0	2276.5489	0	0	0	2091.52091	0	0	0	0	0	0	1
p9016_pcgamma1_td0p5_mstep1_p1_w0_sep0	margin_geom_gap	chr7	chr8	6102.81466	0	0	0	3064.98895	0	0	0	3037.82571	0	0	0	0	0	0	1
p9016_pcgamma1_td0p5_mstep1_p1_w0_sep0	margin_geom_gap	chr7	chr9	5799.07014	0	0	0	2990.92105	0	0	0	2808.14908	0	0	0	0	0	0	1
p9016_pcgamma1_td0p5_mstep1_p1_w0_sep0	margin_geom_gap	chr7	chrX	763.258694	0	0	0	385.396478	0	0	0	377.862216	0	0	0	0	0	0	1
p9016_pcgamma1_td0p5_mstep1_p1_w0_sep0	margin_geom_gap	chr8	chr10	1367.8989	0	0	0	677.898831	0	0	0	690.000074	0	0	0	0	0	0	1
p9016_pcgamma1_td0p5_mstep1_p1_w0_sep0	margin_geom_gap	chr8	chr11	26997.0053	0	0	0	14307.9977	0	0	0	12689.0076	0	0	0	0	0	0	1
p9016_pcgamma1_td0p5_mstep1_p1_w0_sep0	margin_geom_gap	chr8	chr12	6342.2827	0	0	0	3192.25382	0	0	0	3150.02888	0	0	0	0	0	0	1
p9016_pcgamma1_td0p5_mstep1_p1_w0_sep0	margin_geom_gap	chr8	chr13	5821.41253	0	0	0	2903.25531	0	0	0	2918.15722	0	0	0	0	0	0	1
p9016_pcgamma1_td0p5_mstep1_p1_w0_sep0	margin_geom_gap	chr8	chr14	7655.76913	0	0	0	3591.06632	0	0	0	4064.70281	0	0	0	0	0	0	1
p9016_pcgamma1_td0p5_mstep1_p1_w0_sep0	margin_geom_gap	chr8	chr15	9300.59152	0	0	0	4813.19457	0	0	0	4487.39695	0	0	0	0	0	0	1
p9016_pcgamma1_td0p5_mstep1_p1_w0_sep0	margin_geom_gap	chr8	chr16	2722.33708	0	0	0	1385.199	0	0	0	1337.13808	0	0	0	0	0	0	1
p9016_pcgamma1_td0p5_mstep1_p1_w0_sep0	margin_geom_gap	chr8	chr17	1286.28956	0	0	0	646.207124	0	0	0	640.082432	0	0	0	0	0	0	1
p9016_pcgamma1_td0p5_mstep1_p1_w0_sep0	margin_geom_gap	chr8	chr18	2033.34026	0	0	0	988.47191	0	0	0	1044.86835	0	0	0	0	0	0	1
p9016_pcgamma1_td0p5_mstep1_p1_w0_sep0	margin_geom_gap	chr8	chr19	5865.56374	0	0	0	3037.8045	0	0	0	2827.75923	0	0	0	0	0	0	1
p9016_pcgamma1_td0p5_mstep1_p1_w0_sep0	margin_geom_gap	chr8	chr9	4620.84861	0	0	0	2252.92707	0	0	0	2367.92154	0	0	0	0	0	0	1
p9016_pcgamma1_td0p5_mstep1_p1_w0_sep0	margin_geom_gap	chr8	chrX	3569.31358	0	0	0	1753.13719	0	0	0	1816.17639	0	0	0	0	0	0	1
p9016_pcgamma1_td0p5_mstep1_p1_w0_sep0	margin_geom_gap	chr9	chr10	951.914074	0	0	0	493.506544	0	0	0	458.40753	0	0	0	0	0	0	1
p9016_pcgamma1_td0p5_mstep1_p1_w0_sep0	margin_geom_gap	chr9	chr11	6014.37074	0	0	0	3009.90085	0	0	0	3004.46989	0	0	0	0	0	0	1
p9016_pcgamma1_td0p5_mstep1_p1_w0_sep0	margin_geom_gap	chr9	chr12	2113.56675	0	0	0	1017.78459	0	0	0	1095.78216	0	0	0	0	0	0	1
p9016_pcgamma1_td0p5_mstep1_p1_w0_sep0	margin_geom_gap	chr9	chr13	1520.20746	0	0	0	722.155227	0	0	0	798.052233	0	0	0	0	0	0	1
p9016_pcgamma1_td0p5_mstep1_p1_w0_sep0	margin_geom_gap	chr9	chr14	3395.91511	0	0	0	1699.33584	0	0	0	1696.57927	0	0	0	0	0	0	1
p9016_pcgamma1_td0p5_mstep1_p1_w0_sep0	margin_geom_gap	chr9	chr15	1526.26832	0	0	0	782.578838	0	0	0	743.689478	0	0	0	0	0	0	1
p9016_pcgamma1_td0p5_mstep1_p1_w0_sep0	margin_geom_gap	chr9	chr16	2739.38834	0	0	0	1345.32553	0	0	0	1394.06282	0	0	0	0	0	0	1
p9016_pcgamma1_td0p5_mstep1_p1_w0_sep0	margin_geom_gap	chr9	chr17	6102.74247	0	0	0	3226.83808	0	0	0	2875.90439	0	0	0	0	0	0	1
p9016_pcgamma1_td0p5_mstep1_p1_w0_sep0	margin_geom_gap	chr9	chr18	1310.33643	0	0	0	621.581184	0	0	0	688.755245	0	0	0	0	0	0	1
p9016_pcgamma1_td0p5_mstep1_p1_w0_sep0	margin_geom_gap	chr9	chr19	1557.94748	0	0	0	715.233822	0	0	0	842.713662	0	0	0	0	0	0	1
p9016_pcgamma1_td0p5_mstep1_p1_w0_sep0	margin_geom_gap	chr9	chrX	2675.60306	0	0	0	1546.69234	0	0	0	1128.91072	0	0	0	0	0	0	1
p9016_pcgamma1_td0p5_mstep1_p1_w0_sep0	pmax_geom_gap	chr1	chr10	2451.84274	0	0	0	1223.04967	0	0	0	1228.79307	0	0	0	0	0	0	1
p9016_pcgamma1_td0p5_mstep1_p1_w0_sep0	pmax_geom_gap	chr1	chr11	14515.0825	0	0	0	7036.80362	0	0	0	7478.27887	0	0	0	0	0	0	1
p9016_pcgamma1_td0p5_mstep1_p1_w0_sep0	pmax_geom_gap	chr1	chr12	6486.20464	0	0	0	3447.58531	0	0	0	3038.61932	0	0	0	0	0	0	1
p9016_pcgamma1_td0p5_mstep1_p1_w0_sep0	pmax_geom_gap	chr1	chr13	5753.89679	0	0	0	2819.60065	0	0	0	2934.29614	0	0	0	0	0	0	1
p9016_pcgamma1_td0p5_mstep1_p1_w0_sep0	pmax_geom_gap	chr1	chr14	5013.54507	0	0	0	2499.77421	0	0	0	2513.77086	0	0	0	0	0	0	1
p9016_pcgamma1_td0p5_mstep1_p1_w0_sep0	pmax_geom_gap	chr1	chr15	6859.00175	0	0	0	3427.54306	0	0	0	3431.45869	0	0	0	0	0	0	1
p9016_pcgamma1_td0p5_mstep1_p1_w0_sep0	pmax_geom_gap	chr1	chr16	1572.2872	0	0	0	787.797012	0	0	0	784.490191	0	0	0	0	0	0	1
p9016_pcgamma1_td0p5_mstep1_p1_w0_sep0	pmax_geom_gap	chr1	chr17	6318.765	0	0.0542089793	0	2959.41827	0	0.0542089793	0	3359.34673	0	0	0	0	0	0	1
p9016_pcgamma1_td0p5_mstep1_p1_w0_sep0	pmax_geom_gap	chr1	chr18	2285.64411	0	0	0	1051.75893	0	0	0	1233.88517	0	0	0	0	0	0	1
p9016_pcgamma1_td0p5_mstep1_p1_w0_sep0	pmax_geom_gap	chr1	chr19	3034.17092	0	0	0	1542.72804	0	0	0	1491.44288	0	0	0	0	0	0	1
p9016_pcgamma1_td0p5_mstep1_p1_w0_sep0	pmax_geom_gap	chr1	chr2	5234.49183	0	0	0.00438126202	2449.35675	0	0	0	2785.13507	0	0	0.00438126202	0	0	0	1
p9016_pcgamma1_td0p5_mstep1_p1_w0_sep0	pmax_geom_gap	chr1	chr3	9663.87525	0	0	0	4898.19216	0	0	0	4765.68309	0	0	0	0	0	0	1
p9016_pcgamma1_td0p5_mstep1_p1_w0_sep0	pmax_geom_gap	chr1	chr4	7678.77963	0	0	0	3779.13303	0	0	0	3899.6466	0	0	0	0	0	0	1
p9016_pcgamma1_td0p5_mstep1_p1_w0_sep0	pmax_geom_gap	chr1	chr5	2584.67389	0	0	0	1321.67783	0	0	0	1262.99606	0	0	0	0	0	0	1
p9016_pcgamma1_td0p5_mstep1_p1_w0_sep0	pmax_geom_gap	chr1	chr6	10108.8322	0	0.168488892	0	4868.92315	0	0.168488892	0	5239.90905	0	0	0	0	0	0	1
p9016_pcgamma1_td0p5_mstep1_p1_w0_sep0	pmax_geom_gap	chr1	chr7	9474.51523	0	0	0	4858.00229	0	0	0	4616.51294	0	0	0	0	0	0	1
p9016_pcgamma1_td0p5_mstep1_p1_w0_sep0	pmax_geom_gap	chr1	chr8	20272.4288	0	0	0	10691.8347	0	0	0	9580.59409	0	0	0	0	0	0	1
p9016_pcgamma1_td0p5_mstep1_p1_w0_sep0	pmax_geom_gap	chr1	chr9	5410.87543	0	0	0.891934095	2656.94632	0	0	0.086065486	2753.9291	0	0	0.805868609	0	0	0	1
p9016_pcgamma1_td0p5_mstep1_p1_w0_sep0	pmax_geom_gap	chr1	chrX	9089.04452	0.119612099	0	0	4694.37496	0.0295415789	0	0	4394.66956	0.0900705204	0	0	0	0	0	1
p9016_pcgamma1_td0p5_mstep1_p1_w0_sep0	pmax_geom_gap	chr10	chr11	1570.56763	0	0	0	776.916158	0	0	0	793.651471	0	0	0	0	0	0	1
p9016_pcgamma1_td0p5_mstep1_p1_w0_sep0	pmax_geom_gap	chr10	chr12	6085.64401	0	0	0	3483.05003	0	0	0	2602.59397	0	0	0	0	0	0	1
p9016_pcgamma1_td0p5_mstep1_p1_w0_sep0	pmax_geom_gap	chr10	chr13	3152.61179	0	0	0	1555.64996	0	0	0	1596.96183	0	0	0	0	0	0	1
p9016_pcgamma1_td0p5_mstep1_p1_w0_sep0	pmax_geom_gap	chr10	chr14	879.093673	0	0	0.0249462686	444.658254	0	0	0.0249462686	434.435419	0	0	0	0	0	0	1
p9016_pcgamma1_td0p5_mstep1_p1_w0_sep0	pmax_geom_gap	chr10	chr15	5477.37682	0	0	0.203389707	2615.14962	0	0	0	2862.2272	0	0	0.203389707	0	0	0	1
p9016_pcgamma1_td0p5_mstep1_p1_w0_sep0	pmax_geom_gap	chr10	chr16	7369.60387	0	0	0	3473.72799	0	0	0	3895.87588	0	0	0	0	0	0	1
p9016_pcgamma1_td0p5_mstep1_p1_w0_sep0	pmax_geom_gap	chr10	chr17	5260.7443	0	0	0	2780.79513	0	0	0	2479.94917	0	0	0	0	0	0	1
p9016_pcgamma1_td0p5_mstep1_p1_w0_sep0	pmax_geom_gap	chr10	chr18	2135.89908	0	0	0	1066.34457	0	0	0	1069.55451	0	0	0	0	0	0	1
p9016_pcgamma1_td0p5_mstep1_p1_w0_sep0	pmax_geom_gap	chr10	chr19	499.543113	0	0	0.200939611	231.524827	0	0	0.154759783	268.018287	0	0	0.0461798272	0	0	0	1
p9016_pcgamma1_td0p5_mstep1_p1_w0_sep0	pmax_geom_gap	chr10	chrX	2600.23832	0	0	0	1328.91486	0	0	0	1271.32347	0	0	0	0	0	0	1
p9016_pcgamma1_td0p5_mstep1_p1_w0_sep0	pmax_geom_gap	chr11	chr12	7479.18706	0	0	0	3765.67281	0	0	0	3713.51425	0	0	0	0	0	0	1
p9016_pcgamma1_td0p5_mstep1_p1_w0_sep0	pmax_geom_gap	chr11	chr13	8639.84736	0	0	0	4366.31676	0	0	0	4273.53059	0	0	0	0	0	0	1
p9016_pcgamma1_td0p5_mstep1_p1_w0_sep0	pmax_geom_gap	chr11	chr14	9189.70929	0	0	0	4562.14264	0	0	0	4627.56664	0	0	0	0	0	0	1
p9016_pcgamma1_td0p5_mstep1_p1_w0_sep0	pmax_geom_gap	chr11	chr15	3433.48968	0	0	0	1647.22975	0	0	0	1786.25993	0	0	0	0	0	0	1
p9016_pcgamma1_td0p5_mstep1_p1_w0_sep0	pmax_geom_gap	chr11	chr16	3069.35814	0	0	0	1522.47171	0	0	0	1546.88643	0	0	0	0	0	0	1
p9016_pcgamma1_td0p5_mstep1_p1_w0_sep0	pmax_geom_gap	chr11	chr17	3084.36107	0	0	0	1527.47348	0	0	0	1556.88759	0	0	0	0	0	0	1
p9016_pcgamma1_td0p5_mstep1_p1_w0_sep0	pmax_geom_gap	chr11	chr18	1947.22283	0	0	0	1013.92377	0	0	0	933.299059	0	0	0	0	0	0	1
p9016_pcgamma1_td0p5_mstep1_p1_w0_sep0	pmax_geom_gap	chr11	chr19	7482.47317	0	0	0	3787.4056	0	0	0	3695.06757	0	0	0	0	0	0	1
p9016_pcgamma1_td0p5_mstep1_p1_w0_sep0	pmax_geom_gap	chr11	chrX	5013.62962	0	0	0.37097	2675.08339	0	0	0.24886597	2338.54623	0	0	0.12210403	0	0	0	1
p9016_pcgamma1_td0p5_mstep1_p1_w0_sep0	pmax_geom_gap	chr12	chr13	13625.0142	0	0	0	6545.07934	0	0	0	7079.93485	0	0	0	0	0	0	1
p9016_pcgamma1_td0p5_mstep1_p1_w0_sep0	pmax_geom_gap	chr12	chr14	1232.2915	0	0	0	610.890696	0	0	0	621.4008	0	0	0	0	0	0	1
p9016_pcgamma1_td0p5_mstep1_p1_w0_sep0	pmax_geom_gap	chr12	chr15	9367.04666	0	0	0.564735317	4621.59749	0	0	0	4745.44917	0	0	0.564735317	0	0	0	1
p9016_pcgamma1_td0p5_mstep1_p1_w0_sep0	pmax_geom_gap	chr12	chr16	3585.67961	0	0	0	1862.0143	0	0	0	1723.6653	0	0	0	0	0	0	1
p9016_pcgamma1_td0p5_mstep1_p1_w0_sep0	pmax_geom_gap	chr12	chr17	3655.3762	0	0	0	2015.40157	0	0	0	1639.97462	0	0	0	0	0	0	1
p9016_pcgamma1_td0p5_mstep1_p1_w0_sep0	pmax_geom_gap	chr12	chr18	1299.68518	0	0	0	533.941642	0	0	0	765.74354	0	0	0	0	0	0	1
p9016_pcgamma1_td0p5_mstep1_p1_w0_sep0	pmax_geom_gap	chr12	chr19	5138.75239	0	0	0	2000.81913	0	0	0	3137.93326	0	0	0	0	0	0	1
p9016_pcgamma1_td0p5_mstep1_p1_w0_sep0	pmax_geom_gap	chr12	chrX	3727.63484	0	0	0	1936.53506	0	0	0	1791.09978	0	0	0	0	0	0	1
p9016_pcgamma1_td0p5_mstep1_p1_w0_sep0	pmax_geom_gap	chr13	chr14	1438.27904	0	0	2.94923378	656.66271	0	0	1.88693268	781.616334	0	0	1.06230109	0	0	0	1
p9016_pcgamma1_td0p5_mstep1_p1_w0_sep0	pmax_geom_gap	chr13	chr15	2073.01501	0	0	0	1030.4511	0	0	0	1042.56391	0	0	0	0	0	0	1
p9016_pcgamma1_td0p5_mstep1_p1_w0_sep0	pmax_geom_gap	chr13	chr16	3231.52501	0	0	0	1604.59458	0	0	0	1626.93044	0	0	0	0	0	0	1
p9016_pcgamma1_td0p5_mstep1_p1_w0_sep0	pmax_geom_gap	chr13	chr17	5048.43308	0	0	0	2516.11776	0	0	0	2532.31531	0	0	0	0	0	0	1
p9016_pcgamma1_td0p5_mstep1_p1_w0_sep0	pmax_geom_gap	chr13	chr18	4223.69421	0	0	1.6322735	1935.22684	0	0	1.28321005	2288.46737	0	0	0.349063451	0	0	0	1
p9016_pcgamma1_td0p5_mstep1_p1_w0_sep0	pmax_geom_gap	chr13	chr19	2005.98954	0	0	54.0801386	804.750598	0	0	31.4581358	1201.23894	0	0	22.6220029	0	0	0	1
p9016_pcgamma1_td0p5_mstep1_p1_w0_sep0	pmax_geom_gap	chr13	chrX	4850.53428	0	0	0	2491.53345	0	0	0	2359.00083	0	0	0	0	0	0	1
p9016_pcgamma1_td0p5_mstep1_p1_w0_sep0	pmax_geom_gap	chr14	chr15	552.903813	0	0	0	289.803291	0	0	0	263.100521	0	0	0	0	0	0	1
p9016_pcgamma1_td0p5_mstep1_p1_w0_sep0	pmax_geom_gap	chr14	chr16	760.401311	0	0	0	389.539405	0	0	0	370.861906	0	0	0	0	0	0	1
p9016_pcgamma1_td0p5_mstep1_p1_w0_sep0	pmax_geom_gap	chr14	chr17	699.508882	0	0	0	344.651052	0	0	0	354.857831	0	0	0	0	0	0	1
p9016_pcgamma1_td0p5_mstep1_p1_w0_sep0	pmax_geom_gap	chr14	chr18	2746.20865	0	0	0.736558868	1320.60716	0	0	0.154397061	1425.60148	0	0	0.582161807	0	0	0	1
p9016_pcgamma1_td0p5_mstep1_p1_w0_sep0	pmax_geom_gap	chr14	chr19	1032.81403	0	0	3.99168015	553.111562	0	0	1.84753925	479.702469	0	0	2.1441409	0	0	0	1
p9016_pcgamma1_td0p5_mstep1_p1_w0_sep0	pmax_geom_gap	chr14	chrX	790.707728	0	0	0	406.02278	0	0	0	384.684948	0	0	0	0	0	0	1
p9016_pcgamma1_td0p5_mstep1_p1_w0_sep0	pmax_geom_gap	chr15	chr16	1841.19488	0	0	0	1012.69931	0	0	0	828.49557	0	0	0	0	0	0	1
p9016_pcgamma1_td0p5_mstep1_p1_w0_sep0	pmax_geom_gap	chr15	chr17	6238.82055	0	0	0	3264.8746	0	0	0	2973.94595	0	0	0	0	0	0	1
p9016_pcgamma1_td0p5_mstep1_p1_w0_sep0	pmax_geom_gap	chr15	chr18	5618.6009	0	0	0	2676.6173	0	0	0	2941.9836	0	0	0	0	0	0	1
p9016_pcgamma1_td0p5_mstep1_p1_w0_sep0	pmax_geom_gap	chr15	chr19	2772.16136	0	0	0	1430.93695	0	0	0	1341.22441	0	0	0	0	0	0	1
p9016_pcgamma1_td0p5_mstep1_p1_w0_sep0	pmax_geom_gap	chr15	chrX	2761.02007	0	0	0	1453.06063	0	0	0	1307.95944	0	0	0	0	0	0	1
p9016_pcgamma1_td0p5_mstep1_p1_w0_sep0	pmax_geom_gap	chr16	chr17	1103.4568	0	0	0	585.197218	0	0	0	518.259579	0	0	0	0	0	0	1
p9016_pcgamma1_td0p5_mstep1_p1_w0_sep0	pmax_geom_gap	chr16	chr18	8571.01626	0	0	0	3937.44005	0	0	0	4633.57621	0	0	0	0	0	0	1
p9016_pcgamma1_td0p5_mstep1_p1_w0_sep0	pmax_geom_gap	chr16	chr19	1874.06817	1.19551523	0	0	839.221763	0.211194737	0	0	1034.84641	0.984320498	0	0	0	0	0	1
p9016_pcgamma1_td0p5_mstep1_p1_w0_sep0	pmax_geom_gap	chr16	chrX	991.201114	0	0	0	518.530293	0	0	0	472.670821	0	0	0	0	0	0	1
p9016_pcgamma1_td0p5_mstep1_p1_w0_sep0	pmax_geom_gap	chr17	chr18	589.997729	0	0	0	303.085381	0	0	0	286.912348	0	0	0	0	0	0	1
p9016_pcgamma1_td0p5_mstep1_p1_w0_sep0	pmax_geom_gap	chr17	chr19	3880.54235	0	0	0	1774.59057	0	0	0	2105.95178	0	0	0	0	0	0	1
p9016_pcgamma1_td0p5_mstep1_p1_w0_sep0	pmax_geom_gap	chr17	chrX	4865.89148	0	0	0	2225.18873	0	0	0	2640.70276	0	0	0	0	0	0	1
p9016_pcgamma1_td0p5_mstep1_p1_w0_sep0	pmax_geom_gap	chr18	chr19	1202.12924	0	0	3.08770988	560.578789	0	0	1.12947834	641.550453	0	0	1.95823154	0	0	0	1
p9016_pcgamma1_td0p5_mstep1_p1_w0_sep0	pmax_geom_gap	chr18	chrX	559.888294	0	0	0	288.493229	0	0	0	271.395065	0	0	0	0	0	0	1
p9016_pcgamma1_td0p5_mstep1_p1_w0_sep0	pmax_geom_gap	chr19	chrX	1211.37057	0	0	0	567.002981	0	0	0	644.367591	0	0	0	0	0	0	1
p9016_pcgamma1_td0p5_mstep1_p1_w0_sep0	pmax_geom_gap	chr2	chr10	1856.91395	0	0	0	962.378978	0	0	0	894.53497	0	0	0	0	0	0	1
p9016_pcgamma1_td0p5_mstep1_p1_w0_sep0	pmax_geom_gap	chr2	chr11	4328.50863	0	0	0	2138.75499	0	0	0	2189.75364	0	0	0	0	0	0	1
p9016_pcgamma1_td0p5_mstep1_p1_w0_sep0	pmax_geom_gap	chr2	chr12	2444.89591	0	0	0	1199.79215	0	0	0	1245.10376	0	0	0	0	0	0	1
p9016_pcgamma1_td0p5_mstep1_p1_w0_sep0	pmax_geom_gap	chr2	chr13	4169.66123	0	0	0	2094.88354	0	0	0	2074.77769	0	0	0	0	0	0	1
p9016_pcgamma1_td0p5_mstep1_p1_w0_sep0	pmax_geom_gap	chr2	chr14	2231.74862	0	0	0	1119.16324	0	0	0	1112.58538	0	0	0	0	0	0	1
p9016_pcgamma1_td0p5_mstep1_p1_w0_sep0	pmax_geom_gap	chr2	chr15	1340.52041	0	0	0	628.525177	0	0	0	711.995237	0	0	0	0	0	0	1
p9016_pcgamma1_td0p5_mstep1_p1_w0_sep0	pmax_geom_gap	chr2	chr16	7038.32022	0	0	0	3565.98386	0	0	0	3472.33635	0	0	0	0	0	0	1
p9016_pcgamma1_td0p5_mstep1_p1_w0_sep0	pmax_geom_gap	chr2	chr17	2782.50323	0	0	0	1135.93485	0	0	0	1646.56838	0	0	0	0	0	0	1
p9016_pcgamma1_td0p5_mstep1_p1_w0_sep0	pmax_geom_gap	chr2	chr18	2853.93874	0	0	0	1364.26923	0	0	0	1489.6695	0	0	0	0	0	0	1
p9016_pcgamma1_td0p5_mstep1_p1_w0_sep0	pmax_geom_gap	chr2	chr19	1334.5055	0	0	0	727.882131	0	0	0	606.623365	0	0	0	0	0	0	1
p9016_pcgamma1_td0p5_mstep1_p1_w0_sep0	pmax_geom_gap	chr2	chr3	13046.2001	0	0	0	6263.53696	0	0	0	6782.66319	0	0	0	0	0	0	1
p9016_pcgamma1_td0p5_mstep1_p1_w0_sep0	pmax_geom_gap	chr2	chr4	10738.8218	0	0	0	5208.15172	0	0	0	5530.67006	0	0	0	0	0	0	1
p9016_pcgamma1_td0p5_mstep1_p1_w0_sep0	pmax_geom_gap	chr2	chr5	3096.95079	0	0	0	1595.09782	0	0	0	1501.85297	0	0	0	0	0	0	1
p9016_pcgamma1_td0p5_mstep1_p1_w0_sep0	pmax_geom_gap	chr2	chr6	13420.379	0	0	0	6831.61369	0	0	0	6588.76534	0	0	0	0	0	0	1
p9016_pcgamma1_td0p5_mstep1_p1_w0_sep0	pmax_geom_gap	chr2	chr7	8367.97333	0	0	0	4048.76384	0	0	0	4319.20949	0	0	0	0	0	0	1
p9016_pcgamma1_td0p5_mstep1_p1_w0_sep0	pmax_geom_gap	chr2	chr8	15699.5329	0	0	0	7468.72669	0	0	0	8230.80619	0	0	0	0	0	0	1
p9016_pcgamma1_td0p5_mstep1_p1_w0_sep0	pmax_geom_gap	chr2	chr9	9174.26173	7.16420332	0	0	4642.32099	5.04453709	0	0	4531.94074	2.11966623	0	0	0	0	0	1
p9016_pcgamma1_td0p5_mstep1_p1_w0_sep0	pmax_geom_gap	chr2	chrX	4279.38267	0.0592193691	0	0	2054.25853	0	0	0	2225.12414	0.0592193691	0	0	0	0	0	1
p9016_pcgamma1_td0p5_mstep1_p1_w0_sep0	pmax_geom_gap	chr3	chr10	1976.8681	0	0	0	989.996732	0	0	0	986.871366	0	0	0	0	0	0	1
p9016_pcgamma1_td0p5_mstep1_p1_w0_sep0	pmax_geom_gap	chr3	chr11	6290.92636	0	0	0.288909444	3097.5997	0	0	0.15782019	3193.32666	0	0	0.131089254	0	0	0	1
p9016_pcgamma1_td0p5_mstep1_p1_w0_sep0	pmax_geom_gap	chr3	chr12	5947.02193	0	0	6.66045131	3415.70334	0	0	4.78242401	2531.31859	0	0	1.8780273	0	0	0	1
p9016_pcgamma1_td0p5_mstep1_p1_w0_sep0	pmax_geom_gap	chr3	chr13	10045.9363	0	0	0	4881.80526	0	0	0	5164.13099	0	0	0	0	0	0	1
p9016_pcgamma1_td0p5_mstep1_p1_w0_sep0	pmax_geom_gap	chr3	chr14	3609.70753	0	0	0	1713.83717	0	0	0	1895.87036	0	0	0	0	0	0	1
p9016_pcgamma1_td0p5_mstep1_p1_w0_sep0	pmax_geom_gap	chr3	chr15	2614.20206	0	0	0	1460.49067	0	0	0	1153.71139	0	0	0	0	0	0	1
p9016_pcgamma1_td0p5_mstep1_p1_w0_sep0	pmax_geom_gap	chr3	chr16	4276.72567	0	0	0	2251.0126	0	0	0	2025.71307	0	0	0	0	0	0	1
p9016_pcgamma1_td0p5_mstep1_p1_w0_sep0	pmax_geom_gap	chr3	chr17	1964.96592	0	0	0	998.002341	0	0	0	966.963579	0	0	0	0	0	0	1
p9016_pcgamma1_td0p5_mstep1_p1_w0_sep0	pmax_geom_gap	chr3	chr18	6594.95519	0	0	0	3392.95768	0	0	0	3201.99751	0	0	0	0	0	0	1
p9016_pcgamma1_td0p5_mstep1_p1_w0_sep0	pmax_geom_gap	chr3	chr19	3145.4616	0	0	0	1705.68361	0	0	0	1439.77799	0	0	0	0	0	0	1
p9016_pcgamma1_td0p5_mstep1_p1_w0_sep0	pmax_geom_gap	chr3	chr4	3058.15886	0	0	0	1505.3687	0	0	0	1552.79016	0	0	0	0	0	0	1
p9016_pcgamma1_td0p5_mstep1_p1_w0_sep0	pmax_geom_gap	chr3	chr5	5467.12749	0.23681541	0	0	2701.07096	0	0	0	2766.05653	0.23681541	0	0	0	0	0	1
p9016_pcgamma1_td0p5_mstep1_p1_w0_sep0	pmax_geom_gap	chr3	chr6	7357.41019	0	0	0	3586.44193	0	0	0	3770.96827	0	0	0	0	0	0	1
p9016_pcgamma1_td0p5_mstep1_p1_w0_sep0	pmax_geom_gap	chr3	chr7	6255.03468	0	0	11.9060923	3111.11751	0	0	6.383404	3143.91716	0	0	5.52268828	0	0	0	1
p9016_pcgamma1_td0p5_mstep1_p1_w0_sep0	pmax_geom_gap	chr3	chr8	9103.57243	0	0	0.314804245	4376.00233	0	0	0.125558931	4727.5701	0	0	0.189245315	0	0	0	1
p9016_pcgamma1_td0p5_mstep1_p1_w0_sep0	pmax_geom_gap	chr3	chr9	3779.33172	0	0	0	1888.43742	0	0	0	1890.8943	0	0	0	0	0	0	1
p9016_pcgamma1_td0p5_mstep1_p1_w0_sep0	pmax_geom_gap	chr3	chrX	2581.08704	0	0	0	1314.00176	0	0	0	1267.08529	0	0	0	0	0	0	1
p9016_pcgamma1_td0p5_mstep1_p1_w0_sep0	pmax_geom_gap	chr4	chr10	10914.3142	0	0	0	5233.62971	0	0	0	5680.68445	0	0	0	0	0	0	1
p9016_pcgamma1_td0p5_mstep1_p1_w0_sep0	pmax_geom_gap	chr4	chr11	1029.43371	0	0	0.0109543625	518.282536	0	0	0.0109543625	511.151172	0	0	0	0	0	0	1
p9016_pcgamma1_td0p5_mstep1_p1_w0_sep0	pmax_geom_gap	chr4	chr12	7241.64135	0	0	0	3668.7407	0	0	0	3572.90065	0	0	0	0	0	0	1
p9016_pcgamma1_td0p5_mstep1_p1_w0_sep0	pmax_geom_gap	chr4	chr13	1243.69937	0	0	0	650.752951	0	0	0	592.94642	0	0	0	0	0	0	1
p9016_pcgamma1_td0p5_mstep1_p1_w0_sep0	pmax_geom_gap	chr4	chr14	1358.83301	0	0	0	731.804173	0	0	0	627.028833	0	0	0	0	0	0	1
p9016_pcgamma1_td0p5_mstep1_p1_w0_sep0	pmax_geom_gap	chr4	chr15	519.944394	0	0	0	262.321613	0	0	0	257.622781	0	0	0	0	0	0	1
p9016_pcgamma1_td0p5_mstep1_p1_w0_sep0	pmax_geom_gap	chr4	chr16	5699.12074	0	0	0	2813.53171	0	0	0	2885.58902	0	0	0	0	0	0	1
p9016_pcgamma1_td0p5_mstep1_p1_w0_sep0	pmax_geom_gap	chr4	chr17	748.066354	0	0	0	337.31674	0	0	0	410.749614	0	0	0	0	0	0	1
p9016_pcgamma1_td0p5_mstep1_p1_w0_sep0	pmax_geom_gap	chr4	chr18	692.443295	0	0	0	335.895421	0	0	0	356.547875	0	0	0	0	0	0	1
p9016_pcgamma1_td0p5_mstep1_p1_w0_sep0	pmax_geom_gap	chr4	chr19	946.056474	0.282358727	0	0	529.128253	0.228820268	0	0	416.928222	0.0535384591	0	0	0	0	0	1
p9016_pcgamma1_td0p5_mstep1_p1_w0_sep0	pmax_geom_gap	chr4	chr5	16191.4342	0	0	0	7836.23929	0	0	0	8355.19489	0	0	0	0	0	0	1
p9016_pcgamma1_td0p5_mstep1_p1_w0_sep0	pmax_geom_gap	chr4	chr6	7389.00946	0	0	0	3631.78307	0	0	0	3757.22639	0	0	0	0	0	0	1
p9016_pcgamma1_td0p5_mstep1_p1_w0_sep0	pmax_geom_gap	chr4	chr7	10546.1917	0	0	0	4927.14536	0	0	0	5619.04632	0	0	0	0	0	0	1
p9016_pcgamma1_td0p5_mstep1_p1_w0_sep0	pmax_geom_gap	chr4	chr8	1411.7233	0	0	0	669.646935	0	0	0	742.076369	0	0	0	0	0	0	1
p9016_pcgamma1_td0p5_mstep1_p1_w0_sep0	pmax_geom_gap	chr4	chr9	3103.75743	0	0	0	1533.31976	0	0	0	1570.43767	0	0	0	0	0	0	1
p9016_pcgamma1_td0p5_mstep1_p1_w0_sep0	pmax_geom_gap	chr4	chrX	5430.43126	0.0653072404	0	0	2399.24062	0.0653072404	0	0	3031.19064	0	0	0	0	0	0	1
p9016_pcgamma1_td0p5_mstep1_p1_w0_sep0	pmax_geom_gap	chr5	chr10	3907.86124	0	0	1.57364108	1847.00404	0	0	0.725539176	2060.8572	0	0	0.8481019	0	0	0	1
p9016_pcgamma1_td0p5_mstep1_p1_w0_sep0	pmax_geom_gap	chr5	chr11	5952.05542	0	0	0	3042.72775	0	0	0	2909.32767	0	0	0	0	0	0	1
p9016_pcgamma1_td0p5_mstep1_p1_w0_sep0	pmax_geom_gap	chr5	chr12	1750.00556	0	0	0	854.111261	0	0	0	895.894302	0	0	0	0	0	0	1
p9016_pcgamma1_td0p5_mstep1_p1_w0_sep0	pmax_geom_gap	chr5	chr13	1891.15739	0	0.190404505	0	955.77528	0	0	0	935.38211	0	0.190404505	0	0	0	0	1
p9016_pcgamma1_td0p5_mstep1_p1_w0_sep0	pmax_geom_gap	chr5	chr14	7180.90128	0	0	0	3692.57956	0	0	0	3488.32172	0	0	0	0	0	0	1
p9016_pcgamma1_td0p5_mstep1_p1_w0_sep0	pmax_geom_gap	chr5	chr15	863.82647	0	0	0	427.478986	0	0	0	436.347484	0	0	0	0	0	0	1
p9016_pcgamma1_td0p5_mstep1_p1_w0_sep0	pmax_geom_gap	chr5	chr16	2988.0999	0.0318620845	0	3.03361157	1541.01923	0	0	2.66246951	1447.08067	0.0318620845	0	0.371142063	0	0	0	1
p9016_pcgamma1_td0p5_mstep1_p1_w0_sep0	pmax_geom_gap	chr5	chr17	952.153811	0	0	0	461.213608	0	0	0	490.940202	0	0	0	0	0	0	1
p9016_pcgamma1_td0p5_mstep1_p1_w0_sep0	pmax_geom_gap	chr5	chr18	3390.85475	0	0	6.57542756	1680.67146	0	0	2.60249125	1710.18328	0	0	3.97293632	0	0	0	1
p9016_pcgamma1_td0p5_mstep1_p1_w0_sep0	pmax_geom_gap	chr5	chr19	2160.78184	0	0	0.137854967	1122.16171	0	0	0.0545383563	1038.62013	0	0	0.0833166109	0	0	0	1
p9016_pcgamma1_td0p5_mstep1_p1_w0_sep0	pmax_geom_gap	chr5	chr6	1349.47531	0	0	0.184226711	694.32044	0	0	0.0684183642	655.154872	0	0	0.115808347	0	0	0	1
p9016_pcgamma1_td0p5_mstep1_p1_w0_sep0	pmax_geom_gap	chr5	chr7	6459.83654	0	0	0	3276.71677	0	0	0	3183.11977	0	0	0	0	0	0	1
p9016_pcgamma1_td0p5_mstep1_p1_w0_sep0	pmax_geom_gap	chr5	chr8	3977.2338	0	0	0	1931.0031	0	0	0	2046.2307	0	0	0	0	0	0	1
p9016_pcgamma1_td0p5_mstep1_p1_w0_sep0	pmax_geom_gap	chr5	chr9	11377.4764	0	0	3.05112804	6000.7655	0	0	1.57637215	5376.71086	0	0	1.47475589	0	0	0	1
p9016_pcgamma1_td0p5_mstep1_p1_w0_sep0	pmax_geom_gap	chr5	chrX	929.877235	0	0	0	480.703601	0	0	0	449.173634	0	0	0	0	0	0	1
p9016_pcgamma1_td0p5_mstep1_p1_w0_sep0	pmax_geom_gap	chr6	chr10	7301.66235	0.0131548056	0	0	3764.23738	0.0131548056	0	0	3537.42497	0	0	0	0	0	0	1
p9016_pcgamma1_td0p5_mstep1_p1_w0_sep0	pmax_geom_gap	chr6	chr11	2689.46508	0	0	0	1339.33151	0	0	0	1350.13358	0	0	0	0	0	0	1
p9016_pcgamma1_td0p5_mstep1_p1_w0_sep0	pmax_geom_gap	chr6	chr12	4862.00612	0	0	0	2329.37636	0	0	0	2532.62976	0	0	0	0	0	0	1
p9016_pcgamma1_td0p5_mstep1_p1_w0_sep0	pmax_geom_gap	chr6	chr13	2291.47619	0	0	0	1076.28057	0	0	0	1215.19562	0	0	0	0	0	0	1
p9016_pcgamma1_td0p5_mstep1_p1_w0_sep0	pmax_geom_gap	chr6	chr14	16115.7621	0	0	0	8136.20861	0	0	0	7979.55347	0	0	0	0	0	0	1
p9016_pcgamma1_td0p5_mstep1_p1_w0_sep0	pmax_geom_gap	chr6	chr15	2482.35723	0	0	0	1253.04279	0	0	0	1229.31444	0	0	0	0	0	0	1
p9016_pcgamma1_td0p5_mstep1_p1_w0_sep0	pmax_geom_gap	chr6	chr16	3589.16469	0	0	21.2430267	1643.34479	0	0	9.77134105	1945.8199	0	0	11.4716856	0	0	0	1
p9016_pcgamma1_td0p5_mstep1_p1_w0_sep0	pmax_geom_gap	chr6	chr17	1162.71852	0	0	0	562.453661	0	0	0	600.26486	0	0	0	0	0	0	1
p9016_pcgamma1_td0p5_mstep1_p1_w0_sep0	pmax_geom_gap	chr6	chr18	5535.05871	0	0	0	2781.17476	0	0	0	2753.88395	0	0	0	0	0	0	1
p9016_pcgamma1_td0p5_mstep1_p1_w0_sep0	pmax_geom_gap	chr6	chr19	2684.96714	0.283586251	0	0	1561.64674	0.283586251	0	0	1123.32041	0	0	0	0	0	0	1
p9016_pcgamma1_td0p5_mstep1_p1_w0_sep0	pmax_geom_gap	chr6	chr7	2589.29405	0	0	0	1275.58279	0	0	0	1313.71126	0	0	0	0	0	0	1
p9016_pcgamma1_td0p5_mstep1_p1_w0_sep0	pmax_geom_gap	chr6	chr8	3014.41806	0	0	0	1530.13131	0	0	0	1484.28676	0	0	0	0	0	0	1
p9016_pcgamma1_td0p5_mstep1_p1_w0_sep0	pmax_geom_gap	chr6	chr9	3241.82035	0	0	0	1669.47323	0	0	0	1572.34713	0	0	0	0	0	0	1
p9016_pcgamma1_td0p5_mstep1_p1_w0_sep0	pmax_geom_gap	chr6	chrX	1934.23227	0	0	0	992.454442	0	0	0	941.777825	0	0	0	0	0	0	1
p9016_pcgamma1_td0p5_mstep1_p1_w0_sep0	pmax_geom_gap	chr7	chr10	1419.2927	0	0	0	718.020704	0	0	0	701.271991	0	0	0	0	0	0	1
p9016_pcgamma1_td0p5_mstep1_p1_w0_sep0	pmax_geom_gap	chr7	chr11	4931.49148	0	0	0	2497.16059	0	0	0	2434.33089	0	0	0	0	0	0	1
p9016_pcgamma1_td0p5_mstep1_p1_w0_sep0	pmax_geom_gap	chr7	chr12	4215.27522	0	0	5.9313684	2159.12066	0	0	4.08810855	2056.15456	0	0	1.84325985	0	0	0	1
p9016_pcgamma1_td0p5_mstep1_p1_w0_sep0	pmax_geom_gap	chr7	chr13	4005.37888	0	0	0	2098.73385	0	0	0	1906.64503	0	0	0	0	0	0	1
p9016_pcgamma1_td0p5_mstep1_p1_w0_sep0	pmax_geom_gap	chr7	chr14	11486.2881	0	0	0	5590.45822	0	0	0	5895.82989	0	0	0	0	0	0	1
p9016_pcgamma1_td0p5_mstep1_p1_w0_sep0	pmax_geom_gap	chr7	chr15	1687.39082	0	0	0	790.65997	0	0	0	896.730848	0	0	0	0	0	0	1
p9016_pcgamma1_td0p5_mstep1_p1_w0_sep0	pmax_geom_gap	chr7	chr16	3033.39178	0	0	0	1538.48892	0	0	0	1494.90286	0	0	0	0	0	0	1
p9016_pcgamma1_td0p5_mstep1_p1_w0_sep0	pmax_geom_gap	chr7	chr17	1227.68059	0	0	0	645.050934	0	0	0	582.62966	0	0	0	0	0	0	1
p9016_pcgamma1_td0p5_mstep1_p1_w0_sep0	pmax_geom_gap	chr7	chr18	10475.0237	0	0	0	4904.30905	0	0	0	5570.71464	0	0	0	0	0	0	1
p9016_pcgamma1_td0p5_mstep1_p1_w0_sep0	pmax_geom_gap	chr7	chr19	4487.33965	0	0	0	2337.28382	0	0	0	2150.05582	0	0	0	0	0	0	1
p9016_pcgamma1_td0p5_mstep1_p1_w0_sep0	pmax_geom_gap	chr7	chr8	6383.95226	0	0	0	3206.21007	0	0	0	3177.7422	0	0	0	0	0	0	1
p9016_pcgamma1_td0p5_mstep1_p1_w0_sep0	pmax_geom_gap	chr7	chr9	5933.20744	0	0	0	3061.20093	0	0	0	2872.00651	0	0	0	0	0	0	1
p9016_pcgamma1_td0p5_mstep1_p1_w0_sep0	pmax_geom_gap	chr7	chrX	1073.86797	0	0	0	538.8965	0	0	0	534.971468	0	0	0	0	0	0	1
p9016_pcgamma1_td0p5_mstep1_p1_w0_sep0	pmax_geom_gap	chr8	chr10	1669.80749	0	0	0	829.269638	0	0	0	840.537856	0	0	0	0	0	0	1
p9016_pcgamma1_td0p5_mstep1_p1_w0_sep0	pmax_geom_gap	chr8	chr11	27631.3262	0	0	0	14610.7043	0	0	0	13020.622	0	0	0	0	0	0	1
p9016_pcgamma1_td0p5_mstep1_p1_w0_sep0	pmax_geom_gap	chr8	chr12	6482.53314	0	0	0	3262.77163	0	0	0	3219.76151	0	0	0	0	0	0	1
p9016_pcgamma1_td0p5_mstep1_p1_w0_sep0	pmax_geom_gap	chr8	chr13	6078.34283	0	0	0	3036.63582	0	0	0	3041.70701	0	0	0	0	0	0	1
p9016_pcgamma1_td0p5_mstep1_p1_w0_sep0	pmax_geom_gap	chr8	chr14	7936.76444	0	0	0	3731.51353	0	0	0	4205.25092	0	0	0	0	0	0	1
p9016_pcgamma1_td0p5_mstep1_p1_w0_sep0	pmax_geom_gap	chr8	chr15	9644.76068	0	0	0	4985.66595	0	0	0	4659.09473	0	0	0	0	0	0	1
p9016_pcgamma1_td0p5_mstep1_p1_w0_sep0	pmax_geom_gap	chr8	chr16	2896.61009	0	0	0	1476.25157	0	0	0	1420.35853	0	0	0	0	0	0	1
p9016_pcgamma1_td0p5_mstep1_p1_w0_sep0	pmax_geom_gap	chr8	chr17	1582.50254	0	0	0	791.717691	0	0	0	790.784854	0	0	0	0	0	0	1
p9016_pcgamma1_td0p5_mstep1_p1_w0_sep0	pmax_geom_gap	chr8	chr18	2243.46656	0	0	0	1094.87852	0	0	0	1148.58803	0	0	0	0	0	0	1
p9016_pcgamma1_td0p5_mstep1_p1_w0_sep0	pmax_geom_gap	chr8	chr19	5987.04545	0	0	0	3099.59688	0	0	0	2887.44857	0	0	0	0	0	0	1
p9016_pcgamma1_td0p5_mstep1_p1_w0_sep0	pmax_geom_gap	chr8	chr9	4813.26265	0	0	0	2346.51823	0	0	0	2466.74442	0	0	0	0	0	0	1
p9016_pcgamma1_td0p5_mstep1_p1_w0_sep0	pmax_geom_gap	chr8	chrX	3996.18498	0	0	0	1969.74573	0	0	0	2026.43926	0	0	0	0	0	0	1
p9016_pcgamma1_td0p5_mstep1_p1_w0_sep0	pmax_geom_gap	chr9	chr10	1263.3456	0	0	0	651.980819	0	0	0	611.364777	0	0	0	0	0	0	1
p9016_pcgamma1_td0p5_mstep1_p1_w0_sep0	pmax_geom_gap	chr9	chr11	6246.34165	0	0	0	3122.18484	0	0	0	3124.15681	0	0	0	0	0	0	1
p9016_pcgamma1_td0p5_mstep1_p1_w0_sep0	pmax_geom_gap	chr9	chr12	2450.66788	0	0	0	1187.16307	0	0	0	1263.50481	0	0	0	0	0	0	1
p9016_pcgamma1_td0p5_mstep1_p1_w0_sep0	pmax_geom_gap	chr9	chr13	1835.18476	0	0	0	871.91756	0	0	0	963.267196	0	0	0	0	0	0	1
p9016_pcgamma1_td0p5_mstep1_p1_w0_sep0	pmax_geom_gap	chr9	chr14	3608.63797	0	0	0	1806.08318	0	0	0	1802.55478	0	0	0	0	0	0	1
p9016_pcgamma1_td0p5_mstep1_p1_w0_sep0	pmax_geom_gap	chr9	chr15	1785.92539	0	0	0	912.415552	0	0	0	873.509837	0	0	0	0	0	0	1
p9016_pcgamma1_td0p5_mstep1_p1_w0_sep0	pmax_geom_gap	chr9	chr16	3166.56262	0	0	0	1556.18423	0	0	0	1610.37839	0	0	0	0	0	0	1
p9016_pcgamma1_td0p5_mstep1_p1_w0_sep0	pmax_geom_gap	chr9	chr17	6534.03154	0	0	0	3442.25609	0	0	0	3091.77545	0	0	0	0	0	0	1
p9016_pcgamma1_td0p5_mstep1_p1_w0_sep0	pmax_geom_gap	chr9	chr18	1555.864	0	0	0	739.919743	0	0	0	815.944257	0	0	0	0	0	0	1
p9016_pcgamma1_td0p5_mstep1_p1_w0_sep0	pmax_geom_gap	chr9	chr19	1745.05574	0	0	0	804.973277	0	0	0	940.082464	0	0	0	0	0	0	1
p9016_pcgamma1_td0p5_mstep1_p1_w0_sep0	pmax_geom_gap	chr9	chrX	3075.11159	0	0	0	1755.94234	0	0	0	1319.16925	0	0	0	0	0	0	1
p9016_pcgamma1_td0p5_mstep1_p1_w0_sep0	posterior_same_cross_mass	chr1	chr10	322.072887	1087.28756	1087.28756	322.072887	155.347481	545.253505	545.253505	155.347481	166.725406	542.034052	542.034052	166.725406	1	1	1	1
p9016_pcgamma1_td0p5_mstep1_p1_w0_sep0	posterior_same_cross_mass	chr1	chr11	6.07041764	4823.04048	4823.04048	6.07041764	2.87065249	2340.69364	2340.69364	2.87065249	3.19976514	2482.34684	2482.34684	3.19976514	1	1	1	1
p9016_pcgamma1_td0p5_mstep1_p1_w0_sep0	posterior_same_cross_mass	chr1	chr12	2481.07398	6.15603071	6.15603071	2481.07398	1274.04717	3.12487609	3.12487609	1274.04717	1207.0268	3.03115462	3.03115462	1207.0268	0	0	0	1
p9016_pcgamma1_td0p5_mstep1_p1_w0_sep0	posterior_same_cross_mass	chr1	chr13	3.02903807	2887.44767	2887.44767	3.02903807	1.50277927	1444.28865	1444.28865	1.50277927	1.5262588	1443.15902	1443.15902	1.5262588	1	1	1	1
p9016_pcgamma1_td0p5_mstep1_p1_w0_sep0	posterior_same_cross_mass	chr1	chr14	2129.96111	1.12065471	1.12065471	2129.96111	1060.53632	0.622503812	0.622503812	1060.53632	1069.42479	0.498150901	0.498150901	1069.42479	0	0	0	1
p9016_pcgamma1_td0p5_mstep1_p1_w0_sep0	posterior_same_cross_mass	chr1	chr15	33.6776105	2606.81071	2606.81071	33.6776105	18.5941112	1281.1753	1281.1753	18.5941112	15.0834994	1325.63541	1325.63541	15.0834994	1	1	1	1
p9016_pcgamma1_td0p5_mstep1_p1_w0_sep0	posterior_same_cross_mass	chr1	chr16	2.58831073	1650.42938	1650.42938	2.58831073	1.59516199	838.777715	838.777715	1.59516199	0.993148733	811.651663	811.651663	0.993148733	1	1	1	1
p9016_pcgamma1_td0p5_mstep1_p1_w0_sep0	posterior_same_cross_mass	chr1	chr17	2640.99052	91.2612989	91.2612989	2640.99052	1272.64136	52.2200578	52.2200578	1272.64136	1368.34916	39.0412411	39.0412411	1368.34916	0	0	0	1
p9016_pcgamma1_td0p5_mstep1_p1_w0_sep0	posterior_same_cross_mass	chr1	chr18	1535.32356	31.3555704	31.3555704	1535.32356	727.273087	15.0825493	15.0825493	727.273087	808.050473	16.273021	16.273021	808.050473	0	0	0	1
p9016_pcgamma1_td0p5_mstep1_p1_w0_sep0	posterior_same_cross_mass	chr1	chr19	1210.32147	0.0118547357	0.0118547357	1210.32147	606.524333	0.0118547357	0.0118547357	606.524333	603.797141	0	0	603.797141	0	0	0	1
p9016_pcgamma1_td0p5_mstep1_p1_w0_sep0	posterior_same_cross_mass	chr1	chr2	3954.475	361.380663	361.380663	3954.475	1906.19471	153.678403	153.678403	1906.19471	2048.28029	207.70226	207.70226	2048.28029	0	0	0	1
p9016_pcgamma1_td0p5_mstep1_p1_w0_sep0	posterior_same_cross_mass	chr1	chr3	0.304656035	3606.04901	3606.04901	0.304656035	0.0107069836	1822.72149	1822.72149	0.0107069836	0.293949052	1783.32752	1783.32752	0.293949052	1	1	1	1
p9016_pcgamma1_td0p5_mstep1_p1_w0_sep0	posterior_same_cross_mass	chr1	chr4	3344.92983	41.2273308	41.2273308	3344.92983	1656.04046	18.6281953	18.6281953	1656.04046	1688.88937	22.5991355	22.5991355	1688.88937	0	0	0	1
p9016_pcgamma1_td0p5_mstep1_p1_w0_sep0	posterior_same_cross_mass	chr1	chr5	24.6667507	2385.82029	2385.82029	24.6667507	12.4742002	1199.24684	1199.24684	12.4742002	12.1925505	1186.57345	1186.57345	12.1925505	1	1	1	1
p9016_pcgamma1_td0p5_mstep1_p1_w0_sep0	posterior_same_cross_mass	chr1	chr6	88.9992939	4666.83924	4666.83924	88.9992939	42.0254563	2212.5798	2212.5798	42.0254563	46.9738376	2454.25944	2454.25944	46.9738376	1	1	1	1
p9016_pcgamma1_td0p5_mstep1_p1_w0_sep0	posterior_same_cross_mass	chr1	chr7	0.116357798	2925.9844	2925.9844	0.116357798	0.0641135285	1500.10654	1500.10654	0.0641135285	0.0522442697	1425.87787	1425.87787	0.0522442697	1	1	1	1
p9016_pcgamma1_td0p5_mstep1_p1_w0_sep0	posterior_same_cross_mass	chr1	chr8	5323.09415	0	0	5323.09415	2797.9403	0	0	2797.9403	2525.15386	0	0	2525.15386	0	0	0	1
p9016_pcgamma1_td0p5_mstep1_p1_w0_sep0	posterior_same_cross_mass	chr1	chr9	0.378851356	3730.44978	3730.44978	0.378851356	0	1818.69542	1818.69542	0	0.378851356	1911.75436	1911.75436	0.378851356	1	1	1	1
p9016_pcgamma1_td0p5_mstep1_p1_w0_sep0	posterior_same_cross_mass	chr1	chrX	4035.30175	160.103404	160.103404	4035.30175	2026.44453	71.5705482	71.5705482	2026.44453	2008.85721	88.5328562	88.5328562	2008.85721	0	0	0	1
p9016_pcgamma1_td0p5_mstep1_p1_w0_sep0	posterior_same_cross_mass	chr10	chr11	981.684879	56.0331621	56.0331621	981.684879	488.383162	26.7513689	26.7513689	488.383162	493.301717	29.2817931	29.2817931	493.301717	0	0	0	1
p9016_pcgamma1_td0p5_mstep1_p1_w0_sep0	posterior_same_cross_mass	chr10	chr12	19.1738023	2719.88306	2719.88306	19.1738023	9.43347629	1536.38713	1536.38713	9.43347629	9.74032606	1183.49592	1183.49592	9.74032606	1	1	1	1
p9016_pcgamma1_td0p5_mstep1_p1_w0_sep0	posterior_same_cross_mass	chr10	chr13	494.803179	1569.38627	1569.38627	494.803179	247.270833	794.625138	794.625138	247.270833	247.532346	774.761131	774.761131	247.532346	1	1	1	1
p9016_pcgamma1_td0p5_mstep1_p1_w0_sep0	posterior_same_cross_mass	chr10	chr14	893.976395	100.461989	100.461989	893.976395	450.524233	49.1721753	49.1721753	450.524233	443.452162	51.2898141	51.2898141	443.452162	0	0	0	1
p9016_pcgamma1_td0p5_mstep1_p1_w0_sep0	posterior_same_cross_mass	chr10	chr15	2851.72604	0	0	2851.72604	1379.53488	0	0	1379.53488	1472.19115	0	0	1472.19115	0	0	0	1
p9016_pcgamma1_td0p5_mstep1_p1_w0_sep0	posterior_same_cross_mass	chr10	chr16	2982.36874	10.6634498	10.6634498	2982.36874	1429.74193	6.36345846	6.36345846	1429.74193	1552.62682	4.29999132	4.29999132	1552.62682	0	0	0	1
p9016_pcgamma1_td0p5_mstep1_p1_w0_sep0	posterior_same_cross_mass	chr10	chr17	3.87630691	2250.9944	2250.9944	3.87630691	1.16989982	1179.78768	1179.78768	1.16989982	2.7064071	1071.20672	1071.20672	2.7064071	1	1	1	1
p9016_pcgamma1_td0p5_mstep1_p1_w0_sep0	posterior_same_cross_mass	chr10	chr18	1906.16247	1.40852656	1.40852656	1906.16247	951.444893	0.532370577	0.532370577	951.444893	954.717575	0.876155984	0.876155984	954.717575	0	0	0	1
p9016_pcgamma1_td0p5_mstep1_p1_w0_sep0	posterior_same_cross_mass	chr10	chr19	45.1498234	431.475519	431.475519	45.1498234	24.1675535	208.531158	208.531158	24.1675535	20.9822699	222.944361	222.944361	20.9822699	1	1	1	1
p9016_pcgamma1_td0p5_mstep1_p1_w0_sep0	posterior_same_cross_mass	chr10	chrX	5.17711182	1168.87313	1168.87313	5.17711182	3.02516621	593.799351	593.799351	3.02516621	2.15194561	575.073782	575.073782	2.15194561	1	1	1	1
p9016_pcgamma1_td0p5_mstep1_p1_w0_sep0	posterior_same_cross_mass	chr11	chr12	0	2136.10616	2136.10616	0	0	1069.69353	1069.69353	0	0	1066.41262	1066.41262	0	1	1	1	1
p9016_pcgamma1_td0p5_mstep1_p1_w0_sep0	posterior_same_cross_mass	chr11	chr13	3334.45641	2.37818151	2.37818151	3334.45641	1683.3902	1.2051697	1.2051697	1683.3902	1651.06621	1.1730118	1.1730118	1651.06621	0	0	0	1
p9016_pcgamma1_td0p5_mstep1_p1_w0_sep0	posterior_same_cross_mass	chr11	chr14	0.255549148	3106.30812	3106.30812	0.255549148	0	1545.09002	1545.09002	0	0.255549148	1561.2181	1561.2181	0.255549148	1	1	1	1
p9016_pcgamma1_td0p5_mstep1_p1_w0_sep0	posterior_same_cross_mass	chr11	chr15	1673.9653	3.18659114	3.18659114	1673.9653	809.838811	0.667659963	0.667659963	809.838811	864.126485	2.51893118	2.51893118	864.126485	0	0	0	1
p9016_pcgamma1_td0p5_mstep1_p1_w0_sep0	posterior_same_cross_mass	chr11	chr16	1326.04084	0.65935716	0.65935716	1326.04084	656.398688	0.602853376	0.602853376	656.398688	669.642147	0.056503784	0.056503784	669.642147	0	0	0	1
p9016_pcgamma1_td0p5_mstep1_p1_w0_sep0	posterior_same_cross_mass	chr11	chr17	1.32711601	1506.62065	1506.62065	1.32711601	0.806565123	748.077366	748.077366	0.806565123	0.520550886	758.54328	758.54328	0.520550886	1	1	1	1
p9016_pcgamma1_td0p5_mstep1_p1_w0_sep0	posterior_same_cross_mass	chr11	chr18	9.1482318	949.893448	949.893448	9.1482318	5.02463672	496.911837	496.911837	5.02463672	4.12359509	452.981611	452.981611	4.12359509	1	1	1	1
p9016_pcgamma1_td0p5_mstep1_p1_w0_sep0	posterior_same_cross_mass	chr11	chr19	0	2238.81313	2238.81313	0	0	1131.21388	1131.21388	0	0	1107.59925	1107.59925	0	1	1	1	1
p9016_pcgamma1_td0p5_mstep1_p1_w0_sep0	posterior_same_cross_mass	chr11	chrX	1.22033399	4223.56046	4223.56046	1.22033399	0.671370433	2219.04651	2219.04651	0.671370433	0.54896356	2004.51395	2004.51395	0.54896356	1	1	1	1
p9016_pcgamma1_td0p5_mstep1_p1_w0_sep0	posterior_same_cross_mass	chr12	chr13	28.0885427	5438.86356	5438.86356	28.0885427	14.2127425	2581.42691	2581.42691	14.2127425	13.8758002	2857.43665	2857.43665	13.8758002	1	1	1	1
p9016_pcgamma1_td0p5_mstep1_p1_w0_sep0	posterior_same_cross_mass	chr12	chr14	481.594185	310.905694	310.905694	481.594185	236.42646	159.093918	159.093918	236.42646	245.167725	151.811776	151.811776	245.167725	0	0	0	1
p9016_pcgamma1_td0p5_mstep1_p1_w0_sep0	posterior_same_cross_mass	chr12	chr15	0	3332.42419	3332.42419	0	0	1690.89133	1690.89133	0	0	1641.53286	1641.53286	0	1	1	1	1
p9016_pcgamma1_td0p5_mstep1_p1_w0_sep0	posterior_same_cross_mass	chr12	chr16	0	1300.05162	1300.05162	0	0	677.804036	677.804036	0	0	622.247587	622.247587	0	1	1	1	1
p9016_pcgamma1_td0p5_mstep1_p1_w0_sep0	posterior_same_cross_mass	chr12	chr17	1879.49336	78.7652198	78.7652198	1879.49336	1010.92554	41.4454131	41.4454131	1010.92554	868.56782	37.3198066	37.3198066	868.56782	0	0	0	1
p9016_pcgamma1_td0p5_mstep1_p1_w0_sep0	posterior_same_cross_mass	chr12	chr18	114.043665	937.118106	937.118106	114.043665	67.5847209	389.102983	389.102983	67.5847209	46.4589444	548.015122	548.015122	46.4589444	1	1	1	1
p9016_pcgamma1_td0p5_mstep1_p1_w0_sep0	posterior_same_cross_mass	chr12	chr19	1887.69772	1.77588553	1.77588553	1887.69772	773.630172	0.671803603	0.671803603	773.630172	1114.06755	1.10408192	1.10408192	1114.06755	0	0	0	1
p9016_pcgamma1_td0p5_mstep1_p1_w0_sep0	posterior_same_cross_mass	chr12	chrX	1589.01774	0.943078588	0.943078588	1589.01774	829.535935	0.861538563	0.861538563	829.535935	759.481806	0.0815400255	0.0815400255	759.481806	0	0	0	1
p9016_pcgamma1_td0p5_mstep1_p1_w0_sep0	posterior_same_cross_mass	chr13	chr14	92.585776	1630.8643	1630.8643	92.585776	49.8597957	770.427877	770.427877	49.8597957	42.7259802	860.436427	860.436427	42.7259802	1	1	1	1
p9016_pcgamma1_td0p5_mstep1_p1_w0_sep0	posterior_same_cross_mass	chr13	chr15	919.929563	9.42260163	9.42260163	919.929563	451.882822	4.16604036	4.16604036	451.882822	468.046742	5.25656127	5.25656127	468.046742	0	0	0	1
p9016_pcgamma1_td0p5_mstep1_p1_w0_sep0	posterior_same_cross_mass	chr13	chr16	166.418268	1429.89538	1429.89538	166.418268	79.7411828	714.646775	714.646775	79.7411828	86.6770851	715.248606	715.248606	86.6770851	1	1	1	1
p9016_pcgamma1_td0p5_mstep1_p1_w0_sep0	posterior_same_cross_mass	chr13	chr17	2051.31139	539.05936	539.05936	2051.31139	1074.25233	253.46114	253.46114	1074.25233	977.059065	285.598219	285.598219	977.059065	0	0	0	1
p9016_pcgamma1_td0p5_mstep1_p1_w0_sep0	posterior_same_cross_mass	chr13	chr18	0.082142283	2445.15202	2445.15202	0.082142283	0.00723351835	1161.28843	1161.28843	0.00723351835	0.0749087647	1283.86359	1283.86359	0.0749087647	1	1	1	1
p9016_pcgamma1_td0p5_mstep1_p1_w0_sep0	posterior_same_cross_mass	chr13	chr19	5.19156186	2615.76807	2615.76807	5.19156186	0.565163428	1181.63416	1181.63416	0.565163428	4.62639843	1434.13391	1434.13391	4.62639843	1	1	1	1
p9016_pcgamma1_td0p5_mstep1_p1_w0_sep0	posterior_same_cross_mass	chr13	chrX	0.982742708	2017.29907	2017.29907	0.982742708	0.611703582	1037.1529	1037.1529	0.611703582	0.371039126	980.146175	980.146175	0.371039126	1	1	1	1
p9016_pcgamma1_td0p5_mstep1_p1_w0_sep0	posterior_same_cross_mass	chr14	chr15	447.371476	157.759687	157.759687	447.371476	218.978084	87.0680661	87.0680661	218.978084	228.393392	70.6916213	70.6916213	228.393392	0	0	0	1
p9016_pcgamma1_td0p5_mstep1_p1_w0_sep0	posterior_same_cross_mass	chr14	chr16	320.041511	202.687174	202.687174	320.041511	168.782222	99.5798083	99.5798083	168.782222	151.259289	103.107366	103.107366	151.259289	0	0	0	1
p9016_pcgamma1_td0p5_mstep1_p1_w0_sep0	posterior_same_cross_mass	chr14	chr17	816.974548	0.923829381	0.923829381	816.974548	406.984623	0.442561745	0.442561745	406.984623	409.989924	0.481267636	0.481267636	409.989924	0	0	0	1
p9016_pcgamma1_td0p5_mstep1_p1_w0_sep0	posterior_same_cross_mass	chr14	chr18	2188.57757	0	0	2188.57757	1033.72064	0	0	1033.72064	1154.85693	0	0	1154.85693	0	0	0	1
p9016_pcgamma1_td0p5_mstep1_p1_w0_sep0	posterior_same_cross_mass	chr14	chr19	1446.70929	0	0	1446.70929	779.229647	0	0	779.229647	667.479641	0	0	667.479641	0	0	0	1
p9016_pcgamma1_td0p5_mstep1_p1_w0_sep0	posterior_same_cross_mass	chr14	chrX	340.878416	267.393855	267.393855	340.878416	173.468965	139.12139	139.12139	173.468965	167.409451	128.272466	128.272466	167.409451	0	0	0	1
p9016_pcgamma1_td0p5_mstep1_p1_w0_sep0	posterior_same_cross_mass	chr15	chr16	897.674301	4.3188946	4.3188946	897.674301	493.08039	1.61943565	1.61943565	493.08039	404.593911	2.69945895	2.69945895	404.593911	0	0	0	1
p9016_pcgamma1_td0p5_mstep1_p1_w0_sep0	posterior_same_cross_mass	chr15	chr17	8.4220029	2524.64208	2524.64208	8.4220029	5.35069281	1309.71793	1309.71793	5.35069281	3.07131009	1214.92415	1214.92415	3.07131009	1	1	1	1
p9016_pcgamma1_td0p5_mstep1_p1_w0_sep0	posterior_same_cross_mass	chr15	chr18	2692.1572	35.3860255	35.3860255	2692.1572	1300.15571	16.9068569	16.9068569	1300.15571	1392.00149	18.4791686	18.4791686	1392.00149	0	0	0	1
p9016_pcgamma1_td0p5_mstep1_p1_w0_sep0	posterior_same_cross_mass	chr15	chr19	1.41604504	1131.03812	1131.03812	1.41604504	1.25873389	581.918789	581.918789	1.25873389	0.157311159	549.119331	549.119331	0.157311159	1	1	1	1
p9016_pcgamma1_td0p5_mstep1_p1_w0_sep0	posterior_same_cross_mass	chr15	chrX	0.109489284	1318.01808	1318.01808	0.109489284	0	685.504053	685.504053	0	0.109489284	632.514027	632.514027	0.109489284	1	1	1	1
p9016_pcgamma1_td0p5_mstep1_p1_w0_sep0	posterior_same_cross_mass	chr16	chr17	47.1756251	596.056803	596.056803	47.1756251	8.47033766	322.305553	322.305553	8.47033766	38.7052874	273.75125	273.75125	38.7052874	1	1	1	1
p9016_pcgamma1_td0p5_mstep1_p1_w0_sep0	posterior_same_cross_mass	chr16	chr18	3019.08834	3.31336986	3.31336986	3019.08834	1394.5772	2.29534856	2.29534856	1394.5772	1624.51114	1.0180213	1.0180213	1624.51114	0	0	0	1
p9016_pcgamma1_td0p5_mstep1_p1_w0_sep0	posterior_same_cross_mass	chr16	chr19	592.035082	476.412019	476.412019	592.035082	269.975145	208.965397	208.965397	269.975145	322.059937	267.446622	267.446622	322.059937	0	0	0	1
p9016_pcgamma1_td0p5_mstep1_p1_w0_sep0	posterior_same_cross_mass	chr16	chrX	39.1207899	542.625458	542.625458	39.1207899	20.2527922	280.868774	280.868774	20.2527922	18.8679977	261.756685	261.756685	18.8679977	1	1	1	1
p9016_pcgamma1_td0p5_mstep1_p1_w0_sep0	posterior_same_cross_mass	chr17	chr18	33.6583475	613.987419	613.987419	33.6583475	11.841682	325.3887	325.3887	11.841682	21.8166655	288.598719	288.598719	21.8166655	1	1	1	1
p9016_pcgamma1_td0p5_mstep1_p1_w0_sep0	posterior_same_cross_mass	chr17	chr19	1479.70925	0	0	1479.70925	680.758869	0	0	680.758869	798.950379	0	0	798.950379	0	0	0	1
p9016_pcgamma1_td0p5_mstep1_p1_w0_sep0	posterior_same_cross_mass	chr17	chrX	791.133352	1205.0095	1205.0095	791.133352	400.083575	531.519443	531.519443	400.083575	391.049778	673.490058	673.490058	391.049778	1	1	1	1
p9016_pcgamma1_td0p5_mstep1_p1_w0_sep0	posterior_same_cross_mass	chr18	chr19	1159.82404	5.21373739	5.21373739	1159.82404	559.96263	2.76630125	2.76630125	559.96263	599.861407	2.44743613	2.44743613	599.861407	0	0	0	1
p9016_pcgamma1_td0p5_mstep1_p1_w0_sep0	posterior_same_cross_mass	chr18	chrX	191.371509	246.665267	246.665267	191.371509	95.2965814	127.593809	127.593809	95.2965814	96.0749272	119.071458	119.071458	96.0749272	1	1	1	1
p9016_pcgamma1_td0p5_mstep1_p1_w0_sep0	posterior_same_cross_mass	chr19	chrX	583.334267	0	0	583.334267	274.565054	0	0	274.565054	308.769213	0	0	308.769213	0	0	0	1
p9016_pcgamma1_td0p5_mstep1_p1_w0_sep0	posterior_same_cross_mass	chr2	chr10	1533.12212	84.4853817	84.4853817	1533.12212	794.025101	35.0739275	35.0739275	794.025101	739.097017	49.4114542	49.4114542	739.097017	0	0	0	1
p9016_pcgamma1_td0p5_mstep1_p1_w0_sep0	posterior_same_cross_mass	chr2	chr11	438.694773	1843.15885	1843.15885	438.694773	233.141828	887.070855	887.070855	233.141828	205.552945	956.087998	956.087998	205.552945	1	1	1	1
p9016_pcgamma1_td0p5_mstep1_p1_w0_sep0	posterior_same_cross_mass	chr2	chr12	1031.3533	479.930322	479.930322	1031.3533	505.653797	228.689366	228.689366	505.653797	525.699504	251.240955	251.240955	525.699504	0	0	0	1
p9016_pcgamma1_td0p5_mstep1_p1_w0_sep0	posterior_same_cross_mass	chr2	chr13	166.506038	2251.0501	2251.0501	166.506038	77.7636645	1140.68744	1140.68744	77.7636645	88.7423736	1110.36266	1110.36266	88.7423736	1	1	1	1
p9016_pcgamma1_td0p5_mstep1_p1_w0_sep0	posterior_same_cross_mass	chr2	chr14	1166.51414	145.611575	145.611575	1166.51414	585.000515	66.2196787	66.2196787	585.000515	581.513626	79.3918962	79.3918962	581.513626	0	0	0	1
p9016_pcgamma1_td0p5_mstep1_p1_w0_sep0	posterior_same_cross_mass	chr2	chr15	534.02241	492.112484	492.112484	534.02241	259.671632	225.076603	225.076603	259.671632	274.350778	267.035881	267.035881	274.350778	0	0	0	1
p9016_pcgamma1_td0p5_mstep1_p1_w0_sep0	posterior_same_cross_mass	chr2	chr16	254.035389	2666.57422	2666.57422	254.035389	122.628072	1338.26784	1338.26784	122.628072	131.407317	1328.30638	1328.30638	131.407317	1	1	1	1
p9016_pcgamma1_td0p5_mstep1_p1_w0_sep0	posterior_same_cross_mass	chr2	chr17	16.0177324	2184.02643	2184.02643	16.0177324	7.92582845	1029.11296	1029.11296	7.92582845	8.09190395	1154.91347	1154.91347	8.09190395	1	1	1	1
p9016_pcgamma1_td0p5_mstep1_p1_w0_sep0	posterior_same_cross_mass	chr2	chr18	2249.42769	10.2130882	10.2130882	2249.42769	1078.07361	2.93662355	2.93662355	1078.07361	1171.35408	7.27646464	7.27646464	1171.35408	0	0	0	1
p9016_pcgamma1_td0p5_mstep1_p1_w0_sep0	posterior_same_cross_mass	chr2	chr19	498.593744	341.577792	341.577792	498.593744	265.807573	185.266964	185.266964	265.807573	232.78617	156.310827	156.310827	232.78617	0	0	0	1
p9016_pcgamma1_td0p5_mstep1_p1_w0_sep0	posterior_same_cross_mass	chr2	chr3	460.698502	4492.28881	4492.28881	460.698502	152.846583	2220.00113	2220.00113	152.846583	307.851919	2272.28769	2272.28769	307.851919	1	1	1	1
p9016_pcgamma1_td0p5_mstep1_p1_w0_sep0	posterior_same_cross_mass	chr2	chr4	4538.18031	79.0781607	79.0781607	4538.18031	2219.52318	34.037078	34.037078	2219.52318	2318.65713	45.0410827	45.0410827	2318.65713	0	0	0	1
p9016_pcgamma1_td0p5_mstep1_p1_w0_sep0	posterior_same_cross_mass	chr2	chr5	197.199448	2238.24301	2238.24301	197.199448	99.6723081	1144.62013	1144.62013	99.6723081	97.5271403	1093.62288	1093.62288	97.5271403	1	1	1	1
p9016_pcgamma1_td0p5_mstep1_p1_w0_sep0	posterior_same_cross_mass	chr2	chr6	17.5004438	5557.79047	5557.79047	17.5004438	7.0936954	2846.29934	2846.29934	7.0936954	10.4067484	2711.49113	2711.49113	10.4067484	1	1	1	1
p9016_pcgamma1_td0p5_mstep1_p1_w0_sep0	posterior_same_cross_mass	chr2	chr7	104.336926	3148.44467	3148.44467	104.336926	50.3465916	1551.8736	1551.8736	50.3465916	53.9903343	1596.57107	1596.57107	53.9903343	1	1	1	1
p9016_pcgamma1_td0p5_mstep1_p1_w0_sep0	posterior_same_cross_mass	chr2	chr8	5083.6869	99.8770365	99.8770365	5083.6869	2446.40019	47.9980276	47.9980276	2446.40019	2637.2867	51.8790089	51.8790089	2637.2867	0	0	0	1
p9016_pcgamma1_td0p5_mstep1_p1_w0_sep0	posterior_same_cross_mass	chr2	chr9	1645.58433	3019.04208	3019.04208	1645.58433	850.611662	1481.25923	1481.25923	850.611662	794.972664	1537.78285	1537.78285	794.972664	1	1	1	1
p9016_pcgamma1_td0p5_mstep1_p1_w0_sep0	posterior_same_cross_mass	chr2	chrX	1997.83605	413.036837	413.036837	1997.83605	969.904813	198.044038	198.044038	969.904813	1027.93123	214.992799	214.992799	1027.93123	0	0	0	1
p9016_pcgamma1_td0p5_mstep1_p1_w0_sep0	posterior_same_cross_mass	chr3	chr10	275.884563	931.422136	931.422136	275.884563	140.871884	456.268881	456.268881	140.871884	135.012679	475.153255	475.153255	135.012679	1	1	1	1
p9016_pcgamma1_td0p5_mstep1_p1_w0_sep0	posterior_same_cross_mass	chr3	chr11	2842.22699	0	0	2842.22699	1411.73306	0	0	1411.73306	1430.49393	0	0	1430.49393	0	0	0	1
p9016_pcgamma1_td0p5_mstep1_p1_w0_sep0	posterior_same_cross_mass	chr3	chr12	21.9330805	4775.44699	4775.44699	21.9330805	7.12619334	2624.98987	2624.98987	7.12619334	14.8068871	2150.45712	2150.45712	14.8068871	1	1	1	1
p9016_pcgamma1_td0p5_mstep1_p1_w0_sep0	posterior_same_cross_mass	chr3	chr13	3541.15903	8.43022767	8.43022767	3541.15903	1716.77547	2.88720129	2.88720129	1716.77547	1824.38356	5.54302638	5.54302638	1824.38356	0	0	0	1
p9016_pcgamma1_td0p5_mstep1_p1_w0_sep0	posterior_same_cross_mass	chr3	chr14	145.099172	1527.3076	1527.3076	145.099172	70.0067452	734.983383	734.983383	70.0067452	75.0924271	792.324222	792.324222	75.0924271	1	1	1	1
p9016_pcgamma1_td0p5_mstep1_p1_w0_sep0	posterior_same_cross_mass	chr3	chr15	1459.04174	162.678083	162.678083	1459.04174	785.334445	80.476007	80.476007	785.334445	673.707296	82.2020758	82.2020758	673.707296	0	0	0	1
p9016_pcgamma1_td0p5_mstep1_p1_w0_sep0	posterior_same_cross_mass	chr3	chr16	1440.82147	0	0	1440.82147	753.046489	0	0	753.046489	687.774977	0	0	687.774977	0	0	0	1
p9016_pcgamma1_td0p5_mstep1_p1_w0_sep0	posterior_same_cross_mass	chr3	chr17	605.907531	541.385325	541.385325	605.907531	304.263378	273.842447	273.842447	304.263378	301.644153	267.542878	267.542878	301.644153	0	0	0	1
p9016_pcgamma1_td0p5_mstep1_p1_w0_sep0	posterior_same_cross_mass	chr3	chr18	55.2232353	2302.84833	2302.84833	55.2232353	28.7777719	1175.56205	1175.56205	28.7777719	26.4454633	1127.28628	1127.28628	26.4454633	1	1	1	1
p9016_pcgamma1_td0p5_mstep1_p1_w0_sep0	posterior_same_cross_mass	chr3	chr19	0	1511.59924	1511.59924	0	0	810.256995	810.256995	0	0	701.342246	701.342246	0	1	1	1	1
p9016_pcgamma1_td0p5_mstep1_p1_w0_sep0	posterior_same_cross_mass	chr3	chr4	1856.81888	101.93683	101.93683	1856.81888	923.153903	33.7870677	33.7870677	923.153903	933.664978	68.1497622	68.1497622	933.664978	0	0	0	1
p9016_pcgamma1_td0p5_mstep1_p1_w0_sep0	posterior_same_cross_mass	chr3	chr5	2064.62446	2.80222879	2.80222879	2064.62446	1003.11879	1.7794798	1.7794798	1003.11879	1061.50568	1.02274899	1.02274899	1061.50568	0	0	0	1
p9016_pcgamma1_td0p5_mstep1_p1_w0_sep0	posterior_same_cross_mass	chr3	chr6	2496.82769	0.159156889	0.159156889	2496.82769	1221.78467	0	0	1221.78467	1275.04302	0.159156889	0.159156889	1275.04302	0	0	0	1
p9016_pcgamma1_td0p5_mstep1_p1_w0_sep0	posterior_same_cross_mass	chr3	chr7	6999.26536	0.941879991	0.941879991	6999.26536	3505.24852	0.577056952	0.577056952	3505.24852	3494.01684	0.364823039	0.364823039	3494.01684	0	0	0	1
p9016_pcgamma1_td0p5_mstep1_p1_w0_sep0	posterior_same_cross_mass	chr3	chr8	0	3798.17911	3798.17911	0	0	1807.77999	1807.77999	0	0	1990.39912	1990.39912	0	1	1	1	1
p9016_pcgamma1_td0p5_mstep1_p1_w0_sep0	posterior_same_cross_mass	chr3	chr9	1763.24248	0	0	1763.24248	886.37374	0	0	886.37374	876.868744	0	0	876.868744	0	0	0	1
p9016_pcgamma1_td0p5_mstep1_p1_w0_sep0	posterior_same_cross_mass	chr3	chrX	1.62932455	1710.98873	1710.98873	1.62932455	0.662059553	870.812363	870.812363	0.662059553	0.967264992	840.176362	840.176362	0.967264992	1	1	1	1
p9016_pcgamma1_td0p5_mstep1_p1_w0_sep0	posterior_same_cross_mass	chr4	chr10	419.425402	4156.87297	4156.87297	419.425402	234.430984	2001.70002	2001.70002	234.430984	184.994418	2155.17295	2155.17295	184.994418	1	1	1	1
p9016_pcgamma1_td0p5_mstep1_p1_w0_sep0	posterior_same_cross_mass	chr4	chr11	668.770705	346.08542	346.08542	668.770705	366.90934	162.593255	162.593255	366.90934	301.861365	183.492166	183.492166	301.861365	0	0	0	1
p9016_pcgamma1_td0p5_mstep1_p1_w0_sep0	posterior_same_cross_mass	chr4	chr12	29.3248171	3117.11072	3117.11072	29.3248171	13.4730426	1544.69218	1544.69218	13.4730426	15.8517745	1572.41854	1572.41854	15.8517745	1	1	1	1
p9016_pcgamma1_td0p5_mstep1_p1_w0_sep0	posterior_same_cross_mass	chr4	chr13	480.29903	438.676395	438.676395	480.29903	249.006472	214.618339	214.618339	249.006472	231.292558	224.058056	224.058056	231.292558	0	0	0	1
p9016_pcgamma1_td0p5_mstep1_p1_w0_sep0	posterior_same_cross_mass	chr4	chr14	741.632636	487.895315	487.895315	741.632636	383.83093	272.783222	272.783222	383.83093	357.801705	215.112093	215.112093	357.801705	0	0	0	1
p9016_pcgamma1_td0p5_mstep1_p1_w0_sep0	posterior_same_cross_mass	chr4	chr15	789.737378	124.864153	124.864153	789.737378	404.852594	63.1321999	63.1321999	404.852594	384.884785	61.7319531	61.7319531	384.884785	0	0	0	1
p9016_pcgamma1_td0p5_mstep1_p1_w0_sep0	posterior_same_cross_mass	chr4	chr16	2015.99679	0	0	2015.99679	1010.21555	0	0	1010.21555	1005.78123	0	0	1005.78123	0	0	0	1
p9016_pcgamma1_td0p5_mstep1_p1_w0_sep0	posterior_same_cross_mass	chr4	chr17	366.796266	360.117338	360.117338	366.796266	186.116838	158.447688	158.447688	186.116838	180.679429	201.66965	201.66965	180.679429	0	0	1	0
p9016_pcgamma1_td0p5_mstep1_p1_w0_sep0	posterior_same_cross_mass	chr4	chr18	783.878436	45.6198301	45.6198301	783.878436	381.237292	16.1090733	16.1090733	381.237292	402.641144	29.5107568	29.5107568	402.641144	0	0	0	1
p9016_pcgamma1_td0p5_mstep1_p1_w0_sep0	posterior_same_cross_mass	chr4	chr19	255.112596	325.183826	325.183826	255.112596	106.060505	190.406491	190.406491	106.060505	149.052091	134.777335	134.777335	149.052091	1	1	0	0
p9016_pcgamma1_td0p5_mstep1_p1_w0_sep0	posterior_same_cross_mass	chr4	chr5	5305.53435	173.535768	173.535768	5305.53435	2603.70031	81.8871688	81.8871688	2603.70031	2701.83404	91.6485991	91.6485991	2701.83404	0	0	0	1
p9016_pcgamma1_td0p5_mstep1_p1_w0_sep0	posterior_same_cross_mass	chr4	chr6	2853.63633	0.0316682716	0.0316682716	2853.63633	1421.4324	0	0	1421.4324	1432.20393	0.0316682716	0.0316682716	1432.20393	0	0	0	1
p9016_pcgamma1_td0p5_mstep1_p1_w0_sep0	posterior_same_cross_mass	chr4	chr7	1225.89258	2913.77706	2913.77706	1225.89258	556.660399	1418.83571	1418.83571	556.660399	669.232185	1494.94136	1494.94136	669.232185	1	1	1	1
p9016_pcgamma1_td0p5_mstep1_p1_w0_sep0	posterior_same_cross_mass	chr4	chr8	759.063594	244.45038	244.45038	759.063594	350.085181	135.2999	135.2999	350.085181	408.978412	109.15048	109.15048	408.978412	0	0	0	1
p9016_pcgamma1_td0p5_mstep1_p1_w0_sep0	posterior_same_cross_mass	chr4	chr9	89.7263934	1667.61773	1667.61773	89.7263934	45.2478307	828.015098	828.015098	45.2478307	44.4785627	839.602631	839.602631	44.4785627	1	1	1	1
p9016_pcgamma1_td0p5_mstep1_p1_w0_sep0	posterior_same_cross_mass	chr4	chrX	123.623434	2822.77964	2822.77964	123.623434	64.1821432	1301.59735	1301.59735	64.1821432	59.4412905	1521.18229	1521.18229	59.4412905	1	1	1	1
p9016_pcgamma1_td0p5_mstep1_p1_w0_sep0	posterior_same_cross_mass	chr5	chr10	185.971634	3395.2889	3395.2889	185.971634	72.6240835	1645.6252	1645.6252	72.6240835	113.347551	1749.6637	1749.6637	113.347551	1	1	1	1
p9016_pcgamma1_td0p5_mstep1_p1_w0_sep0	posterior_same_cross_mass	chr5	chr11	2512.09147	3.05319024	3.05319024	2512.09147	1277.84654	1.58841563	1.58841563	1277.84654	1234.24494	1.46477461	1.46477461	1234.24494	0	0	0	1
p9016_pcgamma1_td0p5_mstep1_p1_w0_sep0	posterior_same_cross_mass	chr5	chr12	85.1860838	867.777291	867.777291	85.1860838	42.2162984	423.116748	423.116748	42.2162984	42.9697855	444.660543	444.660543	42.9697855	1	1	1	1
p9016_pcgamma1_td0p5_mstep1_p1_w0_sep0	posterior_same_cross_mass	chr5	chr13	1630.30358	9.87405281	9.87405281	1630.30358	814.433215	4.49932537	4.49932537	814.433215	815.870364	5.37472743	5.37472743	815.870364	0	0	0	1
p9016_pcgamma1_td0p5_mstep1_p1_w0_sep0	posterior_same_cross_mass	chr5	chr14	0.125784208	3158.21115	3158.21115	0.125784208	0.0531678781	1596.40217	1596.40217	0.0531678781	0.0726163294	1561.80898	1561.80898	0.0726163294	1	1	1	1
p9016_pcgamma1_td0p5_mstep1_p1_w0_sep0	posterior_same_cross_mass	chr5	chr15	375.932945	414.810195	414.810195	375.932945	181.99493	208.93416	208.93416	181.99493	193.938014	205.876035	205.876035	193.938014	1	1	1	1
p9016_pcgamma1_td0p5_mstep1_p1_w0_sep0	posterior_same_cross_mass	chr5	chr16	2033.85361	777.002611	777.002611	2033.85361	1133.64268	340.90072	340.90072	1133.64268	900.210929	436.101891	436.101891	900.210929	0	0	0	1
p9016_pcgamma1_td0p5_mstep1_p1_w0_sep0	posterior_same_cross_mass	chr5	chr17	331.552277	337.389967	337.389967	331.552277	160.747426	164.267299	164.267299	160.747426	170.804851	173.122668	173.122668	170.804851	1	1	1	1
p9016_pcgamma1_td0p5_mstep1_p1_w0_sep0	posterior_same_cross_mass	chr5	chr18	6.56171178	2933.26743	2933.26743	6.56171178	3.02870008	1448.38263	1448.38263	3.02870008	3.5330117	1484.88481	1484.88481	3.5330117	1	1	1	1
p9016_pcgamma1_td0p5_mstep1_p1_w0_sep0	posterior_same_cross_mass	chr5	chr19	6.58975194	1288.17197	1288.17197	6.58975194	4.1712489	647.067686	647.067686	4.1712489	2.41850305	641.104281	641.104281	2.41850305	1	1	1	1
p9016_pcgamma1_td0p5_mstep1_p1_w0_sep0	posterior_same_cross_mass	chr5	chr6	1416.81856	269.158792	269.158792	1416.81856	714.640767	135.688786	135.688786	714.640767	702.177792	133.470007	133.470007	702.177792	0	0	0	1
p9016_pcgamma1_td0p5_mstep1_p1_w0_sep0	posterior_same_cross_mass	chr5	chr7	2190.07441	0.289957943	0.289957943	2190.07441	1112.2434	0	0	1112.2434	1077.83101	0.289957943	0.289957943	1077.83101	0	0	0	1
p9016_pcgamma1_td0p5_mstep1_p1_w0_sep0	posterior_same_cross_mass	chr5	chr8	8.07640674	1854.49621	1854.49621	8.07640674	2.75811258	892.846205	892.846205	2.75811258	5.31829415	961.650003	961.650003	5.31829415	1	1	1	1
p9016_pcgamma1_td0p5_mstep1_p1_w0_sep0	posterior_same_cross_mass	chr5	chr9	6572.37387	1.32915784	1.32915784	6572.37387	3506.85694	0.423364032	0.423364032	3506.85694	3065.51694	0.905793806	0.905793806	3065.51694	0	0	0	1
p9016_pcgamma1_td0p5_mstep1_p1_w0_sep0	posterior_same_cross_mass	chr5	chrX	173.935175	434.945094	434.945094	173.935175	85.6019154	227.5245	227.5245	85.6019154	88.3332599	207.420594	207.420594	88.3332599	1	1	1	1
p9016_pcgamma1_td0p5_mstep1_p1_w0_sep0	posterior_same_cross_mass	chr6	chr10	2927.42685	156.310962	156.310962	2927.42685	1506.78795	73.5770908	73.5770908	1506.78795	1420.6389	82.7338711	82.7338711	1420.6389	0	0	0	1
p9016_pcgamma1_td0p5_mstep1_p1_w0_sep0	posterior_same_cross_mass	chr6	chr11	1464.17815	101.364307	101.364307	1464.17815	728.632125	47.0819239	47.0819239	728.632125	735.54603	54.282383	54.282383	735.54603	0	0	0	1
p9016_pcgamma1_td0p5_mstep1_p1_w0_sep0	posterior_same_cross_mass	chr6	chr12	15.2960238	1709.86626	1709.86626	15.2960238	7.1051337	830.354708	830.354708	7.1051337	8.1908901	879.511551	879.511551	8.1908901	1	1	1	1
p9016_pcgamma1_td0p5_mstep1_p1_w0_sep0	posterior_same_cross_mass	chr6	chr13	256.935392	1110.19246	1110.19246	256.935392	124.846043	528.914642	528.914642	124.846043	132.08935	581.277823	581.277823	132.08935	1	1	1	1
p9016_pcgamma1_td0p5_mstep1_p1_w0_sep0	posterior_same_cross_mass	chr6	chr14	4931.3157	7.60203311	7.60203311	4931.3157	2496.5301	3.63147171	3.63147171	2496.5301	2434.7856	3.9705614	3.9705614	2434.7856	0	0	0	1
p9016_pcgamma1_td0p5_mstep1_p1_w0_sep0	posterior_same_cross_mass	chr6	chr15	1190.88274	94.0053152	94.0053152	1190.88274	599.199052	46.8165406	46.8165406	599.199052	591.683687	47.1887746	47.1887746	591.683687	0	0	0	1
p9016_pcgamma1_td0p5_mstep1_p1_w0_sep0	posterior_same_cross_mass	chr6	chr16	3956.6318	0	0	3956.6318	1893.03219	0	0	1893.03219	2063.59961	0	0	2063.59961	0	0	0	1
p9016_pcgamma1_td0p5_mstep1_p1_w0_sep0	posterior_same_cross_mass	chr6	chr17	953.709078	64.6557147	64.6557147	953.709078	470.401717	33.1378081	33.1378081	470.401717	483.307361	31.5179065	31.5179065	483.307361	0	0	0	1
p9016_pcgamma1_td0p5_mstep1_p1_w0_sep0	posterior_same_cross_mass	chr6	chr18	2261.226	3.50493159	3.50493159	2261.226	1145.06058	1.60811059	1.60811059	1145.06058	1116.16542	1.896821	1.896821	1116.16542	0	0	0	1
p9016_pcgamma1_td0p5_mstep1_p1_w0_sep0	posterior_same_cross_mass	chr6	chr19	1527.95199	68.3833839	68.3833839	1527.95199	887.110218	33.0606336	33.0606336	887.110218	640.841769	35.3227503	35.3227503	640.841769	0	0	0	1
p9016_pcgamma1_td0p5_mstep1_p1_w0_sep0	posterior_same_cross_mass	chr6	chr7	1291.26118	55.7503707	55.7503707	1291.26118	631.259316	31.8452919	31.8452919	631.259316	660.001867	23.9050787	23.9050787	660.001867	0	0	0	1
p9016_pcgamma1_td0p5_mstep1_p1_w0_sep0	posterior_same_cross_mass	chr6	chr8	23.2271974	1555.07486	1555.07486	23.2271974	9.89335906	796.149721	796.149721	9.89335906	13.3338384	758.92514	758.92514	13.3338384	1	1	1	1
p9016_pcgamma1_td0p5_mstep1_p1_w0_sep0	posterior_same_cross_mass	chr6	chr9	1456.12672	307.261474	307.261474	1456.12672	751.88887	154.691895	154.691895	751.88887	704.237853	152.569579	152.569579	704.237853	0	0	0	1
p9016_pcgamma1_td0p5_mstep1_p1_w0_sep0	posterior_same_cross_mass	chr6	chrX	475.271125	614.039271	614.039271	475.271125	242.248662	306.472344	306.472344	242.248662	233.022463	307.566927	307.566927	233.022463	1	1	1	1
p9016_pcgamma1_td0p5_mstep1_p1_w0_sep0	posterior_same_cross_mass	chr7	chr10	148.149582	752.824182	752.824182	148.149582	77.631932	381.949925	381.949925	77.631932	70.5176501	370.874257	370.874257	70.5176501	1	1	1	1
p9016_pcgamma1_td0p5_mstep1_p1_w0_sep0	posterior_same_cross_mass	chr7	chr11	2022.20148	0.444380305	0.444380305	2022.20148	1019.13924	0	0	1019.13924	1003.06224	0.444380305	0.444380305	1003.06224	0	0	0	1
p9016_pcgamma1_td0p5_mstep1_p1_w0_sep0	posterior_same_cross_mass	chr7	chr12	13.7349759	3483.63988	3483.63988	13.7349759	6.42050683	1796.06091	1796.06091	6.42050683	7.31446905	1687.57897	1687.57897	7.31446905	1	1	1	1
p9016_pcgamma1_td0p5_mstep1_p1_w0_sep0	posterior_same_cross_mass	chr7	chr13	1621.87937	29.1369103	29.1369103	1621.87937	847.576109	15.4799283	15.4799283	847.576109	774.303265	13.656982	13.656982	774.303265	0	0	0	1
p9016_pcgamma1_td0p5_mstep1_p1_w0_sep0	posterior_same_cross_mass	chr7	chr14	1.98479287	3126.91711	3126.91711	1.98479287	1.09568907	1517.26446	1517.26446	1.09568907	0.889103798	1609.65264	1609.65264	0.889103798	1	1	1	1
p9016_pcgamma1_td0p5_mstep1_p1_w0_sep0	posterior_same_cross_mass	chr7	chr15	400.885849	615.861417	615.861417	400.885849	182.318079	311.494216	311.494216	182.318079	218.56777	304.367201	304.367201	218.56777	1	1	1	1
p9016_pcgamma1_td0p5_mstep1_p1_w0_sep0	posterior_same_cross_mass	chr7	chr16	1194.88608	0	0	1194.88608	601.79205	0	0	601.79205	593.094027	0	0	593.094027	0	0	0	1
p9016_pcgamma1_td0p5_mstep1_p1_w0_sep0	posterior_same_cross_mass	chr7	chr17	16.8414154	1000.83747	1000.83747	16.8414154	8.7559642	530.324694	530.324694	8.7559642	8.08545118	470.512772	470.512772	8.08545118	1	1	1	1
p9016_pcgamma1_td0p5_mstep1_p1_w0_sep0	posterior_same_cross_mass	chr7	chr18	22.4866335	3122.81536	3122.81536	22.4866335	9.8629779	1500.77442	1500.77442	9.8629779	12.6236556	1622.04094	1622.04094	12.6236556	1	1	1	1
p9016_pcgamma1_td0p5_mstep1_p1_w0_sep0	posterior_same_cross_mass	chr7	chr19	5.15479365	1615.64058	1615.64058	5.15479365	2.76724486	842.209866	842.209866	2.76724486	2.38754879	773.430709	773.430709	2.38754879	1	1	1	1
p9016_pcgamma1_td0p5_mstep1_p1_w0_sep0	posterior_same_cross_mass	chr7	chr8	0.119368745	2619.79826	2619.79826	0.119368745	0.119368745	1305.28733	1305.28733	0.119368745	0	1314.51093	1314.51093	0	1	1	1	1
p9016_pcgamma1_td0p5_mstep1_p1_w0_sep0	posterior_same_cross_mass	chr7	chr9	1870.76531	3.91044562	3.91044562	1870.76531	968.032578	0.938304439	0.938304439	968.032578	902.732728	2.97214118	2.97214118	902.732728	0	0	0	1
p9016_pcgamma1_td0p5_mstep1_p1_w0_sep0	posterior_same_cross_mass	chr7	chrX	340.769647	445.903993	445.903993	340.769647	174.697062	214.532906	214.532906	174.697062	166.072585	231.371087	231.371087	166.072585	1	1	1	1
p9016_pcgamma1_td0p5_mstep1_p1_w0_sep0	posterior_same_cross_mass	chr8	chr10	58.8624926	986.714602	986.714602	58.8624926	23.9480278	497.796022	497.796022	23.9480278	34.9144647	488.918581	488.918581	34.9144647	1	1	1	1
p9016_pcgamma1_td0p5_mstep1_p1_w0_sep0	posterior_same_cross_mass	chr8	chr11	0	9089.50733	9089.50733	0	0	4759.57804	4759.57804	0	0	4329.92929	4329.92929	0	1	1	1	1
p9016_pcgamma1_td0p5_mstep1_p1_w0_sep0	posterior_same_cross_mass	chr8	chr12	1995.19084	0	0	1995.19084	1002.0723	0	0	1002.0723	993.118535	0	0	993.118535	0	0	0	1
p9016_pcgamma1_td0p5_mstep1_p1_w0_sep0	posterior_same_cross_mass	chr8	chr13	0	2224.27598	2224.27598	0	0	1111.57265	1111.57265	0	0	1112.70333	1112.70333	0	1	1	1	1
p9016_pcgamma1_td0p5_mstep1_p1_w0_sep0	posterior_same_cross_mass	chr8	chr14	2785.27986	13.90297	13.90297	2785.27986	1332.36507	5.91761366	5.91761366	1332.36507	1452.91479	7.98535638	7.98535638	1452.91479	0	0	0	1
p9016_pcgamma1_td0p5_mstep1_p1_w0_sep0	posterior_same_cross_mass	chr8	chr15	6.89827365	3667.77666	3667.77666	6.89827365	3.89184287	1895.09277	1895.09277	3.89184287	3.00643078	1772.68389	1772.68389	3.00643078	1	1	1	1
p9016_pcgamma1_td0p5_mstep1_p1_w0_sep0	posterior_same_cross_mass	chr8	chr16	0	1247.1924	1247.1924	0	0	641.119624	641.119624	0	0	606.072772	606.072772	0	1	1	1	1
p9016_pcgamma1_td0p5_mstep1_p1_w0_sep0	posterior_same_cross_mass	chr8	chr17	928.488574	30.485487	30.485487	928.488574	462.203307	16.7553271	16.7553271	462.203307	466.285267	13.7301599	13.7301599	466.285267	0	0	0	1
p9016_pcgamma1_td0p5_mstep1_p1_w0_sep0	posterior_same_cross_mass	chr8	chr18	1078.71025	5.76109003	5.76109003	1078.71025	533.233705	3.466953	3.466953	533.233705	545.476543	2.29413703	2.29413703	545.476543	0	0	0	1
p9016_pcgamma1_td0p5_mstep1_p1_w0_sep0	posterior_same_cross_mass	chr8	chr19	1915.43902	0	0	1915.43902	1000.69311	0	0	1000.69311	914.74591	0	0	914.74591	0	0	0	1
p9016_pcgamma1_td0p5_mstep1_p1_w0_sep0	posterior_same_cross_mass	chr8	chr9	0	1880.37698	1880.37698	0	0	918.404707	918.404707	0	0	961.972277	961.972277	0	1	1	1	1
p9016_pcgamma1_td0p5_mstep1_p1_w0_sep0	posterior_same_cross_mass	chr8	chrX	2082.06737	0.12874984	0.12874984	2082.06737	1033.42092	0.0818286503	0.0818286503	1033.42092	1048.64644	0.0469211896	0.0469211896	1048.64644	0	0	0	1
p9016_pcgamma1_td0p5_mstep1_p1_w0_sep0	posterior_same_cross_mass	chr9	chr10	157.384122	758.076657	758.076657	157.384122	76.1145349	392.358442	392.358442	76.1145349	81.2695869	365.718215	365.718215	81.2695869	1	1	1	1
p9016_pcgamma1_td0p5_mstep1_p1_w0_sep0	posterior_same_cross_mass	chr9	chr11	2312.09417	0	0	2312.09417	1148.32354	0	0	1148.32354	1163.77063	0	0	1163.77063	0	0	0	1
p9016_pcgamma1_td0p5_mstep1_p1_w0_sep0	posterior_same_cross_mass	chr9	chr12	9.95217875	1432.31959	1432.31959	9.95217875	4.3666669	700.062356	700.062356	4.3666669	5.58551185	732.257231	732.257231	5.58551185	1	1	1	1
p9016_pcgamma1_td0p5_mstep1_p1_w0_sep0	posterior_same_cross_mass	chr9	chr13	1676.81526	0.910951644	0.910951644	1676.81526	807.580324	0.568079481	0.568079481	807.580324	869.234938	0.342872164	0.342872164	869.234938	0	0	0	1
p9016_pcgamma1_td0p5_mstep1_p1_w0_sep0	posterior_same_cross_mass	chr9	chr14	0.0793009044	1642.33689	1642.33689	0.0793009044	0.0793009044	829.169029	829.169029	0.0793009044	0	813.167856	813.167856	0	1	1	1	1
p9016_pcgamma1_td0p5_mstep1_p1_w0_sep0	posterior_same_cross_mass	chr9	chr15	974.329674	28.3252185	28.3252185	974.329674	502.54439	15.2804106	15.2804106	502.54439	471.785283	13.0448079	13.0448079	471.785283	0	0	0	1
p9016_pcgamma1_td0p5_mstep1_p1_w0_sep0	posterior_same_cross_mass	chr9	chr16	1733.89756	53.1948777	53.1948777	1733.89756	841.592631	29.7750476	29.7750476	841.592631	892.304929	23.4198301	23.4198301	892.304929	0	0	0	1
p9016_pcgamma1_td0p5_mstep1_p1_w0_sep0	posterior_same_cross_mass	chr9	chr17	39.6646333	2834.4174	2834.4174	39.6646333	18.1856368	1474.82821	1474.82821	18.1856368	21.4789965	1359.58919	1359.58919	21.4789965	1	1	1	1
p9016_pcgamma1_td0p5_mstep1_p1_w0_sep0	posterior_same_cross_mass	chr9	chr18	1.0401593	1395.22811	1395.22811	1.0401593	0.65933121	671.961741	671.961741	0.65933121	0.380828089	723.266371	723.266371	0.380828089	1	1	1	1
p9016_pcgamma1_td0p5_mstep1_p1_w0_sep0	posterior_same_cross_mass	chr9	chr19	0	981.099508	981.099508	0	0	459.95737	459.95737	0	0	521.142138	521.142138	0	1	1	1	1
p9016_pcgamma1_td0p5_mstep1_p1_w0_sep0	posterior_same_cross_mass	chr9	chrX	83.2285586	1509.78376	1509.78376	83.2285586	41.6624578	866.288901	866.288901	41.6624578	41.5661008	643.494862	643.494862	41.5661008	1	1	1	1
p9016_pcgamma1_td0p5_mstep1_p1_w0_sep0	same_cross_distance_sum	chr1	chr10	5876.31405	0.0857961115	0.0857961115	5876.31405	2895.88176	0.0170981887	0.0170981887	2895.88176	2980.43228	0.0686979227	0.0686979227	2980.43228	0	0	0	1
p9016_pcgamma1_td0p5_mstep1_p1_w0_sep0	same_cross_distance_sum	chr1	chr11	1226.07644	3138.67541	3138.67541	1226.07644	603.52776	1538.30157	1538.30157	603.52776	622.548685	1600.37384	1600.37384	622.548685	1	1	1	1
p9016_pcgamma1_td0p5_mstep1_p1_w0_sep0	same_cross_distance_sum	chr1	chr12	108.809095	3376.74525	3376.74525	108.809095	81.2320141	1665.45824	1665.45824	81.2320141	27.5770806	1711.28701	1711.28701	27.5770806	1	1	1	1
p9016_pcgamma1_td0p5_mstep1_p1_w0_sep0	same_cross_distance_sum	chr1	chr13	4.94530699	7690.80136	7690.80136	4.94530699	1.33008649	3857.02147	3857.02147	1.33008649	3.61522051	3833.77989	3833.77989	3.61522051	1	1	1	1
p9016_pcgamma1_td0p5_mstep1_p1_w0_sep0	same_cross_distance_sum	chr1	chr14	5041.96015	33.2755828	33.2755828	5041.96015	2498.51308	16.7920047	16.7920047	2498.51308	2543.44706	16.4835781	16.4835781	2543.44706	0	0	0	1
p9016_pcgamma1_td0p5_mstep1_p1_w0_sep0	same_cross_distance_sum	chr1	chr15	5498.80947	2.9170719	2.9170719	5498.80947	2774.14603	1.68245323	1.68245323	2774.14603	2724.66345	1.23461867	1.23461867	2724.66345	0	0	0	1
p9016_pcgamma1_td0p5_mstep1_p1_w0_sep0	same_cross_distance_sum	chr1	chr16	0.307684822	7087.09016	7087.09016	0.307684822	0.0699735316	3613.39344	3613.39344	0.0699735316	0.237711291	3473.69673	3473.69673	0.237711291	1	1	1	1
p9016_pcgamma1_td0p5_mstep1_p1_w0_sep0	same_cross_distance_sum	chr1	chr17	2351.24965	2740.80061	2740.80061	2351.24965	1042.34908	1406.88877	1406.88877	1042.34908	1308.90057	1333.91184	1333.91184	1308.90057	1	1	1	1
p9016_pcgamma1_td0p5_mstep1_p1_w0_sep0	same_cross_distance_sum	chr1	chr18	7605.12469	0	0	7605.12469	3610.97562	0	0	3610.97562	3994.14907	0	0	3994.14907	0	0	0	1
p9016_pcgamma1_td0p5_mstep1_p1_w0_sep0	same_cross_distance_sum	chr1	chr19	1855.32024	15.499952	15.499952	1855.32024	933.547928	6.01473979	6.01473979	933.547928	921.772315	9.48521219	9.48521219	921.772315	0	0	0	1
p9016_pcgamma1_td0p5_mstep1_p1_w0_sep0	same_cross_distance_sum	chr1	chr2	24007.5376	6.0778726	6.0778726	24007.5376	11445.3052	4.10839011	4.10839011	11445.3052	12562.2324	1.96948249	1.96948249	12562.2324	0	0	0	1
p9016_pcgamma1_td0p5_mstep1_p1_w0_sep0	same_cross_distance_sum	chr1	chr3	1881.3908	442.708733	442.708733	1881.3908	945.858017	236.520765	236.520765	945.858017	935.53278	206.187968	206.187968	935.53278	0	0	0	1
p9016_pcgamma1_td0p5_mstep1_p1_w0_sep0	same_cross_distance_sum	chr1	chr4	5530.93612	241.77644	241.77644	5530.93612	2693.9884	118.753069	118.753069	2693.9884	2836.94772	123.023372	123.023372	2836.94772	0	0	0	1
p9016_pcgamma1_td0p5_mstep1_p1_w0_sep0	same_cross_distance_sum	chr1	chr5	0.362412983	10626.6001	10626.6001	0.362412983	0.0487023872	5319.89676	5319.89676	0.0487023872	0.313710596	5306.70329	5306.70329	0.313710596	1	1	1	1
p9016_pcgamma1_td0p5_mstep1_p1_w0_sep0	same_cross_distance_sum	chr1	chr6	37.7787774	19929.0421	19929.0421	37.7787774	17.115333	9536.17915	9536.17915	17.115333	20.6634443	10392.8629	10392.8629	20.6634443	1	1	1	1
p9016_pcgamma1_td0p5_mstep1_p1_w0_sep0	same_cross_distance_sum	chr1	chr7	869.966666	748.27644	748.27644	869.966666	451.948768	380.188316	380.188316	451.948768	418.017898	368.088124	368.088124	418.017898	0	0	0	1
p9016_pcgamma1_td0p5_mstep1_p1_w0_sep0	same_cross_distance_sum	chr1	chr8	2470.54274	1874.67346	1874.67346	2470.54274	1388.95519	963.470818	963.470818	1388.95519	1081.58755	911.202637	911.202637	1081.58755	0	0	0	1
p9016_pcgamma1_td0p5_mstep1_p1_w0_sep0	same_cross_distance_sum	chr1	chr9	0.300840176	16856.2209	16856.2209	0.300840176	0.260273266	8102.59954	8102.59954	0.260273266	0.0405669103	8753.62135	8753.62135	0.0405669103	1	1	1	1
p9016_pcgamma1_td0p5_mstep1_p1_w0_sep0	same_cross_distance_sum	chr1	chrX	1723.31536	4792.64888	4792.64888	1723.31536	966.926983	2252.49344	2252.49344	966.926983	756.388376	2540.15544	2540.15544	756.388376	1	1	1	1
p9016_pcgamma1_td0p5_mstep1_p1_w0_sep0	same_cross_distance_sum	chr10	chr11	1903.06514	74.4172024	74.4172024	1903.06514	930.452071	38.0942787	38.0942787	930.452071	972.613068	36.3229236	36.3229236	972.613068	0	0	0	1
p9016_pcgamma1_td0p5_mstep1_p1_w0_sep0	same_cross_distance_sum	chr10	chr12	0	12006.7615	12006.7615	0	0	6661.77923	6661.77923	0	0	5344.98232	5344.98232	0	1	1	1	1
p9016_pcgamma1_td0p5_mstep1_p1_w0_sep0	same_cross_distance_sum	chr10	chr13	686.025665	6281.32068	6281.32068	686.025665	341.083893	3141.61132	3141.61132	341.083893	344.941772	3139.70936	3139.70936	344.941772	1	1	1	1
p9016_pcgamma1_td0p5_mstep1_p1_w0_sep0	same_cross_distance_sum	chr10	chr14	3303.39493	233.868296	233.868296	3303.39493	1661.1018	116.060807	116.060807	1661.1018	1642.29314	117.807489	117.807489	1642.29314	0	0	0	1
p9016_pcgamma1_td0p5_mstep1_p1_w0_sep0	same_cross_distance_sum	chr10	chr15	14554.6624	0	0	14554.6624	6949.79042	0	0	6949.79042	7604.87196	0	0	7604.87196	0	0	0	1
p9016_pcgamma1_td0p5_mstep1_p1_w0_sep0	same_cross_distance_sum	chr10	chr16	40.3966121	5041.30882	5041.30882	40.3966121	11.7642907	2591.39374	2591.39374	11.7642907	28.6323214	2449.91507	2449.91507	28.6323214	1	1	1	1
p9016_pcgamma1_td0p5_mstep1_p1_w0_sep0	same_cross_distance_sum	chr10	chr17	40.7107642	5932.03736	5932.03736	40.7107642	17.2178551	2964.75143	2964.75143	17.2178551	23.4929091	2967.28593	2967.28593	23.4929091	1	1	1	1
p9016_pcgamma1_td0p5_mstep1_p1_w0_sep0	same_cross_distance_sum	chr10	chr18	9154.8841	0.247443379	0.247443379	9154.8841	4545.52971	0.0926738057	0.0926738057	4545.52971	4609.35439	0.154769573	0.154769573	4609.35439	0	0	0	1
p9016_pcgamma1_td0p5_mstep1_p1_w0_sep0	same_cross_distance_sum	chr10	chr19	238.69146	1218.34189	1218.34189	238.69146	126.341489	584.306048	584.306048	126.341489	112.349971	634.035841	634.035841	112.349971	1	1	1	1
p9016_pcgamma1_td0p5_mstep1_p1_w0_sep0	same_cross_distance_sum	chr10	chrX	35.8658615	2299.89841	2299.89841	35.8658615	22.2026186	1171.9364	1171.9364	22.2026186	13.6632429	1127.96201	1127.96201	13.6632429	1	1	1	1
p9016_pcgamma1_td0p5_mstep1_p1_w0_sep0	same_cross_distance_sum	chr11	chr12	0	8255.99079	8255.99079	0	0	4170.2342	4170.2342	0	0	4085.75659	4085.75659	0	1	1	1	1
p9016_pcgamma1_td0p5_mstep1_p1_w0_sep0	same_cross_distance_sum	chr11	chr13	195.400591	2690.2072	2690.2072	195.400591	70.5414033	1344.15728	1344.15728	70.5414033	124.859188	1346.04991	1346.04991	124.859188	1	1	1	1
p9016_pcgamma1_td0p5_mstep1_p1_w0_sep0	same_cross_distance_sum	chr11	chr14	1931.20204	940.797217	940.797217	1931.20204	971.57349	411.543888	411.543888	971.57349	959.628551	529.253329	529.253329	959.628551	0	0	0	1
p9016_pcgamma1_td0p5_mstep1_p1_w0_sep0	same_cross_distance_sum	chr11	chr15	6487.50065	4.46972316	4.46972316	6487.50065	3175.96768	3.03466201	3.03466201	3175.96768	3311.53297	1.43506115	1.43506115	3311.53297	0	0	0	1
p9016_pcgamma1_td0p5_mstep1_p1_w0_sep0	same_cross_distance_sum	chr11	chr16	1502.49387	3.04977816	3.04977816	1502.49387	753.782645	1.87395444	1.87395444	753.782645	748.711226	1.17582372	1.17582372	748.711226	0	0	0	1
p9016_pcgamma1_td0p5_mstep1_p1_w0_sep0	same_cross_distance_sum	chr11	chr17	3.48946263	3224.71149	3224.71149	3.48946263	1.78254246	1630.44972	1630.44972	1.78254246	1.70692016	1594.26177	1594.26177	1.70692016	1	1	1	1
p9016_pcgamma1_td0p5_mstep1_p1_w0_sep0	same_cross_distance_sum	chr11	chr18	3526.73432	3.22341173	3.22341173	3526.73432	1845.2834	1.30375478	1.30375478	1845.2834	1681.45092	1.91965695	1.91965695	1681.45092	0	0	0	1
p9016_pcgamma1_td0p5_mstep1_p1_w0_sep0	same_cross_distance_sum	chr11	chr19	159.661199	409.559829	409.559829	159.661199	80.4466884	219.314407	219.314407	80.4466884	79.2145102	190.245422	190.245422	79.2145102	1	1	1	1
p9016_pcgamma1_td0p5_mstep1_p1_w0_sep0	same_cross_distance_sum	chr11	chrX	0.320125527	20203.6436	20203.6436	0.320125527	0	10659.3854	10659.3854	0	0.320125527	9544.25821	9544.25821	0.320125527	1	1	1	1
p9016_pcgamma1_td0p5_mstep1_p1_w0_sep0	same_cross_distance_sum	chr12	chr13	4929.40165	2200.8975	2200.8975	4929.40165	2313.19891	1020.07914	1020.07914	2313.19891	2616.20274	1180.81835	1180.81835	2616.20274	0	0	0	1
p9016_pcgamma1_td0p5_mstep1_p1_w0_sep0	same_cross_distance_sum	chr12	chr14	922.686079	735.505255	735.505255	922.686079	445.853872	366.673765	366.673765	445.853872	476.832207	368.831491	368.831491	476.832207	0	0	0	1
p9016_pcgamma1_td0p5_mstep1_p1_w0_sep0	same_cross_distance_sum	chr12	chr15	0	17886.6083	17886.6083	0	0	9080.70035	9080.70035	0	0	8805.90799	8805.90799	0	1	1	1	1
p9016_pcgamma1_td0p5_mstep1_p1_w0_sep0	same_cross_distance_sum	chr12	chr16	412.576387	201.027646	201.027646	412.576387	211.200856	105.336419	105.336419	211.200856	201.375532	95.6912269	95.6912269	201.375532	0	0	0	1
p9016_pcgamma1_td0p5_mstep1_p1_w0_sep0	same_cross_distance_sum	chr12	chr17	11584.0762	0	0	11584.0762	6120.3837	0	0	6120.3837	5463.69246	0	0	5463.69246	0	0	0	1
p9016_pcgamma1_td0p5_mstep1_p1_w0_sep0	same_cross_distance_sum	chr12	chr18	5.27301011	8030.81795	8030.81795	5.27301011	1.68451115	3622.45702	3622.45702	1.68451115	3.58849896	4408.36093	4408.36093	3.58849896	1	1	1	1
p9016_pcgamma1_td0p5_mstep1_p1_w0_sep0	same_cross_distance_sum	chr12	chr19	3163.4726	113.761247	113.761247	3163.4726	1149.97127	59.0746389	59.0746389	1149.97127	2013.50133	54.6866077	54.6866077	2013.50133	0	0	0	1
p9016_pcgamma1_td0p5_mstep1_p1_w0_sep0	same_cross_distance_sum	chr12	chrX	3367.86559	21.0378805	21.0378805	3367.86559	1755.32344	12.7503994	12.7503994	1755.32344	1612.54215	8.28748114	8.28748114	1612.54215	0	0	0	1
p9016_pcgamma1_td0p5_mstep1_p1_w0_sep0	same_cross_distance_sum	chr13	chr14	49.7908747	8399.70544	8399.70544	49.7908747	31.9693485	4005.23594	4005.23594	31.9693485	17.8215262	4394.4695	4394.4695	17.8215262	1	1	1	1
p9016_pcgamma1_td0p5_mstep1_p1_w0_sep0	same_cross_distance_sum	chr13	chr15	212.398501	1584.77613	1584.77613	212.398501	109.980304	791.247859	791.247859	109.980304	102.418198	793.528273	793.528273	102.418198	1	1	1	1
p9016_pcgamma1_td0p5_mstep1_p1_w0_sep0	same_cross_distance_sum	chr13	chr16	1352.43037	844.391064	844.391064	1352.43037	704.793535	489.320749	489.320749	704.793535	647.63684	355.070315	355.070315	647.63684	0	0	0	1
p9016_pcgamma1_td0p5_mstep1_p1_w0_sep0	same_cross_distance_sum	chr13	chr17	7865.68548	1138.028	1138.028	7865.68548	4082.61895	526.965589	526.965589	4082.61895	3783.06653	611.062409	611.062409	3783.06653	0	0	0	1
p9016_pcgamma1_td0p5_mstep1_p1_w0_sep0	same_cross_distance_sum	chr13	chr18	0	13865.2049	13865.2049	0	0	6624.74927	6624.74927	0	0	7240.45561	7240.45561	0	1	1	1	1
p9016_pcgamma1_td0p5_mstep1_p1_w0_sep0	same_cross_distance_sum	chr13	chr19	13.8315553	12601.2823	12601.2823	13.8315553	5.04403552	5775.75767	5775.75767	5.04403552	8.78751979	6825.52465	6825.52465	8.78751979	1	1	1	1
p9016_pcgamma1_td0p5_mstep1_p1_w0_sep0	same_cross_distance_sum	chr13	chrX	1038.755	280.373746	280.373746	1038.755	520.611212	150.498251	150.498251	520.611212	518.143786	129.875495	129.875495	518.143786	0	0	0	1
p9016_pcgamma1_td0p5_mstep1_p1_w0_sep0	same_cross_distance_sum	chr14	chr15	4035.92636	15.1635761	15.1635761	4035.92636	2005.98901	5.92062763	5.92062763	2005.98901	2029.93735	9.24294846	9.24294846	2029.93735	0	0	0	1
p9016_pcgamma1_td0p5_mstep1_p1_w0_sep0	same_cross_distance_sum	chr14	chr16	565.68833	411.553633	411.553633	565.68833	295.928879	211.015917	211.015917	295.928879	269.759451	200.537716	200.537716	269.759451	0	0	0	1
p9016_pcgamma1_td0p5_mstep1_p1_w0_sep0	same_cross_distance_sum	chr14	chr17	3180.7527	0.764754266	0.764754266	3180.7527	1591.33812	0.736502409	0.736502409	1591.33812	1589.41458	0.028251857	0.028251857	1589.41458	0	0	0	1
p9016_pcgamma1_td0p5_mstep1_p1_w0_sep0	same_cross_distance_sum	chr14	chr18	11867.4672	0	0	11867.4672	5496.82803	0	0	5496.82803	6370.63914	0	0	6370.63914	0	0	0	1
p9016_pcgamma1_td0p5_mstep1_p1_w0_sep0	same_cross_distance_sum	chr14	chr19	7131.74174	0	0	7131.74174	3855.65052	0	0	3855.65052	3276.09122	0	0	3276.09122	0	0	0	1
p9016_pcgamma1_td0p5_mstep1_p1_w0_sep0	same_cross_distance_sum	chr14	chrX	0	3635.44441	3635.44441	0	0	1843.09248	1843.09248	0	0	1792.35193	1792.35193	0	1	1	1	1
p9016_pcgamma1_td0p5_mstep1_p1_w0_sep0	same_cross_distance_sum	chr15	chr16	21.7766182	1552.64625	1552.64625	21.7766182	9.24030432	806.99947	806.99947	9.24030432	12.5363139	745.646782	745.646782	12.5363139	1	1	1	1
p9016_pcgamma1_td0p5_mstep1_p1_w0_sep0	same_cross_distance_sum	chr15	chr17	90.7812111	7996.0142	7996.0142	90.7812111	51.3941909	4116.13693	4116.13693	51.3941909	39.3870203	3879.87727	3879.87727	39.3870203	1	1	1	1
p9016_pcgamma1_td0p5_mstep1_p1_w0_sep0	same_cross_distance_sum	chr15	chr18	17939.2829	0	0	17939.2829	8730.38784	0	0	8730.38784	9208.89509	0	0	9208.89509	0	0	0	1
p9016_pcgamma1_td0p5_mstep1_p1_w0_sep0	same_cross_distance_sum	chr15	chr19	395.396392	997.935526	997.935526	395.396392	205.951702	544.957583	544.957583	205.951702	189.44469	452.977943	452.977943	189.44469	1	1	1	1
p9016_pcgamma1_td0p5_mstep1_p1_w0_sep0	same_cross_distance_sum	chr15	chrX	2.82820946	4885.62358	4885.62358	2.82820946	0.979599314	2532.98921	2532.98921	0.979599314	1.84861014	2352.63437	2352.63437	1.84861014	1	1	1	1
p9016_pcgamma1_td0p5_mstep1_p1_w0_sep0	same_cross_distance_sum	chr16	chr17	1280.98016	89.2891066	89.2891066	1280.98016	639.14495	56.3683689	56.3683689	639.14495	641.835214	32.9207376	32.9207376	641.835214	0	0	0	1
p9016_pcgamma1_td0p5_mstep1_p1_w0_sep0	same_cross_distance_sum	chr16	chr18	563.103094	1774.95207	1774.95207	563.103094	279.105663	817.984144	817.984144	279.105663	283.997431	956.967928	956.967928	283.997431	1	1	1	1
p9016_pcgamma1_td0p5_mstep1_p1_w0_sep0	same_cross_distance_sum	chr16	chr19	1542.38791	104.934368	104.934368	1542.38791	695.821339	56.5368762	56.5368762	695.821339	846.566572	48.3974922	48.3974922	846.566572	0	0	0	1
p9016_pcgamma1_td0p5_mstep1_p1_w0_sep0	same_cross_distance_sum	chr16	chrX	329.428093	376.354105	376.354105	329.428093	161.206923	202.373031	202.373031	161.206923	168.22117	173.981074	173.981074	168.22117	1	1	1	1
p9016_pcgamma1_td0p5_mstep1_p1_w0_sep0	same_cross_distance_sum	chr17	chr18	59.2875861	2061.42171	2061.42171	59.2875861	24.5989368	1090.01008	1090.01008	24.5989368	34.6886493	971.411625	971.411625	34.6886493	1	1	1	1
p9016_pcgamma1_td0p5_mstep1_p1_w0_sep0	same_cross_distance_sum	chr17	chr19	3304.17197	1.10162044	1.10162044	3304.17197	1537.63704	0.79996513	0.79996513	1537.63704	1766.53492	0.301655314	0.301655314	1766.53492	0	0	0	1
p9016_pcgamma1_td0p5_mstep1_p1_w0_sep0	same_cross_distance_sum	chr17	chrX	930.559627	3346.93083	3346.93083	930.559627	462.502388	1497.4409	1497.4409	462.502388	468.05724	1849.48993	1849.48993	468.05724	1	1	1	1
p9016_pcgamma1_td0p5_mstep1_p1_w0_sep0	same_cross_distance_sum	chr18	chr19	5503.49157	0.567462223	0.567462223	5503.49157	2655.53633	0.519608414	0.519608414	2655.53633	2847.95524	0.0478538098	0.0478538098	2847.95524	0	0	0	1
p9016_pcgamma1_td0p5_mstep1_p1_w0_sep0	same_cross_distance_sum	chr18	chrX	0.813272857	2916.89859	2916.89859	0.813272857	0.813272857	1445.37434	1445.37434	0.813272857	0	1471.52425	1471.52425	0	1	1	1	1
p9016_pcgamma1_td0p5_mstep1_p1_w0_sep0	same_cross_distance_sum	chr19	chrX	11.925604	583.425643	583.425643	11.925604	5.38996764	289.652704	289.652704	5.38996764	6.53563635	293.772939	293.772939	6.53563635	1	1	1	1
p9016_pcgamma1_td0p5_mstep1_p1_w0_sep0	same_cross_distance_sum	chr2	chr10	7564.22956	0.432985006	0.432985006	7564.22956	3898.42716	0.278878717	0.278878717	3898.42716	3665.8024	0.154106289	0.154106289	3665.8024	0	0	0	1
p9016_pcgamma1_td0p5_mstep1_p1_w0_sep0	same_cross_distance_sum	chr2	chr11	7963.21103	32.8191551	32.8191551	7963.21103	3940.80376	16.5019015	16.5019015	3940.80376	4022.40727	16.3172537	16.3172537	4022.40727	0	0	0	1
p9016_pcgamma1_td0p5_mstep1_p1_w0_sep0	same_cross_distance_sum	chr2	chr12	0	11675.9923	11675.9923	0	0	5651.78182	5651.78182	0	0	6024.21045	6024.21045	0	1	1	1	1
p9016_pcgamma1_td0p5_mstep1_p1_w0_sep0	same_cross_distance_sum	chr2	chr13	135.866596	10154.0942	10154.0942	135.866596	63.8824773	5123.84007	5123.84007	63.8824773	71.9841186	5030.25411	5030.25411	71.9841186	1	1	1	1
p9016_pcgamma1_td0p5_mstep1_p1_w0_sep0	same_cross_distance_sum	chr2	chr14	1747.75869	763.719273	763.719273	1747.75869	900.932338	373.35651	373.35651	900.932338	846.82635	390.362763	390.362763	846.82635	0	0	0	1
p9016_pcgamma1_td0p5_mstep1_p1_w0_sep0	same_cross_distance_sum	chr2	chr15	6356.47386	0.207144467	0.207144467	6356.47386	3030.52136	0.0778893126	0.0778893126	3030.52136	3325.9525	0.129255155	0.129255155	3325.9525	0	0	0	1
p9016_pcgamma1_td0p5_mstep1_p1_w0_sep0	same_cross_distance_sum	chr2	chr16	0.205094803	15205.288	15205.288	0.205094803	0.0571372388	7638.19728	7638.19728	0.0571372388	0.147957565	7567.09074	7567.09074	0.147957565	1	1	1	1
p9016_pcgamma1_td0p5_mstep1_p1_w0_sep0	same_cross_distance_sum	chr2	chr17	0	12595.0254	12595.0254	0	0	6037.55882	6037.55882	0	0	6557.46658	6557.46658	0	1	1	1	1
p9016_pcgamma1_td0p5_mstep1_p1_w0_sep0	same_cross_distance_sum	chr2	chr18	12916.7391	0	0	12916.7391	6185.6904	0	0	6185.6904	6731.04871	0	0	6731.04871	0	0	0	1
p9016_pcgamma1_td0p5_mstep1_p1_w0_sep0	same_cross_distance_sum	chr2	chr19	1597.3543	426.736342	426.736342	1597.3543	834.590184	234.963143	234.963143	834.590184	762.764114	191.773199	191.773199	762.764114	0	0	0	1
p9016_pcgamma1_td0p5_mstep1_p1_w0_sep0	same_cross_distance_sum	chr2	chr3	12179.56	50.5090375	50.5090375	12179.56	5476.93329	21.5908834	21.5908834	5476.93329	6702.62667	28.9181541	28.9181541	6702.62667	0	0	0	1
p9016_pcgamma1_td0p5_mstep1_p1_w0_sep0	same_cross_distance_sum	chr2	chr4	17009.1622	306.066353	306.066353	17009.1622	8370.98995	151.362106	151.362106	8370.98995	8638.17227	154.704247	154.704247	8638.17227	0	0	0	1
p9016_pcgamma1_td0p5_mstep1_p1_w0_sep0	same_cross_distance_sum	chr2	chr5	14.2170622	11965.6497	11965.6497	14.2170622	7.61907345	6091.62271	6091.62271	7.61907345	6.59798871	5874.02696	5874.02696	6.59798871	1	1	1	1
p9016_pcgamma1_td0p5_mstep1_p1_w0_sep0	same_cross_distance_sum	chr2	chr6	0	28220.1985	28220.1985	0	0	14641.7704	14641.7704	0	0	13578.4281	13578.4281	0	1	1	1	1
p9016_pcgamma1_td0p5_mstep1_p1_w0_sep0	same_cross_distance_sum	chr2	chr7	9767.75754	0.321412247	0.321412247	9767.75754	4825.8113	0.138627457	0.138627457	4825.8113	4941.94624	0.18278479	0.18278479	4941.94624	0	0	0	1
p9016_pcgamma1_td0p5_mstep1_p1_w0_sep0	same_cross_distance_sum	chr2	chr8	868.66432	6919.1527	6919.1527	868.66432	366.756782	3442.52664	3442.52664	366.756782	501.907538	3476.62605	3476.62605	501.907538	1	1	1	1
p9016_pcgamma1_td0p5_mstep1_p1_w0_sep0	same_cross_distance_sum	chr2	chr9	589.055688	19943.6798	19943.6798	589.055688	356.515372	9889.61647	9889.61647	356.515372	232.540316	10054.0633	10054.0633	232.540316	1	1	1	1
p9016_pcgamma1_td0p5_mstep1_p1_w0_sep0	same_cross_distance_sum	chr2	chrX	1069.94541	3454.88396	3454.88396	1069.94541	523.499081	1683.74646	1683.74646	523.499081	546.446327	1771.13749	1771.13749	546.446327	1	1	1	1
p9016_pcgamma1_td0p5_mstep1_p1_w0_sep0	same_cross_distance_sum	chr3	chr10	2304.40567	346.589399	346.589399	2304.40567	1128.31589	176.933755	176.933755	1128.31589	1176.08978	169.655645	169.655645	1176.08978	0	0	0	1
p9016_pcgamma1_td0p5_mstep1_p1_w0_sep0	same_cross_distance_sum	chr3	chr11	14383.9191	0	0	14383.9191	7125.43721	0	0	7125.43721	7258.48188	0	0	7258.48188	0	0	0	1
p9016_pcgamma1_td0p5_mstep1_p1_w0_sep0	same_cross_distance_sum	chr3	chr12	0	34270.8494	34270.8494	0	0	18734.3715	18734.3715	0	0	15536.4779	15536.4779	0	1	1	1	1
p9016_pcgamma1_td0p5_mstep1_p1_w0_sep0	same_cross_distance_sum	chr3	chr13	166.621595	2521.0201	2521.0201	166.621595	99.8834355	1213.42332	1213.42332	99.8834355	66.7381598	1307.59678	1307.59678	66.7381598	1	1	1	1
p9016_pcgamma1_td0p5_mstep1_p1_w0_sep0	same_cross_distance_sum	chr3	chr14	1478.06554	1082.91132	1082.91132	1478.06554	711.693385	471.82164	471.82164	711.693385	766.372159	611.089685	611.089685	766.372159	0	0	0	1
p9016_pcgamma1_td0p5_mstep1_p1_w0_sep0	same_cross_distance_sum	chr3	chr15	8753.84597	27.8914174	27.8914174	8753.84597	4726.67169	14.287408	14.287408	4726.67169	4027.17428	13.6040094	13.6040094	4027.17428	0	0	0	1
p9016_pcgamma1_td0p5_mstep1_p1_w0_sep0	same_cross_distance_sum	chr3	chr16	988.821887	14.3887008	14.3887008	988.821887	519.037793	5.84773515	5.84773515	519.037793	469.784095	8.54096567	8.54096567	469.784095	0	0	0	1
p9016_pcgamma1_td0p5_mstep1_p1_w0_sep0	same_cross_distance_sum	chr3	chr17	5.47778962	4584.18395	4584.18395	5.47778962	1.74934489	2344.16881	2344.16881	1.74934489	3.72844473	2240.01514	2240.01514	3.72844473	1	1	1	1
p9016_pcgamma1_td0p5_mstep1_p1_w0_sep0	same_cross_distance_sum	chr3	chr18	5355.89268	49.7233674	49.7233674	5355.89268	2690.54337	21.875186	21.875186	2690.54337	2665.34931	27.8481814	27.8481814	2665.34931	0	0	0	1
p9016_pcgamma1_td0p5_mstep1_p1_w0_sep0	same_cross_distance_sum	chr3	chr19	490.041963	305.750567	305.750567	490.041963	260.923815	161.248626	161.248626	260.923815	229.118148	144.501941	144.501941	229.118148	0	0	0	1
p9016_pcgamma1_td0p5_mstep1_p1_w0_sep0	same_cross_distance_sum	chr3	chr4	10214.8905	0.23825508	0.23825508	10214.8905	5039.59689	0.23825508	0.23825508	5039.59689	5175.29363	0	0	5175.29363	0	0	0	1
p9016_pcgamma1_td0p5_mstep1_p1_w0_sep0	same_cross_distance_sum	chr3	chr5	483.097128	1240.3292	1240.3292	483.097128	245.58638	575.432697	575.432697	245.58638	237.510748	664.896504	664.896504	237.510748	1	1	1	1
p9016_pcgamma1_td0p5_mstep1_p1_w0_sep0	same_cross_distance_sum	chr3	chr6	2019.44425	118.01718	118.01718	2019.44425	956.821213	60.8814229	60.8814229	956.821213	1062.62304	57.1357575	57.1357575	1062.62304	0	0	0	1
p9016_pcgamma1_td0p5_mstep1_p1_w0_sep0	same_cross_distance_sum	chr3	chr7	44112.0184	0	0	44112.0184	22337.7008	0	0	22337.7008	21774.3176	0	0	21774.3176	0	0	0	1
p9016_pcgamma1_td0p5_mstep1_p1_w0_sep0	same_cross_distance_sum	chr3	chr8	0	24633.7189	24633.7189	0	0	11526.6939	11526.6939	0	0	13107.025	13107.025	0	1	1	1	1
p9016_pcgamma1_td0p5_mstep1_p1_w0_sep0	same_cross_distance_sum	chr3	chr9	1.20698139	2296.99954	2296.99954	1.20698139	0.651006696	1171.90994	1171.90994	0.651006696	0.555974694	1125.0896	1125.0896	0.555974694	1	1	1	1
p9016_pcgamma1_td0p5_mstep1_p1_w0_sep0	same_cross_distance_sum	chr3	chrX	0.235125139	5670.2132	5670.2132	0.235125139	0	2848.10173	2848.10173	0	0.235125139	2822.11147	2822.11147	0.235125139	1	1	1	1
p9016_pcgamma1_td0p5_mstep1_p1_w0_sep0	same_cross_distance_sum	chr4	chr10	686.377498	12102.4067	12102.4067	686.377498	400.624922	5728.04223	5728.04223	400.624922	285.752576	6374.36446	6374.36446	285.752576	1	1	1	1
p9016_pcgamma1_td0p5_mstep1_p1_w0_sep0	same_cross_distance_sum	chr4	chr11	9616.22452	0	0	9616.22452	5031.1626	0	0	5031.1626	4585.06192	0	0	4585.06192	0	0	0	1
p9016_pcgamma1_td0p5_mstep1_p1_w0_sep0	same_cross_distance_sum	chr4	chr12	475.717607	8179.04548	8179.04548	475.717607	157.840445	4245.24788	4245.24788	157.840445	317.877162	3933.79761	3933.79761	317.877162	1	1	1	1
p9016_pcgamma1_td0p5_mstep1_p1_w0_sep0	same_cross_distance_sum	chr4	chr13	17.0385619	5097.75165	5097.75165	17.0385619	10.8763971	2513.99044	2513.99044	10.8763971	6.16216489	2583.76121	2583.76121	6.16216489	1	1	1	1
p9016_pcgamma1_td0p5_mstep1_p1_w0_sep0	same_cross_distance_sum	chr4	chr14	7728.13073	6.05453359	6.05453359	7728.13073	3907.23095	4.13846054	4.13846054	3907.23095	3820.89978	1.91607304	1.91607304	3820.89978	0	0	0	1
p9016_pcgamma1_td0p5_mstep1_p1_w0_sep0	same_cross_distance_sum	chr4	chr15	2938.71338	457.334256	457.334256	2938.71338	1504.63078	234.634949	234.634949	1504.63078	1434.08261	222.699307	222.699307	1434.08261	0	0	0	1
p9016_pcgamma1_td0p5_mstep1_p1_w0_sep0	same_cross_distance_sum	chr4	chr16	4207.5282	0	0	4207.5282	2091.31675	0	0	2091.31675	2116.21144	0	0	2116.21144	0	0	0	1
p9016_pcgamma1_td0p5_mstep1_p1_w0_sep0	same_cross_distance_sum	chr4	chr17	1375.47439	738.922246	738.922246	1375.47439	707.575711	332.16422	332.16422	707.575711	667.898674	406.758026	406.758026	667.898674	0	0	0	1
p9016_pcgamma1_td0p5_mstep1_p1_w0_sep0	same_cross_distance_sum	chr4	chr18	5634.28441	0.254469535	0.254469535	5634.28441	2718.86559	0	0	2718.86559	2915.41882	0.254469535	0.254469535	2915.41882	0	0	0	1
p9016_pcgamma1_td0p5_mstep1_p1_w0_sep0	same_cross_distance_sum	chr4	chr19	3975.80065	0.842779916	0.842779916	3975.80065	1946.94843	0.188916518	0.188916518	1946.94843	2028.85223	0.653863398	0.653863398	2028.85223	0	0	0	1
p9016_pcgamma1_td0p5_mstep1_p1_w0_sep0	same_cross_distance_sum	chr4	chr5	6382.00074	2579.64166	2579.64166	6382.00074	3046.12244	1277.21218	1277.21218	3046.12244	3335.8783	1302.42948	1302.42948	3335.8783	0	0	0	1
p9016_pcgamma1_td0p5_mstep1_p1_w0_sep0	same_cross_distance_sum	chr4	chr6	9980.72732	0	0	9980.72732	4963.03559	0	0	4963.03559	5017.69173	0	0	5017.69173	0	0	0	1
p9016_pcgamma1_td0p5_mstep1_p1_w0_sep0	same_cross_distance_sum	chr4	chr7	6874.23372	3999.23149	3999.23149	6874.23372	3158.64979	2010.22487	2010.22487	3158.64979	3715.58393	1989.00662	1989.00662	3715.58393	0	0	0	1
p9016_pcgamma1_td0p5_mstep1_p1_w0_sep0	same_cross_distance_sum	chr4	chr8	43.895577	6266.25387	6266.25387	43.895577	16.2684259	3207.79956	3207.79956	16.2684259	27.627151	3058.45431	3058.45431	27.627151	1	1	1	1
p9016_pcgamma1_td0p5_mstep1_p1_w0_sep0	same_cross_distance_sum	chr4	chr9	0	7896.33232	7896.33232	0	0	3906.30157	3906.30157	0	0	3990.03075	3990.03075	0	1	1	1	1
p9016_pcgamma1_td0p5_mstep1_p1_w0_sep0	same_cross_distance_sum	chr4	chrX	0.63342292	12617.0661	12617.0661	0.63342292	0.363636221	5898.74235	5898.74235	0.363636221	0.269786698	6718.32371	6718.32371	0.269786698	1	1	1	1
p9016_pcgamma1_td0p5_mstep1_p1_w0_sep0	same_cross_distance_sum	chr5	chr10	629.907009	18154.6581	18154.6581	629.907009	239.604555	9068.07431	9068.07431	239.604555	390.302454	9086.58382	9086.58382	390.302454	1	1	1	1
p9016_pcgamma1_td0p5_mstep1_p1_w0_sep0	same_cross_distance_sum	chr5	chr11	472.332449	1320.37787	1320.37787	472.332449	269.186101	656.058914	656.058914	269.186101	203.146348	664.318952	664.318952	203.146348	1	1	1	1
p9016_pcgamma1_td0p5_mstep1_p1_w0_sep0	same_cross_distance_sum	chr5	chr12	2618.124	24.3788823	24.3788823	2618.124	1301.48319	5.74881156	5.74881156	1301.48319	1316.64081	18.6300707	18.6300707	1316.64081	0	0	0	1
p9016_pcgamma1_td0p5_mstep1_p1_w0_sep0	same_cross_distance_sum	chr5	chr13	6058.07214	3.73790959	3.73790959	6058.07214	2995.82486	1.99219153	1.99219153	2995.82486	3062.24727	1.74571806	1.74571806	3062.24727	0	0	0	1
p9016_pcgamma1_td0p5_mstep1_p1_w0_sep0	same_cross_distance_sum	chr5	chr14	0	12452.4273	12452.4273	0	0	6252.92131	6252.92131	0	0	6199.50597	6199.50597	0	1	1	1	1
p9016_pcgamma1_td0p5_mstep1_p1_w0_sep0	same_cross_distance_sum	chr5	chr15	33.7644743	6391.83416	6391.83416	33.7644743	18.3871003	3096.44049	3096.44049	18.3871003	15.377374	3295.39366	3295.39366	15.377374	1	1	1	1
p9016_pcgamma1_td0p5_mstep1_p1_w0_sep0	same_cross_distance_sum	chr5	chr16	14107.4855	60.7557738	60.7557738	14107.4855	7670.29384	33.6873685	33.6873685	7670.29384	6437.19164	27.0684053	27.0684053	6437.19164	0	0	0	1
p9016_pcgamma1_td0p5_mstep1_p1_w0_sep0	same_cross_distance_sum	chr5	chr17	1593.21806	257.545924	257.545924	1593.21806	787.537841	124.799962	124.799962	787.537841	805.680218	132.745962	132.745962	805.680218	0	0	0	1
p9016_pcgamma1_td0p5_mstep1_p1_w0_sep0	same_cross_distance_sum	chr5	chr18	11.0978439	16775.6438	16775.6438	11.0978439	4.10285431	8303.47748	8303.47748	4.10285431	6.99498962	8472.16631	8472.16631	6.99498962	1	1	1	1
p9016_pcgamma1_td0p5_mstep1_p1_w0_sep0	same_cross_distance_sum	chr5	chr19	70.0854831	3675.4184	3675.4184	70.0854831	27.5529641	1874.25049	1874.25049	27.5529641	42.532519	1801.1679	1801.1679	42.532519	1	1	1	1
p9016_pcgamma1_td0p5_mstep1_p1_w0_sep0	same_cross_distance_sum	chr5	chr6	7059.23699	410.236421	410.236421	7059.23699	3615.65555	219.479601	219.479601	3615.65555	3443.58145	190.756819	190.756819	3443.58145	0	0	0	1
p9016_pcgamma1_td0p5_mstep1_p1_w0_sep0	same_cross_distance_sum	chr5	chr7	794.374163	322.075416	322.075416	794.374163	403.205201	163.326954	163.326954	403.205201	391.168962	158.748462	158.748462	391.168962	0	0	0	1
p9016_pcgamma1_td0p5_mstep1_p1_w0_sep0	same_cross_distance_sum	chr5	chr8	3434.00003	116.729042	116.729042	3434.00003	1672.40845	55.0888232	55.0888232	1672.40845	1761.59158	61.6402189	61.6402189	1761.59158	0	0	0	1
p9016_pcgamma1_td0p5_mstep1_p1_w0_sep0	same_cross_distance_sum	chr5	chr9	32153.5949	0.740914842	0.740914842	32153.5949	16995.5641	0	0	16995.5641	15158.0308	0.740914842	0.740914842	15158.0308	0	0	0	1
p9016_pcgamma1_td0p5_mstep1_p1_w0_sep0	same_cross_distance_sum	chr5	chrX	2520.17551	16.8765733	16.8765733	2520.17551	1317.5736	8.24710616	8.24710616	1317.5736	1202.6019	8.62946714	8.62946714	1202.6019	0	0	0	1
p9016_pcgamma1_td0p5_mstep1_p1_w0_sep0	same_cross_distance_sum	chr6	chr10	158.395578	6825.26118	6825.26118	158.395578	74.3000153	3306.61481	3306.61481	74.3000153	84.0955624	3518.64637	3518.64637	84.0955624	1	1	1	1
p9016_pcgamma1_td0p5_mstep1_p1_w0_sep0	same_cross_distance_sum	chr6	chr11	3086.61208	4.65875411	4.65875411	3086.61208	1521.01672	1.86675412	1.86675412	1521.01672	1565.59536	2.79199998	2.79199998	1565.59536	0	0	0	1
p9016_pcgamma1_td0p5_mstep1_p1_w0_sep0	same_cross_distance_sum	chr6	chr12	2148.35502	140.873622	140.873622	2148.35502	1075.71252	66.6880719	66.6880719	1075.71252	1072.6425	74.1855506	74.1855506	1072.6425	0	0	0	1
p9016_pcgamma1_td0p5_mstep1_p1_w0_sep0	same_cross_distance_sum	chr6	chr13	1220.46878	3086.9422	3086.9422	1220.46878	618.202163	1391.40993	1391.40993	618.202163	602.266621	1695.53227	1695.53227	602.266621	1	1	1	1
p9016_pcgamma1_td0p5_mstep1_p1_w0_sep0	same_cross_distance_sum	chr6	chr14	21872.9663	12.5993399	12.5993399	21872.9663	11053.9138	6.90298065	6.90298065	11053.9138	10819.0525	5.69635929	5.69635929	10819.0525	0	0	0	1
p9016_pcgamma1_td0p5_mstep1_p1_w0_sep0	same_cross_distance_sum	chr6	chr15	292.823213	2191.90574	2191.90574	292.823213	145.878577	1066.58767	1066.58767	145.878577	146.944636	1125.31806	1125.31806	146.944636	1	1	1	1
p9016_pcgamma1_td0p5_mstep1_p1_w0_sep0	same_cross_distance_sum	chr6	chr16	22065.1875	0	0	22065.1875	10642.5323	0	0	10642.5323	11422.6553	0	0	11422.6553	0	0	0	1
p9016_pcgamma1_td0p5_mstep1_p1_w0_sep0	same_cross_distance_sum	chr6	chr17	6079.24182	2.21082973	2.21082973	6079.24182	3008.30265	0.903519122	0.903519122	3008.30265	3070.93917	1.30731061	1.30731061	3070.93917	0	0	0	1
p9016_pcgamma1_td0p5_mstep1_p1_w0_sep0	same_cross_distance_sum	chr6	chr18	1869.21298	990.574577	990.574577	1869.21298	919.054006	497.707077	497.707077	919.054006	950.158975	492.8675	492.8675	950.158975	0	0	0	1
p9016_pcgamma1_td0p5_mstep1_p1_w0_sep0	same_cross_distance_sum	chr6	chr19	6320.67909	0	0	6320.67909	3464.41254	0	0	3464.41254	2856.26655	0	0	2856.26655	0	0	0	1
p9016_pcgamma1_td0p5_mstep1_p1_w0_sep0	same_cross_distance_sum	chr6	chr7	56.8853275	3481.28142	3481.28142	56.8853275	23.1976598	1762.05808	1762.05808	23.1976598	33.6876677	1719.22334	1719.22334	33.6876677	1	1	1	1
p9016_pcgamma1_td0p5_mstep1_p1_w0_sep0	same_cross_distance_sum	chr6	chr8	388.301101	1210.30147	1210.30147	388.301101	205.25518	605.644522	605.644522	205.25518	183.045921	604.656945	604.656945	183.045921	1	1	1	1
p9016_pcgamma1_td0p5_mstep1_p1_w0_sep0	same_cross_distance_sum	chr6	chr9	3053.5614	958.25445	958.25445	3053.5614	1605.64627	470.165025	470.165025	1605.64627	1447.91513	488.089425	488.089425	1447.91513	0	0	0	1
p9016_pcgamma1_td0p5_mstep1_p1_w0_sep0	same_cross_distance_sum	chr6	chrX	273.767171	2072.46607	2072.46607	273.767171	145.062402	1026.41759	1026.41759	145.062402	128.70477	1046.04848	1046.04848	128.70477	1	1	1	1
p9016_pcgamma1_td0p5_mstep1_p1_w0_sep0	same_cross_distance_sum	chr7	chr10	2320.94429	42.637818	42.637818	2320.94429	1189.02394	21.5142936	21.5142936	1189.02394	1131.92035	21.1235243	21.1235243	1131.92035	0	0	0	1
p9016_pcgamma1_td0p5_mstep1_p1_w0_sep0	same_cross_distance_sum	chr7	chr11	7843.85345	2.90362892	2.90362892	7843.85345	3934.21815	0.891318608	0.891318608	3934.21815	3909.6353	2.01231031	2.01231031	3909.6353	0	0	0	1
p9016_pcgamma1_td0p5_mstep1_p1_w0_sep0	same_cross_distance_sum	chr7	chr12	0	24462.352	24462.352	0	0	12730.5644	12730.5644	0	0	11731.7875	11731.7875	0	1	1	1	1
p9016_pcgamma1_td0p5_mstep1_p1_w0_sep0	same_cross_distance_sum	chr7	chr13	477.890082	1969.40416	1969.40416	477.890082	249.219191	1009.18698	1009.18698	249.219191	228.670891	960.217178	960.217178	228.670891	1	1	1	1
p9016_pcgamma1_td0p5_mstep1_p1_w0_sep0	same_cross_distance_sum	chr7	chr14	78.7637704	8354.49025	8354.49025	78.7637704	37.4922578	4007.53658	4007.53658	37.4922578	41.2715126	4346.95367	4346.95367	41.2715126	1	1	1	1
p9016_pcgamma1_td0p5_mstep1_p1_w0_sep0	same_cross_distance_sum	chr7	chr15	4422.02274	67.9696044	67.9696044	4422.02274	2104.67422	34.8757878	34.8757878	2104.67422	2317.34853	33.0938166	33.0938166	2317.34853	0	0	0	1
p9016_pcgamma1_td0p5_mstep1_p1_w0_sep0	same_cross_distance_sum	chr7	chr16	175.414211	376.697008	376.697008	175.414211	83.8975163	199.090329	199.090329	83.8975163	91.5166945	177.606679	177.606679	91.5166945	1	1	1	1
p9016_pcgamma1_td0p5_mstep1_p1_w0_sep0	same_cross_distance_sum	chr7	chr17	0	5443.44478	5443.44478	0	0	2888.8464	2888.8464	0	0	2554.59837	2554.59837	0	1	1	1	1
p9016_pcgamma1_td0p5_mstep1_p1_w0_sep0	same_cross_distance_sum	chr7	chr18	2578.18615	339.544195	339.544195	2578.18615	1318.49491	146.074695	146.074695	1318.49491	1259.69124	193.4695	193.4695	1259.69124	0	0	0	1
p9016_pcgamma1_td0p5_mstep1_p1_w0_sep0	same_cross_distance_sum	chr7	chr19	48.2537474	1874.85044	1874.85044	48.2537474	27.2669226	983.492823	983.492823	27.2669226	20.9868249	891.357616	891.357616	20.9868249	1	1	1	1
p9016_pcgamma1_td0p5_mstep1_p1_w0_sep0	same_cross_distance_sum	chr7	chr8	0	13055.6877	13055.6877	0	0	6452.56571	6452.56571	0	0	6603.12201	6603.12201	0	1	1	1	1
p9016_pcgamma1_td0p5_mstep1_p1_w0_sep0	same_cross_distance_sum	chr7	chr9	879.285658	329.989495	329.989495	879.285658	447.186738	168.30637	168.30637	447.186738	432.098921	161.683125	161.683125	432.098921	0	0	0	1
p9016_pcgamma1_td0p5_mstep1_p1_w0_sep0	same_cross_distance_sum	chr7	chrX	444.209055	1586.22249	1586.22249	444.209055	227.867828	776.458151	776.458151	227.867828	216.341227	809.764341	809.764341	216.341227	1	1	1	1
p9016_pcgamma1_td0p5_mstep1_p1_w0_sep0	same_cross_distance_sum	chr8	chr10	0.198833624	5322.40327	5322.40327	0.198833624	0.178385571	2664.95664	2664.95664	0.178385571	0.0204480528	2657.44662	2657.44662	0.0204480528	1	1	1	1
p9016_pcgamma1_td0p5_mstep1_p1_w0_sep0	same_cross_distance_sum	chr8	chr11	0	62481.4858	62481.4858	0	0	32777.2857	32777.2857	0	0	29704.2001	29704.2001	0	1	1	1	1
p9016_pcgamma1_td0p5_mstep1_p1_w0_sep0	same_cross_distance_sum	chr8	chr12	11095.034	0	0	11095.034	5572.75069	0	0	5572.75069	5522.28334	0	0	5522.28334	0	0	0	1
p9016_pcgamma1_td0p5_mstep1_p1_w0_sep0	same_cross_distance_sum	chr8	chr13	1194.13296	292.614579	292.614579	1194.13296	603.425033	163.207415	163.207415	603.425033	590.707928	129.407164	129.407164	590.707928	0	0	0	1
p9016_pcgamma1_td0p5_mstep1_p1_w0_sep0	same_cross_distance_sum	chr8	chr14	3196.43367	3874.36018	3874.36018	3196.43367	1516.76127	1908.07834	1908.07834	1516.76127	1679.67239	1966.28184	1966.28184	1679.67239	1	1	1	1
p9016_pcgamma1_td0p5_mstep1_p1_w0_sep0	same_cross_distance_sum	chr8	chr15	0	25087.7439	25087.7439	0	0	12946.4587	12946.4587	0	0	12141.2852	12141.2852	0	1	1	1	1
p9016_pcgamma1_td0p5_mstep1_p1_w0_sep0	same_cross_distance_sum	chr8	chr16	258.872022	347.326004	347.326004	258.872022	139.820216	166.992052	166.992052	139.820216	119.051805	180.333952	180.333952	119.051805	1	1	1	1
p9016_pcgamma1_td0p5_mstep1_p1_w0_sep0	same_cross_distance_sum	chr8	chr17	2738.83208	77.0140405	77.0140405	2738.83208	1380.22949	31.0819484	31.0819484	1380.22949	1358.60259	45.9320921	45.9320921	1358.60259	0	0	0	1
p9016_pcgamma1_td0p5_mstep1_p1_w0_sep0	same_cross_distance_sum	chr8	chr18	4.85777947	5094.04778	5094.04778	4.85777947	3.39468431	2582.46315	2582.46315	3.39468431	1.46309516	2511.58463	2511.58463	1.46309516	1	1	1	1
p9016_pcgamma1_td0p5_mstep1_p1_w0_sep0	same_cross_distance_sum	chr8	chr19	1038.36679	133.183062	133.183062	1038.36679	509.520923	64.158708	64.158708	509.520923	528.84587	69.0243537	69.0243537	528.84587	0	0	0	1
p9016_pcgamma1_td0p5_mstep1_p1_w0_sep0	same_cross_distance_sum	chr8	chr9	2412.78426	120.583768	120.583768	2412.78426	1212.10308	53.1219337	53.1219337	1212.10308	1200.68118	67.4618346	67.4618346	1200.68118	0	0	0	1
p9016_pcgamma1_td0p5_mstep1_p1_w0_sep0	same_cross_distance_sum	chr8	chrX	10683.6015	17.3366742	17.3366742	10683.6015	5308.15089	8.0431789	8.0431789	5308.15089	5375.4506	9.29349533	9.29349533	5375.4506	0	0	0	1
p9016_pcgamma1_td0p5_mstep1_p1_w0_sep0	same_cross_distance_sum	chr9	chr10	62.6714	3849.66581	3849.66581	62.6714	32.6658759	1972.69984	1972.69984	32.6658759	30.0055241	1876.96596	1876.96596	30.0055241	1	1	1	1
p9016_pcgamma1_td0p5_mstep1_p1_w0_sep0	same_cross_distance_sum	chr9	chr11	35.001993	2376.80825	2376.80825	35.001993	18.4024506	1181.3976	1181.3976	18.4024506	16.5995424	1195.41065	1195.41065	16.5995424	1	1	1	1
p9016_pcgamma1_td0p5_mstep1_p1_w0_sep0	same_cross_distance_sum	chr9	chr12	2222.73171	137.314372	137.314372	2222.73171	1117.12792	51.0722715	51.0722715	1117.12792	1105.60379	86.2421005	86.2421005	1105.60379	0	0	0	1
p9016_pcgamma1_td0p5_mstep1_p1_w0_sep0	same_cross_distance_sum	chr9	chr13	6650.44732	0	0	6650.44732	3194.10464	0	0	3194.10464	3456.34268	0	0	3456.34268	0	0	0	1
p9016_pcgamma1_td0p5_mstep1_p1_w0_sep0	same_cross_distance_sum	chr9	chr14	5.39660486	6425.0468	6425.0468	5.39660486	3.09224223	3283.11687	3283.11687	3.09224223	2.30436262	3141.92992	3141.92992	2.30436262	1	1	1	1
p9016_pcgamma1_td0p5_mstep1_p1_w0_sep0	same_cross_distance_sum	chr9	chr15	82.9664549	3296.6176	3296.6176	82.9664549	39.7688394	1717.22194	1717.22194	39.7688394	43.1976156	1579.39566	1579.39566	43.1976156	1	1	1	1
p9016_pcgamma1_td0p5_mstep1_p1_w0_sep0	same_cross_distance_sum	chr9	chr16	6722.23832	90.7503904	90.7503904	6722.23832	3275.04049	58.4043606	58.4043606	3275.04049	3447.19783	32.3460298	32.3460298	3447.19783	0	0	0	1
p9016_pcgamma1_td0p5_mstep1_p1_w0_sep0	same_cross_distance_sum	chr9	chr17	438.640721	2360.05771	2360.05771	438.640721	212.071392	1296.96506	1296.96506	212.071392	226.569329	1063.09265	1063.09265	226.569329	1	1	1	1
p9016_pcgamma1_td0p5_mstep1_p1_w0_sep0	same_cross_distance_sum	chr9	chr18	0	7893.86817	7893.86817	0	0	3813.42708	3813.42708	0	0	4080.44108	4080.44108	0	1	1	1	1
p9016_pcgamma1_td0p5_mstep1_p1_w0_sep0	same_cross_distance_sum	chr9	chr19	0	3336.25473	3336.25473	0	0	1580.17917	1580.17917	0	0	1756.07556	1756.07556	0	1	1	1	1
p9016_pcgamma1_td0p5_mstep1_p1_w0_sep0	same_cross_distance_sum	chr9	chrX	3496.62083	24.8255572	24.8255572	3496.62083	1830.86883	14.4228092	14.4228092	1830.86883	1665.752	10.4027479	10.4027479	1665.752	0	0	0	1
