config_name	policy	chrom1	chrom2	all_score0	all_score1	all_score2	all_score3	split_a_score0	split_a_score1	split_a_score2	split_a_score3	split_b_score0	split_b_score1	split_b_score2	split_b_score3	all_selected_swap_code	split_a_selected_swap_code	split_b_selected_swap_code	split_agree
p9016_multiseed_chrpair_m0p5_p4_w10_seed71_noise0p05	geom_nearest_gap	chr1	chr10	2277.74492	0	0	0	1158.58517	0	0	0	1119.15975	0	0	0	0	0	0	1
p9016_multiseed_chrpair_m0p5_p4_w10_seed71_noise0p05	geom_nearest_gap	chr1	chr11	14082.9807	0	0	0	6815.22389	0	0	0	7267.75678	0	0	0	0	0	0	1
p9016_multiseed_chrpair_m0p5_p4_w10_seed71_noise0p05	geom_nearest_gap	chr1	chr12	7575.99714	0	0	0	3893.97152	0	0	0	3682.02562	0	0	0	0	0	0	1
p9016_multiseed_chrpair_m0p5_p4_w10_seed71_noise0p05	geom_nearest_gap	chr1	chr13	3483.48971	0	0	0	1699.15385	0	0	0	1784.33587	0	0	0	0	0	0	1
p9016_multiseed_chrpair_m0p5_p4_w10_seed71_noise0p05	geom_nearest_gap	chr1	chr14	1970.03406	0	0	0	1002.65527	0	0	0	967.37879	0	0	0	0	0	0	1
p9016_multiseed_chrpair_m0p5_p4_w10_seed71_noise0p05	geom_nearest_gap	chr1	chr15	3982.55602	0	0	0	1962.96897	0	0	0	2019.58705	0	0	0	0	0	0	1
p9016_multiseed_chrpair_m0p5_p4_w10_seed71_noise0p05	geom_nearest_gap	chr1	chr16	3258.73661	0	0	0	1650.73232	0	0	0	1608.00429	0	0	0	0	0	0	1
p9016_multiseed_chrpair_m0p5_p4_w10_seed71_noise0p05	geom_nearest_gap	chr1	chr17	9250.9867	0	0	0	4419.00246	0	0	0	4831.98424	0	0	0	0	0	0	1
p9016_multiseed_chrpair_m0p5_p4_w10_seed71_noise0p05	geom_nearest_gap	chr1	chr18	5805.77023	0	0	0	2725.43344	0	0	0	3080.33679	0	0	0	0	0	0	1
p9016_multiseed_chrpair_m0p5_p4_w10_seed71_noise0p05	geom_nearest_gap	chr1	chr19	1462.40958	0	0	0	742.451721	0	0	0	719.957858	0	0	0	0	0	0	1
p9016_multiseed_chrpair_m0p5_p4_w10_seed71_noise0p05	geom_nearest_gap	chr1	chr2	7048.28791	0	0	0	3257.058	0	0	0	3791.22991	0	0	0	0	0	0	1
p9016_multiseed_chrpair_m0p5_p4_w10_seed71_noise0p05	geom_nearest_gap	chr1	chr3	4071.09086	0	0	0.23898947	2062.00711	0	0	0.23898947	2009.08375	0	0	0	0	0	0	1
p9016_multiseed_chrpair_m0p5_p4_w10_seed71_noise0p05	geom_nearest_gap	chr1	chr4	4536.43079	0	0	0	2253.72684	0	0	0	2282.70396	0	0	0	0	0	0	1
p9016_multiseed_chrpair_m0p5_p4_w10_seed71_noise0p05	geom_nearest_gap	chr1	chr5	3343.51654	0	0	0	1663.74598	0	0	0	1679.77056	0	0	0	0	0	0	1
p9016_multiseed_chrpair_m0p5_p4_w10_seed71_noise0p05	geom_nearest_gap	chr1	chr6	19653.1192	0	0	0	9416.82752	0	0	0	10236.2917	0	0	0	0	0	0	1
p9016_multiseed_chrpair_m0p5_p4_w10_seed71_noise0p05	geom_nearest_gap	chr1	chr7	4998.51328	0	0	0	2535.12161	0	0	0	2463.39167	0	0	0	0	0	0	1
p9016_multiseed_chrpair_m0p5_p4_w10_seed71_noise0p05	geom_nearest_gap	chr1	chr8	9781.5492	0	0	0	5208.56979	0	0	0	4572.9794	0	0	0	0	0	0	1
p9016_multiseed_chrpair_m0p5_p4_w10_seed71_noise0p05	geom_nearest_gap	chr1	chr9	5789.17378	0.327825812	0	0	2806.49035	0.327825812	0	0	2982.68343	0	0	0	0	0	0	1
p9016_multiseed_chrpair_m0p5_p4_w10_seed71_noise0p05	geom_nearest_gap	chr1	chrX	22342.6143	0	0	0	11223.5161	0	0	0	11119.0982	0	0	0	0	0	0	1
p9016_multiseed_chrpair_m0p5_p4_w10_seed71_noise0p05	geom_nearest_gap	chr10	chr11	2120.61525	0	0	0	1057.40222	0	0	0	1063.21303	0	0	0	0	0	0	1
p9016_multiseed_chrpair_m0p5_p4_w10_seed71_noise0p05	geom_nearest_gap	chr10	chr12	7515.38102	0	0	0	4194.69903	0	0	0	3320.68198	0	0	0	0	0	0	1
p9016_multiseed_chrpair_m0p5_p4_w10_seed71_noise0p05	geom_nearest_gap	chr10	chr13	3771.40173	0	0	0.384126886	1941.14628	0	0	0.0625312547	1830.25545	0	0	0.321595632	0	0	0	1
p9016_multiseed_chrpair_m0p5_p4_w10_seed71_noise0p05	geom_nearest_gap	chr10	chr14	5251.00219	0	0	0	2615.99708	0	0	0	2635.00511	0	0	0	0	0	0	1
p9016_multiseed_chrpair_m0p5_p4_w10_seed71_noise0p05	geom_nearest_gap	chr10	chr15	6777.61376	0	0	0	3290.88248	0	0	0	3486.73127	0	0	0	0	0	0	1
p9016_multiseed_chrpair_m0p5_p4_w10_seed71_noise0p05	geom_nearest_gap	chr10	chr16	6601.87939	0	0	3.93254946	3361.14953	0	0	3.39032086	3240.72986	0	0	0.542228601	0	0	0	1
p9016_multiseed_chrpair_m0p5_p4_w10_seed71_noise0p05	geom_nearest_gap	chr10	chr17	5836.07205	0	0	0	3042.36302	0	0	0	2793.70903	0	0	0	0	0	0	1
p9016_multiseed_chrpair_m0p5_p4_w10_seed71_noise0p05	geom_nearest_gap	chr10	chr18	1668.2582	0	0	0	872.693311	0	0	0	795.56489	0	0	0	0	0	0	1
p9016_multiseed_chrpair_m0p5_p4_w10_seed71_noise0p05	geom_nearest_gap	chr10	chr19	1584.03244	0	0	0	808.175028	0	0	0	775.857414	0	0	0	0	0	0	1
p9016_multiseed_chrpair_m0p5_p4_w10_seed71_noise0p05	geom_nearest_gap	chr10	chrX	2075.13971	0	0	0	1109.3843	0	0	0	965.755406	0	0	0	0	0	0	1
p9016_multiseed_chrpair_m0p5_p4_w10_seed71_noise0p05	geom_nearest_gap	chr11	chr12	2675.95393	0	0	0	1340.90473	0	0	0	1335.04921	0	0	0	0	0	0	1
p9016_multiseed_chrpair_m0p5_p4_w10_seed71_noise0p05	geom_nearest_gap	chr11	chr13	5819.12781	0	0	0.212537405	2966.9664	0	0	0.212537405	2852.16141	0	0	0	0	0	0	1
p9016_multiseed_chrpair_m0p5_p4_w10_seed71_noise0p05	geom_nearest_gap	chr11	chr14	6550.56122	0	0	0	3056.31898	0	0	0	3494.24224	0	0	0	0	0	0	1
p9016_multiseed_chrpair_m0p5_p4_w10_seed71_noise0p05	geom_nearest_gap	chr11	chr15	2412.20182	0	0	0	1181.48383	0	0	0	1230.71798	0	0	0	0	0	0	1
p9016_multiseed_chrpair_m0p5_p4_w10_seed71_noise0p05	geom_nearest_gap	chr11	chr16	878.421133	0	0	0	426.951877	0	0	0	451.469257	0	0	0	0	0	0	1
p9016_multiseed_chrpair_m0p5_p4_w10_seed71_noise0p05	geom_nearest_gap	chr11	chr17	1194.79249	0	0	0	566.462371	0	0	0	628.330119	0	0	0	0	0	0	1
p9016_multiseed_chrpair_m0p5_p4_w10_seed71_noise0p05	geom_nearest_gap	chr11	chr18	1579.57371	0	0	0	831.450014	0	0	0	748.123691	0	0	0	0	0	0	1
p9016_multiseed_chrpair_m0p5_p4_w10_seed71_noise0p05	geom_nearest_gap	chr11	chr19	2015.04942	0	0	4.6916592	1058.3872	0	0	2.42516472	956.662217	0	0	2.26649449	0	0	0	1
p9016_multiseed_chrpair_m0p5_p4_w10_seed71_noise0p05	geom_nearest_gap	chr11	chrX	14596.6405	0	0	0	7615.00452	0	0	0	6981.63601	0	0	0	0	0	0	1
p9016_multiseed_chrpair_m0p5_p4_w10_seed71_noise0p05	geom_nearest_gap	chr12	chr13	12782.5788	0.8830122	0	1.03069183	6120.32985	0.29643404	0	1.03069183	6662.24894	0.58657816	0	0	0	0	0	1
p9016_multiseed_chrpair_m0p5_p4_w10_seed71_noise0p05	geom_nearest_gap	chr12	chr14	1455.30378	0	0	0	742.656224	0	0	0	712.647558	0	0	0	0	0	0	1
p9016_multiseed_chrpair_m0p5_p4_w10_seed71_noise0p05	geom_nearest_gap	chr12	chr15	6230.53142	0	0	0	3238.1552	0	0	0	2992.37622	0	0	0	0	0	0	1
p9016_multiseed_chrpair_m0p5_p4_w10_seed71_noise0p05	geom_nearest_gap	chr12	chr16	2021.70359	0	0	0	1068.45217	0	0	0	953.251414	0	0	0	0	0	0	1
p9016_multiseed_chrpair_m0p5_p4_w10_seed71_noise0p05	geom_nearest_gap	chr12	chr17	3423.67219	0	0	0	1862.17542	0	0	0	1561.49677	0	0	0	0	0	0	1
p9016_multiseed_chrpair_m0p5_p4_w10_seed71_noise0p05	geom_nearest_gap	chr12	chr18	3165.45244	0	0	0	1419.4365	0	0	0	1746.01594	0	0	0	0	0	0	1
p9016_multiseed_chrpair_m0p5_p4_w10_seed71_noise0p05	geom_nearest_gap	chr12	chr19	3969.40849	0	0	0	1605.74649	0	0	0	2363.662	0	0	0	0	0	0	1
p9016_multiseed_chrpair_m0p5_p4_w10_seed71_noise0p05	geom_nearest_gap	chr12	chrX	2061.18814	0	0	0	1086.25188	0	0	0	974.936254	0	0	0	0	0	0	1
p9016_multiseed_chrpair_m0p5_p4_w10_seed71_noise0p05	geom_nearest_gap	chr13	chr14	3958.14262	0	0	0	1873.44241	0	0	0	2084.70021	0	0	0	0	0	0	1
p9016_multiseed_chrpair_m0p5_p4_w10_seed71_noise0p05	geom_nearest_gap	chr13	chr15	1410.40518	0	0	0	697.051558	0	0	0	713.353625	0	0	0	0	0	0	1
p9016_multiseed_chrpair_m0p5_p4_w10_seed71_noise0p05	geom_nearest_gap	chr13	chr16	5050.66949	0	0	0.0592744654	2547.58247	0	0	0	2503.08702	0	0	0.0592744654	0	0	0	1
p9016_multiseed_chrpair_m0p5_p4_w10_seed71_noise0p05	geom_nearest_gap	chr13	chr17	4987.97457	0	0	0.524624947	2583.06999	0	0	0.0236288741	2404.90458	0	0	0.500996073	0	0	0	1
p9016_multiseed_chrpair_m0p5_p4_w10_seed71_noise0p05	geom_nearest_gap	chr13	chr18	6711.83272	0	0	0	3216.84028	0	0	0	3494.99244	0	0	0	0	0	0	1
p9016_multiseed_chrpair_m0p5_p4_w10_seed71_noise0p05	geom_nearest_gap	chr13	chr19	2605.26604	0	0	90.8461175	1158.33517	0	0	39.4206346	1446.93086	0	0	51.4254829	0	0	0	1
p9016_multiseed_chrpair_m0p5_p4_w10_seed71_noise0p05	geom_nearest_gap	chr13	chrX	2812.41273	0	0	0	1415.54585	0	0	0	1396.86689	0	0	0	0	0	0	1
p9016_multiseed_chrpair_m0p5_p4_w10_seed71_noise0p05	geom_nearest_gap	chr14	chr15	3323.83602	0	0	0	1636.16107	0	0	0	1687.67495	0	0	0	0	0	0	1
p9016_multiseed_chrpair_m0p5_p4_w10_seed71_noise0p05	geom_nearest_gap	chr14	chr16	1912.76701	0	0	0	979.092062	0	0	0	933.674948	0	0	0	0	0	0	1
p9016_multiseed_chrpair_m0p5_p4_w10_seed71_noise0p05	geom_nearest_gap	chr14	chr17	2321.39799	0	0	0	1165.15518	0	0	0	1156.24281	0	0	0	0	0	0	1
p9016_multiseed_chrpair_m0p5_p4_w10_seed71_noise0p05	geom_nearest_gap	chr14	chr18	3404.82019	0	0	0	1598.88032	0	0	0	1805.93987	0	0	0	0	0	0	1
p9016_multiseed_chrpair_m0p5_p4_w10_seed71_noise0p05	geom_nearest_gap	chr14	chr19	2284.49622	0	0	0	1272.66062	0	0	0	1011.8356	0	0	0	0	0	0	1
p9016_multiseed_chrpair_m0p5_p4_w10_seed71_noise0p05	geom_nearest_gap	chr14	chrX	2757.07158	0	0	0	1405.9728	0	0	0	1351.09878	0	0	0	0	0	0	1
p9016_multiseed_chrpair_m0p5_p4_w10_seed71_noise0p05	geom_nearest_gap	chr15	chr16	1071.78327	0	0	0	575.384524	0	0	0	496.398747	0	0	0	0	0	0	1
p9016_multiseed_chrpair_m0p5_p4_w10_seed71_noise0p05	geom_nearest_gap	chr15	chr17	4328.35866	0	0.0712912401	1.60130734	2141.62642	0	0.0712912401	0.95009006	2186.73223	0	0	0.651217284	0	0	0	1
p9016_multiseed_chrpair_m0p5_p4_w10_seed71_noise0p05	geom_nearest_gap	chr15	chr18	10018.1613	0	0	0	4829.83597	0	0	0	5188.32534	0	0	0	0	0	0	1
p9016_multiseed_chrpair_m0p5_p4_w10_seed71_noise0p05	geom_nearest_gap	chr15	chr19	2571.22228	0	0	0	1303.47642	0	0	0	1267.74585	0	0	0	0	0	0	1
p9016_multiseed_chrpair_m0p5_p4_w10_seed71_noise0p05	geom_nearest_gap	chr15	chrX	1083.98241	0	0	0	552.347732	0	0	0	531.634675	0	0	0	0	0	0	1
p9016_multiseed_chrpair_m0p5_p4_w10_seed71_noise0p05	geom_nearest_gap	chr16	chr17	1585.17498	0	0	0	763.101866	0	0	0	822.07311	0	0	0	0	0	0	1
p9016_multiseed_chrpair_m0p5_p4_w10_seed71_noise0p05	geom_nearest_gap	chr16	chr18	8796.28248	0	0	0	4064.11025	0	0	0	4732.17223	0	0	0	0	0	0	1
p9016_multiseed_chrpair_m0p5_p4_w10_seed71_noise0p05	geom_nearest_gap	chr16	chr19	4069.36657	0	0	0	1894.21849	0	0	0	2175.14808	0	0	0	0	0	0	1
p9016_multiseed_chrpair_m0p5_p4_w10_seed71_noise0p05	geom_nearest_gap	chr16	chrX	725.532658	0	0	0	362.713397	0	0	0	362.819262	0	0	0	0	0	0	1
p9016_multiseed_chrpair_m0p5_p4_w10_seed71_noise0p05	geom_nearest_gap	chr17	chr18	763.462019	0	0	0	392.297754	0	0	0	371.164265	0	0	0	0	0	0	1
p9016_multiseed_chrpair_m0p5_p4_w10_seed71_noise0p05	geom_nearest_gap	chr17	chr19	2773.07093	0	0	0	1249.57754	0	0	0	1523.49339	0	0	0	0	0	0	1
p9016_multiseed_chrpair_m0p5_p4_w10_seed71_noise0p05	geom_nearest_gap	chr17	chrX	3603.52997	0	0	0.590990275	1663.16798	0	0	0.363271965	1940.36199	0	0	0.22771831	0	0	0	1
p9016_multiseed_chrpair_m0p5_p4_w10_seed71_noise0p05	geom_nearest_gap	chr18	chr19	2374.29099	0	0	0	1106.65693	0	0	0	1267.63407	0	0	0	0	0	0	1
p9016_multiseed_chrpair_m0p5_p4_w10_seed71_noise0p05	geom_nearest_gap	chr18	chrX	884.838565	0	0	0	450.372441	0	0	0	434.466124	0	0	0	0	0	0	1
p9016_multiseed_chrpair_m0p5_p4_w10_seed71_noise0p05	geom_nearest_gap	chr19	chrX	1733.60703	0	0	0	830.687709	0	0	0	902.919322	0	0	0	0	0	0	1
p9016_multiseed_chrpair_m0p5_p4_w10_seed71_noise0p05	geom_nearest_gap	chr2	chr10	3174.85636	0	0	0	1597.43983	0	0	0	1577.41653	0	0	0	0	0	0	1
p9016_multiseed_chrpair_m0p5_p4_w10_seed71_noise0p05	geom_nearest_gap	chr2	chr11	3452.07258	0	0	1.81746577	1640.88169	0	0	1.73439528	1811.19089	0	0	0.0830704869	0	0	0	1
p9016_multiseed_chrpair_m0p5_p4_w10_seed71_noise0p05	geom_nearest_gap	chr2	chr12	2747.62819	0	0	0	1336.71113	0	0	0	1410.91706	0	0	0	0	0	0	1
p9016_multiseed_chrpair_m0p5_p4_w10_seed71_noise0p05	geom_nearest_gap	chr2	chr13	2997.38274	0	0	0	1493.91294	0	0	0	1503.46981	0	0	0	0	0	0	1
p9016_multiseed_chrpair_m0p5_p4_w10_seed71_noise0p05	geom_nearest_gap	chr2	chr14	1962.61568	0	0	0	1008.33376	0	0	0	954.281921	0	0	0	0	0	0	1
p9016_multiseed_chrpair_m0p5_p4_w10_seed71_noise0p05	geom_nearest_gap	chr2	chr15	1331.42179	0	0	0	608.814185	0	0	0	722.607603	0	0	0	0	0	0	1
p9016_multiseed_chrpair_m0p5_p4_w10_seed71_noise0p05	geom_nearest_gap	chr2	chr16	7668.05584	0	0	1.62784432	3785.3668	0	0	0.670719647	3882.68905	0	0	0.957124676	0	0	0	1
p9016_multiseed_chrpair_m0p5_p4_w10_seed71_noise0p05	geom_nearest_gap	chr2	chr17	4872.94147	0	0	0	2250.50577	0	0	0	2622.4357	0	0	0	0	0	0	1
p9016_multiseed_chrpair_m0p5_p4_w10_seed71_noise0p05	geom_nearest_gap	chr2	chr18	2384.42253	0	0	0	1204.87036	0	0	0	1179.55218	0	0	0	0	0	0	1
p9016_multiseed_chrpair_m0p5_p4_w10_seed71_noise0p05	geom_nearest_gap	chr2	chr19	1987.81463	0	0	0.078733444	1026.96676	0	0	0.078733444	960.847869	0	0	0	0	0	0	1
p9016_multiseed_chrpair_m0p5_p4_w10_seed71_noise0p05	geom_nearest_gap	chr2	chr3	14615.5033	0	0	0	7007.69257	0	0	0	7607.81074	0	0	0	0	0	0	1
p9016_multiseed_chrpair_m0p5_p4_w10_seed71_noise0p05	geom_nearest_gap	chr2	chr4	13601.2662	0	0	8.70196675	6575.06096	0	0	4.25232877	7026.20525	0	0	4.44963798	0	0	0	1
p9016_multiseed_chrpair_m0p5_p4_w10_seed71_noise0p05	geom_nearest_gap	chr2	chr5	2780.75092	0	0	0.123888404	1375.81221	0	0	0.123888404	1404.93871	0	0	0	0	0	0	1
p9016_multiseed_chrpair_m0p5_p4_w10_seed71_noise0p05	geom_nearest_gap	chr2	chr6	10097.739	0.224422932	0	0	5161.73112	0.224422932	0	0	4936.00792	0	0	0	0	0	0	1
p9016_multiseed_chrpair_m0p5_p4_w10_seed71_noise0p05	geom_nearest_gap	chr2	chr7	9470.00581	0	0	0	4662.71445	0	0	0	4807.29137	0	0	0	0	0	0	1
p9016_multiseed_chrpair_m0p5_p4_w10_seed71_noise0p05	geom_nearest_gap	chr2	chr8	10811.805	0	0	0	5152.5258	0	0	0	5659.27924	0	0	0	0	0	0	1
p9016_multiseed_chrpair_m0p5_p4_w10_seed71_noise0p05	geom_nearest_gap	chr2	chr9	12689.616	1.35625455	0	3.09387659	6304.09526	0.793336913	0	1.54208685	6385.52078	0.562917638	0	1.55178974	0	0	0	1
p9016_multiseed_chrpair_m0p5_p4_w10_seed71_noise0p05	geom_nearest_gap	chr2	chrX	6659.11314	0	0	0	3269.86791	0	0	0	3389.24523	0	0	0	0	0	0	1
p9016_multiseed_chrpair_m0p5_p4_w10_seed71_noise0p05	geom_nearest_gap	chr3	chr10	2698.55588	0	0	0	1305.5319	0	0	0	1393.02398	0	0	0	0	0	0	1
p9016_multiseed_chrpair_m0p5_p4_w10_seed71_noise0p05	geom_nearest_gap	chr3	chr11	2074.28417	0	0	0	1040.39202	0	0	0	1033.89215	0	0	0	0	0	0	1
p9016_multiseed_chrpair_m0p5_p4_w10_seed71_noise0p05	geom_nearest_gap	chr3	chr12	7466.46202	0	0	19.2234704	4180.69088	0	0	9.49556491	3285.77113	0	0	9.72790545	0	0	0	1
p9016_multiseed_chrpair_m0p5_p4_w10_seed71_noise0p05	geom_nearest_gap	chr3	chr13	6358.19791	0	0	0	3122.84181	0	0	0	3235.3561	0	0	0	0	0	0	1
p9016_multiseed_chrpair_m0p5_p4_w10_seed71_noise0p05	geom_nearest_gap	chr3	chr14	2805.72443	0	0	0	1281.84817	0	0	0	1523.87626	0	0	0	0	0	0	1
p9016_multiseed_chrpair_m0p5_p4_w10_seed71_noise0p05	geom_nearest_gap	chr3	chr15	1829.90372	0	0	0.0115581749	926.286525	0	0	0	903.617198	0	0	0.0115581749	0	0	0	1
p9016_multiseed_chrpair_m0p5_p4_w10_seed71_noise0p05	geom_nearest_gap	chr3	chr16	4310.13319	0	0	0	2254.80111	0	0	0	2055.33207	0	0	0	0	0	0	1
p9016_multiseed_chrpair_m0p5_p4_w10_seed71_noise0p05	geom_nearest_gap	chr3	chr17	2465.34326	0	0	0.10967444	1264.03917	0	0	0.10967444	1201.30409	0	0	0	0	0	0	1
p9016_multiseed_chrpair_m0p5_p4_w10_seed71_noise0p05	geom_nearest_gap	chr3	chr18	5508.50814	0	0	0	2847.24068	0	0	0	2661.26746	0	0	0	0	0	0	1
p9016_multiseed_chrpair_m0p5_p4_w10_seed71_noise0p05	geom_nearest_gap	chr3	chr19	2268.5499	0	0	0	1298.19528	0	0	0	970.354617	0	0	0	0	0	0	1
p9016_multiseed_chrpair_m0p5_p4_w10_seed71_noise0p05	geom_nearest_gap	chr3	chr4	5220.14826	0	0	0	2524.03049	0	0	0	2696.11777	0	0	0	0	0	0	1
p9016_multiseed_chrpair_m0p5_p4_w10_seed71_noise0p05	geom_nearest_gap	chr3	chr5	1994.0749	0	0	0	1007.49788	0	0	0	986.577017	0	0	0	0	0	0	1
p9016_multiseed_chrpair_m0p5_p4_w10_seed71_noise0p05	geom_nearest_gap	chr3	chr6	3963.53258	0	0	0	1934.62497	0	0	0	2028.90761	0	0	0	0	0	0	1
p9016_multiseed_chrpair_m0p5_p4_w10_seed71_noise0p05	geom_nearest_gap	chr3	chr7	10437.6896	0	0	1.8753195	5412.7723	0	0	1.4501459	5024.91725	0	0	0.425173598	0	0	0	1
p9016_multiseed_chrpair_m0p5_p4_w10_seed71_noise0p05	geom_nearest_gap	chr3	chr8	4635.87524	0	0.0598070811	0	2110.68307	0	0.0598070811	0	2525.19218	0	0	0	0	0	0	1
p9016_multiseed_chrpair_m0p5_p4_w10_seed71_noise0p05	geom_nearest_gap	chr3	chr9	4118.2571	0	0	0	2064.26453	0	0	0	2053.99257	0	0	0	0	0	0	1
p9016_multiseed_chrpair_m0p5_p4_w10_seed71_noise0p05	geom_nearest_gap	chr3	chrX	2104.94899	0	0	0	1051.79528	0	0	0	1053.15372	0	0	0	0	0	0	1
p9016_multiseed_chrpair_m0p5_p4_w10_seed71_noise0p05	geom_nearest_gap	chr4	chr10	9226.1005	0	0	0	4413.91231	0	0	0	4812.18819	0	0	0	0	0	0	1
p9016_multiseed_chrpair_m0p5_p4_w10_seed71_noise0p05	geom_nearest_gap	chr4	chr11	2790.86372	0	0	0	1474.83124	0	0	0	1316.03248	0	0	0	0	0	0	1
p9016_multiseed_chrpair_m0p5_p4_w10_seed71_noise0p05	geom_nearest_gap	chr4	chr12	3830.1753	0	0	0.193832447	1826.16933	0	0	0.193832447	2004.00597	0	0	0	0	0	0	1
p9016_multiseed_chrpair_m0p5_p4_w10_seed71_noise0p05	geom_nearest_gap	chr4	chr13	2214.34979	0	0	0	1116.44893	0	0	0	1097.90087	0	0	0	0	0	0	1
p9016_multiseed_chrpair_m0p5_p4_w10_seed71_noise0p05	geom_nearest_gap	chr4	chr14	3558.59986	0	0	0	1845.23632	0	0	0	1713.36354	0	0	0	0	0	0	1
p9016_multiseed_chrpair_m0p5_p4_w10_seed71_noise0p05	geom_nearest_gap	chr4	chr15	1703.08631	0	0	0	857.234345	0	0	0	845.851962	0	0	0	0	0	0	1
p9016_multiseed_chrpair_m0p5_p4_w10_seed71_noise0p05	geom_nearest_gap	chr4	chr16	4389.65988	0	0	0.566886317	2165.00444	0	0	0	2224.65544	0	0	0.566886317	0	0	0	1
p9016_multiseed_chrpair_m0p5_p4_w10_seed71_noise0p05	geom_nearest_gap	chr4	chr17	1665.10161	0	0	0	786.492143	0	0	0	878.609467	0	0	0	0	0	0	1
p9016_multiseed_chrpair_m0p5_p4_w10_seed71_noise0p05	geom_nearest_gap	chr4	chr18	859.128799	0	0	0	438.178978	0	0	0	420.949822	0	0	0	0	0	0	1
p9016_multiseed_chrpair_m0p5_p4_w10_seed71_noise0p05	geom_nearest_gap	chr4	chr19	2265.73866	0	0	0	1187.56386	0	0	0	1078.1748	0	0	0	0	0	0	1
p9016_multiseed_chrpair_m0p5_p4_w10_seed71_noise0p05	geom_nearest_gap	chr4	chr5	13744.0961	0	0	0	6799.76272	0	0	0	6944.33343	0	0	0	0	0	0	1
p9016_multiseed_chrpair_m0p5_p4_w10_seed71_noise0p05	geom_nearest_gap	chr4	chr6	2251.53484	0	0	0	1126.97049	0	0	0	1124.56435	0	0	0	0	0	0	1
p9016_multiseed_chrpair_m0p5_p4_w10_seed71_noise0p05	geom_nearest_gap	chr4	chr7	17542.4054	0	0	0	8503.15729	0	0	0	9039.24814	0	0	0	0	0	0	1
p9016_multiseed_chrpair_m0p5_p4_w10_seed71_noise0p05	geom_nearest_gap	chr4	chr8	1741.30938	0	0	0	886.209122	0	0	0	855.100256	0	0	0	0	0	0	1
p9016_multiseed_chrpair_m0p5_p4_w10_seed71_noise0p05	geom_nearest_gap	chr4	chr9	6240.15695	0	0	0.275981698	3045.64538	0	0	0.275981698	3194.51157	0	0	0	0	0	0	1
p9016_multiseed_chrpair_m0p5_p4_w10_seed71_noise0p05	geom_nearest_gap	chr4	chrX	11603.6595	0	0	0	5358.01991	0	0	0	6245.63956	0	0	0	0	0	0	1
p9016_multiseed_chrpair_m0p5_p4_w10_seed71_noise0p05	geom_nearest_gap	chr5	chr10	10633.2003	0	0	0	5205.93658	0	0	0	5427.26377	0	0	0	0	0	0	1
p9016_multiseed_chrpair_m0p5_p4_w10_seed71_noise0p05	geom_nearest_gap	chr5	chr11	4873.12978	0	0	0	2441.45201	0	0	0	2431.67778	0	0	0	0	0	0	1
p9016_multiseed_chrpair_m0p5_p4_w10_seed71_noise0p05	geom_nearest_gap	chr5	chr12	1510.77574	0	0	0	745.068419	0	0	0	765.707318	0	0	0	0	0	0	1
p9016_multiseed_chrpair_m0p5_p4_w10_seed71_noise0p05	geom_nearest_gap	chr5	chr13	4520.65052	0	0	0	2306.82286	0	0	0	2213.82767	0	0	0	0	0	0	1
p9016_multiseed_chrpair_m0p5_p4_w10_seed71_noise0p05	geom_nearest_gap	chr5	chr14	4749.65967	0	0	0.254203907	2400.48271	0	0	0.254203907	2349.17696	0	0	0	0	0	0	1
p9016_multiseed_chrpair_m0p5_p4_w10_seed71_noise0p05	geom_nearest_gap	chr5	chr15	1668.53769	0	0	0	814.753976	0	0	0	853.783719	0	0	0	0	0	0	1
p9016_multiseed_chrpair_m0p5_p4_w10_seed71_noise0p05	geom_nearest_gap	chr5	chr16	8562.97034	0	0	0	4357.55943	0	0	0	4205.41092	0	0	0	0	0	0	1
p9016_multiseed_chrpair_m0p5_p4_w10_seed71_noise0p05	geom_nearest_gap	chr5	chr17	3127.94672	0	0	0	1569.90682	0	0	0	1558.0399	0	0	0	0	0	0	1
p9016_multiseed_chrpair_m0p5_p4_w10_seed71_noise0p05	geom_nearest_gap	chr5	chr18	5441.79448	0	0	0	2750.2169	0	0	0	2691.57758	0	0	0	0	0	0	1
p9016_multiseed_chrpair_m0p5_p4_w10_seed71_noise0p05	geom_nearest_gap	chr5	chr19	2280.46346	0	0	0	1168.44653	0	0	0	1112.01693	0	0	0	0	0	0	1
p9016_multiseed_chrpair_m0p5_p4_w10_seed71_noise0p05	geom_nearest_gap	chr5	chr6	2143.98684	0	0	3.52155421	1088.39459	0	0	1.74255846	1055.59225	0	0	1.77899575	0	0	0	1
p9016_multiseed_chrpair_m0p5_p4_w10_seed71_noise0p05	geom_nearest_gap	chr5	chr7	2792.88269	0	0	0	1363.80284	0	0	0	1429.07985	0	0	0	0	0	0	1
p9016_multiseed_chrpair_m0p5_p4_w10_seed71_noise0p05	geom_nearest_gap	chr5	chr8	3788.61415	0	0	0	1817.20291	0	0	0	1971.41124	0	0	0	0	0	0	1
p9016_multiseed_chrpair_m0p5_p4_w10_seed71_noise0p05	geom_nearest_gap	chr5	chr9	12367.4719	2.49252535	0	0	6639.63427	0.957991531	0	0	5727.83762	1.53453382	0	0	0	0	0	1
p9016_multiseed_chrpair_m0p5_p4_w10_seed71_noise0p05	geom_nearest_gap	chr5	chrX	3243.47839	0	0	0	1712.07073	0	0	0	1531.40766	0	0	0	0	0	0	1
p9016_multiseed_chrpair_m0p5_p4_w10_seed71_noise0p05	geom_nearest_gap	chr6	chr10	6334.50595	0	0.00381347751	0	3250.98514	0	0	0	3083.52081	0	0.00381347751	0	0	0	0	1
p9016_multiseed_chrpair_m0p5_p4_w10_seed71_noise0p05	geom_nearest_gap	chr6	chr11	2713.12682	0	0	0	1349.57639	0	0	0	1363.55042	0	0	0	0	0	0	1
p9016_multiseed_chrpair_m0p5_p4_w10_seed71_noise0p05	geom_nearest_gap	chr6	chr12	3632.15771	0	0	0	1794.8298	0	0	0	1837.32791	0	0	0	0	0	0	1
p9016_multiseed_chrpair_m0p5_p4_w10_seed71_noise0p05	geom_nearest_gap	chr6	chr13	4407.20495	0	0	0	2104.28799	0	0	0	2302.91696	0	0	0	0	0	0	1
p9016_multiseed_chrpair_m0p5_p4_w10_seed71_noise0p05	geom_nearest_gap	chr6	chr14	15159.3558	0	0	0	7725.65039	0	0	0	7433.70536	0	0	0	0	0	0	1
p9016_multiseed_chrpair_m0p5_p4_w10_seed71_noise0p05	geom_nearest_gap	chr6	chr15	3785.7146	0	0	0	1888.75408	0	0	0	1896.96052	0	0	0	0	0	0	1
p9016_multiseed_chrpair_m0p5_p4_w10_seed71_noise0p05	geom_nearest_gap	chr6	chr16	5623.27897	0	3.34733952	0	2630.27995	0	2.20769811	0	2992.99902	0	1.13964142	0	0	0	0	1
p9016_multiseed_chrpair_m0p5_p4_w10_seed71_noise0p05	geom_nearest_gap	chr6	chr17	3561.58208	0	0	0	1783.59363	0	0	0	1777.98845	0	0	0	0	0	0	1
p9016_multiseed_chrpair_m0p5_p4_w10_seed71_noise0p05	geom_nearest_gap	chr6	chr18	3104.53376	0	0	9.12262875	1571.78716	0	0	6.07329675	1532.7466	0	0	3.049332	0	0	0	1
p9016_multiseed_chrpair_m0p5_p4_w10_seed71_noise0p05	geom_nearest_gap	chr6	chr19	3482.22139	0	0	0	1999.49419	0	0	0	1482.7272	0	0	0	0	0	0	1
p9016_multiseed_chrpair_m0p5_p4_w10_seed71_noise0p05	geom_nearest_gap	chr6	chr7	3176.45051	0	0	0	1552.62129	0	0	0	1623.82922	0	0	0	0	0	0	1
p9016_multiseed_chrpair_m0p5_p4_w10_seed71_noise0p05	geom_nearest_gap	chr6	chr8	3355.33353	0	0	0	1750.33219	0	0	0	1605.00134	0	0	0	0	0	0	1
p9016_multiseed_chrpair_m0p5_p4_w10_seed71_noise0p05	geom_nearest_gap	chr6	chr9	4486.06419	0.278695649	0	0	2283.80773	0.137956712	0	0	2202.25646	0.140738938	0	0	0	0	0	1
p9016_multiseed_chrpair_m0p5_p4_w10_seed71_noise0p05	geom_nearest_gap	chr6	chrX	5424.50955	0	0	0	2694.65367	0	0	0	2729.85588	0	0	0	0	0	0	1
p9016_multiseed_chrpair_m0p5_p4_w10_seed71_noise0p05	geom_nearest_gap	chr7	chr10	3499.26474	0	0	0	1760.97551	0	0	0	1738.28923	0	0	0	0	0	0	1
p9016_multiseed_chrpair_m0p5_p4_w10_seed71_noise0p05	geom_nearest_gap	chr7	chr11	4403.81548	0	0	0	2207.53775	0	0	0	2196.27773	0	0	0	0	0	0	1
p9016_multiseed_chrpair_m0p5_p4_w10_seed71_noise0p05	geom_nearest_gap	chr7	chr12	6744.82433	0	0	0	3440.26036	0	0	0	3304.56397	0	0	0	0	0	0	1
p9016_multiseed_chrpair_m0p5_p4_w10_seed71_noise0p05	geom_nearest_gap	chr7	chr13	1885.94336	0	0	0	1001.91719	0	0	0	884.026168	0	0	0	0	0	0	1
p9016_multiseed_chrpair_m0p5_p4_w10_seed71_noise0p05	geom_nearest_gap	chr7	chr14	4523.83619	0	0	0	2100.13879	0	0	0	2423.6974	0	0	0	0	0	0	1
p9016_multiseed_chrpair_m0p5_p4_w10_seed71_noise0p05	geom_nearest_gap	chr7	chr15	4033.29738	0	0	0	1982.20386	0	0	0	2051.09352	0	0	0	0	0	0	1
p9016_multiseed_chrpair_m0p5_p4_w10_seed71_noise0p05	geom_nearest_gap	chr7	chr16	4080.51851	0	0	0	2075.83398	0	0	0	2004.68453	0	0	0	0	0	0	1
p9016_multiseed_chrpair_m0p5_p4_w10_seed71_noise0p05	geom_nearest_gap	chr7	chr17	1160.46798	0	0	0	618.045036	0	0	0	542.422947	0	0	0	0	0	0	1
p9016_multiseed_chrpair_m0p5_p4_w10_seed71_noise0p05	geom_nearest_gap	chr7	chr18	9038.18807	0	0	0	4291.00538	0	0	0	4747.18269	0	0	0	0	0	0	1
p9016_multiseed_chrpair_m0p5_p4_w10_seed71_noise0p05	geom_nearest_gap	chr7	chr19	1737.30754	0	0	0.0981118068	896.52024	0	0	0.0845858884	840.7873	0	0	0.0135259185	0	0	0	1
p9016_multiseed_chrpair_m0p5_p4_w10_seed71_noise0p05	geom_nearest_gap	chr7	chr8	4591.06782	0	0	0	2324.90189	0	0	0	2266.16593	0	0	0	0	0	0	1
p9016_multiseed_chrpair_m0p5_p4_w10_seed71_noise0p05	geom_nearest_gap	chr7	chr9	3085.13034	0	0	0	1601.93393	0	0	0	1483.19641	0	0	0	0	0	0	1
p9016_multiseed_chrpair_m0p5_p4_w10_seed71_noise0p05	geom_nearest_gap	chr7	chrX	3270.51813	0	0	0	1620.34079	0	0	0	1650.17733	0	0	0	0	0	0	1
p9016_multiseed_chrpair_m0p5_p4_w10_seed71_noise0p05	geom_nearest_gap	chr8	chr10	3820.16146	0	0	0	1885.697	0	0	0	1934.46446	0	0	0	0	0	0	1
p9016_multiseed_chrpair_m0p5_p4_w10_seed71_noise0p05	geom_nearest_gap	chr8	chr11	16372.4815	0	0	66.6238279	8618.63932	0	0	31.0270435	7753.84216	0	0	35.5967844	0	0	0	1
p9016_multiseed_chrpair_m0p5_p4_w10_seed71_noise0p05	geom_nearest_gap	chr8	chr12	1594.66888	0	0	0	801.325696	0	0	0	793.343182	0	0	0	0	0	0	1
p9016_multiseed_chrpair_m0p5_p4_w10_seed71_noise0p05	geom_nearest_gap	chr8	chr13	2889.9907	0	0	0.342344227	1425.91463	0	0	0	1464.07608	0	0	0.342344227	0	0	0	1
p9016_multiseed_chrpair_m0p5_p4_w10_seed71_noise0p05	geom_nearest_gap	chr8	chr14	10800.0793	0	0	0	5143.68473	0	0	0	5656.39453	0	0	0	0	0	0	1
p9016_multiseed_chrpair_m0p5_p4_w10_seed71_noise0p05	geom_nearest_gap	chr8	chr15	5155.64694	0	0	19.7648645	2744.89272	0	0	8.58054788	2410.75422	0	0	11.1843166	0	0	0	1
p9016_multiseed_chrpair_m0p5_p4_w10_seed71_noise0p05	geom_nearest_gap	chr8	chr16	1883.26463	0	0	0	955.321663	0	0	0	927.942971	0	0	0	0	0	0	1
p9016_multiseed_chrpair_m0p5_p4_w10_seed71_noise0p05	geom_nearest_gap	chr8	chr17	1384.00307	0	0	0	697.286268	0	0	0	686.716804	0	0	0	0	0	0	1
p9016_multiseed_chrpair_m0p5_p4_w10_seed71_noise0p05	geom_nearest_gap	chr8	chr18	1594.16447	0	0	0	789.435728	0	0	0	804.728739	0	0	0	0	0	0	1
p9016_multiseed_chrpair_m0p5_p4_w10_seed71_noise0p05	geom_nearest_gap	chr8	chr19	2124.81798	0	0	1.00204378	1058.87527	0	0	0.881471418	1065.94271	0	0	0.120572365	0	0	0	1
p9016_multiseed_chrpair_m0p5_p4_w10_seed71_noise0p05	geom_nearest_gap	chr8	chr9	1752.33258	0	0	0	853.780564	0	0	0	898.552017	0	0	0	0	0	0	1
p9016_multiseed_chrpair_m0p5_p4_w10_seed71_noise0p05	geom_nearest_gap	chr8	chrX	3636.49999	0	0	0	1832.64995	0	0	0	1803.85005	0	0	0	0	0	0	1
p9016_multiseed_chrpair_m0p5_p4_w10_seed71_noise0p05	geom_nearest_gap	chr9	chr10	2317.80096	0	0	0	1192.71736	0	0	0	1125.0836	0	0	0	0	0	0	1
p9016_multiseed_chrpair_m0p5_p4_w10_seed71_noise0p05	geom_nearest_gap	chr9	chr11	2831.99622	0	0	0	1395.47639	0	0	0	1436.51983	0	0	0	0	0	0	1
p9016_multiseed_chrpair_m0p5_p4_w10_seed71_noise0p05	geom_nearest_gap	chr9	chr12	3042.54803	0	0	0	1451.74715	0	0	0	1590.80088	0	0	0	0	0	0	1
p9016_multiseed_chrpair_m0p5_p4_w10_seed71_noise0p05	geom_nearest_gap	chr9	chr13	2654.90194	0	0	0	1282.11485	0	0	0	1372.78709	0	0	0	0	0	0	1
p9016_multiseed_chrpair_m0p5_p4_w10_seed71_noise0p05	geom_nearest_gap	chr9	chr14	1873.89178	0	0	0	923.377955	0	0	0	950.513827	0	0	0	0	0	0	1
p9016_multiseed_chrpair_m0p5_p4_w10_seed71_noise0p05	geom_nearest_gap	chr9	chr15	1460.71829	0	0	0	743.750799	0	0	0	716.967492	0	0	0	0	0	0	1
p9016_multiseed_chrpair_m0p5_p4_w10_seed71_noise0p05	geom_nearest_gap	chr9	chr16	7039.63408	0	0.139837433	0	3518.66503	0	0	0	3520.96906	0	0.139837433	0	0	0	0	1
p9016_multiseed_chrpair_m0p5_p4_w10_seed71_noise0p05	geom_nearest_gap	chr9	chr17	9860.54562	0	0	0	5036.23866	0	0	0	4824.30696	0	0	0	0	0	0	1
p9016_multiseed_chrpair_m0p5_p4_w10_seed71_noise0p05	geom_nearest_gap	chr9	chr18	1325.70158	0	0	0	642.886414	0	0	0	682.815162	0	0	0	0	0	0	1
p9016_multiseed_chrpair_m0p5_p4_w10_seed71_noise0p05	geom_nearest_gap	chr9	chr19	1034.20797	0	0	0	506.553863	0	0	0	527.654102	0	0	0	0	0	0	1
p9016_multiseed_chrpair_m0p5_p4_w10_seed71_noise0p05	geom_nearest_gap	chr9	chrX	2606.50704	0	0	0	1463.91452	0	0	0	1142.59253	0	0	0	0	0	0	1
p9016_multiseed_chrpair_m0p5_p4_w10_seed71_noise0p05	geom_top_to_nearest	chr1	chr10	3043	0	0	0	1510	0	0	0	1533	0	0	0	0	0	0	1
p9016_multiseed_chrpair_m0p5_p4_w10_seed71_noise0p05	geom_top_to_nearest	chr1	chr11	5490	0	0	0	2675	0	0	0	2815	0	0	0	0	0	0	1
p9016_multiseed_chrpair_m0p5_p4_w10_seed71_noise0p05	geom_top_to_nearest	chr1	chr12	3152	0	0	0	1604	0	0	0	1548	0	0	0	0	0	0	1
p9016_multiseed_chrpair_m0p5_p4_w10_seed71_noise0p05	geom_top_to_nearest	chr1	chr13	3650	0	0	0	1832	0	0	0	1818	0	0	0	0	0	0	1
p9016_multiseed_chrpair_m0p5_p4_w10_seed71_noise0p05	geom_top_to_nearest	chr1	chr14	2568	0	0	0	1280	0	0	0	1288	0	0	0	0	0	0	1
p9016_multiseed_chrpair_m0p5_p4_w10_seed71_noise0p05	geom_top_to_nearest	chr1	chr15	3676	0	0	0	1825	0	0	0	1851	0	0	0	0	0	0	1
p9016_multiseed_chrpair_m0p5_p4_w10_seed71_noise0p05	geom_top_to_nearest	chr1	chr16	2273	0	0	0	1150	0	0	0	1123	0	0	0	0	0	0	1
p9016_multiseed_chrpair_m0p5_p4_w10_seed71_noise0p05	geom_top_to_nearest	chr1	chr17	4337	0	0	0	2124	0	0	0	2213	0	0	0	0	0	0	1
p9016_multiseed_chrpair_m0p5_p4_w10_seed71_noise0p05	geom_top_to_nearest	chr1	chr18	2269	0	0	0	1075	0	0	0	1194	0	0	0	0	0	0	1
p9016_multiseed_chrpair_m0p5_p4_w10_seed71_noise0p05	geom_top_to_nearest	chr1	chr19	1454	0	0	0	726	0	0	0	728	0	0	0	0	0	0	1
p9016_multiseed_chrpair_m0p5_p4_w10_seed71_noise0p05	geom_top_to_nearest	chr1	chr2	6069	0	0	0	2931	0	0	0	3138	0	0	0	0	0	0	1
p9016_multiseed_chrpair_m0p5_p4_w10_seed71_noise0p05	geom_top_to_nearest	chr1	chr3	4135	0	0	2	2087	0	0	2	2048	0	0	0	0	0	0	1
p9016_multiseed_chrpair_m0p5_p4_w10_seed71_noise0p05	geom_top_to_nearest	chr1	chr4	4546	0	0	0	2262	0	0	0	2284	0	0	0	0	0	0	1
p9016_multiseed_chrpair_m0p5_p4_w10_seed71_noise0p05	geom_top_to_nearest	chr1	chr5	3498	0	0	0	1768	0	0	0	1730	0	0	0	0	0	0	1
p9016_multiseed_chrpair_m0p5_p4_w10_seed71_noise0p05	geom_top_to_nearest	chr1	chr6	6089	0	0	0	2913	0	0	0	3176	0	0	0	0	0	0	1
p9016_multiseed_chrpair_m0p5_p4_w10_seed71_noise0p05	geom_top_to_nearest	chr1	chr7	3168	0	0	0	1623	0	0	0	1545	0	0	0	0	0	0	1
p9016_multiseed_chrpair_m0p5_p4_w10_seed71_noise0p05	geom_top_to_nearest	chr1	chr8	5575	0	0	0	2925	0	0	0	2650	0	0	0	0	0	0	1
p9016_multiseed_chrpair_m0p5_p4_w10_seed71_noise0p05	geom_top_to_nearest	chr1	chr9	4473	1	0	0	2190	1	0	0	2283	0	0	0	0	0	0	1
p9016_multiseed_chrpair_m0p5_p4_w10_seed71_noise0p05	geom_top_to_nearest	chr1	chrX	7026	0	0	0	3496	0	0	0	3530	0	0	0	0	0	0	1
p9016_multiseed_chrpair_m0p5_p4_w10_seed71_noise0p05	geom_top_to_nearest	chr10	chr11	2108	0	0	0	1061	0	0	0	1047	0	0	0	0	0	0	1
p9016_multiseed_chrpair_m0p5_p4_w10_seed71_noise0p05	geom_top_to_nearest	chr10	chr12	3533	0	0	0	1952	0	0	0	1581	0	0	0	0	0	0	1
p9016_multiseed_chrpair_m0p5_p4_w10_seed71_noise0p05	geom_top_to_nearest	chr10	chr13	3841	0	0	4	1940	0	0	1	1901	0	0	3	0	0	0	1
p9016_multiseed_chrpair_m0p5_p4_w10_seed71_noise0p05	geom_top_to_nearest	chr10	chr14	2066	0	0	0	1032	0	0	0	1034	0	0	0	0	0	0	1
p9016_multiseed_chrpair_m0p5_p4_w10_seed71_noise0p05	geom_top_to_nearest	chr10	chr15	3067	0	0	0	1485	0	0	0	1582	0	0	0	0	0	0	1
p9016_multiseed_chrpair_m0p5_p4_w10_seed71_noise0p05	geom_top_to_nearest	chr10	chr16	4151	0	0	18	2024	0	0	14	2127	0	0	4	0	0	0	1
p9016_multiseed_chrpair_m0p5_p4_w10_seed71_noise0p05	geom_top_to_nearest	chr10	chr17	2720	0	0	0	1412	0	0	0	1308	0	0	0	0	0	0	1
p9016_multiseed_chrpair_m0p5_p4_w10_seed71_noise0p05	geom_top_to_nearest	chr10	chr18	2169	0	0	0	1090	0	0	0	1079	0	0	0	0	0	0	1
p9016_multiseed_chrpair_m0p5_p4_w10_seed71_noise0p05	geom_top_to_nearest	chr10	chr19	1276	0	0	0	643	0	0	0	633	0	0	0	0	0	0	1
p9016_multiseed_chrpair_m0p5_p4_w10_seed71_noise0p05	geom_top_to_nearest	chr10	chrX	1712	0	0	0	882	0	0	0	830	0	0	0	0	0	0	1
p9016_multiseed_chrpair_m0p5_p4_w10_seed71_noise0p05	geom_top_to_nearest	chr11	chr12	2217	0	0	0	1109	0	0	0	1108	0	0	0	0	0	0	1
p9016_multiseed_chrpair_m0p5_p4_w10_seed71_noise0p05	geom_top_to_nearest	chr11	chr13	3802	0	0	1	1913	0	0	1	1889	0	0	0	0	0	0	1
p9016_multiseed_chrpair_m0p5_p4_w10_seed71_noise0p05	geom_top_to_nearest	chr11	chr14	3439	0	0	0	1713	0	0	0	1726	0	0	0	0	0	0	1
p9016_multiseed_chrpair_m0p5_p4_w10_seed71_noise0p05	geom_top_to_nearest	chr11	chr15	2121	0	0	0	1023	0	0	0	1098	0	0	0	0	0	0	1
p9016_multiseed_chrpair_m0p5_p4_w10_seed71_noise0p05	geom_top_to_nearest	chr11	chr16	1559	0	0	0	777	0	0	0	782	0	0	0	0	0	0	1
p9016_multiseed_chrpair_m0p5_p4_w10_seed71_noise0p05	geom_top_to_nearest	chr11	chr17	2003	0	0	0	997	0	0	0	1006	0	0	0	0	0	0	1
p9016_multiseed_chrpair_m0p5_p4_w10_seed71_noise0p05	geom_top_to_nearest	chr11	chr18	1531	0	0	0	797	0	0	0	734	0	0	0	0	0	0	1
p9016_multiseed_chrpair_m0p5_p4_w10_seed71_noise0p05	geom_top_to_nearest	chr11	chr19	2368	0	0	19	1197	0	0	9	1171	0	0	10	0	0	0	1
p9016_multiseed_chrpair_m0p5_p4_w10_seed71_noise0p05	geom_top_to_nearest	chr11	chrX	4919	0	0	0	2566	0	0	0	2353	0	0	0	0	0	0	1
p9016_multiseed_chrpair_m0p5_p4_w10_seed71_noise0p05	geom_top_to_nearest	chr12	chr13	6720	7	0	1	3216	3	0	1	3504	4	0	0	0	0	0	1
p9016_multiseed_chrpair_m0p5_p4_w10_seed71_noise0p05	geom_top_to_nearest	chr12	chr14	1767	0	0	0	892	0	0	0	875	0	0	0	0	0	0	1
p9016_multiseed_chrpair_m0p5_p4_w10_seed71_noise0p05	geom_top_to_nearest	chr12	chr15	3462	0	0	0	1756	0	0	0	1706	0	0	0	0	0	0	1
p9016_multiseed_chrpair_m0p5_p4_w10_seed71_noise0p05	geom_top_to_nearest	chr12	chr16	1469	0	0	0	761	0	0	0	708	0	0	0	0	0	0	1
p9016_multiseed_chrpair_m0p5_p4_w10_seed71_noise0p05	geom_top_to_nearest	chr12	chr17	2868	0	0	0	1509	0	0	0	1359	0	0	0	0	0	0	1
p9016_multiseed_chrpair_m0p5_p4_w10_seed71_noise0p05	geom_top_to_nearest	chr12	chr18	1915	0	0	0	871	0	0	0	1044	0	0	0	0	0	0	1
p9016_multiseed_chrpair_m0p5_p4_w10_seed71_noise0p05	geom_top_to_nearest	chr12	chr19	2376	0	0	0	1026	0	0	0	1350	0	0	0	0	0	0	1
p9016_multiseed_chrpair_m0p5_p4_w10_seed71_noise0p05	geom_top_to_nearest	chr12	chrX	1972	0	0	0	1024	0	0	0	948	0	0	0	0	0	0	1
p9016_multiseed_chrpair_m0p5_p4_w10_seed71_noise0p05	geom_top_to_nearest	chr13	chr14	2618	0	0	0	1273	0	0	0	1345	0	0	0	0	0	0	1
p9016_multiseed_chrpair_m0p5_p4_w10_seed71_noise0p05	geom_top_to_nearest	chr13	chr15	1613	0	0	0	798	0	0	0	815	0	0	0	0	0	0	1
p9016_multiseed_chrpair_m0p5_p4_w10_seed71_noise0p05	geom_top_to_nearest	chr13	chr16	2822	0	0	1	1434	0	0	0	1388	0	0	1	0	0	0	1
p9016_multiseed_chrpair_m0p5_p4_w10_seed71_noise0p05	geom_top_to_nearest	chr13	chr17	3676	0	0	3	1864	0	0	1	1812	0	0	2	0	0	0	1
p9016_multiseed_chrpair_m0p5_p4_w10_seed71_noise0p05	geom_top_to_nearest	chr13	chr18	2810	0	0	0	1343	0	0	0	1467	0	0	0	0	0	0	1
p9016_multiseed_chrpair_m0p5_p4_w10_seed71_noise0p05	geom_top_to_nearest	chr13	chr19	2768	0	0	330	1275	0	0	143	1493	0	0	187	0	0	0	1
p9016_multiseed_chrpair_m0p5_p4_w10_seed71_noise0p05	geom_top_to_nearest	chr13	chrX	2579	0	0	0	1315	0	0	0	1264	0	0	0	0	0	0	1
p9016_multiseed_chrpair_m0p5_p4_w10_seed71_noise0p05	geom_top_to_nearest	chr14	chr15	1408	0	0	0	702	0	0	0	706	0	0	0	0	0	0	1
p9016_multiseed_chrpair_m0p5_p4_w10_seed71_noise0p05	geom_top_to_nearest	chr14	chr16	1315	0	0	0	669	0	0	0	646	0	0	0	0	0	0	1
p9016_multiseed_chrpair_m0p5_p4_w10_seed71_noise0p05	geom_top_to_nearest	chr14	chr17	1220	0	0	0	612	0	0	0	608	0	0	0	0	0	0	1
p9016_multiseed_chrpair_m0p5_p4_w10_seed71_noise0p05	geom_top_to_nearest	chr14	chr18	2342	0	0	0	1109	0	0	0	1233	0	0	0	0	0	0	1
p9016_multiseed_chrpair_m0p5_p4_w10_seed71_noise0p05	geom_top_to_nearest	chr14	chr19	1648	0	0	0	882	0	0	0	766	0	0	0	0	0	0	1
p9016_multiseed_chrpair_m0p5_p4_w10_seed71_noise0p05	geom_top_to_nearest	chr14	chrX	1641	0	0	0	828	0	0	0	813	0	0	0	0	0	0	1
p9016_multiseed_chrpair_m0p5_p4_w10_seed71_noise0p05	geom_top_to_nearest	chr15	chr16	1302	0	0	0	698	0	0	0	604	0	0	0	0	0	0	1
p9016_multiseed_chrpair_m0p5_p4_w10_seed71_noise0p05	geom_top_to_nearest	chr15	chr17	3189	0	1	5	1634	0	1	3	1555	0	0	2	0	0	0	1
p9016_multiseed_chrpair_m0p5_p4_w10_seed71_noise0p05	geom_top_to_nearest	chr15	chr18	2985	0	0	0	1436	0	0	0	1549	0	0	0	0	0	0	1
p9016_multiseed_chrpair_m0p5_p4_w10_seed71_noise0p05	geom_top_to_nearest	chr15	chr19	1415	0	0	0	722	0	0	0	693	0	0	0	0	0	0	1
p9016_multiseed_chrpair_m0p5_p4_w10_seed71_noise0p05	geom_top_to_nearest	chr15	chrX	1592	0	0	0	828	0	0	0	764	0	0	0	0	0	0	1
p9016_multiseed_chrpair_m0p5_p4_w10_seed71_noise0p05	geom_top_to_nearest	chr16	chr17	1311	0	0	0	663	0	0	0	648	0	0	0	0	0	0	1
p9016_multiseed_chrpair_m0p5_p4_w10_seed71_noise0p05	geom_top_to_nearest	chr16	chr18	3559	0	0	0	1654	0	0	0	1905	0	0	0	0	0	0	1
p9016_multiseed_chrpair_m0p5_p4_w10_seed71_noise0p05	geom_top_to_nearest	chr16	chr19	1950	0	0	0	932	0	0	0	1018	0	0	0	0	0	0	1
p9016_multiseed_chrpair_m0p5_p4_w10_seed71_noise0p05	geom_top_to_nearest	chr16	chrX	1393	0	0	0	701	0	0	0	692	0	0	0	0	0	0	1
p9016_multiseed_chrpair_m0p5_p4_w10_seed71_noise0p05	geom_top_to_nearest	chr17	chr18	1121	0	0	0	579	0	0	0	542	0	0	0	0	0	0	1
p9016_multiseed_chrpair_m0p5_p4_w10_seed71_noise0p05	geom_top_to_nearest	chr17	chr19	1709	0	0	0	798	0	0	0	911	0	0	0	0	0	0	1
p9016_multiseed_chrpair_m0p5_p4_w10_seed71_noise0p05	geom_top_to_nearest	chr17	chrX	2902	0	0	2	1393	0	0	1	1509	0	0	1	0	0	0	1
p9016_multiseed_chrpair_m0p5_p4_w10_seed71_noise0p05	geom_top_to_nearest	chr18	chr19	1509	0	0	0	738	0	0	0	771	0	0	0	0	0	0	1
p9016_multiseed_chrpair_m0p5_p4_w10_seed71_noise0p05	geom_top_to_nearest	chr18	chrX	1270	0	0	0	632	0	0	0	638	0	0	0	0	0	0	1
p9016_multiseed_chrpair_m0p5_p4_w10_seed71_noise0p05	geom_top_to_nearest	chr19	chrX	901	0	0	0	433	0	0	0	468	0	0	0	0	0	0	1
p9016_multiseed_chrpair_m0p5_p4_w10_seed71_noise0p05	geom_top_to_nearest	chr2	chr10	2775	0	0	0	1415	0	0	0	1360	0	0	0	0	0	0	1
p9016_multiseed_chrpair_m0p5_p4_w10_seed71_noise0p05	geom_top_to_nearest	chr2	chr11	3984	0	0	4	1964	0	0	2	2020	0	0	2	0	0	0	1
p9016_multiseed_chrpair_m0p5_p4_w10_seed71_noise0p05	geom_top_to_nearest	chr2	chr12	3013	0	0	0	1470	0	0	0	1543	0	0	0	0	0	0	1
p9016_multiseed_chrpair_m0p5_p4_w10_seed71_noise0p05	geom_top_to_nearest	chr2	chr13	3064	0	0	0	1545	0	0	0	1519	0	0	0	0	0	0	1
p9016_multiseed_chrpair_m0p5_p4_w10_seed71_noise0p05	geom_top_to_nearest	chr2	chr14	2747	0	0	0	1351	0	0	0	1396	0	0	0	0	0	0	1
p9016_multiseed_chrpair_m0p5_p4_w10_seed71_noise0p05	geom_top_to_nearest	chr2	chr15	2227	0	0	0	1061	0	0	0	1166	0	0	0	0	0	0	1
p9016_multiseed_chrpair_m0p5_p4_w10_seed71_noise0p05	geom_top_to_nearest	chr2	chr16	4254	0	0	6	2126	0	0	2	2128	0	0	4	0	0	0	1
p9016_multiseed_chrpair_m0p5_p4_w10_seed71_noise0p05	geom_top_to_nearest	chr2	chr17	3091	0	0	0	1485	0	0	0	1606	0	0	0	0	0	0	1
p9016_multiseed_chrpair_m0p5_p4_w10_seed71_noise0p05	geom_top_to_nearest	chr2	chr18	2439	0	0	0	1170	0	0	0	1269	0	0	0	0	0	0	1
p9016_multiseed_chrpair_m0p5_p4_w10_seed71_noise0p05	geom_top_to_nearest	chr2	chr19	1776	0	0	1	909	0	0	1	867	0	0	0	0	0	0	1
p9016_multiseed_chrpair_m0p5_p4_w10_seed71_noise0p05	geom_top_to_nearest	chr2	chr3	6182	0	0	0	2984	0	0	0	3198	0	0	0	0	0	0	1
p9016_multiseed_chrpair_m0p5_p4_w10_seed71_noise0p05	geom_top_to_nearest	chr2	chr4	6011	0	0	27	2941	0	0	14	3070	0	0	13	0	0	0	1
p9016_multiseed_chrpair_m0p5_p4_w10_seed71_noise0p05	geom_top_to_nearest	chr2	chr5	3767	0	0	1	1910	0	0	1	1857	0	0	0	0	0	0	1
p9016_multiseed_chrpair_m0p5_p4_w10_seed71_noise0p05	geom_top_to_nearest	chr2	chr6	6214	1	0	0	3167	1	0	0	3047	0	0	0	0	0	0	1
p9016_multiseed_chrpair_m0p5_p4_w10_seed71_noise0p05	geom_top_to_nearest	chr2	chr7	4371	0	0	0	2150	0	0	0	2221	0	0	0	0	0	0	1
p9016_multiseed_chrpair_m0p5_p4_w10_seed71_noise0p05	geom_top_to_nearest	chr2	chr8	5892	0	0	0	2836	0	0	0	3056	0	0	0	0	0	0	1
p9016_multiseed_chrpair_m0p5_p4_w10_seed71_noise0p05	geom_top_to_nearest	chr2	chr9	6679	8	0	13	3337	4	0	6	3342	4	0	7	0	0	0	1
p9016_multiseed_chrpair_m0p5_p4_w10_seed71_noise0p05	geom_top_to_nearest	chr2	chrX	4551	0	0	0	2243	0	0	0	2308	0	0	0	0	0	0	1
p9016_multiseed_chrpair_m0p5_p4_w10_seed71_noise0p05	geom_top_to_nearest	chr3	chr10	2484	0	0	0	1198	0	0	0	1286	0	0	0	0	0	0	1
p9016_multiseed_chrpair_m0p5_p4_w10_seed71_noise0p05	geom_top_to_nearest	chr3	chr11	2990	0	0	0	1486	0	0	0	1504	0	0	0	0	0	0	1
p9016_multiseed_chrpair_m0p5_p4_w10_seed71_noise0p05	geom_top_to_nearest	chr3	chr12	5256	0	0	57	2851	0	0	28	2405	0	0	29	0	0	0	1
p9016_multiseed_chrpair_m0p5_p4_w10_seed71_noise0p05	geom_top_to_nearest	chr3	chr13	4065	0	0	0	1978	0	0	0	2087	0	0	0	0	0	0	1
p9016_multiseed_chrpair_m0p5_p4_w10_seed71_noise0p05	geom_top_to_nearest	chr3	chr14	2687	0	0	0	1283	0	0	0	1404	0	0	0	0	0	0	1
p9016_multiseed_chrpair_m0p5_p4_w10_seed71_noise0p05	geom_top_to_nearest	chr3	chr15	2623	0	0	1	1367	0	0	0	1256	0	0	1	0	0	0	1
p9016_multiseed_chrpair_m0p5_p4_w10_seed71_noise0p05	geom_top_to_nearest	chr3	chr16	1557	0	0	0	811	0	0	0	746	0	0	0	0	0	0	1
p9016_multiseed_chrpair_m0p5_p4_w10_seed71_noise0p05	geom_top_to_nearest	chr3	chr17	2377	0	0	1	1196	0	0	1	1181	0	0	0	0	0	0	1
p9016_multiseed_chrpair_m0p5_p4_w10_seed71_noise0p05	geom_top_to_nearest	chr3	chr18	2999	0	0	0	1520	0	0	0	1479	0	0	0	0	0	0	1
p9016_multiseed_chrpair_m0p5_p4_w10_seed71_noise0p05	geom_top_to_nearest	chr3	chr19	1899	0	0	0	1013	0	0	0	886	0	0	0	0	0	0	1
p9016_multiseed_chrpair_m0p5_p4_w10_seed71_noise0p05	geom_top_to_nearest	chr3	chr4	3378	0	0	0	1656	0	0	0	1722	0	0	0	0	0	0	1
p9016_multiseed_chrpair_m0p5_p4_w10_seed71_noise0p05	geom_top_to_nearest	chr3	chr5	2588	0	0	0	1245	0	0	0	1343	0	0	0	0	0	0	1
p9016_multiseed_chrpair_m0p5_p4_w10_seed71_noise0p05	geom_top_to_nearest	chr3	chr6	2721	0	0	0	1333	0	0	0	1388	0	0	0	0	0	0	1
p9016_multiseed_chrpair_m0p5_p4_w10_seed71_noise0p05	geom_top_to_nearest	chr3	chr7	7422	0	0	8	3711	0	0	5	3711	0	0	3	0	0	0	1
p9016_multiseed_chrpair_m0p5_p4_w10_seed71_noise0p05	geom_top_to_nearest	chr3	chr8	3921	0	1	0	1870	0	1	0	2051	0	0	0	0	0	0	1
p9016_multiseed_chrpair_m0p5_p4_w10_seed71_noise0p05	geom_top_to_nearest	chr3	chr9	2267	0	0	0	1142	0	0	0	1125	0	0	0	0	0	0	1
p9016_multiseed_chrpair_m0p5_p4_w10_seed71_noise0p05	geom_top_to_nearest	chr3	chrX	2651	0	0	0	1348	0	0	0	1303	0	0	0	0	0	0	1
p9016_multiseed_chrpair_m0p5_p4_w10_seed71_noise0p05	geom_top_to_nearest	chr4	chr10	6248	0	0	0	3064	0	0	0	3184	0	0	0	0	0	0	1
p9016_multiseed_chrpair_m0p5_p4_w10_seed71_noise0p05	geom_top_to_nearest	chr4	chr11	2637	0	0	0	1369	0	0	0	1268	0	0	0	0	0	0	1
p9016_multiseed_chrpair_m0p5_p4_w10_seed71_noise0p05	geom_top_to_nearest	chr4	chr12	3913	0	0	1	1951	0	0	1	1962	0	0	0	0	0	0	1
p9016_multiseed_chrpair_m0p5_p4_w10_seed71_noise0p05	geom_top_to_nearest	chr4	chr13	2352	0	0	0	1177	0	0	0	1175	0	0	0	0	0	0	1
p9016_multiseed_chrpair_m0p5_p4_w10_seed71_noise0p05	geom_top_to_nearest	chr4	chr14	2674	0	0	0	1364	0	0	0	1310	0	0	0	0	0	0	1
p9016_multiseed_chrpair_m0p5_p4_w10_seed71_noise0p05	geom_top_to_nearest	chr4	chr15	2012	0	0	0	1017	0	0	0	995	0	0	0	0	0	0	1
p9016_multiseed_chrpair_m0p5_p4_w10_seed71_noise0p05	geom_top_to_nearest	chr4	chr16	2218	0	0	2	1118	0	0	0	1100	0	0	2	0	0	0	1
p9016_multiseed_chrpair_m0p5_p4_w10_seed71_noise0p05	geom_top_to_nearest	chr4	chr17	2057	0	0	0	987	0	0	0	1070	0	0	0	0	0	0	1
p9016_multiseed_chrpair_m0p5_p4_w10_seed71_noise0p05	geom_top_to_nearest	chr4	chr18	1640	0	0	0	796	0	0	0	844	0	0	0	0	0	0	1
p9016_multiseed_chrpair_m0p5_p4_w10_seed71_noise0p05	geom_top_to_nearest	chr4	chr19	1544	0	0	0	791	0	0	0	753	0	0	0	0	0	0	1
p9016_multiseed_chrpair_m0p5_p4_w10_seed71_noise0p05	geom_top_to_nearest	chr4	chr5	6855	0	0	0	3367	0	0	0	3488	0	0	0	0	0	0	1
p9016_multiseed_chrpair_m0p5_p4_w10_seed71_noise0p05	geom_top_to_nearest	chr4	chr6	3169	0	0	0	1592	0	0	0	1577	0	0	0	0	0	0	1
p9016_multiseed_chrpair_m0p5_p4_w10_seed71_noise0p05	geom_top_to_nearest	chr4	chr7	5388	0	0	0	2600	0	0	0	2788	0	0	0	0	0	0	1
p9016_multiseed_chrpair_m0p5_p4_w10_seed71_noise0p05	geom_top_to_nearest	chr4	chr8	2594	0	0	0	1295	0	0	0	1299	0	0	0	0	0	0	1
p9016_multiseed_chrpair_m0p5_p4_w10_seed71_noise0p05	geom_top_to_nearest	chr4	chr9	2785	0	0	1	1369	0	0	1	1416	0	0	0	0	0	0	1
p9016_multiseed_chrpair_m0p5_p4_w10_seed71_noise0p05	geom_top_to_nearest	chr4	chrX	4562	0	0	0	2182	0	0	0	2380	0	0	0	0	0	0	1
p9016_multiseed_chrpair_m0p5_p4_w10_seed71_noise0p05	geom_top_to_nearest	chr5	chr10	5015	0	0	0	2446	0	0	0	2569	0	0	0	0	0	0	1
p9016_multiseed_chrpair_m0p5_p4_w10_seed71_noise0p05	geom_top_to_nearest	chr5	chr11	3049	0	0	0	1548	0	0	0	1501	0	0	0	0	0	0	1
p9016_multiseed_chrpair_m0p5_p4_w10_seed71_noise0p05	geom_top_to_nearest	chr5	chr12	1872	0	0	0	929	0	0	0	943	0	0	0	0	0	0	1
p9016_multiseed_chrpair_m0p5_p4_w10_seed71_noise0p05	geom_top_to_nearest	chr5	chr13	2511	0	0	0	1251	0	0	0	1260	0	0	0	0	0	0	1
p9016_multiseed_chrpair_m0p5_p4_w10_seed71_noise0p05	geom_top_to_nearest	chr5	chr14	3649	0	0	1	1835	0	0	1	1814	0	0	0	0	0	0	1
p9016_multiseed_chrpair_m0p5_p4_w10_seed71_noise0p05	geom_top_to_nearest	chr5	chr15	2176	0	0	0	1052	0	0	0	1124	0	0	0	0	0	0	1
p9016_multiseed_chrpair_m0p5_p4_w10_seed71_noise0p05	geom_top_to_nearest	chr5	chr16	4645	0	0	0	2364	0	0	0	2281	0	0	0	0	0	0	1
p9016_multiseed_chrpair_m0p5_p4_w10_seed71_noise0p05	geom_top_to_nearest	chr5	chr17	1717	0	0	0	860	0	0	0	857	0	0	0	0	0	0	1
p9016_multiseed_chrpair_m0p5_p4_w10_seed71_noise0p05	geom_top_to_nearest	chr5	chr18	3489	0	0	0	1731	0	0	0	1758	0	0	0	0	0	0	1
p9016_multiseed_chrpair_m0p5_p4_w10_seed71_noise0p05	geom_top_to_nearest	chr5	chr19	2092	0	0	0	1048	0	0	0	1044	0	0	0	0	0	0	1
p9016_multiseed_chrpair_m0p5_p4_w10_seed71_noise0p05	geom_top_to_nearest	chr5	chr6	3391	0	0	11	1711	0	0	7	1680	0	0	4	0	0	0	1
p9016_multiseed_chrpair_m0p5_p4_w10_seed71_noise0p05	geom_top_to_nearest	chr5	chr7	2415	0	0	0	1220	0	0	0	1195	0	0	0	0	0	0	1
p9016_multiseed_chrpair_m0p5_p4_w10_seed71_noise0p05	geom_top_to_nearest	chr5	chr8	2478	0	0	0	1194	0	0	0	1284	0	0	0	0	0	0	1
p9016_multiseed_chrpair_m0p5_p4_w10_seed71_noise0p05	geom_top_to_nearest	chr5	chr9	7271	7	0	0	3855	3	0	0	3416	4	0	0	0	0	0	1
p9016_multiseed_chrpair_m0p5_p4_w10_seed71_noise0p05	geom_top_to_nearest	chr5	chrX	2073	0	0	0	1093	0	0	0	980	0	0	0	0	0	0	1
p9016_multiseed_chrpair_m0p5_p4_w10_seed71_noise0p05	geom_top_to_nearest	chr6	chr10	4774	0	1	0	2394	0	0	0	2380	0	1	0	0	0	0	1
p9016_multiseed_chrpair_m0p5_p4_w10_seed71_noise0p05	geom_top_to_nearest	chr6	chr11	2580	0	0	0	1273	0	0	0	1307	0	0	0	0	0	0	1
p9016_multiseed_chrpair_m0p5_p4_w10_seed71_noise0p05	geom_top_to_nearest	chr6	chr12	2129	0	0	0	1043	0	0	0	1086	0	0	0	0	0	0	1
p9016_multiseed_chrpair_m0p5_p4_w10_seed71_noise0p05	geom_top_to_nearest	chr6	chr13	3097	0	0	0	1492	0	0	0	1605	0	0	0	0	0	0	1
p9016_multiseed_chrpair_m0p5_p4_w10_seed71_noise0p05	geom_top_to_nearest	chr6	chr14	5451	0	0	0	2754	0	0	0	2697	0	0	0	0	0	0	1
p9016_multiseed_chrpair_m0p5_p4_w10_seed71_noise0p05	geom_top_to_nearest	chr6	chr15	2123	0	0	0	1055	0	0	0	1068	0	0	0	0	0	0	1
p9016_multiseed_chrpair_m0p5_p4_w10_seed71_noise0p05	geom_top_to_nearest	chr6	chr16	4300	0	9	0	2052	0	6	0	2248	0	3	0	0	0	0	1
p9016_multiseed_chrpair_m0p5_p4_w10_seed71_noise0p05	geom_top_to_nearest	chr6	chr17	1988	0	0	0	984	0	0	0	1004	0	0	0	0	0	0	1
p9016_multiseed_chrpair_m0p5_p4_w10_seed71_noise0p05	geom_top_to_nearest	chr6	chr18	2799	0	0	38	1405	0	0	22	1394	0	0	16	0	0	0	1
p9016_multiseed_chrpair_m0p5_p4_w10_seed71_noise0p05	geom_top_to_nearest	chr6	chr19	2571	0	0	0	1389	0	0	0	1182	0	0	0	0	0	0	1
p9016_multiseed_chrpair_m0p5_p4_w10_seed71_noise0p05	geom_top_to_nearest	chr6	chr7	2450	0	0	0	1218	0	0	0	1232	0	0	0	0	0	0	1
p9016_multiseed_chrpair_m0p5_p4_w10_seed71_noise0p05	geom_top_to_nearest	chr6	chr8	2353	0	0	0	1214	0	0	0	1139	0	0	0	0	0	0	1
p9016_multiseed_chrpair_m0p5_p4_w10_seed71_noise0p05	geom_top_to_nearest	chr6	chr9	3426	2	0	0	1780	1	0	0	1646	1	0	0	0	0	0	1
p9016_multiseed_chrpair_m0p5_p4_w10_seed71_noise0p05	geom_top_to_nearest	chr6	chrX	2292	0	0	0	1135	0	0	0	1157	0	0	0	0	0	0	1
p9016_multiseed_chrpair_m0p5_p4_w10_seed71_noise0p05	geom_top_to_nearest	chr7	chr10	2060	0	0	0	1044	0	0	0	1016	0	0	0	0	0	0	1
p9016_multiseed_chrpair_m0p5_p4_w10_seed71_noise0p05	geom_top_to_nearest	chr7	chr11	2406	0	0	0	1206	0	0	0	1200	0	0	0	0	0	0	1
p9016_multiseed_chrpair_m0p5_p4_w10_seed71_noise0p05	geom_top_to_nearest	chr7	chr12	3693	0	0	0	1903	0	0	0	1790	0	0	0	0	0	0	1
p9016_multiseed_chrpair_m0p5_p4_w10_seed71_noise0p05	geom_top_to_nearest	chr7	chr13	2217	0	0	0	1156	0	0	0	1061	0	0	0	0	0	0	1
p9016_multiseed_chrpair_m0p5_p4_w10_seed71_noise0p05	geom_top_to_nearest	chr7	chr14	3293	0	0	0	1600	0	0	0	1693	0	0	0	0	0	0	1
p9016_multiseed_chrpair_m0p5_p4_w10_seed71_noise0p05	geom_top_to_nearest	chr7	chr15	2080	0	0	0	1024	0	0	0	1056	0	0	0	0	0	0	1
p9016_multiseed_chrpair_m0p5_p4_w10_seed71_noise0p05	geom_top_to_nearest	chr7	chr16	1394	0	0	0	703	0	0	0	691	0	0	0	0	0	0	1
p9016_multiseed_chrpair_m0p5_p4_w10_seed71_noise0p05	geom_top_to_nearest	chr7	chr17	1652	0	0	0	877	0	0	0	775	0	0	0	0	0	0	1
p9016_multiseed_chrpair_m0p5_p4_w10_seed71_noise0p05	geom_top_to_nearest	chr7	chr18	3592	0	0	0	1745	0	0	0	1847	0	0	0	0	0	0	1
p9016_multiseed_chrpair_m0p5_p4_w10_seed71_noise0p05	geom_top_to_nearest	chr7	chr19	1753	0	0	2	912	0	0	1	841	0	0	1	0	0	0	1
p9016_multiseed_chrpair_m0p5_p4_w10_seed71_noise0p05	geom_top_to_nearest	chr7	chr8	2807	0	0	0	1400	0	0	0	1407	0	0	0	0	0	0	1
p9016_multiseed_chrpair_m0p5_p4_w10_seed71_noise0p05	geom_top_to_nearest	chr7	chr9	2043	0	0	0	1056	0	0	0	987	0	0	0	0	0	0	1
p9016_multiseed_chrpair_m0p5_p4_w10_seed71_noise0p05	geom_top_to_nearest	chr7	chrX	2356	0	0	0	1158	0	0	0	1198	0	0	0	0	0	0	1
p9016_multiseed_chrpair_m0p5_p4_w10_seed71_noise0p05	geom_top_to_nearest	chr8	chr10	2004	0	0	0	996	0	0	0	1008	0	0	0	0	0	0	1
p9016_multiseed_chrpair_m0p5_p4_w10_seed71_noise0p05	geom_top_to_nearest	chr8	chr11	9039	0	0	219	4724	0	0	117	4315	0	0	102	0	0	0	1
p9016_multiseed_chrpair_m0p5_p4_w10_seed71_noise0p05	geom_top_to_nearest	chr8	chr12	2085	0	0	0	1047	0	0	0	1038	0	0	0	0	0	0	1
p9016_multiseed_chrpair_m0p5_p4_w10_seed71_noise0p05	geom_top_to_nearest	chr8	chr13	2475	0	0	2	1245	0	0	0	1230	0	0	2	0	0	0	1
p9016_multiseed_chrpair_m0p5_p4_w10_seed71_noise0p05	geom_top_to_nearest	chr8	chr14	3326	0	0	0	1601	0	0	0	1725	0	0	0	0	0	0	1
p9016_multiseed_chrpair_m0p5_p4_w10_seed71_noise0p05	geom_top_to_nearest	chr8	chr15	4065	0	0	47	2093	0	0	22	1972	0	0	25	0	0	0	1
p9016_multiseed_chrpair_m0p5_p4_w10_seed71_noise0p05	geom_top_to_nearest	chr8	chr16	1463	0	0	0	753	0	0	0	710	0	0	0	0	0	0	1
p9016_multiseed_chrpair_m0p5_p4_w10_seed71_noise0p05	geom_top_to_nearest	chr8	chr17	1862	0	0	0	915	0	0	0	947	0	0	0	0	0	0	1
p9016_multiseed_chrpair_m0p5_p4_w10_seed71_noise0p05	geom_top_to_nearest	chr8	chr18	1533	0	0	0	763	0	0	0	770	0	0	0	0	0	0	1
p9016_multiseed_chrpair_m0p5_p4_w10_seed71_noise0p05	geom_top_to_nearest	chr8	chr19	2018	0	0	2	1053	0	0	1	965	0	0	1	0	0	0	1
p9016_multiseed_chrpair_m0p5_p4_w10_seed71_noise0p05	geom_top_to_nearest	chr8	chr9	2080	0	0	0	1015	0	0	0	1065	0	0	0	0	0	0	1
p9016_multiseed_chrpair_m0p5_p4_w10_seed71_noise0p05	geom_top_to_nearest	chr8	chrX	2775	0	0	0	1390	0	0	0	1385	0	0	0	0	0	0	1
p9016_multiseed_chrpair_m0p5_p4_w10_seed71_noise0p05	geom_top_to_nearest	chr9	chr10	2132	0	0	0	1081	0	0	0	1051	0	0	0	0	0	0	1
p9016_multiseed_chrpair_m0p5_p4_w10_seed71_noise0p05	geom_top_to_nearest	chr9	chr11	2606	0	0	0	1290	0	0	0	1316	0	0	0	0	0	0	1
p9016_multiseed_chrpair_m0p5_p4_w10_seed71_noise0p05	geom_top_to_nearest	chr9	chr12	2310	0	0	0	1140	0	0	0	1170	0	0	0	0	0	0	1
p9016_multiseed_chrpair_m0p5_p4_w10_seed71_noise0p05	geom_top_to_nearest	chr9	chr13	2236	0	0	0	1079	0	0	0	1157	0	0	0	0	0	0	1
p9016_multiseed_chrpair_m0p5_p4_w10_seed71_noise0p05	geom_top_to_nearest	chr9	chr14	1849	0	0	0	930	0	0	0	919	0	0	0	0	0	0	1
p9016_multiseed_chrpair_m0p5_p4_w10_seed71_noise0p05	geom_top_to_nearest	chr9	chr15	1834	0	0	0	940	0	0	0	894	0	0	0	0	0	0	1
p9016_multiseed_chrpair_m0p5_p4_w10_seed71_noise0p05	geom_top_to_nearest	chr9	chr16	2921	0	1	0	1444	0	0	0	1477	0	1	0	0	0	0	1
p9016_multiseed_chrpair_m0p5_p4_w10_seed71_noise0p05	geom_top_to_nearest	chr9	chr17	3794	0	0	0	1951	0	0	0	1843	0	0	0	0	0	0	1
p9016_multiseed_chrpair_m0p5_p4_w10_seed71_noise0p05	geom_top_to_nearest	chr9	chr18	1678	0	0	0	807	0	0	0	871	0	0	0	0	0	0	1
p9016_multiseed_chrpair_m0p5_p4_w10_seed71_noise0p05	geom_top_to_nearest	chr9	chr19	1249	0	0	0	589	0	0	0	660	0	0	0	0	0	0	1
p9016_multiseed_chrpair_m0p5_p4_w10_seed71_noise0p05	geom_top_to_nearest	chr9	chrX	2928	0	0	0	1590	0	0	0	1338	0	0	0	0	0	0	1
p9016_multiseed_chrpair_m0p5_p4_w10_seed71_noise0p05	margin_geom_gap	chr1	chr10	1349.49772	0	0	0	698.766202	0	0	0	650.731513	0	0	0	0	0	0	1
p9016_multiseed_chrpair_m0p5_p4_w10_seed71_noise0p05	margin_geom_gap	chr1	chr11	12926.0775	0	0	0	6239.64925	0	0	0	6686.42821	0	0	0	0	0	0	1
p9016_multiseed_chrpair_m0p5_p4_w10_seed71_noise0p05	margin_geom_gap	chr1	chr12	6795.20683	0	0	0	3506.72213	0	0	0	3288.4847	0	0	0	0	0	0	1
p9016_multiseed_chrpair_m0p5_p4_w10_seed71_noise0p05	margin_geom_gap	chr1	chr13	2365.93387	0	0	0	1130.54159	0	0	0	1235.39228	0	0	0	0	0	0	1
p9016_multiseed_chrpair_m0p5_p4_w10_seed71_noise0p05	margin_geom_gap	chr1	chr14	1105.75355	0	0	0	568.680936	0	0	0	537.07261	0	0	0	0	0	0	1
p9016_multiseed_chrpair_m0p5_p4_w10_seed71_noise0p05	margin_geom_gap	chr1	chr15	2763.16068	0	0	0	1346.0599	0	0	0	1417.10078	0	0	0	0	0	0	1
p9016_multiseed_chrpair_m0p5_p4_w10_seed71_noise0p05	margin_geom_gap	chr1	chr16	2549.62878	0	0	0	1294.06477	0	0	0	1255.56401	0	0	0	0	0	0	1
p9016_multiseed_chrpair_m0p5_p4_w10_seed71_noise0p05	margin_geom_gap	chr1	chr17	7964.65914	0	0	0	3772.05782	0	0	0	4192.60132	0	0	0	0	0	0	1
p9016_multiseed_chrpair_m0p5_p4_w10_seed71_noise0p05	margin_geom_gap	chr1	chr18	5399.89873	0	0	0	2530.29263	0	0	0	2869.60609	0	0	0	0	0	0	1
p9016_multiseed_chrpair_m0p5_p4_w10_seed71_noise0p05	margin_geom_gap	chr1	chr19	900.832074	0	0	0	462.966157	0	0	0	437.865917	0	0	0	0	0	0	1
p9016_multiseed_chrpair_m0p5_p4_w10_seed71_noise0p05	margin_geom_gap	chr1	chr2	5321.14024	0	0	0	2383.95527	0	0	0	2937.18497	0	0	0	0	0	0	1
p9016_multiseed_chrpair_m0p5_p4_w10_seed71_noise0p05	margin_geom_gap	chr1	chr3	2635.95611	0	0	0	1343.23678	0	0	0	1292.71934	0	0	0	0	0	0	1
p9016_multiseed_chrpair_m0p5_p4_w10_seed71_noise0p05	margin_geom_gap	chr1	chr4	3238.77241	0	0	0	1605.71953	0	0	0	1633.05288	0	0	0	0	0	0	1
p9016_multiseed_chrpair_m0p5_p4_w10_seed71_noise0p05	margin_geom_gap	chr1	chr5	2180.05264	0	0	0	1076.15336	0	0	0	1103.89928	0	0	0	0	0	0	1
p9016_multiseed_chrpair_m0p5_p4_w10_seed71_noise0p05	margin_geom_gap	chr1	chr6	18959.5928	0	0	0	9078.88179	0	0	0	9880.71099	0	0	0	0	0	0	1
p9016_multiseed_chrpair_m0p5_p4_w10_seed71_noise0p05	margin_geom_gap	chr1	chr7	3901.06728	0	0	0	1968.67205	0	0	0	1932.39523	0	0	0	0	0	0	1
p9016_multiseed_chrpair_m0p5_p4_w10_seed71_noise0p05	margin_geom_gap	chr1	chr8	8192.73014	0	0	0	4421.90088	0	0	0	3770.82925	0	0	0	0	0	0	1
p9016_multiseed_chrpair_m0p5_p4_w10_seed71_noise0p05	margin_geom_gap	chr1	chr9	4399.49492	0	0	0	2108.29124	0	0	0	2291.20368	0	0	0	0	0	0	1
p9016_multiseed_chrpair_m0p5_p4_w10_seed71_noise0p05	margin_geom_gap	chr1	chrX	21437.2542	0	0	0	10771.7531	0	0	0	10665.5011	0	0	0	0	0	0	1
p9016_multiseed_chrpair_m0p5_p4_w10_seed71_noise0p05	margin_geom_gap	chr10	chr11	1403.96103	0	0	0	696.706259	0	0	0	707.254773	0	0	0	0	0	0	1
p9016_multiseed_chrpair_m0p5_p4_w10_seed71_noise0p05	margin_geom_gap	chr10	chr12	6623.61579	0	0	0	3737.48706	0	0	0	2886.12873	0	0	0	0	0	0	1
p9016_multiseed_chrpair_m0p5_p4_w10_seed71_noise0p05	margin_geom_gap	chr10	chr13	2596.45724	0	0	0	1355.92668	0	0	0	1240.53055	0	0	0	0	0	0	1
p9016_multiseed_chrpair_m0p5_p4_w10_seed71_noise0p05	margin_geom_gap	chr10	chr14	4775.79527	0	0	0	2373.89463	0	0	0	2401.90064	0	0	0	0	0	0	1
p9016_multiseed_chrpair_m0p5_p4_w10_seed71_noise0p05	margin_geom_gap	chr10	chr15	6042.58155	0	0	0	2922.74461	0	0	0	3119.83694	0	0	0	0	0	0	1
p9016_multiseed_chrpair_m0p5_p4_w10_seed71_noise0p05	margin_geom_gap	chr10	chr16	5355.86084	0	0	0.037978078	2727.98989	0	0	0.037978078	2627.87094	0	0	0	0	0	0	1
p9016_multiseed_chrpair_m0p5_p4_w10_seed71_noise0p05	margin_geom_gap	chr10	chr17	5164.90549	0	0	0	2704.55514	0	0	0	2460.35035	0	0	0	0	0	0	1
p9016_multiseed_chrpair_m0p5_p4_w10_seed71_noise0p05	margin_geom_gap	chr10	chr18	966.953483	0	0	0	513.651524	0	0	0	453.301959	0	0	0	0	0	0	1
p9016_multiseed_chrpair_m0p5_p4_w10_seed71_noise0p05	margin_geom_gap	chr10	chr19	1048.77789	0	0	0	538.41576	0	0	0	510.362133	0	0	0	0	0	0	1
p9016_multiseed_chrpair_m0p5_p4_w10_seed71_noise0p05	margin_geom_gap	chr10	chrX	1370.96646	0	0	0	738.930677	0	0	0	632.03578	0	0	0	0	0	0	1
p9016_multiseed_chrpair_m0p5_p4_w10_seed71_noise0p05	margin_geom_gap	chr11	chr12	1868.52667	0	0	0	928.793678	0	0	0	939.732994	0	0	0	0	0	0	1
p9016_multiseed_chrpair_m0p5_p4_w10_seed71_noise0p05	margin_geom_gap	chr11	chr13	4780.47437	0	0	0	2439.74547	0	0	0	2340.7289	0	0	0	0	0	0	1
p9016_multiseed_chrpair_m0p5_p4_w10_seed71_noise0p05	margin_geom_gap	chr11	chr14	5597.1566	0	0	0	2567.40959	0	0	0	3029.74701	0	0	0	0	0	0	1
p9016_multiseed_chrpair_m0p5_p4_w10_seed71_noise0p05	margin_geom_gap	chr11	chr15	1628.49875	0	0	0	797.128112	0	0	0	831.370637	0	0	0	0	0	0	1
p9016_multiseed_chrpair_m0p5_p4_w10_seed71_noise0p05	margin_geom_gap	chr11	chr16	395.768564	0	0	0	191.217395	0	0	0	204.551169	0	0	0	0	0	0	1
p9016_multiseed_chrpair_m0p5_p4_w10_seed71_noise0p05	margin_geom_gap	chr11	chr17	591.514204	0	0	0	271.942622	0	0	0	319.571582	0	0	0	0	0	0	1
p9016_multiseed_chrpair_m0p5_p4_w10_seed71_noise0p05	margin_geom_gap	chr11	chr18	1011.78716	0	0	0	532.864418	0	0	0	478.922739	0	0	0	0	0	0	1
p9016_multiseed_chrpair_m0p5_p4_w10_seed71_noise0p05	margin_geom_gap	chr11	chr19	1316.39915	0	0	0	692.71324	0	0	0	623.685911	0	0	0	0	0	0	1
p9016_multiseed_chrpair_m0p5_p4_w10_seed71_noise0p05	margin_geom_gap	chr11	chrX	13845.7898	0	0	0	7234.57383	0	0	0	6611.21593	0	0	0	0	0	0	1
p9016_multiseed_chrpair_m0p5_p4_w10_seed71_noise0p05	margin_geom_gap	chr12	chr13	11071.9669	0	0	0.000151465578	5268.88014	0	0	0.000151465578	5803.08675	0	0	0	0	0	0	1
p9016_multiseed_chrpair_m0p5_p4_w10_seed71_noise0p05	margin_geom_gap	chr12	chr14	865.247181	0	0	0	448.618041	0	0	0	416.62914	0	0	0	0	0	0	1
p9016_multiseed_chrpair_m0p5_p4_w10_seed71_noise0p05	margin_geom_gap	chr12	chr15	5284.63898	0	0	0	2752.72369	0	0	0	2531.91529	0	0	0	0	0	0	1
p9016_multiseed_chrpair_m0p5_p4_w10_seed71_noise0p05	margin_geom_gap	chr12	chr16	1534.56816	0	0	0	818.260514	0	0	0	716.307648	0	0	0	0	0	0	1
p9016_multiseed_chrpair_m0p5_p4_w10_seed71_noise0p05	margin_geom_gap	chr12	chr17	2647.75059	0	0	0	1463.81955	0	0	0	1183.93104	0	0	0	0	0	0	1
p9016_multiseed_chrpair_m0p5_p4_w10_seed71_noise0p05	margin_geom_gap	chr12	chr18	2637.35505	0	0	0	1163.38285	0	0	0	1473.9722	0	0	0	0	0	0	1
p9016_multiseed_chrpair_m0p5_p4_w10_seed71_noise0p05	margin_geom_gap	chr12	chr19	3358.8019	0	0	0	1298.39654	0	0	0	2060.40535	0	0	0	0	0	0	1
p9016_multiseed_chrpair_m0p5_p4_w10_seed71_noise0p05	margin_geom_gap	chr12	chrX	1421.37444	0	0	0	754.870733	0	0	0	666.503706	0	0	0	0	0	0	1
p9016_multiseed_chrpair_m0p5_p4_w10_seed71_noise0p05	margin_geom_gap	chr13	chr14	3166.03963	0	0	0	1476.44443	0	0	0	1689.5952	0	0	0	0	0	0	1
p9016_multiseed_chrpair_m0p5_p4_w10_seed71_noise0p05	margin_geom_gap	chr13	chr15	726.678948	0	0	0	362.145533	0	0	0	364.533415	0	0	0	0	0	0	1
p9016_multiseed_chrpair_m0p5_p4_w10_seed71_noise0p05	margin_geom_gap	chr13	chr16	4307.87527	0	0	0	2154.2964	0	0	0	2153.57887	0	0	0	0	0	0	1
p9016_multiseed_chrpair_m0p5_p4_w10_seed71_noise0p05	margin_geom_gap	chr13	chr17	3792.05079	0	0	0	1971.55434	0	0	0	1820.49645	0	0	0	0	0	0	1
p9016_multiseed_chrpair_m0p5_p4_w10_seed71_noise0p05	margin_geom_gap	chr13	chr18	5974.11477	0	0	0	2852.18278	0	0	0	3121.93199	0	0	0	0	0	0	1
p9016_multiseed_chrpair_m0p5_p4_w10_seed71_noise0p05	margin_geom_gap	chr13	chr19	1716.79625	0	0	0.389739252	737.63726	0	0	0.119172368	979.158992	0	0	0.270566885	0	0	0	1
p9016_multiseed_chrpair_m0p5_p4_w10_seed71_noise0p05	margin_geom_gap	chr13	chrX	1962.07635	0	0	0	995.591697	0	0	0	966.484653	0	0	0	0	0	0	1
p9016_multiseed_chrpair_m0p5_p4_w10_seed71_noise0p05	margin_geom_gap	chr14	chr15	2919.2171	0	0	0	1435.95689	0	0	0	1483.2602	0	0	0	0	0	0	1
p9016_multiseed_chrpair_m0p5_p4_w10_seed71_noise0p05	margin_geom_gap	chr14	chr16	1475.08313	0	0	0	759.501602	0	0	0	715.581528	0	0	0	0	0	0	1
p9016_multiseed_chrpair_m0p5_p4_w10_seed71_noise0p05	margin_geom_gap	chr14	chr17	1937.49599	0	0	0	967.937026	0	0	0	969.558966	0	0	0	0	0	0	1
p9016_multiseed_chrpair_m0p5_p4_w10_seed71_noise0p05	margin_geom_gap	chr14	chr18	2718.72324	0	0	0	1260.14867	0	0	0	1458.57457	0	0	0	0	0	0	1
p9016_multiseed_chrpair_m0p5_p4_w10_seed71_noise0p05	margin_geom_gap	chr14	chr19	1593.11978	0	0	0	922.628126	0	0	0	670.491656	0	0	0	0	0	0	1
p9016_multiseed_chrpair_m0p5_p4_w10_seed71_noise0p05	margin_geom_gap	chr14	chrX	2074.73187	0	0	0	1061.71118	0	0	0	1013.02069	0	0	0	0	0	0	1
p9016_multiseed_chrpair_m0p5_p4_w10_seed71_noise0p05	margin_geom_gap	chr15	chr16	620.766239	0	0	0	335.883327	0	0	0	284.882912	0	0	0	0	0	0	1
p9016_multiseed_chrpair_m0p5_p4_w10_seed71_noise0p05	margin_geom_gap	chr15	chr17	3294.03923	0	0	0	1636.49617	0	0	0	1657.54307	0	0	0	0	0	0	1
p9016_multiseed_chrpair_m0p5_p4_w10_seed71_noise0p05	margin_geom_gap	chr15	chr18	9671.93574	0	0	0	4660.4335	0	0	0	5011.50224	0	0	0	0	0	0	1
p9016_multiseed_chrpair_m0p5_p4_w10_seed71_noise0p05	margin_geom_gap	chr15	chr19	2144.29906	0	0	0	1097.29037	0	0	0	1047.00869	0	0	0	0	0	0	1
p9016_multiseed_chrpair_m0p5_p4_w10_seed71_noise0p05	margin_geom_gap	chr15	chrX	531.202496	0	0	0	267.162138	0	0	0	264.040358	0	0	0	0	0	0	1
p9016_multiseed_chrpair_m0p5_p4_w10_seed71_noise0p05	margin_geom_gap	chr16	chr17	1164.1088	0	0	0	544.582339	0	0	0	619.526466	0	0	0	0	0	0	1
p9016_multiseed_chrpair_m0p5_p4_w10_seed71_noise0p05	margin_geom_gap	chr16	chr18	8115.65631	0	0	0	3736.97654	0	0	0	4378.67977	0	0	0	0	0	0	1
p9016_multiseed_chrpair_m0p5_p4_w10_seed71_noise0p05	margin_geom_gap	chr16	chr19	3653.2881	0	0	0	1684.85597	0	0	0	1968.43213	0	0	0	0	0	0	1
p9016_multiseed_chrpair_m0p5_p4_w10_seed71_noise0p05	margin_geom_gap	chr16	chrX	279.272605	0	0	0	138.107853	0	0	0	141.164752	0	0	0	0	0	0	1
p9016_multiseed_chrpair_m0p5_p4_w10_seed71_noise0p05	margin_geom_gap	chr17	chr18	406.777672	0	0	0	207.913706	0	0	0	198.863966	0	0	0	0	0	0	1
p9016_multiseed_chrpair_m0p5_p4_w10_seed71_noise0p05	margin_geom_gap	chr17	chr19	2254.40807	0	0	0	987.935098	0	0	0	1266.47297	0	0	0	0	0	0	1
p9016_multiseed_chrpair_m0p5_p4_w10_seed71_noise0p05	margin_geom_gap	chr17	chrX	2695.31303	0	0	0	1211.57762	0	0	0	1483.73541	0	0	0	0	0	0	1
p9016_multiseed_chrpair_m0p5_p4_w10_seed71_noise0p05	margin_geom_gap	chr18	chr19	1935.87567	0	0	0	888.463222	0	0	0	1047.41245	0	0	0	0	0	0	1
p9016_multiseed_chrpair_m0p5_p4_w10_seed71_noise0p05	margin_geom_gap	chr18	chrX	464.813475	0	0	0	243.39871	0	0	0	221.414764	0	0	0	0	0	0	1
p9016_multiseed_chrpair_m0p5_p4_w10_seed71_noise0p05	margin_geom_gap	chr19	chrX	1402.59646	0	0	0	668.993473	0	0	0	733.602986	0	0	0	0	0	0	1
p9016_multiseed_chrpair_m0p5_p4_w10_seed71_noise0p05	margin_geom_gap	chr2	chr10	2225.16804	0	0	0	1117.81689	0	0	0	1107.35115	0	0	0	0	0	0	1
p9016_multiseed_chrpair_m0p5_p4_w10_seed71_noise0p05	margin_geom_gap	chr2	chr11	2078.62306	0	0	0.0148135814	956.01318	0	0	0.0148135814	1122.60988	0	0	0	0	0	0	1
p9016_multiseed_chrpair_m0p5_p4_w10_seed71_noise0p05	margin_geom_gap	chr2	chr12	1739.87926	0	0	0	843.569074	0	0	0	896.310189	0	0	0	0	0	0	1
p9016_multiseed_chrpair_m0p5_p4_w10_seed71_noise0p05	margin_geom_gap	chr2	chr13	1877.47116	0	0	0	927.036026	0	0	0	950.435138	0	0	0	0	0	0	1
p9016_multiseed_chrpair_m0p5_p4_w10_seed71_noise0p05	margin_geom_gap	chr2	chr14	1093.8988	0	0	0	573.981712	0	0	0	519.917085	0	0	0	0	0	0	1
p9016_multiseed_chrpair_m0p5_p4_w10_seed71_noise0p05	margin_geom_gap	chr2	chr15	626.351476	0	0	0	276.734345	0	0	0	349.617131	0	0	0	0	0	0	1
p9016_multiseed_chrpair_m0p5_p4_w10_seed71_noise0p05	margin_geom_gap	chr2	chr16	6294.62071	0	0	0	3112.18005	0	0	0	3182.44066	0	0	0	0	0	0	1
p9016_multiseed_chrpair_m0p5_p4_w10_seed71_noise0p05	margin_geom_gap	chr2	chr17	3871.53179	0	0	0	1756.88804	0	0	0	2114.64375	0	0	0	0	0	0	1
p9016_multiseed_chrpair_m0p5_p4_w10_seed71_noise0p05	margin_geom_gap	chr2	chr18	1608.22304	0	0	0	829.047206	0	0	0	779.175836	0	0	0	0	0	0	1
p9016_multiseed_chrpair_m0p5_p4_w10_seed71_noise0p05	margin_geom_gap	chr2	chr19	1266.83229	0	0	0	667.055608	0	0	0	599.776679	0	0	0	0	0	0	1
p9016_multiseed_chrpair_m0p5_p4_w10_seed71_noise0p05	margin_geom_gap	chr2	chr3	13260.3372	0	0	0	6331.59821	0	0	0	6928.73897	0	0	0	0	0	0	1
p9016_multiseed_chrpair_m0p5_p4_w10_seed71_noise0p05	margin_geom_gap	chr2	chr4	12279.0259	0	0	0.0466074997	5933.05973	0	0	0.0454157973	6345.96617	0	0	0.00119170241	0	0	0	1
p9016_multiseed_chrpair_m0p5_p4_w10_seed71_noise0p05	margin_geom_gap	chr2	chr5	1469.93313	0	0	0	719.844994	0	0	0	750.088133	0	0	0	0	0	0	1
p9016_multiseed_chrpair_m0p5_p4_w10_seed71_noise0p05	margin_geom_gap	chr2	chr6	8300.77419	0	0	0	4282.27183	0	0	0	4018.50236	0	0	0	0	0	0	1
p9016_multiseed_chrpair_m0p5_p4_w10_seed71_noise0p05	margin_geom_gap	chr2	chr7	8404.79739	0	0	0	4138.5324	0	0	0	4266.26499	0	0	0	0	0	0	1
p9016_multiseed_chrpair_m0p5_p4_w10_seed71_noise0p05	margin_geom_gap	chr2	chr8	9217.21331	0	0	0	4350.04759	0	0	0	4867.16572	0	0	0	0	0	0	1
p9016_multiseed_chrpair_m0p5_p4_w10_seed71_noise0p05	margin_geom_gap	chr2	chr9	10462.106	0	0	0	5189.32665	0	0	0	5272.77934	0	0	0	0	0	0	1
p9016_multiseed_chrpair_m0p5_p4_w10_seed71_noise0p05	margin_geom_gap	chr2	chrX	5317.62101	0	0	0	2606.72619	0	0	0	2710.89482	0	0	0	0	0	0	1
p9016_multiseed_chrpair_m0p5_p4_w10_seed71_noise0p05	margin_geom_gap	chr3	chr10	1877.67432	0	0	0	907.111531	0	0	0	970.562785	0	0	0	0	0	0	1
p9016_multiseed_chrpair_m0p5_p4_w10_seed71_noise0p05	margin_geom_gap	chr3	chr11	1159.38081	0	0	0	582.892439	0	0	0	576.488372	0	0	0	0	0	0	1
p9016_multiseed_chrpair_m0p5_p4_w10_seed71_noise0p05	margin_geom_gap	chr3	chr12	5661.41448	0	0	0.0798576927	3286.37644	0	0	0.0355454285	2375.03803	0	0	0.0443122643	0	0	0	1
p9016_multiseed_chrpair_m0p5_p4_w10_seed71_noise0p05	margin_geom_gap	chr3	chr13	4825.75511	0	0	0	2345.37561	0	0	0	2480.37949	0	0	0	0	0	0	1
p9016_multiseed_chrpair_m0p5_p4_w10_seed71_noise0p05	margin_geom_gap	chr3	chr14	1915.17757	0	0	0	849.162405	0	0	0	1066.01516	0	0	0	0	0	0	1
p9016_multiseed_chrpair_m0p5_p4_w10_seed71_noise0p05	margin_geom_gap	chr3	chr15	991.865456	0	0	0	500.755115	0	0	0	491.11034	0	0	0	0	0	0	1
p9016_multiseed_chrpair_m0p5_p4_w10_seed71_noise0p05	margin_geom_gap	chr3	chr16	3979.3276	0	0	0	2086.91509	0	0	0	1892.41252	0	0	0	0	0	0	1
p9016_multiseed_chrpair_m0p5_p4_w10_seed71_noise0p05	margin_geom_gap	chr3	chr17	1621.91208	0	0	0	840.628734	0	0	0	781.283341	0	0	0	0	0	0	1
p9016_multiseed_chrpair_m0p5_p4_w10_seed71_noise0p05	margin_geom_gap	chr3	chr18	4877.4501	0	0	0	2533.62727	0	0	0	2343.82283	0	0	0	0	0	0	1
p9016_multiseed_chrpair_m0p5_p4_w10_seed71_noise0p05	margin_geom_gap	chr3	chr19	1547.82981	0	0	0	932.113401	0	0	0	615.716414	0	0	0	0	0	0	1
p9016_multiseed_chrpair_m0p5_p4_w10_seed71_noise0p05	margin_geom_gap	chr3	chr4	4074.52956	0	0	0	1961.01198	0	0	0	2113.51757	0	0	0	0	0	0	1
p9016_multiseed_chrpair_m0p5_p4_w10_seed71_noise0p05	margin_geom_gap	chr3	chr5	1108.25311	0	0	0	570.463653	0	0	0	537.789455	0	0	0	0	0	0	1
p9016_multiseed_chrpair_m0p5_p4_w10_seed71_noise0p05	margin_geom_gap	chr3	chr6	3051.67396	0	0	0	1478.82767	0	0	0	1572.84629	0	0	0	0	0	0	1
p9016_multiseed_chrpair_m0p5_p4_w10_seed71_noise0p05	margin_geom_gap	chr3	chr7	7905.38264	0	0	0	4140.57139	0	0	0	3764.81125	0	0	0	0	0	0	1
p9016_multiseed_chrpair_m0p5_p4_w10_seed71_noise0p05	margin_geom_gap	chr3	chr8	3265.43474	0	0	0	1414.90078	0	0	0	1850.53395	0	0	0	0	0	0	1
p9016_multiseed_chrpair_m0p5_p4_w10_seed71_noise0p05	margin_geom_gap	chr3	chr9	3357.28582	0	0	0	1676.94507	0	0	0	1680.34075	0	0	0	0	0	0	1
p9016_multiseed_chrpair_m0p5_p4_w10_seed71_noise0p05	margin_geom_gap	chr3	chrX	1163.85455	0	0	0	574.022183	0	0	0	589.83237	0	0	0	0	0	0	1
p9016_multiseed_chrpair_m0p5_p4_w10_seed71_noise0p05	margin_geom_gap	chr4	chr10	7472.61702	0	0	0	3552.40204	0	0	0	3920.21498	0	0	0	0	0	0	1
p9016_multiseed_chrpair_m0p5_p4_w10_seed71_noise0p05	margin_geom_gap	chr4	chr11	1898.23113	0	0	0	1017.56679	0	0	0	880.664335	0	0	0	0	0	0	1
p9016_multiseed_chrpair_m0p5_p4_w10_seed71_noise0p05	margin_geom_gap	chr4	chr12	2685.86496	0	0	0	1228.51395	0	0	0	1457.35101	0	0	0	0	0	0	1
p9016_multiseed_chrpair_m0p5_p4_w10_seed71_noise0p05	margin_geom_gap	chr4	chr13	1344.23612	0	0	0	667.843334	0	0	0	676.392781	0	0	0	0	0	0	1
p9016_multiseed_chrpair_m0p5_p4_w10_seed71_noise0p05	margin_geom_gap	chr4	chr14	2691.12138	0	0	0	1413.6139	0	0	0	1277.50748	0	0	0	0	0	0	1
p9016_multiseed_chrpair_m0p5_p4_w10_seed71_noise0p05	margin_geom_gap	chr4	chr15	1003.28888	0	0	0	509.843313	0	0	0	493.44557	0	0	0	0	0	0	1
p9016_multiseed_chrpair_m0p5_p4_w10_seed71_noise0p05	margin_geom_gap	chr4	chr16	3687.17218	0	0	0	1793.80397	0	0	0	1893.36821	0	0	0	0	0	0	1
p9016_multiseed_chrpair_m0p5_p4_w10_seed71_noise0p05	margin_geom_gap	chr4	chr17	958.952448	0	0	0	449.105035	0	0	0	509.847413	0	0	0	0	0	0	1
p9016_multiseed_chrpair_m0p5_p4_w10_seed71_noise0p05	margin_geom_gap	chr4	chr18	340.220049	0	0	0	179.376656	0	0	0	160.843393	0	0	0	0	0	0	1
p9016_multiseed_chrpair_m0p5_p4_w10_seed71_noise0p05	margin_geom_gap	chr4	chr19	1638.58588	0	0	0	865.116003	0	0	0	773.469875	0	0	0	0	0	0	1
p9016_multiseed_chrpair_m0p5_p4_w10_seed71_noise0p05	margin_geom_gap	chr4	chr5	12051.5531	0	0	0	5974.67656	0	0	0	6076.87655	0	0	0	0	0	0	1
p9016_multiseed_chrpair_m0p5_p4_w10_seed71_noise0p05	margin_geom_gap	chr4	chr6	1256.05418	0	0	0	618.244106	0	0	0	637.810079	0	0	0	0	0	0	1
p9016_multiseed_chrpair_m0p5_p4_w10_seed71_noise0p05	margin_geom_gap	chr4	chr7	16889.0568	0	0	0	8178.02128	0	0	0	8711.0355	0	0	0	0	0	0	1
p9016_multiseed_chrpair_m0p5_p4_w10_seed71_noise0p05	margin_geom_gap	chr4	chr8	935.612206	0	0	0	481.983803	0	0	0	453.628403	0	0	0	0	0	0	1
p9016_multiseed_chrpair_m0p5_p4_w10_seed71_noise0p05	margin_geom_gap	chr4	chr9	5624.80406	0	0	0	2742.27632	0	0	0	2882.52774	0	0	0	0	0	0	1
p9016_multiseed_chrpair_m0p5_p4_w10_seed71_noise0p05	margin_geom_gap	chr4	chrX	10688.2733	0	0	0	4890.17698	0	0	0	5798.09632	0	0	0	0	0	0	1
p9016_multiseed_chrpair_m0p5_p4_w10_seed71_noise0p05	margin_geom_gap	chr5	chr10	9344.4969	0	0	0	4566.04769	0	0	0	4778.44921	0	0	0	0	0	0	1
p9016_multiseed_chrpair_m0p5_p4_w10_seed71_noise0p05	margin_geom_gap	chr5	chr11	3929.04621	0	0	0	1965.73664	0	0	0	1963.30957	0	0	0	0	0	0	1
p9016_multiseed_chrpair_m0p5_p4_w10_seed71_noise0p05	margin_geom_gap	chr5	chr12	853.972428	0	0	0	417.781426	0	0	0	436.191002	0	0	0	0	0	0	1
p9016_multiseed_chrpair_m0p5_p4_w10_seed71_noise0p05	margin_geom_gap	chr5	chr13	3693.86565	0	0	0	1888.42403	0	0	0	1805.44162	0	0	0	0	0	0	1
p9016_multiseed_chrpair_m0p5_p4_w10_seed71_noise0p05	margin_geom_gap	chr5	chr14	3476.23767	0	0	0	1771.37303	0	0	0	1704.86464	0	0	0	0	0	0	1
p9016_multiseed_chrpair_m0p5_p4_w10_seed71_noise0p05	margin_geom_gap	chr5	chr15	920.361154	0	0	0	449.822796	0	0	0	470.538358	0	0	0	0	0	0	1
p9016_multiseed_chrpair_m0p5_p4_w10_seed71_noise0p05	margin_geom_gap	chr5	chr16	7234.61783	0	0	0	3669.77295	0	0	0	3564.84488	0	0	0	0	0	0	1
p9016_multiseed_chrpair_m0p5_p4_w10_seed71_noise0p05	margin_geom_gap	chr5	chr17	2499.63036	0	0	0	1253.91101	0	0	0	1245.71934	0	0	0	0	0	0	1
p9016_multiseed_chrpair_m0p5_p4_w10_seed71_noise0p05	margin_geom_gap	chr5	chr18	4342.02031	0	0	0	2209.22474	0	0	0	2132.79557	0	0	0	0	0	0	1
p9016_multiseed_chrpair_m0p5_p4_w10_seed71_noise0p05	margin_geom_gap	chr5	chr19	1573.03236	0	0	0	799.433189	0	0	0	773.599176	0	0	0	0	0	0	1
p9016_multiseed_chrpair_m0p5_p4_w10_seed71_noise0p05	margin_geom_gap	chr5	chr6	1022.901	0	0	0.00351617827	529.662347	0	0	0	493.238649	0	0	0.00351617827	0	0	0	1
p9016_multiseed_chrpair_m0p5_p4_w10_seed71_noise0p05	margin_geom_gap	chr5	chr7	1942.76357	0	0	0	936.202893	0	0	0	1006.56068	0	0	0	0	0	0	1
p9016_multiseed_chrpair_m0p5_p4_w10_seed71_noise0p05	margin_geom_gap	chr5	chr8	2963.25413	0	0	0	1413.45775	0	0	0	1549.79639	0	0	0	0	0	0	1
p9016_multiseed_chrpair_m0p5_p4_w10_seed71_noise0p05	margin_geom_gap	chr5	chr9	10358.2051	0	0	0	5613.16824	0	0	0	4745.0369	0	0	0	0	0	0	1
p9016_multiseed_chrpair_m0p5_p4_w10_seed71_noise0p05	margin_geom_gap	chr5	chrX	2430.30462	0	0	0	1283.92351	0	0	0	1146.38111	0	0	0	0	0	0	1
p9016_multiseed_chrpair_m0p5_p4_w10_seed71_noise0p05	margin_geom_gap	chr6	chr10	4640.45255	0	0	0	2418.01761	0	0	0	2222.43495	0	0	0	0	0	0	1
p9016_multiseed_chrpair_m0p5_p4_w10_seed71_noise0p05	margin_geom_gap	chr6	chr11	1897.24896	0	0	0	946.587009	0	0	0	950.661948	0	0	0	0	0	0	1
p9016_multiseed_chrpair_m0p5_p4_w10_seed71_noise0p05	margin_geom_gap	chr6	chr12	2908.35911	0	0	0	1444.06232	0	0	0	1464.2968	0	0	0	0	0	0	1
p9016_multiseed_chrpair_m0p5_p4_w10_seed71_noise0p05	margin_geom_gap	chr6	chr13	3300.84774	0	0	0	1571.89252	0	0	0	1728.95523	0	0	0	0	0	0	1
p9016_multiseed_chrpair_m0p5_p4_w10_seed71_noise0p05	margin_geom_gap	chr6	chr14	14015.4746	0	0	0	7168.36394	0	0	0	6847.11068	0	0	0	0	0	0	1
p9016_multiseed_chrpair_m0p5_p4_w10_seed71_noise0p05	margin_geom_gap	chr6	chr15	3092.62208	0	0	0	1547.47073	0	0	0	1545.15135	0	0	0	0	0	0	1
p9016_multiseed_chrpair_m0p5_p4_w10_seed71_noise0p05	margin_geom_gap	chr6	chr16	4318.9702	0	0	0	2012.12459	0	0	0	2306.84562	0	0	0	0	0	0	1
p9016_multiseed_chrpair_m0p5_p4_w10_seed71_noise0p05	margin_geom_gap	chr6	chr17	2968.2372	0	0	0	1490.24579	0	0	0	1477.9914	0	0	0	0	0	0	1
p9016_multiseed_chrpair_m0p5_p4_w10_seed71_noise0p05	margin_geom_gap	chr6	chr18	2030.46774	0	0	0.000139521153	1056.84592	0	0	0.000139521153	973.621822	0	0	0	0	0	0	1
p9016_multiseed_chrpair_m0p5_p4_w10_seed71_noise0p05	margin_geom_gap	chr6	chr19	2770.49053	0	0	0	1657.27302	0	0	0	1113.21751	0	0	0	0	0	0	1
p9016_multiseed_chrpair_m0p5_p4_w10_seed71_noise0p05	margin_geom_gap	chr6	chr7	2357.96025	0	0	0	1141.93644	0	0	0	1216.02381	0	0	0	0	0	0	1
p9016_multiseed_chrpair_m0p5_p4_w10_seed71_noise0p05	margin_geom_gap	chr6	chr8	2579.00512	0	0	0	1349.09586	0	0	0	1229.90926	0	0	0	0	0	0	1
p9016_multiseed_chrpair_m0p5_p4_w10_seed71_noise0p05	margin_geom_gap	chr6	chr9	3183.94592	0	0	0	1613.70555	0	0	0	1570.24038	0	0	0	0	0	0	1
p9016_multiseed_chrpair_m0p5_p4_w10_seed71_noise0p05	margin_geom_gap	chr6	chrX	4772.63523	0	0	0	2367.07872	0	0	0	2405.55651	0	0	0	0	0	0	1
p9016_multiseed_chrpair_m0p5_p4_w10_seed71_noise0p05	margin_geom_gap	chr7	chr10	2795.30358	0	0	0	1404.21823	0	0	0	1391.08534	0	0	0	0	0	0	1
p9016_multiseed_chrpair_m0p5_p4_w10_seed71_noise0p05	margin_geom_gap	chr7	chr11	3558.21578	0	0	0	1785.82196	0	0	0	1772.39382	0	0	0	0	0	0	1
p9016_multiseed_chrpair_m0p5_p4_w10_seed71_noise0p05	margin_geom_gap	chr7	chr12	5647.19493	0	0	0	2878.40229	0	0	0	2768.79265	0	0	0	0	0	0	1
p9016_multiseed_chrpair_m0p5_p4_w10_seed71_noise0p05	margin_geom_gap	chr7	chr13	1175.51075	0	0	0	631.356796	0	0	0	544.153958	0	0	0	0	0	0	1
p9016_multiseed_chrpair_m0p5_p4_w10_seed71_noise0p05	margin_geom_gap	chr7	chr14	3377.84018	0	0	0	1523.88771	0	0	0	1853.95247	0	0	0	0	0	0	1
p9016_multiseed_chrpair_m0p5_p4_w10_seed71_noise0p05	margin_geom_gap	chr7	chr15	3373.25077	0	0	0	1652.97608	0	0	0	1720.27469	0	0	0	0	0	0	1
p9016_multiseed_chrpair_m0p5_p4_w10_seed71_noise0p05	margin_geom_gap	chr7	chr16	3830.74559	0	0	0	1952.63894	0	0	0	1878.10665	0	0	0	0	0	0	1
p9016_multiseed_chrpair_m0p5_p4_w10_seed71_noise0p05	margin_geom_gap	chr7	chr17	633.377423	0	0	0	334.877585	0	0	0	298.499838	0	0	0	0	0	0	1
p9016_multiseed_chrpair_m0p5_p4_w10_seed71_noise0p05	margin_geom_gap	chr7	chr18	8364.98968	0	0	0	3943.92092	0	0	0	4421.06875	0	0	0	0	0	0	1
p9016_multiseed_chrpair_m0p5_p4_w10_seed71_noise0p05	margin_geom_gap	chr7	chr19	1137.29391	0	0	0	590.053039	0	0	0	547.240868	0	0	0	0	0	0	1
p9016_multiseed_chrpair_m0p5_p4_w10_seed71_noise0p05	margin_geom_gap	chr7	chr8	3744.26218	0	0	0	1906.66682	0	0	0	1837.59536	0	0	0	0	0	0	1
p9016_multiseed_chrpair_m0p5_p4_w10_seed71_noise0p05	margin_geom_gap	chr7	chr9	2404.04151	0	0	0	1249.91462	0	0	0	1154.12688	0	0	0	0	0	0	1
p9016_multiseed_chrpair_m0p5_p4_w10_seed71_noise0p05	margin_geom_gap	chr7	chrX	2482.21557	0	0	0	1233.9405	0	0	0	1248.27508	0	0	0	0	0	0	1
p9016_multiseed_chrpair_m0p5_p4_w10_seed71_noise0p05	margin_geom_gap	chr8	chr10	3169.21888	0	0	0	1563.29239	0	0	0	1605.92649	0	0	0	0	0	0	1
p9016_multiseed_chrpair_m0p5_p4_w10_seed71_noise0p05	margin_geom_gap	chr8	chr11	13788.087	0	0	0.56013046	7359.3512	0	0	0.289600405	6428.73581	0	0	0.270530056	0	0	0	1
p9016_multiseed_chrpair_m0p5_p4_w10_seed71_noise0p05	margin_geom_gap	chr8	chr12	885.08239	0	0	0	450.21822	0	0	0	434.86417	0	0	0	0	0	0	1
p9016_multiseed_chrpair_m0p5_p4_w10_seed71_noise0p05	margin_geom_gap	chr8	chr13	2006.50777	0	0	0	971.340067	0	0	0	1035.16771	0	0	0	0	0	0	1
p9016_multiseed_chrpair_m0p5_p4_w10_seed71_noise0p05	margin_geom_gap	chr8	chr14	10394.2532	0	0	0	4944.33757	0	0	0	5449.91559	0	0	0	0	0	0	1
p9016_multiseed_chrpair_m0p5_p4_w10_seed71_noise0p05	margin_geom_gap	chr8	chr15	3646.08715	0	0	0.111739677	1992.7322	0	0	0.0721738722	1653.35495	0	0	0.0395658045	0	0	0	1
p9016_multiseed_chrpair_m0p5_p4_w10_seed71_noise0p05	margin_geom_gap	chr8	chr16	1323.76769	0	0	0	670.415529	0	0	0	653.352164	0	0	0	0	0	0	1
p9016_multiseed_chrpair_m0p5_p4_w10_seed71_noise0p05	margin_geom_gap	chr8	chr17	717.986822	0	0	0	367.383646	0	0	0	350.603176	0	0	0	0	0	0	1
p9016_multiseed_chrpair_m0p5_p4_w10_seed71_noise0p05	margin_geom_gap	chr8	chr18	1065.43733	0	0	0	523.25566	0	0	0	542.181667	0	0	0	0	0	0	1
p9016_multiseed_chrpair_m0p5_p4_w10_seed71_noise0p05	margin_geom_gap	chr8	chr19	1579.98441	0	0	0	785.711497	0	0	0	794.272916	0	0	0	0	0	0	1
p9016_multiseed_chrpair_m0p5_p4_w10_seed71_noise0p05	margin_geom_gap	chr8	chr9	1018.45386	0	0	0	497.475	0	0	0	520.978862	0	0	0	0	0	0	1
p9016_multiseed_chrpair_m0p5_p4_w10_seed71_noise0p05	margin_geom_gap	chr8	chrX	2602.48986	0	0	0	1310.70485	0	0	0	1291.78501	0	0	0	0	0	0	1
p9016_multiseed_chrpair_m0p5_p4_w10_seed71_noise0p05	margin_geom_gap	chr9	chr10	1553.44248	0	0	0	807.025278	0	0	0	746.417207	0	0	0	0	0	0	1
p9016_multiseed_chrpair_m0p5_p4_w10_seed71_noise0p05	margin_geom_gap	chr9	chr11	1857.29597	0	0	0	916.397444	0	0	0	940.898526	0	0	0	0	0	0	1
p9016_multiseed_chrpair_m0p5_p4_w10_seed71_noise0p05	margin_geom_gap	chr9	chr12	2372.1785	0	0	0	1118.48939	0	0	0	1253.68911	0	0	0	0	0	0	1
p9016_multiseed_chrpair_m0p5_p4_w10_seed71_noise0p05	margin_geom_gap	chr9	chr13	1910.61201	0	0	0	920.157669	0	0	0	990.45434	0	0	0	0	0	0	1
p9016_multiseed_chrpair_m0p5_p4_w10_seed71_noise0p05	margin_geom_gap	chr9	chr14	1238.46311	0	0	0	605.896457	0	0	0	632.56665	0	0	0	0	0	0	1
p9016_multiseed_chrpair_m0p5_p4_w10_seed71_noise0p05	margin_geom_gap	chr9	chr15	868.806562	0	0	0	442.377978	0	0	0	426.428584	0	0	0	0	0	0	1
p9016_multiseed_chrpair_m0p5_p4_w10_seed71_noise0p05	margin_geom_gap	chr9	chr16	6519.1722	0	0	0	3257.88915	0	0	0	3261.28305	0	0	0	0	0	0	1
p9016_multiseed_chrpair_m0p5_p4_w10_seed71_noise0p05	margin_geom_gap	chr9	chr17	9189.27723	0	0	0	4694.13499	0	0	0	4495.14223	0	0	0	0	0	0	1
p9016_multiseed_chrpair_m0p5_p4_w10_seed71_noise0p05	margin_geom_gap	chr9	chr18	817.270655	0	0	0	398.849157	0	0	0	418.421498	0	0	0	0	0	0	1
p9016_multiseed_chrpair_m0p5_p4_w10_seed71_noise0p05	margin_geom_gap	chr9	chr19	569.583105	0	0	0	283.648477	0	0	0	285.934628	0	0	0	0	0	0	1
p9016_multiseed_chrpair_m0p5_p4_w10_seed71_noise0p05	margin_geom_gap	chr9	chrX	1786.05129	0	0	0	1044.54219	0	0	0	741.509097	0	0	0	0	0	0	1
p9016_multiseed_chrpair_m0p5_p4_w10_seed71_noise0p05	pmax_geom_gap	chr1	chr10	1795.84703	0	0	0	919.829086	0	0	0	876.01794	0	0	0	0	0	0	1
p9016_multiseed_chrpair_m0p5_p4_w10_seed71_noise0p05	pmax_geom_gap	chr1	chr11	13446.4593	0	0	0	6498.78916	0	0	0	6947.67016	0	0	0	0	0	0	1
p9016_multiseed_chrpair_m0p5_p4_w10_seed71_noise0p05	pmax_geom_gap	chr1	chr12	7112.32842	0	0	0	3664.08642	0	0	0	3448.24201	0	0	0	0	0	0	1
p9016_multiseed_chrpair_m0p5_p4_w10_seed71_noise0p05	pmax_geom_gap	chr1	chr13	2851.08668	0	0	0	1377.47535	0	0	0	1473.61133	0	0	0	0	0	0	1
p9016_multiseed_chrpair_m0p5_p4_w10_seed71_noise0p05	pmax_geom_gap	chr1	chr14	1453.69119	0	0	0	743.861336	0	0	0	709.829858	0	0	0	0	0	0	1
p9016_multiseed_chrpair_m0p5_p4_w10_seed71_noise0p05	pmax_geom_gap	chr1	chr15	3292.13029	0	0	0	1613.14983	0	0	0	1678.98046	0	0	0	0	0	0	1
p9016_multiseed_chrpair_m0p5_p4_w10_seed71_noise0p05	pmax_geom_gap	chr1	chr16	2894.31643	0	0	0	1467.50835	0	0	0	1426.80807	0	0	0	0	0	0	1
p9016_multiseed_chrpair_m0p5_p4_w10_seed71_noise0p05	pmax_geom_gap	chr1	chr17	8498.71095	0	0	0	4040.55627	0	0	0	4458.15468	0	0	0	0	0	0	1
p9016_multiseed_chrpair_m0p5_p4_w10_seed71_noise0p05	pmax_geom_gap	chr1	chr18	5592.49752	0	0	0	2622.84243	0	0	0	2969.65509	0	0	0	0	0	0	1
p9016_multiseed_chrpair_m0p5_p4_w10_seed71_noise0p05	pmax_geom_gap	chr1	chr19	1134.20867	0	0	0	579.268167	0	0	0	554.9405	0	0	0	0	0	0	1
p9016_multiseed_chrpair_m0p5_p4_w10_seed71_noise0p05	pmax_geom_gap	chr1	chr2	6143.50894	0	0	0	2799.43925	0	0	0	3344.06969	0	0	0	0	0	0	1
p9016_multiseed_chrpair_m0p5_p4_w10_seed71_noise0p05	pmax_geom_gap	chr1	chr3	3263.21703	0	0	0.115242496	1656.3807	0	0	0.115242496	1606.83634	0	0	0	0	0	0	1
p9016_multiseed_chrpair_m0p5_p4_w10_seed71_noise0p05	pmax_geom_gap	chr1	chr4	3853.40779	0	0	0	1912.38597	0	0	0	1941.02182	0	0	0	0	0	0	1
p9016_multiseed_chrpair_m0p5_p4_w10_seed71_noise0p05	pmax_geom_gap	chr1	chr5	2722.68312	0	0	0	1350.06153	0	0	0	1372.62158	0	0	0	0	0	0	1
p9016_multiseed_chrpair_m0p5_p4_w10_seed71_noise0p05	pmax_geom_gap	chr1	chr6	19295.2887	0	0	0	9242.43371	0	0	0	10052.855	0	0	0	0	0	0	1
p9016_multiseed_chrpair_m0p5_p4_w10_seed71_noise0p05	pmax_geom_gap	chr1	chr7	4337.57713	0	0	0	2194.21668	0	0	0	2143.36044	0	0	0	0	0	0	1
p9016_multiseed_chrpair_m0p5_p4_w10_seed71_noise0p05	pmax_geom_gap	chr1	chr8	8861.58819	0	0	0	4753.07393	0	0	0	4108.51425	0	0	0	0	0	0	1
p9016_multiseed_chrpair_m0p5_p4_w10_seed71_noise0p05	pmax_geom_gap	chr1	chr9	5074.40273	0.163517672	0	0	2447.13516	0.163517672	0	0	2627.26757	0	0	0	0	0	0	1
p9016_multiseed_chrpair_m0p5_p4_w10_seed71_noise0p05	pmax_geom_gap	chr1	chrX	21828.7121	0	0	0	10967.2985	0	0	0	10861.4136	0	0	0	0	0	0	1
p9016_multiseed_chrpair_m0p5_p4_w10_seed71_noise0p05	pmax_geom_gap	chr10	chr11	1699.61168	0	0	0	845.344944	0	0	0	854.266736	0	0	0	0	0	0	1
p9016_multiseed_chrpair_m0p5_p4_w10_seed71_noise0p05	pmax_geom_gap	chr10	chr12	6984.69163	0	0	0	3922.30113	0	0	0	3062.3905	0	0	0	0	0	0	1
p9016_multiseed_chrpair_m0p5_p4_w10_seed71_noise0p05	pmax_geom_gap	chr10	chr13	3083.37941	0	0	0.188140646	1597.87586	0	0	0.0308882065	1485.50355	0	0	0.157252439	0	0	0	1
p9016_multiseed_chrpair_m0p5_p4_w10_seed71_noise0p05	pmax_geom_gap	chr10	chr14	4952.08399	0	0	0	2463.50909	0	0	0	2488.57489	0	0	0	0	0	0	1
p9016_multiseed_chrpair_m0p5_p4_w10_seed71_noise0p05	pmax_geom_gap	chr10	chr15	6357.1983	0	0	0	3079.99864	0	0	0	3277.19966	0	0	0	0	0	0	1
p9016_multiseed_chrpair_m0p5_p4_w10_seed71_noise0p05	pmax_geom_gap	chr10	chr16	5905.81534	0	0	1.95554102	3007.51384	0	0	1.68969486	2898.3015	0	0	0.265846156	0	0	0	1
p9016_multiseed_chrpair_m0p5_p4_w10_seed71_noise0p05	pmax_geom_gap	chr10	chr17	5422.56675	0	0	0	2834.48134	0	0	0	2588.08541	0	0	0	0	0	0	1
p9016_multiseed_chrpair_m0p5_p4_w10_seed71_noise0p05	pmax_geom_gap	chr10	chr18	1266.60244	0	0	0	667.510448	0	0	0	599.09199	0	0	0	0	0	0	1
p9016_multiseed_chrpair_m0p5_p4_w10_seed71_noise0p05	pmax_geom_gap	chr10	chr19	1286.22711	0	0	0	658.518521	0	0	0	627.708594	0	0	0	0	0	0	1
p9016_multiseed_chrpair_m0p5_p4_w10_seed71_noise0p05	pmax_geom_gap	chr10	chrX	1653.80995	0	0	0	886.973765	0	0	0	766.836183	0	0	0	0	0	0	1
p9016_multiseed_chrpair_m0p5_p4_w10_seed71_noise0p05	pmax_geom_gap	chr11	chr12	2196.42973	0	0	0	1096.07967	0	0	0	1100.35006	0	0	0	0	0	0	1
p9016_multiseed_chrpair_m0p5_p4_w10_seed71_noise0p05	pmax_geom_gap	chr11	chr13	5226.52261	0	0	0.10430651	2665.60463	0	0	0.10430651	2560.91798	0	0	0	0	0	0	1
p9016_multiseed_chrpair_m0p5_p4_w10_seed71_noise0p05	pmax_geom_gap	chr11	chr14	6038.44567	0	0	0	2794.40013	0	0	0	3244.04554	0	0	0	0	0	0	1
p9016_multiseed_chrpair_m0p5_p4_w10_seed71_noise0p05	pmax_geom_gap	chr11	chr15	1938.7304	0	0	0	949.42235	0	0	0	989.308052	0	0	0	0	0	0	1
p9016_multiseed_chrpair_m0p5_p4_w10_seed71_noise0p05	pmax_geom_gap	chr11	chr16	586.610439	0	0	0	284.073508	0	0	0	302.536931	0	0	0	0	0	0	1
p9016_multiseed_chrpair_m0p5_p4_w10_seed71_noise0p05	pmax_geom_gap	chr11	chr17	822.805722	0	0	0	384.792476	0	0	0	438.013246	0	0	0	0	0	0	1
p9016_multiseed_chrpair_m0p5_p4_w10_seed71_noise0p05	pmax_geom_gap	chr11	chr18	1263.266	0	0	0	664.915714	0	0	0	598.350285	0	0	0	0	0	0	1
p9016_multiseed_chrpair_m0p5_p4_w10_seed71_noise0p05	pmax_geom_gap	chr11	chr19	1634.2768	0	0	2.24903323	858.766686	0	0	1.15410759	775.510109	0	0	1.09492564	0	0	0	1
p9016_multiseed_chrpair_m0p5_p4_w10_seed71_noise0p05	pmax_geom_gap	chr11	chrX	14160.609	0	0	0	7394.18256	0	0	0	6766.42641	0	0	0	0	0	0	1
p9016_multiseed_chrpair_m0p5_p4_w10_seed71_noise0p05	pmax_geom_gap	chr12	chr13	11801.9543	0.408580302	0	0.470183588	5630.85079	0.142979138	0	0.470183588	6171.10351	0.265601164	0	0	0	0	0	1
p9016_multiseed_chrpair_m0p5_p4_w10_seed71_noise0p05	pmax_geom_gap	chr12	chr14	1084.34142	0	0	0	558.034079	0	0	0	526.307345	0	0	0	0	0	0	1
p9016_multiseed_chrpair_m0p5_p4_w10_seed71_noise0p05	pmax_geom_gap	chr12	chr15	5680.1058	0	0	0	2955.38338	0	0	0	2724.72243	0	0	0	0	0	0	1
p9016_multiseed_chrpair_m0p5_p4_w10_seed71_noise0p05	pmax_geom_gap	chr12	chr16	1735.95071	0	0	0	921.970741	0	0	0	813.979965	0	0	0	0	0	0	1
p9016_multiseed_chrpair_m0p5_p4_w10_seed71_noise0p05	pmax_geom_gap	chr12	chr17	2977.26639	0	0	0	1633.03506	0	0	0	1344.23134	0	0	0	0	0	0	1
p9016_multiseed_chrpair_m0p5_p4_w10_seed71_noise0p05	pmax_geom_gap	chr12	chr18	2866.97306	0	0	0	1274.65777	0	0	0	1592.31529	0	0	0	0	0	0	1
p9016_multiseed_chrpair_m0p5_p4_w10_seed71_noise0p05	pmax_geom_gap	chr12	chr19	3584.13497	0	0	0	1412.25112	0	0	0	2171.88385	0	0	0	0	0	0	1
p9016_multiseed_chrpair_m0p5_p4_w10_seed71_noise0p05	pmax_geom_gap	chr12	chrX	1693.4412	0	0	0	895.17885	0	0	0	798.26235	0	0	0	0	0	0	1
p9016_multiseed_chrpair_m0p5_p4_w10_seed71_noise0p05	pmax_geom_gap	chr13	chr14	3477.10303	0	0	0	1631.98016	0	0	0	1845.12288	0	0	0	0	0	0	1
p9016_multiseed_chrpair_m0p5_p4_w10_seed71_noise0p05	pmax_geom_gap	chr13	chr15	992.374362	0	0	0	491.990887	0	0	0	500.383475	0	0	0	0	0	0	1
p9016_multiseed_chrpair_m0p5_p4_w10_seed71_noise0p05	pmax_geom_gap	chr13	chr16	4614.80173	0	0	0.0293746735	2316.72493	0	0	0	2298.0768	0	0	0.0293746735	0	0	0	1
p9016_multiseed_chrpair_m0p5_p4_w10_seed71_noise0p05	pmax_geom_gap	chr13	chr17	4246.30863	0	0	0.214468827	2204.29176	0	0	0.00946638155	2042.01687	0	0	0.205002445	0	0	0	1
p9016_multiseed_chrpair_m0p5_p4_w10_seed71_noise0p05	pmax_geom_gap	chr13	chr18	6282.5904	0	0	0	3004.91522	0	0	0	3277.67517	0	0	0	0	0	0	1
p9016_multiseed_chrpair_m0p5_p4_w10_seed71_noise0p05	pmax_geom_gap	chr13	chr19	2097.58892	0	0	44.9279401	917.074386	0	0	19.4193717	1180.51453	0	0	25.5085684	0	0	0	1
p9016_multiseed_chrpair_m0p5_p4_w10_seed71_noise0p05	pmax_geom_gap	chr13	chrX	2282.38777	0	0	0	1154.21808	0	0	0	1128.16968	0	0	0	0	0	0	1
p9016_multiseed_chrpair_m0p5_p4_w10_seed71_noise0p05	pmax_geom_gap	chr14	chr15	3065.59874	0	0	0	1508.83397	0	0	0	1556.76477	0	0	0	0	0	0	1
p9016_multiseed_chrpair_m0p5_p4_w10_seed71_noise0p05	pmax_geom_gap	chr14	chr16	1690.69233	0	0	0	867.647665	0	0	0	823.044661	0	0	0	0	0	0	1
p9016_multiseed_chrpair_m0p5_p4_w10_seed71_noise0p05	pmax_geom_gap	chr14	chr17	2101.00648	0	0	0	1051.42209	0	0	0	1049.58439	0	0	0	0	0	0	1
p9016_multiseed_chrpair_m0p5_p4_w10_seed71_noise0p05	pmax_geom_gap	chr14	chr18	2986.63543	0	0	0	1391.67792	0	0	0	1594.95751	0	0	0	0	0	0	1
p9016_multiseed_chrpair_m0p5_p4_w10_seed71_noise0p05	pmax_geom_gap	chr14	chr19	1860.96521	0	0	0	1057.73817	0	0	0	803.227045	0	0	0	0	0	0	1
p9016_multiseed_chrpair_m0p5_p4_w10_seed71_noise0p05	pmax_geom_gap	chr14	chrX	2334.91453	0	0	0	1193.90972	0	0	0	1141.0048	0	0	0	0	0	0	1
p9016_multiseed_chrpair_m0p5_p4_w10_seed71_noise0p05	pmax_geom_gap	chr15	chr16	806.359224	0	0	0	434.34925	0	0	0	372.009974	0	0	0	0	0	0	1
p9016_multiseed_chrpair_m0p5_p4_w10_seed71_noise0p05	pmax_geom_gap	chr15	chr17	3713.28227	0	0.0297916571	0.74837835	1842.00841	0	0.0297916571	0.442236241	1871.27386	0	0	0.306142109	0	0	0	1
p9016_multiseed_chrpair_m0p5_p4_w10_seed71_noise0p05	pmax_geom_gap	chr15	chr18	9803.63366	0	0	0	4725.38568	0	0	0	5078.24798	0	0	0	0	0	0	1
p9016_multiseed_chrpair_m0p5_p4_w10_seed71_noise0p05	pmax_geom_gap	chr15	chr19	2309.83966	0	0	0	1177.64253	0	0	0	1132.19713	0	0	0	0	0	0	1
p9016_multiseed_chrpair_m0p5_p4_w10_seed71_noise0p05	pmax_geom_gap	chr15	chrX	751.350728	0	0	0	381.0133	0	0	0	370.337429	0	0	0	0	0	0	1
p9016_multiseed_chrpair_m0p5_p4_w10_seed71_noise0p05	pmax_geom_gap	chr16	chr17	1325.10789	0	0	0	628.553997	0	0	0	696.553894	0	0	0	0	0	0	1
p9016_multiseed_chrpair_m0p5_p4_w10_seed71_noise0p05	pmax_geom_gap	chr16	chr18	8416.70278	0	0	0	3881.1623	0	0	0	4535.54048	0	0	0	0	0	0	1
p9016_multiseed_chrpair_m0p5_p4_w10_seed71_noise0p05	pmax_geom_gap	chr16	chr19	3845.8796	0	0	0	1781.8908	0	0	0	2063.9888	0	0	0	0	0	0	1
p9016_multiseed_chrpair_m0p5_p4_w10_seed71_noise0p05	pmax_geom_gap	chr16	chrX	446.94782	0	0	0	222.407704	0	0	0	224.540116	0	0	0	0	0	0	1
p9016_multiseed_chrpair_m0p5_p4_w10_seed71_noise0p05	pmax_geom_gap	chr17	chr18	550.297457	0	0	0	281.987696	0	0	0	268.309761	0	0	0	0	0	0	1
p9016_multiseed_chrpair_m0p5_p4_w10_seed71_noise0p05	pmax_geom_gap	chr17	chr19	2463.28358	0	0	0	1093.68756	0	0	0	1369.59602	0	0	0	0	0	0	1
p9016_multiseed_chrpair_m0p5_p4_w10_seed71_noise0p05	pmax_geom_gap	chr17	chrX	3085.12888	0	0	0.287502253	1405.40407	0	0	0.178024627	1679.72481	0	0	0.109477626	0	0	0	1
p9016_multiseed_chrpair_m0p5_p4_w10_seed71_noise0p05	pmax_geom_gap	chr18	chr19	2108.09647	0	0	0	974.066846	0	0	0	1134.02963	0	0	0	0	0	0	1
p9016_multiseed_chrpair_m0p5_p4_w10_seed71_noise0p05	pmax_geom_gap	chr18	chrX	648.523876	0	0	0	334.261556	0	0	0	314.26232	0	0	0	0	0	0	1
p9016_multiseed_chrpair_m0p5_p4_w10_seed71_noise0p05	pmax_geom_gap	chr19	chrX	1534.66107	0	0	0	733.721464	0	0	0	800.939603	0	0	0	0	0	0	1
p9016_multiseed_chrpair_m0p5_p4_w10_seed71_noise0p05	pmax_geom_gap	chr2	chr10	2608.19158	0	0	0	1311.49658	0	0	0	1296.69499	0	0	0	0	0	0	1
p9016_multiseed_chrpair_m0p5_p4_w10_seed71_noise0p05	pmax_geom_gap	chr2	chr11	2644.69529	0	0	0.886848073	1238.66747	0	0	0.846435381	1406.02782	0	0	0.0404126917	0	0	0	1
p9016_multiseed_chrpair_m0p5_p4_w10_seed71_noise0p05	pmax_geom_gap	chr2	chr12	2167.18572	0	0	0	1053.44257	0	0	0	1113.74315	0	0	0	0	0	0	1
p9016_multiseed_chrpair_m0p5_p4_w10_seed71_noise0p05	pmax_geom_gap	chr2	chr13	2340.20431	0	0	0	1161.87435	0	0	0	1178.32996	0	0	0	0	0	0	1
p9016_multiseed_chrpair_m0p5_p4_w10_seed71_noise0p05	pmax_geom_gap	chr2	chr14	1485.58226	0	0	0	768.856574	0	0	0	716.725682	0	0	0	0	0	0	1
p9016_multiseed_chrpair_m0p5_p4_w10_seed71_noise0p05	pmax_geom_gap	chr2	chr15	876.624039	0	0	0	394.843495	0	0	0	481.780545	0	0	0	0	0	0	1
p9016_multiseed_chrpair_m0p5_p4_w10_seed71_noise0p05	pmax_geom_gap	chr2	chr16	6942.4518	0	0	0.803785758	3429.83669	0	0	0.331577707	3512.6151	0	0	0.472208051	0	0	0	1
p9016_multiseed_chrpair_m0p5_p4_w10_seed71_noise0p05	pmax_geom_gap	chr2	chr17	4261.70801	0	0	0	1949.61401	0	0	0	2312.094	0	0	0	0	0	0	1
p9016_multiseed_chrpair_m0p5_p4_w10_seed71_noise0p05	pmax_geom_gap	chr2	chr18	1938.87299	0	0	0	988.241835	0	0	0	950.63115	0	0	0	0	0	0	1
p9016_multiseed_chrpair_m0p5_p4_w10_seed71_noise0p05	pmax_geom_gap	chr2	chr19	1556.51546	0	0	0.0316862695	812.197929	0	0	0.0316862695	744.317528	0	0	0	0	0	0	1
p9016_multiseed_chrpair_m0p5_p4_w10_seed71_noise0p05	pmax_geom_gap	chr2	chr3	13803.6737	0	0	0	6601.84671	0	0	0	7201.82699	0	0	0	0	0	0	1
p9016_multiseed_chrpair_m0p5_p4_w10_seed71_noise0p05	pmax_geom_gap	chr2	chr4	12829.3747	0	0	4.32221629	6199.12237	0	0	2.13089743	6630.25228	0	0	2.19131886	0	0	0	1
p9016_multiseed_chrpair_m0p5_p4_w10_seed71_noise0p05	pmax_geom_gap	chr2	chr5	2042.73563	0	0	0.0517554332	1007.34753	0	0	0.0517554332	1035.3881	0	0	0	0	0	0	1
p9016_multiseed_chrpair_m0p5_p4_w10_seed71_noise0p05	pmax_geom_gap	chr2	chr6	9042.47616	0.110189886	0	0	4645.09838	0.110189886	0	0	4397.37779	0	0	0	0	0	0	1
p9016_multiseed_chrpair_m0p5_p4_w10_seed71_noise0p05	pmax_geom_gap	chr2	chr7	8837.8158	0	0	0	4351.19968	0	0	0	4486.61612	0	0	0	0	0	0	1
p9016_multiseed_chrpair_m0p5_p4_w10_seed71_noise0p05	pmax_geom_gap	chr2	chr8	9830.40051	0	0	0	4658.86343	0	0	0	5171.53708	0	0	0	0	0	0	1
p9016_multiseed_chrpair_m0p5_p4_w10_seed71_noise0p05	pmax_geom_gap	chr2	chr9	11384.5517	0.659664935	0	1.50470754	5650.58412	0.390984182	0	0.751923879	5733.96753	0.268680753	0	0.752783664	0	0	0	1
p9016_multiseed_chrpair_m0p5_p4_w10_seed71_noise0p05	pmax_geom_gap	chr2	chrX	5946.93423	0	0	0	2918.27795	0	0	0	3028.65628	0	0	0	0	0	0	1
p9016_multiseed_chrpair_m0p5_p4_w10_seed71_noise0p05	pmax_geom_gap	chr3	chr10	2267.13931	0	0	0	1096.12312	0	0	0	1171.01618	0	0	0	0	0	0	1
p9016_multiseed_chrpair_m0p5_p4_w10_seed71_noise0p05	pmax_geom_gap	chr3	chr11	1513.49918	0	0	0	759.897132	0	0	0	753.602053	0	0	0	0	0	0	1
p9016_multiseed_chrpair_m0p5_p4_w10_seed71_noise0p05	pmax_geom_gap	chr3	chr12	6431.96011	0	0	8.95017609	3668.94921	0	0	4.41896727	2763.0109	0	0	4.53120882	0	0	0	1
p9016_multiseed_chrpair_m0p5_p4_w10_seed71_noise0p05	pmax_geom_gap	chr3	chr13	5487.67589	0	0	0	2680.19821	0	0	0	2807.47767	0	0	0	0	0	0	1
p9016_multiseed_chrpair_m0p5_p4_w10_seed71_noise0p05	pmax_geom_gap	chr3	chr14	2272.9154	0	0	0	1024.08114	0	0	0	1248.83426	0	0	0	0	0	0	1
p9016_multiseed_chrpair_m0p5_p4_w10_seed71_noise0p05	pmax_geom_gap	chr3	chr15	1333.21332	0	0	0.00501412484	675.02855	0	0	0	658.184767	0	0	0.00501412484	0	0	0	1
p9016_multiseed_chrpair_m0p5_p4_w10_seed71_noise0p05	pmax_geom_gap	chr3	chr16	4110.02679	0	0	0	2152.82618	0	0	0	1957.2006	0	0	0	0	0	0	1
p9016_multiseed_chrpair_m0p5_p4_w10_seed71_noise0p05	pmax_geom_gap	chr3	chr17	1962.90559	0	0	0.0429274036	1012.23527	0	0	0.0429274036	950.67032	0	0	0	0	0	0	1
p9016_multiseed_chrpair_m0p5_p4_w10_seed71_noise0p05	pmax_geom_gap	chr3	chr18	5150.96123	0	0	0	2669.66594	0	0	0	2481.2953	0	0	0	0	0	0	1
p9016_multiseed_chrpair_m0p5_p4_w10_seed71_noise0p05	pmax_geom_gap	chr3	chr19	1830.88373	0	0	0	1075.74107	0	0	0	755.14266	0	0	0	0	0	0	1
p9016_multiseed_chrpair_m0p5_p4_w10_seed71_noise0p05	pmax_geom_gap	chr3	chr4	4586.83919	0	0	0	2212.22208	0	0	0	2374.61711	0	0	0	0	0	0	1
p9016_multiseed_chrpair_m0p5_p4_w10_seed71_noise0p05	pmax_geom_gap	chr3	chr5	1463.1404	0	0	0	745.740679	0	0	0	717.39972	0	0	0	0	0	0	1
p9016_multiseed_chrpair_m0p5_p4_w10_seed71_noise0p05	pmax_geom_gap	chr3	chr6	3456.71212	0	0	0	1681.12428	0	0	0	1775.58784	0	0	0	0	0	0	1
p9016_multiseed_chrpair_m0p5_p4_w10_seed71_noise0p05	pmax_geom_gap	chr3	chr7	8981.55167	0	0	0.876463942	4681.20337	0	0	0.6746069	4300.3483	0	0	0.201857042	0	0	0	1
p9016_multiseed_chrpair_m0p5_p4_w10_seed71_noise0p05	pmax_geom_gap	chr3	chr8	3829.90786	0	0.0294099593	0	1701.30459	0	0.0294099593	0	2128.60327	0	0	0	0	0	0	1
p9016_multiseed_chrpair_m0p5_p4_w10_seed71_noise0p05	pmax_geom_gap	chr3	chr9	3676.17707	0	0	0	1839.25585	0	0	0	1836.92122	0	0	0	0	0	0	1
p9016_multiseed_chrpair_m0p5_p4_w10_seed71_noise0p05	pmax_geom_gap	chr3	chrX	1542.81855	0	0	0	767.248927	0	0	0	775.569628	0	0	0	0	0	0	1
p9016_multiseed_chrpair_m0p5_p4_w10_seed71_noise0p05	pmax_geom_gap	chr4	chr10	8202.58753	0	0	0	3910.88873	0	0	0	4291.6988	0	0	0	0	0	0	1
p9016_multiseed_chrpair_m0p5_p4_w10_seed71_noise0p05	pmax_geom_gap	chr4	chr11	2249.80915	0	0	0	1197.1345	0	0	0	1052.67465	0	0	0	0	0	0	1
p9016_multiseed_chrpair_m0p5_p4_w10_seed71_noise0p05	pmax_geom_gap	chr4	chr12	3138.58165	0	0	0.0867608141	1465.03071	0	0	0.0867608141	1673.55094	0	0	0	0	0	0	1
p9016_multiseed_chrpair_m0p5_p4_w10_seed71_noise0p05	pmax_geom_gap	chr4	chr13	1702.58116	0	0	0	851.629776	0	0	0	850.951385	0	0	0	0	0	0	1
p9016_multiseed_chrpair_m0p5_p4_w10_seed71_noise0p05	pmax_geom_gap	chr4	chr14	3086.1396	0	0	0	1610.04375	0	0	0	1476.09585	0	0	0	0	0	0	1
p9016_multiseed_chrpair_m0p5_p4_w10_seed71_noise0p05	pmax_geom_gap	chr4	chr15	1276.66263	0	0	0	645.787021	0	0	0	630.875612	0	0	0	0	0	0	1
p9016_multiseed_chrpair_m0p5_p4_w10_seed71_noise0p05	pmax_geom_gap	chr4	chr16	3992.37646	0	0	0.28068338	1955.2425	0	0	0	2037.13396	0	0	0.28068338	0	0	0	1
p9016_multiseed_chrpair_m0p5_p4_w10_seed71_noise0p05	pmax_geom_gap	chr4	chr17	1245.06184	0	0	0	584.775754	0	0	0	660.28609	0	0	0	0	0	0	1
p9016_multiseed_chrpair_m0p5_p4_w10_seed71_noise0p05	pmax_geom_gap	chr4	chr18	544.330892	0	0	0	281.388568	0	0	0	262.942324	0	0	0	0	0	0	1
p9016_multiseed_chrpair_m0p5_p4_w10_seed71_noise0p05	pmax_geom_gap	chr4	chr19	1894.94946	0	0	0	997.110793	0	0	0	897.838663	0	0	0	0	0	0	1
p9016_multiseed_chrpair_m0p5_p4_w10_seed71_noise0p05	pmax_geom_gap	chr4	chr5	12754.2536	0	0	0	6317.37101	0	0	0	6436.88259	0	0	0	0	0	0	1
p9016_multiseed_chrpair_m0p5_p4_w10_seed71_noise0p05	pmax_geom_gap	chr4	chr6	1663.10285	0	0	0	826.580003	0	0	0	836.522847	0	0	0	0	0	0	1
p9016_multiseed_chrpair_m0p5_p4_w10_seed71_noise0p05	pmax_geom_gap	chr4	chr7	17154.7968	0	0	0	8309.8972	0	0	0	8844.89958	0	0	0	0	0	0	1
p9016_multiseed_chrpair_m0p5_p4_w10_seed71_noise0p05	pmax_geom_gap	chr4	chr8	1240.4712	0	0	0	634.665113	0	0	0	605.806091	0	0	0	0	0	0	1
p9016_multiseed_chrpair_m0p5_p4_w10_seed71_noise0p05	pmax_geom_gap	chr4	chr9	5885.88025	0	0	0.135246078	2870.50937	0	0	0.135246078	3015.37087	0	0	0	0	0	0	1
p9016_multiseed_chrpair_m0p5_p4_w10_seed71_noise0p05	pmax_geom_gap	chr4	chrX	11033.2452	0	0	0	5065.88795	0	0	0	5967.35727	0	0	0	0	0	0	1
p9016_multiseed_chrpair_m0p5_p4_w10_seed71_noise0p05	pmax_geom_gap	chr5	chr10	9867.24551	0	0	0	4825.39214	0	0	0	5041.85337	0	0	0	0	0	0	1
p9016_multiseed_chrpair_m0p5_p4_w10_seed71_noise0p05	pmax_geom_gap	chr5	chr11	4273.61401	0	0	0	2140.04917	0	0	0	2133.56484	0	0	0	0	0	0	1
p9016_multiseed_chrpair_m0p5_p4_w10_seed71_noise0p05	pmax_geom_gap	chr5	chr12	1094.39633	0	0	0	538.376344	0	0	0	556.019987	0	0	0	0	0	0	1
p9016_multiseed_chrpair_m0p5_p4_w10_seed71_noise0p05	pmax_geom_gap	chr5	chr13	4006.72261	0	0	0	2046.64515	0	0	0	1960.07746	0	0	0	0	0	0	1
p9016_multiseed_chrpair_m0p5_p4_w10_seed71_noise0p05	pmax_geom_gap	chr5	chr14	4024.77034	0	0	0.124668131	2042.67707	0	0	0.124668131	1982.09327	0	0	0	0	0	0	1
p9016_multiseed_chrpair_m0p5_p4_w10_seed71_noise0p05	pmax_geom_gap	chr5	chr15	1231.52559	0	0	0	601.64756	0	0	0	629.878027	0	0	0	0	0	0	1
p9016_multiseed_chrpair_m0p5_p4_w10_seed71_noise0p05	pmax_geom_gap	chr5	chr16	7877.80122	0	0	0	4003.1841	0	0	0	3874.61712	0	0	0	0	0	0	1
p9016_multiseed_chrpair_m0p5_p4_w10_seed71_noise0p05	pmax_geom_gap	chr5	chr17	2763.11151	0	0	0	1386.43449	0	0	0	1376.67703	0	0	0	0	0	0	1
p9016_multiseed_chrpair_m0p5_p4_w10_seed71_noise0p05	pmax_geom_gap	chr5	chr18	4779.14891	0	0	0	2422.84201	0	0	0	2356.3069	0	0	0	0	0	0	1
p9016_multiseed_chrpair_m0p5_p4_w10_seed71_noise0p05	pmax_geom_gap	chr5	chr19	1831.43163	0	0	0	935.063124	0	0	0	896.36851	0	0	0	0	0	0	1
p9016_multiseed_chrpair_m0p5_p4_w10_seed71_noise0p05	pmax_geom_gap	chr5	chr6	1446.13662	0	0	1.3712895	741.229709	0	0	0.692405968	704.906915	0	0	0.678883533	0	0	0	1
p9016_multiseed_chrpair_m0p5_p4_w10_seed71_noise0p05	pmax_geom_gap	chr5	chr7	2273.62133	0	0	0	1102.75178	0	0	0	1170.86955	0	0	0	0	0	0	1
p9016_multiseed_chrpair_m0p5_p4_w10_seed71_noise0p05	pmax_geom_gap	chr5	chr8	3263.59073	0	0	0	1561.17194	0	0	0	1702.41879	0	0	0	0	0	0	1
p9016_multiseed_chrpair_m0p5_p4_w10_seed71_noise0p05	pmax_geom_gap	chr5	chr9	11178.2051	1.07109304	0	0	6032.12699	0.398980471	0	0	5146.07811	0.672112571	0	0	0	0	0	1
p9016_multiseed_chrpair_m0p5_p4_w10_seed71_noise0p05	pmax_geom_gap	chr5	chrX	2750.9552	0	0	0	1453.37342	0	0	0	1297.58178	0	0	0	0	0	0	1
p9016_multiseed_chrpair_m0p5_p4_w10_seed71_noise0p05	pmax_geom_gap	chr6	chr10	5327.27668	0	0.00180599749	0	2754.41713	0	0	0	2572.85955	0	0.00180599749	0	0	0	0	1
p9016_multiseed_chrpair_m0p5_p4_w10_seed71_noise0p05	pmax_geom_gap	chr6	chr11	2212.34684	0	0	0	1102.41965	0	0	0	1109.92719	0	0	0	0	0	0	1
p9016_multiseed_chrpair_m0p5_p4_w10_seed71_noise0p05	pmax_geom_gap	chr6	chr12	3187.60727	0	0	0	1579.15091	0	0	0	1608.45635	0	0	0	0	0	0	1
p9016_multiseed_chrpair_m0p5_p4_w10_seed71_noise0p05	pmax_geom_gap	chr6	chr13	3744.26144	0	0	0	1785.49765	0	0	0	1958.76379	0	0	0	0	0	0	1
p9016_multiseed_chrpair_m0p5_p4_w10_seed71_noise0p05	pmax_geom_gap	chr6	chr14	14442.0766	0	0	0	7376.01408	0	0	0	7066.06251	0	0	0	0	0	0	1
p9016_multiseed_chrpair_m0p5_p4_w10_seed71_noise0p05	pmax_geom_gap	chr6	chr15	3385.92561	0	0	0	1691.39117	0	0	0	1694.53444	0	0	0	0	0	0	1
p9016_multiseed_chrpair_m0p5_p4_w10_seed71_noise0p05	pmax_geom_gap	chr6	chr16	4917.51378	0	1.64998826	0	2294.56007	0	1.09209132	0	2622.95371	0	0.557896942	0	0	0	0	1
p9016_multiseed_chrpair_m0p5_p4_w10_seed71_noise0p05	pmax_geom_gap	chr6	chr17	3211.12395	0	0	0	1609.81732	0	0	0	1601.30663	0	0	0	0	0	0	1
p9016_multiseed_chrpair_m0p5_p4_w10_seed71_noise0p05	pmax_geom_gap	chr6	chr18	2489.19481	0	0	4.34070807	1277.28804	0	0	2.89389575	1211.90677	0	0	1.44681232	0	0	0	1
p9016_multiseed_chrpair_m0p5_p4_w10_seed71_noise0p05	pmax_geom_gap	chr6	chr19	3056.72418	0	0	0	1795.15378	0	0	0	1261.5704	0	0	0	0	0	0	1
p9016_multiseed_chrpair_m0p5_p4_w10_seed71_noise0p05	pmax_geom_gap	chr6	chr7	2726.06999	0	0	0	1327.06906	0	0	0	1399.00093	0	0	0	0	0	0	1
p9016_multiseed_chrpair_m0p5_p4_w10_seed71_noise0p05	pmax_geom_gap	chr6	chr8	2910.57573	0	0	0	1519.97574	0	0	0	1390.6	0	0	0	0	0	0	1
p9016_multiseed_chrpair_m0p5_p4_w10_seed71_noise0p05	pmax_geom_gap	chr6	chr9	3715.70748	0.101742373	0	0	1887.30079	0.0613938644	0	0	1828.40669	0.0403485085	0	0	0	0	0	1
p9016_multiseed_chrpair_m0p5_p4_w10_seed71_noise0p05	pmax_geom_gap	chr6	chrX	5036.776	0	0	0	2499.53044	0	0	0	2537.24556	0	0	0	0	0	0	1
p9016_multiseed_chrpair_m0p5_p4_w10_seed71_noise0p05	pmax_geom_gap	chr7	chr10	3077.37202	0	0	0	1547.21769	0	0	0	1530.15433	0	0	0	0	0	0	1
p9016_multiseed_chrpair_m0p5_p4_w10_seed71_noise0p05	pmax_geom_gap	chr7	chr11	3877.44267	0	0	0	1945.01598	0	0	0	1932.42669	0	0	0	0	0	0	1
p9016_multiseed_chrpair_m0p5_p4_w10_seed71_noise0p05	pmax_geom_gap	chr7	chr12	6066.43719	0	0	0	3092.99423	0	0	0	2973.44297	0	0	0	0	0	0	1
p9016_multiseed_chrpair_m0p5_p4_w10_seed71_noise0p05	pmax_geom_gap	chr7	chr13	1485.90383	0	0	0	793.141327	0	0	0	692.762502	0	0	0	0	0	0	1
p9016_multiseed_chrpair_m0p5_p4_w10_seed71_noise0p05	pmax_geom_gap	chr7	chr14	3843.05106	0	0	0	1758.17615	0	0	0	2084.87491	0	0	0	0	0	0	1
p9016_multiseed_chrpair_m0p5_p4_w10_seed71_noise0p05	pmax_geom_gap	chr7	chr15	3625.78177	0	0	0	1778.83645	0	0	0	1846.94531	0	0	0	0	0	0	1
p9016_multiseed_chrpair_m0p5_p4_w10_seed71_noise0p05	pmax_geom_gap	chr7	chr16	3935.219	0	0	0	2004.54505	0	0	0	1930.67395	0	0	0	0	0	0	1
p9016_multiseed_chrpair_m0p5_p4_w10_seed71_noise0p05	pmax_geom_gap	chr7	chr17	848.191856	0	0	0	450.203318	0	0	0	397.988539	0	0	0	0	0	0	1
p9016_multiseed_chrpair_m0p5_p4_w10_seed71_noise0p05	pmax_geom_gap	chr7	chr18	8676.57349	0	0	0	4104.52902	0	0	0	4572.04448	0	0	0	0	0	0	1
p9016_multiseed_chrpair_m0p5_p4_w10_seed71_noise0p05	pmax_geom_gap	chr7	chr19	1408.56572	0	0	0.0471919039	729.114922	0	0	0.0408026847	679.450795	0	0	0.00638921914	0	0	0	1
p9016_multiseed_chrpair_m0p5_p4_w10_seed71_noise0p05	pmax_geom_gap	chr7	chr8	4096.75212	0	0	0	2081.89157	0	0	0	2014.86055	0	0	0	0	0	0	1
p9016_multiseed_chrpair_m0p5_p4_w10_seed71_noise0p05	pmax_geom_gap	chr7	chr9	2701.0547	0	0	0	1403.203	0	0	0	1297.8517	0	0	0	0	0	0	1
p9016_multiseed_chrpair_m0p5_p4_w10_seed71_noise0p05	pmax_geom_gap	chr7	chrX	2799.89886	0	0	0	1389.18501	0	0	0	1410.71385	0	0	0	0	0	0	1
p9016_multiseed_chrpair_m0p5_p4_w10_seed71_noise0p05	pmax_geom_gap	chr8	chr10	3401.20975	0	0	0	1678.77558	0	0	0	1722.43417	0	0	0	0	0	0	1
p9016_multiseed_chrpair_m0p5_p4_w10_seed71_noise0p05	pmax_geom_gap	chr8	chr11	14973.4547	0	0	33.107577	7937.67938	0	0	15.4957604	7035.77532	0	0	17.6118166	0	0	0	1
p9016_multiseed_chrpair_m0p5_p4_w10_seed71_noise0p05	pmax_geom_gap	chr8	chr12	1171.20554	0	0	0	591.269947	0	0	0	579.935589	0	0	0	0	0	0	1
p9016_multiseed_chrpair_m0p5_p4_w10_seed71_noise0p05	pmax_geom_gap	chr8	chr13	2346.35672	0	0	0.163711684	1145.92195	0	0	0	1200.43477	0	0	0.163711684	0	0	0	1
p9016_multiseed_chrpair_m0p5_p4_w10_seed71_noise0p05	pmax_geom_gap	chr8	chr14	10558.662	0	0	0	5025.3071	0	0	0	5533.35488	0	0	0	0	0	0	1
p9016_multiseed_chrpair_m0p5_p4_w10_seed71_noise0p05	pmax_geom_gap	chr8	chr15	4341.34486	0	0	9.19206405	2338.07179	0	0	3.97044353	2003.27307	0	0	5.22162052	0	0	0	1
p9016_multiseed_chrpair_m0p5_p4_w10_seed71_noise0p05	pmax_geom_gap	chr8	chr16	1542.72013	0	0	0	782.502029	0	0	0	760.218102	0	0	0	0	0	0	1
p9016_multiseed_chrpair_m0p5_p4_w10_seed71_noise0p05	pmax_geom_gap	chr8	chr17	973.582811	0	0	0	493.942786	0	0	0	479.640025	0	0	0	0	0	0	1
p9016_multiseed_chrpair_m0p5_p4_w10_seed71_noise0p05	pmax_geom_gap	chr8	chr18	1279.97579	0	0	0	631.129787	0	0	0	648.846003	0	0	0	0	0	0	1
p9016_multiseed_chrpair_m0p5_p4_w10_seed71_noise0p05	pmax_geom_gap	chr8	chr19	1817.88378	0	0	0.474442355	904.798621	0	0	0.419224473	913.085158	0	0	0.0552178821	0	0	0	1
p9016_multiseed_chrpair_m0p5_p4_w10_seed71_noise0p05	pmax_geom_gap	chr8	chr9	1290.60076	0	0	0	629.596543	0	0	0	661.004221	0	0	0	0	0	0	1
p9016_multiseed_chrpair_m0p5_p4_w10_seed71_noise0p05	pmax_geom_gap	chr8	chrX	3058.59652	0	0	0	1539.78494	0	0	0	1518.81158	0	0	0	0	0	0	1
p9016_multiseed_chrpair_m0p5_p4_w10_seed71_noise0p05	pmax_geom_gap	chr9	chr10	1869.59632	0	0	0	965.900755	0	0	0	903.695569	0	0	0	0	0	0	1
p9016_multiseed_chrpair_m0p5_p4_w10_seed71_noise0p05	pmax_geom_gap	chr9	chr11	2240.97023	0	0	0	1104.35097	0	0	0	1136.61925	0	0	0	0	0	0	1
p9016_multiseed_chrpair_m0p5_p4_w10_seed71_noise0p05	pmax_geom_gap	chr9	chr12	2662.85329	0	0	0	1262.79807	0	0	0	1400.05523	0	0	0	0	0	0	1
p9016_multiseed_chrpair_m0p5_p4_w10_seed71_noise0p05	pmax_geom_gap	chr9	chr13	2220.59593	0	0	0	1071.31298	0	0	0	1149.28295	0	0	0	0	0	0	1
p9016_multiseed_chrpair_m0p5_p4_w10_seed71_noise0p05	pmax_geom_gap	chr9	chr14	1527.72708	0	0	0	750.635058	0	0	0	777.092017	0	0	0	0	0	0	1
p9016_multiseed_chrpair_m0p5_p4_w10_seed71_noise0p05	pmax_geom_gap	chr9	chr15	1100.57687	0	0	0	561.514865	0	0	0	539.062006	0	0	0	0	0	0	1
p9016_multiseed_chrpair_m0p5_p4_w10_seed71_noise0p05	pmax_geom_gap	chr9	chr16	6727.88031	0	0.06917966	0	3361.58076	0	0	0	3366.29955	0	0.06917966	0	0	0	0	1
p9016_multiseed_chrpair_m0p5_p4_w10_seed71_noise0p05	pmax_geom_gap	chr9	chr17	9483.44022	0	0	0	4843.87585	0	0	0	4639.56438	0	0	0	0	0	0	1
p9016_multiseed_chrpair_m0p5_p4_w10_seed71_noise0p05	pmax_geom_gap	chr9	chr18	1042.433	0	0	0	506.473392	0	0	0	535.959611	0	0	0	0	0	0	1
p9016_multiseed_chrpair_m0p5_p4_w10_seed71_noise0p05	pmax_geom_gap	chr9	chr19	785.439416	0	0	0	386.827874	0	0	0	398.611543	0	0	0	0	0	0	1
p9016_multiseed_chrpair_m0p5_p4_w10_seed71_noise0p05	pmax_geom_gap	chr9	chrX	2186.26334	0	0	0	1249.1974	0	0	0	937.065948	0	0	0	0	0	0	1
p9016_multiseed_chrpair_m0p5_p4_w10_seed71_noise0p05	posterior_same_cross_mass	chr1	chr10	1034.9431	214.859224	214.859224	1034.9431	525.906874	110.090892	110.090892	525.906874	509.036225	104.768332	104.768332	509.036225	0	0	0	1
p9016_multiseed_chrpair_m0p5_p4_w10_seed71_noise0p05	posterior_same_cross_mass	chr1	chr11	0.566447465	4677.87723	4677.87723	0.566447465	0.313786687	2267.37697	2267.37697	0.313786687	0.252660778	2410.50026	2410.50026	0.252660778	1	1	1	1
p9016_multiseed_chrpair_m0p5_p4_w10_seed71_noise0p05	posterior_same_cross_mass	chr1	chr12	0	2843.83465	2843.83465	0	0	1451.70467	1451.70467	0	0	1392.12998	1392.12998	0	1	1	1	1
p9016_multiseed_chrpair_m0p5_p4_w10_seed71_noise0p05	posterior_same_cross_mass	chr1	chr13	805.429048	1074.15259	1074.15259	805.429048	374.007505	560.518262	560.518262	374.007505	431.421543	513.634325	513.634325	431.421543	1	1	1	1
p9016_multiseed_chrpair_m0p5_p4_w10_seed71_noise0p05	posterior_same_cross_mass	chr1	chr14	333.058009	661.102319	661.102319	333.058009	171.289174	333.681707	333.681707	171.289174	161.768835	327.420612	327.420612	161.768835	1	1	1	1
p9016_multiseed_chrpair_m0p5_p4_w10_seed71_noise0p05	posterior_same_cross_mass	chr1	chr15	109.231783	2079.83768	2079.83768	109.231783	67.5639617	1010.56416	1010.56416	67.5639617	41.6678216	1069.27352	1069.27352	41.6678216	1	1	1	1
p9016_multiseed_chrpair_m0p5_p4_w10_seed71_noise0p05	posterior_same_cross_mass	chr1	chr16	68.5712613	1456.23521	1456.23521	68.5712613	32.4729229	740.525713	740.525713	32.4729229	36.0983385	715.709498	715.709498	36.0983385	1	1	1	1
p9016_multiseed_chrpair_m0p5_p4_w10_seed71_noise0p05	posterior_same_cross_mass	chr1	chr17	3476.19252	15.7716128	15.7716128	3476.19252	1682.15217	6.90249504	6.90249504	1682.15217	1794.04034	8.86911777	8.86911777	1794.04034	0	0	0	1
p9016_multiseed_chrpair_m0p5_p4_w10_seed71_noise0p05	posterior_same_cross_mass	chr1	chr18	0.287163625	2024.85667	2024.85667	0.287163625	0	955.870455	955.870455	0	0.287163625	1068.98621	1068.98621	0.287163625	1	1	1	1
p9016_multiseed_chrpair_m0p5_p4_w10_seed71_noise0p05	posterior_same_cross_mass	chr1	chr19	37.2210763	590.323444	590.323444	37.2210763	20.1341968	300.136769	300.136769	20.1341968	17.0868795	290.186675	290.186675	17.0868795	1	1	1	1
p9016_multiseed_chrpair_m0p5_p4_w10_seed71_noise0p05	posterior_same_cross_mass	chr1	chr2	2216.93548	1178.16034	1178.16034	2216.93548	1102.53273	483.252683	483.252683	1102.53273	1114.40275	694.907658	694.907658	1114.40275	0	0	0	1
p9016_multiseed_chrpair_m0p5_p4_w10_seed71_noise0p05	posterior_same_cross_mass	chr1	chr3	3710.81549	0	0	3710.81549	1874.25737	0	0	1874.25737	1836.55812	0	0	1836.55812	0	0	0	1
p9016_multiseed_chrpair_m0p5_p4_w10_seed71_noise0p05	posterior_same_cross_mass	chr1	chr4	2323.85526	211.845733	211.845733	2323.85526	1136.43423	112.589671	112.589671	1136.43423	1187.42103	99.2560619	99.2560619	1187.42103	0	0	0	1
p9016_multiseed_chrpair_m0p5_p4_w10_seed71_noise0p05	posterior_same_cross_mass	chr1	chr5	1498.51315	189.087937	189.087937	1498.51315	745.757318	92.9424765	92.9424765	745.757318	752.755832	96.1454608	96.1454608	752.755832	0	0	0	1
p9016_multiseed_chrpair_m0p5_p4_w10_seed71_noise0p05	posterior_same_cross_mass	chr1	chr6	5271.23628	513.338351	513.338351	5271.23628	2577.2342	190.126942	190.126942	2577.2342	2694.00208	323.211409	323.211409	2694.00208	0	0	0	1
p9016_multiseed_chrpair_m0p5_p4_w10_seed71_noise0p05	posterior_same_cross_mass	chr1	chr7	2.35082537	2567.72299	2567.72299	2.35082537	1.1292988	1314.40232	1314.40232	1.1292988	1.22152657	1253.32067	1253.32067	1.22152657	1	1	1	1
p9016_multiseed_chrpair_m0p5_p4_w10_seed71_noise0p05	posterior_same_cross_mass	chr1	chr8	13.9336882	4324.65056	4324.65056	13.9336882	7.08120866	2289.72	2289.72	7.08120866	6.85247958	2034.93056	2034.93056	6.85247958	1	1	1	1
p9016_multiseed_chrpair_m0p5_p4_w10_seed71_noise0p05	posterior_same_cross_mass	chr1	chr9	2654.71887	134.052505	134.052505	2654.71887	1275.29865	62.1765417	62.1765417	1275.29865	1379.42022	71.8759629	71.8759629	1379.42022	0	0	0	1
p9016_multiseed_chrpair_m0p5_p4_w10_seed71_noise0p05	posterior_same_cross_mass	chr1	chrX	6486.55176	13.8726411	13.8726411	6486.55176	3228.14021	5.05990823	5.05990823	3228.14021	3258.41155	8.81273285	8.81273285	3258.41155	0	0	0	1
p9016_multiseed_chrpair_m0p5_p4_w10_seed71_noise0p05	posterior_same_cross_mass	chr10	chr11	0.456887782	1741.86825	1741.86825	0.456887782	0.139430959	872.806087	872.806087	0.139430959	0.317456823	869.062163	869.062163	0.317456823	1	1	1	1
p9016_multiseed_chrpair_m0p5_p4_w10_seed71_noise0p05	posterior_same_cross_mass	chr10	chr12	8.94725644	2890.82779	2890.82779	8.94725644	4.23012399	1631.10873	1631.10873	4.23012399	4.71713245	1259.71906	1259.71906	4.71713245	1	1	1	1
p9016_multiseed_chrpair_m0p5_p4_w10_seed71_noise0p05	posterior_same_cross_mass	chr10	chr13	1055.38735	1272.87385	1272.87385	1055.38735	527.545555	659.694707	659.694707	527.545555	527.8418	613.179138	613.179138	527.8418	1	1	1	1
p9016_multiseed_chrpair_m0p5_p4_w10_seed71_noise0p05	posterior_same_cross_mass	chr10	chr14	0	1845.33892	1845.33892	0	0	919.777166	919.777166	0	0	925.561751	925.561751	0	1	1	1	1
p9016_multiseed_chrpair_m0p5_p4_w10_seed71_noise0p05	posterior_same_cross_mass	chr10	chr15	6.66589884	2491.76261	2491.76261	6.66589884	1.15945968	1204.89902	1204.89902	1.15945968	5.50643916	1286.86359	1286.86359	5.50643916	1	1	1	1
p9016_multiseed_chrpair_m0p5_p4_w10_seed71_noise0p05	posterior_same_cross_mass	chr10	chr16	3631.28099	0.925112605	0.925112605	3631.28099	1760.43326	0.924105759	0.924105759	1760.43326	1870.84773	0.0010068461	0.0010068461	1870.84773	0	0	0	1
p9016_multiseed_chrpair_m0p5_p4_w10_seed71_noise0p05	posterior_same_cross_mass	chr10	chr17	1.76466525	2271.29747	2271.29747	1.76466525	1.22328911	1183.63598	1183.63598	1.22328911	0.541376138	1087.6615	1087.6615	0.541376138	1	1	1	1
p9016_multiseed_chrpair_m0p5_p4_w10_seed71_noise0p05	posterior_same_cross_mass	chr10	chr18	370.572564	583.600376	583.600376	370.572564	168.374756	328.456069	328.456069	168.374756	202.197808	255.144307	255.144307	202.197808	1	1	1	1
p9016_multiseed_chrpair_m0p5_p4_w10_seed71_noise0p05	posterior_same_cross_mass	chr10	chr19	0	1171.18066	1171.18066	0	0	592.465682	592.465682	0	0	578.714979	578.714979	0	1	1	1	1
p9016_multiseed_chrpair_m0p5_p4_w10_seed71_noise0p05	posterior_same_cross_mass	chr10	chrX	26.1035131	930.323795	930.323795	26.1035131	13.419101	493.408106	493.408106	13.419101	12.6844121	436.915689	436.915689	12.6844121	1	1	1	1
p9016_multiseed_chrpair_m0p5_p4_w10_seed71_noise0p05	posterior_same_cross_mass	chr11	chr12	1865.71133	0.196023629	0.196023629	1865.71133	933.532068	0.019083194	0.019083194	933.532068	932.179263	0.176940435	0.176940435	932.179263	0	0	0	1
p9016_multiseed_chrpair_m0p5_p4_w10_seed71_noise0p05	posterior_same_cross_mass	chr11	chr13	63.6786444	2809.50006	2809.50006	63.6786444	31.4348656	1405.81103	1405.81103	31.4348656	32.2437788	1403.68903	1403.68903	32.2437788	1	1	1	1
p9016_multiseed_chrpair_m0p5_p4_w10_seed71_noise0p05	posterior_same_cross_mass	chr11	chr14	32.5056867	2405.87376	2405.87376	32.5056867	15.4127389	1166.48889	1166.48889	15.4127389	17.0929478	1239.38487	1239.38487	17.0929478	1	1	1	1
p9016_multiseed_chrpair_m0p5_p4_w10_seed71_noise0p05	posterior_same_cross_mass	chr11	chr15	1425.37545	17.8321095	17.8321095	1425.37545	685.902127	8.62270485	8.62270485	685.902127	739.473321	9.20940463	9.20940463	739.473321	0	0	0	1
p9016_multiseed_chrpair_m0p5_p4_w10_seed71_noise0p05	posterior_same_cross_mass	chr11	chr16	24.7336315	862.889468	862.889468	24.7336315	11.6236553	418.859233	418.859233	11.6236553	13.1099763	444.030236	444.030236	13.1099763	1	1	1	1
p9016_multiseed_chrpair_m0p5_p4_w10_seed71_noise0p05	posterior_same_cross_mass	chr11	chr17	416.643155	323.13515	323.13515	416.643155	198.901322	154.600638	154.600638	198.901322	217.741833	168.534513	168.534513	217.741833	0	0	0	1
p9016_multiseed_chrpair_m0p5_p4_w10_seed71_noise0p05	posterior_same_cross_mass	chr11	chr18	1396.50016	0	0	1396.50016	726.432893	0	0	726.432893	670.06727	0	0	670.06727	0	0	0	1
p9016_multiseed_chrpair_m0p5_p4_w10_seed71_noise0p05	posterior_same_cross_mass	chr11	chr19	2162.38787	0	0	2162.38787	1090.95318	0	0	1090.95318	1071.43469	0	0	1071.43469	0	0	0	1
p9016_multiseed_chrpair_m0p5_p4_w10_seed71_noise0p05	posterior_same_cross_mass	chr11	chrX	0.174747824	4467.508	4467.508	0.174747824	0	2333.82813	2333.82813	0	0.174747824	2133.67987	2133.67987	0.174747824	1	1	1	1
p9016_multiseed_chrpair_m0p5_p4_w10_seed71_noise0p05	posterior_same_cross_mass	chr12	chr13	3704.33324	1379.55013	1379.55013	3704.33324	1769.49359	633.883571	633.883571	1769.49359	1934.83964	745.666564	745.666564	1934.83964	0	0	0	1
p9016_multiseed_chrpair_m0p5_p4_w10_seed71_noise0p05	posterior_same_cross_mass	chr12	chr14	217.303309	594.449633	594.449633	217.303309	106.867916	308.063876	308.063876	106.867916	110.435393	286.385756	286.385756	110.435393	1	1	1	1
p9016_multiseed_chrpair_m0p5_p4_w10_seed71_noise0p05	posterior_same_cross_mass	chr12	chr15	2729.77479	49.3421448	49.3421448	2729.77479	1381.07647	29.069961	29.069961	1381.07647	1348.69832	20.2721838	20.2721838	1348.69832	0	0	0	1
p9016_multiseed_chrpair_m0p5_p4_w10_seed71_noise0p05	posterior_same_cross_mass	chr12	chr16	838.206596	21.9157897	21.9157897	838.206596	443.567211	11.6366962	11.6366962	443.567211	394.639385	10.2790935	10.2790935	394.639385	0	0	0	1
p9016_multiseed_chrpair_m0p5_p4_w10_seed71_noise0p05	posterior_same_cross_mass	chr12	chr17	692.422278	910.934289	910.934289	692.422278	357.146474	517.431114	517.431114	357.146474	335.275805	393.503176	393.503176	335.275805	1	1	1	1
p9016_multiseed_chrpair_m0p5_p4_w10_seed71_noise0p05	posterior_same_cross_mass	chr12	chr18	1757.26165	0.1744737	0.1744737	1757.26165	795.180706	0	0	795.180706	962.080947	0.1744737	0.1744737	962.080947	0	0	0	1
p9016_multiseed_chrpair_m0p5_p4_w10_seed71_noise0p05	posterior_same_cross_mass	chr12	chr19	1820.57931	44.2820476	44.2820476	1820.57931	750.470746	22.0883089	22.0883089	750.470746	1070.10856	22.1937388	22.1937388	1070.10856	0	0	0	1
p9016_multiseed_chrpair_m0p5_p4_w10_seed71_noise0p05	posterior_same_cross_mass	chr12	chrX	128.93182	796.285004	796.285004	128.93182	75.0557999	414.603599	414.603599	75.0557999	53.8760198	381.681405	381.681405	53.8760198	1	1	1	1
p9016_multiseed_chrpair_m0p5_p4_w10_seed71_noise0p05	posterior_same_cross_mass	chr13	chr14	26.7421881	1812.28024	1812.28024	26.7421881	12.0253005	879.659527	879.659527	12.0253005	14.7168876	932.620712	932.620712	14.7168876	1	1	1	1
p9016_multiseed_chrpair_m0p5_p4_w10_seed71_noise0p05	posterior_same_cross_mass	chr13	chr15	737.328409	64.5027979	64.5027979	737.328409	364.697775	30.5891666	30.5891666	364.697775	372.630634	33.9136313	33.9136313	372.630634	0	0	0	1
p9016_multiseed_chrpair_m0p5_p4_w10_seed71_noise0p05	posterior_same_cross_mass	chr13	chr16	2527.70053	1.82380482	1.82380482	2527.70053	1281.92152	0.759057599	0.759057599	1281.92152	1245.779	1.06474723	1.06474723	1245.779	0	0	0	1
p9016_multiseed_chrpair_m0p5_p4_w10_seed71_noise0p05	posterior_same_cross_mass	chr13	chr17	143.022941	2275.51572	2275.51572	143.022941	61.8641857	1177.79854	1177.79854	61.8641857	81.1587555	1097.71719	1097.71719	81.1587555	1	1	1	1
p9016_multiseed_chrpair_m0p5_p4_w10_seed71_noise0p05	posterior_same_cross_mass	chr13	chr18	1953.10022	498.211895	498.211895	1953.10022	941.352809	224.264674	224.264674	941.352809	1011.74741	273.947221	273.947221	1011.74741	0	0	0	1
p9016_multiseed_chrpair_m0p5_p4_w10_seed71_noise0p05	posterior_same_cross_mass	chr13	chr19	5.06250242	2582.54457	2582.54457	5.06250242	0.693003052	1160.69948	1160.69948	0.693003052	4.36949937	1421.84509	1421.84509	4.36949937	1	1	1	1
p9016_multiseed_chrpair_m0p5_p4_w10_seed71_noise0p05	posterior_same_cross_mass	chr13	chrX	1257.13552	177.352494	177.352494	1257.13552	617.84051	116.393268	116.393268	617.84051	639.295011	60.959226	60.959226	639.295011	0	0	0	1
p9016_multiseed_chrpair_m0p5_p4_w10_seed71_noise0p05	posterior_same_cross_mass	chr14	chr15	0.018667079	1255.77515	1255.77515	0.018667079	0	625.551249	625.551249	0	0.018667079	630.223897	630.223897	0.018667079	1	1	1	1
p9016_multiseed_chrpair_m0p5_p4_w10_seed71_noise0p05	posterior_same_cross_mass	chr14	chr16	15.3012069	901.11186	901.11186	15.3012069	7.95193136	459.256718	459.256718	7.95193136	7.34927555	441.855142	441.855142	7.34927555	1	1	1	1
p9016_multiseed_chrpair_m0p5_p4_w10_seed71_noise0p05	posterior_same_cross_mass	chr14	chr17	0.036226591	938.778366	938.778366	0.036226591	0	467.098195	467.098195	0	0.036226591	471.680171	471.680171	0.036226591	1	1	1	1
p9016_multiseed_chrpair_m0p5_p4_w10_seed71_noise0p05	posterior_same_cross_mass	chr14	chr18	1274.39427	181.115418	181.115418	1274.39427	592.138929	84.8925403	84.8925403	592.138929	682.25534	96.2228781	96.2228781	682.25534	0	0	0	1
p9016_multiseed_chrpair_m0p5_p4_w10_seed71_noise0p05	posterior_same_cross_mass	chr14	chr19	1165.49975	15.3465672	15.3465672	1165.49975	637.835339	9.51792972	9.51792972	637.835339	527.664411	5.82863748	5.82863748	527.664411	0	0	0	1
p9016_multiseed_chrpair_m0p5_p4_w10_seed71_noise0p05	posterior_same_cross_mass	chr14	chrX	0	1210.63053	1210.63053	0	0	614.777589	614.777589	0	0	595.852941	595.852941	0	1	1	1	1
p9016_multiseed_chrpair_m0p5_p4_w10_seed71_noise0p05	posterior_same_cross_mass	chr15	chr16	397.808641	122.574233	122.574233	397.808641	211.820052	62.3450782	62.3450782	211.820052	185.98859	60.2291546	60.2291546	185.98859	0	0	0	1
p9016_multiseed_chrpair_m0p5_p4_w10_seed71_noise0p05	posterior_same_cross_mass	chr15	chr17	2554.24985	24.7528093	24.7528093	2554.24985	1300.47511	18.3845098	18.3845098	1300.47511	1253.77474	6.36829954	6.36829954	1253.77474	0	0	0	1
p9016_multiseed_chrpair_m0p5_p4_w10_seed71_noise0p05	posterior_same_cross_mass	chr15	chr18	2885.72056	0	0	2885.72056	1387.21953	0	0	1387.21953	1498.50103	0	0	1498.50103	0	0	0	1
p9016_multiseed_chrpair_m0p5_p4_w10_seed71_noise0p05	posterior_same_cross_mass	chr15	chr19	23.6183219	966.135399	966.135399	23.6183219	6.62327284	506.911931	506.911931	6.62327284	16.9950491	459.223468	459.223468	16.9950491	1	1	1	1
p9016_multiseed_chrpair_m0p5_p4_w10_seed71_noise0p05	posterior_same_cross_mass	chr15	chrX	699.196308	35.3255051	35.3255051	699.196308	356.417078	18.1353568	18.1353568	356.417078	342.77923	17.1901483	17.1901483	342.77923	0	0	0	1
p9016_multiseed_chrpair_m0p5_p4_w10_seed71_noise0p05	posterior_same_cross_mass	chr16	chr17	1.69867653	1040.78823	1040.78823	1.69867653	1.33538774	518.340932	518.340932	1.33538774	0.363288789	522.447295	522.447295	0.363288789	1	1	1	1
p9016_multiseed_chrpair_m0p5_p4_w10_seed71_noise0p05	posterior_same_cross_mass	chr16	chr18	3003.65393	7.99907107	7.99907107	3003.65393	1393.09267	4.18782716	4.18782716	1393.09267	1610.56126	3.81124391	3.81124391	1610.56126	0	0	0	1
p9016_multiseed_chrpair_m0p5_p4_w10_seed71_noise0p05	posterior_same_cross_mass	chr16	chr19	1.11462333	1691.63782	1691.63782	1.11462333	1.11462333	796.371771	796.371771	1.11462333	0	895.266045	895.266045	0	1	1	1	1
p9016_multiseed_chrpair_m0p5_p4_w10_seed71_noise0p05	posterior_same_cross_mass	chr16	chrX	108.921574	311.113738	311.113738	108.921574	51.1674331	156.065137	156.065137	51.1674331	57.7541407	155.048601	155.048601	57.7541407	1	1	1	1
p9016_multiseed_chrpair_m0p5_p4_w10_seed71_noise0p05	posterior_same_cross_mass	chr17	chr18	131.876125	263.143111	263.143111	131.876125	69.0847056	134.155885	134.155885	69.0847056	62.791419	128.987225	128.987225	62.791419	1	1	1	1
p9016_multiseed_chrpair_m0p5_p4_w10_seed71_noise0p05	posterior_same_cross_mass	chr17	chr19	40.8645926	1036.95741	1036.95741	40.8645926	22.5391917	455.284467	455.284467	22.5391917	18.3254009	581.672942	581.672942	18.3254009	1	1	1	1
p9016_multiseed_chrpair_m0p5_p4_w10_seed71_noise0p05	posterior_same_cross_mass	chr17	chrX	2528.03187	1.97706718	1.97706718	2528.03187	1202.0304	1.10475139	1.10475139	1202.0304	1326.00147	0.872315788	0.872315788	1326.00147	0	0	0	1
p9016_multiseed_chrpair_m0p5_p4_w10_seed71_noise0p05	posterior_same_cross_mass	chr18	chr19	1059.2603	30.987549	30.987549	1059.2603	520.159301	11.5397509	11.5397509	520.159301	539.101001	19.4477981	19.4477981	539.101001	0	0	0	1
p9016_multiseed_chrpair_m0p5_p4_w10_seed71_noise0p05	posterior_same_cross_mass	chr18	chrX	93.011591	329.456032	329.456032	93.011591	49.052105	168.615731	168.615731	49.052105	43.959486	160.840301	160.840301	43.959486	1	1	1	1
p9016_multiseed_chrpair_m0p5_p4_w10_seed71_noise0p05	posterior_same_cross_mass	chr19	chrX	6.44326515	625.1561	625.1561	6.44326515	2.39732862	300.195623	300.195623	2.39732862	4.04593653	324.960477	324.960477	4.04593653	1	1	1	1
p9016_multiseed_chrpair_m0p5_p4_w10_seed71_noise0p05	posterior_same_cross_mass	chr2	chr10	165.65235	1599.32352	1599.32352	165.65235	86.2626438	807.459304	807.459304	86.2626438	79.3897065	791.864213	791.864213	79.3897065	1	1	1	1
p9016_multiseed_chrpair_m0p5_p4_w10_seed71_noise0p05	posterior_same_cross_mass	chr2	chr11	2744.91032	88.5448578	88.5448578	2744.91032	1345.95017	47.6217463	47.6217463	1345.95017	1398.96016	40.9231115	40.9231115	1398.96016	0	0	0	1
p9016_multiseed_chrpair_m0p5_p4_w10_seed71_noise0p05	posterior_same_cross_mass	chr2	chr12	236.207446	1072.62196	1072.62196	236.207446	101.43591	534.08523	534.08523	101.43591	134.771536	538.536728	538.536728	134.771536	1	1	1	1
p9016_multiseed_chrpair_m0p5_p4_w10_seed71_noise0p05	posterior_same_cross_mass	chr2	chr13	86.6034425	2224.7278	2224.7278	86.6034425	35.2329315	1134.64287	1134.64287	35.2329315	51.3705109	1090.08493	1090.08493	51.3705109	1	1	1	1
p9016_multiseed_chrpair_m0p5_p4_w10_seed71_noise0p05	posterior_same_cross_mass	chr2	chr14	575.706972	516.215509	516.215509	575.706972	294.895639	261.997068	261.997068	294.895639	280.811333	254.218441	254.218441	280.811333	0	0	0	1
p9016_multiseed_chrpair_m0p5_p4_w10_seed71_noise0p05	posterior_same_cross_mass	chr2	chr15	428.030886	368.839269	368.839269	428.030886	194.865641	172.787486	172.787486	194.865641	233.165245	196.051783	196.051783	233.165245	0	0	0	1
p9016_multiseed_chrpair_m0p5_p4_w10_seed71_noise0p05	posterior_same_cross_mass	chr2	chr16	23.7115854	3889.85376	3889.85376	23.7115854	11.867909	1938.33592	1938.33592	11.867909	11.8436764	1951.51784	1951.51784	11.8436764	1	1	1	1
p9016_multiseed_chrpair_m0p5_p4_w10_seed71_noise0p05	posterior_same_cross_mass	chr2	chr17	1893.20831	294.643059	294.643059	1893.20831	933.904753	98.3500195	98.3500195	933.904753	959.303558	196.293039	196.293039	959.303558	0	0	0	1
p9016_multiseed_chrpair_m0p5_p4_w10_seed71_noise0p05	posterior_same_cross_mass	chr2	chr18	280.284641	893.366412	893.366412	280.284641	131.099835	442.132291	442.132291	131.099835	149.184806	451.234121	451.234121	149.184806	1	1	1	1
p9016_multiseed_chrpair_m0p5_p4_w10_seed71_noise0p05	posterior_same_cross_mass	chr2	chr19	933.582615	92.1628724	92.1628724	933.582615	476.536864	54.5695183	54.5695183	476.536864	457.04575	37.5933541	37.5933541	457.04575	0	0	0	1
p9016_multiseed_chrpair_m0p5_p4_w10_seed71_noise0p05	posterior_same_cross_mass	chr2	chr3	4974.83745	331.910939	331.910939	4974.83745	2456.99741	94.2344	94.2344	2456.99741	2517.84004	237.676539	237.676539	2517.84004	0	0	0	1
p9016_multiseed_chrpair_m0p5_p4_w10_seed71_noise0p05	posterior_same_cross_mass	chr2	chr4	5279.72176	150.502333	150.502333	5279.72176	2562.59799	88.6429797	88.6429797	2562.59799	2717.12377	61.8593536	61.8593536	2717.12377	0	0	0	1
p9016_multiseed_chrpair_m0p5_p4_w10_seed71_noise0p05	posterior_same_cross_mass	chr2	chr5	805.610598	641.922323	641.922323	805.610598	408.134962	315.651288	315.651288	408.134962	397.475636	326.271035	326.271035	397.475636	0	0	0	1
p9016_multiseed_chrpair_m0p5_p4_w10_seed71_noise0p05	posterior_same_cross_mass	chr2	chr6	3543.08343	351.029321	351.029321	3543.08343	1849.03337	177.905823	177.905823	1849.03337	1694.05006	173.123498	173.123498	1694.05006	0	0	0	1
p9016_multiseed_chrpair_m0p5_p4_w10_seed71_noise0p05	posterior_same_cross_mass	chr2	chr7	11.8889607	3760.67649	3760.67649	11.8889607	3.78343507	1847.96467	1847.96467	3.78343507	8.1055256	1912.71182	1912.71182	8.1055256	1	1	1	1
p9016_multiseed_chrpair_m0p5_p4_w10_seed71_noise0p05	posterior_same_cross_mass	chr2	chr8	4889.53546	65.1710295	65.1710295	4889.53546	2339.25183	34.2448012	34.2448012	2339.25183	2550.28363	30.9262283	30.9262283	2550.28363	0	0	0	1
p9016_multiseed_chrpair_m0p5_p4_w10_seed71_noise0p05	posterior_same_cross_mass	chr2	chr9	5653.27716	129.020374	129.020374	5653.27716	2811.75783	69.490022	69.490022	2811.75783	2841.51934	59.530352	59.530352	2841.51934	0	0	0	1
p9016_multiseed_chrpair_m0p5_p4_w10_seed71_noise0p05	posterior_same_cross_mass	chr2	chrX	410.990477	2524.39751	2524.39751	410.990477	202.690717	1234.81982	1234.81982	202.690717	208.29976	1289.57769	1289.57769	208.29976	1	1	1	1
p9016_multiseed_chrpair_m0p5_p4_w10_seed71_noise0p05	posterior_same_cross_mass	chr3	chr10	1146.22283	169.090176	169.090176	1146.22283	554.079462	82.7300687	82.7300687	554.079462	592.143365	86.3601072	86.3601072	592.143365	0	0	0	1
p9016_multiseed_chrpair_m0p5_p4_w10_seed71_noise0p05	posterior_same_cross_mass	chr3	chr11	290.892964	1038.72741	1038.72741	290.892964	158.50552	503.936316	503.936316	158.50552	132.387444	534.791095	534.791095	132.387444	1	1	1	1
p9016_multiseed_chrpair_m0p5_p4_w10_seed71_noise0p05	posterior_same_cross_mass	chr3	chr12	85.8592561	3882.34275	3882.34275	85.8592561	41.0678976	2167.06789	2167.06789	41.0678976	44.7913585	1715.27486	1715.27486	44.7913585	1	1	1	1
p9016_multiseed_chrpair_m0p5_p4_w10_seed71_noise0p05	posterior_same_cross_mass	chr3	chr13	401.93761	2439.33713	2439.33713	401.93761	189.605578	1171.57749	1171.57749	189.605578	212.332033	1267.75964	1267.75964	212.332033	1	1	1	1
p9016_multiseed_chrpair_m0p5_p4_w10_seed71_noise0p05	posterior_same_cross_mass	chr3	chr14	1060.62247	427.183476	427.183476	1060.62247	526.674417	168.271326	168.271326	526.674417	533.948056	258.912151	258.912151	533.948056	0	0	0	1
p9016_multiseed_chrpair_m0p5_p4_w10_seed71_noise0p05	posterior_same_cross_mass	chr3	chr15	70.9252021	1530.40646	1530.40646	70.9252021	40.7124461	806.635283	806.635283	40.7124461	30.2127561	723.771176	723.771176	30.2127561	1	1	1	1
p9016_multiseed_chrpair_m0p5_p4_w10_seed71_noise0p05	posterior_same_cross_mass	chr3	chr16	0	1401.71631	1401.71631	0	0	732.512594	732.512594	0	0	669.203715	669.203715	0	1	1	1	1
p9016_multiseed_chrpair_m0p5_p4_w10_seed71_noise0p05	posterior_same_cross_mass	chr3	chr17	957.089714	182.800331	182.800331	957.089714	488.162993	80.8844303	80.8844303	488.162993	468.92672	101.915901	101.915901	468.92672	0	0	0	1
p9016_multiseed_chrpair_m0p5_p4_w10_seed71_noise0p05	posterior_same_cross_mass	chr3	chr18	382.71124	1845.05716	1845.05716	382.71124	186.185059	946.490277	946.490277	186.185059	196.526181	898.56688	898.56688	196.526181	1	1	1	1
p9016_multiseed_chrpair_m0p5_p4_w10_seed71_noise0p05	posterior_same_cross_mass	chr3	chr19	62.2795603	866.695087	866.695087	62.2795603	33.1944045	497.320907	497.320907	33.1944045	29.0851558	369.37418	369.37418	29.0851558	1	1	1	1
p9016_multiseed_chrpair_m0p5_p4_w10_seed71_noise0p05	posterior_same_cross_mass	chr3	chr4	2080.13242	47.6200706	47.6200706	2080.13242	1017.03448	25.5752309	25.5752309	1017.03448	1063.09794	22.0448397	22.0448397	1063.09794	0	0	0	1
p9016_multiseed_chrpair_m0p5_p4_w10_seed71_noise0p05	posterior_same_cross_mass	chr3	chr5	120.573886	1133.84681	1133.84681	120.573886	65.974837	543.994409	543.994409	65.974837	54.5990492	589.8524	589.8524	54.5990492	1	1	1	1
p9016_multiseed_chrpair_m0p5_p4_w10_seed71_noise0p05	posterior_same_cross_mass	chr3	chr6	1668.41863	103.790884	103.790884	1668.41863	813.782431	51.2099183	51.2099183	813.782431	854.636202	52.5809662	52.5809662	854.636202	0	0	0	1
p9016_multiseed_chrpair_m0p5_p4_w10_seed71_noise0p05	posterior_same_cross_mass	chr3	chr7	7.80876064	6520.39687	6520.39687	7.80876064	3.71192617	3250.39223	3250.39223	3.71192617	4.09683448	3270.00464	3270.00464	4.09683448	1	1	1	1
p9016_multiseed_chrpair_m0p5_p4_w10_seed71_noise0p05	posterior_same_cross_mass	chr3	chr8	301.616766	2094.78736	2094.78736	301.616766	133.23381	975.131774	975.131774	133.23381	168.382955	1119.65558	1119.65558	168.382955	1	1	1	1
p9016_multiseed_chrpair_m0p5_p4_w10_seed71_noise0p05	posterior_same_cross_mass	chr3	chr9	1652.82502	12.3872688	12.3872688	1652.82502	826.819886	8.61478404	8.61478404	826.819886	826.005132	3.77248477	3.77248477	826.005132	0	0	0	1
p9016_multiseed_chrpair_m0p5_p4_w10_seed71_noise0p05	posterior_same_cross_mass	chr3	chrX	778.130073	208.269349	208.269349	778.130073	396.351712	97.2267482	97.2267482	396.351712	381.778362	111.0426	111.0426	381.778362	0	0	0	1
p9016_multiseed_chrpair_m0p5_p4_w10_seed71_noise0p05	posterior_same_cross_mass	chr4	chr10	2.04344997	5442.92859	5442.92859	2.04344997	0.64932888	2654.52241	2654.52241	0.64932888	1.39412109	2788.40618	2788.40618	1.39412109	1	1	1	1
p9016_multiseed_chrpair_m0p5_p4_w10_seed71_noise0p05	posterior_same_cross_mass	chr4	chr11	1958.32278	8.8453513	8.8453513	1958.32278	1021.53113	6.0537107	6.0537107	1021.53113	936.791647	2.7916406	2.7916406	936.791647	0	0	0	1
p9016_multiseed_chrpair_m0p5_p4_w10_seed71_noise0p05	posterior_same_cross_mass	chr4	chr12	2047.18845	236.476036	236.476036	2047.18845	1007.50653	113.672705	113.672705	1007.50653	1039.68192	122.80333	122.80333	1039.68192	0	0	0	1
p9016_multiseed_chrpair_m0p5_p4_w10_seed71_noise0p05	posterior_same_cross_mass	chr4	chr13	84.2820689	1103.98773	1103.98773	84.2820689	41.6852261	555.264658	555.264658	41.6852261	42.5968427	548.723068	548.723068	42.5968427	1	1	1	1
p9016_multiseed_chrpair_m0p5_p4_w10_seed71_noise0p05	posterior_same_cross_mass	chr4	chr14	1526.90631	139.572498	139.572498	1526.90631	786.260316	68.2267299	68.2267299	786.260316	740.645994	71.3457684	71.3457684	740.645994	0	0	0	1
p9016_multiseed_chrpair_m0p5_p4_w10_seed71_noise0p05	posterior_same_cross_mass	chr4	chr15	905.567219	152.64102	152.64102	905.567219	456.00595	74.5131275	74.5131275	456.00595	449.561269	78.1278921	78.1278921	449.561269	0	0	0	1
p9016_multiseed_chrpair_m0p5_p4_w10_seed71_noise0p05	posterior_same_cross_mass	chr4	chr16	0.349373184	1868.10461	1868.10461	0.349373184	0.293187314	935.98785	935.98785	0.293187314	0.0561858693	932.116757	932.116757	0.0561858693	1	1	1	1
p9016_multiseed_chrpair_m0p5_p4_w10_seed71_noise0p05	posterior_same_cross_mass	chr4	chr17	1558.9758	25.1177899	25.1177899	1558.9758	737.098286	11.2606161	11.2606161	737.098286	821.877509	13.8571738	13.8571738	821.877509	0	0	0	1
p9016_multiseed_chrpair_m0p5_p4_w10_seed71_noise0p05	posterior_same_cross_mass	chr4	chr18	471.375665	159.928736	159.928736	471.375665	223.13035	86.5809889	86.5809889	223.13035	248.245314	73.3477476	73.3477476	248.245314	0	0	0	1
p9016_multiseed_chrpair_m0p5_p4_w10_seed71_noise0p05	posterior_same_cross_mass	chr4	chr19	1073.3237	2.42873796	2.42873796	1073.3237	546.884926	1.88148605	1.88148605	546.884926	526.438772	0.547251907	0.547251907	526.438772	0	0	0	1
p9016_multiseed_chrpair_m0p5_p4_w10_seed71_noise0p05	posterior_same_cross_mass	chr4	chr5	241.322479	4928.80438	4928.80438	241.322479	123.009734	2417.52682	2417.52682	123.009734	118.312745	2511.27756	2511.27756	118.312745	1	1	1	1
p9016_multiseed_chrpair_m0p5_p4_w10_seed71_noise0p05	posterior_same_cross_mass	chr4	chr6	308.281966	987.544527	987.544527	308.281966	151.447734	488.363764	488.363764	151.447734	156.834233	499.180762	499.180762	156.834233	1	1	1	1
p9016_multiseed_chrpair_m0p5_p4_w10_seed71_noise0p05	posterior_same_cross_mass	chr4	chr7	0	5145.49603	5145.49603	0	0	2480.10729	2480.10729	0	0	2665.38874	2665.38874	0	1	1	1	1
p9016_multiseed_chrpair_m0p5_p4_w10_seed71_noise0p05	posterior_same_cross_mass	chr4	chr8	1663.07205	3.6887915	3.6887915	1663.07205	831.757533	2.15574417	2.15574417	831.757533	831.314514	1.53304733	1.53304733	831.314514	0	0	0	1
p9016_multiseed_chrpair_m0p5_p4_w10_seed71_noise0p05	posterior_same_cross_mass	chr4	chr9	2448.63582	12.8797657	12.8797657	2448.63582	1205.21522	8.23037241	8.23037241	1205.21522	1243.4206	4.64939333	4.64939333	1243.4206	0	0	0	1
p9016_multiseed_chrpair_m0p5_p4_w10_seed71_noise0p05	posterior_same_cross_mass	chr4	chrX	3770.42954	404.146538	404.146538	3770.42954	1778.08378	202.33065	202.33065	1778.08378	1992.34576	201.815888	201.815888	1992.34576	0	0	0	1
p9016_multiseed_chrpair_m0p5_p4_w10_seed71_noise0p05	posterior_same_cross_mass	chr5	chr10	3693.98924	56.4846748	56.4846748	3693.98924	1783.83411	27.5471469	27.5471469	1783.83411	1910.15513	28.9375279	28.9375279	1910.15513	0	0	0	1
p9016_multiseed_chrpair_m0p5_p4_w10_seed71_noise0p05	posterior_same_cross_mass	chr5	chr11	1833.91822	138.716234	138.716234	1833.91822	906.996383	81.4744665	81.4744665	906.996383	926.921835	57.2417674	57.2417674	926.921835	0	0	0	1
p9016_multiseed_chrpair_m0p5_p4_w10_seed71_noise0p05	posterior_same_cross_mass	chr5	chr12	659.938861	178.401609	178.401609	659.938861	331.888509	88.8138718	88.8138718	331.888509	328.050352	89.5877376	89.5877376	328.050352	0	0	0	1
p9016_multiseed_chrpair_m0p5_p4_w10_seed71_noise0p05	posterior_same_cross_mass	chr5	chr13	1795.45477	43.3445272	43.3445272	1795.45477	905.718423	23.7233078	23.7233078	905.718423	889.736348	19.6212194	19.6212194	889.736348	0	0	0	1
p9016_multiseed_chrpair_m0p5_p4_w10_seed71_noise0p05	posterior_same_cross_mass	chr5	chr14	1.41273938	3234.66157	3234.66157	1.41273938	0.469777628	1632.02232	1632.02232	0.469777628	0.94296175	1602.63925	1602.63925	0.94296175	1	1	1	1
p9016_multiseed_chrpair_m0p5_p4_w10_seed71_noise0p05	posterior_same_cross_mass	chr5	chr15	1797.3582	0	0	1797.3582	870.138053	0	0	870.138053	927.220151	0	0	927.220151	0	0	0	1
p9016_multiseed_chrpair_m0p5_p4_w10_seed71_noise0p05	posterior_same_cross_mass	chr5	chr16	3597.27236	13.7125043	13.7125043	3597.27236	1824.05469	7.27494292	7.27494292	1824.05469	1773.21767	6.43756143	6.43756143	1773.21767	0	0	0	1
p9016_multiseed_chrpair_m0p5_p4_w10_seed71_noise0p05	posterior_same_cross_mass	chr5	chr17	1291.66815	2.04417478	2.04417478	1291.66815	649.865224	1.51677905	1.51677905	649.865224	641.802923	0.527395727	0.527395727	641.802923	0	0	0	1
p9016_multiseed_chrpair_m0p5_p4_w10_seed71_noise0p05	posterior_same_cross_mass	chr5	chr18	2663.47632	26.3218119	26.3218119	2663.47632	1301.62134	14.6665616	14.6665616	1301.62134	1361.85498	11.6552503	11.6552503	1361.85498	0	0	0	1
p9016_multiseed_chrpair_m0p5_p4_w10_seed71_noise0p05	posterior_same_cross_mass	chr5	chr19	136.316262	1003.126	1003.126	136.316262	64.180393	517.310278	517.310278	64.180393	72.1358687	485.815717	485.815717	72.1358687	1	1	1	1
p9016_multiseed_chrpair_m0p5_p4_w10_seed71_noise0p05	posterior_same_cross_mass	chr5	chr6	1190.77344	298.748168	298.748168	1190.77344	613.123241	144.868755	144.868755	613.123241	577.650197	153.879413	153.879413	577.650197	0	0	0	1
p9016_multiseed_chrpair_m0p5_p4_w10_seed71_noise0p05	posterior_same_cross_mass	chr5	chr7	1187.61004	181.197175	181.197175	1187.61004	597.743589	81.085266	81.085266	597.743589	589.866451	100.111909	100.111909	589.866451	0	0	0	1
p9016_multiseed_chrpair_m0p5_p4_w10_seed71_noise0p05	posterior_same_cross_mass	chr5	chr8	1646.96505	40.0402689	40.0402689	1646.96505	791.162257	17.7792842	17.7792842	791.162257	855.802797	22.2609846	22.2609846	855.802797	0	0	0	1
p9016_multiseed_chrpair_m0p5_p4_w10_seed71_noise0p05	posterior_same_cross_mass	chr5	chr9	4850.83405	207.609124	207.609124	4850.83405	2621.65529	98.1498526	98.1498526	2621.65529	2229.17876	109.459271	109.459271	2229.17876	0	0	0	1
p9016_multiseed_chrpair_m0p5_p4_w10_seed71_noise0p05	posterior_same_cross_mass	chr5	chrX	1642.33206	0	0	1642.33206	865.013091	0	0	865.013091	777.318969	0	0	777.318969	0	0	0	1
p9016_multiseed_chrpair_m0p5_p4_w10_seed71_noise0p05	posterior_same_cross_mass	chr6	chr10	2495.61226	471.911771	471.911771	2495.61226	1304.26859	220.321107	220.321107	1304.26859	1191.34366	251.590663	251.590663	1191.34366	0	0	0	1
p9016_multiseed_chrpair_m0p5_p4_w10_seed71_noise0p05	posterior_same_cross_mass	chr6	chr11	58.5959643	1750.74919	1750.74919	58.5959643	28.1430517	862.595549	862.595549	28.1430517	30.4529126	888.153643	888.153643	30.4529126	1	1	1	1
p9016_multiseed_chrpair_m0p5_p4_w10_seed71_noise0p05	posterior_same_cross_mass	chr6	chr12	59.5880879	1677.08635	1677.08635	59.5880879	31.9765911	824.035369	824.035369	31.9765911	27.6114969	853.050977	853.050977	27.6114969	1	1	1	1
p9016_multiseed_chrpair_m0p5_p4_w10_seed71_noise0p05	posterior_same_cross_mass	chr6	chr13	631.763235	1390.49394	1390.49394	631.763235	275.493982	695.911797	695.911797	275.493982	356.269253	694.582141	694.582141	356.269253	1	1	1	1
p9016_multiseed_chrpair_m0p5_p4_w10_seed71_noise0p05	posterior_same_cross_mass	chr6	chr14	63.1266777	4833.79755	4833.79755	63.1266777	24.3029365	2457.76409	2457.76409	24.3029365	38.8237412	2376.03346	2376.03346	38.8237412	1	1	1	1
p9016_multiseed_chrpair_m0p5_p4_w10_seed71_noise0p05	posterior_same_cross_mass	chr6	chr15	50.3922893	1502.04371	1502.04371	50.3922893	30.132904	742.28891	742.28891	30.132904	20.2593852	759.7548	759.7548	20.2593852	1	1	1	1
p9016_multiseed_chrpair_m0p5_p4_w10_seed71_noise0p05	posterior_same_cross_mass	chr6	chr16	509.846822	2086.42365	2086.42365	509.846822	288.489188	947.883867	947.883867	288.489188	221.357634	1138.53978	1138.53978	221.357634	1	1	1	1
p9016_multiseed_chrpair_m0p5_p4_w10_seed71_noise0p05	posterior_same_cross_mass	chr6	chr17	1392.60116	53.2390808	53.2390808	1392.60116	699.442228	21.0193304	21.0193304	699.442228	693.158935	32.2197504	32.2197504	693.158935	0	0	0	1
p9016_multiseed_chrpair_m0p5_p4_w10_seed71_noise0p05	posterior_same_cross_mass	chr6	chr18	36.5272825	2291.10235	2291.10235	36.5272825	19.8344946	1159.04005	1159.04005	19.8344946	16.6927879	1132.06229	1132.06229	16.6927879	1	1	1	1
p9016_multiseed_chrpair_m0p5_p4_w10_seed71_noise0p05	posterior_same_cross_mass	chr6	chr19	162.820456	1493.17095	1493.17095	162.820456	89.126361	838.553531	838.553531	89.126361	73.6940949	654.617419	654.617419	73.6940949	1	1	1	1
p9016_multiseed_chrpair_m0p5_p4_w10_seed71_noise0p05	posterior_same_cross_mass	chr6	chr7	1423.45532	77.3189797	77.3189797	1423.45532	705.326532	38.2604264	38.2604264	705.326532	718.12879	39.0585533	39.0585533	718.12879	0	0	0	1
p9016_multiseed_chrpair_m0p5_p4_w10_seed71_noise0p05	posterior_same_cross_mass	chr6	chr8	46.8719856	1546.30988	1546.30988	46.8719856	23.7965138	803.729401	803.729401	23.7965138	23.0754718	742.580476	742.580476	23.0754718	1	1	1	1
p9016_multiseed_chrpair_m0p5_p4_w10_seed71_noise0p05	posterior_same_cross_mass	chr6	chr9	1791.91781	132.911889	132.911889	1791.91781	921.365261	77.914434	77.914434	921.365261	870.552545	54.9974545	54.9974545	870.552545	0	0	0	1
p9016_multiseed_chrpair_m0p5_p4_w10_seed71_noise0p05	posterior_same_cross_mass	chr6	chrX	1819.87554	89.5771195	89.5771195	1819.87554	895.091429	47.5557975	47.5557975	895.091429	924.784116	42.021322	42.021322	924.784116	0	0	0	1
p9016_multiseed_chrpair_m0p5_p4_w10_seed71_noise0p05	posterior_same_cross_mass	chr7	chr10	1632.32532	0.0304289052	0.0304289052	1632.32532	827.051859	0	0	827.051859	805.273461	0.0304289052	0.0304289052	805.273461	0	0	0	1
p9016_multiseed_chrpair_m0p5_p4_w10_seed71_noise0p05	posterior_same_cross_mass	chr7	chr11	0.121471488	2043.91978	2043.91978	0.121471488	0.121471488	1024.71239	1024.71239	0.121471488	0	1019.2074	1019.2074	0	1	1	1	1
p9016_multiseed_chrpair_m0p5_p4_w10_seed71_noise0p05	posterior_same_cross_mass	chr7	chr12	1366.58059	1592.48266	1592.48266	1366.58059	707.317045	816.529951	816.529951	707.317045	659.263544	775.952707	775.952707	659.263544	1	1	1	1
p9016_multiseed_chrpair_m0p5_p4_w10_seed71_noise0p05	posterior_same_cross_mass	chr7	chr13	1962.71823	0	0	1962.71823	1024.64954	0	0	1024.64954	938.068689	0	0	938.068689	0	0	0	1
p9016_multiseed_chrpair_m0p5_p4_w10_seed71_noise0p05	posterior_same_cross_mass	chr7	chr14	139.786933	2167.16929	2167.16929	139.786933	72.1500849	1036.42162	1036.42162	72.1500849	67.636848	1130.74767	1130.74767	67.636848	1	1	1	1
p9016_multiseed_chrpair_m0p5_p4_w10_seed71_noise0p05	posterior_same_cross_mass	chr7	chr15	1670.08986	1.04304061	1.04304061	1670.08986	821.18711	0.134002834	0.134002834	821.18711	848.902746	0.909037776	0.909037776	848.902746	0	0	0	1
p9016_multiseed_chrpair_m0p5_p4_w10_seed71_noise0p05	posterior_same_cross_mass	chr7	chr16	1303.38526	0	0	1303.38526	658.460411	0	0	658.460411	644.924847	0	0	644.924847	0	0	0	1
p9016_multiseed_chrpair_m0p5_p4_w10_seed71_noise0p05	posterior_same_cross_mass	chr7	chr17	378.160292	258.470822	258.470822	378.160292	206.089534	129.633297	129.633297	206.089534	172.070758	128.837525	128.837525	172.070758	0	0	0	1
p9016_multiseed_chrpair_m0p5_p4_w10_seed71_noise0p05	posterior_same_cross_mass	chr7	chr18	1.72828641	3135.98004	3135.98004	1.72828641	1.1605529	1501.85772	1501.85772	1.1605529	0.567733516	1634.12232	1634.12232	0.567733516	1	1	1	1
p9016_multiseed_chrpair_m0p5_p4_w10_seed71_noise0p05	posterior_same_cross_mass	chr7	chr19	0	1628.92141	1628.92141	0	0	850.191395	850.191395	0	0	778.730019	778.730019	0	1	1	1	1
p9016_multiseed_chrpair_m0p5_p4_w10_seed71_noise0p05	posterior_same_cross_mass	chr7	chr8	1664.7889	262.233283	262.233283	1664.7889	857.136949	114.870454	114.870454	857.136949	807.651953	147.362829	147.362829	807.651953	0	0	0	1
p9016_multiseed_chrpair_m0p5_p4_w10_seed71_noise0p05	posterior_same_cross_mass	chr7	chr9	13.5031821	1389.49022	1389.49022	13.5031821	6.60381591	718.529901	718.529901	6.60381591	6.89936614	670.960317	670.960317	6.89936614	1	1	1	1
p9016_multiseed_chrpair_m0p5_p4_w10_seed71_noise0p05	posterior_same_cross_mass	chr7	chrX	1352.02602	75.9994527	75.9994527	1352.02602	666.287967	36.1244303	36.1244303	666.287967	685.73805	39.8750224	39.8750224	685.73805	0	0	0	1
p9016_multiseed_chrpair_m0p5_p4_w10_seed71_noise0p05	posterior_same_cross_mass	chr8	chr10	2.20696726	1526.1245	1526.1245	2.20696726	1.38499448	753.266998	753.266998	1.38499448	0.821972779	772.8575	772.8575	0.821972779	1	1	1	1
p9016_multiseed_chrpair_m0p5_p4_w10_seed71_noise0p05	posterior_same_cross_mass	chr8	chr11	8868.92214	0.265874558	0.265874558	8868.92214	4652.65941	0	0	4652.65941	4216.26273	0.265874558	0.265874558	4216.26273	0	0	0	1
p9016_multiseed_chrpair_m0p5_p4_w10_seed71_noise0p05	posterior_same_cross_mass	chr8	chr12	1377.53075	20.355683	20.355683	1377.53075	694.351711	9.67945269	9.67945269	694.351711	683.179034	10.6762304	10.6762304	683.179034	0	0	0	1
p9016_multiseed_chrpair_m0p5_p4_w10_seed71_noise0p05	posterior_same_cross_mass	chr8	chr13	91.3013914	1237.19631	1237.19631	91.3013914	47.985384	619.460522	619.460522	47.985384	43.3160075	617.735792	617.735792	43.3160075	1	1	1	1
p9016_multiseed_chrpair_m0p5_p4_w10_seed71_noise0p05	posterior_same_cross_mass	chr8	chr14	3.22289649	3122.60542	3122.60542	3.22289649	2.40587883	1497.46513	1497.46513	2.40587883	0.817017662	1625.14028	1625.14028	0.817017662	1	1	1	1
p9016_multiseed_chrpair_m0p5_p4_w10_seed71_noise0p05	posterior_same_cross_mass	chr8	chr15	3839.56586	0	0	3839.56586	1976.04898	0	0	1976.04898	1863.51688	0	0	1863.51688	0	0	0	1
p9016_multiseed_chrpair_m0p5_p4_w10_seed71_noise0p05	posterior_same_cross_mass	chr8	chr16	1.92683214	1017.24137	1017.24137	1.92683214	1.3798674	518.983916	518.983916	1.3798674	0.54696474	498.257449	498.257449	0.54696474	1	1	1	1
p9016_multiseed_chrpair_m0p5_p4_w10_seed71_noise0p05	posterior_same_cross_mass	chr8	chr17	1047.51324	20.9968681	20.9968681	1047.51324	502.482712	14.5589214	14.5589214	502.482712	545.03053	6.43794667	6.43794667	545.03053	0	0	0	1
p9016_multiseed_chrpair_m0p5_p4_w10_seed71_noise0p05	posterior_same_cross_mass	chr8	chr18	1256.07097	0	0	1256.07097	624.38993	0	0	624.38993	631.681045	0	0	631.681045	0	0	0	1
p9016_multiseed_chrpair_m0p5_p4_w10_seed71_noise0p05	posterior_same_cross_mass	chr8	chr19	464.053199	743.68732	743.68732	464.053199	305.626281	337.064516	337.064516	305.626281	158.426918	406.622804	406.622804	158.426918	1	1	1	1
p9016_multiseed_chrpair_m0p5_p4_w10_seed71_noise0p05	posterior_same_cross_mass	chr8	chr9	1145.15692	30.1927659	30.1927659	1145.15692	552.407639	14.2636514	14.2636514	552.407639	592.749277	15.9291144	15.9291144	592.749277	0	0	0	1
p9016_multiseed_chrpair_m0p5_p4_w10_seed71_noise0p05	posterior_same_cross_mass	chr8	chrX	21.5666958	1579.24652	1579.24652	21.5666958	9.91822086	782.110315	782.110315	9.91822086	11.648475	797.136202	797.136202	11.648475	1	1	1	1
p9016_multiseed_chrpair_m0p5_p4_w10_seed71_noise0p05	posterior_same_cross_mass	chr9	chr10	11.3407222	1171.42322	1171.42322	11.3407222	6.95092513	601.397531	601.397531	6.95092513	4.3897971	570.025689	570.025689	4.3897971	1	1	1	1
p9016_multiseed_chrpair_m0p5_p4_w10_seed71_noise0p05	posterior_same_cross_mass	chr9	chr11	1496.14082	62.3887002	62.3887002	1496.14082	738.212947	28.3266769	28.3266769	738.212947	757.927872	34.0620233	34.0620233	757.927872	0	0	0	1
p9016_multiseed_chrpair_m0p5_p4_w10_seed71_noise0p05	posterior_same_cross_mass	chr9	chr12	24.9652718	1367.34413	1367.34413	24.9652718	13.4182462	660.661226	660.661226	13.4182462	11.5470256	706.682908	706.682908	11.5470256	1	1	1	1
p9016_multiseed_chrpair_m0p5_p4_w10_seed71_noise0p05	posterior_same_cross_mass	chr9	chr13	44.1196597	1297.67198	1297.67198	44.1196597	19.7189406	631.410933	631.410933	19.7189406	24.4007191	666.261051	666.261051	24.4007191	1	1	1	1
p9016_multiseed_chrpair_m0p5_p4_w10_seed71_noise0p05	posterior_same_cross_mass	chr9	chr14	49.3385014	853.871755	853.871755	49.3385014	23.3593355	427.048589	427.048589	23.3593355	25.9791659	426.823165	426.823165	25.9791659	1	1	1	1
p9016_multiseed_chrpair_m0p5_p4_w10_seed71_noise0p05	posterior_same_cross_mass	chr9	chr15	596.298272	188.264796	188.264796	596.298272	314.522986	94.123151	94.123151	314.522986	281.775286	94.1416452	94.1416452	281.775286	0	0	0	1
p9016_multiseed_chrpair_m0p5_p4_w10_seed71_noise0p05	posterior_same_cross_mass	chr9	chr16	13.4734375	2690.56674	2690.56674	13.4734375	4.04152144	1334.6055	1334.6055	4.04152144	9.43191605	1355.96124	1355.96124	9.43191605	1	1	1	1
p9016_multiseed_chrpair_m0p5_p4_w10_seed71_noise0p05	posterior_same_cross_mass	chr9	chr17	3340.80055	20.8115123	20.8115123	3340.80055	1724.79556	9.59594723	9.59594723	1724.79556	1616.00499	11.215565	11.215565	1616.00499	0	0	0	1
p9016_multiseed_chrpair_m0p5_p4_w10_seed71_noise0p05	posterior_same_cross_mass	chr9	chr18	173.329305	539.600535	539.600535	173.329305	76.6999854	268.598433	268.598433	76.6999854	96.6293192	271.002103	271.002103	96.6293192	1	1	1	1
p9016_multiseed_chrpair_m0p5_p4_w10_seed71_noise0p05	posterior_same_cross_mass	chr9	chr19	493.884078	36.5176959	36.5176959	493.884078	242.340856	16.2658823	16.2658823	242.340856	251.543222	20.2518136	20.2518136	251.543222	0	0	0	1
p9016_multiseed_chrpair_m0p5_p4_w10_seed71_noise0p05	posterior_same_cross_mass	chr9	chrX	371.194646	1004.65644	1004.65644	371.194646	197.136852	580.920637	580.920637	197.136852	174.057794	423.7358	423.7358	174.057794	1	1	1	1
p9016_multiseed_chrpair_m0p5_p4_w10_seed71_noise0p05	same_cross_distance_sum	chr1	chr10	94.2581909	4294.27548	4294.27548	94.2581909	48.1022336	2116.88488	2116.88488	48.1022336	46.1559573	2177.39061	2177.39061	46.1559573	1	1	1	1
p9016_multiseed_chrpair_m0p5_p4_w10_seed71_noise0p05	same_cross_distance_sum	chr1	chr11	607.5931	10270.1449	10270.1449	607.5931	288.431013	4981.69897	4981.69897	288.431013	319.162087	5288.44595	5288.44595	319.162087	1	1	1	1
p9016_multiseed_chrpair_m0p5_p4_w10_seed71_noise0p05	same_cross_distance_sum	chr1	chr12	15.1085411	8842.1275	8842.1275	15.1085411	7.82351629	4511.55337	4511.55337	7.82351629	7.28502485	4330.57413	4330.57413	7.28502485	1	1	1	1
p9016_multiseed_chrpair_m0p5_p4_w10_seed71_noise0p05	same_cross_distance_sum	chr1	chr13	19.1141913	9163.70721	9163.70721	19.1141913	11.37251	4687.84633	4687.84633	11.37251	7.7416813	4475.86089	4475.86089	7.7416813	1	1	1	1
p9016_multiseed_chrpair_m0p5_p4_w10_seed71_noise0p05	same_cross_distance_sum	chr1	chr14	7460.70013	0	0	7460.70013	3718.86036	0	0	3718.86036	3741.83977	0	0	3741.83977	0	0	0	1
p9016_multiseed_chrpair_m0p5_p4_w10_seed71_noise0p05	same_cross_distance_sum	chr1	chr15	2.38090127	13645.9082	13645.9082	2.38090127	1.76636185	6747.87557	6747.87557	1.76636185	0.614539423	6898.03267	6898.03267	0.614539423	1	1	1	1
p9016_multiseed_chrpair_m0p5_p4_w10_seed71_noise0p05	same_cross_distance_sum	chr1	chr16	348.519104	2595.89294	2595.89294	348.519104	176.941868	1316.49299	1316.49299	176.941868	171.577235	1279.39996	1279.39996	171.577235	1	1	1	1
p9016_multiseed_chrpair_m0p5_p4_w10_seed71_noise0p05	same_cross_distance_sum	chr1	chr17	8933.24627	654.006648	654.006648	8933.24627	4228.88943	362.437606	362.437606	4228.88943	4704.35684	291.569042	291.569042	4704.35684	0	0	0	1
p9016_multiseed_chrpair_m0p5_p4_w10_seed71_noise0p05	same_cross_distance_sum	chr1	chr18	5.26256892	5321.31852	5321.31852	5.26256892	3.52334442	2444.70112	2444.70112	3.52334442	1.7392245	2876.61739	2876.61739	1.7392245	1	1	1	1
p9016_multiseed_chrpair_m0p5_p4_w10_seed71_noise0p05	same_cross_distance_sum	chr1	chr19	3129.70098	16.8322031	16.8322031	3129.70098	1529.23381	10.1334368	10.1334368	1529.23381	1600.46716	6.69876637	6.69876637	1600.46716	0	0	0	1
p9016_multiseed_chrpair_m0p5_p4_w10_seed71_noise0p05	same_cross_distance_sum	chr1	chr2	7133.63979	2626.67673	2626.67673	7133.63979	3594.24686	1185.49849	1185.49849	3594.24686	3539.39293	1441.17824	1441.17824	3539.39293	0	0	0	1
p9016_multiseed_chrpair_m0p5_p4_w10_seed71_noise0p05	same_cross_distance_sum	chr1	chr3	19080.7297	0	0	19080.7297	9604.88321	0	0	9604.88321	9475.84649	0	0	9475.84649	0	0	0	1
p9016_multiseed_chrpair_m0p5_p4_w10_seed71_noise0p05	same_cross_distance_sum	chr1	chr4	3454.78679	1592.82288	1592.82288	3454.78679	1725.50325	793.038125	793.038125	1725.50325	1729.28354	799.78475	799.78475	1729.28354	0	0	0	1
p9016_multiseed_chrpair_m0p5_p4_w10_seed71_noise0p05	same_cross_distance_sum	chr1	chr5	259.579453	5393.07303	5393.07303	259.579453	124.412048	2771.71639	2771.71639	124.412048	135.167405	2621.35664	2621.35664	135.167405	1	1	1	1
p9016_multiseed_chrpair_m0p5_p4_w10_seed71_noise0p05	same_cross_distance_sum	chr1	chr6	6069.44453	235.354199	235.354199	6069.44453	2999.43766	87.8636822	87.8636822	2999.43766	3070.00687	147.490517	147.490517	3070.00687	0	0	0	1
p9016_multiseed_chrpair_m0p5_p4_w10_seed71_noise0p05	same_cross_distance_sum	chr1	chr7	0	14984.6913	14984.6913	0	0	7669.13702	7669.13702	0	0	7315.55428	7315.55428	0	1	1	1	1
p9016_multiseed_chrpair_m0p5_p4_w10_seed71_noise0p05	same_cross_distance_sum	chr1	chr8	25.3534015	20695.9937	20695.9937	25.3534015	10.1305334	10874.8177	10874.8177	10.1305334	15.2228681	9821.17598	9821.17598	15.2228681	1	1	1	1
p9016_multiseed_chrpair_m0p5_p4_w10_seed71_noise0p05	same_cross_distance_sum	chr1	chr9	2577.5672	1118.91906	1118.91906	2577.5672	1244.24796	584.387725	584.387725	1244.24796	1333.31924	534.531333	534.531333	1333.31924	0	0	0	1
p9016_multiseed_chrpair_m0p5_p4_w10_seed71_noise0p05	same_cross_distance_sum	chr1	chrX	10668.8788	2265.48116	2265.48116	10668.8788	5356.01792	1123.73597	1123.73597	5356.01792	5312.86093	1141.74519	1141.74519	5312.86093	0	0	0	1
p9016_multiseed_chrpair_m0p5_p4_w10_seed71_noise0p05	same_cross_distance_sum	chr10	chr11	0	8137.08629	8137.08629	0	0	4076.19225	4076.19225	0	0	4060.89404	4060.89404	0	1	1	1	1
p9016_multiseed_chrpair_m0p5_p4_w10_seed71_noise0p05	same_cross_distance_sum	chr10	chr12	187.128026	6686.79703	6686.79703	187.128026	104.360959	3730.89099	3730.89099	104.360959	82.7670677	2955.90604	2955.90604	82.7670677	1	1	1	1
p9016_multiseed_chrpair_m0p5_p4_w10_seed71_noise0p05	same_cross_distance_sum	chr10	chr13	9859.30981	28.2683097	28.2683097	9859.30981	4920.16781	20.8292038	20.8292038	4920.16781	4939.142	7.43910589	7.43910589	4939.142	0	0	0	1
p9016_multiseed_chrpair_m0p5_p4_w10_seed71_noise0p05	same_cross_distance_sum	chr10	chr14	0	5061.25787	5061.25787	0	0	2524.93763	2524.93763	0	0	2536.32024	2536.32024	0	1	1	1	1
p9016_multiseed_chrpair_m0p5_p4_w10_seed71_noise0p05	same_cross_distance_sum	chr10	chr15	64.471809	4863.13785	4863.13785	64.471809	30.9856509	2389.25696	2389.25696	30.9856509	33.4861581	2473.88089	2473.88089	33.4861581	1	1	1	1
p9016_multiseed_chrpair_m0p5_p4_w10_seed71_noise0p05	same_cross_distance_sum	chr10	chr16	19809.0637	0	0	19809.0637	9534.74165	0	0	9534.74165	10274.322	0	0	10274.322	0	0	0	1
p9016_multiseed_chrpair_m0p5_p4_w10_seed71_noise0p05	same_cross_distance_sum	chr10	chr17	0	9842.63064	9842.63064	0	0	5138.93846	5138.93846	0	0	4703.69218	4703.69218	0	1	1	1	1
p9016_multiseed_chrpair_m0p5_p4_w10_seed71_noise0p05	same_cross_distance_sum	chr10	chr18	54.8950209	5463.3582	5463.3582	54.8950209	29.1764553	2887.2875	2887.2875	29.1764553	25.7185657	2576.07069	2576.07069	25.7185657	1	1	1	1
p9016_multiseed_chrpair_m0p5_p4_w10_seed71_noise0p05	same_cross_distance_sum	chr10	chr19	0	5831.65201	5831.65201	0	0	2959.42541	2959.42541	0	0	2872.2266	2872.2266	0	1	1	1	1
p9016_multiseed_chrpair_m0p5_p4_w10_seed71_noise0p05	same_cross_distance_sum	chr10	chrX	44.2794321	3767.59548	3767.59548	44.2794321	19.7952216	1997.22862	1997.22862	19.7952216	24.4842106	1770.36686	1770.36686	24.4842106	1	1	1	1
p9016_multiseed_chrpair_m0p5_p4_w10_seed71_noise0p05	same_cross_distance_sum	chr11	chr12	8596.42418	2.56424122	2.56424122	8596.42418	4267.7069	1.35354536	1.35354536	4267.7069	4328.71728	1.21069586	1.21069586	4328.71728	0	0	0	1
p9016_multiseed_chrpair_m0p5_p4_w10_seed71_noise0p05	same_cross_distance_sum	chr11	chr13	7.56311572	13638.7765	13638.7765	7.56311572	2.91149445	6776.11379	6776.11379	2.91149445	4.65162127	6862.66271	6862.66271	4.65162127	1	1	1	1
p9016_multiseed_chrpair_m0p5_p4_w10_seed71_noise0p05	same_cross_distance_sum	chr11	chr14	558.071413	2730.67635	2730.67635	558.071413	293.224865	1338.26986	1338.26986	293.224865	264.846547	1392.40648	1392.40648	264.846547	1	1	1	1
p9016_multiseed_chrpair_m0p5_p4_w10_seed71_noise0p05	same_cross_distance_sum	chr11	chr15	6472.92056	1.80693895	1.80693895	6472.92056	3106.29247	0.929617193	0.929617193	3106.29247	3366.62808	0.877321762	0.877321762	3366.62808	0	0	0	1
p9016_multiseed_chrpair_m0p5_p4_w10_seed71_noise0p05	same_cross_distance_sum	chr11	chr16	0	7326.55449	7326.55449	0	0	3611.36227	3611.36227	0	0	3715.19222	3715.19222	0	1	1	1	1
p9016_multiseed_chrpair_m0p5_p4_w10_seed71_noise0p05	same_cross_distance_sum	chr11	chr17	5683.91145	1.84655587	1.84655587	5683.91145	2857.21957	0.421520533	0.421520533	2857.21957	2826.69188	1.42503533	1.42503533	2826.69188	0	0	0	1
p9016_multiseed_chrpair_m0p5_p4_w10_seed71_noise0p05	same_cross_distance_sum	chr11	chr18	8336.13452	0	0	8336.13452	4337.01892	0	0	4337.01892	3999.1156	0	0	3999.1156	0	0	0	1
p9016_multiseed_chrpair_m0p5_p4_w10_seed71_noise0p05	same_cross_distance_sum	chr11	chr19	11276.5359	0	0	11276.5359	5583.10606	0	0	5583.10606	5693.4298	0	0	5693.4298	0	0	0	1
p9016_multiseed_chrpair_m0p5_p4_w10_seed71_noise0p05	same_cross_distance_sum	chr11	chrX	1185.91595	4081.06949	4081.06949	1185.91595	617.997779	2138.48759	2138.48759	617.997779	567.918171	1942.5819	1942.5819	567.918171	1	1	1	1
p9016_multiseed_chrpair_m0p5_p4_w10_seed71_noise0p05	same_cross_distance_sum	chr12	chr13	7502.19942	6042.57735	6042.57735	7502.19942	3405.86508	2837.78944	2837.78944	3405.86508	4096.33434	3204.78791	3204.78791	4096.33434	0	0	0	1
p9016_multiseed_chrpair_m0p5_p4_w10_seed71_noise0p05	same_cross_distance_sum	chr12	chr14	653.7523	1911.53441	1911.53441	653.7523	326.141438	985.075016	985.075016	326.141438	327.610862	926.459396	926.459396	327.610862	1	1	1	1
p9016_multiseed_chrpair_m0p5_p4_w10_seed71_noise0p05	same_cross_distance_sum	chr12	chr15	10296.5396	34.5761867	34.5761867	10296.5396	5167.87242	17.6111727	17.6111727	5167.87242	5128.66716	16.9650141	16.9650141	5128.66716	0	0	0	1
p9016_multiseed_chrpair_m0p5_p4_w10_seed71_noise0p05	same_cross_distance_sum	chr12	chr16	252.242777	2540.0512	2540.0512	252.242777	128.616937	1300.82901	1300.82901	128.616937	123.62584	1239.22219	1239.22219	123.62584	1	1	1	1
p9016_multiseed_chrpair_m0p5_p4_w10_seed71_noise0p05	same_cross_distance_sum	chr12	chr17	3090.62428	983.000586	983.000586	3090.62428	1576.11773	578.046098	578.046098	1576.11773	1514.50655	404.954488	404.954488	1514.50655	0	0	0	1
p9016_multiseed_chrpair_m0p5_p4_w10_seed71_noise0p05	same_cross_distance_sum	chr12	chr18	8330.74908	0	0	8330.74908	3725.75015	0	0	3725.75015	4604.99893	0	0	4604.99893	0	0	0	1
p9016_multiseed_chrpair_m0p5_p4_w10_seed71_noise0p05	same_cross_distance_sum	chr12	chr19	4392.33648	601.707598	601.707598	4392.33648	1846.34933	296.787711	296.787711	1846.34933	2545.98715	304.919887	304.919887	2545.98715	0	0	0	1
p9016_multiseed_chrpair_m0p5_p4_w10_seed71_noise0p05	same_cross_distance_sum	chr12	chrX	925.531766	1218.53994	1218.53994	925.531766	496.308454	655.429013	655.429013	496.308454	429.223312	563.110927	563.110927	429.223312	1	1	1	1
p9016_multiseed_chrpair_m0p5_p4_w10_seed71_noise0p05	same_cross_distance_sum	chr13	chr14	0	7946.40559	7946.40559	0	0	3819.63917	3819.63917	0	0	4126.76643	4126.76643	0	1	1	1	1
p9016_multiseed_chrpair_m0p5_p4_w10_seed71_noise0p05	same_cross_distance_sum	chr13	chr15	2623.36302	145.785633	145.785633	2623.36302	1287.13609	72.4611326	72.4611326	1287.13609	1336.22693	73.3245004	73.3245004	1336.22693	0	0	0	1
p9016_multiseed_chrpair_m0p5_p4_w10_seed71_noise0p05	same_cross_distance_sum	chr13	chr16	12589.7856	0	0	12589.7856	6390.06813	0	0	6390.06813	6199.71746	0	0	6199.71746	0	0	0	1
p9016_multiseed_chrpair_m0p5_p4_w10_seed71_noise0p05	same_cross_distance_sum	chr13	chr17	75.0983045	8973.38911	8973.38911	75.0983045	38.2384557	4576.79409	4576.79409	38.2384557	36.8598488	4396.59502	4396.59502	36.8598488	1	1	1	1
p9016_multiseed_chrpair_m0p5_p4_w10_seed71_noise0p05	same_cross_distance_sum	chr13	chr18	1271.14594	3058.18186	3058.18186	1271.14594	579.400461	1344.96622	1344.96622	579.400461	691.745478	1713.21564	1713.21564	691.745478	1	1	1	1
p9016_multiseed_chrpair_m0p5_p4_w10_seed71_noise0p05	same_cross_distance_sum	chr13	chr19	0	17239.8066	17239.8066	0	0	7801.35189	7801.35189	0	0	9438.45473	9438.45473	0	1	1	1	1
p9016_multiseed_chrpair_m0p5_p4_w10_seed71_noise0p05	same_cross_distance_sum	chr13	chrX	3448.11574	628.587256	628.587256	3448.11574	1682.82271	356.757704	356.757704	1682.82271	1765.29303	271.829552	271.829552	1765.29303	0	0	0	1
p9016_multiseed_chrpair_m0p5_p4_w10_seed71_noise0p05	same_cross_distance_sum	chr14	chr15	0	5042.69491	5042.69491	0	0	2498.21086	2498.21086	0	0	2544.48405	2544.48405	0	1	1	1	1
p9016_multiseed_chrpair_m0p5_p4_w10_seed71_noise0p05	same_cross_distance_sum	chr14	chr16	2.49775227	2126.34847	2126.34847	2.49775227	1.37005837	1090.46722	1090.46722	1.37005837	1.1276939	1035.88125	1035.88125	1.1276939	1	1	1	1
p9016_multiseed_chrpair_m0p5_p4_w10_seed71_noise0p05	same_cross_distance_sum	chr14	chr17	43.0921804	1496.01682	1496.01682	43.0921804	17.180347	746.13894	746.13894	17.180347	25.9118334	749.87788	749.87788	25.9118334	1	1	1	1
p9016_multiseed_chrpair_m0p5_p4_w10_seed71_noise0p05	same_cross_distance_sum	chr14	chr18	1526.51345	1193.00589	1193.00589	1526.51345	666.528051	566.906282	566.906282	666.528051	859.985399	626.099605	626.099605	859.985399	0	0	0	1
p9016_multiseed_chrpair_m0p5_p4_w10_seed71_noise0p05	same_cross_distance_sum	chr14	chr19	5827.37744	0	0	5827.37744	3139.17186	0	0	3139.17186	2688.20559	0	0	2688.20559	0	0	0	1
p9016_multiseed_chrpair_m0p5_p4_w10_seed71_noise0p05	same_cross_distance_sum	chr14	chrX	2.31323999	4143.82575	4143.82575	2.31323999	0.644234438	2142.24402	2142.24402	0.644234438	1.66900555	2001.58172	2001.58172	1.66900555	1	1	1	1
p9016_multiseed_chrpair_m0p5_p4_w10_seed71_noise0p05	same_cross_distance_sum	chr15	chr16	106.964622	1685.1652	1685.1652	106.964622	60.030705	901.567487	901.567487	60.030705	46.9339167	783.597714	783.597714	46.9339167	1	1	1	1
p9016_multiseed_chrpair_m0p5_p4_w10_seed71_noise0p05	same_cross_distance_sum	chr15	chr17	12312.6516	3.64732903	3.64732903	12312.6516	6332.56325	2.85706038	2.85706038	6332.56325	5980.08831	0.790268652	0.790268652	5980.08831	0	0	0	1
p9016_multiseed_chrpair_m0p5_p4_w10_seed71_noise0p05	same_cross_distance_sum	chr15	chr18	12646.4878	0	0	12646.4878	6000.3036	0	0	6000.3036	6646.18418	0	0	6646.18418	0	0	0	1
p9016_multiseed_chrpair_m0p5_p4_w10_seed71_noise0p05	same_cross_distance_sum	chr15	chr19	58.7272173	2558.8706	2558.8706	58.7272173	24.3289469	1276.48629	1276.48629	24.3289469	34.3982705	1282.38431	1282.38431	34.3982705	1	1	1	1
p9016_multiseed_chrpair_m0p5_p4_w10_seed71_noise0p05	same_cross_distance_sum	chr15	chrX	5514.09688	1.90796891	1.90796891	5514.09688	2836.45204	0.593484313	0.593484313	2836.45204	2677.64484	1.3144846	1.3144846	2677.64484	0	0	0	1
p9016_multiseed_chrpair_m0p5_p4_w10_seed71_noise0p05	same_cross_distance_sum	chr16	chr17	3.40147998	3746.66564	3746.66564	3.40147998	2.3401206	1900.28803	1900.28803	2.3401206	1.06135938	1846.37761	1846.37761	1.06135938	1	1	1	1
p9016_multiseed_chrpair_m0p5_p4_w10_seed71_noise0p05	same_cross_distance_sum	chr16	chr18	135.18441	4338.21245	4338.21245	135.18441	51.9359284	2082.60922	2082.60922	51.9359284	83.2484813	2255.60324	2255.60324	83.2484813	1	1	1	1
p9016_multiseed_chrpair_m0p5_p4_w10_seed71_noise0p05	same_cross_distance_sum	chr16	chr19	0	7018.92184	7018.92184	0	0	3313.16325	3313.16325	0	0	3705.75858	3705.75858	0	1	1	1	1
p9016_multiseed_chrpair_m0p5_p4_w10_seed71_noise0p05	same_cross_distance_sum	chr16	chrX	407.025143	936.184351	936.184351	407.025143	195.130801	466.73041	466.73041	195.130801	211.894342	469.45394	469.45394	211.894342	1	1	1	1
p9016_multiseed_chrpair_m0p5_p4_w10_seed71_noise0p05	same_cross_distance_sum	chr17	chr18	2359.07074	3.88091256	3.88091256	2359.07074	1230.51445	1.36596348	1.36596348	1230.51445	1128.55628	2.51494909	2.51494909	1128.55628	0	0	0	1
p9016_multiseed_chrpair_m0p5_p4_w10_seed71_noise0p05	same_cross_distance_sum	chr17	chr19	1653.14747	187.40857	187.40857	1653.14747	822.665018	78.5899521	78.5899521	822.665018	830.482451	108.818618	108.818618	830.482451	0	0	0	1
p9016_multiseed_chrpair_m0p5_p4_w10_seed71_noise0p05	same_cross_distance_sum	chr17	chrX	13826.2951	0	0	13826.2951	6562.12168	0	0	6562.12168	7264.17346	0	0	7264.17346	0	0	0	1
p9016_multiseed_chrpair_m0p5_p4_w10_seed71_noise0p05	same_cross_distance_sum	chr18	chr19	4083.80944	30.8387137	30.8387137	4083.80944	1940.44713	10.2771878	10.2771878	1940.44713	2143.36231	20.5615258	20.5615258	2143.36231	0	0	0	1
p9016_multiseed_chrpair_m0p5_p4_w10_seed71_noise0p05	same_cross_distance_sum	chr18	chrX	1725.44375	33.4602027	33.4602027	1725.44375	836.005086	19.6672012	19.6672012	836.005086	889.438667	13.7930015	13.7930015	889.438667	0	0	0	1
p9016_multiseed_chrpair_m0p5_p4_w10_seed71_noise0p05	same_cross_distance_sum	chr19	chrX	231.971406	689.655367	689.655367	231.971406	101.991944	326.333304	326.333304	101.991944	129.979462	363.322062	363.322062	129.979462	1	1	1	1
p9016_multiseed_chrpair_m0p5_p4_w10_seed71_noise0p05	same_cross_distance_sum	chr2	chr10	1149.26169	7807.57499	7807.57499	1149.26169	615.541811	3953.13389	3953.13389	615.541811	533.71988	3854.44111	3854.44111	533.71988	1	1	1	1
p9016_multiseed_chrpair_m0p5_p4_w10_seed71_noise0p05	same_cross_distance_sum	chr2	chr11	14691.8631	655.869803	655.869803	14691.8631	7370.41774	324.85747	324.85747	7370.41774	7321.4454	331.012334	331.012334	7321.4454	0	0	0	1
p9016_multiseed_chrpair_m0p5_p4_w10_seed71_noise0p05	same_cross_distance_sum	chr2	chr12	4442.19502	593.636649	593.636649	4442.19502	2083.68642	315.095004	315.095004	2083.68642	2358.5086	278.541644	278.541644	2358.5086	0	0	0	1
p9016_multiseed_chrpair_m0p5_p4_w10_seed71_noise0p05	same_cross_distance_sum	chr2	chr13	506.280109	9448.53668	9448.53668	506.280109	211.987034	4860.13891	4860.13891	211.987034	294.293075	4588.39777	4588.39777	294.293075	1	1	1	1
p9016_multiseed_chrpair_m0p5_p4_w10_seed71_noise0p05	same_cross_distance_sum	chr2	chr14	3799.40297	945.311602	945.311602	3799.40297	1892.98917	485.53388	485.53388	1892.98917	1906.4138	459.777722	459.777722	1906.4138	0	0	0	1
p9016_multiseed_chrpair_m0p5_p4_w10_seed71_noise0p05	same_cross_distance_sum	chr2	chr15	1265.01733	935.10013	935.10013	1265.01733	587.471108	435.192738	435.192738	587.471108	677.546218	499.907391	499.907391	677.546218	0	0	0	1
p9016_multiseed_chrpair_m0p5_p4_w10_seed71_noise0p05	same_cross_distance_sum	chr2	chr16	46.4889858	22942.3375	22942.3375	46.4889858	22.845643	11579.9151	11579.9151	22.845643	23.6433428	11362.4224	11362.4224	23.6433428	1	1	1	1
p9016_multiseed_chrpair_m0p5_p4_w10_seed71_noise0p05	same_cross_distance_sum	chr2	chr17	4583.12128	503.971338	503.971338	4583.12128	2350.15559	219.219383	219.219383	2350.15559	2232.96569	284.751956	284.751956	2232.96569	0	0	0	1
p9016_multiseed_chrpair_m0p5_p4_w10_seed71_noise0p05	same_cross_distance_sum	chr2	chr18	4233.22793	311.398606	311.398606	4233.22793	2015.14662	125.947384	125.947384	2015.14662	2218.08132	185.451222	185.451222	2218.08132	0	0	0	1
p9016_multiseed_chrpair_m0p5_p4_w10_seed71_noise0p05	same_cross_distance_sum	chr2	chr19	5266.27937	893.472147	893.472147	5266.27937	2650.78684	470.944522	470.944522	2650.78684	2615.49254	422.527625	422.527625	2615.49254	0	0	0	1
p9016_multiseed_chrpair_m0p5_p4_w10_seed71_noise0p05	same_cross_distance_sum	chr2	chr3	7124.45963	624.106304	624.106304	7124.45963	3576.00673	244.94918	244.94918	3576.00673	3548.4529	379.157124	379.157124	3548.4529	0	0	0	1
p9016_multiseed_chrpair_m0p5_p4_w10_seed71_noise0p05	same_cross_distance_sum	chr2	chr4	15977.5434	267.038615	267.038615	15977.5434	7409.12144	156.318719	156.318719	7409.12144	8568.42199	110.719896	110.719896	8568.42199	0	0	0	1
p9016_multiseed_chrpair_m0p5_p4_w10_seed71_noise0p05	same_cross_distance_sum	chr2	chr5	652.957609	4566.81451	4566.81451	652.957609	334.06495	2276.13958	2276.13958	334.06495	318.892659	2290.67493	2290.67493	318.892659	1	1	1	1
p9016_multiseed_chrpair_m0p5_p4_w10_seed71_noise0p05	same_cross_distance_sum	chr2	chr6	750.103397	9392.69779	9392.69779	750.103397	385.064712	4793.80467	4793.80467	385.064712	365.038684	4598.89312	4598.89312	365.038684	1	1	1	1
p9016_multiseed_chrpair_m0p5_p4_w10_seed71_noise0p05	same_cross_distance_sum	chr2	chr7	461.799701	13375.5817	13375.5817	461.799701	244.228133	6350.15297	6350.15297	244.228133	217.571568	7025.42871	7025.42871	217.571568	1	1	1	1
p9016_multiseed_chrpair_m0p5_p4_w10_seed71_noise0p05	same_cross_distance_sum	chr2	chr8	18827.3139	62.7795388	62.7795388	18827.3139	8965.94285	25.0080809	25.0080809	8965.94285	9861.37107	37.7714579	37.7714579	9861.37107	0	0	0	1
p9016_multiseed_chrpair_m0p5_p4_w10_seed71_noise0p05	same_cross_distance_sum	chr2	chr9	24979.2461	285.975831	285.975831	24979.2461	12368.0035	133.395268	133.395268	12368.0035	12611.2426	152.580563	152.580563	12611.2426	0	0	0	1
p9016_multiseed_chrpair_m0p5_p4_w10_seed71_noise0p05	same_cross_distance_sum	chr2	chrX	282.445922	7365.24855	7365.24855	282.445922	126.158624	3686.0772	3686.0772	126.158624	156.287298	3679.17135	3679.17135	156.287298	1	1	1	1
p9016_multiseed_chrpair_m0p5_p4_w10_seed71_noise0p05	same_cross_distance_sum	chr3	chr10	990.598729	661.600204	661.600204	990.598729	465.915059	321.897971	321.897971	465.915059	524.68367	339.702233	339.702233	524.68367	0	0	0	1
p9016_multiseed_chrpair_m0p5_p4_w10_seed71_noise0p05	same_cross_distance_sum	chr3	chr11	213.927603	4142.49356	4142.49356	213.927603	113.207496	2085.68643	2085.68643	113.207496	100.720107	2056.80713	2056.80713	100.720107	1	1	1	1
p9016_multiseed_chrpair_m0p5_p4_w10_seed71_noise0p05	same_cross_distance_sum	chr3	chr12	114.40886	16584.5277	16584.5277	114.40886	63.0250333	9382.08341	9382.08341	63.0250333	51.3838264	7202.44434	7202.44434	51.3838264	1	1	1	1
p9016_multiseed_chrpair_m0p5_p4_w10_seed71_noise0p05	same_cross_distance_sum	chr3	chr13	195.271869	9243.35053	9243.35053	195.271869	84.9100769	4568.56181	4568.56181	84.9100769	110.361792	4674.78873	4674.78873	110.361792	1	1	1	1
p9016_multiseed_chrpair_m0p5_p4_w10_seed71_noise0p05	same_cross_distance_sum	chr3	chr14	8023.38347	0	0	8023.38347	3911.95154	0	0	3911.95154	4111.43193	0	0	4111.43193	0	0	0	1
p9016_multiseed_chrpair_m0p5_p4_w10_seed71_noise0p05	same_cross_distance_sum	chr3	chr15	0	10408.2393	10408.2393	0	0	5478.16286	5478.16286	0	0	4930.07641	4930.07641	0	1	1	1	1
p9016_multiseed_chrpair_m0p5_p4_w10_seed71_noise0p05	same_cross_distance_sum	chr3	chr16	77.3365292	1368.32419	1368.32419	77.3365292	43.512077	724.81095	724.81095	43.512077	33.8244522	643.513243	643.513243	33.8244522	1	1	1	1
p9016_multiseed_chrpair_m0p5_p4_w10_seed71_noise0p05	same_cross_distance_sum	chr3	chr17	516.527628	2255.17981	2255.17981	516.527628	275.874689	1109.40151	1109.40151	275.874689	240.652939	1145.7783	1145.7783	240.652939	1	1	1	1
p9016_multiseed_chrpair_m0p5_p4_w10_seed71_noise0p05	same_cross_distance_sum	chr3	chr18	96.737114	7615.47863	7615.47863	96.737114	51.6410389	3996.73087	3996.73087	51.6410389	45.0960751	3618.74776	3618.74776	45.0960751	1	1	1	1
p9016_multiseed_chrpair_m0p5_p4_w10_seed71_noise0p05	same_cross_distance_sum	chr3	chr19	1764.70325	147.70054	147.70054	1764.70325	891.158735	100.838108	100.838108	891.158735	873.54452	46.8624322	46.8624322	873.54452	0	0	0	1
p9016_multiseed_chrpair_m0p5_p4_w10_seed71_noise0p05	same_cross_distance_sum	chr3	chr4	1180.85013	1790.13304	1790.13304	1180.85013	606.419119	875.45539	875.45539	606.419119	574.431012	914.677652	914.677652	574.431012	1	1	1	1
p9016_multiseed_chrpair_m0p5_p4_w10_seed71_noise0p05	same_cross_distance_sum	chr3	chr5	0.725879883	7251.87436	7251.87436	0.725879883	0.34277099	3434.22244	3434.22244	0.34277099	0.383108893	3817.65192	3817.65192	0.383108893	1	1	1	1
p9016_multiseed_chrpair_m0p5_p4_w10_seed71_noise0p05	same_cross_distance_sum	chr3	chr6	1067.54198	470.224519	470.224519	1067.54198	502.677138	218.911361	218.911361	502.677138	564.864845	251.313158	251.313158	564.864845	0	0	0	1
p9016_multiseed_chrpair_m0p5_p4_w10_seed71_noise0p05	same_cross_distance_sum	chr3	chr7	0	34382.9531	34382.9531	0	0	17080.637	17080.637	0	0	17302.3161	17302.3161	0	1	1	1	1
p9016_multiseed_chrpair_m0p5_p4_w10_seed71_noise0p05	same_cross_distance_sum	chr3	chr8	22.1021077	11424.3724	11424.3724	22.1021077	10.3295919	5468.69054	5468.69054	10.3295919	11.7725158	5955.68186	5955.68186	11.7725158	1	1	1	1
p9016_multiseed_chrpair_m0p5_p4_w10_seed71_noise0p05	same_cross_distance_sum	chr3	chr9	2249.59617	146.862171	146.862171	2249.59617	1140.8814	84.3590255	84.3590255	1140.8814	1108.71477	62.5031455	62.5031455	1108.71477	0	0	0	1
p9016_multiseed_chrpair_m0p5_p4_w10_seed71_noise0p05	same_cross_distance_sum	chr3	chrX	56.9529437	5191.04397	5191.04397	56.9529437	24.1908748	2626.13029	2626.13029	24.1908748	32.7620689	2564.91369	2564.91369	32.7620689	1	1	1	1
p9016_multiseed_chrpair_m0p5_p4_w10_seed71_noise0p05	same_cross_distance_sum	chr4	chr10	0	25798.6605	25798.6605	0	0	12563.3094	12563.3094	0	0	13235.3511	13235.3511	0	1	1	1	1
p9016_multiseed_chrpair_m0p5_p4_w10_seed71_noise0p05	same_cross_distance_sum	chr4	chr11	9485.26848	0	0	9485.26848	4874.70023	0	0	4874.70023	4610.56825	0	0	4610.56825	0	0	0	1
p9016_multiseed_chrpair_m0p5_p4_w10_seed71_noise0p05	same_cross_distance_sum	chr4	chr12	9738.03324	199.030069	199.030069	9738.03324	4904.28216	95.228279	95.228279	4904.28216	4833.75108	103.80179	103.80179	4833.75108	0	0	0	1
p9016_multiseed_chrpair_m0p5_p4_w10_seed71_noise0p05	same_cross_distance_sum	chr4	chr13	45.8091499	4857.02496	4857.02496	45.8091499	19.2100212	2447.64175	2447.64175	19.2100212	26.5991287	2409.38321	2409.38321	26.5991287	1	1	1	1
p9016_multiseed_chrpair_m0p5_p4_w10_seed71_noise0p05	same_cross_distance_sum	chr4	chr14	1752.05364	786.867509	786.867509	1752.05364	907.022546	402.201793	402.201793	907.022546	845.03109	384.665716	384.665716	845.03109	0	0	0	1
p9016_multiseed_chrpair_m0p5_p4_w10_seed71_noise0p05	same_cross_distance_sum	chr4	chr15	4517.99285	205.035087	205.035087	4517.99285	2275.46611	101.40357	101.40357	2275.46611	2242.52674	103.631517	103.631517	2242.52674	0	0	0	1
p9016_multiseed_chrpair_m0p5_p4_w10_seed71_noise0p05	same_cross_distance_sum	chr4	chr16	0	8466.41699	8466.41699	0	0	4315.92127	4315.92127	0	0	4150.49571	4150.49571	0	1	1	1	1
p9016_multiseed_chrpair_m0p5_p4_w10_seed71_noise0p05	same_cross_distance_sum	chr4	chr17	6501.50214	49.2426606	49.2426606	6501.50214	3072.56426	28.3965763	28.3965763	3072.56426	3428.93787	20.8460842	20.8460842	3428.93787	0	0	0	1
p9016_multiseed_chrpair_m0p5_p4_w10_seed71_noise0p05	same_cross_distance_sum	chr4	chr18	4945.49716	3.27899034	3.27899034	4945.49716	2385.67722	2.7996716	2.7996716	2385.67722	2559.81994	0.479318739	0.479318739	2559.81994	0	0	0	1
p9016_multiseed_chrpair_m0p5_p4_w10_seed71_noise0p05	same_cross_distance_sum	chr4	chr19	4235.16168	0.189940846	0.189940846	4235.16168	2197.88767	0	0	2197.88767	2037.27401	0.189940846	0.189940846	2037.27401	0	0	0	1
p9016_multiseed_chrpair_m0p5_p4_w10_seed71_noise0p05	same_cross_distance_sum	chr4	chr5	3664.92139	5475.23042	5475.23042	3664.92139	1813.65677	2674.67961	2674.67961	1813.65677	1851.26462	2800.55081	2800.55081	1851.26462	1	1	1	1
p9016_multiseed_chrpair_m0p5_p4_w10_seed71_noise0p05	same_cross_distance_sum	chr4	chr6	125.227819	5362.2687	5362.2687	125.227819	85.1728233	2657.75601	2657.75601	85.1728233	40.0549958	2704.5127	2704.5127	40.0549958	1	1	1	1
p9016_multiseed_chrpair_m0p5_p4_w10_seed71_noise0p05	same_cross_distance_sum	chr4	chr7	0.952947595	13949.7618	13949.7618	0.952947595	0.838991992	6866.6303	6866.6303	0.838991992	0.113955603	7083.13155	7083.13155	0.113955603	1	1	1	1
p9016_multiseed_chrpair_m0p5_p4_w10_seed71_noise0p05	same_cross_distance_sum	chr4	chr8	7015.03194	4.39951962	4.39951962	7015.03194	3516.46975	2.57495783	2.57495783	3516.46975	3498.56219	1.82456179	1.82456179	3498.56219	0	0	0	1
p9016_multiseed_chrpair_m0p5_p4_w10_seed71_noise0p05	same_cross_distance_sum	chr4	chr9	4385.96409	51.7196614	51.7196614	4385.96409	2175.06663	30.7618835	30.7618835	2175.06663	2210.89746	20.9577779	20.9577779	2210.89746	0	0	0	1
p9016_multiseed_chrpair_m0p5_p4_w10_seed71_noise0p05	same_cross_distance_sum	chr4	chrX	15318.0833	1657.73114	1657.73114	15318.0833	7171.97318	819.257487	819.257487	7171.97318	8146.11011	838.473648	838.473648	8146.11011	0	0	0	1
p9016_multiseed_chrpair_m0p5_p4_w10_seed71_noise0p05	same_cross_distance_sum	chr5	chr10	6182.95347	845.94123	845.94123	6182.95347	3105.71713	433.390861	433.390861	3105.71713	3077.23633	412.550369	412.550369	3077.23633	0	0	0	1
p9016_multiseed_chrpair_m0p5_p4_w10_seed71_noise0p05	same_cross_distance_sum	chr5	chr11	5821.40528	664.606553	664.606553	5821.40528	2896.14044	366.958561	366.958561	2896.14044	2925.26484	297.647992	297.647992	2925.26484	0	0	0	1
p9016_multiseed_chrpair_m0p5_p4_w10_seed71_noise0p05	same_cross_distance_sum	chr5	chr12	2232.04431	719.339189	719.339189	2232.04431	1111.14289	364.292076	364.292076	1111.14289	1120.90143	355.047113	355.047113	1120.90143	0	0	0	1
p9016_multiseed_chrpair_m0p5_p4_w10_seed71_noise0p05	same_cross_distance_sum	chr5	chr13	5551.30886	81.1364399	81.1364399	5551.30886	2805.29036	39.8812826	39.8812826	2805.29036	2746.0185	41.2551573	41.2551573	2746.0185	0	0	0	1
p9016_multiseed_chrpair_m0p5_p4_w10_seed71_noise0p05	same_cross_distance_sum	chr5	chr14	0	16193.7006	16193.7006	0	0	8185.40627	8185.40627	0	0	8008.29429	8008.29429	0	1	1	1	1
p9016_multiseed_chrpair_m0p5_p4_w10_seed71_noise0p05	same_cross_distance_sum	chr5	chr15	8594.15629	0	0	8594.15629	4161.36557	0	0	4161.36557	4432.79073	0	0	4432.79073	0	0	0	1
p9016_multiseed_chrpair_m0p5_p4_w10_seed71_noise0p05	same_cross_distance_sum	chr5	chr16	7536.82109	477.174144	477.174144	7536.82109	4018.02216	214.139213	214.139213	4018.02216	3518.79893	263.034932	263.034932	3518.79893	0	0	0	1
p9016_multiseed_chrpair_m0p5_p4_w10_seed71_noise0p05	same_cross_distance_sum	chr5	chr17	4507.96423	1.01323576	1.01323576	4507.96423	2293.86732	0.298635423	0.298635423	2293.86732	2214.09691	0.71460034	0.71460034	2214.09691	0	0	0	1
p9016_multiseed_chrpair_m0p5_p4_w10_seed71_noise0p05	same_cross_distance_sum	chr5	chr18	10340.7914	114.581249	114.581249	10340.7914	4981.48625	59.1421926	59.1421926	4981.48625	5359.30516	55.4390566	55.4390566	5359.30516	0	0	0	1
p9016_multiseed_chrpair_m0p5_p4_w10_seed71_noise0p05	same_cross_distance_sum	chr5	chr19	70.4803053	3833.60108	3833.60108	70.4803053	34.1529395	1942.35325	1942.35325	34.1529395	36.3273658	1891.24783	1891.24783	36.3273658	1	1	1	1
p9016_multiseed_chrpair_m0p5_p4_w10_seed71_noise0p05	same_cross_distance_sum	chr5	chr6	5775.15549	459.920352	459.920352	5775.15549	2958.76155	234.3996	234.3996	2958.76155	2816.39394	225.520752	225.520752	2816.39394	0	0	0	1
p9016_multiseed_chrpair_m0p5_p4_w10_seed71_noise0p05	same_cross_distance_sum	chr5	chr7	6981.53847	0	0	6981.53847	3523.31308	0	0	3523.31308	3458.22539	0	0	3458.22539	0	0	0	1
p9016_multiseed_chrpair_m0p5_p4_w10_seed71_noise0p05	same_cross_distance_sum	chr5	chr8	5599.33617	158.150345	158.150345	5599.33617	2663.26623	72.2559662	72.2559662	2663.26623	2936.06994	85.8943788	85.8943788	2936.06994	0	0	0	1
p9016_multiseed_chrpair_m0p5_p4_w10_seed71_noise0p05	same_cross_distance_sum	chr5	chr9	2740.65915	5987.72215	5987.72215	2740.65915	1699.39882	3039.80227	3039.80227	1699.39882	1041.26034	2947.91989	2947.91989	1041.26034	1	1	1	1
p9016_multiseed_chrpair_m0p5_p4_w10_seed71_noise0p05	same_cross_distance_sum	chr5	chrX	8719.16606	0	0	8719.16606	4614.61558	0	0	4614.61558	4104.55048	0	0	4104.55048	0	0	0	1
p9016_multiseed_chrpair_m0p5_p4_w10_seed71_noise0p05	same_cross_distance_sum	chr6	chr10	13928.4566	1101.53144	1101.53144	13928.4566	7119.16274	487.930313	487.930313	7119.16274	6809.2939	613.601122	613.601122	6809.2939	0	0	0	1
p9016_multiseed_chrpair_m0p5_p4_w10_seed71_noise0p05	same_cross_distance_sum	chr6	chr11	195.826701	9015.10674	9015.10674	195.826701	93.1563576	4449.0789	4449.0789	93.1563576	102.670343	4566.02784	4566.02784	102.670343	1	1	1	1
p9016_multiseed_chrpair_m0p5_p4_w10_seed71_noise0p05	same_cross_distance_sum	chr6	chr12	138.229367	5037.32233	5037.32233	138.229367	73.3327119	2470.99284	2470.99284	73.3327119	64.8966555	2566.32948	2566.32948	64.8966555	1	1	1	1
p9016_multiseed_chrpair_m0p5_p4_w10_seed71_noise0p05	same_cross_distance_sum	chr6	chr13	5997.98896	221.667871	221.667871	5997.98896	2773.24336	105.602435	105.602435	2773.24336	3224.74559	116.065436	116.065436	3224.74559	0	0	0	1
p9016_multiseed_chrpair_m0p5_p4_w10_seed71_noise0p05	same_cross_distance_sum	chr6	chr14	231.307404	16902.9009	16902.9009	231.307404	88.9902973	8650.12523	8650.12523	88.9902973	142.317107	8252.77564	8252.77564	142.317107	1	1	1	1
p9016_multiseed_chrpair_m0p5_p4_w10_seed71_noise0p05	same_cross_distance_sum	chr6	chr15	204.29033	1827.70048	1827.70048	204.29033	99.3758886	903.06569	903.06569	99.3758886	104.914441	924.634793	924.634793	104.914441	1	1	1	1
p9016_multiseed_chrpair_m0p5_p4_w10_seed71_noise0p05	same_cross_distance_sum	chr6	chr16	9147.58672	153.55066	153.55066	9147.58672	4562.3198	69.9468533	69.9468533	4562.3198	4585.26693	83.6038064	83.6038064	4585.26693	0	0	0	1
p9016_multiseed_chrpair_m0p5_p4_w10_seed71_noise0p05	same_cross_distance_sum	chr6	chr17	370.58304	609.668623	609.668623	370.58304	175.069229	306.598401	306.598401	175.069229	195.513811	303.070222	303.070222	195.513811	1	1	1	1
p9016_multiseed_chrpair_m0p5_p4_w10_seed71_noise0p05	same_cross_distance_sum	chr6	chr18	99.9301932	11864.8621	11864.8621	99.9301932	48.1403633	5948.46652	5948.46652	48.1403633	51.78983	5916.39554	5916.39554	51.78983	1	1	1	1
p9016_multiseed_chrpair_m0p5_p4_w10_seed71_noise0p05	same_cross_distance_sum	chr6	chr19	169.937302	7291.35941	7291.35941	169.937302	113.529858	3895.92517	3895.92517	113.529858	56.4074442	3395.43424	3395.43424	56.4074442	1	1	1	1
p9016_multiseed_chrpair_m0p5_p4_w10_seed71_noise0p05	same_cross_distance_sum	chr6	chr7	7083.97203	212.25168	212.25168	7083.97203	3486.2495	122.849749	122.849749	3486.2495	3597.72254	89.4019314	89.4019314	3597.72254	0	0	0	1
p9016_multiseed_chrpair_m0p5_p4_w10_seed71_noise0p05	same_cross_distance_sum	chr6	chr8	94.0236231	5039.82882	5039.82882	94.0236231	52.8410034	2623.25359	2623.25359	52.8410034	41.1826198	2416.57523	2416.57523	41.1826198	1	1	1	1
p9016_multiseed_chrpair_m0p5_p4_w10_seed71_noise0p05	same_cross_distance_sum	chr6	chr9	518.463794	3694.49228	3694.49228	518.463794	283.10654	1938.90933	1938.90933	283.10654	235.357254	1755.58295	1755.58295	235.357254	1	1	1	1
p9016_multiseed_chrpair_m0p5_p4_w10_seed71_noise0p05	same_cross_distance_sum	chr6	chrX	3430.77014	149.710712	149.710712	3430.77014	1683.81481	80.8692884	80.8692884	1683.81481	1746.95533	68.8414238	68.8414238	1746.95533	0	0	0	1
p9016_multiseed_chrpair_m0p5_p4_w10_seed71_noise0p05	same_cross_distance_sum	chr7	chr10	6849.06577	0	0	6849.06577	3488.64384	0	0	3488.64384	3360.42193	0	0	3360.42193	0	0	0	1
p9016_multiseed_chrpair_m0p5_p4_w10_seed71_noise0p05	same_cross_distance_sum	chr7	chr11	0.0750463911	7838.147	7838.147	0.0750463911	0	3919.20598	3919.20598	0	0.0750463911	3918.94102	3918.94102	0.0750463911	1	1	1	1
p9016_multiseed_chrpair_m0p5_p4_w10_seed71_noise0p05	same_cross_distance_sum	chr7	chr12	5930.05288	5120.70363	5120.70363	5930.05288	3086.04447	2601.14111	2601.14111	3086.04447	2844.00841	2519.56252	2519.56252	2844.00841	0	0	0	1
p9016_multiseed_chrpair_m0p5_p4_w10_seed71_noise0p05	same_cross_distance_sum	chr7	chr13	9664.41879	0	0	9664.41879	5048.31802	0	0	5048.31802	4616.10077	0	0	4616.10077	0	0	0	1
p9016_multiseed_chrpair_m0p5_p4_w10_seed71_noise0p05	same_cross_distance_sum	chr7	chr14	0	16272.789	16272.789	0	0	7765.25154	7765.25154	0	0	8507.53745	8507.53745	0	1	1	1	1
p9016_multiseed_chrpair_m0p5_p4_w10_seed71_noise0p05	same_cross_distance_sum	chr7	chr15	6042.78125	0	0	6042.78125	3000.71851	0	0	3000.71851	3042.06274	0	0	3042.06274	0	0	0	1
p9016_multiseed_chrpair_m0p5_p4_w10_seed71_noise0p05	same_cross_distance_sum	chr7	chr16	4810.42834	0	0	4810.42834	2445.1042	0	0	2445.1042	2365.32414	0	0	2365.32414	0	0	0	1
p9016_multiseed_chrpair_m0p5_p4_w10_seed71_noise0p05	same_cross_distance_sum	chr7	chr17	204.553203	1419.45553	1419.45553	204.553203	97.1755596	715.953591	715.953591	97.1755596	107.377644	703.501938	703.501938	107.377644	1	1	1	1
p9016_multiseed_chrpair_m0p5_p4_w10_seed71_noise0p05	same_cross_distance_sum	chr7	chr18	81.1547981	7714.02817	7714.02817	81.1547981	33.9205713	3725.36443	3725.36443	33.9205713	47.2342268	3988.66375	3988.66375	47.2342268	1	1	1	1
p9016_multiseed_chrpair_m0p5_p4_w10_seed71_noise0p05	same_cross_distance_sum	chr7	chr19	0	9724.22477	9724.22477	0	0	5090.89811	5090.89811	0	0	4633.32666	4633.32666	0	1	1	1	1
p9016_multiseed_chrpair_m0p5_p4_w10_seed71_noise0p05	same_cross_distance_sum	chr7	chr8	2332.47205	1171.91501	1171.91501	2332.47205	1234.0609	525.313194	525.313194	1234.0609	1098.41116	646.601814	646.601814	1098.41116	0	0	0	1
p9016_multiseed_chrpair_m0p5_p4_w10_seed71_noise0p05	same_cross_distance_sum	chr7	chr9	14.1224735	3691.14454	3691.14454	14.1224735	9.64729795	1921.7245	1921.7245	9.64729795	4.47517558	1769.42004	1769.42004	4.47517558	1	1	1	1
p9016_multiseed_chrpair_m0p5_p4_w10_seed71_noise0p05	same_cross_distance_sum	chr7	chrX	4213.85332	118.245546	118.245546	4213.85332	2077.39492	59.9740453	59.9740453	2077.39492	2136.4584	58.2715006	58.2715006	2136.4584	0	0	0	1
p9016_multiseed_chrpair_m0p5_p4_w10_seed71_noise0p05	same_cross_distance_sum	chr8	chr10	20.1159069	4284.49362	4284.49362	20.1159069	10.5682445	2095.53519	2095.53519	10.5682445	9.54766246	2188.95843	2188.95843	9.54766246	1	1	1	1
p9016_multiseed_chrpair_m0p5_p4_w10_seed71_noise0p05	same_cross_distance_sum	chr8	chr11	55505.574	0	0	55505.574	29187.324	0	0	29187.324	26318.25	0	0	26318.25	0	0	0	1
p9016_multiseed_chrpair_m0p5_p4_w10_seed71_noise0p05	same_cross_distance_sum	chr8	chr12	7443.07629	0	0	7443.07629	3733.24468	0	0	3733.24468	3709.83161	0	0	3709.83161	0	0	0	1
p9016_multiseed_chrpair_m0p5_p4_w10_seed71_noise0p05	same_cross_distance_sum	chr8	chr13	324.6355	3452.33228	3452.33228	324.6355	162.391439	1700.33096	1700.33096	162.391439	162.244062	1752.00132	1752.00132	162.244062	1	1	1	1
p9016_multiseed_chrpair_m0p5_p4_w10_seed71_noise0p05	same_cross_distance_sum	chr8	chr14	39.3164366	8294.93697	8294.93697	39.3164366	23.2025767	3950.0444	3950.0444	23.2025767	16.1138599	4344.89256	4344.89256	16.1138599	1	1	1	1
p9016_multiseed_chrpair_m0p5_p4_w10_seed71_noise0p05	same_cross_distance_sum	chr8	chr15	21968.1696	0	0	21968.1696	11205.7344	0	0	11205.7344	10762.4352	0	0	10762.4352	0	0	0	1
p9016_multiseed_chrpair_m0p5_p4_w10_seed71_noise0p05	same_cross_distance_sum	chr8	chr16	0	5688.28761	5688.28761	0	0	2925.42769	2925.42769	0	0	2762.85991	2762.85991	0	1	1	1	1
p9016_multiseed_chrpair_m0p5_p4_w10_seed71_noise0p05	same_cross_distance_sum	chr8	chr17	5357.53345	7.97054034	7.97054034	5357.53345	2615.92724	4.04861216	4.04861216	2615.92724	2741.6062	3.92192818	3.92192818	2741.6062	0	0	0	1
p9016_multiseed_chrpair_m0p5_p4_w10_seed71_noise0p05	same_cross_distance_sum	chr8	chr18	6293.02667	0	0	6293.02667	3119.13165	0	0	3119.13165	3173.89501	0	0	3173.89501	0	0	0	1
p9016_multiseed_chrpair_m0p5_p4_w10_seed71_noise0p05	same_cross_distance_sum	chr8	chr19	2693.48414	787.459974	787.459974	2693.48414	1713.57668	329.860921	329.860921	1713.57668	979.907462	457.599053	457.599053	979.907462	0	0	0	1
p9016_multiseed_chrpair_m0p5_p4_w10_seed71_noise0p05	same_cross_distance_sum	chr8	chr9	4357.30048	85.0712714	85.0712714	4357.30048	2094.26228	42.8186678	42.8186678	2094.26228	2263.0382	42.2526036	42.2526036	2263.0382	0	0	0	1
p9016_multiseed_chrpair_m0p5_p4_w10_seed71_noise0p05	same_cross_distance_sum	chr8	chrX	2635.3917	481.726887	481.726887	2635.3917	1283.32154	246.021879	246.021879	1283.32154	1352.07015	235.705008	235.705008	1352.07015	0	0	0	1
p9016_multiseed_chrpair_m0p5_p4_w10_seed71_noise0p05	same_cross_distance_sum	chr9	chr10	334.513363	1674.91119	1674.91119	334.513363	171.862768	901.905986	901.905986	171.862768	162.650595	773.005208	773.005208	162.650595	1	1	1	1
p9016_multiseed_chrpair_m0p5_p4_w10_seed71_noise0p05	same_cross_distance_sum	chr9	chr11	6438.38963	104.797845	104.797845	6438.38963	3188.80428	53.5016985	53.5016985	3188.80428	3249.58536	51.296146	51.296146	3249.58536	0	0	0	1
p9016_multiseed_chrpair_m0p5_p4_w10_seed71_noise0p05	same_cross_distance_sum	chr9	chr12	2425.79188	222.78362	222.78362	2425.79188	1243.50032	110.979609	110.979609	1243.50032	1182.29156	111.804011	111.804011	1182.29156	0	0	0	1
p9016_multiseed_chrpair_m0p5_p4_w10_seed71_noise0p05	same_cross_distance_sum	chr9	chr13	66.8945891	3023.53328	3023.53328	66.8945891	25.5933806	1442.95586	1442.95586	25.5933806	41.3012085	1580.57742	1580.57742	41.3012085	1	1	1	1
p9016_multiseed_chrpair_m0p5_p4_w10_seed71_noise0p05	same_cross_distance_sum	chr9	chr14	971.881623	439.182795	439.182795	971.881623	496.995648	212.491477	212.491477	496.995648	474.885976	226.691317	226.691317	474.885976	0	0	0	1
p9016_multiseed_chrpair_m0p5_p4_w10_seed71_noise0p05	same_cross_distance_sum	chr9	chr15	1228.46646	853.412256	853.412256	1228.46646	621.39643	430.71937	430.71937	621.39643	607.070028	422.692886	422.692886	607.070028	0	0	0	1
p9016_multiseed_chrpair_m0p5_p4_w10_seed71_noise0p05	same_cross_distance_sum	chr9	chr16	84.2035269	9709.89299	9709.89299	84.2035269	28.0691595	4876.2749	4876.2749	28.0691595	56.1343674	4833.61809	4833.61809	56.1343674	1	1	1	1
p9016_multiseed_chrpair_m0p5_p4_w10_seed71_noise0p05	same_cross_distance_sum	chr9	chr17	4397.8169	274.278704	274.278704	4397.8169	2156.64696	141.670827	141.670827	2156.64696	2241.16994	132.607877	132.607877	2241.16994	0	0	0	1
p9016_multiseed_chrpair_m0p5_p4_w10_seed71_noise0p05	same_cross_distance_sum	chr9	chr18	1878.17334	196.80353	196.80353	1878.17334	900.797292	98.5516048	98.5516048	900.797292	977.376043	98.2519248	98.2519248	977.376043	0	0	0	1
p9016_multiseed_chrpair_m0p5_p4_w10_seed71_noise0p05	same_cross_distance_sum	chr9	chr19	1249.59846	68.7326772	68.7326772	1249.59846	591.113585	35.7783658	35.7783658	591.113585	658.484872	32.9543114	32.9543114	658.484872	0	0	0	1
p9016_multiseed_chrpair_m0p5_p4_w10_seed71_noise0p05	same_cross_distance_sum	chr9	chrX	27.3388057	6250.56951	6250.56951	27.3388057	17.2634991	3433.78257	3433.78257	17.2634991	10.0753067	2816.78694	2816.78694	10.0753067	1	1	1	1
